event_id,symbol,base_asset_guess,perp_listing_announcement_ts_utc,perp_listing_effective_ts_utc,effective_ts_source,onboard_date_universe,universe_source,announcement_title,announcement_code,announcement_url,announcement_parse_status,announcement_body_excerpt,delisted_later,delist_ts_utc,delist_source,delist_date_universe,event_day,archive_daily_complete_day,funding_archive_complete_month,data_window_start,data_window_end,nominal_30d_end,delisted_within_30d,matured_30d_window_daily_archive,funding_window_archive_closed,expected_kline_days_full,expected_oi_days_full,expected_funding_months_full,probed_kline_days,probed_oi_days,probed_funding_months,spot_probe_candidates,spot_pre30_expected_days,spot_symbol_used,has_spot_30d_before,spot_30d_found_days,spot_30d_missing_days,spot_near_first_found_day,event_type,event_type_reason,kline_days_found,funding_months_found,oi_days_found,kline_30d_complete,funding_window_complete,oi_30d_complete,data_complete_all,valid_existing_spot_sample,missing_kline_days,missing_funding_months,missing_oi_days,kline_probe_status_counts,funding_probe_status_counts,oi_probe_status_counts,spot_probe_status_counts,first_week_quote_volume_median,first_week_volume_days_found,first_week_volume_status_counts
P0RES018-00001,DUSKUSDT,DUSK,2022-01-06 04:27:45 UTC,2022-01-06 00:00:00 UTC,universe_onboard_date_midnight_proxy,2022-01-06,UNIVERSE_PIT,Binance Futures Will Launch USDT-Margined DUSK Perpetual Contracts with Up to 25X Leverage,b5c82d3590ea4087adeb15f8edcd8e1f,https://www.binance.com/en/support/announcement/b5c82d3590ea4087adeb15f8edcd8e1f,symbol_only_no_effective_ts,Binance Futures Will Launch USDT-Margined DUSK Perpetual Contracts with Up to 25X Leverage,False,,,,2022-01-06,2026-07-19,2026-06,2022-01-06,2022-02-04,2022-02-04,False,True,True,30,30,2,30,30,2,DUSKUSDT,30,DUSKUSDT,True,30,,2022-01-06,existing_spot_then_perp,Binance spot 1h daily archive complete for 30 calendar days before perp listing,29,2,29,False,True,False,False,False,2022-01-06,,2022-01-06,200:29;404:1,200:2,200:29;404:1,200:38,22495534.02150500,6,200:6;curl_exit_56:1
P0RES018-00002,1000BTTCUSDT,1000BTTC,2022-01-25 06:59:45 UTC,2022-01-25 00:00:00 UTC,official_announcement_release_date_midnight_proxy,,official_announcement_only_not_in_local_UNIVERSE_PIT,Binance Futures Will Launch USDT-Margined 1000BTTC Perpetual Contracts with Up to 25X Leverage,93cbeb51eed54bb9a9da8f8b3dfa20a2,https://www.binance.com/en/support/announcement/93cbeb51eed54bb9a9da8f8b3dfa20a2,symbol_only_no_effective_ts,Binance Futures Will Launch USDT-Margined 1000BTTC Perpetual Contracts with Up to 25X Leverage,False,,,,2022-01-25,2026-07-19,2026-06,2022-01-25,2022-02-23,2022-02-23,False,True,True,30,30,2,30,30,2,1000BTTCUSDT;BTTCUSDT,30,BTTCUSDT,False,0,,2022-01-25,simultaneous_spot_perp,"Binance spot archive exists only within/near the pre-listing window, not full 30d",29,2,29,False,True,False,False,False,2022-01-25,,2022-01-25,200:29;404:1,200:2,200:29;404:1,200:8;404:68,6320688.43140650,6,200:6;curl_exit_56:1
P0RES018-00003,FLOWUSDT,FLOW,2022-02-09 07:50:04 UTC,2022-02-09 00:00:00 UTC,universe_onboard_date_midnight_proxy,2022-02-09,UNIVERSE_PIT,Binance Futures Will Launch USDT-Margined FLOW Perpetual Contracts with Up to 25X Leverage,4792aec2fe53444f87734e57bbb3038f,https://www.binance.com/en/support/announcement/4792aec2fe53444f87734e57bbb3038f,symbol_only_no_effective_ts,Binance Futures Will Launch USDT-Margined FLOW Perpetual Contracts with Up to 25X Leverage,False,,,,2022-02-09,2026-07-19,2026-06,2022-02-09,2022-03-10,2022-03-10,False,True,True,30,30,2,30,30,2,FLOWUSDT,30,FLOWUSDT,True,30,,2022-02-09,existing_spot_then_perp,Binance spot 1h daily archive complete for 30 calendar days before perp listing,29,2,29,False,True,False,False,False,2022-02-09,,2022-02-09,200:29;404:1,200:2,200:29;404:1,200:38,14491836.25380000,6,200:6;curl_exit_56:1
P0RES018-00004,IMXUSDT,IMX,2022-02-10 01:14:17 UTC,2022-02-10 00:00:00 UTC,universe_onboard_date_midnight_proxy,2022-02-10,UNIVERSE_PIT,Binance Futures Will Launch USDT-Margined IMX Perpetual Contracts with Up to 25X Leverage,e6de0a1dca5e49bea0b334304535934a,https://www.binance.com/en/support/announcement/e6de0a1dca5e49bea0b334304535934a,symbol_only_no_effective_ts,Binance Futures Will Launch USDT-Margined IMX Perpetual Contracts with Up to 25X Leverage,False,,,,2022-02-10,2026-07-19,2026-06,2022-02-10,2022-03-11,2022-03-11,False,True,True,30,30,2,30,30,2,IMXUSDT,30,IMXUSDT,True,30,,2022-02-10,existing_spot_then_perp,Binance spot 1h daily archive complete for 30 calendar days before perp listing,29,2,29,False,True,False,False,False,2022-02-10,,2022-02-10,200:29;404:1,200:2,200:29;404:1,200:38,14131494.59190000,6,200:6;curl_exit_56:1
P0RES018-00005,API3USDT,API3,2022-02-21 04:28:43 UTC,2022-02-21 00:00:00 UTC,universe_onboard_date_midnight_proxy,2022-02-21,UNIVERSE_PIT,Binance Futures Will Launch USDT-Margined API3 Perpetual Contracts with Up to 25X Leverage,3e091344eaaa4632bbdc1e5ded1237e1,https://www.binance.com/en/support/announcement/3e091344eaaa4632bbdc1e5ded1237e1,symbol_only_no_effective_ts,Binance Futures Will Launch USDT-Margined API3 Perpetual Contracts with Up to 25X Leverage,False,,,,2022-02-21,2026-07-19,2026-06,2022-02-21,2022-03-22,2022-03-22,False,True,True,30,30,2,30,30,2,API3USDT,30,API3USDT,True,30,,2022-02-21,existing_spot_then_perp,Binance spot 1h daily archive complete for 30 calendar days before perp listing,29,2,29,False,True,False,False,False,2022-02-21,,2022-02-21,200:29;404:1,200:2,200:29;404:1,200:38,168226194.94854999,6,200:6;curl_exit_56:1
P0RES018-00006,ANCUSDT,ANC,2022-03-07 05:55:41 UTC,2022-03-07 00:00:00 UTC,official_announcement_release_date_midnight_proxy,,official_announcement_only_not_in_local_UNIVERSE_PIT,Binance Futures Will Launch USDT-Margined ANC Perpetual Contracts with Up to 25X Leverage,8b6376b0ce804eb79017f35cb2eb9ac1,https://www.binance.com/en/support/announcement/8b6376b0ce804eb79017f35cb2eb9ac1,symbol_only_no_effective_ts,Binance Futures Will Launch USDT-Margined ANC Perpetual Contracts with Up to 25X Leverage,False,,,,2022-03-07,2026-07-19,2026-06,2022-03-07,2022-04-05,2022-04-05,False,True,True,30,30,2,30,30,2,ANCUSDT,30,ANCUSDT,True,30,,2022-03-07,existing_spot_then_perp,Binance spot 1h daily archive complete for 30 calendar days before perp listing,29,2,29,False,True,False,False,False,2022-03-07,,2022-03-07,200:29;404:1,200:2,200:29;404:1,200:38,36611021.84809999,6,200:6;curl_exit_56:1
P0RES018-00007,GMTUSDT,GMT,2022-03-14 04:10:05 UTC,2022-03-14 00:00:00 UTC,universe_onboard_date_midnight_proxy,2022-03-14,UNIVERSE_PIT,Binance Futures Will Launch USDT-Margined GMT Perpetual Contracts with Up to 25X Leverage,b76223a20c604f718b1e124d1d049d0d,https://www.binance.com/en/support/announcement/b76223a20c604f718b1e124d1d049d0d,symbol_only_no_effective_ts,Binance Futures Will Launch USDT-Margined GMT Perpetual Contracts with Up to 25X Leverage,False,,,,2022-03-14,2026-07-19,2026-06,2022-03-14,2022-04-12,2022-04-12,False,True,True,30,30,2,30,30,2,GMTUSDT,30,GMTUSDT,False,5,2022-02-12;2022-02-13;2022-02-14;2022-02-15;2022-02-16;2022-02-17;2022-02-18;2022-02-19;2022-02-20;2022-02-21;2022-02-22;2022-02-23;2022-02-24;2022-02-25;2022-02-26;2022-02-27;2022-02-28;2022-03-01;2022-03-02;2022-03-03;2022-03-04;2022-03-05;2022-03-06;2022-03-07;2022-03-08,2022-03-14,simultaneous_spot_perp,"Binance spot archive exists only within/near the pre-listing window, not full 30d",29,2,29,False,True,False,False,False,2022-03-14,,2022-03-14,200:29;404:1,200:2,200:29;404:1,200:13;404:25,1231502472.18675518,6,200:6;curl_exit_56:1
P0RES018-00008,APEUSDT,APE,2022-03-17 08:20:04 UTC,2022-03-17 00:00:00 UTC,universe_onboard_date_midnight_proxy,2022-03-17,UNIVERSE_PIT,Binance Futures Will Launch USDT-Margined APE Perpetual Contracts with Up to 25X Leverage,bb98f3f2625143fc9d5d98c3aae55b1a,https://www.binance.com/en/support/announcement/bb98f3f2625143fc9d5d98c3aae55b1a,symbol_only_no_effective_ts,Binance Futures Will Launch USDT-Margined APE Perpetual Contracts with Up to 25X Leverage,False,,,,2022-03-17,2026-07-19,2026-06,2022-03-17,2022-04-15,2022-04-15,False,True,True,30,30,2,30,30,2,APEUSDT,30,APEUSDT,False,0,,2022-03-17,simultaneous_spot_perp,"Binance spot archive exists only within/near the pre-listing window, not full 30d",30,2,30,True,True,True,True,False,,,,200:30,200:2,200:30,200:8;404:30,1696289122.08899999,7,200:7
P0RES018-00009,WOOUSDT,WOO,2022-04-07 04:01:02 UTC,2022-04-07 00:00:00 UTC,universe_onboard_date_midnight_proxy,2022-04-07,UNIVERSE_PIT,Binance Futures Will Launch USDT-Margined WOO Perpetual Contracts with Up to 25X Leverage,986ab98c6628449facdf21ae8dbd2356,https://www.binance.com/en/support/announcement/986ab98c6628449facdf21ae8dbd2356,symbol_only_no_effective_ts,Binance Futures Will Launch USDT-Margined WOO Perpetual Contracts with Up to 25X Leverage,False,,,,2022-04-07,2026-07-19,2026-06,2022-04-07,2022-05-06,2022-05-06,False,True,True,30,30,2,30,30,2,WOOUSDT,30,WOOUSDT,True,30,,2022-04-07,existing_spot_then_perp,Binance spot 1h daily archive complete for 30 calendar days before perp listing,29,2,29,False,True,False,False,False,2022-04-07,,2022-04-07,200:29;404:1,200:2,200:29;404:1,200:38,52924645.00573500,6,200:6;curl_exit_56:1
P0RES018-00010,FTTUSDT,FTT,2022-04-12 02:00:02 UTC,2022-04-14 03:30:00 UTC,official_announcement_body,2022-04-14,UNIVERSE_PIT,Binance Futures Will Launch Coin-Margined KNC Perpetual Contracts and USDT-Margined FTT Perpetual Contracts,fa0b406da31f45deac32f95dcf400621,https://www.binance.com/en/support/announcement/fa0b406da31f45deac32f95dcf400621,ok,"Binance Futures Will Launch Coin-Margined KNC Perpetual Contracts and USDT-Margined FTT Perpetual Contracts Fellow Binancians, Binance Futures will launch coin-margined KNC perpetual contracts at 2022-04-14 03:30 AM (UTC) and USDT-margined FTT perpetual contracts at 2022-04-15 03:30 AM (UTC) . Please note: KNC perpetual contracts are coin-margined futures contracts that use KNC as collateral. Users will be able to select between 1-20x leverage. FTT perpetual contracts are USDT-margined futures c",True,2022-11-14 00:00:00 UTC,UNIVERSE_PIT_delist_date_midnight_proxy,2022-11-14,2022-04-14,2026-07-19,2026-06,2022-04-14,2022-05-13,2022-05-13,False,True,True,30,30,2,30,30,2,FTTUSDT,30,FTTUSDT,True,30,,2022-04-14,existing_spot_then_perp,Binance spot 1h daily archive complete for 30 calendar days before perp listing,29,2,29,False,True,False,False,False,2022-04-14,,2022-04-14,200:29;404:1,200:2,200:29;404:1,200:38,19665581.82805000,6,200:6;curl_exit_56:1
P0RES018-00011,JASMYUSDT,JASMY,2022-04-19 03:00:01 UTC,2022-04-20 03:30:00 UTC,official_announcement_body,2022-04-19,UNIVERSE_PIT,Binance Futures Will Launch USDT-Margined JASMY Perpetual Contracts and Coin-Margined XMR Perpetual Contracts,e2086878df7041069aa3653501235e68,https://www.binance.com/en/support/announcement/e2086878df7041069aa3653501235e68,ok,"Binance Futures Will Launch USDT-Margined JASMY Perpetual Contracts and Coin-Margined XMR Perpetual Contracts Fellow Binancians, Binance Futures will launch USDT-margined JASMY perpetual contracts at 2022-04-20 03:30 AM (UTC) and coin-margined XMR perpetual contracts at 2022-04-21 03:30 AM (UTC) . Please note: JASMY perpetual contracts are USDT-margined futures contracts that use USDT as collateral. Users will be able to select between 1-25x leverage. XMR perpetual contracts are coin-margined fu",False,,,,2022-04-20,2026-07-19,2026-06,2022-04-20,2022-05-19,2022-05-19,False,True,True,30,30,2,30,30,2,JASMYUSDT,30,JASMYUSDT,True,30,,2022-04-19,existing_spot_then_perp,Binance spot 1h daily archive complete for 30 calendar days before perp listing,29,2,29,False,True,False,False,False,2022-04-19,,2022-04-19,200:29;404:1,200:2,200:29;404:1,200:38,420956099.48857999,6,200:6;curl_exit_56:1
P0RES018-00012,DARUSDT,DAR,2022-04-28 10:55:35 UTC,2022-04-28 00:00:00 UTC,universe_onboard_date_midnight_proxy,2022-04-28,UNIVERSE_PIT,Binance Futures Will Launch USDT-Margined DAR Perpetual Contracts with Up to 25X Leverage,a9b63a16b820474cb372f4cba557cf82,https://www.binance.com/en/support/announcement/a9b63a16b820474cb372f4cba557cf82,symbol_only_no_effective_ts,Binance Futures Will Launch USDT-Margined DAR Perpetual Contracts with Up to 25X Leverage,True,2024-12-26 00:00:00 UTC,UNIVERSE_PIT_delist_date_midnight_proxy,2024-12-26,2022-04-28,2026-07-19,2026-06,2022-04-28,2022-05-27,2022-05-27,False,True,True,30,30,2,30,30,2,DARUSDT,30,DARUSDT,True,30,,2022-04-28,existing_spot_then_perp,Binance spot 1h daily archive complete for 30 calendar days before perp listing,29,2,29,False,True,False,False,False,2022-04-28,,2022-04-28,200:29;404:1,200:2,200:29;404:1,200:38,429299090.65994996,6,200:6;curl_exit_56:1
P0RES018-00013,GALUSDT,GAL,2022-05-05 06:00:35 UTC,2022-05-05 00:00:00 UTC,official_announcement_release_date_midnight_proxy,,official_announcement_only_not_in_local_UNIVERSE_PIT,Binance Futures Will Launch USDT-Margined GAL Perpetual Contracts with Up to 25X Leverage,ee776592d1714f4cb6a53db72350ac63,https://www.binance.com/en/support/announcement/ee776592d1714f4cb6a53db72350ac63,symbol_only_no_effective_ts,Binance Futures Will Launch USDT-Margined GAL Perpetual Contracts with Up to 25X Leverage,False,,,,2022-05-05,2026-07-19,2026-06,2022-05-05,2022-06-03,2022-06-03,False,True,True,30,30,2,30,30,2,GALUSDT,30,GALUSDT,False,0,,2022-05-05,simultaneous_spot_perp,"Binance spot archive exists only within/near the pre-listing window, not full 30d",30,2,30,True,True,True,True,False,,,,200:30,200:2,200:30,200:8;404:30,722161237.47469985,7,200:7
P0RES018-00014,OPUSDT,OP,2022-06-01 03:00:02 UTC,2022-06-01 00:00:00 UTC,universe_onboard_date_midnight_proxy,2022-06-01,UNIVERSE_PIT,Binance Futures Will Launch USDT-Margined OP Perpetual Contracts with Up to 25x Leverage,ce9176af28a148d4993972a1caeffda0,https://www.binance.com/en/support/announcement/ce9176af28a148d4993972a1caeffda0,symbol_only_no_effective_ts,Binance Futures Will Launch USDT-Margined OP Perpetual Contracts with Up to 25x Leverage,False,,,,2022-06-01,2026-07-19,2026-06,2022-06-01,2022-06-30,2022-06-30,False,True,True,30,30,1,30,30,1,OPUSDT,30,OPUSDT,False,0,,2022-06-01,simultaneous_spot_perp,"Binance spot archive exists only within/near the pre-listing window, not full 30d",30,1,30,True,True,True,True,False,,,,200:30,200:1,200:30,200:8;404:30,447362080.59088999,7,200:7
P0RES018-00015,INJUSDT,INJ,2022-08-16 06:45:11 UTC,2022-08-16 00:00:00 UTC,universe_onboard_date_midnight_proxy,2022-08-16,UNIVERSE_PIT,Binance Futures Will Launch USDT-Margined INJ Perpetual Contracts with Up to 25X Leverage,c562f0d46b0e404c89d9eb8e56a70a2c,https://www.binance.com/en/support/announcement/c562f0d46b0e404c89d9eb8e56a70a2c,symbol_only_no_effective_ts,Binance Futures Will Launch USDT-Margined INJ Perpetual Contracts with Up to 25X Leverage,False,,,,2022-08-16,2026-07-19,2026-06,2022-08-16,2022-09-14,2022-09-14,False,True,True,30,30,2,30,30,2,INJUSDT,30,INJUSDT,True,30,,2022-08-16,existing_spot_then_perp,Binance spot 1h daily archive complete for 30 calendar days before perp listing,29,2,29,False,True,False,False,False,2022-08-16,,2022-08-16,200:29;404:1,200:2,200:29;404:1,200:38,31165086.70190000,6,200:6;curl_exit_56:1
P0RES018-00016,STGUSDT,STG,2022-08-25 04:20:02 UTC,2022-08-24 00:00:00 UTC,universe_onboard_date_midnight_proxy,2022-08-24,UNIVERSE_PIT,Binance Futures Will Launch USDT-Margined STG Perpetual Contracts with Up to 25X Leverage,6d14423aa0034ae992c49f8b7340570b,https://www.binance.com/en/support/announcement/6d14423aa0034ae992c49f8b7340570b,symbol_only_no_effective_ts,Binance Futures Will Launch USDT-Margined STG Perpetual Contracts with Up to 25X Leverage,False,,,,2022-08-24,2026-07-19,2026-06,2022-08-24,2022-09-22,2022-09-22,False,True,True,30,30,2,30,30,2,STGUSDT,30,STGUSDT,False,5,2022-07-25;2022-07-26;2022-07-27;2022-07-28;2022-07-29;2022-07-30;2022-07-31;2022-08-01;2022-08-02;2022-08-03;2022-08-04;2022-08-05;2022-08-06;2022-08-07;2022-08-08;2022-08-09;2022-08-10;2022-08-11;2022-08-12;2022-08-13;2022-08-14;2022-08-15;2022-08-16;2022-08-17;2022-08-18,2022-08-24,simultaneous_spot_perp,"Binance spot archive exists only within/near the pre-listing window, not full 30d",29,2,29,False,True,False,False,False,2022-08-24,,2022-08-24,200:29;404:1,200:2,200:29;404:1,200:13;404:25,280273295.14300001,6,200:6;curl_exit_56:1
P0RES018-00017,SPELLUSDT,SPELL,,2022-09-05 00:00:00 UTC,universe_onboard_date_midnight_proxy,2022-09-05,UNIVERSE_PIT,,,,not_matched_to_official_announcement,,False,,,,2022-09-05,2026-07-19,2026-06,2022-09-05,2022-10-04,2022-10-04,False,True,True,30,30,2,30,30,2,SPELLUSDT,30,SPELLUSDT,True,30,,2022-09-05,existing_spot_then_perp,Binance spot 1h daily archive complete for 30 calendar days before perp listing,29,2,29,False,True,False,False,False,2022-09-05,,2022-09-05,200:29;404:1,200:2,200:29;404:1,200:38,21053450.87636800,6,200:6;curl_exit_56:1
P0RES018-00018,1000LUNCUSDT,1000LUNC,,2022-09-08 00:00:00 UTC,universe_onboard_date_midnight_proxy,2022-09-08,UNIVERSE_PIT,,,,not_matched_to_official_announcement,,False,,,,2022-09-08,2026-07-19,2026-06,2022-09-08,2022-10-07,2022-10-07,False,True,True,30,30,2,30,30,2,1000LUNCUSDT;LUNCUSDT,30,LUNCUSDT,False,0,,2022-09-09,simultaneous_spot_perp,"Binance spot archive exists only within/near the pre-listing window, not full 30d",29,2,29,False,True,False,False,False,2022-09-08,,2022-09-08,200:29;404:1,200:2,200:29;404:1,200:7;404:69,378608403.87975001,6,200:6;curl_exit_56:1
P0RES018-00019,LUNA2USDT,LUNA2,,2022-09-09 00:00:00 UTC,universe_onboard_date_midnight_proxy,2022-09-09,UNIVERSE_PIT,,,,not_matched_to_official_announcement,,False,,,,2022-09-09,2026-07-19,2026-06,2022-09-09,2022-10-08,2022-10-08,False,True,True,30,30,2,30,30,2,LUNA2USDT,30,,False,0,,,zero_base_new_asset,No Binance spot archive found in pre30 or near-listing probe window,29,2,29,False,True,False,False,False,2022-09-09,,2022-09-09,200:29;404:1,200:2,200:29;404:1,404:38,844121345.05839992,6,200:6;curl_exit_56:1
P0RES018-00020,LDOUSDT,LDO,,2022-09-21 00:00:00 UTC,universe_onboard_date_midnight_proxy,2022-09-21,UNIVERSE_PIT,,,,not_matched_to_official_announcement,,False,,,,2022-09-21,2026-07-19,2026-06,2022-09-21,2022-10-20,2022-10-20,False,True,True,30,30,2,30,30,2,LDOUSDT,30,LDOUSDT,True,30,,2022-09-21,existing_spot_then_perp,Binance spot 1h daily archive complete for 30 calendar days before perp listing,29,2,29,False,True,False,False,False,2022-09-21,,2022-09-21,200:29;404:1,200:2,200:29;404:1,200:38,7800153.39450000,6,200:6;curl_exit_56:1
P0RES018-00021,APTUSDT,APT,,2022-10-18 00:00:00 UTC,universe_onboard_date_midnight_proxy,2022-10-18,UNIVERSE_PIT,,,,not_matched_to_official_announcement,,False,,,,2022-10-18,2026-07-19,2026-06,2022-10-18,2022-11-16,2022-11-16,False,True,True,30,30,2,30,30,2,APTUSDT,30,APTUSDT,False,0,,2022-10-19,simultaneous_spot_perp,"Binance spot archive exists only within/near the pre-listing window, not full 30d",29,2,29,False,True,False,False,False,2022-10-18,,2022-10-18,200:29;404:1,200:2,200:29;404:1,200:7;404:31,2045535401.23939991,6,200:6;curl_exit_56:1
P0RES018-00022,QNTUSDT,QNT,,2022-10-18 00:00:00 UTC,universe_onboard_date_midnight_proxy,2022-10-18,UNIVERSE_PIT,,,,not_matched_to_official_announcement,,False,,,,2022-10-18,2026-07-19,2026-06,2022-10-18,2022-11-16,2022-11-16,False,True,True,30,30,2,30,30,2,QNTUSDT,30,QNTUSDT,True,30,,2022-10-18,existing_spot_then_perp,Binance spot 1h daily archive complete for 30 calendar days before perp listing,28,2,28,False,True,False,False,False,2022-10-18;2022-10-19,,2022-10-18;2022-10-19,200:28;404:2,200:2,200:28;404:2,200:38,40836632.17299999,5,200:5;curl_exit_56:2
P0RES018-00023,FETUSDT,FET,,2023-01-15 00:00:00 UTC,universe_onboard_date_midnight_proxy,2023-01-15,UNIVERSE_PIT,,,,not_matched_to_official_announcement,,False,,,,2023-01-15,2026-07-19,2026-06,2023-01-15,2023-02-13,2023-02-13,False,True,True,30,30,2,30,30,2,FETUSDT,30,FETUSDT,True,30,,2023-01-15,existing_spot_then_perp,Binance spot 1h daily archive complete for 30 calendar days before perp listing,28,2,28,False,True,False,False,False,2023-01-15;2023-01-16,,2023-01-15;2023-01-16,200:28;404:2,200:2,200:28;404:2,200:38,88897164.07769999,5,200:5;curl_exit_56:2
P0RES018-00024,FXSUSDT,FXS,,2023-01-19 00:00:00 UTC,universe_onboard_date_midnight_proxy,2023-01-19,UNIVERSE_PIT,,,,not_matched_to_official_announcement,,True,2026-01-06 00:00:00 UTC,UNIVERSE_PIT_delist_date_midnight_proxy,2026-01-06,2023-01-19,2026-07-19,2026-06,2023-01-19,2023-02-17,2023-02-17,False,True,True,30,30,2,30,30,2,FXSUSDT,30,FXSUSDT,True,30,,2023-01-19,existing_spot_then_perp,Binance spot 1h daily archive complete for 30 calendar days before perp listing,29,2,29,False,True,False,False,False,2023-01-19,,2023-01-19,200:29;404:1,200:2,200:29;404:1,200:38,23873066.34540000,6,200:6;curl_exit_56:1
P0RES018-00025,HOOKUSDT,HOOK,,2023-01-19 00:00:00 UTC,universe_onboard_date_midnight_proxy,2023-01-19,UNIVERSE_PIT,,,,not_matched_to_official_announcement,,True,2026-03-24 00:00:00 UTC,UNIVERSE_PIT_delist_date_midnight_proxy,2026-03-24,2023-01-19,2026-07-19,2026-06,2023-01-19,2023-02-17,2023-02-17,False,True,True,30,30,2,30,30,2,HOOKUSDT,30,HOOKUSDT,True,30,,2023-01-19,existing_spot_then_perp,Binance spot 1h daily archive complete for 30 calendar days before perp listing,26,2,26,False,True,False,False,False,2023-01-19;2023-01-20;2023-01-21;2023-01-22,,2023-01-19;2023-01-20;2023-01-21;2023-01-22,200:26;404:4,200:2,200:26;404:4,200:38,274716208.83489996,3,200:3;curl_exit_56:4
P0RES018-00026,MAGICUSDT,MAGIC,,2023-01-23 00:00:00 UTC,universe_onboard_date_midnight_proxy,2023-01-23,UNIVERSE_PIT,,,,not_matched_to_official_announcement,,False,,,,2023-01-23,2026-07-19,2026-06,2023-01-23,2023-02-21,2023-02-21,False,True,True,30,30,2,30,30,2,MAGICUSDT,30,MAGICUSDT,True,30,,2023-01-23,existing_spot_then_perp,Binance spot 1h daily archive complete for 30 calendar days before perp listing,28,2,28,False,True,False,False,False,2023-01-23;2023-01-24,,2023-01-23;2023-01-24,200:28;404:2,200:2,200:28;404:2,200:38,205398343.52484006,5,200:5;curl_exit_56:2
P0RES018-00027,TUSDT,T,,2023-01-31 00:00:00 UTC,universe_onboard_date_midnight_proxy,2023-01-31,UNIVERSE_PIT,,,,not_matched_to_official_announcement,,False,,,,2023-01-31,2026-07-19,2026-06,2023-01-31,2023-03-01,2023-03-01,False,True,True,30,30,3,30,30,3,TUSDT,30,TUSDT,True,30,,2023-01-31,existing_spot_then_perp,Binance spot 1h daily archive complete for 30 calendar days before perp listing,29,2,29,False,False,False,False,False,2023-01-31,2023-01,2023-01-31,200:29;404:1,200:2;404:1,200:29;404:1,200:38,19301000.12160500,6,200:6;curl_exit_56:1
P0RES018-00028,HIGHUSDT,HIGH,,2023-02-03 00:00:00 UTC,universe_onboard_date_midnight_proxy,2023-02-03,UNIVERSE_PIT,,,,not_matched_to_official_announcement,,True,2026-06-11 00:00:00 UTC,UNIVERSE_PIT_delist_date_midnight_proxy,2026-06-11,2023-02-03,2026-07-19,2026-06,2023-02-03,2023-03-04,2023-03-04,False,True,True,30,30,2,30,30,2,HIGHUSDT,30,HIGHUSDT,True,30,,2023-02-03,existing_spot_then_perp,Binance spot 1h daily archive complete for 30 calendar days before perp listing,26,2,26,False,True,False,False,False,2023-02-03;2023-02-04;2023-02-05;2023-02-06,,2023-02-03;2023-02-04;2023-02-05;2023-02-06,200:26;404:4,200:2,200:26;404:4,200:38,73183006.58570001,3,200:3;curl_exit_56:4
P0RES018-00029,MINAUSDT,MINA,,2023-02-03 00:00:00 UTC,universe_onboard_date_midnight_proxy,2023-02-03,UNIVERSE_PIT,,,,not_matched_to_official_announcement,,False,,,,2023-02-03,2026-07-19,2026-06,2023-02-03,2023-03-04,2023-03-04,False,True,True,30,30,2,30,30,2,MINAUSDT,30,MINAUSDT,True,30,,2023-02-03,existing_spot_then_perp,Binance spot 1h daily archive complete for 30 calendar days before perp listing,27,2,27,False,True,False,False,False,2023-02-03;2023-02-04;2023-02-05,,2023-02-03;2023-02-04;2023-02-05,200:27;404:3,200:2,200:27;404:3,200:38,20768088.36030000,4,200:4;curl_exit_56:3
P0RES018-00030,ASTRUSDT,ASTR,,2023-02-13 00:00:00 UTC,universe_onboard_date_midnight_proxy,2023-02-13,UNIVERSE_PIT,,,,not_matched_to_official_announcement,,False,,,,2023-02-13,2026-07-19,2026-06,2023-02-13,2023-03-14,2023-03-14,False,True,True,30,30,2,30,30,2,ASTRUSDT,30,ASTRUSDT,True,30,,2023-02-13,existing_spot_then_perp,Binance spot 1h daily archive complete for 30 calendar days before perp listing,29,2,29,False,True,False,False,False,2023-02-13,,2023-02-13,200:29;404:1,200:2,200:29;404:1,200:38,86769581.61309999,6,200:6;curl_exit_56:1
P0RES018-00031,AGIXUSDT,AGIX,,2023-02-15 00:00:00 UTC,universe_onboard_date_midnight_proxy,2023-02-15,UNIVERSE_PIT,,,,not_matched_to_official_announcement,,True,2024-06-25 00:00:00 UTC,UNIVERSE_PIT_delist_date_midnight_proxy,2024-06-25,2023-02-15,2026-07-19,2026-06,2023-02-15,2023-03-16,2023-03-16,False,True,True,30,30,2,30,30,2,AGIXUSDT,30,AGIXUSDT,False,0,,2023-02-17,simultaneous_spot_perp,"Binance spot archive exists only within/near the pre-listing window, not full 30d",29,2,29,False,True,False,False,False,2023-02-15,,2023-02-15,200:29;404:1,200:2,200:29;404:1,200:6;404:32,33263681.16290000,6,200:6;curl_exit_56:1
P0RES018-00032,PHBUSDT,PHB,,2023-02-15 00:00:00 UTC,universe_onboard_date_midnight_proxy,2023-02-15,UNIVERSE_PIT,,,,not_matched_to_official_announcement,,True,2026-05-19 00:00:00 UTC,UNIVERSE_PIT_delist_date_midnight_proxy,2026-05-19,2023-02-15,2026-07-19,2026-06,2023-02-15,2023-03-16,2023-03-16,False,True,True,30,30,2,30,30,2,PHBUSDT,30,PHBUSDT,True,30,,2023-02-15,existing_spot_then_perp,Binance spot 1h daily archive complete for 30 calendar days before perp listing,29,2,29,False,True,False,False,False,2023-02-15,,2023-02-15,200:29;404:1,200:2,200:29;404:1,200:38,50327918.95050000,6,200:6;curl_exit_56:1
P0RES018-00033,GMXUSDT,GMX,,2023-02-16 00:00:00 UTC,universe_onboard_date_midnight_proxy,2023-02-16,UNIVERSE_PIT,,,,not_matched_to_official_announcement,,False,,,,2023-02-16,2026-07-19,2026-06,2023-02-16,2023-03-17,2023-03-17,False,True,True,30,30,2,30,30,2,GMXUSDT,30,GMXUSDT,True,30,,2023-02-16,existing_spot_then_perp,Binance spot 1h daily archive complete for 30 calendar days before perp listing,29,2,29,False,True,False,False,False,2023-02-16,,2023-02-16,200:29;404:1,200:2,200:29;404:1,200:38,14194899.00085000,6,200:6;curl_exit_56:1
P0RES018-00034,CFXUSDT,CFX,,2023-02-19 00:00:00 UTC,universe_onboard_date_midnight_proxy,2023-02-19,UNIVERSE_PIT,,,,not_matched_to_official_announcement,,False,,,,2023-02-19,2026-07-19,2026-06,2023-02-19,2023-03-20,2023-03-20,False,True,True,30,30,2,30,30,2,CFXUSDT,30,CFXUSDT,True,30,,2023-02-19,existing_spot_then_perp,Binance spot 1h daily archive complete for 30 calendar days before perp listing,29,2,29,False,True,False,False,False,2023-02-19,,2023-02-19,200:29;404:1,200:2,200:29;404:1,200:38,310543725.57245004,6,200:6;curl_exit_56:1
P0RES018-00035,STXUSDT,STX,,2023-02-20 00:00:00 UTC,universe_onboard_date_midnight_proxy,2023-02-20,UNIVERSE_PIT,,,,not_matched_to_official_announcement,,False,,,,2023-02-20,2026-07-19,2026-06,2023-02-20,2023-03-21,2023-03-21,False,True,True,30,30,2,30,30,2,STXUSDT,30,STXUSDT,True,30,,2023-02-20,existing_spot_then_perp,Binance spot 1h daily archive complete for 30 calendar days before perp listing,29,2,29,False,True,False,False,False,2023-02-20,,2023-02-20,200:29;404:1,200:2,200:29;404:1,200:38,216583728.97705004,6,200:6;curl_exit_56:1
P0RES018-00036,ACHUSDT,ACH,,2023-02-21 00:00:00 UTC,universe_onboard_date_midnight_proxy,2023-02-21,UNIVERSE_PIT,,,,not_matched_to_official_announcement,,False,,,,2023-02-21,2026-07-19,2026-06,2023-02-21,2023-03-22,2023-03-22,False,True,True,30,30,2,30,30,2,ACHUSDT,30,ACHUSDT,True,30,,2023-02-21,existing_spot_then_perp,Binance spot 1h daily archive complete for 30 calendar days before perp listing,29,2,29,False,True,False,False,False,2023-02-21,,2023-02-21,200:29;404:1,200:2,200:29;404:1,200:38,89151434.53499001,6,200:6;curl_exit_56:1
P0RES018-00037,BNXUSDT,BNX,,2023-02-22 00:00:00 UTC,universe_onboard_date_midnight_proxy,2023-02-22,UNIVERSE_PIT,,,,not_matched_to_official_announcement,,True,2025-03-17 00:00:00 UTC,UNIVERSE_PIT_delist_date_midnight_proxy,2025-03-17,2023-02-22,2026-07-19,2026-06,2023-02-22,2023-03-23,2023-03-23,False,True,True,30,30,2,30,30,2,BNXUSDT,30,BNXUSDT,False,25,2023-02-17;2023-02-18;2023-02-19;2023-02-20;2023-02-21,2023-02-22,simultaneous_spot_perp,"Binance spot archive exists only within/near the pre-listing window, not full 30d",30,2,30,True,True,True,True,False,,,,200:30,200:2,200:30,200:33;404:5,230767803.55030000,7,200:7
P0RES018-00038,SSVUSDT,SSV,,2023-02-23 00:00:00 UTC,universe_onboard_date_midnight_proxy,2023-02-23,UNIVERSE_PIT,,,,not_matched_to_official_announcement,,False,,,,2023-02-23,2026-07-19,2026-06,2023-02-23,2023-03-24,2023-03-24,False,True,True,30,30,2,30,30,2,SSVUSDT,30,SSVUSDT,False,0,,2023-02-24,simultaneous_spot_perp,"Binance spot archive exists only within/near the pre-listing window, not full 30d",29,2,29,False,True,False,False,False,2023-02-23,,2023-02-23,200:29;404:1,200:2,200:29;404:1,200:7;404:31,102263295.85849999,6,200:6;curl_exit_56:1
P0RES018-00039,CKBUSDT,CKB,,2023-02-27 00:00:00 UTC,universe_onboard_date_midnight_proxy,2023-02-27,UNIVERSE_PIT,,,,not_matched_to_official_announcement,,False,,,,2023-02-27,2026-07-19,2026-06,2023-02-27,2023-03-28,2023-03-28,False,True,True,30,30,2,30,30,2,CKBUSDT,30,CKBUSDT,True,30,,2023-02-27,existing_spot_then_perp,Binance spot 1h daily archive complete for 30 calendar days before perp listing,29,2,29,False,True,False,False,False,2023-02-27,,2023-02-27,200:29;404:1,200:2,200:29;404:1,200:38,10382804.25555700,6,200:6;curl_exit_56:1
P0RES018-00040,PERPUSDT,PERP,,2023-03-05 00:00:00 UTC,universe_onboard_date_midnight_proxy,2023-03-05,UNIVERSE_PIT,,,,not_matched_to_official_announcement,,True,2025-11-21 09:00:00 UTC,p0res010_delist_inventory,2025-11-21,2023-03-05,2026-07-19,2026-06,2023-03-05,2023-04-03,2023-04-03,False,True,True,30,30,2,30,30,2,PERPUSDT,30,PERPUSDT,True,30,,2023-03-05,existing_spot_then_perp,Binance spot 1h daily archive complete for 30 calendar days before perp listing,29,2,29,False,True,False,False,False,2023-03-05,,2023-03-05,200:29;404:1,200:2,200:29;404:1,200:38,13056386.08396500,6,200:6;curl_exit_56:1
P0RES018-00041,TRUUSDT,TRU,,2023-03-06 00:00:00 UTC,universe_onboard_date_midnight_proxy,2023-03-06,UNIVERSE_PIT,,,,not_matched_to_official_announcement,,True,2026-04-21 00:00:00 UTC,UNIVERSE_PIT_delist_date_midnight_proxy,2026-04-21,2023-03-06,2026-07-19,2026-06,2023-03-06,2023-04-04,2023-04-04,False,True,True,30,30,2,30,30,2,TRUUSDT,30,TRUUSDT,True,30,,2023-03-06,existing_spot_then_perp,Binance spot 1h daily archive complete for 30 calendar days before perp listing,29,2,29,False,True,False,False,False,2023-03-06,,2023-03-06,200:29;404:1,200:2,200:29;404:1,200:38,121107962.53075498,6,200:6;curl_exit_56:1
P0RES018-00042,LQTYUSDT,LQTY,,2023-03-08 00:00:00 UTC,universe_onboard_date_midnight_proxy,2023-03-08,UNIVERSE_PIT,,,,not_matched_to_official_announcement,,False,,,,2023-03-08,2026-07-19,2026-06,2023-03-08,2023-04-06,2023-04-06,False,True,True,30,30,2,30,30,2,LQTYUSDT,30,LQTYUSDT,False,8,2023-02-06;2023-02-07;2023-02-08;2023-02-09;2023-02-10;2023-02-11;2023-02-12;2023-02-13;2023-02-14;2023-02-15;2023-02-16;2023-02-17;2023-02-18;2023-02-19;2023-02-20;2023-02-21;2023-02-22;2023-02-23;2023-02-24;2023-02-25;2023-02-26;2023-02-27,2023-03-08,simultaneous_spot_perp,"Binance spot archive exists only within/near the pre-listing window, not full 30d",28,2,28,False,True,False,False,False,2023-03-08;2023-03-09,,2023-03-08;2023-03-09,200:28;404:2,200:2,200:28;404:2,200:16;404:22,481967199.19906992,5,200:5;curl_exit_56:2
P0RES018-00043,USDCUSDT,USDC,,2023-03-12 00:00:00 UTC,universe_onboard_date_midnight_proxy,2023-03-12,UNIVERSE_PIT,,,,not_matched_to_official_announcement,,False,,,,2023-03-12,2026-07-19,2026-06,2023-03-12,2023-04-10,2023-04-10,False,True,True,30,30,2,30,30,2,USDCUSDT,30,USDCUSDT,False,1,2023-02-10;2023-02-11;2023-02-12;2023-02-13;2023-02-14;2023-02-15;2023-02-16;2023-02-17;2023-02-18;2023-02-19;2023-02-20;2023-02-21;2023-02-22;2023-02-23;2023-02-24;2023-02-25;2023-02-26;2023-02-27;2023-02-28;2023-03-01;2023-03-02;2023-03-03;2023-03-04;2023-03-05;2023-03-06;2023-03-07;2023-03-08;2023-03-09;2023-03-10,2023-03-12,simultaneous_spot_perp,"Binance spot archive exists only within/near the pre-listing window, not full 30d",30,2,30,True,True,True,True,False,,,,200:30,200:2,200:30,200:9;404:29,67660031.45575999,7,200:7
P0RES018-00044,ARBUSDT,ARB,,2023-03-23 00:00:00 UTC,universe_onboard_date_midnight_proxy,2023-03-23,UNIVERSE_PIT,,,,not_matched_to_official_announcement,,False,,,,2023-03-23,2026-07-19,2026-06,2023-03-23,2023-04-21,2023-04-21,False,True,True,30,30,2,30,30,2,ARBUSDT,30,ARBUSDT,False,0,,2023-03-23,simultaneous_spot_perp,"Binance spot archive exists only within/near the pre-listing window, not full 30d",30,2,30,True,True,True,True,False,,,,200:30,200:2,200:30,200:8;404:30,1315905648.54274011,7,200:7
P0RES018-00045,IDUSDT,ID,,2023-03-23 00:00:00 UTC,universe_onboard_date_midnight_proxy,2023-03-23,UNIVERSE_PIT,,,,not_matched_to_official_announcement,,False,,,,2023-03-23,2026-07-19,2026-06,2023-03-23,2023-04-21,2023-04-21,False,True,True,30,30,2,30,30,2,IDUSDT,30,IDUSDT,False,1,2023-02-21;2023-02-22;2023-02-23;2023-02-24;2023-02-25;2023-02-26;2023-02-27;2023-02-28;2023-03-01;2023-03-02;2023-03-03;2023-03-04;2023-03-05;2023-03-06;2023-03-07;2023-03-08;2023-03-09;2023-03-10;2023-03-11;2023-03-12;2023-03-13;2023-03-14;2023-03-15;2023-03-16;2023-03-17;2023-03-18;2023-03-19;2023-03-20;2023-03-21,2023-03-23,simultaneous_spot_perp,"Binance spot archive exists only within/near the pre-listing window, not full 30d",30,2,30,True,True,True,True,False,,,,200:30,200:2,200:30,200:9;404:29,197691884.77189997,7,200:7
P0RES018-00046,JOEUSDT,JOE,,2023-03-28 00:00:00 UTC,universe_onboard_date_midnight_proxy,2023-03-28,UNIVERSE_PIT,,,,not_matched_to_official_announcement,,False,,,,2023-03-28,2026-07-19,2026-06,2023-03-28,2023-04-26,2023-04-26,False,True,True,30,30,2,30,30,2,JOEUSDT,30,JOEUSDT,True,30,,2023-03-28,existing_spot_then_perp,Binance spot 1h daily archive complete for 30 calendar days before perp listing,29,2,29,False,True,False,False,False,2023-03-28,,2023-03-28,200:29;404:1,200:2,200:29;404:1,200:38,45769454.85399999,6,200:6;curl_exit_56:1
P0RES018-00047,AMBUSDT,AMB,2023-03-29 11:00:03 UTC,2023-03-29 00:00:00 UTC,universe_onboard_date_midnight_proxy,2023-03-29,UNIVERSE_PIT,"Binance Futures Will Launch USDT-Margined AMB, LEVER and TLM Perpetual Contracts with Up to 20X Leverage",bd18df283ead40d09fd60c8eab984e41,https://www.binance.com/en/support/announcement/bd18df283ead40d09fd60c8eab984e41,symbol_only_no_effective_ts,"Binance Futures Will Launch USDT-Margined AMB, LEVER and TLM Perpetual Contracts with Up to 20X Leverage",True,2025-02-21 00:00:00 UTC,UNIVERSE_PIT_delist_date_midnight_proxy,2025-02-21,2023-03-29,2026-07-19,2026-06,2023-03-29,2023-04-27,2023-04-27,False,True,True,30,30,2,30,30,2,AMBUSDT,30,AMBUSDT,False,26,2023-02-27;2023-02-28;2023-03-01;2023-03-02,2023-03-29,simultaneous_spot_perp,"Binance spot archive exists only within/near the pre-listing window, not full 30d",29,2,29,False,True,False,False,False,2023-03-29,,2023-03-29,200:29;404:1,200:2,200:29;404:1,200:34;404:4,7135655.03576500,6,200:6;curl_exit_56:1
P0RES018-00048,LEVERUSDT,LEVER,2023-03-29 11:00:03 UTC,2023-03-29 00:00:00 UTC,universe_onboard_date_midnight_proxy,2023-03-29,UNIVERSE_PIT,"Binance Futures Will Launch USDT-Margined AMB, LEVER and TLM Perpetual Contracts with Up to 20X Leverage",bd18df283ead40d09fd60c8eab984e41,https://www.binance.com/en/support/announcement/bd18df283ead40d09fd60c8eab984e41,symbol_only_no_effective_ts,"Binance Futures Will Launch USDT-Margined AMB, LEVER and TLM Perpetual Contracts with Up to 20X Leverage",True,2025-09-03 00:00:00 UTC,UNIVERSE_PIT_delist_date_midnight_proxy,2025-09-03,2023-03-29,2026-07-19,2026-06,2023-03-29,2023-04-27,2023-04-27,False,True,True,30,30,2,30,30,2,LEVERUSDT,30,LEVERUSDT,True,30,,2023-03-29,existing_spot_then_perp,Binance spot 1h daily archive complete for 30 calendar days before perp listing,29,2,29,False,True,False,False,False,2023-03-29,,2023-03-29,200:29;404:1,200:2,200:29;404:1,200:38,5467736.12031150,6,200:6;curl_exit_56:1
P0RES018-00049,TLMUSDT,TLM,2023-03-29 11:00:03 UTC,2023-03-29 00:00:00 UTC,universe_onboard_date_midnight_proxy,2023-03-29,UNIVERSE_PIT,"Binance Futures Will Launch USDT-Margined AMB, LEVER and TLM Perpetual Contracts with Up to 20X Leverage",bd18df283ead40d09fd60c8eab984e41,https://www.binance.com/en/support/announcement/bd18df283ead40d09fd60c8eab984e41,symbol_only_no_effective_ts,"Binance Futures Will Launch USDT-Margined AMB, LEVER and TLM Perpetual Contracts with Up to 20X Leverage",False,,,,2023-03-29,2026-07-19,2026-06,2023-03-29,2023-04-27,2023-04-27,False,True,True,30,30,2,30,30,2,TLMUSDT,30,TLMUSDT,True,30,,2023-03-29,existing_spot_then_perp,Binance spot 1h daily archive complete for 30 calendar days before perp listing,30,2,29,True,True,False,False,False,,,2023-03-29,200:30,200:2,200:29;404:1,200:38,4493263.17231000,7,200:7
P0RES018-00050,RDNTUSDT,RDNT,,2023-04-04 00:00:00 UTC,universe_onboard_date_midnight_proxy,2023-04-04,UNIVERSE_PIT,,,,not_matched_to_official_announcement,,True,2026-03-24 00:00:00 UTC,UNIVERSE_PIT_delist_date_midnight_proxy,2026-03-24,2023-04-04,2026-07-19,2026-06,2023-04-04,2023-05-03,2023-05-03,False,True,True,30,30,2,30,30,2,RDNTUSDT,30,RDNTUSDT,False,5,2023-03-05;2023-03-06;2023-03-07;2023-03-08;2023-03-09;2023-03-10;2023-03-11;2023-03-12;2023-03-13;2023-03-14;2023-03-15;2023-03-16;2023-03-17;2023-03-18;2023-03-19;2023-03-20;2023-03-21;2023-03-22;2023-03-23;2023-03-24;2023-03-25;2023-03-26;2023-03-27;2023-03-28;2023-03-29,2023-04-04,simultaneous_spot_perp,"Binance spot archive exists only within/near the pre-listing window, not full 30d",29,2,29,False,True,False,False,False,2023-04-04,,2023-04-04,200:29;404:1,200:2,200:29;404:1,200:13;404:25,16972763.03225000,6,200:6;curl_exit_56:1
P0RES018-00051,HFTUSDT,HFT,,2023-04-05 00:00:00 UTC,universe_onboard_date_midnight_proxy,2023-04-05,UNIVERSE_PIT,,,,not_matched_to_official_announcement,,False,,,,2023-04-05,2026-07-19,2026-06,2023-04-05,2023-05-04,2023-05-04,False,True,True,30,30,2,30,30,2,HFTUSDT,30,HFTUSDT,True,30,,2023-04-05,existing_spot_then_perp,Binance spot 1h daily archive complete for 30 calendar days before perp listing,29,2,29,False,True,False,False,False,2023-04-05,,2023-04-05,200:29;404:1,200:2,200:29;404:1,200:38,11686509.27020000,6,200:6;curl_exit_56:1
P0RES018-00052,XVSUSDT,XVS,,2023-04-12 00:00:00 UTC,universe_onboard_date_midnight_proxy,2023-04-12,UNIVERSE_PIT,,,,not_matched_to_official_announcement,,False,,,,2023-04-12,2026-07-19,2026-06,2023-04-12,2023-05-11,2023-05-11,False,True,True,30,30,2,30,30,2,XVSUSDT,30,XVSUSDT,True,30,,2023-04-12,existing_spot_then_perp,Binance spot 1h daily archive complete for 30 calendar days before perp listing,29,2,29,False,True,False,False,False,2023-04-12,,2023-04-12,200:29;404:1,200:2,200:29;404:1,200:38,19558466.07725000,6,200:6;curl_exit_56:1
P0RES018-00053,BLURUSDT,BLUR,,2023-04-27 00:00:00 UTC,universe_onboard_date_midnight_proxy,2023-04-27,UNIVERSE_PIT,,,,not_matched_to_official_announcement,,False,,,,2023-04-27,2026-07-19,2026-06,2023-04-27,2023-05-26,2023-05-26,False,True,True,30,30,2,30,30,2,BLURUSDT,30,,False,0,,,zero_base_new_asset,No Binance spot archive found in pre30 or near-listing probe window,29,2,29,False,True,False,False,False,2023-04-27,,2023-04-27,200:29;404:1,200:2,200:29;404:1,404:38,49655596.67299999,6,200:6;curl_exit_56:1
P0RES018-00054,EDUUSDT,EDU,,2023-04-28 00:00:00 UTC,universe_onboard_date_midnight_proxy,2023-04-28,UNIVERSE_PIT,,,,not_matched_to_official_announcement,,False,,,,2023-04-28,2026-07-19,2026-06,2023-04-28,2023-05-27,2023-05-27,False,True,True,30,30,2,30,30,2,EDUUSDT,30,EDUUSDT,False,0,,2023-04-28,simultaneous_spot_perp,"Binance spot archive exists only within/near the pre-listing window, not full 30d",28,2,28,False,True,False,False,False,2023-04-28;2023-04-29,,2023-04-28;2023-04-29,200:28;404:2,200:2,200:28;404:2,200:8;404:30,213274988.25190005,5,200:5;curl_exit_56:2
P0RES018-00055,IDEXUSDT,IDEX,,2023-05-02 00:00:00 UTC,universe_onboard_date_midnight_proxy,2023-05-02,UNIVERSE_PIT,,,,not_matched_to_official_announcement,,True,2024-05-15 09:00:00 UTC,p0res010_delist_inventory,2024-05-15,2023-05-02,2026-07-19,2026-06,2023-05-02,2023-05-31,2023-05-31,False,True,True,30,30,1,30,30,1,IDEXUSDT,30,IDEXUSDT,True,30,,2023-05-02,existing_spot_then_perp,Binance spot 1h daily archive complete for 30 calendar days before perp listing,29,1,29,False,True,False,False,False,2023-05-02,,2023-05-02,200:29;404:1,200:1,200:29;404:1,200:38,46840780.25505500,6,200:6;curl_exit_56:1
P0RES018-00056,SUIUSDT,SUI,,2023-05-03 00:00:00 UTC,universe_onboard_date_midnight_proxy,2023-05-03,UNIVERSE_PIT,,,,not_matched_to_official_announcement,,False,,,,2023-05-03,2026-07-19,2026-06,2023-05-03,2023-06-01,2023-06-01,False,True,True,30,30,2,30,30,2,SUIUSDT,30,SUIUSDT,False,0,,2023-05-03,simultaneous_spot_perp,"Binance spot archive exists only within/near the pre-listing window, not full 30d",30,2,30,True,True,True,True,False,,,,200:30,200:2,200:30,200:8;404:30,547441089.98853004,7,200:7
P0RES018-00057,1000PEPEUSDT,1000PEPE,,2023-05-05 00:00:00 UTC,universe_onboard_date_midnight_proxy,2023-05-05,UNIVERSE_PIT,,,,not_matched_to_official_announcement,,False,,,,2023-05-05,2026-07-19,2026-06,2023-05-05,2023-06-03,2023-06-03,False,True,True,30,30,2,30,30,2,1000PEPEUSDT;PEPEUSDT,30,PEPEUSDT,False,0,,2023-05-05,simultaneous_spot_perp,"Binance spot archive exists only within/near the pre-listing window, not full 30d",30,2,30,True,True,True,True,False,,,,200:30,200:2,200:30,200:8;404:68,1646468985.71376610,7,200:7
P0RES018-00058,1000FLOKIUSDT,1000FLOKI,,2023-05-06 00:00:00 UTC,universe_onboard_date_midnight_proxy,2023-05-06,UNIVERSE_PIT,,,,not_matched_to_official_announcement,,False,,,,2023-05-06,2026-07-19,2026-06,2023-05-06,2023-06-04,2023-06-04,False,True,True,30,30,2,30,30,2,1000FLOKIUSDT;FLOKIUSDT,30,FLOKIUSDT,False,1,2023-04-06;2023-04-07;2023-04-08;2023-04-09;2023-04-10;2023-04-11;2023-04-12;2023-04-13;2023-04-14;2023-04-15;2023-04-16;2023-04-17;2023-04-18;2023-04-19;2023-04-20;2023-04-21;2023-04-22;2023-04-23;2023-04-24;2023-04-25;2023-04-26;2023-04-27;2023-04-28;2023-04-29;2023-04-30;2023-05-01;2023-05-02;2023-05-03;2023-05-04,2023-05-06,simultaneous_spot_perp,"Binance spot archive exists only within/near the pre-listing window, not full 30d",30,2,30,True,True,True,True,False,,,,200:30,200:2,200:30,200:9;404:67,38821925.11722001,7,200:7
P0RES018-00059,RADUSDT,RAD,,2023-05-09 00:00:00 UTC,universe_onboard_date_midnight_proxy,2023-05-09,UNIVERSE_PIT,,,,not_matched_to_official_announcement,,True,2024-05-14 09:00:00 UTC,p0res010_delist_inventory,2024-05-14,2023-05-09,2026-07-19,2026-06,2023-05-09,2023-06-07,2023-06-07,False,True,True,30,30,2,30,30,2,RADUSDT,30,RADUSDT,True,30,,2023-05-09,existing_spot_then_perp,Binance spot 1h daily archive complete for 30 calendar days before perp listing,29,2,29,False,True,False,False,False,2023-05-09,,2023-05-09,200:29;404:1,200:2,200:29;404:1,200:38,18749976.79400000,6,200:6;curl_exit_56:1
P0RES018-00060,UMAUSDT,UMA,,2023-05-09 00:00:00 UTC,universe_onboard_date_midnight_proxy,2023-05-09,UNIVERSE_PIT,,,,not_matched_to_official_announcement,,False,,,,2023-05-09,2026-07-19,2026-06,2023-05-09,2023-06-07,2023-06-07,False,True,True,30,30,2,30,30,2,UMAUSDT,30,UMAUSDT,True,30,,2023-05-09,existing_spot_then_perp,Binance spot 1h daily archive complete for 30 calendar days before perp listing,29,2,29,False,True,False,False,False,2023-05-09,,2023-05-09,200:29;404:1,200:2,200:29;404:1,200:38,8830465.07850000,6,200:6;curl_exit_56:1
P0RES018-00061,KEYUSDT,KEY,,2023-05-23 00:00:00 UTC,universe_onboard_date_midnight_proxy,2023-05-23,UNIVERSE_PIT,,,,not_matched_to_official_announcement,,True,2024-12-03 00:00:00 UTC,UNIVERSE_PIT_delist_date_midnight_proxy,2024-12-03,2023-05-23,2026-07-19,2026-06,2023-05-23,2023-06-21,2023-06-21,False,True,True,30,30,2,30,30,2,KEYUSDT,30,KEYUSDT,True,30,,2023-05-23,existing_spot_then_perp,Binance spot 1h daily archive complete for 30 calendar days before perp listing,29,2,29,False,True,False,False,False,2023-05-23,,2023-05-23,200:29;404:1,200:2,200:29;404:1,200:38,33190733.67311450,6,200:6;curl_exit_56:1
P0RES018-00062,COMBOUSDT,COMBO,,2023-06-02 00:00:00 UTC,universe_onboard_date_midnight_proxy,2023-06-02,UNIVERSE_PIT,,,,not_matched_to_official_announcement,,True,2025-03-27 00:00:00 UTC,UNIVERSE_PIT_delist_date_midnight_proxy,2025-03-27,2023-06-02,2026-07-19,2026-06,2023-06-02,2023-07-01,2023-07-01,False,True,True,30,30,2,30,30,2,COMBOUSDT,30,COMBOUSDT,False,0,,2023-06-02,simultaneous_spot_perp,"Binance spot archive exists only within/near the pre-listing window, not full 30d",30,2,30,True,True,True,True,False,,,,200:30,200:2,200:30,200:8;404:30,52546134.54346000,7,200:7
P0RES018-00063,NMRUSDT,NMR,,2023-06-22 00:00:00 UTC,universe_onboard_date_midnight_proxy,2023-06-22,UNIVERSE_PIT,,,,not_matched_to_official_announcement,,False,,,,2023-06-22,2026-07-19,2026-06,2023-06-22,2023-07-21,2023-07-21,False,True,True,30,30,2,30,30,2,NMRUSDT,30,NMRUSDT,True,30,,2023-06-22,existing_spot_then_perp,Binance spot 1h daily archive complete for 30 calendar days before perp listing,30,2,30,True,True,True,True,True,,,,200:30,200:2,200:30,200:38,3640806.04900000,7,200:7
P0RES018-00064,MAVUSDT,MAV,,2023-06-29 00:00:00 UTC,universe_onboard_date_midnight_proxy,2023-06-29,UNIVERSE_PIT,,,,not_matched_to_official_announcement,,False,,,,2023-06-29,2026-07-19,2026-06,2023-06-29,2023-07-28,2023-07-28,False,True,True,30,30,2,30,30,2,MAVUSDT,30,MAVUSDT,False,1,2023-05-30;2023-05-31;2023-06-01;2023-06-02;2023-06-03;2023-06-04;2023-06-05;2023-06-06;2023-06-07;2023-06-08;2023-06-09;2023-06-10;2023-06-11;2023-06-12;2023-06-13;2023-06-14;2023-06-15;2023-06-16;2023-06-17;2023-06-18;2023-06-19;2023-06-20;2023-06-21;2023-06-22;2023-06-23;2023-06-24;2023-06-25;2023-06-26;2023-06-27,2023-06-29,simultaneous_spot_perp,"Binance spot archive exists only within/near the pre-listing window, not full 30d",30,2,30,True,True,True,True,False,,,,200:30,200:2,200:30,200:9;404:29,85491851.28500001,7,200:7
P0RES018-00065,MDTUSDT,MDT,,2023-06-30 00:00:00 UTC,universe_onboard_date_midnight_proxy,2023-06-30,UNIVERSE_PIT,,,,not_matched_to_official_announcement,,True,2024-05-16 09:00:00 UTC,p0res010_delist_inventory,2024-05-16,2023-06-30,2026-07-19,2026-06,2023-06-30,2023-07-29,2023-07-29,False,True,True,30,30,2,30,30,2,MDTUSDT,30,MDTUSDT,True,30,,2023-06-30,existing_spot_then_perp,Binance spot 1h daily archive complete for 30 calendar days before perp listing,30,2,30,True,True,True,True,True,,,,200:30,200:2,200:30,200:38,42672994.78856999,7,200:7
P0RES018-00066,XVGUSDT,XVG,,2023-07-05 00:00:00 UTC,universe_onboard_date_midnight_proxy,2023-07-05,UNIVERSE_PIT,,,,not_matched_to_official_announcement,,False,,,,2023-07-05,2026-07-19,2026-06,2023-07-05,2023-08-03,2023-08-03,False,True,True,30,30,2,30,30,2,XVGUSDT,30,XVGUSDT,True,30,,2023-07-05,existing_spot_then_perp,Binance spot 1h daily archive complete for 30 calendar days before perp listing,30,2,30,True,True,True,True,True,,,,200:30,200:2,200:30,200:38,419851999.00500000,7,200:7
P0RES018-00067,WLDUSDT,WLD,,2023-07-24 00:00:00 UTC,universe_onboard_date_midnight_proxy,2023-07-24,UNIVERSE_PIT,,,,not_matched_to_official_announcement,,False,,,,2023-07-24,2026-07-19,2026-06,2023-07-24,2023-08-22,2023-08-22,False,True,True,30,30,2,30,30,2,WLDUSDT,30,WLDUSDT,False,0,,2023-07-24,simultaneous_spot_perp,"Binance spot archive exists only within/near the pre-listing window, not full 30d",30,2,30,True,True,True,True,False,,,,200:30,200:2,200:30,200:8;404:30,367943425.55899996,7,200:7
P0RES018-00068,ARKMUSDT,ARKM,,2023-07-28 00:00:00 UTC,universe_onboard_date_midnight_proxy,2023-07-28,UNIVERSE_PIT,,,,not_matched_to_official_announcement,,False,,,,2023-07-28,2026-07-19,2026-06,2023-07-28,2023-08-26,2023-08-26,False,True,True,30,30,2,30,30,2,ARKMUSDT,30,ARKMUSDT,False,10,2023-06-28;2023-06-29;2023-06-30;2023-07-01;2023-07-02;2023-07-03;2023-07-04;2023-07-05;2023-07-06;2023-07-07;2023-07-08;2023-07-09;2023-07-10;2023-07-11;2023-07-12;2023-07-13;2023-07-14;2023-07-15;2023-07-16;2023-07-17,2023-07-28,simultaneous_spot_perp,"Binance spot archive exists only within/near the pre-listing window, not full 30d",30,2,30,True,True,True,True,False,,,,200:30,200:2,200:30,200:18;404:20,19155757.31080000,7,200:7
P0RES018-00069,PENDLEUSDT,PENDLE,,2023-07-28 00:00:00 UTC,universe_onboard_date_midnight_proxy,2023-07-28,UNIVERSE_PIT,,,,not_matched_to_official_announcement,,False,,,,2023-07-28,2026-07-19,2026-06,2023-07-28,2023-08-26,2023-08-26,False,True,True,30,30,2,30,30,2,PENDLEUSDT,30,PENDLEUSDT,False,25,2023-06-28;2023-06-29;2023-06-30;2023-07-01;2023-07-02,2023-07-28,simultaneous_spot_perp,"Binance spot archive exists only within/near the pre-listing window, not full 30d",30,2,30,True,True,True,True,False,,,,200:30,200:2,200:30,200:33;404:5,11963643.93220000,7,200:7
P0RES018-00070,AGLDUSDT,AGLD,,2023-07-29 00:00:00 UTC,universe_onboard_date_midnight_proxy,2023-07-29,UNIVERSE_PIT,,,,not_matched_to_official_announcement,,False,,,,2023-07-29,2026-07-19,2026-06,2023-07-29,2023-08-27,2023-08-27,False,True,True,30,30,2,30,30,2,AGLDUSDT,30,AGLDUSDT,True,30,,2023-07-29,existing_spot_then_perp,Binance spot 1h daily archive complete for 30 calendar days before perp listing,30,2,30,True,True,True,True,True,,,,200:30,200:2,200:30,200:38,14017396.24940000,7,200:7
P0RES018-00071,YGGUSDT,YGG,,2023-08-05 00:00:00 UTC,universe_onboard_date_midnight_proxy,2023-08-05,UNIVERSE_PIT,,,,not_matched_to_official_announcement,,False,,,,2023-08-05,2026-07-19,2026-06,2023-08-05,2023-09-03,2023-09-03,False,True,True,30,30,2,30,30,2,YGGUSDT,30,YGGUSDT,True,30,,2023-08-05,existing_spot_then_perp,Binance spot 1h daily archive complete for 30 calendar days before perp listing,30,2,30,True,True,True,True,True,,,,200:30,200:2,200:30,200:38,347262343.08120006,7,200:7
P0RES018-00072,DODOXUSDT,DODOX,,2023-08-08 00:00:00 UTC,universe_onboard_date_midnight_proxy,2023-08-08,UNIVERSE_PIT,,,,not_matched_to_official_announcement,,False,,,,2023-08-08,2026-07-19,2026-06,2023-08-08,2023-09-06,2023-09-06,False,True,True,30,30,2,30,30,2,DODOXUSDT,30,,False,0,,,zero_base_new_asset,No Binance spot archive found in pre30 or near-listing probe window,30,2,30,True,True,True,True,False,,,,200:30,200:2,200:30,404:38,51152180.96540000,7,200:7
P0RES018-00073,BNTUSDT,BNT,,2023-08-10 00:00:00 UTC,universe_onboard_date_midnight_proxy,2023-08-10,UNIVERSE_PIT,,,,not_matched_to_official_announcement,,False,,,,2023-08-10,2026-07-19,2026-06,2023-08-10,2023-09-08,2023-09-08,False,True,True,30,30,2,30,30,2,BNTUSDT,30,BNTUSDT,True,30,,2023-08-10,existing_spot_then_perp,Binance spot 1h daily archive complete for 30 calendar days before perp listing,30,2,30,True,True,True,True,True,,,,200:30,200:2,200:30,200:38,41044841.74659999,7,200:7
P0RES018-00074,OXTUSDT,OXT,,2023-08-11 00:00:00 UTC,universe_onboard_date_midnight_proxy,2023-08-11,UNIVERSE_PIT,,,,not_matched_to_official_announcement,,True,2026-04-15 00:00:00 UTC,UNIVERSE_PIT_delist_date_midnight_proxy,2026-04-15,2023-08-11,2026-07-19,2026-06,2023-08-11,2023-09-09,2023-09-09,False,True,True,30,30,2,30,30,2,OXTUSDT,30,OXTUSDT,True,30,,2023-08-11,existing_spot_then_perp,Binance spot 1h daily archive complete for 30 calendar days before perp listing,30,2,30,True,True,True,True,True,,,,200:30,200:2,200:30,200:38,20880260.77294000,7,200:7
P0RES018-00075,SEIUSDT,SEI,,2023-08-17 00:00:00 UTC,universe_onboard_date_midnight_proxy,2023-08-17,UNIVERSE_PIT,,,,not_matched_to_official_announcement,,False,,,,2023-08-17,2026-07-19,2026-06,2023-08-17,2023-09-15,2023-09-15,False,True,True,30,30,2,30,30,2,SEIUSDT,30,SEIUSDT,False,2,2023-07-18;2023-07-19;2023-07-20;2023-07-21;2023-07-22;2023-07-23;2023-07-24;2023-07-25;2023-07-26;2023-07-27;2023-07-28;2023-07-29;2023-07-30;2023-07-31;2023-08-01;2023-08-02;2023-08-03;2023-08-04;2023-08-05;2023-08-06;2023-08-07;2023-08-08;2023-08-09;2023-08-10;2023-08-11;2023-08-12;2023-08-13;2023-08-14,2023-08-17,simultaneous_spot_perp,"Binance spot archive exists only within/near the pre-listing window, not full 30d",30,2,30,True,True,True,True,False,,,,200:30,200:2,200:30,200:10;404:28,76963153.50889999,7,200:7
P0RES018-00076,CYBERUSDT,CYBER,,2023-08-21 00:00:00 UTC,universe_onboard_date_midnight_proxy,2023-08-21,UNIVERSE_PIT,,,,not_matched_to_official_announcement,,False,,,,2023-08-21,2026-07-19,2026-06,2023-08-21,2023-09-19,2023-09-19,False,True,True,30,30,2,30,30,2,CYBERUSDT,30,CYBERUSDT,False,6,2023-07-22;2023-07-23;2023-07-24;2023-07-25;2023-07-26;2023-07-27;2023-07-28;2023-07-29;2023-07-30;2023-07-31;2023-08-01;2023-08-02;2023-08-03;2023-08-04;2023-08-05;2023-08-06;2023-08-07;2023-08-08;2023-08-09;2023-08-10;2023-08-11;2023-08-12;2023-08-13;2023-08-14,2023-08-21,simultaneous_spot_perp,"Binance spot archive exists only within/near the pre-listing window, not full 30d",30,2,30,True,True,True,True,False,,,,200:30,200:2,200:30,200:14;404:24,112482449.99930002,7,200:7
P0RES018-00077,HIFIUSDT,HIFI,,2023-09-16 00:00:00 UTC,universe_onboard_date_midnight_proxy,2023-09-16,UNIVERSE_PIT,,,,not_matched_to_official_announcement,,True,2025-10-03 00:00:00 UTC,UNIVERSE_PIT_delist_date_midnight_proxy,2025-10-03,2023-09-16,2026-07-19,2026-06,2023-09-16,2023-10-15,2023-10-15,False,True,True,30,30,2,30,30,2,HIFIUSDT,30,HIFIUSDT,True,30,,2023-09-16,existing_spot_then_perp,Binance spot 1h daily archive complete for 30 calendar days before perp listing,30,2,30,True,True,True,True,True,,,,200:30,200:2,200:30,200:38,248022038.35579997,7,200:7
P0RES018-00078,ARKUSDT,ARK,,2023-09-19 00:00:00 UTC,universe_onboard_date_midnight_proxy,2023-09-19,UNIVERSE_PIT,,,,not_matched_to_official_announcement,,False,,,,2023-09-19,2026-07-19,2026-06,2023-09-19,2023-10-18,2023-10-18,False,True,True,30,30,2,30,30,2,ARKUSDT,30,ARKUSDT,False,0,,2023-09-22,simultaneous_spot_perp,"Binance spot archive exists only within/near the pre-listing window, not full 30d",30,2,30,True,True,True,True,False,,,,200:30,200:2,200:30,200:5;404:33,111994378.52030000,7,200:7
P0RES018-00079,GLMRUSDT,GLMR,,2023-09-26 00:00:00 UTC,universe_onboard_date_midnight_proxy,2023-09-26,UNIVERSE_PIT,,,,not_matched_to_official_announcement,,True,2024-05-15 09:00:00 UTC,p0res010_delist_inventory,2024-05-15,2023-09-26,2026-07-19,2026-06,2023-09-26,2023-10-25,2023-10-25,False,True,True,30,30,2,30,30,2,GLMRUSDT,30,GLMRUSDT,True,30,,2023-09-26,existing_spot_then_perp,Binance spot 1h daily archive complete for 30 calendar days before perp listing,30,2,30,True,True,True,True,True,,,,200:30,200:2,200:30,200:38,32516431.33639999,7,200:7
P0RES018-00080,BICOUSDT,BICO,,2023-09-28 00:00:00 UTC,universe_onboard_date_midnight_proxy,2023-09-28,UNIVERSE_PIT,,,,not_matched_to_official_announcement,,False,,,,2023-09-28,2026-07-19,2026-06,2023-09-28,2023-10-27,2023-10-27,False,True,True,30,30,2,30,30,2,BICOUSDT,30,BICOUSDT,True,30,,2023-09-28,existing_spot_then_perp,Binance spot 1h daily archive complete for 30 calendar days before perp listing,30,2,30,True,True,True,True,True,,,,200:30,200:2,200:30,200:38,12078266.67420000,7,200:7
P0RES018-00081,LOOMUSDT,LOOM,,2023-10-11 00:00:00 UTC,universe_onboard_date_midnight_proxy,2023-10-11,UNIVERSE_PIT,,,,not_matched_to_official_announcement,,True,2024-12-09 09:00:00 UTC,p0res010_delist_inventory,2024-12-09,2023-10-11,2026-07-19,2026-06,2023-10-11,2023-11-09,2023-11-09,False,True,True,30,30,2,30,30,2,LOOMUSDT,30,LOOMUSDT,True,30,,2023-10-11,existing_spot_then_perp,Binance spot 1h daily archive complete for 30 calendar days before perp listing,30,2,30,True,True,True,True,True,,,,200:30,200:2,200:30,200:38,1445674335.14440012,7,200:7
P0RES018-00082,STRAXUSDT,STRAX,,2023-10-11 00:00:00 UTC,universe_onboard_date_midnight_proxy,2023-10-11,UNIVERSE_PIT,,,,not_matched_to_official_announcement,,True,2024-03-15 00:00:00 UTC,UNIVERSE_PIT_delist_date_midnight_proxy,2024-03-15,2023-10-11,2026-07-19,2026-06,2023-10-11,2023-11-09,2023-11-09,False,True,True,30,30,2,30,30,2,STRAXUSDT,30,STRAXUSDT,True,30,,2023-10-11,existing_spot_then_perp,Binance spot 1h daily archive complete for 30 calendar days before perp listing,30,2,30,True,True,True,True,True,,,,200:30,200:2,200:30,200:38,53811627.00920001,7,200:7
P0RES018-00083,BIGTIMEUSDT,BIGTIME,,2023-10-12 00:00:00 UTC,universe_onboard_date_midnight_proxy,2023-10-12,UNIVERSE_PIT,,,,not_matched_to_official_announcement,,False,,,,2023-10-12,2026-07-19,2026-06,2023-10-12,2023-11-10,2023-11-10,False,True,True,30,30,2,30,30,2,BIGTIMEUSDT,30,,False,0,,,zero_base_new_asset,No Binance spot archive found in pre30 or near-listing probe window,30,2,30,True,True,True,True,False,,,,200:30,200:2,200:30,404:38,487928624.99500000,7,200:7
P0RES018-00084,BONDUSDT,BOND,,2023-10-15 00:00:00 UTC,universe_onboard_date_midnight_proxy,2023-10-15,UNIVERSE_PIT,,,,not_matched_to_official_announcement,,True,2024-12-16 09:00:00 UTC,p0res010_delist_inventory,2024-12-16,2023-10-15,2026-07-19,2026-06,2023-10-15,2023-11-13,2023-11-13,False,True,True,30,30,2,30,30,2,BONDUSDT,30,BONDUSDT,True,30,,2023-10-15,existing_spot_then_perp,Binance spot 1h daily archive complete for 30 calendar days before perp listing,30,2,30,True,True,True,True,True,,,,200:30,200:2,200:30,200:38,161234376.64950001,7,200:7
P0RES018-00085,ORBSUSDT,ORBS,,2023-10-17 00:00:00 UTC,universe_onboard_date_midnight_proxy,2023-10-17,UNIVERSE_PIT,,,,not_matched_to_official_announcement,,True,2024-12-09 09:00:00 UTC,p0res010_delist_inventory,2024-12-09,2023-10-17,2026-07-19,2026-06,2023-10-17,2023-11-15,2023-11-15,False,True,True,30,30,2,30,30,2,ORBSUSDT,30,,False,0,,,zero_base_new_asset,No Binance spot archive found in pre30 or near-listing probe window,30,2,30,True,True,True,True,False,,,,200:30,200:2,200:30,404:38,286101387.27471000,7,200:7
P0RES018-00086,STPTUSDT,STPT,,2023-10-18 00:00:00 UTC,universe_onboard_date_midnight_proxy,2023-10-18,UNIVERSE_PIT,,,,not_matched_to_official_announcement,,True,2024-05-13 09:00:00 UTC,p0res010_delist_inventory,2024-05-13,2023-10-18,2026-07-19,2026-06,2023-10-18,2023-11-16,2023-11-16,False,True,True,30,30,2,30,30,2,STPTUSDT,30,STPTUSDT,True,30,,2023-10-18,existing_spot_then_perp,Binance spot 1h daily archive complete for 30 calendar days before perp listing,30,2,30,True,True,True,True,True,,,,200:30,200:2,200:30,200:38,12772820.87824000,7,200:7
P0RES018-00087,WAXPUSDT,WAXP,,2023-10-18 00:00:00 UTC,universe_onboard_date_midnight_proxy,2023-10-18,UNIVERSE_PIT,,,,not_matched_to_official_announcement,,False,,,,2023-10-18,2026-07-19,2026-06,2023-10-18,2023-11-16,2023-11-16,False,True,True,30,30,2,30,30,2,WAXPUSDT,30,WAXPUSDT,True,30,,2023-10-18,existing_spot_then_perp,Binance spot 1h daily archive complete for 30 calendar days before perp listing,30,2,30,True,True,True,True,True,,,,200:30,200:2,200:30,200:38,25861725.83569000,7,200:7
P0RES018-00088,BSVUSDT,BSV,,2023-10-20 00:00:00 UTC,universe_onboard_date_midnight_proxy,2023-10-20,UNIVERSE_PIT,,,,not_matched_to_official_announcement,,False,,,,2023-10-20,2026-07-19,2026-06,2023-10-20,2023-11-18,2023-11-18,False,True,True,30,30,2,30,30,2,BSVUSDT,30,,False,0,,,zero_base_new_asset,No Binance spot archive found in pre30 or near-listing probe window,30,2,30,True,True,True,True,False,,,,200:30,200:2,200:30,404:38,57890344.74200001,7,200:7
P0RES018-00089,RIFUSDT,RIF,,2023-10-21 00:00:00 UTC,universe_onboard_date_midnight_proxy,2023-10-21,UNIVERSE_PIT,,,,not_matched_to_official_announcement,,False,,,,2023-10-21,2026-07-19,2026-06,2023-10-21,2023-11-19,2023-11-19,False,True,True,30,30,2,30,30,2,RIFUSDT,30,RIFUSDT,True,30,,2023-10-21,existing_spot_then_perp,Binance spot 1h daily archive complete for 30 calendar days before perp listing,30,2,30,True,True,True,True,True,,,,200:30,200:2,200:30,200:38,146973424.81187999,7,200:7
P0RES018-00090,GASUSDT,GAS,,2023-10-25 00:00:00 UTC,universe_onboard_date_midnight_proxy,2023-10-25,UNIVERSE_PIT,,,,not_matched_to_official_announcement,,False,,,,2023-10-25,2026-07-19,2026-06,2023-10-25,2023-11-23,2023-11-23,False,True,True,30,30,2,30,30,2,GASUSDT,30,GASUSDT,True,30,,2023-10-25,existing_spot_then_perp,Binance spot 1h daily archive complete for 30 calendar days before perp listing,30,2,30,True,True,True,True,True,,,,200:30,200:2,200:30,200:38,453452176.19250005,7,200:7
P0RES018-00091,POLYXUSDT,POLYX,,2023-10-25 00:00:00 UTC,universe_onboard_date_midnight_proxy,2023-10-25,UNIVERSE_PIT,,,,not_matched_to_official_announcement,,False,,,,2023-10-25,2026-07-19,2026-06,2023-10-25,2023-11-23,2023-11-23,False,True,True,30,30,2,30,30,2,POLYXUSDT,30,POLYXUSDT,True,30,,2023-10-25,existing_spot_then_perp,Binance spot 1h daily archive complete for 30 calendar days before perp listing,30,2,30,True,True,True,True,True,,,,200:30,200:2,200:30,200:38,309058321.21669996,7,200:7
P0RES018-00092,POWRUSDT,POWR,,2023-10-27 00:00:00 UTC,universe_onboard_date_midnight_proxy,2023-10-27,UNIVERSE_PIT,,,,not_matched_to_official_announcement,,False,,,,2023-10-27,2026-07-19,2026-06,2023-10-27,2023-11-25,2023-11-25,False,True,True,30,30,2,30,30,2,POWRUSDT,30,POWRUSDT,True,30,,2023-10-27,existing_spot_then_perp,Binance spot 1h daily archive complete for 30 calendar days before perp listing,30,2,30,True,True,True,True,True,,,,200:30,200:2,200:30,200:38,28930327.12070000,7,200:7
P0RES018-00093,TIAUSDT,TIA,,2023-10-31 00:00:00 UTC,universe_onboard_date_midnight_proxy,2023-10-31,UNIVERSE_PIT,,,,not_matched_to_official_announcement,,False,,,,2023-10-31,2026-07-19,2026-06,2023-10-31,2023-11-29,2023-11-29,False,True,True,30,30,2,30,30,2,TIAUSDT,30,TIAUSDT,False,0,,2023-10-31,simultaneous_spot_perp,"Binance spot archive exists only within/near the pre-listing window, not full 30d",30,2,30,True,True,True,True,False,,,,200:30,200:2,200:30,200:8;404:30,151589033.38619998,7,200:7
P0RES018-00094,CAKEUSDT,CAKE,,2023-11-02 00:00:00 UTC,universe_onboard_date_midnight_proxy,2023-11-02,UNIVERSE_PIT,,,,not_matched_to_official_announcement,,False,,,,2023-11-02,2026-07-19,2026-06,2023-11-02,2023-12-01,2023-12-01,False,True,True,30,30,2,30,30,2,CAKEUSDT,30,CAKEUSDT,True,30,,2023-11-02,existing_spot_then_perp,Binance spot 1h daily archive complete for 30 calendar days before perp listing,30,2,30,True,True,True,True,True,,,,200:30,200:2,200:30,200:38,129362146.85339999,7,200:7
P0RES018-00095,SNTUSDT,SNT,,2023-11-02 00:00:00 UTC,universe_onboard_date_midnight_proxy,2023-11-02,UNIVERSE_PIT,,,,not_matched_to_official_announcement,,True,2024-05-13 09:00:00 UTC,p0res010_delist_inventory,2024-05-13,2023-11-02,2026-07-19,2026-06,2023-11-02,2023-12-01,2023-12-01,False,True,True,30,30,2,30,30,2,SNTUSDT,30,SNTUSDT,True,30,,2023-11-02,existing_spot_then_perp,Binance spot 1h daily archive complete for 30 calendar days before perp listing,30,2,30,True,True,True,True,True,,,,200:30,200:2,200:30,200:38,58656251.28106000,7,200:7
P0RES018-00096,MEMEUSDT,MEME,,2023-11-03 00:00:00 UTC,universe_onboard_date_midnight_proxy,2023-11-03,UNIVERSE_PIT,,,,not_matched_to_official_announcement,,False,,,,2023-11-03,2026-07-19,2026-06,2023-11-03,2023-12-02,2023-12-02,False,True,True,30,30,2,30,30,2,MEMEUSDT,30,MEMEUSDT,False,0,,2023-11-03,simultaneous_spot_perp,"Binance spot archive exists only within/near the pre-listing window, not full 30d",30,2,30,True,True,True,True,False,,,,200:30,200:2,200:30,200:8;404:30,371541366.91431409,7,200:7
P0RES018-00097,TOKENUSDT,TOKEN,,2023-11-03 00:00:00 UTC,universe_onboard_date_midnight_proxy,2023-11-03,UNIVERSE_PIT,,,,not_matched_to_official_announcement,,True,2025-12-05 09:30:00 UTC,p0res010_delist_inventory,2025-12-05,2023-11-03,2026-07-19,2026-06,2023-11-03,2023-12-02,2023-12-02,False,True,True,30,30,2,30,30,2,TOKENUSDT,30,,False,0,,,zero_base_new_asset,No Binance spot archive found in pre30 or near-listing probe window,30,2,30,True,True,True,True,False,,,,200:30,200:2,200:30,404:38,47531328.30757000,7,200:7
P0RES018-00098,TWTUSDT,TWT,,2023-11-03 00:00:00 UTC,universe_onboard_date_midnight_proxy,2023-11-03,UNIVERSE_PIT,,,,not_matched_to_official_announcement,,False,,,,2023-11-03,2026-07-19,2026-06,2023-11-03,2023-12-02,2023-12-02,False,True,True,30,30,2,30,30,2,TWTUSDT,30,TWTUSDT,True,30,,2023-11-03,existing_spot_then_perp,Binance spot 1h daily archive complete for 30 calendar days before perp listing,30,2,30,True,True,True,True,True,,,,200:30,200:2,200:30,200:38,94130680.31520000,7,200:7
P0RES018-00099,ORDIUSDT,ORDI,,2023-11-07 00:00:00 UTC,universe_onboard_date_midnight_proxy,2023-11-07,UNIVERSE_PIT,,,,not_matched_to_official_announcement,,False,,,,2023-11-07,2026-07-19,2026-06,2023-11-07,2023-12-06,2023-12-06,False,True,True,30,30,2,30,30,2,ORDIUSDT,30,ORDIUSDT,False,0,,2023-11-07,simultaneous_spot_perp,"Binance spot archive exists only within/near the pre-listing window, not full 30d",30,2,30,True,True,True,True,False,,,,200:30,200:2,200:30,200:8;404:30,769676381.94929993,7,200:7
P0RES018-00100,STEEMUSDT,STEEM,,2023-11-08 00:00:00 UTC,universe_onboard_date_midnight_proxy,2023-11-08,UNIVERSE_PIT,,,,not_matched_to_official_announcement,,False,,,,2023-11-08,2026-07-19,2026-06,2023-11-08,2023-12-07,2023-12-07,False,True,True,30,30,2,30,30,2,STEEMUSDT,30,STEEMUSDT,True,30,,2023-11-08,existing_spot_then_perp,Binance spot 1h daily archive complete for 30 calendar days before perp listing,30,2,30,True,True,True,True,True,,,,200:30,200:2,200:30,200:38,55503620.37670000,7,200:7
P0RES018-00101,BADGERUSDT,BADGER,,2023-11-09 00:00:00 UTC,universe_onboard_date_midnight_proxy,2023-11-09,UNIVERSE_PIT,,,,not_matched_to_official_announcement,,True,2025-04-14 00:00:00 UTC,UNIVERSE_PIT_delist_date_midnight_proxy,2025-04-14,2023-11-09,2026-07-19,2026-06,2023-11-09,2023-12-08,2023-12-08,False,True,True,30,30,2,30,30,2,BADGERUSDT,30,BADGERUSDT,True,30,,2023-11-09,existing_spot_then_perp,Binance spot 1h daily archive complete for 30 calendar days before perp listing,30,2,30,True,True,True,True,True,,,,200:30,200:2,200:30,200:38,39730412.49500000,7,200:7
P0RES018-00102,ILVUSDT,ILV,,2023-11-10 00:00:00 UTC,universe_onboard_date_midnight_proxy,2023-11-10,UNIVERSE_PIT,,,,not_matched_to_official_announcement,,False,,,,2023-11-10,2026-07-19,2026-06,2023-11-10,2023-12-09,2023-12-09,False,True,True,30,30,2,30,30,2,ILVUSDT,30,ILVUSDT,True,30,,2023-11-10,existing_spot_then_perp,Binance spot 1h daily archive complete for 30 calendar days before perp listing,30,2,30,True,True,True,True,True,,,,200:30,200:2,200:30,200:38,19290523.10900000,7,200:7
P0RES018-00103,NTRNUSDT,NTRN,,2023-11-14 00:00:00 UTC,universe_onboard_date_midnight_proxy,2023-11-14,UNIVERSE_PIT,,,,not_matched_to_official_announcement,,True,2026-03-24 00:00:00 UTC,UNIVERSE_PIT_delist_date_midnight_proxy,2026-03-24,2023-11-14,2026-07-19,2026-06,2023-11-14,2023-12-13,2023-12-13,False,True,True,30,30,2,30,30,2,NTRNUSDT,30,NTRNUSDT,True,30,,2023-11-14,existing_spot_then_perp,Binance spot 1h daily archive complete for 30 calendar days before perp listing,30,2,30,True,True,True,True,True,,,,200:30,200:2,200:30,200:38,48152942.79500000,7,200:7
P0RES018-00104,BEAMXUSDT,BEAMX,,2023-11-17 00:00:00 UTC,universe_onboard_date_midnight_proxy,2023-11-17,UNIVERSE_PIT,,,,not_matched_to_official_announcement,,False,,,,2023-11-17,2026-07-19,2026-06,2023-11-17,2023-12-16,2023-12-16,False,True,True,30,30,2,30,30,2,BEAMXUSDT,30,BEAMXUSDT,False,3,2023-10-18;2023-10-19;2023-10-20;2023-10-21;2023-10-22;2023-10-23;2023-10-24;2023-10-25;2023-10-26;2023-10-27;2023-10-28;2023-10-29;2023-10-30;2023-10-31;2023-11-01;2023-11-02;2023-11-03;2023-11-04;2023-11-05;2023-11-06;2023-11-07;2023-11-08;2023-11-09;2023-11-10;2023-11-11;2023-11-12;2023-11-13,2023-11-17,simultaneous_spot_perp,"Binance spot archive exists only within/near the pre-listing window, not full 30d",30,2,30,True,True,True,True,False,,,,200:30,200:2,200:30,200:11;404:27,15880439.23707000,7,200:7
P0RES018-00105,KASUSDT,KAS,,2023-11-17 00:00:00 UTC,universe_onboard_date_midnight_proxy,2023-11-17,UNIVERSE_PIT,,,,not_matched_to_official_announcement,,False,,,,2023-11-17,2026-07-19,2026-06,2023-11-17,2023-12-16,2023-12-16,False,True,True,30,30,2,30,30,2,KASUSDT,30,,False,0,,,zero_base_new_asset,No Binance spot archive found in pre30 or near-listing probe window,30,2,30,True,True,True,True,False,,,,200:30,200:2,200:30,404:38,81402162.11534999,7,200:7
P0RES018-00106,1000BONKUSDT,1000BONK,,2023-11-22 00:00:00 UTC,universe_onboard_date_midnight_proxy,2023-11-22,UNIVERSE_PIT,,,,not_matched_to_official_announcement,,False,,,,2023-11-22,2026-07-19,2026-06,2023-11-22,2023-12-21,2023-12-21,False,True,True,30,30,2,30,30,2,1000BONKUSDT;BONKUSDT,30,,False,0,,,zero_base_new_asset,No Binance spot archive found in pre30 or near-listing probe window,30,2,30,True,True,True,True,False,,,,200:30,200:2,200:30,404:76,56987888.77622701,7,200:7
P0RES018-00107,PYTHUSDT,PYTH,,2023-11-22 00:00:00 UTC,universe_onboard_date_midnight_proxy,2023-11-22,UNIVERSE_PIT,,,,not_matched_to_official_announcement,,False,,,,2023-11-22,2026-07-19,2026-06,2023-11-22,2023-12-21,2023-12-21,False,True,True,30,30,2,30,30,2,PYTHUSDT,30,,False,0,,,zero_base_new_asset,No Binance spot archive found in pre30 or near-listing probe window,30,2,30,True,True,True,True,False,,,,200:30,200:2,200:30,404:38,121493421.20490000,7,200:7
P0RES018-00108,SUPERUSDT,SUPER,,2023-11-26 00:00:00 UTC,universe_onboard_date_midnight_proxy,2023-11-26,UNIVERSE_PIT,,,,not_matched_to_official_announcement,,False,,,,2023-11-26,2026-07-19,2026-06,2023-11-26,2023-12-25,2023-12-25,False,True,True,30,30,2,30,30,2,SUPERUSDT,30,SUPERUSDT,True,30,,2023-11-26,existing_spot_then_perp,Binance spot 1h daily archive complete for 30 calendar days before perp listing,30,2,29,True,True,False,False,False,,,2023-12-18,200:30,200:2,200:29;404:1,200:38,116107563.51190001,7,200:7
P0RES018-00109,ONGUSDT,ONG,,2023-11-27 00:00:00 UTC,universe_onboard_date_midnight_proxy,2023-11-27,UNIVERSE_PIT,,,,not_matched_to_official_announcement,,False,,,,2023-11-27,2026-07-19,2026-06,2023-11-27,2023-12-26,2023-12-26,False,True,True,30,30,2,30,30,2,ONGUSDT,30,ONGUSDT,True,30,,2023-11-27,existing_spot_then_perp,Binance spot 1h daily archive complete for 30 calendar days before perp listing,30,2,29,True,True,False,False,False,,,2023-12-18,200:30,200:2,200:29;404:1,200:38,32161213.47430000,7,200:7
P0RES018-00110,USTCUSDT,USTC,,2023-11-27 00:00:00 UTC,universe_onboard_date_midnight_proxy,2023-11-27,UNIVERSE_PIT,,,,not_matched_to_official_announcement,,False,,,,2023-11-27,2026-07-19,2026-06,2023-11-27,2023-12-26,2023-12-26,False,True,True,30,30,2,30,30,2,USTCUSDT,30,USTCUSDT,True,30,,2023-11-27,existing_spot_then_perp,Binance spot 1h daily archive complete for 30 calendar days before perp listing,30,2,30,True,True,True,True,True,,,,200:30,200:2,200:30,200:38,675195961.30396032,7,200:7
P0RES018-00111,ETHWUSDT,ETHW,,2023-11-28 00:00:00 UTC,universe_onboard_date_midnight_proxy,2023-11-28,UNIVERSE_PIT,,,,not_matched_to_official_announcement,,False,,,,2023-11-28,2026-07-19,2026-06,2023-11-28,2023-12-27,2023-12-27,False,True,True,30,30,2,30,30,2,ETHWUSDT,30,,False,0,,,zero_base_new_asset,No Binance spot archive found in pre30 or near-listing probe window,30,2,30,True,True,True,True,False,,,,200:30,200:2,200:30,404:38,18393065.56600000,7,200:7
P0RES018-00112,JTOUSDT,JTO,,2023-12-08 00:00:00 UTC,universe_onboard_date_midnight_proxy,2023-12-08,UNIVERSE_PIT,,,,not_matched_to_official_announcement,,False,,,,2023-12-08,2026-07-19,2026-06,2023-12-08,2024-01-06,2024-01-06,False,True,True,30,30,2,30,30,2,JTOUSDT,30,JTOUSDT,False,1,2023-11-08;2023-11-09;2023-11-10;2023-11-11;2023-11-12;2023-11-13;2023-11-14;2023-11-15;2023-11-16;2023-11-17;2023-11-18;2023-11-19;2023-11-20;2023-11-21;2023-11-22;2023-11-23;2023-11-24;2023-11-25;2023-11-26;2023-11-27;2023-11-28;2023-11-29;2023-11-30;2023-12-01;2023-12-02;2023-12-03;2023-12-04;2023-12-05;2023-12-06,2023-12-08,simultaneous_spot_perp,"Binance spot archive exists only within/near the pre-listing window, not full 30d",30,2,30,True,True,True,True,False,,,,200:30,200:2,200:30,200:9;404:29,699909025.18380010,7,200:7
P0RES018-00113,1000SATSUSDT,1000SATS,,2023-12-12 00:00:00 UTC,universe_onboard_date_midnight_proxy,2023-12-12,UNIVERSE_PIT,,,,not_matched_to_official_announcement,,False,,,,2023-12-12,2026-07-19,2026-06,2023-12-12,2024-01-10,2024-01-10,False,True,True,30,30,2,30,30,2,1000SATSUSDT;SATSUSDT,30,1000SATSUSDT,False,0,,2023-12-12,simultaneous_spot_perp,"Binance spot archive exists only within/near the pre-listing window, not full 30d",30,2,30,True,True,True,True,False,,,,200:30,200:2,200:30,200:8;404:68,748802999.45723736,7,200:7
P0RES018-00114,1000RATSUSDT,1000RATS,,2023-12-15 00:00:00 UTC,universe_onboard_date_midnight_proxy,2023-12-15,UNIVERSE_PIT,,,,not_matched_to_official_announcement,,False,,,,2023-12-15,2026-07-19,2026-06,2023-12-15,2024-01-13,2024-01-13,False,True,True,30,30,2,30,30,2,1000RATSUSDT;RATSUSDT,30,,False,0,,,zero_base_new_asset,No Binance spot archive found in pre30 or near-listing probe window,30,2,30,True,True,True,True,False,,,,200:30,200:2,200:30,404:76,281244507.55081999,7,200:7
P0RES018-00115,AUCTIONUSDT,AUCTION,,2023-12-15 00:00:00 UTC,universe_onboard_date_midnight_proxy,2023-12-15,UNIVERSE_PIT,,,,not_matched_to_official_announcement,,False,,,,2023-12-15,2026-07-19,2026-06,2023-12-15,2024-01-13,2024-01-13,False,True,True,30,30,2,30,30,2,AUCTIONUSDT,30,AUCTIONUSDT,True,30,,2023-12-15,existing_spot_then_perp,Binance spot 1h daily archive complete for 30 calendar days before perp listing,30,2,30,True,True,True,True,True,,,,200:30,200:2,200:30,200:38,213115093.72360000,7,200:7
P0RES018-00116,ACEUSDT,ACE,,2023-12-18 00:00:00 UTC,universe_onboard_date_midnight_proxy,2023-12-18,UNIVERSE_PIT,,,,not_matched_to_official_announcement,,False,,,,2023-12-18,2026-07-19,2026-06,2023-12-18,2024-01-16,2024-01-16,False,True,True,30,30,2,30,30,2,ACEUSDT,30,ACEUSDT,False,0,,2023-12-18,simultaneous_spot_perp,"Binance spot archive exists only within/near the pre-listing window, not full 30d",30,2,30,True,True,True,True,False,,,,200:30,200:2,200:30,200:8;404:30,415031561.99139392,7,200:7
P0RES018-00117,MOVRUSDT,MOVR,,2023-12-26 00:00:00 UTC,universe_onboard_date_midnight_proxy,2023-12-26,UNIVERSE_PIT,,,,not_matched_to_official_announcement,,False,,,,2023-12-26,2026-07-19,2026-06,2023-12-26,2024-01-24,2024-01-24,False,True,True,30,30,2,30,30,2,MOVRUSDT,30,MOVRUSDT,True,30,,2023-12-26,existing_spot_then_perp,Binance spot 1h daily archive complete for 30 calendar days before perp listing,30,2,30,True,True,True,True,True,,,,200:30,200:2,200:30,200:38,95006698.64799000,7,200:7
P0RES018-00118,NFPUSDT,NFP,,2023-12-27 00:00:00 UTC,universe_onboard_date_midnight_proxy,2023-12-27,UNIVERSE_PIT,,,,not_matched_to_official_announcement,,False,,,,2023-12-27,2026-07-19,2026-06,2023-12-27,2024-01-25,2024-01-25,False,True,True,30,30,2,30,30,2,NFPUSDT,30,NFPUSDT,False,0,,2023-12-27,simultaneous_spot_perp,"Binance spot archive exists only within/near the pre-listing window, not full 30d",30,2,29,True,True,False,False,False,,,2024-01-24,200:30,200:2,200:29;404:1,200:8;404:30,162073545.81955999,7,200:7
P0RES018-00119,AIUSDT,AI,,2024-01-08 00:00:00 UTC,universe_onboard_date_midnight_proxy,2024-01-08,UNIVERSE_PIT,,,,not_matched_to_official_announcement,,True,2026-04-28 10:00:00 UTC,p0res010_delist_inventory,2026-04-28,2024-01-08,2026-07-19,2026-06,2024-01-08,2024-02-06,2024-02-06,False,True,True,30,30,2,30,30,2,AIUSDT,30,AIUSDT,False,4,2023-12-09;2023-12-10;2023-12-11;2023-12-12;2023-12-13;2023-12-14;2023-12-15;2023-12-16;2023-12-17;2023-12-18;2023-12-19;2023-12-20;2023-12-21;2023-12-22;2023-12-23;2023-12-24;2023-12-25;2023-12-26;2023-12-27;2023-12-28;2023-12-29;2023-12-30;2023-12-31;2024-01-01;2024-01-02;2024-01-03,2024-01-08,simultaneous_spot_perp,"Binance spot archive exists only within/near the pre-listing window, not full 30d",30,2,30,True,True,True,True,False,,,,200:30,200:2,200:30,200:12;404:26,135004747.98236004,7,200:7
P0RES018-00120,XAIUSDT,XAI,,2024-01-09 00:00:00 UTC,universe_onboard_date_midnight_proxy,2024-01-09,UNIVERSE_PIT,,,,not_matched_to_official_announcement,,False,,,,2024-01-09,2026-07-19,2026-06,2024-01-09,2024-02-07,2024-02-07,False,True,True,30,30,2,30,30,2,XAIUSDT,30,XAIUSDT,False,0,,2024-01-09,simultaneous_spot_perp,"Binance spot archive exists only within/near the pre-listing window, not full 30d",30,2,30,True,True,True,True,False,,,,200:30,200:2,200:30,200:8;404:30,269500008.37050003,7,200:7
P0RES018-00121,MANTAUSDT,MANTA,,2024-01-18 00:00:00 UTC,universe_onboard_date_midnight_proxy,2024-01-18,UNIVERSE_PIT,,,,not_matched_to_official_announcement,,False,,,,2024-01-18,2026-07-19,2026-06,2024-01-18,2024-02-16,2024-02-16,False,True,True,30,30,2,30,30,2,MANTAUSDT,30,MANTAUSDT,False,0,,2024-01-18,simultaneous_spot_perp,"Binance spot archive exists only within/near the pre-listing window, not full 30d",30,2,30,True,True,True,True,False,,,,200:30,200:2,200:30,200:8;404:30,679572106.34027982,7,200:7
P0RES018-00122,WIFUSDT,WIF,,2024-01-18 00:00:00 UTC,universe_onboard_date_midnight_proxy,2024-01-18,UNIVERSE_PIT,,,,not_matched_to_official_announcement,,False,,,,2024-01-18,2026-07-19,2026-06,2024-01-18,2024-02-16,2024-02-16,False,True,True,30,30,2,30,30,2,WIFUSDT,30,,False,0,,,zero_base_new_asset,No Binance spot archive found in pre30 or near-listing probe window,30,2,30,True,True,True,True,False,,,,200:30,200:2,200:30,404:38,79413099.94277000,7,200:7
P0RES018-00123,ONDOUSDT,ONDO,,2024-01-20 00:00:00 UTC,universe_onboard_date_midnight_proxy,2024-01-20,UNIVERSE_PIT,,,,not_matched_to_official_announcement,,False,,,,2024-01-20,2026-07-19,2026-06,2024-01-20,2024-02-18,2024-02-18,False,True,True,30,30,2,30,30,2,ONDOUSDT,30,,False,0,,,zero_base_new_asset,No Binance spot archive found in pre30 or near-listing probe window,30,2,30,True,True,True,True,False,,,,200:30,200:2,200:30,404:38,159334604.32890001,7,200:7
P0RES018-00124,ALTUSDT,ALT,,2024-01-25 00:00:00 UTC,universe_onboard_date_midnight_proxy,2024-01-25,UNIVERSE_PIT,,,,not_matched_to_official_announcement,,False,,,,2024-01-25,2026-07-19,2026-06,2024-01-25,2024-02-23,2024-02-23,False,True,True,30,30,2,30,30,2,ALTUSDT,30,ALTUSDT,False,0,,2024-01-25,simultaneous_spot_perp,"Binance spot archive exists only within/near the pre-listing window, not full 30d",30,2,30,True,True,True,True,False,,,,200:30,200:2,200:30,200:8;404:30,506027767.51101995,7,200:7
P0RES018-00125,LSKUSDT,LSK,,2024-01-25 00:00:00 UTC,universe_onboard_date_midnight_proxy,2024-01-25,UNIVERSE_PIT,,,,not_matched_to_official_announcement,,False,,,,2024-01-25,2026-07-19,2026-06,2024-01-25,2024-02-23,2024-02-23,False,True,True,30,30,2,30,30,2,LSKUSDT,30,LSKUSDT,True,30,,2024-01-25,existing_spot_then_perp,Binance spot 1h daily archive complete for 30 calendar days before perp listing,30,2,30,True,True,True,True,True,,,,200:30,200:2,200:30,200:38,40245192.56999999,7,200:7
P0RES018-00126,JUPUSDT,JUP,,2024-01-31 00:00:00 UTC,universe_onboard_date_midnight_proxy,2024-01-31,UNIVERSE_PIT,,,,not_matched_to_official_announcement,,False,,,,2024-01-31,2026-07-19,2026-06,2024-01-31,2024-02-29,2024-02-29,False,True,True,30,30,2,30,30,2,JUPUSDT,30,JUPUSDT,False,0,,2024-01-31,simultaneous_spot_perp,"Binance spot archive exists only within/near the pre-listing window, not full 30d",30,1,30,True,False,True,False,False,,2024-01,,200:30,200:1;404:1,200:30,200:8;404:30,199112527.80070004,7,200:7
P0RES018-00127,ZETAUSDT,ZETA,,2024-02-02 00:00:00 UTC,universe_onboard_date_midnight_proxy,2024-02-02,UNIVERSE_PIT,,,,not_matched_to_official_announcement,,False,,,,2024-02-02,2026-07-19,2026-06,2024-02-02,2024-03-02,2024-03-02,False,True,True,30,30,2,30,30,2,ZETAUSDT,30,,False,0,,,zero_base_new_asset,No Binance spot archive found in pre30 or near-listing probe window,30,2,30,True,True,True,True,False,,,,200:30,200:2,200:30,404:38,117177413.38480002,7,200:7
P0RES018-00128,RONINUSDT,RONIN,,2024-02-06 00:00:00 UTC,universe_onboard_date_midnight_proxy,2024-02-06,UNIVERSE_PIT,,,,not_matched_to_official_announcement,,False,,,,2024-02-06,2026-07-19,2026-06,2024-02-06,2024-03-06,2024-03-06,False,True,True,30,30,2,30,30,2,RONINUSDT,30,RONINUSDT,False,1,2024-01-07;2024-01-08;2024-01-09;2024-01-10;2024-01-11;2024-01-12;2024-01-13;2024-01-14;2024-01-15;2024-01-16;2024-01-17;2024-01-18;2024-01-19;2024-01-20;2024-01-21;2024-01-22;2024-01-23;2024-01-24;2024-01-25;2024-01-26;2024-01-27;2024-01-28;2024-01-29;2024-01-30;2024-01-31;2024-02-01;2024-02-02;2024-02-03;2024-02-04,2024-02-06,simultaneous_spot_perp,"Binance spot archive exists only within/near the pre-listing window, not full 30d",30,2,30,True,True,True,True,False,,,,200:30,200:2,200:30,200:9;404:29,40033881.73939999,7,200:7
P0RES018-00129,DYMUSDT,DYM,,2024-02-07 00:00:00 UTC,universe_onboard_date_midnight_proxy,2024-02-07,UNIVERSE_PIT,,,,not_matched_to_official_announcement,,False,,,,2024-02-07,2026-07-19,2026-06,2024-02-07,2024-03-07,2024-03-07,False,True,True,30,30,2,30,30,2,DYMUSDT,30,DYMUSDT,False,1,2024-01-08;2024-01-09;2024-01-10;2024-01-11;2024-01-12;2024-01-13;2024-01-14;2024-01-15;2024-01-16;2024-01-17;2024-01-18;2024-01-19;2024-01-20;2024-01-21;2024-01-22;2024-01-23;2024-01-24;2024-01-25;2024-01-26;2024-01-27;2024-01-28;2024-01-29;2024-01-30;2024-01-31;2024-02-01;2024-02-02;2024-02-03;2024-02-04;2024-02-05,2024-02-07,simultaneous_spot_perp,"Binance spot archive exists only within/near the pre-listing window, not full 30d",30,2,30,True,True,True,True,False,,,,200:30,200:2,200:30,200:9;404:29,335589882.60919994,7,200:7
P0RES018-00130,OMUSDT,OM,,2024-02-13 00:00:00 UTC,universe_onboard_date_midnight_proxy,2024-02-13,UNIVERSE_PIT,,,,not_matched_to_official_announcement,,True,2026-02-23 00:00:00 UTC,UNIVERSE_PIT_delist_date_midnight_proxy,2026-02-23,2024-02-13,2026-07-19,2026-06,2024-02-13,2024-03-13,2024-03-13,False,True,True,30,30,2,30,30,2,OMUSDT,30,OMUSDT,True,30,,2024-02-13,existing_spot_then_perp,Binance spot 1h daily archive complete for 30 calendar days before perp listing,30,2,30,True,True,True,True,True,,,,200:30,200:2,200:30,200:38,26231528.66732201,7,200:7
P0RES018-00131,PIXELUSDT,PIXEL,,2024-02-19 00:00:00 UTC,universe_onboard_date_midnight_proxy,2024-02-19,UNIVERSE_PIT,,,,not_matched_to_official_announcement,,False,,,,2024-02-19,2026-07-19,2026-06,2024-02-19,2024-03-19,2024-03-19,False,True,True,30,30,2,30,30,2,PIXELUSDT,30,PIXELUSDT,False,0,,2024-02-19,simultaneous_spot_perp,"Binance spot archive exists only within/near the pre-listing window, not full 30d",30,2,30,True,True,True,True,False,,,,200:30,200:2,200:30,200:8;404:30,247919090.97500002,7,200:7
P0RES018-00132,STRKUSDT,STRK,,2024-02-20 00:00:00 UTC,universe_onboard_date_midnight_proxy,2024-02-20,UNIVERSE_PIT,,,,not_matched_to_official_announcement,,False,,,,2024-02-20,2026-07-19,2026-06,2024-02-20,2024-03-20,2024-03-20,False,True,True,30,30,2,30,30,2,STRKUSDT,30,STRKUSDT,False,0,,2024-02-20,simultaneous_spot_perp,"Binance spot archive exists only within/near the pre-listing window, not full 30d",30,2,30,True,True,True,True,False,,,,200:30,200:2,200:30,200:8;404:30,219471243.98355001,7,200:7
P0RES018-00133,GLMUSDT,GLM,,2024-02-22 00:00:00 UTC,universe_onboard_date_midnight_proxy,2024-02-22,UNIVERSE_PIT,,,,not_matched_to_official_announcement,,False,,,,2024-02-22,2026-07-19,2026-06,2024-02-22,2024-03-22,2024-03-22,False,True,True,30,30,2,30,30,2,GLMUSDT,30,GLMUSDT,True,30,,2024-02-22,existing_spot_then_perp,Binance spot 1h daily archive complete for 30 calendar days before perp listing,30,2,30,True,True,True,True,True,,,,200:30,200:2,200:30,200:38,19872095.31219999,7,200:7
P0RES018-00134,PORTALUSDT,PORTAL,,2024-02-29 00:00:00 UTC,universe_onboard_date_midnight_proxy,2024-02-29,UNIVERSE_PIT,,,,not_matched_to_official_announcement,,False,,,,2024-02-29,2026-07-19,2026-06,2024-02-29,2024-03-29,2024-03-29,False,True,True,30,30,2,30,30,2,PORTALUSDT,30,PORTALUSDT,False,0,,2024-02-29,simultaneous_spot_perp,"Binance spot archive exists only within/near the pre-listing window, not full 30d",30,2,30,True,True,True,True,False,,,,200:30,200:2,200:30,200:8;404:30,113477055.97360000,7,200:7
P0RES018-00135,AXLUSDT,AXL,,2024-03-01 00:00:00 UTC,universe_onboard_date_midnight_proxy,2024-03-01,UNIVERSE_PIT,,,,not_matched_to_official_announcement,,False,,,,2024-03-01,2026-07-19,2026-06,2024-03-01,2024-03-30,2024-03-30,False,True,True,30,30,1,30,30,1,AXLUSDT,30,AXLUSDT,False,0,,2024-03-01,simultaneous_spot_perp,"Binance spot archive exists only within/near the pre-listing window, not full 30d",30,1,30,True,True,True,True,False,,,,200:30,200:1,200:30,200:8;404:30,35170412.04877000,7,200:7
P0RES018-00136,TONUSDT,TON,,2024-03-01 00:00:00 UTC,universe_onboard_date_midnight_proxy,2024-03-01,UNIVERSE_PIT,,,,not_matched_to_official_announcement,,False,,,,2024-03-01,2026-07-19,2026-06,2024-03-01,2024-03-30,2024-03-30,False,True,True,30,30,1,30,30,1,TONUSDT,30,,False,0,,,zero_base_new_asset,No Binance spot archive found in pre30 or near-listing probe window,30,1,30,True,True,True,True,False,,,,200:30,200:1,200:30,404:38,19162330.21801000,7,200:7
P0RES018-00137,1000PEPEUSDC,1000PEPE,2024-03-05 05:35:23 UTC,2024-03-05 00:00:00 UTC,official_announcement_release_date_midnight_proxy,,official_announcement_only_not_in_local_UNIVERSE_PIT,Binance Futures Will Launch MYROUSDT and 1000PEPEUSDC Perpetual Contracts With Up to 50x Leverage,aa4f26d44f5546c5b6695533b2e9279a,https://www.binance.com/en/support/announcement/aa4f26d44f5546c5b6695533b2e9279a,symbol_only_no_effective_ts,Binance Futures Will Launch MYROUSDT and 1000PEPEUSDC Perpetual Contracts With Up to 50x Leverage,False,,,,2024-03-05,2026-07-19,2026-06,2024-03-05,2024-04-03,2024-04-03,False,True,True,30,30,2,30,30,2,1000PEPEUSDT;PEPEUSDT,30,PEPEUSDT,True,30,,2024-03-05,existing_spot_then_perp,Binance spot 1h daily archive complete for 30 calendar days before perp listing,28,2,28,False,True,False,False,False,2024-03-05;2024-03-06,,2024-03-05;2024-03-06,200:28;404:2,200:2,200:28;404:2,200:38;404:38,20619411.95740490,5,200:5;curl_exit_56:2
P0RES018-00138,MYROUSDT,MYRO,2024-03-05 05:35:23 UTC,2024-03-05 00:00:00 UTC,universe_onboard_date_midnight_proxy,2024-03-05,UNIVERSE_PIT,Binance Futures Will Launch MYROUSDT and 1000PEPEUSDC Perpetual Contracts With Up to 50x Leverage,aa4f26d44f5546c5b6695533b2e9279a,https://www.binance.com/en/support/announcement/aa4f26d44f5546c5b6695533b2e9279a,symbol_only_no_effective_ts,Binance Futures Will Launch MYROUSDT and 1000PEPEUSDC Perpetual Contracts With Up to 50x Leverage,True,2025-11-14 09:00:00 UTC,p0res010_delist_inventory,2025-11-14,2024-03-05,2026-07-19,2026-06,2024-03-05,2024-04-03,2024-04-03,False,True,True,30,30,2,30,30,2,MYROUSDT,30,,False,0,,,zero_base_new_asset,No Binance spot archive found in pre30 or near-listing probe window,30,2,30,True,True,True,True,False,,,,200:30,200:2,200:30,404:38,180029492.23534000,7,200:7
P0RES018-00139,METISUSDT,METIS,2024-03-12 04:30:05 UTC,2024-03-12 00:00:00 UTC,universe_onboard_date_midnight_proxy,2024-03-12,UNIVERSE_PIT,Binance Futures Will Launch METISUSDT and WLDUSDC Perpetual Contracts With Up to 75x Leverage,7f840e0a2d964bf2bac08cb421ad88eb,https://www.binance.com/en/support/announcement/7f840e0a2d964bf2bac08cb421ad88eb,symbol_only_no_effective_ts,Binance Futures Will Launch METISUSDT and WLDUSDC Perpetual Contracts With Up to 75x Leverage,False,,,,2024-03-12,2026-07-19,2026-06,2024-03-12,2024-04-10,2024-04-10,False,True,True,30,30,2,30,30,2,METISUSDT,30,METISUSDT,False,1,2024-02-11;2024-02-12;2024-02-13;2024-02-14;2024-02-15;2024-02-16;2024-02-17;2024-02-18;2024-02-19;2024-02-20;2024-02-21;2024-02-22;2024-02-23;2024-02-24;2024-02-25;2024-02-26;2024-02-27;2024-02-28;2024-02-29;2024-03-01;2024-03-02;2024-03-03;2024-03-04;2024-03-05;2024-03-06;2024-03-07;2024-03-08;2024-03-09;2024-03-10,2024-03-12,simultaneous_spot_perp,"Binance spot archive exists only within/near the pre-listing window, not full 30d",30,2,30,True,True,True,True,False,,,,200:30,200:2,200:30,200:9;404:29,31689493.24799999,7,200:7
P0RES018-00140,WLDUSDC,WLD,2024-03-12 04:30:05 UTC,2024-03-12 00:00:00 UTC,official_announcement_release_date_midnight_proxy,,official_announcement_only_not_in_local_UNIVERSE_PIT,Binance Futures Will Launch METISUSDT and WLDUSDC Perpetual Contracts With Up to 75x Leverage,7f840e0a2d964bf2bac08cb421ad88eb,https://www.binance.com/en/support/announcement/7f840e0a2d964bf2bac08cb421ad88eb,symbol_only_no_effective_ts,Binance Futures Will Launch METISUSDT and WLDUSDC Perpetual Contracts With Up to 75x Leverage,False,,,,2024-03-12,2026-07-19,2026-06,2024-03-12,2024-04-10,2024-04-10,False,True,True,30,30,2,30,30,2,WLDUSDT,30,WLDUSDT,True,30,,2024-03-12,existing_spot_then_perp,Binance spot 1h daily archive complete for 30 calendar days before perp listing,28,2,28,False,True,False,False,False,2024-03-12;2024-03-13,,2024-03-12;2024-03-13,200:28;404:2,200:2,200:28;404:2,200:38,9632158.46305000,5,200:5;curl_exit_56:2
P0RES018-00141,AEVOUSDT,AEVO,,2024-03-13 00:00:00 UTC,universe_onboard_date_midnight_proxy,2024-03-13,UNIVERSE_PIT,,,,not_matched_to_official_announcement,,False,,,,2024-03-13,2026-07-19,2026-06,2024-03-13,2024-04-11,2024-04-11,False,True,True,30,30,2,30,30,2,AEVOUSDT,30,AEVOUSDT,False,0,,2024-03-13,simultaneous_spot_perp,"Binance spot archive exists only within/near the pre-listing window, not full 30d",30,2,30,True,True,True,True,False,,,,200:30,200:2,200:30,200:8;404:30,171945369.36399999,7,200:7
P0RES018-00142,VANRYUSDT,VANRY,,2024-03-13 00:00:00 UTC,universe_onboard_date_midnight_proxy,2024-03-13,UNIVERSE_PIT,,,,not_matched_to_official_announcement,,False,,,,2024-03-13,2026-07-19,2026-06,2024-03-13,2024-04-11,2024-04-11,False,True,True,30,30,2,30,30,2,VANRYUSDT,30,VANRYUSDT,True,30,,2024-03-13,existing_spot_then_perp,Binance spot 1h daily archive complete for 30 calendar days before perp listing,30,2,30,True,True,True,True,True,,,,200:30,200:2,200:30,200:38,96862056.00886002,7,200:7
P0RES018-00143,BOMEUSDT,BOME,,2024-03-16 00:00:00 UTC,universe_onboard_date_midnight_proxy,2024-03-16,UNIVERSE_PIT,,,,not_matched_to_official_announcement,,False,,,,2024-03-16,2026-07-19,2026-06,2024-03-16,2024-04-14,2024-04-14,False,True,True,30,30,2,30,30,2,BOMEUSDT,30,BOMEUSDT,False,0,,2024-03-16,simultaneous_spot_perp,"Binance spot archive exists only within/near the pre-listing window, not full 30d",30,2,30,True,True,True,True,False,,,,200:30,200:2,200:30,200:8;404:30,2034842398.88125491,7,200:7
P0RES018-00144,ETHFIUSDT,ETHFI,,2024-03-18 00:00:00 UTC,universe_onboard_date_midnight_proxy,2024-03-18,UNIVERSE_PIT,,,,not_matched_to_official_announcement,,False,,,,2024-03-18,2026-07-19,2026-06,2024-03-18,2024-04-16,2024-04-16,False,True,True,30,30,2,30,30,2,ETHFIUSDT,30,ETHFIUSDT,False,0,,2024-03-18,simultaneous_spot_perp,"Binance spot archive exists only within/near the pre-listing window, not full 30d",30,2,30,True,True,True,True,False,,,,200:30,200:2,200:30,200:8;404:30,206265021.85650000,7,200:7
P0RES018-00145,ENAUSDT,ENA,,2024-04-02 00:00:00 UTC,universe_onboard_date_midnight_proxy,2024-04-02,UNIVERSE_PIT,,,,not_matched_to_official_announcement,,False,,,,2024-04-02,2026-07-19,2026-06,2024-04-02,2024-05-01,2024-05-01,False,True,True,30,30,2,30,30,2,ENAUSDT,30,ENAUSDT,False,0,,2024-04-02,simultaneous_spot_perp,"Binance spot archive exists only within/near the pre-listing window, not full 30d",30,2,30,True,True,True,True,False,,,,200:30,200:2,200:30,200:8;404:30,1334519191.93399978,7,200:7
P0RES018-00146,WUSDT,W,,2024-04-03 00:00:00 UTC,universe_onboard_date_midnight_proxy,2024-04-03,UNIVERSE_PIT,,,,not_matched_to_official_announcement,,False,,,,2024-04-03,2026-07-19,2026-06,2024-04-03,2024-05-02,2024-05-02,False,True,True,30,30,2,30,30,2,WUSDT,30,WUSDT,False,0,,2024-04-03,simultaneous_spot_perp,"Binance spot archive exists only within/near the pre-listing window, not full 30d",30,2,30,True,True,True,True,False,,,,200:30,200:2,200:30,200:8;404:30,349608496.32759988,7,200:7
P0RES018-00147,TNSRUSDT,TNSR,,2024-04-08 00:00:00 UTC,universe_onboard_date_midnight_proxy,2024-04-08,UNIVERSE_PIT,,,,not_matched_to_official_announcement,,False,,,,2024-04-08,2026-07-19,2026-06,2024-04-08,2024-05-07,2024-05-07,False,True,True,30,30,2,30,30,2,TNSRUSDT,30,TNSRUSDT,False,0,,2024-04-08,simultaneous_spot_perp,"Binance spot archive exists only within/near the pre-listing window, not full 30d",30,2,30,True,True,True,True,False,,,,200:30,200:2,200:30,200:8;404:30,211085722.49230000,7,200:7
P0RES018-00148,SAGAUSDT,SAGA,,2024-04-09 00:00:00 UTC,universe_onboard_date_midnight_proxy,2024-04-09,UNIVERSE_PIT,,,,not_matched_to_official_announcement,,False,,,,2024-04-09,2026-07-19,2026-06,2024-04-09,2024-05-08,2024-05-08,False,True,True,30,30,2,30,30,2,SAGAUSDT,30,SAGAUSDT,False,0,,2024-04-09,simultaneous_spot_perp,"Binance spot archive exists only within/near the pre-listing window, not full 30d",30,2,30,True,True,True,True,False,,,,200:30,200:2,200:30,200:8;404:30,443580320.38780999,7,200:7
P0RES018-00149,TAOUSDT,TAO,,2024-04-11 00:00:00 UTC,universe_onboard_date_midnight_proxy,2024-04-11,UNIVERSE_PIT,,,,not_matched_to_official_announcement,,False,,,,2024-04-11,2026-07-19,2026-06,2024-04-11,2024-05-10,2024-05-10,False,True,True,30,30,2,30,30,2,TAOUSDT,30,TAOUSDT,False,0,,2024-04-11,simultaneous_spot_perp,"Binance spot archive exists only within/near the pre-listing window, not full 30d",30,2,30,True,True,True,True,False,,,,200:30,200:2,200:30,200:8;404:30,121324793.64582002,7,200:7
P0RES018-00150,OMNIUSDT,OMNI,,2024-04-17 00:00:00 UTC,universe_onboard_date_midnight_proxy,2024-04-17,UNIVERSE_PIT,,,,not_matched_to_official_announcement,,True,2025-09-22 00:00:00 UTC,UNIVERSE_PIT_delist_date_midnight_proxy,2025-09-22,2024-04-17,2026-07-19,2026-06,2024-04-17,2024-05-16,2024-05-16,False,True,True,30,30,2,30,30,2,OMNIUSDT,30,OMNIUSDT,False,0,,2024-04-17,simultaneous_spot_perp,"Binance spot archive exists only within/near the pre-listing window, not full 30d",30,2,30,True,True,True,True,False,,,,200:30,200:2,200:30,200:8;404:30,183132992.15159997,7,200:7
P0RES018-00151,REZUSDT,REZ,,2024-04-30 00:00:00 UTC,universe_onboard_date_midnight_proxy,2024-04-30,UNIVERSE_PIT,,,,not_matched_to_official_announcement,,False,,,,2024-04-30,2026-07-19,2026-06,2024-04-30,2024-05-29,2024-05-29,False,True,True,30,30,2,30,30,2,REZUSDT,30,REZUSDT,False,0,,2024-04-30,simultaneous_spot_perp,"Binance spot archive exists only within/near the pre-listing window, not full 30d",30,2,30,True,True,True,True,False,,,,200:30,200:2,200:30,200:8;404:30,222787572.57740003,7,200:7
P0RES018-00152,BBUSDT,BB,,2024-05-13 00:00:00 UTC,universe_onboard_date_midnight_proxy,2024-05-13,UNIVERSE_PIT,,,,not_matched_to_official_announcement,,False,,,,2024-05-13,2026-07-19,2026-06,2024-05-13,2024-06-11,2024-06-11,False,True,True,30,30,2,30,30,2,BBUSDT,30,BBUSDT,False,0,,2024-05-13,simultaneous_spot_perp,"Binance spot archive exists only within/near the pre-listing window, not full 30d",30,2,30,True,True,True,True,False,,,,200:30,200:2,200:30,200:8;404:30,239897649.14979994,7,200:7
P0RES018-00153,NOTUSDT,NOT,,2024-05-16 00:00:00 UTC,universe_onboard_date_midnight_proxy,2024-05-16,UNIVERSE_PIT,,,,not_matched_to_official_announcement,,False,,,,2024-05-16,2026-07-19,2026-06,2024-05-16,2024-06-14,2024-06-14,False,True,True,30,30,2,30,30,2,NOTUSDT,30,NOTUSDT,False,0,,2024-05-16,simultaneous_spot_perp,"Binance spot archive exists only within/near the pre-listing window, not full 30d",30,2,30,True,True,True,True,False,,,,200:30,200:2,200:30,200:8;404:30,404168259.07533801,7,200:7
P0RES018-00154,TURBOUSDT,TURBO,2024-05-30 13:28:21 UTC,2024-05-30 00:00:00 UTC,universe_onboard_date_midnight_proxy,2024-05-30,UNIVERSE_PIT,Binance Futures Will Launch USDT-Margined TURBO Perpetual Contract With Up to 50x Leverage,03b61187504b4a6fb6b48b63c47f6440,https://www.binance.com/en/support/announcement/03b61187504b4a6fb6b48b63c47f6440,symbol_only_no_effective_ts,Binance Futures Will Launch USDT-Margined TURBO Perpetual Contract With Up to 50x Leverage,False,,,,2024-05-30,2026-07-19,2026-06,2024-05-30,2024-06-28,2024-06-28,False,True,True,30,30,2,30,30,2,TURBOUSDT,30,,False,0,,,zero_base_new_asset,No Binance spot archive found in pre30 or near-listing probe window,30,2,30,True,True,True,True,False,,,,200:30,200:2,200:30,404:38,102019961.24138699,7,200:7
P0RES018-00155,IOUSDT,IO,,2024-06-11 00:00:00 UTC,universe_onboard_date_midnight_proxy,2024-06-11,UNIVERSE_PIT,,,,not_matched_to_official_announcement,,False,,,,2024-06-11,2026-07-19,2026-06,2024-06-11,2024-07-10,2024-07-10,False,True,True,30,30,2,30,30,2,IOUSDT,30,IOUSDT,False,0,,2024-06-11,simultaneous_spot_perp,"Binance spot archive exists only within/near the pre-listing window, not full 30d",29,2,30,False,True,True,False,False,2024-06-25,,,000:1;200:29,200:2,200:30,200:8;404:30,927212689.39870000,7,200:7
P0RES018-00156,MEWUSDT,MEW,,2024-06-17 00:00:00 UTC,universe_onboard_date_midnight_proxy,2024-06-17,UNIVERSE_PIT,,,,not_matched_to_official_announcement,,False,,,,2024-06-17,2026-07-19,2026-06,2024-06-17,2024-07-16,2024-07-16,False,True,True,30,30,2,30,30,2,MEWUSDT,30,,False,0,,,zero_base_new_asset,No Binance spot archive found in pre30 or near-listing probe window,30,2,30,True,True,True,True,False,,,,200:30,200:2,200:30,404:38,79411524.33140598,7,200:7
P0RES018-00157,ZKUSDT,ZK,,2024-06-17 00:00:00 UTC,universe_onboard_date_midnight_proxy,2024-06-17,UNIVERSE_PIT,,,,not_matched_to_official_announcement,,False,,,,2024-06-17,2026-07-19,2026-06,2024-06-17,2024-07-16,2024-07-16,False,True,True,30,30,2,30,30,2,ZKUSDT,30,ZKUSDT,False,0,,2024-06-17,simultaneous_spot_perp,"Binance spot archive exists only within/near the pre-listing window, not full 30d",30,2,30,True,True,True,True,False,,,,200:30,200:2,200:30,200:8;404:30,306545712.61270005,7,200:7
P0RES018-00158,LISTAUSDT,LISTA,,2024-06-20 00:00:00 UTC,universe_onboard_date_midnight_proxy,2024-06-20,UNIVERSE_PIT,,,,not_matched_to_official_announcement,,False,,,,2024-06-20,2026-07-19,2026-06,2024-06-20,2024-07-19,2024-07-19,False,True,True,30,30,2,30,30,2,LISTAUSDT,30,LISTAUSDT,False,0,,2024-06-20,simultaneous_spot_perp,"Binance spot archive exists only within/near the pre-listing window, not full 30d",30,2,30,True,True,True,True,False,,,,200:30,200:2,200:30,200:8;404:30,491491679.11350006,7,200:7
P0RES018-00159,ZROUSDT,ZRO,,2024-06-20 00:00:00 UTC,universe_onboard_date_midnight_proxy,2024-06-20,UNIVERSE_PIT,,,,not_matched_to_official_announcement,,False,,,,2024-06-20,2026-07-19,2026-06,2024-06-20,2024-07-19,2024-07-19,False,True,True,30,30,2,30,30,2,ZROUSDT,30,ZROUSDT,False,0,,2024-06-20,simultaneous_spot_perp,"Binance spot archive exists only within/near the pre-listing window, not full 30d",30,2,30,True,True,True,True,False,,,,200:30,200:2,200:30,200:8;404:30,197250962.27549997,7,200:7
P0RES018-00160,RENDERUSDT,RENDER,,2024-07-26 00:00:00 UTC,universe_onboard_date_midnight_proxy,2024-07-26,UNIVERSE_PIT,,,,not_matched_to_official_announcement,,False,,,,2024-07-26,2026-07-19,2026-06,2024-07-26,2024-08-24,2024-08-24,False,True,True,30,30,2,30,30,2,RENDERUSDT,30,RENDERUSDT,False,0,,2024-07-26,simultaneous_spot_perp,"Binance spot archive exists only within/near the pre-listing window, not full 30d",30,2,30,True,True,True,True,False,,,,200:30,200:2,200:30,200:8;404:30,23549792.70680000,7,200:7
P0RES018-00161,BANANAUSDT,BANANA,,2024-08-15 00:00:00 UTC,universe_onboard_date_midnight_proxy,2024-08-15,UNIVERSE_PIT,,,,not_matched_to_official_announcement,,False,,,,2024-08-15,2026-07-19,2026-06,2024-08-15,2024-09-13,2024-09-13,False,True,True,30,30,2,30,30,2,BANANAUSDT,30,BANANAUSDT,False,26,2024-07-16;2024-07-17;2024-07-18;2024-07-19,2024-08-15,simultaneous_spot_perp,"Binance spot archive exists only within/near the pre-listing window, not full 30d",30,2,30,True,True,True,True,False,,,,200:30,200:2,200:30,200:34;404:4,108540495.98739998,7,200:7
P0RES018-00162,GUSDT,G,2024-08-15 09:00:06 UTC,2024-08-15 00:00:00 UTC,universe_onboard_date_midnight_proxy,2024-08-15,UNIVERSE_PIT,Binance Futures Will Launch USDS-Margined G and RARE Perpetual Contracts With Up to 50x Leverage,44bfa36ce0014714bbe2ee096d94d982,https://www.binance.com/en/support/announcement/44bfa36ce0014714bbe2ee096d94d982,symbol_only_no_effective_ts,Binance Futures Will Launch USDS-Margined G and RARE Perpetual Contracts With Up to 50x Leverage,False,,,,2024-08-15,2026-07-19,2026-06,2024-08-15,2024-09-13,2024-09-13,False,True,True,30,30,2,30,30,2,GUSDT,30,GUSDT,False,27,2024-07-16;2024-07-17;2024-07-18,2024-08-15,simultaneous_spot_perp,"Binance spot archive exists only within/near the pre-listing window, not full 30d",30,2,30,True,True,True,True,False,,,,200:30,200:2,200:30,200:35;404:3,23665927.92505000,7,200:7
P0RES018-00163,RAREUSDT,RARE,2024-08-15 09:00:06 UTC,2024-08-15 00:00:00 UTC,universe_onboard_date_midnight_proxy,2024-08-15,UNIVERSE_PIT,Binance Futures Will Launch USDS-Margined G and RARE Perpetual Contracts With Up to 50x Leverage,44bfa36ce0014714bbe2ee096d94d982,https://www.binance.com/en/support/announcement/44bfa36ce0014714bbe2ee096d94d982,symbol_only_no_effective_ts,Binance Futures Will Launch USDS-Margined G and RARE Perpetual Contracts With Up to 50x Leverage,False,,,,2024-08-15,2026-07-19,2026-06,2024-08-15,2024-09-13,2024-09-13,False,True,True,30,30,2,30,30,2,RAREUSDT,30,RAREUSDT,True,30,,2024-08-15,existing_spot_then_perp,Binance spot 1h daily archive complete for 30 calendar days before perp listing,30,2,30,True,True,True,True,True,,,,200:30,200:2,200:30,200:38,1388151385.87939978,7,200:7
P0RES018-00164,SYNUSDT,SYN,2024-08-16 08:30:02 UTC,2024-08-16 00:00:00 UTC,universe_onboard_date_midnight_proxy,2024-08-16,UNIVERSE_PIT,Binance Futures Will Launch USDS-Margined SYN Perpetual Contract With up to 50x Leverage,016d5773ad3b4d27bb17266161e130a3,https://www.binance.com/en/support/announcement/016d5773ad3b4d27bb17266161e130a3,symbol_only_no_effective_ts,Binance Futures Will Launch USDS-Margined SYN Perpetual Contract With up to 50x Leverage,False,,,,2024-08-16,2026-07-19,2026-06,2024-08-16,2024-09-14,2024-09-14,False,True,True,30,30,2,30,30,2,SYNUSDT,30,SYNUSDT,True,30,,2024-08-16,existing_spot_then_perp,Binance spot 1h daily archive complete for 30 calendar days before perp listing,30,2,30,True,True,True,True,True,,,,200:30,200:2,200:30,200:38,108117209.06520002,7,200:7
P0RES018-00165,SYSUSDT,SYS,2024-08-19 07:00:08 UTC,2024-08-19 00:00:00 UTC,universe_onboard_date_midnight_proxy,2024-08-19,UNIVERSE_PIT,Binance Futures Will Launch USDS-Margined SYS Perpetual Contract With up to 50x Leverage,c580a3bfd1624636849e277ac9b97a4f,https://www.binance.com/en/support/announcement/c580a3bfd1624636849e277ac9b97a4f,symbol_only_no_effective_ts,Binance Futures Will Launch USDS-Margined SYS Perpetual Contract With up to 50x Leverage,True,2026-05-19 00:00:00 UTC,UNIVERSE_PIT_delist_date_midnight_proxy,2026-05-19,2024-08-19,2026-07-19,2026-06,2024-08-19,2024-09-17,2024-09-17,False,True,True,30,30,2,30,30,2,SYSUSDT,30,SYSUSDT,True,30,,2024-08-19,existing_spot_then_perp,Binance spot 1h daily archive complete for 30 calendar days before perp listing,30,2,30,True,True,True,True,True,,,,200:30,200:2,200:30,200:38,66478171.22930000,7,200:7
P0RES018-00166,BRETTUSDT,BRETT,2024-08-20 09:00:06 UTC,2024-08-20 00:00:00 UTC,universe_onboard_date_midnight_proxy,2024-08-20,UNIVERSE_PIT,Binance Futures Will Launch USDS-Margined BRETT Perpetual Contract With up to 50x Leverage,679489378226489d8247e4bd3cd5352a,https://www.binance.com/en/support/announcement/679489378226489d8247e4bd3cd5352a,symbol_only_no_effective_ts,Binance Futures Will Launch USDS-Margined BRETT Perpetual Contract With up to 50x Leverage,False,,,,2024-08-20,2026-07-19,2026-06,2024-08-20,2024-09-18,2024-09-18,False,True,True,30,30,2,30,30,2,BRETTUSDT,30,,False,0,,,zero_base_new_asset,No Binance spot archive found in pre30 or near-listing probe window,30,2,30,True,True,True,True,False,,,,200:30,200:2,200:30,404:38,28444902.36502000,7,200:7
P0RES018-00167,VOXELUSDT,VOXEL,2024-08-20 08:30:06 UTC,2024-08-20 00:00:00 UTC,universe_onboard_date_midnight_proxy,2024-08-20,UNIVERSE_PIT,Binance Futures Will Launch USDS-Margined VOXEL Perpetual Contract With up to 50x Leverage,e1ed21ef41494e02ae5c2c4cde57c766,https://www.binance.com/en/support/announcement/e1ed21ef41494e02ae5c2c4cde57c766,symbol_only_no_effective_ts,Binance Futures Will Launch USDS-Margined VOXEL Perpetual Contract With up to 50x Leverage,True,2025-12-10 09:00:00 UTC,p0res010_delist_inventory,2025-12-10,2024-08-20,2026-07-19,2026-06,2024-08-20,2024-09-18,2024-09-18,False,True,True,30,30,2,30,30,2,VOXELUSDT,30,VOXELUSDT,True,30,,2024-08-20,existing_spot_then_perp,Binance spot 1h daily archive complete for 30 calendar days before perp listing,30,2,30,True,True,True,True,True,,,,200:30,200:2,200:30,200:38,96423332.05670001,7,200:7
P0RES018-00168,ALPACAUSDT,ALPACA,2024-08-22 08:30:03 UTC,2024-08-22 00:00:00 UTC,universe_onboard_date_midnight_proxy,2024-08-22,UNIVERSE_PIT,Binance Futures Will Launch USDS-Margined ALPACA Perpetual Contract With up to 75x Leverage,f8b2f7930f6149f29a6dbc3452da0820,https://www.binance.com/en/support/announcement/f8b2f7930f6149f29a6dbc3452da0820,symbol_only_no_effective_ts,Binance Futures Will Launch USDS-Margined ALPACA Perpetual Contract With up to 75x Leverage,True,2025-04-30 00:00:00 UTC,UNIVERSE_PIT_delist_date_midnight_proxy,2025-04-30,2024-08-22,2026-07-19,2026-06,2024-08-22,2024-09-20,2024-09-20,False,True,True,30,30,2,30,30,2,ALPACAUSDT,30,ALPACAUSDT,True,30,,2024-08-22,existing_spot_then_perp,Binance spot 1h daily archive complete for 30 calendar days before perp listing,30,2,30,True,True,True,True,True,,,,200:30,200:2,200:30,200:38,236236749.94064999,7,200:7
P0RES018-00169,POPCATUSDT,POPCAT,2024-08-22 11:24:42 UTC,2024-08-22 00:00:00 UTC,universe_onboard_date_midnight_proxy,2024-08-22,UNIVERSE_PIT,Binance Futures Will Launch USDS-Margined POPCAT and SUN Perpetual Contracts With Up to 75x Leverage,adac46dd47b142aebfa1c003c17af568,https://www.binance.com/en/support/announcement/adac46dd47b142aebfa1c003c17af568,symbol_only_no_effective_ts,Binance Futures Will Launch USDS-Margined POPCAT and SUN Perpetual Contracts With Up to 75x Leverage,False,,,,2024-08-22,2026-07-19,2026-06,2024-08-22,2024-09-20,2024-09-20,False,True,True,30,30,2,30,30,2,POPCATUSDT,30,,False,0,,,zero_base_new_asset,No Binance spot archive found in pre30 or near-listing probe window,30,2,30,True,True,True,True,False,,,,200:30,200:2,200:30,404:38,104155089.02470000,7,200:7
P0RES018-00170,SUNUSDT,SUN,2024-08-22 11:24:42 UTC,2024-08-22 00:00:00 UTC,universe_onboard_date_midnight_proxy,2024-08-22,UNIVERSE_PIT,Binance Futures Will Launch USDS-Margined POPCAT and SUN Perpetual Contracts With Up to 75x Leverage,adac46dd47b142aebfa1c003c17af568,https://www.binance.com/en/support/announcement/adac46dd47b142aebfa1c003c17af568,symbol_only_no_effective_ts,Binance Futures Will Launch USDS-Margined POPCAT and SUN Perpetual Contracts With Up to 75x Leverage,False,,,,2024-08-22,2026-07-19,2026-06,2024-08-22,2024-09-20,2024-09-20,False,True,True,30,30,2,30,30,2,SUNUSDT,30,SUNUSDT,True,30,,2024-08-22,existing_spot_then_perp,Binance spot 1h daily archive complete for 30 calendar days before perp listing,30,2,30,True,True,True,True,True,,,,200:30,200:2,200:30,200:38,623212026.47223902,7,200:7
P0RES018-00171,VIDTUSDT,VIDT,2024-08-23 07:30:02 UTC,2024-08-23 00:00:00 UTC,universe_onboard_date_midnight_proxy,2024-08-23,UNIVERSE_PIT,Binance Futures Will Launch USDS-Margined VIDT Perpetual Contract With up to 75x Leverage,a4e1e35e26b34b6ebbf808cb8ac676d2,https://www.binance.com/en/support/announcement/a4e1e35e26b34b6ebbf808cb8ac676d2,symbol_only_no_effective_ts,Binance Futures Will Launch USDS-Margined VIDT Perpetual Contract With up to 75x Leverage,True,2025-04-14 00:00:00 UTC,UNIVERSE_PIT_delist_date_midnight_proxy,2025-04-14,2024-08-23,2026-07-19,2026-06,2024-08-23,2024-09-21,2024-09-21,False,True,True,30,30,2,30,30,2,VIDTUSDT,30,VIDTUSDT,True,30,,2024-08-23,existing_spot_then_perp,Binance spot 1h daily archive complete for 30 calendar days before perp listing,30,2,30,True,True,True,True,True,,,,200:30,200:2,200:30,200:38,208653736.51787996,7,200:7
P0RES018-00172,DOGSUSDT,DOGS,2024-08-26 07:30:01 UTC,2024-08-26 00:00:00 UTC,universe_onboard_date_midnight_proxy,2024-08-26,UNIVERSE_PIT,Binance Futures Will Launch USDS-Margined NULS and DOGS Perpetual Contracts With up to 75x Leverage,54cf9ec60fc244e3af12beb950e764bd,https://www.binance.com/en/support/announcement/54cf9ec60fc244e3af12beb950e764bd,symbol_only_no_effective_ts,Binance Futures Will Launch USDS-Margined NULS and DOGS Perpetual Contracts With up to 75x Leverage,False,,,,2024-08-26,2026-07-19,2026-06,2024-08-26,2024-09-24,2024-09-24,False,True,True,30,30,2,30,30,2,DOGSUSDT,30,DOGSUSDT,False,0,,2024-08-26,simultaneous_spot_perp,"Binance spot archive exists only within/near the pre-listing window, not full 30d",30,2,30,True,True,True,True,False,,,,200:30,200:2,200:30,200:8;404:30,984537695.11997366,7,200:7
P0RES018-00173,NULSUSDT,NULS,2024-08-26 07:30:01 UTC,2024-08-26 00:00:00 UTC,universe_onboard_date_midnight_proxy,2024-08-26,UNIVERSE_PIT,Binance Futures Will Launch USDS-Margined NULS and DOGS Perpetual Contracts With up to 75x Leverage,54cf9ec60fc244e3af12beb950e764bd,https://www.binance.com/en/support/announcement/54cf9ec60fc244e3af12beb950e764bd,symbol_only_no_effective_ts,Binance Futures Will Launch USDS-Margined NULS and DOGS Perpetual Contracts With up to 75x Leverage,True,2025-04-14 00:00:00 UTC,UNIVERSE_PIT_delist_date_midnight_proxy,2025-04-14,2024-08-26,2026-07-19,2026-06,2024-08-26,2024-09-24,2024-09-24,False,True,True,30,30,2,30,30,2,NULSUSDT,30,NULSUSDT,True,30,,2024-08-26,existing_spot_then_perp,Binance spot 1h daily archive complete for 30 calendar days before perp listing,30,2,30,True,True,True,True,True,,,,200:30,200:2,200:30,200:38,44053194.37270001,7,200:7
P0RES018-00174,MBOXUSDT,MBOX,2024-08-28 08:30:04 UTC,2024-08-28 00:00:00 UTC,universe_onboard_date_midnight_proxy,2024-08-28,UNIVERSE_PIT,Binance Futures Will Launch USDS-Margined MBOX Perpetual Contract With up to 75x Leverage,6d9d629b06cc4e958ff964000f7e0dfd,https://www.binance.com/en/support/announcement/6d9d629b06cc4e958ff964000f7e0dfd,symbol_only_no_effective_ts,Binance Futures Will Launch USDS-Margined MBOX Perpetual Contract With up to 75x Leverage,True,2026-06-11 00:00:00 UTC,UNIVERSE_PIT_delist_date_midnight_proxy,2026-06-11,2024-08-28,2026-07-19,2026-06,2024-08-28,2024-09-26,2024-09-26,False,True,True,30,30,2,30,30,2,MBOXUSDT,30,MBOXUSDT,True,30,,2024-08-28,existing_spot_then_perp,Binance spot 1h daily archive complete for 30 calendar days before perp listing,30,2,30,True,True,True,True,True,,,,200:30,200:2,200:30,200:38,18467422.18000000,7,200:7
P0RES018-00175,CHESSUSDT,CHESS,2024-08-29 06:30:04 UTC,2024-08-29 00:00:00 UTC,universe_onboard_date_midnight_proxy,2024-08-29,UNIVERSE_PIT,Binance Futures Will Launch USDS-Margined CHESS Perpetual Contract With up to 75x Leverage,93680bfd97264b48ae322fddd9f76723,https://www.binance.com/en/support/announcement/93680bfd97264b48ae322fddd9f76723,symbol_only_no_effective_ts,Binance Futures Will Launch USDS-Margined CHESS Perpetual Contract With up to 75x Leverage,True,2026-02-06 00:00:00 UTC,UNIVERSE_PIT_delist_date_midnight_proxy,2026-02-06,2024-08-29,2026-07-19,2026-06,2024-08-29,2024-09-27,2024-09-27,False,True,True,30,30,2,30,30,2,CHESSUSDT,30,CHESSUSDT,True,30,,2024-08-29,existing_spot_then_perp,Binance spot 1h daily archive complete for 30 calendar days before perp listing,30,2,30,True,True,True,True,True,,,,200:30,200:2,200:30,200:38,30211547.65000001,7,200:7
P0RES018-00176,FLUXUSDT,FLUX,2024-09-03 06:00:24 UTC,2024-09-03 00:00:00 UTC,universe_onboard_date_midnight_proxy,2024-09-03,UNIVERSE_PIT,Binance Futures Will Launch USDS-Margined FLUX Perpetual Contract With up to 75x Leverage,a94c75d222eb4eeab209f805ecc1dd85,https://www.binance.com/en/support/announcement/a94c75d222eb4eeab209f805ecc1dd85,symbol_only_no_effective_ts,Binance Futures Will Launch USDS-Margined FLUX Perpetual Contract With up to 75x Leverage,False,,,,2024-09-03,2026-07-19,2026-06,2024-09-03,2024-10-02,2024-10-02,False,True,True,30,30,2,30,30,2,FLUXUSDT,30,FLUXUSDT,True,30,,2024-09-03,existing_spot_then_perp,Binance spot 1h daily archive complete for 30 calendar days before perp listing,30,2,30,True,True,True,True,True,,,,200:30,200:2,200:30,200:38,24587121.16099999,7,200:7
P0RES018-00177,BSWUSDT,BSW,2024-09-05 05:00:04 UTC,2024-09-05 00:00:00 UTC,universe_onboard_date_midnight_proxy,2024-09-05,UNIVERSE_PIT,Binance Futures Will Launch USDS-Margined BSW Perpetual Contract With up to 75x Leverage,8313dd4c2dcd4285806f9b57c063154a,https://www.binance.com/en/support/announcement/8313dd4c2dcd4285806f9b57c063154a,symbol_only_no_effective_ts,Binance Futures Will Launch USDS-Margined BSW Perpetual Contract With up to 75x Leverage,True,2025-09-15 00:00:00 UTC,UNIVERSE_PIT_delist_date_midnight_proxy,2025-09-15,2024-09-05,2026-07-19,2026-06,2024-09-05,2024-10-04,2024-10-04,False,True,True,30,30,2,30,30,2,BSWUSDT,30,BSWUSDT,True,30,,2024-09-05,existing_spot_then_perp,Binance spot 1h daily archive complete for 30 calendar days before perp listing,30,2,30,True,True,True,True,True,,,,200:30,200:2,200:30,200:38,6895270.19078000,7,200:7
P0RES018-00178,NEIROETHUSDT,NEIROETH,2024-09-06 13:00:15 UTC,2024-09-06 00:00:00 UTC,universe_onboard_date_midnight_proxy,2024-09-06,UNIVERSE_PIT,Binance Futures Will Launch USDS-Margined NEIROETH Perpetual Contract With up to 75x Leverage,30544d1d081a440eb05b576f4c80158c,https://www.binance.com/en/support/announcement/30544d1d081a440eb05b576f4c80158c,symbol_only_no_effective_ts,Binance Futures Will Launch USDS-Margined NEIROETH Perpetual Contract With up to 75x Leverage,True,2025-09-26 00:00:00 UTC,UNIVERSE_PIT_delist_date_midnight_proxy,2025-09-26,2024-09-06,2026-07-19,2026-06,2024-09-06,2024-10-05,2024-10-05,False,True,True,30,30,2,30,30,2,NEIROETHUSDT,30,,False,0,,,zero_base_new_asset,No Binance spot archive found in pre30 or near-listing probe window,30,2,30,True,True,True,True,False,,,,200:30,200:2,200:30,404:38,456015193.48190004,7,200:7
P0RES018-00179,QUICKUSDT,QUICK,2024-09-06 04:00:01 UTC,2024-09-06 00:00:00 UTC,universe_onboard_date_midnight_proxy,2024-09-06,UNIVERSE_PIT,Binance Futures Will Launch USDS-Margined QUICK Perpetual Contract With up to 75x Leverage,bf54c97c02e146848eb2c4584849a207,https://www.binance.com/en/support/announcement/bf54c97c02e146848eb2c4584849a207,symbol_only_no_effective_ts,Binance Futures Will Launch USDS-Margined QUICK Perpetual Contract With up to 75x Leverage,True,2025-11-28 09:00:00 UTC,p0res010_delist_inventory,2025-11-28,2024-09-06,2026-07-19,2026-06,2024-09-06,2024-10-05,2024-10-05,False,True,True,30,30,2,30,30,2,QUICKUSDT,30,QUICKUSDT,True,30,,2024-09-06,existing_spot_then_perp,Binance spot 1h daily archive complete for 30 calendar days before perp listing,30,2,30,True,True,True,True,True,,,,200:30,200:2,200:30,200:38,17179717.02259000,7,200:7
P0RES018-00180,RPLUSDT,RPL,2024-09-09 10:30:01 UTC,2024-09-09 00:00:00 UTC,universe_onboard_date_midnight_proxy,2024-09-09,UNIVERSE_PIT,Binance Futures Will Launch USDS-Margined RPL Perpetual Contract With up to 75x Leverage,1aa255e593f140c3a7d76f543ed4a540,https://www.binance.com/en/support/announcement/1aa255e593f140c3a7d76f543ed4a540,symbol_only_no_effective_ts,Binance Futures Will Launch USDS-Margined RPL Perpetual Contract With up to 75x Leverage,False,,,,2024-09-09,2026-07-19,2026-06,2024-09-09,2024-10-08,2024-10-08,False,True,True,30,30,2,30,30,2,RPLUSDT,30,RPLUSDT,True,30,,2024-09-09,existing_spot_then_perp,Binance spot 1h daily archive complete for 30 calendar days before perp listing,30,2,30,True,True,True,True,True,,,,200:30,200:2,200:30,200:38,14948821.61100000,7,200:7
P0RES018-00181,POLUSDT,POL,,2024-09-13 00:00:00 UTC,universe_onboard_date_midnight_proxy,2024-09-13,UNIVERSE_PIT,,,,not_matched_to_official_announcement,,False,,,,2024-09-13,2026-07-19,2026-06,2024-09-13,2024-10-12,2024-10-12,False,True,True,30,30,2,30,30,2,POLUSDT,30,POLUSDT,False,0,,2024-09-13,simultaneous_spot_perp,"Binance spot archive exists only within/near the pre-listing window, not full 30d",30,2,30,True,True,True,True,False,,,,200:30,200:2,200:30,200:8;404:30,56454611.61860000,7,200:7
P0RES018-00182,UXLINKUSDT,UXLINK,2024-09-15 13:04:32 UTC,2024-09-15 00:00:00 UTC,universe_onboard_date_midnight_proxy,2024-09-15,UNIVERSE_PIT,Binance Futures Will Launch USDS-Margined UXLINK Perpetual Contract With up to 75x Leverage,9b691e1dece149c08d5fc0918d4bb9fb,https://www.binance.com/en/support/announcement/9b691e1dece149c08d5fc0918d4bb9fb,symbol_only_no_effective_ts,Binance Futures Will Launch USDS-Margined UXLINK Perpetual Contract With up to 75x Leverage,True,2025-09-26 00:00:00 UTC,UNIVERSE_PIT_delist_date_midnight_proxy,2025-09-26,2024-09-15,2026-07-19,2026-06,2024-09-15,2024-10-14,2024-10-14,False,True,True,30,30,2,30,30,2,UXLINKUSDT,30,,False,0,,,zero_base_new_asset,No Binance spot archive found in pre30 or near-listing probe window,30,2,30,True,True,True,True,False,,,,200:30,200:2,200:30,404:38,394817117.16580009,7,200:7
P0RES018-00183,1MBABYDOGEUSDT,1MBABYDOGE,2024-09-16 08:30:35 UTC,2024-09-16 00:00:00 UTC,universe_onboard_date_midnight_proxy,2024-09-16,UNIVERSE_PIT,Binance Futures Will Launch USDS-Margined NEIROUSDT and 1MBABYDOGEUSDT Perpetual Contracts With up to 75x Leverage,7fc53c11624b4d788fa97521a3480cda,https://www.binance.com/en/support/announcement/7fc53c11624b4d788fa97521a3480cda,symbol_only_no_effective_ts,Binance Futures Will Launch USDS-Margined NEIROUSDT and 1MBABYDOGEUSDT Perpetual Contracts With up to 75x Leverage,False,,,,2024-09-16,2026-07-19,2026-06,2024-09-16,2024-10-15,2024-10-15,False,True,True,30,30,2,30,30,2,1MBABYDOGEUSDT,30,1MBABYDOGEUSDT,False,0,,2024-09-16,simultaneous_spot_perp,"Binance spot archive exists only within/near the pre-listing window, not full 30d",30,2,30,True,True,True,True,False,,,,200:30,200:2,200:30,200:8;404:30,330260973.75028270,7,200:7
P0RES018-00184,NEIROUSDT,NEIRO,2024-09-16 08:30:35 UTC,2024-09-16 00:00:00 UTC,universe_onboard_date_midnight_proxy,2024-09-16,UNIVERSE_PIT,Binance Futures Will Launch USDS-Margined NEIROUSDT and 1MBABYDOGEUSDT Perpetual Contracts With up to 75x Leverage,7fc53c11624b4d788fa97521a3480cda,https://www.binance.com/en/support/announcement/7fc53c11624b4d788fa97521a3480cda,symbol_only_no_effective_ts,Binance Futures Will Launch USDS-Margined NEIROUSDT and 1MBABYDOGEUSDT Perpetual Contracts With up to 75x Leverage,False,,,,2024-09-16,2026-07-19,2026-06,2024-09-16,2024-10-15,2024-10-15,False,True,True,30,30,2,30,30,2,NEIROUSDT,30,NEIROUSDT,False,0,,2024-09-16,simultaneous_spot_perp,"Binance spot archive exists only within/near the pre-listing window, not full 30d",30,2,30,True,True,True,True,False,,,,200:30,200:2,200:30,200:8;404:30,997545061.63877070,7,200:7
P0RES018-00185,KDAUSDT,KDA,2024-09-18 11:30:01 UTC,2024-09-18 00:00:00 UTC,universe_onboard_date_midnight_proxy,2024-09-18,UNIVERSE_PIT,Binance Futures Will Launch USDS-Margined KDAUSDT Perpetual Contract With up to 75x Leverage,abfcc4f0f4424827925ab6280e02d989,https://www.binance.com/en/support/announcement/abfcc4f0f4424827925ab6280e02d989,symbol_only_no_effective_ts,Binance Futures Will Launch USDS-Margined KDAUSDT Perpetual Contract With up to 75x Leverage,True,2025-11-06 09:00:00 UTC,p0res010_delist_inventory,2025-11-06,2024-09-18,2026-07-19,2026-06,2024-09-18,2024-10-17,2024-10-17,False,True,True,30,30,2,30,30,2,KDAUSDT,30,KDAUSDT,True,30,,2024-09-18,existing_spot_then_perp,Binance spot 1h daily archive complete for 30 calendar days before perp listing,30,2,30,True,True,True,True,True,,,,200:30,200:2,200:30,200:38,17331800.77920000,7,200:7
P0RES018-00186,FIDAUSDT,FIDA,2024-09-19 10:30:22 UTC,2024-09-19 00:00:00 UTC,universe_onboard_date_midnight_proxy,2024-09-19,UNIVERSE_PIT,Binance Futures Will Launch USDS-Margined FIDAUSDT Perpetual Contract With up to 75x Leverage,967f02731484419086c460185c1be4f8,https://www.binance.com/en/support/announcement/967f02731484419086c460185c1be4f8,symbol_only_no_effective_ts,Binance Futures Will Launch USDS-Margined FIDAUSDT Perpetual Contract With up to 75x Leverage,False,,,,2024-09-19,2026-07-19,2026-06,2024-09-19,2024-10-18,2024-10-18,False,True,True,30,30,2,30,30,2,FIDAUSDT,30,FIDAUSDT,True,30,,2024-09-19,existing_spot_then_perp,Binance spot 1h daily archive complete for 30 calendar days before perp listing,30,2,30,True,True,True,True,True,,,,200:30,200:2,200:30,200:38,108187614.40229999,7,200:7
P0RES018-00187,CATIUSDT,CATI,2024-09-16 10:30:02 UTC,2024-09-20 00:00:00 UTC,universe_onboard_date_midnight_proxy,2024-09-20,UNIVERSE_PIT,Binance Futures Will Launch USDS-Margined CATIUSDT and HMSTRUSDT Perpetual Contracts With up to 75x Leverage,cc509cb14e244c4b9be2cea3b0998bcd,https://www.binance.com/en/support/announcement/cc509cb14e244c4b9be2cea3b0998bcd,symbol_only_no_effective_ts,Binance Futures Will Launch USDS-Margined CATIUSDT and HMSTRUSDT Perpetual Contracts With up to 75x Leverage,False,,,,2024-09-20,2026-07-19,2026-06,2024-09-20,2024-10-19,2024-10-19,False,True,True,30,30,2,30,30,2,CATIUSDT,30,CATIUSDT,False,0,,2024-09-20,simultaneous_spot_perp,"Binance spot archive exists only within/near the pre-listing window, not full 30d",30,2,30,True,True,True,True,False,,,,200:30,200:2,200:30,200:8;404:30,458308077.39599997,7,200:7
P0RES018-00188,FIOUSDT,FIO,2024-09-20 09:30:12 UTC,2024-09-20 00:00:00 UTC,universe_onboard_date_midnight_proxy,2024-09-20,UNIVERSE_PIT,Binance Futures Will Launch USDS-Margined FIOUSDT Perpetual Contract With up to 75x Leverage,6313150ba4994a3db95d7685931e81be,https://www.binance.com/en/support/announcement/6313150ba4994a3db95d7685931e81be,symbol_only_no_effective_ts,Binance Futures Will Launch USDS-Margined FIOUSDT Perpetual Contract With up to 75x Leverage,True,2026-04-15 00:00:00 UTC,UNIVERSE_PIT_delist_date_midnight_proxy,2026-04-15,2024-09-20,2026-07-19,2026-06,2024-09-20,2024-10-19,2024-10-19,False,True,True,30,30,2,30,30,2,FIOUSDT,30,FIOUSDT,True,30,,2024-09-20,existing_spot_then_perp,Binance spot 1h daily archive complete for 30 calendar days before perp listing,30,2,30,True,True,True,True,True,,,,200:30,200:2,200:30,200:38,58744996.37464002,7,200:7
P0RES018-00189,GHSTUSDT,GHST,2024-09-23 11:00:06 UTC,2024-09-23 00:00:00 UTC,universe_onboard_date_midnight_proxy,2024-09-23,UNIVERSE_PIT,Binance Futures Will Launch USDS-Margined GHSTUSDT Perpetual Contract With up to 75x Leverage,5525973324074b1bb539bbf44ced52af,https://www.binance.com/en/support/announcement/5525973324074b1bb539bbf44ced52af,symbol_only_no_effective_ts,Binance Futures Will Launch USDS-Margined GHSTUSDT Perpetual Contract With up to 75x Leverage,True,2026-02-06 00:00:00 UTC,UNIVERSE_PIT_delist_date_midnight_proxy,2026-02-06,2024-09-23,2026-07-19,2026-06,2024-09-23,2024-10-22,2024-10-22,False,True,True,30,30,2,30,30,2,GHSTUSDT,30,GHSTUSDT,True,30,,2024-09-23,existing_spot_then_perp,Binance spot 1h daily archive complete for 30 calendar days before perp listing,30,2,30,True,True,True,True,True,,,,200:30,200:2,200:30,200:38,13917084.62500000,7,200:7
P0RES018-00190,LOKAUSDT,LOKA,2024-09-24 09:30:11 UTC,2024-09-24 00:00:00 UTC,universe_onboard_date_midnight_proxy,2024-09-24,UNIVERSE_PIT,Binance Futures Will Launch USDS-Margined LOKAUSDT Perpetual Contract With up to 75x Leverage,c89673cbbb594b24b4b00e482c65b694,https://www.binance.com/en/support/announcement/c89673cbbb594b24b4b00e482c65b694,symbol_only_no_effective_ts,Binance Futures Will Launch USDS-Margined LOKAUSDT Perpetual Contract With up to 75x Leverage,True,2025-07-21 00:00:00 UTC,UNIVERSE_PIT_delist_date_midnight_proxy,2025-07-21,2024-09-24,2026-07-19,2026-06,2024-09-24,2024-10-23,2024-10-23,False,True,True,30,30,2,30,30,2,LOKAUSDT,30,LOKAUSDT,True,30,,2024-09-24,existing_spot_then_perp,Binance spot 1h daily archive complete for 30 calendar days before perp listing,30,2,30,True,True,True,True,True,,,,200:30,200:2,200:30,200:38,10360040.22320000,7,200:7
P0RES018-00191,HMSTRUSDT,HMSTR,2024-09-16 10:30:02 UTC,2024-09-26 00:00:00 UTC,universe_onboard_date_midnight_proxy,2024-09-26,UNIVERSE_PIT,Binance Futures Will Launch USDS-Margined CATIUSDT and HMSTRUSDT Perpetual Contracts With up to 75x Leverage,cc509cb14e244c4b9be2cea3b0998bcd,https://www.binance.com/en/support/announcement/cc509cb14e244c4b9be2cea3b0998bcd,symbol_only_no_effective_ts,Binance Futures Will Launch USDS-Margined CATIUSDT and HMSTRUSDT Perpetual Contracts With up to 75x Leverage,False,,,,2024-09-26,2026-07-19,2026-06,2024-09-26,2024-10-25,2024-10-25,False,True,True,30,30,2,30,30,2,HMSTRUSDT,30,HMSTRUSDT,False,0,,2024-09-26,simultaneous_spot_perp,"Binance spot archive exists only within/near the pre-listing window, not full 30d",30,2,30,True,True,True,True,False,,,,200:30,200:2,200:30,200:8;404:30,352848250.59860200,7,200:7
P0RES018-00192,REIUSDT,REI,2024-09-27 09:00:03 UTC,2024-09-27 00:00:00 UTC,universe_onboard_date_midnight_proxy,2024-09-27,UNIVERSE_PIT,Binance Futures Will Launch USDS-Margined REIUSDT Perpetual Contract With up to 75x Leverage,a066420d0be84b5c9318e6603c33974e,https://www.binance.com/en/support/announcement/a066420d0be84b5c9318e6603c33974e,symbol_only_no_effective_ts,Binance Futures Will Launch USDS-Margined REIUSDT Perpetual Contract With up to 75x Leverage,True,2025-12-10 09:00:00 UTC,p0res010_delist_inventory,2025-12-10,2024-09-27,2026-07-19,2026-06,2024-09-27,2024-10-26,2024-10-26,False,True,True,30,30,2,30,30,2,REIUSDT,30,REIUSDT,True,30,,2024-09-27,existing_spot_then_perp,Binance spot 1h daily archive complete for 30 calendar days before perp listing,30,2,30,True,True,True,True,True,,,,200:30,200:2,200:30,200:38,14391809.30389000,7,200:7
P0RES018-00193,COSUSDT,COS,2024-09-30 10:40:57 UTC,2024-09-30 00:00:00 UTC,universe_onboard_date_midnight_proxy,2024-09-30,UNIVERSE_PIT,Binance Futures Will Launch USDS-Margined COSUSDT Perpetual Contract With up to 75x Leverage,525dd04788a54d1eb762330ab7808b82,https://www.binance.com/en/support/announcement/525dd04788a54d1eb762330ab7808b82,symbol_only_no_effective_ts,Binance Futures Will Launch USDS-Margined COSUSDT Perpetual Contract With up to 75x Leverage,True,2026-06-11 00:00:00 UTC,UNIVERSE_PIT_delist_date_midnight_proxy,2026-06-11,2024-09-30,2026-07-19,2026-06,2024-09-30,2024-10-29,2024-10-29,False,True,True,30,30,2,30,30,2,COSUSDT,30,COSUSDT,True,30,,2024-09-30,existing_spot_then_perp,Binance spot 1h daily archive complete for 30 calendar days before perp listing,30,2,30,True,True,True,True,True,,,,200:30,200:2,200:30,200:38,8685072.80309600,7,200:7
P0RES018-00194,EIGENUSDT,EIGEN,,2024-10-01 00:00:00 UTC,universe_onboard_date_midnight_proxy,2024-10-01,UNIVERSE_PIT,,,,not_matched_to_official_announcement,,False,,,,2024-10-01,2026-07-19,2026-06,2024-10-01,2024-10-30,2024-10-30,False,True,True,30,30,1,30,30,1,EIGENUSDT,30,EIGENUSDT,False,0,,2024-10-01,simultaneous_spot_perp,"Binance spot archive exists only within/near the pre-listing window, not full 30d",30,1,30,True,True,True,True,False,,,,200:30,200:1,200:30,200:8;404:30,303327250.95270002,7,200:7
P0RES018-00195,DIAUSDT,DIA,2024-10-02 10:32:24 UTC,2024-10-02 00:00:00 UTC,universe_onboard_date_midnight_proxy,2024-10-02,UNIVERSE_PIT,Binance Futures Will Launch USDS-Margined DIAUSDT Perpetual Contract With up to 75x Leverage,b2552cf226ed409990663ea2a8fc089f,https://www.binance.com/en/support/announcement/b2552cf226ed409990663ea2a8fc089f,symbol_only_no_effective_ts,Binance Futures Will Launch USDS-Margined DIAUSDT Perpetual Contract With up to 75x Leverage,False,,,,2024-10-02,2026-07-19,2026-06,2024-10-02,2024-10-31,2024-10-31,False,True,True,30,30,1,30,30,1,DIAUSDT,30,DIAUSDT,True,30,,2024-10-02,existing_spot_then_perp,Binance spot 1h daily archive complete for 30 calendar days before perp listing,30,1,30,True,True,True,True,True,,,,200:30,200:1,200:30,200:38,133071709.90340000,7,200:7
P0RES018-00196,1000CATUSDT,1000CAT,2024-10-21 10:30:38 UTC,2024-10-21 00:00:00 UTC,universe_onboard_date_midnight_proxy,2024-10-21,UNIVERSE_PIT,Binance Futures Will Launch USDS-Margined 1000CATUSDT Perpetual Contract With up to 75x Leverage,ed43b9b4d8f8471087b6d200bffcb4ff,https://www.binance.com/en/support/announcement/ed43b9b4d8f8471087b6d200bffcb4ff,symbol_only_no_effective_ts,Binance Futures Will Launch USDS-Margined 1000CATUSDT Perpetual Contract With up to 75x Leverage,False,,,,2024-10-21,2026-07-19,2026-06,2024-10-21,2024-11-19,2024-11-19,False,True,True,30,30,2,30,30,2,1000CATUSDT;CATUSDT,30,,False,0,,,zero_base_new_asset,No Binance spot archive found in pre30 or near-listing probe window,30,2,30,True,True,True,True,False,,,,200:30,200:2,200:30,404:76,175209688.87549996,7,200:7
P0RES018-00197,SCRUSDT,SCR,,2024-10-22 00:00:00 UTC,universe_onboard_date_midnight_proxy,2024-10-22,UNIVERSE_PIT,,,,not_matched_to_official_announcement,,False,,,,2024-10-22,2026-07-19,2026-06,2024-10-22,2024-11-20,2024-11-20,False,True,True,30,30,2,30,30,2,SCRUSDT,30,SCRUSDT,False,11,2024-09-22;2024-09-23;2024-09-24;2024-09-25;2024-09-26;2024-09-27;2024-09-28;2024-09-29;2024-09-30;2024-10-01;2024-10-02;2024-10-03;2024-10-04;2024-10-05;2024-10-06;2024-10-07;2024-10-08;2024-10-09;2024-10-10,2024-10-22,simultaneous_spot_perp,"Binance spot archive exists only within/near the pre-listing window, not full 30d",30,2,30,True,True,True,True,False,,,,200:30,200:2,200:30,200:19;404:19,82553503.11199999,7,200:7
P0RES018-00198,GOATUSDT,GOAT,2024-10-24 11:34:32 UTC,2024-10-24 00:00:00 UTC,universe_onboard_date_midnight_proxy,2024-10-24,UNIVERSE_PIT,Binance Futures Will Launch USDS-Margined GOATUSDT Perpetual Contract With up to 75x Leverage,ff1a4c64f1aa4fef870adc7ef802d700,https://www.binance.com/en/support/announcement/ff1a4c64f1aa4fef870adc7ef802d700,symbol_only_no_effective_ts,Binance Futures Will Launch USDS-Margined GOATUSDT Perpetual Contract With up to 75x Leverage,False,,,,2024-10-24,2026-07-19,2026-06,2024-10-24,2024-11-22,2024-11-22,False,True,True,30,30,2,30,30,2,GOATUSDT,30,,False,0,,,zero_base_new_asset,No Binance spot archive found in pre30 or near-listing probe window,30,2,30,True,True,True,True,False,,,,200:30,200:2,200:30,404:38,444102782.97110003,7,200:7
P0RES018-00199,MOODENGUSDT,MOODENG,2024-10-25 08:00:31 UTC,2024-10-25 00:00:00 UTC,universe_onboard_date_midnight_proxy,2024-10-25,UNIVERSE_PIT,Binance Futures Will Launch USDS-Margined MOODENGUSDT Perpetual Contract With up to 75x Leverage,5e93f7cd3f9a47e194085f969ac57b85,https://www.binance.com/en/support/announcement/5e93f7cd3f9a47e194085f969ac57b85,symbol_only_no_effective_ts,Binance Futures Will Launch USDS-Margined MOODENGUSDT Perpetual Contract With up to 75x Leverage,False,,,,2024-10-25,2026-07-19,2026-06,2024-10-25,2024-11-23,2024-11-23,False,True,True,30,30,2,30,30,2,MOODENGUSDT,30,,False,0,,,zero_base_new_asset,No Binance spot archive found in pre30 or near-listing probe window,30,2,30,True,True,True,True,False,,,,200:30,200:2,200:30,404:38,779583559.44710004,7,200:7
P0RES018-00200,SAFEUSDT,SAFE,2024-10-25 10:30:00 UTC,2024-10-25 00:00:00 UTC,universe_onboard_date_midnight_proxy,2024-10-25,UNIVERSE_PIT,Binance Futures Will Launch USDS-Margined SAFEUSDT Perpetual Contract With up to 75x Leverage,7b091f5c38324434a9bdd252e4788442,https://www.binance.com/en/support/announcement/7b091f5c38324434a9bdd252e4788442,symbol_only_no_effective_ts,Binance Futures Will Launch USDS-Margined SAFEUSDT Perpetual Contract With up to 75x Leverage,False,,,,2024-10-25,2026-07-19,2026-06,2024-10-25,2024-11-23,2024-11-23,False,True,True,30,30,2,30,30,2,SAFEUSDT,30,,False,0,,,zero_base_new_asset,No Binance spot archive found in pre30 or near-listing probe window,30,2,30,True,True,True,True,False,,,,200:30,200:2,200:30,404:38,41422525.65080000,7,200:7
P0RES018-00201,SANTOSUSDT,SANTOS,2024-10-28 12:00:00 UTC,2024-10-28 00:00:00 UTC,universe_onboard_date_midnight_proxy,2024-10-28,UNIVERSE_PIT,Binance Futures Will Launch USDS-Margined SANTOSUSDT Perpetual Contract With up to 75x Leverage,dbd05b4f89ae4974912d790eba516b4c,https://www.binance.com/en/support/announcement/dbd05b4f89ae4974912d790eba516b4c,symbol_only_no_effective_ts,Binance Futures Will Launch USDS-Margined SANTOSUSDT Perpetual Contract With up to 75x Leverage,False,,,,2024-10-28,2026-07-19,2026-06,2024-10-28,2024-11-26,2024-11-26,False,True,True,30,30,2,30,30,2,SANTOSUSDT,30,SANTOSUSDT,True,30,,2024-10-28,existing_spot_then_perp,Binance spot 1h daily archive complete for 30 calendar days before perp listing,30,2,30,True,True,True,True,True,,,,200:30,200:2,200:30,200:38,114467306.57709998,7,200:7
P0RES018-00202,TROYUSDT,TROY,2024-10-31 11:00:03 UTC,2024-10-31 00:00:00 UTC,universe_onboard_date_midnight_proxy,2024-10-31,UNIVERSE_PIT,Binance Futures Will Launch USDS-Margined TROYUSDT Perpetual Contract With up to 75x Leverage,bab086aed6a2414a8de85e45b6f54714,https://www.binance.com/en/support/announcement/bab086aed6a2414a8de85e45b6f54714,symbol_only_no_effective_ts,Binance Futures Will Launch USDS-Margined TROYUSDT Perpetual Contract With up to 75x Leverage,True,2025-04-14 00:00:00 UTC,UNIVERSE_PIT_delist_date_midnight_proxy,2025-04-14,2024-10-31,2026-07-19,2026-06,2024-10-31,2024-11-29,2024-11-29,False,True,True,30,30,2,30,30,2,TROYUSDT,30,TROYUSDT,True,30,,2024-10-31,existing_spot_then_perp,Binance spot 1h daily archive complete for 30 calendar days before perp listing,30,2,30,True,True,True,True,True,,,,200:30,200:2,200:30,200:38,115756091.16122499,7,200:7
P0RES018-00203,PONKEUSDT,PONKE,2024-11-04 10:30:23 UTC,2024-11-04 00:00:00 UTC,universe_onboard_date_midnight_proxy,2024-11-04,UNIVERSE_PIT,Binance Futures Will Launch USDS-Margined PONKEUSDT Perpetual Contract With up to 75x Leverage,a55d38732b34452ab9f78ac8832af59c,https://www.binance.com/en/support/announcement/a55d38732b34452ab9f78ac8832af59c,symbol_only_no_effective_ts,Binance Futures Will Launch USDS-Margined PONKEUSDT Perpetual Contract With up to 75x Leverage,True,2025-11-28 09:00:00 UTC,p0res010_delist_inventory,2025-11-28,2024-11-04,2026-07-19,2026-06,2024-11-04,2024-12-03,2024-12-03,False,True,True,30,30,2,30,30,2,PONKEUSDT,30,,False,0,,,zero_base_new_asset,No Binance spot archive found in pre30 or near-listing probe window,30,2,30,True,True,True,True,False,,,,200:30,200:2,200:30,404:38,41049510.38590000,7,200:7
P0RES018-00204,CETUSUSDT,CETUS,,2024-11-06 00:00:00 UTC,universe_onboard_date_midnight_proxy,2024-11-06,UNIVERSE_PIT,,,,not_matched_to_official_announcement,,False,,,,2024-11-06,2026-07-19,2026-06,2024-11-06,2024-12-05,2024-12-05,False,True,True,30,30,2,30,30,2,CETUSUSDT,30,CETUSUSDT,False,0,,2024-11-06,simultaneous_spot_perp,"Binance spot archive exists only within/near the pre-listing window, not full 30d",30,2,30,True,True,True,True,False,,,,200:30,200:2,200:30,200:8;404:30,232340037.26813999,7,200:7
P0RES018-00205,COWUSDT,COW,,2024-11-06 00:00:00 UTC,universe_onboard_date_midnight_proxy,2024-11-06,UNIVERSE_PIT,,,,not_matched_to_official_announcement,,False,,,,2024-11-06,2026-07-19,2026-06,2024-11-06,2024-12-05,2024-12-05,False,True,True,30,30,2,30,30,2,COWUSDT,30,COWUSDT,False,0,,2024-11-06,simultaneous_spot_perp,"Binance spot archive exists only within/near the pre-listing window, not full 30d",30,2,30,True,True,True,True,False,,,,200:30,200:2,200:30,200:8;404:30,227298885.00759998,7,200:7
P0RES018-00206,1000000MOGUSDT,1000000MOG,2024-11-07 10:28:53 UTC,2024-11-07 00:00:00 UTC,universe_onboard_date_midnight_proxy,2024-11-07,UNIVERSE_PIT,Binance Futures Will Launch USDS-Margined 1000000MOGUSDT Perpetual Contract With up to 75x Leverage,209355888f0042f788899dd1a04a0052,https://www.binance.com/en/support/announcement/209355888f0042f788899dd1a04a0052,symbol_only_no_effective_ts,Binance Futures Will Launch USDS-Margined 1000000MOGUSDT Perpetual Contract With up to 75x Leverage,False,,,,2024-11-07,2026-07-19,2026-06,2024-11-07,2024-12-06,2024-12-06,False,True,True,30,30,2,30,30,2,1000000MOGUSDT;MOGUSDT,30,,False,0,,,zero_base_new_asset,No Binance spot archive found in pre30 or near-listing probe window,30,2,30,True,True,True,True,False,,,,200:30,200:2,200:30,404:76,45477544.72986000,7,200:7
P0RES018-00207,DRIFTUSDT,DRIFT,2024-11-08 14:03:02 UTC,2024-11-08 00:00:00 UTC,universe_onboard_date_midnight_proxy,2024-11-08,UNIVERSE_PIT,"Binance Futures Will Launch USDS-Margined GRASSUSDT, DRIFTUSDT, and SWELLUSDT Perpetual Contracts With up to 75x Leverage",8f3b03e494c94360b9985edc5402fbac,https://www.binance.com/en/support/announcement/8f3b03e494c94360b9985edc5402fbac,symbol_only_no_effective_ts,"Binance Futures Will Launch USDS-Margined GRASSUSDT, DRIFTUSDT, and SWELLUSDT Perpetual Contracts With up to 75x Leverage",False,,,,2024-11-08,2026-07-19,2026-06,2024-11-08,2024-12-07,2024-12-07,False,True,True,30,30,2,30,30,2,DRIFTUSDT,30,,False,0,,,zero_base_new_asset,No Binance spot archive found in pre30 or near-listing probe window,30,2,30,True,True,True,True,False,,,,200:30,200:2,200:30,404:38,277206751.57419997,7,200:7
P0RES018-00208,GRASSUSDT,GRASS,2024-11-08 14:03:02 UTC,2024-11-08 00:00:00 UTC,universe_onboard_date_midnight_proxy,2024-11-08,UNIVERSE_PIT,"Binance Futures Will Launch USDS-Margined GRASSUSDT, DRIFTUSDT, and SWELLUSDT Perpetual Contracts With up to 75x Leverage",8f3b03e494c94360b9985edc5402fbac,https://www.binance.com/en/support/announcement/8f3b03e494c94360b9985edc5402fbac,symbol_only_no_effective_ts,"Binance Futures Will Launch USDS-Margined GRASSUSDT, DRIFTUSDT, and SWELLUSDT Perpetual Contracts With up to 75x Leverage",False,,,,2024-11-08,2026-07-19,2026-06,2024-11-08,2024-12-07,2024-12-07,False,True,True,30,30,2,30,30,2,GRASSUSDT,30,,False,0,,,zero_base_new_asset,No Binance spot archive found in pre30 or near-listing probe window,30,2,30,True,True,True,True,False,,,,200:30,200:2,200:30,404:38,139732124.49616000,7,200:7
P0RES018-00209,SWELLUSDT,SWELL,2024-11-08 14:03:02 UTC,2024-11-08 00:00:00 UTC,universe_onboard_date_midnight_proxy,2024-11-08,UNIVERSE_PIT,"Binance Futures Will Launch USDS-Margined GRASSUSDT, DRIFTUSDT, and SWELLUSDT Perpetual Contracts With up to 75x Leverage",8f3b03e494c94360b9985edc5402fbac,https://www.binance.com/en/support/announcement/8f3b03e494c94360b9985edc5402fbac,symbol_only_no_effective_ts,"Binance Futures Will Launch USDS-Margined GRASSUSDT, DRIFTUSDT, and SWELLUSDT Perpetual Contracts With up to 75x Leverage",True,2025-11-28 09:00:00 UTC,p0res010_delist_inventory,2025-11-28,2024-11-08,2026-07-19,2026-06,2024-11-08,2024-12-07,2024-12-07,False,True,True,30,30,2,30,30,2,SWELLUSDT,30,,False,0,,,zero_base_new_asset,No Binance spot archive found in pre30 or near-listing probe window,30,2,30,True,True,True,True,False,,,,200:30,200:2,200:30,404:38,128495709.08320999,7,200:7
P0RES018-00210,ACTUSDT,ACT,,2024-11-11 00:00:00 UTC,universe_onboard_date_midnight_proxy,2024-11-11,UNIVERSE_PIT,,,,not_matched_to_official_announcement,,False,,,,2024-11-11,2026-07-19,2026-06,2024-11-11,2024-12-10,2024-12-10,False,True,True,30,30,2,30,30,2,ACTUSDT,30,ACTUSDT,False,0,,2024-11-11,simultaneous_spot_perp,"Binance spot archive exists only within/near the pre-listing window, not full 30d",30,2,30,True,True,True,True,False,,,,200:30,200:2,200:30,200:8;404:30,1284546339.76664996,7,200:7
P0RES018-00211,PNUTUSDT,PNUT,,2024-11-11 00:00:00 UTC,universe_onboard_date_midnight_proxy,2024-11-11,UNIVERSE_PIT,,,,not_matched_to_official_announcement,,False,,,,2024-11-11,2026-07-19,2026-06,2024-11-11,2024-12-10,2024-12-10,False,True,True,30,30,2,30,30,2,PNUTUSDT,30,PNUTUSDT,False,0,,2024-11-11,simultaneous_spot_perp,"Binance spot archive exists only within/near the pre-listing window, not full 30d",30,2,30,True,True,True,True,False,,,,200:30,200:2,200:30,200:8;404:30,1600255774.52456021,7,200:7
P0RES018-00212,1000XUSDT,1000X,2024-11-13 10:30:00 UTC,2024-11-13 00:00:00 UTC,universe_onboard_date_midnight_proxy,2024-11-13,UNIVERSE_PIT,Binance Futures Will Launch USDS-Margined HIPPOUSDT and 1000XUSDT Perpetual Contract With up to 75x Leverage,220339ba12bd451c8362ad8501ea87e9,https://www.binance.com/en/support/announcement/220339ba12bd451c8362ad8501ea87e9,symbol_only_no_effective_ts,Binance Futures Will Launch USDS-Margined HIPPOUSDT and 1000XUSDT Perpetual Contract With up to 75x Leverage,True,2025-11-14 09:00:00 UTC,p0res010_delist_inventory,2025-11-14,2024-11-13,2026-07-19,2026-06,2024-11-13,2024-12-12,2024-12-12,False,True,True,30,30,2,30,30,2,1000XUSDT,30,,False,0,,,zero_base_new_asset,No Binance spot archive found in pre30 or near-listing probe window,30,2,30,True,True,True,True,False,,,,200:30,200:2,200:30,404:38,70842605.74743000,7,200:7
P0RES018-00213,HIPPOUSDT,HIPPO,2024-11-13 10:30:00 UTC,2024-11-13 00:00:00 UTC,universe_onboard_date_midnight_proxy,2024-11-13,UNIVERSE_PIT,Binance Futures Will Launch USDS-Margined HIPPOUSDT and 1000XUSDT Perpetual Contract With up to 75x Leverage,220339ba12bd451c8362ad8501ea87e9,https://www.binance.com/en/support/announcement/220339ba12bd451c8362ad8501ea87e9,symbol_only_no_effective_ts,Binance Futures Will Launch USDS-Margined HIPPOUSDT and 1000XUSDT Perpetual Contract With up to 75x Leverage,True,2026-04-08 09:00:00 UTC,p0res010_delist_inventory,2026-04-08,2024-11-13,2026-07-19,2026-06,2024-11-13,2024-12-12,2024-12-12,False,True,True,30,30,2,30,30,2,HIPPOUSDT,30,,False,0,,,zero_base_new_asset,No Binance spot archive found in pre30 or near-listing probe window,30,2,30,True,True,True,True,False,,,,200:30,200:2,200:30,404:38,159745090.03603002,7,200:7
P0RES018-00214,DEGENUSDT,DEGEN,2024-11-15 09:30:13 UTC,2024-11-15 00:00:00 UTC,universe_onboard_date_midnight_proxy,2024-11-15,UNIVERSE_PIT,Binance Futures Will Launch USDS-Margined DEGENUSDT Perpetual Contract With up to 75x Leverage,e25f171ca86342e9b7c160cc1697a090,https://www.binance.com/en/support/announcement/e25f171ca86342e9b7c160cc1697a090,symbol_only_no_effective_ts,Binance Futures Will Launch USDS-Margined DEGENUSDT Perpetual Contract With up to 75x Leverage,True,2026-04-28 09:00:00 UTC,p0res010_delist_inventory,2026-04-28,2024-11-15,2026-07-19,2026-06,2024-11-15,2024-12-14,2024-12-14,False,True,True,30,30,2,30,30,2,DEGENUSDT,30,,False,0,,,zero_base_new_asset,No Binance spot archive found in pre30 or near-listing probe window,30,2,30,True,True,True,True,False,,,,200:30,200:2,200:30,404:38,103211995.63813300,7,200:7
P0RES018-00215,AKTUSDT,AKT,2024-11-18 09:30:12 UTC,2024-11-18 00:00:00 UTC,universe_onboard_date_midnight_proxy,2024-11-18,UNIVERSE_PIT,Binance Futures Will Launch USDS-Margined BANUSDT and AKTUSDT Perpetual Contracts With up to 75x Leverage,f6577bdd30d542e0af4f76a14dfeb241,https://www.binance.com/en/support/announcement/f6577bdd30d542e0af4f76a14dfeb241,symbol_only_no_effective_ts,Binance Futures Will Launch USDS-Margined BANUSDT and AKTUSDT Perpetual Contracts With up to 75x Leverage,False,,,,2024-11-18,2026-07-19,2026-06,2024-11-18,2024-12-17,2024-12-17,False,True,True,30,30,2,30,30,2,AKTUSDT,30,,False,0,,,zero_base_new_asset,No Binance spot archive found in pre30 or near-listing probe window,30,2,30,True,True,True,True,False,,,,200:30,200:2,200:30,404:38,35115075.49150001,7,200:7
P0RES018-00216,BANUSDT,BAN,2024-11-18 09:30:12 UTC,2024-11-18 00:00:00 UTC,universe_onboard_date_midnight_proxy,2024-11-18,UNIVERSE_PIT,Binance Futures Will Launch USDS-Margined BANUSDT and AKTUSDT Perpetual Contracts With up to 75x Leverage,f6577bdd30d542e0af4f76a14dfeb241,https://www.binance.com/en/support/announcement/f6577bdd30d542e0af4f76a14dfeb241,symbol_only_no_effective_ts,Binance Futures Will Launch USDS-Margined BANUSDT and AKTUSDT Perpetual Contracts With up to 75x Leverage,False,,,,2024-11-18,2026-07-19,2026-06,2024-11-18,2024-12-17,2024-12-17,False,True,True,30,30,2,30,30,2,BANUSDT,30,,False,0,,,zero_base_new_asset,No Binance spot archive found in pre30 or near-listing probe window,30,2,30,True,True,True,True,False,,,,200:30,200:2,200:30,404:38,211423858.99559999,7,200:7
P0RES018-00217,SCRTUSDT,SCRT,2024-11-21 09:30:02 UTC,2024-11-21 00:00:00 UTC,universe_onboard_date_midnight_proxy,2024-11-21,UNIVERSE_PIT,Binance Futures Will Launch USDS-Margined SLERFUSDT and SCRTUSDT Perpetual Contracts With up to 75x Leverage,c214b24b9f004196aa12fb1e6736572b,https://www.binance.com/en/support/announcement/c214b24b9f004196aa12fb1e6736572b,symbol_only_no_effective_ts,Binance Futures Will Launch USDS-Margined SLERFUSDT and SCRTUSDT Perpetual Contracts With up to 75x Leverage,False,,,,2024-11-21,2026-07-19,2026-06,2024-11-21,2024-12-20,2024-12-20,False,True,True,30,30,2,30,30,2,SCRTUSDT,30,SCRTUSDT,True,30,,2024-11-21,existing_spot_then_perp,Binance spot 1h daily archive complete for 30 calendar days before perp listing,30,2,30,True,True,True,True,True,,,,200:30,200:2,200:30,200:38,146458471.05329999,7,200:7
P0RES018-00218,SLERFUSDT,SLERF,2024-11-21 09:30:02 UTC,2024-11-21 00:00:00 UTC,universe_onboard_date_midnight_proxy,2024-11-21,UNIVERSE_PIT,Binance Futures Will Launch USDS-Margined SLERFUSDT and SCRTUSDT Perpetual Contracts With up to 75x Leverage,c214b24b9f004196aa12fb1e6736572b,https://www.binance.com/en/support/announcement/c214b24b9f004196aa12fb1e6736572b,symbol_only_no_effective_ts,Binance Futures Will Launch USDS-Margined SLERFUSDT and SCRTUSDT Perpetual Contracts With up to 75x Leverage,True,2025-10-20 00:00:00 UTC,UNIVERSE_PIT_delist_date_midnight_proxy,2025-10-20,2024-11-21,2026-07-19,2026-06,2024-11-21,2024-12-20,2024-12-20,False,True,True,30,30,2,30,30,2,SLERFUSDT,30,,False,0,,,zero_base_new_asset,No Binance spot archive found in pre30 or near-listing probe window,30,2,30,True,True,True,True,False,,,,200:30,200:2,200:30,404:38,29394230.08980001,7,200:7
P0RES018-00219,1000CHEEMSUSDT,1000CHEEMS,2024-11-25 09:35:02 UTC,2024-11-25 00:00:00 UTC,universe_onboard_date_midnight_proxy,2024-11-25,UNIVERSE_PIT,Binance Futures Will Launch USDS-Margined 1000WHYUSDT and 1000CHEEMSUSDT Perpetual Contracts With up to 75x Leverage,3dd2c1e3f5f040ac9f7a94c6597ef842,https://www.binance.com/en/support/announcement/3dd2c1e3f5f040ac9f7a94c6597ef842,symbol_only_no_effective_ts,Binance Futures Will Launch USDS-Margined 1000WHYUSDT and 1000CHEEMSUSDT Perpetual Contracts With up to 75x Leverage,False,,,,2024-11-25,2026-07-19,2026-06,2024-11-25,2024-12-24,2024-12-24,False,True,True,30,30,2,30,30,2,1000CHEEMSUSDT;CHEEMSUSDT,30,,False,0,,,zero_base_new_asset,No Binance spot archive found in pre30 or near-listing probe window,30,2,30,True,True,True,True,False,,,,200:30,200:2,200:30,404:76,14944782.38737110,7,200:7
P0RES018-00220,1000WHYUSDT,1000WHY,2024-11-25 09:35:02 UTC,2024-11-25 00:00:00 UTC,universe_onboard_date_midnight_proxy,2024-11-25,UNIVERSE_PIT,Binance Futures Will Launch USDS-Margined 1000WHYUSDT and 1000CHEEMSUSDT Perpetual Contracts With up to 75x Leverage,3dd2c1e3f5f040ac9f7a94c6597ef842,https://www.binance.com/en/support/announcement/3dd2c1e3f5f040ac9f7a94c6597ef842,symbol_only_no_effective_ts,Binance Futures Will Launch USDS-Margined 1000WHYUSDT and 1000CHEEMSUSDT Perpetual Contracts With up to 75x Leverage,True,2026-03-17 09:00:00 UTC,p0res010_delist_inventory,2026-03-17,2024-11-25,2026-07-19,2026-06,2024-11-25,2024-12-24,2024-12-24,False,True,True,30,30,2,30,30,2,1000WHYUSDT;WHYUSDT,30,,False,0,,,zero_base_new_asset,No Binance spot archive found in pre30 or near-listing probe window,30,2,30,True,True,True,True,False,,,,200:30,200:2,200:30,404:76,16538308.78405710,7,200:7
P0RES018-00221,CHILLGUYUSDT,CHILLGUY,2024-11-27 12:31:41 UTC,2024-11-27 00:00:00 UTC,universe_onboard_date_midnight_proxy,2024-11-27,UNIVERSE_PIT,Binance Futures Will Launch USDS-Margined MORPHOUSDT and CHILLGUYUSDT Perpetual Contracts With up to 75x Leverage,7700345477ea4c0fb89b1ddce0d28979,https://www.binance.com/en/support/announcement/7700345477ea4c0fb89b1ddce0d28979,symbol_only_no_effective_ts,Binance Futures Will Launch USDS-Margined MORPHOUSDT and CHILLGUYUSDT Perpetual Contracts With up to 75x Leverage,False,,,,2024-11-27,2026-07-19,2026-06,2024-11-27,2024-12-26,2024-12-26,False,True,True,30,30,2,30,30,2,CHILLGUYUSDT,30,,False,0,,,zero_base_new_asset,No Binance spot archive found in pre30 or near-listing probe window,30,2,30,True,True,True,True,False,,,,200:30,200:2,200:30,404:38,156604503.90260002,7,200:7
P0RES018-00222,MORPHOUSDT,MORPHO,2024-11-27 12:31:41 UTC,2024-11-27 00:00:00 UTC,universe_onboard_date_midnight_proxy,2024-11-27,UNIVERSE_PIT,Binance Futures Will Launch USDS-Margined MORPHOUSDT and CHILLGUYUSDT Perpetual Contracts With up to 75x Leverage,7700345477ea4c0fb89b1ddce0d28979,https://www.binance.com/en/support/announcement/7700345477ea4c0fb89b1ddce0d28979,symbol_only_no_effective_ts,Binance Futures Will Launch USDS-Margined MORPHOUSDT and CHILLGUYUSDT Perpetual Contracts With up to 75x Leverage,False,,,,2024-11-27,2026-07-19,2026-06,2024-11-27,2024-12-26,2024-12-26,False,True,True,30,30,2,30,30,2,MORPHOUSDT,30,,False,0,,,zero_base_new_asset,No Binance spot archive found in pre30 or near-listing probe window,30,2,30,True,True,True,True,False,,,,200:30,200:2,200:30,404:38,97903969.74198000,7,200:7
P0RES018-00223,THEUSDT,THE,,2024-11-27 00:00:00 UTC,universe_onboard_date_midnight_proxy,2024-11-27,UNIVERSE_PIT,,,,not_matched_to_official_announcement,,False,,,,2024-11-27,2026-07-19,2026-06,2024-11-27,2024-12-26,2024-12-26,False,True,True,30,30,2,30,30,2,THEUSDT,30,THEUSDT,False,0,,2024-11-27,simultaneous_spot_perp,"Binance spot archive exists only within/near the pre-listing window, not full 30d",30,2,30,True,True,True,True,False,,,,200:30,200:2,200:30,200:8;404:30,774816605.73852003,7,200:7
P0RES018-00224,AEROUSDT,AERO,2024-12-04 12:03:43 UTC,2024-12-04 00:00:00 UTC,universe_onboard_date_midnight_proxy,2024-12-04,UNIVERSE_PIT,Binance Futures Will Launch USDS-Margined KAIAUSDT and AEROUSDT Perpetual Contracts With up to 75x Leverage,beac1e0a0edf4fe69d5e5c45f9d60343,https://www.binance.com/en/support/announcement/beac1e0a0edf4fe69d5e5c45f9d60343,symbol_only_no_effective_ts,Binance Futures Will Launch USDS-Margined KAIAUSDT and AEROUSDT Perpetual Contracts With up to 75x Leverage,False,,,,2024-12-04,2026-07-19,2026-06,2024-12-04,2025-01-02,2025-01-02,False,True,True,30,30,2,30,30,2,AEROUSDT,30,,False,0,,,zero_base_new_asset,No Binance spot archive found in pre30 or near-listing probe window,30,2,30,True,True,True,True,False,,,,200:30,200:2,200:30,404:38,37183479.77265000,7,200:7
P0RES018-00225,KAIAUSDT,KAIA,2024-12-04 12:03:43 UTC,2024-12-04 00:00:00 UTC,universe_onboard_date_midnight_proxy,2024-12-04,UNIVERSE_PIT,Binance Futures Will Launch USDS-Margined KAIAUSDT and AEROUSDT Perpetual Contracts With up to 75x Leverage,beac1e0a0edf4fe69d5e5c45f9d60343,https://www.binance.com/en/support/announcement/beac1e0a0edf4fe69d5e5c45f9d60343,symbol_only_no_effective_ts,Binance Futures Will Launch USDS-Margined KAIAUSDT and AEROUSDT Perpetual Contracts With up to 75x Leverage,False,,,,2024-12-04,2026-07-19,2026-06,2024-12-04,2025-01-02,2025-01-02,False,True,True,30,30,2,30,30,2,KAIAUSDT,30,KAIAUSDT,True,30,,2024-12-04,existing_spot_then_perp,Binance spot 1h daily archive complete for 30 calendar days before perp listing,30,2,30,True,True,True,True,True,,,,200:30,200:2,200:30,200:38,48587460.17599999,7,200:7
P0RES018-00226,ACXUSDT,ACX,,2024-12-06 00:00:00 UTC,universe_onboard_date_midnight_proxy,2024-12-06,UNIVERSE_PIT,,,,not_matched_to_official_announcement,,False,,,,2024-12-06,2026-07-19,2026-06,2024-12-06,2025-01-04,2025-01-04,False,True,True,30,30,2,30,30,2,ACXUSDT,30,ACXUSDT,False,0,,2024-12-06,simultaneous_spot_perp,"Binance spot archive exists only within/near the pre-listing window, not full 30d",30,2,30,True,True,True,True,False,,,,200:30,200:2,200:30,200:8;404:30,220775097.95127004,7,200:7
P0RES018-00227,ORCAUSDT,ORCA,,2024-12-06 00:00:00 UTC,universe_onboard_date_midnight_proxy,2024-12-06,UNIVERSE_PIT,,,,not_matched_to_official_announcement,,False,,,,2024-12-06,2026-07-19,2026-06,2024-12-06,2025-01-04,2025-01-04,False,True,True,30,30,2,30,30,2,ORCAUSDT,30,ORCAUSDT,False,0,,2024-12-06,simultaneous_spot_perp,"Binance spot archive exists only within/near the pre-listing window, not full 30d",30,2,30,True,True,True,True,False,,,,200:30,200:2,200:30,200:8;404:30,94563785.58819999,7,200:7
P0RES018-00228,MOVEUSDT,MOVE,,2024-12-09 00:00:00 UTC,universe_onboard_date_midnight_proxy,2024-12-09,UNIVERSE_PIT,,,,not_matched_to_official_announcement,,False,,,,2024-12-09,2026-07-19,2026-06,2024-12-09,2025-01-07,2025-01-07,False,True,True,30,30,2,30,30,2,MOVEUSDT,30,MOVEUSDT,False,0,,2024-12-09,simultaneous_spot_perp,"Binance spot archive exists only within/near the pre-listing window, not full 30d",30,2,30,True,True,True,True,False,,,,200:30,200:2,200:30,200:8;404:30,404294430.87439990,7,200:7
P0RES018-00229,KOMAUSDT,KOMA,2024-12-10 09:19:40 UTC,2024-12-10 00:00:00 UTC,universe_onboard_date_midnight_proxy,2024-12-10,UNIVERSE_PIT,"Binance Futures Will Launch USDS-Margined RAYSOLUSDT, KOMAUSDT, VIRTUALUSDT, and SPXUSDT Perpetual Contracts With up to 75x Leverage",43f5771df16344a8b5ce26f67d21fc0d,https://www.binance.com/en/support/announcement/43f5771df16344a8b5ce26f67d21fc0d,symbol_only_no_effective_ts,"Binance Futures Will Launch USDS-Margined RAYSOLUSDT, KOMAUSDT, VIRTUALUSDT, and SPXUSDT Perpetual Contracts With up to 75x Leverage",False,,,,2024-12-10,2026-07-19,2026-06,2024-12-10,2025-01-08,2025-01-08,False,True,True,30,30,2,30,30,2,KOMAUSDT,30,,False,0,,,zero_base_new_asset,No Binance spot archive found in pre30 or near-listing probe window,30,2,30,True,True,True,True,False,,,,200:30,200:2,200:30,404:38,67775983.07291001,7,200:7
P0RES018-00230,MEUSDT,ME,,2024-12-10 00:00:00 UTC,universe_onboard_date_midnight_proxy,2024-12-10,UNIVERSE_PIT,,,,not_matched_to_official_announcement,,False,,,,2024-12-10,2026-07-19,2026-06,2024-12-10,2025-01-08,2025-01-08,False,True,True,30,30,2,30,30,2,MEUSDT,30,MEUSDT,False,0,,2024-12-10,simultaneous_spot_perp,"Binance spot archive exists only within/near the pre-listing window, not full 30d",30,2,30,True,True,True,True,False,,,,200:30,200:2,200:30,200:8;404:30,307072327.12009996,7,200:7
P0RES018-00231,RAYSOLUSDT,RAYSOL,2024-12-10 09:19:40 UTC,2024-12-10 00:00:00 UTC,universe_onboard_date_midnight_proxy,2024-12-10,UNIVERSE_PIT,"Binance Futures Will Launch USDS-Margined RAYSOLUSDT, KOMAUSDT, VIRTUALUSDT, and SPXUSDT Perpetual Contracts With up to 75x Leverage",43f5771df16344a8b5ce26f67d21fc0d,https://www.binance.com/en/support/announcement/43f5771df16344a8b5ce26f67d21fc0d,symbol_only_no_effective_ts,"Binance Futures Will Launch USDS-Margined RAYSOLUSDT, KOMAUSDT, VIRTUALUSDT, and SPXUSDT Perpetual Contracts With up to 75x Leverage",False,,,,2024-12-10,2026-07-19,2026-06,2024-12-10,2025-01-08,2025-01-08,False,True,True,30,30,2,30,30,2,RAYSOLUSDT,30,,False,0,,,zero_base_new_asset,No Binance spot archive found in pre30 or near-listing probe window,30,2,30,True,True,True,True,False,,,,200:30,200:2,200:30,404:38,23601665.59214000,7,200:7
P0RES018-00232,SPXUSDT,SPX,2024-12-10 09:19:40 UTC,2024-12-10 00:00:00 UTC,universe_onboard_date_midnight_proxy,2024-12-10,UNIVERSE_PIT,"Binance Futures Will Launch USDS-Margined RAYSOLUSDT, KOMAUSDT, VIRTUALUSDT, and SPXUSDT Perpetual Contracts With up to 75x Leverage",43f5771df16344a8b5ce26f67d21fc0d,https://www.binance.com/en/support/announcement/43f5771df16344a8b5ce26f67d21fc0d,symbol_only_no_effective_ts,"Binance Futures Will Launch USDS-Margined RAYSOLUSDT, KOMAUSDT, VIRTUALUSDT, and SPXUSDT Perpetual Contracts With up to 75x Leverage",False,,,,2024-12-10,2026-07-19,2026-06,2024-12-10,2025-01-08,2025-01-08,False,True,True,30,30,2,30,30,2,SPXUSDT,30,,False,0,,,tradfi_or_special,announcement/body or ticker indicates TradFi/special underlying,30,2,30,True,True,True,True,False,,,,200:30,200:2,200:30,404:38,40392045.59759999,7,200:7
P0RES018-00233,VIRTUALUSDT,VIRTUAL,2024-12-10 09:19:40 UTC,2024-12-10 00:00:00 UTC,universe_onboard_date_midnight_proxy,2024-12-10,UNIVERSE_PIT,"Binance Futures Will Launch USDS-Margined RAYSOLUSDT, KOMAUSDT, VIRTUALUSDT, and SPXUSDT Perpetual Contracts With up to 75x Leverage",43f5771df16344a8b5ce26f67d21fc0d,https://www.binance.com/en/support/announcement/43f5771df16344a8b5ce26f67d21fc0d,symbol_only_no_effective_ts,"Binance Futures Will Launch USDS-Margined RAYSOLUSDT, KOMAUSDT, VIRTUALUSDT, and SPXUSDT Perpetual Contracts With up to 75x Leverage",False,,,,2024-12-10,2026-07-19,2026-06,2024-12-10,2025-01-08,2025-01-08,False,True,True,30,30,2,30,30,2,VIRTUALUSDT,30,,False,0,,,zero_base_new_asset,No Binance spot archive found in pre30 or near-listing probe window,30,2,30,True,True,True,True,False,,,,200:30,200:2,200:30,404:38,192701663.88628003,7,200:7
P0RES018-00234,AVAUSDT,AVA,2024-12-13 10:39:40 UTC,2024-12-13 00:00:00 UTC,universe_onboard_date_midnight_proxy,2024-12-13,UNIVERSE_PIT,Binance Futures Will Launch USDS-Margined AVAUSDT and DEGOUSDT Perpetual Contracts With up to 75x Leverage,a0f34963d1024f0b898eedc18f45d416,https://www.binance.com/en/support/announcement/a0f34963d1024f0b898eedc18f45d416,symbol_only_no_effective_ts,Binance Futures Will Launch USDS-Margined AVAUSDT and DEGOUSDT Perpetual Contracts With up to 75x Leverage,False,,,,2024-12-13,2026-07-19,2026-06,2024-12-13,2025-01-11,2025-01-11,False,True,True,30,30,2,30,30,2,AVAUSDT,30,AVAUSDT,True,30,,2024-12-13,existing_spot_then_perp,Binance spot 1h daily archive complete for 30 calendar days before perp listing,30,2,30,True,True,True,True,True,,,,200:30,200:2,200:30,200:38,168448095.62099999,7,200:7
P0RES018-00235,DEGOUSDT,DEGO,2024-12-13 10:39:40 UTC,2024-12-13 00:00:00 UTC,universe_onboard_date_midnight_proxy,2024-12-13,UNIVERSE_PIT,Binance Futures Will Launch USDS-Margined AVAUSDT and DEGOUSDT Perpetual Contracts With up to 75x Leverage,a0f34963d1024f0b898eedc18f45d416,https://www.binance.com/en/support/announcement/a0f34963d1024f0b898eedc18f45d416,symbol_only_no_effective_ts,Binance Futures Will Launch USDS-Margined AVAUSDT and DEGOUSDT Perpetual Contracts With up to 75x Leverage,True,2026-04-21 00:00:00 UTC,UNIVERSE_PIT_delist_date_midnight_proxy,2026-04-21,2024-12-13,2026-07-19,2026-06,2024-12-13,2025-01-11,2025-01-11,False,True,True,30,30,2,30,30,2,DEGOUSDT,30,DEGOUSDT,True,30,,2024-12-13,existing_spot_then_perp,Binance spot 1h daily archive complete for 30 calendar days before perp listing,30,2,30,True,True,True,True,True,,,,200:30,200:2,200:30,200:38,34729263.97522000,7,200:7
P0RES018-00236,VELODROMEUSDT,VELODROME,,2024-12-13 00:00:00 UTC,universe_onboard_date_midnight_proxy,2024-12-13,UNIVERSE_PIT,,,,not_matched_to_official_announcement,,False,,,,2024-12-13,2026-07-19,2026-06,2024-12-13,2025-01-11,2025-01-11,False,True,True,30,30,2,30,30,2,VELODROMEUSDT,30,VELODROMEUSDT,False,0,,2024-12-13,simultaneous_spot_perp,"Binance spot archive exists only within/near the pre-listing window, not full 30d",30,2,30,True,True,True,True,False,,,,200:30,200:2,200:30,200:8;404:30,189060052.22016001,7,200:7
P0RES018-00237,MOCAUSDT,MOCA,2024-12-16 09:19:43 UTC,2024-12-16 00:00:00 UTC,universe_onboard_date_midnight_proxy,2024-12-16,UNIVERSE_PIT,Binance Futures Will Launch USDS-Margined MOCAUSDT Perpetual Contract With up to 75x Leverage,ac2a521d90164583bffd0a1be79e4d1f,https://www.binance.com/en/support/announcement/ac2a521d90164583bffd0a1be79e4d1f,symbol_only_no_effective_ts,Binance Futures Will Launch USDS-Margined MOCAUSDT Perpetual Contract With up to 75x Leverage,False,,,,2024-12-16,2026-07-19,2026-06,2024-12-16,2025-01-14,2025-01-14,False,True,True,30,30,2,30,30,2,MOCAUSDT,30,,False,0,,,zero_base_new_asset,No Binance spot archive found in pre30 or near-listing probe window,30,2,30,True,True,True,True,False,,,,200:30,200:2,200:30,404:38,203222865.04060006,7,200:7
P0RES018-00238,VANAUSDT,VANA,,2024-12-16 00:00:00 UTC,universe_onboard_date_midnight_proxy,2024-12-16,UNIVERSE_PIT,,,,not_matched_to_official_announcement,,False,,,,2024-12-16,2026-07-19,2026-06,2024-12-16,2025-01-14,2025-01-14,False,True,True,30,30,2,30,30,2,VANAUSDT,30,VANAUSDT,False,0,,2024-12-16,simultaneous_spot_perp,"Binance spot archive exists only within/near the pre-listing window, not full 30d",30,2,30,True,True,True,True,False,,,,200:30,200:2,200:30,200:8;404:30,455703551.94897979,7,200:7
P0RES018-00239,PENGUUSDT,PENGU,,2024-12-17 00:00:00 UTC,universe_onboard_date_midnight_proxy,2024-12-17,UNIVERSE_PIT,,,,not_matched_to_official_announcement,,False,,,,2024-12-17,2026-07-19,2026-06,2024-12-17,2025-01-15,2025-01-15,False,True,True,30,30,2,30,30,2,PENGUUSDT,30,PENGUUSDT,False,0,,2024-12-17,simultaneous_spot_perp,"Binance spot archive exists only within/near the pre-listing window, not full 30d",30,2,30,True,True,True,True,False,,,,200:30,200:2,200:30,200:8;404:30,456567652.60491598,7,200:7
P0RES018-00240,LUMIAUSDT,LUMIA,2024-12-18 09:29:09 UTC,2024-12-18 00:00:00 UTC,universe_onboard_date_midnight_proxy,2024-12-18,UNIVERSE_PIT,Binance Futures Will Launch USDS-Margined LUMIAUSDT Perpetual Contract With up to 75x Leverage,c6420ba80fe54282970e1d69cafa56a4,https://www.binance.com/en/support/announcement/c6420ba80fe54282970e1d69cafa56a4,symbol_only_no_effective_ts,Binance Futures Will Launch USDS-Margined LUMIAUSDT Perpetual Contract With up to 75x Leverage,False,,,,2024-12-18,2026-07-19,2026-06,2024-12-18,2025-01-16,2025-01-16,False,True,True,30,30,2,30,30,2,LUMIAUSDT,30,LUMIAUSDT,True,30,,2024-12-18,existing_spot_then_perp,Binance spot 1h daily archive complete for 30 calendar days before perp listing,30,2,30,True,True,True,True,True,,,,200:30,200:2,200:30,200:38,38147639.76060001,7,200:7
P0RES018-00241,USUALUSDT,USUAL,,2024-12-18 00:00:00 UTC,universe_onboard_date_midnight_proxy,2024-12-18,UNIVERSE_PIT,,,,not_matched_to_official_announcement,,False,,,,2024-12-18,2026-07-19,2026-06,2024-12-18,2025-01-16,2025-01-16,False,True,True,30,30,2,30,30,2,USUALUSDT,30,USUALUSDT,False,29,2024-11-18,2024-12-18,simultaneous_spot_perp,"Binance spot archive exists only within/near the pre-listing window, not full 30d",30,2,30,True,True,True,True,False,,,,200:30,200:2,200:30,200:37;404:1,1091485701.07459998,7,200:7
P0RES018-00242,AIXBTUSDT,AIXBT,2024-12-20 16:04:10 UTC,2024-12-20 00:00:00 UTC,universe_onboard_date_midnight_proxy,2024-12-20,UNIVERSE_PIT,"Binance Futures Will Launch USDS-Margined AIXBTUSDT, FARTCOINUSDT, KMNOUSDT and CGPTUSDT Perpetual Contracts With up to 75x Leverage",804bea6cf51a4edc9079962ff77bb3b1,https://www.binance.com/en/support/announcement/804bea6cf51a4edc9079962ff77bb3b1,symbol_only_no_effective_ts,"Binance Futures Will Launch USDS-Margined AIXBTUSDT, FARTCOINUSDT, KMNOUSDT and CGPTUSDT Perpetual Contracts With up to 75x Leverage",False,,,,2024-12-20,2026-07-19,2026-06,2024-12-20,2025-01-18,2025-01-18,False,True,True,30,30,2,30,30,2,AIXBTUSDT,30,,False,0,,,zero_base_new_asset,No Binance spot archive found in pre30 or near-listing probe window,30,2,30,True,True,True,True,False,,,,200:30,200:2,200:30,404:38,60218613.45789000,7,200:7
P0RES018-00243,CGPTUSDT,CGPT,2024-12-20 16:04:10 UTC,2024-12-20 00:00:00 UTC,universe_onboard_date_midnight_proxy,2024-12-20,UNIVERSE_PIT,"Binance Futures Will Launch USDS-Margined AIXBTUSDT, FARTCOINUSDT, KMNOUSDT and CGPTUSDT Perpetual Contracts With up to 75x Leverage",804bea6cf51a4edc9079962ff77bb3b1,https://www.binance.com/en/support/announcement/804bea6cf51a4edc9079962ff77bb3b1,symbol_only_no_effective_ts,"Binance Futures Will Launch USDS-Margined AIXBTUSDT, FARTCOINUSDT, KMNOUSDT and CGPTUSDT Perpetual Contracts With up to 75x Leverage",False,,,,2024-12-20,2026-07-19,2026-06,2024-12-20,2025-01-18,2025-01-18,False,True,True,30,30,2,30,30,2,CGPTUSDT,30,,False,0,,,zero_base_new_asset,No Binance spot archive found in pre30 or near-listing probe window,30,2,30,True,True,True,True,False,,,,200:30,200:2,200:30,404:38,58107291.56229001,7,200:7
P0RES018-00244,FARTCOINUSDT,FARTCOIN,2024-12-20 16:04:10 UTC,2024-12-20 00:00:00 UTC,universe_onboard_date_midnight_proxy,2024-12-20,UNIVERSE_PIT,"Binance Futures Will Launch USDS-Margined AIXBTUSDT, FARTCOINUSDT, KMNOUSDT and CGPTUSDT Perpetual Contracts With up to 75x Leverage",804bea6cf51a4edc9079962ff77bb3b1,https://www.binance.com/en/support/announcement/804bea6cf51a4edc9079962ff77bb3b1,symbol_only_no_effective_ts,"Binance Futures Will Launch USDS-Margined AIXBTUSDT, FARTCOINUSDT, KMNOUSDT and CGPTUSDT Perpetual Contracts With up to 75x Leverage",False,,,,2024-12-20,2026-07-19,2026-06,2024-12-20,2025-01-18,2025-01-18,False,True,True,30,30,2,30,30,2,FARTCOINUSDT,30,,False,0,,,zero_base_new_asset,No Binance spot archive found in pre30 or near-listing probe window,30,2,30,True,True,True,True,False,,,,200:30,200:2,200:30,404:38,243886621.66375002,7,200:7
P0RES018-00245,KMNOUSDT,KMNO,2024-12-20 16:04:10 UTC,2024-12-20 00:00:00 UTC,universe_onboard_date_midnight_proxy,2024-12-20,UNIVERSE_PIT,"Binance Futures Will Launch USDS-Margined AIXBTUSDT, FARTCOINUSDT, KMNOUSDT and CGPTUSDT Perpetual Contracts With up to 75x Leverage",804bea6cf51a4edc9079962ff77bb3b1,https://www.binance.com/en/support/announcement/804bea6cf51a4edc9079962ff77bb3b1,symbol_only_no_effective_ts,"Binance Futures Will Launch USDS-Margined AIXBTUSDT, FARTCOINUSDT, KMNOUSDT and CGPTUSDT Perpetual Contracts With up to 75x Leverage",False,,,,2024-12-20,2026-07-19,2026-06,2024-12-20,2025-01-18,2025-01-18,False,True,True,30,30,2,30,30,2,KMNOUSDT,30,,False,0,,,zero_base_new_asset,No Binance spot archive found in pre30 or near-listing probe window,30,2,30,True,True,True,True,False,,,,200:30,200:2,200:30,404:38,8369623.36726000,7,200:7
P0RES018-00246,HIVEUSDT,HIVE,2024-12-23 09:15:18 UTC,2024-12-23 00:00:00 UTC,universe_onboard_date_midnight_proxy,2024-12-23,UNIVERSE_PIT,Binance Futures Will Launch USDS-Margined HIVEUSDT Perpetual Contract With up to 75x Leverage,3711e9a08327401780ef31aea01ead1b,https://www.binance.com/en/support/announcement/3711e9a08327401780ef31aea01ead1b,symbol_only_no_effective_ts,Binance Futures Will Launch USDS-Margined HIVEUSDT Perpetual Contract With up to 75x Leverage,False,,,,2024-12-23,2026-07-19,2026-06,2024-12-23,2025-01-21,2025-01-21,False,True,True,30,30,2,30,30,2,HIVEUSDT,30,HIVEUSDT,True,30,,2024-12-23,existing_spot_then_perp,Binance spot 1h daily archive complete for 30 calendar days before perp listing,30,2,30,True,True,True,True,True,,,,200:30,200:2,200:30,200:38,68621226.00839999,7,200:7
P0RES018-00247,DEXEUSDT,DEXE,2024-12-24 09:15:05 UTC,2024-12-24 00:00:00 UTC,universe_onboard_date_midnight_proxy,2024-12-24,UNIVERSE_PIT,Binance Futures Will Launch USDS-Margined DEXEUSDT Perpetual Contract With up to 75x Leverage,a9c8bddb0f544726b4401718ee116ba7,https://www.binance.com/en/support/announcement/a9c8bddb0f544726b4401718ee116ba7,symbol_only_no_effective_ts,Binance Futures Will Launch USDS-Margined DEXEUSDT Perpetual Contract With up to 75x Leverage,False,,,,2024-12-24,2026-07-19,2026-06,2024-12-24,2025-01-22,2025-01-22,False,True,True,30,30,2,30,30,2,DEXEUSDT,30,DEXEUSDT,True,30,,2024-12-24,existing_spot_then_perp,Binance spot 1h daily archive complete for 30 calendar days before perp listing,30,2,30,True,True,True,True,True,,,,200:30,200:2,200:30,200:38,43055099.24609999,7,200:7
P0RES018-00248,DFUSDT,DF,2024-12-30 09:15:06 UTC,2024-12-30 00:00:00 UTC,universe_onboard_date_midnight_proxy,2024-12-30,UNIVERSE_PIT,Binance Futures Will Launch USDS-Margined PHAUSDT and DFUSDT Perpetual Contracts With up to 75x Leverage,17af86f7c0c645be8e37b5546279eca2,https://www.binance.com/en/support/announcement/17af86f7c0c645be8e37b5546279eca2,symbol_only_no_effective_ts,Binance Futures Will Launch USDS-Margined PHAUSDT and DFUSDT Perpetual Contracts With up to 75x Leverage,True,2026-02-06 00:00:00 UTC,UNIVERSE_PIT_delist_date_midnight_proxy,2026-02-06,2024-12-30,2026-07-19,2026-06,2024-12-30,2025-01-28,2025-01-28,False,True,True,30,30,2,30,30,2,DFUSDT,30,DFUSDT,True,30,,2024-12-30,existing_spot_then_perp,Binance spot 1h daily archive complete for 30 calendar days before perp listing,30,2,30,True,True,True,True,True,,,,200:30,200:2,200:30,200:38,42294998.10393000,7,200:7
P0RES018-00249,PHAUSDT,PHA,2024-12-30 09:15:06 UTC,2024-12-30 00:00:00 UTC,universe_onboard_date_midnight_proxy,2024-12-30,UNIVERSE_PIT,Binance Futures Will Launch USDS-Margined PHAUSDT and DFUSDT Perpetual Contracts With up to 75x Leverage,17af86f7c0c645be8e37b5546279eca2,https://www.binance.com/en/support/announcement/17af86f7c0c645be8e37b5546279eca2,symbol_only_no_effective_ts,Binance Futures Will Launch USDS-Margined PHAUSDT and DFUSDT Perpetual Contracts With up to 75x Leverage,False,,,,2024-12-30,2026-07-19,2026-06,2024-12-30,2025-01-28,2025-01-28,False,True,True,30,30,2,30,30,2,PHAUSDT,30,PHAUSDT,True,30,,2024-12-30,existing_spot_then_perp,Binance spot 1h daily archive complete for 30 calendar days before perp listing,30,2,30,True,True,True,True,True,,,,200:30,200:2,200:30,200:38,136433439.20302001,7,200:7
P0RES018-00250,AI16ZUSDT,AI16Z,2025-01-02 10:50:37 UTC,2025-01-02 00:00:00 UTC,universe_onboard_date_midnight_proxy,2025-01-02,UNIVERSE_PIT,"Binance Futures Will Launch USDS-Margined GRIFFAINUSDT, AI16ZUSDT and ZEREBROUSDT Perpetual Contracts With up to 75x Leverage",2e58ae9924344fbf878fcd559bfdec81,https://www.binance.com/en/support/announcement/2e58ae9924344fbf878fcd559bfdec81,symbol_only_no_effective_ts,"Binance Futures Will Launch USDS-Margined GRIFFAINUSDT, AI16ZUSDT and ZEREBROUSDT Perpetual Contracts With up to 75x Leverage",True,2025-11-06 00:00:00 UTC,UNIVERSE_PIT_delist_date_midnight_proxy,2025-11-06,2025-01-02,2026-07-19,2026-06,2025-01-02,2025-01-31,2025-01-31,False,True,True,30,30,1,30,30,1,AI16ZUSDT,30,,False,0,,,zero_base_new_asset,No Binance spot archive found in pre30 or near-listing probe window,30,1,30,True,True,True,True,False,,,,200:30,200:1,200:30,404:38,280480809.38854998,7,200:7
P0RES018-00251,GRIFFAINUSDT,GRIFFAIN,2025-01-02 10:50:37 UTC,2025-01-02 00:00:00 UTC,universe_onboard_date_midnight_proxy,2025-01-02,UNIVERSE_PIT,"Binance Futures Will Launch USDS-Margined GRIFFAINUSDT, AI16ZUSDT and ZEREBROUSDT Perpetual Contracts With up to 75x Leverage",2e58ae9924344fbf878fcd559bfdec81,https://www.binance.com/en/support/announcement/2e58ae9924344fbf878fcd559bfdec81,symbol_only_no_effective_ts,"Binance Futures Will Launch USDS-Margined GRIFFAINUSDT, AI16ZUSDT and ZEREBROUSDT Perpetual Contracts With up to 75x Leverage",False,,,,2025-01-02,2026-07-19,2026-06,2025-01-02,2025-01-31,2025-01-31,False,True,True,30,30,1,30,30,1,GRIFFAINUSDT,30,,False,0,,,zero_base_new_asset,No Binance spot archive found in pre30 or near-listing probe window,30,1,30,True,True,True,True,False,,,,200:30,200:1,200:30,404:38,109319316.22838001,7,200:7
P0RES018-00252,ZEREBROUSDT,ZEREBRO,2025-01-02 10:50:37 UTC,2025-01-02 00:00:00 UTC,universe_onboard_date_midnight_proxy,2025-01-02,UNIVERSE_PIT,"Binance Futures Will Launch USDS-Margined GRIFFAINUSDT, AI16ZUSDT and ZEREBROUSDT Perpetual Contracts With up to 75x Leverage",2e58ae9924344fbf878fcd559bfdec81,https://www.binance.com/en/support/announcement/2e58ae9924344fbf878fcd559bfdec81,symbol_only_no_effective_ts,"Binance Futures Will Launch USDS-Margined GRIFFAINUSDT, AI16ZUSDT and ZEREBROUSDT Perpetual Contracts With up to 75x Leverage",False,,,,2025-01-02,2026-07-19,2026-06,2025-01-02,2025-01-31,2025-01-31,False,True,True,30,30,1,30,30,1,ZEREBROUSDT,30,,False,0,,,zero_base_new_asset,No Binance spot archive found in pre30 or near-listing probe window,30,1,30,True,True,True,True,False,,,,200:30,200:1,200:30,404:38,96037714.67669998,7,200:7
P0RES018-00253,BIOUSDT,BIO,,2025-01-03 00:00:00 UTC,universe_onboard_date_midnight_proxy,2025-01-03,UNIVERSE_PIT,,,,not_matched_to_official_announcement,,False,,,,2025-01-03,2026-07-19,2026-06,2025-01-03,2025-02-01,2025-02-01,False,True,True,30,30,2,30,30,2,BIOUSDT,30,BIOUSDT,False,0,,2025-01-03,simultaneous_spot_perp,"Binance spot archive exists only within/near the pre-listing window, not full 30d",30,2,30,True,True,True,True,False,,,,200:30,200:2,200:30,200:8;404:30,437243339.35219997,7,200:7
P0RES018-00254,ALCHUSDT,ALCH,2025-01-07 08:58:00 UTC,2025-01-07 00:00:00 UTC,universe_onboard_date_midnight_proxy,2025-01-07,UNIVERSE_PIT,"Binance Futures Will Launch USDS-Margined COOKIEUSDT, ALCHUSDT, and SWARMSUSDT Perpetual Contracts With up to 75x Leverage",681bdbc5f5aa4f24bad0f4cd931c0670,https://www.binance.com/en/support/announcement/681bdbc5f5aa4f24bad0f4cd931c0670,symbol_only_no_effective_ts,"Binance Futures Will Launch USDS-Margined COOKIEUSDT, ALCHUSDT, and SWARMSUSDT Perpetual Contracts With up to 75x Leverage",False,,,,2025-01-07,2026-07-19,2026-06,2025-01-07,2025-02-05,2025-02-05,False,True,True,30,30,2,30,30,2,ALCHUSDT,30,,False,0,,,zero_base_new_asset,No Binance spot archive found in pre30 or near-listing probe window,30,2,30,True,True,True,True,False,,,,200:30,200:2,200:30,404:38,95304381.87419000,7,200:7
P0RES018-00255,COOKIEUSDT,COOKIE,2025-01-07 08:58:00 UTC,2025-01-07 00:00:00 UTC,universe_onboard_date_midnight_proxy,2025-01-07,UNIVERSE_PIT,"Binance Futures Will Launch USDS-Margined COOKIEUSDT, ALCHUSDT, and SWARMSUSDT Perpetual Contracts With up to 75x Leverage",681bdbc5f5aa4f24bad0f4cd931c0670,https://www.binance.com/en/support/announcement/681bdbc5f5aa4f24bad0f4cd931c0670,symbol_only_no_effective_ts,"Binance Futures Will Launch USDS-Margined COOKIEUSDT, ALCHUSDT, and SWARMSUSDT Perpetual Contracts With up to 75x Leverage",False,,,,2025-01-07,2026-07-19,2026-06,2025-01-07,2025-02-05,2025-02-05,False,True,True,30,30,2,30,30,2,COOKIEUSDT,30,COOKIEUSDT,False,0,,2025-01-10,simultaneous_spot_perp,"Binance spot archive exists only within/near the pre-listing window, not full 30d",30,2,30,True,True,True,True,False,,,,200:30,200:2,200:30,200:5;404:33,106682618.77839999,7,200:7
P0RES018-00256,SWARMSUSDT,SWARMS,2025-01-07 08:58:00 UTC,2025-01-07 00:00:00 UTC,universe_onboard_date_midnight_proxy,2025-01-07,UNIVERSE_PIT,"Binance Futures Will Launch USDS-Margined COOKIEUSDT, ALCHUSDT, and SWARMSUSDT Perpetual Contracts With up to 75x Leverage",681bdbc5f5aa4f24bad0f4cd931c0670,https://www.binance.com/en/support/announcement/681bdbc5f5aa4f24bad0f4cd931c0670,symbol_only_no_effective_ts,"Binance Futures Will Launch USDS-Margined COOKIEUSDT, ALCHUSDT, and SWARMSUSDT Perpetual Contracts With up to 75x Leverage",False,,,,2025-01-07,2026-07-19,2026-06,2025-01-07,2025-02-05,2025-02-05,False,True,True,30,30,2,30,30,2,SWARMSUSDT,30,,False,0,,,zero_base_new_asset,No Binance spot archive found in pre30 or near-listing probe window,30,2,30,True,True,True,True,False,,,,200:30,200:2,200:30,404:38,382959931.98700005,7,200:7
P0RES018-00257,SONICUSDT,SONIC,2025-01-08 04:54:28 UTC,2025-01-08 00:00:00 UTC,universe_onboard_date_midnight_proxy,2025-01-08,UNIVERSE_PIT,Binance Futures Will Launch USDS-Margined SONICUSDT Perpetual Contract With up to 75x Leverage,6bc1e2d898e7449da0f94fb63b7ff952,https://www.binance.com/en/support/announcement/6bc1e2d898e7449da0f94fb63b7ff952,symbol_only_no_effective_ts,Binance Futures Will Launch USDS-Margined SONICUSDT Perpetual Contract With up to 75x Leverage,False,,,,2025-01-08,2026-07-19,2026-06,2025-01-08,2025-02-06,2025-02-06,False,True,True,30,30,2,30,30,2,SONICUSDT,30,,False,0,,,zero_base_new_asset,No Binance spot archive found in pre30 or near-listing probe window,30,2,30,True,True,True,True,False,,,,200:30,200:2,200:30,404:38,163146048.01800996,7,200:7
P0RES018-00258,DUSDT,D,,2025-01-09 00:00:00 UTC,universe_onboard_date_midnight_proxy,2025-01-09,UNIVERSE_PIT,,,,not_matched_to_official_announcement,,True,2026-06-11 00:00:00 UTC,UNIVERSE_PIT_delist_date_midnight_proxy,2026-06-11,2025-01-09,2026-07-19,2026-06,2025-01-09,2025-02-07,2025-02-07,False,True,True,30,30,2,30,30,2,DUSDT,30,DUSDT,False,0,,2025-01-09,simultaneous_spot_perp,"Binance spot archive exists only within/near the pre-listing window, not full 30d",30,2,30,True,True,True,True,False,,,,200:30,200:2,200:30,200:8;404:30,31257808.06461000,7,200:7
P0RES018-00259,PROMUSDT,PROM,2025-01-15 10:30:09 UTC,2025-01-15 00:00:00 UTC,universe_onboard_date_midnight_proxy,2025-01-15,UNIVERSE_PIT,Binance Futures Will Launch USDS-Margined PROMUSDT Perpetual Contract With up to 75x Leverage,cdaaf231d42d4946a755b31a85019526,https://www.binance.com/en/support/announcement/cdaaf231d42d4946a755b31a85019526,symbol_only_no_effective_ts,Binance Futures Will Launch USDS-Margined PROMUSDT Perpetual Contract With up to 75x Leverage,False,,,,2025-01-15,2026-07-19,2026-06,2025-01-15,2025-02-13,2025-02-13,False,True,True,30,30,2,30,30,2,PROMUSDT,30,PROMUSDT,True,30,,2025-01-15,existing_spot_then_perp,Binance spot 1h daily archive complete for 30 calendar days before perp listing,30,2,30,True,True,True,True,True,,,,200:30,200:2,200:30,200:38,22376652.44220000,7,200:7
P0RES018-00260,SUSDT,S,,2025-01-16 00:00:00 UTC,universe_onboard_date_midnight_proxy,2025-01-16,UNIVERSE_PIT,,,,not_matched_to_official_announcement,,False,,,,2025-01-16,2026-07-19,2026-06,2025-01-16,2025-02-14,2025-02-14,False,True,True,30,30,2,30,30,2,SUSDT,30,SUSDT,False,0,,2025-01-16,simultaneous_spot_perp,"Binance spot archive exists only within/near the pre-listing window, not full 30d",30,2,30,True,True,True,True,False,,,,200:30,200:2,200:30,200:8;404:30,80350810.18560000,7,200:7
P0RES018-00261,ARCUSDT,ARC,2025-01-17 10:07:03 UTC,2025-01-17 00:00:00 UTC,universe_onboard_date_midnight_proxy,2025-01-17,UNIVERSE_PIT,Binance Futures Will Launch USDS-Margined ARCUSDT and AVAAIUSDT Perpetual Contracts With up to 25x Leverage,8a43963ad2a748179893ed0b43e194ff,https://www.binance.com/en/support/announcement/8a43963ad2a748179893ed0b43e194ff,symbol_only_no_effective_ts,Binance Futures Will Launch USDS-Margined ARCUSDT and AVAAIUSDT Perpetual Contracts With up to 25x Leverage,False,,,,2025-01-17,2026-07-19,2026-06,2025-01-17,2025-02-15,2025-02-15,False,True,True,30,30,2,30,30,2,ARCUSDT,30,,False,0,,,zero_base_new_asset,No Binance spot archive found in pre30 or near-listing probe window,30,2,30,True,True,True,True,False,,,,200:30,200:2,200:30,404:38,212069418.76261005,7,200:7
P0RES018-00262,AVAAIUSDT,AVAAI,2025-01-17 10:07:03 UTC,2025-01-17 00:00:00 UTC,universe_onboard_date_midnight_proxy,2025-01-17,UNIVERSE_PIT,Binance Futures Will Launch USDS-Margined ARCUSDT and AVAAIUSDT Perpetual Contracts With up to 25x Leverage,8a43963ad2a748179893ed0b43e194ff,https://www.binance.com/en/support/announcement/8a43963ad2a748179893ed0b43e194ff,symbol_only_no_effective_ts,Binance Futures Will Launch USDS-Margined ARCUSDT and AVAAIUSDT Perpetual Contracts With up to 25x Leverage,False,,,,2025-01-17,2026-07-19,2026-06,2025-01-17,2025-02-15,2025-02-15,False,True,True,30,30,2,30,30,2,AVAAIUSDT,30,,False,0,,,zero_base_new_asset,No Binance spot archive found in pre30 or near-listing probe window,30,2,30,True,True,True,True,False,,,,200:30,200:2,200:30,404:38,109195237.44038001,7,200:7
P0RES018-00263,SOLVUSDT,SOLV,,2025-01-17 00:00:00 UTC,universe_onboard_date_midnight_proxy,2025-01-17,UNIVERSE_PIT,,,,not_matched_to_official_announcement,,False,,,,2025-01-17,2026-07-19,2026-06,2025-01-17,2025-02-15,2025-02-15,False,True,True,30,30,2,30,30,2,SOLVUSDT,30,SOLVUSDT,False,0,,2025-01-17,simultaneous_spot_perp,"Binance spot archive exists only within/near the pre-listing window, not full 30d",30,2,30,True,True,True,True,False,,,,200:30,200:2,200:30,200:8;404:30,180034818.88529998,7,200:7
P0RES018-00264,TRUMPUSDT,TRUMP,2025-01-18 10:43:11 UTC,2025-01-18 00:00:00 UTC,universe_onboard_date_midnight_proxy,2025-01-18,UNIVERSE_PIT,Binance Futures Will Launch USDS-Margined TRUMPUSDT Perpetual Contract With up to 25x Leverage,82ac4437417c4876895c7262a4245bf0,https://www.binance.com/en/support/announcement/82ac4437417c4876895c7262a4245bf0,symbol_only_no_effective_ts,Binance Futures Will Launch USDS-Margined TRUMPUSDT Perpetual Contract With up to 25x Leverage,False,,,,2025-01-18,2026-07-19,2026-06,2025-01-18,2025-02-16,2025-02-16,False,True,True,30,30,2,30,30,2,TRUMPUSDT,30,TRUMPUSDT,False,0,,2025-01-19,simultaneous_spot_perp,"Binance spot archive exists only within/near the pre-listing window, not full 30d",30,2,30,True,True,True,True,False,,,,200:30,200:2,200:30,200:7;404:31,5682544757.33006001,7,200:7
P0RES018-00265,MELANIAUSDT,MELANIA,2025-01-20 06:55:13 UTC,2025-01-20 00:00:00 UTC,universe_onboard_date_midnight_proxy,2025-01-20,UNIVERSE_PIT,Binance Futures Will Launch USDS-Margined MELANIAUSDT Perpetual Contract With up to 25x Leverage,4587fb07ff3d42af85f5ccfa94c2e97c,https://www.binance.com/en/support/announcement/4587fb07ff3d42af85f5ccfa94c2e97c,symbol_only_no_effective_ts,Binance Futures Will Launch USDS-Margined MELANIAUSDT Perpetual Contract With up to 25x Leverage,False,,,,2025-01-20,2026-07-19,2026-06,2025-01-20,2025-02-18,2025-02-18,False,True,True,30,30,2,30,30,2,MELANIAUSDT,30,,False,0,,,zero_base_new_asset,No Binance spot archive found in pre30 or near-listing probe window,30,2,30,True,True,True,True,False,,,,200:30,200:2,200:30,404:38,560902378.30868983,7,200:7
P0RES018-00266,VTHOUSDT,VTHO,2025-01-22 07:30:16 UTC,2025-01-22 00:00:00 UTC,universe_onboard_date_midnight_proxy,2025-01-22,UNIVERSE_PIT,Binance Futures Will Launch USDS-Margined VTHOUSDT Perpetual Contract With up to 75x Leverage,8fec694cfde14cc281e66970b1ebb065,https://www.binance.com/en/support/announcement/8fec694cfde14cc281e66970b1ebb065,symbol_only_no_effective_ts,Binance Futures Will Launch USDS-Margined VTHOUSDT Perpetual Contract With up to 75x Leverage,False,,,,2025-01-22,2026-07-19,2026-06,2025-01-22,2025-02-20,2025-02-20,False,True,True,30,30,2,30,30,2,VTHOUSDT,30,VTHOUSDT,True,30,,2025-01-22,existing_spot_then_perp,Binance spot 1h daily archive complete for 30 calendar days before perp listing,30,2,30,True,True,True,True,True,,,,200:30,200:2,200:30,200:38,161612456.83400503,7,200:7
P0RES018-00267,ANIMEUSDT,ANIME,,2025-01-23 00:00:00 UTC,universe_onboard_date_midnight_proxy,2025-01-23,UNIVERSE_PIT,,,,not_matched_to_official_announcement,,False,,,,2025-01-23,2026-07-19,2026-06,2025-01-23,2025-02-21,2025-02-21,False,True,True,30,30,2,30,30,2,ANIMEUSDT,30,ANIMEUSDT,False,0,,2025-01-23,simultaneous_spot_perp,"Binance spot archive exists only within/near the pre-listing window, not full 30d",30,2,30,True,True,True,True,False,,,,200:30,200:2,200:30,200:8;404:30,190646104.95650002,7,200:7
P0RES018-00268,PIPPINUSDT,PIPPIN,2025-01-24 07:10:06 UTC,2025-01-24 00:00:00 UTC,universe_onboard_date_midnight_proxy,2025-01-24,UNIVERSE_PIT,Binance Futures Will Launch USDS-Margined VINEUSDT and PIPPINUSDT Perpetual Contracts With up to 25x Leverage,75d358bf598e4c8d9b841961d78c14c2,https://www.binance.com/en/support/announcement/75d358bf598e4c8d9b841961d78c14c2,symbol_only_no_effective_ts,Binance Futures Will Launch USDS-Margined VINEUSDT and PIPPINUSDT Perpetual Contracts With up to 25x Leverage,False,,,,2025-01-24,2026-07-19,2026-06,2025-01-24,2025-02-22,2025-02-22,False,True,True,30,30,2,30,30,2,PIPPINUSDT,30,,False,0,,,zero_base_new_asset,No Binance spot archive found in pre30 or near-listing probe window,30,2,30,True,True,True,True,False,,,,200:30,200:2,200:30,404:38,61031613.33804000,7,200:7
P0RES018-00269,VINEUSDT,VINE,2025-01-24 07:10:06 UTC,2025-01-24 00:00:00 UTC,universe_onboard_date_midnight_proxy,2025-01-24,UNIVERSE_PIT,Binance Futures Will Launch USDS-Margined VINEUSDT and PIPPINUSDT Perpetual Contracts With up to 25x Leverage,75d358bf598e4c8d9b841961d78c14c2,https://www.binance.com/en/support/announcement/75d358bf598e4c8d9b841961d78c14c2,symbol_only_no_effective_ts,Binance Futures Will Launch USDS-Margined VINEUSDT and PIPPINUSDT Perpetual Contracts With up to 25x Leverage,True,2026-04-28 10:00:00 UTC,p0res010_delist_inventory,2026-04-28,2025-01-24,2026-07-19,2026-06,2025-01-24,2025-02-22,2025-02-22,False,True,True,30,30,2,30,30,2,VINEUSDT,30,,False,0,,,zero_base_new_asset,No Binance spot archive found in pre30 or near-listing probe window,30,2,30,True,True,True,True,False,,,,200:30,200:2,200:30,404:38,965684655.67759013,7,200:7
P0RES018-00270,VVVUSDT,VVV,2025-01-29 05:52:20 UTC,2025-01-29 00:00:00 UTC,universe_onboard_date_midnight_proxy,2025-01-29,UNIVERSE_PIT,Binance Futures Will Launch USDS-Margined VVVUSDT Perpetual Contract With up to 25x Leverage,d07c58c0c6c6475f891161e77b4e6153,https://www.binance.com/en/support/announcement/d07c58c0c6c6475f891161e77b4e6153,symbol_only_no_effective_ts,Binance Futures Will Launch USDS-Margined VVVUSDT Perpetual Contract With up to 25x Leverage,False,,,,2025-01-29,2026-07-19,2026-06,2025-01-29,2025-02-27,2025-02-27,False,True,True,30,30,2,30,30,2,VVVUSDT,30,,False,0,,,zero_base_new_asset,No Binance spot archive found in pre30 or near-listing probe window,30,2,30,True,True,True,True,False,,,,200:30,200:2,200:30,404:38,242632131.43599999,7,200:7
P0RES018-00271,BERAUSDT,BERA,,2025-02-06 00:00:00 UTC,universe_onboard_date_midnight_proxy,2025-02-06,UNIVERSE_PIT,,,,not_matched_to_official_announcement,,False,,,,2025-02-06,2026-07-19,2026-06,2025-02-06,2025-03-07,2025-03-07,False,True,True,30,30,2,30,30,2,BERAUSDT,30,BERAUSDT,False,0,,2025-02-06,simultaneous_spot_perp,"Binance spot archive exists only within/near the pre-listing window, not full 30d",30,2,30,True,True,True,True,False,,,,200:30,200:2,200:30,200:8;404:30,741688900.15120006,7,200:7
P0RES018-00272,TSTUSDT,TST,,2025-02-09 00:00:00 UTC,universe_onboard_date_midnight_proxy,2025-02-09,UNIVERSE_PIT,,,,not_matched_to_official_announcement,,False,,,,2025-02-09,2026-07-19,2026-06,2025-02-09,2025-03-10,2025-03-10,False,True,True,30,30,2,30,30,2,TSTUSDT,30,TSTUSDT,False,0,,2025-02-09,simultaneous_spot_perp,"Binance spot archive exists only within/near the pre-listing window, not full 30d",30,2,30,True,True,True,True,False,,,,200:30,200:2,200:30,200:8;404:30,910774427.20299995,7,200:7
P0RES018-00273,LAYERUSDT,LAYER,,2025-02-11 00:00:00 UTC,universe_onboard_date_midnight_proxy,2025-02-11,UNIVERSE_PIT,,,,not_matched_to_official_announcement,,False,,,,2025-02-11,2026-07-19,2026-06,2025-02-11,2025-03-12,2025-03-12,False,True,True,30,30,2,30,30,2,LAYERUSDT,30,LAYERUSDT,False,0,,2025-02-11,simultaneous_spot_perp,"Binance spot archive exists only within/near the pre-listing window, not full 30d",30,2,30,True,True,True,True,False,,,,200:30,200:2,200:30,200:8;404:30,292925067.18996996,7,200:7
P0RES018-00274,B3USDT,B3,2025-02-13 09:45:10 UTC,2025-02-13 00:00:00 UTC,universe_onboard_date_midnight_proxy,2025-02-13,UNIVERSE_PIT,Binance Futures Will Launch USDS-Margined B3USDT Perpetual Contract With up to 25x Leverage,10e7ffb4ea4c4b93a70b0fa55fbed8ce,https://www.binance.com/en/support/announcement/10e7ffb4ea4c4b93a70b0fa55fbed8ce,symbol_only_no_effective_ts,Binance Futures Will Launch USDS-Margined B3USDT Perpetual Contract With up to 25x Leverage,True,2026-04-28 09:00:00 UTC,p0res010_delist_inventory,2026-04-28,2025-02-13,2026-07-19,2026-06,2025-02-13,2025-03-14,2025-03-14,False,True,True,30,30,2,30,30,2,B3USDT,30,,False,0,,,zero_base_new_asset,No Binance spot archive found in pre30 or near-listing probe window,30,2,30,True,True,True,True,False,,,,200:30,200:2,200:30,404:38,89177485.88897999,7,200:7
P0RES018-00275,HEIUSDT,HEI,,2025-02-13 00:00:00 UTC,universe_onboard_date_midnight_proxy,2025-02-13,UNIVERSE_PIT,,,,not_matched_to_official_announcement,,False,,,,2025-02-13,2026-07-19,2026-06,2025-02-13,2025-03-14,2025-03-14,False,True,True,30,30,2,30,30,2,HEIUSDT,30,HEIUSDT,False,0,,2025-02-13,simultaneous_spot_perp,"Binance spot archive exists only within/near the pre-listing window, not full 30d",30,2,30,True,True,True,True,False,,,,200:30,200:2,200:30,200:8;404:30,114895172.74663000,7,200:7
P0RES018-00276,IPUSDT,IP,2025-02-13 15:04:51 UTC,2025-02-13 00:00:00 UTC,universe_onboard_date_midnight_proxy,2025-02-13,UNIVERSE_PIT,Binance Futures Will Launch USDS-Margined IPUSDT Perpetual Contract With up to 25x Leverage,1282745acaba40c78f68b6adbefe3bc9,https://www.binance.com/en/support/announcement/1282745acaba40c78f68b6adbefe3bc9,symbol_only_no_effective_ts,Binance Futures Will Launch USDS-Margined IPUSDT Perpetual Contract With up to 25x Leverage,False,,,,2025-02-13,2026-07-19,2026-06,2025-02-13,2025-03-14,2025-03-14,False,True,True,30,30,2,30,30,2,IPUSDT,30,,False,0,,,zero_base_new_asset,No Binance spot archive found in pre30 or near-listing probe window,30,2,30,True,True,True,True,False,,,,200:30,200:2,200:30,404:38,493653816.07735598,7,200:7
P0RES018-00277,GPSUSDT,GPS,2025-02-17 15:08:56 UTC,2025-02-17 00:00:00 UTC,universe_onboard_date_midnight_proxy,2025-02-17,UNIVERSE_PIT,Binance Futures Will Launch USDS-Margined GPSUSDT and SHELLUSDT Perpetual Contracts With up to 25x Leverage,11ee45a06d054e698f18fe1ed964b401,https://www.binance.com/en/support/announcement/11ee45a06d054e698f18fe1ed964b401,symbol_only_no_effective_ts,Binance Futures Will Launch USDS-Margined GPSUSDT and SHELLUSDT Perpetual Contracts With up to 25x Leverage,False,,,,2025-02-17,2026-07-19,2026-06,2025-02-17,2025-03-18,2025-03-18,False,True,True,30,30,2,30,30,2,GPSUSDT,30,,False,0,,,zero_base_new_asset,No Binance spot archive found in pre30 or near-listing probe window,30,2,30,True,True,True,True,False,,,,200:30,200:2,200:30,404:38,72492123.97730000,7,200:7
P0RES018-00278,SHELLUSDT,SHELL,2025-02-17 15:08:56 UTC,2025-02-17 00:00:00 UTC,universe_onboard_date_midnight_proxy,2025-02-17,UNIVERSE_PIT,Binance Futures Will Launch USDS-Margined GPSUSDT and SHELLUSDT Perpetual Contracts With up to 25x Leverage,11ee45a06d054e698f18fe1ed964b401,https://www.binance.com/en/support/announcement/11ee45a06d054e698f18fe1ed964b401,symbol_only_no_effective_ts,Binance Futures Will Launch USDS-Margined GPSUSDT and SHELLUSDT Perpetual Contracts With up to 25x Leverage,False,,,,2025-02-17,2026-07-19,2026-06,2025-02-17,2025-03-18,2025-03-18,False,True,True,30,30,2,30,30,2,SHELLUSDT,30,,False,0,,,zero_base_new_asset,No Binance spot archive found in pre30 or near-listing probe window,30,2,30,True,True,True,True,False,,,,200:30,200:2,200:30,404:38,127748907.79520001,7,200:7
P0RES018-00279,KAITOUSDT,KAITO,,2025-02-20 00:00:00 UTC,universe_onboard_date_midnight_proxy,2025-02-20,UNIVERSE_PIT,,,,not_matched_to_official_announcement,,False,,,,2025-02-20,2026-07-19,2026-06,2025-02-20,2025-03-21,2025-03-21,False,True,True,30,30,2,30,30,2,KAITOUSDT,30,KAITOUSDT,False,0,,2025-02-20,simultaneous_spot_perp,"Binance spot archive exists only within/near the pre-listing window, not full 30d",30,2,30,True,True,True,True,False,,,,200:30,200:2,200:30,200:8;404:30,2396314411.88169050,7,200:7
P0RES018-00280,REDUSDT,RED,,2025-03-06 00:00:00 UTC,universe_onboard_date_midnight_proxy,2025-03-06,UNIVERSE_PIT,,,,not_matched_to_official_announcement,,False,,,,2025-03-06,2026-07-19,2026-06,2025-03-06,2025-04-04,2025-04-04,False,True,True,30,30,2,30,30,2,REDUSDT,30,REDUSDT,False,6,2025-02-04;2025-02-05;2025-02-06;2025-02-07;2025-02-08;2025-02-09;2025-02-10;2025-02-11;2025-02-12;2025-02-13;2025-02-14;2025-02-15;2025-02-16;2025-02-17;2025-02-18;2025-02-19;2025-02-20;2025-02-21;2025-02-22;2025-02-23;2025-02-24;2025-02-25;2025-02-26;2025-02-27,2025-03-06,simultaneous_spot_perp,"Binance spot archive exists only within/near the pre-listing window, not full 30d",30,2,30,True,True,True,True,False,,,,200:30,200:2,200:30,200:14;404:24,247064219.23879999,7,200:7
P0RES018-00281,VICUSDT,VIC,2025-03-12 14:59:27 UTC,2025-03-12 00:00:00 UTC,universe_onboard_date_midnight_proxy,2025-03-12,UNIVERSE_PIT,Binance Futures Will Launch USDS-Margined VICUSDT Perpetual Contract With Up To 75x Leverage,08e0ea0b2c534dffab50f42c3776895c,https://www.binance.com/en/support/announcement/08e0ea0b2c534dffab50f42c3776895c,symbol_only_no_effective_ts,Binance Futures Will Launch USDS-Margined VICUSDT Perpetual Contract With Up To 75x Leverage,False,,,,2025-03-12,2026-07-19,2026-06,2025-03-12,2025-04-10,2025-04-10,False,True,True,30,30,2,30,30,2,VICUSDT,30,VICUSDT,True,30,,2025-03-12,existing_spot_then_perp,Binance spot 1h daily archive complete for 30 calendar days before perp listing,30,2,30,True,True,True,True,True,,,,200:30,200:2,200:30,200:38,84543121.23819996,7,200:7
P0RES018-00282,EPICUSDT,EPIC,,2025-03-13 00:00:00 UTC,universe_onboard_date_midnight_proxy,2025-03-13,UNIVERSE_PIT,,,,not_matched_to_official_announcement,,False,,,,2025-03-13,2026-07-19,2026-06,2025-03-13,2025-04-11,2025-04-11,False,True,True,30,30,2,30,30,2,EPICUSDT,30,EPICUSDT,False,0,,2025-03-13,simultaneous_spot_perp,"Binance spot archive exists only within/near the pre-listing window, not full 30d",30,2,30,True,True,True,True,False,,,,200:30,200:2,200:30,200:8;404:30,82502099.58809002,7,200:7
P0RES018-00283,BMTUSDT,BMT,2025-03-17 11:31:00 UTC,2025-03-17 00:00:00 UTC,universe_onboard_date_midnight_proxy,2025-03-17,UNIVERSE_PIT,Binance Futures Will Launch USDS-Margined BMTUSDT and MUBARAKUSDT Perpetual Contracts With up to 25x Leverage,b4a7eb2646c640b39eab0e329a0d656b,https://www.binance.com/en/support/announcement/b4a7eb2646c640b39eab0e329a0d656b,symbol_only_no_effective_ts,Binance Futures Will Launch USDS-Margined BMTUSDT and MUBARAKUSDT Perpetual Contracts With up to 25x Leverage,False,,,,2025-03-17,2026-07-19,2026-06,2025-03-17,2025-04-15,2025-04-15,False,True,True,30,30,2,30,30,2,BMTUSDT,30,BMTUSDT,False,0,,2025-03-18,simultaneous_spot_perp,"Binance spot archive exists only within/near the pre-listing window, not full 30d",30,2,30,True,True,True,True,False,,,,200:30,200:2,200:30,200:7;404:31,113504113.76619999,7,200:7
P0RES018-00284,MUBARAKUSDT,MUBARAK,2025-03-17 11:31:00 UTC,2025-03-17 00:00:00 UTC,universe_onboard_date_midnight_proxy,2025-03-17,UNIVERSE_PIT,Binance Futures Will Launch USDS-Margined BMTUSDT and MUBARAKUSDT Perpetual Contracts With up to 25x Leverage,b4a7eb2646c640b39eab0e329a0d656b,https://www.binance.com/en/support/announcement/b4a7eb2646c640b39eab0e329a0d656b,symbol_only_no_effective_ts,Binance Futures Will Launch USDS-Margined BMTUSDT and MUBARAKUSDT Perpetual Contracts With up to 25x Leverage,False,,,,2025-03-17,2026-07-19,2026-06,2025-03-17,2025-04-15,2025-04-15,False,True,True,30,30,2,30,30,2,MUBARAKUSDT,30,,False,0,,,zero_base_new_asset,No Binance spot archive found in pre30 or near-listing probe window,30,2,30,True,True,True,True,False,,,,200:30,200:2,200:30,404:38,443945307.24370003,7,200:7
P0RES018-00285,FORMUSDT,FORM,,2025-03-19 00:00:00 UTC,universe_onboard_date_midnight_proxy,2025-03-19,UNIVERSE_PIT,,,,not_matched_to_official_announcement,,False,,,,2025-03-19,2026-07-19,2026-06,2025-03-19,2025-04-17,2025-04-17,False,True,True,30,30,2,30,30,2,FORMUSDT,30,FORMUSDT,False,0,,2025-03-19,simultaneous_spot_perp,"Binance spot archive exists only within/near the pre-listing window, not full 30d",30,2,30,True,True,True,True,False,,,,200:30,200:2,200:30,200:8;404:30,193559883.21329001,7,200:7
P0RES018-00286,BIDUSDT,BID,,2025-03-20 00:00:00 UTC,universe_onboard_date_midnight_proxy,2025-03-20,UNIVERSE_PIT,,,,not_matched_to_official_announcement,,True,2026-01-21 09:00:00 UTC,p0res010_delist_inventory,2026-01-21,2025-03-20,2026-07-19,2026-06,2025-03-20,2025-04-18,2025-04-18,False,True,True,30,30,2,30,30,2,BIDUSDT,30,,False,0,,,zero_base_new_asset,No Binance spot archive found in pre30 or near-listing probe window,30,2,30,True,True,True,True,False,,,,200:30,200:2,200:30,404:38,15366655.39699000,7,200:7
P0RES018-00287,TUTUSDT,TUT,,2025-03-20 00:00:00 UTC,universe_onboard_date_midnight_proxy,2025-03-20,UNIVERSE_PIT,,,,not_matched_to_official_announcement,,False,,,,2025-03-20,2026-07-19,2026-06,2025-03-20,2025-04-18,2025-04-18,False,True,True,30,30,2,30,30,2,TUTUSDT,30,TUTUSDT,False,0,,2025-03-27,simultaneous_spot_perp,"Binance spot archive exists only within/near the pre-listing window, not full 30d",30,2,30,True,True,True,True,False,,,,200:30,200:2,200:30,200:1;404:37,58255348.95511999,7,200:7
P0RES018-00288,BROCCOLI714USDT,BROCCOLI714,,2025-03-21 00:00:00 UTC,universe_onboard_date_midnight_proxy,2025-03-21,UNIVERSE_PIT,,,,not_matched_to_official_announcement,,False,,,,2025-03-21,2026-07-19,2026-06,2025-03-21,2025-04-19,2025-04-19,False,True,True,30,30,2,30,30,2,BROCCOLI714USDT,30,BROCCOLI714USDT,False,0,,2025-03-27,simultaneous_spot_perp,"Binance spot archive exists only within/near the pre-listing window, not full 30d",30,2,30,True,True,True,True,False,,,,200:30,200:2,200:30,200:2;404:36,62121146.95037001,7,200:7
P0RES018-00289,BROCCOLIF3BUSDT,BROCCOLIF3B,,2025-03-21 00:00:00 UTC,universe_onboard_date_midnight_proxy,2025-03-21,UNIVERSE_PIT,,,,not_matched_to_official_announcement,,False,,,,2025-03-21,2026-07-19,2026-06,2025-03-21,2025-04-19,2025-04-19,False,True,True,30,30,2,30,30,2,BROCCOLIF3BUSDT,30,,False,0,,,zero_base_new_asset,No Binance spot archive found in pre30 or near-listing probe window,30,2,30,True,True,True,True,False,,,,200:30,200:2,200:30,404:38,28587297.39617501,7,200:7
P0RES018-00290,BRUSDT,BR,2025-03-21 10:46:15 UTC,2025-03-21 00:00:00 UTC,universe_onboard_date_midnight_proxy,2025-03-21,UNIVERSE_PIT,Binance Futures Will Launch USDS-Margined BRUSDT and PLUMEUSDT Perpetual Contracts With up to 25x Leverage,35c693260c6b44169e7dfbc40f454cca,https://www.binance.com/en/support/announcement/35c693260c6b44169e7dfbc40f454cca,symbol_only_no_effective_ts,Binance Futures Will Launch USDS-Margined BRUSDT and PLUMEUSDT Perpetual Contracts With up to 25x Leverage,False,,,,2025-03-21,2026-07-19,2026-06,2025-03-21,2025-04-19,2025-04-19,False,True,True,30,30,2,30,30,2,BRUSDT,30,,False,0,,,zero_base_new_asset,No Binance spot archive found in pre30 or near-listing probe window,30,2,30,True,True,True,True,False,,,,200:30,200:2,200:30,404:38,39169234.76150000,7,200:7
P0RES018-00291,PLUMEUSDT,PLUME,2025-03-21 10:46:15 UTC,2025-03-21 00:00:00 UTC,universe_onboard_date_midnight_proxy,2025-03-21,UNIVERSE_PIT,Binance Futures Will Launch USDS-Margined BRUSDT and PLUMEUSDT Perpetual Contracts With up to 25x Leverage,35c693260c6b44169e7dfbc40f454cca,https://www.binance.com/en/support/announcement/35c693260c6b44169e7dfbc40f454cca,symbol_only_no_effective_ts,Binance Futures Will Launch USDS-Margined BRUSDT and PLUMEUSDT Perpetual Contracts With up to 25x Leverage,False,,,,2025-03-21,2026-07-19,2026-06,2025-03-21,2025-04-19,2025-04-19,False,True,True,30,30,2,30,30,2,PLUMEUSDT,30,,False,0,,,zero_base_new_asset,No Binance spot archive found in pre30 or near-listing probe window,30,2,30,True,True,True,True,False,,,,200:30,200:2,200:30,404:38,11123961.02980000,7,200:7
P0RES018-00292,BANANAS31USDT,BANANAS31,,2025-03-22 00:00:00 UTC,universe_onboard_date_midnight_proxy,2025-03-22,UNIVERSE_PIT,,,,not_matched_to_official_announcement,,False,,,,2025-03-22,2026-07-19,2026-06,2025-03-22,2025-04-20,2025-04-20,False,True,True,30,30,2,30,30,2,BANANAS31USDT,30,BANANAS31USDT,False,0,,2025-03-27,simultaneous_spot_perp,"Binance spot archive exists only within/near the pre-listing window, not full 30d",30,2,30,True,True,True,True,False,,,,200:30,200:2,200:30,200:3;404:35,63262480.08848099,7,200:7
P0RES018-00293,SIRENUSDT,SIREN,,2025-03-22 00:00:00 UTC,universe_onboard_date_midnight_proxy,2025-03-22,UNIVERSE_PIT,,,,not_matched_to_official_announcement,,False,,,,2025-03-22,2026-07-19,2026-06,2025-03-22,2025-04-20,2025-04-20,False,True,True,30,30,2,30,30,2,SIRENUSDT,30,,False,0,,,zero_base_new_asset,No Binance spot archive found in pre30 or near-listing probe window,30,2,30,True,True,True,True,False,,,,200:30,200:2,200:30,404:38,65233505.24817999,7,200:7
P0RES018-00294,NILUSDT,NIL,,2025-03-24 00:00:00 UTC,universe_onboard_date_midnight_proxy,2025-03-24,UNIVERSE_PIT,,,,not_matched_to_official_announcement,,False,,,,2025-03-24,2026-07-19,2026-06,2025-03-24,2025-04-22,2025-04-22,False,True,True,30,30,2,30,30,2,NILUSDT,30,NILUSDT,False,0,,2025-03-24,simultaneous_spot_perp,"Binance spot archive exists only within/near the pre-listing window, not full 30d",30,2,30,True,True,True,True,False,,,,200:30,200:2,200:30,200:8;404:30,294430304.81554997,7,200:7
P0RES018-00295,PARTIUSDT,PARTI,,2025-03-25 00:00:00 UTC,universe_onboard_date_midnight_proxy,2025-03-25,UNIVERSE_PIT,,,,not_matched_to_official_announcement,,False,,,,2025-03-25,2026-07-19,2026-06,2025-03-25,2025-04-23,2025-04-23,False,True,True,30,30,2,30,30,2,PARTIUSDT,30,PARTIUSDT,False,0,,2025-03-25,simultaneous_spot_perp,"Binance spot archive exists only within/near the pre-listing window, not full 30d",30,2,30,True,True,True,True,False,,,,200:30,200:2,200:30,200:8;404:30,292238852.66419995,7,200:7
P0RES018-00296,JELLYJELLYUSDT,JELLYJELLY,2025-03-26 15:16:10 UTC,2025-03-26 00:00:00 UTC,universe_onboard_date_midnight_proxy,2025-03-26,UNIVERSE_PIT,Binance Futures Will Launch USDS-Margined JELLYJELLYUSDT and MAVIAUSDT Perpetual Contracts,815acb27cc2146d2b3f2a4fe933f11d9,https://www.binance.com/en/support/announcement/815acb27cc2146d2b3f2a4fe933f11d9,symbol_only_no_effective_ts,Binance Futures Will Launch USDS-Margined JELLYJELLYUSDT and MAVIAUSDT Perpetual Contracts,False,,,,2025-03-26,2026-07-19,2026-06,2025-03-26,2025-04-24,2025-04-24,False,True,True,30,30,2,30,30,2,JELLYJELLYUSDT,30,,False,0,,,zero_base_new_asset,No Binance spot archive found in pre30 or near-listing probe window,30,2,30,True,True,True,True,False,,,,200:30,200:2,200:30,404:38,50707547.09586999,7,200:7
P0RES018-00297,MAVIAUSDT,MAVIA,2025-03-26 15:16:10 UTC,2025-03-26 00:00:00 UTC,universe_onboard_date_midnight_proxy,2025-03-26,UNIVERSE_PIT,Binance Futures Will Launch USDS-Margined JELLYJELLYUSDT and MAVIAUSDT Perpetual Contracts,815acb27cc2146d2b3f2a4fe933f11d9,https://www.binance.com/en/support/announcement/815acb27cc2146d2b3f2a4fe933f11d9,symbol_only_no_effective_ts,Binance Futures Will Launch USDS-Margined JELLYJELLYUSDT and MAVIAUSDT Perpetual Contracts,True,2024-12-16 09:00:00 UTC,p0res010_delist_inventory,,2025-03-26,2026-07-19,2026-06,2025-03-26,2024-12-15,2025-04-24,True,True,True,0,0,0,0,0,0,MAVIAUSDT,30,,False,0,,,zero_base_new_asset,No Binance spot archive found in pre30 or near-listing probe window,0,0,0,True,True,True,True,False,,,,,,,404:38,48986924.44400001,7,200:7
P0RES018-00298,PAXGUSDT,PAXG,2025-03-27 07:07:25 UTC,2025-03-27 00:00:00 UTC,universe_onboard_date_midnight_proxy,2025-03-27,UNIVERSE_PIT,Binance Futures Will Launch USDS-Margined PAXGUSDT Perpetual Contract,407190c3e5894c679fb4dc1cd7de5982,https://www.binance.com/en/support/announcement/407190c3e5894c679fb4dc1cd7de5982,symbol_only_no_effective_ts,Binance Futures Will Launch USDS-Margined PAXGUSDT Perpetual Contract,False,,,,2025-03-27,2026-07-19,2026-06,2025-03-27,2025-04-25,2025-04-25,False,True,True,30,30,2,30,30,2,PAXGUSDT,30,PAXGUSDT,True,30,,2025-03-27,existing_spot_then_perp,Binance spot 1h daily archive complete for 30 calendar days before perp listing,30,2,30,True,True,True,True,True,,,,200:30,200:2,200:30,200:38,16949610.59591000,7,200:7
P0RES018-00299,WALUSDT,WAL,2025-03-27 13:59:43 UTC,2025-03-27 00:00:00 UTC,universe_onboard_date_midnight_proxy,2025-03-27,UNIVERSE_PIT,Binance Futures Will Launch USDS-Margined WALUSDT Perpetual Contract,3175d8e47b044b48be5439c14f32b194,https://www.binance.com/en/support/announcement/3175d8e47b044b48be5439c14f32b194,symbol_only_no_effective_ts,Binance Futures Will Launch USDS-Margined WALUSDT Perpetual Contract,False,,,,2025-03-27,2026-07-19,2026-06,2025-03-27,2025-04-25,2025-04-25,False,True,True,30,30,2,30,30,2,WALUSDT,30,,False,0,,,zero_base_new_asset,No Binance spot archive found in pre30 or near-listing probe window,30,2,30,True,True,True,True,False,,,,200:30,200:2,200:30,404:38,168332699.77300000,7,200:7
P0RES018-00300,FUNUSDT,FUN,2025-03-31 07:02:06 UTC,2025-03-31 00:00:00 UTC,universe_onboard_date_midnight_proxy,2025-03-31,UNIVERSE_PIT,Binance Futures Will Launch USDS-Margined FUNUSDT and MLNUSDT Perpetual Contracts,08f802493a6a424db8906c07c0c0eb17,https://www.binance.com/en/support/announcement/08f802493a6a424db8906c07c0c0eb17,symbol_only_no_effective_ts,Binance Futures Will Launch USDS-Margined FUNUSDT and MLNUSDT Perpetual Contracts,True,2026-04-15 00:00:00 UTC,UNIVERSE_PIT_delist_date_midnight_proxy,2026-04-15,2025-03-31,2026-07-19,2026-06,2025-03-31,2025-04-29,2025-04-29,False,True,True,30,30,2,30,30,2,FUNUSDT,30,FUNUSDT,True,30,,2025-03-31,existing_spot_then_perp,Binance spot 1h daily archive complete for 30 calendar days before perp listing,30,2,30,True,True,True,True,True,,,,200:30,200:2,200:30,200:38,359774427.41433203,7,200:7
P0RES018-00301,GUNUSDT,GUN,,2025-03-31 00:00:00 UTC,universe_onboard_date_midnight_proxy,2025-03-31,UNIVERSE_PIT,,,,not_matched_to_official_announcement,,False,,,,2025-03-31,2026-07-19,2026-06,2025-03-31,2025-04-29,2025-04-29,False,True,True,30,30,2,30,30,2,GUNUSDT,30,GUNUSDT,False,0,,2025-03-31,simultaneous_spot_perp,"Binance spot archive exists only within/near the pre-listing window, not full 30d",30,2,30,True,True,True,True,False,,,,200:30,200:2,200:30,200:8;404:30,416048555.13049996,7,200:7
P0RES018-00302,MLNUSDT,MLN,2025-03-31 07:02:06 UTC,2025-03-31 00:00:00 UTC,universe_onboard_date_midnight_proxy,2025-03-31,UNIVERSE_PIT,Binance Futures Will Launch USDS-Margined FUNUSDT and MLNUSDT Perpetual Contracts,08f802493a6a424db8906c07c0c0eb17,https://www.binance.com/en/support/announcement/08f802493a6a424db8906c07c0c0eb17,symbol_only_no_effective_ts,Binance Futures Will Launch USDS-Margined FUNUSDT and MLNUSDT Perpetual Contracts,True,2026-05-19 00:00:00 UTC,UNIVERSE_PIT_delist_date_midnight_proxy,2026-05-19,2025-03-31,2026-07-19,2026-06,2025-03-31,2025-04-29,2025-04-29,False,True,True,30,30,2,30,30,2,MLNUSDT,30,MLNUSDT,True,30,,2025-03-31,existing_spot_then_perp,Binance spot 1h daily archive complete for 30 calendar days before perp listing,30,2,30,True,True,True,True,True,,,,200:30,200:2,200:30,200:38,44495940.59529999,7,200:7
P0RES018-00303,ATHUSDT,ATH,2025-04-02 13:38:07 UTC,2025-04-02 00:00:00 UTC,universe_onboard_date_midnight_proxy,2025-04-02,UNIVERSE_PIT,Binance Futures Will Launch USDS-Margined ATHUSDT Perpetual Contract,6fa586322cfa4cdf899255841fee5a94,https://www.binance.com/en/support/announcement/6fa586322cfa4cdf899255841fee5a94,symbol_only_no_effective_ts,Binance Futures Will Launch USDS-Margined ATHUSDT Perpetual Contract,False,,,,2025-04-02,2026-07-19,2026-06,2025-04-02,2025-05-01,2025-05-01,False,True,True,30,30,2,30,30,2,ATHUSDT,30,,False,0,,,zero_base_new_asset,No Binance spot archive found in pre30 or near-listing probe window,30,2,30,True,True,True,True,False,,,,200:30,200:2,200:30,404:38,13837637.40157000,7,200:7
P0RES018-00304,BABYUSDT,BABY,2025-04-05 10:24:51 UTC,2025-04-05 00:00:00 UTC,universe_onboard_date_midnight_proxy,2025-04-05,UNIVERSE_PIT,Binance Futures Will Launch USDS-Margined BABYUSDT Perpetual Contract Pre-Market Trading,20d2a2ba45124c0ebab5c95b771c4337,https://www.binance.com/en/support/announcement/20d2a2ba45124c0ebab5c95b771c4337,symbol_only_no_effective_ts,Binance Futures Will Launch USDS-Margined BABYUSDT Perpetual Contract Pre-Market Trading,False,,,,2025-04-05,2026-07-19,2026-06,2025-04-05,2025-05-04,2025-05-04,False,True,True,30,30,2,30,30,2,BABYUSDT,30,BABYUSDT,False,0,,2025-04-10,simultaneous_spot_perp,"Binance spot archive exists only within/near the pre-listing window, not full 30d",30,2,30,True,True,True,True,False,,,,200:30,200:2,200:30,200:3;404:35,21259082.69372999,7,200:7
P0RES018-00305,FORTHUSDT,FORTH,2025-04-08 06:21:08 UTC,2025-04-08 00:00:00 UTC,universe_onboard_date_midnight_proxy,2025-04-08,UNIVERSE_PIT,Binance Futures Will Launch USDS-Margined FORTHUSDT Perpetual Contract,05d2c3270470451bb1238132dc93cf34,https://www.binance.com/en/support/announcement/05d2c3270470451bb1238132dc93cf34,symbol_only_no_effective_ts,Binance Futures Will Launch USDS-Margined FORTHUSDT Perpetual Contract,True,2026-03-24 00:00:00 UTC,UNIVERSE_PIT_delist_date_midnight_proxy,2026-03-24,2025-04-08,2026-07-19,2026-06,2025-04-08,2025-05-07,2025-05-07,False,True,True,30,30,2,30,30,2,FORTHUSDT,30,FORTHUSDT,True,30,,2025-04-08,existing_spot_then_perp,Binance spot 1h daily archive complete for 30 calendar days before perp listing,30,2,30,True,True,True,True,True,,,,200:30,200:2,200:30,200:38,63552152.60650000,7,200:7
P0RES018-00306,PROMPTUSDT,PROMPT,2025-04-11 04:35:16 UTC,2025-04-11 00:00:00 UTC,universe_onboard_date_midnight_proxy,2025-04-11,UNIVERSE_PIT,Binance Futures Will Launch USDS-Margined PROMPTUSDT Perpetual Contract,37d3b9a537ad4edfa5d847877c2bce32,https://www.binance.com/en/support/announcement/37d3b9a537ad4edfa5d847877c2bce32,symbol_only_no_effective_ts,Binance Futures Will Launch USDS-Margined PROMPTUSDT Perpetual Contract,False,,,,2025-04-11,2026-07-19,2026-06,2025-04-11,2025-05-10,2025-05-10,False,True,True,30,30,2,30,30,2,PROMPTUSDT,30,,False,0,,,zero_base_new_asset,No Binance spot archive found in pre30 or near-listing probe window,30,2,30,True,True,True,True,False,,,,200:30,200:2,200:30,404:38,240790595.29420000,7,200:7
P0RES018-00307,XCNUSDT,XCN,2025-04-11 13:15:13 UTC,2025-04-11 00:00:00 UTC,universe_onboard_date_midnight_proxy,2025-04-11,UNIVERSE_PIT,Binance Futures Will Launch USDS-Margined XCNUSDT Perpetual Contract,c3f1c445148049f8a5cbe3c152753fea,https://www.binance.com/en/support/announcement/c3f1c445148049f8a5cbe3c152753fea,symbol_only_no_effective_ts,Binance Futures Will Launch USDS-Margined XCNUSDT Perpetual Contract,True,2025-11-21 09:00:00 UTC,p0res010_delist_inventory,2025-11-21,2025-04-11,2026-07-19,2026-06,2025-04-11,2025-05-10,2025-05-10,False,True,True,30,30,2,30,30,2,XCNUSDT,30,,False,0,,,zero_base_new_asset,No Binance spot archive found in pre30 or near-listing probe window,30,2,30,True,True,True,True,False,,,,200:30,200:2,200:30,404:38,37166127.74463999,7,200:7
P0RES018-00308,FHEUSDT,FHE,2025-04-12 12:55:08 UTC,2025-04-12 00:00:00 UTC,universe_onboard_date_midnight_proxy,2025-04-12,UNIVERSE_PIT,"Binance Futures Will Launch USDS-Margined PUMPUSDT, STOUSDT and FHEUSDT Perpetual Contracts",4a4bb43f865a4348828de4facfc9eee4,https://www.binance.com/en/support/announcement/4a4bb43f865a4348828de4facfc9eee4,symbol_only_no_effective_ts,"Binance Futures Will Launch USDS-Margined PUMPUSDT, STOUSDT and FHEUSDT Perpetual Contracts",False,,,,2025-04-12,2026-07-19,2026-06,2025-04-12,2025-05-11,2025-05-11,False,True,True,30,30,2,30,30,2,FHEUSDT,30,,False,0,,,zero_base_new_asset,No Binance spot archive found in pre30 or near-listing probe window,30,2,30,True,True,True,True,False,,,,200:30,200:2,200:30,404:38,80579616.17344998,7,200:7
P0RES018-00309,STOUSDT,STO,2025-04-12 12:55:08 UTC,2025-04-12 00:00:00 UTC,universe_onboard_date_midnight_proxy,2025-04-12,UNIVERSE_PIT,"Binance Futures Will Launch USDS-Margined PUMPUSDT, STOUSDT and FHEUSDT Perpetual Contracts",4a4bb43f865a4348828de4facfc9eee4,https://www.binance.com/en/support/announcement/4a4bb43f865a4348828de4facfc9eee4,symbol_only_no_effective_ts,"Binance Futures Will Launch USDS-Margined PUMPUSDT, STOUSDT and FHEUSDT Perpetual Contracts",False,,,,2025-04-12,2026-07-19,2026-06,2025-04-12,2025-05-11,2025-05-11,False,True,True,30,30,2,30,30,2,STOUSDT,30,,False,0,,,zero_base_new_asset,No Binance spot archive found in pre30 or near-listing probe window,30,2,30,True,True,True,True,False,,,,200:30,200:2,200:30,404:38,28964944.74177000,7,200:7
P0RES018-00310,KERNELUSDT,KERNEL,,2025-04-14 00:00:00 UTC,universe_onboard_date_midnight_proxy,2025-04-14,UNIVERSE_PIT,,,,not_matched_to_official_announcement,,False,,,,2025-04-14,2026-07-19,2026-06,2025-04-14,2025-05-13,2025-05-13,False,True,True,30,30,2,30,30,2,KERNELUSDT,30,KERNELUSDT,False,0,,2025-04-14,simultaneous_spot_perp,"Binance spot archive exists only within/near the pre-listing window, not full 30d",30,2,30,True,True,True,True,False,,,,200:30,200:2,200:30,200:8;404:30,215397817.70700005,7,200:7
P0RES018-00311,WCTUSDT,WCT,,2025-04-15 00:00:00 UTC,universe_onboard_date_midnight_proxy,2025-04-15,UNIVERSE_PIT,,,,not_matched_to_official_announcement,,False,,,,2025-04-15,2026-07-19,2026-06,2025-04-15,2025-05-14,2025-05-14,False,True,True,30,30,2,30,30,2,WCTUSDT,30,WCTUSDT,False,0,,2025-04-15,simultaneous_spot_perp,"Binance spot archive exists only within/near the pre-listing window, not full 30d",30,2,30,True,True,True,True,False,,,,200:30,200:2,200:30,200:8;404:30,478473269.98919994,7,200:7
P0RES018-00312,AERGOUSDT,AERGO,2025-04-16 07:47:38 UTC,2025-04-16 11:00:00 UTC,official_announcement_body,2025-04-16,UNIVERSE_PIT,Binance Futures Will Launch USDS-Margined AERGOUSDT Perpetual Contract,82f730b7ef444a38b323ab7a2e56b757,https://www.binance.com/en/support/announcement/82f730b7ef444a38b323ab7a2e56b757,ok,"Binance Futures Will Launch USDS-Margined AERGOUSDT Perpetual Contract This is a general announcement. Products and services referred to here may not be available in your region. Fellow Binancians, To expand the list of trading choices offered on Binance Futures and enhance users’ trading experience, Binance Futures will launch the following perpetual contract as below: 2025-04-16 11:00 (UTC): AERGOUSDT Perpetual Contract with up to 15x leverage More details on the aforementioned perpetual contr",False,,,,2025-04-16,2026-07-19,2026-06,2025-04-16,2025-05-15,2025-05-15,False,True,True,30,30,2,30,30,2,AERGOUSDT,30,AERGOUSDT,False,12,2025-03-29;2025-03-30;2025-03-31;2025-04-01;2025-04-02;2025-04-03;2025-04-04;2025-04-05;2025-04-06;2025-04-07;2025-04-08;2025-04-09;2025-04-10;2025-04-11;2025-04-12;2025-04-13;2025-04-14;2025-04-15,,simultaneous_spot_perp,"Binance spot archive exists only within/near the pre-listing window, not full 30d",30,2,30,True,True,True,True,False,,,,200:30,200:2,200:30,200:12;404:26,545935600.90268993,7,200:7
P0RES018-00313,INITUSDT,INIT,2025-04-16 03:16:03 UTC,2025-04-16 06:30:00 UTC,official_announcement_body,2025-04-16,UNIVERSE_PIT,Binance Futures Will Launch USDS-Margined INITUSDT Perpetual Contract Pre-Market Trading,dbc6a46991f04e6eb5b7bcc7161c198c,https://www.binance.com/en/support/announcement/dbc6a46991f04e6eb5b7bcc7161c198c,ok,"Binance Futures Will Launch USDS-Margined INITUSDT Perpetual Contract Pre-Market Trading This is a general announcement. Products and services referred to here may not be available in your region. Fellow Binancians, To expand the list of trading choices offered on Binance Futures and to enhance users’ trading experience, Binance Futures will launch INITUSDT perpetual contract pre-market trading starting at 2025-04-16 06:30 (UTC) with up to 5x leverage. More details on the aforementioned perpetua",False,,,,2025-04-16,2026-07-19,2026-06,2025-04-16,2025-05-15,2025-05-15,False,True,True,30,30,2,30,30,2,INITUSDT,30,,False,0,,,zero_base_new_asset,No Binance spot archive found in pre30 or near-listing probe window,30,2,30,True,True,True,True,False,,,,200:30,200:2,200:30,404:38,2984406.94530000,7,200:7
P0RES018-00314,BANKUSDT,BANK,2025-04-18 17:03:43 UTC,2025-04-18 00:00:00 UTC,universe_onboard_date_midnight_proxy,2025-04-18,UNIVERSE_PIT,Binance Futures Will Launch USDS-Margined BANKUSDT Perpetual Contract,639d650204914c4f86c20e71c61228dd,https://www.binance.com/en/support/announcement/639d650204914c4f86c20e71c61228dd,symbol_only_no_effective_ts,Binance Futures Will Launch USDS-Margined BANKUSDT Perpetual Contract,False,,,,2025-04-18,2026-07-19,2026-06,2025-04-18,2025-05-17,2025-05-17,False,True,True,30,30,2,30,30,2,BANKUSDT,30,,False,0,,,zero_base_new_asset,No Binance spot archive found in pre30 or near-listing probe window,30,2,30,True,True,True,True,False,,,,200:30,200:2,200:30,404:38,65307595.28817000,7,200:7
P0RES018-00315,EPTUSDT,EPT,,2025-04-21 00:00:00 UTC,universe_onboard_date_midnight_proxy,2025-04-21,UNIVERSE_PIT,,,,not_matched_to_official_announcement,,True,2026-01-30 09:00:00 UTC,p0res010_delist_inventory,2026-01-30,2025-04-21,2026-07-19,2026-06,2025-04-21,2025-05-20,2025-05-20,False,True,True,30,30,2,30,30,2,EPTUSDT,30,,False,0,,,zero_base_new_asset,No Binance spot archive found in pre30 or near-listing probe window,30,2,30,True,True,True,True,False,,,,200:30,200:2,200:30,404:38,40228081.88494600,7,200:7
P0RES018-00316,DEEPUSDT,DEEP,2025-04-22 06:51:29 UTC,2025-04-22 08:30:00 UTC,official_announcement_body,2025-04-22,UNIVERSE_PIT,Binance Futures Will Launch USDS-Margined DEEPUSDT Perpetual Contract,96c5a17661a2488f894189ad4ab3cb83,https://www.binance.com/en/support/announcement/96c5a17661a2488f894189ad4ab3cb83,ok,"Binance Futures Will Launch USDS-Margined DEEPUSDT Perpetual Contract This is a general announcement. Products and services referred to here may not be available in your region. Fellow Binancians, To expand the list of trading choices offered on Binance Futures and enhance users’ trading experience, Binance Futures will launch the following perpetual contract as below: 2025-04-22 08:30 (UTC): DEEPUSDT Perpetual Contract with up to 50x leverage More details on the aforementioned perpetual contrac",False,,,,2025-04-22,2026-07-19,2026-06,2025-04-22,2025-05-21,2025-05-21,False,True,True,30,30,2,30,30,2,DEEPUSDT,30,,False,0,,,zero_base_new_asset,No Binance spot archive found in pre30 or near-listing probe window,30,2,30,True,True,True,True,False,,,,200:30,200:2,200:30,404:38,164220224.96857998,7,200:7
P0RES018-00317,HYPERUSDT,HYPER,,2025-04-22 00:00:00 UTC,universe_onboard_date_midnight_proxy,2025-04-22,UNIVERSE_PIT,,,,not_matched_to_official_announcement,,False,,,,2025-04-22,2026-07-19,2026-06,2025-04-22,2025-05-21,2025-05-21,False,True,True,30,30,2,30,30,2,HYPERUSDT,30,HYPERUSDT,False,0,,2025-04-22,simultaneous_spot_perp,"Binance spot archive exists only within/near the pre-listing window, not full 30d",30,2,30,True,True,True,True,False,,,,200:30,200:2,200:30,200:8;404:30,132840812.48640002,7,200:7
P0RES018-00318,FISUSDT,FIS,2025-04-25 05:02:55 UTC,2025-04-25 07:30:00 UTC,official_announcement_body,2025-04-25,UNIVERSE_PIT,Binance Futures Will Launch USDS-Margined MEMEFIUSDT and FISUSDT Perpetual Contracts,dff0e35e8be64f5fbc642af6a2ccccfb,https://www.binance.com/en/support/announcement/dff0e35e8be64f5fbc642af6a2ccccfb,ok,"Binance Futures Will Launch USDS-Margined MEMEFIUSDT and FISUSDT Perpetual Contracts This is a general announcement. Products and services referred to here may not be available in your region. Fellow Binancians, To expand the list of trading choices offered on Binance Futures and enhance users’ trading experience, Binance Futures will launch the following perpetual contracts as below: 2025-04-25 07:15 (UTC): MEMEFIUSDT Perpetual Contract with up to 50x leverage 2025-04-25 07:30 (UTC): FISUSDT Pe",True,2025-12-10 09:00:00 UTC,p0res010_delist_inventory,2025-12-10,2025-04-25,2026-07-19,2026-06,2025-04-25,2025-05-24,2025-05-24,False,True,True,30,30,2,30,30,2,FISUSDT,30,FISUSDT,True,30,,2025-04-25,existing_spot_then_perp,Binance spot 1h daily archive complete for 30 calendar days before perp listing,30,2,30,True,True,True,True,True,,,,200:30,200:2,200:30,200:38,39321091.69656000,7,200:7
P0RES018-00319,MEMEFIUSDT,MEMEFI,2025-04-25 05:02:55 UTC,2025-04-25 07:15:00 UTC,official_announcement_body,2025-04-25,UNIVERSE_PIT,Binance Futures Will Launch USDS-Margined MEMEFIUSDT and FISUSDT Perpetual Contracts,dff0e35e8be64f5fbc642af6a2ccccfb,https://www.binance.com/en/support/announcement/dff0e35e8be64f5fbc642af6a2ccccfb,ok,"Binance Futures Will Launch USDS-Margined MEMEFIUSDT and FISUSDT Perpetual Contracts This is a general announcement. Products and services referred to here may not be available in your region. Fellow Binancians, To expand the list of trading choices offered on Binance Futures and enhance users’ trading experience, Binance Futures will launch the following perpetual contracts as below: 2025-04-25 07:15 (UTC): MEMEFIUSDT Perpetual Contract with up to 50x leverage 2025-04-25 07:30 (UTC): FISUSDT Pe",True,2025-08-11 00:00:00 UTC,UNIVERSE_PIT_delist_date_midnight_proxy,2025-08-11,2025-04-25,2026-07-19,2026-06,2025-04-25,2025-05-24,2025-05-24,False,True,True,30,30,2,30,30,2,MEMEFIUSDT,30,,False,0,,,zero_base_new_asset,No Binance spot archive found in pre30 or near-listing probe window,30,2,30,True,True,True,True,False,,,,200:30,200:2,200:30,404:38,234922090.67842996,7,200:7
P0RES018-00320,JSTUSDT,JST,2025-04-28 07:29:47 UTC,2025-04-28 09:30:00 UTC,official_announcement_body,2025-04-28,UNIVERSE_PIT,Binance Futures Will Launch USDS-Margined JSTUSDT Perpetual Contract,88b67d724cf64f3f9fd6b92ea0f91620,https://www.binance.com/en/support/announcement/88b67d724cf64f3f9fd6b92ea0f91620,ok,"Binance Futures Will Launch USDS-Margined JSTUSDT Perpetual Contract This is a general announcement. Products and services referred to here may not be available in your region. Fellow Binancians, To expand the list of trading choices offered on Binance Futures and enhance users’ trading experience, Binance Futures will launch the following perpetual contract as below: 2025-04-28 09:30 (UTC): JSTUSDT Perpetual Contract with up to 75x leverage More details on the aforementioned perpetual contract ",False,,,,2025-04-28,2026-07-19,2026-06,2025-04-28,2025-05-27,2025-05-27,False,True,True,30,30,2,30,30,2,JSTUSDT,30,JSTUSDT,True,30,,2025-04-28,existing_spot_then_perp,Binance spot 1h daily archive complete for 30 calendar days before perp listing,30,2,30,True,True,True,True,True,,,,200:30,200:2,200:30,200:38,12585527.11986500,7,200:7
P0RES018-00321,SIGNUSDT,SIGN,,2025-04-28 00:00:00 UTC,universe_onboard_date_midnight_proxy,2025-04-28,UNIVERSE_PIT,,,,not_matched_to_official_announcement,,False,,,,2025-04-28,2026-07-19,2026-06,2025-04-28,2025-05-27,2025-05-27,False,True,True,30,30,2,30,30,2,SIGNUSDT,30,SIGNUSDT,False,0,,2025-04-28,simultaneous_spot_perp,"Binance spot archive exists only within/near the pre-listing window, not full 30d",30,2,30,True,True,True,True,False,,,,200:30,200:2,200:30,200:8;404:30,313770944.78752005,7,200:7
P0RES018-00322,AIOTUSDT,AIOT,2025-04-30 10:47:59 UTC,2025-04-30 12:30:00 UTC,official_announcement_body,2025-04-30,UNIVERSE_PIT,"Binance Futures Will Launch USDS-Margined AIOTUSDT, DOLOUSDT and HAEDALUSDT Perpetual Contracts",a92157dc9064414f82142dbda7c47701,https://www.binance.com/en/support/announcement/a92157dc9064414f82142dbda7c47701,ok,"Binance Futures Will Launch USDS-Margined AIOTUSDT, DOLOUSDT and HAEDALUSDT Perpetual Contracts This is a general announcement. Products and services referred to here may not be available in your region. Fellow Binancians, To expand the list of trading choices offered on Binance Futures and enhance users’ trading experience, Binance Futures will launch the following perpetual contracts as below: 2025-04-30 12:30 (UTC): AIOTUSDT Perpetual Contract with up to 50x leverage 2025-05-01 03:00 (UTC): D",False,,,,2025-04-30,2026-07-19,2026-06,2025-04-30,2025-05-29,2025-05-29,False,True,True,30,30,2,30,30,2,AIOTUSDT,30,,False,0,,,zero_base_new_asset,No Binance spot archive found in pre30 or near-listing probe window,30,2,30,True,True,True,True,False,,,,200:30,200:2,200:30,404:38,317988683.31502002,7,200:7
P0RES018-00323,CTKUSDT,CTK,2025-04-30 08:30:31 UTC,2025-04-30 10:15:00 UTC,official_announcement_body,2025-04-30,UNIVERSE_PIT,Binance Futures Will Launch USDS-Margined PUNDIXUSDT and CTKUSDT Perpetual Contracts,63155163bce541f5856d416efa71c6e8,https://www.binance.com/en/support/announcement/63155163bce541f5856d416efa71c6e8,ok,"Binance Futures Will Launch USDS-Margined PUNDIXUSDT and CTKUSDT Perpetual Contracts This is a general announcement. Products and services referred to here may not be available in your region. Fellow Binancians, To expand the list of trading choices offered on Binance Futures and enhance users’ trading experience, Binance Futures will launch the following perpetual contracts as below: 2025-04-30 10:00 (UTC): PUNDIXUSDT Perpetual Contract with up to 75x leverage 2025-04-30 10:15 (UTC): CTKUSDT Pe",True,2024-04-01 09:00:00 UTC,p0res010_delist_inventory,,2025-04-30,2026-07-19,2026-06,2025-04-30,2024-03-31,2025-05-29,True,True,True,0,0,0,0,0,0,CTKUSDT,30,CTKUSDT,True,30,,2025-04-30,existing_spot_then_perp,Binance spot 1h daily archive complete for 30 calendar days before perp listing,0,0,0,True,True,True,True,True,,,,,,,200:38,19983062.67060000,7,200:7
P0RES018-00324,PUNDIXUSDT,PUNDIX,2025-04-30 08:30:31 UTC,2025-04-30 10:00:00 UTC,official_announcement_body,2025-04-30,UNIVERSE_PIT,Binance Futures Will Launch USDS-Margined PUNDIXUSDT and CTKUSDT Perpetual Contracts,63155163bce541f5856d416efa71c6e8,https://www.binance.com/en/support/announcement/63155163bce541f5856d416efa71c6e8,ok,"Binance Futures Will Launch USDS-Margined PUNDIXUSDT and CTKUSDT Perpetual Contracts This is a general announcement. Products and services referred to here may not be available in your region. Fellow Binancians, To expand the list of trading choices offered on Binance Futures and enhance users’ trading experience, Binance Futures will launch the following perpetual contracts as below: 2025-04-30 10:00 (UTC): PUNDIXUSDT Perpetual Contract with up to 75x leverage 2025-04-30 10:15 (UTC): CTKUSDT Pe",False,,,,2025-04-30,2026-07-19,2026-06,2025-04-30,2025-05-29,2025-05-29,False,True,True,30,30,2,30,30,2,PUNDIXUSDT,30,PUNDIXUSDT,True,30,,2025-04-30,existing_spot_then_perp,Binance spot 1h daily archive complete for 30 calendar days before perp listing,30,2,30,True,True,True,True,True,,,,200:30,200:2,200:30,200:38,116272249.89430000,7,200:7
P0RES018-00325,DOLOUSDT,DOLO,2025-04-30 10:47:59 UTC,2025-05-01 03:00:00 UTC,official_announcement_body,2025-05-01,UNIVERSE_PIT,"Binance Futures Will Launch USDS-Margined AIOTUSDT, DOLOUSDT and HAEDALUSDT Perpetual Contracts",a92157dc9064414f82142dbda7c47701,https://www.binance.com/en/support/announcement/a92157dc9064414f82142dbda7c47701,ok,"Binance Futures Will Launch USDS-Margined AIOTUSDT, DOLOUSDT and HAEDALUSDT Perpetual Contracts This is a general announcement. Products and services referred to here may not be available in your region. Fellow Binancians, To expand the list of trading choices offered on Binance Futures and enhance users’ trading experience, Binance Futures will launch the following perpetual contracts as below: 2025-04-30 12:30 (UTC): AIOTUSDT Perpetual Contract with up to 50x leverage 2025-05-01 03:00 (UTC): D",False,,,,2025-05-01,2026-07-19,2026-06,2025-05-01,2025-05-30,2025-05-30,False,True,True,30,30,1,30,30,1,DOLOUSDT,30,,False,0,,,zero_base_new_asset,No Binance spot archive found in pre30 or near-listing probe window,30,1,30,True,True,True,True,False,,,,200:30,200:1,200:30,404:38,15947336.11223000,7,200:7
P0RES018-00326,HAEDALUSDT,HAEDAL,2025-04-30 10:47:59 UTC,2025-05-01 03:15:00 UTC,official_announcement_body,2025-05-01,UNIVERSE_PIT,"Binance Futures Will Launch USDS-Margined AIOTUSDT, DOLOUSDT and HAEDALUSDT Perpetual Contracts",a92157dc9064414f82142dbda7c47701,https://www.binance.com/en/support/announcement/a92157dc9064414f82142dbda7c47701,ok,"Binance Futures Will Launch USDS-Margined AIOTUSDT, DOLOUSDT and HAEDALUSDT Perpetual Contracts This is a general announcement. Products and services referred to here may not be available in your region. Fellow Binancians, To expand the list of trading choices offered on Binance Futures and enhance users’ trading experience, Binance Futures will launch the following perpetual contracts as below: 2025-04-30 12:30 (UTC): AIOTUSDT Perpetual Contract with up to 50x leverage 2025-05-01 03:00 (UTC): D",False,,,,2025-05-01,2026-07-19,2026-06,2025-05-01,2025-05-30,2025-05-30,False,True,True,30,30,1,30,30,1,HAEDALUSDT,30,,False,0,,,zero_base_new_asset,No Binance spot archive found in pre30 or near-listing probe window,30,1,30,True,True,True,True,False,,,,200:30,200:1,200:30,404:38,197059549.76506600,7,200:7
P0RES018-00327,SXTUSDT,SXT,2025-05-02 05:02:09 UTC,2025-05-02 08:30:00 UTC,official_announcement_body,2025-05-02,UNIVERSE_PIT,Binance Futures Will Launch USDS-Margined SXTUSDT Perpetual Contract Pre-Market Trading,835b952dce4f4a35a6655cf8ebf4cac2,https://www.binance.com/en/support/announcement/835b952dce4f4a35a6655cf8ebf4cac2,ok,"Binance Futures Will Launch USDS-Margined SXTUSDT Perpetual Contract Pre-Market Trading This is a general announcement. Products and services referred to here may not be available in your region. Fellow Binancians, To expand the list of trading choices offered on Binance Futures and to enhance users’ trading experience, Binance Futures will launch SXTUSDT perpetual contract pre-market trading starting at 2025-05-02 08:30 (UTC) with up to 5x leverage. More details on the aforementioned perpetual ",False,,,,2025-05-02,2026-07-19,2026-06,2025-05-02,2025-05-31,2025-05-31,False,True,True,30,30,1,30,30,1,SXTUSDT,30,SXTUSDT,False,0,,2025-05-08,simultaneous_spot_perp,"Binance spot archive exists only within/near the pre-listing window, not full 30d",30,1,30,True,True,True,True,False,,,,200:30,200:1,200:30,200:2;404:36,29794889.57765000,7,200:7
P0RES018-00328,ALPINEUSDT,ALPINE,2025-05-06 07:38:20 UTC,2025-05-06 09:45:00 UTC,official_announcement_body,2025-05-06,UNIVERSE_PIT,Binance Futures Will Launch USDS-Margined ASRUSDT and ALPINEUSDT Perpetual Contracts,af987bb3d3864e81ba2ab5ce4e97186a,https://www.binance.com/en/support/announcement/af987bb3d3864e81ba2ab5ce4e97186a,ok,"Binance Futures Will Launch USDS-Margined ASRUSDT and ALPINEUSDT Perpetual Contracts This is a general announcement. Products and services referred to here may not be available in your region. Fellow Binancians, To expand the list of trading choices offered on Binance Futures and enhance users’ trading experience, Binance Futures will launch the following perpetual contracts as below: 2025-05-06 09:30 (UTC): ASRUSDT Perpetual Contract with up to 75x leverage 2025-05-06 09:45 (UTC): ALPINEUSDT Pe",False,,,,2025-05-06,2026-07-19,2026-06,2025-05-06,2025-06-04,2025-06-04,False,True,True,30,30,2,30,30,2,ALPINEUSDT,30,ALPINEUSDT,True,30,,2025-05-06,existing_spot_then_perp,Binance spot 1h daily archive complete for 30 calendar days before perp listing,30,2,30,True,True,True,True,True,,,,200:30,200:2,200:30,200:38,27143365.83278000,7,200:7
P0RES018-00329,ASRUSDT,ASR,2025-05-06 07:38:20 UTC,2025-05-06 09:30:00 UTC,official_announcement_body,2025-05-06,UNIVERSE_PIT,Binance Futures Will Launch USDS-Margined ASRUSDT and ALPINEUSDT Perpetual Contracts,af987bb3d3864e81ba2ab5ce4e97186a,https://www.binance.com/en/support/announcement/af987bb3d3864e81ba2ab5ce4e97186a,ok,"Binance Futures Will Launch USDS-Margined ASRUSDT and ALPINEUSDT Perpetual Contracts This is a general announcement. Products and services referred to here may not be available in your region. Fellow Binancians, To expand the list of trading choices offered on Binance Futures and enhance users’ trading experience, Binance Futures will launch the following perpetual contracts as below: 2025-05-06 09:30 (UTC): ASRUSDT Perpetual Contract with up to 75x leverage 2025-05-06 09:45 (UTC): ALPINEUSDT Pe",False,,,,2025-05-06,2026-07-19,2026-06,2025-05-06,2025-06-04,2025-06-04,False,True,True,30,30,2,30,30,2,ASRUSDT,30,ASRUSDT,True,30,,2025-05-06,existing_spot_then_perp,Binance spot 1h daily archive complete for 30 calendar days before perp listing,30,2,30,True,True,True,True,True,,,,200:30,200:2,200:30,200:38,42788601.00770001,7,200:7
P0RES018-00330,B2USDT,B2,2025-05-06 09:29:04 UTC,2025-05-06 13:30:00 UTC,official_announcement_body,2025-05-06,UNIVERSE_PIT,Binance Futures Will Launch USDS-Margined B2USDT and MILKUSDT Perpetual Contracts,5c52dd73ce004021bf94252c4449f924,https://www.binance.com/en/support/announcement/5c52dd73ce004021bf94252c4449f924,ok,"Binance Futures Will Launch USDS-Margined B2USDT and MILKUSDT Perpetual Contracts This is a general announcement. Products and services referred to here may not be available in your region. Fellow Binancians, To expand the list of trading choices offered on Binance Futures and enhance users’ trading experience, Binance Futures will launch the following perpetual contracts as below: 2025-05-06 13:30 (UTC): B2USDT Perpetual Contract with up to 50x leverage 2025-05-06 13:45 (UTC): MILKUSDT Perpetua",False,,,,2025-05-06,2026-07-19,2026-06,2025-05-06,2025-06-04,2025-06-04,False,True,True,30,30,2,30,30,2,B2USDT,30,,False,0,,,zero_base_new_asset,No Binance spot archive found in pre30 or near-listing probe window,30,2,30,True,True,True,True,False,,,,200:30,200:2,200:30,404:38,19945568.68580000,7,200:7
P0RES018-00331,MILKUSDT,MILK,2025-05-06 09:29:04 UTC,2025-05-06 13:45:00 UTC,official_announcement_body,2025-05-06,UNIVERSE_PIT,Binance Futures Will Launch USDS-Margined B2USDT and MILKUSDT Perpetual Contracts,5c52dd73ce004021bf94252c4449f924,https://www.binance.com/en/support/announcement/5c52dd73ce004021bf94252c4449f924,ok,"Binance Futures Will Launch USDS-Margined B2USDT and MILKUSDT Perpetual Contracts This is a general announcement. Products and services referred to here may not be available in your region. Fellow Binancians, To expand the list of trading choices offered on Binance Futures and enhance users’ trading experience, Binance Futures will launch the following perpetual contracts as below: 2025-05-06 13:30 (UTC): B2USDT Perpetual Contract with up to 50x leverage 2025-05-06 13:45 (UTC): MILKUSDT Perpetua",True,2025-12-05 09:00:00 UTC,p0res010_delist_inventory,2025-12-05,2025-05-06,2026-07-19,2026-06,2025-05-06,2025-06-04,2025-06-04,False,True,True,30,30,2,30,30,2,MILKUSDT,30,,False,0,,,zero_base_new_asset,No Binance spot archive found in pre30 or near-listing probe window,30,2,30,True,True,True,True,False,,,,200:30,200:2,200:30,404:38,18148252.87027000,7,200:7
P0RES018-00332,OBOLUSDT,OBOL,,2025-05-07 00:00:00 UTC,universe_onboard_date_midnight_proxy,2025-05-07,UNIVERSE_PIT,,,,not_matched_to_official_announcement,,True,2025-12-05 09:30:00 UTC,p0res010_delist_inventory,2025-12-05,2025-05-07,2026-07-19,2026-06,2025-05-07,2025-06-05,2025-06-05,False,True,True,30,30,2,30,30,2,OBOLUSDT,30,,False,0,,,zero_base_new_asset,No Binance spot archive found in pre30 or near-listing probe window,30,2,30,True,True,True,True,False,,,,200:30,200:2,200:30,404:38,50975201.10165000,7,200:7
P0RES018-00333,SYRUPUSDT,SYRUP,,2025-05-07 00:00:00 UTC,universe_onboard_date_midnight_proxy,2025-05-07,UNIVERSE_PIT,,,,not_matched_to_official_announcement,,False,,,,2025-05-07,2026-07-19,2026-06,2025-05-07,2025-06-05,2025-06-05,False,True,True,30,30,2,30,30,2,SYRUPUSDT,30,SYRUPUSDT,False,1,2025-04-07;2025-04-08;2025-04-09;2025-04-10;2025-04-11;2025-04-12;2025-04-13;2025-04-14;2025-04-15;2025-04-16;2025-04-17;2025-04-18;2025-04-19;2025-04-20;2025-04-21;2025-04-22;2025-04-23;2025-04-24;2025-04-25;2025-04-26;2025-04-27;2025-04-28;2025-04-29;2025-04-30;2025-05-01;2025-05-02;2025-05-03;2025-05-04;2025-05-05,2025-05-07,simultaneous_spot_perp,"Binance spot archive exists only within/near the pre-listing window, not full 30d",30,2,30,True,True,True,True,False,,,,200:30,200:2,200:30,200:9;404:29,81051396.64591001,7,200:7
P0RES018-00334,DOODUSDT,DOOD,,2025-05-09 00:00:00 UTC,universe_onboard_date_midnight_proxy,2025-05-09,UNIVERSE_PIT,,,,not_matched_to_official_announcement,,False,,,,2025-05-09,2026-07-19,2026-06,2025-05-09,2025-06-07,2025-06-07,False,True,True,30,30,2,30,30,2,DOODUSDT,30,,False,0,,,zero_base_new_asset,No Binance spot archive found in pre30 or near-listing probe window,30,2,30,True,True,True,True,False,,,,200:30,200:2,200:30,404:38,58224240.21784259,7,200:7
P0RES018-00335,OGUSDT,OG,2025-05-12 07:03:07 UTC,2025-05-12 00:00:00 UTC,universe_onboard_date_midnight_proxy,2025-05-12,UNIVERSE_PIT,Binance Futures Will Launch USDS-Margined OGUSDT Perpetual Contract,4aba6c55d1184c26bd5fb631c6624a72,https://www.binance.com/en/support/announcement/4aba6c55d1184c26bd5fb631c6624a72,symbol_only_no_effective_ts,Binance Futures Will Launch USDS-Margined OGUSDT Perpetual Contract,False,,,,2025-05-12,2026-07-19,2026-06,2025-05-12,2025-06-10,2025-06-10,False,True,True,30,30,2,30,30,2,OGUSDT,30,OGUSDT,True,30,,2025-05-12,existing_spot_then_perp,Binance spot 1h daily archive complete for 30 calendar days before perp listing,30,2,30,True,True,True,True,True,,,,200:30,200:2,200:30,200:38,18956191.90930000,7,200:7
P0RES018-00336,SKYAIUSDT,SKYAI,2025-05-13 07:34:20 UTC,2025-05-13 09:45:00 UTC,official_announcement_body,2025-05-13,UNIVERSE_PIT,Binance Futures Will Launch USDS-Margined ZKJUSDT and SKYAIUSDT Perpetual Contracts,21868e668aec4f359abcd3bf581330b6,https://www.binance.com/en/support/announcement/21868e668aec4f359abcd3bf581330b6,ok,"Binance Futures Will Launch USDS-Margined ZKJUSDT and SKYAIUSDT Perpetual Contracts This is a general announcement. Products and services referred to here may not be available in your region. Fellow Binancians, To expand the list of trading choices offered on Binance Futures and enhance users’ trading experience, Binance Futures will launch the following perpetual contracts as below: 2025-05-13 09:30 (UTC): ZKJUSDT Perpetual Contract with up to 25x leverage ) 2025-05-13 09:45 (UTC): SKYAIUSDT Pe",False,,,,2025-05-13,2026-07-19,2026-06,2025-05-13,2025-06-11,2025-06-11,False,True,True,30,30,2,30,30,2,SKYAIUSDT,30,,False,0,,,zero_base_new_asset,No Binance spot archive found in pre30 or near-listing probe window,30,2,30,True,True,True,True,False,,,,200:30,200:2,200:30,404:38,49319152.35664000,7,200:7
P0RES018-00337,ZKJUSDT,ZKJ,2025-05-13 07:34:20 UTC,2025-05-13 09:30:00 UTC,official_announcement_body,2025-05-13,UNIVERSE_PIT,Binance Futures Will Launch USDS-Margined ZKJUSDT and SKYAIUSDT Perpetual Contracts,21868e668aec4f359abcd3bf581330b6,https://www.binance.com/en/support/announcement/21868e668aec4f359abcd3bf581330b6,ok,"Binance Futures Will Launch USDS-Margined ZKJUSDT and SKYAIUSDT Perpetual Contracts This is a general announcement. Products and services referred to here may not be available in your region. Fellow Binancians, To expand the list of trading choices offered on Binance Futures and enhance users’ trading experience, Binance Futures will launch the following perpetual contracts as below: 2025-05-13 09:30 (UTC): ZKJUSDT Perpetual Contract with up to 25x leverage ) 2025-05-13 09:45 (UTC): SKYAIUSDT Pe",True,2026-04-29 09:00:00 UTC,p0res010_delist_inventory,2026-04-29,2025-05-13,2026-07-19,2026-06,2025-05-13,2025-06-11,2025-06-11,False,True,True,30,30,2,30,30,2,ZKJUSDT,30,,False,0,,,zero_base_new_asset,No Binance spot archive found in pre30 or near-listing probe window,30,2,30,True,True,True,True,False,,,,200:30,200:2,200:30,404:38,3909251.73820000,7,200:7
P0RES018-00338,NXPCUSDT,NXPC,,2025-05-15 00:00:00 UTC,universe_onboard_date_midnight_proxy,2025-05-15,UNIVERSE_PIT,,,,not_matched_to_official_announcement,,False,,,,2025-05-15,2026-07-19,2026-06,2025-05-15,2025-06-13,2025-06-13,False,True,True,30,30,2,30,30,2,NXPCUSDT,30,NXPCUSDT,False,0,,2025-05-15,simultaneous_spot_perp,"Binance spot archive exists only within/near the pre-listing window, not full 30d",30,2,30,True,True,True,True,False,,,,200:30,200:2,200:30,200:8;404:30,533402495.65648007,7,200:7
P0RES018-00339,CVCUSDT,CVC,2025-05-16 06:36:15 UTC,2025-05-16 08:30:00 UTC,official_announcement_body,2025-05-16,UNIVERSE_PIT,Binance Futures Will Launch USDS-Margined CVCUSDT Perpetual Contract,bbe829426ad844b9b9dac62f878d1e67,https://www.binance.com/en/support/announcement/bbe829426ad844b9b9dac62f878d1e67,ok,"Binance Futures Will Launch USDS-Margined CVCUSDT Perpetual Contract This is a general announcement. Products and services referred to here may not be available in your region. Fellow Binancians, To expand the list of trading choices offered on Binance Futures and enhance users’ trading experience, Binance Futures will launch the following perpetual contract(s) as below: 2025-05-16 08:30 (UTC): CVCUSDT Perpetual Contract with up to 75x leverage More details on the aforementioned perpetual contra",False,,,,2025-05-16,2026-07-19,2026-06,2025-05-16,2025-06-14,2025-06-14,False,True,True,30,30,2,30,30,2,CVCUSDT,30,CVCUSDT,True,30,,2025-05-16,existing_spot_then_perp,Binance spot 1h daily archive complete for 30 calendar days before perp listing,30,2,30,True,True,True,True,True,,,,200:30,200:2,200:30,200:38,24296262.43699000,7,200:7
P0RES018-00340,AGTUSDT,AGT,2025-05-20 08:14:22 UTC,2025-05-20 10:30:00 UTC,official_announcement_body,2025-05-20,UNIVERSE_PIT,Binance Futures Will Launch USDS-Margined AGTUSDT Perpetual Contract,191429f0e35b475d9a8159ffa63379d1,https://www.binance.com/en/support/announcement/191429f0e35b475d9a8159ffa63379d1,ok,"Binance Futures Will Launch USDS-Margined AGTUSDT Perpetual Contract This is a general announcement. Products and services referred to here may not be available in your region. Fellow Binancians, To expand the list of trading choices offered on Binance Futures and enhance users’ trading experience, Binance Futures will launch the following perpetual contract as below: 2025-05-20 10:30 (UTC): AGTUSDT Perpetual Contract with up to 50x leverage Please note that AGT ( LINK ) is already listed on Bin",False,,,,2025-05-20,2026-07-19,2026-06,2025-05-20,2025-06-18,2025-06-18,False,True,True,30,30,2,30,30,2,AGTUSDT,30,,False,0,,,zero_base_new_asset,No Binance spot archive found in pre30 or near-listing probe window,30,2,30,True,True,True,True,False,,,,200:30,200:2,200:30,404:38,28266354.83106000,7,200:7
P0RES018-00341,AWEUSDT,AWE,,2025-05-21 00:00:00 UTC,universe_onboard_date_midnight_proxy,2025-05-21,UNIVERSE_PIT,,,,not_matched_to_official_announcement,,False,,,,2025-05-21,2026-07-19,2026-06,2025-05-21,2025-06-19,2025-06-19,False,True,True,30,30,2,30,30,2,AWEUSDT,30,AWEUSDT,False,0,,2025-05-21,simultaneous_spot_perp,"Binance spot archive exists only within/near the pre-listing window, not full 30d",30,2,30,True,True,True,True,False,,,,200:30,200:2,200:30,200:8;404:30,9527663.95479100,7,200:7
P0RES018-00342,BUSDT,B,2025-05-22 14:45:37 UTC,2025-05-22 16:30:00 UTC,official_announcement_body,2025-05-22,UNIVERSE_PIT,Binance Futures Will Launch USDS-Margined BUSDT Perpetual Contract,52c6f34173e44f898764fb45e9dbb4ca,https://www.binance.com/en/support/announcement/52c6f34173e44f898764fb45e9dbb4ca,ok,"Binance Futures Will Launch USDS-Margined BUSDT Perpetual Contract This is a general announcement. Products and services referred to here may not be available in your region. Fellow Binancians, To expand the list of trading choices offered on Binance Futures and enhance users’ trading experience, Binance Futures will launch the following perpetual contract(s) as below: 2025-05-22 16:30 (UTC): BUSDT Perpetual Contract with up to 50x leverage Please note that B ( LINK ) is already listed on Binanc",False,,,,2025-05-22,2026-07-19,2026-06,2025-05-22,2025-06-20,2025-06-20,False,True,True,30,30,2,30,30,2,BUSDT,30,,False,0,,,zero_base_new_asset,No Binance spot archive found in pre30 or near-listing probe window,30,2,30,True,True,True,True,False,,,,200:30,200:2,200:30,404:38,419934879.07575995,7,200:7
P0RES018-00343,SOONUSDT,SOON,2025-05-23 05:49:46 UTC,2025-05-23 08:30:00 UTC,official_announcement_body,2025-05-23,UNIVERSE_PIT,Binance Futures Will Launch USDS-Margined SOONUSDT Perpetual Contract,282da00874f841d39a90929a50e883f4,https://www.binance.com/en/support/announcement/282da00874f841d39a90929a50e883f4,ok,"Binance Futures Will Launch USDS-Margined SOONUSDT Perpetual Contract This is a general announcement. Products and services referred to here may not be available in your region. Fellow Binancians, To expand the list of trading choices offered on Binance Futures and enhance users’ trading experience, Binance Futures will launch the following perpetual contract(s) as below: 2025-05-23 08:30 (UTC): SOONUSDT Perpetual Contract with up to 50x leverage More details on the aforementioned perpetual cont",False,,,,2025-05-23,2026-07-19,2026-06,2025-05-23,2025-06-21,2025-06-21,False,True,True,30,30,2,30,30,2,SOONUSDT,30,,False,0,,,zero_base_new_asset,No Binance spot archive found in pre30 or near-listing probe window,30,2,30,True,True,True,True,False,,,,200:30,200:2,200:30,404:38,130912580.27792002,7,200:7
P0RES018-00344,HUMAUSDT,HUMA,,2025-05-26 00:00:00 UTC,universe_onboard_date_midnight_proxy,2025-05-26,UNIVERSE_PIT,,,,not_matched_to_official_announcement,,False,,,,2025-05-26,2026-07-19,2026-06,2025-05-26,2025-06-24,2025-06-24,False,True,True,30,30,2,30,30,2,HUMAUSDT,30,HUMAUSDT,False,0,,2025-05-26,simultaneous_spot_perp,"Binance spot archive exists only within/near the pre-listing window, not full 30d",30,2,30,True,True,True,True,False,,,,200:30,200:2,200:30,200:8;404:30,160494416.38058898,7,200:7
P0RES018-00345,AUSDT,A,,2025-05-28 00:00:00 UTC,universe_onboard_date_midnight_proxy,2025-05-28,UNIVERSE_PIT,,,,not_matched_to_official_announcement,,False,,,,2025-05-28,2026-07-19,2026-06,2025-05-28,2025-06-26,2025-06-26,False,True,True,30,30,2,30,30,2,AUSDT,30,AUSDT,False,0,,2025-05-28,simultaneous_spot_perp,"Binance spot archive exists only within/near the pre-listing window, not full 30d",30,2,30,True,True,True,True,False,,,,200:30,200:2,200:30,200:8;404:30,41887734.88830000,7,200:7
P0RES018-00346,SOPHUSDT,SOPH,,2025-05-28 00:00:00 UTC,universe_onboard_date_midnight_proxy,2025-05-28,UNIVERSE_PIT,,,,not_matched_to_official_announcement,,False,,,,2025-05-28,2026-07-19,2026-06,2025-05-28,2025-06-26,2025-06-26,False,True,True,30,30,2,30,30,2,SOPHUSDT,30,SOPHUSDT,False,0,,2025-05-28,simultaneous_spot_perp,"Binance spot archive exists only within/near the pre-listing window, not full 30d",30,2,30,True,True,True,True,False,,,,200:30,200:2,200:30,200:8;404:30,490400758.07552499,7,200:7
P0RES018-00347,MERLUSDT,MERL,2025-05-28 10:33:50 UTC,2025-05-29 08:30:00 UTC,official_announcement_body,2025-05-29,UNIVERSE_PIT,Binance Futures Will Launch USDS-Margined MERLUSDT Perpetual Contract,90c9ef3a52a4420b8b8480dd9aeecc9b,https://www.binance.com/en/support/announcement/90c9ef3a52a4420b8b8480dd9aeecc9b,ok,"Binance Futures Will Launch USDS-Margined MERLUSDT Perpetual Contract This is a general announcement. Products and services referred to here may not be available in your region. Fellow Binancians, To expand the list of trading choices offered on Binance Futures and enhance users’ trading experience, Binance Futures will launch the following perpetual contract(s) as below: 2025-05-29 08:30 (UTC): MERLUSDT Perpetual Contract with up to 50x leverage Please note that MERL ( LINK ) is already listed ",False,,,,2025-05-29,2026-07-19,2026-06,2025-05-29,2025-06-27,2025-06-27,False,True,True,30,30,2,30,30,2,MERLUSDT,30,,False,0,,,zero_base_new_asset,No Binance spot archive found in pre30 or near-listing probe window,30,2,30,True,True,True,True,False,,,,200:30,200:2,200:30,404:38,20459678.49780000,7,200:7
P0RES018-00348,HYPEUSDT,HYPE,2025-05-30 08:36:40 UTC,2025-05-30 10:30:00 UTC,official_announcement_body,2025-05-30,UNIVERSE_PIT,Binance Futures Will Launch USDS-Margined HYPEUSDT Perpetual Contract,9166fe6f7b8a4b438262df3a040b007b,https://www.binance.com/en/support/announcement/9166fe6f7b8a4b438262df3a040b007b,ok,"Binance Futures Will Launch USDS-Margined HYPEUSDT Perpetual Contract This is a general announcement. Products and services referred to here may not be available in your region. Fellow Binancians, To expand the list of trading choices offered on Binance Futures and enhance users’ trading experience, Binance Futures will launch the following perpetual contract(s) as below: 2025-05-30 10:30 (UTC): HYPEUSDT Perpetual Contract with up to 75x leverage More details on the aforementioned perpetual cont",False,,,,2025-05-30,2026-07-19,2026-06,2025-05-30,2025-06-28,2025-06-28,False,True,True,30,30,2,30,30,2,HYPEUSDT,30,,False,0,,,zero_base_new_asset,No Binance spot archive found in pre30 or near-listing probe window,30,2,30,True,True,True,True,False,,,,200:30,200:2,200:30,404:38,168002047.69253999,7,200:7
P0RES018-00349,PORT3USDT,PORT3,2025-06-03 09:14:36 UTC,2025-06-04 08:45:00 UTC,official_announcement_body,2025-06-04,UNIVERSE_PIT,Binance Futures Will Launch USDS-Margined PUFFERUSDT and PORT3USDT Perpetual Contracts,85203b0d244841839bd77d3fc829d02e,https://www.binance.com/en/support/announcement/85203b0d244841839bd77d3fc829d02e,ok,"Binance Futures Will Launch USDS-Margined PUFFERUSDT and PORT3USDT Perpetual Contracts This is a general announcement. Products and services referred to here may not be available in your region. Fellow Binancians, To expand the list of trading choices offered on Binance Futures and enhance users’ trading experience, Binance Futures will launch the following perpetual contract(s) as below: 2025-06-04 08:30 (UTC): PUFFERUSDT Perpetual Contract with up to 50x leverage 2025-06-04 08:45 (UTC): PORT3U",True,2025-11-23 06:30:00 UTC,p0res010_delist_inventory,2025-11-23,2025-06-04,2026-07-19,2026-06,2025-06-04,2025-07-03,2025-07-03,False,True,True,30,30,2,30,30,2,PORT3USDT,30,,False,0,,,zero_base_new_asset,No Binance spot archive found in pre30 or near-listing probe window,30,2,30,True,True,True,True,False,,,,200:30,200:2,200:30,404:38,20041807.21825999,7,200:7
P0RES018-00350,PUFFERUSDT,PUFFER,2025-06-03 09:14:36 UTC,2025-06-04 08:30:00 UTC,official_announcement_body,2025-06-04,UNIVERSE_PIT,Binance Futures Will Launch USDS-Margined PUFFERUSDT and PORT3USDT Perpetual Contracts,85203b0d244841839bd77d3fc829d02e,https://www.binance.com/en/support/announcement/85203b0d244841839bd77d3fc829d02e,ok,"Binance Futures Will Launch USDS-Margined PUFFERUSDT and PORT3USDT Perpetual Contracts This is a general announcement. Products and services referred to here may not be available in your region. Fellow Binancians, To expand the list of trading choices offered on Binance Futures and enhance users’ trading experience, Binance Futures will launch the following perpetual contract(s) as below: 2025-06-04 08:30 (UTC): PUFFERUSDT Perpetual Contract with up to 50x leverage 2025-06-04 08:45 (UTC): PORT3U",True,2026-04-08 09:00:00 UTC,p0res010_delist_inventory,2026-04-08,2025-06-04,2026-07-19,2026-06,2025-06-04,2025-07-03,2025-07-03,False,True,True,30,30,2,30,30,2,PUFFERUSDT,30,,False,0,,,zero_base_new_asset,No Binance spot archive found in pre30 or near-listing probe window,30,2,30,True,True,True,True,False,,,,200:30,200:2,200:30,404:38,9481644.83911000,7,200:7
P0RES018-00351,1000000BOBUSDT,1000000BOB,2025-06-04 10:47:44 UTC,2025-06-05 08:30:00 UTC,official_announcement_body,2025-06-05,UNIVERSE_PIT,Binance Futures Will Launch USDS-Margined 1000000BOBUSDT Perpetual Contract (2025-06-05),9d12cbfb72bb46e6835313471b6b3c85,https://www.binance.com/en/support/announcement/9d12cbfb72bb46e6835313471b6b3c85,ok,"Binance Futures Will Launch USDS-Margined 1000000BOBUSDT Perpetual Contract (2025-06-05) This is a general announcement. Products and services referred to here may not be available in your region. Fellow Binancians, To expand the list of trading choices offered on Binance Futures and enhance users’ trading experience, Binance Futures will launch the following perpetual contract(s) as below: 2025-06-05 08:30 (UTC): 1000000BOBUSDT Perpetual Contract with up to 50x leverage Please note that BOB ( L",False,,,,2025-06-05,2026-07-19,2026-06,2025-06-05,2025-07-04,2025-07-04,False,True,True,30,30,2,30,30,2,1000000BOBUSDT;BOBUSDT,30,,False,0,,,zero_base_new_asset,No Binance spot archive found in pre30 or near-listing probe window,30,2,30,True,True,True,True,False,,,,200:30,200:2,200:30,404:76,101925417.32431000,7,200:7
P0RES018-00352,LAUSDT,LA,2025-06-05 06:06:29 UTC,2025-06-05 09:00:00 UTC,official_announcement_body,2025-06-05,UNIVERSE_PIT,Binance Futures Will Launch USDS-Margined LAUSDT Perpetual Contract (2025-06-05),f123a26bb0ae488b9f94e2571b2976aa,https://www.binance.com/en/support/announcement/f123a26bb0ae488b9f94e2571b2976aa,ok,"Binance Futures Will Launch USDS-Margined LAUSDT Perpetual Contract (2025-06-05) This is a general announcement. Products and services referred to here may not be available in your region. Fellow Binancians, To expand the list of trading choices offered on Binance Futures and enhance users’ trading experience, Binance Futures will launch the following perpetual contract(s) as below: 2025-06-05 09:00 (UTC): LAUSDT Perpetual Contract with up to 50x leverage Please note that LA ( LINK ) is already ",False,,,,2025-06-05,2026-07-19,2026-06,2025-06-05,2025-07-04,2025-07-04,False,True,True,30,30,2,30,30,2,LAUSDT,30,,False,0,,,zero_base_new_asset,No Binance spot archive found in pre30 or near-listing probe window,30,2,30,True,True,True,True,False,,,,200:30,200:2,200:30,404:38,339511277.73670006,7,200:7
P0RES018-00353,SKATEUSDT,SKATE,,2025-06-09 00:00:00 UTC,universe_onboard_date_midnight_proxy,2025-06-09,UNIVERSE_PIT,,,,not_matched_to_official_announcement,,True,2025-12-10 09:00:00 UTC,p0res010_delist_inventory,2025-12-10,2025-06-09,2026-07-19,2026-06,2025-06-09,2025-07-08,2025-07-08,False,True,True,30,30,2,30,30,2,SKATEUSDT,30,,False,0,,,zero_base_new_asset,No Binance spot archive found in pre30 or near-listing probe window,30,2,30,True,True,True,True,False,,,,200:30,200:2,200:30,404:38,101805867.45944001,7,200:7
P0RES018-00354,HOMEUSDT,HOME,,2025-06-10 00:00:00 UTC,universe_onboard_date_midnight_proxy,2025-06-10,UNIVERSE_PIT,,,,not_matched_to_official_announcement,,False,,,,2025-06-10,2026-07-19,2026-06,2025-06-10,2025-07-09,2025-07-09,False,True,True,30,30,2,30,30,2,HOMEUSDT,30,HOMEUSDT,False,0,,2025-06-12,simultaneous_spot_perp,"Binance spot archive exists only within/near the pre-listing window, not full 30d",30,2,30,True,True,True,True,False,,,,200:30,200:2,200:30,200:6;404:32,440410194.36080194,7,200:7
P0RES018-00355,RESOLVUSDT,RESOLV,,2025-06-10 00:00:00 UTC,universe_onboard_date_midnight_proxy,2025-06-10,UNIVERSE_PIT,,,,not_matched_to_official_announcement,,False,,,,2025-06-10,2026-07-19,2026-06,2025-06-10,2025-07-09,2025-07-09,False,True,True,30,30,2,30,30,2,RESOLVUSDT,30,RESOLVUSDT,False,0,,2025-06-11,simultaneous_spot_perp,"Binance spot archive exists only within/near the pre-listing window, not full 30d",30,2,30,True,True,True,True,False,,,,200:30,200:2,200:30,200:7;404:31,500798233.92322999,7,200:7
P0RES018-00356,SQDUSDT,SQD,2025-06-11 10:15:20 UTC,2025-06-11 12:45:00 UTC,official_announcement_body,2025-06-11,UNIVERSE_PIT,Binance Futures Will Launch USDS-Margined TAIKOUSDT and SQDUSDT Perpetual Contracts (2025-06-11),1bc235e6cafc4b5e8ce5c279523bc87e,https://www.binance.com/en/support/announcement/1bc235e6cafc4b5e8ce5c279523bc87e,ok,"Binance Futures Will Launch USDS-Margined TAIKOUSDT and SQDUSDT Perpetual Contracts (2025-06-11) This is a general announcement. Products and services referred to here may not be available in your region. Fellow Binancians, To expand the list of trading choices offered on Binance Futures and enhance users’ trading experience, Binance Futures will launch the following perpetual contract(s) as below: 2025-06-11 12:30 (UTC): TAIKOUSDT Perpetual Contract with up to 50x leverage 2025-06-11 12:45 (UTC",False,,,,2025-06-11,2026-07-19,2026-06,2025-06-11,2025-07-10,2025-07-10,False,True,True,30,30,2,30,30,2,SQDUSDT,30,,False,0,,,zero_base_new_asset,No Binance spot archive found in pre30 or near-listing probe window,30,2,30,True,True,True,True,False,,,,200:30,200:2,200:30,404:38,24590748.75140000,7,200:7
P0RES018-00357,TAIKOUSDT,TAIKO,2025-06-11 10:15:20 UTC,2025-06-11 12:30:00 UTC,official_announcement_body,2025-06-11,UNIVERSE_PIT,Binance Futures Will Launch USDS-Margined TAIKOUSDT and SQDUSDT Perpetual Contracts (2025-06-11),1bc235e6cafc4b5e8ce5c279523bc87e,https://www.binance.com/en/support/announcement/1bc235e6cafc4b5e8ce5c279523bc87e,ok,"Binance Futures Will Launch USDS-Margined TAIKOUSDT and SQDUSDT Perpetual Contracts (2025-06-11) This is a general announcement. Products and services referred to here may not be available in your region. Fellow Binancians, To expand the list of trading choices offered on Binance Futures and enhance users’ trading experience, Binance Futures will launch the following perpetual contract(s) as below: 2025-06-11 12:30 (UTC): TAIKOUSDT Perpetual Contract with up to 50x leverage 2025-06-11 12:45 (UTC",False,,,,2025-06-11,2026-07-19,2026-06,2025-06-11,2025-07-10,2025-07-10,False,True,True,30,30,2,30,30,2,TAIKOUSDT,30,,False,0,,,zero_base_new_asset,No Binance spot archive found in pre30 or near-listing probe window,30,2,30,True,True,True,True,False,,,,200:30,200:2,200:30,404:38,14311732.20460000,7,200:7
P0RES018-00358,PUMPBTCUSDT,PUMPBTC,,2025-06-13 00:00:00 UTC,universe_onboard_date_midnight_proxy,2025-06-13,UNIVERSE_PIT,,,,not_matched_to_official_announcement,,False,,,,2025-06-13,2026-07-19,2026-06,2025-06-13,2025-07-12,2025-07-12,False,True,True,30,30,2,30,30,2,PUMPBTCUSDT,30,,False,0,,,zero_base_new_asset,No Binance spot archive found in pre30 or near-listing probe window,30,2,30,True,True,True,True,False,,,,200:30,200:2,200:30,404:38,22141799.59587000,7,200:7
P0RES018-00359,AAVEUSDC,AAVE,2025-06-16 06:45:08 UTC,2025-06-16 08:30:00 UTC,official_announcement_body,,official_announcement_only_not_in_local_UNIVERSE_PIT,Binance Futures Will Launch USDS-Margined AAVEUSDC and UNIUSDC Perpetual Contracts (2025-06-16),de29d9f1c1864253ac5efe353cc50b5d,https://www.binance.com/en/support/announcement/de29d9f1c1864253ac5efe353cc50b5d,ok,"Binance Futures Will Launch USDS-Margined AAVEUSDC and UNIUSDC Perpetual Contracts (2025-06-16) This is a general announcement. Products and services referred to here may not be available in your region. Fellow Binancians, To expand the list of trading choices offered on Binance Futures and enhance users’ trading experience, Binance Futures will launch the following perpetual contract(s) as below: 2025-06-16 08:30 (UTC): AAVEUSDC Perpetual Contract with up to 75x leverage 2025-06-16 08:45 (UTC):",False,,,,2025-06-16,2026-07-19,2026-06,2025-06-16,2025-07-15,2025-07-15,False,True,True,30,30,2,30,30,2,AAVEUSDT,30,AAVEUSDT,True,30,,2025-06-16,existing_spot_then_perp,Binance spot 1h daily archive complete for 30 calendar days before perp listing,30,2,30,True,True,True,True,True,,,,200:30,200:2,200:30,200:38,6059886.64900000,7,200:7
P0RES018-00360,UNIUSDC,UNI,2025-06-16 06:45:08 UTC,2025-06-16 08:45:00 UTC,official_announcement_body,,official_announcement_only_not_in_local_UNIVERSE_PIT,Binance Futures Will Launch USDS-Margined AAVEUSDC and UNIUSDC Perpetual Contracts (2025-06-16),de29d9f1c1864253ac5efe353cc50b5d,https://www.binance.com/en/support/announcement/de29d9f1c1864253ac5efe353cc50b5d,ok,"Binance Futures Will Launch USDS-Margined AAVEUSDC and UNIUSDC Perpetual Contracts (2025-06-16) This is a general announcement. Products and services referred to here may not be available in your region. Fellow Binancians, To expand the list of trading choices offered on Binance Futures and enhance users’ trading experience, Binance Futures will launch the following perpetual contract(s) as below: 2025-06-16 08:30 (UTC): AAVEUSDC Perpetual Contract with up to 75x leverage 2025-06-16 08:45 (UTC):",False,,,,2025-06-16,2026-07-19,2026-06,2025-06-16,2025-07-15,2025-07-15,False,True,True,30,30,2,30,30,2,UNIUSDT,30,UNIUSDT,True,30,,2025-06-16,existing_spot_then_perp,Binance spot 1h daily archive complete for 30 calendar days before perp listing,30,2,30,True,True,True,True,True,,,,200:30,200:2,200:30,200:38,10921522.06500000,7,200:7
P0RES018-00361,SPKUSDT,SPK,,2025-06-17 00:00:00 UTC,universe_onboard_date_midnight_proxy,2025-06-17,UNIVERSE_PIT,,,,not_matched_to_official_announcement,,False,,,,2025-06-17,2026-07-19,2026-06,2025-06-17,2025-07-16,2025-07-16,False,True,True,30,30,2,30,30,2,SPKUSDT,30,SPKUSDT,False,0,,2025-06-17,simultaneous_spot_perp,"Binance spot archive exists only within/near the pre-listing window, not full 30d",30,2,30,True,True,True,True,False,,,,200:30,200:2,200:30,200:8;404:30,272594143.41201001,7,200:7
P0RES018-00362,FUSDT,F,2025-06-18 09:51:01 UTC,2025-06-18 12:30:00 UTC,official_announcement_body,2025-06-18,UNIVERSE_PIT,Binance Futures Will Launch USDS-Margined MYXUSDT and FUSDT Perpetual Contracts (2025-06-18),9801625522154e098d73b8245ad70646,https://www.binance.com/en/support/announcement/9801625522154e098d73b8245ad70646,ok,"Binance Futures Will Launch USDS-Margined MYXUSDT and FUSDT Perpetual Contracts (2025-06-18) This is a general announcement. Products and services referred to here may not be available in your region. Fellow Binancians, To expand the list of trading choices offered on Binance Futures and enhance users’ trading experience, Binance Futures will launch the following perpetual contracts as below: 2025-06-18 12:30 (UTC): MYXUSDT Perpetual Contract with up to 50x leverage 2025-06-18 12:45 (UTC): FUSDT",False,,,,2025-06-18,2026-07-19,2026-06,2025-06-18,2025-07-17,2025-07-17,False,True,True,30,30,2,30,30,2,FUSDT,30,,False,0,,,zero_base_new_asset,No Binance spot archive found in pre30 or near-listing probe window,30,2,30,True,True,True,True,False,,,,200:30,200:2,200:30,404:38,13576131.04397600,7,200:7
P0RES018-00363,MYXUSDT,MYX,2025-06-18 09:51:01 UTC,2025-06-18 12:30:00 UTC,official_announcement_body,2025-06-18,UNIVERSE_PIT,Binance Futures Will Launch USDS-Margined MYXUSDT and FUSDT Perpetual Contracts (2025-06-18),9801625522154e098d73b8245ad70646,https://www.binance.com/en/support/announcement/9801625522154e098d73b8245ad70646,ok,"Binance Futures Will Launch USDS-Margined MYXUSDT and FUSDT Perpetual Contracts (2025-06-18) This is a general announcement. Products and services referred to here may not be available in your region. Fellow Binancians, To expand the list of trading choices offered on Binance Futures and enhance users’ trading experience, Binance Futures will launch the following perpetual contracts as below: 2025-06-18 12:30 (UTC): MYXUSDT Perpetual Contract with up to 50x leverage 2025-06-18 12:45 (UTC): FUSDT",False,,,,2025-06-18,2026-07-19,2026-06,2025-06-18,2025-07-17,2025-07-17,False,True,True,30,30,2,30,30,2,MYXUSDT,30,,False,0,,,zero_base_new_asset,No Binance spot archive found in pre30 or near-listing probe window,30,2,30,True,True,True,True,False,,,,200:30,200:2,200:30,404:38,163384665.70854002,7,200:7
P0RES018-00364,NEWTUSDT,NEWT,2025-06-19 11:01:36 UTC,2025-06-19 14:30:00 UTC,official_announcement_body,2025-06-19,UNIVERSE_PIT,Binance Futures Will Launch USDS-Margined NEWTUSDT Perpetual Contract Pre-Market Trading,be07ab993e9846b2a4c91458c8ce8468,https://www.binance.com/en/support/announcement/be07ab993e9846b2a4c91458c8ce8468,ok,"Binance Futures Will Launch USDS-Margined NEWTUSDT Perpetual Contract Pre-Market Trading This is a general announcement. Products and services referred to here may not be available in your region. Fellow Binancians, To expand the list of trading choices offered on Binance Futures and to enhance users’ trading experience, Binance Futures will launch NEWTUSDT perpetual contract pre-market trading starting at 2025-06-19 14:30 (UTC) with up to 5x leverage. More details on the aforementioned perpetua",False,,,,2025-06-19,2026-07-19,2026-06,2025-06-19,2025-07-18,2025-07-18,False,True,True,30,30,2,30,30,2,NEWTUSDT,30,NEWTUSDT,False,0,,2025-06-24,simultaneous_spot_perp,"Binance spot archive exists only within/near the pre-listing window, not full 30d",30,2,30,True,True,True,True,False,,,,200:30,200:2,200:30,200:3;404:35,62912883.59550000,7,200:7
P0RES018-00365,DMCUSDT,DMC,,2025-06-24 00:00:00 UTC,universe_onboard_date_midnight_proxy,2025-06-24,UNIVERSE_PIT,,,,not_matched_to_official_announcement,,True,2026-01-21 09:00:00 UTC,p0res010_delist_inventory,2026-01-21,2025-06-24,2026-07-19,2026-06,2025-06-24,2025-07-23,2025-07-23,False,True,True,30,30,2,30,30,2,DMCUSDT,30,,False,0,,,zero_base_new_asset,No Binance spot archive found in pre30 or near-listing probe window,30,2,30,True,True,True,True,False,,,,200:30,200:2,200:30,404:38,243703366.50735098,7,200:7
P0RES018-00366,HUSDT,H,,2025-06-25 00:00:00 UTC,universe_onboard_date_midnight_proxy,2025-06-25,UNIVERSE_PIT,,,,not_matched_to_official_announcement,,False,,,,2025-06-25,2026-07-19,2026-06,2025-06-25,2025-07-24,2025-07-24,False,True,True,30,30,2,30,30,2,HUSDT,30,,False,0,,,zero_base_new_asset,No Binance spot archive found in pre30 or near-listing probe window,30,2,30,True,True,True,True,False,,,,200:30,200:2,200:30,404:38,441504816.05918002,7,200:7
P0RES018-00367,OLUSDT,OL,2025-06-25 09:30:41 UTC,2025-06-25 11:30:00 UTC,official_announcement_body,2025-06-25,UNIVERSE_PIT,Binance Futures Will Launch USDS-Margined OLUSDT Perpetual Contract (2025-06-25),80889caa7146492f9de2a2627fa30a4d,https://www.binance.com/en/support/announcement/80889caa7146492f9de2a2627fa30a4d,ok,"Binance Futures Will Launch USDS-Margined OLUSDT Perpetual Contract (2025-06-25) This is a general announcement. Products and services referred to here may not be available in your region. Fellow Binancians, To expand the list of trading choices offered on Binance Futures and enhance users’ trading experience, Binance Futures will launch the following perpetual contract(s) as below: 2025-06-25 11:30 (UTC): OLUSDT Perpetual Contract with up to 50x leverage Please note that OL ( LINK ) is already ",True,2026-04-08 09:00:00 UTC,p0res010_delist_inventory,2026-04-08,2025-06-25,2026-07-19,2026-06,2025-06-25,2025-07-24,2025-07-24,False,True,True,30,30,2,30,30,2,OLUSDT,30,,False,0,,,zero_base_new_asset,No Binance spot archive found in pre30 or near-listing probe window,30,2,30,True,True,True,True,False,,,,200:30,200:2,200:30,404:38,10755583.03212000,7,200:7
P0RES018-00368,SAHARAUSDT,SAHARA,,2025-06-26 00:00:00 UTC,universe_onboard_date_midnight_proxy,2025-06-26,UNIVERSE_PIT,,,,not_matched_to_official_announcement,,False,,,,2025-06-26,2026-07-19,2026-06,2025-06-26,2025-07-25,2025-07-25,False,True,True,30,30,2,30,30,2,SAHARAUSDT,30,SAHARAUSDT,False,0,,2025-06-26,simultaneous_spot_perp,"Binance spot archive exists only within/near the pre-listing window, not full 30d",30,2,30,True,True,True,True,False,,,,200:30,200:2,200:30,200:8;404:30,503930359.06518006,7,200:7
P0RES018-00369,ICNTUSDT,ICNT,,2025-07-03 00:00:00 UTC,universe_onboard_date_midnight_proxy,2025-07-03,UNIVERSE_PIT,,,,not_matched_to_official_announcement,,False,,,,2025-07-03,2026-07-19,2026-06,2025-07-03,2025-08-01,2025-08-01,False,True,True,30,30,2,30,30,2,ICNTUSDT,30,,False,0,,,zero_base_new_asset,No Binance spot archive found in pre30 or near-listing probe window,30,2,30,True,True,True,True,False,,,,200:30,200:2,200:30,404:38,99154811.94899999,7,200:7
P0RES018-00370,BULLAUSDT,BULLA,2025-07-04 07:11:27 UTC,2025-07-04 09:00:00 UTC,official_announcement_body,2025-07-04,UNIVERSE_PIT,Binance Futures Will Launch USDS-Margined BULLAUSDT and IDOLUSDT Perpetual Contracts (2025-07-04),ace718d550c546b6a0e6db56af71f956,https://www.binance.com/en/support/announcement/ace718d550c546b6a0e6db56af71f956,ok,"Binance Futures Will Launch USDS-Margined BULLAUSDT and IDOLUSDT Perpetual Contracts (2025-07-04) This is a general announcement. Products and services referred to here may not be available in your region. Fellow Binancians, To expand the list of trading choices offered on Binance Futures and enhance users’ trading experience, Binance Futures will launch the following perpetual contract(s) as below: 2025-07-04 09:00 (UTC): BULLAUSDT Perpetual Contract with up to 50x leverage 2025-07-04 09:15 (UT",False,,,,2025-07-04,2026-07-19,2026-06,2025-07-04,2025-08-02,2025-08-02,False,True,True,30,30,2,30,30,2,BULLAUSDT,30,,False,0,,,zero_base_new_asset,No Binance spot archive found in pre30 or near-listing probe window,30,2,30,True,True,True,True,False,,,,200:30,200:2,200:30,404:38,32799981.38690000,7,200:7
P0RES018-00371,IDOLUSDT,IDOL,2025-07-04 07:11:27 UTC,2025-07-04 09:15:00 UTC,official_announcement_body,2025-07-04,UNIVERSE_PIT,Binance Futures Will Launch USDS-Margined BULLAUSDT and IDOLUSDT Perpetual Contracts (2025-07-04),ace718d550c546b6a0e6db56af71f956,https://www.binance.com/en/support/announcement/ace718d550c546b6a0e6db56af71f956,ok,"Binance Futures Will Launch USDS-Margined BULLAUSDT and IDOLUSDT Perpetual Contracts (2025-07-04) This is a general announcement. Products and services referred to here may not be available in your region. Fellow Binancians, To expand the list of trading choices offered on Binance Futures and enhance users’ trading experience, Binance Futures will launch the following perpetual contract(s) as below: 2025-07-04 09:00 (UTC): BULLAUSDT Perpetual Contract with up to 50x leverage 2025-07-04 09:15 (UT",False,,,,2025-07-04,2026-07-19,2026-06,2025-07-04,2025-08-02,2025-08-02,False,True,True,30,30,2,30,30,2,IDOLUSDT,30,,False,0,,,zero_base_new_asset,No Binance spot archive found in pre30 or near-listing probe window,30,2,30,True,True,True,True,False,,,,200:30,200:2,200:30,404:38,70930527.30555999,7,200:7
P0RES018-00372,MUSDT,M,2025-07-07 07:30:13 UTC,2025-07-07 09:30:00 UTC,official_announcement_body,2025-07-07,UNIVERSE_PIT,Binance Futures Will Launch USDS-Margined MUSDT Perpetual Contract (2025-07-07),39daafed88564fe08d932f470e00a810,https://www.binance.com/en/support/announcement/39daafed88564fe08d932f470e00a810,ok,"Binance Futures Will Launch USDS-Margined MUSDT Perpetual Contract (2025-07-07) This is a general announcement. Products and services referred to here may not be available in your region. Fellow Binancians, To expand the list of trading choices offered on Binance Futures and enhance users’ trading experience, Binance Futures will launch the following perpetual contract as below: 2025-07-07 09:30 (UTC): MUSDT Perpetual Contract with up to 50x leverage Please note that M ( LINK) is already listed ",False,,,,2025-07-07,2026-07-19,2026-06,2025-07-07,2025-08-05,2025-08-05,False,True,True,30,30,2,30,30,2,MUSDT,30,,False,0,,,zero_base_new_asset,No Binance spot archive found in pre30 or near-listing probe window,30,2,30,True,True,True,True,False,,,,200:30,200:2,200:30,404:38,480916187.77050006,7,200:7
P0RES018-00373,TANSSIUSDT,TANSSI,,2025-07-09 00:00:00 UTC,universe_onboard_date_midnight_proxy,2025-07-09,UNIVERSE_PIT,,,,not_matched_to_official_announcement,,True,2026-01-21 09:00:00 UTC,p0res010_delist_inventory,2026-01-21,2025-07-09,2026-07-19,2026-06,2025-07-09,2025-08-07,2025-08-07,False,True,True,30,30,2,30,30,2,TANSSIUSDT,30,,False,0,,,zero_base_new_asset,No Binance spot archive found in pre30 or near-listing probe window,30,2,30,True,True,True,True,False,,,,200:30,200:2,200:30,404:38,67134280.90468000,7,200:7
P0RES018-00374,AINUSDT,AIN,2025-07-10 07:18:06 UTC,2025-07-10 10:45:00 UTC,official_announcement_body,2025-07-10,UNIVERSE_PIT,Binance Futures Will Launch USDS-Margined CROSSUSDT and AINUSDT Perpetual Contracts (2025-07-10),54c97e398f6d4390a3daefea4ec6ee68,https://www.binance.com/en/support/announcement/54c97e398f6d4390a3daefea4ec6ee68,ok,"Binance Futures Will Launch USDS-Margined CROSSUSDT and AINUSDT Perpetual Contracts (2025-07-10) This is a general announcement. Products and services referred to here may not be available in your region. Fellow Binancians, To expand the list of trading choices offered on Binance Futures and enhance users’ trading experience, Binance Futures will launch the following perpetual contract(s) as below: 2025-07-10 10:30 (UTC): CROSSUSDT Perpetual Contract with up to 50x leverage 2025-07-10 10:45 (UTC",False,,,,2025-07-10,2026-07-19,2026-06,2025-07-10,2025-08-08,2025-08-08,False,True,True,30,30,2,30,30,2,AINUSDT,30,,False,0,,,zero_base_new_asset,No Binance spot archive found in pre30 or near-listing probe window,30,2,30,True,True,True,True,False,,,,200:30,200:2,200:30,404:38,113356821.13361003,7,200:7
P0RES018-00375,CROSSUSDT,CROSS,2025-07-10 07:18:06 UTC,2025-07-10 10:30:00 UTC,official_announcement_body,2025-07-10,UNIVERSE_PIT,Binance Futures Will Launch USDS-Margined CROSSUSDT and AINUSDT Perpetual Contracts (2025-07-10),54c97e398f6d4390a3daefea4ec6ee68,https://www.binance.com/en/support/announcement/54c97e398f6d4390a3daefea4ec6ee68,ok,"Binance Futures Will Launch USDS-Margined CROSSUSDT and AINUSDT Perpetual Contracts (2025-07-10) This is a general announcement. Products and services referred to here may not be available in your region. Fellow Binancians, To expand the list of trading choices offered on Binance Futures and enhance users’ trading experience, Binance Futures will launch the following perpetual contract(s) as below: 2025-07-10 10:30 (UTC): CROSSUSDT Perpetual Contract with up to 50x leverage 2025-07-10 10:45 (UTC",False,,,,2025-07-10,2026-07-19,2026-06,2025-07-10,2025-08-08,2025-08-08,False,True,True,30,30,2,30,30,2,CROSSUSDT,30,,False,0,,,zero_base_new_asset,No Binance spot archive found in pre30 or near-listing probe window,30,2,30,True,True,True,True,False,,,,200:30,200:2,200:30,404:38,125163964.99267001,7,200:7
P0RES018-00376,PUMPUSDT,PUMP,2025-07-09 14:05:21 UTC,2025-07-10 07:30:00 UTC,official_announcement_body,2025-07-10,UNIVERSE_PIT,Binance Futures Will Launch USDS-Margined PUMPUSDT Perpetual Contract Pre-Market Trading (2025-07-10),4bc8b483d10d4619babb2015066b2d89,https://www.binance.com/en/support/announcement/4bc8b483d10d4619babb2015066b2d89,ok,"Binance Futures Will Launch USDS-Margined PUMPUSDT Perpetual Contract Pre-Market Trading (2025-07-10) This is a general announcement. Products and services referred to here may not be available in your region. Fellow Binancians, To expand the list of trading choices offered on Binance Futures and to enhance users’ trading experience, Binance Futures will launch PUMPUSDT perpetual contract pre-market trading starting at 2025-07-10 07:30 (UTC) with up to 5x leverage. More details on the aforementi",False,,,,2025-07-10,2026-07-19,2026-06,2025-07-10,2025-08-08,2025-08-08,False,True,True,30,30,2,30,30,2,PUMPUSDT,30,,False,0,,,zero_base_new_asset,No Binance spot archive found in pre30 or near-listing probe window,30,2,30,True,True,True,True,False,,,,200:30,200:2,200:30,404:38,1016757041.23398578,7,200:7
P0RES018-00377,CUSDT,C,2025-07-15 06:42:17 UTC,2025-07-15 09:00:00 UTC,official_announcement_body,2025-07-15,UNIVERSE_PIT,Binance Futures Will Launch USDS-Margined CUSDT and VELVETUSDT Perpetual Contracts (2025-07-15),4f59bfc195ed4484ac810a9b8869fa86,https://www.binance.com/en/support/announcement/4f59bfc195ed4484ac810a9b8869fa86,ok,"Binance Futures Will Launch USDS-Margined CUSDT and VELVETUSDT Perpetual Contracts (2025-07-15) This is a general announcement. Products and services referred to here may not be available in your region. Fellow Binancians, To expand the list of trading choices offered on Binance Futures and enhance users’ trading experience, Binance Futures will launch the following perpetual contract(s) as below: 2025-07-15 09:00 (UTC): CUSDT Perpetual Contract with up to 50x leverage 2025-07-15 09:15 (UTC): VE",False,,,,2025-07-15,2026-07-19,2026-06,2025-07-15,2025-08-13,2025-08-13,False,True,True,30,30,2,30,30,2,CUSDT,30,CUSDT,False,0,,2025-07-18,simultaneous_spot_perp,"Binance spot archive exists only within/near the pre-listing window, not full 30d",30,2,30,True,True,True,True,False,,,,200:30,200:2,200:30,200:5;404:33,424648632.91472006,7,200:7
P0RES018-00378,TACUSDT,TAC,,2025-07-15 00:00:00 UTC,universe_onboard_date_midnight_proxy,2025-07-15,UNIVERSE_PIT,,,,not_matched_to_official_announcement,,False,,,,2025-07-15,2026-07-19,2026-06,2025-07-15,2025-08-13,2025-08-13,False,True,True,30,30,2,30,30,2,TACUSDT,30,,False,0,,,zero_base_new_asset,No Binance spot archive found in pre30 or near-listing probe window,30,2,30,True,True,True,True,False,,,,200:30,200:2,200:30,404:38,62887150.38233002,7,200:7
P0RES018-00379,VELVETUSDT,VELVET,2025-07-15 06:42:17 UTC,2025-07-15 09:15:00 UTC,official_announcement_body,2025-07-15,UNIVERSE_PIT,Binance Futures Will Launch USDS-Margined CUSDT and VELVETUSDT Perpetual Contracts (2025-07-15),4f59bfc195ed4484ac810a9b8869fa86,https://www.binance.com/en/support/announcement/4f59bfc195ed4484ac810a9b8869fa86,ok,"Binance Futures Will Launch USDS-Margined CUSDT and VELVETUSDT Perpetual Contracts (2025-07-15) This is a general announcement. Products and services referred to here may not be available in your region. Fellow Binancians, To expand the list of trading choices offered on Binance Futures and enhance users’ trading experience, Binance Futures will launch the following perpetual contract(s) as below: 2025-07-15 09:00 (UTC): CUSDT Perpetual Contract with up to 50x leverage 2025-07-15 09:15 (UTC): VE",False,,,,2025-07-15,2026-07-19,2026-06,2025-07-15,2025-08-13,2025-08-13,False,True,True,30,30,2,30,30,2,VELVETUSDT,30,,False,0,,,zero_base_new_asset,No Binance spot archive found in pre30 or near-listing probe window,30,2,30,True,True,True,True,False,,,,200:30,200:2,200:30,404:38,60766998.09422000,7,200:7
P0RES018-00380,ERAUSDT,ERA,,2025-07-17 00:00:00 UTC,universe_onboard_date_midnight_proxy,2025-07-17,UNIVERSE_PIT,,,,not_matched_to_official_announcement,,False,,,,2025-07-17,2026-07-19,2026-06,2025-07-17,2025-08-15,2025-08-15,False,True,True,30,30,2,30,30,2,ERAUSDT,30,ERAUSDT,False,0,,2025-07-17,simultaneous_spot_perp,"Binance spot archive exists only within/near the pre-listing window, not full 30d",30,2,30,True,True,True,True,False,,,,200:30,200:2,200:30,200:8;404:30,251633007.97029999,7,200:7
P0RES018-00381,TAUSDT,TA,,2025-07-21 00:00:00 UTC,universe_onboard_date_midnight_proxy,2025-07-21,UNIVERSE_PIT,,,,not_matched_to_official_announcement,,False,,,,2025-07-21,2026-07-19,2026-06,2025-07-21,2025-08-19,2025-08-19,False,True,True,30,30,2,30,30,2,TAUSDT,30,,False,0,,,zero_base_new_asset,No Binance spot archive found in pre30 or near-listing probe window,30,2,30,True,True,True,True,False,,,,200:30,200:2,200:30,404:38,44100161.90420000,7,200:7
P0RES018-00382,CVXUSDT,CVX,2025-07-23 06:00:02 UTC,2025-07-23 11:30:00 UTC,official_announcement_body,2025-07-23,UNIVERSE_PIT,"Binance Futures Will Launch USDS-Margined PENGUUSDC, CVXUSDT and SLPUSDT Perpetual Contracts (2025-07-23)",b7b3a116013145569a9850f197c8cbe4,https://www.binance.com/en/support/announcement/b7b3a116013145569a9850f197c8cbe4,ok,"Binance Futures Will Launch USDS-Margined PENGUUSDC, CVXUSDT and SLPUSDT Perpetual Contracts (2025-07-23) This is a general announcement. Products and services referred to here may not be available in your region. Fellow Binancians, To expand the list of trading choices offered on Binance Futures and enhance users’ trading experience, Binance Futures will launch the following perpetual contract(s) as below: 2025-07-23 07:30 (UTC): PENGUUSDC Perpetual Contract with up to 75x leverage 2025-07-23 1",True,2024-05-14 09:00:00 UTC,p0res010_delist_inventory,,2025-07-23,2026-07-19,2026-06,2025-07-23,2024-05-13,2025-08-21,True,True,True,0,0,0,0,0,0,CVXUSDT,30,CVXUSDT,True,30,,2025-07-23,existing_spot_then_perp,Binance spot 1h daily archive complete for 30 calendar days before perp listing,0,0,0,True,True,True,True,True,,,,,,,200:38,32350204.43130000,7,200:7
P0RES018-00383,PENGUUSDC,PENGU,2025-07-23 06:00:02 UTC,2025-07-23 07:30:00 UTC,official_announcement_body,,official_announcement_only_not_in_local_UNIVERSE_PIT,"Binance Futures Will Launch USDS-Margined PENGUUSDC, CVXUSDT and SLPUSDT Perpetual Contracts (2025-07-23)",b7b3a116013145569a9850f197c8cbe4,https://www.binance.com/en/support/announcement/b7b3a116013145569a9850f197c8cbe4,ok,"Binance Futures Will Launch USDS-Margined PENGUUSDC, CVXUSDT and SLPUSDT Perpetual Contracts (2025-07-23) This is a general announcement. Products and services referred to here may not be available in your region. Fellow Binancians, To expand the list of trading choices offered on Binance Futures and enhance users’ trading experience, Binance Futures will launch the following perpetual contract(s) as below: 2025-07-23 07:30 (UTC): PENGUUSDC Perpetual Contract with up to 75x leverage 2025-07-23 1",False,,,,2025-07-23,2026-07-19,2026-06,2025-07-23,2025-08-21,2025-08-21,False,True,True,30,30,2,30,30,2,PENGUUSDT,30,PENGUUSDT,True,30,,2025-07-23,existing_spot_then_perp,Binance spot 1h daily archive complete for 30 calendar days before perp listing,30,2,30,True,True,True,True,True,,,,200:30,200:2,200:30,200:38,11705132.45293400,7,200:7
P0RES018-00384,SLPUSDT,SLP,2025-07-23 06:00:02 UTC,2025-07-23 11:45:00 UTC,official_announcement_body,2025-07-23,UNIVERSE_PIT,"Binance Futures Will Launch USDS-Margined PENGUUSDC, CVXUSDT and SLPUSDT Perpetual Contracts (2025-07-23)",b7b3a116013145569a9850f197c8cbe4,https://www.binance.com/en/support/announcement/b7b3a116013145569a9850f197c8cbe4,ok,"Binance Futures Will Launch USDS-Margined PENGUUSDC, CVXUSDT and SLPUSDT Perpetual Contracts (2025-07-23) This is a general announcement. Products and services referred to here may not be available in your region. Fellow Binancians, To expand the list of trading choices offered on Binance Futures and enhance users’ trading experience, Binance Futures will launch the following perpetual contract(s) as below: 2025-07-23 07:30 (UTC): PENGUUSDC Perpetual Contract with up to 75x leverage 2025-07-23 1",True,2024-05-15 09:00:00 UTC,p0res010_delist_inventory,,2025-07-23,2026-07-19,2026-06,2025-07-23,2024-05-14,2025-08-21,True,True,True,0,0,0,0,0,0,SLPUSDT,30,SLPUSDT,True,30,,2025-07-23,existing_spot_then_perp,Binance spot 1h daily archive complete for 30 calendar days before perp listing,0,0,0,True,True,True,True,True,,,,,,,200:38,21189045.86232800,7,200:7
P0RES018-00385,TAGUSDT,TAG,2025-07-25 09:45:38 UTC,2025-07-25 11:15:00 UTC,official_announcement_body,2025-07-25,UNIVERSE_PIT,Binance Futures Will Launch USDS-Margined ZORAUSDT and TAGUSDT Perpetual Contracts (2025-07-25),b8d4d5be7c894e1f9bf2c5e091da85e9,https://www.binance.com/en/support/announcement/b8d4d5be7c894e1f9bf2c5e091da85e9,ok,"Binance Futures Will Launch USDS-Margined ZORAUSDT and TAGUSDT Perpetual Contracts (2025-07-25) This is a general announcement. Products and services referred to here may not be available in your region. Fellow Binancians, To expand the list of trading choices offered on Binance Futures and enhance users’ trading experience, Binance Futures will launch the following perpetual contract(s) as below: 2025-07-25 11:00 (UTC): ZORAUSDT Perpetual Contract with up to 50x leverage 2025-07-25 11:15 (UTC):",False,,,,2025-07-25,2026-07-19,2026-06,2025-07-25,2025-08-23,2025-08-23,False,True,True,30,30,2,30,30,2,TAGUSDT,30,,False,0,,,zero_base_new_asset,No Binance spot archive found in pre30 or near-listing probe window,30,2,30,True,True,True,True,False,,,,200:30,200:2,200:30,404:38,40913335.14178281,7,200:7
P0RES018-00386,ZORAUSDT,ZORA,2025-07-25 09:45:38 UTC,2025-07-25 11:00:00 UTC,official_announcement_body,2025-07-25,UNIVERSE_PIT,Binance Futures Will Launch USDS-Margined ZORAUSDT and TAGUSDT Perpetual Contracts (2025-07-25),b8d4d5be7c894e1f9bf2c5e091da85e9,https://www.binance.com/en/support/announcement/b8d4d5be7c894e1f9bf2c5e091da85e9,ok,"Binance Futures Will Launch USDS-Margined ZORAUSDT and TAGUSDT Perpetual Contracts (2025-07-25) This is a general announcement. Products and services referred to here may not be available in your region. Fellow Binancians, To expand the list of trading choices offered on Binance Futures and enhance users’ trading experience, Binance Futures will launch the following perpetual contract(s) as below: 2025-07-25 11:00 (UTC): ZORAUSDT Perpetual Contract with up to 50x leverage 2025-07-25 11:15 (UTC):",False,,,,2025-07-25,2026-07-19,2026-06,2025-07-25,2025-08-23,2025-08-23,False,True,True,30,30,2,30,30,2,ZORAUSDT,30,,False,0,,,zero_base_new_asset,No Binance spot archive found in pre30 or near-listing probe window,30,2,30,True,True,True,True,False,,,,200:30,200:2,200:30,404:38,383732210.30072993,7,200:7
P0RES018-00387,ESPORTSUSDT,ESPORTS,2025-07-29 07:46:40 UTC,2025-07-29 10:00:00 UTC,official_announcement_body,2025-07-29,UNIVERSE_PIT,Binance Futures Will Launch USDS-Margined ZRCUSDT and ESPORTSUSDT Perpetual Contracts (2025-07-29),9111be0e852d4d68addb987a260d5b8d,https://www.binance.com/en/support/announcement/9111be0e852d4d68addb987a260d5b8d,ok,"Binance Futures Will Launch USDS-Margined ZRCUSDT and ESPORTSUSDT Perpetual Contracts (2025-07-29) This is a general announcement. Products and services referred to here may not be available in your region. Fellow Binancians, To expand the list of trading choices offered on Binance Futures and enhance users’ trading experience, Binance Futures will launch the following perpetual contract(s) as below: 2025-07-29 09:45 (UTC): ZRCUSDT Perpetual Contract with up to 50x leverage 2025-07-29 10:00 (UTC",False,,,,2025-07-29,2026-07-19,2026-06,2025-07-29,2025-08-27,2025-08-27,False,True,True,30,30,2,30,30,2,ESPORTSUSDT,30,,False,0,,,zero_base_new_asset,No Binance spot archive found in pre30 or near-listing probe window,30,2,30,True,True,True,True,False,,,,200:30,200:2,200:30,404:38,113702510.00940000,7,200:7
P0RES018-00388,TREEUSDT,TREE,,2025-07-29 00:00:00 UTC,universe_onboard_date_midnight_proxy,2025-07-29,UNIVERSE_PIT,,,,not_matched_to_official_announcement,,False,,,,2025-07-29,2026-07-19,2026-06,2025-07-29,2025-08-27,2025-08-27,False,True,True,30,30,2,30,30,2,TREEUSDT,30,TREEUSDT,False,0,,2025-07-29,simultaneous_spot_perp,"Binance spot archive exists only within/near the pre-listing window, not full 30d",30,2,30,True,True,True,True,False,,,,200:30,200:2,200:30,200:8;404:30,299605778.21920002,7,200:7
P0RES018-00389,ZRCUSDT,ZRC,2025-07-29 07:46:40 UTC,2025-07-29 09:45:00 UTC,official_announcement_body,2025-07-29,UNIVERSE_PIT,Binance Futures Will Launch USDS-Margined ZRCUSDT and ESPORTSUSDT Perpetual Contracts (2025-07-29),9111be0e852d4d68addb987a260d5b8d,https://www.binance.com/en/support/announcement/9111be0e852d4d68addb987a260d5b8d,ok,"Binance Futures Will Launch USDS-Margined ZRCUSDT and ESPORTSUSDT Perpetual Contracts (2025-07-29) This is a general announcement. Products and services referred to here may not be available in your region. Fellow Binancians, To expand the list of trading choices offered on Binance Futures and enhance users’ trading experience, Binance Futures will launch the following perpetual contract(s) as below: 2025-07-29 09:45 (UTC): ZRCUSDT Perpetual Contract with up to 50x leverage 2025-07-29 10:00 (UTC",True,2026-01-21 09:00:00 UTC,p0res010_delist_inventory,2026-01-21,2025-07-29,2026-07-19,2026-06,2025-07-29,2025-08-27,2025-08-27,False,True,True,30,30,2,30,30,2,ZRCUSDT,30,,False,0,,,zero_base_new_asset,No Binance spot archive found in pre30 or near-listing probe window,30,2,30,True,True,True,True,False,,,,200:30,200:2,200:30,404:38,31946771.55401000,7,200:7
P0RES018-00390,A2ZUSDT,A2Z,,2025-07-30 00:00:00 UTC,universe_onboard_date_midnight_proxy,2025-07-30,UNIVERSE_PIT,,,,not_matched_to_official_announcement,,True,2026-03-24 00:00:00 UTC,UNIVERSE_PIT_delist_date_midnight_proxy,2026-03-24,2025-07-30,2026-07-19,2026-06,2025-07-30,2025-08-28,2025-08-28,False,True,True,30,30,2,30,30,2,A2ZUSDT,30,A2ZUSDT,False,0,,2025-07-30,simultaneous_spot_perp,"Binance spot archive exists only within/near the pre-listing window, not full 30d",30,2,30,True,True,True,True,False,,,,200:30,200:2,200:30,200:8;404:30,146315934.32557204,7,200:7
P0RES018-00391,NAORISUSDT,NAORIS,,2025-07-31 00:00:00 UTC,universe_onboard_date_midnight_proxy,2025-07-31,UNIVERSE_PIT,,,,not_matched_to_official_announcement,,False,,,,2025-07-31,2026-07-19,2026-06,2025-07-31,2025-08-29,2025-08-29,False,True,True,30,30,2,30,30,2,NAORISUSDT,30,,False,0,,,zero_base_new_asset,No Binance spot archive found in pre30 or near-listing probe window,30,2,30,True,True,True,True,False,,,,200:30,200:2,200:30,404:38,65423771.99210000,7,200:7
P0RES018-00392,PLAYUSDT,PLAY,,2025-07-31 00:00:00 UTC,universe_onboard_date_midnight_proxy,2025-07-31,UNIVERSE_PIT,,,,not_matched_to_official_announcement,,False,,,,2025-07-31,2026-07-19,2026-06,2025-07-31,2025-08-29,2025-08-29,False,True,True,30,30,2,30,30,2,PLAYUSDT,30,,False,0,,,zero_base_new_asset,No Binance spot archive found in pre30 or near-listing probe window,30,2,30,True,True,True,True,False,,,,200:30,200:2,200:30,404:38,28622434.73038001,7,200:7
P0RES018-00393,PROVEUSDT,PROVE,,2025-08-05 00:00:00 UTC,universe_onboard_date_midnight_proxy,2025-08-05,UNIVERSE_PIT,,,,not_matched_to_official_announcement,,False,,,,2025-08-05,2026-07-19,2026-06,2025-08-05,2025-09-03,2025-09-03,False,True,True,30,30,2,30,30,2,PROVEUSDT,30,PROVEUSDT,False,0,,2025-08-05,simultaneous_spot_perp,"Binance spot archive exists only within/near the pre-listing window, not full 30d",30,2,30,True,True,True,True,False,,,,200:30,200:2,200:30,200:8;404:30,481071111.64219004,7,200:7
P0RES018-00394,TOWNSUSDT,TOWNS,,2025-08-05 00:00:00 UTC,universe_onboard_date_midnight_proxy,2025-08-05,UNIVERSE_PIT,,,,not_matched_to_official_announcement,,False,,,,2025-08-05,2026-07-19,2026-06,2025-08-05,2025-09-03,2025-09-03,False,True,True,30,30,2,30,30,2,TOWNSUSDT,30,TOWNSUSDT,False,0,,2025-08-05,simultaneous_spot_perp,"Binance spot archive exists only within/near the pre-listing window, not full 30d",30,2,30,True,True,True,True,False,,,,200:30,200:2,200:30,200:8;404:30,168293025.16208997,7,200:7
P0RES018-00395,ALLUSDT,ALL,,2025-08-06 00:00:00 UTC,universe_onboard_date_midnight_proxy,2025-08-06,UNIVERSE_PIT,,,,not_matched_to_official_announcement,,False,,,,2025-08-06,2026-07-19,2026-06,2025-08-06,2025-09-04,2025-09-04,False,True,True,30,30,2,30,30,2,ALLUSDT,30,,False,0,,,zero_base_new_asset,No Binance spot archive found in pre30 or near-listing probe window,30,2,30,True,True,True,True,False,,,,200:30,200:2,200:30,404:38,26419196.79800000,7,200:7
P0RES018-00396,CARVUSDT,CARV,2025-08-07 14:57:10 UTC,2025-08-07 16:45:00 UTC,official_announcement_body,2025-08-07,UNIVERSE_PIT,Binance Futures Will Launch USDS-Margined YALAUSDT and CARVUSDT Perpetual Contracts (2025-08-07),60aa3350c7694b93946de18b3998d227,https://www.binance.com/en/support/announcement/60aa3350c7694b93946de18b3998d227,ok,"Binance Futures Will Launch USDS-Margined YALAUSDT and CARVUSDT Perpetual Contracts (2025-08-07) This is a general announcement. Products and services referred to here may not be available in your region. Fellow Binancians, To expand the list of trading choices offered on Binance Futures and enhance users’ trading experience, Binance Futures will launch the following perpetual contract(s) as below: 2025-08-07 16:30 (UTC): YALAUSDT Perpetual Contract with up to 50x leverage 2025-08-07 16:45 (UTC)",False,,,,2025-08-07,2026-07-19,2026-06,2025-08-07,2025-09-05,2025-09-05,False,True,True,30,30,2,30,30,2,CARVUSDT,30,,False,0,,,zero_base_new_asset,No Binance spot archive found in pre30 or near-listing probe window,30,2,30,True,True,True,True,False,,,,200:30,200:2,200:30,404:38,14515150.31280000,7,200:7
P0RES018-00397,INUSDT,IN,,2025-08-07 00:00:00 UTC,universe_onboard_date_midnight_proxy,2025-08-07,UNIVERSE_PIT,,,,not_matched_to_official_announcement,,False,,,,2025-08-07,2026-07-19,2026-06,2025-08-07,2025-09-05,2025-09-05,False,True,True,30,30,2,30,30,2,INUSDT,30,,False,0,,,zero_base_new_asset,No Binance spot archive found in pre30 or near-listing probe window,30,2,30,True,True,True,True,False,,,,200:30,200:2,200:30,404:38,119854228.83667000,7,200:7
P0RES018-00398,YALAUSDT,YALA,2025-08-07 14:57:10 UTC,2025-08-07 16:30:00 UTC,official_announcement_body,2025-08-07,UNIVERSE_PIT,Binance Futures Will Launch USDS-Margined YALAUSDT and CARVUSDT Perpetual Contracts (2025-08-07),60aa3350c7694b93946de18b3998d227,https://www.binance.com/en/support/announcement/60aa3350c7694b93946de18b3998d227,ok,"Binance Futures Will Launch USDS-Margined YALAUSDT and CARVUSDT Perpetual Contracts (2025-08-07) This is a general announcement. Products and services referred to here may not be available in your region. Fellow Binancians, To expand the list of trading choices offered on Binance Futures and enhance users’ trading experience, Binance Futures will launch the following perpetual contract(s) as below: 2025-08-07 16:30 (UTC): YALAUSDT Perpetual Contract with up to 50x leverage 2025-08-07 16:45 (UTC)",True,2026-02-10 00:00:00 UTC,UNIVERSE_PIT_delist_date_midnight_proxy,2026-02-10,2025-08-07,2026-07-19,2026-06,2025-08-07,2025-09-05,2025-09-05,False,True,True,30,30,2,30,30,2,YALAUSDT,30,,False,0,,,zero_base_new_asset,No Binance spot archive found in pre30 or near-listing probe window,30,2,30,True,True,True,True,False,,,,200:30,200:2,200:30,404:38,95838607.11800000,7,200:7
P0RES018-00399,AIOUSDT,AIO,2025-08-13 09:40:48 UTC,2025-08-13 11:30:00 UTC,official_announcement_body,2025-08-13,UNIVERSE_PIT,Binance Futures Will Launch USDS-Margined AIOUSDT and XNYUSDT Perpetual Contracts (2025-08-13),ab94bf6e3cc24c98866dff13a981258a,https://www.binance.com/en/support/announcement/ab94bf6e3cc24c98866dff13a981258a,ok,"Binance Futures Will Launch USDS-Margined AIOUSDT and XNYUSDT Perpetual Contracts (2025-08-13) This is a general announcement. Products and services referred to here may not be available in your region. Fellow Binancians, To expand the list of trading choices offered on Binance Futures and enhance users’ trading experience, Binance Futures will launch the following perpetual contract(s) as below: 2025-08-13 11:30 (UTC): AIOUSDT Perpetual Contract with up to 50x leverage 2025-08-13 11:45 (UTC): X",False,,,,2025-08-13,2026-07-19,2026-06,2025-08-13,2025-09-11,2025-09-11,False,True,True,30,30,2,30,30,2,AIOUSDT,30,,False,0,,,zero_base_new_asset,No Binance spot archive found in pre30 or near-listing probe window,30,2,30,True,True,True,True,False,,,,200:30,200:2,200:30,404:38,126997740.94300999,7,200:7
P0RES018-00400,XNYUSDT,XNY,2025-08-13 09:40:48 UTC,2025-08-13 11:45:00 UTC,official_announcement_body,2025-08-13,UNIVERSE_PIT,Binance Futures Will Launch USDS-Margined AIOUSDT and XNYUSDT Perpetual Contracts (2025-08-13),ab94bf6e3cc24c98866dff13a981258a,https://www.binance.com/en/support/announcement/ab94bf6e3cc24c98866dff13a981258a,ok,"Binance Futures Will Launch USDS-Margined AIOUSDT and XNYUSDT Perpetual Contracts (2025-08-13) This is a general announcement. Products and services referred to here may not be available in your region. Fellow Binancians, To expand the list of trading choices offered on Binance Futures and enhance users’ trading experience, Binance Futures will launch the following perpetual contract(s) as below: 2025-08-13 11:30 (UTC): AIOUSDT Perpetual Contract with up to 50x leverage 2025-08-13 11:45 (UTC): X",False,,,,2025-08-13,2026-07-19,2026-06,2025-08-13,2025-09-11,2025-09-11,False,True,True,30,30,2,30,30,2,XNYUSDT,30,,False,0,,,zero_base_new_asset,No Binance spot archive found in pre30 or near-listing probe window,30,2,30,True,True,True,True,False,,,,200:30,200:2,200:30,404:38,368410756.44650298,7,200:7
P0RES018-00401,USELESSUSDT,USELESS,2025-08-15 10:46:53 UTC,2025-08-15 12:15:00 UTC,official_announcement_body,2025-08-15,UNIVERSE_PIT,Binance Futures Will Launch USDS-Margined USELESSUSDT Perpetual Contract (2025-08-15),76c269080e8247fea630b60c7449532e,https://www.binance.com/en/support/announcement/76c269080e8247fea630b60c7449532e,ok,"Binance Futures Will Launch USDS-Margined USELESSUSDT Perpetual Contract (2025-08-15) This is a general announcement. Products and services referred to here may not be available in your region. Fellow Binancians, To expand the list of trading choices offered on Binance Futures and enhance users’ trading experience, Binance Futures will launch the following perpetual contract as below: 2025-08-15 12:15 (UTC): USELESSUSDT Perpetual Contract with up to 50x leverage Please note that USELESS ( LINK )",False,,,,2025-08-15,2026-07-19,2026-06,2025-08-15,2025-09-13,2025-09-13,False,True,True,30,30,2,30,30,2,USELESSUSDT,30,,False,0,,,zero_base_new_asset,No Binance spot archive found in pre30 or near-listing probe window,30,2,30,True,True,True,True,False,,,,200:30,200:2,200:30,404:38,80950393.40940000,7,200:7
P0RES018-00402,DAMUSDT,DAM,,2025-08-18 00:00:00 UTC,universe_onboard_date_midnight_proxy,2025-08-18,UNIVERSE_PIT,,,,not_matched_to_official_announcement,,True,2026-04-29 09:00:00 UTC,p0res010_delist_inventory,2026-04-29,2025-08-18,2026-07-19,2026-06,2025-08-18,2025-09-16,2025-09-16,False,True,True,30,30,2,30,30,2,DAMUSDT,30,,False,0,,,zero_base_new_asset,No Binance spot archive found in pre30 or near-listing probe window,30,2,30,True,True,True,True,False,,,,200:30,200:2,200:30,404:38,60215225.68530001,7,200:7
P0RES018-00403,CUDISUSDT,CUDIS,2025-08-20 09:48:17 UTC,2025-08-20 11:15:00 UTC,official_announcement_body,2025-08-20,UNIVERSE_PIT,Binance Futures Will Launch USDS-Margined CUDISUSDT Perpetual Contract (2025-08-20),9863fef7b0de4928882d0deb0e8b7171,https://www.binance.com/en/support/announcement/9863fef7b0de4928882d0deb0e8b7171,ok,"Binance Futures Will Launch USDS-Margined CUDISUSDT Perpetual Contract (2025-08-20) This is a general announcement. Products and services referred to here may not be available in your region. Fellow Binancians, To expand the list of trading choices offered on Binance Futures and enhance users’ trading experience, Binance Futures will launch the following perpetual contract(s) as below: 2025-08-20 11:15 (UTC): CUDISUSDT Perpetual Contract with up to 50x leverage Please note that CUDIS ( LINK ) is",True,2026-01-30 09:00:00 UTC,p0res010_delist_inventory,2026-01-30,2025-08-20,2026-07-19,2026-06,2025-08-20,2025-09-18,2025-09-18,False,True,True,30,30,2,30,30,2,CUDISUSDT,30,,False,0,,,zero_base_new_asset,No Binance spot archive found in pre30 or near-listing probe window,30,2,30,True,True,True,True,False,,,,200:30,200:2,200:30,404:38,50560175.96203999,7,200:7
P0RES018-00404,SAPIENUSDT,SAPIEN,,2025-08-20 00:00:00 UTC,universe_onboard_date_midnight_proxy,2025-08-20,UNIVERSE_PIT,,,,not_matched_to_official_announcement,,False,,,,2025-08-20,2026-07-19,2026-06,2025-08-20,2025-09-18,2025-09-18,False,True,True,30,30,2,30,30,2,SAPIENUSDT,30,,False,0,,,zero_base_new_asset,No Binance spot archive found in pre30 or near-listing probe window,30,2,30,True,True,True,True,False,,,,200:30,200:2,200:30,404:38,219056221.51226997,7,200:7
P0RES018-00405,XPLUSDT,XPL,2025-08-22 08:30:03 UTC,2025-08-22 09:30:00 UTC,official_announcement_body,2025-08-22,UNIVERSE_PIT,Binance Futures Will Launch USDS-Margined XPLUSDT Perpetual Contract Pre-Market Trading (2025-08-22),6fe1579c40694f7badfd0d2e149bb43a,https://www.binance.com/en/support/announcement/6fe1579c40694f7badfd0d2e149bb43a,ok,"Binance Futures Will Launch USDS-Margined XPLUSDT Perpetual Contract Pre-Market Trading (2025-08-22) This is a general announcement. Products and services referred to here may not be available in your region. Fellow Binancians, To expand the list of trading choices offered on Binance Futures and to enhance users’ trading experience, Binance Futures will launch XPLUSDT perpetual contract pre-market trading starting at 2025-08-22 09:30 (UTC) with up to 5x leverage. More details on the aforemention",False,,,,2025-08-22,2026-07-19,2026-06,2025-08-22,2025-09-20,2025-09-20,False,True,True,30,30,2,30,30,2,XPLUSDT,30,,False,0,,,zero_base_new_asset,No Binance spot archive found in pre30 or near-listing probe window,30,2,30,True,True,True,True,False,,,,200:30,200:2,200:30,404:38,226945951.41079998,7,200:7
P0RES018-00406,WLFIUSDT,WLFI,2025-08-23 08:15:34 UTC,2025-08-23 08:30:00 UTC,official_announcement_body,2025-08-23,UNIVERSE_PIT,Binance Futures Will Launch USDS-Margined WLFIUSDT Perpetual Contract Pre-Market Trading (2025-08-23),b302e61031ee4d2b947fb7ddc422fb60,https://www.binance.com/en/support/announcement/b302e61031ee4d2b947fb7ddc422fb60,ok,"Binance Futures Will Launch USDS-Margined WLFIUSDT Perpetual Contract Pre-Market Trading (2025-08-23) This is a general announcement. Products and services referred to here may not be available in your region. Fellow Binancians, To expand the list of trading choices offered on Binance Futures and to enhance users’ trading experience, Binance Futures will launch WLFIUSDT perpetual contract pre-market trading starting at 2025-08-23 08:30 (UTC) with up to 5x leverage. More details on the aforementi",False,,,,2025-08-23,2026-07-19,2026-06,2025-08-23,2025-09-21,2025-09-21,False,True,True,30,30,2,30,30,2,WLFIUSDT,30,,False,0,,,zero_base_new_asset,No Binance spot archive found in pre30 or near-listing probe window,30,2,30,True,True,True,True,False,,,,200:30,200:2,200:30,404:38,576225128.11219990,7,200:7
P0RES018-00407,BIOUSDC,BIO,2025-08-25 06:00:05 UTC,2025-08-25 07:15:00 UTC,official_announcement_body,,official_announcement_only_not_in_local_UNIVERSE_PIT,Binance Futures Will Launch USDS-Margined BIOUSDC Perpetual Contract (2025-08-25),80c16115f98b4e6696ada91182ab4386,https://www.binance.com/en/support/announcement/80c16115f98b4e6696ada91182ab4386,ok,"Binance Futures Will Launch USDS-Margined BIOUSDC Perpetual Contract (2025-08-25) This is a general announcement. Products and services referred to here may not be available in your region. Fellow Binancians, To expand the list of trading choices offered on Binance Futures and enhance users’ trading experience, Binance Futures will launch the BIOUSDC perpetual contract with up to 75x leverage. More details on the BIOUSDC perpetual contract can be found in the table below: USDS-M Perpetual Contra",False,,,,2025-08-25,2026-07-19,2026-06,2025-08-25,2025-09-23,2025-09-23,False,True,True,30,30,2,30,30,2,BIOUSDT,30,BIOUSDT,True,30,,2025-08-25,existing_spot_then_perp,Binance spot 1h daily archive complete for 30 calendar days before perp listing,30,2,30,True,True,True,True,True,,,,200:30,200:2,200:30,200:38,10790711.12801000,7,200:7
P0RES018-00408,SOMIUSDT,SOMI,2025-08-25 09:15:19 UTC,2025-08-25 09:30:00 UTC,official_announcement_body,2025-08-25,UNIVERSE_PIT,Binance Futures Will Launch USDS-Margined SOMIUSDT Perpetual Contract Pre-Market Trading (2025-08-25),c050b81fd4134b6abc2603d8c94b9608,https://www.binance.com/en/support/announcement/c050b81fd4134b6abc2603d8c94b9608,ok,"Binance Futures Will Launch USDS-Margined SOMIUSDT Perpetual Contract Pre-Market Trading (2025-08-25) This is a general announcement. Products and services referred to here may not be available in your region. Fellow Binancians, To expand the list of trading choices offered on Binance Futures and to enhance users’ trading experience, Binance Futures will launch SOMIUSDT perpetual contract pre-market trading starting at 2025-08-25 09:30 (UTC) with up to 5x leverage. More details on the aforementi",False,,,,2025-08-25,2026-07-19,2026-06,2025-08-25,2025-09-23,2025-09-23,False,True,True,30,30,2,30,30,2,SOMIUSDT,30,,False,0,,,zero_base_new_asset,No Binance spot archive found in pre30 or near-listing probe window,30,2,30,True,True,True,True,False,,,,200:30,200:2,200:30,404:38,26744436.57100001,7,200:7
P0RES018-00409,BASUSDT,BAS,2025-08-26 12:12:49 UTC,2025-08-26 13:30:00 UTC,official_announcement_body,2025-08-26,UNIVERSE_PIT,Binance Futures Will Launch USDS-Margined BASUSDT Perpetual Contract (2025-08-26),3b5c8e367af94234a3bad81bbe1f58e7,https://www.binance.com/en/support/announcement/3b5c8e367af94234a3bad81bbe1f58e7,ok,"Binance Futures Will Launch USDS-Margined BASUSDT Perpetual Contract (2025-08-26) This is a general announcement. Products and services referred to here may not be available in your region. Fellow Binancians, To expand the list of trading choices offered on Binance Futures and enhance users’ trading experience, Binance Futures will launch the following perpetual contract(s) as below: 2025-08-26 13:30 (UTC): BASUSDT Perpetual Contract with up to 50x leverage Please note that BAS ( LINK ) is alrea",False,,,,2025-08-26,2026-07-19,2026-06,2025-08-26,2025-09-24,2025-09-24,False,True,True,30,30,2,30,30,2,BASUSDT,30,,False,0,,,zero_base_new_asset,No Binance spot archive found in pre30 or near-listing probe window,30,2,30,True,True,True,True,False,,,,200:30,200:2,200:30,404:38,193743774.82084703,7,200:7
P0RES018-00410,BTRUSDT,BTR,,2025-08-27 00:00:00 UTC,universe_onboard_date_midnight_proxy,2025-08-27,UNIVERSE_PIT,,,,not_matched_to_official_announcement,,False,,,,2025-08-27,2026-07-19,2026-06,2025-08-27,2025-09-25,2025-09-25,False,True,True,30,30,2,30,30,2,BTRUSDT,30,,False,0,,,zero_base_new_asset,No Binance spot archive found in pre30 or near-listing probe window,30,2,30,True,True,True,True,False,,,,200:30,200:2,200:30,404:38,65306905.90232000,7,200:7
P0RES018-00411,MITOUSDT,MITO,,2025-08-28 00:00:00 UTC,universe_onboard_date_midnight_proxy,2025-08-28,UNIVERSE_PIT,,,,not_matched_to_official_announcement,,False,,,,2025-08-28,2026-07-19,2026-06,2025-08-28,2025-09-26,2025-09-26,False,True,True,30,30,2,30,30,2,MITOUSDT,30,MITOUSDT,False,0,,2025-08-29,simultaneous_spot_perp,"Binance spot archive exists only within/near the pre-listing window, not full 30d",30,2,30,True,True,True,True,False,,,,200:30,200:2,200:30,200:7;404:31,321128388.92239004,7,200:7
P0RES018-00412,HEMIUSDT,HEMI,,2025-08-29 00:00:00 UTC,universe_onboard_date_midnight_proxy,2025-08-29,UNIVERSE_PIT,,,,not_matched_to_official_announcement,,False,,,,2025-08-29,2026-07-19,2026-06,2025-08-29,2025-09-27,2025-09-27,False,True,True,30,30,2,30,30,2,HEMIUSDT,30,,False,0,,,zero_base_new_asset,No Binance spot archive found in pre30 or near-listing probe window,30,2,30,True,True,True,True,False,,,,200:30,200:2,200:30,404:38,254635609.62874705,7,200:7
P0RES018-00413,LINEAUSDT,LINEA,2025-09-01 08:15:03 UTC,2025-09-01 08:30:00 UTC,official_announcement_body,2025-09-01,UNIVERSE_PIT,Binance Futures Will Launch USDS-Margined LINEAUSDT Perpetual Contract Pre-Market Trading (2025-09-01),c21876d7d6e849cfaf5a82cabb65b763,https://www.binance.com/en/support/announcement/c21876d7d6e849cfaf5a82cabb65b763,ok,"Binance Futures Will Launch USDS-Margined LINEAUSDT Perpetual Contract Pre-Market Trading (2025-09-01) This is a general announcement. Products and services referred to here may not be available in your region. Fellow Binancians, To expand the list of trading choices offered on Binance Futures and to enhance users’ trading experience, Binance Futures will launch LINEAUSDT perpetual contract pre-market trading starting at 2025-09-01 08:30 (UTC) with up to 5x leverage. More details on the aforemen",False,,,,2025-09-01,2026-07-19,2026-06,2025-09-01,2025-09-30,2025-09-30,False,True,True,30,30,1,30,30,1,LINEAUSDT,30,,False,0,,,zero_base_new_asset,No Binance spot archive found in pre30 or near-listing probe window,30,1,30,True,True,True,True,False,,,,200:30,200:1,200:30,404:38,102544190.65068999,7,200:7
P0RES018-00414,QUSDT,Q,,2025-09-02 00:00:00 UTC,universe_onboard_date_midnight_proxy,2025-09-02,UNIVERSE_PIT,,,,not_matched_to_official_announcement,,False,,,,2025-09-02,2026-07-19,2026-06,2025-09-02,2025-10-01,2025-10-01,False,True,True,30,30,2,30,30,2,QUSDT,30,,False,0,,,zero_base_new_asset,No Binance spot archive found in pre30 or near-listing probe window,30,2,30,True,True,True,True,False,,,,200:30,200:2,200:30,404:38,132791418.19544698,7,200:7
P0RES018-00415,ARIAUSDT,ARIA,2025-09-03 09:49:50 UTC,2025-09-03 11:00:00 UTC,official_announcement_body,2025-09-03,UNIVERSE_PIT,Binance Futures Will Launch USDS-Margined ARIAUSDT and TAKEUSDT Perpetual Contracts (2025-09-03),a5db4c0a05bb4c80aa0591972c19defd,https://www.binance.com/en/support/announcement/a5db4c0a05bb4c80aa0591972c19defd,ok,"Binance Futures Will Launch USDS-Margined ARIAUSDT and TAKEUSDT Perpetual Contracts (2025-09-03) This is a general announcement. Products and services referred to here may not be available in your region. Fellow Binancians, To expand the list of trading choices offered on Binance Futures and enhance users’ trading experience, Binance Futures will launch the following perpetual contract(s) as below: 2025-09-03 11:00 (UTC): ARIAUSDT Perpetual Contract with up to 50x leverage 2025-09-03 11:15 (UTC)",False,,,,2025-09-03,2026-07-19,2026-06,2025-09-03,2025-10-02,2025-10-02,False,True,True,30,30,2,30,30,2,ARIAUSDT,30,,False,0,,,zero_base_new_asset,No Binance spot archive found in pre30 or near-listing probe window,30,2,30,True,True,True,True,False,,,,200:30,200:2,200:30,404:38,71395986.17190000,7,200:7
P0RES018-00416,PTBUSDT,PTB,,2025-09-03 00:00:00 UTC,universe_onboard_date_midnight_proxy,2025-09-03,UNIVERSE_PIT,,,,not_matched_to_official_announcement,,False,,,,2025-09-03,2026-07-19,2026-06,2025-09-03,2025-10-02,2025-10-02,False,True,True,30,30,2,30,30,2,PTBUSDT,30,,False,0,,,zero_base_new_asset,No Binance spot archive found in pre30 or near-listing probe window,30,2,30,True,True,True,True,False,,,,200:30,200:2,200:30,404:38,221598078.50817001,7,200:7
P0RES018-00417,TAKEUSDT,TAKE,2025-09-03 09:49:50 UTC,2025-09-03 11:15:00 UTC,official_announcement_body,2025-09-03,UNIVERSE_PIT,Binance Futures Will Launch USDS-Margined ARIAUSDT and TAKEUSDT Perpetual Contracts (2025-09-03),a5db4c0a05bb4c80aa0591972c19defd,https://www.binance.com/en/support/announcement/a5db4c0a05bb4c80aa0591972c19defd,ok,"Binance Futures Will Launch USDS-Margined ARIAUSDT and TAKEUSDT Perpetual Contracts (2025-09-03) This is a general announcement. Products and services referred to here may not be available in your region. Fellow Binancians, To expand the list of trading choices offered on Binance Futures and enhance users’ trading experience, Binance Futures will launch the following perpetual contract(s) as below: 2025-09-03 11:00 (UTC): ARIAUSDT Perpetual Contract with up to 50x leverage 2025-09-03 11:15 (UTC)",False,,,,2025-09-03,2026-07-19,2026-06,2025-09-03,2025-10-02,2025-10-02,False,True,True,30,30,2,30,30,2,TAKEUSDT,30,,False,0,,,zero_base_new_asset,No Binance spot archive found in pre30 or near-listing probe window,30,2,30,True,True,True,True,False,,,,200:30,200:2,200:30,404:38,119411861.13557003,7,200:7
P0RES018-00418,OPENUSDT,OPEN,,2025-09-08 00:00:00 UTC,universe_onboard_date_midnight_proxy,2025-09-08,UNIVERSE_PIT,,,,not_matched_to_official_announcement,,False,,,,2025-09-08,2026-07-19,2026-06,2025-09-08,2025-10-07,2025-10-07,False,True,True,30,30,2,30,30,2,OPENUSDT,30,OPENUSDT,False,0,,2025-09-08,simultaneous_spot_perp,"Binance spot archive exists only within/near the pre-listing window, not full 30d",30,2,30,True,True,True,True,False,,,,200:30,200:2,200:30,200:8;404:30,426172878.03290004,7,200:7
P0RES018-00419,WLFIUSDC,WLFI,2025-09-08 07:30:25 UTC,2025-09-08 08:30:00 UTC,official_announcement_body,,official_announcement_only_not_in_local_UNIVERSE_PIT,Binance Futures Will Launch USDS-Margined WLFIUSDC Perpetual Contract (2025-09-08),8921dd419c34456db8091cc4b0650516,https://www.binance.com/en/support/announcement/8921dd419c34456db8091cc4b0650516,ok,"Binance Futures Will Launch USDS-Margined WLFIUSDC Perpetual Contract (2025-09-08) This is a general announcement. Products and services referred to here may not be available in your region. Fellow Binancians, To expand the list of trading choices offered on Binance Futures and enhance users’ trading experience, Binance Futures will launch the following perpetual contract(s) as below: 2025-09-08 08:30 (UTC): WLFIUSDC Perpetual Contract with up to 75x leverage More details on the aforementioned p",False,,,,2025-09-08,2026-07-19,2026-06,2025-09-08,2025-10-07,2025-10-07,False,True,True,30,30,2,30,30,2,WLFIUSDT,30,WLFIUSDT,False,7,2025-08-09;2025-08-10;2025-08-11;2025-08-12;2025-08-13;2025-08-14;2025-08-15;2025-08-16;2025-08-17;2025-08-18;2025-08-19;2025-08-20;2025-08-21;2025-08-22;2025-08-23;2025-08-24;2025-08-25;2025-08-26;2025-08-27;2025-08-28;2025-08-29;2025-08-30;2025-08-31,2025-09-08,simultaneous_spot_perp,"Binance spot archive exists only within/near the pre-listing window, not full 30d",30,2,30,True,True,True,True,False,,,,200:30,200:2,200:30,200:15;404:23,14423698.56920000,7,200:7
P0RES018-00420,AVNTUSDT,AVNT,,2025-09-09 00:00:00 UTC,universe_onboard_date_midnight_proxy,2025-09-09,UNIVERSE_PIT,,,,not_matched_to_official_announcement,,False,,,,2025-09-09,2026-07-19,2026-06,2025-09-09,2025-10-08,2025-10-08,False,True,True,30,30,2,30,30,2,AVNTUSDT,30,AVNTUSDT,False,0,,2025-09-15,simultaneous_spot_perp,"Binance spot archive exists only within/near the pre-listing window, not full 30d",30,2,30,True,True,True,True,False,,,,200:30,200:2,200:30,200:2;404:36,436660560.62834007,7,200:7
P0RES018-00421,FLOCKUSDT,FLOCK,2025-09-09 05:28:37 UTC,2025-09-09 06:45:00 UTC,official_announcement_body,2025-09-09,UNIVERSE_PIT,Binance Futures Will Launch USDS-Margined FLOCKUSDT and SKYUSDT Perpetual Contracts (2025-09-09),4009f8bd8d85456189e9265d311b25de,https://www.binance.com/en/support/announcement/4009f8bd8d85456189e9265d311b25de,ok,"Binance Futures Will Launch USDS-Margined FLOCKUSDT and SKYUSDT Perpetual Contracts (2025-09-09) This is a general announcement. Products and services referred to here may not be available in your region. Fellow Binancians, To expand the list of trading choices offered on Binance Futures and enhance users’ trading experience, Binance Futures will launch the following perpetual contract(s) as below: 2025-09-09 06:45 (UTC): FLOCKUSDT Perpetual Contract with up to 75x leverage 2025-09-09 07:00 (UTC",False,,,,2025-09-09,2026-07-19,2026-06,2025-09-09,2025-10-08,2025-10-08,False,True,True,30,30,2,30,30,2,FLOCKUSDT,30,,False,0,,,zero_base_new_asset,No Binance spot archive found in pre30 or near-listing probe window,30,2,30,True,True,True,True,False,,,,200:30,200:2,200:30,404:38,52180349.17529999,7,200:7
P0RES018-00422,SKYUSDT,SKY,2025-09-09 05:28:37 UTC,2025-09-09 07:00:00 UTC,official_announcement_body,2025-09-09,UNIVERSE_PIT,Binance Futures Will Launch USDS-Margined FLOCKUSDT and SKYUSDT Perpetual Contracts (2025-09-09),4009f8bd8d85456189e9265d311b25de,https://www.binance.com/en/support/announcement/4009f8bd8d85456189e9265d311b25de,ok,"Binance Futures Will Launch USDS-Margined FLOCKUSDT and SKYUSDT Perpetual Contracts (2025-09-09) This is a general announcement. Products and services referred to here may not be available in your region. Fellow Binancians, To expand the list of trading choices offered on Binance Futures and enhance users’ trading experience, Binance Futures will launch the following perpetual contract(s) as below: 2025-09-09 06:45 (UTC): FLOCKUSDT Perpetual Contract with up to 75x leverage 2025-09-09 07:00 (UTC",False,,,,2025-09-09,2026-07-19,2026-06,2025-09-09,2025-10-08,2025-10-08,False,True,True,30,30,2,30,30,2,SKYUSDT,30,,False,0,,,zero_base_new_asset,No Binance spot archive found in pre30 or near-listing probe window,30,2,30,True,True,True,True,False,,,,200:30,200:2,200:30,404:38,39064694.80386001,7,200:7
P0RES018-00423,HOLOUSDT,HOLO,,2025-09-11 00:00:00 UTC,universe_onboard_date_midnight_proxy,2025-09-11,UNIVERSE_PIT,,,,not_matched_to_official_announcement,,False,,,,2025-09-11,2026-07-19,2026-06,2025-09-11,2025-10-10,2025-10-10,False,True,True,30,30,2,30,30,2,HOLOUSDT,30,HOLOUSDT,False,0,,2025-09-11,simultaneous_spot_perp,"Binance spot archive exists only within/near the pre-listing window, not full 30d",30,2,30,True,True,True,True,False,,,,200:30,200:2,200:30,200:8;404:30,201838640.17200002,7,200:7
P0RES018-00424,UBUSDT,UB,,2025-09-12 00:00:00 UTC,universe_onboard_date_midnight_proxy,2025-09-12,UNIVERSE_PIT,,,,not_matched_to_official_announcement,,False,,,,2025-09-12,2026-07-19,2026-06,2025-09-12,2025-10-11,2025-10-11,False,True,True,30,30,2,30,30,2,UBUSDT,30,,False,0,,,zero_base_new_asset,No Binance spot archive found in pre30 or near-listing probe window,29,2,30,False,True,True,False,False,2025-10-05,,,200:29;404:1,200:2,200:30,404:38,260435616.00746605,7,200:7
P0RES018-00425,XPINUSDT,XPIN,2025-09-12 06:50:54 UTC,2025-09-12 08:00:00 UTC,official_announcement_body,2025-09-12,UNIVERSE_PIT,Binance Futures Will Launch USDS-Margined XPINUSDT Perpetual Contract (2025-09-12),4426d75b5b7f47f89a11f622739d6186,https://www.binance.com/en/support/announcement/4426d75b5b7f47f89a11f622739d6186,ok,"Binance Futures Will Launch USDS-Margined XPINUSDT Perpetual Contract (2025-09-12) This is a general announcement. Products and services referred to here may not be available in your region. Fellow Binancians, To expand the list of trading choices offered on Binance Futures and enhance users’ trading experience, Binance Futures will launch the following perpetual contract(s) as below: 2025-09-12 08:00 (UTC): XPINUSDT Perpetual Contract with up to 50x leverage Please note that XPIN ( LINK ) is al",False,,,,2025-09-12,2026-07-19,2026-06,2025-09-12,2025-10-11,2025-10-11,False,True,True,30,30,2,30,30,2,XPINUSDT,30,,False,0,,,zero_base_new_asset,No Binance spot archive found in pre30 or near-listing probe window,30,2,30,True,True,True,True,False,,,,200:30,200:2,200:30,404:38,85082006.36941171,7,200:7
P0RES018-00426,ZKCUSDT,ZKC,,2025-09-15 00:00:00 UTC,universe_onboard_date_midnight_proxy,2025-09-15,UNIVERSE_PIT,,,,not_matched_to_official_announcement,,False,,,,2025-09-15,2026-07-19,2026-06,2025-09-15,2025-10-14,2025-10-14,False,True,True,30,30,2,30,30,2,ZKCUSDT,30,ZKCUSDT,False,0,,2025-09-15,simultaneous_spot_perp,"Binance spot archive exists only within/near the pre-listing window, not full 30d",30,2,30,True,True,True,True,False,,,,200:30,200:2,200:30,200:8;404:30,230679549.84349999,7,200:7
P0RES018-00427,0GUSDT,0G,2025-09-17 15:30:35 UTC,2025-09-17 15:45:00 UTC,official_announcement_body,2025-09-17,UNIVERSE_PIT,Binance Futures Will Launch USDS-Margined 0GUSDT Perpetual Contract Pre-Market Trading (2025-09-17),bc5255e12ec6421793d72cebe1a66f6a,https://www.binance.com/en/support/announcement/bc5255e12ec6421793d72cebe1a66f6a,ok,"Binance Futures Will Launch USDS-Margined 0GUSDT Perpetual Contract Pre-Market Trading (2025-09-17) This is a general announcement. Products and services referred to here may not be available in your region. Fellow Binancians, To expand the list of trading choices offered on Binance Futures and to enhance users’ trading experience, Binance Futures will launch 0GUSDT perpetual contract pre-market trading starting at 2025-09-17 15:45 (UTC) with up to 5x leverage. More details on the aforementioned",False,,,,2025-09-17,2026-07-19,2026-06,2025-09-17,2025-10-16,2025-10-16,False,True,True,30,30,2,30,30,2,0GUSDT,30,0GUSDT,False,0,,2025-09-22,simultaneous_spot_perp,"Binance spot archive exists only within/near the pre-listing window, not full 30d",30,2,30,True,True,True,True,False,,,,200:30,200:2,200:30,200:3;404:35,273214881.18139994,7,200:7
P0RES018-00428,STBLUSDT,STBL,2025-09-17 03:44:48 UTC,2025-09-17 05:45:00 UTC,official_announcement_body,2025-09-17,UNIVERSE_PIT,Binance Futures Will Launch USDS-Margined TOSHIUSDT and STBLUSDT Perpetual Contracts (2025-09-17),6c77032dc54146ce83b8b1ab034dfd85,https://www.binance.com/en/support/announcement/6c77032dc54146ce83b8b1ab034dfd85,ok,"Binance Futures Will Launch USDS-Margined TOSHIUSDT and STBLUSDT Perpetual Contracts (2025-09-17) This is a general announcement. Products and services referred to here may not be available in your region. Fellow Binancians, To expand the list of trading choices offered on Binance Futures and enhance users’ trading experience, Binance Futures will launch the following perpetual contract(s) as below: 2025-09-17 05:30 (UTC): TOSHIUSDT Perpetual Contract with up to 75x leverage 2025-09-17 05:45 (UT",False,,,,2025-09-17,2026-07-19,2026-06,2025-09-17,2025-10-16,2025-10-16,False,True,True,30,30,2,30,30,2,STBLUSDT,30,,False,0,,,zero_base_new_asset,No Binance spot archive found in pre30 or near-listing probe window,30,2,30,True,True,True,True,False,,,,200:30,200:2,200:30,404:38,490560716.15591007,7,200:7
P0RES018-00429,TOSHIUSDT,TOSHI,2025-09-17 03:44:48 UTC,2025-09-17 05:30:00 UTC,official_announcement_body,2025-09-17,UNIVERSE_PIT,Binance Futures Will Launch USDS-Margined TOSHIUSDT and STBLUSDT Perpetual Contracts (2025-09-17),6c77032dc54146ce83b8b1ab034dfd85,https://www.binance.com/en/support/announcement/6c77032dc54146ce83b8b1ab034dfd85,ok,"Binance Futures Will Launch USDS-Margined TOSHIUSDT and STBLUSDT Perpetual Contracts (2025-09-17) This is a general announcement. Products and services referred to here may not be available in your region. Fellow Binancians, To expand the list of trading choices offered on Binance Futures and enhance users’ trading experience, Binance Futures will launch the following perpetual contract(s) as below: 2025-09-17 05:30 (UTC): TOSHIUSDT Perpetual Contract with up to 75x leverage 2025-09-17 05:45 (UT",False,,,,2025-09-17,2026-07-19,2026-06,2025-09-17,2025-10-16,2025-10-16,False,True,True,30,30,2,30,30,2,TOSHIUSDT,30,,False,0,,,zero_base_new_asset,No Binance spot archive found in pre30 or near-listing probe window,30,2,30,True,True,True,True,False,,,,200:30,200:2,200:30,404:38,42769859.91898259,7,200:7
P0RES018-00430,BARDUSDT,BARD,,2025-09-18 00:00:00 UTC,universe_onboard_date_midnight_proxy,2025-09-18,UNIVERSE_PIT,,,,not_matched_to_official_announcement,,False,,,,2025-09-18,2026-07-19,2026-06,2025-09-18,2025-10-17,2025-10-17,False,True,True,30,30,2,30,30,2,BARDUSDT,30,BARDUSDT,False,0,,2025-09-18,simultaneous_spot_perp,"Binance spot archive exists only within/near the pre-listing window, not full 30d",30,2,30,True,True,True,True,False,,,,200:30,200:2,200:30,200:8;404:30,382115152.93189996,7,200:7
P0RES018-00431,ASTERUSDT,ASTER,2025-09-19 10:57:55 UTC,2025-09-19 12:00:00 UTC,official_announcement_body,2025-09-19,UNIVERSE_PIT,Binance Futures Will Launch USDS-Margined ASTERUSDT and TRADOORUSDT Perpetual Contracts (2025-09-19),5d5ed7be7602470c96290178cdcc614c,https://www.binance.com/en/support/announcement/5d5ed7be7602470c96290178cdcc614c,ok,"Binance Futures Will Launch USDS-Margined ASTERUSDT and TRADOORUSDT Perpetual Contracts (2025-09-19) This is a general announcement. Products and services referred to here may not be available in your region. Fellow Binancians, To expand the list of trading choices offered on Binance Futures and enhance users’ trading experience, Binance Futures will launch the following perpetual contract(s) as below: 2025-09-19 12:00 (UTC): ASTERUSDT Perpetual Contract with up to 50x leverage 2025-09-19 12:30 ",False,,,,2025-09-19,2026-07-19,2026-06,2025-09-19,2025-10-18,2025-10-18,False,True,True,30,30,2,30,30,2,ASTERUSDT,30,,False,0,,,zero_base_new_asset,No Binance spot archive found in pre30 or near-listing probe window,30,2,30,True,True,True,True,False,,,,200:30,200:2,200:30,404:38,2901664682.71690035,7,200:7
P0RES018-00432,TRADOORUSDT,TRADOOR,2025-09-19 10:57:55 UTC,2025-09-19 12:30:00 UTC,official_announcement_body,2025-09-19,UNIVERSE_PIT,Binance Futures Will Launch USDS-Margined ASTERUSDT and TRADOORUSDT Perpetual Contracts (2025-09-19),5d5ed7be7602470c96290178cdcc614c,https://www.binance.com/en/support/announcement/5d5ed7be7602470c96290178cdcc614c,ok,"Binance Futures Will Launch USDS-Margined ASTERUSDT and TRADOORUSDT Perpetual Contracts (2025-09-19) This is a general announcement. Products and services referred to here may not be available in your region. Fellow Binancians, To expand the list of trading choices offered on Binance Futures and enhance users’ trading experience, Binance Futures will launch the following perpetual contract(s) as below: 2025-09-19 12:00 (UTC): ASTERUSDT Perpetual Contract with up to 50x leverage 2025-09-19 12:30 ",False,,,,2025-09-19,2026-07-19,2026-06,2025-09-19,2025-10-18,2025-10-18,False,True,True,30,30,2,30,30,2,TRADOORUSDT,30,,False,0,,,zero_base_new_asset,No Binance spot archive found in pre30 or near-listing probe window,30,2,30,True,True,True,True,False,,,,200:30,200:2,200:30,404:38,109351724.45099999,7,200:7
P0RES018-00433,BLESSUSDT,BLESS,,2025-09-23 00:00:00 UTC,universe_onboard_date_midnight_proxy,2025-09-23,UNIVERSE_PIT,,,,not_matched_to_official_announcement,,False,,,,2025-09-23,2026-07-19,2026-06,2025-09-23,2025-10-22,2025-10-22,False,True,True,30,30,2,30,30,2,BLESSUSDT,30,,False,0,,,zero_base_new_asset,No Binance spot archive found in pre30 or near-listing probe window,30,2,30,True,True,True,True,False,,,,200:30,200:2,200:30,404:38,254883564.14178610,7,200:7
P0RES018-00434,FLUIDUSDT,FLUID,2025-09-24 09:25:25 UTC,2025-09-24 10:15:00 UTC,official_announcement_body,2025-09-24,UNIVERSE_PIT,Binance Futures Will Launch USDS-Margined FLUIDUSDT Perpetual Contract (2025-09-24),c35543f806514588b13949a637d75bcd,https://www.binance.com/en/support/announcement/c35543f806514588b13949a637d75bcd,ok,"Binance Futures Will Launch USDS-Margined FLUIDUSDT Perpetual Contract (2025-09-24) This is a general announcement. Products and services referred to here may not be available in your region. Fellow Binancians, To expand the list of trading choices offered on Binance Futures and enhance users’ trading experience, Binance Futures will launch the following perpetual contract(s) as below: 2025-09-24 10:15 (UTC): FLUIDUSDT Perpetual Contract with up to 75x leverage More details on the aforementioned",False,,,,2025-09-24,2026-07-19,2026-06,2025-09-24,2025-10-23,2025-10-23,False,True,True,30,30,2,30,30,2,FLUIDUSDT,30,,False,0,,,zero_base_new_asset,No Binance spot archive found in pre30 or near-listing probe window,30,2,30,True,True,True,True,False,,,,200:30,200:2,200:30,404:38,27157554.70740000,7,200:7
P0RES018-00435,COAIUSDT,COAI,,2025-09-25 00:00:00 UTC,universe_onboard_date_midnight_proxy,2025-09-25,UNIVERSE_PIT,,,,not_matched_to_official_announcement,,False,,,,2025-09-25,2026-07-19,2026-06,2025-09-25,2025-10-24,2025-10-24,False,True,True,30,30,2,30,30,2,COAIUSDT,30,,False,0,,,zero_base_new_asset,No Binance spot archive found in pre30 or near-listing probe window,30,2,30,True,True,True,True,False,,,,200:30,200:2,200:30,404:38,205738624.92928004,7,200:7
P0RES018-00436,AKEUSDT,AKE,2025-09-26 09:46:35 UTC,2025-09-26 12:30:00 UTC,official_announcement_body,2025-09-26,UNIVERSE_PIT,Binance Futures Will Launch USDS-Margined AKEUSDT and ORDERUSDT Perpetual Contracts (2025-09-26),f7b86984a0d34f4fbfc3204fa93ae344,https://www.binance.com/en/support/announcement/f7b86984a0d34f4fbfc3204fa93ae344,ok,"Binance Futures Will Launch USDS-Margined AKEUSDT and ORDERUSDT Perpetual Contracts (2025-09-26) This is a general announcement. Products and services referred to here may not be available in your region. Fellow Binancians, To expand the list of trading choices offered on Binance Futures and enhance users’ trading experience, Binance Futures will launch the following perpetual contract(s) as below: 2025-09-26 12:30 (UTC): AKEUSDT Perpetual Contract with up to 50x leverage 2025-09-26 12:45 (UTC):",False,,,,2025-09-26,2026-07-19,2026-06,2025-09-26,2025-10-25,2025-10-25,False,True,True,30,30,2,30,30,2,AKEUSDT,30,,False,0,,,zero_base_new_asset,No Binance spot archive found in pre30 or near-listing probe window,30,2,30,True,True,True,True,False,,,,200:30,200:2,200:30,404:38,102805198.98359260,7,200:7
P0RES018-00437,HANAUSDT,HANA,,2025-09-26 00:00:00 UTC,universe_onboard_date_midnight_proxy,2025-09-26,UNIVERSE_PIT,,,,not_matched_to_official_announcement,,False,,,,2025-09-26,2026-07-19,2026-06,2025-09-26,2025-10-25,2025-10-25,False,True,True,30,30,2,30,30,2,HANAUSDT,30,,False,0,,,zero_base_new_asset,No Binance spot archive found in pre30 or near-listing probe window,30,2,30,True,True,True,True,False,,,,200:30,200:2,200:30,404:38,95530166.35717000,7,200:7
P0RES018-00438,MIRAUSDT,MIRA,,2025-09-26 00:00:00 UTC,universe_onboard_date_midnight_proxy,2025-09-26,UNIVERSE_PIT,,,,not_matched_to_official_announcement,,False,,,,2025-09-26,2026-07-19,2026-06,2025-09-26,2025-10-25,2025-10-25,False,True,True,30,30,2,30,30,2,MIRAUSDT,30,MIRAUSDT,False,0,,2025-09-26,simultaneous_spot_perp,"Binance spot archive exists only within/near the pre-listing window, not full 30d",30,2,30,True,True,True,True,False,,,,200:30,200:2,200:30,200:8;404:30,284760783.64080006,7,200:7
P0RES018-00439,ORDERUSDT,ORDER,2025-09-26 09:46:35 UTC,2025-09-26 12:45:00 UTC,official_announcement_body,2025-09-26,UNIVERSE_PIT,Binance Futures Will Launch USDS-Margined AKEUSDT and ORDERUSDT Perpetual Contracts (2025-09-26),f7b86984a0d34f4fbfc3204fa93ae344,https://www.binance.com/en/support/announcement/f7b86984a0d34f4fbfc3204fa93ae344,ok,"Binance Futures Will Launch USDS-Margined AKEUSDT and ORDERUSDT Perpetual Contracts (2025-09-26) This is a general announcement. Products and services referred to here may not be available in your region. Fellow Binancians, To expand the list of trading choices offered on Binance Futures and enhance users’ trading experience, Binance Futures will launch the following perpetual contract(s) as below: 2025-09-26 12:30 (UTC): AKEUSDT Perpetual Contract with up to 50x leverage 2025-09-26 12:45 (UTC):",False,,,,2025-09-26,2026-07-19,2026-06,2025-09-26,2025-10-25,2025-10-25,False,True,True,30,30,2,30,30,2,ORDERUSDT,30,,False,0,,,zero_base_new_asset,No Binance spot archive found in pre30 or near-listing probe window,30,2,30,True,True,True,True,False,,,,200:30,200:2,200:30,404:38,153468479.22482002,7,200:7
P0RES018-00440,LIGHTUSDT,LIGHT,,2025-09-27 00:00:00 UTC,universe_onboard_date_midnight_proxy,2025-09-27,UNIVERSE_PIT,,,,not_matched_to_official_announcement,,False,,,,2025-09-27,2026-07-19,2026-06,2025-09-27,2025-10-26,2025-10-26,False,True,True,30,30,2,30,30,2,LIGHTUSDT,30,,False,0,,,zero_base_new_asset,No Binance spot archive found in pre30 or near-listing probe window,30,2,30,True,True,True,True,False,,,,200:30,200:2,200:30,404:38,282856786.57268000,7,200:7
P0RES018-00441,FFUSDT,FF,,2025-09-29 00:00:00 UTC,universe_onboard_date_midnight_proxy,2025-09-29,UNIVERSE_PIT,,,,not_matched_to_official_announcement,,False,,,,2025-09-29,2026-07-19,2026-06,2025-09-29,2025-10-28,2025-10-28,False,True,True,30,30,2,30,30,2,FFUSDT,30,FFUSDT,False,0,,2025-09-29,simultaneous_spot_perp,"Binance spot archive exists only within/near the pre-listing window, not full 30d",30,2,30,True,True,True,True,False,,,,200:30,200:2,200:30,200:8;404:30,331463685.07862002,7,200:7
P0RES018-00442,XANUSDT,XAN,,2025-09-29 00:00:00 UTC,universe_onboard_date_midnight_proxy,2025-09-29,UNIVERSE_PIT,,,,not_matched_to_official_announcement,,False,,,,2025-09-29,2026-07-19,2026-06,2025-09-29,2025-10-28,2025-10-28,False,True,True,30,30,2,30,30,2,XANUSDT,30,,False,0,,,zero_base_new_asset,No Binance spot archive found in pre30 or near-listing probe window,30,2,30,True,True,True,True,False,,,,200:30,200:2,200:30,404:38,147186482.77906999,7,200:7
P0RES018-00443,EDENUSDT,EDEN,,2025-09-30 00:00:00 UTC,universe_onboard_date_midnight_proxy,2025-09-30,UNIVERSE_PIT,,,,not_matched_to_official_announcement,,False,,,,2025-09-30,2026-07-19,2026-06,2025-09-30,2025-10-29,2025-10-29,False,True,True,30,30,2,30,30,2,EDENUSDT,30,EDENUSDT,False,0,,2025-09-30,simultaneous_spot_perp,"Binance spot archive exists only within/near the pre-listing window, not full 30d",30,2,30,True,True,True,True,False,,,,200:30,200:2,200:30,200:8;404:30,275340438.20330000,7,200:7
P0RES018-00444,VFYUSDT,VFY,,2025-09-30 00:00:00 UTC,universe_onboard_date_midnight_proxy,2025-09-30,UNIVERSE_PIT,,,,not_matched_to_official_announcement,,True,2026-03-17 09:00:00 UTC,p0res010_delist_inventory,2026-03-17,2025-09-30,2026-07-19,2026-06,2025-09-30,2025-10-29,2025-10-29,False,True,True,30,30,2,30,30,2,VFYUSDT,30,,False,0,,,zero_base_new_asset,No Binance spot archive found in pre30 or near-listing probe window,30,2,30,True,True,True,True,False,,,,200:30,200:2,200:30,404:38,103831709.02564998,7,200:7
P0RES018-00445,NOMUSDT,NOM,,2025-10-01 00:00:00 UTC,universe_onboard_date_midnight_proxy,2025-10-01,UNIVERSE_PIT,,,,not_matched_to_official_announcement,,False,,,,2025-10-01,2026-07-19,2026-06,2025-10-01,2025-10-30,2025-10-30,False,True,True,30,30,1,30,30,1,NOMUSDT,30,NOMUSDT,False,0,,2025-10-01,simultaneous_spot_perp,"Binance spot archive exists only within/near the pre-listing window, not full 30d",29,1,30,False,True,True,False,False,2025-10-05,,,200:29;404:1,200:1,200:30,200:8;404:30,36664634.98914000,6,200:6;curl_exit_56:1
P0RES018-00446,TRUTHUSDT,TRUTH,,2025-10-01 00:00:00 UTC,universe_onboard_date_midnight_proxy,2025-10-01,UNIVERSE_PIT,,,,not_matched_to_official_announcement,,False,,,,2025-10-01,2026-07-19,2026-06,2025-10-01,2025-10-30,2025-10-30,False,True,True,30,30,1,30,30,1,TRUTHUSDT,30,,False,0,,,zero_base_new_asset,No Binance spot archive found in pre30 or near-listing probe window,30,1,30,True,True,True,True,False,,,,200:30,200:1,200:30,404:38,95975656.42589311,7,200:7
P0RES018-00447,2ZUSDT,2Z,,2025-10-02 00:00:00 UTC,universe_onboard_date_midnight_proxy,2025-10-02,UNIVERSE_PIT,,,,not_matched_to_official_announcement,,False,,,,2025-10-02,2026-07-19,2026-06,2025-10-02,2025-10-31,2025-10-31,False,True,True,30,30,1,30,30,1,2ZUSDT,30,2ZUSDT,False,0,,2025-10-02,simultaneous_spot_perp,"Binance spot archive exists only within/near the pre-listing window, not full 30d",30,1,30,True,True,True,True,False,,,,200:30,200:1,200:30,200:8;404:30,153627130.27517998,7,200:7
P0RES018-00448,EVAAUSDT,EVAA,,2025-10-03 00:00:00 UTC,universe_onboard_date_midnight_proxy,2025-10-03,UNIVERSE_PIT,,,,not_matched_to_official_announcement,,False,,,,2025-10-03,2026-07-19,2026-06,2025-10-03,2025-11-01,2025-11-01,False,True,True,30,30,2,30,30,2,EVAAUSDT,30,,False,0,,,zero_base_new_asset,No Binance spot archive found in pre30 or near-listing probe window,30,2,30,True,True,True,True,False,,,,200:30,200:2,200:30,404:38,162792305.19373006,7,200:7
P0RES018-00449,LYNUSDT,LYN,,2025-10-06 00:00:00 UTC,universe_onboard_date_midnight_proxy,2025-10-06,UNIVERSE_PIT,,,,not_matched_to_official_announcement,,False,,,,2025-10-06,2026-07-19,2026-06,2025-10-06,2025-11-04,2025-11-04,False,True,True,30,30,2,30,30,2,LYNUSDT,30,,False,0,,,zero_base_new_asset,No Binance spot archive found in pre30 or near-listing probe window,30,2,30,True,True,True,True,False,,,,200:30,200:2,200:30,404:38,107070400.24584000,7,200:7
P0RES018-00450,KGENUSDT,KGEN,,2025-10-07 00:00:00 UTC,universe_onboard_date_midnight_proxy,2025-10-07,UNIVERSE_PIT,,,,not_matched_to_official_announcement,,False,,,,2025-10-07,2026-07-19,2026-06,2025-10-07,2025-11-05,2025-11-05,False,True,True,30,30,2,30,30,2,KGENUSDT,30,,False,0,,,zero_base_new_asset,No Binance spot archive found in pre30 or near-listing probe window,30,2,30,True,True,True,True,False,,,,200:30,200:2,200:30,404:38,184876688.54081997,7,200:7
P0RES018-00451,4USDT,4,2025-10-08 10:01:16 UTC,2025-10-08 11:30:00 UTC,official_announcement_body,2025-10-08,UNIVERSE_PIT,Binance Futures Will Launch USDS-Margined 4USDT Perpetual Contract (2025-10-08),17fabba926004325b780c4d6883f0729,https://www.binance.com/en/support/announcement/17fabba926004325b780c4d6883f0729,ok,"Binance Futures Will Launch USDS-Margined 4USDT Perpetual Contract (2025-10-08) This is a general announcement. Products and services referred to here may not be available in your region. Fellow Binancians, To expand the list of trading choices offered on Binance Futures and enhance users’ trading experience, Binance Futures will launch the following perpetual contract(s) as below: 2025-10-08 11:30 (UTC): 4USDT Perpetual Contract with up to 50x leverage Please note that 4 ( LINK ) are already li",False,,,,2025-10-08,2026-07-19,2026-06,2025-10-08,2025-11-06,2025-11-06,False,True,True,30,30,2,30,30,2,4USDT,30,,False,0,,,zero_base_new_asset,No Binance spot archive found in pre30 or near-listing probe window,30,2,30,True,True,True,True,False,,,,200:30,200:2,200:30,404:38,525950406.80659997,7,200:7
P0RES018-00452,GIGGLEUSDT,GIGGLE,2025-10-09 08:23:03 UTC,2025-10-09 09:45:00 UTC,official_announcement_body,2025-10-09,UNIVERSE_PIT,Binance Futures Will Launch USDS-Margined GIGGLEUSDT Perpetual Contract (2025-10-09),8272526b66b042dfbfbd7b717f3d4490,https://www.binance.com/en/support/announcement/8272526b66b042dfbfbd7b717f3d4490,ok,"Binance Futures Will Launch USDS-Margined GIGGLEUSDT Perpetual Contract (2025-10-09) This is a general announcement. Products and services referred to here may not be available in your region. Fellow Binancians, To expand the list of trading choices offered on Binance Futures and enhance users’ trading experience, Binance Futures will launch the following perpetual contract(s) as below: 2025-10-09 09:45 (UTC): GIGGLEUSDT Perpetual Contract with up to 50x leverage Please note that GIGGLE ( LINK )",False,,,,2025-10-09,2026-07-19,2026-06,2025-10-09,2025-11-07,2025-11-07,False,True,True,30,30,2,30,30,2,GIGGLEUSDT,30,,False,0,,,zero_base_new_asset,No Binance spot archive found in pre30 or near-listing probe window,30,2,30,True,True,True,True,False,,,,200:30,200:2,200:30,404:38,247542284.48920003,7,200:7
P0RES018-00453,MONUSDT,MON,2025-10-10 06:45:01 UTC,2025-10-10 07:15:00 UTC,official_announcement_body,2025-10-10,UNIVERSE_PIT,Binance Futures Will Launch USDS-Margined MONUSDT Perpetual Contract Pre-Market Trading (2025-10-10),746d4c61e34e467b9d6b1fae02300360,https://www.binance.com/en/support/announcement/746d4c61e34e467b9d6b1fae02300360,ok,"Binance Futures Will Launch USDS-Margined MONUSDT Perpetual Contract Pre-Market Trading (2025-10-10) This is a general announcement. Products and services referred to here may not be available in your region. Fellow Binancians, To expand the list of trading choices offered on Binance Futures and to enhance users’ trading experience, Binance Futures will launch MONUSDT perpetual contract pre-market trading starting at 2025-10-10 07:15 (UTC) with up to 5x leverage. More details on the aforemention",False,,,,2025-10-10,2026-07-19,2026-06,2025-10-10,2025-11-08,2025-11-08,False,True,True,30,30,2,30,30,2,MONUSDT,30,,False,0,,,zero_base_new_asset,No Binance spot archive found in pre30 or near-listing probe window,30,2,30,True,True,True,True,False,,,,200:30,200:2,200:30,404:38,15151364.52883000,7,200:7
P0RES018-00454,YBUSDT,YB,2025-10-10 14:30:09 UTC,2025-10-10 14:45:00 UTC,official_announcement_body,2025-10-10,UNIVERSE_PIT,Binance Futures Will Launch USDS-Margined YBUSDT Perpetual Contract Pre-Market Trading (2025-10-10),820555baf29c42aabb844fb611091d38,https://www.binance.com/en/support/announcement/820555baf29c42aabb844fb611091d38,ok,"Binance Futures Will Launch USDS-Margined YBUSDT Perpetual Contract Pre-Market Trading (2025-10-10) This is a general announcement. Products and services referred to here may not be available in your region. Fellow Binancians, To expand the list of trading choices offered on Binance Futures and to enhance users’ trading experience, Binance Futures will launch YBUSDT perpetual contract pre-market trading starting at 2025-10-10 14:45 (UTC) with up to 5x leverage. More details on the aforementioned",False,,,,2025-10-10,2026-07-19,2026-06,2025-10-10,2025-11-08,2025-11-08,False,True,True,30,30,2,30,30,2,YBUSDT,30,YBUSDT,False,0,,2025-10-15,simultaneous_spot_perp,"Binance spot archive exists only within/near the pre-listing window, not full 30d",30,2,30,True,True,True,True,False,,,,200:30,200:2,200:30,200:3;404:35,102323641.55579999,7,200:7
P0RES018-00455,METUSDT,MET,2025-10-11 12:02:13 UTC,2025-10-11 12:30:00 UTC,official_announcement_body,2025-10-11,UNIVERSE_PIT,Binance Futures Will Launch USDS-Margined METUSDT Perpetual Contract Pre-Market Trading (2025-10-11),1122eaa3253440cbbb27dedc31f87b22,https://www.binance.com/en/support/announcement/1122eaa3253440cbbb27dedc31f87b22,ok,"Binance Futures Will Launch USDS-Margined METUSDT Perpetual Contract Pre-Market Trading (2025-10-11) This is a general announcement. Products and services referred to here may not be available in your region. Fellow Binancians, To expand the list of trading choices offered on Binance Futures and to enhance users’ trading experience, Binance Futures will launch METUSDT perpetual contract pre-market trading starting at 2025-10-11 12:30 (UTC) with up to 5x leverage. More details on the aforemention",False,,,,2025-10-11,2026-07-19,2026-06,2025-10-11,2025-11-09,2025-11-09,False,True,True,30,30,2,30,30,2,METUSDT,30,,False,0,,,zero_base_new_asset,No Binance spot archive found in pre30 or near-listing probe window,30,2,30,True,True,True,True,False,,,,200:30,200:2,200:30,404:38,30166448.17900000,7,200:7
P0RES018-00456,EULUSDT,EUL,,2025-10-13 00:00:00 UTC,universe_onboard_date_midnight_proxy,2025-10-13,UNIVERSE_PIT,,,,not_matched_to_official_announcement,,False,,,,2025-10-13,2026-07-19,2026-06,2025-10-13,2025-11-11,2025-11-11,False,True,True,30,30,2,30,30,2,EULUSDT,30,EULUSDT,False,0,,2025-10-13,simultaneous_spot_perp,"Binance spot archive exists only within/near the pre-listing window, not full 30d",30,2,30,True,True,True,True,False,,,,200:30,200:2,200:30,200:8;404:30,45084645.41689999,7,200:7
P0RES018-00457,CLOUSDT,CLO,,2025-10-14 00:00:00 UTC,universe_onboard_date_midnight_proxy,2025-10-14,UNIVERSE_PIT,,,,not_matched_to_official_announcement,,False,,,,2025-10-14,2026-07-19,2026-06,2025-10-14,2025-11-12,2025-11-12,False,True,True,30,30,2,30,30,2,CLOUSDT,30,,False,0,,,zero_base_new_asset,No Binance spot archive found in pre30 or near-listing probe window,30,2,30,True,True,True,True,False,,,,200:30,200:2,200:30,404:38,268773973.99711007,7,200:7
P0RES018-00458,ENSOUSDT,ENSO,,2025-10-14 00:00:00 UTC,universe_onboard_date_midnight_proxy,2025-10-14,UNIVERSE_PIT,,,,not_matched_to_official_announcement,,False,,,,2025-10-14,2026-07-19,2026-06,2025-10-14,2025-11-12,2025-11-12,False,True,True,30,30,2,30,30,2,ENSOUSDT,30,ENSOUSDT,False,0,,2025-10-14,simultaneous_spot_perp,"Binance spot archive exists only within/near the pre-listing window, not full 30d",30,2,30,True,True,True,True,False,,,,200:30,200:2,200:30,200:8;404:30,66256712.38860001,7,200:7
P0RES018-00459,RECALLUSDT,RECALL,,2025-10-15 00:00:00 UTC,universe_onboard_date_midnight_proxy,2025-10-15,UNIVERSE_PIT,,,,not_matched_to_official_announcement,,False,,,,2025-10-15,2026-07-19,2026-06,2025-10-15,2025-11-13,2025-11-13,False,True,True,30,30,2,30,30,2,RECALLUSDT,30,,False,0,,,zero_base_new_asset,No Binance spot archive found in pre30 or near-listing probe window,30,2,30,True,True,True,True,False,,,,200:30,200:2,200:30,404:38,208383409.87424999,7,200:7
P0RES018-00460,LABUSDT,LAB,2025-10-17 12:58:48 UTC,2025-10-17 14:30:00 UTC,official_announcement_body,2025-10-17,UNIVERSE_PIT,Binance Futures Will Launch USDS-Margined LABUSDT and RIVERUSDT Perpetual Contracts (2025-10-17),b7c479f8dfa64156a34e8bcefc241732,https://www.binance.com/en/support/announcement/b7c479f8dfa64156a34e8bcefc241732,ok,"Binance Futures Will Launch USDS-Margined LABUSDT and RIVERUSDT Perpetual Contracts (2025-10-17) This is a general announcement. Products and services referred to here may not be available in your region. Fellow Binancians, To expand the list of trading choices offered on Binance Futures and enhance users’ trading experience, Binance Futures will launch the following perpetual contract(s) as below: 2025-10-17 14:30 (UTC): LABUSDT Perpetual Contract with up to 50x leverage 2025-10-17 14:45 (UTC):",False,,,,2025-10-17,2026-07-19,2026-06,2025-10-17,2025-11-15,2025-11-15,False,True,True,30,30,2,30,30,2,LABUSDT,30,,False,0,,,zero_base_new_asset,No Binance spot archive found in pre30 or near-listing probe window,30,2,30,True,True,True,True,False,,,,200:30,200:2,200:30,404:38,113971377.30902001,7,200:7
P0RES018-00461,RIVERUSDT,RIVER,2025-10-17 12:58:48 UTC,2025-10-17 14:45:00 UTC,official_announcement_body,2025-10-17,UNIVERSE_PIT,Binance Futures Will Launch USDS-Margined LABUSDT and RIVERUSDT Perpetual Contracts (2025-10-17),b7c479f8dfa64156a34e8bcefc241732,https://www.binance.com/en/support/announcement/b7c479f8dfa64156a34e8bcefc241732,ok,"Binance Futures Will Launch USDS-Margined LABUSDT and RIVERUSDT Perpetual Contracts (2025-10-17) This is a general announcement. Products and services referred to here may not be available in your region. Fellow Binancians, To expand the list of trading choices offered on Binance Futures and enhance users’ trading experience, Binance Futures will launch the following perpetual contract(s) as below: 2025-10-17 14:30 (UTC): LABUSDT Perpetual Contract with up to 50x leverage 2025-10-17 14:45 (UTC):",False,,,,2025-10-17,2026-07-19,2026-06,2025-10-17,2025-11-15,2025-11-15,False,True,True,30,30,2,30,30,2,RIVERUSDT,30,,False,0,,,zero_base_new_asset,No Binance spot archive found in pre30 or near-listing probe window,30,2,30,True,True,True,True,False,,,,200:30,200:2,200:30,404:38,182410808.50709996,7,200:7
P0RES018-00462,ZBTUSDT,ZBT,,2025-10-17 00:00:00 UTC,universe_onboard_date_midnight_proxy,2025-10-17,UNIVERSE_PIT,,,,not_matched_to_official_announcement,,False,,,,2025-10-17,2026-07-19,2026-06,2025-10-17,2025-11-15,2025-11-15,False,True,True,30,30,2,30,30,2,ZBTUSDT,30,ZBTUSDT,False,0,,2025-10-17,simultaneous_spot_perp,"Binance spot archive exists only within/near the pre-listing window, not full 30d",30,2,30,True,True,True,True,False,,,,200:30,200:2,200:30,200:8;404:30,120974665.07280003,7,200:7
P0RES018-00463,RVVUSDT,RVV,,2025-10-18 00:00:00 UTC,universe_onboard_date_midnight_proxy,2025-10-18,UNIVERSE_PIT,,,,not_matched_to_official_announcement,,True,2026-02-10 00:00:00 UTC,UNIVERSE_PIT_delist_date_midnight_proxy,2026-02-10,2025-10-18,2026-07-19,2026-06,2025-10-18,2025-11-16,2025-11-16,False,True,True,30,30,2,30,30,2,RVVUSDT,30,,False,0,,,zero_base_new_asset,No Binance spot archive found in pre30 or near-listing probe window,30,2,30,True,True,True,True,False,,,,200:30,200:2,200:30,404:38,185891555.31389600,7,200:7
P0RES018-00464,币安人生USDT,币安人生,,2025-10-20 00:00:00 UTC,universe_onboard_date_midnight_proxy,2025-10-20,UNIVERSE_PIT,,,,not_matched_to_official_announcement,,False,,,,2025-10-20,2026-07-19,2026-06,2025-10-20,2025-11-18,2025-11-18,False,True,True,30,30,2,30,30,2,币安人生USDT,30,,False,0,,,zero_base_new_asset,No Binance spot archive found in pre30 or near-listing probe window,30,2,30,True,True,True,True,False,,,,200:30,200:2,200:30,404:38,363739966.27029002,7,200:7
P0RES018-00465,BLUAIUSDT,BLUAI,,2025-10-21 00:00:00 UTC,universe_onboard_date_midnight_proxy,2025-10-21,UNIVERSE_PIT,,,,not_matched_to_official_announcement,,False,,,,2025-10-21,2026-07-19,2026-06,2025-10-21,2025-11-19,2025-11-19,False,True,True,30,30,2,30,30,2,BLUAIUSDT,30,,False,0,,,zero_base_new_asset,No Binance spot archive found in pre30 or near-listing probe window,30,2,30,True,True,True,True,False,,,,200:30,200:2,200:30,404:38,105697644.45283999,7,200:7
P0RES018-00466,TURTLEUSDT,TURTLE,,2025-10-22 00:00:00 UTC,universe_onboard_date_midnight_proxy,2025-10-22,UNIVERSE_PIT,,,,not_matched_to_official_announcement,,False,,,,2025-10-22,2026-07-19,2026-06,2025-10-22,2025-11-20,2025-11-20,False,True,True,30,30,2,30,30,2,TURTLEUSDT,30,TURTLEUSDT,False,0,,2025-10-22,simultaneous_spot_perp,"Binance spot archive exists only within/near the pre-listing window, not full 30d",30,2,30,True,True,True,True,False,,,,200:30,200:2,200:30,200:8;404:30,140359039.34729999,7,200:7
P0RES018-00467,APRUSDT,APR,,2025-10-23 00:00:00 UTC,universe_onboard_date_midnight_proxy,2025-10-23,UNIVERSE_PIT,,,,not_matched_to_official_announcement,,False,,,,2025-10-23,2026-07-19,2026-06,2025-10-23,2025-11-21,2025-11-21,False,True,True,30,30,2,30,30,2,APRUSDT,30,,False,0,,,zero_base_new_asset,No Binance spot archive found in pre30 or near-listing probe window,30,2,30,True,True,True,True,False,,,,200:30,200:2,200:30,404:38,161425857.31049001,7,200:7
P0RES018-00468,ONUSDT,ON,,2025-10-24 00:00:00 UTC,universe_onboard_date_midnight_proxy,2025-10-24,UNIVERSE_PIT,,,,not_matched_to_official_announcement,,False,,,,2025-10-24,2026-07-19,2026-06,2025-10-24,2025-11-22,2025-11-22,False,True,True,30,30,2,30,30,2,ONUSDT,30,,False,0,,,zero_base_new_asset,No Binance spot archive found in pre30 or near-listing probe window,30,2,30,True,True,True,True,False,,,,200:30,200:2,200:30,404:38,42437538.11932000,7,200:7
P0RES018-00469,42USDT,42,,2025-10-27 00:00:00 UTC,universe_onboard_date_midnight_proxy,2025-10-27,UNIVERSE_PIT,,,,not_matched_to_official_announcement,,True,2026-01-30 09:00:00 UTC,p0res010_delist_inventory,2026-01-30,2025-10-27,2026-07-19,2026-06,2025-10-27,2025-11-25,2025-11-25,False,True,True,30,30,2,30,30,2,42USDT,30,,False,0,,,zero_base_new_asset,No Binance spot archive found in pre30 or near-listing probe window,30,2,30,True,True,True,True,False,,,,200:30,200:2,200:30,404:38,71536879.53149000,7,200:7
P0RES018-00470,COMMONUSDT,COMMON,,2025-10-27 00:00:00 UTC,universe_onboard_date_midnight_proxy,2025-10-27,UNIVERSE_PIT,,,,not_matched_to_official_announcement,,True,2026-01-30 09:00:00 UTC,p0res010_delist_inventory,2026-01-30,2025-10-27,2026-07-19,2026-06,2025-10-27,2025-11-25,2025-11-25,False,True,True,30,30,2,30,30,2,COMMONUSDT,30,,False,0,,,zero_base_new_asset,No Binance spot archive found in pre30 or near-listing probe window,30,2,30,True,True,True,True,False,,,,200:30,200:2,200:30,404:38,119184862.69431300,7,200:7
P0RES018-00471,ATUSDT,AT,2025-10-29 09:36:15 UTC,2025-10-29 11:30:00 UTC,official_announcement_body,2025-10-29,UNIVERSE_PIT,Binance Futures Will Launch USDS-Margined ATUSDT Perpetual Contract (2025-10-29),eedd30f534f94583b64db6ba7f375ac0,https://www.binance.com/en/support/announcement/eedd30f534f94583b64db6ba7f375ac0,ok,"Binance Futures Will Launch USDS-Margined ATUSDT Perpetual Contract (2025-10-29) This is a general announcement. Products and services referred to here may not be available in your region. Fellow Binancians, To expand the list of trading choices offered on Binance Futures and enhance users’ trading experience, Binance Futures will launch the following perpetual contract(s) as below: 2025-10-29 11:30 (UTC): ATUSDT Perpetual Contract with up to 50x leverage Please note that AT ( LINK ) is already ",False,,,,2025-10-29,2026-07-19,2026-06,2025-10-29,2025-11-27,2025-11-27,False,True,True,30,30,2,30,30,2,ATUSDT,30,,False,0,,,zero_base_new_asset,No Binance spot archive found in pre30 or near-listing probe window,30,2,30,True,True,True,True,False,,,,200:30,200:2,200:30,404:38,88959940.61800002,7,200:7
P0RES018-00472,KITEUSDT,KITE,2025-10-29 10:14:28 UTC,2025-10-29 10:30:00 UTC,official_announcement_body,2025-10-29,UNIVERSE_PIT,Binance Futures Will Launch USDS-Margined KITEUSDT Perpetual Contract Pre-Market Trading (2025-10-29),1567607937b44c5d924c4ab0c7010658,https://www.binance.com/en/support/announcement/1567607937b44c5d924c4ab0c7010658,ok,"Binance Futures Will Launch USDS-Margined KITEUSDT Perpetual Contract Pre-Market Trading (2025-10-29) This is a general announcement. Products and services referred to here may not be available in your region. Fellow Binancians, To expand the list of trading choices offered on Binance Futures and to enhance users’ trading experience, Binance Futures will launch KITEUSDT perpetual contract pre-market trading starting at 2025-10-29 10:30 (UTC) with up to 5x leverage. More details on the aforementi",False,,,,2025-10-29,2026-07-19,2026-06,2025-10-29,2025-11-27,2025-11-27,False,True,True,30,30,2,30,30,2,KITEUSDT,30,KITEUSDT,False,0,,2025-11-03,simultaneous_spot_perp,"Binance spot archive exists only within/near the pre-listing window, not full 30d",30,2,30,True,True,True,True,False,,,,200:30,200:2,200:30,200:3;404:35,369202610.67552000,7,200:7
P0RES018-00473,CCUSDT,CC,2025-10-31 11:45:03 UTC,2025-10-31 12:00:00 UTC,official_announcement_body,2025-10-31,UNIVERSE_PIT,Binance Futures Will Launch USDS-Margined CCUSDT Perpetual Contract Pre-Market Trading (2025-10-31),75b473baa0db499ca39cb1a40dba1b7b,https://www.binance.com/en/support/announcement/75b473baa0db499ca39cb1a40dba1b7b,ok,"Binance Futures Will Launch USDS-Margined CCUSDT Perpetual Contract Pre-Market Trading (2025-10-31) This is a general announcement. Products and services referred to here may not be available in your region. Fellow Binancians, To expand the list of trading choices offered on Binance Futures and to enhance users’ trading experience, Binance Futures will launch CCUSDT perpetual contract pre-market trading starting at 2025-10-31 12:00 (UTC) with up to 5x leverage. More details on the aforementioned",False,,,,2025-10-31,2026-07-19,2026-06,2025-10-31,2025-11-29,2025-11-29,False,True,True,30,30,2,30,30,2,CCUSDT,30,,False,0,,,zero_base_new_asset,No Binance spot archive found in pre30 or near-listing probe window,30,2,30,True,True,True,True,False,,,,200:30,200:2,200:30,404:38,31198932.89728000,7,200:7
P0RES018-00474,MMTUSDT,MMT,,2025-11-04 00:00:00 UTC,universe_onboard_date_midnight_proxy,2025-11-04,UNIVERSE_PIT,,,,not_matched_to_official_announcement,,False,,,,2025-11-04,2026-07-19,2026-06,2025-11-04,2025-12-03,2025-12-03,False,True,True,30,30,2,30,30,2,MMTUSDT,30,MMTUSDT,False,0,,2025-11-04,simultaneous_spot_perp,"Binance spot archive exists only within/near the pre-listing window, not full 30d",30,2,30,True,True,True,True,False,,,,200:30,200:2,200:30,200:8;404:30,555591252.49520004,7,200:7
P0RES018-00475,TRUSTUSDT,TRUST,,2025-11-05 00:00:00 UTC,universe_onboard_date_midnight_proxy,2025-11-05,UNIVERSE_PIT,,,,not_matched_to_official_announcement,,False,,,,2025-11-05,2026-07-19,2026-06,2025-11-05,2025-12-04,2025-12-04,False,True,True,30,30,2,30,30,2,TRUSTUSDT,30,,False,0,,,zero_base_new_asset,No Binance spot archive found in pre30 or near-listing probe window,30,2,30,True,True,True,True,False,,,,200:30,200:2,200:30,404:38,76175875.68750000,7,200:7
P0RES018-00476,FOLKSUSDT,FOLKS,,2025-11-06 00:00:00 UTC,universe_onboard_date_midnight_proxy,2025-11-06,UNIVERSE_PIT,,,,not_matched_to_official_announcement,,False,,,,2025-11-06,2026-07-19,2026-06,2025-11-06,2025-12-05,2025-12-05,False,True,True,30,30,2,30,30,2,FOLKSUSDT,30,,False,0,,,zero_base_new_asset,No Binance spot archive found in pre30 or near-listing probe window,30,2,30,True,True,True,True,False,,,,200:30,200:2,200:30,404:38,156832597.81410000,7,200:7
P0RES018-00477,STABLEUSDT,STABLE,2025-11-06 11:44:34 UTC,2025-11-06 12:00:00 UTC,official_announcement_body,2025-11-06,UNIVERSE_PIT,Binance Futures Will Launch USDS-Margined STABLEUSDT Perpetual Contract Pre-Market Trading (2025-11-06),6d4f42086ec1430eaf505f8e6bcf4127,https://www.binance.com/en/support/announcement/6d4f42086ec1430eaf505f8e6bcf4127,ok,"Binance Futures Will Launch USDS-Margined STABLEUSDT Perpetual Contract Pre-Market Trading (2025-11-06) This is a general announcement. Products and services referred to here may not be available in your region. Fellow Binancians, To expand the list of trading choices offered on Binance Futures and to enhance users’ trading experience, Binance Futures will launch STABLEUSDT perpetual contract pre-market trading starting at 2025-11-06 12:00 (UTC) with up to 5x leverage. More details on the aforem",False,,,,2025-11-06,2026-07-19,2026-06,2025-11-06,2025-12-05,2025-12-05,False,True,True,30,30,2,30,30,2,STABLEUSDT,30,,False,0,,,zero_base_new_asset,No Binance spot archive found in pre30 or near-listing probe window,30,2,30,True,True,True,True,False,,,,200:30,200:2,200:30,404:38,27598555.66002001,7,200:7
P0RES018-00478,UAIUSDT,UAI,,2025-11-06 00:00:00 UTC,universe_onboard_date_midnight_proxy,2025-11-06,UNIVERSE_PIT,,,,not_matched_to_official_announcement,,False,,,,2025-11-06,2026-07-19,2026-06,2025-11-06,2025-12-05,2025-12-05,False,True,True,30,30,2,30,30,2,UAIUSDT,30,,False,0,,,zero_base_new_asset,No Binance spot archive found in pre30 or near-listing probe window,30,2,30,True,True,True,True,False,,,,200:30,200:2,200:30,404:38,296517296.24960005,7,200:7
P0RES018-00479,JCTUSDT,JCT,,2025-11-10 00:00:00 UTC,universe_onboard_date_midnight_proxy,2025-11-10,UNIVERSE_PIT,,,,not_matched_to_official_announcement,,False,,,,2025-11-10,2026-07-19,2026-06,2025-11-10,2025-12-09,2025-12-09,False,True,True,30,30,2,30,30,2,JCTUSDT,30,,False,0,,,zero_base_new_asset,No Binance spot archive found in pre30 or near-listing probe window,30,2,30,True,True,True,True,False,,,,200:30,200:2,200:30,404:38,188899427.49227500,7,200:7
P0RES018-00480,ALLOUSDT,ALLO,,2025-11-11 00:00:00 UTC,universe_onboard_date_midnight_proxy,2025-11-11,UNIVERSE_PIT,,,,not_matched_to_official_announcement,,False,,,,2025-11-11,2026-07-19,2026-06,2025-11-11,2025-12-10,2025-12-10,False,True,True,30,30,2,30,30,2,ALLOUSDT,30,ALLOUSDT,False,0,,2025-11-11,simultaneous_spot_perp,"Binance spot archive exists only within/near the pre-listing window, not full 30d",30,2,30,True,True,True,True,False,,,,200:30,200:2,200:30,200:8;404:30,219330302.78290001,7,200:7
P0RES018-00481,BEATUSDT,BEAT,2025-11-12 10:15:39 UTC,2025-11-12 12:15:00 UTC,official_announcement_body,2025-11-12,UNIVERSE_PIT,Binance Futures Will Launch USDS-Margined CLANKERUSDT and BEATUSDT Perpetual Contracts (2025-11-12),15f01e2861ac46e2b698212cb220f4d7,https://www.binance.com/en/support/announcement/15f01e2861ac46e2b698212cb220f4d7,ok,"Binance Futures Will Launch USDS-Margined CLANKERUSDT and BEATUSDT Perpetual Contracts (2025-11-12) This is a general announcement. Products and services referred to here may not be available in your region. Fellow Binancians, To expand the list of trading choices offered on Binance Futures and enhance users’ trading experience, Binance Futures will launch the following perpetual contract(s) as below: 2025-11-12 12:00 (UTC): CLANKERUSDT Perpetual Contract with up to 50x leverage 2025-11-12 12:15",False,,,,2025-11-12,2026-07-19,2026-06,2025-11-12,2025-12-11,2025-12-11,False,True,True,30,30,2,30,30,2,BEATUSDT,30,,False,0,,,zero_base_new_asset,No Binance spot archive found in pre30 or near-listing probe window,30,2,30,True,True,True,True,False,,,,200:30,200:2,200:30,404:38,308886725.23040992,7,200:7
P0RES018-00482,CLANKERUSDT,CLANKER,2025-11-12 10:15:39 UTC,2025-11-12 12:00:00 UTC,official_announcement_body,2025-11-12,UNIVERSE_PIT,Binance Futures Will Launch USDS-Margined CLANKERUSDT and BEATUSDT Perpetual Contracts (2025-11-12),15f01e2861ac46e2b698212cb220f4d7,https://www.binance.com/en/support/announcement/15f01e2861ac46e2b698212cb220f4d7,ok,"Binance Futures Will Launch USDS-Margined CLANKERUSDT and BEATUSDT Perpetual Contracts (2025-11-12) This is a general announcement. Products and services referred to here may not be available in your region. Fellow Binancians, To expand the list of trading choices offered on Binance Futures and enhance users’ trading experience, Binance Futures will launch the following perpetual contract(s) as below: 2025-11-12 12:00 (UTC): CLANKERUSDT Perpetual Contract with up to 50x leverage 2025-11-12 12:15",False,,,,2025-11-12,2026-07-19,2026-06,2025-11-12,2025-12-11,2025-12-11,False,True,True,30,30,2,30,30,2,CLANKERUSDT,30,,False,0,,,zero_base_new_asset,No Binance spot archive found in pre30 or near-listing probe window,30,2,30,True,True,True,True,False,,,,200:30,200:2,200:30,404:38,32712658.96370000,7,200:7
P0RES018-00483,PIEVERSEUSDT,PIEVERSE,,2025-11-14 00:00:00 UTC,universe_onboard_date_midnight_proxy,2025-11-14,UNIVERSE_PIT,,,,not_matched_to_official_announcement,,False,,,,2025-11-14,2026-07-19,2026-06,2025-11-14,2025-12-13,2025-12-13,False,True,True,30,30,2,30,30,2,PIEVERSEUSDT,30,,False,0,,,zero_base_new_asset,No Binance spot archive found in pre30 or near-listing probe window,30,2,30,True,True,True,True,False,,,,200:30,200:2,200:30,404:38,338177698.74409992,7,200:7
P0RES018-00484,SENTUSDT,SENT,2025-11-14 12:30:09 UTC,2025-11-14 12:45:00 UTC,official_announcement_body,2025-11-14,UNIVERSE_PIT,Binance Futures Will Launch USDS-Margined SENTUSDT Perpetual Contract Pre-Market Trading (2025-11-14),fb2efc4fe76842f4a3eec950ca62b13e,https://www.binance.com/en/support/announcement/fb2efc4fe76842f4a3eec950ca62b13e,ok,"Binance Futures Will Launch USDS-Margined SENTUSDT Perpetual Contract Pre-Market Trading (2025-11-14) This is a general announcement. Products and services referred to here may not be available in your region. Fellow Binancians, To expand the list of trading choices offered on Binance Futures and to enhance users’ trading experience, Binance Futures will launch SENTUSDT perpetual contract pre-market trading starting at 2025-11-14 12:45 (UTC) with up to 5x leverage. More details on the aforementi",False,,,,2025-11-14,2026-07-19,2026-06,2025-11-14,2025-12-13,2025-12-13,False,True,True,30,30,2,30,30,2,SENTUSDT,30,,False,0,,,zero_base_new_asset,No Binance spot archive found in pre30 or near-listing probe window,30,2,30,True,True,True,True,False,,,,200:30,200:2,200:30,404:38,34016626.03670001,7,200:7
P0RES018-00485,ZECUSDC,ZEC,2025-11-19 07:30:07 UTC,2025-11-19 10:30:00 UTC,official_announcement_body,,official_announcement_only_not_in_local_UNIVERSE_PIT,Binance Futures Will Launch USDS-Margined ZECUSDC Perpetual Contract (2025-11-19),52213e5c80294723989f82c812937bbe,https://www.binance.com/en/support/announcement/52213e5c80294723989f82c812937bbe,ok,"Binance Futures Will Launch USDS-Margined ZECUSDC Perpetual Contract (2025-11-19) This is a general announcement. Products and services referred to here may not be available in your region. Fellow Binancians, To expand the list of trading choices offered on Binance Futures and enhance users’ trading experience, Binance Futures will launch the following perpetual contract(s) as below: 2025-11-19 10:30 (UTC): ZECUSDC Perpetual Contract with up to 75x leverage More details on the aforementioned per",False,,,,2025-11-19,2026-07-19,2026-06,2025-11-19,2025-12-18,2025-12-18,False,True,True,30,30,2,30,30,2,ZECUSDT,30,ZECUSDT,True,30,,2025-11-19,existing_spot_then_perp,Binance spot 1h daily archive complete for 30 calendar days before perp listing,30,2,30,True,True,True,True,True,,,,200:30,200:2,200:30,200:38,94525134.12792999,7,200:7
P0RES018-00486,BOBUSDT,BOB,2025-11-21 09:28:51 UTC,2025-11-21 10:45:00 UTC,official_announcement_body,2025-11-21,UNIVERSE_PIT,Binance Futures Will Launch USDS-Margined BOBUSDT Perpetual Contract (2025-11-21),36c4f838c82b4f81920d5adc958d9a53,https://www.binance.com/en/support/announcement/36c4f838c82b4f81920d5adc958d9a53,ok,"Binance Futures Will Launch USDS-Margined BOBUSDT Perpetual Contract (2025-11-21) This is a general announcement. Products and services referred to here may not be available in your region. Fellow Binancians, To expand the list of trading choices offered on Binance Futures and enhance users’ trading experience, Binance Futures will launch the following perpetual contract(s) as below: 2025-11-21 10:45 (UTC): BOBUSDT Perpetual Contract with up to 20x leverage Please note that BOB ( LINK ) is alrea",True,2026-04-28 09:00:00 UTC,p0res010_delist_inventory,2026-04-28,2025-11-21,2026-07-19,2026-06,2025-11-21,2025-12-20,2025-12-20,False,True,True,30,30,2,30,30,2,BOBUSDT,30,,False,0,,,zero_base_new_asset,No Binance spot archive found in pre30 or near-listing probe window,30,2,30,True,True,True,True,False,,,,200:30,200:2,200:30,404:38,54935612.65137500,7,200:7
P0RES018-00487,IRYSUSDT,IRYS,2025-11-26 14:43:56 UTC,2025-11-26 16:00:00 UTC,official_announcement_body,2025-11-26,UNIVERSE_PIT,Binance Futures Will Launch USDS-Margined IRYSUSDT Perpetual Contract (2025-11-26),302095391f0f43c0a6d206b3a10c4e78,https://www.binance.com/en/support/announcement/302095391f0f43c0a6d206b3a10c4e78,ok,"Binance Futures Will Launch USDS-Margined IRYSUSDT Perpetual Contract (2025-11-26) This is a general announcement. Products and services referred to here may not be available in your region. Fellow Binancians, To expand the list of trading choices offered on Binance Futures and enhance users’ trading experience, Binance Futures will launch the following perpetual contract(s) as below: 2025-11-26 16:00 (UTC): IRYSUSDT Perpetual Contract with up to 20x leverage More details on the aforementioned p",False,,,,2025-11-26,2026-07-19,2026-06,2025-11-26,2025-12-25,2025-12-25,False,True,True,30,30,2,30,30,2,IRYSUSDT,30,,False,0,,,zero_base_new_asset,No Binance spot archive found in pre30 or near-listing probe window,30,2,30,True,True,True,True,False,,,,200:30,200:2,200:30,404:38,108553873.50209501,7,200:7
P0RES018-00488,RLSUSDT,RLS,2025-12-02 08:43:20 UTC,2025-12-02 10:00:00 UTC,official_announcement_body,2025-12-02,UNIVERSE_PIT,Binance Futures Will Launch USDS-Margined RLSUSDT Perpetual Contract (2025-12-02),76379c0d6b7f4fc4861a734db668803a,https://www.binance.com/en/support/announcement/76379c0d6b7f4fc4861a734db668803a,ok,"Binance Futures Will Launch USDS-Margined RLSUSDT Perpetual Contract (2025-12-02) This is a general announcement. Products and services referred to here may not be available in your region. Fellow Binancians, To expand the list of trading choices offered on Binance Futures and enhance users’ trading experience, Binance Futures will launch the following perpetual contract(s) as below: 2025-12-02 10:00 (UTC): RLSUSDT Perpetual Contract with up to 20x leverage More details on the aforementioned per",True,2026-04-08 09:00:00 UTC,p0res010_delist_inventory,2026-04-08,2025-12-02,2026-07-19,2026-06,2025-12-02,2025-12-31,2025-12-31,False,True,True,30,30,1,30,30,1,RLSUSDT,30,,False,0,,,zero_base_new_asset,No Binance spot archive found in pre30 or near-listing probe window,30,1,30,True,True,True,True,False,,,,200:30,200:1,200:30,404:38,86334186.72828798,7,200:7
P0RES018-00489,POWERUSDT,POWER,2025-12-06 07:40:14 UTC,2025-12-06 09:00:00 UTC,official_announcement_body,2025-12-06,UNIVERSE_PIT,Binance Futures Will Launch USDS-Margined POWERUSDT Perpetual Contract (2025-12-06),97c003f1e70f497e98f606ae8b3f1822,https://www.binance.com/en/support/announcement/97c003f1e70f497e98f606ae8b3f1822,ok,"Binance Futures Will Launch USDS-Margined POWERUSDT Perpetual Contract (2025-12-06) This is a general announcement. Products and services referred to here may not be available in your region. Fellow Binancians, To expand the list of trading choices offered on Binance Futures and enhance users’ trading experience, Binance Futures will launch the following perpetual contract(s) as below: 2025-12-06 09:00 (UTC): POWERUSDT Perpetual Contract with up to 20x leverage More details on the aforementioned",False,,,,2025-12-06,2026-07-19,2026-06,2025-12-06,2026-01-04,2026-01-04,False,True,True,30,30,2,30,30,2,POWERUSDT,30,,False,0,,,zero_base_new_asset,No Binance spot archive found in pre30 or near-listing probe window,30,2,30,True,True,True,True,False,,,,200:30,200:2,200:30,404:38,147649963.31195995,7,200:7
P0RES018-00490,NIGHTUSDT,NIGHT,2025-12-10 09:44:29 UTC,2025-12-10 11:00:00 UTC,official_announcement_body,2025-12-10,UNIVERSE_PIT,Binance Futures Will Launch USDS-Margined NIGHTUSDT Perpetual Contract (2025-12-10),675d519f99d34af29b4225a70a7995fa,https://www.binance.com/en/support/announcement/675d519f99d34af29b4225a70a7995fa,ok,"Binance Futures Will Launch USDS-Margined NIGHTUSDT Perpetual Contract (2025-12-10) This is a general announcement. Products and services referred to here may not be available in your region. Fellow Binancians, To expand the list of trading choices offered on Binance Futures and enhance users’ trading experience, Binance Futures will launch the following perpetual contract(s) as below: 2025-12-10 11:00 (UTC): NIGHTUSDT Perpetual Contract with up to 50x leverage More details on the aforementioned",False,,,,2025-12-10,2026-07-19,2026-06,2025-12-10,2026-01-08,2026-01-08,False,True,True,30,30,2,30,30,2,NIGHTUSDT,30,,False,0,,,zero_base_new_asset,No Binance spot archive found in pre30 or near-listing probe window,30,2,30,True,True,True,True,False,,,,200:30,200:2,200:30,404:38,334468999.29922992,7,200:7
P0RES018-00491,WETUSDT,WET,2025-12-10 05:45:14 UTC,2025-12-10 07:00:00 UTC,official_announcement_body,2025-12-10,UNIVERSE_PIT,Binance Futures Will Launch USDS-Margined WETUSDT Perpetual Contract (2025-12-10),070db7effe984b69bd4bf2240cee4487,https://www.binance.com/en/support/announcement/070db7effe984b69bd4bf2240cee4487,ok,"Binance Futures Will Launch USDS-Margined WETUSDT Perpetual Contract (2025-12-10) This is a general announcement. Products and services referred to here may not be available in your region. Fellow Binancians, To expand the list of trading choices offered on Binance Futures and enhance users’ trading experience, Binance Futures will launch the following perpetual contract(s) as below: 2025-12-10 07:00 (UTC): WETUSDT Perpetual Contract with up to 50x leverage More details on the aforementioned per",False,,,,2025-12-10,2026-07-19,2026-06,2025-12-10,2026-01-08,2026-01-08,False,True,True,30,30,2,30,30,2,WETUSDT,30,,False,0,,,zero_base_new_asset,No Binance spot archive found in pre30 or near-listing probe window,30,2,30,True,True,True,True,False,,,,200:30,200:2,200:30,404:38,159781407.82286999,7,200:7
P0RES018-00492,CYSUSDT,CYS,2025-12-12 09:17:28 UTC,2025-12-12 11:00:00 UTC,official_announcement_body,2025-12-12,UNIVERSE_PIT,Binance Futures Will Launch USDS-Margined USUSDT and CYSUSDT Perpetual Contracts (2025-12-12),5fa5a39fec7044838d4aad92e9cf13fe,https://www.binance.com/en/support/announcement/5fa5a39fec7044838d4aad92e9cf13fe,ok,"Binance Futures Will Launch USDS-Margined USUSDT and CYSUSDT Perpetual Contracts (2025-12-12) This is a general announcement. Products and services referred to here may not be available in your region. Fellow Binancians, To expand the list of trading choices offered on Binance Futures and enhance users’ trading experience, Binance Futures will launch the following perpetual contract(s) as below: 2025-12-12 10:45 (UTC): USUSDT Perpetual Contract with up to 40x leverage 2025-12-12 11:00 (UTC): CYS",False,,,,2025-12-12,2026-07-19,2026-06,2025-12-12,2026-01-10,2026-01-10,False,True,True,30,30,2,30,30,2,CYSUSDT,30,,False,0,,,zero_base_new_asset,No Binance spot archive found in pre30 or near-listing probe window,30,2,30,True,True,True,True,False,,,,200:30,200:2,200:30,404:38,64315687.26470000,7,200:7
P0RES018-00493,USUSDT,US,2025-12-12 09:17:28 UTC,2025-12-12 10:45:00 UTC,official_announcement_body,2025-12-12,UNIVERSE_PIT,Binance Futures Will Launch USDS-Margined USUSDT and CYSUSDT Perpetual Contracts (2025-12-12),5fa5a39fec7044838d4aad92e9cf13fe,https://www.binance.com/en/support/announcement/5fa5a39fec7044838d4aad92e9cf13fe,ok,"Binance Futures Will Launch USDS-Margined USUSDT and CYSUSDT Perpetual Contracts (2025-12-12) This is a general announcement. Products and services referred to here may not be available in your region. Fellow Binancians, To expand the list of trading choices offered on Binance Futures and enhance users’ trading experience, Binance Futures will launch the following perpetual contract(s) as below: 2025-12-12 10:45 (UTC): USUSDT Perpetual Contract with up to 40x leverage 2025-12-12 11:00 (UTC): CYS",False,,,,2025-12-12,2026-07-19,2026-06,2025-12-12,2026-01-10,2026-01-10,False,True,True,30,30,2,30,30,2,USUSDT,30,,False,0,,,zero_base_new_asset,No Binance spot archive found in pre30 or near-listing probe window,30,2,30,True,True,True,True,False,,,,200:30,200:2,200:30,404:38,53880010.67011000,7,200:7
P0RES018-00494,RAVEUSDT,RAVE,2025-12-14 14:18:09 UTC,2025-12-14 15:30:00 UTC,official_announcement_body,2025-12-14,UNIVERSE_PIT,Binance Futures Will Launch USDS-Margined RAVEUSDT Perpetual Contract (2025-12-14),51aa167664c542eb857533e11eb213bc,https://www.binance.com/en/support/announcement/51aa167664c542eb857533e11eb213bc,ok,"Binance Futures Will Launch USDS-Margined RAVEUSDT Perpetual Contract (2025-12-14) This is a general announcement. Products and services referred to here may not be available in your region. Fellow Binancians, To expand the list of trading choices offered on Binance Futures and enhance users’ trading experience, Binance Futures will launch the following perpetual contract(s) as below: 2025-12-14 15:30 (UTC): RAVEUSDT Perpetual Contract with up to 20x leverage More details on the aforementioned p",False,,,,2025-12-14,2026-07-19,2026-06,2025-12-14,2026-01-12,2026-01-12,False,True,True,30,30,2,30,30,2,RAVEUSDT,30,,False,0,,,zero_base_new_asset,No Binance spot archive found in pre30 or near-listing probe window,30,2,30,True,True,True,True,False,,,,200:30,200:2,200:30,404:38,192181167.44187003,7,200:7
P0RES018-00495,GUAUSDT,GUA,2025-12-21 08:33:27 UTC,2025-12-21 10:15:00 UTC,official_announcement_body,2025-12-21,UNIVERSE_PIT,"Binance Futures Will Launch USDS-Margined ZKPUSDT, GUAUSDT and IRUSDT Perpetual Contract (2025-12-21)",9e90affc1f364000b4ed299a64f3f5bc,https://www.binance.com/en/support/announcement/9e90affc1f364000b4ed299a64f3f5bc,ok,"Binance Futures Will Launch USDS-Margined ZKPUSDT, GUAUSDT and IRUSDT Perpetual Contract (2025-12-21) This is a general announcement. Products and services referred to here may not be available in your region. Fellow Binancians, To expand the list of trading choices offered on Binance Futures and enhance users’ trading experience, Binance Futures will launch the following perpetual contract(s) as below: 2025-12-21 10:00 (UTC): ZKPUSDT Perpetual Contract with up to 40x leverage 2025-12-21 10:15 (",False,,,,2025-12-21,2026-07-19,2026-06,2025-12-21,2026-01-19,2026-01-19,False,True,True,30,30,2,30,30,2,GUAUSDT,30,,False,0,,,zero_base_new_asset,No Binance spot archive found in pre30 or near-listing probe window,30,2,30,True,True,True,True,False,,,,200:30,200:2,200:30,404:38,27436225.47355000,7,200:7
P0RES018-00496,IRUSDT,IR,2025-12-21 08:33:27 UTC,2025-12-21 10:30:00 UTC,official_announcement_body,2025-12-21,UNIVERSE_PIT,"Binance Futures Will Launch USDS-Margined ZKPUSDT, GUAUSDT and IRUSDT Perpetual Contract (2025-12-21)",9e90affc1f364000b4ed299a64f3f5bc,https://www.binance.com/en/support/announcement/9e90affc1f364000b4ed299a64f3f5bc,ok,"Binance Futures Will Launch USDS-Margined ZKPUSDT, GUAUSDT and IRUSDT Perpetual Contract (2025-12-21) This is a general announcement. Products and services referred to here may not be available in your region. Fellow Binancians, To expand the list of trading choices offered on Binance Futures and enhance users’ trading experience, Binance Futures will launch the following perpetual contract(s) as below: 2025-12-21 10:00 (UTC): ZKPUSDT Perpetual Contract with up to 40x leverage 2025-12-21 10:15 (",True,2026-04-29 09:00:00 UTC,p0res010_delist_inventory,2026-04-29,2025-12-21,2026-07-19,2026-06,2025-12-21,2026-01-19,2026-01-19,False,True,True,30,30,2,30,30,2,IRUSDT,30,,False,0,,,zero_base_new_asset,No Binance spot archive found in pre30 or near-listing probe window,30,2,30,True,True,True,True,False,,,,200:30,200:2,200:30,404:38,55294395.49278001,7,200:7
P0RES018-00497,ZKPUSDT,ZKP,2025-12-21 08:33:27 UTC,2025-12-21 10:00:00 UTC,official_announcement_body,2025-12-21,UNIVERSE_PIT,"Binance Futures Will Launch USDS-Margined ZKPUSDT, GUAUSDT and IRUSDT Perpetual Contract (2025-12-21)",9e90affc1f364000b4ed299a64f3f5bc,https://www.binance.com/en/support/announcement/9e90affc1f364000b4ed299a64f3f5bc,ok,"Binance Futures Will Launch USDS-Margined ZKPUSDT, GUAUSDT and IRUSDT Perpetual Contract (2025-12-21) This is a general announcement. Products and services referred to here may not be available in your region. Fellow Binancians, To expand the list of trading choices offered on Binance Futures and enhance users’ trading experience, Binance Futures will launch the following perpetual contract(s) as below: 2025-12-21 10:00 (UTC): ZKPUSDT Perpetual Contract with up to 40x leverage 2025-12-21 10:15 (",False,,,,2025-12-21,2026-07-19,2026-06,2025-12-21,2026-01-19,2026-01-19,False,True,True,30,30,2,30,30,2,ZKPUSDT,30,,False,0,,,zero_base_new_asset,No Binance spot archive found in pre30 or near-listing probe window,30,2,30,True,True,True,True,False,,,,200:30,200:2,200:30,404:38,102857711.94864002,7,200:7
P0RES018-00498,LITUSDT,LIT,2025-12-23 13:53:35 UTC,2025-12-23 17:30:00 UTC,official_announcement_body,2025-12-23,UNIVERSE_PIT,Binance Futures Will Launch USDS-Margined LITUSDT Perpetual Contract Pre-Market Trading (2025-12-23),6a33be00231c4539b3a4a625538e4d1e,https://www.binance.com/en/support/announcement/6a33be00231c4539b3a4a625538e4d1e,ok,"Binance Futures Will Launch USDS-Margined LITUSDT Perpetual Contract Pre-Market Trading (2025-12-23) This is a general announcement. Products and services referred to here may not be available in your region. Fellow Binancians, To expand the list of trading choices offered on Binance Futures and to enhance users’ trading experience, Binance Futures will launch LITUSDT perpetual contract pre-market trading starting at 2025-12-23 17:30 (UTC) with up to 5x leverage. More details on the aforemention",False,,,,2025-12-23,2026-07-19,2026-06,2025-12-23,2026-01-21,2026-01-21,False,True,True,30,30,2,30,30,2,LITUSDT,30,,False,0,,,zero_base_new_asset,No Binance spot archive found in pre30 or near-listing probe window,30,2,30,True,True,True,True,False,,,,200:30,200:2,200:30,404:38,62069910.65640000,7,200:7
P0RES018-00499,BREVUSDT,BREV,2025-12-30 10:30:09 UTC,2025-12-30 10:45:00 UTC,official_announcement_body,2025-12-30,UNIVERSE_PIT,Binance Futures Will Launch USDS-Margined BREVUSDT Perpetual Contract Pre-Market Trading (2025-12-30),4f44a54be06444ea9510d4db3d5fb9c3,https://www.binance.com/en/support/announcement/4f44a54be06444ea9510d4db3d5fb9c3,ok,"Binance Futures Will Launch USDS-Margined BREVUSDT Perpetual Contract Pre-Market Trading (2025-12-30) This is a general announcement. Products and services referred to here may not be available in your region. Fellow Binancians, To expand the list of trading choices offered on Binance Futures and to enhance users’ trading experience, Binance Futures will launch BREVUSDT perpetual contract pre-market trading starting at 2025-12-30 10:45 (UTC) with up to 5x leverage. More details on the aforementi",False,,,,2025-12-30,2026-07-19,2026-06,2025-12-30,2026-01-28,2026-01-28,False,True,True,30,30,2,30,30,2,BREVUSDT,30,BREVUSDT,False,0,,2026-01-06,simultaneous_spot_perp,"Binance spot archive exists only within/near the pre-listing window, not full 30d",30,2,30,True,True,True,True,False,,,,200:30,200:2,200:30,200:1;404:37,8511242.28490000,7,200:7
P0RES018-00500,COLLECTUSDT,COLLECT,2025-12-31 11:45:10 UTC,2025-12-31 13:15:00 UTC,official_announcement_body,2025-12-31,UNIVERSE_PIT,Binance Futures Will Launch USDS-Margined COLLECTUSDT and MAGMAUSDT Perpetual Contracts (2025-12-31),f5765e4f306042bd8a0cebf546fafd78,https://www.binance.com/en/support/announcement/f5765e4f306042bd8a0cebf546fafd78,ok,"Binance Futures Will Launch USDS-Margined COLLECTUSDT and MAGMAUSDT Perpetual Contracts (2025-12-31) This is a general announcement. Products and services referred to here may not be available in your region. Fellow Binancians, To expand the list of trading choices offered on Binance Futures and enhance users’ trading experience, Binance Futures will launch the following perpetual contracts as below: 2025-12-31 13:15 (UTC): COLLECTUSDT Perpetual Contract with up to 20x leverage 2025-12-31 13:30 ",False,,,,2025-12-31,2026-07-19,2026-06,2025-12-31,2026-01-29,2026-01-29,False,True,True,30,30,2,30,30,2,COLLECTUSDT,30,,False,0,,,zero_base_new_asset,No Binance spot archive found in pre30 or near-listing probe window,30,2,30,True,True,True,True,False,,,,200:30,200:2,200:30,404:38,56770885.14169999,7,200:7
P0RES018-00501,MAGMAUSDT,MAGMA,2025-12-31 11:45:10 UTC,2025-12-31 13:30:00 UTC,official_announcement_body,2025-12-31,UNIVERSE_PIT,Binance Futures Will Launch USDS-Margined COLLECTUSDT and MAGMAUSDT Perpetual Contracts (2025-12-31),f5765e4f306042bd8a0cebf546fafd78,https://www.binance.com/en/support/announcement/f5765e4f306042bd8a0cebf546fafd78,ok,"Binance Futures Will Launch USDS-Margined COLLECTUSDT and MAGMAUSDT Perpetual Contracts (2025-12-31) This is a general announcement. Products and services referred to here may not be available in your region. Fellow Binancians, To expand the list of trading choices offered on Binance Futures and enhance users’ trading experience, Binance Futures will launch the following perpetual contracts as below: 2025-12-31 13:15 (UTC): COLLECTUSDT Perpetual Contract with up to 20x leverage 2025-12-31 13:30 ",False,,,,2025-12-31,2026-07-19,2026-06,2025-12-31,2026-01-29,2026-01-29,False,True,True,30,30,2,30,30,2,MAGMAUSDT,30,,False,0,,,zero_base_new_asset,No Binance spot archive found in pre30 or near-listing probe window,30,2,30,True,True,True,True,False,,,,200:30,200:2,200:30,404:38,17587219.88284000,7,200:7
P0RES018-00502,XAGUSDT,XAG,2026-01-07 07:00:49 UTC,2026-01-07 10:00:00 UTC,official_announcement_body,,official_announcement_only_not_in_local_UNIVERSE_PIT,Binance Futures Will Launch USDS-Margined XAGUSDT Perpetual Contract (2026-01-07),bd92dee1018f421fae1ace119fc2f706,https://www.binance.com/en/support/announcement/bd92dee1018f421fae1ace119fc2f706,ok,"Binance Futures Will Launch USDS-Margined XAGUSDT Perpetual Contract (2026-01-07) This is a general announcement. Products and services referred to here may not be available in your region. Fellow Binancians, To expand the list of trading choices offered on Binance Futures and enhance users’ trading experience, Binance Futures will launch the following perpetual contract(s) as below: 2026-01-07 10:00 (UTC): XAGUSDT Perpetual Contract with up to 50x leverage More details on the aforementioned per",False,,,,2026-01-07,2026-07-19,2026-06,2026-01-07,2026-02-05,2026-02-05,False,True,True,30,30,2,30,30,2,XAGUSDT,30,,False,0,,,tradfi_or_special,announcement/body or ticker indicates TradFi/special underlying,30,2,30,True,True,True,True,False,,,,200:30,200:2,200:30,404:38,17317418.90592000,7,200:7
P0RES018-00503,ZAMAUSDT,ZAMA,2026-01-09 08:41:58 UTC,2026-01-09 09:00:00 UTC,official_announcement_body,2026-01-09,UNIVERSE_PIT,Binance Futures Will Launch USDS-Margined ZAMAUSDT Perpetual Contract Pre-Market Trading (2026-01-09),1d5735f9aab24740b65de16d1499c705,https://www.binance.com/en/support/announcement/1d5735f9aab24740b65de16d1499c705,ok,"Binance Futures Will Launch USDS-Margined ZAMAUSDT Perpetual Contract Pre-Market Trading (2026-01-09) This is a general announcement. Products and services referred to here may not be available in your region. Fellow Binancians, To expand the list of trading choices offered on Binance Futures and to enhance users’ trading experience, Binance Futures will launch ZAMAUSDT perpetual contract pre-market trading starting at 2026-01-09 09:00 (UTC) with up to 5x leverage. More details on the aforementi",False,,,,2026-01-09,2026-07-19,2026-06,2026-01-09,2026-02-07,2026-02-07,False,True,True,30,30,2,30,30,2,ZAMAUSDT,30,,False,0,,,zero_base_new_asset,No Binance spot archive found in pre30 or near-listing probe window,30,2,30,True,True,True,True,False,,,,200:30,200:2,200:30,404:38,38559455.46569999,7,200:7
P0RES018-00504,FOGOUSDT,FOGO,2026-01-10 13:42:18 UTC,2026-01-10 14:00:00 UTC,official_announcement_body,2026-01-10,UNIVERSE_PIT,Binance Futures Will Launch USDS-Margined FOGOUSDT Perpetual Contract Pre-Market Trading (2026-01-10),6abc74c125ff4addb36576bf76ba5658,https://www.binance.com/en/support/announcement/6abc74c125ff4addb36576bf76ba5658,ok,"Binance Futures Will Launch USDS-Margined FOGOUSDT Perpetual Contract Pre-Market Trading (2026-01-10) This is a general announcement. Products and services referred to here may not be available in your region. Fellow Binancians, To expand the list of trading choices offered on Binance Futures and to enhance users’ trading experience, Binance Futures will launch FOGOUSDT perpetual contract pre-market trading starting at 2026-01-10 14:00 (UTC) with up to 5x leverage. More details on the aforementi",False,,,,2026-01-10,2026-07-19,2026-06,2026-01-10,2026-02-08,2026-02-08,False,True,True,30,30,2,30,30,2,FOGOUSDT,30,FOGOUSDT,False,0,,2026-01-15,simultaneous_spot_perp,"Binance spot archive exists only within/near the pre-listing window, not full 30d",30,2,30,True,True,True,True,False,,,,200:30,200:2,200:30,200:3;404:35,66158076.45584000,7,200:7
P0RES018-00505,FRAXUSDT,FRAX,,2026-01-15 00:00:00 UTC,universe_onboard_date_midnight_proxy,2026-01-15,UNIVERSE_PIT,,,,not_matched_to_official_announcement,,False,,,,2026-01-15,2026-07-19,2026-06,2026-01-15,2026-02-13,2026-02-13,False,True,True,30,30,2,30,30,2,FRAXUSDT,30,FRAXUSDT,False,0,,2026-01-15,simultaneous_spot_perp,"Binance spot archive exists only within/near the pre-listing window, not full 30d",30,2,30,True,True,True,True,False,,,,200:30,200:2,200:30,200:8;404:30,177628932.41279998,7,200:7
P0RES018-00506,SPORTFUNUSDT,SPORTFUN,2026-01-16 12:17:58 UTC,2026-01-16 13:45:00 UTC,official_announcement_body,2026-01-16,UNIVERSE_PIT,Binance Futures Will Launch USDS-Margined SPORTFUNUSDT and AIAUSDT Perpetual Contracts (2026-01-16),31ec31401a8f43ae821f80351fa94857,https://www.binance.com/en/support/announcement/31ec31401a8f43ae821f80351fa94857,ok,"Binance Futures Will Launch USDS-Margined SPORTFUNUSDT and AIAUSDT Perpetual Contracts (2026-01-16) This is a general announcement. Products and services referred to here may not be available in your region. Fellow Binancians, To expand the list of trading choices offered on Binance Futures and enhance users’ trading experience, Binance Futures will launch the following perpetual contract(s) as below: 2026-01-16 13:45 (UTC): SPORTFUNUSDT Perpetual Contract with up to 20x leverage 2026-01-16 15:3",False,,,,2026-01-16,2026-07-19,2026-06,2026-01-16,2026-02-14,2026-02-14,False,True,True,30,30,2,30,30,2,SPORTFUNUSDT,30,,False,0,,,zero_base_new_asset,No Binance spot archive found in pre30 or near-listing probe window,30,2,30,True,True,True,True,False,,,,200:30,200:2,200:30,404:38,34574548.56389000,7,200:7
P0RES018-00507,AIAUSDT,AIA,2026-01-20 10:26:30 UTC,2026-01-20 11:15:00 UTC,official_announcement_body,2026-01-20,UNIVERSE_PIT,Binance Futures Will Launch USDS-Margined AIAUSDT Perpetual Contract (2026-01-20),4e7c59d4078e4babbc191c80fe6698e7,https://www.binance.com/en/support/announcement/4e7c59d4078e4babbc191c80fe6698e7,ok,"Binance Futures Will Launch USDS-Margined AIAUSDT Perpetual Contract (2026-01-20) This is a general announcement. Products and services referred to here may not be available in your region. Fellow Binancians, To expand the list of trading choices offered on Binance Futures and enhance users’ trading experience, Binance Futures will launch the following perpetual contract(s) as below: 2026-01-20 11:15 (UTC): AIAUSDT Perpetual Contract with up to 20x leverage More details on the aforementioned per",False,,,,2026-01-20,2026-07-19,2026-06,2026-01-20,2026-02-18,2026-02-18,False,True,True,30,30,2,30,30,2,AIAUSDT,30,,False,0,,,zero_base_new_asset,No Binance spot archive found in pre30 or near-listing probe window,30,2,30,True,True,True,True,False,,,,200:30,200:2,200:30,404:38,72332499.74933000,7,200:7
P0RES018-00508,ACUUSDT,ACU,2026-01-21 11:17:15 UTC,2026-01-21 12:45:00 UTC,official_announcement_body,2026-01-21,UNIVERSE_PIT,Binance Futures Will Launch USDS-Margined ACUUSDT and 我踏马来了USDT Perpetual Contracts (2026-01-21),7736f9a5aae24206b17884e5de02dabc,https://www.binance.com/en/support/announcement/7736f9a5aae24206b17884e5de02dabc,ok,"Binance Futures Will Launch USDS-Margined ACUUSDT and 我踏马来了USDT Perpetual Contracts (2026-01-21) This is a general announcement. Products and services referred to here may not be available in your region. Fellow Binancians, To expand the list of trading choices offered on Binance Futures and enhance users’ trading experience, Binance Futures will launch the following perpetual contract(s) as below: 2026-01-21 12:45 (UTC): ACUUSDT Perpetual Contract with up to 10x leverage 2026-01-21 14:30 (UTC):",False,,,,2026-01-21,2026-07-19,2026-06,2026-01-21,2026-02-19,2026-02-19,False,True,True,30,30,2,30,30,2,ACUUSDT,30,,False,0,,,zero_base_new_asset,No Binance spot archive found in pre30 or near-listing probe window,30,2,30,True,True,True,True,False,,,,200:30,200:2,200:30,404:38,129652837.59143999,7,200:7
P0RES018-00509,我踏马来了USDT,我踏马来了,,2026-01-21 00:00:00 UTC,universe_onboard_date_midnight_proxy,2026-01-21,UNIVERSE_PIT,,,,not_matched_to_official_announcement,,False,,,,2026-01-21,2026-07-19,2026-06,2026-01-21,2026-02-19,2026-02-19,False,True,True,30,30,2,30,30,2,我踏马来了USDT,30,,False,0,,,zero_base_new_asset,No Binance spot archive found in pre30 or near-listing probe window,30,2,30,True,True,True,True,False,,,,200:30,200:2,200:30,404:38,51223686.33976100,7,200:7
P0RES018-00510,ELSAUSDT,ELSA,2026-01-22 06:47:09 UTC,2026-01-22 07:25:00 UTC,official_announcement_body,2026-01-22,UNIVERSE_PIT,Binance Futures Will Launch USDS-Margined ELSAUSDT Perpetual Contract (2026-01-22),4afa6aa807234762b141920847b4fe0b,https://www.binance.com/en/support/announcement/4afa6aa807234762b141920847b4fe0b,ok,"Binance Futures Will Launch USDS-Margined ELSAUSDT Perpetual Contract (2026-01-22) This is a general announcement. Products and services referred to here may not be available in your region. Fellow Binancians, To expand the list of trading choices offered on Binance Futures and enhance users’ trading experience, Binance Futures will launch the following perpetual contract(s) as below: 2026-01-22 07:25 (UTC): ELSAUSDT Perpetual Contract with up to 20x leverage More details on the aforementioned p",False,,,,2026-01-22,2026-07-19,2026-06,2026-01-22,2026-02-20,2026-02-20,False,True,True,30,30,2,30,30,2,ELSAUSDT,30,,False,0,,,zero_base_new_asset,No Binance spot archive found in pre30 or near-listing probe window,30,2,30,True,True,True,True,False,,,,200:30,200:2,200:30,404:38,57378202.83184000,7,200:7
P0RES018-00511,SKRUSDT,SKR,2026-01-22 09:14:34 UTC,2026-01-22 10:45:00 UTC,official_announcement_body,2026-01-22,UNIVERSE_PIT,Binance Futures Will Launch USDS-Margined SKRUSDT Perpetual Contract (2026-01-22),c0f1a2163493429eab17fa8d1540e6f4,https://www.binance.com/en/support/announcement/c0f1a2163493429eab17fa8d1540e6f4,ok,"Binance Futures Will Launch USDS-Margined SKRUSDT Perpetual Contract (2026-01-22) This is a general announcement. Products and services referred to here may not be available in your region. Fellow Binancians, To expand the list of trading choices offered on Binance Futures and enhance users’ trading experience, Binance Futures will launch the following perpetual contract(s) as below: 2026-01-22 10:45 (UTC): SKRUSDT Perpetual Contract with up to 20x leverage More details on the aforementioned per",False,,,,2026-01-22,2026-07-19,2026-06,2026-01-22,2026-02-20,2026-02-20,False,True,True,30,30,2,30,30,2,SKRUSDT,30,,False,0,,,zero_base_new_asset,No Binance spot archive found in pre30 or near-listing probe window,30,2,30,True,True,True,True,False,,,,200:30,200:2,200:30,404:38,65748655.78930800,7,200:7
P0RES018-00512,FIGHTUSDT,FIGHT,2026-01-23 10:16:02 UTC,2026-01-23 12:15:00 UTC,official_announcement_body,2026-01-23,UNIVERSE_PIT,Binance Futures Will Launch USDS-Margined SPACEUSDT and FIGHTUSDT Perpetual Contracts (2026-01-23),3edd59bc38c147259945b634a1d2c039,https://www.binance.com/en/support/announcement/3edd59bc38c147259945b634a1d2c039,ok,"Binance Futures Will Launch USDS-Margined SPACEUSDT and FIGHTUSDT Perpetual Contracts (2026-01-23) This is a general announcement. Products and services referred to here may not be available in your region. Fellow Binancians, To expand the list of trading choices offered on Binance Futures and enhance users’ trading experience, Binance Futures will launch the following perpetual contract(s) as below: 2026-01-23 11:45 (UTC): SPACEUSDT Perpetual Contract with up to 20x leverage 2026-01-23 12:15 (U",False,,,,2026-01-23,2026-07-19,2026-06,2026-01-23,2026-02-21,2026-02-21,False,True,True,30,30,2,30,30,2,FIGHTUSDT,30,,False,0,,,zero_base_new_asset,No Binance spot archive found in pre30 or near-listing probe window,30,2,30,True,True,True,True,False,,,,200:30,200:2,200:30,404:38,35260432.05137400,7,200:7
P0RES018-00513,SPACEUSDT,SPACE,2026-01-23 10:16:02 UTC,2026-01-23 11:45:00 UTC,official_announcement_body,2026-01-23,UNIVERSE_PIT,Binance Futures Will Launch USDS-Margined SPACEUSDT and FIGHTUSDT Perpetual Contracts (2026-01-23),3edd59bc38c147259945b634a1d2c039,https://www.binance.com/en/support/announcement/3edd59bc38c147259945b634a1d2c039,ok,"Binance Futures Will Launch USDS-Margined SPACEUSDT and FIGHTUSDT Perpetual Contracts (2026-01-23) This is a general announcement. Products and services referred to here may not be available in your region. Fellow Binancians, To expand the list of trading choices offered on Binance Futures and enhance users’ trading experience, Binance Futures will launch the following perpetual contract(s) as below: 2026-01-23 11:45 (UTC): SPACEUSDT Perpetual Contract with up to 20x leverage 2026-01-23 12:15 (U",False,,,,2026-01-23,2026-07-19,2026-06,2026-01-23,2026-02-21,2026-02-21,False,True,True,30,30,2,30,30,2,SPACEUSDT,30,,False,0,,,zero_base_new_asset,No Binance spot archive found in pre30 or near-listing probe window,30,2,30,True,True,True,True,False,,,,200:30,200:2,200:30,404:38,87501533.48996198,7,200:7
P0RES018-00514,TSLAUSDT,TSLA,2026-01-26 11:29:35 UTC,2026-01-28 14:30:00 UTC,official_announcement_body,,official_announcement_only_not_in_local_UNIVERSE_PIT,Binance Futures Will Launch USDS-Margined TSLAUSDT Equity Perpetual Contract (2026-01-28),40c76b4deaa247f09774e5d1ee747cb8,https://www.binance.com/en/support/announcement/40c76b4deaa247f09774e5d1ee747cb8,ok,"Binance Futures Will Launch USDS-Margined TSLAUSDT Equity Perpetual Contract (2026-01-28) This is a general Binance Exchange Notice. Products and services referred to here may not be available in your region. Fellow Binancians, To expand the list of trading choices offered on Binance Futures and enhance users’ trading experience, Binance Futures will launch the following perpetual contract(s) as below: 2026-01-28 14:30 (UTC): TSLAUSDT Equity Perpetual Contract with up to 5x leverage More details",False,,,,2026-01-28,2026-07-19,2026-06,2026-01-28,2026-02-26,2026-02-26,False,True,True,30,30,2,30,30,2,TSLAUSDT,30,,False,0,,,tradfi_or_special,announcement/body or ticker indicates TradFi/special underlying,30,2,30,True,True,True,True,False,,,,200:30,200:2,200:30,404:38,48994329.92990000,7,200:7
P0RES018-00515,BIRBUSDT,BIRB,2026-01-29 03:29:48 UTC,2026-01-29 05:15:00 UTC,official_announcement_body,2026-01-29,UNIVERSE_PIT,Binance Futures Will Launch USDS-Margined BIRBUSDT and GWEIUSDT Perpetual Contracts (2026-01-29),f36f2df72ca44c53bed7b9c08f303788,https://www.binance.com/en/support/announcement/f36f2df72ca44c53bed7b9c08f303788,ok,"Binance Futures Will Launch USDS-Margined BIRBUSDT and GWEIUSDT Perpetual Contracts (2026-01-29) This is a general Binance Exchange Notice. Products and services referred to here may not be available in your region. Fellow Binancians, To expand the list of trading choices offered on Binance Futures and enhance users’ trading experience, Binance Futures will launch the following perpetual contract(s) as below: 2026-01-29 05:15 (UTC): BIRBUSDT Perpetual Contract with up to 50x leverage 2026-01-29 ",False,,,,2026-01-29,2026-07-19,2026-06,2026-01-29,2026-02-27,2026-02-27,False,True,True,30,30,2,30,30,2,BIRBUSDT,30,,False,0,,,zero_base_new_asset,No Binance spot archive found in pre30 or near-listing probe window,30,2,30,True,True,True,True,False,,,,200:30,200:2,200:30,404:38,111986461.52633999,7,200:7
P0RES018-00516,GWEIUSDT,GWEI,2026-01-29 03:29:48 UTC,2026-01-29 05:30:00 UTC,official_announcement_body,2026-01-29,UNIVERSE_PIT,Binance Futures Will Launch USDS-Margined BIRBUSDT and GWEIUSDT Perpetual Contracts (2026-01-29),f36f2df72ca44c53bed7b9c08f303788,https://www.binance.com/en/support/announcement/f36f2df72ca44c53bed7b9c08f303788,ok,"Binance Futures Will Launch USDS-Margined BIRBUSDT and GWEIUSDT Perpetual Contracts (2026-01-29) This is a general Binance Exchange Notice. Products and services referred to here may not be available in your region. Fellow Binancians, To expand the list of trading choices offered on Binance Futures and enhance users’ trading experience, Binance Futures will launch the following perpetual contract(s) as below: 2026-01-29 05:15 (UTC): BIRBUSDT Perpetual Contract with up to 50x leverage 2026-01-29 ",False,,,,2026-01-29,2026-07-19,2026-06,2026-01-29,2026-02-27,2026-02-27,False,True,True,30,30,2,30,30,2,GWEIUSDT,30,,False,0,,,zero_base_new_asset,No Binance spot archive found in pre30 or near-listing probe window,30,2,30,True,True,True,True,False,,,,200:30,200:2,200:30,404:38,57459402.40863500,7,200:7
P0RES018-00517,INXUSDT,INX,2026-01-30 17:33:17 UTC,2026-01-30 19:00:00 UTC,official_announcement_body,2026-01-30,UNIVERSE_PIT,Binance Futures Will Launch USDS-Margined INXUSDT Perpetual Contract (2026-01-30),01825e017ab34771aa8634505745ef7e,https://www.binance.com/en/support/announcement/01825e017ab34771aa8634505745ef7e,ok,"Binance Futures Will Launch USDS-Margined INXUSDT Perpetual Contract (2026-01-30) This is a general Binance Exchange Notice. Products and services referred to here may not be available in your region. Fellow Binancians, To expand the list of trading choices offered on Binance Futures and enhance users’ trading experience, Binance Futures will launch the following perpetual contract(s) as below: 2026-01-30 19:00 (UTC): INXUSDT Perpetual Contract with up to 50x leverage More details on the aforeme",False,,,,2026-01-30,2026-07-19,2026-06,2026-01-30,2026-02-28,2026-02-28,False,True,True,30,30,2,30,30,2,INXUSDT,30,,False,0,,,zero_base_new_asset,No Binance spot archive found in pre30 or near-listing probe window,30,2,30,True,True,True,True,False,,,,200:30,200:2,200:30,404:38,34639670.15619101,7,200:7
P0RES018-00518,MEGAUSDT,MEGA,2026-01-30 10:35:59 UTC,2026-01-30 12:15:00 UTC,official_announcement_body,2026-01-30,UNIVERSE_PIT,Binance Futures Will Launch USDS-Margined MEGAUSDT Perpetual Contract Pre-Market Trading (2026-01-30),367887bc291d43f8a94877e101e17813,https://www.binance.com/en/support/announcement/367887bc291d43f8a94877e101e17813,ok,"Binance Futures Will Launch USDS-Margined MEGAUSDT Perpetual Contract Pre-Market Trading (2026-01-30) This is a general Binance Exchange Notice. Products and services referred to here may not be available in your region. Fellow Binancians, To expand the list of trading choices offered on Binance Futures and to enhance users’ trading experience, Binance Futures will launch MEGAUSDT perpetual contract pre-market trading starting at 2026-01-30 12:15 (UTC) with up to 5x leverage. More details on the",False,,,,2026-01-30,2026-07-19,2026-06,2026-01-30,2026-02-28,2026-02-28,False,True,True,30,30,2,30,30,2,MEGAUSDT,30,,False,0,,,zero_base_new_asset,No Binance spot archive found in pre30 or near-listing probe window,30,2,30,True,True,True,True,False,,,,200:30,200:2,200:30,404:38,11386173.49395000,7,200:7
P0RES018-00519,XPDUSDT,XPD,2026-01-30 05:16:09 UTC,2026-01-30 10:15:00 UTC,official_announcement_body,,official_announcement_only_not_in_local_UNIVERSE_PIT,Binance Futures Will Launch USDS-Margined XPTUSDT and XPDUSDT Perpetual Contracts (2026-01-30),0217a404bf984c028ebf9f92e083052c,https://www.binance.com/en/support/announcement/0217a404bf984c028ebf9f92e083052c,ok,"Binance Futures Will Launch USDS-Margined XPTUSDT and XPDUSDT Perpetual Contracts (2026-01-30) This is a general Binance Exchange Notice. Products and services referred to here may not be available in your region. Fellow Binancians, To expand the list of trading choices offered on Binance Futures and enhance users’ trading experience, Binance Futures will launch the following perpetual contract(s) as below: 2026-01-30 10:00 (UTC): XPTUSDT Perpetual Contract with up to 100x leverage 2026-01-30 10",False,,,,2026-01-30,2026-07-19,2026-06,2026-01-30,2026-02-28,2026-02-28,False,True,True,30,30,2,30,30,2,XPDUSDT,30,,False,0,,,zero_base_new_asset,No Binance spot archive found in pre30 or near-listing probe window,30,2,30,True,True,True,True,False,,,,200:30,200:2,200:30,404:38,17997006.12278000,7,200:7
P0RES018-00520,XPTUSDT,XPT,2026-01-30 05:16:09 UTC,2026-01-30 10:00:00 UTC,official_announcement_body,,official_announcement_only_not_in_local_UNIVERSE_PIT,Binance Futures Will Launch USDS-Margined XPTUSDT and XPDUSDT Perpetual Contracts (2026-01-30),0217a404bf984c028ebf9f92e083052c,https://www.binance.com/en/support/announcement/0217a404bf984c028ebf9f92e083052c,ok,"Binance Futures Will Launch USDS-Margined XPTUSDT and XPDUSDT Perpetual Contracts (2026-01-30) This is a general Binance Exchange Notice. Products and services referred to here may not be available in your region. Fellow Binancians, To expand the list of trading choices offered on Binance Futures and enhance users’ trading experience, Binance Futures will launch the following perpetual contract(s) as below: 2026-01-30 10:00 (UTC): XPTUSDT Perpetual Contract with up to 100x leverage 2026-01-30 10",False,,,,2026-01-30,2026-07-19,2026-06,2026-01-30,2026-02-28,2026-02-28,False,True,True,30,30,2,30,30,2,XPTUSDT,30,,False,0,,,zero_base_new_asset,No Binance spot archive found in pre30 or near-listing probe window,30,2,30,True,True,True,True,False,,,,200:30,200:2,200:30,404:38,25546906.88382000,7,200:7
P0RES018-00521,HOODUSDT,HOOD,2026-01-30 08:47:05 UTC,2026-02-02 14:45:00 UTC,official_announcement_body,,official_announcement_only_not_in_local_UNIVERSE_PIT,Binance Futures Will Launch USDS-Margined INTCUSDT and HOODUSDT Equity Perpetual Contracts (2026-02-02),d592f6ba938746cbadaaf5a8a714abd6,https://www.binance.com/en/support/announcement/d592f6ba938746cbadaaf5a8a714abd6,ok,"Binance Futures Will Launch USDS-Margined INTCUSDT and HOODUSDT Equity Perpetual Contracts (2026-02-02) This is a general Binance Exchange Notice. Products and services referred to here may not be available in your region. Fellow Binancians, To expand the list of trading choices offered on Binance Futures and enhance users’ trading experience, Binance Futures will launch the following perpetual contract(s) as below: 2026-02-02 14:30 (UTC): INTCUSDT Equity Perpetual Contract with up to 10x levera",False,,,,2026-02-02,2026-07-19,2026-06,2026-02-02,2026-03-03,2026-03-03,False,True,True,30,30,2,30,30,2,HOODUSDT,30,,False,0,,,tradfi_or_special,announcement/body or ticker indicates TradFi/special underlying,30,2,30,True,True,True,True,False,,,,200:30,200:2,200:30,404:38,4633674.99890000,7,200:7
P0RES018-00522,INTCUSDT,INTC,2026-01-30 08:47:05 UTC,2026-02-02 14:30:00 UTC,official_announcement_body,,official_announcement_only_not_in_local_UNIVERSE_PIT,Binance Futures Will Launch USDS-Margined INTCUSDT and HOODUSDT Equity Perpetual Contracts (2026-02-02),d592f6ba938746cbadaaf5a8a714abd6,https://www.binance.com/en/support/announcement/d592f6ba938746cbadaaf5a8a714abd6,ok,"Binance Futures Will Launch USDS-Margined INTCUSDT and HOODUSDT Equity Perpetual Contracts (2026-02-02) This is a general Binance Exchange Notice. Products and services referred to here may not be available in your region. Fellow Binancians, To expand the list of trading choices offered on Binance Futures and enhance users’ trading experience, Binance Futures will launch the following perpetual contract(s) as below: 2026-02-02 14:30 (UTC): INTCUSDT Equity Perpetual Contract with up to 10x levera",False,,,,2026-02-02,2026-07-19,2026-06,2026-02-02,2026-03-03,2026-03-03,False,True,True,30,30,2,30,30,2,INTCUSDT,30,,False,0,,,zero_base_new_asset,No Binance spot archive found in pre30 or near-listing probe window,30,2,30,True,True,True,True,False,,,,200:30,200:2,200:30,404:38,6617686.07360000,7,200:7
P0RES018-00523,TRIAUSDT,TRIA,2026-02-06 10:17:30 UTC,2026-02-06 12:15:00 UTC,official_announcement_body,2026-02-06,UNIVERSE_PIT,Binance Futures Will Launch USDS-Margined TRIAUSDT Perpetual Contract (2026-02-06),466fc5b69ff0407a96285327761edcf0,https://www.binance.com/en/support/announcement/466fc5b69ff0407a96285327761edcf0,ok,"Binance Futures Will Launch USDS-Margined TRIAUSDT Perpetual Contract (2026-02-06) This is a general Binance Exchange Notice. Products and services referred to here may not be available in your region. Fellow Binancians, To expand the list of trading choices offered on Binance Futures and enhance users’ trading experience, Binance Futures will launch the following perpetual contract(s) as below: 2026-02-06 12:15 (UTC): TRIAUSDT Perpetual Contract with up to 50x leverage More details on the afore",False,,,,2026-02-06,2026-07-19,2026-06,2026-02-06,2026-03-07,2026-03-07,False,True,True,30,30,2,30,30,2,TRIAUSDT,30,,False,0,,,zero_base_new_asset,No Binance spot archive found in pre30 or near-listing probe window,30,2,30,True,True,True,True,False,,,,200:30,200:2,200:30,404:38,53823489.11197001,7,200:7
P0RES018-00524,AMZNUSDT,AMZN,2026-02-05 11:28:38 UTC,2026-02-09 14:40:00 UTC,official_announcement_body,,official_announcement_only_not_in_local_UNIVERSE_PIT,Binance Futures Will Launch Multiple USDS-Margined Equity Perpetual Contracts (2026-02-09),f083bdc8f37d4d45a0e0ec6fd5cd4086,https://www.binance.com/en/support/announcement/f083bdc8f37d4d45a0e0ec6fd5cd4086,ok,"Binance Futures Will Launch Multiple USDS-Margined Equity Perpetual Contracts (2026-02-09) This is a general Binance Exchange Notice. Products and services referred to here may not be available in your region. Fellow Binancians, To expand the list of trading choices offered on Binance Futures and enhance users’ trading experience, Binance Futures will launch the following perpetual contract(s) as below: 2026-02-09 14:30 (UTC): MSTRUSDT Equity Perpetual Contract with up to 10x leverage 2026-02-09",False,,,,2026-02-09,2026-07-19,2026-06,2026-02-09,2026-03-10,2026-03-10,False,True,True,30,30,2,30,30,2,AMZNUSDT,30,,False,0,,,tradfi_or_special,announcement/body or ticker indicates TradFi/special underlying,30,2,30,True,True,True,True,False,,,,200:30,200:2,200:30,404:38,5424650.87300000,7,200:7
P0RES018-00525,COINUSDT,COIN,2026-02-05 11:28:38 UTC,2026-02-09 15:00:00 UTC,official_announcement_body,,official_announcement_only_not_in_local_UNIVERSE_PIT,Binance Futures Will Launch Multiple USDS-Margined Equity Perpetual Contracts (2026-02-09),f083bdc8f37d4d45a0e0ec6fd5cd4086,https://www.binance.com/en/support/announcement/f083bdc8f37d4d45a0e0ec6fd5cd4086,ok,"Binance Futures Will Launch Multiple USDS-Margined Equity Perpetual Contracts (2026-02-09) This is a general Binance Exchange Notice. Products and services referred to here may not be available in your region. Fellow Binancians, To expand the list of trading choices offered on Binance Futures and enhance users’ trading experience, Binance Futures will launch the following perpetual contract(s) as below: 2026-02-09 14:30 (UTC): MSTRUSDT Equity Perpetual Contract with up to 10x leverage 2026-02-09",False,,,,2026-02-09,2026-07-19,2026-06,2026-02-09,2026-03-10,2026-03-10,False,True,True,30,30,2,30,30,2,COINUSDT,30,,False,0,,,tradfi_or_special,announcement/body or ticker indicates TradFi/special underlying,30,2,30,True,True,True,True,False,,,,200:30,200:2,200:30,404:38,4660449.40140000,7,200:7
P0RES018-00526,CRCLUSDT,CRCL,2026-02-05 11:28:38 UTC,2026-02-09 14:50:00 UTC,official_announcement_body,,official_announcement_only_not_in_local_UNIVERSE_PIT,Binance Futures Will Launch Multiple USDS-Margined Equity Perpetual Contracts (2026-02-09),f083bdc8f37d4d45a0e0ec6fd5cd4086,https://www.binance.com/en/support/announcement/f083bdc8f37d4d45a0e0ec6fd5cd4086,ok,"Binance Futures Will Launch Multiple USDS-Margined Equity Perpetual Contracts (2026-02-09) This is a general Binance Exchange Notice. Products and services referred to here may not be available in your region. Fellow Binancians, To expand the list of trading choices offered on Binance Futures and enhance users’ trading experience, Binance Futures will launch the following perpetual contract(s) as below: 2026-02-09 14:30 (UTC): MSTRUSDT Equity Perpetual Contract with up to 10x leverage 2026-02-09",False,,,,2026-02-09,2026-07-19,2026-06,2026-02-09,2026-03-10,2026-03-10,False,True,True,30,30,2,30,30,2,CRCLUSDT,30,,False,0,,,tradfi_or_special,announcement/body or ticker indicates TradFi/special underlying,30,2,30,True,True,True,True,False,,,,200:30,200:2,200:30,404:38,7017564.26860000,7,200:7
P0RES018-00527,MSTRUSDT,MSTR,2026-02-05 11:28:38 UTC,2026-02-09 14:30:00 UTC,official_announcement_body,,official_announcement_only_not_in_local_UNIVERSE_PIT,Binance Futures Will Launch Multiple USDS-Margined Equity Perpetual Contracts (2026-02-09),f083bdc8f37d4d45a0e0ec6fd5cd4086,https://www.binance.com/en/support/announcement/f083bdc8f37d4d45a0e0ec6fd5cd4086,ok,"Binance Futures Will Launch Multiple USDS-Margined Equity Perpetual Contracts (2026-02-09) This is a general Binance Exchange Notice. Products and services referred to here may not be available in your region. Fellow Binancians, To expand the list of trading choices offered on Binance Futures and enhance users’ trading experience, Binance Futures will launch the following perpetual contract(s) as below: 2026-02-09 14:30 (UTC): MSTRUSDT Equity Perpetual Contract with up to 10x leverage 2026-02-09",False,,,,2026-02-09,2026-07-19,2026-06,2026-02-09,2026-03-10,2026-03-10,False,True,True,30,30,2,30,30,2,MSTRUSDT,30,,False,0,,,tradfi_or_special,announcement/body or ticker indicates TradFi/special underlying,30,2,30,True,True,True,True,False,,,,200:30,200:2,200:30,404:38,20712948.27200000,7,200:7
P0RES018-00528,PLTRUSDT,PLTR,2026-02-05 11:28:38 UTC,2026-02-09 15:10:00 UTC,official_announcement_body,,official_announcement_only_not_in_local_UNIVERSE_PIT,Binance Futures Will Launch Multiple USDS-Margined Equity Perpetual Contracts (2026-02-09),f083bdc8f37d4d45a0e0ec6fd5cd4086,https://www.binance.com/en/support/announcement/f083bdc8f37d4d45a0e0ec6fd5cd4086,ok,"Binance Futures Will Launch Multiple USDS-Margined Equity Perpetual Contracts (2026-02-09) This is a general Binance Exchange Notice. Products and services referred to here may not be available in your region. Fellow Binancians, To expand the list of trading choices offered on Binance Futures and enhance users’ trading experience, Binance Futures will launch the following perpetual contract(s) as below: 2026-02-09 14:30 (UTC): MSTRUSDT Equity Perpetual Contract with up to 10x leverage 2026-02-09",False,,,,2026-02-09,2026-07-19,2026-06,2026-02-09,2026-03-10,2026-03-10,False,True,True,30,30,2,30,30,2,PLTRUSDT,30,,False,0,,,zero_base_new_asset,No Binance spot archive found in pre30 or near-listing probe window,30,2,30,True,True,True,True,False,,,,200:30,200:2,200:30,404:38,4904546.24400000,7,200:7
P0RES018-00529,ESPUSDT,ESP,2026-02-10 08:00:18 UTC,2026-02-10 08:10:00 UTC,official_announcement_body,2026-02-10,UNIVERSE_PIT,Binance Futures Will Launch USDS-Margined ESPUSDT Perpetual Contract Pre-Market Trading (2026-02-10),d60d3f7a16144a26ade3e9a84cd9156f,https://www.binance.com/en/support/announcement/d60d3f7a16144a26ade3e9a84cd9156f,ok,"Binance Futures Will Launch USDS-Margined ESPUSDT Perpetual Contract Pre-Market Trading (2026-02-10) This is a general Binance Exchange Notice. Products and services referred to here may not be available in your region. Fellow Binancians, To expand the list of trading choices offered on Binance Futures and to enhance users’ trading experience, Binance Futures will launch ESPUSDT perpetual contract pre-market trading starting at 2026-02-10 08:10 (UTC) with up to 5x leverage. More details on the a",False,,,,2026-02-10,2026-07-19,2026-06,2026-02-10,2026-03-11,2026-03-11,False,True,True,30,30,2,30,30,2,ESPUSDT,30,ESPUSDT,False,0,,2026-02-12,simultaneous_spot_perp,"Binance spot archive exists only within/near the pre-listing window, not full 30d",30,2,30,True,True,True,True,False,,,,200:30,200:2,200:30,200:6;404:32,38404278.57282001,7,200:7
P0RES018-00530,AZTECUSDT,AZTEC,2026-02-11 04:13:59 UTC,2026-02-11 04:30:00 UTC,official_announcement_body,2026-02-11,UNIVERSE_PIT,Binance Futures Will Launch USDS-Margined AZTECUSDT Perpetual Contract Pre-Market Trading (2026-02-11),2bf6526552a8464da4420fd0d5a412a9,https://www.binance.com/en/support/announcement/2bf6526552a8464da4420fd0d5a412a9,ok,"Binance Futures Will Launch USDS-Margined AZTECUSDT Perpetual Contract Pre-Market Trading (2026-02-11) This is a general Binance Exchange Notice. Products and services referred to here may not be available in your region. Fellow Binancians, To expand the list of trading choices offered on Binance Futures and to enhance users’ trading experience, Binance Futures will launch AZTECUSDT perpetual contract pre-market trading starting at 2026-02-11 04:30 (UTC) with up to 5x leverage. More details on t",False,,,,2026-02-11,2026-07-19,2026-06,2026-02-11,2026-03-12,2026-03-12,False,True,True,30,30,2,30,30,2,AZTECUSDT,30,,False,0,,,zero_base_new_asset,No Binance spot archive found in pre30 or near-listing probe window,30,2,30,True,True,True,True,False,,,,200:30,200:2,200:30,404:38,44512884.28692000,7,200:7
P0RES018-00531,OPNUSDT,OPN,2026-02-21 14:41:25 UTC,2026-02-21 15:00:00 UTC,official_announcement_body,2026-02-21,UNIVERSE_PIT,Binance Futures Will Launch USDS-Margined OPNUSDT Perpetual Contract Pre-Market Trading (2026-02-21),10096321bd8f49658a749fe00d8ea4ff,https://www.binance.com/en/support/announcement/10096321bd8f49658a749fe00d8ea4ff,ok,"Binance Futures Will Launch USDS-Margined OPNUSDT Perpetual Contract Pre-Market Trading (2026-02-21) This is a general Binance Exchange Notice. Products and services referred to here may not be available in your region. Fellow Binancians, To expand the list of trading choices offered on Binance Futures and to enhance users’ trading experience, Binance Futures will launch OPNUSDT perpetual contract pre-market trading starting at 2026-02-21 15:00 (UTC) with up to 5x leverage. More details on the a",False,,,,2026-02-21,2026-07-19,2026-06,2026-02-21,2026-03-22,2026-03-22,False,True,True,30,30,2,30,30,2,OPNUSDT,30,,False,0,,,zero_base_new_asset,No Binance spot archive found in pre30 or near-listing probe window,30,2,30,True,True,True,True,False,,,,200:30,200:2,200:30,404:38,108904877.28780001,7,200:7
P0RES018-00532,ROBOUSDT,ROBO,2026-02-27 08:00:22 UTC,2026-02-27 08:45:00 UTC,official_announcement_body,2026-02-27,UNIVERSE_PIT,Binance Futures Will Launch USDS-Margined ROBOUSDT Perpetual Contract (2026-02-27),35787d4177b84f1bbe32aeeb94232e86,https://www.binance.com/en/support/announcement/35787d4177b84f1bbe32aeeb94232e86,ok,"Binance Futures Will Launch USDS-Margined ROBOUSDT Perpetual Contract (2026-02-27) This is a general Binance Exchange Notice. Products and services referred to here may not be available in your region. Fellow Binancians, To expand the list of trading choices offered on Binance Futures and enhance users’ trading experience, Binance Futures will launch the following perpetual contract(s) as below: 2026-02-27 08:45 (UTC): ROBOUSDT Perpetual Contract with up to 20x leverage More details on the afore",False,,,,2026-02-27,2026-07-19,2026-06,2026-02-27,2026-03-28,2026-03-28,False,True,True,30,30,2,30,30,2,ROBOUSDT,30,ROBOUSDT,False,0,,2026-03-04,simultaneous_spot_perp,"Binance spot archive exists only within/near the pre-listing window, not full 30d",30,2,30,True,True,True,True,False,,,,200:30,200:2,200:30,200:3;404:35,143257815.11449996,7,200:7
P0RES018-00533,KATUSDT,KAT,2026-03-02 04:16:40 UTC,2026-03-02 05:00:00 UTC,official_announcement_body,2026-03-02,UNIVERSE_PIT,Binance Futures Will Launch USDS-Margined KATUSDT Perpetual Contract Pre-Market Trading (2026-03-02),d07ab8a296854013992d336e1d1f7488,https://www.binance.com/en/support/announcement/d07ab8a296854013992d336e1d1f7488,ok,"Binance Futures Will Launch USDS-Margined KATUSDT Perpetual Contract Pre-Market Trading (2026-03-02) This is a general Binance Exchange Notice. Products and services referred to here may not be available in your region. Fellow Binancians, To expand the list of trading choices offered on Binance Futures and to enhance users’ trading experience, Binance Futures will launch KATUSDT perpetual contract pre-market trading starting at 2026-03-02 05:00 (UTC) with up to 5x leverage. More details on the a",False,,,,2026-03-02,2026-07-19,2026-06,2026-03-02,2026-03-31,2026-03-31,False,True,True,30,30,1,30,30,1,KATUSDT,30,,False,0,,,zero_base_new_asset,No Binance spot archive found in pre30 or near-listing probe window,30,1,30,True,True,True,True,False,,,,200:30,200:1,200:30,404:38,6217864.05956000,7,200:7
P0RES018-00534,MANTRAUSDT,MANTRA,,2026-03-04 00:00:00 UTC,universe_onboard_date_midnight_proxy,2026-03-04,UNIVERSE_PIT,,,,not_matched_to_official_announcement,,False,,,,2026-03-04,2026-07-19,2026-06,2026-03-04,2026-04-02,2026-04-02,False,True,True,30,30,2,30,30,2,MANTRAUSDT,30,MANTRAUSDT,False,0,,2026-03-04,simultaneous_spot_perp,"Binance spot archive exists only within/near the pre-listing window, not full 30d",30,2,30,True,True,True,True,False,,,,200:30,200:2,200:30,200:8;404:30,59012005.38739000,7,200:7
P0RES018-00535,COPPERUSDT,COPPER,2026-03-04 12:30:04 UTC,2026-03-06 09:00:00 UTC,official_announcement_body,,official_announcement_only_not_in_local_UNIVERSE_PIT,Binance Futures Will Launch USDS-Margined COPPERUSDT Perpetual Contract (2026-03-06),44a37bb537b3460aafed58b8d68f5313,https://www.binance.com/en/support/announcement/44a37bb537b3460aafed58b8d68f5313,ok,"Binance Futures Will Launch USDS-Margined COPPERUSDT Perpetual Contract (2026-03-06) This is a general Binance Exchange Notice. Products and services referred to here may not be available in your region. Fellow Binancians, To expand the list of trading choices offered on Binance Futures and enhance users’ trading experience, Binance Futures will launch the following perpetual contract(s) as below: 2026-03-06 09:00 (UTC): COPPERUSDT Perpetual Contract with up to 100x leverage More details on the ",False,,,,2026-03-06,2026-07-19,2026-06,2026-03-06,2026-04-04,2026-04-04,False,True,True,30,30,2,30,30,2,COPPERUSDT,30,,False,0,,,zero_base_new_asset,No Binance spot archive found in pre30 or near-listing probe window,30,2,30,True,True,True,True,False,,,,200:30,200:2,200:30,404:38,14063724.05900000,7,200:7
P0RES018-00536,龙虾USDT,龙虾,,2026-03-11 00:00:00 UTC,universe_onboard_date_midnight_proxy,2026-03-11,UNIVERSE_PIT,,,,not_matched_to_official_announcement,,False,,,,2026-03-11,2026-07-19,2026-06,2026-03-11,2026-04-09,2026-04-09,False,True,True,30,30,2,30,30,2,龙虾USDT,30,,False,0,,,zero_base_new_asset,No Binance spot archive found in pre30 or near-listing probe window,30,2,30,True,True,True,True,False,,,,200:30,200:2,200:30,404:38,32819289.51149100,7,200:7
P0RES018-00537,CFGUSDT,CFG,,2026-03-16 00:00:00 UTC,universe_onboard_date_midnight_proxy,2026-03-16,UNIVERSE_PIT,,,,not_matched_to_official_announcement,,False,,,,2026-03-16,2026-07-19,2026-06,2026-03-16,2026-04-14,2026-04-14,False,True,True,30,30,2,30,30,2,CFGUSDT,30,CFGUSDT,False,0,,2026-03-16,simultaneous_spot_perp,"Binance spot archive exists only within/near the pre-listing window, not full 30d",30,2,30,True,True,True,True,False,,,,200:30,200:2,200:30,200:8;404:30,46319293.26360001,7,200:7
P0RES018-00538,EWYUSDT,EWY,2026-03-12 14:30:03 UTC,2026-03-16 13:30:00 UTC,official_announcement_body,,official_announcement_only_not_in_local_UNIVERSE_PIT,Binance Futures Will Launch EWYUSDT USDS-Margined Index Perpetual Contract (2026-03-16),ce8f84ad8b6e4307becb06758017cb02,https://www.binance.com/en/support/announcement/ce8f84ad8b6e4307becb06758017cb02,ok,"Binance Futures Will Launch EWYUSDT USDS-Margined Index Perpetual Contract (2026-03-16) This is a general Binance Exchange Notice. Products and services referred to here may not be available in your region. Fellow Binancians, To expand the list of trading choices offered on Binance Futures and enhance users’ trading experience, Binance Futures will launch the following perpetual contract(s) as below: 2026-03-16 13:30 (UTC): EWYUSDT Index Perpetual Contract with up to 10x More details on the afor",False,,,,2026-03-16,2026-07-19,2026-06,2026-03-16,2026-04-14,2026-04-14,False,True,True,30,30,2,30,30,2,EWYUSDT,30,,False,0,,,zero_base_new_asset,No Binance spot archive found in pre30 or near-listing probe window,30,2,30,True,True,True,True,False,,,,200:30,200:2,200:30,404:38,10295712.18530000,7,200:7
P0RES018-00539,EDGEUSDT,EDGE,2026-03-19 13:29:23 UTC,2026-03-19 14:00:00 UTC,official_announcement_body,2026-03-19,UNIVERSE_PIT,Binance Futures Will Launch USDS-Margined EDGEUSDT Perpetual Contract Pre-Market Trading (2026-03-19),f4038a3dbd6d49318c2ee201051fe43e,https://www.binance.com/en/support/announcement/f4038a3dbd6d49318c2ee201051fe43e,ok,"Binance Futures Will Launch USDS-Margined EDGEUSDT Perpetual Contract Pre-Market Trading (2026-03-19) This is a general Binance Exchange Notice. Products and services referred to here may not be available in your region. Fellow Binancians, To expand the list of trading choices offered on Binance Futures and to enhance users’ trading experience, Binance Futures will launch EDGEUSDT perpetual contract pre-market trading starting at 2026-03-19 14:00 (UTC) with up to 5x leverage. More details on the",False,,,,2026-03-19,2026-07-19,2026-06,2026-03-19,2026-04-17,2026-04-17,False,True,True,30,30,2,30,30,2,EDGEUSDT,30,,False,0,,,zero_base_new_asset,No Binance spot archive found in pre30 or near-listing probe window,30,2,30,True,True,True,True,False,,,,200:30,200:2,200:30,404:38,28170194.11730000,7,200:7
P0RES018-00540,EWJUSDT,EWJ,2026-03-16 10:30:01 UTC,2026-03-19 13:30:00 UTC,official_announcement_body,,official_announcement_only_not_in_local_UNIVERSE_PIT,Binance Futures Will Launch EWJUSDT USDS-Margined Index Perpetual Contract (2026-03-19),521c39a39f3d4910af0835d477277299,https://www.binance.com/en/support/announcement/521c39a39f3d4910af0835d477277299,ok,"Binance Futures Will Launch EWJUSDT USDS-Margined Index Perpetual Contract (2026-03-19) This is a general Binance Exchange Notice. Products and services referred to here may not be available in your region. Fellow Binancians, To expand the list of trading choices offered on Binance Futures and enhance users’ trading experience, Binance Futures will launch the following perpetual contract(s) as below: 2026-03-19 13:30 (UTC): EWJUSDT Index Perpetual Contract with up to 10x More details on the afor",False,,,,2026-03-19,2026-07-19,2026-06,2026-03-19,2026-04-17,2026-04-17,False,True,True,30,30,2,30,30,2,EWJUSDT,30,,False,0,,,zero_base_new_asset,No Binance spot archive found in pre30 or near-listing probe window,30,2,30,True,True,True,True,False,,,,200:30,200:2,200:30,404:38,604037.76800000,7,200:7
P0RES018-00541,PAYPUSDT,PAYP,2026-03-20 13:58:29 UTC,2026-03-23 14:30:00 UTC,official_announcement_body,,official_announcement_only_not_in_local_UNIVERSE_PIT,Binance Futures Will Launch PAYPUSDT USDS-Margined Equity Perpetual Contract (2026-03-23),eb32c90a26fd405d97ea0c4174d41d74,https://www.binance.com/en/support/announcement/eb32c90a26fd405d97ea0c4174d41d74,ok,"Binance Futures Will Launch PAYPUSDT USDS-Margined Equity Perpetual Contract (2026-03-23) This is a general Binance Exchange Notice. Products and services referred to here may not be available in your region. Fellow Binancians, To expand the list of trading choices offered on Binance Futures and enhance users’ trading experience, Binance Futures will launch the following perpetual contract(s) as below: 2026-03-23 14:30 (UTC): PAYPUSDT Equity Perpetual Contract with up to 10x More details on the ",False,,,,2026-03-23,2026-07-19,2026-06,2026-03-23,2026-04-21,2026-04-21,False,True,True,30,30,2,30,30,2,PAYPUSDT,30,,False,0,,,zero_base_new_asset,No Binance spot archive found in pre30 or near-listing probe window,30,2,30,True,True,True,True,False,,,,200:30,200:2,200:30,404:38,2258935.60590000,7,200:7
P0RES018-00542,BSBUSDT,BSB,2026-03-25 10:14:18 UTC,2026-03-25 11:45:00 UTC,official_announcement_body,2026-03-25,UNIVERSE_PIT,Binance Futures Will Launch USDS-Margined BSBUSDT Perpetual Contract (2026-03-25),25ad30a9e9b84f6eb81294cebfe7c247,https://www.binance.com/en/support/announcement/25ad30a9e9b84f6eb81294cebfe7c247,ok,"Binance Futures Will Launch USDS-Margined BSBUSDT Perpetual Contract (2026-03-25) This is a general Binance Exchange Notice. Products and services referred to here may not be available in your region. Fellow Binancians, To expand the list of trading choices offered on Binance Futures and enhance users’ trading experience, Binance Futures will launch the following perpetual contract(s) as below: 2026-03-25 11:45 (UTC): BSBUSDT Perpetual Contract with up to 10x leverage More details on the aforeme",False,,,,2026-03-25,2026-07-19,2026-06,2026-03-25,2026-04-23,2026-04-23,False,True,True,30,30,2,30,30,2,BSBUSDT,30,,False,0,,,zero_base_new_asset,No Binance spot archive found in pre30 or near-listing probe window,30,2,30,True,True,True,True,False,,,,200:30,200:2,200:30,404:38,77892383.26526999,7,200:7
P0RES018-00543,GOOGLUSDT,GOOGL,2026-03-24 16:40:42 UTC,2026-03-26 14:50:00 UTC,official_announcement_body,,official_announcement_only_not_in_local_UNIVERSE_PIT,Binance Futures Will Launch Multiple USDS-Margined Equity Perpetual Contracts (2026-03-26),1aa8f5f80e4a4afcab149e653fd3113d,https://www.binance.com/en/support/announcement/1aa8f5f80e4a4afcab149e653fd3113d,ok,"Binance Futures Will Launch Multiple USDS-Margined Equity Perpetual Contracts (2026-03-26) This is a general Binance Exchange Notice. Products and services referred to here may not be available in your region. Fellow Binancians, To expand the list of trading choices offered on Binance Futures and enhance users’ trading experience, Binance Futures will launch the following perpetual contract(s) as below: 2026-03-26 14:30 (UTC): METAUSDT Equity Perpetual Contract with up to 10x 2026-03-26 14:40 (U",False,,,,2026-03-26,2026-07-19,2026-06,2026-03-26,2026-04-24,2026-04-24,False,True,True,30,30,2,30,30,2,GOOGLUSDT,30,,False,0,,,tradfi_or_special,announcement/body or ticker indicates TradFi/special underlying,29,2,30,False,True,True,False,False,2026-04-20,,,000:1;200:29,200:2,200:30,404:38,5377945.14170000,7,200:7
P0RES018-00544,METAUSDT,META,2026-03-24 16:40:42 UTC,2026-03-26 14:30:00 UTC,official_announcement_body,,official_announcement_only_not_in_local_UNIVERSE_PIT,Binance Futures Will Launch Multiple USDS-Margined Equity Perpetual Contracts (2026-03-26),1aa8f5f80e4a4afcab149e653fd3113d,https://www.binance.com/en/support/announcement/1aa8f5f80e4a4afcab149e653fd3113d,ok,"Binance Futures Will Launch Multiple USDS-Margined Equity Perpetual Contracts (2026-03-26) This is a general Binance Exchange Notice. Products and services referred to here may not be available in your region. Fellow Binancians, To expand the list of trading choices offered on Binance Futures and enhance users’ trading experience, Binance Futures will launch the following perpetual contract(s) as below: 2026-03-26 14:30 (UTC): METAUSDT Equity Perpetual Contract with up to 10x 2026-03-26 14:40 (U",False,,,,2026-03-26,2026-07-19,2026-06,2026-03-26,2026-04-24,2026-04-24,False,True,True,30,30,2,30,30,2,METAUSDT,30,,False,0,,,tradfi_or_special,announcement/body or ticker indicates TradFi/special underlying,30,2,30,True,True,True,True,False,,,,200:30,200:2,200:30,404:38,4120122.48360000,7,200:7
P0RES018-00545,NVDAUSDT,NVDA,2026-03-24 16:40:42 UTC,2026-03-26 14:40:00 UTC,official_announcement_body,,official_announcement_only_not_in_local_UNIVERSE_PIT,Binance Futures Will Launch Multiple USDS-Margined Equity Perpetual Contracts (2026-03-26),1aa8f5f80e4a4afcab149e653fd3113d,https://www.binance.com/en/support/announcement/1aa8f5f80e4a4afcab149e653fd3113d,ok,"Binance Futures Will Launch Multiple USDS-Margined Equity Perpetual Contracts (2026-03-26) This is a general Binance Exchange Notice. Products and services referred to here may not be available in your region. Fellow Binancians, To expand the list of trading choices offered on Binance Futures and enhance users’ trading experience, Binance Futures will launch the following perpetual contract(s) as below: 2026-03-26 14:30 (UTC): METAUSDT Equity Perpetual Contract with up to 10x 2026-03-26 14:40 (U",False,,,,2026-03-26,2026-07-19,2026-06,2026-03-26,2026-04-24,2026-04-24,False,True,True,30,30,2,30,30,2,NVDAUSDT,30,,False,0,,,tradfi_or_special,announcement/body or ticker indicates TradFi/special underlying,30,2,30,True,True,True,True,False,,,,200:30,200:2,200:30,404:38,8286461.11610000,7,200:7
P0RES018-00546,XAUTUSDT,XAUT,,2026-03-26 00:00:00 UTC,universe_onboard_date_midnight_proxy,2026-03-26,UNIVERSE_PIT,,,,not_matched_to_official_announcement,,False,,,,2026-03-26,2026-07-19,2026-06,2026-03-26,2026-04-24,2026-04-24,False,True,True,30,30,2,30,30,2,XAUTUSDT,30,XAUTUSDT,False,0,,2026-03-26,simultaneous_spot_perp,"Binance spot archive exists only within/near the pre-listing window, not full 30d",30,2,30,True,True,True,True,False,,,,200:30,200:2,200:30,200:8;404:30,33337105.47561000,7,200:7
P0RES018-00547,BASEDUSDT,BASED,2026-03-30 09:40:42 UTC,2026-03-30 10:00:00 UTC,official_announcement_body,2026-03-30,UNIVERSE_PIT,Binance Futures Will Launch USDS-Margined BASEDUSDT Perpetual Contract (2026-03-30),63341635f7b94af2835eba2dc72d07d4,https://www.binance.com/en/support/announcement/63341635f7b94af2835eba2dc72d07d4,ok,"Binance Futures Will Launch USDS-Margined BASEDUSDT Perpetual Contract (2026-03-30) This is a general Binance Exchange Notice. Products and services referred to here may not be available in your region. Fellow Binancians, To expand the list of trading choices offered on Binance Futures and enhance users’ trading experience, Binance Futures will launch the following perpetual contract(s) as below: 2026-03-30 10:00 (UTC): BASEDUSDT Perpetual Contract with up to 50x leverage More details on the afo",False,,,,2026-03-30,2026-07-19,2026-06,2026-03-30,2026-04-28,2026-04-28,False,True,True,30,30,2,30,30,2,BASEDUSDT,30,,False,0,,,zero_base_new_asset,No Binance spot archive found in pre30 or near-listing probe window,30,2,30,True,True,True,True,False,,,,200:30,200:2,200:30,404:38,31979690.50990000,7,200:7
P0RES018-00548,BZUSDT,BZ,2026-03-30 13:00:35 UTC,2026-04-01 09:10:00 UTC,official_announcement_body,,official_announcement_only_not_in_local_UNIVERSE_PIT,"Binance Futures Will Launch USDS-Margined CLUSDT, BZUSDT and NATGASUSDT Perpetual Contracts (2026-04-01)",e7a10ca855524655ab3dea73add40ef4,https://www.binance.com/en/support/announcement/e7a10ca855524655ab3dea73add40ef4,ok,"Binance Futures Will Launch USDS-Margined CLUSDT, BZUSDT and NATGASUSDT Perpetual Contracts (2026-04-01) This is a general Binance Exchange Notice. Products and services referred to here may not be available in your region. Fellow Binancians, To expand the list of trading choices offered on Binance Futures and enhance users’ trading experience, Binance Futures will launch the following perpetual contract(s) as below: 2026-04-01 09:00 (UTC): CLUSDT Perpetual Contract with up to 100x leverage 2026",False,,,,2026-04-01,2026-07-19,2026-06,2026-04-01,2026-04-30,2026-04-30,False,True,True,30,30,1,30,30,1,BZUSDT,30,,False,0,,,zero_base_new_asset,No Binance spot archive found in pre30 or near-listing probe window,30,1,30,True,True,True,True,False,,,,200:30,200:1,200:30,404:38,85588339.89239998,7,200:7
P0RES018-00549,CLUSDT,CL,2026-03-30 13:00:35 UTC,2026-04-01 09:00:00 UTC,official_announcement_body,,official_announcement_only_not_in_local_UNIVERSE_PIT,"Binance Futures Will Launch USDS-Margined CLUSDT, BZUSDT and NATGASUSDT Perpetual Contracts (2026-04-01)",e7a10ca855524655ab3dea73add40ef4,https://www.binance.com/en/support/announcement/e7a10ca855524655ab3dea73add40ef4,ok,"Binance Futures Will Launch USDS-Margined CLUSDT, BZUSDT and NATGASUSDT Perpetual Contracts (2026-04-01) This is a general Binance Exchange Notice. Products and services referred to here may not be available in your region. Fellow Binancians, To expand the list of trading choices offered on Binance Futures and enhance users’ trading experience, Binance Futures will launch the following perpetual contract(s) as below: 2026-04-01 09:00 (UTC): CLUSDT Perpetual Contract with up to 100x leverage 2026",False,,,,2026-04-01,2026-07-19,2026-06,2026-04-01,2026-04-30,2026-04-30,False,True,True,30,30,1,30,30,1,CLUSDT,30,,False,0,,,zero_base_new_asset,No Binance spot archive found in pre30 or near-listing probe window,30,1,30,True,True,True,True,False,,,,200:30,200:1,200:30,404:38,196914061.36579999,7,200:7
P0RES018-00550,NATGASUSDT,NATGAS,2026-03-30 13:00:35 UTC,2026-04-01 09:20:00 UTC,official_announcement_body,,official_announcement_only_not_in_local_UNIVERSE_PIT,"Binance Futures Will Launch USDS-Margined CLUSDT, BZUSDT and NATGASUSDT Perpetual Contracts (2026-04-01)",e7a10ca855524655ab3dea73add40ef4,https://www.binance.com/en/support/announcement/e7a10ca855524655ab3dea73add40ef4,ok,"Binance Futures Will Launch USDS-Margined CLUSDT, BZUSDT and NATGASUSDT Perpetual Contracts (2026-04-01) This is a general Binance Exchange Notice. Products and services referred to here may not be available in your region. Fellow Binancians, To expand the list of trading choices offered on Binance Futures and enhance users’ trading experience, Binance Futures will launch the following perpetual contract(s) as below: 2026-04-01 09:00 (UTC): CLUSDT Perpetual Contract with up to 100x leverage 2026",False,,,,2026-04-01,2026-07-19,2026-06,2026-04-01,2026-04-30,2026-04-30,False,True,True,30,30,1,30,30,1,NATGASUSDT,30,,False,0,,,zero_base_new_asset,No Binance spot archive found in pre30 or near-listing probe window,30,1,30,True,True,True,True,False,,,,200:30,200:1,200:30,404:38,7713284.85380000,7,200:7
P0RES018-00551,PRLUSDT,PRL,2026-04-01 09:51:00 UTC,2026-04-01 10:30:00 UTC,official_announcement_body,2026-04-01,UNIVERSE_PIT,Binance Futures Will Launch USDS-Margined PRLUSDT Perpetual Contract (2026-04-01),0116dd83010043bd95c37626e2277bbe,https://www.binance.com/en/support/announcement/0116dd83010043bd95c37626e2277bbe,ok,"Binance Futures Will Launch USDS-Margined PRLUSDT Perpetual Contract (2026-04-01) This is a general Binance Exchange Notice. Products and services referred to here may not be available in your region. Fellow Binancians, To expand the list of trading choices offered on Binance Futures and enhance users’ trading experience, Binance Futures will launch the following perpetual contract(s) as below: 2026-04-01 10:30 (UTC): PRLUSDT Perpetual Contract with up to 20x leverage More details on the aforeme",False,,,,2026-04-01,2026-07-19,2026-06,2026-04-01,2026-04-30,2026-04-30,False,True,True,30,30,1,30,30,1,PRLUSDT,30,,False,0,,,zero_base_new_asset,No Binance spot archive found in pre30 or near-listing probe window,30,1,30,True,True,True,True,False,,,,200:30,200:1,200:30,404:38,13199568.24380000,7,200:7
P0RES018-00552,AAPLUSDT,AAPL,2026-04-02 09:15:03 UTC,2026-04-06 13:50:00 UTC,official_announcement_body,,official_announcement_only_not_in_local_UNIVERSE_PIT,"Binance Futures Will Launch QQQUSDT, SPYUSDT, AAPLUSDT and TSMUSDT USDS-Margined Perpetual Contracts (2026-04-06)",4cde981dc32d4268b7645e9d16e8d63a,https://www.binance.com/en/support/announcement/4cde981dc32d4268b7645e9d16e8d63a,ok,"Binance Futures Will Launch QQQUSDT, SPYUSDT, AAPLUSDT and TSMUSDT USDS-Margined Perpetual Contracts (2026-04-06) This is a general Binance Exchange Notice. Products and services referred to here may not be available in your region. Fellow Binancians, To expand the list of trading choices offered on Binance Futures and enhance users’ trading experience, Binance Futures will launch the following perpetual contract(s) as below: 2026-04-06 13:30 (UTC): QQQUSDT Index Perpetual Contract with up to 10",False,,,,2026-04-06,2026-07-19,2026-06,2026-04-06,2026-05-05,2026-05-05,False,True,True,30,30,2,30,30,2,AAPLUSDT,30,,False,0,,,tradfi_or_special,announcement/body or ticker indicates TradFi/special underlying,30,2,30,True,True,True,True,False,,,,200:30,200:2,200:30,404:38,1241992.35790000,7,200:7
P0RES018-00553,QQQUSDT,QQQ,2026-04-02 09:15:03 UTC,2026-04-06 13:30:00 UTC,official_announcement_body,,official_announcement_only_not_in_local_UNIVERSE_PIT,"Binance Futures Will Launch QQQUSDT, SPYUSDT, AAPLUSDT and TSMUSDT USDS-Margined Perpetual Contracts (2026-04-06)",4cde981dc32d4268b7645e9d16e8d63a,https://www.binance.com/en/support/announcement/4cde981dc32d4268b7645e9d16e8d63a,ok,"Binance Futures Will Launch QQQUSDT, SPYUSDT, AAPLUSDT and TSMUSDT USDS-Margined Perpetual Contracts (2026-04-06) This is a general Binance Exchange Notice. Products and services referred to here may not be available in your region. Fellow Binancians, To expand the list of trading choices offered on Binance Futures and enhance users’ trading experience, Binance Futures will launch the following perpetual contract(s) as below: 2026-04-06 13:30 (UTC): QQQUSDT Index Perpetual Contract with up to 10",False,,,,2026-04-06,2026-07-19,2026-06,2026-04-06,2026-05-05,2026-05-05,False,True,True,30,30,2,30,30,2,QQQUSDT,30,,False,0,,,zero_base_new_asset,No Binance spot archive found in pre30 or near-listing probe window,30,2,30,True,True,True,True,False,,,,200:30,200:2,200:30,404:38,3658145.34740000,7,200:7
P0RES018-00554,SPYUSDT,SPY,2026-04-02 09:15:03 UTC,2026-04-06 13:40:00 UTC,official_announcement_body,,official_announcement_only_not_in_local_UNIVERSE_PIT,"Binance Futures Will Launch QQQUSDT, SPYUSDT, AAPLUSDT and TSMUSDT USDS-Margined Perpetual Contracts (2026-04-06)",4cde981dc32d4268b7645e9d16e8d63a,https://www.binance.com/en/support/announcement/4cde981dc32d4268b7645e9d16e8d63a,ok,"Binance Futures Will Launch QQQUSDT, SPYUSDT, AAPLUSDT and TSMUSDT USDS-Margined Perpetual Contracts (2026-04-06) This is a general Binance Exchange Notice. Products and services referred to here may not be available in your region. Fellow Binancians, To expand the list of trading choices offered on Binance Futures and enhance users’ trading experience, Binance Futures will launch the following perpetual contract(s) as below: 2026-04-06 13:30 (UTC): QQQUSDT Index Perpetual Contract with up to 10",False,,,,2026-04-06,2026-07-19,2026-06,2026-04-06,2026-05-05,2026-05-05,False,True,True,30,30,2,30,30,2,SPYUSDT,30,,False,0,,,zero_base_new_asset,No Binance spot archive found in pre30 or near-listing probe window,30,2,30,True,True,True,True,False,,,,200:30,200:2,200:30,404:38,1958467.97720000,7,200:7
P0RES018-00555,TSMUSDT,TSM,2026-04-02 09:15:03 UTC,2026-04-06 14:00:00 UTC,official_announcement_body,,official_announcement_only_not_in_local_UNIVERSE_PIT,"Binance Futures Will Launch QQQUSDT, SPYUSDT, AAPLUSDT and TSMUSDT USDS-Margined Perpetual Contracts (2026-04-06)",4cde981dc32d4268b7645e9d16e8d63a,https://www.binance.com/en/support/announcement/4cde981dc32d4268b7645e9d16e8d63a,ok,"Binance Futures Will Launch QQQUSDT, SPYUSDT, AAPLUSDT and TSMUSDT USDS-Margined Perpetual Contracts (2026-04-06) This is a general Binance Exchange Notice. Products and services referred to here may not be available in your region. Fellow Binancians, To expand the list of trading choices offered on Binance Futures and enhance users’ trading experience, Binance Futures will launch the following perpetual contract(s) as below: 2026-04-06 13:30 (UTC): QQQUSDT Index Perpetual Contract with up to 10",False,,,,2026-04-06,2026-07-19,2026-06,2026-04-06,2026-05-05,2026-05-05,False,True,True,30,30,2,30,30,2,TSMUSDT,30,,False,0,,,zero_base_new_asset,No Binance spot archive found in pre30 or near-listing probe window,30,2,30,True,True,True,True,False,,,,200:30,200:2,200:30,404:38,1161200.37300000,7,200:7
P0RES018-00556,MUUSDT,MU,2026-04-03 13:30:07 UTC,2026-04-07 13:30:00 UTC,official_announcement_body,,official_announcement_only_not_in_local_UNIVERSE_PIT,Binance Futures Will Launch MUUSDT and SNDKUSDT USDS-Margined Equity Perpetual Contracts (2026-04-07),80549fadb3e447d1a859b8cedd0ccd69,https://www.binance.com/en/support/announcement/80549fadb3e447d1a859b8cedd0ccd69,ok,"Binance Futures Will Launch MUUSDT and SNDKUSDT USDS-Margined Equity Perpetual Contracts (2026-04-07) This is a general Binance Exchange Notice. Products and services referred to here may not be available in your region. Fellow Binancians, To expand the list of trading choices offered on Binance Futures and enhance users’ trading experience, Binance Futures will launch the following perpetual contract(s) as below: 2026-04-07 13:30 (UTC): MUUSDT Equity Perpetual Contract with up to 10x 2026-04-07",False,,,,2026-04-07,2026-07-19,2026-06,2026-04-07,2026-05-06,2026-05-06,False,True,True,30,30,2,30,30,2,MUUSDT,30,,False,0,,,zero_base_new_asset,No Binance spot archive found in pre30 or near-listing probe window,30,2,30,True,True,True,True,False,,,,200:30,200:2,200:30,404:38,4538814.75370000,7,200:7
P0RES018-00557,SNDKUSDT,SNDK,2026-04-03 13:30:07 UTC,2026-04-07 13:40:00 UTC,official_announcement_body,,official_announcement_only_not_in_local_UNIVERSE_PIT,Binance Futures Will Launch MUUSDT and SNDKUSDT USDS-Margined Equity Perpetual Contracts (2026-04-07),80549fadb3e447d1a859b8cedd0ccd69,https://www.binance.com/en/support/announcement/80549fadb3e447d1a859b8cedd0ccd69,ok,"Binance Futures Will Launch MUUSDT and SNDKUSDT USDS-Margined Equity Perpetual Contracts (2026-04-07) This is a general Binance Exchange Notice. Products and services referred to here may not be available in your region. Fellow Binancians, To expand the list of trading choices offered on Binance Futures and enhance users’ trading experience, Binance Futures will launch the following perpetual contract(s) as below: 2026-04-07 13:30 (UTC): MUUSDT Equity Perpetual Contract with up to 10x 2026-04-07",False,,,,2026-04-07,2026-07-19,2026-06,2026-04-07,2026-05-06,2026-05-06,False,True,True,30,30,2,30,30,2,SNDKUSDT,30,,False,0,,,zero_base_new_asset,No Binance spot archive found in pre30 or near-listing probe window,30,2,30,True,True,True,True,False,,,,200:30,200:2,200:30,404:38,6542715.32070000,7,200:7
P0RES018-00558,CHIPUSDT,CHIP,2026-04-16 06:14:15 UTC,2026-04-16 07:15:00 UTC,official_announcement_body,2026-04-16,UNIVERSE_PIT,Binance Futures Will Launch USDS-Margined CHIPUSDT Perpetual Contract Pre-Market Trading (2026-04-16),9db6d823933341f1abcc04ed9ceab35d,https://www.binance.com/en/support/announcement/9db6d823933341f1abcc04ed9ceab35d,ok,"Binance Futures Will Launch USDS-Margined CHIPUSDT Perpetual Contract Pre-Market Trading (2026-04-16) This is a general Binance Exchange Notice. Products and services referred to here may not be available in your region. Fellow Binancians, To expand the list of trading choices offered on Binance Futures and to enhance users’ trading experience, Binance Futures will launch CHIPUSDT perpetual contract pre-market trading starting at 2026-04-16 07:15 (UTC) with up to 5x leverage. More details on the",False,,,,2026-04-16,2026-07-19,2026-06,2026-04-16,2026-05-15,2026-05-15,False,True,True,30,30,2,30,30,2,CHIPUSDT,30,CHIPUSDT,False,0,,2026-04-21,simultaneous_spot_perp,"Binance spot archive exists only within/near the pre-listing window, not full 30d",30,2,30,True,True,True,True,False,,,,200:30,200:2,200:30,200:3;404:35,7630512.78909000,7,200:7
P0RES018-00559,GENIUSUSDT,GENIUS,2026-04-16 02:03:08 UTC,2026-04-16 03:30:00 UTC,official_announcement_body,2026-04-16,UNIVERSE_PIT,Binance Futures Will Launch USDS-Margined GENIUSUSDT Perpetual Contract (2026-04-16),741ea1c99c1e4897a5bd77aa5db4abc4,https://www.binance.com/en/support/announcement/741ea1c99c1e4897a5bd77aa5db4abc4,ok,"Binance Futures Will Launch USDS-Margined GENIUSUSDT Perpetual Contract (2026-04-16) This is a general Binance Exchange Notice. Products and services referred to here may not be available in your region. Fellow Binancians, To expand the list of trading choices offered on Binance Futures and enhance users’ trading experience, Binance Futures will launch the following perpetual contract(s) as below: 2026-04-16 03:30 (UTC): GENIUSUSDT Perpetual Contract with up to 20x leverage More details on the a",False,,,,2026-04-16,2026-07-19,2026-06,2026-04-16,2026-05-15,2026-05-15,False,True,True,30,30,2,30,30,2,GENIUSUSDT,30,,False,0,,,zero_base_new_asset,No Binance spot archive found in pre30 or near-listing probe window,30,2,30,True,True,True,True,False,,,,200:30,200:2,200:30,404:38,44511350.74400001,7,200:7
P0RES018-00560,AVGOUSDT,AVGO,2026-04-16 09:44:56 UTC,2026-04-20 13:40:00 UTC,official_announcement_body,,official_announcement_only_not_in_local_UNIVERSE_PIT,"Binance Futures Will Launch MSFTUSDT, AVGOUSDT and BABAUSDT USDS-Margined Perpetual Contracts (2026-04-20)",16fe15060947481ab240fb398230a3ee,https://www.binance.com/en/support/announcement/16fe15060947481ab240fb398230a3ee,ok,"Binance Futures Will Launch MSFTUSDT, AVGOUSDT and BABAUSDT USDS-Margined Perpetual Contracts (2026-04-20) This is a general Binance Exchange Notice. Products and services referred to here may not be available in your region. Fellow Binancians, To expand the list of trading choices offered on Binance Futures and enhance users’ trading experience, Binance Futures will launch the following perpetual contract(s) as below: 2026-04-20 13:30 (UTC): MSFTUSDT Perpetual Contract with up to 10x 2026-04-20",False,,,,2026-04-20,2026-07-19,2026-06,2026-04-20,2026-05-19,2026-05-19,False,True,True,30,30,2,30,30,2,AVGOUSDT,30,,False,0,,,zero_base_new_asset,No Binance spot archive found in pre30 or near-listing probe window,30,2,30,True,True,True,True,False,,,,200:30,200:2,200:30,404:38,1412478.23950000,7,200:7
P0RES018-00561,BABAUSDT,BABA,2026-04-16 09:44:56 UTC,2026-04-20 13:50:00 UTC,official_announcement_body,,official_announcement_only_not_in_local_UNIVERSE_PIT,"Binance Futures Will Launch MSFTUSDT, AVGOUSDT and BABAUSDT USDS-Margined Perpetual Contracts (2026-04-20)",16fe15060947481ab240fb398230a3ee,https://www.binance.com/en/support/announcement/16fe15060947481ab240fb398230a3ee,ok,"Binance Futures Will Launch MSFTUSDT, AVGOUSDT and BABAUSDT USDS-Margined Perpetual Contracts (2026-04-20) This is a general Binance Exchange Notice. Products and services referred to here may not be available in your region. Fellow Binancians, To expand the list of trading choices offered on Binance Futures and enhance users’ trading experience, Binance Futures will launch the following perpetual contract(s) as below: 2026-04-20 13:30 (UTC): MSFTUSDT Perpetual Contract with up to 10x 2026-04-20",False,,,,2026-04-20,2026-07-19,2026-06,2026-04-20,2026-05-19,2026-05-19,False,True,True,30,30,2,30,30,2,BABAUSDT,30,,False,0,,,tradfi_or_special,announcement/body or ticker indicates TradFi/special underlying,30,2,30,True,True,True,True,False,,,,200:30,200:2,200:30,404:38,1315261.34880000,7,200:7
P0RES018-00562,MSFTUSDT,MSFT,2026-04-16 09:44:56 UTC,2026-04-20 13:30:00 UTC,official_announcement_body,,official_announcement_only_not_in_local_UNIVERSE_PIT,"Binance Futures Will Launch MSFTUSDT, AVGOUSDT and BABAUSDT USDS-Margined Perpetual Contracts (2026-04-20)",16fe15060947481ab240fb398230a3ee,https://www.binance.com/en/support/announcement/16fe15060947481ab240fb398230a3ee,ok,"Binance Futures Will Launch MSFTUSDT, AVGOUSDT and BABAUSDT USDS-Margined Perpetual Contracts (2026-04-20) This is a general Binance Exchange Notice. Products and services referred to here may not be available in your region. Fellow Binancians, To expand the list of trading choices offered on Binance Futures and enhance users’ trading experience, Binance Futures will launch the following perpetual contract(s) as below: 2026-04-20 13:30 (UTC): MSFTUSDT Perpetual Contract with up to 10x 2026-04-20",False,,,,2026-04-20,2026-07-19,2026-06,2026-04-20,2026-05-19,2026-05-19,False,True,True,30,30,2,30,30,2,MSFTUSDT,30,,False,0,,,tradfi_or_special,announcement/body or ticker indicates TradFi/special underlying,30,2,30,True,True,True,True,False,,,,200:30,200:2,200:30,404:38,2571844.19150000,7,200:7
P0RES018-00563,OPGUSDT,OPG,2026-04-22 14:51:55 UTC,2026-04-22 15:30:00 UTC,official_announcement_body,2026-04-22,UNIVERSE_PIT,Binance Futures Will Launch USDS-Margined OPGUSDT Perpetual Contract (2026-04-22),e4b4751f7ee845dd9df5c1bfd94ade51,https://www.binance.com/en/support/announcement/e4b4751f7ee845dd9df5c1bfd94ade51,ok,"Binance Futures Will Launch USDS-Margined OPGUSDT Perpetual Contract (2026-04-22) This is a general Binance Exchange Notice. Products and services referred to here may not be available in your region. Fellow Binancians, To expand the list of trading choices offered on Binance Futures and enhance users’ trading experience, Binance Futures will launch the following perpetual contract(s) as below: 2026-04-22 15:30 (UTC): OPGUSDT Perpetual Contract with up to 20x leverage More details on the aforeme",False,,,,2026-04-22,2026-07-19,2026-06,2026-04-22,2026-05-21,2026-05-21,False,True,True,30,30,2,30,30,2,OPGUSDT,30,,False,0,,,zero_base_new_asset,No Binance spot archive found in pre30 or near-listing probe window,30,2,30,True,True,True,True,False,,,,200:30,200:2,200:30,404:38,51953753.97480001,7,200:7
P0RES018-00564,AIGENSYNUSDT,AIGENSYN,2026-04-29 13:27:04 UTC,2026-04-29 14:15:00 UTC,official_announcement_body,2026-04-29,UNIVERSE_PIT,Binance Futures Will Launch USDS-Margined AIGENSYNUSDT Perpetual Contract (2026-04-29),524345e64dd14a23989bfe1e547760b5,https://www.binance.com/en/support/announcement/524345e64dd14a23989bfe1e547760b5,ok,"Binance Futures Will Launch USDS-Margined AIGENSYNUSDT Perpetual Contract (2026-04-29) This is a general Binance Exchange Notice. Products and services referred to here may not be available in your region. Fellow Binancians, To expand the list of trading choices offered on Binance Futures and enhance users’ trading experience, Binance Futures will launch the following perpetual contract(s) as below: 2026-04-29 14:15 (UTC): AIGENSYNUSDT Perpetual Contract with up to 20x leverage More details on t",False,,,,2026-04-29,2026-07-19,2026-06,2026-04-29,2026-05-28,2026-05-28,False,True,True,30,30,2,30,30,2,AIGENSYNUSDT,30,,False,0,,,zero_base_new_asset,No Binance spot archive found in pre30 or near-listing probe window,30,2,30,True,True,True,True,False,,,,200:30,200:2,200:30,404:38,74453986.23262997,7,200:7
P0RES018-00565,AMDUSDT,AMD,2026-05-04 06:29:57 UTC,2026-05-06 13:30:00 UTC,official_announcement_body,,official_announcement_only_not_in_local_UNIVERSE_PIT,"Binance Futures Will Launch AMDUSDT, QCOMUSDT and USARUSDT USDS-Margined Perpetual Contracts (2026-05-06)",9f61baed332542118387bb161030df01,https://www.binance.com/en/support/announcement/9f61baed332542118387bb161030df01,ok,"Binance Futures Will Launch AMDUSDT, QCOMUSDT and USARUSDT USDS-Margined Perpetual Contracts (2026-05-06) This is a general Binance Exchange Notice. Products and services referred to here may not be available in your region. Fellow Binancians, To expand the list of trading choices offered on Binance Futures and enhance users’ trading experience, Binance Futures will launch the following perpetual contract(s) as below: 2026-05-06 13:30 (UTC): AMDUSDT Perpetual Contract with up to 10x 2026-05-06 1",False,,,,2026-05-06,2026-07-19,2026-06,2026-05-06,2026-06-04,2026-06-04,False,True,True,30,30,2,30,30,2,AMDUSDT,30,,False,0,,,zero_base_new_asset,No Binance spot archive found in pre30 or near-listing probe window,30,2,30,True,True,True,True,False,,,,200:30,200:2,200:30,404:38,13180894.51600000,7,200:7
P0RES018-00566,QCOMUSDT,QCOM,2026-05-04 06:29:57 UTC,2026-05-06 13:35:00 UTC,official_announcement_body,,official_announcement_only_not_in_local_UNIVERSE_PIT,"Binance Futures Will Launch AMDUSDT, QCOMUSDT and USARUSDT USDS-Margined Perpetual Contracts (2026-05-06)",9f61baed332542118387bb161030df01,https://www.binance.com/en/support/announcement/9f61baed332542118387bb161030df01,ok,"Binance Futures Will Launch AMDUSDT, QCOMUSDT and USARUSDT USDS-Margined Perpetual Contracts (2026-05-06) This is a general Binance Exchange Notice. Products and services referred to here may not be available in your region. Fellow Binancians, To expand the list of trading choices offered on Binance Futures and enhance users’ trading experience, Binance Futures will launch the following perpetual contract(s) as below: 2026-05-06 13:30 (UTC): AMDUSDT Perpetual Contract with up to 10x 2026-05-06 1",False,,,,2026-05-06,2026-07-19,2026-06,2026-05-06,2026-06-04,2026-06-04,False,True,True,30,30,2,30,30,2,QCOMUSDT,30,,False,0,,,zero_base_new_asset,No Binance spot archive found in pre30 or near-listing probe window,30,2,30,True,True,True,True,False,,,,200:30,200:2,200:30,404:38,6750772.57560000,7,200:7
P0RES018-00567,USARUSDT,USAR,2026-05-04 06:29:57 UTC,2026-05-06 13:40:00 UTC,official_announcement_body,,official_announcement_only_not_in_local_UNIVERSE_PIT,"Binance Futures Will Launch AMDUSDT, QCOMUSDT and USARUSDT USDS-Margined Perpetual Contracts (2026-05-06)",9f61baed332542118387bb161030df01,https://www.binance.com/en/support/announcement/9f61baed332542118387bb161030df01,ok,"Binance Futures Will Launch AMDUSDT, QCOMUSDT and USARUSDT USDS-Margined Perpetual Contracts (2026-05-06) This is a general Binance Exchange Notice. Products and services referred to here may not be available in your region. Fellow Binancians, To expand the list of trading choices offered on Binance Futures and enhance users’ trading experience, Binance Futures will launch the following perpetual contract(s) as below: 2026-05-06 13:30 (UTC): AMDUSDT Perpetual Contract with up to 10x 2026-05-06 1",False,,,,2026-05-06,2026-07-19,2026-06,2026-05-06,2026-06-04,2026-06-04,False,True,True,30,30,2,30,30,2,USARUSDT,30,,False,0,,,zero_base_new_asset,No Binance spot archive found in pre30 or near-listing probe window,30,2,30,True,True,True,True,False,,,,200:30,200:2,200:30,404:38,2014203.16460000,7,200:7
P0RES018-00568,BILLUSDT,BILL,2026-05-07 06:59:29 UTC,2026-05-07 08:15:00 UTC,official_announcement_body,2026-05-07,UNIVERSE_PIT,Binance Futures Will Launch USDS-Margined BILLUSDT Perpetual Contract (2026-05-07),7220be8100ee41149169e9179c380c8c,https://www.binance.com/en/support/announcement/7220be8100ee41149169e9179c380c8c,ok,"Binance Futures Will Launch USDS-Margined BILLUSDT Perpetual Contract (2026-05-07) This is a general Binance Exchange Notice. Products and services referred to here may not be available in your region. Fellow Binancians, To expand the list of trading choices offered on Binance Futures and enhance users’ trading experience, Binance Futures will launch the following perpetual contract(s) as below: 2026-05-07 08:15 (UTC): BILLUSDT Perpetual Contract with up to 20x leverage More details on the afore",False,,,,2026-05-07,2026-07-19,2026-06,2026-05-07,2026-06-05,2026-06-05,False,True,True,30,30,2,30,30,2,BILLUSDT,30,,False,0,,,zero_base_new_asset,No Binance spot archive found in pre30 or near-listing probe window,30,2,30,True,True,True,True,False,,,,200:30,200:2,200:30,404:38,429659442.65730006,7,200:7
P0RES018-00569,PHAROSUSDT,PHAROS,2026-05-14 04:14:04 UTC,2026-05-14 05:15:00 UTC,official_announcement_body,2026-05-14,UNIVERSE_PIT,Binance Futures Will Launch USDS-Margined PHAROSUSDT and STARUSDT Perpetual Contracts (2026-05-14),12bcf9092e9c46358de3e49f8ef17f88,https://www.binance.com/en/support/announcement/12bcf9092e9c46358de3e49f8ef17f88,ok,"Binance Futures Will Launch USDS-Margined PHAROSUSDT and STARUSDT Perpetual Contracts (2026-05-14) This is a general Binance Exchange Notice. Products and services referred to here may not be available in your region. Fellow Binancians, To expand the list of trading choices offered on Binance Futures and enhance users’ trading experience, Binance Futures will launch the following perpetual contract(s) as below: 2026-05-14 05:15 (UTC): PHAROSUSDT Perpetual Contract with up to 20x leverage 2026-05",False,,,,2026-05-14,2026-07-19,2026-06,2026-05-14,2026-06-12,2026-06-12,False,True,True,30,30,2,30,30,2,PHAROSUSDT,30,,False,0,,,zero_base_new_asset,No Binance spot archive found in pre30 or near-listing probe window,30,2,30,True,True,True,True,False,,,,200:30,200:2,200:30,404:38,34749018.56520000,7,200:7
P0RES018-00570,STARUSDT,STAR,2026-05-14 04:14:04 UTC,2026-05-14 05:30:00 UTC,official_announcement_body,2026-05-14,UNIVERSE_PIT,Binance Futures Will Launch USDS-Margined PHAROSUSDT and STARUSDT Perpetual Contracts (2026-05-14),12bcf9092e9c46358de3e49f8ef17f88,https://www.binance.com/en/support/announcement/12bcf9092e9c46358de3e49f8ef17f88,ok,"Binance Futures Will Launch USDS-Margined PHAROSUSDT and STARUSDT Perpetual Contracts (2026-05-14) This is a general Binance Exchange Notice. Products and services referred to here may not be available in your region. Fellow Binancians, To expand the list of trading choices offered on Binance Futures and enhance users’ trading experience, Binance Futures will launch the following perpetual contract(s) as below: 2026-05-14 05:15 (UTC): PHAROSUSDT Perpetual Contract with up to 20x leverage 2026-05",False,,,,2026-05-14,2026-07-19,2026-06,2026-05-14,2026-06-12,2026-06-12,False,True,True,30,30,2,30,30,2,STARUSDT,30,,False,0,,,zero_base_new_asset,No Binance spot archive found in pre30 or near-listing probe window,30,2,30,True,True,True,True,False,,,,200:30,200:2,200:30,404:38,9872198.74182000,7,200:7
P0RES018-00571,CSCOUSDT,CSCO,2026-05-13 11:45:01 UTC,2026-05-15 13:50:00 UTC,official_announcement_body,,official_announcement_only_not_in_local_UNIVERSE_PIT,Binance Futures Will Launch Multiple USDS-Margined TradFi Perpetual Contracts (2026-05-15),3c04310db1ad4e0fbe234d2c00d0c785,https://www.binance.com/en/support/announcement/3c04310db1ad4e0fbe234d2c00d0c785,ok,"Binance Futures Will Launch Multiple USDS-Margined TradFi Perpetual Contracts (2026-05-15) This is a general Binance Exchange Notice. Products and services referred to here may not be available in your region. Fellow Binancians, To expand the list of trading choices offered on Binance Futures and enhance users’ trading experience, Binance Futures will launch the following perpetual contract(s) as below: 2026-05-15 13:30 (UTC): LITEUSDT Perpetual Contract with up to 10x 2026-05-15 13:35 (UTC): OR",False,,,,2026-05-15,2026-07-19,2026-06,2026-05-15,2026-06-13,2026-06-13,False,True,True,30,30,2,30,30,2,CSCOUSDT,30,,False,0,,,tradfi_or_special,announcement/body or ticker indicates TradFi/special underlying,29,2,30,False,True,True,False,False,2026-05-24,,,000:1;200:29,200:2,200:30,404:38,1598866.58710000,7,200:7
P0RES018-00572,DISUSDT,DIS,2026-05-13 11:45:01 UTC,2026-05-15 13:40:00 UTC,official_announcement_body,,official_announcement_only_not_in_local_UNIVERSE_PIT,Binance Futures Will Launch Multiple USDS-Margined TradFi Perpetual Contracts (2026-05-15),3c04310db1ad4e0fbe234d2c00d0c785,https://www.binance.com/en/support/announcement/3c04310db1ad4e0fbe234d2c00d0c785,ok,"Binance Futures Will Launch Multiple USDS-Margined TradFi Perpetual Contracts (2026-05-15) This is a general Binance Exchange Notice. Products and services referred to here may not be available in your region. Fellow Binancians, To expand the list of trading choices offered on Binance Futures and enhance users’ trading experience, Binance Futures will launch the following perpetual contract(s) as below: 2026-05-15 13:30 (UTC): LITEUSDT Perpetual Contract with up to 10x 2026-05-15 13:35 (UTC): OR",False,,,,2026-05-15,2026-07-19,2026-06,2026-05-15,2026-06-13,2026-06-13,False,True,True,30,30,2,30,30,2,DISUSDT,30,,False,0,,,tradfi_or_special,announcement/body or ticker indicates TradFi/special underlying,30,2,30,True,True,True,True,False,,,,200:30,200:2,200:30,000:1;404:37,606824.66880000,7,200:7
P0RES018-00573,HDUSDT,HD,2026-05-13 11:45:01 UTC,2026-05-15 13:55:00 UTC,official_announcement_body,,official_announcement_only_not_in_local_UNIVERSE_PIT,Binance Futures Will Launch Multiple USDS-Margined TradFi Perpetual Contracts (2026-05-15),3c04310db1ad4e0fbe234d2c00d0c785,https://www.binance.com/en/support/announcement/3c04310db1ad4e0fbe234d2c00d0c785,ok,"Binance Futures Will Launch Multiple USDS-Margined TradFi Perpetual Contracts (2026-05-15) This is a general Binance Exchange Notice. Products and services referred to here may not be available in your region. Fellow Binancians, To expand the list of trading choices offered on Binance Futures and enhance users’ trading experience, Binance Futures will launch the following perpetual contract(s) as below: 2026-05-15 13:30 (UTC): LITEUSDT Perpetual Contract with up to 10x 2026-05-15 13:35 (UTC): OR",False,,,,2026-05-15,2026-07-19,2026-06,2026-05-15,2026-06-13,2026-06-13,False,True,True,30,30,2,30,30,2,HDUSDT,30,,False,0,,,tradfi_or_special,announcement/body or ticker indicates TradFi/special underlying,30,2,30,True,True,True,True,False,,,,200:30,200:2,200:30,404:38,447935.29630000,7,200:7
P0RES018-00574,LITEUSDT,LITE,2026-05-13 11:45:01 UTC,2026-05-15 13:30:00 UTC,official_announcement_body,,official_announcement_only_not_in_local_UNIVERSE_PIT,Binance Futures Will Launch Multiple USDS-Margined TradFi Perpetual Contracts (2026-05-15),3c04310db1ad4e0fbe234d2c00d0c785,https://www.binance.com/en/support/announcement/3c04310db1ad4e0fbe234d2c00d0c785,ok,"Binance Futures Will Launch Multiple USDS-Margined TradFi Perpetual Contracts (2026-05-15) This is a general Binance Exchange Notice. Products and services referred to here may not be available in your region. Fellow Binancians, To expand the list of trading choices offered on Binance Futures and enhance users’ trading experience, Binance Futures will launch the following perpetual contract(s) as below: 2026-05-15 13:30 (UTC): LITEUSDT Perpetual Contract with up to 10x 2026-05-15 13:35 (UTC): OR",False,,,,2026-05-15,2026-07-19,2026-06,2026-05-15,2026-06-13,2026-06-13,False,True,True,30,30,2,30,30,2,LITEUSDT,30,,False,0,,,tradfi_or_special,announcement/body or ticker indicates TradFi/special underlying,30,2,30,True,True,True,True,False,,,,200:30,200:2,200:30,404:38,5688068.85650000,7,200:7
P0RES018-00575,MRVLUSDT,MRVL,2026-05-14 09:46:35 UTC,2026-05-15 14:05:00 UTC,official_announcement_body,,official_announcement_only_not_in_local_UNIVERSE_PIT,Binance Futures Will Launch Multiple USDS-Margined TradFi Perpetual Contracts (2026-05-15 & 2026-05-18),a2bce2686fc64a61b44c4335facafe7f,https://www.binance.com/en/support/announcement/a2bce2686fc64a61b44c4335facafe7f,ok,"Binance Futures Will Launch Multiple USDS-Margined TradFi Perpetual Contracts (2026-05-15 & 2026-05-18) This is a general Binance Exchange Notice. Products and services referred to here may not be available in your region. Fellow Binancians, To expand the list of trading choices offered on Binance Futures and enhance users’ trading experience, Binance Futures will launch the following perpetual contract(s) as below: 2026-05-15 14:00 (UTC): SOXLUSDT Perpetual Contract with up to 20x 2026-05-15 14",False,,,,2026-05-15,2026-07-19,2026-06,2026-05-15,2026-06-13,2026-06-13,False,True,True,30,30,2,30,30,2,MRVLUSDT,30,,False,0,,,tradfi_or_special,announcement/body or ticker indicates TradFi/special underlying,30,2,30,True,True,True,True,False,,,,200:30,200:2,200:30,404:38,5091255.11550000,7,200:7
P0RES018-00576,ORCLUSDT,ORCL,2026-05-13 11:45:01 UTC,2026-05-15 13:35:00 UTC,official_announcement_body,,official_announcement_only_not_in_local_UNIVERSE_PIT,Binance Futures Will Launch Multiple USDS-Margined TradFi Perpetual Contracts (2026-05-15),3c04310db1ad4e0fbe234d2c00d0c785,https://www.binance.com/en/support/announcement/3c04310db1ad4e0fbe234d2c00d0c785,ok,"Binance Futures Will Launch Multiple USDS-Margined TradFi Perpetual Contracts (2026-05-15) This is a general Binance Exchange Notice. Products and services referred to here may not be available in your region. Fellow Binancians, To expand the list of trading choices offered on Binance Futures and enhance users’ trading experience, Binance Futures will launch the following perpetual contract(s) as below: 2026-05-15 13:30 (UTC): LITEUSDT Perpetual Contract with up to 10x 2026-05-15 13:35 (UTC): OR",False,,,,2026-05-15,2026-07-19,2026-06,2026-05-15,2026-06-13,2026-06-13,False,True,True,30,30,2,30,30,2,ORCLUSDT,30,,False,0,,,tradfi_or_special,announcement/body or ticker indicates TradFi/special underlying,30,2,30,True,True,True,True,False,,,,200:30,200:2,200:30,404:38,2291480.92720000,7,200:7
P0RES018-00577,SOXLUSDT,SOXL,2026-05-14 09:46:35 UTC,2026-05-15 14:00:00 UTC,official_announcement_body,,official_announcement_only_not_in_local_UNIVERSE_PIT,Binance Futures Will Launch Multiple USDS-Margined TradFi Perpetual Contracts (2026-05-15 & 2026-05-18),a2bce2686fc64a61b44c4335facafe7f,https://www.binance.com/en/support/announcement/a2bce2686fc64a61b44c4335facafe7f,ok,"Binance Futures Will Launch Multiple USDS-Margined TradFi Perpetual Contracts (2026-05-15 & 2026-05-18) This is a general Binance Exchange Notice. Products and services referred to here may not be available in your region. Fellow Binancians, To expand the list of trading choices offered on Binance Futures and enhance users’ trading experience, Binance Futures will launch the following perpetual contract(s) as below: 2026-05-15 14:00 (UTC): SOXLUSDT Perpetual Contract with up to 20x 2026-05-15 14",False,,,,2026-05-15,2026-07-19,2026-06,2026-05-15,2026-06-13,2026-06-13,False,True,True,30,30,2,30,30,2,SOXLUSDT,30,,False,0,,,tradfi_or_special,announcement/body or ticker indicates TradFi/special underlying,30,2,30,True,True,True,True,False,,,,200:30,200:2,200:30,404:38,23006818.15380000,7,200:7
P0RES018-00578,UBERUSDT,UBER,2026-05-13 11:45:01 UTC,2026-05-15 13:45:00 UTC,official_announcement_body,,official_announcement_only_not_in_local_UNIVERSE_PIT,Binance Futures Will Launch Multiple USDS-Margined TradFi Perpetual Contracts (2026-05-15),3c04310db1ad4e0fbe234d2c00d0c785,https://www.binance.com/en/support/announcement/3c04310db1ad4e0fbe234d2c00d0c785,ok,"Binance Futures Will Launch Multiple USDS-Margined TradFi Perpetual Contracts (2026-05-15) This is a general Binance Exchange Notice. Products and services referred to here may not be available in your region. Fellow Binancians, To expand the list of trading choices offered on Binance Futures and enhance users’ trading experience, Binance Futures will launch the following perpetual contract(s) as below: 2026-05-15 13:30 (UTC): LITEUSDT Perpetual Contract with up to 10x 2026-05-15 13:35 (UTC): OR",False,,,,2026-05-15,2026-07-19,2026-06,2026-05-15,2026-06-13,2026-06-13,False,True,True,30,30,2,30,30,2,UBERUSDT,30,,False,0,,,tradfi_or_special,announcement/body or ticker indicates TradFi/special underlying,30,2,30,True,True,True,True,False,,,,200:30,200:2,200:30,404:38,353225.50550000,7,200:7
P0RES018-00579,BRKBUSDT,BRKB,2026-05-14 09:46:35 UTC,2026-05-18 13:50:00 UTC,official_announcement_body,,official_announcement_only_not_in_local_UNIVERSE_PIT,Binance Futures Will Launch Multiple USDS-Margined TradFi Perpetual Contracts (2026-05-15 & 2026-05-18),a2bce2686fc64a61b44c4335facafe7f,https://www.binance.com/en/support/announcement/a2bce2686fc64a61b44c4335facafe7f,ok,"Binance Futures Will Launch Multiple USDS-Margined TradFi Perpetual Contracts (2026-05-15 & 2026-05-18) This is a general Binance Exchange Notice. Products and services referred to here may not be available in your region. Fellow Binancians, To expand the list of trading choices offered on Binance Futures and enhance users’ trading experience, Binance Futures will launch the following perpetual contract(s) as below: 2026-05-15 14:00 (UTC): SOXLUSDT Perpetual Contract with up to 20x 2026-05-15 14",False,,,,2026-05-18,2026-07-19,2026-06,2026-05-18,2026-06-16,2026-06-16,False,True,True,30,30,2,30,30,2,BRKBUSDT,30,,False,0,,,tradfi_or_special,announcement/body or ticker indicates TradFi/special underlying,30,2,30,True,True,True,True,False,,,,200:30,200:2,200:30,404:38,673073.63930000,7,200:7
P0RES018-00580,BTCUSD1,BTC,2026-05-14 15:29:47 UTC,2026-05-18 09:00:00 UTC,official_announcement_body,,official_announcement_only_not_in_local_UNIVERSE_PIT,Binance Futures Will Launch USDS-Margined BTCUSD1 Perpetual Contract (2026-05-18),5a6284dbe6a7420b85a94054b6fb6613,https://www.binance.com/en/support/announcement/5a6284dbe6a7420b85a94054b6fb6613,ok,"Binance Futures Will Launch USDS-Margined BTCUSD1 Perpetual Contract (2026-05-18) This is a general Binance Exchange Notice. Products and services referred to here may not be available in your region. Fellow Binancians, To expand the list of trading choices offered on Binance Futures and enhance users’ trading experience, Binance Futures will launch the following perpetual contract(s) as below: 2026-05-18 09:00 (UTC): BTCUSD1 Perpetual Contract with up to 100x leverage More details on the aforem",False,,,,2026-05-18,2026-07-19,2026-06,2026-05-18,2026-06-16,2026-06-16,False,True,True,30,30,2,30,30,2,BTCUSDT,30,BTCUSDT,True,30,,2026-05-18,existing_spot_then_perp,Binance spot 1h daily archive complete for 30 calendar days before perp listing,30,2,30,True,True,True,True,True,,,,200:30,200:2,200:30,200:38,8713436.68865000,7,200:7
P0RES018-00581,CRWVUSDT,CRWV,2026-05-14 09:46:35 UTC,2026-05-18 13:30:00 UTC,official_announcement_body,,official_announcement_only_not_in_local_UNIVERSE_PIT,Binance Futures Will Launch Multiple USDS-Margined TradFi Perpetual Contracts (2026-05-15 & 2026-05-18),a2bce2686fc64a61b44c4335facafe7f,https://www.binance.com/en/support/announcement/a2bce2686fc64a61b44c4335facafe7f,ok,"Binance Futures Will Launch Multiple USDS-Margined TradFi Perpetual Contracts (2026-05-15 & 2026-05-18) This is a general Binance Exchange Notice. Products and services referred to here may not be available in your region. Fellow Binancians, To expand the list of trading choices offered on Binance Futures and enhance users’ trading experience, Binance Futures will launch the following perpetual contract(s) as below: 2026-05-15 14:00 (UTC): SOXLUSDT Perpetual Contract with up to 20x 2026-05-15 14",False,,,,2026-05-18,2026-07-19,2026-06,2026-05-18,2026-06-16,2026-06-16,False,True,True,30,30,2,30,30,2,CRWVUSDT,30,,False,0,,,tradfi_or_special,announcement/body or ticker indicates TradFi/special underlying,30,2,30,True,True,True,True,False,,,,200:30,200:2,200:30,404:38,1670424.96360000,7,200:7
P0RES018-00582,DRAMUSDT,DRAM,2026-05-16 05:44:21 UTC,2026-05-18 14:00:00 UTC,official_announcement_body,,official_announcement_only_not_in_local_UNIVERSE_PIT,Binance Futures Will Launch Multiple USDS-Margined TradFi Perpetual Contracts (2026-05-18),6253a74ac0734740bdf36864584d1bd1,https://www.binance.com/en/support/announcement/6253a74ac0734740bdf36864584d1bd1,ok,"Binance Futures Will Launch Multiple USDS-Margined TradFi Perpetual Contracts (2026-05-18) This is a general Binance Exchange Notice. Products and services referred to here may not be available in your region. Fellow Binancians, To expand the list of trading choices offered on Binance Futures and enhance users’ trading experience, Binance Futures will launch the following perpetual contract(s) as below: 2026-05-18 13:55 (UTC): FLNCUSDT Perpetual Contract with up to 10x 2026-05-18 14:00 (UTC): DR",False,,,,2026-05-18,2026-07-19,2026-06,2026-05-18,2026-06-16,2026-06-16,False,True,True,30,30,2,30,30,2,DRAMUSDT,30,,False,0,,,tradfi_or_special,announcement/body or ticker indicates TradFi/special underlying,30,2,30,True,True,True,True,False,,,,200:30,200:2,200:30,404:38,10279274.76730000,7,200:7
P0RES018-00583,FLNCUSDT,FLNC,2026-05-16 05:44:21 UTC,2026-05-18 13:55:00 UTC,official_announcement_body,,official_announcement_only_not_in_local_UNIVERSE_PIT,Binance Futures Will Launch Multiple USDS-Margined TradFi Perpetual Contracts (2026-05-18),6253a74ac0734740bdf36864584d1bd1,https://www.binance.com/en/support/announcement/6253a74ac0734740bdf36864584d1bd1,ok,"Binance Futures Will Launch Multiple USDS-Margined TradFi Perpetual Contracts (2026-05-18) This is a general Binance Exchange Notice. Products and services referred to here may not be available in your region. Fellow Binancians, To expand the list of trading choices offered on Binance Futures and enhance users’ trading experience, Binance Futures will launch the following perpetual contract(s) as below: 2026-05-18 13:55 (UTC): FLNCUSDT Perpetual Contract with up to 10x 2026-05-18 14:00 (UTC): DR",False,,,,2026-05-18,2026-07-19,2026-06,2026-05-18,2026-06-16,2026-06-16,False,True,True,30,30,2,30,30,2,FLNCUSDT,30,,False,0,,,tradfi_or_special,announcement/body or ticker indicates TradFi/special underlying,30,2,30,True,True,True,True,False,,,,200:30,200:2,200:30,404:38,1755651.32230000,7,200:7
P0RES018-00584,JPMUSDT,JPM,2026-05-14 09:46:35 UTC,2026-05-18 13:40:00 UTC,official_announcement_body,,official_announcement_only_not_in_local_UNIVERSE_PIT,Binance Futures Will Launch Multiple USDS-Margined TradFi Perpetual Contracts (2026-05-15 & 2026-05-18),a2bce2686fc64a61b44c4335facafe7f,https://www.binance.com/en/support/announcement/a2bce2686fc64a61b44c4335facafe7f,ok,"Binance Futures Will Launch Multiple USDS-Margined TradFi Perpetual Contracts (2026-05-15 & 2026-05-18) This is a general Binance Exchange Notice. Products and services referred to here may not be available in your region. Fellow Binancians, To expand the list of trading choices offered on Binance Futures and enhance users’ trading experience, Binance Futures will launch the following perpetual contract(s) as below: 2026-05-15 14:00 (UTC): SOXLUSDT Perpetual Contract with up to 20x 2026-05-15 14",False,,,,2026-05-18,2026-07-19,2026-06,2026-05-18,2026-06-16,2026-06-16,False,True,True,30,30,2,30,30,2,JPMUSDT,30,,False,0,,,tradfi_or_special,announcement/body or ticker indicates TradFi/special underlying,30,2,30,True,True,True,True,False,,,,200:30,200:2,200:30,404:38,588275.31310000,7,200:7
P0RES018-00585,RKLBUSDT,RKLB,2026-05-16 05:44:21 UTC,2026-05-18 14:05:00 UTC,official_announcement_body,,official_announcement_only_not_in_local_UNIVERSE_PIT,Binance Futures Will Launch Multiple USDS-Margined TradFi Perpetual Contracts (2026-05-18),6253a74ac0734740bdf36864584d1bd1,https://www.binance.com/en/support/announcement/6253a74ac0734740bdf36864584d1bd1,ok,"Binance Futures Will Launch Multiple USDS-Margined TradFi Perpetual Contracts (2026-05-18) This is a general Binance Exchange Notice. Products and services referred to here may not be available in your region. Fellow Binancians, To expand the list of trading choices offered on Binance Futures and enhance users’ trading experience, Binance Futures will launch the following perpetual contract(s) as below: 2026-05-18 13:55 (UTC): FLNCUSDT Perpetual Contract with up to 10x 2026-05-18 14:00 (UTC): DR",False,,,,2026-05-18,2026-07-19,2026-06,2026-05-18,2026-06-16,2026-06-16,False,True,True,30,30,2,30,30,2,RKLBUSDT,30,,False,0,,,tradfi_or_special,announcement/body or ticker indicates TradFi/special underlying,30,2,30,True,True,True,True,False,,,,200:30,200:2,200:30,404:38,4867889.09460000,7,200:7
P0RES018-00586,WMTUSDT,WMT,2026-05-14 09:46:35 UTC,2026-05-18 13:35:00 UTC,official_announcement_body,,official_announcement_only_not_in_local_UNIVERSE_PIT,Binance Futures Will Launch Multiple USDS-Margined TradFi Perpetual Contracts (2026-05-15 & 2026-05-18),a2bce2686fc64a61b44c4335facafe7f,https://www.binance.com/en/support/announcement/a2bce2686fc64a61b44c4335facafe7f,ok,"Binance Futures Will Launch Multiple USDS-Margined TradFi Perpetual Contracts (2026-05-15 & 2026-05-18) This is a general Binance Exchange Notice. Products and services referred to here may not be available in your region. Fellow Binancians, To expand the list of trading choices offered on Binance Futures and enhance users’ trading experience, Binance Futures will launch the following perpetual contract(s) as below: 2026-05-15 14:00 (UTC): SOXLUSDT Perpetual Contract with up to 20x 2026-05-15 14",False,,,,2026-05-18,2026-07-19,2026-06,2026-05-18,2026-06-16,2026-06-16,False,True,True,30,30,2,30,30,2,WMTUSDT,30,,False,0,,,tradfi_or_special,announcement/body or ticker indicates TradFi/special underlying,30,2,30,True,True,True,True,False,,,,200:30,200:2,200:30,404:38,571780.73160000,7,200:7
P0RES018-00587,CBRSUSDT,CBRS,2026-05-18 11:15:56 UTC,2026-05-19 09:30:00 UTC,official_announcement_body,,official_announcement_only_not_in_local_UNIVERSE_PIT,Binance Futures Will Launch CBRSUSDT USDS-Margined TradFi Perpetual Contract (2026-05-19),3544b8dab5e64f839316a360495a6387,https://www.binance.com/en/support/announcement/3544b8dab5e64f839316a360495a6387,ok,"Binance Futures Will Launch CBRSUSDT USDS-Margined TradFi Perpetual Contract (2026-05-19) This is a general Binance Exchange Notice. Products and services referred to here may not be available in your region. Fellow Binancians, To expand the list of trading choices offered on Binance Futures and enhance users’ trading experience, Binance Futures will launch the following perpetual contract(s) as below: 2026-05-19 09:30 (UTC): CBRSUSDT Perpetual Contract with up to 10x More details on the aforeme",False,,,,2026-05-19,2026-07-19,2026-06,2026-05-19,2026-06-17,2026-06-17,False,True,True,30,30,2,30,30,2,CBRSUSDT,30,,False,0,,,tradfi_or_special,announcement/body or ticker indicates TradFi/special underlying,30,2,30,True,True,True,True,False,,,,200:30,200:2,200:30,404:38,25476920.13560000,7,200:7
P0RES018-00588,SPCXUSDT,SPCX,2026-05-21 03:30:20 UTC,2026-05-21 04:45:00 UTC,official_announcement_body,,official_announcement_only_not_in_local_UNIVERSE_PIT,Binance Futures Will Launch USDS-Margined SPCXUSDT USDS-Margined Perpetual Contract Pre-IPO Trading (2026-05-21),4a9484ee10b347d287f514ee3fdd6a29,https://www.binance.com/en/support/announcement/4a9484ee10b347d287f514ee3fdd6a29,ok,"Binance Futures Will Launch USDS-Margined SPCXUSDT USDS-Margined Perpetual Contract Pre-IPO Trading (2026-05-21) This is a general Binance Exchange Notice and a Notice for the purposes of the Clearing Rules. Products and services referred to here may not be available in your region. Products and services referred to here may not be available in your region. Fellow Binancians, 1. To expand the list of trading choices offered on Binance Futures and to enhance users’ trading experience, the followi",False,,,,2026-05-21,2026-07-19,2026-06,2026-05-21,2026-06-19,2026-06-19,False,True,True,30,30,2,30,30,2,SPCXUSDT,30,,False,0,,,tradfi_or_special,announcement/body or ticker indicates TradFi/special underlying,30,2,30,True,True,True,True,False,,,,200:30,200:2,200:30,404:38,39740590.01120000,7,200:7
P0RES018-00589,ARMUSDT,ARM,2026-05-26 03:15:07 UTC,2026-05-26 13:40:00 UTC,official_announcement_body,,official_announcement_only_not_in_local_UNIVERSE_PIT,Binance Futures Will Launch Multiple USDS-Margined TradFi Perpetual Contracts (2026-05-26),f3a598a5ab4344af993f67a9c3f4544a,https://www.binance.com/en/support/announcement/f3a598a5ab4344af993f67a9c3f4544a,ok,"Binance Futures Will Launch Multiple USDS-Margined TradFi Perpetual Contracts (2026-05-26) This is a general Binance Exchange Notice. Products and services referred to here may not be available in your region. Fellow Binancians, To expand the list of trading choices offered on Binance Futures and enhance users’ trading experience, Binance Futures will launch the following perpetual contract(s) as below: 2026-05-26 13:30 (UTC): NBISUSDT Perpetual Contract 2026-05-26 13:35 (UTC): WDCUSDT Perpetual",False,,,,2026-05-26,2026-07-19,2026-06,2026-05-26,2026-06-24,2026-06-24,False,True,True,30,30,2,30,30,2,ARMUSDT,30,,False,0,,,tradfi_or_special,announcement/body or ticker indicates TradFi/special underlying,30,2,30,True,True,True,True,False,,,,200:30,200:2,200:30,404:38,9288241.17250000,7,200:7
P0RES018-00590,BEUSDT,BE,2026-05-26 03:15:07 UTC,2026-05-26 13:45:00 UTC,official_announcement_body,,official_announcement_only_not_in_local_UNIVERSE_PIT,Binance Futures Will Launch Multiple USDS-Margined TradFi Perpetual Contracts (2026-05-26),f3a598a5ab4344af993f67a9c3f4544a,https://www.binance.com/en/support/announcement/f3a598a5ab4344af993f67a9c3f4544a,ok,"Binance Futures Will Launch Multiple USDS-Margined TradFi Perpetual Contracts (2026-05-26) This is a general Binance Exchange Notice. Products and services referred to here may not be available in your region. Fellow Binancians, To expand the list of trading choices offered on Binance Futures and enhance users’ trading experience, Binance Futures will launch the following perpetual contract(s) as below: 2026-05-26 13:30 (UTC): NBISUSDT Perpetual Contract 2026-05-26 13:35 (UTC): WDCUSDT Perpetual",False,,,,2026-05-26,2026-07-19,2026-06,2026-05-26,2026-06-24,2026-06-24,False,True,True,30,30,2,30,30,2,BEUSDT,30,,False,0,,,tradfi_or_special,announcement/body or ticker indicates TradFi/special underlying,30,2,30,True,True,True,True,False,,,,200:30,200:2,200:30,404:38,1840283.38660000,7,200:7
P0RES018-00591,COHRUSDT,COHR,2026-05-26 03:15:07 UTC,2026-05-26 13:50:00 UTC,official_announcement_body,,official_announcement_only_not_in_local_UNIVERSE_PIT,Binance Futures Will Launch Multiple USDS-Margined TradFi Perpetual Contracts (2026-05-26),f3a598a5ab4344af993f67a9c3f4544a,https://www.binance.com/en/support/announcement/f3a598a5ab4344af993f67a9c3f4544a,ok,"Binance Futures Will Launch Multiple USDS-Margined TradFi Perpetual Contracts (2026-05-26) This is a general Binance Exchange Notice. Products and services referred to here may not be available in your region. Fellow Binancians, To expand the list of trading choices offered on Binance Futures and enhance users’ trading experience, Binance Futures will launch the following perpetual contract(s) as below: 2026-05-26 13:30 (UTC): NBISUSDT Perpetual Contract 2026-05-26 13:35 (UTC): WDCUSDT Perpetual",False,,,,2026-05-26,2026-07-19,2026-06,2026-05-26,2026-06-24,2026-06-24,False,True,True,30,30,2,30,30,2,COHRUSDT,30,,False,0,,,tradfi_or_special,announcement/body or ticker indicates TradFi/special underlying,30,2,30,True,True,True,True,False,,,,200:30,200:2,200:30,404:38,1919033.63580000,7,200:7
P0RES018-00592,NBISUSDT,NBIS,2026-05-26 03:15:07 UTC,2026-05-26 13:30:00 UTC,official_announcement_body,,official_announcement_only_not_in_local_UNIVERSE_PIT,Binance Futures Will Launch Multiple USDS-Margined TradFi Perpetual Contracts (2026-05-26),f3a598a5ab4344af993f67a9c3f4544a,https://www.binance.com/en/support/announcement/f3a598a5ab4344af993f67a9c3f4544a,ok,"Binance Futures Will Launch Multiple USDS-Margined TradFi Perpetual Contracts (2026-05-26) This is a general Binance Exchange Notice. Products and services referred to here may not be available in your region. Fellow Binancians, To expand the list of trading choices offered on Binance Futures and enhance users’ trading experience, Binance Futures will launch the following perpetual contract(s) as below: 2026-05-26 13:30 (UTC): NBISUSDT Perpetual Contract 2026-05-26 13:35 (UTC): WDCUSDT Perpetual",False,,,,2026-05-26,2026-07-19,2026-06,2026-05-26,2026-06-24,2026-06-24,False,True,True,30,30,2,30,30,2,NBISUSDT,30,,False,0,,,tradfi_or_special,announcement/body or ticker indicates TradFi/special underlying,30,2,30,True,True,True,True,False,,,,200:30,200:2,200:30,404:38,8778777.41210000,7,200:7
P0RES018-00593,OPENAIUSDT,OPENAI,2026-05-26 07:00:01 UTC,2026-05-26 08:30:00 UTC,official_announcement_body,,official_announcement_only_not_in_local_UNIVERSE_PIT,Binance Futures Will Launch OPENAIUSDT USDS-Margined Perpetual Contract Pre-IPO Trading (2026-05-26),94f88766c6c84d68a07f006bc076ba6a,https://www.binance.com/en/support/announcement/94f88766c6c84d68a07f006bc076ba6a,ok,"Binance Futures Will Launch OPENAIUSDT USDS-Margined Perpetual Contract Pre-IPO Trading (2026-05-26) This is a general Binance Exchange Notice and a Notice for the purposes of the Clearing Rules. Products and services referred to here may not be available in your region. Fellow Binancians, 1. To expand the list of trading choices offered on Binance Futures and to enhance users’ trading experience, the following Contract will be admitted to trading on Binance RIE and admitted to Clearing and Sett",False,,,,2026-05-26,2026-07-19,2026-06,2026-05-26,2026-06-24,2026-06-24,False,True,True,30,30,2,30,30,2,OPENAIUSDT,30,,False,0,,,zero_base_new_asset,No Binance spot archive found in pre30 or near-listing probe window,30,2,30,True,True,True,True,False,,,,200:30,200:2,200:30,404:38,7599909.93330000,7,200:7
P0RES018-00594,WDCUSDT,WDC,2026-05-26 03:15:07 UTC,2026-05-26 13:35:00 UTC,official_announcement_body,,official_announcement_only_not_in_local_UNIVERSE_PIT,Binance Futures Will Launch Multiple USDS-Margined TradFi Perpetual Contracts (2026-05-26),f3a598a5ab4344af993f67a9c3f4544a,https://www.binance.com/en/support/announcement/f3a598a5ab4344af993f67a9c3f4544a,ok,"Binance Futures Will Launch Multiple USDS-Margined TradFi Perpetual Contracts (2026-05-26) This is a general Binance Exchange Notice. Products and services referred to here may not be available in your region. Fellow Binancians, To expand the list of trading choices offered on Binance Futures and enhance users’ trading experience, Binance Futures will launch the following perpetual contract(s) as below: 2026-05-26 13:30 (UTC): NBISUSDT Perpetual Contract 2026-05-26 13:35 (UTC): WDCUSDT Perpetual",False,,,,2026-05-26,2026-07-19,2026-06,2026-05-26,2026-06-24,2026-06-24,False,True,True,30,30,2,30,30,2,WDCUSDT,30,,False,0,,,tradfi_or_special,announcement/body or ticker indicates TradFi/special underlying,30,2,30,True,True,True,True,False,,,,200:30,200:2,200:30,404:38,3322210.38660000,7,200:7
P0RES018-00595,CTRUSDT,CTR,2026-05-28 08:16:29 UTC,2026-05-28 09:30:00 UTC,official_announcement_body,2026-05-28,UNIVERSE_PIT,Binance Futures Will Launch USDS-Margined CTRUSDT Perpetual Contract (2026-05-28),ee40eb721abc460cb7edca6df04d782b,https://www.binance.com/en/support/announcement/ee40eb721abc460cb7edca6df04d782b,ok,"Binance Futures Will Launch USDS-Margined CTRUSDT Perpetual Contract (2026-05-28) This is a general Binance Exchange Notice. Products and services referred to here may not be available in your region. Fellow Binancians, To expand the list of trading choices offered on Binance Futures and enhance users’ trading experience, Binance Futures will launch the following perpetual contract(s) as below: 2026-05-28 09:30 (UTC): CTRUSDT Perpetual Contract with up to 20x leverage More details on the aforeme",False,,,,2026-05-28,2026-07-19,2026-06,2026-05-28,2026-06-26,2026-06-26,False,True,True,30,30,2,30,30,2,CTRUSDT,30,,False,0,,,zero_base_new_asset,No Binance spot archive found in pre30 or near-listing probe window,30,2,30,True,True,True,True,False,,,,200:30,200:2,200:30,404:38,13502321.69682000,7,200:7
P0RES018-00596,QNTXUSDT,QNTX,2026-05-29 07:00:06 UTC,2026-05-29 08:15:00 UTC,official_announcement_body,,official_announcement_only_not_in_local_UNIVERSE_PIT,Binance Futures Will Launch QNTXUSDT USDS-Margined Perpetual Contract Pre-IPO Trading (2026-05-29),3bdaff694bde45ccb443709336c8686d,https://www.binance.com/en/support/announcement/3bdaff694bde45ccb443709336c8686d,ok,"Binance Futures Will Launch QNTXUSDT USDS-Margined Perpetual Contract Pre-IPO Trading (2026-05-29) This is a general Binance Exchange Notice and a Notice for the purposes of the Clearing Rules. Products and services referred to here may not be available in your region. Fellow Binancians, 1. To expand the list of trading choices offered on Binance Futures and to enhance users’ trading experience, the following Contract will be admitted to trading on Binance RIE and admitted to Clearing and Settle",False,,,,2026-05-29,2026-07-19,2026-06,2026-05-29,2026-06-27,2026-06-27,False,True,True,30,30,2,30,30,2,QNTXUSDT,30,,False,0,,,zero_base_new_asset,No Binance spot archive found in pre30 or near-listing probe window,30,2,30,True,True,True,True,False,,,,200:30,200:2,200:30,404:38,6294852.16620000,7,200:7
P0RES018-00597,ASTSUSDT,ASTS,2026-06-01 02:14:55 UTC,2026-06-01 13:55:00 UTC,official_announcement_body,,official_announcement_only_not_in_local_UNIVERSE_PIT,Binance Futures Will Launch Multiple USDS-Margined TradFi Perpetual Contracts (2026-06-01),73769d872a644d7082bc79cde6c12d98,https://www.binance.com/en/support/announcement/73769d872a644d7082bc79cde6c12d98,ok,"Binance Futures Will Launch Multiple USDS-Margined TradFi Perpetual Contracts (2026-06-01) This is a general Binance Exchange Notice. Products and services referred to here may not be available in your region. Fellow Binancians, To expand the list of trading choices offered on Binance Futures and enhance users’ trading experience, Binance Futures will launch the following perpetual contract(s) as below: 2026-06-01 13:30 (UTC): LLYUSDT Perpetual Contract 2026-06-01 13:35 (UTC): NVOUSDT Perpetual ",False,,,,2026-06-01,2026-07-19,2026-06,2026-06-01,2026-06-30,2026-06-30,False,True,True,30,30,1,30,30,1,ASTSUSDT,30,,False,0,,,tradfi_or_special,announcement/body or ticker indicates TradFi/special underlying,30,1,30,True,True,True,True,False,,,,200:30,200:1,200:30,404:38,3125171.05360000,7,200:7
P0RES018-00598,BBXUSDT,BBX,2026-06-01 02:14:55 UTC,2026-06-01 13:40:00 UTC,official_announcement_body,,official_announcement_only_not_in_local_UNIVERSE_PIT,Binance Futures Will Launch Multiple USDS-Margined TradFi Perpetual Contracts (2026-06-01),73769d872a644d7082bc79cde6c12d98,https://www.binance.com/en/support/announcement/73769d872a644d7082bc79cde6c12d98,ok,"Binance Futures Will Launch Multiple USDS-Margined TradFi Perpetual Contracts (2026-06-01) This is a general Binance Exchange Notice. Products and services referred to here may not be available in your region. Fellow Binancians, To expand the list of trading choices offered on Binance Futures and enhance users’ trading experience, Binance Futures will launch the following perpetual contract(s) as below: 2026-06-01 13:30 (UTC): LLYUSDT Perpetual Contract 2026-06-01 13:35 (UTC): NVOUSDT Perpetual ",False,,,,2026-06-01,2026-07-19,2026-06,2026-06-01,2026-06-30,2026-06-30,False,True,True,30,30,1,30,30,1,BBXUSDT,30,,False,0,,,tradfi_or_special,announcement/body or ticker indicates TradFi/special underlying,30,1,30,True,True,True,True,False,,,,200:30,200:1,200:30,404:38,9393920.96940000,7,200:7
P0RES018-00599,EWTUSDT,EWT,2026-06-01 02:14:55 UTC,2026-06-01 13:50:00 UTC,official_announcement_body,,official_announcement_only_not_in_local_UNIVERSE_PIT,Binance Futures Will Launch Multiple USDS-Margined TradFi Perpetual Contracts (2026-06-01),73769d872a644d7082bc79cde6c12d98,https://www.binance.com/en/support/announcement/73769d872a644d7082bc79cde6c12d98,ok,"Binance Futures Will Launch Multiple USDS-Margined TradFi Perpetual Contracts (2026-06-01) This is a general Binance Exchange Notice. Products and services referred to here may not be available in your region. Fellow Binancians, To expand the list of trading choices offered on Binance Futures and enhance users’ trading experience, Binance Futures will launch the following perpetual contract(s) as below: 2026-06-01 13:30 (UTC): LLYUSDT Perpetual Contract 2026-06-01 13:35 (UTC): NVOUSDT Perpetual ",False,,,,2026-06-01,2026-07-19,2026-06,2026-06-01,2026-06-30,2026-06-30,False,True,True,30,30,1,30,30,1,EWTUSDT,30,,False,0,,,tradfi_or_special,announcement/body or ticker indicates TradFi/special underlying,30,1,30,True,True,True,True,False,,,,200:30,200:1,200:30,404:38,1206220.77930000,7,200:7
P0RES018-00600,LLYUSDT,LLY,2026-06-01 02:14:55 UTC,2026-06-01 13:30:00 UTC,official_announcement_body,,official_announcement_only_not_in_local_UNIVERSE_PIT,Binance Futures Will Launch Multiple USDS-Margined TradFi Perpetual Contracts (2026-06-01),73769d872a644d7082bc79cde6c12d98,https://www.binance.com/en/support/announcement/73769d872a644d7082bc79cde6c12d98,ok,"Binance Futures Will Launch Multiple USDS-Margined TradFi Perpetual Contracts (2026-06-01) This is a general Binance Exchange Notice. Products and services referred to here may not be available in your region. Fellow Binancians, To expand the list of trading choices offered on Binance Futures and enhance users’ trading experience, Binance Futures will launch the following perpetual contract(s) as below: 2026-06-01 13:30 (UTC): LLYUSDT Perpetual Contract 2026-06-01 13:35 (UTC): NVOUSDT Perpetual ",False,,,,2026-06-01,2026-07-19,2026-06,2026-06-01,2026-06-30,2026-06-30,False,True,True,30,30,1,30,30,1,LLYUSDT,30,,False,0,,,tradfi_or_special,announcement/body or ticker indicates TradFi/special underlying,30,1,30,True,True,True,True,False,,,,200:30,200:1,200:30,404:38,1741676.75930000,7,200:7
P0RES018-00601,NOKUSDT,NOK,2026-06-01 02:14:55 UTC,2026-06-01 13:45:00 UTC,official_announcement_body,,official_announcement_only_not_in_local_UNIVERSE_PIT,Binance Futures Will Launch Multiple USDS-Margined TradFi Perpetual Contracts (2026-06-01),73769d872a644d7082bc79cde6c12d98,https://www.binance.com/en/support/announcement/73769d872a644d7082bc79cde6c12d98,ok,"Binance Futures Will Launch Multiple USDS-Margined TradFi Perpetual Contracts (2026-06-01) This is a general Binance Exchange Notice. Products and services referred to here may not be available in your region. Fellow Binancians, To expand the list of trading choices offered on Binance Futures and enhance users’ trading experience, Binance Futures will launch the following perpetual contract(s) as below: 2026-06-01 13:30 (UTC): LLYUSDT Perpetual Contract 2026-06-01 13:35 (UTC): NVOUSDT Perpetual ",False,,,,2026-06-01,2026-07-19,2026-06,2026-06-01,2026-06-30,2026-06-30,False,True,True,30,30,1,30,30,1,NOKUSDT,30,,False,0,,,tradfi_or_special,announcement/body or ticker indicates TradFi/special underlying,30,1,30,True,True,True,True,False,,,,200:30,200:1,200:30,404:38,42243038.35390000,7,200:7
P0RES018-00602,NVOUSDT,NVO,2026-06-01 02:14:55 UTC,2026-06-01 13:35:00 UTC,official_announcement_body,,official_announcement_only_not_in_local_UNIVERSE_PIT,Binance Futures Will Launch Multiple USDS-Margined TradFi Perpetual Contracts (2026-06-01),73769d872a644d7082bc79cde6c12d98,https://www.binance.com/en/support/announcement/73769d872a644d7082bc79cde6c12d98,ok,"Binance Futures Will Launch Multiple USDS-Margined TradFi Perpetual Contracts (2026-06-01) This is a general Binance Exchange Notice. Products and services referred to here may not be available in your region. Fellow Binancians, To expand the list of trading choices offered on Binance Futures and enhance users’ trading experience, Binance Futures will launch the following perpetual contract(s) as below: 2026-06-01 13:30 (UTC): LLYUSDT Perpetual Contract 2026-06-01 13:35 (UTC): NVOUSDT Perpetual ",False,,,,2026-06-01,2026-07-19,2026-06,2026-06-01,2026-06-30,2026-06-30,False,True,True,30,30,1,30,30,1,NVOUSDT,30,,False,0,,,tradfi_or_special,announcement/body or ticker indicates TradFi/special underlying,30,1,30,True,True,True,True,False,,,,200:30,200:1,200:30,404:38,789449.90720000,7,200:7
P0RES018-00603,SLXUSDT,SLX,2026-06-01 06:15:08 UTC,2026-06-01 07:30:00 UTC,official_announcement_body,2026-06-01,UNIVERSE_PIT,Binance Futures Will Launch USDS-Margined SLXUSDT Perpetual Contract (2026-06-01),4299caec4ca4407cb282707154a97ffe,https://www.binance.com/en/support/announcement/4299caec4ca4407cb282707154a97ffe,ok,"Binance Futures Will Launch USDS-Margined SLXUSDT Perpetual Contract (2026-06-01) This is a general Binance Exchange Notice. Products and services referred to here may not be available in your region. Fellow Binancians, To expand the list of trading choices offered on Binance Futures and enhance users’ trading experience, Binance Futures will launch the following perpetual contract(s) as below: 2026-06-01 07:30 (UTC): SLXUSDT Perpetual Contract with up to 20x leverage More details on the aforeme",False,,,,2026-06-01,2026-07-19,2026-06,2026-06-01,2026-06-30,2026-06-30,False,True,True,30,30,1,30,30,1,SLXUSDT,30,,False,0,,,zero_base_new_asset,No Binance spot archive found in pre30 or near-listing probe window,30,1,30,True,True,True,True,False,,,,200:30,200:1,200:30,404:38,53591757.49124000,7,200:7
P0RES018-00604,ANTHROPICUSDT,ANTHROPIC,2026-06-02 03:01:28 UTC,2026-06-02 04:30:00 UTC,official_announcement_body,,official_announcement_only_not_in_local_UNIVERSE_PIT,Binance Futures Will Launch ANTHROPICUSDT USDS-Margined Perpetual Contract Pre-IPO Trading (2026-06-02),2b9ff1e1acf8433793bc40c59a0cb852,https://www.binance.com/en/support/announcement/2b9ff1e1acf8433793bc40c59a0cb852,ok,"Binance Futures Will Launch ANTHROPICUSDT USDS-Margined Perpetual Contract Pre-IPO Trading (2026-06-02) This is a general Binance Exchange Notice and a Notice for the purposes of the Clearing Rules. Products and services referred to here may not be available in your region. Fellow Binancians, 1. To expand the list of trading choices offered on Binance Futures and to enhance users’ trading experience, the following Contract will be admitted to trading on Binance RIE and admitted to Clearing and S",False,,,,2026-06-02,2026-07-19,2026-06,2026-06-02,2026-07-01,2026-07-01,False,True,False,30,30,2,30,30,2,ANTHROPICUSDT,30,,False,0,,,zero_base_new_asset,No Binance spot archive found in pre30 or near-listing probe window,30,1,30,True,False,True,False,False,,2026-07,,200:30,200:1;404:1,200:30,404:38,11900839.51180000,7,200:7
P0RES018-00605,HYUNDAIUSDT,HYUNDAI,2026-06-01 14:15:21 UTC,2026-06-02 03:20:00 UTC,official_announcement_body,,official_announcement_only_not_in_local_UNIVERSE_PIT,Binance Futures Will Launch Multiple USDS-Margined TradFi Perpetual Contracts (2026-06-02),ed2c6a6160c64eb397b534af90b9d66a,https://www.binance.com/en/support/announcement/ed2c6a6160c64eb397b534af90b9d66a,ok,"Binance Futures Will Launch Multiple USDS-Margined TradFi Perpetual Contracts (2026-06-02) This is a general Binance Exchange Notice. Products and services referred to here may not be available in your region. Fellow Binancians, To expand the list of trading choices offered on Binance Futures and enhance users’ trading experience, Binance Futures will launch the following perpetual contract(s) as below: 2026-06-02 03:00 (UTC): SKHYNIXUSDT Perpetual Contract 2026-06-02 03:10 (UTC): SAMSUNGUSDT Pe",False,,,,2026-06-02,2026-07-19,2026-06,2026-06-02,2026-07-01,2026-07-01,False,True,False,30,30,2,30,30,2,HYUNDAIUSDT,30,,False,0,,,tradfi_or_special,announcement/body or ticker indicates TradFi/special underlying,30,1,30,True,False,True,False,False,,2026-07,,200:30,200:1;404:1,200:30,404:38,5873773.83140000,7,200:7
P0RES018-00606,SAMSUNGUSDT,SAMSUNG,2026-06-01 14:15:21 UTC,2026-06-02 03:10:00 UTC,official_announcement_body,,official_announcement_only_not_in_local_UNIVERSE_PIT,Binance Futures Will Launch Multiple USDS-Margined TradFi Perpetual Contracts (2026-06-02),ed2c6a6160c64eb397b534af90b9d66a,https://www.binance.com/en/support/announcement/ed2c6a6160c64eb397b534af90b9d66a,ok,"Binance Futures Will Launch Multiple USDS-Margined TradFi Perpetual Contracts (2026-06-02) This is a general Binance Exchange Notice. Products and services referred to here may not be available in your region. Fellow Binancians, To expand the list of trading choices offered on Binance Futures and enhance users’ trading experience, Binance Futures will launch the following perpetual contract(s) as below: 2026-06-02 03:00 (UTC): SKHYNIXUSDT Perpetual Contract 2026-06-02 03:10 (UTC): SAMSUNGUSDT Pe",False,,,,2026-06-02,2026-07-19,2026-06,2026-06-02,2026-07-01,2026-07-01,False,True,False,30,30,2,30,30,2,SAMSUNGUSDT,30,,False,0,,,tradfi_or_special,announcement/body or ticker indicates TradFi/special underlying,30,1,30,True,False,True,False,False,,2026-07,,200:30,200:1;404:1,200:30,404:38,12668655.92470000,7,200:7
P0RES018-00607,SKHYNIXUSDT,SKHYNIX,2026-06-01 14:15:21 UTC,2026-06-02 03:00:00 UTC,official_announcement_body,,official_announcement_only_not_in_local_UNIVERSE_PIT,Binance Futures Will Launch Multiple USDS-Margined TradFi Perpetual Contracts (2026-06-02),ed2c6a6160c64eb397b534af90b9d66a,https://www.binance.com/en/support/announcement/ed2c6a6160c64eb397b534af90b9d66a,ok,"Binance Futures Will Launch Multiple USDS-Margined TradFi Perpetual Contracts (2026-06-02) This is a general Binance Exchange Notice. Products and services referred to here may not be available in your region. Fellow Binancians, To expand the list of trading choices offered on Binance Futures and enhance users’ trading experience, Binance Futures will launch the following perpetual contract(s) as below: 2026-06-02 03:00 (UTC): SKHYNIXUSDT Perpetual Contract 2026-06-02 03:10 (UTC): SAMSUNGUSDT Pe",False,,,,2026-06-02,2026-07-19,2026-06,2026-06-02,2026-07-01,2026-07-01,False,True,False,30,30,2,30,30,2,SKHYNIXUSDT,30,,False,0,,,tradfi_or_special,announcement/body or ticker indicates TradFi/special underlying,30,1,30,True,False,True,False,False,,2026-07,,200:30,200:1;404:1,200:30,404:38,45883357.21700000,7,200:7
P0RES018-00608,CRMUSDT,CRM,2026-06-03 06:45:06 UTC,2026-06-03 09:15:00 UTC,official_announcement_body,,official_announcement_only_not_in_local_UNIVERSE_PIT,Binance Futures Will Launch Multiple USDS-Margined TradFi Perpetual Contracts (2026-06-03),d77e2d77ea21405d9ef2cd7c6974ea5f,https://www.binance.com/en/support/announcement/d77e2d77ea21405d9ef2cd7c6974ea5f,ok,"Binance Futures Will Launch Multiple USDS-Margined TradFi Perpetual Contracts (2026-06-03) This is a general Binance Exchange Notice. Products and services referred to here may not be available in your region. Fellow Binancians, To expand the list of trading choices offered on Binance Futures and enhance users’ trading experience, Binance Futures will launch the following perpetual contract(s) as below: 2026-06-03 09:00 (UTC): DELLUSDT Perpetual Contract 2026-06-03 09:05 (UTC): IBMUSDT Perpetual",False,,,,2026-06-03,2026-07-19,2026-06,2026-06-03,2026-07-02,2026-07-02,False,True,False,30,30,2,30,30,2,CRMUSDT,30,,False,0,,,tradfi_or_special,announcement/body or ticker indicates TradFi/special underlying,30,1,30,True,False,True,False,False,,2026-07,,200:30,200:1;404:1,200:30,404:38,1166992.95720000,7,200:7
P0RES018-00609,DELLUSDT,DELL,2026-06-03 06:45:06 UTC,2026-06-03 09:00:00 UTC,official_announcement_body,,official_announcement_only_not_in_local_UNIVERSE_PIT,Binance Futures Will Launch Multiple USDS-Margined TradFi Perpetual Contracts (2026-06-03),d77e2d77ea21405d9ef2cd7c6974ea5f,https://www.binance.com/en/support/announcement/d77e2d77ea21405d9ef2cd7c6974ea5f,ok,"Binance Futures Will Launch Multiple USDS-Margined TradFi Perpetual Contracts (2026-06-03) This is a general Binance Exchange Notice. Products and services referred to here may not be available in your region. Fellow Binancians, To expand the list of trading choices offered on Binance Futures and enhance users’ trading experience, Binance Futures will launch the following perpetual contract(s) as below: 2026-06-03 09:00 (UTC): DELLUSDT Perpetual Contract 2026-06-03 09:05 (UTC): IBMUSDT Perpetual",False,,,,2026-06-03,2026-07-19,2026-06,2026-06-03,2026-07-02,2026-07-02,False,True,False,30,30,2,30,30,2,DELLUSDT,30,,False,0,,,tradfi_or_special,announcement/body or ticker indicates TradFi/special underlying,30,1,30,True,False,True,False,False,,2026-07,,200:30,200:1;404:1,200:30,404:38,4653287.54990000,7,200:7
P0RES018-00610,IBMUSDT,IBM,2026-06-03 06:45:06 UTC,2026-06-03 09:05:00 UTC,official_announcement_body,,official_announcement_only_not_in_local_UNIVERSE_PIT,Binance Futures Will Launch Multiple USDS-Margined TradFi Perpetual Contracts (2026-06-03),d77e2d77ea21405d9ef2cd7c6974ea5f,https://www.binance.com/en/support/announcement/d77e2d77ea21405d9ef2cd7c6974ea5f,ok,"Binance Futures Will Launch Multiple USDS-Margined TradFi Perpetual Contracts (2026-06-03) This is a general Binance Exchange Notice. Products and services referred to here may not be available in your region. Fellow Binancians, To expand the list of trading choices offered on Binance Futures and enhance users’ trading experience, Binance Futures will launch the following perpetual contract(s) as below: 2026-06-03 09:00 (UTC): DELLUSDT Perpetual Contract 2026-06-03 09:05 (UTC): IBMUSDT Perpetual",False,,,,2026-06-03,2026-07-19,2026-06,2026-06-03,2026-07-02,2026-07-02,False,True,False,30,30,2,30,30,2,IBMUSDT,30,,False,0,,,tradfi_or_special,announcement/body or ticker indicates TradFi/special underlying,30,1,30,True,False,True,False,False,,2026-07,,200:30,200:1;404:1,200:30,404:38,3153073.77920000,7,200:7
P0RES018-00611,IRENUSDT,IREN,2026-06-03 06:45:06 UTC,2026-06-03 09:20:00 UTC,official_announcement_body,,official_announcement_only_not_in_local_UNIVERSE_PIT,Binance Futures Will Launch Multiple USDS-Margined TradFi Perpetual Contracts (2026-06-03),d77e2d77ea21405d9ef2cd7c6974ea5f,https://www.binance.com/en/support/announcement/d77e2d77ea21405d9ef2cd7c6974ea5f,ok,"Binance Futures Will Launch Multiple USDS-Margined TradFi Perpetual Contracts (2026-06-03) This is a general Binance Exchange Notice. Products and services referred to here may not be available in your region. Fellow Binancians, To expand the list of trading choices offered on Binance Futures and enhance users’ trading experience, Binance Futures will launch the following perpetual contract(s) as below: 2026-06-03 09:00 (UTC): DELLUSDT Perpetual Contract 2026-06-03 09:05 (UTC): IBMUSDT Perpetual",False,,,,2026-06-03,2026-07-19,2026-06,2026-06-03,2026-07-02,2026-07-02,False,True,False,30,30,2,30,30,2,IRENUSDT,30,,False,0,,,tradfi_or_special,announcement/body or ticker indicates TradFi/special underlying,30,1,30,True,False,True,False,False,,2026-07,,200:30,200:1;404:1,200:30,404:38,2766367.25430000,7,200:7
P0RES018-00612,NOWUSDT,NOW,2026-06-03 06:45:06 UTC,2026-06-03 09:10:00 UTC,official_announcement_body,,official_announcement_only_not_in_local_UNIVERSE_PIT,Binance Futures Will Launch Multiple USDS-Margined TradFi Perpetual Contracts (2026-06-03),d77e2d77ea21405d9ef2cd7c6974ea5f,https://www.binance.com/en/support/announcement/d77e2d77ea21405d9ef2cd7c6974ea5f,ok,"Binance Futures Will Launch Multiple USDS-Margined TradFi Perpetual Contracts (2026-06-03) This is a general Binance Exchange Notice. Products and services referred to here may not be available in your region. Fellow Binancians, To expand the list of trading choices offered on Binance Futures and enhance users’ trading experience, Binance Futures will launch the following perpetual contract(s) as below: 2026-06-03 09:00 (UTC): DELLUSDT Perpetual Contract 2026-06-03 09:05 (UTC): IBMUSDT Perpetual",False,,,,2026-06-03,2026-07-19,2026-06,2026-06-03,2026-07-02,2026-07-02,False,True,False,30,30,2,30,30,2,NOWUSDT,30,,False,0,,,tradfi_or_special,announcement/body or ticker indicates TradFi/special underlying,30,1,30,True,False,True,False,False,,2026-07,,200:30,200:1;404:1,200:30,404:38,2815100.75410000,7,200:7
P0RES018-00613,ONDSUSDT,ONDS,2026-06-03 06:45:06 UTC,2026-06-03 09:25:00 UTC,official_announcement_body,,official_announcement_only_not_in_local_UNIVERSE_PIT,Binance Futures Will Launch Multiple USDS-Margined TradFi Perpetual Contracts (2026-06-03),d77e2d77ea21405d9ef2cd7c6974ea5f,https://www.binance.com/en/support/announcement/d77e2d77ea21405d9ef2cd7c6974ea5f,ok,"Binance Futures Will Launch Multiple USDS-Margined TradFi Perpetual Contracts (2026-06-03) This is a general Binance Exchange Notice. Products and services referred to here may not be available in your region. Fellow Binancians, To expand the list of trading choices offered on Binance Futures and enhance users’ trading experience, Binance Futures will launch the following perpetual contract(s) as below: 2026-06-03 09:00 (UTC): DELLUSDT Perpetual Contract 2026-06-03 09:05 (UTC): IBMUSDT Perpetual",False,,,,2026-06-03,2026-07-19,2026-06,2026-06-03,2026-07-02,2026-07-02,False,True,False,30,30,2,30,30,2,ONDSUSDT,30,,False,0,,,tradfi_or_special,announcement/body or ticker indicates TradFi/special underlying,30,1,30,True,False,True,False,False,,2026-07,,200:30,200:1;404:1,200:30,404:38,1748023.14590000,7,200:7
P0RES018-00614,BTWUSDT,BTW,2026-06-04 12:44:22 UTC,2026-06-04 14:15:00 UTC,official_announcement_body,2026-06-04,UNIVERSE_PIT,Binance Futures Will Launch USDS-Margined ZESTUSDT and BTWUSDT Perpetual Contracts (2026-06-04),61e41ce0e4b74dc7a794cc6bf9c57d38,https://www.binance.com/en/support/announcement/61e41ce0e4b74dc7a794cc6bf9c57d38,ok,"Binance Futures Will Launch USDS-Margined ZESTUSDT and BTWUSDT Perpetual Contracts (2026-06-04) This is a general Binance Exchange Notice. Products and services referred to here may not be available in your region. Fellow Binancians, To expand the list of trading choices offered on Binance Futures and enhance users’ trading experience, Binance Futures will launch the following perpetual contract(s) as below: 2026-06-04 14:00 (UTC): ZESTUSDT Perpetual Contract with up to 10x leverage 2026-06-04 1",False,,,,2026-06-04,2026-07-19,2026-06,2026-06-04,2026-07-03,2026-07-03,False,True,False,30,30,2,30,30,2,BTWUSDT,30,,False,0,,,zero_base_new_asset,No Binance spot archive found in pre30 or near-listing probe window,30,1,30,True,False,True,False,False,,2026-07,,200:30,200:1;404:1,200:30,404:38,158319170.00908297,7,200:7
P0RES018-00615,ZESTUSDT,ZEST,2026-06-04 12:44:22 UTC,2026-06-04 14:00:00 UTC,official_announcement_body,2026-06-04,UNIVERSE_PIT,Binance Futures Will Launch USDS-Margined ZESTUSDT and BTWUSDT Perpetual Contracts (2026-06-04),61e41ce0e4b74dc7a794cc6bf9c57d38,https://www.binance.com/en/support/announcement/61e41ce0e4b74dc7a794cc6bf9c57d38,ok,"Binance Futures Will Launch USDS-Margined ZESTUSDT and BTWUSDT Perpetual Contracts (2026-06-04) This is a general Binance Exchange Notice. Products and services referred to here may not be available in your region. Fellow Binancians, To expand the list of trading choices offered on Binance Futures and enhance users’ trading experience, Binance Futures will launch the following perpetual contract(s) as below: 2026-06-04 14:00 (UTC): ZESTUSDT Perpetual Contract with up to 10x leverage 2026-06-04 1",False,,,,2026-06-04,2026-07-19,2026-06,2026-06-04,2026-07-03,2026-07-03,False,True,False,30,30,2,30,30,2,ZESTUSDT,30,,False,0,,,zero_base_new_asset,No Binance spot archive found in pre30 or near-listing probe window,30,1,30,True,False,True,False,False,,2026-07,,200:30,200:1;404:1,200:30,404:38,33651301.46797000,7,200:7
P0RES018-00616,AAOIUSDT,AAOI,2026-06-08 04:45:01 UTC,2026-06-08 09:25:00 UTC,official_announcement_body,,official_announcement_only_not_in_local_UNIVERSE_PIT,Binance Futures Will Launch Multiple USDS-Margined TradFi Perpetual Contracts (2026-06-08),9595cb2560cc4f4b9906dca1d4cbd6d1,https://www.binance.com/en/support/announcement/9595cb2560cc4f4b9906dca1d4cbd6d1,ok,"Binance Futures Will Launch Multiple USDS-Margined TradFi Perpetual Contracts (2026-06-08) This is a general Binance Exchange Notice. Products and services referred to here may not be available in your region. Fellow Binancians, To expand the list of trading choices offered on Binance Futures and enhance users’ trading experience, Binance Futures will launch the following perpetual contract(s) as below: 2026-06-08 09:00 (UTC): BXUSDT Perpetual Contract 2026-06-08 09:05 (UTC): HPEUSDT Perpetual C",False,,,,2026-06-08,2026-07-19,2026-06,2026-06-08,2026-07-07,2026-07-07,False,True,False,30,30,2,30,30,2,AAOIUSDT,30,,False,0,,,tradfi_or_special,announcement/body or ticker indicates TradFi/special underlying,30,1,30,True,False,True,False,False,,2026-07,,200:30,200:1;404:1,200:30,404:38,27911148.69460000,7,200:7
P0RES018-00617,AMATUSDT,AMAT,2026-06-08 04:45:01 UTC,2026-06-08 09:10:00 UTC,official_announcement_body,,official_announcement_only_not_in_local_UNIVERSE_PIT,Binance Futures Will Launch Multiple USDS-Margined TradFi Perpetual Contracts (2026-06-08),9595cb2560cc4f4b9906dca1d4cbd6d1,https://www.binance.com/en/support/announcement/9595cb2560cc4f4b9906dca1d4cbd6d1,ok,"Binance Futures Will Launch Multiple USDS-Margined TradFi Perpetual Contracts (2026-06-08) This is a general Binance Exchange Notice. Products and services referred to here may not be available in your region. Fellow Binancians, To expand the list of trading choices offered on Binance Futures and enhance users’ trading experience, Binance Futures will launch the following perpetual contract(s) as below: 2026-06-08 09:00 (UTC): BXUSDT Perpetual Contract 2026-06-08 09:05 (UTC): HPEUSDT Perpetual C",False,,,,2026-06-08,2026-07-19,2026-06,2026-06-08,2026-07-07,2026-07-07,False,True,False,30,30,2,30,30,2,AMATUSDT,30,,False,0,,,tradfi_or_special,announcement/body or ticker indicates TradFi/special underlying,30,1,30,True,False,True,False,False,,2026-07,,200:30,200:1;404:1,200:30,404:38,1669525.11670000,7,200:7
P0RES018-00618,AXTIUSDT,AXTI,2026-06-08 04:45:01 UTC,2026-06-08 09:35:00 UTC,official_announcement_body,,official_announcement_only_not_in_local_UNIVERSE_PIT,Binance Futures Will Launch Multiple USDS-Margined TradFi Perpetual Contracts (2026-06-08),9595cb2560cc4f4b9906dca1d4cbd6d1,https://www.binance.com/en/support/announcement/9595cb2560cc4f4b9906dca1d4cbd6d1,ok,"Binance Futures Will Launch Multiple USDS-Margined TradFi Perpetual Contracts (2026-06-08) This is a general Binance Exchange Notice. Products and services referred to here may not be available in your region. Fellow Binancians, To expand the list of trading choices offered on Binance Futures and enhance users’ trading experience, Binance Futures will launch the following perpetual contract(s) as below: 2026-06-08 09:00 (UTC): BXUSDT Perpetual Contract 2026-06-08 09:05 (UTC): HPEUSDT Perpetual C",False,,,,2026-06-08,2026-07-19,2026-06,2026-06-08,2026-07-07,2026-07-07,False,True,False,30,30,2,30,30,2,AXTIUSDT,30,,False,0,,,tradfi_or_special,announcement/body or ticker indicates TradFi/special underlying,30,1,30,True,False,True,False,False,,2026-07,,200:30,200:1;404:1,200:30,404:38,5899156.29640000,7,200:7
P0RES018-00619,BXUSDT,BX,2026-06-08 04:45:01 UTC,2026-06-08 09:00:00 UTC,official_announcement_body,,official_announcement_only_not_in_local_UNIVERSE_PIT,Binance Futures Will Launch Multiple USDS-Margined TradFi Perpetual Contracts (2026-06-08),9595cb2560cc4f4b9906dca1d4cbd6d1,https://www.binance.com/en/support/announcement/9595cb2560cc4f4b9906dca1d4cbd6d1,ok,"Binance Futures Will Launch Multiple USDS-Margined TradFi Perpetual Contracts (2026-06-08) This is a general Binance Exchange Notice. Products and services referred to here may not be available in your region. Fellow Binancians, To expand the list of trading choices offered on Binance Futures and enhance users’ trading experience, Binance Futures will launch the following perpetual contract(s) as below: 2026-06-08 09:00 (UTC): BXUSDT Perpetual Contract 2026-06-08 09:05 (UTC): HPEUSDT Perpetual C",False,,,,2026-06-08,2026-07-19,2026-06,2026-06-08,2026-07-07,2026-07-07,False,True,False,30,30,2,30,30,2,BXUSDT,30,,False,0,,,tradfi_or_special,announcement/body or ticker indicates TradFi/special underlying,30,1,30,True,False,True,False,False,,2026-07,,200:30,200:1;404:1,200:30,404:38,1278232.05830000,7,200:7
P0RES018-00620,CRDOUSDT,CRDO,2026-06-08 04:45:01 UTC,2026-06-08 09:20:00 UTC,official_announcement_body,,official_announcement_only_not_in_local_UNIVERSE_PIT,Binance Futures Will Launch Multiple USDS-Margined TradFi Perpetual Contracts (2026-06-08),9595cb2560cc4f4b9906dca1d4cbd6d1,https://www.binance.com/en/support/announcement/9595cb2560cc4f4b9906dca1d4cbd6d1,ok,"Binance Futures Will Launch Multiple USDS-Margined TradFi Perpetual Contracts (2026-06-08) This is a general Binance Exchange Notice. Products and services referred to here may not be available in your region. Fellow Binancians, To expand the list of trading choices offered on Binance Futures and enhance users’ trading experience, Binance Futures will launch the following perpetual contract(s) as below: 2026-06-08 09:00 (UTC): BXUSDT Perpetual Contract 2026-06-08 09:05 (UTC): HPEUSDT Perpetual C",False,,,,2026-06-08,2026-07-19,2026-06,2026-06-08,2026-07-07,2026-07-07,False,True,False,30,30,2,30,30,2,CRDOUSDT,30,,False,0,,,tradfi_or_special,announcement/body or ticker indicates TradFi/special underlying,30,1,30,True,False,True,False,False,,2026-07,,200:30,200:1;404:1,200:30,404:38,4890862.71450000,7,200:7
P0RES018-00621,CRWDUSDT,CRWD,2026-06-08 04:45:01 UTC,2026-06-08 09:15:00 UTC,official_announcement_body,,official_announcement_only_not_in_local_UNIVERSE_PIT,Binance Futures Will Launch Multiple USDS-Margined TradFi Perpetual Contracts (2026-06-08),9595cb2560cc4f4b9906dca1d4cbd6d1,https://www.binance.com/en/support/announcement/9595cb2560cc4f4b9906dca1d4cbd6d1,ok,"Binance Futures Will Launch Multiple USDS-Margined TradFi Perpetual Contracts (2026-06-08) This is a general Binance Exchange Notice. Products and services referred to here may not be available in your region. Fellow Binancians, To expand the list of trading choices offered on Binance Futures and enhance users’ trading experience, Binance Futures will launch the following perpetual contract(s) as below: 2026-06-08 09:00 (UTC): BXUSDT Perpetual Contract 2026-06-08 09:05 (UTC): HPEUSDT Perpetual C",False,,,,2026-06-08,2026-07-19,2026-06,2026-06-08,2026-07-07,2026-07-07,False,True,False,30,30,2,30,30,2,CRWDUSDT,30,,False,0,,,tradfi_or_special,announcement/body or ticker indicates TradFi/special underlying,30,1,30,True,False,True,False,False,,2026-07,,200:30,200:1;404:1,200:30,404:38,1269787.45510000,7,200:7
P0RES018-00622,HPEUSDT,HPE,2026-06-08 04:45:01 UTC,2026-06-08 09:05:00 UTC,official_announcement_body,,official_announcement_only_not_in_local_UNIVERSE_PIT,Binance Futures Will Launch Multiple USDS-Margined TradFi Perpetual Contracts (2026-06-08),9595cb2560cc4f4b9906dca1d4cbd6d1,https://www.binance.com/en/support/announcement/9595cb2560cc4f4b9906dca1d4cbd6d1,ok,"Binance Futures Will Launch Multiple USDS-Margined TradFi Perpetual Contracts (2026-06-08) This is a general Binance Exchange Notice. Products and services referred to here may not be available in your region. Fellow Binancians, To expand the list of trading choices offered on Binance Futures and enhance users’ trading experience, Binance Futures will launch the following perpetual contract(s) as below: 2026-06-08 09:00 (UTC): BXUSDT Perpetual Contract 2026-06-08 09:05 (UTC): HPEUSDT Perpetual C",False,,,,2026-06-08,2026-07-19,2026-06,2026-06-08,2026-07-07,2026-07-07,False,True,False,30,30,2,30,30,2,HPEUSDT,30,,False,0,,,tradfi_or_special,announcement/body or ticker indicates TradFi/special underlying,30,1,30,True,False,True,False,False,,2026-07,,200:30,200:1;404:1,200:30,404:38,961958.01200000,7,200:7
P0RES018-00623,IWMUSDT,IWM,2026-06-08 04:45:01 UTC,2026-06-08 09:30:00 UTC,official_announcement_body,,official_announcement_only_not_in_local_UNIVERSE_PIT,Binance Futures Will Launch Multiple USDS-Margined TradFi Perpetual Contracts (2026-06-08),9595cb2560cc4f4b9906dca1d4cbd6d1,https://www.binance.com/en/support/announcement/9595cb2560cc4f4b9906dca1d4cbd6d1,ok,"Binance Futures Will Launch Multiple USDS-Margined TradFi Perpetual Contracts (2026-06-08) This is a general Binance Exchange Notice. Products and services referred to here may not be available in your region. Fellow Binancians, To expand the list of trading choices offered on Binance Futures and enhance users’ trading experience, Binance Futures will launch the following perpetual contract(s) as below: 2026-06-08 09:00 (UTC): BXUSDT Perpetual Contract 2026-06-08 09:05 (UTC): HPEUSDT Perpetual C",False,,,,2026-06-08,2026-07-19,2026-06,2026-06-08,2026-07-07,2026-07-07,False,True,False,30,30,2,30,30,2,IWMUSDT,30,,False,0,,,tradfi_or_special,announcement/body or ticker indicates TradFi/special underlying,30,1,30,True,False,True,False,False,,2026-07,,200:30,200:1;404:1,200:30,404:38,506329.65960000,7,200:7
P0RES018-00624,COSTUSDT,COST,2026-06-09 06:15:12 UTC,2026-06-09 09:05:00 UTC,official_announcement_body,,official_announcement_only_not_in_local_UNIVERSE_PIT,Binance Futures Will Launch Multiple USDS-Margined TradFi Perpetual Contracts (2026-06-09),f598c7bb87d74b8c995b9f67bf210be1,https://www.binance.com/en/support/announcement/f598c7bb87d74b8c995b9f67bf210be1,ok,"Binance Futures Will Launch Multiple USDS-Margined TradFi Perpetual Contracts (2026-06-09) This is a general Binance Exchange Notice. Products and services referred to here may not be available in your region. Fellow Binancians, To expand the list of trading choices offered on Binance Futures and enhance users’ trading experience, Binance Futures will launch the following perpetual contract(s) as below: 2026-06-09 09:00 (UTC): NFLXUSDT Perpetual Contract 2026-06-09 09:05 (UTC): COSTUSDT Perpetua",False,,,,2026-06-09,2026-07-19,2026-06,2026-06-09,2026-07-08,2026-07-08,False,True,False,30,30,2,30,30,2,COSTUSDT,30,,False,0,,,tradfi_or_special,announcement/body or ticker indicates TradFi/special underlying,30,1,30,True,False,True,False,False,,2026-07,,200:30,200:1;404:1,200:30,404:38,134577.31610000,7,200:7
P0RES018-00625,EBAYUSDT,EBAY,2026-06-09 06:15:12 UTC,2026-06-09 09:20:00 UTC,official_announcement_body,,official_announcement_only_not_in_local_UNIVERSE_PIT,Binance Futures Will Launch Multiple USDS-Margined TradFi Perpetual Contracts (2026-06-09),f598c7bb87d74b8c995b9f67bf210be1,https://www.binance.com/en/support/announcement/f598c7bb87d74b8c995b9f67bf210be1,ok,"Binance Futures Will Launch Multiple USDS-Margined TradFi Perpetual Contracts (2026-06-09) This is a general Binance Exchange Notice. Products and services referred to here may not be available in your region. Fellow Binancians, To expand the list of trading choices offered on Binance Futures and enhance users’ trading experience, Binance Futures will launch the following perpetual contract(s) as below: 2026-06-09 09:00 (UTC): NFLXUSDT Perpetual Contract 2026-06-09 09:05 (UTC): COSTUSDT Perpetua",False,,,,2026-06-09,2026-07-19,2026-06,2026-06-09,2026-07-08,2026-07-08,False,True,False,30,30,2,30,30,2,EBAYUSDT,30,,False,0,,,tradfi_or_special,announcement/body or ticker indicates TradFi/special underlying,30,1,30,True,False,True,False,False,,2026-07,,200:30,200:1;404:1,200:30,404:38,237619.16070000,7,200:7
P0RES018-00626,HIMSUSDT,HIMS,2026-06-09 06:15:12 UTC,2026-06-09 09:15:00 UTC,official_announcement_body,,official_announcement_only_not_in_local_UNIVERSE_PIT,Binance Futures Will Launch Multiple USDS-Margined TradFi Perpetual Contracts (2026-06-09),f598c7bb87d74b8c995b9f67bf210be1,https://www.binance.com/en/support/announcement/f598c7bb87d74b8c995b9f67bf210be1,ok,"Binance Futures Will Launch Multiple USDS-Margined TradFi Perpetual Contracts (2026-06-09) This is a general Binance Exchange Notice. Products and services referred to here may not be available in your region. Fellow Binancians, To expand the list of trading choices offered on Binance Futures and enhance users’ trading experience, Binance Futures will launch the following perpetual contract(s) as below: 2026-06-09 09:00 (UTC): NFLXUSDT Perpetual Contract 2026-06-09 09:05 (UTC): COSTUSDT Perpetua",False,,,,2026-06-09,2026-07-19,2026-06,2026-06-09,2026-07-08,2026-07-08,False,True,False,30,30,2,30,30,2,HIMSUSDT,30,,False,0,,,tradfi_or_special,announcement/body or ticker indicates TradFi/special underlying,30,1,30,True,False,True,False,False,,2026-07,,200:30,200:1;404:1,200:30,404:38,1368030.62630000,7,200:7
P0RES018-00627,NFLXUSDT,NFLX,2026-06-09 06:15:12 UTC,2026-06-09 09:00:00 UTC,official_announcement_body,,official_announcement_only_not_in_local_UNIVERSE_PIT,Binance Futures Will Launch Multiple USDS-Margined TradFi Perpetual Contracts (2026-06-09),f598c7bb87d74b8c995b9f67bf210be1,https://www.binance.com/en/support/announcement/f598c7bb87d74b8c995b9f67bf210be1,ok,"Binance Futures Will Launch Multiple USDS-Margined TradFi Perpetual Contracts (2026-06-09) This is a general Binance Exchange Notice. Products and services referred to here may not be available in your region. Fellow Binancians, To expand the list of trading choices offered on Binance Futures and enhance users’ trading experience, Binance Futures will launch the following perpetual contract(s) as below: 2026-06-09 09:00 (UTC): NFLXUSDT Perpetual Contract 2026-06-09 09:05 (UTC): COSTUSDT Perpetua",False,,,,2026-06-09,2026-07-19,2026-06,2026-06-09,2026-07-08,2026-07-08,False,True,False,30,30,2,30,30,2,NFLXUSDT,30,,False,0,,,tradfi_or_special,announcement/body or ticker indicates TradFi/special underlying,30,1,30,True,False,True,False,False,,2026-07,,200:30,200:1;404:1,200:30,404:38,348903.02880000,7,200:7
P0RES018-00628,URNMUSDT,URNM,2026-06-09 06:15:12 UTC,2026-06-09 09:10:00 UTC,official_announcement_body,,official_announcement_only_not_in_local_UNIVERSE_PIT,Binance Futures Will Launch Multiple USDS-Margined TradFi Perpetual Contracts (2026-06-09),f598c7bb87d74b8c995b9f67bf210be1,https://www.binance.com/en/support/announcement/f598c7bb87d74b8c995b9f67bf210be1,ok,"Binance Futures Will Launch Multiple USDS-Margined TradFi Perpetual Contracts (2026-06-09) This is a general Binance Exchange Notice. Products and services referred to here may not be available in your region. Fellow Binancians, To expand the list of trading choices offered on Binance Futures and enhance users’ trading experience, Binance Futures will launch the following perpetual contract(s) as below: 2026-06-09 09:00 (UTC): NFLXUSDT Perpetual Contract 2026-06-09 09:05 (UTC): COSTUSDT Perpetua",False,,,,2026-06-09,2026-07-19,2026-06,2026-06-09,2026-07-08,2026-07-08,False,True,False,30,30,2,30,30,2,URNMUSDT,30,,False,0,,,tradfi_or_special,announcement/body or ticker indicates TradFi/special underlying,30,1,30,True,False,True,False,False,,2026-07,,200:30,200:1;404:1,200:30,404:38,661533.84400000,7,200:7
P0RES018-00629,DKNGUSDT,DKNG,2026-06-10 04:30:19 UTC,2026-06-10 09:05:00 UTC,official_announcement_body,,official_announcement_only_not_in_local_UNIVERSE_PIT,Binance Futures Will Launch Multiple USDS-Margined TradFi Perpetual Contracts (2026-06-10),b893d3539ae34c47856013b1f3cc94fb,https://www.binance.com/en/support/announcement/b893d3539ae34c47856013b1f3cc94fb,ok,"Binance Futures Will Launch Multiple USDS-Margined TradFi Perpetual Contracts (2026-06-10) This is a general Binance Exchange Notice. Products and services referred to here may not be available in your region. Fellow Binancians, To expand the list of trading choices offered on Binance Futures and enhance users’ trading experience, Binance Futures will launch the following perpetual contract(s) as below: 2026-06-10 09:00 (UTC): ZMUSDT Perpetual Contract 2026-06-10 09:05 (UTC): DKNGUSDT Perpetual ",False,,,,2026-06-10,2026-07-19,2026-06,2026-06-10,2026-07-09,2026-07-09,False,True,False,30,30,2,30,30,2,DKNGUSDT,30,,False,0,,,tradfi_or_special,announcement/body or ticker indicates TradFi/special underlying,30,1,30,True,False,True,False,False,,2026-07,,200:30,200:1;404:1,200:30,404:38,407319.51940000,7,200:7
P0RES018-00630,EWZUSDT,EWZ,2026-06-10 04:30:19 UTC,2026-06-10 09:25:00 UTC,official_announcement_body,,official_announcement_only_not_in_local_UNIVERSE_PIT,Binance Futures Will Launch Multiple USDS-Margined TradFi Perpetual Contracts (2026-06-10),b893d3539ae34c47856013b1f3cc94fb,https://www.binance.com/en/support/announcement/b893d3539ae34c47856013b1f3cc94fb,ok,"Binance Futures Will Launch Multiple USDS-Margined TradFi Perpetual Contracts (2026-06-10) This is a general Binance Exchange Notice. Products and services referred to here may not be available in your region. Fellow Binancians, To expand the list of trading choices offered on Binance Futures and enhance users’ trading experience, Binance Futures will launch the following perpetual contract(s) as below: 2026-06-10 09:00 (UTC): ZMUSDT Perpetual Contract 2026-06-10 09:05 (UTC): DKNGUSDT Perpetual ",False,,,,2026-06-10,2026-07-19,2026-06,2026-06-10,2026-07-09,2026-07-09,False,True,False,30,30,2,30,30,2,EWZUSDT,30,,False,0,,,tradfi_or_special,announcement/body or ticker indicates TradFi/special underlying,30,1,30,True,False,True,False,False,,2026-07,,200:30,200:1;404:1,200:30,404:38,157558.97150000,7,200:7
P0RES018-00631,GMEUSDT,GME,2026-06-10 04:30:19 UTC,2026-06-10 09:15:00 UTC,official_announcement_body,,official_announcement_only_not_in_local_UNIVERSE_PIT,Binance Futures Will Launch Multiple USDS-Margined TradFi Perpetual Contracts (2026-06-10),b893d3539ae34c47856013b1f3cc94fb,https://www.binance.com/en/support/announcement/b893d3539ae34c47856013b1f3cc94fb,ok,"Binance Futures Will Launch Multiple USDS-Margined TradFi Perpetual Contracts (2026-06-10) This is a general Binance Exchange Notice. Products and services referred to here may not be available in your region. Fellow Binancians, To expand the list of trading choices offered on Binance Futures and enhance users’ trading experience, Binance Futures will launch the following perpetual contract(s) as below: 2026-06-10 09:00 (UTC): ZMUSDT Perpetual Contract 2026-06-10 09:05 (UTC): DKNGUSDT Perpetual ",False,,,,2026-06-10,2026-07-19,2026-06,2026-06-10,2026-07-09,2026-07-09,False,True,False,30,30,2,30,30,2,GMEUSDT,30,,False,0,,,tradfi_or_special,announcement/body or ticker indicates TradFi/special underlying,30,1,30,True,False,True,False,False,,2026-07,,200:30,200:1;404:1,200:30,404:38,149924.05220000,7,200:7
P0RES018-00632,RIVNUSDT,RIVN,2026-06-10 04:30:19 UTC,2026-06-10 09:10:00 UTC,official_announcement_body,,official_announcement_only_not_in_local_UNIVERSE_PIT,Binance Futures Will Launch Multiple USDS-Margined TradFi Perpetual Contracts (2026-06-10),b893d3539ae34c47856013b1f3cc94fb,https://www.binance.com/en/support/announcement/b893d3539ae34c47856013b1f3cc94fb,ok,"Binance Futures Will Launch Multiple USDS-Margined TradFi Perpetual Contracts (2026-06-10) This is a general Binance Exchange Notice. Products and services referred to here may not be available in your region. Fellow Binancians, To expand the list of trading choices offered on Binance Futures and enhance users’ trading experience, Binance Futures will launch the following perpetual contract(s) as below: 2026-06-10 09:00 (UTC): ZMUSDT Perpetual Contract 2026-06-10 09:05 (UTC): DKNGUSDT Perpetual ",False,,,,2026-06-10,2026-07-19,2026-06,2026-06-10,2026-07-09,2026-07-09,False,True,False,30,30,2,30,30,2,RIVNUSDT,30,,False,0,,,tradfi_or_special,announcement/body or ticker indicates TradFi/special underlying,30,1,30,True,False,True,False,False,,2026-07,,200:30,200:1;404:1,200:30,404:38,421774.80030000,7,200:7
P0RES018-00633,XLEUSDT,XLE,2026-06-10 04:30:19 UTC,2026-06-10 09:20:00 UTC,official_announcement_body,,official_announcement_only_not_in_local_UNIVERSE_PIT,Binance Futures Will Launch Multiple USDS-Margined TradFi Perpetual Contracts (2026-06-10),b893d3539ae34c47856013b1f3cc94fb,https://www.binance.com/en/support/announcement/b893d3539ae34c47856013b1f3cc94fb,ok,"Binance Futures Will Launch Multiple USDS-Margined TradFi Perpetual Contracts (2026-06-10) This is a general Binance Exchange Notice. Products and services referred to here may not be available in your region. Fellow Binancians, To expand the list of trading choices offered on Binance Futures and enhance users’ trading experience, Binance Futures will launch the following perpetual contract(s) as below: 2026-06-10 09:00 (UTC): ZMUSDT Perpetual Contract 2026-06-10 09:05 (UTC): DKNGUSDT Perpetual ",False,,,,2026-06-10,2026-07-19,2026-06,2026-06-10,2026-07-09,2026-07-09,False,True,False,30,30,2,30,30,2,XLEUSDT,30,,False,0,,,tradfi_or_special,announcement/body or ticker indicates TradFi/special underlying,30,1,30,True,False,True,False,False,,2026-07,,200:30,200:1;404:1,200:30,404:38,322036.67720000,7,200:7
P0RES018-00634,ZMUSDT,ZM,2026-06-10 04:30:19 UTC,2026-06-10 09:00:00 UTC,official_announcement_body,,official_announcement_only_not_in_local_UNIVERSE_PIT,Binance Futures Will Launch Multiple USDS-Margined TradFi Perpetual Contracts (2026-06-10),b893d3539ae34c47856013b1f3cc94fb,https://www.binance.com/en/support/announcement/b893d3539ae34c47856013b1f3cc94fb,ok,"Binance Futures Will Launch Multiple USDS-Margined TradFi Perpetual Contracts (2026-06-10) This is a general Binance Exchange Notice. Products and services referred to here may not be available in your region. Fellow Binancians, To expand the list of trading choices offered on Binance Futures and enhance users’ trading experience, Binance Futures will launch the following perpetual contract(s) as below: 2026-06-10 09:00 (UTC): ZMUSDT Perpetual Contract 2026-06-10 09:05 (UTC): DKNGUSDT Perpetual ",False,,,,2026-06-10,2026-07-19,2026-06,2026-06-10,2026-07-09,2026-07-09,False,True,False,30,30,2,30,30,2,ZMUSDT,30,,False,0,,,tradfi_or_special,announcement/body or ticker indicates TradFi/special underlying,30,1,30,True,False,True,False,False,,2026-07,,200:30,200:1;404:1,200:30,404:38,365092.96420000,7,200:7
P0RES018-00635,ADBEUSDT,ADBE,2026-06-11 07:30:03 UTC,2026-06-11 09:25:00 UTC,official_announcement_body,,official_announcement_only_not_in_local_UNIVERSE_PIT,Binance Futures Will Launch Multiple USDS-Margined TradFi Perpetual Contracts (2026-06-11),f622c1f2a1a94ba1894d9a9e265fb4b9,https://www.binance.com/en/support/announcement/f622c1f2a1a94ba1894d9a9e265fb4b9,ok,"Binance Futures Will Launch Multiple USDS-Margined TradFi Perpetual Contracts (2026-06-11) This is a general Binance Exchange Notice. Products and services referred to here may not be available in your region. Fellow Binancians, To expand the list of trading choices offered on Binance Futures and enhance users’ trading experience, Binance Futures will launch the following perpetual contract(s) as below: 2026-06-11 09:15 (UTC): BMNRUSDT Perpetual Contract 2026-06-11 09:20 (UTC): UVXYUSDT Perpetua",False,,,,2026-06-11,2026-07-19,2026-06,2026-06-11,2026-07-10,2026-07-10,False,True,False,30,30,2,30,30,2,ADBEUSDT,30,,False,0,,,tradfi_or_special,announcement/body or ticker indicates TradFi/special underlying,30,1,30,True,False,True,False,False,,2026-07,,200:30,200:1;404:1,200:30,404:38,748175.96970000,7,200:7
P0RES018-00636,ASMLUSDT,ASML,2026-06-11 07:30:03 UTC,2026-06-11 09:40:00 UTC,official_announcement_body,,official_announcement_only_not_in_local_UNIVERSE_PIT,Binance Futures Will Launch Multiple USDS-Margined TradFi Perpetual Contracts (2026-06-11),f622c1f2a1a94ba1894d9a9e265fb4b9,https://www.binance.com/en/support/announcement/f622c1f2a1a94ba1894d9a9e265fb4b9,ok,"Binance Futures Will Launch Multiple USDS-Margined TradFi Perpetual Contracts (2026-06-11) This is a general Binance Exchange Notice. Products and services referred to here may not be available in your region. Fellow Binancians, To expand the list of trading choices offered on Binance Futures and enhance users’ trading experience, Binance Futures will launch the following perpetual contract(s) as below: 2026-06-11 09:15 (UTC): BMNRUSDT Perpetual Contract 2026-06-11 09:20 (UTC): UVXYUSDT Perpetua",False,,,,2026-06-11,2026-07-19,2026-06,2026-06-11,2026-07-10,2026-07-10,False,True,False,30,30,2,30,30,2,ASMLUSDT,30,,False,0,,,tradfi_or_special,announcement/body or ticker indicates TradFi/special underlying,30,1,30,True,False,True,False,False,,2026-07,,200:30,200:1;404:1,200:30,404:38,1744060.16190000,7,200:7
P0RES018-00637,BMNRUSDT,BMNR,2026-06-11 07:30:03 UTC,2026-06-11 09:15:00 UTC,official_announcement_body,,official_announcement_only_not_in_local_UNIVERSE_PIT,Binance Futures Will Launch Multiple USDS-Margined TradFi Perpetual Contracts (2026-06-11),f622c1f2a1a94ba1894d9a9e265fb4b9,https://www.binance.com/en/support/announcement/f622c1f2a1a94ba1894d9a9e265fb4b9,ok,"Binance Futures Will Launch Multiple USDS-Margined TradFi Perpetual Contracts (2026-06-11) This is a general Binance Exchange Notice. Products and services referred to here may not be available in your region. Fellow Binancians, To expand the list of trading choices offered on Binance Futures and enhance users’ trading experience, Binance Futures will launch the following perpetual contract(s) as below: 2026-06-11 09:15 (UTC): BMNRUSDT Perpetual Contract 2026-06-11 09:20 (UTC): UVXYUSDT Perpetua",False,,,,2026-06-11,2026-07-19,2026-06,2026-06-11,2026-07-10,2026-07-10,False,True,False,30,30,2,30,30,2,BMNRUSDT,30,,False,0,,,tradfi_or_special,announcement/body or ticker indicates TradFi/special underlying,30,1,30,True,False,True,False,False,,2026-07,,200:30,200:1;404:1,200:30,404:38,1251017.12240000,7,200:7
P0RES018-00638,GLWUSDT,GLW,2026-06-11 07:30:03 UTC,2026-06-11 09:30:00 UTC,official_announcement_body,,official_announcement_only_not_in_local_UNIVERSE_PIT,Binance Futures Will Launch Multiple USDS-Margined TradFi Perpetual Contracts (2026-06-11),f622c1f2a1a94ba1894d9a9e265fb4b9,https://www.binance.com/en/support/announcement/f622c1f2a1a94ba1894d9a9e265fb4b9,ok,"Binance Futures Will Launch Multiple USDS-Margined TradFi Perpetual Contracts (2026-06-11) This is a general Binance Exchange Notice. Products and services referred to here may not be available in your region. Fellow Binancians, To expand the list of trading choices offered on Binance Futures and enhance users’ trading experience, Binance Futures will launch the following perpetual contract(s) as below: 2026-06-11 09:15 (UTC): BMNRUSDT Perpetual Contract 2026-06-11 09:20 (UTC): UVXYUSDT Perpetua",False,,,,2026-06-11,2026-07-19,2026-06,2026-06-11,2026-07-10,2026-07-10,False,True,False,30,30,2,30,30,2,GLWUSDT,30,,False,0,,,tradfi_or_special,announcement/body or ticker indicates TradFi/special underlying,30,1,30,True,False,True,False,False,,2026-07,,200:30,200:1;404:1,200:30,404:38,1171091.94220000,7,200:7
P0RES018-00639,STXXUSDT,STXX,2026-06-11 07:30:03 UTC,2026-06-11 09:35:00 UTC,official_announcement_body,,official_announcement_only_not_in_local_UNIVERSE_PIT,Binance Futures Will Launch Multiple USDS-Margined TradFi Perpetual Contracts (2026-06-11),f622c1f2a1a94ba1894d9a9e265fb4b9,https://www.binance.com/en/support/announcement/f622c1f2a1a94ba1894d9a9e265fb4b9,ok,"Binance Futures Will Launch Multiple USDS-Margined TradFi Perpetual Contracts (2026-06-11) This is a general Binance Exchange Notice. Products and services referred to here may not be available in your region. Fellow Binancians, To expand the list of trading choices offered on Binance Futures and enhance users’ trading experience, Binance Futures will launch the following perpetual contract(s) as below: 2026-06-11 09:15 (UTC): BMNRUSDT Perpetual Contract 2026-06-11 09:20 (UTC): UVXYUSDT Perpetua",False,,,,2026-06-11,2026-07-19,2026-06,2026-06-11,2026-07-10,2026-07-10,False,True,False,30,30,2,30,30,2,STXXUSDT,30,,False,0,,,tradfi_or_special,announcement/body or ticker indicates TradFi/special underlying,30,1,30,True,False,True,False,False,,2026-07,,200:30,200:1;404:1,200:30,404:38,2412328.73030000,7,200:7
P0RES018-00640,TXXUSDT,TXX,2026-06-11 07:30:03 UTC,2026-06-11 09:15:00 UTC,official_announcement_body,,official_announcement_only_not_in_local_UNIVERSE_PIT,Binance Futures Will Launch Multiple USDS-Margined TradFi Perpetual Contracts (2026-06-11),f622c1f2a1a94ba1894d9a9e265fb4b9,https://www.binance.com/en/support/announcement/f622c1f2a1a94ba1894d9a9e265fb4b9,ok,"Binance Futures Will Launch Multiple USDS-Margined TradFi Perpetual Contracts (2026-06-11) This is a general Binance Exchange Notice. Products and services referred to here may not be available in your region. Fellow Binancians, To expand the list of trading choices offered on Binance Futures and enhance users’ trading experience, Binance Futures will launch the following perpetual contract(s) as below: 2026-06-11 09:15 (UTC): BMNRUSDT Perpetual Contract 2026-06-11 09:20 (UTC): UVXYUSDT Perpetua",False,,,,2026-06-11,2026-07-19,2026-06,2026-06-11,2026-07-10,2026-07-10,False,True,False,30,30,2,30,30,2,TXXUSDT,30,,False,0,,,tradfi_or_special,announcement/body or ticker indicates TradFi/special underlying,0,0,0,False,False,False,False,False,2026-06-11;2026-06-12;2026-06-13;2026-06-14;2026-06-15;2026-06-16;2026-06-17;2026-06-18;2026-06-19;2026-06-20;2026-06-21;2026-06-22;2026-06-23;2026-06-24;2026-06-25;2026-06-26;2026-06-27;2026-06-28;2026-06-29;2026-06-30;2026-07-01;2026-07-02;2026-07-03;2026-07-04;2026-07-05;2026-07-06;2026-07-07;2026-07-08;2026-07-09;2026-07-10,2026-06;2026-07,2026-06-11;2026-06-12;2026-06-13;2026-06-14;2026-06-15;2026-06-16;2026-06-17;2026-06-18;2026-06-19;2026-06-20;2026-06-21;2026-06-22;2026-06-23;2026-06-24;2026-06-25;2026-06-26;2026-06-27;2026-06-28;2026-06-29;2026-06-30;2026-07-01;2026-07-02;2026-07-03;2026-07-04;2026-07-05;2026-07-06;2026-07-07;2026-07-08;2026-07-09;2026-07-10,404:30,404:2,404:30,404:38,,0,curl_exit_56:7
P0RES018-00641,UVXYUSDT,UVXY,2026-06-11 07:30:03 UTC,2026-06-11 09:20:00 UTC,official_announcement_body,,official_announcement_only_not_in_local_UNIVERSE_PIT,Binance Futures Will Launch Multiple USDS-Margined TradFi Perpetual Contracts (2026-06-11),f622c1f2a1a94ba1894d9a9e265fb4b9,https://www.binance.com/en/support/announcement/f622c1f2a1a94ba1894d9a9e265fb4b9,ok,"Binance Futures Will Launch Multiple USDS-Margined TradFi Perpetual Contracts (2026-06-11) This is a general Binance Exchange Notice. Products and services referred to here may not be available in your region. Fellow Binancians, To expand the list of trading choices offered on Binance Futures and enhance users’ trading experience, Binance Futures will launch the following perpetual contract(s) as below: 2026-06-11 09:15 (UTC): BMNRUSDT Perpetual Contract 2026-06-11 09:20 (UTC): UVXYUSDT Perpetua",False,,,,2026-06-11,2026-07-19,2026-06,2026-06-11,2026-07-10,2026-07-10,False,True,False,30,30,2,30,30,2,UVXYUSDT,30,,False,0,,,tradfi_or_special,announcement/body or ticker indicates TradFi/special underlying,30,1,30,True,False,True,False,False,,2026-07,,200:30,200:1;404:1,200:30,404:38,929589.52580000,7,200:7
P0RES018-00642,ALABUSDT,ALAB,2026-06-22 08:15:20 UTC,2026-06-22 13:40:00 UTC,official_announcement_body,,official_announcement_only_not_in_local_UNIVERSE_PIT,Binance Futures Will Launch Multiple USDS-Margined TradFi Perpetual Contracts (2026-06-22),88ea4a4f9f0b4ad4b7b308195c026fe4,https://www.binance.com/en/support/announcement/88ea4a4f9f0b4ad4b7b308195c026fe4,ok,"Binance Futures Will Launch Multiple USDS-Margined TradFi Perpetual Contracts (2026-06-22) This is a general Binance Exchange Notice. Products and services referred to here may not be available in your region. Fellow Binancians, To expand the list of trading choices offered on Binance Futures and enhance users’ trading experience, Binance Futures will launch the following perpetual contract(s) as below: 2026-06-22 13:30 (UTC): LRCXUSDT Perpetual Contract 2026-06-22 13:35 (UTC): KLACUSDT Perpetua",False,,,,2026-06-22,2026-07-19,2026-06,2026-06-22,2026-07-21,2026-07-21,False,False,False,30,30,2,28,28,2,ALABUSDT,30,,False,0,,,tradfi_or_special,announcement/body or ticker indicates TradFi/special underlying,28,1,28,False,False,False,False,False,,2026-07,,200:28,200:1;404:1,200:28,404:38,1597907.45650000,7,200:7
P0RES018-00643,CIENUSDT,CIEN,2026-06-22 08:15:20 UTC,2026-06-22 13:50:00 UTC,official_announcement_body,,official_announcement_only_not_in_local_UNIVERSE_PIT,Binance Futures Will Launch Multiple USDS-Margined TradFi Perpetual Contracts (2026-06-22),88ea4a4f9f0b4ad4b7b308195c026fe4,https://www.binance.com/en/support/announcement/88ea4a4f9f0b4ad4b7b308195c026fe4,ok,"Binance Futures Will Launch Multiple USDS-Margined TradFi Perpetual Contracts (2026-06-22) This is a general Binance Exchange Notice. Products and services referred to here may not be available in your region. Fellow Binancians, To expand the list of trading choices offered on Binance Futures and enhance users’ trading experience, Binance Futures will launch the following perpetual contract(s) as below: 2026-06-22 13:30 (UTC): LRCXUSDT Perpetual Contract 2026-06-22 13:35 (UTC): KLACUSDT Perpetua",False,,,,2026-06-22,2026-07-19,2026-06,2026-06-22,2026-07-21,2026-07-21,False,False,False,30,30,2,28,28,2,CIENUSDT,30,,False,0,,,tradfi_or_special,announcement/body or ticker indicates TradFi/special underlying,28,1,28,False,False,False,False,False,,2026-07,,200:28,200:1;404:1,200:28,404:38,1161229.46660000,7,200:7
P0RES018-00644,KLACUSDT,KLAC,2026-06-22 08:15:20 UTC,2026-06-22 13:35:00 UTC,official_announcement_body,,official_announcement_only_not_in_local_UNIVERSE_PIT,Binance Futures Will Launch Multiple USDS-Margined TradFi Perpetual Contracts (2026-06-22),88ea4a4f9f0b4ad4b7b308195c026fe4,https://www.binance.com/en/support/announcement/88ea4a4f9f0b4ad4b7b308195c026fe4,ok,"Binance Futures Will Launch Multiple USDS-Margined TradFi Perpetual Contracts (2026-06-22) This is a general Binance Exchange Notice. Products and services referred to here may not be available in your region. Fellow Binancians, To expand the list of trading choices offered on Binance Futures and enhance users’ trading experience, Binance Futures will launch the following perpetual contract(s) as below: 2026-06-22 13:30 (UTC): LRCXUSDT Perpetual Contract 2026-06-22 13:35 (UTC): KLACUSDT Perpetua",False,,,,2026-06-22,2026-07-19,2026-06,2026-06-22,2026-07-21,2026-07-21,False,False,False,30,30,2,28,28,2,KLACUSDT,30,,False,0,,,tradfi_or_special,announcement/body or ticker indicates TradFi/special underlying,28,1,28,False,False,False,False,False,,2026-07,,200:28,200:1;404:1,200:28,404:38,956671.99180000,7,200:7
P0RES018-00645,KORUUSDT,KORU,2026-06-22 08:15:20 UTC,2026-06-22 13:55:00 UTC,official_announcement_body,,official_announcement_only_not_in_local_UNIVERSE_PIT,Binance Futures Will Launch Multiple USDS-Margined TradFi Perpetual Contracts (2026-06-22),88ea4a4f9f0b4ad4b7b308195c026fe4,https://www.binance.com/en/support/announcement/88ea4a4f9f0b4ad4b7b308195c026fe4,ok,"Binance Futures Will Launch Multiple USDS-Margined TradFi Perpetual Contracts (2026-06-22) This is a general Binance Exchange Notice. Products and services referred to here may not be available in your region. Fellow Binancians, To expand the list of trading choices offered on Binance Futures and enhance users’ trading experience, Binance Futures will launch the following perpetual contract(s) as below: 2026-06-22 13:30 (UTC): LRCXUSDT Perpetual Contract 2026-06-22 13:35 (UTC): KLACUSDT Perpetua",False,,,,2026-06-22,2026-07-19,2026-06,2026-06-22,2026-07-21,2026-07-21,False,False,False,30,30,2,28,28,2,KORUUSDT,30,,False,0,,,tradfi_or_special,announcement/body or ticker indicates TradFi/special underlying,28,1,28,False,False,False,False,False,,2026-07,,200:28,200:1;404:1,200:28,404:38,100272600.50129998,7,200:7
P0RES018-00646,LRCXUSDT,LRCX,2026-06-22 08:15:20 UTC,2026-06-22 13:30:00 UTC,official_announcement_body,,official_announcement_only_not_in_local_UNIVERSE_PIT,Binance Futures Will Launch Multiple USDS-Margined TradFi Perpetual Contracts (2026-06-22),88ea4a4f9f0b4ad4b7b308195c026fe4,https://www.binance.com/en/support/announcement/88ea4a4f9f0b4ad4b7b308195c026fe4,ok,"Binance Futures Will Launch Multiple USDS-Margined TradFi Perpetual Contracts (2026-06-22) This is a general Binance Exchange Notice. Products and services referred to here may not be available in your region. Fellow Binancians, To expand the list of trading choices offered on Binance Futures and enhance users’ trading experience, Binance Futures will launch the following perpetual contract(s) as below: 2026-06-22 13:30 (UTC): LRCXUSDT Perpetual Contract 2026-06-22 13:35 (UTC): KLACUSDT Perpetua",False,,,,2026-06-22,2026-07-19,2026-06,2026-06-22,2026-07-21,2026-07-21,False,False,False,30,30,2,28,28,2,LRCXUSDT,30,,False,0,,,tradfi_or_special,announcement/body or ticker indicates TradFi/special underlying,28,1,28,False,False,False,False,False,,2026-07,,200:28,200:1;404:1,200:28,404:38,1397334.86790000,7,200:7
P0RES018-00647,SMCIUSDT,SMCI,2026-06-22 08:15:20 UTC,2026-06-22 13:45:00 UTC,official_announcement_body,,official_announcement_only_not_in_local_UNIVERSE_PIT,Binance Futures Will Launch Multiple USDS-Margined TradFi Perpetual Contracts (2026-06-22),88ea4a4f9f0b4ad4b7b308195c026fe4,https://www.binance.com/en/support/announcement/88ea4a4f9f0b4ad4b7b308195c026fe4,ok,"Binance Futures Will Launch Multiple USDS-Margined TradFi Perpetual Contracts (2026-06-22) This is a general Binance Exchange Notice. Products and services referred to here may not be available in your region. Fellow Binancians, To expand the list of trading choices offered on Binance Futures and enhance users’ trading experience, Binance Futures will launch the following perpetual contract(s) as below: 2026-06-22 13:30 (UTC): LRCXUSDT Perpetual Contract 2026-06-22 13:35 (UTC): KLACUSDT Perpetua",False,,,,2026-06-22,2026-07-19,2026-06,2026-06-22,2026-07-21,2026-07-21,False,False,False,30,30,2,28,28,2,SMCIUSDT,30,,False,0,,,tradfi_or_special,announcement/body or ticker indicates TradFi/special underlying,28,1,28,False,False,False,False,False,,2026-07,,200:28,200:1;404:1,200:28,404:38,2072294.21860000,7,200:7
P0RES018-00648,SONYUSDT,SONY,2026-06-22 08:15:20 UTC,2026-06-22 14:00:00 UTC,official_announcement_body,,official_announcement_only_not_in_local_UNIVERSE_PIT,Binance Futures Will Launch Multiple USDS-Margined TradFi Perpetual Contracts (2026-06-22),88ea4a4f9f0b4ad4b7b308195c026fe4,https://www.binance.com/en/support/announcement/88ea4a4f9f0b4ad4b7b308195c026fe4,ok,"Binance Futures Will Launch Multiple USDS-Margined TradFi Perpetual Contracts (2026-06-22) This is a general Binance Exchange Notice. Products and services referred to here may not be available in your region. Fellow Binancians, To expand the list of trading choices offered on Binance Futures and enhance users’ trading experience, Binance Futures will launch the following perpetual contract(s) as below: 2026-06-22 13:30 (UTC): LRCXUSDT Perpetual Contract 2026-06-22 13:35 (UTC): KLACUSDT Perpetua",False,,,,2026-06-22,2026-07-19,2026-06,2026-06-22,2026-07-21,2026-07-21,False,False,False,30,30,2,28,28,2,SONYUSDT,30,,False,0,,,tradfi_or_special,announcement/body or ticker indicates TradFi/special underlying,28,1,28,False,False,False,False,False,,2026-07,,200:28,200:1;404:1,200:28,404:38,599545.38640000,7,200:7
P0RES018-00649,ARXUSDT,ARX,2026-06-23 03:30:38 UTC,2026-06-23 04:45:00 UTC,official_announcement_body,,official_announcement_only_not_in_local_UNIVERSE_PIT,Binance Futures Will Launch USDS-Margined ARXUSDT Perpetual Contract (2026-06-23),7fa4e8b3ced94b4c8c189a4593dbce9b,https://www.binance.com/en/support/announcement/7fa4e8b3ced94b4c8c189a4593dbce9b,ok,"Binance Futures Will Launch USDS-Margined ARXUSDT Perpetual Contract (2026-06-23) This is a general Binance Exchange Notice. Products and services referred to here may not be available in your region. Fellow Binancians, To expand the list of trading choices offered on Binance Futures and enhance users’ trading experience, Binance Futures will launch the following perpetual contract(s) as below: 2026-06-23 04:45 (UTC): ARXUSDT Perpetual Contract with up to 20x leverage More details on the aforeme",False,,,,2026-06-23,2026-07-19,2026-06,2026-06-23,2026-07-22,2026-07-22,False,False,False,30,30,2,27,27,2,ARXUSDT,30,,False,0,,,zero_base_new_asset,No Binance spot archive found in pre30 or near-listing probe window,27,1,27,False,False,False,False,False,,2026-07,,200:27,200:1;404:1,200:27,404:38,53685619.54939999,7,200:7
P0RES018-00650,OUSDT,O,2026-06-24 10:30:18 UTC,2026-06-24 11:45:00 UTC,official_announcement_body,,official_announcement_only_not_in_local_UNIVERSE_PIT,Binance Futures Will Launch USDS-Margined OUSDT Perpetual Contract (2026-06-24),a6b7d5a8a14a44c1b6a6a34813c6d93f,https://www.binance.com/en/support/announcement/a6b7d5a8a14a44c1b6a6a34813c6d93f,ok,"Binance Futures Will Launch USDS-Margined OUSDT Perpetual Contract (2026-06-24) This is a general Binance Exchange Notice. Products and services referred to here may not be available in your region. Fellow Binancians, To expand the list of trading choices offered on Binance Futures and enhance users’ trading experience, Binance Futures will launch the following perpetual contract(s) as below: 2026-06-24 11:45 (UTC): OUSDT Perpetual Contract with up to 10x leverage More details on the aforementio",False,,,,2026-06-24,2026-07-19,2026-06,2026-06-24,2026-07-23,2026-07-23,False,False,False,30,30,2,26,26,2,OUSDT,30,,False,0,,,zero_base_new_asset,No Binance spot archive found in pre30 or near-listing probe window,26,1,26,False,False,False,False,False,,2026-07,,200:26,200:1;404:1,200:26,404:38,48302878.92290001,7,200:7
P0RES018-00651,CAPUSDT,CAP,2026-06-27 10:50:43 UTC,2026-06-27 11:45:00 UTC,official_announcement_body,,official_announcement_only_not_in_local_UNIVERSE_PIT,Binance Futures Will Launch USDS-Margined CAPUSDT Perpetual Contract (2026-06-27),a444dd2f67da43e0bafdd730fddc3887,https://www.binance.com/en/support/announcement/a444dd2f67da43e0bafdd730fddc3887,ok,"Binance Futures Will Launch USDS-Margined CAPUSDT Perpetual Contract (2026-06-27) This is a general Binance Exchange Notice. Products and services referred to here may not be available in your region. Fellow Binancians, To expand the list of trading choices offered on Binance Futures and enhance users’ trading experience, Binance Futures will launch the following perpetual contract(s) as below: 2026-06-27 11:45 (UTC): CAPUSDT Perpetual Contract with up to 10x leverage More details on the aforeme",False,,,,2026-06-27,2026-07-19,2026-06,2026-06-27,2026-07-26,2026-07-26,False,False,False,30,30,2,23,23,2,CAPUSDT,30,,False,0,,,zero_base_new_asset,No Binance spot archive found in pre30 or near-listing probe window,23,1,23,False,False,False,False,False,,2026-07,,200:23,200:1;404:1,200:23,404:38,20419389.94923000,7,200:7
P0RES018-00652,MVLLUSDT,MVLL,2026-06-23 10:00:31 UTC,2026-06-29 13:35:00 UTC,official_announcement_body,,official_announcement_only_not_in_local_UNIVERSE_PIT,Binance Futures Will Launch Multiple USDS-Margined TradFi Perpetual Contracts (2026-06-29),ba04ce1272df4bdf8d2595ccb0e1954b,https://www.binance.com/en/support/announcement/ba04ce1272df4bdf8d2595ccb0e1954b,ok,"Binance Futures Will Launch Multiple USDS-Margined TradFi Perpetual Contracts (2026-06-29) This is a general Binance Exchange Notice. Products and services referred to here may not be available in your region. Fellow Binancians, To expand the list of trading choices offered on Binance Futures and enhance users’ trading experience, Binance Futures will launch the following perpetual contract(s) as below: 2026-06-29 13:35 (UTC): MVLLUSDT Perpetual Contract 2026-06-29 13:40 (UTC): TQQQUSDT Perpetua",False,,,,2026-06-29,2026-07-19,2026-06,2026-06-29,2026-07-28,2026-07-28,False,False,False,30,30,2,21,21,2,MVLLUSDT,30,,False,0,,,tradfi_or_special,announcement/body or ticker indicates TradFi/special underlying,21,1,21,False,False,False,False,False,,2026-07,,200:21,200:1;404:1,200:21,404:38,16010338.88690000,7,200:7
P0RES018-00653,SQQQUSDT,SQQQ,2026-06-23 10:00:31 UTC,2026-06-29 13:45:00 UTC,official_announcement_body,,official_announcement_only_not_in_local_UNIVERSE_PIT,Binance Futures Will Launch Multiple USDS-Margined TradFi Perpetual Contracts (2026-06-29),ba04ce1272df4bdf8d2595ccb0e1954b,https://www.binance.com/en/support/announcement/ba04ce1272df4bdf8d2595ccb0e1954b,ok,"Binance Futures Will Launch Multiple USDS-Margined TradFi Perpetual Contracts (2026-06-29) This is a general Binance Exchange Notice. Products and services referred to here may not be available in your region. Fellow Binancians, To expand the list of trading choices offered on Binance Futures and enhance users’ trading experience, Binance Futures will launch the following perpetual contract(s) as below: 2026-06-29 13:35 (UTC): MVLLUSDT Perpetual Contract 2026-06-29 13:40 (UTC): TQQQUSDT Perpetua",False,,,,2026-06-29,2026-07-19,2026-06,2026-06-29,2026-07-28,2026-07-28,False,False,False,30,30,2,21,21,2,SQQQUSDT,30,,False,0,,,tradfi_or_special,announcement/body or ticker indicates TradFi/special underlying,21,1,21,False,False,False,False,False,,2026-07,,200:21,200:1;404:1,200:21,404:38,2211703.32200000,7,200:7
P0RES018-00654,TQQQUSDT,TQQQ,2026-06-23 10:00:31 UTC,2026-06-29 13:40:00 UTC,official_announcement_body,,official_announcement_only_not_in_local_UNIVERSE_PIT,Binance Futures Will Launch Multiple USDS-Margined TradFi Perpetual Contracts (2026-06-29),ba04ce1272df4bdf8d2595ccb0e1954b,https://www.binance.com/en/support/announcement/ba04ce1272df4bdf8d2595ccb0e1954b,ok,"Binance Futures Will Launch Multiple USDS-Margined TradFi Perpetual Contracts (2026-06-29) This is a general Binance Exchange Notice. Products and services referred to here may not be available in your region. Fellow Binancians, To expand the list of trading choices offered on Binance Futures and enhance users’ trading experience, Binance Futures will launch the following perpetual contract(s) as below: 2026-06-29 13:35 (UTC): MVLLUSDT Perpetual Contract 2026-06-29 13:40 (UTC): TQQQUSDT Perpetua",False,,,,2026-06-29,2026-07-19,2026-06,2026-06-29,2026-07-28,2026-07-28,False,False,False,30,30,2,21,21,2,TQQQUSDT,30,,False,0,,,tradfi_or_special,announcement/body or ticker indicates TradFi/special underlying,21,1,21,False,False,False,False,False,,2026-07,,200:21,200:1;404:1,200:21,404:38,4801600.70480000,7,200:7
P0RES018-00655,BTCUUSDT,BTCU,2026-06-30 14:45:02 UTC,2026-07-01 09:00:00 UTC,official_announcement_body,,official_announcement_only_not_in_local_UNIVERSE_PIT,Binance Futures Will Launch USDS-Margined BTCU and ETHU Perpetual Contracts (2026-07-01),25da4614ffff435fa28544b27fd33a39,https://www.binance.com/en/support/announcement/25da4614ffff435fa28544b27fd33a39,ok,"Binance Futures Will Launch USDS-Margined BTCU and ETHU Perpetual Contracts (2026-07-01) This is a general Binance Exchange Notice. Products and services referred to here may not be available in your region. Fellow Binancians, To expand the list of trading choices offered on Binance Futures and enhance users’ trading experience, Binance Futures will launch the following perpetual contract(s) as below: 2026-07-01 09:00 (UTC): BTCU Perpetual Contract with up to 100x leverage 2026-07-01 10:00 (UTC)",False,,,,2026-07-01,2026-07-19,2026-06,2026-07-01,2026-07-30,2026-07-30,False,False,False,30,30,1,19,19,1,BTCUUSDT,30,,False,0,,,zero_base_new_asset,No Binance spot archive found in pre30 or near-listing probe window,0,0,0,False,False,False,False,False,2026-07-01;2026-07-02;2026-07-03;2026-07-04;2026-07-05;2026-07-06;2026-07-07;2026-07-08;2026-07-09;2026-07-10;2026-07-11;2026-07-12;2026-07-13;2026-07-14;2026-07-15;2026-07-16;2026-07-17;2026-07-18;2026-07-19,2026-07,2026-07-01;2026-07-02;2026-07-03;2026-07-04;2026-07-05;2026-07-06;2026-07-07;2026-07-08;2026-07-09;2026-07-10;2026-07-11;2026-07-12;2026-07-13;2026-07-14;2026-07-15;2026-07-16;2026-07-17;2026-07-18;2026-07-19,404:19,404:1,404:19,404:38,,0,curl_exit_56:7
P0RES018-00656,ETHUUSDT,ETHU,2026-06-30 14:45:02 UTC,2026-07-01 09:00:00 UTC,official_announcement_body,,official_announcement_only_not_in_local_UNIVERSE_PIT,Binance Futures Will Launch USDS-Margined BTCU and ETHU Perpetual Contracts (2026-07-01),25da4614ffff435fa28544b27fd33a39,https://www.binance.com/en/support/announcement/25da4614ffff435fa28544b27fd33a39,ok,"Binance Futures Will Launch USDS-Margined BTCU and ETHU Perpetual Contracts (2026-07-01) This is a general Binance Exchange Notice. Products and services referred to here may not be available in your region. Fellow Binancians, To expand the list of trading choices offered on Binance Futures and enhance users’ trading experience, Binance Futures will launch the following perpetual contract(s) as below: 2026-07-01 09:00 (UTC): BTCU Perpetual Contract with up to 100x leverage 2026-07-01 10:00 (UTC)",False,,,,2026-07-01,2026-07-19,2026-06,2026-07-01,2026-07-30,2026-07-30,False,False,False,30,30,1,19,19,1,ETHUUSDT,30,,False,0,,,zero_base_new_asset,No Binance spot archive found in pre30 or near-listing probe window,0,0,0,False,False,False,False,False,2026-07-01;2026-07-02;2026-07-03;2026-07-04;2026-07-05;2026-07-06;2026-07-07;2026-07-08;2026-07-09;2026-07-10;2026-07-11;2026-07-12;2026-07-13;2026-07-14;2026-07-15;2026-07-16;2026-07-17;2026-07-18;2026-07-19,2026-07,2026-07-01;2026-07-02;2026-07-03;2026-07-04;2026-07-05;2026-07-06;2026-07-07;2026-07-08;2026-07-09;2026-07-10;2026-07-11;2026-07-12;2026-07-13;2026-07-14;2026-07-15;2026-07-16;2026-07-17;2026-07-18;2026-07-19,404:19,404:1,404:19,404:38,,0,curl_exit_56:7
P0RES018-00657,BSPUSDT,BSP,2026-07-02 08:15:08 UTC,2026-07-02 09:50:00 UTC,official_announcement_body,,official_announcement_only_not_in_local_UNIVERSE_PIT,Binance Futures Will Launch Multiple USDS-Margined TradFi Perpetual Contracts (2026-07-02),d2acaa91c14e4cc598aaee1017efc1ac,https://www.binance.com/en/support/announcement/d2acaa91c14e4cc598aaee1017efc1ac,ok,"Binance Futures Will Launch Multiple USDS-Margined TradFi Perpetual Contracts (2026-07-02) This is a general Binance Exchange Notice. Products and services referred to here may not be available in your region. Fellow Binancians, To expand the list of trading choices offered on Binance Futures and enhance users’ trading experience, Binance Futures will launch the following perpetual contract(s) as below: 2026-07-02 09:15 (UTC): STRCUSDT Perpetual Contract 2026-07-02 09:20 (UTC): CATUSDT Perpetual",False,,,,2026-07-02,2026-07-19,2026-06,2026-07-02,2026-07-31,2026-07-31,False,False,False,30,30,1,18,18,1,BSPUSDT,30,,False,0,,,tradfi_or_special,announcement/body or ticker indicates TradFi/special underlying,18,0,18,False,False,False,False,False,,2026-07,,200:18,404:1,200:18,404:38,1193114.86020000,7,200:7
P0RES018-00658,CATUSDT,CAT,2026-07-02 08:15:08 UTC,2026-07-02 09:20:00 UTC,official_announcement_body,,official_announcement_only_not_in_local_UNIVERSE_PIT,Binance Futures Will Launch Multiple USDS-Margined TradFi Perpetual Contracts (2026-07-02),d2acaa91c14e4cc598aaee1017efc1ac,https://www.binance.com/en/support/announcement/d2acaa91c14e4cc598aaee1017efc1ac,ok,"Binance Futures Will Launch Multiple USDS-Margined TradFi Perpetual Contracts (2026-07-02) This is a general Binance Exchange Notice. Products and services referred to here may not be available in your region. Fellow Binancians, To expand the list of trading choices offered on Binance Futures and enhance users’ trading experience, Binance Futures will launch the following perpetual contract(s) as below: 2026-07-02 09:15 (UTC): STRCUSDT Perpetual Contract 2026-07-02 09:20 (UTC): CATUSDT Perpetual",False,,,,2026-07-02,2026-07-19,2026-06,2026-07-02,2026-07-31,2026-07-31,False,False,False,30,30,1,18,18,1,CATUSDT,30,,False,0,,,tradfi_or_special,announcement/body or ticker indicates TradFi/special underlying,18,0,18,False,False,False,False,False,,2026-07,,200:18,404:1,200:18,404:38,892301.65760000,7,200:7
P0RES018-00659,FLEXUSDT,FLEX,2026-07-02 08:15:08 UTC,2026-07-02 09:30:00 UTC,official_announcement_body,,official_announcement_only_not_in_local_UNIVERSE_PIT,Binance Futures Will Launch Multiple USDS-Margined TradFi Perpetual Contracts (2026-07-02),d2acaa91c14e4cc598aaee1017efc1ac,https://www.binance.com/en/support/announcement/d2acaa91c14e4cc598aaee1017efc1ac,ok,"Binance Futures Will Launch Multiple USDS-Margined TradFi Perpetual Contracts (2026-07-02) This is a general Binance Exchange Notice. Products and services referred to here may not be available in your region. Fellow Binancians, To expand the list of trading choices offered on Binance Futures and enhance users’ trading experience, Binance Futures will launch the following perpetual contract(s) as below: 2026-07-02 09:15 (UTC): STRCUSDT Perpetual Contract 2026-07-02 09:20 (UTC): CATUSDT Perpetual",False,,,,2026-07-02,2026-07-19,2026-06,2026-07-02,2026-07-31,2026-07-31,False,False,False,30,30,1,18,18,1,FLEXUSDT,30,,False,0,,,tradfi_or_special,announcement/body or ticker indicates TradFi/special underlying,18,0,18,False,False,False,False,False,,2026-07,,200:18,404:1,200:18,404:38,600608.09770000,7,200:7
P0RES018-00660,KSTRUSDT,KSTR,2026-07-02 08:15:08 UTC,2026-07-02 09:45:00 UTC,official_announcement_body,,official_announcement_only_not_in_local_UNIVERSE_PIT,Binance Futures Will Launch Multiple USDS-Margined TradFi Perpetual Contracts (2026-07-02),d2acaa91c14e4cc598aaee1017efc1ac,https://www.binance.com/en/support/announcement/d2acaa91c14e4cc598aaee1017efc1ac,ok,"Binance Futures Will Launch Multiple USDS-Margined TradFi Perpetual Contracts (2026-07-02) This is a general Binance Exchange Notice. Products and services referred to here may not be available in your region. Fellow Binancians, To expand the list of trading choices offered on Binance Futures and enhance users’ trading experience, Binance Futures will launch the following perpetual contract(s) as below: 2026-07-02 09:15 (UTC): STRCUSDT Perpetual Contract 2026-07-02 09:20 (UTC): CATUSDT Perpetual",False,,,,2026-07-02,2026-07-19,2026-06,2026-07-02,2026-07-31,2026-07-31,False,False,False,30,30,1,18,18,1,KSTRUSDT,30,,False,0,,,tradfi_or_special,announcement/body or ticker indicates TradFi/special underlying,18,0,18,False,False,False,False,False,,2026-07,,200:18,404:1,200:18,404:38,309171.55300000,7,200:7
P0RES018-00661,STRCUSDT,STRC,2026-07-02 08:15:08 UTC,2026-07-02 09:15:00 UTC,official_announcement_body,,official_announcement_only_not_in_local_UNIVERSE_PIT,Binance Futures Will Launch Multiple USDS-Margined TradFi Perpetual Contracts (2026-07-02),d2acaa91c14e4cc598aaee1017efc1ac,https://www.binance.com/en/support/announcement/d2acaa91c14e4cc598aaee1017efc1ac,ok,"Binance Futures Will Launch Multiple USDS-Margined TradFi Perpetual Contracts (2026-07-02) This is a general Binance Exchange Notice. Products and services referred to here may not be available in your region. Fellow Binancians, To expand the list of trading choices offered on Binance Futures and enhance users’ trading experience, Binance Futures will launch the following perpetual contract(s) as below: 2026-07-02 09:15 (UTC): STRCUSDT Perpetual Contract 2026-07-02 09:20 (UTC): CATUSDT Perpetual",False,,,,2026-07-02,2026-07-19,2026-06,2026-07-02,2026-07-31,2026-07-31,False,False,False,30,30,1,18,18,1,STRCUSDT,30,,False,0,,,tradfi_or_special,announcement/body or ticker indicates TradFi/special underlying,18,0,18,False,False,False,False,False,,2026-07,,200:18,404:1,200:18,404:38,1197186.45380000,7,200:7
P0RES018-00662,TERUSDT,TER,2026-07-02 08:15:08 UTC,2026-07-02 09:35:00 UTC,official_announcement_body,,official_announcement_only_not_in_local_UNIVERSE_PIT,Binance Futures Will Launch Multiple USDS-Margined TradFi Perpetual Contracts (2026-07-02),d2acaa91c14e4cc598aaee1017efc1ac,https://www.binance.com/en/support/announcement/d2acaa91c14e4cc598aaee1017efc1ac,ok,"Binance Futures Will Launch Multiple USDS-Margined TradFi Perpetual Contracts (2026-07-02) This is a general Binance Exchange Notice. Products and services referred to here may not be available in your region. Fellow Binancians, To expand the list of trading choices offered on Binance Futures and enhance users’ trading experience, Binance Futures will launch the following perpetual contract(s) as below: 2026-07-02 09:15 (UTC): STRCUSDT Perpetual Contract 2026-07-02 09:20 (UTC): CATUSDT Perpetual",False,,,,2026-07-02,2026-07-19,2026-06,2026-07-02,2026-07-31,2026-07-31,False,False,False,30,30,1,18,18,1,TERUSDT,30,,False,0,,,tradfi_or_special,announcement/body or ticker indicates TradFi/special underlying,18,0,18,False,False,False,False,False,,2026-07,,200:18,404:1,200:18,404:38,1404024.90550000,7,200:7
P0RES018-00663,TTWOUSDT,TTWO,2026-07-02 08:15:08 UTC,2026-07-02 09:40:00 UTC,official_announcement_body,,official_announcement_only_not_in_local_UNIVERSE_PIT,Binance Futures Will Launch Multiple USDS-Margined TradFi Perpetual Contracts (2026-07-02),d2acaa91c14e4cc598aaee1017efc1ac,https://www.binance.com/en/support/announcement/d2acaa91c14e4cc598aaee1017efc1ac,ok,"Binance Futures Will Launch Multiple USDS-Margined TradFi Perpetual Contracts (2026-07-02) This is a general Binance Exchange Notice. Products and services referred to here may not be available in your region. Fellow Binancians, To expand the list of trading choices offered on Binance Futures and enhance users’ trading experience, Binance Futures will launch the following perpetual contract(s) as below: 2026-07-02 09:15 (UTC): STRCUSDT Perpetual Contract 2026-07-02 09:20 (UTC): CATUSDT Perpetual",False,,,,2026-07-02,2026-07-19,2026-06,2026-07-02,2026-07-31,2026-07-31,False,False,False,30,30,1,18,18,1,TTWOUSDT,30,,False,0,,,tradfi_or_special,announcement/body or ticker indicates TradFi/special underlying,18,0,18,False,False,False,False,False,,2026-07,,200:18,404:1,200:18,404:38,496609.33800000,7,200:7
P0RES018-00664,TXNUSDT,TXN,2026-07-02 08:15:08 UTC,2026-07-02 09:25:00 UTC,official_announcement_body,,official_announcement_only_not_in_local_UNIVERSE_PIT,Binance Futures Will Launch Multiple USDS-Margined TradFi Perpetual Contracts (2026-07-02),d2acaa91c14e4cc598aaee1017efc1ac,https://www.binance.com/en/support/announcement/d2acaa91c14e4cc598aaee1017efc1ac,ok,"Binance Futures Will Launch Multiple USDS-Margined TradFi Perpetual Contracts (2026-07-02) This is a general Binance Exchange Notice. Products and services referred to here may not be available in your region. Fellow Binancians, To expand the list of trading choices offered on Binance Futures and enhance users’ trading experience, Binance Futures will launch the following perpetual contract(s) as below: 2026-07-02 09:15 (UTC): STRCUSDT Perpetual Contract 2026-07-02 09:20 (UTC): CATUSDT Perpetual",False,,,,2026-07-02,2026-07-19,2026-06,2026-07-02,2026-07-31,2026-07-31,False,False,False,30,30,1,18,18,1,TXNUSDT,30,,False,0,,,tradfi_or_special,announcement/body or ticker indicates TradFi/special underlying,18,0,18,False,False,False,False,False,,2026-07,,200:18,404:1,200:18,404:38,539897.84830000,7,200:7
P0RES018-00665,DATAIPUSDC,DATAIP,2026-07-03 05:30:27 UTC,2026-07-03 06:50:00 UTC,official_announcement_body,,official_announcement_only_not_in_local_UNIVERSE_PIT,Binance Futures Will Launch USDS-Margined DATAIPUSDT and DATAIPUSDC Perpetual Contracts (2026-07-03),98d978c5630041c49a6bd317daa791e8,https://www.binance.com/en/support/announcement/98d978c5630041c49a6bd317daa791e8,ok,"Binance Futures Will Launch USDS-Margined DATAIPUSDT and DATAIPUSDC Perpetual Contracts (2026-07-03) This is a general Binance Exchange Notice. Products and services referred to here may not be available in your region. Fellow Binancians, To expand the list of trading choices offered on Binance Futures and enhance users’ trading experience, Binance Futures will launch the following perpetual contract(s) as below: 2026-07-03 06:45 (UTC): DATAIPUSDT Perpetual Contract with up to 20x leverage 2026-",False,,,,2026-07-03,2026-07-19,2026-06,2026-07-03,2026-08-01,2026-08-01,False,False,False,30,30,2,17,17,2,DATAIPUSDT,30,,False,0,,,zero_base_new_asset,No Binance spot archive found in pre30 or near-listing probe window,17,0,17,False,False,False,False,False,,2026-07;2026-08,,200:17,404:2,200:17,404:38,631599.01310000,7,200:7
P0RES018-00666,DATAIPUSDT,DATAIP,2026-07-03 05:30:27 UTC,2026-07-03 06:45:00 UTC,official_announcement_body,,official_announcement_only_not_in_local_UNIVERSE_PIT,Binance Futures Will Launch USDS-Margined DATAIPUSDT and DATAIPUSDC Perpetual Contracts (2026-07-03),98d978c5630041c49a6bd317daa791e8,https://www.binance.com/en/support/announcement/98d978c5630041c49a6bd317daa791e8,ok,"Binance Futures Will Launch USDS-Margined DATAIPUSDT and DATAIPUSDC Perpetual Contracts (2026-07-03) This is a general Binance Exchange Notice. Products and services referred to here may not be available in your region. Fellow Binancians, To expand the list of trading choices offered on Binance Futures and enhance users’ trading experience, Binance Futures will launch the following perpetual contract(s) as below: 2026-07-03 06:45 (UTC): DATAIPUSDT Perpetual Contract with up to 20x leverage 2026-",False,,,,2026-07-03,2026-07-19,2026-06,2026-07-03,2026-08-01,2026-08-01,False,False,False,30,30,2,17,17,2,DATAIPUSDT,30,,False,0,,,zero_base_new_asset,No Binance spot archive found in pre30 or near-listing probe window,17,0,17,False,False,False,False,False,,2026-07;2026-08,,200:17,404:2,200:17,404:38,5012984.12340000,7,200:7
P0RES018-00667,ETHUSD1,ETH,2026-07-02 10:45:04 UTC,2026-07-03 09:00:00 UTC,official_announcement_body,,official_announcement_only_not_in_local_UNIVERSE_PIT,Binance Futures Will Launch USDS-Margined ETHUSD1 Perpetual Contract (2026-07-03),23c9b8e88309409cbcd8509af0b78d10,https://www.binance.com/en/support/announcement/23c9b8e88309409cbcd8509af0b78d10,ok,"Binance Futures Will Launch USDS-Margined ETHUSD1 Perpetual Contract (2026-07-03) This is a general Binance Exchange Notice. Products and services referred to here may not be available in your region. Fellow Binancians, To expand the list of trading choices offered on Binance Futures and enhance users’ trading experience, Binance Futures will launch the following perpetual contract(s) as below: 2026-07-03 09:00 (UTC): ETHUSD1 Perpetual Contract with up to 100x leverage More details on the aforem",False,,,,2026-07-03,2026-07-19,2026-06,2026-07-03,2026-08-01,2026-08-01,False,False,False,30,30,2,17,17,2,ETHUSDT,30,ETHUSDT,True,30,,2026-07-03,existing_spot_then_perp,Binance spot 1h daily archive complete for 30 calendar days before perp listing,17,0,17,False,False,False,False,False,,2026-07;2026-08,,200:17,404:2,200:17,200:38,6878677.28380000,7,200:7
P0RES018-00668,BNCUSDT,BNC,2026-07-09 10:15:09 UTC,2026-07-09 14:25:00 UTC,official_announcement_body,,official_announcement_only_not_in_local_UNIVERSE_PIT,Binance Futures Will Launch Multiple USDS-Margined TradFi Perpetual Contracts (2026-07-09),84ad610bdd284699bc451b7baaa0ff7d,https://www.binance.com/en/support/announcement/84ad610bdd284699bc451b7baaa0ff7d,ok,"Binance Futures Will Launch Multiple USDS-Margined TradFi Perpetual Contracts (2026-07-09) This is a general Binance Exchange Notice. Products and services referred to here may not be available in your region. Fellow Binancians, To expand the list of trading choices offered on Binance Futures and enhance users’ trading experience, Binance Futures will launch the following perpetual contract(s) as below: 2026-07-09 14:00 (UTC): BOTUSDT Perpetual Contract 2026-07-09 14:05 (UTC): WENUSDT Perpetual ",False,,,,2026-07-09,2026-07-19,2026-06,2026-07-09,2026-08-07,2026-08-07,False,False,False,30,30,2,11,11,2,BNCUSDT,30,,False,0,,,tradfi_or_special,announcement/body or ticker indicates TradFi/special underlying,11,0,11,False,False,False,False,False,,2026-07;2026-08,,200:11,404:2,200:11,404:38,783114.66264000,7,200:7
P0RES018-00669,BOTUSDT,BOT,2026-07-09 10:15:09 UTC,2026-07-09 14:00:00 UTC,official_announcement_body,,official_announcement_only_not_in_local_UNIVERSE_PIT,Binance Futures Will Launch Multiple USDS-Margined TradFi Perpetual Contracts (2026-07-09),84ad610bdd284699bc451b7baaa0ff7d,https://www.binance.com/en/support/announcement/84ad610bdd284699bc451b7baaa0ff7d,ok,"Binance Futures Will Launch Multiple USDS-Margined TradFi Perpetual Contracts (2026-07-09) This is a general Binance Exchange Notice. Products and services referred to here may not be available in your region. Fellow Binancians, To expand the list of trading choices offered on Binance Futures and enhance users’ trading experience, Binance Futures will launch the following perpetual contract(s) as below: 2026-07-09 14:00 (UTC): BOTUSDT Perpetual Contract 2026-07-09 14:05 (UTC): WENUSDT Perpetual ",False,,,,2026-07-09,2026-07-19,2026-06,2026-07-09,2026-08-07,2026-08-07,False,False,False,30,30,2,11,11,2,BOTUSDT,30,,False,0,,,tradfi_or_special,announcement/body or ticker indicates TradFi/special underlying,11,0,11,False,False,False,False,False,,2026-07;2026-08,,200:11,404:2,200:11,404:38,1195751.82160000,7,200:7
P0RES018-00670,FWDIUSDT,FWDI,2026-07-09 10:15:09 UTC,2026-07-09 14:30:00 UTC,official_announcement_body,,official_announcement_only_not_in_local_UNIVERSE_PIT,Binance Futures Will Launch Multiple USDS-Margined TradFi Perpetual Contracts (2026-07-09),84ad610bdd284699bc451b7baaa0ff7d,https://www.binance.com/en/support/announcement/84ad610bdd284699bc451b7baaa0ff7d,ok,"Binance Futures Will Launch Multiple USDS-Margined TradFi Perpetual Contracts (2026-07-09) This is a general Binance Exchange Notice. Products and services referred to here may not be available in your region. Fellow Binancians, To expand the list of trading choices offered on Binance Futures and enhance users’ trading experience, Binance Futures will launch the following perpetual contract(s) as below: 2026-07-09 14:00 (UTC): BOTUSDT Perpetual Contract 2026-07-09 14:05 (UTC): WENUSDT Perpetual ",False,,,,2026-07-09,2026-07-19,2026-06,2026-07-09,2026-08-07,2026-08-07,False,False,False,30,30,2,11,11,2,FWDIUSDT,30,,False,0,,,tradfi_or_special,announcement/body or ticker indicates TradFi/special underlying,11,0,11,False,False,False,False,False,,2026-07;2026-08,,200:11,404:2,200:11,404:38,421845.63814000,7,200:7
P0RES018-00671,INTWUSDT,INTW,2026-07-09 10:15:09 UTC,2026-07-09 14:10:00 UTC,official_announcement_body,,official_announcement_only_not_in_local_UNIVERSE_PIT,Binance Futures Will Launch Multiple USDS-Margined TradFi Perpetual Contracts (2026-07-09),84ad610bdd284699bc451b7baaa0ff7d,https://www.binance.com/en/support/announcement/84ad610bdd284699bc451b7baaa0ff7d,ok,"Binance Futures Will Launch Multiple USDS-Margined TradFi Perpetual Contracts (2026-07-09) This is a general Binance Exchange Notice. Products and services referred to here may not be available in your region. Fellow Binancians, To expand the list of trading choices offered on Binance Futures and enhance users’ trading experience, Binance Futures will launch the following perpetual contract(s) as below: 2026-07-09 14:00 (UTC): BOTUSDT Perpetual Contract 2026-07-09 14:05 (UTC): WENUSDT Perpetual ",False,,,,2026-07-09,2026-07-19,2026-06,2026-07-09,2026-08-07,2026-08-07,False,False,False,30,30,2,11,11,2,INTWUSDT,30,,False,0,,,tradfi_or_special,announcement/body or ticker indicates TradFi/special underlying,11,0,11,False,False,False,False,False,,2026-07;2026-08,,200:11,404:2,200:11,404:38,1239949.14510000,7,200:7
P0RES018-00672,SNXXUSDT,SNXX,2026-07-09 10:15:09 UTC,2026-07-09 14:15:00 UTC,official_announcement_body,,official_announcement_only_not_in_local_UNIVERSE_PIT,Binance Futures Will Launch Multiple USDS-Margined TradFi Perpetual Contracts (2026-07-09),84ad610bdd284699bc451b7baaa0ff7d,https://www.binance.com/en/support/announcement/84ad610bdd284699bc451b7baaa0ff7d,ok,"Binance Futures Will Launch Multiple USDS-Margined TradFi Perpetual Contracts (2026-07-09) This is a general Binance Exchange Notice. Products and services referred to here may not be available in your region. Fellow Binancians, To expand the list of trading choices offered on Binance Futures and enhance users’ trading experience, Binance Futures will launch the following perpetual contract(s) as below: 2026-07-09 14:00 (UTC): BOTUSDT Perpetual Contract 2026-07-09 14:05 (UTC): WENUSDT Perpetual ",False,,,,2026-07-09,2026-07-19,2026-06,2026-07-09,2026-08-07,2026-08-07,False,False,False,30,30,2,11,11,2,SNXXUSDT,30,,False,0,,,tradfi_or_special,announcement/body or ticker indicates TradFi/special underlying,11,0,11,False,False,False,False,False,,2026-07;2026-08,,200:11,404:2,200:11,404:38,5156553.88340000,7,200:7
P0RES018-00673,WDIUSDT,WDI,2026-07-09 10:15:09 UTC,2026-07-09 14:10:00 UTC,official_announcement_body,,official_announcement_only_not_in_local_UNIVERSE_PIT,Binance Futures Will Launch Multiple USDS-Margined TradFi Perpetual Contracts (2026-07-09),84ad610bdd284699bc451b7baaa0ff7d,https://www.binance.com/en/support/announcement/84ad610bdd284699bc451b7baaa0ff7d,ok,"Binance Futures Will Launch Multiple USDS-Margined TradFi Perpetual Contracts (2026-07-09) This is a general Binance Exchange Notice. Products and services referred to here may not be available in your region. Fellow Binancians, To expand the list of trading choices offered on Binance Futures and enhance users’ trading experience, Binance Futures will launch the following perpetual contract(s) as below: 2026-07-09 14:00 (UTC): BOTUSDT Perpetual Contract 2026-07-09 14:05 (UTC): WENUSDT Perpetual ",False,,,,2026-07-09,2026-07-19,2026-06,2026-07-09,2026-08-07,2026-08-07,False,False,False,30,30,2,11,11,2,WDIUSDT,30,,False,0,,,tradfi_or_special,announcement/body or ticker indicates TradFi/special underlying,0,0,0,False,False,False,False,False,2026-07-09;2026-07-10;2026-07-11;2026-07-12;2026-07-13;2026-07-14;2026-07-15;2026-07-16;2026-07-17;2026-07-18;2026-07-19,2026-07;2026-08,2026-07-09;2026-07-10;2026-07-11;2026-07-12;2026-07-13;2026-07-14;2026-07-15;2026-07-16;2026-07-17;2026-07-18;2026-07-19,404:11,404:2,404:11,404:38,,0,curl_exit_56:7
P0RES018-00674,WENUSDT,WEN,2026-07-09 10:15:09 UTC,2026-07-09 14:05:00 UTC,official_announcement_body,,official_announcement_only_not_in_local_UNIVERSE_PIT,Binance Futures Will Launch Multiple USDS-Margined TradFi Perpetual Contracts (2026-07-09),84ad610bdd284699bc451b7baaa0ff7d,https://www.binance.com/en/support/announcement/84ad610bdd284699bc451b7baaa0ff7d,ok,"Binance Futures Will Launch Multiple USDS-Margined TradFi Perpetual Contracts (2026-07-09) This is a general Binance Exchange Notice. Products and services referred to here may not be available in your region. Fellow Binancians, To expand the list of trading choices offered on Binance Futures and enhance users’ trading experience, Binance Futures will launch the following perpetual contract(s) as below: 2026-07-09 14:00 (UTC): BOTUSDT Perpetual Contract 2026-07-09 14:05 (UTC): WENUSDT Perpetual ",False,,,,2026-07-09,2026-07-19,2026-06,2026-07-09,2026-08-07,2026-08-07,False,False,False,30,30,2,11,11,2,WENUSDT,30,,False,0,,,tradfi_or_special,announcement/body or ticker indicates TradFi/special underlying,11,0,11,False,False,False,False,False,,2026-07;2026-08,,200:11,404:2,200:11,404:38,234967.65620000,7,200:7
P0RES018-00675,XBIUSDT,XBI,2026-07-09 10:15:09 UTC,2026-07-09 14:20:00 UTC,official_announcement_body,,official_announcement_only_not_in_local_UNIVERSE_PIT,Binance Futures Will Launch Multiple USDS-Margined TradFi Perpetual Contracts (2026-07-09),84ad610bdd284699bc451b7baaa0ff7d,https://www.binance.com/en/support/announcement/84ad610bdd284699bc451b7baaa0ff7d,ok,"Binance Futures Will Launch Multiple USDS-Margined TradFi Perpetual Contracts (2026-07-09) This is a general Binance Exchange Notice. Products and services referred to here may not be available in your region. Fellow Binancians, To expand the list of trading choices offered on Binance Futures and enhance users’ trading experience, Binance Futures will launch the following perpetual contract(s) as below: 2026-07-09 14:00 (UTC): BOTUSDT Perpetual Contract 2026-07-09 14:05 (UTC): WENUSDT Perpetual ",False,,,,2026-07-09,2026-07-19,2026-06,2026-07-09,2026-08-07,2026-08-07,False,False,False,30,30,2,11,11,2,XBIUSDT,30,,False,0,,,tradfi_or_special,announcement/body or ticker indicates TradFi/special underlying,11,0,11,False,False,False,False,False,,2026-07;2026-08,,200:11,404:2,200:11,404:38,248313.00160000,7,200:7
P0RES018-00676,APPUSDT,APP,2026-07-10 06:45:21 UTC,2026-07-10 08:45:00 UTC,official_announcement_body,,official_announcement_only_not_in_local_UNIVERSE_PIT,Binance Futures Will Launch Multiple USDS-Margined TradFi Perpetual Contracts (2026-07-10),d0833e4ae9b542be90dbf3fe1c960c53,https://www.binance.com/en/support/announcement/d0833e4ae9b542be90dbf3fe1c960c53,ok,"Binance Futures Will Launch Multiple USDS-Margined TradFi Perpetual Contracts (2026-07-10) This is a general Binance Exchange Notice. Products and services referred to here may not be available in your region. Fellow Binancians, To expand the list of trading choices offered on Binance Futures and enhance users’ trading experience, Binance Futures will launch the following perpetual contract(s) as below: 2026-07-10 08:30 (UTC): GEVUSDT Perpetual Contract 2026-07-10 08:35 (UTC): VRTUSDT Perpetual ",False,,,,2026-07-10,2026-07-19,2026-06,2026-07-10,2026-08-08,2026-08-08,False,False,False,30,30,2,10,10,2,APPUSDT,30,,False,0,,,tradfi_or_special,announcement/body or ticker indicates TradFi/special underlying,10,0,10,False,False,False,False,False,,2026-07;2026-08,,200:10,404:2,200:10,404:38,717468.33490000,7,200:7
P0RES018-00677,GEVUSDT,GEV,2026-07-10 06:45:21 UTC,2026-07-10 08:30:00 UTC,official_announcement_body,,official_announcement_only_not_in_local_UNIVERSE_PIT,Binance Futures Will Launch Multiple USDS-Margined TradFi Perpetual Contracts (2026-07-10),d0833e4ae9b542be90dbf3fe1c960c53,https://www.binance.com/en/support/announcement/d0833e4ae9b542be90dbf3fe1c960c53,ok,"Binance Futures Will Launch Multiple USDS-Margined TradFi Perpetual Contracts (2026-07-10) This is a general Binance Exchange Notice. Products and services referred to here may not be available in your region. Fellow Binancians, To expand the list of trading choices offered on Binance Futures and enhance users’ trading experience, Binance Futures will launch the following perpetual contract(s) as below: 2026-07-10 08:30 (UTC): GEVUSDT Perpetual Contract 2026-07-10 08:35 (UTC): VRTUSDT Perpetual ",False,,,,2026-07-10,2026-07-19,2026-06,2026-07-10,2026-08-08,2026-08-08,False,False,False,30,30,2,10,10,2,GEVUSDT,30,,False,0,,,tradfi_or_special,announcement/body or ticker indicates TradFi/special underlying,10,0,10,False,False,False,False,False,,2026-07;2026-08,,200:10,404:2,200:10,404:38,338060.11730000,7,200:7
P0RES018-00678,SKHYUSDT,SKHY,2026-07-10 15:37:03 UTC,2026-07-10 15:50:00 UTC,official_announcement_body,,official_announcement_only_not_in_local_UNIVERSE_PIT,Binance Futures Will Launch USDS-Margined SKHYUSDT Perpetual Contract (2026-07-10),6fe9f6dc91544df88dc24ad41211feff,https://www.binance.com/en/support/announcement/6fe9f6dc91544df88dc24ad41211feff,ok,"Binance Futures Will Launch USDS-Margined SKHYUSDT Perpetual Contract (2026-07-10) This is a general Binance Exchange Notice. Products and services referred to here may not be available in your region. Fellow Binancians, To expand the list of trading choices offered on Binance Futures and enhance users’ trading experience, Binance Futures will launch the following perpetual contract(s) as below: 2026-07-10 15:50 (UTC): SKHYUSDT Perpetual Contract More details on the aforementioned perpetual cont",False,,,,2026-07-10,2026-07-19,2026-06,2026-07-10,2026-08-08,2026-08-08,False,False,False,30,30,2,10,10,2,SKHYUSDT,30,,False,0,,,zero_base_new_asset,No Binance spot archive found in pre30 or near-listing probe window,10,0,10,False,False,False,False,False,,2026-07;2026-08,,200:10,404:2,200:10,404:38,544099988.81760001,7,200:7
P0RES018-00679,SNOWUSDT,SNOW,2026-07-10 06:45:21 UTC,2026-07-10 08:40:00 UTC,official_announcement_body,,official_announcement_only_not_in_local_UNIVERSE_PIT,Binance Futures Will Launch Multiple USDS-Margined TradFi Perpetual Contracts (2026-07-10),d0833e4ae9b542be90dbf3fe1c960c53,https://www.binance.com/en/support/announcement/d0833e4ae9b542be90dbf3fe1c960c53,ok,"Binance Futures Will Launch Multiple USDS-Margined TradFi Perpetual Contracts (2026-07-10) This is a general Binance Exchange Notice. Products and services referred to here may not be available in your region. Fellow Binancians, To expand the list of trading choices offered on Binance Futures and enhance users’ trading experience, Binance Futures will launch the following perpetual contract(s) as below: 2026-07-10 08:30 (UTC): GEVUSDT Perpetual Contract 2026-07-10 08:35 (UTC): VRTUSDT Perpetual ",False,,,,2026-07-10,2026-07-19,2026-06,2026-07-10,2026-08-08,2026-08-08,False,False,False,30,30,2,10,10,2,SNOWUSDT,30,,False,0,,,tradfi_or_special,announcement/body or ticker indicates TradFi/special underlying,10,0,10,False,False,False,False,False,,2026-07;2026-08,,200:10,404:2,200:10,404:38,533139.26730000,7,200:7
P0RES018-00680,VRTUSDT,VRT,2026-07-10 06:45:21 UTC,2026-07-10 08:35:00 UTC,official_announcement_body,,official_announcement_only_not_in_local_UNIVERSE_PIT,Binance Futures Will Launch Multiple USDS-Margined TradFi Perpetual Contracts (2026-07-10),d0833e4ae9b542be90dbf3fe1c960c53,https://www.binance.com/en/support/announcement/d0833e4ae9b542be90dbf3fe1c960c53,ok,"Binance Futures Will Launch Multiple USDS-Margined TradFi Perpetual Contracts (2026-07-10) This is a general Binance Exchange Notice. Products and services referred to here may not be available in your region. Fellow Binancians, To expand the list of trading choices offered on Binance Futures and enhance users’ trading experience, Binance Futures will launch the following perpetual contract(s) as below: 2026-07-10 08:30 (UTC): GEVUSDT Perpetual Contract 2026-07-10 08:35 (UTC): VRTUSDT Perpetual ",False,,,,2026-07-10,2026-07-19,2026-06,2026-07-10,2026-08-08,2026-08-08,False,False,False,30,30,2,10,10,2,VRTUSDT,30,,False,0,,,tradfi_or_special,announcement/body or ticker indicates TradFi/special underlying,10,0,10,False,False,False,False,False,,2026-07;2026-08,,200:10,404:2,200:10,404:38,277687.80690000,7,200:7
P0RES018-00681,MUUUSDT,MUU,2026-07-16 06:15:11 UTC,2026-07-16 09:00:00 UTC,official_announcement_body,,official_announcement_only_not_in_local_UNIVERSE_PIT,Binance Futures Will Launch Multiple USDS-Margined TradFi Perpetual Contracts (2026-07-16),0a613aed15cc4cf78898594d7c767661,https://www.binance.com/en/support/announcement/0a613aed15cc4cf78898594d7c767661,ok,"Binance Futures Will Launch Multiple USDS-Margined TradFi Perpetual Contracts (2026-07-16) This is a general Binance Exchange Notice. Products and services referred to here may not be available in your region. Fellow Binancians, To expand the list of trading choices offered on Binance Futures and enhance users’ trading experience, Binance Futures will launch the following perpetual contract(s) as below: 2026-07-16 09:00 (UTC): MUUUSDT Perpetual Contract 2026-07-16 09:05 (UTC): SOXSUSDT Perpetual",False,,,,2026-07-16,2026-07-19,2026-06,2026-07-16,2026-08-14,2026-08-14,False,False,False,30,30,2,4,4,2,MUUUSDT,30,,False,0,,,tradfi_or_special,announcement/body or ticker indicates TradFi/special underlying,4,0,4,False,False,False,False,False,,2026-07;2026-08,,200:4,404:2,200:4,404:34,6755728.62800000,4,200:4
P0RES018-00682,SOXSUSDT,SOXS,2026-07-16 06:15:11 UTC,2026-07-16 09:05:00 UTC,official_announcement_body,,official_announcement_only_not_in_local_UNIVERSE_PIT,Binance Futures Will Launch Multiple USDS-Margined TradFi Perpetual Contracts (2026-07-16),0a613aed15cc4cf78898594d7c767661,https://www.binance.com/en/support/announcement/0a613aed15cc4cf78898594d7c767661,ok,"Binance Futures Will Launch Multiple USDS-Margined TradFi Perpetual Contracts (2026-07-16) This is a general Binance Exchange Notice. Products and services referred to here may not be available in your region. Fellow Binancians, To expand the list of trading choices offered on Binance Futures and enhance users’ trading experience, Binance Futures will launch the following perpetual contract(s) as below: 2026-07-16 09:00 (UTC): MUUUSDT Perpetual Contract 2026-07-16 09:05 (UTC): SOXSUSDT Perpetual",False,,,,2026-07-16,2026-07-19,2026-06,2026-07-16,2026-08-14,2026-08-14,False,False,False,30,30,2,4,4,2,SOXSUSDT,30,,False,0,,,tradfi_or_special,announcement/body or ticker indicates TradFi/special underlying,4,0,4,False,False,False,False,False,,2026-07;2026-08,,200:4,404:2,200:4,404:34,6852351.84165000,4,200:4
P0RES018-00683,TZAUSDT,TZA,2026-07-16 06:15:11 UTC,2026-07-16 09:10:00 UTC,official_announcement_body,,official_announcement_only_not_in_local_UNIVERSE_PIT,Binance Futures Will Launch Multiple USDS-Margined TradFi Perpetual Contracts (2026-07-16),0a613aed15cc4cf78898594d7c767661,https://www.binance.com/en/support/announcement/0a613aed15cc4cf78898594d7c767661,ok,"Binance Futures Will Launch Multiple USDS-Margined TradFi Perpetual Contracts (2026-07-16) This is a general Binance Exchange Notice. Products and services referred to here may not be available in your region. Fellow Binancians, To expand the list of trading choices offered on Binance Futures and enhance users’ trading experience, Binance Futures will launch the following perpetual contract(s) as below: 2026-07-16 09:00 (UTC): MUUUSDT Perpetual Contract 2026-07-16 09:05 (UTC): SOXSUSDT Perpetual",False,,,,2026-07-16,2026-07-19,2026-06,2026-07-16,2026-08-14,2026-08-14,False,False,False,30,30,2,4,4,2,TZAUSDT,30,,False,0,,,tradfi_or_special,announcement/body or ticker indicates TradFi/special underlying,4,0,4,False,False,False,False,False,,2026-07;2026-08,,200:4,404:2,200:4,404:34,944242.06865000,4,200:4
P0RES018-00684,MINIMAXUSDT,MINIMAX,2026-07-16 11:30:10 UTC,2026-07-17 03:00:00 UTC,official_announcement_body,,official_announcement_only_not_in_local_UNIVERSE_PIT,Binance Futures Will Launch Multiple USDS-Margined TradFi Perpetual Contracts (2026-07-17),18724cba64a048938986a98bbb257258,https://www.binance.com/en/support/announcement/18724cba64a048938986a98bbb257258,ok,"Binance Futures Will Launch Multiple USDS-Margined TradFi Perpetual Contracts (2026-07-17) This is a general Binance Exchange Notice and a Notice for the purposes of the Clearing Rules . Products and services referred to here may not be available in your region. Fellow Binancians, To expand the list of trading choices offered on Binance Futures and enhance users’ trading experience, the following contract(s) will be admitted to trading on Binance RIE and admitted to Clearing and Settlement by Bi",False,,,,2026-07-17,2026-07-19,2026-06,2026-07-17,2026-08-15,2026-08-15,False,False,False,30,30,2,3,3,2,MINIMAXUSDT,30,,False,0,,,tradfi_or_special,announcement/body or ticker indicates TradFi/special underlying,3,0,3,False,False,False,False,False,,2026-07;2026-08,,200:3,404:2,200:3,404:33,537619.93860000,3,200:3
P0RES018-00685,ZHIPUUSDT,ZHIPU,2026-07-16 11:30:10 UTC,2026-07-17 03:05:00 UTC,official_announcement_body,,official_announcement_only_not_in_local_UNIVERSE_PIT,Binance Futures Will Launch Multiple USDS-Margined TradFi Perpetual Contracts (2026-07-17),18724cba64a048938986a98bbb257258,https://www.binance.com/en/support/announcement/18724cba64a048938986a98bbb257258,ok,"Binance Futures Will Launch Multiple USDS-Margined TradFi Perpetual Contracts (2026-07-17) This is a general Binance Exchange Notice and a Notice for the purposes of the Clearing Rules . Products and services referred to here may not be available in your region. Fellow Binancians, To expand the list of trading choices offered on Binance Futures and enhance users’ trading experience, the following contract(s) will be admitted to trading on Binance RIE and admitted to Clearing and Settlement by Bi",False,,,,2026-07-17,2026-07-19,2026-06,2026-07-17,2026-08-15,2026-08-15,False,False,False,30,30,2,3,3,2,ZHIPUUSDT,30,,False,0,,,tradfi_or_special,announcement/body or ticker indicates TradFi/special underlying,3,0,3,False,False,False,False,False,,2026-07;2026-08,,200:3,404:2,200:3,404:33,2851025.92270000,3,200:3
P0RES018-00686,SPCXUSD1,SPCX,2026-07-17 08:30:11 UTC,2026-07-20 09:00:00 UTC,official_announcement_body,,official_announcement_only_not_in_local_UNIVERSE_PIT,Binance Futures Will Launch USDS-Margined SPCXUSD1 Perpetual Contract (2026-07-20),6cbb1b11a9c843949624cf2eacaac8b4,https://www.binance.com/en/support/announcement/6cbb1b11a9c843949624cf2eacaac8b4,ok,"Binance Futures Will Launch USDS-Margined SPCXUSD1 Perpetual Contract (2026-07-20) This is a general Binance Exchange Notice. Products and services referred to here may not be available in your region. Fellow Binancians, To expand the list of trading choices offered on Binance Futures and enhance users’ trading experience, Binance Futures will launch the following perpetual contract(s) as below: 2026-07-20 09:00 (UTC): SPCXUSD1 Perpetual Contract More details on the aforementioned perpetual cont",False,,,,2026-07-20,2026-07-19,2026-06,2026-07-20,2026-08-18,2026-08-18,False,False,False,30,30,2,0,0,2,SPCXUSDT,30,,False,0,,,tradfi_or_special,announcement/body or ticker indicates TradFi/special underlying,0,0,0,False,False,False,False,False,,2026-07;2026-08,,,404:2,,404:30,,0,
