event_id,symbol,day,ok,status,quote_volume
P0RES018-00001,DUSKUSDT,2022-01-07,True,200,7947534.987430001
P0RES018-00001,DUSKUSDT,2022-01-10,True,200,19566233.94224
P0RES018-00003,FLOWUSDT,2022-02-13,True,200,12717292.5691
P0RES018-00003,FLOWUSDT,2022-02-10,True,200,29469042.6615
P0RES018-00001,DUSKUSDT,2022-01-09,True,200,20708603.366440002
P0RES018-00001,DUSKUSDT,2022-01-11,True,200,49881915.56555
P0RES018-00003,FLOWUSDT,2022-02-15,True,200,10124935.6816
P0RES018-00001,DUSKUSDT,2022-01-12,True,200,114290636.65963998
P0RES018-00004,IMXUSDT,2022-02-11,True,200,16134973.976499999
P0RES018-00003,FLOWUSDT,2022-02-11,True,200,16266379.938500002
P0RES018-00001,DUSKUSDT,2022-01-08,True,200,24282464.67657
P0RES018-00003,FLOWUSDT,2022-02-14,True,200,10504873.994
P0RES018-00003,FLOWUSDT,2022-02-12,True,200,16273758.068600003
P0RES018-00005,API3USDT,2022-02-23,True,200,619219221.7162001
P0RES018-00004,IMXUSDT,2022-02-15,True,200,11633323.1686
P0RES018-00004,IMXUSDT,2022-02-14,True,200,13715998.3928
P0RES018-00005,API3USDT,2022-02-24,True,200,292658912.77049994
P0RES018-00004,IMXUSDT,2022-02-16,True,200,14546990.791000001
P0RES018-00004,IMXUSDT,2022-02-12,True,200,9598574.3519
P0RES018-00003,FLOWUSDT,2022-02-09,False,curl_exit_56,
P0RES018-00004,IMXUSDT,2022-02-10,False,curl_exit_56,
P0RES018-00005,API3USDT,2022-02-22,True,200,119589032.04220003
P0RES018-00005,API3USDT,2022-02-26,True,200,75867688.6612
P0RES018-00005,API3USDT,2022-02-25,True,200,167335689.1804
P0RES018-00001,DUSKUSDT,2022-01-06,False,curl_exit_56,
P0RES018-00005,API3USDT,2022-02-27,True,200,169116700.7167
P0RES018-00004,IMXUSDT,2022-02-13,True,200,31606147.628900003
P0RES018-00007,GMTUSDT,2022-03-16,True,200,1645060000.2617304
P0RES018-00007,GMTUSDT,2022-03-15,True,200,192102762.48129004
P0RES018-00008,APEUSDT,2022-03-17,True,200,599952082.4409999
P0RES018-00007,GMTUSDT,2022-03-19,True,200,817944944.1117799
P0RES018-00008,APEUSDT,2022-03-20,True,200,1711103021.192
P0RES018-00007,GMTUSDT,2022-03-18,True,200,2193706177.24864
P0RES018-00007,GMTUSDT,2022-03-17,True,200,3094917487.5677195
P0RES018-00007,GMTUSDT,2022-03-20,True,200,635377701.89832
P0RES018-00008,APEUSDT,2022-03-22,True,200,1689686069.7070003
P0RES018-00008,APEUSDT,2022-03-18,True,200,6683767983.719003
P0RES018-00008,APEUSDT,2022-03-19,True,200,2286521776.658
P0RES018-00008,APEUSDT,2022-03-21,True,200,1457802361.532
P0RES018-00008,APEUSDT,2022-03-23,True,200,1696289122.089
P0RES018-00005,API3USDT,2022-02-21,False,curl_exit_56,
P0RES018-00007,GMTUSDT,2022-03-14,False,curl_exit_56,
P0RES018-00009,WOOUSDT,2022-04-11,True,200,36201982.57751
P0RES018-00009,WOOUSDT,2022-04-08,True,200,164058878.92982003
P0RES018-00009,WOOUSDT,2022-04-10,True,200,31645697.52682
P0RES018-00009,WOOUSDT,2022-04-09,True,200,69647307.43396
P0RES018-00009,WOOUSDT,2022-04-12,True,200,94832323.79949002
P0RES018-00010,FTTUSDT,2022-04-16,True,200,7769748.730499999
P0RES018-00009,WOOUSDT,2022-04-13,True,200,23566936.747810002
P0RES018-00010,FTTUSDT,2022-04-19,True,200,20357640.1756
P0RES018-00010,FTTUSDT,2022-04-20,True,200,18973523.480500005
P0RES018-00010,FTTUSDT,2022-04-17,True,200,174257270.7638
P0RES018-00010,FTTUSDT,2022-04-18,True,200,111224416.19960001
P0RES018-00010,FTTUSDT,2022-04-15,True,200,6622918.151899999
P0RES018-00011,JASMYUSDT,2022-04-20,True,200,488874080.41078
P0RES018-00011,JASMYUSDT,2022-04-21,True,200,558090870.28007
P0RES018-00011,JASMYUSDT,2022-04-22,True,200,231066836.33107004
P0RES018-00011,JASMYUSDT,2022-04-24,True,200,456344795.0490601
P0RES018-00011,JASMYUSDT,2022-04-25,True,200,385567403.92809993
P0RES018-00011,JASMYUSDT,2022-04-23,True,200,207502764.83752006
P0RES018-00012,DARUSDT,2022-04-29,True,200,948169281.4440001
P0RES018-00010,FTTUSDT,2022-04-14,False,curl_exit_56,
P0RES018-00012,DARUSDT,2022-04-30,True,200,339487970.9841
P0RES018-00012,DARUSDT,2022-05-01,True,200,203642562.58009997
P0RES018-00012,DARUSDT,2022-05-02,True,200,139470818.32000002
P0RES018-00009,WOOUSDT,2022-04-07,False,curl_exit_56,
P0RES018-00012,DARUSDT,2022-05-04,True,200,817187184.3612
P0RES018-00012,DARUSDT,2022-05-03,True,200,519110210.33579993
P0RES018-00014,OPUSDT,2022-06-02,True,200,1036434772.14058
P0RES018-00014,OPUSDT,2022-06-01,True,200,157035872.29746
P0RES018-00014,OPUSDT,2022-06-06,True,200,423858498.45105994
P0RES018-00014,OPUSDT,2022-06-04,True,200,521208828.7150501
P0RES018-00014,OPUSDT,2022-06-07,True,200,340217173.76131004
P0RES018-00015,INJUSDT,2022-08-18,True,200,14426156.445200002
P0RES018-00012,DARUSDT,2022-04-28,False,curl_exit_56,
P0RES018-00015,INJUSDT,2022-08-19,True,200,18296903.247500006
P0RES018-00015,INJUSDT,2022-08-20,True,200,16168380.9678
P0RES018-00015,INJUSDT,2022-08-17,True,200,50079123.816599995
P0RES018-00014,OPUSDT,2022-06-03,True,200,861058739.65927
P0RES018-00015,INJUSDT,2022-08-21,True,200,45501795.54670001
P0RES018-00014,OPUSDT,2022-06-05,True,200,447362080.59089
P0RES018-00015,INJUSDT,2022-08-22,True,200,44033270.15629999
P0RES018-00016,STGUSDT,2022-08-25,True,200,384573376.18509996
P0RES018-00016,STGUSDT,2022-08-27,True,200,323292327.3593
P0RES018-00016,STGUSDT,2022-08-28,True,200,237254262.92670003
P0RES018-00011,JASMYUSDT,2022-04-19,False,curl_exit_56,
P0RES018-00016,STGUSDT,2022-08-30,True,200,186457474.41210005
P0RES018-00017,SPELLUSDT,2022-09-07,True,200,22870348.657011997
P0RES018-00017,SPELLUSDT,2022-09-06,True,200,19236553.095723998
P0RES018-00016,STGUSDT,2022-08-29,True,200,211592985.19980004
P0RES018-00017,SPELLUSDT,2022-09-08,True,200,30703130.033818003
P0RES018-00016,STGUSDT,2022-08-26,True,200,744224082.2883002
P0RES018-00017,SPELLUSDT,2022-09-09,True,200,24750780.250503004
P0RES018-00017,SPELLUSDT,2022-09-10,True,200,6824597.648943001
P0RES018-00017,SPELLUSDT,2022-09-11,True,200,5858666.287357002
P0RES018-00016,STGUSDT,2022-08-24,False,curl_exit_56,
P0RES018-00015,INJUSDT,2022-08-16,False,curl_exit_56,
P0RES018-00018,1000LUNCUSDT,2022-09-09,True,200,176537841.2455
P0RES018-00018,1000LUNCUSDT,2022-09-11,True,200,302583283.9104
P0RES018-00018,1000LUNCUSDT,2022-09-14,True,200,574832095.867
P0RES018-00018,1000LUNCUSDT,2022-09-10,True,200,325514384.29069996
P0RES018-00018,1000LUNCUSDT,2022-09-12,True,200,431702423.4688001
P0RES018-00019,LUNA2USDT,2022-09-11,True,200,789191458.3262999
P0RES018-00018,1000LUNCUSDT,2022-09-13,True,200,604768642.5798999
P0RES018-00019,LUNA2USDT,2022-09-14,True,200,1923902033.9645998
P0RES018-00019,LUNA2USDT,2022-09-13,True,200,709902477.6342
P0RES018-00019,LUNA2USDT,2022-09-15,True,200,594050461.5431001
P0RES018-00019,LUNA2USDT,2022-09-12,True,200,899051231.7905
P0RES018-00019,LUNA2USDT,2022-09-10,True,200,929121172.8512999
P0RES018-00020,LDOUSDT,2022-09-22,True,200,7070771.2590000015
P0RES018-00017,SPELLUSDT,2022-09-05,False,curl_exit_56,
P0RES018-00018,1000LUNCUSDT,2022-09-08,False,curl_exit_56,
P0RES018-00019,LUNA2USDT,2022-09-09,False,curl_exit_56,
P0RES018-00021,APTUSDT,2022-10-19,True,200,2600185719.9464
P0RES018-00021,APTUSDT,2022-10-20,True,200,1080753926.3998
P0RES018-00021,APTUSDT,2022-10-21,True,200,912514092.5143
P0RES018-00020,LDOUSDT,2022-09-25,True,200,6469230.436000001
P0RES018-00020,LDOUSDT,2022-09-24,True,200,5478353.284
P0RES018-00021,APTUSDT,2022-10-22,True,200,1943253755.3418999
P0RES018-00021,APTUSDT,2022-10-23,True,200,3712793791.2769995
P0RES018-00020,LDOUSDT,2022-09-23,True,200,10502096.162999999
P0RES018-00021,APTUSDT,2022-10-24,True,200,2147817047.1369
P0RES018-00022,QNTUSDT,2022-10-24,True,200,34260525.006000005
P0RES018-00022,QNTUSDT,2022-10-21,True,200,131323028.24900001
P0RES018-00022,QNTUSDT,2022-10-22,True,200,78267633.979
P0RES018-00023,FETUSDT,2023-01-18,True,200,224827250.89189997
P0RES018-00020,LDOUSDT,2022-09-26,True,200,8529535.530000001
P0RES018-00023,FETUSDT,2023-01-19,True,200,74713525.86170001
P0RES018-00022,QNTUSDT,2022-10-18,False,curl_exit_56,
P0RES018-00023,FETUSDT,2023-01-17,True,200,336151765.44510007
P0RES018-00020,LDOUSDT,2022-09-21,False,curl_exit_56,
P0RES018-00022,QNTUSDT,2022-10-20,True,200,36016895.799
P0RES018-00022,QNTUSDT,2022-10-23,True,200,40836632.17299999
P0RES018-00022,QNTUSDT,2022-10-19,False,curl_exit_56,
P0RES018-00023,FETUSDT,2023-01-20,True,200,82423886.1533
P0RES018-00024,FXSUSDT,2023-01-20,True,200,54960684.8011
P0RES018-00024,FXSUSDT,2023-01-23,True,200,21911882.461600002
P0RES018-00024,FXSUSDT,2023-01-21,True,200,26703113.802700005
P0RES018-00024,FXSUSDT,2023-01-24,True,200,25834250.229199998
P0RES018-00024,FXSUSDT,2023-01-22,True,200,19572199.4663
P0RES018-00021,APTUSDT,2022-10-18,False,curl_exit_56,
P0RES018-00024,FXSUSDT,2023-01-25,True,200,16402746.023100002
P0RES018-00023,FETUSDT,2023-01-21,True,200,88897164.07769999
P0RES018-00023,FETUSDT,2023-01-16,False,curl_exit_56,
P0RES018-00020,LDOUSDT,2022-09-27,True,200,11162903.737
P0RES018-00023,FETUSDT,2023-01-15,False,curl_exit_56,
P0RES018-00025,HOOKUSDT,2023-01-23,True,200,203457129.68870002
P0RES018-00025,HOOKUSDT,2023-01-25,True,200,274716208.83489996
P0RES018-00025,HOOKUSDT,2023-01-24,True,200,280004282.60649997
P0RES018-00024,FXSUSDT,2023-01-19,False,curl_exit_56,
P0RES018-00026,MAGICUSDT,2023-01-25,True,200,95630481.30777001
P0RES018-00026,MAGICUSDT,2023-01-27,True,200,337425770.28155994
P0RES018-00026,MAGICUSDT,2023-01-28,True,200,326703292.4114899
P0RES018-00025,HOOKUSDT,2023-01-19,False,curl_exit_56,
P0RES018-00026,MAGICUSDT,2023-01-29,True,200,118508038.55567999
P0RES018-00027,TUSDT,2023-02-01,True,200,18141738.22524
P0RES018-00025,HOOKUSDT,2023-01-21,False,curl_exit_56,
P0RES018-00025,HOOKUSDT,2023-01-20,False,curl_exit_56,
P0RES018-00026,MAGICUSDT,2023-01-26,True,200,205398343.52484006
P0RES018-00027,TUSDT,2023-02-02,True,200,17747724.541520003
P0RES018-00027,TUSDT,2023-02-03,True,200,20460262.017969996
P0RES018-00027,TUSDT,2023-02-04,True,200,12185486.526340002
P0RES018-00027,TUSDT,2023-02-06,True,200,25068560.93578
P0RES018-00027,TUSDT,2023-02-05,True,200,21258850.834200006
P0RES018-00026,MAGICUSDT,2023-01-23,False,curl_exit_56,
P0RES018-00026,MAGICUSDT,2023-01-24,False,curl_exit_56,
P0RES018-00025,HOOKUSDT,2023-01-22,False,curl_exit_56,
P0RES018-00027,TUSDT,2023-01-31,False,curl_exit_56,
P0RES018-00028,HIGHUSDT,2023-02-09,True,200,106609109.5212
P0RES018-00029,MINAUSDT,2023-02-06,True,200,596785.3857
P0RES018-00029,MINAUSDT,2023-02-08,True,200,23233928.4296
P0RES018-00029,MINAUSDT,2023-02-07,True,200,18302248.290999997
P0RES018-00028,HIGHUSDT,2023-02-07,True,200,63669197.60170001
P0RES018-00028,HIGHUSDT,2023-02-04,False,curl_exit_56,
P0RES018-00028,HIGHUSDT,2023-02-08,True,200,73183006.5857
P0RES018-00028,HIGHUSDT,2023-02-05,False,curl_exit_56,
P0RES018-00029,MINAUSDT,2023-02-09,True,200,63780934.2925
P0RES018-00028,HIGHUSDT,2023-02-03,False,curl_exit_56,
P0RES018-00028,HIGHUSDT,2023-02-06,False,curl_exit_56,
P0RES018-00030,ASTRUSDT,2023-02-15,True,200,205243611.60655004
P0RES018-00030,ASTRUSDT,2023-02-14,True,200,53649116.79292999
P0RES018-00030,ASTRUSDT,2023-02-16,True,200,107604090.52855
P0RES018-00030,ASTRUSDT,2023-02-18,True,200,45532551.94025999
P0RES018-00030,ASTRUSDT,2023-02-17,True,200,210414998.16965
P0RES018-00031,AGIXUSDT,2023-02-16,True,200,17014654.821900003
P0RES018-00029,MINAUSDT,2023-02-04,False,curl_exit_56,
P0RES018-00029,MINAUSDT,2023-02-03,False,curl_exit_56,
P0RES018-00031,AGIXUSDT,2023-02-18,True,200,30672298.7183
P0RES018-00030,ASTRUSDT,2023-02-19,True,200,65935072.69764998
P0RES018-00029,MINAUSDT,2023-02-05,False,curl_exit_56,
P0RES018-00031,AGIXUSDT,2023-02-19,True,200,29965341.9354
P0RES018-00031,AGIXUSDT,2023-02-20,True,200,36915565.716900006
P0RES018-00031,AGIXUSDT,2023-02-17,True,200,35855063.60750001
P0RES018-00031,AGIXUSDT,2023-02-21,True,200,171254564.35760003
P0RES018-00030,ASTRUSDT,2023-02-13,False,curl_exit_56,
P0RES018-00032,PHBUSDT,2023-02-17,True,200,28775592.297099996
P0RES018-00032,PHBUSDT,2023-02-18,True,200,101387966.962
P0RES018-00032,PHBUSDT,2023-02-19,True,200,34768457.246199995
P0RES018-00032,PHBUSDT,2023-02-16,True,200,4045353.2241
P0RES018-00032,PHBUSDT,2023-02-21,True,200,65887380.654800005
P0RES018-00032,PHBUSDT,2023-02-20,True,200,75819627.1452
P0RES018-00033,GMXUSDT,2023-02-17,True,200,9103985.6971
P0RES018-00033,GMXUSDT,2023-02-20,True,200,13170495.186500002
P0RES018-00033,GMXUSDT,2023-02-18,True,200,17580515.2874
P0RES018-00033,GMXUSDT,2023-02-19,True,200,11145831.654299999
P0RES018-00033,GMXUSDT,2023-02-21,True,200,16970245.579499997
P0RES018-00033,GMXUSDT,2023-02-22,True,200,15219302.8152
P0RES018-00034,CFXUSDT,2023-02-22,True,200,246216477.04070002
P0RES018-00034,CFXUSDT,2023-02-23,True,200,286408652.8264
P0RES018-00034,CFXUSDT,2023-02-21,True,200,407735125.58810014
P0RES018-00032,PHBUSDT,2023-02-15,False,curl_exit_56,
P0RES018-00034,CFXUSDT,2023-02-20,True,200,145382852.3913
P0RES018-00035,STXUSDT,2023-02-21,True,200,29136893.3843
P0RES018-00034,CFXUSDT,2023-02-25,True,200,334678798.31850004
P0RES018-00031,AGIXUSDT,2023-02-15,False,curl_exit_56,
P0RES018-00035,STXUSDT,2023-02-23,True,200,478027949.6233001
P0RES018-00035,STXUSDT,2023-02-24,True,200,219652017.4135
P0RES018-00035,STXUSDT,2023-02-22,True,200,394361919.5339999
P0RES018-00034,CFXUSDT,2023-02-24,True,200,356639539.55950004
P0RES018-00036,ACHUSDT,2023-02-23,True,200,168931344.30856
P0RES018-00035,STXUSDT,2023-02-26,True,200,208789834.58200005
P0RES018-00034,CFXUSDT,2023-02-19,False,curl_exit_56,
P0RES018-00036,ACHUSDT,2023-02-22,True,200,89836577.95990002
P0RES018-00036,ACHUSDT,2023-02-24,True,200,88466291.11007999
P0RES018-00033,GMXUSDT,2023-02-16,False,curl_exit_56,
P0RES018-00036,ACHUSDT,2023-02-25,True,200,54317241.31868002
P0RES018-00035,STXUSDT,2023-02-25,True,200,213515440.54060006
P0RES018-00037,BNXUSDT,2023-02-22,True,200,57745760.77770001
P0RES018-00036,ACHUSDT,2023-02-26,True,200,36923471.288619995
P0RES018-00036,ACHUSDT,2023-02-27,True,200,98588939.66782998
P0RES018-00037,BNXUSDT,2023-02-24,True,200,637273811.4589001
P0RES018-00037,BNXUSDT,2023-02-28,True,200,335844169.30230004
P0RES018-00037,BNXUSDT,2023-02-25,True,200,525480776.5033999
P0RES018-00037,BNXUSDT,2023-02-23,True,200,89983385.48900001
P0RES018-00037,BNXUSDT,2023-02-27,True,200,230767803.5503
P0RES018-00037,BNXUSDT,2023-02-26,True,200,186725015.49130002
P0RES018-00038,SSVUSDT,2023-02-25,True,200,100891074.58479999
P0RES018-00038,SSVUSDT,2023-02-24,True,200,42067969.3535
P0RES018-00038,SSVUSDT,2023-02-28,True,200,103635517.13219999
P0RES018-00035,STXUSDT,2023-02-20,False,curl_exit_56,
P0RES018-00038,SSVUSDT,2023-03-01,True,200,89907438.63849996
P0RES018-00038,SSVUSDT,2023-02-27,True,200,128478251.09249999
P0RES018-00036,ACHUSDT,2023-02-21,False,curl_exit_56,
P0RES018-00038,SSVUSDT,2023-02-26,True,200,156568833.4694
P0RES018-00039,CKBUSDT,2023-02-28,True,200,47524518.60338099
P0RES018-00039,CKBUSDT,2023-03-02,True,200,11736691.949938
P0RES018-00039,CKBUSDT,2023-03-01,True,200,34055081.57577801
P0RES018-00039,CKBUSDT,2023-03-03,True,200,9028916.561175998
P0RES018-00039,CKBUSDT,2023-03-04,True,200,5427324.939386001
P0RES018-00040,PERPUSDT,2023-03-06,True,200,24671360.02385
P0RES018-00039,CKBUSDT,2023-03-05,True,200,4876627.493156001
P0RES018-00040,PERPUSDT,2023-03-11,True,200,9702747.215649998
P0RES018-00040,PERPUSDT,2023-03-10,True,200,10938856.10086
P0RES018-00040,PERPUSDT,2023-03-08,True,200,12843854.926439997
P0RES018-00040,PERPUSDT,2023-03-07,True,200,33051591.520209994
P0RES018-00040,PERPUSDT,2023-03-09,True,200,13268917.241489999
P0RES018-00041,TRUUSDT,2023-03-09,True,200,114749933.27533
P0RES018-00041,TRUUSDT,2023-03-07,True,200,85851269.46727999
P0RES018-00041,TRUUSDT,2023-03-08,True,200,122024268.25451
P0RES018-00041,TRUUSDT,2023-03-10,True,200,120191656.80699997
P0RES018-00038,SSVUSDT,2023-02-23,False,curl_exit_56,
P0RES018-00039,CKBUSDT,2023-02-27,False,curl_exit_56,
P0RES018-00041,TRUUSDT,2023-03-11,True,200,797804303.2267697
P0RES018-00041,TRUUSDT,2023-03-12,True,200,259575058.18019006
P0RES018-00042,LQTYUSDT,2023-03-11,True,200,481967199.1990699
P0RES018-00040,PERPUSDT,2023-03-05,False,curl_exit_56,
P0RES018-00042,LQTYUSDT,2023-03-12,True,200,308609528.90209
P0RES018-00042,LQTYUSDT,2023-03-13,True,200,524594432.21393
P0RES018-00042,LQTYUSDT,2023-03-14,True,200,814691948.68334
P0RES018-00043,USDCUSDT,2023-03-12,True,200,240007112.08789998
P0RES018-00043,USDCUSDT,2023-03-14,True,200,67660031.45575999
P0RES018-00043,USDCUSDT,2023-03-13,True,200,271983057.49122995
P0RES018-00043,USDCUSDT,2023-03-15,True,200,61356774.45105
P0RES018-00043,USDCUSDT,2023-03-16,True,200,48428658.42056
P0RES018-00041,TRUUSDT,2023-03-06,False,curl_exit_56,
P0RES018-00043,USDCUSDT,2023-03-17,True,200,67873189.36202002
P0RES018-00043,USDCUSDT,2023-03-18,True,200,38719628.126269996
P0RES018-00042,LQTYUSDT,2023-03-10,True,200,104812645.61895
P0RES018-00042,LQTYUSDT,2023-03-08,False,curl_exit_56,
P0RES018-00044,ARBUSDT,2023-03-23,True,200,1373808974.7334502
P0RES018-00044,ARBUSDT,2023-03-25,True,200,1348495807.8899698
P0RES018-00044,ARBUSDT,2023-03-24,True,200,2587609853.5813603
P0RES018-00044,ARBUSDT,2023-03-26,True,200,1269946896.8061602
P0RES018-00042,LQTYUSDT,2023-03-09,False,curl_exit_56,
P0RES018-00044,ARBUSDT,2023-03-27,True,200,1315905648.54274
P0RES018-00045,IDUSDT,2023-03-23,True,200,181962431.52109998
P0RES018-00044,ARBUSDT,2023-03-28,True,200,986157094.4081199
P0RES018-00044,ARBUSDT,2023-03-29,True,200,836113487.8149103
P0RES018-00045,IDUSDT,2023-03-26,True,200,269342391.83100003
P0RES018-00045,IDUSDT,2023-03-24,True,200,656515713.0438
P0RES018-00045,IDUSDT,2023-03-25,True,200,228801101.00449997
P0RES018-00045,IDUSDT,2023-03-29,True,200,113904430.42759997
P0RES018-00045,IDUSDT,2023-03-27,True,200,197691884.77189997
P0RES018-00045,IDUSDT,2023-03-28,True,200,102004565.4098
P0RES018-00046,JOEUSDT,2023-03-30,True,200,108302595.36740002
P0RES018-00046,JOEUSDT,2023-03-29,True,200,42739590.28159999
P0RES018-00046,JOEUSDT,2023-04-01,True,200,31706054.065600004
P0RES018-00046,JOEUSDT,2023-04-02,True,200,48799319.4264
P0RES018-00046,JOEUSDT,2023-03-31,True,200,106565144.1776
P0RES018-00047,AMBUSDT,2023-03-30,True,200,2204997.1917900005
P0RES018-00046,JOEUSDT,2023-04-03,True,200,38906871.8299
P0RES018-00047,AMBUSDT,2023-04-01,True,200,7541372.1984399995
P0RES018-00048,LEVERUSDT,2023-03-30,True,200,1981990.393284
P0RES018-00047,AMBUSDT,2023-03-31,True,200,6729937.873090003
P0RES018-00047,AMBUSDT,2023-04-04,True,200,8192689.943260001
P0RES018-00048,LEVERUSDT,2023-03-31,True,200,29376442.42296
P0RES018-00047,AMBUSDT,2023-04-03,True,200,8520515.896359999
P0RES018-00047,AMBUSDT,2023-04-02,True,200,5484352.496190001
P0RES018-00048,LEVERUSDT,2023-04-01,True,200,8302240.807878001
P0RES018-00048,LEVERUSDT,2023-04-03,True,200,5590209.6807699995
P0RES018-00048,LEVERUSDT,2023-04-02,True,200,5345262.559853001
P0RES018-00046,JOEUSDT,2023-03-28,False,curl_exit_56,
P0RES018-00048,LEVERUSDT,2023-04-04,True,200,5007335.107287001
P0RES018-00049,TLMUSDT,2023-03-29,True,200,0.0
P0RES018-00049,TLMUSDT,2023-03-30,True,200,2438475.0782399997
P0RES018-00049,TLMUSDT,2023-03-31,True,200,5857550.713730002
P0RES018-00049,TLMUSDT,2023-04-03,True,200,4493263.17231
P0RES018-00049,TLMUSDT,2023-04-02,True,200,5049308.429500001
P0RES018-00049,TLMUSDT,2023-04-04,True,200,16850788.53837
P0RES018-00050,RDNTUSDT,2023-04-05,True,200,18209694.9507
P0RES018-00048,LEVERUSDT,2023-03-29,False,curl_exit_56,
P0RES018-00050,RDNTUSDT,2023-04-07,True,200,25445028.2859
P0RES018-00050,RDNTUSDT,2023-04-08,True,200,15075066.832299998
P0RES018-00047,AMBUSDT,2023-03-29,False,curl_exit_56,
P0RES018-00050,RDNTUSDT,2023-04-06,True,200,24968519.9052
P0RES018-00049,TLMUSDT,2023-04-01,True,200,3994968.02494
P0RES018-00051,HFTUSDT,2023-04-08,True,200,11292809.1298
P0RES018-00051,HFTUSDT,2023-04-11,True,200,12915767.1867
P0RES018-00050,RDNTUSDT,2023-04-09,True,200,15735831.113799997
P0RES018-00050,RDNTUSDT,2023-04-10,True,200,13845352.2667
P0RES018-00051,HFTUSDT,2023-04-10,True,200,11342642.035100002
P0RES018-00052,XVSUSDT,2023-04-15,True,200,38269246.08670001
P0RES018-00051,HFTUSDT,2023-04-06,True,200,12030376.5053
P0RES018-00052,XVSUSDT,2023-04-17,True,200,13371858.770699998
P0RES018-00052,XVSUSDT,2023-04-16,True,200,24428745.8998
P0RES018-00052,XVSUSDT,2023-04-14,True,200,84468326.6944
P0RES018-00051,HFTUSDT,2023-04-07,True,200,15511349.847
P0RES018-00051,HFTUSDT,2023-04-09,True,200,5840062.425900001
P0RES018-00052,XVSUSDT,2023-04-18,True,200,13056451.723699994
P0RES018-00052,XVSUSDT,2023-04-13,True,200,14688186.254699998
P0RES018-00053,BLURUSDT,2023-04-30,True,200,78563768.83960001
P0RES018-00050,RDNTUSDT,2023-04-04,False,curl_exit_56,
P0RES018-00053,BLURUSDT,2023-04-29,True,200,52156007.141899996
P0RES018-00053,BLURUSDT,2023-05-02,True,200,42165705.5339
P0RES018-00054,EDUUSDT,2023-04-30,True,200,193595013.79059997
P0RES018-00053,BLURUSDT,2023-05-03,True,200,47155186.20409999
P0RES018-00053,BLURUSDT,2023-05-01,True,200,79425928.39119999
P0RES018-00054,EDUUSDT,2023-05-01,True,200,293580033.03120005
P0RES018-00054,EDUUSDT,2023-05-02,True,200,209624428.47309995
P0RES018-00051,HFTUSDT,2023-04-05,False,curl_exit_56,
P0RES018-00054,EDUUSDT,2023-05-04,True,200,280000270.9782
P0RES018-00053,BLURUSDT,2023-04-27,False,curl_exit_56,
P0RES018-00054,EDUUSDT,2023-05-03,True,200,213274988.25190005
P0RES018-00055,IDEXUSDT,2023-05-03,True,200,36627961.58310999
P0RES018-00053,BLURUSDT,2023-04-28,True,200,34087859.8007
P0RES018-00054,EDUUSDT,2023-04-29,False,curl_exit_56,
P0RES018-00052,XVSUSDT,2023-04-12,False,curl_exit_56,
P0RES018-00055,IDEXUSDT,2023-05-05,True,200,300814463.7119801
P0RES018-00055,IDEXUSDT,2023-05-04,True,200,59916760.30735
P0RES018-00054,EDUUSDT,2023-04-28,False,curl_exit_56,
P0RES018-00055,IDEXUSDT,2023-05-07,True,200,40443280.57639
P0RES018-00056,SUIUSDT,2023-05-03,True,200,317706633.57537
P0RES018-00056,SUIUSDT,2023-05-05,True,200,717276758.7252501
P0RES018-00056,SUIUSDT,2023-05-06,True,200,547441089.98853
P0RES018-00055,IDEXUSDT,2023-05-06,True,200,53238279.93372001
P0RES018-00055,IDEXUSDT,2023-05-08,True,200,38307221.14595
P0RES018-00056,SUIUSDT,2023-05-07,True,200,282160399.88759
P0RES018-00056,SUIUSDT,2023-05-08,True,200,620190680.54757
P0RES018-00056,SUIUSDT,2023-05-04,True,200,707626730.94116
P0RES018-00057,1000PEPEUSDT,2023-05-08,True,200,2199414979.1919446
P0RES018-00057,1000PEPEUSDT,2023-05-07,True,200,1393453198.0394661
P0RES018-00056,SUIUSDT,2023-05-09,True,200,527391755.6096501
P0RES018-00057,1000PEPEUSDT,2023-05-10,True,200,1189284268.3569827
P0RES018-00057,1000PEPEUSDT,2023-05-11,True,200,1646468985.713766
P0RES018-00055,IDEXUSDT,2023-05-02,False,curl_exit_56,
P0RES018-00057,1000PEPEUSDT,2023-05-05,True,200,1050677790.0751307
P0RES018-00057,1000PEPEUSDT,2023-05-06,True,200,2040817050.6229906
P0RES018-00057,1000PEPEUSDT,2023-05-09,True,200,1651496244.4577897
P0RES018-00058,1000FLOKIUSDT,2023-05-07,True,200,67510017.55722
P0RES018-00058,1000FLOKIUSDT,2023-05-06,True,200,47192470.34859
P0RES018-00058,1000FLOKIUSDT,2023-05-09,True,200,38821925.117220014
P0RES018-00058,1000FLOKIUSDT,2023-05-11,True,200,32492202.222429994
P0RES018-00058,1000FLOKIUSDT,2023-05-12,True,200,22888630.801860005
P0RES018-00058,1000FLOKIUSDT,2023-05-08,True,200,50213455.77908
P0RES018-00058,1000FLOKIUSDT,2023-05-10,True,200,30649650.627729997
P0RES018-00059,RADUSDT,2023-05-12,True,200,13893396.285
P0RES018-00059,RADUSDT,2023-05-15,True,200,10588587.308
P0RES018-00059,RADUSDT,2023-05-10,True,200,10868940.269000001
P0RES018-00059,RADUSDT,2023-05-11,True,200,23606557.303000003
P0RES018-00059,RADUSDT,2023-05-14,True,200,24827235.577999998
P0RES018-00060,UMAUSDT,2023-05-12,True,200,19552966.661000002
P0RES018-00059,RADUSDT,2023-05-13,True,200,40286600.94800001
P0RES018-00060,UMAUSDT,2023-05-15,True,200,7863391.453
P0RES018-00060,UMAUSDT,2023-05-13,True,200,9797538.704000002
P0RES018-00060,UMAUSDT,2023-05-14,True,200,6091862.837
P0RES018-00061,KEYUSDT,2023-05-24,True,200,16344340.238847997
P0RES018-00060,UMAUSDT,2023-05-10,True,200,4839991.681
P0RES018-00060,UMAUSDT,2023-05-11,True,200,39550430.856
P0RES018-00061,KEYUSDT,2023-05-25,True,200,37715008.482644
P0RES018-00061,KEYUSDT,2023-05-26,True,200,28666458.863585006
P0RES018-00061,KEYUSDT,2023-05-27,True,200,70849055.32499401
P0RES018-00059,RADUSDT,2023-05-09,False,curl_exit_56,
P0RES018-00061,KEYUSDT,2023-05-28,True,200,81665724.52079
P0RES018-00061,KEYUSDT,2023-05-29,True,200,27825167.244928002
P0RES018-00062,COMBOUSDT,2023-06-02,True,200,196630143.90396
P0RES018-00062,COMBOUSDT,2023-06-04,True,200,52546134.54346
P0RES018-00062,COMBOUSDT,2023-06-03,True,200,120711867.56746998
P0RES018-00062,COMBOUSDT,2023-06-06,True,200,33416466.574509997
P0RES018-00062,COMBOUSDT,2023-06-05,True,200,62107471.92252001
P0RES018-00062,COMBOUSDT,2023-06-07,True,200,21548404.29231
P0RES018-00062,COMBOUSDT,2023-06-08,True,200,16574999.746589998
P0RES018-00063,NMRUSDT,2023-06-23,True,200,7093130.146000001
P0RES018-00063,NMRUSDT,2023-06-22,True,200,3811619.5829999996
P0RES018-00061,KEYUSDT,2023-05-23,False,curl_exit_56,
P0RES018-00063,NMRUSDT,2023-06-28,True,200,3728269.611
P0RES018-00063,NMRUSDT,2023-06-26,True,200,3020296.019
P0RES018-00063,NMRUSDT,2023-06-24,True,200,3640806.0490000006
P0RES018-00063,NMRUSDT,2023-06-25,True,200,2689587.5220000003
P0RES018-00064,MAVUSDT,2023-07-01,True,200,85491851.28500001
P0RES018-00063,NMRUSDT,2023-06-27,True,200,1690917.2229999998
P0RES018-00064,MAVUSDT,2023-06-29,True,200,69789363.25299999
P0RES018-00064,MAVUSDT,2023-07-04,True,200,303726810.2658
P0RES018-00064,MAVUSDT,2023-07-03,True,200,71973477.12900001
P0RES018-00064,MAVUSDT,2023-06-30,True,200,150529174.66960004
P0RES018-00065,MDTUSDT,2023-06-30,True,200,7887707.67868
P0RES018-00064,MAVUSDT,2023-07-05,True,200,153271829.0095
P0RES018-00065,MDTUSDT,2023-07-01,True,200,14863653.376589999
P0RES018-00065,MDTUSDT,2023-07-03,True,200,355019081.39165
P0RES018-00065,MDTUSDT,2023-07-02,True,200,57351138.20926001
P0RES018-00066,XVGUSDT,2023-07-06,True,200,419851999.005
P0RES018-00066,XVGUSDT,2023-07-07,True,200,838310433.3969761
P0RES018-00064,MAVUSDT,2023-07-02,True,200,52160864.3632
P0RES018-00060,UMAUSDT,2023-05-09,False,curl_exit_56,
P0RES018-00065,MDTUSDT,2023-07-05,True,200,38670866.28086
P0RES018-00065,MDTUSDT,2023-07-04,True,200,320992858.06124
P0RES018-00065,MDTUSDT,2023-07-06,True,200,42672994.788569994
P0RES018-00066,XVGUSDT,2023-07-09,True,200,456677386.415715
P0RES018-00066,XVGUSDT,2023-07-08,True,200,501051658.896638
P0RES018-00066,XVGUSDT,2023-07-05,True,200,211281762.89891496
P0RES018-00067,WLDUSDT,2023-07-24,True,200,421280570.75149995
P0RES018-00067,WLDUSDT,2023-07-26,True,200,885912265.1721
P0RES018-00066,XVGUSDT,2023-07-11,True,200,268122452.83146703
P0RES018-00067,WLDUSDT,2023-07-27,True,200,304081248.0554
P0RES018-00066,XVGUSDT,2023-07-10,True,200,287489164.92529094
P0RES018-00068,ARKMUSDT,2023-07-29,True,200,21264970.710200004
P0RES018-00067,WLDUSDT,2023-07-29,True,200,337502754.7092001
P0RES018-00067,WLDUSDT,2023-07-28,True,200,272936741.2473
P0RES018-00068,ARKMUSDT,2023-07-30,True,200,23107261.2109
P0RES018-00068,ARKMUSDT,2023-07-31,True,200,19155757.310800005
P0RES018-00067,WLDUSDT,2023-07-30,True,200,367943425.55899996
P0RES018-00067,WLDUSDT,2023-07-25,True,200,1011610819.3666998
P0RES018-00068,ARKMUSDT,2023-07-28,True,200,33392428.780300006
P0RES018-00068,ARKMUSDT,2023-08-03,True,200,15598666.7869
P0RES018-00069,PENDLEUSDT,2023-07-28,True,200,74565670.4518
P0RES018-00068,ARKMUSDT,2023-08-02,True,200,19113704.0392
P0RES018-00068,ARKMUSDT,2023-08-01,True,200,13290474.895800002
P0RES018-00069,PENDLEUSDT,2023-07-29,True,200,44788580.9458
P0RES018-00069,PENDLEUSDT,2023-08-01,True,200,11963643.932200002
P0RES018-00070,AGLDUSDT,2023-07-29,True,200,43560259.08409999
P0RES018-00069,PENDLEUSDT,2023-07-30,True,200,23707769.056300003
P0RES018-00070,AGLDUSDT,2023-07-30,True,200,49936084.9741
P0RES018-00069,PENDLEUSDT,2023-08-03,True,200,3546136.1511999997
P0RES018-00070,AGLDUSDT,2023-07-31,True,200,18173846.172900002
P0RES018-00069,PENDLEUSDT,2023-07-31,True,200,11002827.4796
P0RES018-00070,AGLDUSDT,2023-08-01,True,200,13885521.436299998
P0RES018-00071,YGGUSDT,2023-08-06,True,200,1949932330.9748995
P0RES018-00069,PENDLEUSDT,2023-08-02,True,200,7242551.0139000015
P0RES018-00070,AGLDUSDT,2023-08-02,True,200,14017396.2494
P0RES018-00070,AGLDUSDT,2023-08-03,True,200,12228431.0149
P0RES018-00070,AGLDUSDT,2023-08-04,True,200,11318774.5402
P0RES018-00071,YGGUSDT,2023-08-05,True,200,1989456623.4422
P0RES018-00071,YGGUSDT,2023-08-07,True,200,2856475688.5857005
P0RES018-00071,YGGUSDT,2023-08-09,True,200,220745599.61220002
P0RES018-00071,YGGUSDT,2023-08-11,True,200,160675449.86979997
P0RES018-00072,DODOXUSDT,2023-08-09,True,200,202072695.06490004
P0RES018-00071,YGGUSDT,2023-08-08,True,200,347262343.08120006
P0RES018-00072,DODOXUSDT,2023-08-10,True,200,51152180.9654
P0RES018-00072,DODOXUSDT,2023-08-08,True,200,124960641.32229999
P0RES018-00071,YGGUSDT,2023-08-10,True,200,81962256.53519998
P0RES018-00072,DODOXUSDT,2023-08-11,True,200,60821005.055
P0RES018-00072,DODOXUSDT,2023-08-13,True,200,34925870.74730001
P0RES018-00073,BNTUSDT,2023-08-10,True,200,257461062.58179998
P0RES018-00072,DODOXUSDT,2023-08-14,True,200,37699813.53840001
P0RES018-00073,BNTUSDT,2023-08-11,True,200,255290461.59839997
P0RES018-00073,BNTUSDT,2023-08-16,True,200,43209530.9261
P0RES018-00072,DODOXUSDT,2023-08-12,True,200,37237555.0305
P0RES018-00074,OXTUSDT,2023-08-13,True,200,26733219.439610004
P0RES018-00074,OXTUSDT,2023-08-12,True,200,114630774.62857002
P0RES018-00074,OXTUSDT,2023-08-14,True,200,15308164.857119996
P0RES018-00073,BNTUSDT,2023-08-14,True,200,21908257.4509
P0RES018-00074,OXTUSDT,2023-08-17,True,200,11359512.056410002
P0RES018-00074,OXTUSDT,2023-08-15,True,200,20880260.772940002
P0RES018-00074,OXTUSDT,2023-08-16,True,200,10912321.296310002
P0RES018-00073,BNTUSDT,2023-08-15,True,200,18229409.724600002
P0RES018-00073,BNTUSDT,2023-08-12,True,200,41044841.74659999
P0RES018-00073,BNTUSDT,2023-08-13,True,200,28331220.695800003
P0RES018-00074,OXTUSDT,2023-08-11,True,200,66681067.12393
P0RES018-00075,SEIUSDT,2023-08-17,True,200,310945533.87649995
P0RES018-00075,SEIUSDT,2023-08-20,True,200,64099927.18660001
P0RES018-00076,CYBERUSDT,2023-08-21,True,200,230159520.26299998
P0RES018-00075,SEIUSDT,2023-08-22,True,200,86250018.7035
P0RES018-00076,CYBERUSDT,2023-08-22,True,200,459709627.8035999
P0RES018-00075,SEIUSDT,2023-08-23,True,200,62468048.34879998
P0RES018-00075,SEIUSDT,2023-08-19,True,200,76963153.50889999
P0RES018-00075,SEIUSDT,2023-08-18,True,200,241803459.69979993
P0RES018-00076,CYBERUSDT,2023-08-23,True,200,196045983.8728001
P0RES018-00075,SEIUSDT,2023-08-21,True,200,56316068.1187
P0RES018-00076,CYBERUSDT,2023-08-24,True,200,92865603.75459999
P0RES018-00076,CYBERUSDT,2023-08-26,True,200,73988147.57530001
P0RES018-00076,CYBERUSDT,2023-08-25,True,200,65378300.9769
P0RES018-00077,HIFIUSDT,2023-09-17,True,200,1422284807.3217998
P0RES018-00077,HIFIUSDT,2023-09-18,True,200,525376473.4478
P0RES018-00077,HIFIUSDT,2023-09-20,True,200,196227720.0102
P0RES018-00077,HIFIUSDT,2023-09-22,True,200,111963226.06919998
P0RES018-00077,HIFIUSDT,2023-09-16,True,200,1106222042.7718003
P0RES018-00077,HIFIUSDT,2023-09-21,True,200,139219937.3879
P0RES018-00077,HIFIUSDT,2023-09-19,True,200,248022038.35579997
P0RES018-00078,ARKUSDT,2023-09-19,True,200,104501857.1623
P0RES018-00078,ARKUSDT,2023-09-23,True,200,111994378.5203
P0RES018-00076,CYBERUSDT,2023-08-27,True,200,112482449.99930002
P0RES018-00078,ARKUSDT,2023-09-20,True,200,373034402.531
P0RES018-00078,ARKUSDT,2023-09-21,True,200,283750096.398
P0RES018-00078,ARKUSDT,2023-09-22,True,200,235515839.84960002
P0RES018-00079,GLMRUSDT,2023-09-28,True,200,50584881.33109999
P0RES018-00079,GLMRUSDT,2023-10-01,True,200,10945389.778299998
P0RES018-00079,GLMRUSDT,2023-09-27,True,200,186465099.0413
P0RES018-00078,ARKUSDT,2023-09-25,True,200,90925040.5768
P0RES018-00079,GLMRUSDT,2023-09-29,True,200,32516431.33639999
P0RES018-00078,ARKUSDT,2023-09-24,True,200,96509477.0969
P0RES018-00079,GLMRUSDT,2023-09-26,True,200,91156900.14900002
P0RES018-00080,BICOUSDT,2023-09-28,True,200,74254162.443
P0RES018-00079,GLMRUSDT,2023-10-02,True,200,13375152.330200002
P0RES018-00079,GLMRUSDT,2023-09-30,True,200,15152502.9811
P0RES018-00080,BICOUSDT,2023-09-30,True,200,18294752.274699997
P0RES018-00080,BICOUSDT,2023-10-01,True,200,12078266.674200002
P0RES018-00080,BICOUSDT,2023-09-29,True,200,40930675.706700005
P0RES018-00080,BICOUSDT,2023-10-02,True,200,7778443.5463
P0RES018-00081,LOOMUSDT,2023-10-12,True,200,1045990785.4326
P0RES018-00081,LOOMUSDT,2023-10-11,True,200,210122696.2701
P0RES018-00081,LOOMUSDT,2023-10-13,True,200,822156953.9117999
P0RES018-00080,BICOUSDT,2023-10-04,True,200,7818180.0641
P0RES018-00081,LOOMUSDT,2023-10-15,True,200,3216438233.3484
P0RES018-00081,LOOMUSDT,2023-10-14,True,200,1846369822.7608998
P0RES018-00080,BICOUSDT,2023-10-03,True,200,6830701.066
P0RES018-00081,LOOMUSDT,2023-10-16,True,200,1929073096.2805002
P0RES018-00082,STRAXUSDT,2023-10-11,True,200,53811627.00920001
P0RES018-00081,LOOMUSDT,2023-10-17,True,200,1445674335.1444001
P0RES018-00082,STRAXUSDT,2023-10-13,True,200,24080496.352599997
P0RES018-00082,STRAXUSDT,2023-10-15,True,200,246117070.6062
P0RES018-00082,STRAXUSDT,2023-10-16,True,200,520872487.8566
P0RES018-00082,STRAXUSDT,2023-10-14,True,200,15812599.193900002
P0RES018-00082,STRAXUSDT,2023-10-12,True,200,35802794.1838
P0RES018-00082,STRAXUSDT,2023-10-17,True,200,229435868.63789997
P0RES018-00083,BIGTIMEUSDT,2023-10-14,True,200,641295234.6687001
P0RES018-00083,BIGTIMEUSDT,2023-10-15,True,200,487928624.995
P0RES018-00084,BONDUSDT,2023-10-17,True,200,152916607.97970003
P0RES018-00083,BIGTIMEUSDT,2023-10-12,True,200,774849892.0231
P0RES018-00084,BONDUSDT,2023-10-15,True,200,161234376.6495
P0RES018-00084,BONDUSDT,2023-10-16,True,200,260383606.4996
P0RES018-00084,BONDUSDT,2023-10-18,True,200,129108628.39570001
P0RES018-00083,BIGTIMEUSDT,2023-10-16,True,200,281010050.88469994
P0RES018-00084,BONDUSDT,2023-10-19,True,200,110839915.11170001
P0RES018-00083,BIGTIMEUSDT,2023-10-13,True,200,1311031696.7773004
P0RES018-00083,BIGTIMEUSDT,2023-10-18,True,200,322603277.28429997
P0RES018-00085,ORBSUSDT,2023-10-18,True,200,893938660.1668597
P0RES018-00084,BONDUSDT,2023-10-21,True,200,583664255.4884
P0RES018-00083,BIGTIMEUSDT,2023-10-17,True,200,269612958.3877
P0RES018-00084,BONDUSDT,2023-10-20,True,200,914579774.715
P0RES018-00085,ORBSUSDT,2023-10-17,True,200,562964813.68573
P0RES018-00085,ORBSUSDT,2023-10-19,True,200,819466668.4430099
P0RES018-00085,ORBSUSDT,2023-10-20,True,200,286101387.27471
P0RES018-00085,ORBSUSDT,2023-10-23,True,200,129284189.25573997
P0RES018-00085,ORBSUSDT,2023-10-21,True,200,200322554.50114992
P0RES018-00086,STPTUSDT,2023-10-18,True,200,43494524.96956999
P0RES018-00086,STPTUSDT,2023-10-22,True,200,5766240.609800001
P0RES018-00086,STPTUSDT,2023-10-19,True,200,27197864.49941
P0RES018-00086,STPTUSDT,2023-10-21,True,200,8000252.38434
P0RES018-00085,ORBSUSDT,2023-10-22,True,200,207087046.83542
P0RES018-00086,STPTUSDT,2023-10-20,True,200,20061329.197450005
P0RES018-00086,STPTUSDT,2023-10-23,True,200,7444052.051679999
P0RES018-00087,WAXPUSDT,2023-10-19,True,200,143276128.06043
P0RES018-00086,STPTUSDT,2023-10-24,True,200,12772820.878239999
P0RES018-00087,WAXPUSDT,2023-10-18,True,200,93469747.37052001
P0RES018-00087,WAXPUSDT,2023-10-22,True,200,18012163.403109998
P0RES018-00087,WAXPUSDT,2023-10-23,True,200,19698974.537049998
P0RES018-00087,WAXPUSDT,2023-10-24,True,200,23069813.93725
P0RES018-00087,WAXPUSDT,2023-10-20,True,200,66455615.4279
P0RES018-00087,WAXPUSDT,2023-10-21,True,200,25861725.835689995
P0RES018-00088,BSVUSDT,2023-10-20,True,200,57890344.74200001
P0RES018-00088,BSVUSDT,2023-10-23,True,200,96719928.72300002
P0RES018-00088,BSVUSDT,2023-10-22,True,200,105297540.16599998
P0RES018-00089,RIFUSDT,2023-10-21,True,200,146973424.81188
P0RES018-00088,BSVUSDT,2023-10-24,True,200,56655495.164
P0RES018-00088,BSVUSDT,2023-10-25,True,200,33972060.023
P0RES018-00088,BSVUSDT,2023-10-26,True,200,31126857.409999993
P0RES018-00089,RIFUSDT,2023-10-23,True,200,328682189.24656
P0RES018-00089,RIFUSDT,2023-10-25,True,200,68650693.49282001
P0RES018-00088,BSVUSDT,2023-10-21,True,200,151960640.99199998
P0RES018-00089,RIFUSDT,2023-10-26,True,200,41623449.87861
P0RES018-00089,RIFUSDT,2023-10-24,True,200,158385023.86191002
P0RES018-00090,GASUSDT,2023-10-26,True,200,40554849.40370001
P0RES018-00089,RIFUSDT,2023-10-27,True,200,23148782.423529997
P0RES018-00089,RIFUSDT,2023-10-22,True,200,267540340.17957997
P0RES018-00090,GASUSDT,2023-10-25,True,200,71885899.21440001
P0RES018-00090,GASUSDT,2023-10-30,True,200,453452176.19250005
P0RES018-00091,POLYXUSDT,2023-10-26,True,200,309058321.21669996
P0RES018-00090,GASUSDT,2023-10-31,True,200,771331731.6474999
P0RES018-00090,GASUSDT,2023-10-29,True,200,850547349.8743
P0RES018-00090,GASUSDT,2023-10-28,True,200,1510502346.9667997
P0RES018-00090,GASUSDT,2023-10-27,True,200,206696878.66619998
P0RES018-00091,POLYXUSDT,2023-10-30,True,200,593916280.7772
P0RES018-00091,POLYXUSDT,2023-10-28,True,200,177947772.6068
P0RES018-00091,POLYXUSDT,2023-10-29,True,200,245309896.7266
P0RES018-00091,POLYXUSDT,2023-10-25,True,200,314172918.2859001
P0RES018-00091,POLYXUSDT,2023-10-31,True,200,878429216.1491
P0RES018-00092,POWRUSDT,2023-10-31,True,200,34229123.1395
P0RES018-00092,POWRUSDT,2023-11-01,True,200,13848217.9913
P0RES018-00091,POLYXUSDT,2023-10-27,True,200,219730272.10280004
P0RES018-00092,POWRUSDT,2023-10-27,True,200,35421872.061000004
P0RES018-00092,POWRUSDT,2023-10-28,True,200,28930327.1207
P0RES018-00092,POWRUSDT,2023-10-30,True,200,36549553.77530001
P0RES018-00093,TIAUSDT,2023-10-31,True,200,152733054.23499998
P0RES018-00093,TIAUSDT,2023-11-02,True,200,351068356.0891999
P0RES018-00092,POWRUSDT,2023-10-29,True,200,26479758.289599992
P0RES018-00092,POWRUSDT,2023-11-02,True,200,10642516.1848
P0RES018-00093,TIAUSDT,2023-11-04,True,200,76736676.35090001
P0RES018-00093,TIAUSDT,2023-11-03,True,200,151589033.38619998
P0RES018-00093,TIAUSDT,2023-11-06,True,200,41402589.02480001
P0RES018-00094,CAKEUSDT,2023-11-07,True,200,129362146.85339999
P0RES018-00094,CAKEUSDT,2023-11-03,True,200,37364838.49259999
P0RES018-00094,CAKEUSDT,2023-11-05,True,200,456767284.72260004
P0RES018-00094,CAKEUSDT,2023-11-02,True,200,59816929.2657
P0RES018-00094,CAKEUSDT,2023-11-04,True,200,215063979.58019996
P0RES018-00093,TIAUSDT,2023-11-05,True,200,57971247.7518
P0RES018-00095,SNTUSDT,2023-11-04,True,200,125316503.41137001
P0RES018-00094,CAKEUSDT,2023-11-08,True,200,67550002.2527
P0RES018-00095,SNTUSDT,2023-11-02,True,200,30509700.751920003
P0RES018-00095,SNTUSDT,2023-11-03,True,200,68787719.02647999
P0RES018-00095,SNTUSDT,2023-11-05,True,200,58656251.28106
P0RES018-00094,CAKEUSDT,2023-11-06,True,200,221611562.2503
P0RES018-00095,SNTUSDT,2023-11-08,True,200,48935876.05693
P0RES018-00095,SNTUSDT,2023-11-07,True,200,108122557.61094
P0RES018-00093,TIAUSDT,2023-11-01,True,200,355534101.9903
P0RES018-00095,SNTUSDT,2023-11-06,True,200,46075395.67168001
P0RES018-00096,MEMEUSDT,2023-11-05,True,200,371541366.9143141
P0RES018-00096,MEMEUSDT,2023-11-07,True,200,213885403.82859904
P0RES018-00096,MEMEUSDT,2023-11-08,True,200,138308760.01249498
P0RES018-00096,MEMEUSDT,2023-11-03,True,200,665513129.251298
P0RES018-00096,MEMEUSDT,2023-11-04,True,200,421474443.196959
P0RES018-00097,TOKENUSDT,2023-11-03,True,200,47531328.307569996
P0RES018-00096,MEMEUSDT,2023-11-06,True,200,188833845.260818
P0RES018-00097,TOKENUSDT,2023-11-06,True,200,44372422.98874
P0RES018-00097,TOKENUSDT,2023-11-07,True,200,73296478.99357998
P0RES018-00097,TOKENUSDT,2023-11-05,True,200,53356304.702120006
P0RES018-00098,TWTUSDT,2023-11-03,True,200,4781151.569999999
P0RES018-00097,TOKENUSDT,2023-11-08,True,200,33033650.0446
P0RES018-00097,TOKENUSDT,2023-11-04,True,200,70629536.05499
P0RES018-00098,TWTUSDT,2023-11-05,True,200,22552771.4005
P0RES018-00098,TWTUSDT,2023-11-08,True,200,198204429.89020002
P0RES018-00099,ORDIUSDT,2023-11-08,True,200,862951448.6396999
P0RES018-00098,TWTUSDT,2023-11-07,True,200,245992120.5388
P0RES018-00096,MEMEUSDT,2023-11-09,True,200,424282242.850228
P0RES018-00099,ORDIUSDT,2023-11-10,True,200,928686850.2815001
P0RES018-00098,TWTUSDT,2023-11-09,True,200,94130680.3152
P0RES018-00099,ORDIUSDT,2023-11-09,True,200,1275539826.4326
P0RES018-00098,TWTUSDT,2023-11-06,True,200,238539604.87
P0RES018-00099,ORDIUSDT,2023-11-11,True,200,623714795.1589001
P0RES018-00097,TOKENUSDT,2023-11-09,True,200,45064659.14284
P0RES018-00099,ORDIUSDT,2023-11-07,True,200,769676381.9492999
P0RES018-00098,TWTUSDT,2023-11-04,True,200,17885577.2995
P0RES018-00100,STEEMUSDT,2023-11-08,True,200,55503620.3767
P0RES018-00100,STEEMUSDT,2023-11-09,True,200,127280857.85890001
P0RES018-00100,STEEMUSDT,2023-11-11,True,200,27458366.0583
P0RES018-00099,ORDIUSDT,2023-11-13,True,200,512805756.1104001
P0RES018-00101,BADGERUSDT,2023-11-11,True,200,70057633.95
P0RES018-00101,BADGERUSDT,2023-11-09,True,200,259807608.71300003
P0RES018-00100,STEEMUSDT,2023-11-12,True,200,13575759.364700003
P0RES018-00099,ORDIUSDT,2023-11-12,True,200,757878286.0272
P0RES018-00101,BADGERUSDT,2023-11-12,True,200,36527076.424
P0RES018-00101,BADGERUSDT,2023-11-10,True,200,168776748.67499998
P0RES018-00100,STEEMUSDT,2023-11-14,True,200,75448083.54
P0RES018-00101,BADGERUSDT,2023-11-14,True,200,27820732.067000005
P0RES018-00102,ILVUSDT,2023-11-11,True,200,26451002.710999995
P0RES018-00101,BADGERUSDT,2023-11-15,True,200,21361394.737999998
P0RES018-00101,BADGERUSDT,2023-11-13,True,200,39730412.495
P0RES018-00100,STEEMUSDT,2023-11-13,True,200,27225462.5858
P0RES018-00102,ILVUSDT,2023-11-15,True,200,18915210.28
P0RES018-00102,ILVUSDT,2023-11-16,True,200,19290523.109
P0RES018-00102,ILVUSDT,2023-11-13,True,200,19669297.297
P0RES018-00103,NTRNUSDT,2023-11-17,True,200,48152942.795
P0RES018-00103,NTRNUSDT,2023-11-14,True,200,265303624.9447
P0RES018-00102,ILVUSDT,2023-11-14,True,200,17824712.481
P0RES018-00103,NTRNUSDT,2023-11-18,True,200,30413701.448599998
P0RES018-00102,ILVUSDT,2023-11-12,True,200,13997809.665000001
P0RES018-00104,BEAMXUSDT,2023-11-18,True,200,15880439.23707
P0RES018-00103,NTRNUSDT,2023-11-15,True,200,237743732.38570002
P0RES018-00104,BEAMXUSDT,2023-11-17,True,200,9534023.346917
P0RES018-00103,NTRNUSDT,2023-11-19,True,200,28951717.6612
P0RES018-00103,NTRNUSDT,2023-11-20,True,200,28871495.6015
P0RES018-00103,NTRNUSDT,2023-11-16,True,200,86564077.8386
P0RES018-00100,STEEMUSDT,2023-11-10,True,200,61424822.02069999
P0RES018-00104,BEAMXUSDT,2023-11-19,True,200,31017248.392569
P0RES018-00104,BEAMXUSDT,2023-11-21,True,200,16470555.607942
P0RES018-00104,BEAMXUSDT,2023-11-22,True,200,12701258.774371
P0RES018-00105,KASUSDT,2023-11-18,True,200,150613451.02199
P0RES018-00105,KASUSDT,2023-11-20,True,200,81402162.11535
P0RES018-00105,KASUSDT,2023-11-21,True,200,82903760.14024001
P0RES018-00106,1000BONKUSDT,2023-11-22,True,200,56367827.498747
P0RES018-00105,KASUSDT,2023-11-19,True,200,92460706.62715
P0RES018-00105,KASUSDT,2023-11-22,True,200,65781954.035430014
P0RES018-00106,1000BONKUSDT,2023-11-23,True,200,81589662.784026
P0RES018-00105,KASUSDT,2023-11-17,True,200,77827118.27948
P0RES018-00104,BEAMXUSDT,2023-11-23,True,200,6813793.120975999
P0RES018-00106,1000BONKUSDT,2023-11-24,True,200,69929474.14039399
P0RES018-00105,KASUSDT,2023-11-23,True,200,35229968.87443
P0RES018-00106,1000BONKUSDT,2023-11-25,True,200,56987888.77622701
P0RES018-00106,1000BONKUSDT,2023-11-28,True,200,65529812.2768
P0RES018-00106,1000BONKUSDT,2023-11-26,True,200,34346539.97935099
P0RES018-00102,ILVUSDT,2023-11-10,True,200,20711374.143999998
P0RES018-00107,PYTHUSDT,2023-11-23,True,200,231822969.77180004
P0RES018-00107,PYTHUSDT,2023-11-26,True,200,125080826.4766
P0RES018-00104,BEAMXUSDT,2023-11-20,True,200,33837468.570154995
P0RES018-00107,PYTHUSDT,2023-11-24,True,200,256967397.2619
P0RES018-00107,PYTHUSDT,2023-11-27,True,200,103550892.7285
P0RES018-00107,PYTHUSDT,2023-11-22,True,200,85397120.57779999
P0RES018-00107,PYTHUSDT,2023-11-28,True,200,109170386.87719999
P0RES018-00106,1000BONKUSDT,2023-11-27,True,200,50921420.219278
P0RES018-00107,PYTHUSDT,2023-11-25,True,200,121493421.2049
P0RES018-00108,SUPERUSDT,2023-11-26,True,200,122683439.24649997
P0RES018-00108,SUPERUSDT,2023-11-27,True,200,113532167.1382
P0RES018-00108,SUPERUSDT,2023-12-02,True,200,116107563.51190001
P0RES018-00108,SUPERUSDT,2023-12-01,True,200,37171842.0289
P0RES018-00109,ONGUSDT,2023-11-30,True,200,25401988.061499998
P0RES018-00108,SUPERUSDT,2023-11-30,True,200,45760043.27229998
P0RES018-00109,ONGUSDT,2023-12-01,True,200,18365768.591
P0RES018-00108,SUPERUSDT,2023-11-28,True,200,283346401.1854
P0RES018-00109,ONGUSDT,2023-12-03,True,200,27396716.221200004
P0RES018-00109,ONGUSDT,2023-11-27,True,200,40702395.691999994
P0RES018-00109,ONGUSDT,2023-12-02,True,200,32161213.474300005
P0RES018-00110,USTCUSDT,2023-11-28,True,200,864910248.7363999
P0RES018-00110,USTCUSDT,2023-11-29,True,200,1082723791.9961603
P0RES018-00110,USTCUSDT,2023-11-30,True,200,562843069.75789
P0RES018-00109,ONGUSDT,2023-11-28,True,200,137400348.556
P0RES018-00109,ONGUSDT,2023-11-29,True,200,44894878.06989999
P0RES018-00108,SUPERUSDT,2023-11-29,True,200,119504529.0292
P0RES018-00111,ETHWUSDT,2023-11-29,True,200,23395421.476
P0RES018-00110,USTCUSDT,2023-11-27,True,200,1150049455.4435198
P0RES018-00110,USTCUSDT,2023-12-01,True,200,373112879.13386995
P0RES018-00110,USTCUSDT,2023-12-03,True,200,675195961.3039603
P0RES018-00110,USTCUSDT,2023-12-02,True,200,275646133.72496
P0RES018-00111,ETHWUSDT,2023-11-30,True,200,15760238.061999999
P0RES018-00111,ETHWUSDT,2023-12-01,True,200,11621344.517
P0RES018-00111,ETHWUSDT,2023-12-02,True,200,14835442.925000003
P0RES018-00112,JTOUSDT,2023-12-08,True,200,794356381.0841
P0RES018-00111,ETHWUSDT,2023-12-03,True,200,84865418.51900001
P0RES018-00111,ETHWUSDT,2023-11-28,True,200,18393065.566
P0RES018-00111,ETHWUSDT,2023-12-04,True,200,29734742.757999998
P0RES018-00112,JTOUSDT,2023-12-09,True,200,1609382498.3724
P0RES018-00112,JTOUSDT,2023-12-10,True,200,751228172.392
P0RES018-00112,JTOUSDT,2023-12-12,True,200,541220359.3145
P0RES018-00112,JTOUSDT,2023-12-13,True,200,409487047.0031
P0RES018-00112,JTOUSDT,2023-12-11,True,200,699909025.1838001
P0RES018-00112,JTOUSDT,2023-12-14,True,200,609462800.7039
P0RES018-00113,1000SATSUSDT,2023-12-14,True,200,1242078628.4894757
P0RES018-00113,1000SATSUSDT,2023-12-13,True,200,356933990.607227
P0RES018-00113,1000SATSUSDT,2023-12-12,True,200,320142225.565959
P0RES018-00114,1000RATSUSDT,2023-12-15,True,200,268160055.32274997
P0RES018-00113,1000SATSUSDT,2023-12-15,True,200,1996949532.3602393
P0RES018-00114,1000RATSUSDT,2023-12-17,True,200,311118842.58151
P0RES018-00114,1000RATSUSDT,2023-12-21,True,200,295565464.65961
P0RES018-00114,1000RATSUSDT,2023-12-19,True,200,204730729.71491998
P0RES018-00115,AUCTIONUSDT,2023-12-15,True,200,45688728.6358
P0RES018-00114,1000RATSUSDT,2023-12-18,True,200,281244507.55082
P0RES018-00113,1000SATSUSDT,2023-12-18,True,200,748802999.4572374
P0RES018-00113,1000SATSUSDT,2023-12-17,True,200,569588989.931101
P0RES018-00114,1000RATSUSDT,2023-12-20,True,200,185058544.66685998
P0RES018-00113,1000SATSUSDT,2023-12-16,True,200,841977384.7249106
P0RES018-00115,AUCTIONUSDT,2023-12-17,True,200,233527890.48999995
P0RES018-00115,AUCTIONUSDT,2023-12-18,True,200,177562470.8626
P0RES018-00114,1000RATSUSDT,2023-12-16,True,200,334383891.44208
P0RES018-00115,AUCTIONUSDT,2023-12-19,True,200,587681931.3303002
P0RES018-00115,AUCTIONUSDT,2023-12-20,True,200,312626530.83620006
P0RES018-00115,AUCTIONUSDT,2023-12-21,True,200,213115093.7236
P0RES018-00115,AUCTIONUSDT,2023-12-16,True,200,84729600.32440002
P0RES018-00116,ACEUSDT,2023-12-21,True,200,890112702.8665322
P0RES018-00116,ACEUSDT,2023-12-22,True,200,415031561.9913939
P0RES018-00117,MOVRUSDT,2023-12-27,True,200,95006698.64799
P0RES018-00116,ACEUSDT,2023-12-24,True,200,160378063.063777
P0RES018-00116,ACEUSDT,2023-12-23,True,200,249197051.21749404
P0RES018-00117,MOVRUSDT,2023-12-29,True,200,567855980.14518
P0RES018-00117,MOVRUSDT,2023-12-26,True,200,48847089.98192
P0RES018-00117,MOVRUSDT,2023-12-28,True,200,77620030.25584999
P0RES018-00116,ACEUSDT,2023-12-20,True,200,345842648.2136121
P0RES018-00116,ACEUSDT,2023-12-19,True,200,492398219.15806997
P0RES018-00117,MOVRUSDT,2023-12-30,True,200,217575348.39060003
P0RES018-00118,NFPUSDT,2023-12-27,True,200,162073545.81956
P0RES018-00118,NFPUSDT,2023-12-29,True,200,339905736.79748
P0RES018-00119,AIUSDT,2024-01-08,True,200,58412916.68333001
P0RES018-00118,NFPUSDT,2023-12-30,True,200,145895446.37923
P0RES018-00119,AIUSDT,2024-01-09,True,200,135638015.40588
P0RES018-00118,NFPUSDT,2024-01-01,True,200,152117879.34089002
P0RES018-00118,NFPUSDT,2023-12-31,True,200,243232167.50028002
P0RES018-00118,NFPUSDT,2023-12-28,True,200,287230026.1317899
P0RES018-00119,AIUSDT,2024-01-10,True,200,144751887.31079
P0RES018-00119,AIUSDT,2024-01-12,True,200,67697204.85948
P0RES018-00117,MOVRUSDT,2024-01-01,True,200,59888217.9484
P0RES018-00118,NFPUSDT,2024-01-02,True,200,145746200.33913
P0RES018-00117,MOVRUSDT,2023-12-31,True,200,98288453.70576002
P0RES018-00119,AIUSDT,2024-01-14,True,200,237412205.94517002
P0RES018-00119,AIUSDT,2024-01-11,True,200,135004747.98236004
P0RES018-00119,AIUSDT,2024-01-13,True,200,48547605.084290005
P0RES018-00120,XAIUSDT,2024-01-09,True,200,139980799.71719998
P0RES018-00120,XAIUSDT,2024-01-13,True,200,152745375.61119998
P0RES018-00116,ACEUSDT,2023-12-18,True,200,720237159.4042809
P0RES018-00120,XAIUSDT,2024-01-14,True,200,1029288133.7965
P0RES018-00121,MANTAUSDT,2024-01-18,True,200,380838815.78161
P0RES018-00121,MANTAUSDT,2024-01-19,True,200,695207594.76627
P0RES018-00120,XAIUSDT,2024-01-15,True,200,1606971676.2327
P0RES018-00120,XAIUSDT,2024-01-11,True,200,375845290.0134
P0RES018-00120,XAIUSDT,2024-01-12,True,200,155270430.7331
P0RES018-00121,MANTAUSDT,2024-01-21,True,200,879806405.8088499
P0RES018-00120,XAIUSDT,2024-01-10,True,200,269500008.3705
P0RES018-00121,MANTAUSDT,2024-01-22,True,200,679572106.3402798
P0RES018-00121,MANTAUSDT,2024-01-20,True,200,245684516.09258002
P0RES018-00121,MANTAUSDT,2024-01-23,True,200,499739970.58173
P0RES018-00121,MANTAUSDT,2024-01-24,True,200,1052284958.2555001
P0RES018-00122,WIFUSDT,2024-01-19,True,200,79413099.94277
P0RES018-00122,WIFUSDT,2024-01-18,True,200,62782183.99549
P0RES018-00122,WIFUSDT,2024-01-23,True,200,125826205.98205999
P0RES018-00122,WIFUSDT,2024-01-22,True,200,118985640.29711002
P0RES018-00122,WIFUSDT,2024-01-24,True,200,457306203.56717
P0RES018-00123,ONDOUSDT,2024-01-20,True,200,26108701.5015
P0RES018-00123,ONDOUSDT,2024-01-21,True,200,280138384.3445
P0RES018-00123,ONDOUSDT,2024-01-23,True,200,223370410.15996
P0RES018-00123,ONDOUSDT,2024-01-25,True,200,159334604.3289
P0RES018-00123,ONDOUSDT,2024-01-22,True,200,410940938.72584
P0RES018-00123,ONDOUSDT,2024-01-26,True,200,120909051.77685
P0RES018-00123,ONDOUSDT,2024-01-24,True,200,158405884.67767003
P0RES018-00124,ALTUSDT,2024-01-25,True,200,404200035.65919995
P0RES018-00122,WIFUSDT,2024-01-21,True,200,56685141.35399
P0RES018-00122,WIFUSDT,2024-01-20,True,200,31787520.544299997
P0RES018-00124,ALTUSDT,2024-01-26,True,200,624053912.9924998
P0RES018-00124,ALTUSDT,2024-01-27,True,200,791170279.27137
P0RES018-00124,ALTUSDT,2024-01-28,True,200,749269359.4492201
P0RES018-00124,ALTUSDT,2024-01-30,True,200,387260890.23986006
P0RES018-00125,LSKUSDT,2024-01-28,True,200,134806171.718
P0RES018-00124,ALTUSDT,2024-01-29,True,200,495329211.1800501
P0RES018-00125,LSKUSDT,2024-01-25,True,200,14459159.262000002
P0RES018-00124,ALTUSDT,2024-01-31,True,200,506027767.51101995
P0RES018-00125,LSKUSDT,2024-01-26,True,200,31213282.641
P0RES018-00125,LSKUSDT,2024-01-31,True,200,40245192.56999999
P0RES018-00125,LSKUSDT,2024-01-29,True,200,186010473.12800005
P0RES018-00125,LSKUSDT,2024-01-27,True,200,12826943.808
P0RES018-00126,JUPUSDT,2024-02-01,True,200,471477162.3838
P0RES018-00126,JUPUSDT,2024-02-03,True,200,222344572.0094
P0RES018-00125,LSKUSDT,2024-01-30,True,200,58760900.17499999
P0RES018-00126,JUPUSDT,2024-01-31,True,200,113598395.0869
P0RES018-00126,JUPUSDT,2024-02-02,True,200,371073571.93230003
P0RES018-00126,JUPUSDT,2024-02-04,True,200,199112527.80070004
P0RES018-00126,JUPUSDT,2024-02-05,True,200,180337054.57280004
P0RES018-00127,ZETAUSDT,2024-02-02,True,200,127058232.27990001
P0RES018-00127,ZETAUSDT,2024-02-03,True,200,179506619.05889997
P0RES018-00126,JUPUSDT,2024-02-06,True,200,135599682.62080002
P0RES018-00127,ZETAUSDT,2024-02-08,True,200,75309679.6805
P0RES018-00128,RONINUSDT,2024-02-07,True,200,55022840.936600015
P0RES018-00127,ZETAUSDT,2024-02-04,True,200,117177413.38480002
P0RES018-00127,ZETAUSDT,2024-02-05,True,200,176242034.09010002
P0RES018-00128,RONINUSDT,2024-02-06,True,200,58386934.20599999
P0RES018-00127,ZETAUSDT,2024-02-07,True,200,98704291.2265
P0RES018-00128,RONINUSDT,2024-02-09,True,200,40033881.73939999
P0RES018-00128,RONINUSDT,2024-02-08,True,200,34633869.5738
P0RES018-00127,ZETAUSDT,2024-02-06,True,200,110263438.38459998
P0RES018-00128,RONINUSDT,2024-02-10,True,200,47553686.833100006
P0RES018-00128,RONINUSDT,2024-02-12,True,200,17870883.105100002
P0RES018-00128,RONINUSDT,2024-02-11,True,200,37220992.4511
P0RES018-00129,DYMUSDT,2024-02-08,True,200,1134488121.7846
P0RES018-00129,DYMUSDT,2024-02-07,True,200,353281892.5187
P0RES018-00129,DYMUSDT,2024-02-09,True,200,916629238.9474
P0RES018-00129,DYMUSDT,2024-02-10,True,200,335589882.60919994
P0RES018-00129,DYMUSDT,2024-02-13,True,200,204987566.14389998
P0RES018-00129,DYMUSDT,2024-02-12,True,200,234447941.2981
P0RES018-00130,OMUSDT,2024-02-15,True,200,24393773.679119006
P0RES018-00130,OMUSDT,2024-02-14,True,200,26766641.616166003
P0RES018-00129,DYMUSDT,2024-02-11,True,200,234604259.10350004
P0RES018-00130,OMUSDT,2024-02-17,True,200,38921095.206293
P0RES018-00131,PIXELUSDT,2024-02-19,True,200,698602997.1021
P0RES018-00130,OMUSDT,2024-02-18,True,200,24094072.064984996
P0RES018-00130,OMUSDT,2024-02-16,True,200,27315183.027236
P0RES018-00130,OMUSDT,2024-02-19,True,200,26231528.667322006
P0RES018-00131,PIXELUSDT,2024-02-21,True,200,263687584.60099995
P0RES018-00131,PIXELUSDT,2024-02-22,True,200,247919090.97500002
P0RES018-00131,PIXELUSDT,2024-02-25,True,200,195166759.44169998
P0RES018-00131,PIXELUSDT,2024-02-23,True,200,177271016.6471
P0RES018-00132,STRKUSDT,2024-02-21,True,200,658516973.4866
P0RES018-00132,STRKUSDT,2024-02-20,True,200,219471243.98355
P0RES018-00132,STRKUSDT,2024-02-25,True,200,113267794.47246005
P0RES018-00132,STRKUSDT,2024-02-24,True,200,143416837.12924996
P0RES018-00131,PIXELUSDT,2024-02-20,True,200,660876441.4793999
P0RES018-00132,STRKUSDT,2024-02-22,True,200,397174166.38487995
P0RES018-00133,GLMUSDT,2024-02-23,True,200,14994788.802000001
P0RES018-00131,PIXELUSDT,2024-02-24,True,200,95095212.94990002
P0RES018-00133,GLMUSDT,2024-02-26,True,200,55112253.38700001
P0RES018-00132,STRKUSDT,2024-02-23,True,200,526081065.16485983
P0RES018-00133,GLMUSDT,2024-02-28,True,200,29066463.7835
P0RES018-00133,GLMUSDT,2024-02-24,True,200,13334305.241300004
P0RES018-00132,STRKUSDT,2024-02-26,True,200,161631190.18223003
P0RES018-00133,GLMUSDT,2024-02-27,True,200,19872095.312199995
P0RES018-00133,GLMUSDT,2024-02-25,True,200,91978489.64019996
P0RES018-00134,PORTALUSDT,2024-03-01,True,200,196076266.97967
P0RES018-00134,PORTALUSDT,2024-03-02,True,200,119673522.22988
P0RES018-00134,PORTALUSDT,2024-03-03,True,200,162316176.76145998
P0RES018-00134,PORTALUSDT,2024-03-04,True,200,85655417.93396997
P0RES018-00134,PORTALUSDT,2024-03-05,True,200,101919723.95141
P0RES018-00133,GLMUSDT,2024-02-22,True,200,11530113.018199999
P0RES018-00134,PORTALUSDT,2024-03-06,True,200,53993589.908620015
P0RES018-00134,PORTALUSDT,2024-02-29,True,200,113477055.9736
P0RES018-00135,AXLUSDT,2024-03-01,True,200,21419754.64555
P0RES018-00130,OMUSDT,2024-02-13,True,200,15970787.215032
P0RES018-00135,AXLUSDT,2024-03-04,True,200,59038031.25953999
P0RES018-00135,AXLUSDT,2024-03-02,True,200,35170412.048769996
P0RES018-00135,AXLUSDT,2024-03-06,True,200,19437061.863319997
P0RES018-00135,AXLUSDT,2024-03-03,True,200,189782910.6996
P0RES018-00135,AXLUSDT,2024-03-07,True,200,24205898.576309994
P0RES018-00135,AXLUSDT,2024-03-05,True,200,41329407.111279994
P0RES018-00136,TONUSDT,2024-03-01,True,200,24350229.146099996
P0RES018-00136,TONUSDT,2024-03-04,True,200,18329127.697200004
P0RES018-00136,TONUSDT,2024-03-03,True,200,17351685.733810004
P0RES018-00136,TONUSDT,2024-03-02,True,200,19162330.218009997
P0RES018-00136,TONUSDT,2024-03-07,True,200,12255293.47107
P0RES018-00136,TONUSDT,2024-03-05,True,200,24961662.73102
P0RES018-00136,TONUSDT,2024-03-06,True,200,22995580.956420004
P0RES018-00137,1000PEPEUSDC,2024-03-07,True,200,5270156.695451801
P0RES018-00137,1000PEPEUSDC,2024-03-09,True,200,28308770.427107792
P0RES018-00137,1000PEPEUSDC,2024-03-08,True,200,34626883.3342888
P0RES018-00138,MYROUSDT,2024-03-05,True,200,286208163.32996994
P0RES018-00137,1000PEPEUSDC,2024-03-10,True,200,20619411.957404904
P0RES018-00137,1000PEPEUSDC,2024-03-11,True,200,19450237.9654045
P0RES018-00138,MYROUSDT,2024-03-08,True,200,330346648.7599
P0RES018-00138,MYROUSDT,2024-03-10,True,200,142388936.10984004
P0RES018-00138,MYROUSDT,2024-03-07,True,200,151610348.57413
P0RES018-00138,MYROUSDT,2024-03-06,True,200,379552759.01620996
P0RES018-00138,MYROUSDT,2024-03-09,True,200,180029492.23534
P0RES018-00138,MYROUSDT,2024-03-11,True,200,132285255.41645999
P0RES018-00139,METISUSDT,2024-03-12,True,200,31689493.247999992
P0RES018-00139,METISUSDT,2024-03-17,True,200,22124892.968399998
P0RES018-00139,METISUSDT,2024-03-13,True,200,38135230.29289999
P0RES018-00137,1000PEPEUSDC,2024-03-05,False,curl_exit_56,
P0RES018-00139,METISUSDT,2024-03-18,True,200,21803981.675699998
P0RES018-00139,METISUSDT,2024-03-15,True,200,39043780.8689
P0RES018-00139,METISUSDT,2024-03-14,True,200,32660110.3011
P0RES018-00139,METISUSDT,2024-03-16,True,200,30108170.6633
P0RES018-00137,1000PEPEUSDC,2024-03-06,False,curl_exit_56,
P0RES018-00140,WLDUSDC,2024-03-15,True,200,9904159.213450002
P0RES018-00140,WLDUSDC,2024-03-16,True,200,8334745.362610001
P0RES018-00140,WLDUSDC,2024-03-18,True,200,10859891.52412
P0RES018-00140,WLDUSDC,2024-03-14,True,200,3828059.2101999996
P0RES018-00141,AEVOUSDT,2024-03-13,True,200,218763831.84300002
P0RES018-00140,WLDUSDC,2024-03-17,True,200,9632158.46305
P0RES018-00141,AEVOUSDT,2024-03-17,True,200,79605440.94700001
P0RES018-00141,AEVOUSDT,2024-03-18,True,200,171945369.364
P0RES018-00141,AEVOUSDT,2024-03-14,True,200,228934732.993
P0RES018-00141,AEVOUSDT,2024-03-15,True,200,156889115.00699997
P0RES018-00141,AEVOUSDT,2024-03-16,True,200,156773156.26999998
P0RES018-00141,AEVOUSDT,2024-03-19,True,200,210326207.9784
P0RES018-00142,VANRYUSDT,2024-03-13,True,200,24098399.70154
P0RES018-00142,VANRYUSDT,2024-03-14,True,200,131435134.59301999
P0RES018-00142,VANRYUSDT,2024-03-16,True,200,93519432.24325003
P0RES018-00140,WLDUSDC,2024-03-12,False,curl_exit_56,
P0RES018-00142,VANRYUSDT,2024-03-17,True,200,91846780.40624
P0RES018-00142,VANRYUSDT,2024-03-18,True,200,107372392.13392
P0RES018-00142,VANRYUSDT,2024-03-15,True,200,96862056.00886002
P0RES018-00140,WLDUSDC,2024-03-13,False,curl_exit_56,
P0RES018-00143,BOMEUSDT,2024-03-16,True,200,1656253344.7342958
P0RES018-00142,VANRYUSDT,2024-03-19,True,200,130500066.19848001
P0RES018-00143,BOMEUSDT,2024-03-18,True,200,2319227151.7909594
P0RES018-00144,ETHFIUSDT,2024-03-18,True,200,89429411.4673
P0RES018-00143,BOMEUSDT,2024-03-20,True,200,1617372442.626403
P0RES018-00143,BOMEUSDT,2024-03-17,True,200,2078439237.5381532
P0RES018-00143,BOMEUSDT,2024-03-19,True,200,2611097776.3337946
P0RES018-00144,ETHFIUSDT,2024-03-20,True,200,505843713.3411001
P0RES018-00143,BOMEUSDT,2024-03-22,True,200,2034842398.881255
P0RES018-00143,BOMEUSDT,2024-03-21,True,200,1551358219.2281718
P0RES018-00144,ETHFIUSDT,2024-03-19,True,200,183400532.33459997
P0RES018-00144,ETHFIUSDT,2024-03-24,True,200,156771973.20229998
P0RES018-00144,ETHFIUSDT,2024-03-23,True,200,246074874.12199998
P0RES018-00145,ENAUSDT,2024-04-03,True,200,2189885323.657
P0RES018-00145,ENAUSDT,2024-04-02,True,200,628701439.352
P0RES018-00145,ENAUSDT,2024-04-04,True,200,1658799220.932
P0RES018-00144,ETHFIUSDT,2024-03-22,True,200,206265021.8565
P0RES018-00144,ETHFIUSDT,2024-03-21,True,200,357924905.8352
P0RES018-00145,ENAUSDT,2024-04-07,True,200,1306880605.7910001
P0RES018-00146,WUSDT,2024-04-03,True,200,301188634.8786
P0RES018-00146,WUSDT,2024-04-06,True,200,450751044.45049995
P0RES018-00146,WUSDT,2024-04-05,True,200,399633620.9845
P0RES018-00145,ENAUSDT,2024-04-08,True,200,1525236303.6470003
P0RES018-00145,ENAUSDT,2024-04-05,True,200,1319147953.9739997
P0RES018-00145,ENAUSDT,2024-04-06,True,200,1334519191.9339998
P0RES018-00146,WUSDT,2024-04-04,True,200,580369454.9255999
P0RES018-00146,WUSDT,2024-04-08,True,200,254962617.28550002
P0RES018-00146,WUSDT,2024-04-07,True,200,241983454.848
P0RES018-00146,WUSDT,2024-04-09,True,200,349608496.3275999
P0RES018-00147,TNSRUSDT,2024-04-09,True,200,735502974.3418
P0RES018-00147,TNSRUSDT,2024-04-11,True,200,211085722.4923
P0RES018-00147,TNSRUSDT,2024-04-10,True,200,234737193.04320002
P0RES018-00147,TNSRUSDT,2024-04-08,True,200,170515798.7714
P0RES018-00147,TNSRUSDT,2024-04-12,True,200,256270630.4642
P0RES018-00148,SAGAUSDT,2024-04-13,True,200,390508396.91862
P0RES018-00148,SAGAUSDT,2024-04-12,True,200,454225425.7306101
P0RES018-00147,TNSRUSDT,2024-04-13,True,200,207564751.69320002
P0RES018-00148,SAGAUSDT,2024-04-11,True,200,443580320.38781
P0RES018-00147,TNSRUSDT,2024-04-14,True,200,160088738.0258
P0RES018-00148,SAGAUSDT,2024-04-10,True,200,606808334.3843501
P0RES018-00148,SAGAUSDT,2024-04-14,True,200,318301922.76183003
P0RES018-00148,SAGAUSDT,2024-04-15,True,200,196655376.19288996
P0RES018-00148,SAGAUSDT,2024-04-09,True,200,909880035.5298998
P0RES018-00149,TAOUSDT,2024-04-12,True,200,252383089.37028
P0RES018-00149,TAOUSDT,2024-04-15,True,200,105000043.55586
P0RES018-00149,TAOUSDT,2024-04-13,True,200,122305697.01259999
P0RES018-00149,TAOUSDT,2024-04-14,True,200,229745601.04330003
P0RES018-00149,TAOUSDT,2024-04-11,True,200,121324793.64582002
P0RES018-00149,TAOUSDT,2024-04-16,True,200,103909965.40222
P0RES018-00150,OMNIUSDT,2024-04-19,True,200,241574094.51880005
P0RES018-00150,OMNIUSDT,2024-04-17,True,200,242288622.9034
P0RES018-00149,TAOUSDT,2024-04-17,True,200,83411573.52058
P0RES018-00150,OMNIUSDT,2024-04-18,True,200,474269231.79
P0RES018-00150,OMNIUSDT,2024-04-20,True,200,183132992.15159997
P0RES018-00151,REZUSDT,2024-04-30,True,200,222787572.57740003
P0RES018-00150,OMNIUSDT,2024-04-22,True,200,112422118.38069999
P0RES018-00150,OMNIUSDT,2024-04-21,True,200,146919508.54449996
P0RES018-00150,OMNIUSDT,2024-04-23,True,200,104948344.92790005
P0RES018-00151,REZUSDT,2024-05-02,True,200,154607597.88309997
P0RES018-00151,REZUSDT,2024-05-03,True,200,299975914.55079997
P0RES018-00151,REZUSDT,2024-05-05,True,200,166220363.27760002
P0RES018-00151,REZUSDT,2024-05-06,True,200,139672486.40189996
P0RES018-00151,REZUSDT,2024-05-01,True,200,338196068.22389996
P0RES018-00152,BBUSDT,2024-05-13,True,200,276867508.3588
P0RES018-00152,BBUSDT,2024-05-15,True,200,305583512.3305
P0RES018-00151,REZUSDT,2024-05-04,True,200,395470750.78169996
P0RES018-00152,BBUSDT,2024-05-14,True,200,416723949.3124
P0RES018-00152,BBUSDT,2024-05-16,True,200,239897649.14979994
P0RES018-00152,BBUSDT,2024-05-17,True,200,157318157.55819997
P0RES018-00152,BBUSDT,2024-05-18,True,200,133194652.36379999
P0RES018-00153,NOTUSDT,2024-05-16,True,200,651822600.8781259
P0RES018-00153,NOTUSDT,2024-05-17,True,200,777088063.9491732
P0RES018-00153,NOTUSDT,2024-05-18,True,200,307907317.794104
P0RES018-00152,BBUSDT,2024-05-19,True,200,108056808.21069998
P0RES018-00153,NOTUSDT,2024-05-19,True,200,404168259.075338
P0RES018-00153,NOTUSDT,2024-05-21,True,200,363525403.8107739
P0RES018-00153,NOTUSDT,2024-05-22,True,200,214919668.622212
P0RES018-00154,TURBOUSDT,2024-06-01,True,200,141285439.76560998
P0RES018-00154,TURBOUSDT,2024-05-31,True,200,271529769.80115396
P0RES018-00154,TURBOUSDT,2024-06-05,True,200,74527915.081395
P0RES018-00153,NOTUSDT,2024-05-20,True,200,427170682.527785
P0RES018-00154,TURBOUSDT,2024-06-04,True,200,102019961.241387
P0RES018-00154,TURBOUSDT,2024-06-03,True,200,76553600.09519
P0RES018-00155,IOUSDT,2024-06-12,True,200,2638582292.0438995
P0RES018-00154,TURBOUSDT,2024-05-30,True,200,22695747.277801003
P0RES018-00155,IOUSDT,2024-06-13,True,200,2159386397.8585997
P0RES018-00155,IOUSDT,2024-06-16,True,200,927212689.3987
P0RES018-00155,IOUSDT,2024-06-15,True,200,839665293.4579
P0RES018-00155,IOUSDT,2024-06-11,True,200,800614989.1041001
P0RES018-00154,TURBOUSDT,2024-06-02,True,200,113505285.53202198
P0RES018-00156,MEWUSDT,2024-06-18,True,200,199823920.442045
P0RES018-00156,MEWUSDT,2024-06-17,True,200,111737028.942253
P0RES018-00155,IOUSDT,2024-06-17,True,200,826834326.0716002
P0RES018-00156,MEWUSDT,2024-06-20,True,200,79411524.33140598
P0RES018-00156,MEWUSDT,2024-06-22,True,200,42955456.177669
P0RES018-00157,ZKUSDT,2024-06-17,True,200,498443391.6782001
P0RES018-00156,MEWUSDT,2024-06-21,True,200,36672906.567179
P0RES018-00155,IOUSDT,2024-06-14,True,200,1366170090.1924
P0RES018-00156,MEWUSDT,2024-06-23,True,200,35271506.872141995
P0RES018-00157,ZKUSDT,2024-06-19,True,200,500196483.4785
P0RES018-00156,MEWUSDT,2024-06-19,True,200,93812838.725267
P0RES018-00158,LISTAUSDT,2024-06-21,True,200,861647898.3597002
P0RES018-00157,ZKUSDT,2024-06-18,True,200,720390582.4533999
P0RES018-00158,LISTAUSDT,2024-06-20,True,200,207035681.14739996
P0RES018-00157,ZKUSDT,2024-06-22,True,200,135365751.43129998
P0RES018-00158,LISTAUSDT,2024-06-22,True,200,505735362.92520005
P0RES018-00157,ZKUSDT,2024-06-23,True,200,115158300.62540002
P0RES018-00158,LISTAUSDT,2024-06-24,True,200,485546194.645
P0RES018-00157,ZKUSDT,2024-06-20,True,200,306545712.61270005
P0RES018-00157,ZKUSDT,2024-06-21,True,200,216154084.43199995
P0RES018-00158,LISTAUSDT,2024-06-26,True,200,491491679.11350006
P0RES018-00159,ZROUSDT,2024-06-20,True,200,194523730.9403
P0RES018-00159,ZROUSDT,2024-06-21,True,200,312281085.0728
P0RES018-00158,LISTAUSDT,2024-06-25,True,200,701867820.2105998
P0RES018-00159,ZROUSDT,2024-06-23,True,200,206798235.7527
P0RES018-00159,ZROUSDT,2024-06-22,True,200,323760275.9766
P0RES018-00158,LISTAUSDT,2024-06-23,True,200,239489862.02870002
P0RES018-00159,ZROUSDT,2024-06-25,True,200,119725482.0169
P0RES018-00159,ZROUSDT,2024-06-26,True,200,103850570.40570001
P0RES018-00159,ZROUSDT,2024-06-24,True,200,197250962.27549997
P0RES018-00160,RENDERUSDT,2024-07-27,True,200,28056462.625100005
P0RES018-00160,RENDERUSDT,2024-07-29,True,200,22939480.2395
P0RES018-00160,RENDERUSDT,2024-07-26,True,200,27232290.9419
P0RES018-00160,RENDERUSDT,2024-07-28,True,200,16078915.1939
P0RES018-00160,RENDERUSDT,2024-07-30,True,200,17739057.777400002
P0RES018-00161,BANANAUSDT,2024-08-15,True,200,108540495.98739998
P0RES018-00160,RENDERUSDT,2024-08-01,True,200,41679280.0393
P0RES018-00161,BANANAUSDT,2024-08-19,True,200,85711715.6926
P0RES018-00161,BANANAUSDT,2024-08-16,True,200,119978701.7161
P0RES018-00160,RENDERUSDT,2024-07-31,True,200,23549792.706800003
P0RES018-00161,BANANAUSDT,2024-08-18,True,200,199572093.31830004
P0RES018-00161,BANANAUSDT,2024-08-17,True,200,368787939.96089995
P0RES018-00161,BANANAUSDT,2024-08-20,True,200,57634408.527799994
P0RES018-00162,GUSDT,2024-08-15,True,200,7503348.74673
P0RES018-00162,GUSDT,2024-08-16,True,200,26401529.134010002
P0RES018-00161,BANANAUSDT,2024-08-21,True,200,68308644.66160001
P0RES018-00162,GUSDT,2024-08-19,True,200,22957358.290319994
P0RES018-00162,GUSDT,2024-08-18,True,200,45304344.70261
P0RES018-00162,GUSDT,2024-08-17,True,200,87264273.53806001
P0RES018-00163,RAREUSDT,2024-08-15,True,200,184776036.4963
P0RES018-00163,RAREUSDT,2024-08-17,True,200,2660532230.5982
P0RES018-00163,RAREUSDT,2024-08-18,True,200,2768338826.3346996
P0RES018-00162,GUSDT,2024-08-21,True,200,15123671.39971
P0RES018-00162,GUSDT,2024-08-20,True,200,23665927.925049998
P0RES018-00163,RAREUSDT,2024-08-19,True,200,1388151385.8793998
P0RES018-00163,RAREUSDT,2024-08-20,True,200,1318901145.6190996
P0RES018-00163,RAREUSDT,2024-08-16,True,200,1038974777.9005
P0RES018-00164,SYNUSDT,2024-08-16,True,200,137654997.519
P0RES018-00163,RAREUSDT,2024-08-21,True,200,1588446805.7879999
P0RES018-00164,SYNUSDT,2024-08-19,True,200,108117209.06520002
P0RES018-00164,SYNUSDT,2024-08-17,True,200,350102045.8045
P0RES018-00164,SYNUSDT,2024-08-21,True,200,84475480.48020001
P0RES018-00164,SYNUSDT,2024-08-22,True,200,60570549.83619999
P0RES018-00164,SYNUSDT,2024-08-18,True,200,234107287.57399997
P0RES018-00164,SYNUSDT,2024-08-20,True,200,99403186.1002
P0RES018-00165,SYSUSDT,2024-08-19,True,200,322975171.40699995
P0RES018-00165,SYSUSDT,2024-08-20,True,200,344705010.1856
P0RES018-00165,SYSUSDT,2024-08-23,True,200,60358785.22019999
P0RES018-00165,SYSUSDT,2024-08-22,True,200,66478171.2293
P0RES018-00165,SYSUSDT,2024-08-21,True,200,111273224.7998
P0RES018-00165,SYSUSDT,2024-08-25,True,200,45820661.7052
P0RES018-00166,BRETTUSDT,2024-08-22,True,200,36016045.9115
P0RES018-00166,BRETTUSDT,2024-08-21,True,200,45908799.28634
P0RES018-00165,SYSUSDT,2024-08-24,True,200,49111597.778900005
P0RES018-00166,BRETTUSDT,2024-08-24,True,200,19784591.676749997
P0RES018-00167,VOXELUSDT,2024-08-20,True,200,154272652.33820003
P0RES018-00166,BRETTUSDT,2024-08-26,True,200,13722683.234900001
P0RES018-00167,VOXELUSDT,2024-08-21,True,200,155407744.50489998
P0RES018-00166,BRETTUSDT,2024-08-23,True,200,28444902.365020003
P0RES018-00166,BRETTUSDT,2024-08-25,True,200,13184561.33174
P0RES018-00167,VOXELUSDT,2024-08-22,True,200,62467952.210099995
P0RES018-00167,VOXELUSDT,2024-08-24,True,200,62020426.83329999
P0RES018-00166,BRETTUSDT,2024-08-20,True,200,46902895.96482999
P0RES018-00167,VOXELUSDT,2024-08-23,True,200,96423332.0567
P0RES018-00168,ALPACAUSDT,2024-08-22,True,200,236236749.94065
P0RES018-00167,VOXELUSDT,2024-08-25,True,200,79258414.63129999
P0RES018-00168,ALPACAUSDT,2024-08-24,True,200,332566563.23137003
P0RES018-00167,VOXELUSDT,2024-08-26,True,200,369354230.83230007
P0RES018-00168,ALPACAUSDT,2024-08-25,True,200,313766812.52720994
P0RES018-00168,ALPACAUSDT,2024-08-23,True,200,547056214.3966299
P0RES018-00168,ALPACAUSDT,2024-08-28,True,200,78716387.64163998
P0RES018-00169,POPCATUSDT,2024-08-22,True,200,34745174.4266
P0RES018-00168,ALPACAUSDT,2024-08-26,True,200,129690915.9688
P0RES018-00169,POPCATUSDT,2024-08-23,True,200,169870545.0848
P0RES018-00169,POPCATUSDT,2024-08-26,True,200,103984463.7871
P0RES018-00169,POPCATUSDT,2024-08-25,True,200,104155089.0247
P0RES018-00169,POPCATUSDT,2024-08-28,True,200,161267492.4798
P0RES018-00170,SUNUSDT,2024-08-22,True,200,168688542.44864297
P0RES018-00170,SUNUSDT,2024-08-24,True,200,1158809065.3126092
P0RES018-00170,SUNUSDT,2024-08-25,True,200,1000240524.2244029
P0RES018-00170,SUNUSDT,2024-08-23,True,200,813939970.345732
P0RES018-00170,SUNUSDT,2024-08-26,True,200,537325823.344686
P0RES018-00168,ALPACAUSDT,2024-08-27,True,200,132230982.15403003
P0RES018-00170,SUNUSDT,2024-08-27,True,200,623212026.472239
P0RES018-00170,SUNUSDT,2024-08-28,True,200,482714408.69023
P0RES018-00169,POPCATUSDT,2024-08-24,True,200,137027223.49749997
P0RES018-00171,VIDTUSDT,2024-08-25,True,200,201519876.68729997
P0RES018-00171,VIDTUSDT,2024-08-27,True,200,208653736.51787996
P0RES018-00171,VIDTUSDT,2024-08-24,True,200,142007488.25832
P0RES018-00171,VIDTUSDT,2024-08-28,True,200,236282315.76759
P0RES018-00172,DOGSUSDT,2024-08-26,True,200,984537695.1199737
P0RES018-00171,VIDTUSDT,2024-08-29,True,200,346767389.8819501
P0RES018-00172,DOGSUSDT,2024-08-27,True,200,1132740328.3801618
P0RES018-00171,VIDTUSDT,2024-08-26,True,200,209314214.20373
P0RES018-00171,VIDTUSDT,2024-08-23,True,200,93388449.42186
P0RES018-00172,DOGSUSDT,2024-08-30,True,200,747717055.2186024
P0RES018-00172,DOGSUSDT,2024-08-29,True,200,1211162732.6560616
P0RES018-00172,DOGSUSDT,2024-08-31,True,200,523003486.835441
P0RES018-00173,NULSUSDT,2024-08-26,True,200,146548345.1861
P0RES018-00173,NULSUSDT,2024-08-30,True,200,40216808.85270001
P0RES018-00173,NULSUSDT,2024-08-31,True,200,42549689.258200005
P0RES018-00172,DOGSUSDT,2024-08-28,True,200,2305424120.074768
P0RES018-00174,MBOXUSDT,2024-08-28,True,200,70249640.38329999
P0RES018-00173,NULSUSDT,2024-08-27,True,200,96936183.27709998
P0RES018-00173,NULSUSDT,2024-09-01,True,200,163081835.35270002
P0RES018-00173,NULSUSDT,2024-08-28,True,200,44053194.372700006
P0RES018-00173,NULSUSDT,2024-08-29,True,200,40785008.61129999
P0RES018-00174,MBOXUSDT,2024-08-29,True,200,126959944.35170001
P0RES018-00174,MBOXUSDT,2024-08-30,True,200,42058146.175999984
P0RES018-00169,POPCATUSDT,2024-08-27,True,200,103624130.7569
P0RES018-00174,MBOXUSDT,2024-09-01,True,200,16797873.7894
P0RES018-00172,DOGSUSDT,2024-09-01,True,200,549183533.0530652
P0RES018-00175,CHESSUSDT,2024-08-30,True,200,67208559.2427
P0RES018-00174,MBOXUSDT,2024-09-03,True,200,16273612.6568
P0RES018-00175,CHESSUSDT,2024-08-29,True,200,96904458.4314
P0RES018-00175,CHESSUSDT,2024-08-31,True,200,32071775.943600003
P0RES018-00175,CHESSUSDT,2024-09-03,True,200,26570596.0528
P0RES018-00175,CHESSUSDT,2024-09-04,True,200,30211547.650000006
P0RES018-00175,CHESSUSDT,2024-09-02,True,200,27523231.8794
P0RES018-00176,FLUXUSDT,2024-09-05,True,200,24587121.160999995
P0RES018-00175,CHESSUSDT,2024-09-01,True,200,29723513.112000007
P0RES018-00174,MBOXUSDT,2024-08-31,True,200,12877604.335099997
P0RES018-00174,MBOXUSDT,2024-09-02,True,200,18467422.18
P0RES018-00176,FLUXUSDT,2024-09-08,True,200,28272016.0296
P0RES018-00176,FLUXUSDT,2024-09-06,True,200,18681420.326
P0RES018-00176,FLUXUSDT,2024-09-03,True,200,70012470.5405
P0RES018-00176,FLUXUSDT,2024-09-07,True,200,6906337.5565
P0RES018-00176,FLUXUSDT,2024-09-04,True,200,53245656.7969
P0RES018-00176,FLUXUSDT,2024-09-09,True,200,16195350.671700003
P0RES018-00177,BSWUSDT,2024-09-05,True,200,31670714.739900004
P0RES018-00177,BSWUSDT,2024-09-07,True,200,6171559.50032
P0RES018-00177,BSWUSDT,2024-09-06,True,200,16880718.36715
P0RES018-00178,NEIROETHUSDT,2024-09-08,True,200,456015193.48190004
P0RES018-00178,NEIROETHUSDT,2024-09-12,True,200,318668450.16630006
P0RES018-00178,NEIROETHUSDT,2024-09-11,True,200,463042196.29200006
P0RES018-00179,QUICKUSDT,2024-09-07,True,200,34254643.02724001
P0RES018-00177,BSWUSDT,2024-09-08,True,200,5749219.1182200005
P0RES018-00177,BSWUSDT,2024-09-10,True,200,6895270.190779998
P0RES018-00178,NEIROETHUSDT,2024-09-09,True,200,724923475.6771998
P0RES018-00177,BSWUSDT,2024-09-09,True,200,6468486.808909999
P0RES018-00178,NEIROETHUSDT,2024-09-06,True,200,159201613.57879996
P0RES018-00177,BSWUSDT,2024-09-11,True,200,11420695.948059998
P0RES018-00178,NEIROETHUSDT,2024-09-10,True,200,796216786.6870999
P0RES018-00179,QUICKUSDT,2024-09-11,True,200,34995787.901700005
P0RES018-00179,QUICKUSDT,2024-09-10,True,200,11235772.13647
P0RES018-00180,RPLUSDT,2024-09-09,True,200,39427346.48199999
P0RES018-00179,QUICKUSDT,2024-09-12,True,200,17179717.02259
P0RES018-00179,QUICKUSDT,2024-09-08,True,200,13470016.1108
P0RES018-00180,RPLUSDT,2024-09-10,True,200,45159956.705
P0RES018-00178,NEIROETHUSDT,2024-09-07,True,200,413200630.4156999
P0RES018-00180,RPLUSDT,2024-09-14,True,200,5965860.761000001
P0RES018-00181,POLUSDT,2024-09-14,True,200,77338404.59500003
P0RES018-00181,POLUSDT,2024-09-13,True,200,81244672.13080001
P0RES018-00179,QUICKUSDT,2024-09-06,True,200,118182682.12919003
P0RES018-00181,POLUSDT,2024-09-16,True,200,58932179.44280001
P0RES018-00180,RPLUSDT,2024-09-15,True,200,6241505.545999999
P0RES018-00181,POLUSDT,2024-09-17,True,200,37578390.25230001
P0RES018-00181,POLUSDT,2024-09-15,True,200,56454611.6186
P0RES018-00181,POLUSDT,2024-09-18,True,200,36721748.882
P0RES018-00180,RPLUSDT,2024-09-12,True,200,14948821.611000001
P0RES018-00180,RPLUSDT,2024-09-11,True,200,44041080.55899999
P0RES018-00179,QUICKUSDT,2024-09-09,True,200,12217229.53007
P0RES018-00182,UXLINKUSDT,2024-09-16,True,200,162805667.01099998
P0RES018-00180,RPLUSDT,2024-09-13,True,200,9772200.587
P0RES018-00182,UXLINKUSDT,2024-09-15,True,200,42348139.731
P0RES018-00182,UXLINKUSDT,2024-09-17,True,200,805682039.5623
P0RES018-00183,1MBABYDOGEUSDT,2024-09-20,True,200,184895798.06160042
P0RES018-00182,UXLINKUSDT,2024-09-18,True,200,764353028.3311999
P0RES018-00183,1MBABYDOGEUSDT,2024-09-17,True,200,445620160.11046225
P0RES018-00183,1MBABYDOGEUSDT,2024-09-18,True,200,480484509.0540866
P0RES018-00182,UXLINKUSDT,2024-09-19,True,200,455971100.84000003
P0RES018-00182,UXLINKUSDT,2024-09-21,True,200,189579382.60170004
P0RES018-00183,1MBABYDOGEUSDT,2024-09-22,True,200,64418029.07722519
P0RES018-00183,1MBABYDOGEUSDT,2024-09-16,True,200,459968438.475691
P0RES018-00184,NEIROUSDT,2024-09-16,True,200,397263021.66819656
P0RES018-00183,1MBABYDOGEUSDT,2024-09-19,True,200,330260973.7502827
P0RES018-00184,NEIROUSDT,2024-09-19,True,200,1493229448.88688
P0RES018-00181,POLUSDT,2024-09-19,True,200,32010644.054799996
P0RES018-00184,NEIROUSDT,2024-09-18,True,200,2428803961.9348884
P0RES018-00182,UXLINKUSDT,2024-09-20,True,200,394817117.1658001
P0RES018-00183,1MBABYDOGEUSDT,2024-09-21,True,200,107959410.5581913
P0RES018-00184,NEIROUSDT,2024-09-17,True,200,1501510314.1719017
P0RES018-00184,NEIROUSDT,2024-09-20,True,200,997545061.6387707
P0RES018-00184,NEIROUSDT,2024-09-21,True,200,471842999.8411349
P0RES018-00185,KDAUSDT,2024-09-19,True,200,53387345.5624
P0RES018-00184,NEIROUSDT,2024-09-22,True,200,563999204.9468523
P0RES018-00185,KDAUSDT,2024-09-18,True,200,52045933.549
P0RES018-00185,KDAUSDT,2024-09-21,True,200,13474635.2943
P0RES018-00185,KDAUSDT,2024-09-23,True,200,10238003.784899998
P0RES018-00186,FIDAUSDT,2024-09-20,True,200,205304014.91959995
P0RES018-00186,FIDAUSDT,2024-09-19,True,200,242324364.673
P0RES018-00186,FIDAUSDT,2024-09-22,True,200,41380040.4966
P0RES018-00186,FIDAUSDT,2024-09-21,True,200,64484402.68210001
P0RES018-00186,FIDAUSDT,2024-09-23,True,200,30331440.124099996
P0RES018-00185,KDAUSDT,2024-09-20,True,200,17331800.7792
P0RES018-00186,FIDAUSDT,2024-09-24,True,200,461136025.8415
P0RES018-00185,KDAUSDT,2024-09-22,True,200,25356018.898899995
P0RES018-00187,CATIUSDT,2024-09-20,True,200,765597790.2012
P0RES018-00187,CATIUSDT,2024-09-23,True,200,527855100.8871
P0RES018-00187,CATIUSDT,2024-09-21,True,200,652236338.2802999
P0RES018-00185,KDAUSDT,2024-09-24,True,200,16204462.847599998
P0RES018-00187,CATIUSDT,2024-09-22,True,200,458308077.39599997
P0RES018-00187,CATIUSDT,2024-09-24,True,200,262893729.76570004
P0RES018-00187,CATIUSDT,2024-09-26,True,200,311421237.95649993
P0RES018-00188,FIOUSDT,2024-09-20,True,200,148734062.32092
P0RES018-00187,CATIUSDT,2024-09-25,True,200,263750281.6932
P0RES018-00186,FIDAUSDT,2024-09-25,True,200,108187614.40229999
P0RES018-00188,FIOUSDT,2024-09-23,True,200,34452780.550579995
P0RES018-00188,FIOUSDT,2024-09-24,True,200,58744996.37464002
P0RES018-00188,FIOUSDT,2024-09-25,True,200,33343731.08553
P0RES018-00188,FIOUSDT,2024-09-26,True,200,28450524.257239997
P0RES018-00189,GHSTUSDT,2024-09-26,True,200,12082274.610000001
P0RES018-00189,GHSTUSDT,2024-09-25,True,200,13917084.625000002
P0RES018-00189,GHSTUSDT,2024-09-23,True,200,24610563.47
P0RES018-00189,GHSTUSDT,2024-09-24,True,200,37980191.187
P0RES018-00189,GHSTUSDT,2024-09-27,True,200,14584670.062
P0RES018-00189,GHSTUSDT,2024-09-28,True,200,6817061.501999999
P0RES018-00190,LOKAUSDT,2024-09-25,True,200,24144571.360899996
P0RES018-00189,GHSTUSDT,2024-09-29,True,200,13169589.298
P0RES018-00190,LOKAUSDT,2024-09-24,True,200,25500419.4964
P0RES018-00188,FIOUSDT,2024-09-21,True,200,122789059.45797998
P0RES018-00188,FIOUSDT,2024-09-22,True,200,70215781.29427002
P0RES018-00190,LOKAUSDT,2024-09-26,True,200,13218996.678399997
P0RES018-00190,LOKAUSDT,2024-09-27,True,200,8053484.9441
P0RES018-00190,LOKAUSDT,2024-09-30,True,200,8523790.511999998
P0RES018-00190,LOKAUSDT,2024-09-28,True,200,10360040.2232
P0RES018-00190,LOKAUSDT,2024-09-29,True,200,8599698.4792
P0RES018-00191,HMSTRUSDT,2024-09-28,True,200,278557580.72213995
P0RES018-00191,HMSTRUSDT,2024-09-29,True,200,352848250.598602
P0RES018-00191,HMSTRUSDT,2024-09-27,True,200,620832390.5990621
P0RES018-00191,HMSTRUSDT,2024-09-30,True,200,338694752.35780996
P0RES018-00191,HMSTRUSDT,2024-09-26,True,200,813469957.6882961
P0RES018-00192,REIUSDT,2024-09-29,True,200,14391809.30389
P0RES018-00192,REIUSDT,2024-09-27,True,200,29373954.484860007
P0RES018-00192,REIUSDT,2024-09-28,True,200,20648010.398330003
P0RES018-00191,HMSTRUSDT,2024-10-01,True,200,357422284.1063611
P0RES018-00191,HMSTRUSDT,2024-10-02,True,200,266452117.184496
P0RES018-00192,REIUSDT,2024-10-01,True,200,10442095.437439999
P0RES018-00192,REIUSDT,2024-10-02,True,200,7552940.152950002
P0RES018-00193,COSUSDT,2024-10-01,True,200,31724466.156726006
P0RES018-00193,COSUSDT,2024-09-30,True,200,28356998.356148
P0RES018-00192,REIUSDT,2024-10-03,True,200,33788859.18816001
P0RES018-00193,COSUSDT,2024-10-04,True,200,6667849.315496999
P0RES018-00193,COSUSDT,2024-10-02,True,200,10752866.946207002
P0RES018-00193,COSUSDT,2024-10-03,True,200,7331350.475123001
P0RES018-00193,COSUSDT,2024-10-06,True,200,6537802.232686001
P0RES018-00193,COSUSDT,2024-10-05,True,200,8685072.803096
P0RES018-00194,EIGENUSDT,2024-10-02,True,200,589799462.0539
P0RES018-00194,EIGENUSDT,2024-10-03,True,200,410721749.18909997
P0RES018-00192,REIUSDT,2024-09-30,True,200,13541072.940179998
P0RES018-00194,EIGENUSDT,2024-10-01,True,200,1017057337.8631
P0RES018-00194,EIGENUSDT,2024-10-04,True,200,303327250.9527
P0RES018-00194,EIGENUSDT,2024-10-06,True,200,249394867.69149992
P0RES018-00194,EIGENUSDT,2024-10-05,True,200,189574119.23889998
P0RES018-00195,DIAUSDT,2024-10-04,True,200,226190547.05999997
P0RES018-00195,DIAUSDT,2024-10-05,True,200,585129324.3508999
P0RES018-00195,DIAUSDT,2024-10-03,True,200,62038564.52949999
P0RES018-00195,DIAUSDT,2024-10-02,True,200,35879653.504099995
P0RES018-00195,DIAUSDT,2024-10-06,True,200,210644876.5084
P0RES018-00196,1000CATUSDT,2024-10-22,True,200,181006841.23372996
P0RES018-00196,1000CATUSDT,2024-10-21,True,200,83077660.77703
P0RES018-00195,DIAUSDT,2024-10-07,True,200,133071709.9034
P0RES018-00196,1000CATUSDT,2024-10-24,True,200,199405899.35807005
P0RES018-00196,1000CATUSDT,2024-10-23,True,200,389465179.0688
P0RES018-00196,1000CATUSDT,2024-10-26,True,200,76290787.13122001
P0RES018-00196,1000CATUSDT,2024-10-25,True,200,175209688.87549996
P0RES018-00196,1000CATUSDT,2024-10-27,True,200,64650695.406
P0RES018-00194,EIGENUSDT,2024-10-07,True,200,269631699.88299996
P0RES018-00195,DIAUSDT,2024-10-08,True,200,115493496.3712
P0RES018-00197,SCRUSDT,2024-10-22,True,200,119575978.08500001
P0RES018-00197,SCRUSDT,2024-10-23,True,200,246805518.34099996
P0RES018-00197,SCRUSDT,2024-10-27,True,200,38154138.215
P0RES018-00198,GOATUSDT,2024-10-24,True,200,155163383.9492
P0RES018-00197,SCRUSDT,2024-10-26,True,200,56790495.21099999
P0RES018-00197,SCRUSDT,2024-10-25,True,200,95827162.63499999
P0RES018-00197,SCRUSDT,2024-10-28,True,200,63469599.17200001
P0RES018-00198,GOATUSDT,2024-10-29,True,200,469613905.8529999
P0RES018-00198,GOATUSDT,2024-10-30,True,200,392960156.47300005
P0RES018-00198,GOATUSDT,2024-10-26,True,200,694297884.6055
P0RES018-00198,GOATUSDT,2024-10-27,True,200,430529102.08339995
P0RES018-00199,MOODENGUSDT,2024-10-26,True,200,1366108180.87848
P0RES018-00197,SCRUSDT,2024-10-24,True,200,82553503.11199999
P0RES018-00199,MOODENGUSDT,2024-10-25,True,200,1090463389.89948
P0RES018-00199,MOODENGUSDT,2024-10-27,True,200,1001775200.5595301
P0RES018-00199,MOODENGUSDT,2024-10-28,True,200,779583559.4471
P0RES018-00198,GOATUSDT,2024-10-25,True,200,444102782.97110003
P0RES018-00199,MOODENGUSDT,2024-10-30,True,200,679428770.0185299
P0RES018-00198,GOATUSDT,2024-10-28,True,200,483186522.7051999
P0RES018-00199,MOODENGUSDT,2024-10-29,True,200,679693107.2098199
P0RES018-00200,SAFEUSDT,2024-10-25,True,200,41422525.650800005
P0RES018-00200,SAFEUSDT,2024-10-26,True,200,52232885.97449999
P0RES018-00200,SAFEUSDT,2024-10-29,True,200,37773209.628400005
P0RES018-00200,SAFEUSDT,2024-10-30,True,200,41754574.5794
P0RES018-00200,SAFEUSDT,2024-10-28,True,200,39032726.6152
P0RES018-00200,SAFEUSDT,2024-10-27,True,200,43214622.842700005
P0RES018-00200,SAFEUSDT,2024-10-31,True,200,20142637.4851
P0RES018-00201,SANTOSUSDT,2024-10-29,True,200,269693873.6628
P0RES018-00199,MOODENGUSDT,2024-10-31,True,200,622328938.50576
P0RES018-00201,SANTOSUSDT,2024-11-03,True,200,61133741.15019999
P0RES018-00201,SANTOSUSDT,2024-11-01,True,200,99522391.8107
P0RES018-00201,SANTOSUSDT,2024-11-02,True,200,53677123.06930001
P0RES018-00201,SANTOSUSDT,2024-10-31,True,200,114467306.57709998
P0RES018-00201,SANTOSUSDT,2024-10-28,True,200,216180643.0206
P0RES018-00202,TROYUSDT,2024-10-31,True,200,52316361.236471996
P0RES018-00202,TROYUSDT,2024-11-02,True,200,49566806.404809006
P0RES018-00202,TROYUSDT,2024-11-01,True,200,115756091.16122499
P0RES018-00201,SANTOSUSDT,2024-10-30,True,200,118486449.41340001
P0RES018-00202,TROYUSDT,2024-11-03,True,200,46212912.203462996
P0RES018-00202,TROYUSDT,2024-11-06,True,200,454770373.125073
P0RES018-00202,TROYUSDT,2024-11-05,True,200,899466450.487737
P0RES018-00203,PONKEUSDT,2024-11-04,True,200,79097730.25758
P0RES018-00202,TROYUSDT,2024-11-04,True,200,866858650.8878359
P0RES018-00203,PONKEUSDT,2024-11-05,True,200,97338473.72428001
P0RES018-00203,PONKEUSDT,2024-11-06,True,200,101858917.05450001
P0RES018-00203,PONKEUSDT,2024-11-07,True,200,37406614.8304
P0RES018-00203,PONKEUSDT,2024-11-09,True,200,16993521.13975
P0RES018-00203,PONKEUSDT,2024-11-08,True,200,41049510.3859
P0RES018-00204,CETUSUSDT,2024-11-07,True,200,575827721.6849298
P0RES018-00204,CETUSUSDT,2024-11-06,True,200,142289351.29376
P0RES018-00203,PONKEUSDT,2024-11-10,True,200,30189708.60299
P0RES018-00204,CETUSUSDT,2024-11-08,True,200,515401865.12928003
P0RES018-00204,CETUSUSDT,2024-11-11,True,200,138426669.07742998
P0RES018-00204,CETUSUSDT,2024-11-10,True,200,272282664.3174
P0RES018-00204,CETUSUSDT,2024-11-12,True,200,166302149.74580997
P0RES018-00204,CETUSUSDT,2024-11-09,True,200,232340037.26814
P0RES018-00205,COWUSDT,2024-11-07,True,200,415129611.62130004
P0RES018-00205,COWUSDT,2024-11-06,True,200,609206359.2069999
P0RES018-00205,COWUSDT,2024-11-10,True,200,227298885.00759998
P0RES018-00205,COWUSDT,2024-11-08,True,200,261171466.0821
P0RES018-00205,COWUSDT,2024-11-11,True,200,163401751.97999996
P0RES018-00206,1000000MOGUSDT,2024-11-07,True,200,62969208.460470006
P0RES018-00205,COWUSDT,2024-11-12,True,200,143228244.1991
P0RES018-00206,1000000MOGUSDT,2024-11-09,True,200,28930241.165120002
P0RES018-00206,1000000MOGUSDT,2024-11-08,True,200,45477544.72986
P0RES018-00206,1000000MOGUSDT,2024-11-10,True,200,54620188.93269
P0RES018-00205,COWUSDT,2024-11-09,True,200,174641957.9629
P0RES018-00206,1000000MOGUSDT,2024-11-11,True,200,44398417.470249996
P0RES018-00206,1000000MOGUSDT,2024-11-13,True,200,85632447.58299999
P0RES018-00207,DRIFTUSDT,2024-11-08,True,200,528295227.89239997
P0RES018-00206,1000000MOGUSDT,2024-11-12,True,200,41843262.77193
P0RES018-00207,DRIFTUSDT,2024-11-10,True,200,696248733.5983998
P0RES018-00207,DRIFTUSDT,2024-11-09,True,200,2033578639.6939
P0RES018-00207,DRIFTUSDT,2024-11-11,True,200,277206751.5742
P0RES018-00207,DRIFTUSDT,2024-11-12,True,200,212054101.62529996
P0RES018-00208,GRASSUSDT,2024-11-09,True,200,202777767.35876003
P0RES018-00207,DRIFTUSDT,2024-11-14,True,200,100087397.29599999
P0RES018-00208,GRASSUSDT,2024-11-08,True,200,70120433.58322
P0RES018-00208,GRASSUSDT,2024-11-10,True,200,194681484.61604
P0RES018-00208,GRASSUSDT,2024-11-11,True,200,267528532.63686997
P0RES018-00207,DRIFTUSDT,2024-11-13,True,200,247484280.13169995
P0RES018-00208,GRASSUSDT,2024-11-12,True,200,139732124.49616
P0RES018-00208,GRASSUSDT,2024-11-14,True,200,108150541.05387
P0RES018-00208,GRASSUSDT,2024-11-13,True,200,127900167.85354997
P0RES018-00209,SWELLUSDT,2024-11-09,True,200,321169198.22327995
P0RES018-00209,SWELLUSDT,2024-11-10,True,200,161966383.79449996
P0RES018-00209,SWELLUSDT,2024-11-08,True,200,43780263.192140006
P0RES018-00209,SWELLUSDT,2024-11-11,True,200,128495709.08320999
P0RES018-00209,SWELLUSDT,2024-11-12,True,200,122377340.84801999
P0RES018-00209,SWELLUSDT,2024-11-13,True,200,102899419.04318
P0RES018-00209,SWELLUSDT,2024-11-14,True,200,253487897.63975
P0RES018-00210,ACTUSDT,2024-11-11,True,200,740115969.3997002
P0RES018-00210,ACTUSDT,2024-11-14,True,200,1995711668.1731596
P0RES018-00210,ACTUSDT,2024-11-13,True,200,1663667397.7080994
P0RES018-00210,ACTUSDT,2024-11-12,True,200,1541766585.4753997
P0RES018-00210,ACTUSDT,2024-11-15,True,200,1284546339.76665
P0RES018-00210,ACTUSDT,2024-11-16,True,200,669106121.3684301
P0RES018-00210,ACTUSDT,2024-11-17,True,200,540286160.0499701
P0RES018-00211,PNUTUSDT,2024-11-13,True,200,7431585587.824639
P0RES018-00211,PNUTUSDT,2024-11-12,True,200,682829097.24781
P0RES018-00211,PNUTUSDT,2024-11-11,True,200,207632118.25226
P0RES018-00211,PNUTUSDT,2024-11-15,True,200,3666289235.5959306
P0RES018-00211,PNUTUSDT,2024-11-14,True,200,5441973283.731271
P0RES018-00211,PNUTUSDT,2024-11-16,True,200,1596739713.3706803
P0RES018-00211,PNUTUSDT,2024-11-17,True,200,1600255774.5245602
P0RES018-00212,1000XUSDT,2024-11-13,True,200,70842605.74743
P0RES018-00212,1000XUSDT,2024-11-16,True,200,50878278.30543
P0RES018-00212,1000XUSDT,2024-11-15,True,200,94034035.05779001
P0RES018-00212,1000XUSDT,2024-11-14,True,200,93900645.06817001
P0RES018-00212,1000XUSDT,2024-11-18,True,200,81542117.83401
P0RES018-00213,HIPPOUSDT,2024-11-15,True,200,595067146.3005801
P0RES018-00213,HIPPOUSDT,2024-11-16,True,200,340394027.46982
P0RES018-00213,HIPPOUSDT,2024-11-14,True,200,282192544.98063
P0RES018-00213,HIPPOUSDT,2024-11-17,True,200,159745090.03603002
P0RES018-00213,HIPPOUSDT,2024-11-13,True,200,132195609.49584
P0RES018-00212,1000XUSDT,2024-11-19,True,200,28344887.965219997
P0RES018-00213,HIPPOUSDT,2024-11-19,True,200,102896614.4775
P0RES018-00213,HIPPOUSDT,2024-11-18,True,200,137540341.76382998
P0RES018-00212,1000XUSDT,2024-11-17,True,200,59564671.093480006
P0RES018-00214,DEGENUSDT,2024-11-18,True,200,141403137.62402698
P0RES018-00214,DEGENUSDT,2024-11-17,True,200,230251080.522477
P0RES018-00214,DEGENUSDT,2024-11-19,True,200,66098172.81724199
P0RES018-00214,DEGENUSDT,2024-11-21,True,200,103211995.638133
P0RES018-00214,DEGENUSDT,2024-11-20,True,200,80529576.87221798
P0RES018-00215,AKTUSDT,2024-11-20,True,200,56702932.35880001
P0RES018-00215,AKTUSDT,2024-11-19,True,200,116702632.39959998
P0RES018-00215,AKTUSDT,2024-11-22,True,200,22743808.770199995
P0RES018-00214,DEGENUSDT,2024-11-15,True,200,85049760.105617
P0RES018-00215,AKTUSDT,2024-11-24,True,200,22504779.768799998
P0RES018-00216,BANUSDT,2024-11-18,True,200,113815300.53120002
P0RES018-00215,AKTUSDT,2024-11-23,True,200,26526995.3726
P0RES018-00216,BANUSDT,2024-11-19,True,200,211423858.9956
P0RES018-00215,AKTUSDT,2024-11-21,True,200,35115075.491500005
P0RES018-00216,BANUSDT,2024-11-20,True,200,221949934.77879998
P0RES018-00216,BANUSDT,2024-11-21,True,200,374505773.4223999
P0RES018-00215,AKTUSDT,2024-11-18,True,200,42245496.004999995
P0RES018-00216,BANUSDT,2024-11-22,True,200,228152547.83979997
P0RES018-00216,BANUSDT,2024-11-23,True,200,179843283.30859998
P0RES018-00216,BANUSDT,2024-11-24,True,200,136046658.9458
P0RES018-00217,SCRTUSDT,2024-11-22,True,200,860467301.7378
P0RES018-00217,SCRTUSDT,2024-11-21,True,200,16367990.304999998
P0RES018-00217,SCRTUSDT,2024-11-24,True,200,57718665.2879
P0RES018-00217,SCRTUSDT,2024-11-23,True,200,243510892.48879996
P0RES018-00217,SCRTUSDT,2024-11-25,True,200,432515171.3018
P0RES018-00217,SCRTUSDT,2024-11-27,True,200,94981738.18530002
P0RES018-00217,SCRTUSDT,2024-11-26,True,200,146458471.0533
P0RES018-00218,SLERFUSDT,2024-11-21,True,200,41945461.7428
P0RES018-00218,SLERFUSDT,2024-11-22,True,200,66272144.13599999
P0RES018-00214,DEGENUSDT,2024-11-16,True,200,129915506.370299
P0RES018-00218,SLERFUSDT,2024-11-25,True,200,27041250.4435
P0RES018-00218,SLERFUSDT,2024-11-24,True,200,25696313.743999995
P0RES018-00219,1000CHEEMSUSDT,2024-11-26,True,200,87165167.66314301
P0RES018-00218,SLERFUSDT,2024-11-23,True,200,45112727.3199
P0RES018-00218,SLERFUSDT,2024-11-26,True,200,29394230.08980001
P0RES018-00219,1000CHEEMSUSDT,2024-11-25,True,200,47804815.15300402
P0RES018-00218,SLERFUSDT,2024-11-27,True,200,24776898.5442
P0RES018-00219,1000CHEEMSUSDT,2024-11-27,True,200,55096316.002101995
P0RES018-00219,1000CHEEMSUSDT,2024-11-28,True,200,14849372.698049001
P0RES018-00219,1000CHEEMSUSDT,2024-11-29,True,200,14127044.2095662
P0RES018-00219,1000CHEEMSUSDT,2024-11-30,True,200,14944782.387371099
P0RES018-00220,1000WHYUSDT,2024-11-26,True,200,37820233.975103
P0RES018-00220,1000WHYUSDT,2024-11-27,True,200,20473680.613971997
P0RES018-00220,1000WHYUSDT,2024-11-25,True,200,37761421.467308
P0RES018-00220,1000WHYUSDT,2024-11-28,True,200,14547867.789020998
P0RES018-00220,1000WHYUSDT,2024-11-30,True,200,12951397.752781197
P0RES018-00220,1000WHYUSDT,2024-11-29,True,200,16538308.784057101
P0RES018-00221,CHILLGUYUSDT,2024-11-30,True,200,158234782.55220002
P0RES018-00221,CHILLGUYUSDT,2024-12-01,True,200,127128067.38190001
P0RES018-00220,1000WHYUSDT,2024-12-01,True,200,13382661.0421683
P0RES018-00221,CHILLGUYUSDT,2024-11-27,True,200,76139071.4444
P0RES018-00221,CHILLGUYUSDT,2024-12-02,True,200,227160418.5363
P0RES018-00221,CHILLGUYUSDT,2024-11-29,True,200,149055734.0793
P0RES018-00219,1000CHEEMSUSDT,2024-12-01,True,200,11725888.3706674
P0RES018-00221,CHILLGUYUSDT,2024-11-28,True,200,156604503.90260002
P0RES018-00222,MORPHOUSDT,2024-11-27,True,200,102268421.00188
P0RES018-00222,MORPHOUSDT,2024-11-28,True,200,97903969.74198
P0RES018-00222,MORPHOUSDT,2024-11-29,True,200,75094940.17006001
P0RES018-00222,MORPHOUSDT,2024-11-30,True,200,242338102.87799996
P0RES018-00222,MORPHOUSDT,2024-12-01,True,200,63834887.08451001
P0RES018-00222,MORPHOUSDT,2024-12-02,True,200,57335906.76134
P0RES018-00222,MORPHOUSDT,2024-12-03,True,200,106493316.68923
P0RES018-00221,CHILLGUYUSDT,2024-12-03,True,200,219020892.28249997
P0RES018-00223,THEUSDT,2024-11-27,True,200,1845477537.3224697
P0RES018-00223,THEUSDT,2024-11-28,True,200,1855795336.1636698
P0RES018-00223,THEUSDT,2024-11-29,True,200,774816605.73852
P0RES018-00223,THEUSDT,2024-11-30,True,200,779818271.6845301
P0RES018-00223,THEUSDT,2024-12-02,True,200,461129649.9456799
P0RES018-00224,AEROUSDT,2024-12-04,True,200,19228938.402859997
P0RES018-00223,THEUSDT,2024-12-01,True,200,374709947.57570004
P0RES018-00223,THEUSDT,2024-12-03,True,200,348614106.51788
P0RES018-00224,AEROUSDT,2024-12-06,True,200,47937954.637140006
P0RES018-00224,AEROUSDT,2024-12-07,True,200,73170245.22773999
P0RES018-00224,AEROUSDT,2024-12-05,True,200,22059395.572959997
P0RES018-00224,AEROUSDT,2024-12-08,True,200,25270919.593639996
P0RES018-00224,AEROUSDT,2024-12-09,True,200,41487689.66518
P0RES018-00225,KAIAUSDT,2024-12-04,True,200,29973846.275999997
P0RES018-00224,AEROUSDT,2024-12-10,True,200,37183479.772649996
P0RES018-00225,KAIAUSDT,2024-12-05,True,200,49409375.35620001
P0RES018-00225,KAIAUSDT,2024-12-08,True,200,30288442.829600003
P0RES018-00225,KAIAUSDT,2024-12-06,True,200,48587460.17599999
P0RES018-00225,KAIAUSDT,2024-12-09,True,200,78190821.80700001
P0RES018-00226,ACXUSDT,2024-12-06,True,200,171542732.86347002
P0RES018-00226,ACXUSDT,2024-12-08,True,200,268959016.18354
P0RES018-00226,ACXUSDT,2024-12-07,True,200,255035618.60166994
P0RES018-00225,KAIAUSDT,2024-12-10,True,200,72664893.6288
P0RES018-00226,ACXUSDT,2024-12-10,True,200,129721036.54734997
P0RES018-00226,ACXUSDT,2024-12-11,True,200,220775097.95127004
P0RES018-00226,ACXUSDT,2024-12-09,True,200,254895680.57277
P0RES018-00226,ACXUSDT,2024-12-12,True,200,133207948.17695
P0RES018-00227,ORCAUSDT,2024-12-06,True,200,94563785.58819999
P0RES018-00225,KAIAUSDT,2024-12-07,True,200,33451997.700899996
P0RES018-00227,ORCAUSDT,2024-12-08,True,200,91945919.397
P0RES018-00227,ORCAUSDT,2024-12-09,True,200,110521287.34149998
P0RES018-00227,ORCAUSDT,2024-12-12,True,200,77623471.9628
P0RES018-00227,ORCAUSDT,2024-12-11,True,200,263317370.20230007
P0RES018-00227,ORCAUSDT,2024-12-10,True,200,59856814.820999995
P0RES018-00228,MOVEUSDT,2024-12-10,True,200,2803935754.8901
P0RES018-00228,MOVEUSDT,2024-12-09,True,200,1008977875.5254998
P0RES018-00228,MOVEUSDT,2024-12-12,True,200,404294430.8743999
P0RES018-00228,MOVEUSDT,2024-12-15,True,200,196850431.60839996
P0RES018-00228,MOVEUSDT,2024-12-11,True,200,876389066.9970999
P0RES018-00228,MOVEUSDT,2024-12-14,True,200,367131075.3436
P0RES018-00228,MOVEUSDT,2024-12-13,True,200,304719591.9937
P0RES018-00229,KOMAUSDT,2024-12-11,True,200,236176313.38143992
P0RES018-00229,KOMAUSDT,2024-12-10,True,200,292569676.00292003
P0RES018-00227,ORCAUSDT,2024-12-07,True,200,131813490.20239998
P0RES018-00229,KOMAUSDT,2024-12-12,True,200,99751707.78345002
P0RES018-00229,KOMAUSDT,2024-12-14,True,200,47971943.0393
P0RES018-00229,KOMAUSDT,2024-12-16,True,200,37057519.114379995
P0RES018-00230,MEUSDT,2024-12-11,True,200,1597001100.6207001
P0RES018-00230,MEUSDT,2024-12-10,True,200,307072327.12009996
P0RES018-00229,KOMAUSDT,2024-12-13,True,200,67775983.07291001
P0RES018-00230,MEUSDT,2024-12-12,True,200,453655104.89959997
P0RES018-00229,KOMAUSDT,2024-12-15,True,200,29617014.156219997
P0RES018-00230,MEUSDT,2024-12-14,True,200,296948940.32149994
P0RES018-00230,MEUSDT,2024-12-15,True,200,207561951.74530002
P0RES018-00230,MEUSDT,2024-12-13,True,200,425429768.4774
P0RES018-00230,MEUSDT,2024-12-16,True,200,217273806.12290004
P0RES018-00231,RAYSOLUSDT,2024-12-10,True,200,43755067.18724999
P0RES018-00231,RAYSOLUSDT,2024-12-11,True,200,135089367.83137998
P0RES018-00231,RAYSOLUSDT,2024-12-14,True,200,23601665.592139997
P0RES018-00231,RAYSOLUSDT,2024-12-12,True,200,30953832.313029997
P0RES018-00231,RAYSOLUSDT,2024-12-15,True,200,18153182.30227
P0RES018-00231,RAYSOLUSDT,2024-12-16,True,200,18115613.097379997
P0RES018-00232,SPXUSDT,2024-12-10,True,200,41867837.32419999
P0RES018-00232,SPXUSDT,2024-12-11,True,200,62188050.48470001
P0RES018-00232,SPXUSDT,2024-12-13,True,200,19667952.011499997
P0RES018-00232,SPXUSDT,2024-12-12,True,200,23476184.656900004
P0RES018-00232,SPXUSDT,2024-12-14,True,200,40392045.59759999
P0RES018-00231,RAYSOLUSDT,2024-12-13,True,200,21884583.475350004
P0RES018-00232,SPXUSDT,2024-12-15,True,200,36944866.331
P0RES018-00232,SPXUSDT,2024-12-16,True,200,83004427.98009999
P0RES018-00233,VIRTUALUSDT,2024-12-13,True,200,425069042.91839
P0RES018-00233,VIRTUALUSDT,2024-12-15,True,200,192701663.88628003
P0RES018-00233,VIRTUALUSDT,2024-12-10,True,200,67208419.48932
P0RES018-00233,VIRTUALUSDT,2024-12-14,True,200,256516280.81236
P0RES018-00233,VIRTUALUSDT,2024-12-11,True,200,84252652.78934
P0RES018-00234,AVAUSDT,2024-12-13,True,200,238656191.86532003
P0RES018-00234,AVAUSDT,2024-12-14,True,200,245637218.43603003
P0RES018-00234,AVAUSDT,2024-12-15,True,200,168448095.621
P0RES018-00234,AVAUSDT,2024-12-16,True,200,286693371.09203
P0RES018-00234,AVAUSDT,2024-12-17,True,200,108754483.42032999
P0RES018-00233,VIRTUALUSDT,2024-12-12,True,200,134244035.80675
P0RES018-00234,AVAUSDT,2024-12-18,True,200,116420759.67119
P0RES018-00234,AVAUSDT,2024-12-19,True,200,74473341.0783
P0RES018-00235,DEGOUSDT,2024-12-13,True,200,151086837.62848002
P0RES018-00235,DEGOUSDT,2024-12-15,True,200,34729263.97522
P0RES018-00235,DEGOUSDT,2024-12-18,True,200,16238887.162710002
P0RES018-00233,VIRTUALUSDT,2024-12-16,True,200,526369858.68908
P0RES018-00235,DEGOUSDT,2024-12-16,True,200,54422266.55073999
P0RES018-00235,DEGOUSDT,2024-12-14,True,200,108995276.93784001
P0RES018-00236,VELODROMEUSDT,2024-12-13,True,200,140920400.48264
P0RES018-00235,DEGOUSDT,2024-12-17,True,200,17666690.335750002
P0RES018-00235,DEGOUSDT,2024-12-19,True,200,33059902.462190002
P0RES018-00236,VELODROMEUSDT,2024-12-14,True,200,328241033.76854
P0RES018-00237,MOCAUSDT,2024-12-16,True,200,183684660.50999996
P0RES018-00236,VELODROMEUSDT,2024-12-16,True,200,161006250.44028002
P0RES018-00237,MOCAUSDT,2024-12-17,True,200,127161062.56590001
P0RES018-00236,VELODROMEUSDT,2024-12-18,True,200,193169823.28265998
P0RES018-00237,MOCAUSDT,2024-12-20,True,200,721862243.2802001
P0RES018-00237,MOCAUSDT,2024-12-18,True,200,128696679.24090001
P0RES018-00236,VELODROMEUSDT,2024-12-15,True,200,189060052.22016
P0RES018-00236,VELODROMEUSDT,2024-12-17,True,200,101969605.77810998
P0RES018-00237,MOCAUSDT,2024-12-22,True,200,488300076.2935999
P0RES018-00236,VELODROMEUSDT,2024-12-19,True,200,256981670.48828998
P0RES018-00238,VANAUSDT,2024-12-17,True,200,1767459518.34316
P0RES018-00238,VANAUSDT,2024-12-19,True,200,342907831.41854
P0RES018-00237,MOCAUSDT,2024-12-21,True,200,975316450.5076998
P0RES018-00238,VANAUSDT,2024-12-20,True,200,432431909.75276005
P0RES018-00237,MOCAUSDT,2024-12-19,True,200,203222865.04060006
P0RES018-00238,VANAUSDT,2024-12-21,True,200,455703551.9489798
P0RES018-00238,VANAUSDT,2024-12-22,True,200,210149817.94717994
P0RES018-00239,PENGUUSDT,2024-12-18,True,200,1569582940.8760784
P0RES018-00239,PENGUUSDT,2024-12-20,True,200,456567652.604916
P0RES018-00238,VANAUSDT,2024-12-18,True,200,889489769.1871301
P0RES018-00238,VANAUSDT,2024-12-16,True,200,810499954.75563
P0RES018-00239,PENGUUSDT,2024-12-19,True,200,771041782.463002
P0RES018-00239,PENGUUSDT,2024-12-21,True,200,356341711.913086
P0RES018-00239,PENGUUSDT,2024-12-23,True,200,256289599.201192
P0RES018-00240,LUMIAUSDT,2024-12-19,True,200,60561892.276200004
P0RES018-00240,LUMIAUSDT,2024-12-20,True,200,44456844.62100001
P0RES018-00240,LUMIAUSDT,2024-12-22,True,200,21469429.235399995
P0RES018-00239,PENGUUSDT,2024-12-17,True,200,560082043.492415
P0RES018-00240,LUMIAUSDT,2024-12-23,True,200,23886731.010399997
P0RES018-00240,LUMIAUSDT,2024-12-21,True,200,33434728.969199996
P0RES018-00241,USUALUSDT,2024-12-21,True,200,1091485701.0746
P0RES018-00241,USUALUSDT,2024-12-18,True,200,1132768218.2113
P0RES018-00241,USUALUSDT,2024-12-20,True,200,2740712676.7334995
P0RES018-00241,USUALUSDT,2024-12-19,True,200,2076022334.9309998
P0RES018-00241,USUALUSDT,2024-12-23,True,200,1071782313.5134001
P0RES018-00241,USUALUSDT,2024-12-22,True,200,935733508.795
P0RES018-00240,LUMIAUSDT,2024-12-18,True,200,95007249.131
P0RES018-00239,PENGUUSDT,2024-12-22,True,200,226913490.48230198
P0RES018-00240,LUMIAUSDT,2024-12-24,True,200,38147639.76060001
P0RES018-00241,USUALUSDT,2024-12-24,True,200,995526331.4607999
P0RES018-00242,AIXBTUSDT,2024-12-21,True,200,133968678.76072003
P0RES018-00242,AIXBTUSDT,2024-12-20,True,200,43471119.93034999
P0RES018-00242,AIXBTUSDT,2024-12-22,True,200,60218613.457890004
P0RES018-00242,AIXBTUSDT,2024-12-24,True,200,46719043.169369996
P0RES018-00242,AIXBTUSDT,2024-12-25,True,200,80775372.19200002
P0RES018-00242,AIXBTUSDT,2024-12-23,True,200,53230118.72927
P0RES018-00243,CGPTUSDT,2024-12-20,True,200,15342627.014940001
P0RES018-00243,CGPTUSDT,2024-12-21,True,200,85735736.49355
P0RES018-00243,CGPTUSDT,2024-12-25,True,200,49757496.825849995
P0RES018-00242,AIXBTUSDT,2024-12-26,True,200,169634844.93373
P0RES018-00244,FARTCOINUSDT,2024-12-20,True,200,15431135.67124
P0RES018-00243,CGPTUSDT,2024-12-24,True,200,59460772.929010004
P0RES018-00243,CGPTUSDT,2024-12-26,True,200,47901154.679680005
P0RES018-00243,CGPTUSDT,2024-12-22,True,200,58107291.562290005
P0RES018-00244,FARTCOINUSDT,2024-12-21,True,200,131753853.54594998
P0RES018-00243,CGPTUSDT,2024-12-23,True,200,81470609.6532
P0RES018-00244,FARTCOINUSDT,2024-12-23,True,200,243886621.66375002
P0RES018-00244,FARTCOINUSDT,2024-12-25,True,200,445934585.9670699
P0RES018-00244,FARTCOINUSDT,2024-12-26,True,200,257753491.01884
P0RES018-00244,FARTCOINUSDT,2024-12-24,True,200,666080008.53284
P0RES018-00245,KMNOUSDT,2024-12-20,True,200,8307700.8707300015
P0RES018-00245,KMNOUSDT,2024-12-21,True,200,13861136.880370002
P0RES018-00245,KMNOUSDT,2024-12-24,True,200,8604486.231599998
P0RES018-00245,KMNOUSDT,2024-12-26,True,200,6902273.68904
P0RES018-00245,KMNOUSDT,2024-12-22,True,200,11615724.20751
P0RES018-00245,KMNOUSDT,2024-12-25,True,200,8369623.367259998
P0RES018-00246,HIVEUSDT,2024-12-23,True,200,43811072.93504
P0RES018-00245,KMNOUSDT,2024-12-23,True,200,8086845.052280002
P0RES018-00246,HIVEUSDT,2024-12-24,True,200,68621226.0084
P0RES018-00246,HIVEUSDT,2024-12-25,True,200,58103863.18108
P0RES018-00246,HIVEUSDT,2024-12-27,True,200,38703690.22939001
P0RES018-00246,HIVEUSDT,2024-12-26,True,200,106593813.51066
P0RES018-00246,HIVEUSDT,2024-12-28,True,200,75289612.50763002
P0RES018-00247,DEXEUSDT,2024-12-24,True,200,43055099.24609999
P0RES018-00247,DEXEUSDT,2024-12-26,True,200,27100140.40559
P0RES018-00247,DEXEUSDT,2024-12-25,True,200,29515103.44698999
P0RES018-00246,HIVEUSDT,2024-12-29,True,200,980596161.77452
P0RES018-00247,DEXEUSDT,2024-12-27,True,200,60503487.53409
P0RES018-00247,DEXEUSDT,2024-12-28,True,200,78307103.75058001
P0RES018-00248,DFUSDT,2024-12-31,True,200,40355573.29977
P0RES018-00247,DEXEUSDT,2024-12-29,True,200,33608785.336780004
P0RES018-00247,DEXEUSDT,2024-12-30,True,200,74214171.87523
P0RES018-00248,DFUSDT,2024-12-30,True,200,42294998.103930004
P0RES018-00248,DFUSDT,2025-01-04,True,200,100324050.13782999
P0RES018-00248,DFUSDT,2025-01-03,True,200,22307984.884269997
P0RES018-00248,DFUSDT,2025-01-02,True,200,33997413.505739994
P0RES018-00248,DFUSDT,2025-01-01,True,200,68214363.08343
P0RES018-00248,DFUSDT,2025-01-05,True,200,52578187.44976
P0RES018-00244,FARTCOINUSDT,2024-12-22,True,200,108003232.99807
P0RES018-00249,PHAUSDT,2024-12-31,True,200,154843104.99066004
P0RES018-00249,PHAUSDT,2025-01-02,True,200,149300408.55121
P0RES018-00249,PHAUSDT,2025-01-01,True,200,131969782.58268002
P0RES018-00249,PHAUSDT,2024-12-30,True,200,64588595.698819995
P0RES018-00249,PHAUSDT,2025-01-03,True,200,97488935.09197001
P0RES018-00250,AI16ZUSDT,2025-01-04,True,200,229201370.20513
P0RES018-00251,GRIFFAINUSDT,2025-01-03,True,200,117373255.97592
P0RES018-00250,AI16ZUSDT,2025-01-06,True,200,479819588.54811
P0RES018-00251,GRIFFAINUSDT,2025-01-05,True,200,51502363.12254
P0RES018-00249,PHAUSDT,2025-01-04,True,200,242133220.96222997
P0RES018-00250,AI16ZUSDT,2025-01-03,True,200,294002989.61368
P0RES018-00250,AI16ZUSDT,2025-01-05,True,200,220418602.32372004
P0RES018-00250,AI16ZUSDT,2025-01-07,True,200,405113285.76537
P0RES018-00251,GRIFFAINUSDT,2025-01-02,True,200,42444696.1392
P0RES018-00251,GRIFFAINUSDT,2025-01-07,True,200,200482687.31348997
P0RES018-00250,AI16ZUSDT,2025-01-02,True,200,168732411.29498002
P0RES018-00251,GRIFFAINUSDT,2025-01-08,True,200,109319316.22838001
P0RES018-00249,PHAUSDT,2025-01-05,True,200,136433439.20302
P0RES018-00251,GRIFFAINUSDT,2025-01-06,True,200,375039741.75936997
P0RES018-00252,ZEREBROUSDT,2025-01-04,True,200,68860791.88040002
P0RES018-00251,GRIFFAINUSDT,2025-01-04,True,200,59236855.00901999
P0RES018-00252,ZEREBROUSDT,2025-01-03,True,200,75592606.1418
P0RES018-00253,BIOUSDT,2025-01-04,True,200,703789856.3952999
P0RES018-00252,ZEREBROUSDT,2025-01-05,True,200,103910379.56469998
P0RES018-00252,ZEREBROUSDT,2025-01-02,True,200,44025176.3343
P0RES018-00253,BIOUSDT,2025-01-05,True,200,452201831.76259995
P0RES018-00252,ZEREBROUSDT,2025-01-07,True,200,130437231.10509999
P0RES018-00252,ZEREBROUSDT,2025-01-06,True,200,154996853.20340002
P0RES018-00253,BIOUSDT,2025-01-03,True,200,623009923.3199999
P0RES018-00253,BIOUSDT,2025-01-06,True,200,437243339.3522
P0RES018-00250,AI16ZUSDT,2025-01-08,True,200,280480809.38855
P0RES018-00252,ZEREBROUSDT,2025-01-08,True,200,96037714.67669998
P0RES018-00253,BIOUSDT,2025-01-08,True,200,223173111.07699996
P0RES018-00253,BIOUSDT,2025-01-07,True,200,268780052.6008
P0RES018-00254,ALCHUSDT,2025-01-08,True,200,147577329.07838
P0RES018-00254,ALCHUSDT,2025-01-07,True,200,192415553.85067
P0RES018-00254,ALCHUSDT,2025-01-09,True,200,105646222.72177999
P0RES018-00254,ALCHUSDT,2025-01-11,True,200,50687989.45453999
P0RES018-00255,COOKIEUSDT,2025-01-07,True,200,106682618.77839999
P0RES018-00254,ALCHUSDT,2025-01-12,True,200,50432249.646670006
P0RES018-00254,ALCHUSDT,2025-01-13,True,200,73556361.58102998
P0RES018-00255,COOKIEUSDT,2025-01-11,True,200,108881688.8421
P0RES018-00255,COOKIEUSDT,2025-01-12,True,200,64857674.076
P0RES018-00255,COOKIEUSDT,2025-01-08,True,200,89359876.01769999
P0RES018-00255,COOKIEUSDT,2025-01-09,True,200,69357457.5798
P0RES018-00253,BIOUSDT,2025-01-09,True,200,180249286.6591
P0RES018-00254,ALCHUSDT,2025-01-10,True,200,95304381.87419
P0RES018-00256,SWARMSUSDT,2025-01-07,True,200,78795953.34760001
P0RES018-00255,COOKIEUSDT,2025-01-13,True,200,116512841.34839998
P0RES018-00256,SWARMSUSDT,2025-01-10,True,200,407264956.4744001
P0RES018-00256,SWARMSUSDT,2025-01-08,True,200,395835072.35949993
P0RES018-00256,SWARMSUSDT,2025-01-09,True,200,382959931.98700005
P0RES018-00255,COOKIEUSDT,2025-01-10,True,200,332084787.4301001
P0RES018-00256,SWARMSUSDT,2025-01-12,True,200,314133377.24230003
P0RES018-00256,SWARMSUSDT,2025-01-13,True,200,415295128.30279994
P0RES018-00257,SONICUSDT,2025-01-08,True,200,316675916.19522995
P0RES018-00257,SONICUSDT,2025-01-10,True,200,356465315.65929997
P0RES018-00257,SONICUSDT,2025-01-09,True,200,201647468.6829
P0RES018-00257,SONICUSDT,2025-01-11,True,200,163146048.01800996
P0RES018-00257,SONICUSDT,2025-01-12,True,200,107060633.21833001
P0RES018-00257,SONICUSDT,2025-01-14,True,200,107672667.43227999
P0RES018-00256,SWARMSUSDT,2025-01-11,True,200,285578072.7882
P0RES018-00258,DUSDT,2025-01-09,True,200,60180455.26054
P0RES018-00258,DUSDT,2025-01-12,True,200,27716334.145630002
P0RES018-00258,DUSDT,2025-01-14,True,200,28150341.781419996
P0RES018-00258,DUSDT,2025-01-10,True,200,57544012.72735999
P0RES018-00258,DUSDT,2025-01-11,True,200,31257808.06461
P0RES018-00258,DUSDT,2025-01-13,True,200,38603243.700830005
P0RES018-00258,DUSDT,2025-01-15,True,200,23903721.40077
P0RES018-00259,PROMUSDT,2025-01-15,True,200,55480886.8356
P0RES018-00259,PROMUSDT,2025-01-17,True,200,31044203.184200004
P0RES018-00259,PROMUSDT,2025-01-18,True,200,19197867.4315
P0RES018-00257,SONICUSDT,2025-01-13,True,200,129176342.49407001
P0RES018-00259,PROMUSDT,2025-01-16,True,200,58333251.17090001
P0RES018-00259,PROMUSDT,2025-01-21,True,200,7983748.123299999
P0RES018-00259,PROMUSDT,2025-01-20,True,200,13965796.7294
P0RES018-00259,PROMUSDT,2025-01-19,True,200,22376652.442199998
P0RES018-00260,SUSDT,2025-01-18,True,200,66431668.88250001
P0RES018-00260,SUSDT,2025-01-16,True,200,56284729.7019
P0RES018-00260,SUSDT,2025-01-17,True,200,59742735.263399996
P0RES018-00260,SUSDT,2025-01-20,True,200,82411864.7259
P0RES018-00260,SUSDT,2025-01-21,True,200,147139289.18230003
P0RES018-00260,SUSDT,2025-01-19,True,200,103421157.5754
P0RES018-00260,SUSDT,2025-01-22,True,200,80350810.1856
P0RES018-00261,ARCUSDT,2025-01-17,True,200,45503503.15144
P0RES018-00261,ARCUSDT,2025-01-19,True,200,268607441.81541
P0RES018-00261,ARCUSDT,2025-01-18,True,200,249571955.69333002
P0RES018-00261,ARCUSDT,2025-01-20,True,200,150409622.98211
P0RES018-00261,ARCUSDT,2025-01-21,True,200,212069418.76261005
P0RES018-00261,ARCUSDT,2025-01-22,True,200,276020651.4002199
P0RES018-00261,ARCUSDT,2025-01-23,True,200,181055894.63602
P0RES018-00262,AVAAIUSDT,2025-01-19,True,200,140169801.42885998
P0RES018-00262,AVAAIUSDT,2025-01-22,True,200,150640386.04512995
P0RES018-00263,SOLVUSDT,2025-01-17,True,200,307787763.62829995
P0RES018-00262,AVAAIUSDT,2025-01-21,True,200,109195237.44038
P0RES018-00263,SOLVUSDT,2025-01-18,True,200,377781566.89739996
P0RES018-00262,AVAAIUSDT,2025-01-18,True,200,89790178.96557999
P0RES018-00262,AVAAIUSDT,2025-01-20,True,200,112145545.87239997
P0RES018-00263,SOLVUSDT,2025-01-19,True,200,226515178.5851
P0RES018-00262,AVAAIUSDT,2025-01-17,True,200,23919696.55067
P0RES018-00263,SOLVUSDT,2025-01-20,True,200,180034818.88529998
P0RES018-00263,SOLVUSDT,2025-01-22,True,200,144357774.9372
P0RES018-00263,SOLVUSDT,2025-01-21,True,200,159964658.54509997
P0RES018-00264,TRUMPUSDT,2025-01-18,True,200,5682544757.33006
P0RES018-00264,TRUMPUSDT,2025-01-19,True,200,34025735406.141186
P0RES018-00262,AVAAIUSDT,2025-01-23,True,200,91718753.58095998
P0RES018-00263,SOLVUSDT,2025-01-23,True,200,130197613.3002
P0RES018-00264,TRUMPUSDT,2025-01-21,True,200,9640813403.52459
P0RES018-00264,TRUMPUSDT,2025-01-23,True,200,4561880465.30441
P0RES018-00264,TRUMPUSDT,2025-01-22,True,200,4308186807.77231
P0RES018-00264,TRUMPUSDT,2025-01-20,True,200,17860193709.14507
P0RES018-00265,MELANIAUSDT,2025-01-20,True,200,2261499591.4646897
P0RES018-00264,TRUMPUSDT,2025-01-24,True,200,3083127465.0732403
P0RES018-00265,MELANIAUSDT,2025-01-21,True,200,1536898407.61627
P0RES018-00265,MELANIAUSDT,2025-01-22,True,200,560902378.3086898
P0RES018-00265,MELANIAUSDT,2025-01-23,True,200,823291377.7416999
P0RES018-00265,MELANIAUSDT,2025-01-24,True,200,364046838.54644
P0RES018-00265,MELANIAUSDT,2025-01-26,True,200,293366007.41916996
P0RES018-00265,MELANIAUSDT,2025-01-25,True,200,451347917.79766
P0RES018-00266,VTHOUSDT,2025-01-23,True,200,270977770.7550339
P0RES018-00266,VTHOUSDT,2025-01-22,True,200,433770052.5571259
P0RES018-00266,VTHOUSDT,2025-01-28,True,200,56751814.29578599
P0RES018-00266,VTHOUSDT,2025-01-24,True,200,161612456.83400503
P0RES018-00267,ANIMEUSDT,2025-01-23,True,200,234835020.7653
P0RES018-00266,VTHOUSDT,2025-01-27,True,200,104083478.757276
P0RES018-00267,ANIMEUSDT,2025-01-24,True,200,572058231.3187002
P0RES018-00267,ANIMEUSDT,2025-01-25,True,200,350072424.8383
P0RES018-00267,ANIMEUSDT,2025-01-27,True,200,190646104.95650002
P0RES018-00267,ANIMEUSDT,2025-01-26,True,200,179275562.78990003
P0RES018-00267,ANIMEUSDT,2025-01-29,True,200,128464472.86179999
P0RES018-00266,VTHOUSDT,2025-01-26,True,200,180594382.4929291
P0RES018-00268,PIPPINUSDT,2025-01-24,True,200,51989076.958519995
P0RES018-00267,ANIMEUSDT,2025-01-28,True,200,122093629.55789998
P0RES018-00266,VTHOUSDT,2025-01-25,True,200,145456458.50853696
P0RES018-00268,PIPPINUSDT,2025-01-27,True,200,98571107.22175999
P0RES018-00268,PIPPINUSDT,2025-01-26,True,200,73463327.15920998
P0RES018-00268,PIPPINUSDT,2025-01-25,True,200,181121674.40614
P0RES018-00268,PIPPINUSDT,2025-01-28,True,200,57155775.806269996
P0RES018-00269,VINEUSDT,2025-01-24,True,200,366297326.76703
P0RES018-00268,PIPPINUSDT,2025-01-30,True,200,44408806.18954
P0RES018-00268,PIPPINUSDT,2025-01-29,True,200,61031613.33804
P0RES018-00269,VINEUSDT,2025-01-25,True,200,3119175267.4939094
P0RES018-00269,VINEUSDT,2025-01-27,True,200,1057029402.4998803
P0RES018-00269,VINEUSDT,2025-01-28,True,200,692762322.8586501
P0RES018-00269,VINEUSDT,2025-01-26,True,200,2267185237.64258
P0RES018-00269,VINEUSDT,2025-01-30,True,200,410492742.21652013
P0RES018-00269,VINEUSDT,2025-01-29,True,200,965684655.6775901
P0RES018-00270,VVVUSDT,2025-02-01,True,200,214907266.92127004
P0RES018-00270,VVVUSDT,2025-01-29,True,200,158903370.82648996
P0RES018-00270,VVVUSDT,2025-02-03,True,200,499143957.28132
P0RES018-00270,VVVUSDT,2025-01-31,True,200,242632131.436
P0RES018-00270,VVVUSDT,2025-02-02,True,200,254622940.18956
P0RES018-00270,VVVUSDT,2025-01-30,True,200,219696465.16212994
P0RES018-00271,BERAUSDT,2025-02-08,True,200,1041296323.1974001
P0RES018-00271,BERAUSDT,2025-02-07,True,200,1845558690.7440999
P0RES018-00270,VVVUSDT,2025-02-04,True,200,628359774.72892
P0RES018-00271,BERAUSDT,2025-02-06,True,200,1838659972.3981998
P0RES018-00271,BERAUSDT,2025-02-09,True,200,741688900.1512
P0RES018-00271,BERAUSDT,2025-02-10,True,200,632456926.8949001
P0RES018-00271,BERAUSDT,2025-02-12,True,200,428410875.32739985
P0RES018-00271,BERAUSDT,2025-02-11,True,200,520352378.41520005
P0RES018-00272,TSTUSDT,2025-02-09,True,200,1050212859.2179
P0RES018-00272,TSTUSDT,2025-02-10,True,200,1897696366.0604002
P0RES018-00272,TSTUSDT,2025-02-11,True,200,1415675728.8683002
P0RES018-00273,LAYERUSDT,2025-02-15,True,200,230485452.44427
P0RES018-00273,LAYERUSDT,2025-02-13,True,200,491976834.80748
P0RES018-00272,TSTUSDT,2025-02-13,True,200,832189303.7461
P0RES018-00273,LAYERUSDT,2025-02-16,True,200,127146333.99910001
P0RES018-00273,LAYERUSDT,2025-02-14,True,200,292925067.18996996
P0RES018-00273,LAYERUSDT,2025-02-12,True,200,3320989203.0623403
P0RES018-00272,TSTUSDT,2025-02-15,True,200,421277591.60779995
P0RES018-00273,LAYERUSDT,2025-02-11,True,200,975776299.0864301
P0RES018-00273,LAYERUSDT,2025-02-17,True,200,102025879.31446
P0RES018-00274,B3USDT,2025-02-14,True,200,108791885.08884999
P0RES018-00272,TSTUSDT,2025-02-12,True,200,910774427.203
P0RES018-00272,TSTUSDT,2025-02-14,True,200,608055831.2873999
P0RES018-00274,B3USDT,2025-02-13,True,200,109607831.24507998
P0RES018-00274,B3USDT,2025-02-17,True,200,89177485.88897999
P0RES018-00274,B3USDT,2025-02-16,True,200,114763469.84065998
P0RES018-00274,B3USDT,2025-02-18,True,200,43822602.49466
P0RES018-00275,HEIUSDT,2025-02-13,True,200,511814440.19665
P0RES018-00274,B3USDT,2025-02-19,True,200,39488542.30769999
P0RES018-00275,HEIUSDT,2025-02-14,True,200,359489988.44593996
P0RES018-00275,HEIUSDT,2025-02-17,True,200,103526993.03393
P0RES018-00274,B3USDT,2025-02-15,True,200,68099581.88724001
P0RES018-00275,HEIUSDT,2025-02-16,True,200,114895172.74663
P0RES018-00275,HEIUSDT,2025-02-15,True,200,180816456.28070003
P0RES018-00275,HEIUSDT,2025-02-19,True,200,45300600.53885
P0RES018-00276,IPUSDT,2025-02-15,True,200,200225496.68971598
P0RES018-00276,IPUSDT,2025-02-16,True,200,632217536.181082
P0RES018-00276,IPUSDT,2025-02-13,True,200,95835367.53480801
P0RES018-00276,IPUSDT,2025-02-17,True,200,493653816.077356
P0RES018-00276,IPUSDT,2025-02-18,True,200,533742002.140927
P0RES018-00276,IPUSDT,2025-02-19,True,200,1086414734.309084
P0RES018-00277,GPSUSDT,2025-02-18,True,200,146530551.3884
P0RES018-00277,GPSUSDT,2025-02-17,True,200,72492123.9773
P0RES018-00276,IPUSDT,2025-02-14,True,200,468753515.8217569
P0RES018-00275,HEIUSDT,2025-02-18,True,200,79296260.57019
P0RES018-00277,GPSUSDT,2025-02-19,True,200,141559923.02910003
P0RES018-00277,GPSUSDT,2025-02-21,True,200,59261719.4515
P0RES018-00278,SHELLUSDT,2025-02-20,True,200,133199676.27980003
P0RES018-00278,SHELLUSDT,2025-02-19,True,200,192181400.5162
P0RES018-00278,SHELLUSDT,2025-02-18,True,200,207649395.4261
P0RES018-00277,GPSUSDT,2025-02-23,True,200,16512790.727899998
P0RES018-00278,SHELLUSDT,2025-02-17,True,200,32785972.690999996
P0RES018-00277,GPSUSDT,2025-02-22,True,200,24069120.918799996
P0RES018-00277,GPSUSDT,2025-02-20,True,200,109661010.93140003
P0RES018-00278,SHELLUSDT,2025-02-21,True,200,127748907.7952
P0RES018-00278,SHELLUSDT,2025-02-22,True,200,86620897.4925
P0RES018-00279,KAITOUSDT,2025-02-23,True,200,859284187.6042999
P0RES018-00279,KAITOUSDT,2025-02-25,True,200,1228884006.55186
P0RES018-00280,REDUSDT,2025-03-06,True,200,314729259.58870006
P0RES018-00279,KAITOUSDT,2025-02-26,True,200,2431374255.35372
P0RES018-00279,KAITOUSDT,2025-02-24,True,200,2396314411.8816905
P0RES018-00280,REDUSDT,2025-03-07,True,200,483831071.40870005
P0RES018-00280,REDUSDT,2025-03-08,True,200,247064219.2388
P0RES018-00278,SHELLUSDT,2025-02-23,True,200,30648794.104600005
P0RES018-00280,REDUSDT,2025-03-09,True,200,204370170.93760002
P0RES018-00280,REDUSDT,2025-03-10,True,200,120928607.46589997
P0RES018-00280,REDUSDT,2025-03-11,True,200,113002145.6468
P0RES018-00279,KAITOUSDT,2025-02-20,True,200,2399783572.0351396
P0RES018-00279,KAITOUSDT,2025-02-22,True,200,1876911877.81929
P0RES018-00280,REDUSDT,2025-03-12,True,200,485390563.29590005
P0RES018-00281,VICUSDT,2025-03-13,True,200,226828515.7749
P0RES018-00281,VICUSDT,2025-03-12,True,200,137171195.6741
P0RES018-00279,KAITOUSDT,2025-02-21,True,200,3958048809.135289
P0RES018-00281,VICUSDT,2025-03-14,True,200,92066734.5387
P0RES018-00281,VICUSDT,2025-03-16,True,200,47059878.65540002
P0RES018-00281,VICUSDT,2025-03-18,True,200,23081553.4323
P0RES018-00281,VICUSDT,2025-03-17,True,200,28955385.3288
P0RES018-00281,VICUSDT,2025-03-15,True,200,84543121.23819996
P0RES018-00282,EPICUSDT,2025-03-14,True,200,183130168.16893
P0RES018-00282,EPICUSDT,2025-03-16,True,200,82502099.58809002
P0RES018-00282,EPICUSDT,2025-03-15,True,200,175236462.16049004
P0RES018-00282,EPICUSDT,2025-03-13,True,200,195186879.86058
P0RES018-00282,EPICUSDT,2025-03-18,True,200,45751224.20425999
P0RES018-00282,EPICUSDT,2025-03-17,True,200,44168807.74061999
P0RES018-00283,BMTUSDT,2025-03-17,True,200,105641597.9771
P0RES018-00283,BMTUSDT,2025-03-20,True,200,298285129.4929999
P0RES018-00283,BMTUSDT,2025-03-18,True,200,1385596990.3593
P0RES018-00283,BMTUSDT,2025-03-19,True,200,553234771.7017999
P0RES018-00282,EPICUSDT,2025-03-19,True,200,29525868.774160005
P0RES018-00283,BMTUSDT,2025-03-21,True,200,113504113.76619999
P0RES018-00283,BMTUSDT,2025-03-22,True,200,97458706.81019999
P0RES018-00283,BMTUSDT,2025-03-23,True,200,55610061.730000004
P0RES018-00284,MUBARAKUSDT,2025-03-19,True,200,912356141.6768003
P0RES018-00284,MUBARAKUSDT,2025-03-17,True,200,694134426.1068
P0RES018-00285,FORMUSDT,2025-03-19,True,200,209084787.99835002
P0RES018-00284,MUBARAKUSDT,2025-03-21,True,200,303828274.15050006
P0RES018-00284,MUBARAKUSDT,2025-03-22,True,200,191784015.76220003
P0RES018-00284,MUBARAKUSDT,2025-03-23,True,200,402538259.9312
P0RES018-00285,FORMUSDT,2025-03-23,True,200,126573387.21675
P0RES018-00285,FORMUSDT,2025-03-20,True,200,201729784.07180002
P0RES018-00285,FORMUSDT,2025-03-24,True,200,237088815.17703003
P0RES018-00284,MUBARAKUSDT,2025-03-18,True,200,1299660051.6605997
P0RES018-00285,FORMUSDT,2025-03-22,True,200,43918766.95504
P0RES018-00285,FORMUSDT,2025-03-21,True,200,122694128.53022
P0RES018-00284,MUBARAKUSDT,2025-03-20,True,200,443945307.2437
P0RES018-00285,FORMUSDT,2025-03-25,True,200,193559883.21329
P0RES018-00286,BIDUSDT,2025-03-21,True,200,47039815.04557001
P0RES018-00286,BIDUSDT,2025-03-20,True,200,67293952.12155999
P0RES018-00286,BIDUSDT,2025-03-23,True,200,15366655.396990001
P0RES018-00286,BIDUSDT,2025-03-26,True,200,8692200.64212
P0RES018-00286,BIDUSDT,2025-03-25,True,200,6310884.98587
P0RES018-00286,BIDUSDT,2025-03-22,True,200,22989194.71621
P0RES018-00286,BIDUSDT,2025-03-24,True,200,9592278.55241
P0RES018-00287,TUTUSDT,2025-03-21,True,200,122997838.20384
P0RES018-00287,TUTUSDT,2025-03-25,True,200,48828677.204210006
P0RES018-00287,TUTUSDT,2025-03-24,True,200,51681947.90542999
P0RES018-00287,TUTUSDT,2025-03-22,True,200,59615845.12328
P0RES018-00287,TUTUSDT,2025-03-20,True,200,156025232.37479
P0RES018-00288,BROCCOLI714USDT,2025-03-22,True,200,39926664.27651999
P0RES018-00288,BROCCOLI714USDT,2025-03-21,True,200,76362899.90957001
P0RES018-00287,TUTUSDT,2025-03-26,True,200,30091307.881419994
P0RES018-00287,TUTUSDT,2025-03-23,True,200,58255348.95511999
P0RES018-00288,BROCCOLI714USDT,2025-03-24,True,200,62121146.950370006
P0RES018-00288,BROCCOLI714USDT,2025-03-23,True,200,79125000.0907
P0RES018-00288,BROCCOLI714USDT,2025-03-25,True,200,21336200.61806
P0RES018-00288,BROCCOLI714USDT,2025-03-27,True,200,145141150.69197
P0RES018-00289,BROCCOLIF3BUSDT,2025-03-22,True,200,108747497.80461703
P0RES018-00289,BROCCOLIF3BUSDT,2025-03-21,True,200,177516618.68696997
P0RES018-00288,BROCCOLI714USDT,2025-03-26,True,200,26792965.36145
P0RES018-00289,BROCCOLIF3BUSDT,2025-03-23,True,200,28587297.39617501
P0RES018-00289,BROCCOLIF3BUSDT,2025-03-25,True,200,12014936.496166997
P0RES018-00289,BROCCOLIF3BUSDT,2025-03-24,True,200,15322989.159112
P0RES018-00289,BROCCOLIF3BUSDT,2025-03-27,True,200,51656009.712900005
P0RES018-00289,BROCCOLIF3BUSDT,2025-03-26,True,200,14075963.143459002
P0RES018-00290,BRUSDT,2025-03-22,True,200,32811944.351600002
P0RES018-00290,BRUSDT,2025-03-23,True,200,15224104.817200001
P0RES018-00290,BRUSDT,2025-03-24,True,200,67901916.674
P0RES018-00290,BRUSDT,2025-03-25,True,200,51694352.7847
P0RES018-00290,BRUSDT,2025-03-21,True,200,33135442.5914
P0RES018-00290,BRUSDT,2025-03-27,True,200,39888171.8028
P0RES018-00290,BRUSDT,2025-03-26,True,200,39169234.7615
P0RES018-00291,PLUMEUSDT,2025-03-23,True,200,11123961.029800003
P0RES018-00291,PLUMEUSDT,2025-03-21,True,200,16771101.713400003
P0RES018-00291,PLUMEUSDT,2025-03-22,True,200,16296299.265099997
P0RES018-00291,PLUMEUSDT,2025-03-24,True,200,23632864.655799996
P0RES018-00291,PLUMEUSDT,2025-03-27,True,200,7349353.656199998
P0RES018-00291,PLUMEUSDT,2025-03-26,True,200,9423679.9461
P0RES018-00291,PLUMEUSDT,2025-03-25,True,200,8945462.5968
P0RES018-00292,BANANAS31USDT,2025-03-22,True,200,152414816.61674103
P0RES018-00292,BANANAS31USDT,2025-03-23,True,200,63262480.088480994
P0RES018-00292,BANANAS31USDT,2025-03-24,True,200,32886048.971763
P0RES018-00292,BANANAS31USDT,2025-03-25,True,200,33778458.12368199
P0RES018-00292,BANANAS31USDT,2025-03-27,True,200,85181178.927109
P0RES018-00292,BANANAS31USDT,2025-03-28,True,200,60405074.817871
P0RES018-00292,BANANAS31USDT,2025-03-26,True,200,75198749.01494603
P0RES018-00293,SIRENUSDT,2025-03-22,True,200,78584406.67460999
P0RES018-00293,SIRENUSDT,2025-03-23,True,200,31517992.195819996
P0RES018-00293,SIRENUSDT,2025-03-24,True,200,65233505.248179995
P0RES018-00294,NILUSDT,2025-03-24,True,200,791590801.5866101
P0RES018-00293,SIRENUSDT,2025-03-25,True,200,102608099.29439
P0RES018-00293,SIRENUSDT,2025-03-27,True,200,63809462.45957999
P0RES018-00293,SIRENUSDT,2025-03-28,True,200,32983651.789799996
P0RES018-00294,NILUSDT,2025-03-25,True,200,842078254.8299701
P0RES018-00293,SIRENUSDT,2025-03-26,True,200,70083130.95146002
P0RES018-00294,NILUSDT,2025-03-27,True,200,304786489.53905004
P0RES018-00294,NILUSDT,2025-03-26,True,200,294430304.81554997
P0RES018-00294,NILUSDT,2025-03-28,True,200,133001425.04054998
P0RES018-00294,NILUSDT,2025-03-29,True,200,98262044.25129998
P0RES018-00295,PARTIUSDT,2025-03-25,True,200,813970241.4502001
P0RES018-00294,NILUSDT,2025-03-30,True,200,107729614.4974
P0RES018-00295,PARTIUSDT,2025-03-26,True,200,1068776392.7609999
P0RES018-00295,PARTIUSDT,2025-03-28,True,200,292238852.66419995
P0RES018-00295,PARTIUSDT,2025-03-27,True,200,513530013.4544
P0RES018-00296,JELLYJELLYUSDT,2025-03-27,True,200,158660834.68896002
P0RES018-00295,PARTIUSDT,2025-03-29,True,200,269011921.5754999
P0RES018-00295,PARTIUSDT,2025-03-31,True,200,130620944.55450001
P0RES018-00296,JELLYJELLYUSDT,2025-03-29,True,200,52154388.50284999
P0RES018-00296,JELLYJELLYUSDT,2025-03-26,True,200,157621795.99085
P0RES018-00296,JELLYJELLYUSDT,2025-03-28,True,200,50707547.09586999
P0RES018-00295,PARTIUSDT,2025-03-30,True,200,283872971.7668
P0RES018-00296,JELLYJELLYUSDT,2025-03-31,True,200,35684385.809640005
P0RES018-00296,JELLYJELLYUSDT,2025-03-30,True,200,37750561.26221
P0RES018-00297,MAVIAUSDT,2025-03-28,True,200,39890332.60750001
P0RES018-00296,JELLYJELLYUSDT,2025-04-01,True,200,25682346.528590005
P0RES018-00297,MAVIAUSDT,2025-03-27,True,200,88307692.2573
P0RES018-00297,MAVIAUSDT,2025-03-29,True,200,21950944.983000007
P0RES018-00297,MAVIAUSDT,2025-03-30,True,200,70420585.4966
P0RES018-00297,MAVIAUSDT,2025-03-26,True,200,54396308.5356
P0RES018-00297,MAVIAUSDT,2025-03-31,True,200,48986924.444000006
P0RES018-00298,PAXGUSDT,2025-03-27,True,200,23259449.585010003
P0RES018-00298,PAXGUSDT,2025-03-29,True,200,11978962.8344
P0RES018-00298,PAXGUSDT,2025-03-28,True,200,16949610.595909998
P0RES018-00297,MAVIAUSDT,2025-04-01,True,200,16353234.3465
P0RES018-00298,PAXGUSDT,2025-04-01,True,200,12522013.48967
P0RES018-00298,PAXGUSDT,2025-03-31,True,200,17610039.971299995
P0RES018-00298,PAXGUSDT,2025-04-02,True,200,19451720.401260003
P0RES018-00299,WALUSDT,2025-03-30,True,200,82318235.45729999
P0RES018-00299,WALUSDT,2025-03-29,True,200,86742340.43490002
P0RES018-00299,WALUSDT,2025-03-31,True,200,148102796.68810004
P0RES018-00299,WALUSDT,2025-03-28,True,200,283793671.15909994
P0RES018-00299,WALUSDT,2025-03-27,True,200,168332699.773
P0RES018-00299,WALUSDT,2025-04-01,True,200,274808012.3765
P0RES018-00300,FUNUSDT,2025-03-31,True,200,23996476.630271997
P0RES018-00298,PAXGUSDT,2025-03-30,True,200,12482853.136100002
P0RES018-00300,FUNUSDT,2025-04-03,True,200,492142148.97588396
P0RES018-00300,FUNUSDT,2025-04-02,True,200,57837143.633843
P0RES018-00300,FUNUSDT,2025-04-04,True,200,359774427.41433203
P0RES018-00300,FUNUSDT,2025-04-01,True,200,35667792.002362005
P0RES018-00301,GUNUSDT,2025-03-31,True,200,585714307.8762
P0RES018-00300,FUNUSDT,2025-04-06,True,200,1213353350.7162342
P0RES018-00299,WALUSDT,2025-04-02,True,200,236922935.5164
P0RES018-00301,GUNUSDT,2025-04-05,True,200,416048555.13049996
P0RES018-00301,GUNUSDT,2025-04-01,True,200,599620573.2291001
P0RES018-00301,GUNUSDT,2025-04-03,True,200,210285753.68980002
P0RES018-00301,GUNUSDT,2025-04-04,True,200,214482669.34659994
P0RES018-00300,FUNUSDT,2025-04-05,True,200,1249151696.4615083
P0RES018-00301,GUNUSDT,2025-04-02,True,200,381509289.503
P0RES018-00301,GUNUSDT,2025-04-06,True,200,944608004.8295002
P0RES018-00302,MLNUSDT,2025-03-31,True,200,138432136.13719997
P0RES018-00302,MLNUSDT,2025-04-01,True,200,142843724.88889998
P0RES018-00302,MLNUSDT,2025-04-05,True,200,102684675.88890001
P0RES018-00302,MLNUSDT,2025-04-02,True,200,44495940.59529999
P0RES018-00302,MLNUSDT,2025-04-04,True,200,17792454.8011
P0RES018-00302,MLNUSDT,2025-04-03,True,200,25174266.475100003
P0RES018-00303,ATHUSDT,2025-04-02,True,200,15236463.201709999
P0RES018-00302,MLNUSDT,2025-04-06,True,200,40136428.897300005
P0RES018-00303,ATHUSDT,2025-04-03,True,200,29646000.369539995
P0RES018-00303,ATHUSDT,2025-04-04,True,200,28600492.48351
P0RES018-00303,ATHUSDT,2025-04-06,True,200,13454821.98722
P0RES018-00303,ATHUSDT,2025-04-07,True,200,11949472.915369995
P0RES018-00303,ATHUSDT,2025-04-05,True,200,13837637.401570002
P0RES018-00303,ATHUSDT,2025-04-08,True,200,10250973.51279
P0RES018-00304,BABYUSDT,2025-04-05,True,200,18268398.34429
P0RES018-00304,BABYUSDT,2025-04-06,True,200,10684759.481560001
P0RES018-00304,BABYUSDT,2025-04-07,True,200,21259082.693729993
P0RES018-00304,BABYUSDT,2025-04-08,True,200,9370511.60171
P0RES018-00305,FORTHUSDT,2025-04-08,True,200,521721175.2384
P0RES018-00304,BABYUSDT,2025-04-09,True,200,27231444.6366
P0RES018-00304,BABYUSDT,2025-04-11,True,200,1191043054.63022
P0RES018-00304,BABYUSDT,2025-04-10,True,200,949214119.3533798
P0RES018-00305,FORTHUSDT,2025-04-13,True,200,63552152.6065
P0RES018-00305,FORTHUSDT,2025-04-10,True,200,66375021.52509999
P0RES018-00305,FORTHUSDT,2025-04-09,True,200,261949196.83249995
P0RES018-00305,FORTHUSDT,2025-04-14,True,200,22753323.940799996
P0RES018-00305,FORTHUSDT,2025-04-11,True,200,49018620.11750001
P0RES018-00305,FORTHUSDT,2025-04-12,True,200,62296241.1898
P0RES018-00306,PROMPTUSDT,2025-04-11,True,200,807675566.2353001
P0RES018-00306,PROMPTUSDT,2025-04-13,True,200,518469926.2616
P0RES018-00306,PROMPTUSDT,2025-04-14,True,200,240790595.2942
P0RES018-00306,PROMPTUSDT,2025-04-15,True,200,228850730.30299997
P0RES018-00306,PROMPTUSDT,2025-04-12,True,200,1387674620.0363002
P0RES018-00306,PROMPTUSDT,2025-04-16,True,200,141338027.4056
P0RES018-00306,PROMPTUSDT,2025-04-17,True,200,82538448.24909998
P0RES018-00307,XCNUSDT,2025-04-15,True,200,25206713.252240002
P0RES018-00307,XCNUSDT,2025-04-16,True,200,28449132.021209996
P0RES018-00307,XCNUSDT,2025-04-17,True,200,25069655.578029998
P0RES018-00307,XCNUSDT,2025-04-12,True,200,88555677.20078999
P0RES018-00307,XCNUSDT,2025-04-13,True,200,67592473.47742
P0RES018-00307,XCNUSDT,2025-04-14,True,200,37166127.74463999
P0RES018-00307,XCNUSDT,2025-04-11,True,200,64801099.70385
P0RES018-00308,FHEUSDT,2025-04-13,True,200,137155679.00488
P0RES018-00308,FHEUSDT,2025-04-15,True,200,104042307.29061
P0RES018-00308,FHEUSDT,2025-04-14,True,200,55911443.849539995
P0RES018-00308,FHEUSDT,2025-04-16,True,200,46311629.48091001
P0RES018-00309,STOUSDT,2025-04-12,True,200,66362881.530430004
P0RES018-00308,FHEUSDT,2025-04-18,True,200,109191151.16760999
P0RES018-00308,FHEUSDT,2025-04-12,True,200,80579616.17344998
P0RES018-00308,FHEUSDT,2025-04-17,True,200,53709128.979789995
P0RES018-00309,STOUSDT,2025-04-13,True,200,40361419.63465999
P0RES018-00309,STOUSDT,2025-04-17,True,200,19705498.893019997
P0RES018-00310,KERNELUSDT,2025-04-14,True,200,537659761.1249
P0RES018-00309,STOUSDT,2025-04-14,True,200,50262100.96835001
P0RES018-00309,STOUSDT,2025-04-18,True,200,13296231.311069999
P0RES018-00309,STOUSDT,2025-04-15,True,200,18377868.6352
P0RES018-00310,KERNELUSDT,2025-04-15,True,200,503854783.8527
P0RES018-00309,STOUSDT,2025-04-16,True,200,28964944.74177
P0RES018-00310,KERNELUSDT,2025-04-16,True,200,366989308.6711999
P0RES018-00310,KERNELUSDT,2025-04-18,True,200,166486814.1804
P0RES018-00310,KERNELUSDT,2025-04-19,True,200,146560925.5163
P0RES018-00310,KERNELUSDT,2025-04-17,True,200,215397817.70700005
P0RES018-00311,WCTUSDT,2025-04-15,True,200,474836578.4287999
P0RES018-00310,KERNELUSDT,2025-04-20,True,200,141558660.3967
P0RES018-00311,WCTUSDT,2025-04-17,True,200,669635002.8885
P0RES018-00311,WCTUSDT,2025-04-16,True,200,1887238264.9365003
P0RES018-00311,WCTUSDT,2025-04-18,True,200,358295224.6851
P0RES018-00311,WCTUSDT,2025-04-20,True,200,691492053.3829999
P0RES018-00311,WCTUSDT,2025-04-21,True,200,328607745.2394999
P0RES018-00311,WCTUSDT,2025-04-19,True,200,478473269.98919994
P0RES018-00312,AERGOUSDT,2025-04-16,True,200,525404921.85433
P0RES018-00312,AERGOUSDT,2025-04-17,True,200,753264160.86391
P0RES018-00312,AERGOUSDT,2025-04-19,True,200,927996022.3045498
P0RES018-00312,AERGOUSDT,2025-04-20,True,200,545935600.9026899
P0RES018-00312,AERGOUSDT,2025-04-18,True,200,1100662255.33797
P0RES018-00313,INITUSDT,2025-04-18,True,200,7167043.698600001
P0RES018-00312,AERGOUSDT,2025-04-22,True,200,183718414.32309997
P0RES018-00313,INITUSDT,2025-04-17,True,200,12721051.536499998
P0RES018-00313,INITUSDT,2025-04-16,True,200,9505053.832600001
P0RES018-00313,INITUSDT,2025-04-22,True,200,2984406.9452999993
P0RES018-00313,INITUSDT,2025-04-19,True,200,2829633.252
P0RES018-00313,INITUSDT,2025-04-20,True,200,2504534.8394999993
P0RES018-00314,BANKUSDT,2025-04-19,True,200,174310205.93580195
P0RES018-00312,AERGOUSDT,2025-04-21,True,200,242620585.62434
P0RES018-00314,BANKUSDT,2025-04-23,True,200,46553367.653265
P0RES018-00313,INITUSDT,2025-04-21,True,200,2638362.3161000004
P0RES018-00314,BANKUSDT,2025-04-22,True,200,65307595.28817
P0RES018-00315,EPTUSDT,2025-04-21,True,200,90149120.87149401
P0RES018-00315,EPTUSDT,2025-04-23,True,200,62134114.205131
P0RES018-00314,BANKUSDT,2025-04-24,True,200,29808241.375322998
P0RES018-00315,EPTUSDT,2025-04-22,True,200,101167471.62685
P0RES018-00314,BANKUSDT,2025-04-20,True,200,65118051.562955014
P0RES018-00314,BANKUSDT,2025-04-21,True,200,89085303.48724401
P0RES018-00314,BANKUSDT,2025-04-18,True,200,93503581.59269902
P0RES018-00315,EPTUSDT,2025-04-24,True,200,40228081.884945996
P0RES018-00315,EPTUSDT,2025-04-27,True,200,24849885.91799699
P0RES018-00315,EPTUSDT,2025-04-26,True,200,23603874.141549
P0RES018-00315,EPTUSDT,2025-04-25,True,200,34048786.976363994
P0RES018-00316,DEEPUSDT,2025-04-22,True,200,164220224.96857998
P0RES018-00316,DEEPUSDT,2025-04-23,True,200,603034869.61803
P0RES018-00317,HYPERUSDT,2025-04-22,True,200,352580014.5002
P0RES018-00316,DEEPUSDT,2025-04-28,True,200,378156566.9361899
P0RES018-00316,DEEPUSDT,2025-04-26,True,200,46722222.63818
P0RES018-00317,HYPERUSDT,2025-04-23,True,200,490063267.6818
P0RES018-00317,HYPERUSDT,2025-04-24,True,200,157497978.66960004
P0RES018-00316,DEEPUSDT,2025-04-25,True,200,129205627.26314
P0RES018-00316,DEEPUSDT,2025-04-24,True,200,166379598.63222998
P0RES018-00317,HYPERUSDT,2025-04-25,True,200,104639120.62990001
P0RES018-00316,DEEPUSDT,2025-04-27,True,200,137872517.17600998
P0RES018-00317,HYPERUSDT,2025-04-26,True,200,91487885.06939998
P0RES018-00317,HYPERUSDT,2025-04-27,True,200,132840812.48640002
P0RES018-00318,FISUSDT,2025-04-25,True,200,49005311.27469999
P0RES018-00317,HYPERUSDT,2025-04-28,True,200,50080793.84910001
P0RES018-00318,FISUSDT,2025-04-26,True,200,32251715.16159
P0RES018-00318,FISUSDT,2025-04-27,True,200,254248877.7117
P0RES018-00318,FISUSDT,2025-04-28,True,200,195680991.04347
P0RES018-00319,MEMEFIUSDT,2025-04-25,True,200,261872218.129201
P0RES018-00319,MEMEFIUSDT,2025-04-30,True,200,105616778.74704498
P0RES018-00320,JSTUSDT,2025-04-29,True,200,33079171.513361998
P0RES018-00319,MEMEFIUSDT,2025-04-28,True,200,371472440.673276
P0RES018-00318,FISUSDT,2025-04-30,True,200,37138049.138509996
P0RES018-00318,FISUSDT,2025-04-29,True,200,39321091.696559995
P0RES018-00319,MEMEFIUSDT,2025-04-29,True,200,234922090.67842996
P0RES018-00318,FISUSDT,2025-05-01,True,200,18047520.95278
P0RES018-00319,MEMEFIUSDT,2025-05-01,True,200,165176638.06178102
P0RES018-00320,JSTUSDT,2025-04-28,True,200,41479162.51950701
P0RES018-00319,MEMEFIUSDT,2025-04-27,True,200,218883087.79364496
P0RES018-00319,MEMEFIUSDT,2025-04-26,True,200,304522463.3423011
P0RES018-00320,JSTUSDT,2025-05-01,True,200,17035604.039494
P0RES018-00320,JSTUSDT,2025-05-02,True,200,5321876.42022
P0RES018-00320,JSTUSDT,2025-05-04,True,200,6882410.6751580015
P0RES018-00320,JSTUSDT,2025-05-03,True,200,5293974.289268999
P0RES018-00321,SIGNUSDT,2025-04-28,True,200,431605528.26951
P0RES018-00321,SIGNUSDT,2025-04-29,True,200,1667366480.9361496
P0RES018-00321,SIGNUSDT,2025-05-03,True,200,313770944.78752005
P0RES018-00321,SIGNUSDT,2025-05-04,True,200,162280207.97498006
P0RES018-00322,AIOTUSDT,2025-05-01,True,200,323845851.66685
P0RES018-00322,AIOTUSDT,2025-04-30,True,200,264931256.27131
P0RES018-00321,SIGNUSDT,2025-05-01,True,200,243368305.59555998
P0RES018-00320,JSTUSDT,2025-04-30,True,200,12585527.119865
P0RES018-00321,SIGNUSDT,2025-04-30,True,200,586793820.6818199
P0RES018-00321,SIGNUSDT,2025-05-02,True,200,142090238.47438
P0RES018-00322,AIOTUSDT,2025-05-02,True,200,447304250.4065799
P0RES018-00322,AIOTUSDT,2025-05-03,True,200,453857559.29182994
P0RES018-00322,AIOTUSDT,2025-05-05,True,200,242410883.84765995
P0RES018-00323,CTKUSDT,2025-05-02,True,200,22391629.2818
P0RES018-00323,CTKUSDT,2025-05-01,True,200,19983062.6706
P0RES018-00323,CTKUSDT,2025-05-03,True,200,22838732.525599997
P0RES018-00323,CTKUSDT,2025-05-05,True,200,8574917.8594
P0RES018-00323,CTKUSDT,2025-05-06,True,200,6687119.052700001
P0RES018-00323,CTKUSDT,2025-05-04,True,200,9280054.8434
P0RES018-00324,PUNDIXUSDT,2025-04-30,True,200,52399880.67130001
P0RES018-00322,AIOTUSDT,2025-05-04,True,200,317988683.31502
P0RES018-00324,PUNDIXUSDT,2025-05-02,True,200,290465308.40439993
P0RES018-00324,PUNDIXUSDT,2025-05-04,True,200,143757845.54349995
P0RES018-00324,PUNDIXUSDT,2025-05-03,True,200,291744209.9887
P0RES018-00324,PUNDIXUSDT,2025-05-01,True,200,64730623.221800014
P0RES018-00323,CTKUSDT,2025-04-30,True,200,43611398.48550001
P0RES018-00324,PUNDIXUSDT,2025-05-05,True,200,116272249.8943
P0RES018-00322,AIOTUSDT,2025-05-06,True,200,220485737.47311997
P0RES018-00325,DOLOUSDT,2025-05-02,True,200,38624954.242176004
P0RES018-00325,DOLOUSDT,2025-05-01,True,200,128375062.72385201
P0RES018-00325,DOLOUSDT,2025-05-04,True,200,15947336.112230001
P0RES018-00325,DOLOUSDT,2025-05-05,True,200,10019032.499776
P0RES018-00326,HAEDALUSDT,2025-05-02,True,200,539169750.113246
P0RES018-00325,DOLOUSDT,2025-05-06,True,200,11335404.942543
P0RES018-00326,HAEDALUSDT,2025-05-01,True,200,150928521.131078
P0RES018-00325,DOLOUSDT,2025-05-07,True,200,5972577.540477001
P0RES018-00326,HAEDALUSDT,2025-05-04,True,200,197059549.765066
P0RES018-00325,DOLOUSDT,2025-05-03,True,200,32895289.266008005
P0RES018-00326,HAEDALUSDT,2025-05-05,True,200,178270472.13410795
P0RES018-00326,HAEDALUSDT,2025-05-06,True,200,388325808.8270529
P0RES018-00324,PUNDIXUSDT,2025-05-06,True,200,109369100.25219998
P0RES018-00326,HAEDALUSDT,2025-05-07,True,200,129623299.34788199
P0RES018-00327,SXTUSDT,2025-05-02,True,200,52884149.96005
P0RES018-00328,ALPINEUSDT,2025-05-06,True,200,87109233.55423002
P0RES018-00327,SXTUSDT,2025-05-07,True,200,16800933.59228
P0RES018-00327,SXTUSDT,2025-05-08,True,200,207867118.60582
P0RES018-00328,ALPINEUSDT,2025-05-07,True,200,43174004.48506
P0RES018-00327,SXTUSDT,2025-05-06,True,200,31818057.990149997
P0RES018-00328,ALPINEUSDT,2025-05-09,True,200,9942817.58743
P0RES018-00328,ALPINEUSDT,2025-05-08,True,200,18700781.1747
P0RES018-00327,SXTUSDT,2025-05-05,True,200,29794889.577649996
P0RES018-00328,ALPINEUSDT,2025-05-10,True,200,8905346.36288
P0RES018-00328,ALPINEUSDT,2025-05-11,True,200,87021917.67590001
P0RES018-00327,SXTUSDT,2025-05-04,True,200,15215473.352090003
P0RES018-00327,SXTUSDT,2025-05-03,True,200,18923759.836510003
P0RES018-00328,ALPINEUSDT,2025-05-12,True,200,27143365.832780004
P0RES018-00326,HAEDALUSDT,2025-05-03,True,200,393404355.80569607
P0RES018-00329,ASRUSDT,2025-05-09,True,200,15104809.7627
P0RES018-00329,ASRUSDT,2025-05-11,True,200,42788601.00770001
P0RES018-00329,ASRUSDT,2025-05-10,True,200,9988845.712200003
P0RES018-00329,ASRUSDT,2025-05-12,True,200,15623282.743800001
P0RES018-00329,ASRUSDT,2025-05-08,True,200,43146032.49780001
P0RES018-00330,B2USDT,2025-05-08,True,200,19945568.685799997
P0RES018-00330,B2USDT,2025-05-06,True,200,70102539.42920001
P0RES018-00330,B2USDT,2025-05-10,True,200,7161074.736
P0RES018-00330,B2USDT,2025-05-09,True,200,11482547.832200002
P0RES018-00329,ASRUSDT,2025-05-07,True,200,47598506.1143
P0RES018-00330,B2USDT,2025-05-12,True,200,20401089.731700003
P0RES018-00330,B2USDT,2025-05-11,True,200,4310692.7876
P0RES018-00331,MILKUSDT,2025-05-07,True,200,50597173.73008999
P0RES018-00331,MILKUSDT,2025-05-06,True,200,54376107.902839996
P0RES018-00330,B2USDT,2025-05-07,True,200,39964263.046399996
P0RES018-00329,ASRUSDT,2025-05-06,True,200,136655676.00079998
P0RES018-00331,MILKUSDT,2025-05-08,True,200,35251410.47077
P0RES018-00331,MILKUSDT,2025-05-09,True,200,18148252.870270003
P0RES018-00331,MILKUSDT,2025-05-11,True,200,10907045.520060001
P0RES018-00331,MILKUSDT,2025-05-10,True,200,14970197.636080002
P0RES018-00332,OBOLUSDT,2025-05-07,True,200,161924037.71044
P0RES018-00331,MILKUSDT,2025-05-12,True,200,13408118.467170002
P0RES018-00332,OBOLUSDT,2025-05-08,True,200,143907247.24284002
P0RES018-00332,OBOLUSDT,2025-05-09,True,200,50975201.10165
P0RES018-00332,OBOLUSDT,2025-05-10,True,200,43683671.85795
P0RES018-00332,OBOLUSDT,2025-05-11,True,200,25964020.236820005
P0RES018-00332,OBOLUSDT,2025-05-13,True,200,58033843.36907
P0RES018-00332,OBOLUSDT,2025-05-12,True,200,34812266.91362
P0RES018-00333,SYRUPUSDT,2025-05-07,True,200,102773488.48239999
P0RES018-00333,SYRUPUSDT,2025-05-08,True,200,81051396.64591001
P0RES018-00333,SYRUPUSDT,2025-05-11,True,200,94308749.57151999
P0RES018-00333,SYRUPUSDT,2025-05-12,True,200,50868209.66416999
P0RES018-00333,SYRUPUSDT,2025-05-09,True,200,60113646.565299995
P0RES018-00333,SYRUPUSDT,2025-05-10,True,200,131353955.81771
P0RES018-00334,DOODUSDT,2025-05-11,True,200,52809547.71086129
P0RES018-00333,SYRUPUSDT,2025-05-13,True,200,33682067.72295
P0RES018-00334,DOODUSDT,2025-05-10,True,200,89818975.0184651
P0RES018-00334,DOODUSDT,2025-05-15,True,200,33962318.120455004
P0RES018-00334,DOODUSDT,2025-05-12,True,200,60750531.822320305
P0RES018-00334,DOODUSDT,2025-05-09,True,200,108822475.06378432
P0RES018-00334,DOODUSDT,2025-05-13,True,200,58224240.217842594
P0RES018-00335,OGUSDT,2025-05-12,True,200,39885125.342300005
P0RES018-00335,OGUSDT,2025-05-13,True,200,18956191.9093
P0RES018-00335,OGUSDT,2025-05-14,True,200,9942775.6455
P0RES018-00335,OGUSDT,2025-05-17,True,200,23764403.982
P0RES018-00336,SKYAIUSDT,2025-05-19,True,200,61789416.81765
P0RES018-00334,DOODUSDT,2025-05-14,True,200,46073417.929701604
P0RES018-00336,SKYAIUSDT,2025-05-16,True,200,43091005.016389996
P0RES018-00336,SKYAIUSDT,2025-05-13,True,200,49319152.356639996
P0RES018-00336,SKYAIUSDT,2025-05-14,True,200,302080408.96680003
P0RES018-00336,SKYAIUSDT,2025-05-17,True,200,27749237.799079996
P0RES018-00335,OGUSDT,2025-05-18,True,200,9446385.313199999
P0RES018-00336,SKYAIUSDT,2025-05-15,True,200,77255615.69716
P0RES018-00335,OGUSDT,2025-05-15,True,200,8166479.8715
P0RES018-00337,ZKJUSDT,2025-05-13,True,200,6150649.179400001
P0RES018-00335,OGUSDT,2025-05-16,True,200,23685670.5083
P0RES018-00337,ZKJUSDT,2025-05-15,True,200,3721012.1078000003
P0RES018-00337,ZKJUSDT,2025-05-14,True,200,5786750.615699999
P0RES018-00337,ZKJUSDT,2025-05-16,True,200,5727574.187499998
P0RES018-00336,SKYAIUSDT,2025-05-18,True,200,41293502.26563
P0RES018-00338,NXPCUSDT,2025-05-18,True,200,506844220.83761996
P0RES018-00338,NXPCUSDT,2025-05-16,True,200,1172586831.97615
P0RES018-00338,NXPCUSDT,2025-05-20,True,200,477068302.56359
P0RES018-00337,ZKJUSDT,2025-05-17,True,200,3909251.7382
P0RES018-00337,ZKJUSDT,2025-05-18,True,200,2543596.788
P0RES018-00338,NXPCUSDT,2025-05-15,True,200,2981729792.5424
P0RES018-00337,ZKJUSDT,2025-05-19,True,200,2339648.7909
P0RES018-00338,NXPCUSDT,2025-05-17,True,200,745677454.8423399
P0RES018-00338,NXPCUSDT,2025-05-21,True,200,416749792.25895005
P0RES018-00339,CVCUSDT,2025-05-20,True,200,24770141.541370004
P0RES018-00339,CVCUSDT,2025-05-16,True,200,27624644.55402
P0RES018-00338,NXPCUSDT,2025-05-19,True,200,533402495.6564801
P0RES018-00339,CVCUSDT,2025-05-17,True,200,22214891.769890003
P0RES018-00339,CVCUSDT,2025-05-19,True,200,22671809.608
P0RES018-00339,CVCUSDT,2025-05-18,True,200,24296262.436990004
P0RES018-00339,CVCUSDT,2025-05-21,True,200,23793794.99439
P0RES018-00339,CVCUSDT,2025-05-22,True,200,24848782.25084
P0RES018-00340,AGTUSDT,2025-05-24,True,200,26947180.484369002
P0RES018-00340,AGTUSDT,2025-05-20,True,200,100178734.0179
P0RES018-00340,AGTUSDT,2025-05-21,True,200,43869031.359826006
P0RES018-00341,AWEUSDT,2025-05-21,True,200,40048897.622283
P0RES018-00340,AGTUSDT,2025-05-26,True,200,14759295.176709
P0RES018-00340,AGTUSDT,2025-05-25,True,200,24791451.096373998
P0RES018-00340,AGTUSDT,2025-05-22,True,200,43359837.282120004
P0RES018-00340,AGTUSDT,2025-05-23,True,200,28266354.83106
P0RES018-00341,AWEUSDT,2025-05-22,True,200,24516060.672228
P0RES018-00341,AWEUSDT,2025-05-24,True,200,9527663.954791
P0RES018-00341,AWEUSDT,2025-05-26,True,200,6018005.875706001
P0RES018-00341,AWEUSDT,2025-05-23,True,200,10870987.475428998
P0RES018-00341,AWEUSDT,2025-05-25,True,200,7640685.1114880005
P0RES018-00341,AWEUSDT,2025-05-27,True,200,4179169.9199120007
P0RES018-00342,BUSDT,2025-05-22,True,200,65814228.69820001
P0RES018-00342,BUSDT,2025-05-25,True,200,567135062.2064899
P0RES018-00342,BUSDT,2025-05-24,True,200,545707122.67864
P0RES018-00343,SOONUSDT,2025-05-23,True,200,515676308.52154
P0RES018-00342,BUSDT,2025-05-28,True,200,167624923.59159997
P0RES018-00343,SOONUSDT,2025-05-25,True,200,150626451.54942992
P0RES018-00343,SOONUSDT,2025-05-26,True,200,130912580.27792002
P0RES018-00343,SOONUSDT,2025-05-29,True,200,46046374.070879996
P0RES018-00343,SOONUSDT,2025-05-27,True,200,88695626.44876999
P0RES018-00344,HUMAUSDT,2025-05-26,True,200,491654732.98915905
P0RES018-00342,BUSDT,2025-05-26,True,200,790923419.6035
P0RES018-00343,SOONUSDT,2025-05-28,True,200,56804443.897060014
P0RES018-00342,BUSDT,2025-05-23,True,200,419934879.07575995
P0RES018-00344,HUMAUSDT,2025-05-27,True,200,404080663.73491204
P0RES018-00344,HUMAUSDT,2025-05-28,True,200,206326406.98448297
P0RES018-00342,BUSDT,2025-05-27,True,200,300000370.7834901
P0RES018-00343,SOONUSDT,2025-05-24,True,200,255689815.35391998
P0RES018-00344,HUMAUSDT,2025-05-31,True,200,104242568.35655601
P0RES018-00344,HUMAUSDT,2025-06-01,True,200,81700113.28180902
P0RES018-00344,HUMAUSDT,2025-05-29,True,200,154919274.80417
P0RES018-00345,AUSDT,2025-05-28,True,200,79583625.51851001
P0RES018-00345,AUSDT,2025-06-01,True,200,25274461.517079998
P0RES018-00345,AUSDT,2025-05-29,True,200,68008728.38650998
P0RES018-00345,AUSDT,2025-05-30,True,200,67050034.30035001
P0RES018-00345,AUSDT,2025-06-02,True,200,20567332.98841
P0RES018-00345,AUSDT,2025-05-31,True,200,41887734.8883
P0RES018-00345,AUSDT,2025-06-03,True,200,16489081.47888
P0RES018-00346,SOPHUSDT,2025-05-28,True,200,1084528783.2420678
P0RES018-00346,SOPHUSDT,2025-05-30,True,200,490400758.075525
P0RES018-00346,SOPHUSDT,2025-06-01,True,200,212038793.06340602
P0RES018-00346,SOPHUSDT,2025-05-31,True,200,257224887.93838403
P0RES018-00347,MERLUSDT,2025-05-29,True,200,45004532.49296
P0RES018-00346,SOPHUSDT,2025-06-02,True,200,783980971.667801
P0RES018-00347,MERLUSDT,2025-05-30,True,200,26056262.770779993
P0RES018-00346,SOPHUSDT,2025-06-03,True,200,917710211.8370049
P0RES018-00347,MERLUSDT,2025-06-01,True,200,10656387.539250001
P0RES018-00347,MERLUSDT,2025-06-03,True,200,66216526.78543999
P0RES018-00346,SOPHUSDT,2025-05-29,True,200,468156223.63668597
P0RES018-00347,MERLUSDT,2025-05-31,True,200,17129860.277890004
P0RES018-00347,MERLUSDT,2025-06-02,True,200,20459678.4978
P0RES018-00348,HYPEUSDT,2025-05-30,True,200,127370870.60908999
P0RES018-00348,HYPEUSDT,2025-05-31,True,200,168002047.69254
P0RES018-00348,HYPEUSDT,2025-06-02,True,200,151843588.87449002
P0RES018-00348,HYPEUSDT,2025-06-01,True,200,104767689.61595999
P0RES018-00348,HYPEUSDT,2025-06-03,True,200,212635077.09627002
P0RES018-00344,HUMAUSDT,2025-05-30,True,200,160494416.38058898
P0RES018-00348,HYPEUSDT,2025-06-04,True,200,188956971.74025998
P0RES018-00348,HYPEUSDT,2025-06-05,True,200,220575718.3804
P0RES018-00347,MERLUSDT,2025-06-04,True,200,16183251.56317
P0RES018-00349,PORT3USDT,2025-06-04,True,200,68407690.64672
P0RES018-00349,PORT3USDT,2025-06-05,True,200,41476520.50467
P0RES018-00349,PORT3USDT,2025-06-07,True,200,48423529.86204
P0RES018-00349,PORT3USDT,2025-06-06,True,200,20041807.218259994
P0RES018-00349,PORT3USDT,2025-06-08,True,200,10883477.515889999
P0RES018-00349,PORT3USDT,2025-06-09,True,200,7907839.4964700015
P0RES018-00349,PORT3USDT,2025-06-10,True,200,6819231.34863
P0RES018-00350,PUFFERUSDT,2025-06-06,True,200,11109137.91102
P0RES018-00350,PUFFERUSDT,2025-06-10,True,200,6067761.059089999
P0RES018-00350,PUFFERUSDT,2025-06-08,True,200,4676747.831689999
P0RES018-00350,PUFFERUSDT,2025-06-07,True,200,9481644.83911
P0RES018-00350,PUFFERUSDT,2025-06-09,True,200,4752637.781689999
P0RES018-00351,1000000BOBUSDT,2025-06-05,True,200,101925417.32431
P0RES018-00351,1000000BOBUSDT,2025-06-11,True,200,94488566.00286001
P0RES018-00352,LAUSDT,2025-06-06,True,200,882568064.5839
P0RES018-00352,LAUSDT,2025-06-05,True,200,722374521.9453001
P0RES018-00351,1000000BOBUSDT,2025-06-07,True,200,142660582.72751004
P0RES018-00350,PUFFERUSDT,2025-06-05,True,200,21179238.639499996
P0RES018-00351,1000000BOBUSDT,2025-06-09,True,200,33045339.456299994
P0RES018-00350,PUFFERUSDT,2025-06-04,True,200,32760671.50726
P0RES018-00351,1000000BOBUSDT,2025-06-06,True,200,106496573.01132998
P0RES018-00351,1000000BOBUSDT,2025-06-08,True,200,67405021.05328001
P0RES018-00352,LAUSDT,2025-06-07,True,200,344274984.6774001
P0RES018-00351,1000000BOBUSDT,2025-06-10,True,200,131120342.98590997
P0RES018-00352,LAUSDT,2025-06-10,True,200,136513032.71780002
P0RES018-00352,LAUSDT,2025-06-08,True,200,339511277.73670006
P0RES018-00353,SKATEUSDT,2025-06-09,True,200,123203401.87019998
P0RES018-00352,LAUSDT,2025-06-11,True,200,96555480.29950002
P0RES018-00353,SKATEUSDT,2025-06-11,True,200,46143094.975619994
P0RES018-00352,LAUSDT,2025-06-09,True,200,283882434.6287
P0RES018-00353,SKATEUSDT,2025-06-13,True,200,53541330.24944001
P0RES018-00354,HOMEUSDT,2025-06-11,True,200,466620119.215181
P0RES018-00353,SKATEUSDT,2025-06-10,True,200,101805867.45944001
P0RES018-00354,HOMEUSDT,2025-06-12,True,200,605441095.009533
P0RES018-00354,HOMEUSDT,2025-06-13,True,200,440410194.36080194
P0RES018-00355,RESOLVUSDT,2025-06-10,True,200,918895884.9715102
P0RES018-00354,HOMEUSDT,2025-06-16,True,200,123273435.796129
P0RES018-00354,HOMEUSDT,2025-06-10,True,200,350623217.641532
P0RES018-00353,SKATEUSDT,2025-06-12,True,200,63242286.64884
P0RES018-00355,RESOLVUSDT,2025-06-15,True,200,219226071.70207003
P0RES018-00355,RESOLVUSDT,2025-06-12,True,200,612286979.61174
P0RES018-00355,RESOLVUSDT,2025-06-14,True,200,304684786.05267006
P0RES018-00355,RESOLVUSDT,2025-06-13,True,200,500798233.92323
P0RES018-00353,SKATEUSDT,2025-06-15,True,200,248506185.34621996
P0RES018-00355,RESOLVUSDT,2025-06-11,True,200,1431425583.7849603
P0RES018-00355,RESOLVUSDT,2025-06-16,True,200,233862049.43563
P0RES018-00354,HOMEUSDT,2025-06-14,True,200,450208217.90874994
P0RES018-00356,SQDUSDT,2025-06-16,True,200,22967624.881270003
P0RES018-00356,SQDUSDT,2025-06-15,True,200,18920483.99241
P0RES018-00356,SQDUSDT,2025-06-12,True,200,72837803.09763
P0RES018-00357,TAIKOUSDT,2025-06-13,True,200,14311732.204599999
P0RES018-00356,SQDUSDT,2025-06-14,True,200,24590748.7514
P0RES018-00356,SQDUSDT,2025-06-11,True,200,74488032.50597
P0RES018-00356,SQDUSDT,2025-06-17,True,200,15621116.60196
P0RES018-00356,SQDUSDT,2025-06-13,True,200,47633587.94228001
P0RES018-00357,TAIKOUSDT,2025-06-12,True,200,34666340.9379
P0RES018-00353,SKATEUSDT,2025-06-14,True,200,116315401.09953003
P0RES018-00357,TAIKOUSDT,2025-06-14,True,200,17074910.383200005
P0RES018-00357,TAIKOUSDT,2025-06-15,True,200,7164966.6229
P0RES018-00358,PUMPBTCUSDT,2025-06-14,True,200,79947099.9464
P0RES018-00357,TAIKOUSDT,2025-06-16,True,200,8802424.977799999
P0RES018-00357,TAIKOUSDT,2025-06-11,True,200,27155588.3694
P0RES018-00358,PUMPBTCUSDT,2025-06-16,True,200,22141799.595870003
P0RES018-00358,PUMPBTCUSDT,2025-06-15,True,200,32823946.909009997
P0RES018-00358,PUMPBTCUSDT,2025-06-18,True,200,10476592.065609997
P0RES018-00358,PUMPBTCUSDT,2025-06-19,True,200,8337218.422270002
P0RES018-00359,AAVEUSDC,2025-06-18,True,200,5706174.214
P0RES018-00358,PUMPBTCUSDT,2025-06-13,True,200,122842411.73577
P0RES018-00358,PUMPBTCUSDT,2025-06-17,True,200,17834659.221610002
P0RES018-00359,AAVEUSDC,2025-06-19,True,200,6059886.649
P0RES018-00359,AAVEUSDC,2025-06-16,True,200,5017178.362
P0RES018-00357,TAIKOUSDT,2025-06-17,True,200,6369735.9196
P0RES018-00359,AAVEUSDC,2025-06-20,True,200,7651081.175
P0RES018-00360,UNIUSDC,2025-06-16,True,200,8727839.263000002
P0RES018-00360,UNIUSDC,2025-06-20,True,200,14247494.277000003
P0RES018-00361,SPKUSDT,2025-06-19,True,200,277226236.17127
P0RES018-00360,UNIUSDC,2025-06-18,True,200,10921522.064999998
P0RES018-00361,SPKUSDT,2025-06-17,True,200,1087480438.54783
P0RES018-00361,SPKUSDT,2025-06-20,True,200,272594143.41201
P0RES018-00360,UNIUSDC,2025-06-17,True,200,8368889.112000001
P0RES018-00360,UNIUSDC,2025-06-19,True,200,10054627.388000002
P0RES018-00360,UNIUSDC,2025-06-21,True,200,14768651.057
P0RES018-00361,SPKUSDT,2025-06-18,True,200,633592129.6636702
P0RES018-00359,AAVEUSDC,2025-06-21,True,200,5844714.917000001
P0RES018-00354,HOMEUSDT,2025-06-15,True,200,202864865.610989
P0RES018-00359,AAVEUSDC,2025-06-22,True,200,8882917.975
P0RES018-00361,SPKUSDT,2025-06-23,True,200,250701912.45958003
P0RES018-00360,UNIUSDC,2025-06-22,True,200,15289334.439000001
P0RES018-00362,FUSDT,2025-06-22,True,200,13502687.062729
P0RES018-00362,FUSDT,2025-06-19,True,200,37237079.601027995
P0RES018-00361,SPKUSDT,2025-06-22,True,200,151864966.26369998
P0RES018-00362,FUSDT,2025-06-20,True,200,25025493.011726994
P0RES018-00361,SPKUSDT,2025-06-21,True,200,163504492.51321
P0RES018-00362,FUSDT,2025-06-23,True,200,11431763.034791
P0RES018-00362,FUSDT,2025-06-24,True,200,6343731.018338
P0RES018-00359,AAVEUSDC,2025-06-17,True,200,6785904.229000001
P0RES018-00363,MYXUSDT,2025-06-21,True,200,179675894.4545
P0RES018-00363,MYXUSDT,2025-06-20,True,200,163384665.70854002
P0RES018-00362,FUSDT,2025-06-18,True,200,99909018.97961298
P0RES018-00362,FUSDT,2025-06-21,True,200,13576131.043976001
P0RES018-00363,MYXUSDT,2025-06-19,True,200,81201496.44405001
P0RES018-00364,NEWTUSDT,2025-06-22,True,200,38493159.6662
P0RES018-00364,NEWTUSDT,2025-06-19,True,200,51881657.057000004
P0RES018-00363,MYXUSDT,2025-06-23,True,200,302852305.98818
P0RES018-00364,NEWTUSDT,2025-06-23,True,200,70362561.63419999
P0RES018-00363,MYXUSDT,2025-06-18,True,200,76599096.25993
P0RES018-00365,DMCUSDT,2025-06-25,True,200,298252120.383182
P0RES018-00363,MYXUSDT,2025-06-22,True,200,201493760.67435998
P0RES018-00365,DMCUSDT,2025-06-26,True,200,116120916.50735003
P0RES018-00364,NEWTUSDT,2025-06-20,True,200,62912883.5955
P0RES018-00364,NEWTUSDT,2025-06-24,True,200,1009797224.0641999
P0RES018-00365,DMCUSDT,2025-06-24,True,200,243703366.50735098
P0RES018-00365,DMCUSDT,2025-06-28,True,200,67471781.928323
P0RES018-00365,DMCUSDT,2025-06-29,True,200,425504530.797261
P0RES018-00364,NEWTUSDT,2025-06-21,True,200,49106833.2328
P0RES018-00366,HUSDT,2025-06-25,True,200,441504816.05918
P0RES018-00366,HUSDT,2025-06-26,True,200,337424182.99011
P0RES018-00365,DMCUSDT,2025-06-30,True,200,337590647.66726387
P0RES018-00365,DMCUSDT,2025-06-27,True,200,80725343.71672098
P0RES018-00366,HUSDT,2025-06-28,True,200,58803247.45884
P0RES018-00366,HUSDT,2025-06-29,True,200,1006238637.3463999
P0RES018-00367,OLUSDT,2025-06-28,True,200,8227882.744379999
P0RES018-00367,OLUSDT,2025-06-25,True,200,69581186.47888
P0RES018-00366,HUSDT,2025-07-01,True,200,787706520.01525
P0RES018-00367,OLUSDT,2025-06-29,True,200,10392849.95717
P0RES018-00366,HUSDT,2025-06-30,True,200,742569088.1796799
P0RES018-00367,OLUSDT,2025-06-30,True,200,10755583.032119999
P0RES018-00368,SAHARAUSDT,2025-06-26,True,200,1860709051.40122
P0RES018-00367,OLUSDT,2025-07-01,True,200,10489177.753549997
P0RES018-00364,NEWTUSDT,2025-06-25,True,200,571671842.7537
P0RES018-00367,OLUSDT,2025-06-26,True,200,34955405.986980006
P0RES018-00367,OLUSDT,2025-06-27,True,200,14874429.94784
P0RES018-00368,SAHARAUSDT,2025-06-27,True,200,868046523.0562798
P0RES018-00368,SAHARAUSDT,2025-06-29,True,200,1148651287.1132803
P0RES018-00368,SAHARAUSDT,2025-07-02,True,200,260267435.68714002
P0RES018-00368,SAHARAUSDT,2025-06-30,True,200,503930359.06518006
P0RES018-00368,SAHARAUSDT,2025-07-01,True,200,237406979.77237
P0RES018-00369,ICNTUSDT,2025-07-05,True,200,99154811.94899999
P0RES018-00368,SAHARAUSDT,2025-06-28,True,200,486244783.5826101
P0RES018-00369,ICNTUSDT,2025-07-07,True,200,53312035.36180001
P0RES018-00369,ICNTUSDT,2025-07-03,True,200,246099914.84990004
P0RES018-00363,MYXUSDT,2025-06-24,True,200,119268358.14434
P0RES018-00366,HUSDT,2025-06-27,True,200,162536838.60432
P0RES018-00369,ICNTUSDT,2025-07-09,True,200,40104891.177099995
P0RES018-00369,ICNTUSDT,2025-07-08,True,200,127581428.768
P0RES018-00370,BULLAUSDT,2025-07-04,True,200,119335094.4117
P0RES018-00370,BULLAUSDT,2025-07-05,True,200,58810285.34499999
P0RES018-00369,ICNTUSDT,2025-07-04,True,200,208033543.11110002
P0RES018-00370,BULLAUSDT,2025-07-06,True,200,50437757.128699996
P0RES018-00370,BULLAUSDT,2025-07-07,True,200,32799981.386900004
P0RES018-00370,BULLAUSDT,2025-07-08,True,200,31063092.515200008
P0RES018-00370,BULLAUSDT,2025-07-10,True,200,21421986.3937
P0RES018-00371,IDOLUSDT,2025-07-04,True,200,129630091.68192
P0RES018-00371,IDOLUSDT,2025-07-05,True,200,70930527.30556
P0RES018-00371,IDOLUSDT,2025-07-07,True,200,79785368.17164001
P0RES018-00371,IDOLUSDT,2025-07-10,True,200,22415053.966680005
P0RES018-00371,IDOLUSDT,2025-07-09,True,200,28130778.58672
P0RES018-00371,IDOLUSDT,2025-07-08,True,200,28750066.552500002
P0RES018-00369,ICNTUSDT,2025-07-06,True,200,69681621.7516
P0RES018-00371,IDOLUSDT,2025-07-06,True,200,121050289.77455999
P0RES018-00372,MUSDT,2025-07-07,True,200,198637179.0857
P0RES018-00372,MUSDT,2025-07-08,True,200,361496481.3789
P0RES018-00372,MUSDT,2025-07-09,True,200,480916187.77050006
P0RES018-00372,MUSDT,2025-07-10,True,200,777909328.1532999
P0RES018-00372,MUSDT,2025-07-12,True,200,753418013.1719
P0RES018-00370,BULLAUSDT,2025-07-09,True,200,22045301.034900002
P0RES018-00373,TANSSIUSDT,2025-07-10,True,200,382219140.9952401
P0RES018-00373,TANSSIUSDT,2025-07-13,True,200,52906546.134409994
P0RES018-00373,TANSSIUSDT,2025-07-14,True,200,33408546.996249996
P0RES018-00374,AINUSDT,2025-07-10,True,200,182240540.90249
P0RES018-00373,TANSSIUSDT,2025-07-15,True,200,25594124.81386
P0RES018-00373,TANSSIUSDT,2025-07-09,True,200,221205147.40096003
P0RES018-00374,AINUSDT,2025-07-16,True,200,38919197.87061
P0RES018-00372,MUSDT,2025-07-13,True,200,335827500.64939994
P0RES018-00374,AINUSDT,2025-07-12,True,200,103187127.28369
P0RES018-00374,AINUSDT,2025-07-13,True,200,262706157.53559002
P0RES018-00373,TANSSIUSDT,2025-07-12,True,200,67134280.90468
P0RES018-00373,TANSSIUSDT,2025-07-11,True,200,179613464.80675992
P0RES018-00374,AINUSDT,2025-07-14,True,200,113356821.13361003
P0RES018-00372,MUSDT,2025-07-11,True,200,1662181901.5675
P0RES018-00375,CROSSUSDT,2025-07-12,True,200,81092875.48549001
P0RES018-00375,CROSSUSDT,2025-07-10,True,200,46874696.232049994
P0RES018-00374,AINUSDT,2025-07-11,True,200,261571894.59291
P0RES018-00375,CROSSUSDT,2025-07-11,True,200,208343829.69068
P0RES018-00374,AINUSDT,2025-07-15,True,200,88103712.76910001
P0RES018-00376,PUMPUSDT,2025-07-10,True,200,167872145.426732
P0RES018-00376,PUMPUSDT,2025-07-14,True,200,1298017280.41841
P0RES018-00376,PUMPUSDT,2025-07-15,True,200,1205846151.1558673
P0RES018-00375,CROSSUSDT,2025-07-16,True,200,152454896.08237997
P0RES018-00376,PUMPUSDT,2025-07-11,True,200,151803217.23756498
P0RES018-00376,PUMPUSDT,2025-07-12,True,200,1136465487.222443
P0RES018-00377,CUSDT,2025-07-17,True,200,196095328.66793996
P0RES018-00375,CROSSUSDT,2025-07-13,True,200,118176046.7535
P0RES018-00377,CUSDT,2025-07-15,True,200,424648632.91472006
P0RES018-00375,CROSSUSDT,2025-07-15,True,200,412975387.73126996
P0RES018-00376,PUMPUSDT,2025-07-13,True,200,680647185.294878
P0RES018-00377,CUSDT,2025-07-21,True,200,263897306.06453
P0RES018-00375,CROSSUSDT,2025-07-14,True,200,125163964.99267001
P0RES018-00377,CUSDT,2025-07-20,True,200,435928835.54214007
P0RES018-00378,TACUSDT,2025-07-15,True,200,176798591.71117002
P0RES018-00378,TACUSDT,2025-07-16,True,200,126686327.46226
P0RES018-00377,CUSDT,2025-07-16,True,200,407259317.84055
P0RES018-00378,TACUSDT,2025-07-21,True,200,25659605.26365
P0RES018-00378,TACUSDT,2025-07-20,True,200,27231232.39027
P0RES018-00378,TACUSDT,2025-07-19,True,200,50699475.95528002
P0RES018-00377,CUSDT,2025-07-18,True,200,2241724854.3481603
P0RES018-00377,CUSDT,2025-07-19,True,200,636664829.0053102
P0RES018-00378,TACUSDT,2025-07-17,True,200,62887150.38233002
P0RES018-00378,TACUSDT,2025-07-18,True,200,116825395.79187001
P0RES018-00379,VELVETUSDT,2025-07-16,True,200,68325552.23570001
P0RES018-00379,VELVETUSDT,2025-07-15,True,200,97694096.49983999
P0RES018-00379,VELVETUSDT,2025-07-17,True,200,60766998.094220005
P0RES018-00379,VELVETUSDT,2025-07-21,True,200,31064167.53436
P0RES018-00380,ERAUSDT,2025-07-19,True,200,371195365.5496
P0RES018-00380,ERAUSDT,2025-07-17,True,200,1875245268.037
P0RES018-00380,ERAUSDT,2025-07-20,True,200,244390025.968
P0RES018-00376,PUMPUSDT,2025-07-16,True,200,1016757041.2339858
P0RES018-00379,VELVETUSDT,2025-07-18,True,200,119820208.50152001
P0RES018-00379,VELVETUSDT,2025-07-19,True,200,44623376.85759
P0RES018-00380,ERAUSDT,2025-07-23,True,200,251633007.9703
P0RES018-00381,TAUSDT,2025-07-21,True,200,200596753.1719
P0RES018-00379,VELVETUSDT,2025-07-20,True,200,34665920.954830006
P0RES018-00381,TAUSDT,2025-07-23,True,200,71186919.3866
P0RES018-00380,ERAUSDT,2025-07-18,True,200,1113459468.9064
P0RES018-00380,ERAUSDT,2025-07-21,True,200,153764837.12090003
P0RES018-00381,TAUSDT,2025-07-24,True,200,44100161.904199995
P0RES018-00381,TAUSDT,2025-07-25,True,200,38783053.0808
P0RES018-00380,ERAUSDT,2025-07-22,True,200,123664452.93589999
P0RES018-00382,CVXUSDT,2025-07-23,True,200,33410773.238000005
P0RES018-00381,TAUSDT,2025-07-22,True,200,103849014.9386
P0RES018-00381,TAUSDT,2025-07-27,True,200,21333360.244999997
P0RES018-00382,CVXUSDT,2025-07-26,True,200,50289536.7343
P0RES018-00382,CVXUSDT,2025-07-28,True,200,14557545.1732
P0RES018-00382,CVXUSDT,2025-07-25,True,200,32350204.431299996
P0RES018-00382,CVXUSDT,2025-07-29,True,200,21807621.040599998
P0RES018-00382,CVXUSDT,2025-07-27,True,200,29780085.729299996
P0RES018-00383,PENGUUSDC,2025-07-23,True,200,9150584.561269999
P0RES018-00383,PENGUUSDC,2025-07-26,True,200,21069542.198062
P0RES018-00381,TAUSDT,2025-07-26,True,200,21419389.245800003
P0RES018-00383,PENGUUSDC,2025-07-24,True,200,11705132.452933999
P0RES018-00383,PENGUUSDC,2025-07-29,True,200,10358552.765412003
P0RES018-00382,CVXUSDT,2025-07-24,True,200,39524299.591900006
P0RES018-00384,SLPUSDT,2025-07-25,True,200,18177705.760438997
P0RES018-00383,PENGUUSDC,2025-07-27,True,200,18415132.891494002
P0RES018-00384,SLPUSDT,2025-07-24,True,200,38619731.477417
P0RES018-00384,SLPUSDT,2025-07-27,True,200,21189045.862327997
P0RES018-00383,PENGUUSDC,2025-07-25,True,200,12159773.147716999
P0RES018-00384,SLPUSDT,2025-07-29,True,200,7690331.370767
P0RES018-00384,SLPUSDT,2025-07-28,True,200,14189473.304033004
P0RES018-00383,PENGUUSDC,2025-07-28,True,200,9920494.947668003
P0RES018-00385,TAGUSDT,2025-07-25,True,200,40913335.141782805
P0RES018-00384,SLPUSDT,2025-07-23,True,200,52423070.430788
P0RES018-00385,TAGUSDT,2025-07-26,True,200,77914588.69104269
P0RES018-00384,SLPUSDT,2025-07-26,True,200,44692590.25159901
P0RES018-00385,TAGUSDT,2025-07-27,True,200,52967977.8003393
P0RES018-00385,TAGUSDT,2025-07-31,True,200,9699286.5289846
P0RES018-00385,TAGUSDT,2025-07-28,True,200,55422065.98101749
P0RES018-00385,TAGUSDT,2025-07-30,True,200,19420722.577695798
P0RES018-00386,ZORAUSDT,2025-07-26,True,200,711421476.10026
P0RES018-00386,ZORAUSDT,2025-07-30,True,200,302378455.96744996
P0RES018-00386,ZORAUSDT,2025-07-27,True,200,1579755507.7683902
P0RES018-00386,ZORAUSDT,2025-07-31,True,200,318217266.99504
P0RES018-00385,TAGUSDT,2025-07-29,True,200,37955564.45160899
P0RES018-00387,ESPORTSUSDT,2025-07-31,True,200,277019983.0881
P0RES018-00387,ESPORTSUSDT,2025-07-29,True,200,171849829.0948
P0RES018-00386,ZORAUSDT,2025-07-28,True,200,558858144.61236
P0RES018-00387,ESPORTSUSDT,2025-08-03,True,200,87986243.267
P0RES018-00386,ZORAUSDT,2025-07-25,True,200,100786964.17805998
P0RES018-00387,ESPORTSUSDT,2025-08-02,True,200,46284751.785500005
P0RES018-00387,ESPORTSUSDT,2025-08-01,True,200,46025286.53029999
P0RES018-00386,ZORAUSDT,2025-07-29,True,200,383732210.30072993
P0RES018-00388,TREEUSDT,2025-07-31,True,200,299605778.2192
P0RES018-00388,TREEUSDT,2025-07-30,True,200,536367073.59580004
P0RES018-00387,ESPORTSUSDT,2025-07-30,True,200,113702510.0094
P0RES018-00388,TREEUSDT,2025-08-02,True,200,260415264.653
P0RES018-00388,TREEUSDT,2025-08-01,True,200,746801668.1668
P0RES018-00388,TREEUSDT,2025-08-03,True,200,160701486.96710002
P0RES018-00387,ESPORTSUSDT,2025-08-04,True,200,240801681.28640002
P0RES018-00388,TREEUSDT,2025-08-04,True,200,171615960.2971
P0RES018-00389,ZRCUSDT,2025-07-29,True,200,127951457.76874001
P0RES018-00389,ZRCUSDT,2025-08-03,True,200,6751429.863770001
P0RES018-00389,ZRCUSDT,2025-08-01,True,200,26324479.09649
P0RES018-00390,A2ZUSDT,2025-07-30,True,200,251539411.577227
P0RES018-00389,ZRCUSDT,2025-08-02,True,200,8977825.12201
P0RES018-00390,A2ZUSDT,2025-08-01,True,200,146467827.204153
P0RES018-00389,ZRCUSDT,2025-07-30,True,200,31946771.55401
P0RES018-00389,ZRCUSDT,2025-07-31,True,200,45404444.91759
P0RES018-00390,A2ZUSDT,2025-08-04,True,200,82328862.98255299
P0RES018-00390,A2ZUSDT,2025-08-02,True,200,108273016.18647401
P0RES018-00391,NAORISUSDT,2025-07-31,True,200,112293795.94740002
P0RES018-00390,A2ZUSDT,2025-08-03,True,200,146315934.32557204
P0RES018-00389,ZRCUSDT,2025-08-04,True,200,59231422.869720004
P0RES018-00390,A2ZUSDT,2025-08-05,True,200,42936131.74611299
P0RES018-00388,TREEUSDT,2025-07-29,True,200,603300140.6554
P0RES018-00391,NAORISUSDT,2025-08-01,True,200,87140511.798
P0RES018-00390,A2ZUSDT,2025-07-31,True,200,372897373.6326859
P0RES018-00391,NAORISUSDT,2025-08-04,True,200,47780120.13019999
P0RES018-00391,NAORISUSDT,2025-08-02,True,200,65423771.9921
P0RES018-00391,NAORISUSDT,2025-08-06,True,200,24068090.609899998
P0RES018-00391,NAORISUSDT,2025-08-05,True,200,34066601.179400004
P0RES018-00392,PLAYUSDT,2025-07-31,True,200,108938302.21289
P0RES018-00392,PLAYUSDT,2025-08-03,True,200,25839258.25519
P0RES018-00392,PLAYUSDT,2025-08-05,True,200,19520105.70091
P0RES018-00392,PLAYUSDT,2025-08-01,True,200,46331431.90181999
P0RES018-00392,PLAYUSDT,2025-08-06,True,200,20748065.45341
P0RES018-00393,PROVEUSDT,2025-08-06,True,200,1713734597.6028507
P0RES018-00393,PROVEUSDT,2025-08-05,True,200,442875657.95089996
P0RES018-00391,NAORISUSDT,2025-08-03,True,200,134329981.3829
P0RES018-00393,PROVEUSDT,2025-08-08,True,200,177282405.18571
P0RES018-00392,PLAYUSDT,2025-08-02,True,200,34153003.03489
P0RES018-00393,PROVEUSDT,2025-08-07,True,200,371134490.76913
P0RES018-00393,PROVEUSDT,2025-08-09,True,200,481071111.64219004
P0RES018-00393,PROVEUSDT,2025-08-10,True,200,978379326.55177
P0RES018-00392,PLAYUSDT,2025-08-04,True,200,28622434.730380006
P0RES018-00394,TOWNSUSDT,2025-08-05,True,200,385470612.38564
P0RES018-00393,PROVEUSDT,2025-08-11,True,200,749613601.5855701
P0RES018-00394,TOWNSUSDT,2025-08-06,True,200,348965203.79039
P0RES018-00395,ALLUSDT,2025-08-07,True,200,26419196.798
P0RES018-00395,ALLUSDT,2025-08-06,True,200,30288339.678999998
P0RES018-00394,TOWNSUSDT,2025-08-11,True,200,168293025.16208997
P0RES018-00394,TOWNSUSDT,2025-08-10,True,200,102438263.02388999
P0RES018-00394,TOWNSUSDT,2025-08-09,True,200,94176969.36218001
P0RES018-00394,TOWNSUSDT,2025-08-08,True,200,128323509.75456999
P0RES018-00394,TOWNSUSDT,2025-08-07,True,200,181122140.81694993
P0RES018-00395,ALLUSDT,2025-08-08,True,200,18809928.385
P0RES018-00395,ALLUSDT,2025-08-12,True,200,48445375.61750001
P0RES018-00395,ALLUSDT,2025-08-11,True,200,43411745.5629
P0RES018-00395,ALLUSDT,2025-08-10,True,200,20151274.720000003
P0RES018-00396,CARVUSDT,2025-08-09,True,200,14515150.312800001
P0RES018-00396,CARVUSDT,2025-08-08,True,200,18596836.738700002
P0RES018-00395,ALLUSDT,2025-08-09,True,200,19075444.639999997
P0RES018-00396,CARVUSDT,2025-08-07,True,200,11733706.736599999
P0RES018-00396,CARVUSDT,2025-08-10,True,200,16588244.7998
P0RES018-00397,INUSDT,2025-08-07,True,200,212718316.03792998
P0RES018-00397,INUSDT,2025-08-09,True,200,238626465.17635998
P0RES018-00397,INUSDT,2025-08-08,True,200,85371415.21664
P0RES018-00396,CARVUSDT,2025-08-12,True,200,8944580.181899998
P0RES018-00396,CARVUSDT,2025-08-13,True,200,8119444.1699
P0RES018-00396,CARVUSDT,2025-08-11,True,200,23348720.1504
P0RES018-00397,INUSDT,2025-08-10,True,200,87161363.74415
P0RES018-00397,INUSDT,2025-08-11,True,200,53613314.0012
P0RES018-00397,INUSDT,2025-08-12,True,200,128806575.66774999
P0RES018-00398,YALAUSDT,2025-08-07,True,200,213555260.37629998
P0RES018-00398,YALAUSDT,2025-08-09,True,200,256175313.82780004
P0RES018-00398,YALAUSDT,2025-08-08,True,200,549200244.1549
P0RES018-00398,YALAUSDT,2025-08-10,True,200,90666968.639
P0RES018-00398,YALAUSDT,2025-08-12,True,200,95838607.118
P0RES018-00398,YALAUSDT,2025-08-11,True,200,56834744.7402
P0RES018-00398,YALAUSDT,2025-08-13,True,200,82542359.313
P0RES018-00397,INUSDT,2025-08-13,True,200,119854228.83667
P0RES018-00399,AIOUSDT,2025-08-13,True,200,207117778.75497
P0RES018-00399,AIOUSDT,2025-08-18,True,200,145597841.28739998
P0RES018-00399,AIOUSDT,2025-08-16,True,200,172221970.13391
P0RES018-00399,AIOUSDT,2025-08-14,True,200,126997740.94300999
P0RES018-00399,AIOUSDT,2025-08-15,True,200,80522423.18532
P0RES018-00399,AIOUSDT,2025-08-17,True,200,74469752.28834999
P0RES018-00399,AIOUSDT,2025-08-19,True,200,43662207.50649001
P0RES018-00400,XNYUSDT,2025-08-14,True,200,230716497.94356894
P0RES018-00400,XNYUSDT,2025-08-13,True,200,155018212.631831
P0RES018-00400,XNYUSDT,2025-08-16,True,200,604342280.222023
P0RES018-00400,XNYUSDT,2025-08-17,True,200,391478838.02007306
P0RES018-00400,XNYUSDT,2025-08-15,True,200,898738998.0475879
P0RES018-00400,XNYUSDT,2025-08-18,True,200,368410756.446503
P0RES018-00400,XNYUSDT,2025-08-19,True,200,202598111.748049
P0RES018-00401,USELESSUSDT,2025-08-18,True,200,72951871.81459999
P0RES018-00401,USELESSUSDT,2025-08-20,True,200,60107500.49160001
P0RES018-00401,USELESSUSDT,2025-08-19,True,200,80950393.4094
P0RES018-00401,USELESSUSDT,2025-08-16,True,200,182237875.54160002
P0RES018-00401,USELESSUSDT,2025-08-17,True,200,108573940.5301
P0RES018-00402,DAMUSDT,2025-08-19,True,200,168456444.38155
P0RES018-00402,DAMUSDT,2025-08-18,True,200,250378542.22175997
P0RES018-00402,DAMUSDT,2025-08-21,True,200,60215225.68530001
P0RES018-00402,DAMUSDT,2025-08-24,True,200,35522353.16015
P0RES018-00402,DAMUSDT,2025-08-22,True,200,51072919.50877999
P0RES018-00401,USELESSUSDT,2025-08-21,True,200,78760318.9176
P0RES018-00401,USELESSUSDT,2025-08-15,True,200,86395076.94100001
P0RES018-00402,DAMUSDT,2025-08-20,True,200,112821415.08238998
P0RES018-00403,CUDISUSDT,2025-08-24,True,200,31092983.88764
P0RES018-00403,CUDISUSDT,2025-08-22,True,200,196114646.49259
P0RES018-00404,SAPIENUSDT,2025-08-20,True,200,219056221.51226997
P0RES018-00404,SAPIENUSDT,2025-08-21,True,200,620528919.99393
P0RES018-00403,CUDISUSDT,2025-08-23,True,200,50560175.96203999
P0RES018-00402,DAMUSDT,2025-08-23,True,200,45530635.52998
P0RES018-00403,CUDISUSDT,2025-08-26,True,200,12426608.256900001
P0RES018-00404,SAPIENUSDT,2025-08-22,True,200,340494257.81640995
P0RES018-00403,CUDISUSDT,2025-08-21,True,200,84922918.34088999
P0RES018-00403,CUDISUSDT,2025-08-25,True,200,22503199.197899997
P0RES018-00404,SAPIENUSDT,2025-08-23,True,200,227656978.85219
P0RES018-00403,CUDISUSDT,2025-08-20,True,200,97341384.70521
P0RES018-00404,SAPIENUSDT,2025-08-25,True,200,96674212.08239003
P0RES018-00404,SAPIENUSDT,2025-08-24,True,200,131193789.30180003
P0RES018-00404,SAPIENUSDT,2025-08-26,True,200,75274489.19266
P0RES018-00405,XPLUSDT,2025-08-23,True,200,286865848.4129
P0RES018-00405,XPLUSDT,2025-08-26,True,200,179620656.5188
P0RES018-00405,XPLUSDT,2025-08-24,True,200,226945951.41079998
P0RES018-00405,XPLUSDT,2025-08-28,True,200,289769997.62179995
P0RES018-00405,XPLUSDT,2025-08-27,True,200,201490002.15799996
P0RES018-00406,WLFIUSDT,2025-08-23,True,200,1010262422.2490999
P0RES018-00405,XPLUSDT,2025-08-22,True,200,436519905.7485
P0RES018-00406,WLFIUSDT,2025-08-24,True,200,974801196.0235002
P0RES018-00406,WLFIUSDT,2025-08-27,True,200,576225128.1121999
P0RES018-00406,WLFIUSDT,2025-08-25,True,200,526525496.63479996
P0RES018-00406,WLFIUSDT,2025-08-28,True,200,573678191.1889999
P0RES018-00406,WLFIUSDT,2025-08-26,True,200,735761420.4776
P0RES018-00407,BIOUSDC,2025-08-25,True,200,11695395.306560002
P0RES018-00407,BIOUSDC,2025-08-26,True,200,10790711.128009997
P0RES018-00407,BIOUSDC,2025-08-28,True,200,21937592.74517001
P0RES018-00407,BIOUSDC,2025-08-27,True,200,31135506.66363
P0RES018-00406,WLFIUSDT,2025-08-29,True,200,494988663.53760004
P0RES018-00408,SOMIUSDT,2025-08-28,True,200,26744436.571000006
P0RES018-00408,SOMIUSDT,2025-08-29,True,200,11841199.985999998
P0RES018-00408,SOMIUSDT,2025-08-25,True,200,70921486.399
P0RES018-00408,SOMIUSDT,2025-08-30,True,200,12347305.191000002
P0RES018-00407,BIOUSDC,2025-08-29,True,200,9632796.77686
P0RES018-00409,BASUSDT,2025-08-27,True,200,286610479.214845
P0RES018-00407,BIOUSDC,2025-08-31,True,200,9400866.079380002
P0RES018-00407,BIOUSDC,2025-08-30,True,200,8899689.46131
P0RES018-00409,BASUSDT,2025-08-29,True,200,131423881.40276901
P0RES018-00408,SOMIUSDT,2025-08-26,True,200,44169388.90100001
P0RES018-00408,SOMIUSDT,2025-08-27,True,200,32692994.097000007
P0RES018-00408,SOMIUSDT,2025-08-31,True,200,13207054.858999997
P0RES018-00405,XPLUSDT,2025-08-25,True,200,122033630.413
P0RES018-00409,BASUSDT,2025-09-01,True,200,193743774.82084703
P0RES018-00409,BASUSDT,2025-08-28,True,200,234157184.960328
P0RES018-00410,BTRUSDT,2025-08-29,True,200,75283961.67511
P0RES018-00409,BASUSDT,2025-08-26,True,200,179550800.870117
P0RES018-00410,BTRUSDT,2025-08-27,True,200,171947603.59709
P0RES018-00409,BASUSDT,2025-08-30,True,200,197591720.16019002
P0RES018-00410,BTRUSDT,2025-08-30,True,200,54896562.81304
P0RES018-00410,BTRUSDT,2025-08-28,True,200,158725575.67148
P0RES018-00410,BTRUSDT,2025-09-01,True,200,61942963.588410005
P0RES018-00410,BTRUSDT,2025-08-31,True,200,65306905.902320005
P0RES018-00411,MITOUSDT,2025-08-30,True,200,321128388.92239004
P0RES018-00409,BASUSDT,2025-08-31,True,200,178075072.42315003
P0RES018-00411,MITOUSDT,2025-08-31,True,200,613418694.4333799
P0RES018-00411,MITOUSDT,2025-08-29,True,200,1060319869.3305402
P0RES018-00411,MITOUSDT,2025-09-01,True,200,208887674.15578
P0RES018-00411,MITOUSDT,2025-08-28,True,200,406604929.30295
P0RES018-00412,HEMIUSDT,2025-08-30,True,200,103635842.88975103
P0RES018-00412,HEMIUSDT,2025-08-29,True,200,254635609.62874705
P0RES018-00410,BTRUSDT,2025-09-02,True,200,46339493.11161
P0RES018-00412,HEMIUSDT,2025-08-31,True,200,603648222.910136
P0RES018-00412,HEMIUSDT,2025-09-02,True,200,408042457.096962
P0RES018-00412,HEMIUSDT,2025-09-01,True,200,369976071.74109596
P0RES018-00413,LINEAUSDT,2025-09-03,True,200,149257487.35306004
P0RES018-00411,MITOUSDT,2025-09-03,True,200,70193018.38752
P0RES018-00412,HEMIUSDT,2025-09-03,True,200,235295752.86863902
P0RES018-00412,HEMIUSDT,2025-09-04,True,200,80370181.052717
P0RES018-00413,LINEAUSDT,2025-09-04,True,200,94570388.22933
P0RES018-00413,LINEAUSDT,2025-09-01,True,200,187419923.75403997
P0RES018-00414,QUSDT,2025-09-02,True,200,254807853.56827104
P0RES018-00413,LINEAUSDT,2025-09-05,True,200,82773022.00071001
P0RES018-00414,QUSDT,2025-09-03,True,200,267405601.53404894
P0RES018-00413,LINEAUSDT,2025-09-07,True,200,85261935.89175999
P0RES018-00414,QUSDT,2025-09-04,True,200,93210554.44068399
P0RES018-00411,MITOUSDT,2025-09-02,True,200,116032969.14652999
P0RES018-00413,LINEAUSDT,2025-09-02,True,200,170172825.36168998
P0RES018-00415,ARIAUSDT,2025-09-03,True,200,153987973.91123
P0RES018-00414,QUSDT,2025-09-07,True,200,132791418.19544698
P0RES018-00414,QUSDT,2025-09-08,True,200,203375622.29915097
P0RES018-00414,QUSDT,2025-09-06,True,200,70992980.236537
P0RES018-00415,ARIAUSDT,2025-09-04,True,200,154556870.84083
P0RES018-00415,ARIAUSDT,2025-09-05,True,200,179719802.73513997
P0RES018-00413,LINEAUSDT,2025-09-06,True,200,102544190.65068999
P0RES018-00415,ARIAUSDT,2025-09-06,True,200,71395986.1719
P0RES018-00414,QUSDT,2025-09-05,True,200,57917936.643893
P0RES018-00415,ARIAUSDT,2025-09-09,True,200,24522728.687009998
P0RES018-00415,ARIAUSDT,2025-09-07,True,200,52724198.35226999
P0RES018-00415,ARIAUSDT,2025-09-08,True,200,52817320.92438
P0RES018-00416,PTBUSDT,2025-09-03,True,200,115085024.69952002
P0RES018-00416,PTBUSDT,2025-09-09,True,200,117218410.45319
P0RES018-00416,PTBUSDT,2025-09-05,True,200,893202232.8887503
P0RES018-00417,TAKEUSDT,2025-09-03,True,200,286304077.84441006
P0RES018-00416,PTBUSDT,2025-09-06,True,200,402591412.62788
P0RES018-00416,PTBUSDT,2025-09-04,True,200,221598078.50817
P0RES018-00416,PTBUSDT,2025-09-08,True,200,208912492.01927
P0RES018-00416,PTBUSDT,2025-09-07,True,200,243003026.17347002
P0RES018-00417,TAKEUSDT,2025-09-07,True,200,119411861.13557003
P0RES018-00417,TAKEUSDT,2025-09-08,True,200,96777248.38297999
P0RES018-00417,TAKEUSDT,2025-09-06,True,200,86927167.15449
P0RES018-00417,TAKEUSDT,2025-09-05,True,200,127726088.07088001
P0RES018-00418,OPENUSDT,2025-09-08,True,200,1302733729.1796002
P0RES018-00418,OPENUSDT,2025-09-10,True,200,707311240.9042997
P0RES018-00417,TAKEUSDT,2025-09-09,True,200,31249637.28293
P0RES018-00418,OPENUSDT,2025-09-14,True,200,426172878.03290004
P0RES018-00419,WLFIUSDC,2025-09-08,True,200,7321214.041800001
P0RES018-00418,OPENUSDT,2025-09-09,True,200,871028862.6050998
P0RES018-00417,TAKEUSDT,2025-09-04,True,200,411012628.08022004
P0RES018-00418,OPENUSDT,2025-09-11,True,200,278164481.7057
P0RES018-00419,WLFIUSDC,2025-09-09,True,200,13664971.976899998
P0RES018-00419,WLFIUSDC,2025-09-10,True,200,14203959.6241
P0RES018-00418,OPENUSDT,2025-09-13,True,200,256688095.04779997
P0RES018-00418,OPENUSDT,2025-09-12,True,200,211849155.63320002
P0RES018-00420,AVNTUSDT,2025-09-09,True,200,272568046.16133
P0RES018-00420,AVNTUSDT,2025-09-10,True,200,761332799.4859902
P0RES018-00420,AVNTUSDT,2025-09-13,True,200,436660560.62834007
P0RES018-00420,AVNTUSDT,2025-09-14,True,200,909315718.69407
P0RES018-00419,WLFIUSDC,2025-09-14,True,200,35529074.24950001
P0RES018-00421,FLOCKUSDT,2025-09-09,True,200,90327474.26509999
P0RES018-00420,AVNTUSDT,2025-09-11,True,200,290146223.01186997
P0RES018-00420,AVNTUSDT,2025-09-12,True,200,367274911.34915996
P0RES018-00421,FLOCKUSDT,2025-09-11,True,200,52180349.175299995
P0RES018-00421,FLOCKUSDT,2025-09-12,True,200,45048426.8897
P0RES018-00420,AVNTUSDT,2025-09-15,True,200,2926144492.2964892
P0RES018-00421,FLOCKUSDT,2025-09-10,True,200,63614959.567499995
P0RES018-00419,WLFIUSDC,2025-09-13,True,200,18857668.358099997
P0RES018-00419,WLFIUSDC,2025-09-12,True,200,14423698.5692
P0RES018-00421,FLOCKUSDT,2025-09-14,True,200,34243424.549600005
P0RES018-00422,SKYUSDT,2025-09-12,True,200,29056140.219299998
P0RES018-00421,FLOCKUSDT,2025-09-15,True,200,164957585.4158
P0RES018-00422,SKYUSDT,2025-09-11,True,200,53931648.65392
P0RES018-00421,FLOCKUSDT,2025-09-13,True,200,25368464.649699997
P0RES018-00422,SKYUSDT,2025-09-09,True,200,77131118.88033
P0RES018-00419,WLFIUSDC,2025-09-11,True,200,15564652.939699996
P0RES018-00423,HOLOUSDT,2025-09-12,True,200,362956697.334
P0RES018-00422,SKYUSDT,2025-09-10,True,200,53134122.5695
P0RES018-00423,HOLOUSDT,2025-09-13,True,200,201838640.17200002
P0RES018-00423,HOLOUSDT,2025-09-11,True,200,723692999.1947001
P0RES018-00423,HOLOUSDT,2025-09-16,True,200,104052074.5639
P0RES018-00423,HOLOUSDT,2025-09-14,True,200,220756136.81720003
P0RES018-00422,SKYUSDT,2025-09-15,True,200,22602311.06732
P0RES018-00423,HOLOUSDT,2025-09-15,True,200,172458038.7528
P0RES018-00422,SKYUSDT,2025-09-13,True,200,25982623.192929994
P0RES018-00424,UBUSDT,2025-09-12,True,200,413514873.12220997
P0RES018-00424,UBUSDT,2025-09-15,True,200,443726859.4425151
P0RES018-00423,HOLOUSDT,2025-09-17,True,200,192999362.9161
P0RES018-00424,UBUSDT,2025-09-14,True,200,260435616.00746605
P0RES018-00424,UBUSDT,2025-09-17,True,200,105935587.27468102
P0RES018-00424,UBUSDT,2025-09-16,True,200,171635369.000473
P0RES018-00425,XPINUSDT,2025-09-12,True,200,95977067.79783471
P0RES018-00424,UBUSDT,2025-09-13,True,200,745704413.0419039
P0RES018-00424,UBUSDT,2025-09-18,True,200,101157280.61712198
P0RES018-00425,XPINUSDT,2025-09-16,True,200,57354205.205110684
P0RES018-00426,ZKCUSDT,2025-09-16,True,200,515501127.2253001
P0RES018-00425,XPINUSDT,2025-09-14,True,200,391993821.1419494
P0RES018-00426,ZKCUSDT,2025-09-15,True,200,1065030575.5765002
P0RES018-00425,XPINUSDT,2025-09-17,True,200,43808205.363581404
P0RES018-00422,SKYUSDT,2025-09-14,True,200,39064694.80386001
P0RES018-00425,XPINUSDT,2025-09-15,True,200,136936865.8216948
P0RES018-00425,XPINUSDT,2025-09-13,True,200,85082006.3694117
P0RES018-00426,ZKCUSDT,2025-09-20,True,200,230679549.8435
P0RES018-00425,XPINUSDT,2025-09-18,True,200,38550406.61844371
P0RES018-00426,ZKCUSDT,2025-09-17,True,200,217838588.88220003
P0RES018-00427,0GUSDT,2025-09-17,True,200,248064943.4158
P0RES018-00426,ZKCUSDT,2025-09-19,True,200,109303379.93129998
P0RES018-00426,ZKCUSDT,2025-09-18,True,200,146258308.3553
P0RES018-00427,0GUSDT,2025-09-21,True,200,273214881.18139994
P0RES018-00426,ZKCUSDT,2025-09-21,True,200,312709177.0666001
P0RES018-00428,STBLUSDT,2025-09-17,True,200,394449135.12654006
P0RES018-00427,0GUSDT,2025-09-20,True,200,76239170.62179999
P0RES018-00427,0GUSDT,2025-09-19,True,200,218149076.522
P0RES018-00428,STBLUSDT,2025-09-20,True,200,1284107630.5247803
P0RES018-00427,0GUSDT,2025-09-18,True,200,570424439.4934001
P0RES018-00428,STBLUSDT,2025-09-18,True,200,454746049.94193
P0RES018-00428,STBLUSDT,2025-09-22,True,200,462017105.66125005
P0RES018-00428,STBLUSDT,2025-09-21,True,200,776417305.29516
P0RES018-00427,0GUSDT,2025-09-22,True,200,3085429518.3461003
P0RES018-00428,STBLUSDT,2025-09-23,True,200,490560716.1559101
P0RES018-00429,TOSHIUSDT,2025-09-18,True,200,148299363.51678604
P0RES018-00427,0GUSDT,2025-09-23,True,200,2458656970.4443994
P0RES018-00428,STBLUSDT,2025-09-19,True,200,785641016.86828
P0RES018-00429,TOSHIUSDT,2025-09-20,True,200,37451660.32287939
P0RES018-00429,TOSHIUSDT,2025-09-21,True,200,42769859.91898259
P0RES018-00429,TOSHIUSDT,2025-09-19,True,200,49855357.900401086
P0RES018-00429,TOSHIUSDT,2025-09-17,True,200,600548541.0445912
P0RES018-00430,BARDUSDT,2025-09-18,True,200,944470033.5073
P0RES018-00430,BARDUSDT,2025-09-21,True,200,302227997.65440005
P0RES018-00430,BARDUSDT,2025-09-24,True,200,395816744.4072001
P0RES018-00430,BARDUSDT,2025-09-23,True,200,890483909.8585001
P0RES018-00430,BARDUSDT,2025-09-20,True,200,260661344.8878
P0RES018-00430,BARDUSDT,2025-09-22,True,200,162598885.1911
P0RES018-00429,TOSHIUSDT,2025-09-22,True,200,35904139.4590666
P0RES018-00431,ASTERUSDT,2025-09-20,True,200,3098218429.1852
P0RES018-00431,ASTERUSDT,2025-09-19,True,200,607691821.2792001
P0RES018-00431,ASTERUSDT,2025-09-21,True,200,3369206633.0204
P0RES018-00429,TOSHIUSDT,2025-09-23,True,200,37520715.2855639
P0RES018-00430,BARDUSDT,2025-09-19,True,200,382115152.93189996
P0RES018-00431,ASTERUSDT,2025-09-22,True,200,2518556994.2011995
P0RES018-00432,TRADOORUSDT,2025-09-19,True,200,152593018.55999997
P0RES018-00431,ASTERUSDT,2025-09-25,True,200,3044064391.5559993
P0RES018-00431,ASTERUSDT,2025-09-23,True,200,2847206815.8247004
P0RES018-00431,ASTERUSDT,2025-09-24,True,200,2901664682.7169003
P0RES018-00432,TRADOORUSDT,2025-09-20,True,200,144092440.606
P0RES018-00432,TRADOORUSDT,2025-09-24,True,200,69294898.073
P0RES018-00432,TRADOORUSDT,2025-09-22,True,200,109351724.45099999
P0RES018-00432,TRADOORUSDT,2025-09-21,True,200,242809353.278
P0RES018-00432,TRADOORUSDT,2025-09-25,True,200,57828829.081000015
P0RES018-00432,TRADOORUSDT,2025-09-23,True,200,81349704.17099999
P0RES018-00433,BLESSUSDT,2025-09-25,True,200,295421762.3129611
P0RES018-00433,BLESSUSDT,2025-09-26,True,200,186077691.07621697
P0RES018-00433,BLESSUSDT,2025-09-23,True,200,1026057620.392271
P0RES018-00433,BLESSUSDT,2025-09-24,True,200,733917005.4684671
P0RES018-00434,FLUIDUSDT,2025-09-25,True,200,88772389.5533
P0RES018-00433,BLESSUSDT,2025-09-27,True,200,126298758.96055
P0RES018-00433,BLESSUSDT,2025-09-28,True,200,168173726.88616797
P0RES018-00433,BLESSUSDT,2025-09-29,True,200,254883564.1417861
P0RES018-00434,FLUIDUSDT,2025-09-24,True,200,238657418.78360003
P0RES018-00434,FLUIDUSDT,2025-09-27,True,200,27157554.707399998
P0RES018-00434,FLUIDUSDT,2025-09-26,True,200,152821632.01779997
P0RES018-00434,FLUIDUSDT,2025-09-29,True,200,19317729.0615
P0RES018-00434,FLUIDUSDT,2025-09-28,True,200,18020709.951600004
P0RES018-00434,FLUIDUSDT,2025-09-30,True,200,20441297.4152
P0RES018-00435,COAIUSDT,2025-09-25,True,200,504832616.51273006
P0RES018-00435,COAIUSDT,2025-09-26,True,200,244769826.42342994
P0RES018-00435,COAIUSDT,2025-09-29,True,200,81206380.66158998
P0RES018-00435,COAIUSDT,2025-09-27,True,200,273688183.9715701
P0RES018-00435,COAIUSDT,2025-09-28,True,200,172548263.86431
P0RES018-00435,COAIUSDT,2025-09-30,True,200,205738624.92928004
P0RES018-00435,COAIUSDT,2025-10-01,True,200,87010805.98448002
P0RES018-00436,AKEUSDT,2025-09-28,True,200,102805198.9835926
P0RES018-00436,AKEUSDT,2025-09-26,True,200,148077186.44815987
P0RES018-00436,AKEUSDT,2025-09-27,True,200,395586581.15750265
P0RES018-00436,AKEUSDT,2025-10-01,True,200,58564626.284818
P0RES018-00437,HANAUSDT,2025-09-27,True,200,265598531.74930003
P0RES018-00436,AKEUSDT,2025-10-02,True,200,35731055.4159466
P0RES018-00437,HANAUSDT,2025-09-26,True,200,279253757.37815005
P0RES018-00437,HANAUSDT,2025-09-29,True,200,95530166.35717
P0RES018-00437,HANAUSDT,2025-10-02,True,200,46477581.39726
P0RES018-00437,HANAUSDT,2025-10-01,True,200,39520137.91369
P0RES018-00437,HANAUSDT,2025-09-28,True,200,121091225.11921996
P0RES018-00438,MIRAUSDT,2025-09-28,True,200,274662199.2174
P0RES018-00436,AKEUSDT,2025-09-30,True,200,46562761.77900141
P0RES018-00437,HANAUSDT,2025-09-30,True,200,54859723.56243
P0RES018-00438,MIRAUSDT,2025-09-30,True,200,300205222.75750005
P0RES018-00439,ORDERUSDT,2025-09-28,True,200,59837081.7057
P0RES018-00439,ORDERUSDT,2025-09-29,True,200,681369146.7255199
P0RES018-00439,ORDERUSDT,2025-09-30,True,200,418921375.57124
P0RES018-00438,MIRAUSDT,2025-09-27,True,200,570611886.0880002
P0RES018-00438,MIRAUSDT,2025-10-01,True,200,220586009.8788
P0RES018-00438,MIRAUSDT,2025-09-29,True,200,284760783.64080006
P0RES018-00438,MIRAUSDT,2025-09-26,True,200,1422028598.5125
P0RES018-00439,ORDERUSDT,2025-09-26,True,200,153468479.22482002
P0RES018-00436,AKEUSDT,2025-09-29,True,200,186859029.4235828
P0RES018-00440,LIGHTUSDT,2025-09-28,True,200,664799514.5292801
P0RES018-00440,LIGHTUSDT,2025-09-29,True,200,367435983.02700007
P0RES018-00439,ORDERUSDT,2025-10-01,True,200,127961161.31199999
P0RES018-00439,ORDERUSDT,2025-10-02,True,200,77384518.09378
P0RES018-00441,FFUSDT,2025-10-02,True,200,331463685.07862
P0RES018-00440,LIGHTUSDT,2025-09-27,True,200,403025266.0871301
P0RES018-00441,FFUSDT,2025-09-30,True,200,1475181001.5149198
P0RES018-00440,LIGHTUSDT,2025-10-02,True,200,115455751.4967
P0RES018-00440,LIGHTUSDT,2025-09-30,True,200,230677423.87954998
P0RES018-00440,LIGHTUSDT,2025-10-01,True,200,282856786.57268
P0RES018-00441,FFUSDT,2025-10-04,True,200,153340904.69544998
P0RES018-00439,ORDERUSDT,2025-09-27,True,200,162581921.41756
P0RES018-00440,LIGHTUSDT,2025-10-03,True,200,57423721.99238
P0RES018-00441,FFUSDT,2025-10-01,True,200,879055706.9617403
P0RES018-00441,FFUSDT,2025-10-03,True,200,219102188.66172007
P0RES018-00442,XANUSDT,2025-09-30,True,200,460188849.0088
P0RES018-00442,XANUSDT,2025-10-01,True,200,148196696.72004
P0RES018-00442,XANUSDT,2025-10-03,True,200,65835997.785179995
P0RES018-00441,FFUSDT,2025-09-29,True,200,1784293327.41519
P0RES018-00443,EDENUSDT,2025-09-30,True,200,1134553674.0108998
P0RES018-00442,XANUSDT,2025-10-04,True,200,147186482.77907
P0RES018-00441,FFUSDT,2025-10-05,True,200,126539311.18861999
P0RES018-00442,XANUSDT,2025-10-05,True,200,107313155.69834
P0RES018-00443,EDENUSDT,2025-10-03,True,200,142826420.537
P0RES018-00438,MIRAUSDT,2025-10-02,True,200,147414993.62239996
P0RES018-00443,EDENUSDT,2025-10-01,True,200,566176637.6024
P0RES018-00443,EDENUSDT,2025-10-04,True,200,132111229.11230002
P0RES018-00443,EDENUSDT,2025-10-05,True,200,278096960.6621001
P0RES018-00442,XANUSDT,2025-10-02,True,200,90365009.39293
P0RES018-00443,EDENUSDT,2025-10-02,True,200,275340438.2033
P0RES018-00442,XANUSDT,2025-09-29,True,200,759107877.68263
P0RES018-00444,VFYUSDT,2025-10-02,True,200,89818652.62222998
P0RES018-00443,EDENUSDT,2025-10-06,True,200,178501898.45570007
P0RES018-00444,VFYUSDT,2025-10-01,True,200,179060929.56100997
P0RES018-00444,VFYUSDT,2025-09-30,True,200,512837968.40944
P0RES018-00444,VFYUSDT,2025-10-03,True,200,198957484.77783
P0RES018-00445,NOMUSDT,2025-10-01,True,200,258561066.20556995
P0RES018-00444,VFYUSDT,2025-10-04,True,200,66666134.93163
P0RES018-00444,VFYUSDT,2025-10-05,True,200,89651497.91951998
P0RES018-00445,NOMUSDT,2025-10-03,True,200,39399726.594780006
P0RES018-00446,TRUTHUSDT,2025-10-01,True,200,410548056.4022767
P0RES018-00445,NOMUSDT,2025-10-04,True,200,33929543.383499995
P0RES018-00445,NOMUSDT,2025-10-06,True,200,16713441.58253
P0RES018-00445,NOMUSDT,2025-10-02,True,200,65799839.13622999
P0RES018-00444,VFYUSDT,2025-10-06,True,200,103831709.02564998
P0RES018-00446,TRUTHUSDT,2025-10-03,True,200,134874917.5904126
P0RES018-00446,TRUTHUSDT,2025-10-02,True,200,367360550.36281043
P0RES018-00446,TRUTHUSDT,2025-10-04,True,200,95975656.42589311
P0RES018-00447,2ZUSDT,2025-10-02,True,200,1756829021.0716102
P0RES018-00446,TRUTHUSDT,2025-10-07,True,200,44801802.098947
P0RES018-00447,2ZUSDT,2025-10-04,True,200,177869748.37976
P0RES018-00446,TRUTHUSDT,2025-10-06,True,200,58790887.24435699
P0RES018-00447,2ZUSDT,2025-10-03,True,200,571782772.9314898
P0RES018-00445,NOMUSDT,2025-10-07,True,200,22269314.591629997
P0RES018-00445,NOMUSDT,2025-10-05,False,curl_exit_56,
P0RES018-00447,2ZUSDT,2025-10-06,True,200,93722944.58309999
P0RES018-00447,2ZUSDT,2025-10-05,True,200,117918631.96966
P0RES018-00448,EVAAUSDT,2025-10-04,True,200,680435146.6725299
P0RES018-00447,2ZUSDT,2025-10-07,True,200,134761168.27933997
P0RES018-00448,EVAAUSDT,2025-10-03,True,200,583796903.9845699
P0RES018-00447,2ZUSDT,2025-10-08,True,200,153627130.27517998
P0RES018-00448,EVAAUSDT,2025-10-05,True,200,249846667.14523998
P0RES018-00448,EVAAUSDT,2025-10-08,True,200,54151030.287379995
P0RES018-00448,EVAAUSDT,2025-10-07,True,200,162792305.19373006
P0RES018-00448,EVAAUSDT,2025-10-06,True,200,121053530.04717001
P0RES018-00448,EVAAUSDT,2025-10-09,True,200,37643324.47912
P0RES018-00449,LYNUSDT,2025-10-06,True,200,297620318.81944996
P0RES018-00449,LYNUSDT,2025-10-07,True,200,129874513.97556
P0RES018-00446,TRUTHUSDT,2025-10-05,True,200,46874923.58102301
P0RES018-00449,LYNUSDT,2025-10-08,True,200,115980087.77785999
P0RES018-00449,LYNUSDT,2025-10-09,True,200,81814753.99644001
P0RES018-00449,LYNUSDT,2025-10-10,True,200,107070400.24584
P0RES018-00449,LYNUSDT,2025-10-11,True,200,39946747.21041
P0RES018-00450,KGENUSDT,2025-10-07,True,200,299212101.67987
P0RES018-00450,KGENUSDT,2025-10-08,True,200,204953310.70246997
P0RES018-00449,LYNUSDT,2025-10-12,True,200,36021492.34352001
P0RES018-00450,KGENUSDT,2025-10-09,True,200,156171431.63632
P0RES018-00450,KGENUSDT,2025-10-10,True,200,414775248.1660899
P0RES018-00450,KGENUSDT,2025-10-12,True,200,78308550.03539002
P0RES018-00450,KGENUSDT,2025-10-11,True,200,184876688.54081997
P0RES018-00451,4USDT,2025-10-10,True,200,439745989.80832
P0RES018-00451,4USDT,2025-10-12,True,200,549192075.99524
P0RES018-00450,KGENUSDT,2025-10-13,True,200,66951066.76307999
P0RES018-00451,4USDT,2025-10-11,True,200,314931767.24984
P0RES018-00452,GIGGLEUSDT,2025-10-10,True,200,621752346.8478
P0RES018-00451,4USDT,2025-10-14,True,200,406208508.04363996
P0RES018-00452,GIGGLEUSDT,2025-10-09,True,200,247542284.48920003
P0RES018-00451,4USDT,2025-10-13,True,200,525950406.8066
P0RES018-00452,GIGGLEUSDT,2025-10-11,True,200,455981154.4997
P0RES018-00452,GIGGLEUSDT,2025-10-14,True,200,142907195.81370002
P0RES018-00451,4USDT,2025-10-08,True,200,655643460.61591
P0RES018-00452,GIGGLEUSDT,2025-10-12,True,200,309440066.1117
P0RES018-00452,GIGGLEUSDT,2025-10-13,True,200,193121649.47410005
P0RES018-00453,MONUSDT,2025-10-15,True,200,9921659.95634
P0RES018-00453,MONUSDT,2025-10-10,True,200,81764263.59302999
P0RES018-00453,MONUSDT,2025-10-14,True,200,20081685.84177
P0RES018-00454,YBUSDT,2025-10-10,True,200,89836667.022
P0RES018-00451,4USDT,2025-10-09,True,200,677888739.6946001
P0RES018-00452,GIGGLEUSDT,2025-10-15,True,200,94280424.38620001
P0RES018-00453,MONUSDT,2025-10-13,True,200,15151364.528829997
P0RES018-00453,MONUSDT,2025-10-11,True,200,17510793.016259998
P0RES018-00454,YBUSDT,2025-10-16,True,200,235138614.46890002
P0RES018-00454,YBUSDT,2025-10-12,True,200,42299759.37980001
P0RES018-00454,YBUSDT,2025-10-13,True,200,68999560.6473
P0RES018-00454,YBUSDT,2025-10-15,True,200,477769739.6204
P0RES018-00453,MONUSDT,2025-10-16,True,200,10721318.037059998
P0RES018-00455,METUSDT,2025-10-12,True,200,31147151.4435
P0RES018-00454,YBUSDT,2025-10-11,True,200,187864871.31849995
P0RES018-00455,METUSDT,2025-10-14,True,200,24286596.812599994
P0RES018-00455,METUSDT,2025-10-13,True,200,32076257.810900003
P0RES018-00454,YBUSDT,2025-10-14,True,200,102323641.55579999
P0RES018-00453,MONUSDT,2025-10-12,True,200,13628509.81926
P0RES018-00455,METUSDT,2025-10-17,True,200,16809330.2075
P0RES018-00455,METUSDT,2025-10-15,True,200,17111437.4236
P0RES018-00456,EULUSDT,2025-10-13,True,200,172727882.4667
P0RES018-00455,METUSDT,2025-10-16,True,200,30166448.179
P0RES018-00456,EULUSDT,2025-10-14,True,200,263470835.7148
P0RES018-00455,METUSDT,2025-10-11,True,200,58241357.837799996
P0RES018-00456,EULUSDT,2025-10-16,True,200,45084645.416899994
P0RES018-00456,EULUSDT,2025-10-15,True,200,90956853.09479997
P0RES018-00457,CLOUSDT,2025-10-15,True,200,1120997141.61982
P0RES018-00457,CLOUSDT,2025-10-18,True,200,268773973.99711007
P0RES018-00457,CLOUSDT,2025-10-17,True,200,147933344.60402998
P0RES018-00456,EULUSDT,2025-10-17,True,200,37992503.667399995
P0RES018-00457,CLOUSDT,2025-10-16,True,200,316839201.67309
P0RES018-00458,ENSOUSDT,2025-10-14,True,200,473178949.4657
P0RES018-00457,CLOUSDT,2025-10-14,True,200,874240836.2424499
P0RES018-00457,CLOUSDT,2025-10-20,True,200,57491752.030070014
P0RES018-00456,EULUSDT,2025-10-18,True,200,30156081.7084
P0RES018-00457,CLOUSDT,2025-10-19,True,200,104838668.06561002
P0RES018-00458,ENSOUSDT,2025-10-15,True,200,193156810.33339998
P0RES018-00458,ENSOUSDT,2025-10-17,True,200,66256712.38860001
P0RES018-00456,EULUSDT,2025-10-19,True,200,16082455.256700002
P0RES018-00458,ENSOUSDT,2025-10-16,True,200,77458869.4776
P0RES018-00458,ENSOUSDT,2025-10-18,True,200,41223408.144600004
P0RES018-00458,ENSOUSDT,2025-10-19,True,200,36770784.247999996
P0RES018-00459,RECALLUSDT,2025-10-16,True,200,208383409.87425
P0RES018-00460,LABUSDT,2025-10-18,True,200,178379734.06161
P0RES018-00458,ENSOUSDT,2025-10-20,True,200,44926444.0139
P0RES018-00459,RECALLUSDT,2025-10-19,True,200,358552414.95298994
P0RES018-00459,RECALLUSDT,2025-10-21,True,200,121506040.07444997
P0RES018-00459,RECALLUSDT,2025-10-18,True,200,899522002.3340502
P0RES018-00460,LABUSDT,2025-10-21,True,200,59704300.28255001
P0RES018-00460,LABUSDT,2025-10-20,True,200,123891990.65271
P0RES018-00460,LABUSDT,2025-10-17,True,200,234528005.28059003
P0RES018-00460,LABUSDT,2025-10-19,True,200,113971377.30902001
P0RES018-00459,RECALLUSDT,2025-10-17,True,200,136400143.98616
P0RES018-00460,LABUSDT,2025-10-23,True,200,78247308.61269002
P0RES018-00459,RECALLUSDT,2025-10-20,True,200,163967878.14601004
P0RES018-00461,RIVERUSDT,2025-10-21,True,200,327878435.22440004
P0RES018-00461,RIVERUSDT,2025-10-22,True,200,366582155.76619995
P0RES018-00461,RIVERUSDT,2025-10-20,True,200,43887586.58690001
P0RES018-00461,RIVERUSDT,2025-10-18,True,200,182410808.50709996
P0RES018-00462,ZBTUSDT,2025-10-18,True,200,328587719.49810004
P0RES018-00462,ZBTUSDT,2025-10-19,True,200,210103839.13729998
P0RES018-00462,ZBTUSDT,2025-10-20,True,200,120974665.07280003
P0RES018-00461,RIVERUSDT,2025-10-19,True,200,107739027.79590003
P0RES018-00462,ZBTUSDT,2025-10-23,True,200,60172370.22956
P0RES018-00462,ZBTUSDT,2025-10-17,True,200,646965669.6228
P0RES018-00462,ZBTUSDT,2025-10-21,True,200,87878229.55960001
P0RES018-00459,RECALLUSDT,2025-10-15,True,200,535427320.04183
P0RES018-00460,LABUSDT,2025-10-22,True,200,64754811.43034001
P0RES018-00461,RIVERUSDT,2025-10-23,True,200,423439119.8117
P0RES018-00462,ZBTUSDT,2025-10-22,True,200,79040633.70063001
P0RES018-00463,RVVUSDT,2025-10-20,True,200,185891555.313896
P0RES018-00461,RIVERUSDT,2025-10-17,True,200,81379256.677
P0RES018-00463,RVVUSDT,2025-10-23,True,200,126709706.60420401
P0RES018-00463,RVVUSDT,2025-10-24,True,200,115495571.25574501
P0RES018-00463,RVVUSDT,2025-10-22,True,200,258515334.291184
P0RES018-00463,RVVUSDT,2025-10-21,True,200,104909179.606897
P0RES018-00464,币安人生USDT,2025-10-20,True,200,1242994547.1284902
P0RES018-00464,币安人生USDT,2025-10-21,True,200,980822654.0091901
P0RES018-00464,币安人生USDT,2025-10-23,True,200,303983378.17142
P0RES018-00464,币安人生USDT,2025-10-25,True,200,462465621.61851
P0RES018-00465,BLUAIUSDT,2025-10-21,True,200,277528585.14980006
P0RES018-00464,币安人生USDT,2025-10-24,True,200,240234776.23527995
P0RES018-00465,BLUAIUSDT,2025-10-22,True,200,208097981.78651005
P0RES018-00465,BLUAIUSDT,2025-10-24,True,200,93840493.1979
P0RES018-00465,BLUAIUSDT,2025-10-26,True,200,274521959.57347
P0RES018-00464,币安人生USDT,2025-10-26,True,200,306750877.9380799
P0RES018-00463,RVVUSDT,2025-10-19,True,200,552682232.037478
P0RES018-00466,TURTLEUSDT,2025-10-22,True,200,274715351.86689997
P0RES018-00466,TURTLEUSDT,2025-10-24,True,200,141480044.05259997
P0RES018-00466,TURTLEUSDT,2025-10-25,True,200,99288781.31740001
P0RES018-00466,TURTLEUSDT,2025-10-27,True,200,103540239.47669998
P0RES018-00465,BLUAIUSDT,2025-10-23,True,200,105697644.45283999
P0RES018-00466,TURTLEUSDT,2025-10-26,True,200,140359039.3473
P0RES018-00465,BLUAIUSDT,2025-10-27,True,200,99490467.66667998
P0RES018-00463,RVVUSDT,2025-10-18,True,200,469288577.198105
P0RES018-00467,APRUSDT,2025-10-24,True,200,1121187044.92807
P0RES018-00466,TURTLEUSDT,2025-10-23,True,200,345903750.6332
P0RES018-00467,APRUSDT,2025-10-26,True,200,161425857.31049
P0RES018-00467,APRUSDT,2025-10-27,True,200,100616513.63965997
P0RES018-00464,币安人生USDT,2025-10-22,True,200,363739966.27029
P0RES018-00466,TURTLEUSDT,2025-10-28,True,200,92096373.1425
P0RES018-00468,ONUSDT,2025-10-28,True,200,25986835.768019997
P0RES018-00468,ONUSDT,2025-10-27,True,200,42437538.11932
P0RES018-00465,BLUAIUSDT,2025-10-25,True,200,88249199.61616997
P0RES018-00467,APRUSDT,2025-10-25,True,200,248616359.82434
P0RES018-00468,ONUSDT,2025-10-26,True,200,69046990.47733
P0RES018-00467,APRUSDT,2025-10-29,True,200,106438254.23459001
P0RES018-00468,ONUSDT,2025-10-29,True,200,41009715.635369994
P0RES018-00468,ONUSDT,2025-10-30,True,200,29662255.071270004
P0RES018-00467,APRUSDT,2025-10-28,True,200,78141881.36538999
P0RES018-00469,42USDT,2025-10-30,True,200,71536879.53149
P0RES018-00467,APRUSDT,2025-10-23,True,200,487533790.26177
P0RES018-00468,ONUSDT,2025-10-25,True,200,92108819.93217
P0RES018-00470,COMMONUSDT,2025-10-28,True,200,209120303.29356503
P0RES018-00469,42USDT,2025-10-29,True,200,69011979.38836999
P0RES018-00469,42USDT,2025-10-28,True,200,122943295.94484001
P0RES018-00469,42USDT,2025-10-31,True,200,72902682.31375
P0RES018-00469,42USDT,2025-10-27,True,200,283034751.22468996
P0RES018-00469,42USDT,2025-11-02,True,200,29892090.468779996
P0RES018-00469,42USDT,2025-11-01,True,200,35543519.81703
P0RES018-00470,COMMONUSDT,2025-10-29,True,200,119184862.694313
P0RES018-00470,COMMONUSDT,2025-10-27,True,200,217626225.74339
P0RES018-00468,ONUSDT,2025-10-24,True,200,369864524.42282
P0RES018-00471,ATUSDT,2025-11-02,True,200,117999382.94080001
P0RES018-00471,ATUSDT,2025-10-31,True,200,68424920.85260002
P0RES018-00471,ATUSDT,2025-10-30,True,200,215675768.4297
P0RES018-00471,ATUSDT,2025-11-03,True,200,107300739.10520001
P0RES018-00472,KITEUSDT,2025-10-29,True,200,369202610.67552
P0RES018-00470,COMMONUSDT,2025-11-01,True,200,80693985.714599
P0RES018-00470,COMMONUSDT,2025-10-30,True,200,108175427.7538
P0RES018-00470,COMMONUSDT,2025-10-31,True,200,68782348.61981301
P0RES018-00471,ATUSDT,2025-10-29,True,200,88959940.61800002
P0RES018-00471,ATUSDT,2025-11-04,True,200,67528082.8029
P0RES018-00471,ATUSDT,2025-11-01,True,200,38199340.59690001
P0RES018-00472,KITEUSDT,2025-10-31,True,200,281690735.25761
P0RES018-00472,KITEUSDT,2025-11-01,True,200,111836076.99811
P0RES018-00473,CCUSDT,2025-10-31,True,200,103229677.57110001
P0RES018-00472,KITEUSDT,2025-10-30,True,200,385635158.8667
P0RES018-00473,CCUSDT,2025-11-03,True,200,31198932.89728
P0RES018-00473,CCUSDT,2025-11-02,True,200,47214208.174219996
P0RES018-00473,CCUSDT,2025-11-06,True,200,15062023.640750002
P0RES018-00472,KITEUSDT,2025-11-04,True,200,397856650.62549996
P0RES018-00474,MMTUSDT,2025-11-04,True,200,3417529803.2131004
P0RES018-00472,KITEUSDT,2025-11-03,True,200,825497966.1918
P0RES018-00470,COMMONUSDT,2025-11-02,True,200,160524870.106153
P0RES018-00474,MMTUSDT,2025-11-05,True,200,2769285669.6816006
P0RES018-00474,MMTUSDT,2025-11-06,True,200,639355113.0142001
P0RES018-00473,CCUSDT,2025-11-01,True,200,47785609.66334001
P0RES018-00472,KITEUSDT,2025-11-02,True,200,75065115.38280998
P0RES018-00473,CCUSDT,2025-11-05,True,200,16226851.180419998
P0RES018-00475,TRUSTUSDT,2025-11-05,True,200,512723323.7716999
P0RES018-00474,MMTUSDT,2025-11-09,True,200,206352644.5589
P0RES018-00474,MMTUSDT,2025-11-07,True,200,555591252.4952
P0RES018-00475,TRUSTUSDT,2025-11-08,True,200,76175875.6875
P0RES018-00474,MMTUSDT,2025-11-10,True,200,157751798.91539997
P0RES018-00475,TRUSTUSDT,2025-11-06,True,200,196270209.74010003
P0RES018-00475,TRUSTUSDT,2025-11-07,True,200,109099876.4071
P0RES018-00473,CCUSDT,2025-11-04,True,200,25248582.66945
P0RES018-00476,FOLKSUSDT,2025-11-07,True,200,165389818.0743
P0RES018-00475,TRUSTUSDT,2025-11-10,True,200,39848205.77899999
P0RES018-00475,TRUSTUSDT,2025-11-09,True,200,56891052.13969999
P0RES018-00476,FOLKSUSDT,2025-11-10,True,200,62895904.5769
P0RES018-00476,FOLKSUSDT,2025-11-06,True,200,352474352.4981
P0RES018-00476,FOLKSUSDT,2025-11-08,True,200,345028817.5216999
P0RES018-00477,STABLEUSDT,2025-11-06,True,200,76620197.25523001
P0RES018-00477,STABLEUSDT,2025-11-08,True,200,69533780.2055
P0RES018-00477,STABLEUSDT,2025-11-09,True,200,27598555.66002001
P0RES018-00477,STABLEUSDT,2025-11-10,True,200,17233481.91253
P0RES018-00477,STABLEUSDT,2025-11-12,True,200,11847028.840999996
P0RES018-00478,UAIUSDT,2025-11-06,True,200,324263966.50439996
P0RES018-00476,FOLKSUSDT,2025-11-12,True,200,38968066.3049
P0RES018-00478,UAIUSDT,2025-11-07,True,200,475256131.8886
P0RES018-00475,TRUSTUSDT,2025-11-11,True,200,42517555.8234
P0RES018-00478,UAIUSDT,2025-11-11,True,200,143732228.9042
P0RES018-00476,FOLKSUSDT,2025-11-09,True,200,156832597.8141
P0RES018-00478,UAIUSDT,2025-11-08,True,200,360616515.0444
P0RES018-00477,STABLEUSDT,2025-11-07,True,200,67294226.24536999
P0RES018-00478,UAIUSDT,2025-11-12,True,200,296517296.24960005
P0RES018-00478,UAIUSDT,2025-11-10,True,200,88234572.07709998
P0RES018-00479,JCTUSDT,2025-11-10,True,200,958184140.8872429
P0RES018-00478,UAIUSDT,2025-11-09,True,200,201565186.14789996
P0RES018-00479,JCTUSDT,2025-11-11,True,200,344808824.2956549
P0RES018-00479,JCTUSDT,2025-11-12,True,200,188899427.492275
P0RES018-00479,JCTUSDT,2025-11-16,True,200,38337543.159377016
P0RES018-00480,ALLOUSDT,2025-11-12,True,200,562857213.9019
P0RES018-00480,ALLOUSDT,2025-11-13,True,200,386807115.28589994
P0RES018-00480,ALLOUSDT,2025-11-14,True,200,219330302.7829
P0RES018-00480,ALLOUSDT,2025-11-16,True,200,133537078.88409999
P0RES018-00480,ALLOUSDT,2025-11-15,True,200,128503340.01580003
P0RES018-00479,JCTUSDT,2025-11-14,True,200,75747594.375668
P0RES018-00479,JCTUSDT,2025-11-15,True,200,32856657.195292003
P0RES018-00481,BEATUSDT,2025-11-12,True,200,687260063.68486
P0RES018-00474,MMTUSDT,2025-11-08,True,200,499009865.26620007
P0RES018-00480,ALLOUSDT,2025-11-17,True,200,121305573.12009999
P0RES018-00481,BEATUSDT,2025-11-15,True,200,308886725.2304099
P0RES018-00480,ALLOUSDT,2025-11-11,True,200,676255139.9185
P0RES018-00477,STABLEUSDT,2025-11-11,True,200,11521312.672860002
P0RES018-00481,BEATUSDT,2025-11-13,True,200,827754167.6419102
P0RES018-00482,CLANKERUSDT,2025-11-16,True,200,19875173.048299998
P0RES018-00482,CLANKERUSDT,2025-11-12,True,200,103597084.076
P0RES018-00481,BEATUSDT,2025-11-16,True,200,143000980.65815
P0RES018-00482,CLANKERUSDT,2025-11-14,True,200,32712658.963700004
P0RES018-00481,BEATUSDT,2025-11-18,True,200,188708432.17436
P0RES018-00479,JCTUSDT,2025-11-13,True,200,270348266.15893203
P0RES018-00482,CLANKERUSDT,2025-11-13,True,200,65974289.7839
P0RES018-00476,FOLKSUSDT,2025-11-11,True,200,43970498.75480001
P0RES018-00482,CLANKERUSDT,2025-11-18,True,200,24813038.023899995
P0RES018-00483,PIEVERSEUSDT,2025-11-15,True,200,738293583.7060001
P0RES018-00483,PIEVERSEUSDT,2025-11-14,True,200,254177422.58589995
P0RES018-00481,BEATUSDT,2025-11-14,True,200,414817861.40973
P0RES018-00482,CLANKERUSDT,2025-11-15,True,200,26051746.790699996
P0RES018-00483,PIEVERSEUSDT,2025-11-19,True,200,290211379.6918
P0RES018-00483,PIEVERSEUSDT,2025-11-17,True,200,338177698.7440999
P0RES018-00483,PIEVERSEUSDT,2025-11-18,True,200,156188565.40440002
P0RES018-00483,PIEVERSEUSDT,2025-11-20,True,200,349141050.2915
P0RES018-00484,SENTUSDT,2025-11-16,True,200,34489933.6002
P0RES018-00484,SENTUSDT,2025-11-14,True,200,66121070.1951
P0RES018-00484,SENTUSDT,2025-11-15,True,200,59332506.464600004
P0RES018-00481,BEATUSDT,2025-11-17,True,200,129984874.13638
P0RES018-00484,SENTUSDT,2025-11-17,True,200,20650928.8285
P0RES018-00484,SENTUSDT,2025-11-18,True,200,24345941.269300006
P0RES018-00484,SENTUSDT,2025-11-19,True,200,34016626.03670001
P0RES018-00485,ZECUSDC,2025-11-20,True,200,69325187.31424999
P0RES018-00485,ZECUSDC,2025-11-21,True,200,94525134.12792999
P0RES018-00485,ZECUSDC,2025-11-19,True,200,53759905.30839
P0RES018-00485,ZECUSDC,2025-11-23,True,200,96841110.41461
P0RES018-00486,BOBUSDT,2025-11-22,True,200,54935612.651374996
P0RES018-00485,ZECUSDC,2025-11-25,True,200,97468709.74971
P0RES018-00486,BOBUSDT,2025-11-21,True,200,110954356.520243
P0RES018-00485,ZECUSDC,2025-11-24,True,200,79446481.31051001
P0RES018-00486,BOBUSDT,2025-11-24,True,200,134420027.68896
P0RES018-00482,CLANKERUSDT,2025-11-17,True,200,40604772.8098
P0RES018-00486,BOBUSDT,2025-11-23,True,200,94577050.61152901
P0RES018-00486,BOBUSDT,2025-11-25,True,200,42753393.77298499
P0RES018-00483,PIEVERSEUSDT,2025-11-16,True,200,881629090.0905
P0RES018-00485,ZECUSDC,2025-11-22,True,200,99553668.63796003
P0RES018-00486,BOBUSDT,2025-11-27,True,200,22891363.470542
P0RES018-00487,IRYSUSDT,2025-11-27,True,200,369214850.41160995
P0RES018-00487,IRYSUSDT,2025-12-02,True,200,28012462.11771
P0RES018-00487,IRYSUSDT,2025-11-26,True,200,208293888.431176
P0RES018-00487,IRYSUSDT,2025-11-30,True,200,116828699.06204501
P0RES018-00488,RLSUSDT,2025-12-04,True,200,86334186.72828798
P0RES018-00486,BOBUSDT,2025-11-26,True,200,31534737.976177998
P0RES018-00488,RLSUSDT,2025-12-03,True,200,94705861.406198
P0RES018-00487,IRYSUSDT,2025-11-29,True,200,108553873.50209501
P0RES018-00488,RLSUSDT,2025-12-06,True,200,107813408.91767699
P0RES018-00487,IRYSUSDT,2025-11-28,True,200,107205797.968071
P0RES018-00484,SENTUSDT,2025-11-20,True,200,21482953.304740004
P0RES018-00489,POWERUSDT,2025-12-06,True,200,270195490.49824
P0RES018-00488,RLSUSDT,2025-12-08,True,200,30090643.51577
P0RES018-00488,RLSUSDT,2025-12-02,True,200,169758485.31954
P0RES018-00489,POWERUSDT,2025-12-07,True,200,147649963.31195995
P0RES018-00489,POWERUSDT,2025-12-08,True,200,408252808.76316005
P0RES018-00489,POWERUSDT,2025-12-10,True,200,96099401.81618
P0RES018-00489,POWERUSDT,2025-12-09,True,200,225493010.38474002
P0RES018-00488,RLSUSDT,2025-12-05,True,200,56623966.635937996
P0RES018-00489,POWERUSDT,2025-12-11,True,200,77963189.56849
P0RES018-00490,NIGHTUSDT,2025-12-10,True,200,368652495.2579701
P0RES018-00490,NIGHTUSDT,2025-12-12,True,200,310979686.34058005
P0RES018-00490,NIGHTUSDT,2025-12-11,True,200,459476904.98341995
P0RES018-00490,NIGHTUSDT,2025-12-15,True,200,334468999.2992299
P0RES018-00487,IRYSUSDT,2025-12-01,True,200,53036665.259940006
P0RES018-00490,NIGHTUSDT,2025-12-13,True,200,219781167.12477002
P0RES018-00489,POWERUSDT,2025-12-12,True,200,49914252.23583
P0RES018-00491,WETUSDT,2025-12-12,True,200,159781407.82287
P0RES018-00491,WETUSDT,2025-12-10,True,200,471499898.18205005
P0RES018-00490,NIGHTUSDT,2025-12-14,True,200,739717596.77295
P0RES018-00491,WETUSDT,2025-12-16,True,200,89103384.59627001
P0RES018-00492,CYSUSDT,2025-12-13,True,200,35124110.5405
P0RES018-00488,RLSUSDT,2025-12-07,True,200,41643081.052305005
P0RES018-00491,WETUSDT,2025-12-11,True,200,218761629.20698997
P0RES018-00492,CYSUSDT,2025-12-12,True,200,73333333.14950001
P0RES018-00492,CYSUSDT,2025-12-16,True,200,39467288.4479
P0RES018-00492,CYSUSDT,2025-12-18,True,200,129508594.79819997
P0RES018-00493,USUSDT,2025-12-12,True,200,107397411.08953999
P0RES018-00492,CYSUSDT,2025-12-15,True,200,24929216.468899995
P0RES018-00491,WETUSDT,2025-12-13,True,200,72586054.46880998
P0RES018-00492,CYSUSDT,2025-12-17,True,200,114024160.69580002
P0RES018-00490,NIGHTUSDT,2025-12-16,True,200,306105094.75849
P0RES018-00491,WETUSDT,2025-12-14,True,200,79711126.23065001
P0RES018-00491,WETUSDT,2025-12-15,True,200,437438480.91885996
P0RES018-00492,CYSUSDT,2025-12-14,True,200,64315687.264699996
P0RES018-00493,USUSDT,2025-12-13,True,200,60192746.1225
P0RES018-00494,RAVEUSDT,2025-12-14,True,200,105902395.48536
P0RES018-00493,USUSDT,2025-12-17,True,200,53880010.67011
P0RES018-00493,USUSDT,2025-12-18,True,200,36368731.66173
P0RES018-00493,USUSDT,2025-12-14,True,200,48795857.424189985
P0RES018-00494,RAVEUSDT,2025-12-19,True,200,393150193.76891005
P0RES018-00494,RAVEUSDT,2025-12-15,True,200,329674903.27545005
P0RES018-00494,RAVEUSDT,2025-12-18,True,200,148185105.10783997
P0RES018-00494,RAVEUSDT,2025-12-16,True,200,192181167.44187003
P0RES018-00495,GUAUSDT,2025-12-21,True,200,107943699.34480001
P0RES018-00493,USUSDT,2025-12-16,True,200,31130976.578210004
P0RES018-00495,GUAUSDT,2025-12-25,True,200,17716358.09771
P0RES018-00495,GUAUSDT,2025-12-22,True,200,56116050.80924
P0RES018-00494,RAVEUSDT,2025-12-17,True,200,232874538.27709004
P0RES018-00495,GUAUSDT,2025-12-26,True,200,14047644.080389999
P0RES018-00496,IRUSDT,2025-12-22,True,200,55294395.49278001
P0RES018-00493,USUSDT,2025-12-15,True,200,85869735.51124999
P0RES018-00495,GUAUSDT,2025-12-24,True,200,27436225.47355
P0RES018-00496,IRUSDT,2025-12-23,True,200,44264840.43122001
P0RES018-00495,GUAUSDT,2025-12-27,True,200,10560111.49198
P0RES018-00496,IRUSDT,2025-12-21,True,200,73541932.72521
P0RES018-00496,IRUSDT,2025-12-25,True,200,187772445.57325
P0RES018-00494,RAVEUSDT,2025-12-20,True,200,174542880.29250997
P0RES018-00496,IRUSDT,2025-12-27,True,200,36140000.18745001
P0RES018-00497,ZKPUSDT,2025-12-21,True,200,102857711.94864002
P0RES018-00497,ZKPUSDT,2025-12-22,True,200,277983680.29195994
P0RES018-00496,IRUSDT,2025-12-24,True,200,132231339.38586
P0RES018-00498,LITUSDT,2025-12-24,True,200,101281091.55810001
P0RES018-00497,ZKPUSDT,2025-12-26,True,200,448530104.3012299
P0RES018-00497,ZKPUSDT,2025-12-25,True,200,26068903.49402999
P0RES018-00498,LITUSDT,2025-12-26,True,200,37438248.866399996
P0RES018-00496,IRUSDT,2025-12-26,True,200,53389022.473160006
P0RES018-00497,ZKPUSDT,2025-12-27,True,200,161250946.73379996
P0RES018-00497,ZKPUSDT,2025-12-23,True,200,77497732.24020001
P0RES018-00495,GUAUSDT,2025-12-23,True,200,35237151.64481
P0RES018-00498,LITUSDT,2025-12-23,True,200,50283633.7616
P0RES018-00498,LITUSDT,2025-12-29,True,200,73772900.32620001
P0RES018-00499,BREVUSDT,2025-12-30,True,200,39846338.6726
P0RES018-00499,BREVUSDT,2026-01-01,True,200,5233725.461999999
P0RES018-00498,LITUSDT,2025-12-28,True,200,83985487.68159999
P0RES018-00498,LITUSDT,2025-12-27,True,200,26501478.444
P0RES018-00499,BREVUSDT,2025-12-31,True,200,11979976.531199997
P0RES018-00499,BREVUSDT,2026-01-03,True,200,8511242.2849
P0RES018-00499,BREVUSDT,2026-01-04,True,200,7565058.0084
P0RES018-00500,COLLECTUSDT,2025-12-31,True,200,165681661.28906995
P0RES018-00497,ZKPUSDT,2025-12-24,True,200,40141714.34526
P0RES018-00499,BREVUSDT,2026-01-02,True,200,6561898.863
P0RES018-00499,BREVUSDT,2026-01-05,True,200,24422933.6731
P0RES018-00501,MAGMAUSDT,2025-12-31,True,200,34220433.68913
P0RES018-00500,COLLECTUSDT,2026-01-05,True,200,36207495.24600001
P0RES018-00500,COLLECTUSDT,2026-01-01,True,200,111910607.27080001
P0RES018-00498,LITUSDT,2025-12-25,True,200,62069910.6564
P0RES018-00501,MAGMAUSDT,2026-01-01,True,200,21860133.616609998
P0RES018-00500,COLLECTUSDT,2026-01-06,True,200,49329860.00507999
P0RES018-00500,COLLECTUSDT,2026-01-02,True,200,56770885.14169999
P0RES018-00501,MAGMAUSDT,2026-01-02,True,200,17587219.882840004
P0RES018-00500,COLLECTUSDT,2026-01-03,True,200,38365981.440079994
P0RES018-00501,MAGMAUSDT,2026-01-03,True,200,21610347.69896
P0RES018-00501,MAGMAUSDT,2026-01-04,True,200,10386906.554779999
P0RES018-00501,MAGMAUSDT,2026-01-06,True,200,14395172.835719999
P0RES018-00502,XAGUSDT,2026-01-07,True,200,17317418.905920003
P0RES018-00500,COLLECTUSDT,2026-01-04,True,200,66119525.83
P0RES018-00502,XAGUSDT,2026-01-08,True,200,13664376.246319998
P0RES018-00502,XAGUSDT,2026-01-09,True,200,22562689.593740005
P0RES018-00502,XAGUSDT,2026-01-12,True,200,65332447.00704002
P0RES018-00502,XAGUSDT,2026-01-11,True,200,7178462.43518
P0RES018-00502,XAGUSDT,2026-01-13,True,200,78802074.3277
P0RES018-00503,ZAMAUSDT,2026-01-09,True,200,114324244.263
P0RES018-00503,ZAMAUSDT,2026-01-10,True,200,60489542.735899985
P0RES018-00503,ZAMAUSDT,2026-01-12,True,200,38559455.46569999
P0RES018-00503,ZAMAUSDT,2026-01-14,True,200,24959203.647199996
P0RES018-00503,ZAMAUSDT,2026-01-13,True,200,28357080.152499992
P0RES018-00501,MAGMAUSDT,2026-01-05,True,200,14080980.642590003
P0RES018-00504,FOGOUSDT,2026-01-10,True,200,98268108.48518002
P0RES018-00504,FOGOUSDT,2026-01-12,True,200,62238495.381960005
P0RES018-00504,FOGOUSDT,2026-01-13,True,200,52571382.60846
P0RES018-00503,ZAMAUSDT,2026-01-15,True,200,17794743.6608
P0RES018-00504,FOGOUSDT,2026-01-14,True,200,26223778.765429996
P0RES018-00503,ZAMAUSDT,2026-01-11,True,200,48327221.920700006
P0RES018-00504,FOGOUSDT,2026-01-11,True,200,66158076.45584
P0RES018-00504,FOGOUSDT,2026-01-16,True,200,192270602.73523995
P0RES018-00505,FRAXUSDT,2026-01-15,True,200,471997971.7261001
P0RES018-00504,FOGOUSDT,2026-01-15,True,200,406682091.95334005
P0RES018-00505,FRAXUSDT,2026-01-16,True,200,177628932.41279998
P0RES018-00505,FRAXUSDT,2026-01-17,True,200,115842252.54220001
P0RES018-00505,FRAXUSDT,2026-01-18,True,200,525174117.7372001
P0RES018-00505,FRAXUSDT,2026-01-19,True,200,398317103.30139995
P0RES018-00505,FRAXUSDT,2026-01-20,True,200,126414772.62059999
P0RES018-00502,XAGUSDT,2026-01-10,True,200,15561198.47411
P0RES018-00505,FRAXUSDT,2026-01-21,True,200,99471938.9623
P0RES018-00506,SPORTFUNUSDT,2026-01-16,True,200,111204173.27637
P0RES018-00506,SPORTFUNUSDT,2026-01-18,True,200,34574548.563889995
P0RES018-00506,SPORTFUNUSDT,2026-01-17,True,200,77808587.61597998
P0RES018-00506,SPORTFUNUSDT,2026-01-20,True,200,19222810.70764
P0RES018-00506,SPORTFUNUSDT,2026-01-21,True,200,18705026.30032
P0RES018-00507,AIAUSDT,2026-01-20,True,200,490363837.00288993
P0RES018-00506,SPORTFUNUSDT,2026-01-22,True,200,51292869.76229
P0RES018-00507,AIAUSDT,2026-01-21,True,200,198536028.54715002
P0RES018-00507,AIAUSDT,2026-01-24,True,200,28074350.595980003
P0RES018-00507,AIAUSDT,2026-01-26,True,200,26392660.286
P0RES018-00508,ACUUSDT,2026-01-21,True,200,89154299.04588999
P0RES018-00507,AIAUSDT,2026-01-22,True,200,76029286.76238
P0RES018-00507,AIAUSDT,2026-01-25,True,200,25532603.47182999
P0RES018-00506,SPORTFUNUSDT,2026-01-19,True,200,19991255.490909997
P0RES018-00508,ACUUSDT,2026-01-22,True,200,50420068.92376999
P0RES018-00508,ACUUSDT,2026-01-24,True,200,341750822.2898
P0RES018-00509,我踏马来了USDT,2026-01-24,True,200,51223686.339761004
P0RES018-00508,ACUUSDT,2026-01-26,True,200,363945850.6388301
P0RES018-00509,我踏马来了USDT,2026-01-21,True,200,82752071.480043
P0RES018-00508,ACUUSDT,2026-01-27,True,200,129652837.59143999
P0RES018-00509,我踏马来了USDT,2026-01-23,True,200,179240544.97486296
P0RES018-00509,我踏马来了USDT,2026-01-22,True,200,181299071.17266
P0RES018-00509,我踏马来了USDT,2026-01-25,True,200,42447663.16105599
P0RES018-00509,我踏马来了USDT,2026-01-27,True,200,25104656.911622997
P0RES018-00510,ELSAUSDT,2026-01-22,True,200,260233976.55900002
P0RES018-00507,AIAUSDT,2026-01-23,True,200,72332499.74933
P0RES018-00510,ELSAUSDT,2026-01-24,True,200,67594007.28083001
P0RES018-00510,ELSAUSDT,2026-01-23,True,200,161399027.02666
P0RES018-00510,ELSAUSDT,2026-01-25,True,200,56421168.49806
P0RES018-00510,ELSAUSDT,2026-01-27,True,200,57378202.83184
P0RES018-00508,ACUUSDT,2026-01-25,True,200,98070351.22487
P0RES018-00509,我踏马来了USDT,2026-01-26,True,200,31656276.123604
P0RES018-00512,FIGHTUSDT,2026-01-26,True,200,34317434.597380996
P0RES018-00508,ACUUSDT,2026-01-23,True,200,414964222.94338
P0RES018-00512,FIGHTUSDT,2026-01-25,True,200,67901668.506458
P0RES018-00512,FIGHTUSDT,2026-01-28,True,200,21598415.640705
P0RES018-00512,FIGHTUSDT,2026-01-27,True,200,30010512.725497
P0RES018-00510,ELSAUSDT,2026-01-26,True,200,33654139.444089994
P0RES018-00511,SKRUSDT,2026-01-22,True,200,124783349.95829098
P0RES018-00511,SKRUSDT,2026-01-23,True,200,102407932.109518
P0RES018-00511,SKRUSDT,2026-01-24,True,200,65748655.789308
P0RES018-00512,FIGHTUSDT,2026-01-24,True,200,122589985.245624
P0RES018-00512,FIGHTUSDT,2026-01-23,True,200,40065921.556065
P0RES018-00511,SKRUSDT,2026-01-26,True,200,68943168.64614199
P0RES018-00511,SKRUSDT,2026-01-27,True,200,40839362.492507
P0RES018-00511,SKRUSDT,2026-01-25,True,200,30959235.058730002
P0RES018-00512,FIGHTUSDT,2026-01-29,True,200,35260432.051374
P0RES018-00513,SPACEUSDT,2026-01-23,True,200,181259163.434044
P0RES018-00511,SKRUSDT,2026-01-28,True,200,31241488.894782998
P0RES018-00513,SPACEUSDT,2026-01-29,True,200,40078083.332866
P0RES018-00513,SPACEUSDT,2026-01-28,True,200,51549421.344789006
P0RES018-00514,TSLAUSDT,2026-01-31,True,200,13442843.538300002
P0RES018-00510,ELSAUSDT,2026-01-28,True,200,42439137.90140001
P0RES018-00514,TSLAUSDT,2026-01-29,True,200,189759461.57979998
P0RES018-00514,TSLAUSDT,2026-02-01,True,200,13229376.273
P0RES018-00513,SPACEUSDT,2026-01-25,True,200,123718405.63799001
P0RES018-00513,SPACEUSDT,2026-01-26,True,200,52622010.050916
P0RES018-00513,SPACEUSDT,2026-01-27,True,200,87501533.48996198
P0RES018-00513,SPACEUSDT,2026-01-24,True,200,192140038.912245
P0RES018-00514,TSLAUSDT,2026-02-03,True,200,48994329.9299
P0RES018-00514,TSLAUSDT,2026-01-30,True,200,93410871.04450001
P0RES018-00515,BIRBUSDT,2026-01-29,True,200,203558366.46877995
P0RES018-00514,TSLAUSDT,2026-01-28,True,200,113643623.01879999
P0RES018-00514,TSLAUSDT,2026-02-02,True,200,47693271.21349999
P0RES018-00516,GWEIUSDT,2026-01-29,True,200,159130754.073734
P0RES018-00515,BIRBUSDT,2026-01-31,True,200,77482476.22304001
P0RES018-00516,GWEIUSDT,2026-02-01,True,200,43839306.81677599
P0RES018-00515,BIRBUSDT,2026-02-03,True,200,676503920.7977501
P0RES018-00515,BIRBUSDT,2026-02-04,True,200,182587043.80545
P0RES018-00516,GWEIUSDT,2026-01-31,True,200,59320616.567933016
P0RES018-00515,BIRBUSDT,2026-02-02,True,200,53682200.68490001
P0RES018-00515,BIRBUSDT,2026-01-30,True,200,111986461.52634
P0RES018-00516,GWEIUSDT,2026-02-03,True,200,57459402.408635
P0RES018-00516,GWEIUSDT,2026-02-04,True,200,43282597.42167699
P0RES018-00517,INXUSDT,2026-01-30,True,200,42853384.973499
P0RES018-00517,INXUSDT,2026-02-03,True,200,34639670.15619101
P0RES018-00518,MEGAUSDT,2026-01-30,True,200,31984913.272160005
P0RES018-00516,GWEIUSDT,2026-02-02,True,200,29443314.20930201
P0RES018-00517,INXUSDT,2026-02-04,True,200,15010913.772152003
P0RES018-00515,BIRBUSDT,2026-02-01,True,200,65552359.353029996
P0RES018-00518,MEGAUSDT,2026-01-31,True,200,11386173.493950002
P0RES018-00517,INXUSDT,2026-02-05,True,200,28036384.140003998
P0RES018-00518,MEGAUSDT,2026-02-04,True,200,5546798.02554
P0RES018-00518,MEGAUSDT,2026-02-01,True,200,21000519.705289997
P0RES018-00517,INXUSDT,2026-01-31,True,200,102574772.361012
P0RES018-00518,MEGAUSDT,2026-02-03,True,200,8510353.722660001
P0RES018-00518,MEGAUSDT,2026-02-02,True,200,12419370.902219996
P0RES018-00518,MEGAUSDT,2026-02-05,True,200,7471209.807209998
P0RES018-00519,XPDUSDT,2026-02-01,True,200,4324785.24828
P0RES018-00517,INXUSDT,2026-02-02,True,200,19831361.621712998
P0RES018-00519,XPDUSDT,2026-01-31,True,200,6565582.59704
P0RES018-00519,XPDUSDT,2026-02-04,True,200,17997006.12278
P0RES018-00520,XPTUSDT,2026-02-01,True,200,4893262.59474
P0RES018-00520,XPTUSDT,2026-02-02,True,200,25546906.88382
P0RES018-00520,XPTUSDT,2026-02-03,True,200,25533191.886240005
P0RES018-00517,INXUSDT,2026-02-01,True,200,40394649.170622
P0RES018-00519,XPDUSDT,2026-02-02,True,200,17650481.3423
P0RES018-00519,XPDUSDT,2026-01-30,True,200,32540536.075020004
P0RES018-00520,XPTUSDT,2026-02-04,True,200,29081847.41128
P0RES018-00520,XPTUSDT,2026-01-30,True,200,59223185.92706
P0RES018-00520,XPTUSDT,2026-02-05,True,200,33851726.25789001
P0RES018-00521,HOODUSDT,2026-02-02,True,200,4735788.647599999
P0RES018-00521,HOODUSDT,2026-02-03,True,200,4593185.6929
P0RES018-00521,HOODUSDT,2026-02-04,True,200,4633674.9989
P0RES018-00520,XPTUSDT,2026-01-31,True,200,11730036.772290003
P0RES018-00521,HOODUSDT,2026-02-05,True,200,6068382.861300001
P0RES018-00521,HOODUSDT,2026-02-06,True,200,9275005.649600001
P0RES018-00519,XPDUSDT,2026-02-03,True,200,20980104.120780002
P0RES018-00522,INTCUSDT,2026-02-03,True,200,11665306.354200002
P0RES018-00522,INTCUSDT,2026-02-02,True,200,21448445.163799994
P0RES018-00521,HOODUSDT,2026-02-07,True,200,1672545.0914000003
P0RES018-00521,HOODUSDT,2026-02-08,True,200,713112.3206
P0RES018-00523,TRIAUSDT,2026-02-07,True,200,59485537.938829996
P0RES018-00522,INTCUSDT,2026-02-07,True,200,753130.9501
P0RES018-00522,INTCUSDT,2026-02-04,True,200,6348466.6897
P0RES018-00523,TRIAUSDT,2026-02-06,True,200,62315452.35222
P0RES018-00522,INTCUSDT,2026-02-06,True,200,18187809.5864
P0RES018-00516,GWEIUSDT,2026-01-30,True,200,117905754.22551098
P0RES018-00522,INTCUSDT,2026-02-05,True,200,6617686.073600002
P0RES018-00523,TRIAUSDT,2026-02-11,True,200,44190404.31525002
P0RES018-00523,TRIAUSDT,2026-02-10,True,200,45192106.05149999
P0RES018-00523,TRIAUSDT,2026-02-09,True,200,53823489.111970015
P0RES018-00523,TRIAUSDT,2026-02-08,True,200,59426661.62992999
P0RES018-00524,AMZNUSDT,2026-02-09,True,200,7464070.458800001
P0RES018-00524,AMZNUSDT,2026-02-10,True,200,4746928.9886
P0RES018-00524,AMZNUSDT,2026-02-12,True,200,6920412.9034
P0RES018-00524,AMZNUSDT,2026-02-15,True,200,478014.8719
P0RES018-00523,TRIAUSDT,2026-02-12,True,200,44557959.99136001
P0RES018-00524,AMZNUSDT,2026-02-13,True,200,6370738.493899999
P0RES018-00519,XPDUSDT,2026-02-05,True,200,27509560.56449
P0RES018-00524,AMZNUSDT,2026-02-11,True,200,5424650.873
P0RES018-00525,COINUSDT,2026-02-15,True,200,2291845.6589000006
P0RES018-00525,COINUSDT,2026-02-13,True,200,16720282.0155
P0RES018-00526,CRCLUSDT,2026-02-10,True,200,9735904.6724
P0RES018-00524,AMZNUSDT,2026-02-14,True,200,368444.59929999994
P0RES018-00526,CRCLUSDT,2026-02-09,True,200,7017564.268600001
P0RES018-00522,INTCUSDT,2026-02-08,True,200,1351047.196
P0RES018-00525,COINUSDT,2026-02-14,True,200,2496927.4908000003
P0RES018-00525,COINUSDT,2026-02-10,True,200,5221006.9655
P0RES018-00525,COINUSDT,2026-02-11,True,200,4660449.4014
P0RES018-00526,CRCLUSDT,2026-02-11,True,200,7212950.6892
P0RES018-00526,CRCLUSDT,2026-02-13,True,200,10585568.0616
P0RES018-00525,COINUSDT,2026-02-12,True,200,16147361.3906
P0RES018-00526,CRCLUSDT,2026-02-14,True,200,1166317.6759000001
P0RES018-00527,MSTRUSDT,2026-02-09,True,200,30774052.1339
P0RES018-00526,CRCLUSDT,2026-02-15,True,200,815644.7380000001
P0RES018-00526,CRCLUSDT,2026-02-12,True,200,4584484.9109000005
P0RES018-00527,MSTRUSDT,2026-02-12,True,200,20712948.272
P0RES018-00527,MSTRUSDT,2026-02-13,True,200,13309888.393000001
P0RES018-00527,MSTRUSDT,2026-02-11,True,200,22978944.548600003
P0RES018-00527,MSTRUSDT,2026-02-15,True,200,4516095.337200001
P0RES018-00528,PLTRUSDT,2026-02-10,True,200,4904546.244
P0RES018-00528,PLTRUSDT,2026-02-11,True,200,6936733.450500001
P0RES018-00528,PLTRUSDT,2026-02-12,True,200,12305493.825400004
P0RES018-00528,PLTRUSDT,2026-02-13,True,200,5254981.445499999
P0RES018-00528,PLTRUSDT,2026-02-14,True,200,195050.52500000002
P0RES018-00527,MSTRUSDT,2026-02-10,True,200,20955896.324899998
P0RES018-00529,ESPUSDT,2026-02-10,True,200,22743381.80013
P0RES018-00527,MSTRUSDT,2026-02-14,True,200,3659644.5151999993
P0RES018-00528,PLTRUSDT,2026-02-09,True,200,3496762.6426
P0RES018-00529,ESPUSDT,2026-02-13,True,200,97128409.81841
P0RES018-00529,ESPUSDT,2026-02-15,True,200,34955318.239970006
P0RES018-00529,ESPUSDT,2026-02-14,True,200,40187046.59702999
P0RES018-00530,AZTECUSDT,2026-02-11,True,200,17738411.183859996
P0RES018-00530,AZTECUSDT,2026-02-13,True,200,166098865.71326002
P0RES018-00529,ESPUSDT,2026-02-11,True,200,10423844.11714
P0RES018-00530,AZTECUSDT,2026-02-14,True,200,76225988.17442001
P0RES018-00528,PLTRUSDT,2026-02-15,True,200,233439.61950000003
P0RES018-00530,AZTECUSDT,2026-02-15,True,200,44512884.286919996
P0RES018-00529,ESPUSDT,2026-02-12,True,200,107633877.02175
P0RES018-00530,AZTECUSDT,2026-02-16,True,200,21515864.654240005
P0RES018-00530,AZTECUSDT,2026-02-17,True,200,16446945.29108
P0RES018-00529,ESPUSDT,2026-02-16,True,200,38404278.57282001
P0RES018-00531,OPNUSDT,2026-02-21,True,200,274494599.5482
P0RES018-00531,OPNUSDT,2026-02-22,True,200,457253786.15250003
P0RES018-00531,OPNUSDT,2026-02-23,True,200,202466552.79099998
P0RES018-00531,OPNUSDT,2026-02-25,True,200,76227545.85239999
P0RES018-00525,COINUSDT,2026-02-09,True,200,2937672.4941000002
P0RES018-00531,OPNUSDT,2026-02-26,True,200,39045392.7465
P0RES018-00531,OPNUSDT,2026-02-24,True,200,108904877.28780001
P0RES018-00532,ROBOUSDT,2026-02-28,True,200,139671942.98601
P0RES018-00531,OPNUSDT,2026-02-27,True,200,25332812.783700008
P0RES018-00532,ROBOUSDT,2026-03-01,True,200,49040547.55324001
P0RES018-00532,ROBOUSDT,2026-02-27,True,200,143257815.11449996
P0RES018-00532,ROBOUSDT,2026-03-02,True,200,268395559.36714002
P0RES018-00530,AZTECUSDT,2026-02-12,True,200,75672437.46878
P0RES018-00533,KATUSDT,2026-03-05,True,200,6217864.059560001
P0RES018-00533,KATUSDT,2026-03-03,True,200,16914611.62164
P0RES018-00532,ROBOUSDT,2026-03-05,True,200,101412618.29131998
P0RES018-00533,KATUSDT,2026-03-07,True,200,5485220.4275
P0RES018-00533,KATUSDT,2026-03-04,True,200,10942072.241760002
P0RES018-00533,KATUSDT,2026-03-06,True,200,3624958.506799999
P0RES018-00532,ROBOUSDT,2026-03-04,True,200,199244457.74604997
P0RES018-00533,KATUSDT,2026-03-02,True,200,31856838.5229
P0RES018-00534,MANTRAUSDT,2026-03-04,True,200,555797323.9513701
P0RES018-00532,ROBOUSDT,2026-03-03,True,200,170446815.14516002
P0RES018-00533,KATUSDT,2026-03-08,True,200,5372707.873369999
P0RES018-00534,MANTRAUSDT,2026-03-06,True,200,87140755.73404999
P0RES018-00534,MANTRAUSDT,2026-03-08,True,200,59012005.38739
P0RES018-00534,MANTRAUSDT,2026-03-10,True,200,27447873.332489997
P0RES018-00535,COPPERUSDT,2026-03-08,True,200,14567011.5971
P0RES018-00534,MANTRAUSDT,2026-03-07,True,200,48060572.106639996
P0RES018-00534,MANTRAUSDT,2026-03-05,True,200,273848059.53414005
P0RES018-00535,COPPERUSDT,2026-03-10,True,200,14063724.059000002
P0RES018-00535,COPPERUSDT,2026-03-11,True,200,9129706.1661
P0RES018-00536,龙虾USDT,2026-03-11,True,200,58451523.567775995
P0RES018-00534,MANTRAUSDT,2026-03-09,True,200,28128331.28409
P0RES018-00535,COPPERUSDT,2026-03-06,True,200,34146229.57619999
P0RES018-00536,龙虾USDT,2026-03-15,True,200,32819289.511491004
P0RES018-00536,龙虾USDT,2026-03-16,True,200,19232545.470869
P0RES018-00535,COPPERUSDT,2026-03-09,True,200,24047311.3349
P0RES018-00535,COPPERUSDT,2026-03-12,True,200,7653334.085899999
P0RES018-00536,龙虾USDT,2026-03-13,True,200,54596645.70740701
P0RES018-00536,龙虾USDT,2026-03-14,True,200,30588397.873274
P0RES018-00537,CFGUSDT,2026-03-20,True,200,36453173.952300005
P0RES018-00537,CFGUSDT,2026-03-16,True,200,149443165.47869998
P0RES018-00536,龙虾USDT,2026-03-17,True,200,23820216.004403003
P0RES018-00537,CFGUSDT,2026-03-21,True,200,19285981.3613
P0RES018-00537,CFGUSDT,2026-03-18,True,200,55384930.157800004
P0RES018-00537,CFGUSDT,2026-03-22,True,200,20891044.843
P0RES018-00537,CFGUSDT,2026-03-17,True,200,126806511.34779999
P0RES018-00536,龙虾USDT,2026-03-12,True,200,98803163.27719201
P0RES018-00538,EWYUSDT,2026-03-17,True,200,12708876.707000002
P0RES018-00538,EWYUSDT,2026-03-18,True,200,17052096.9413
P0RES018-00539,EDGEUSDT,2026-03-20,True,200,76982682.7103
P0RES018-00539,EDGEUSDT,2026-03-19,True,200,116053170.92440002
P0RES018-00535,COPPERUSDT,2026-03-07,True,200,10889258.095299998
P0RES018-00539,EDGEUSDT,2026-03-22,True,200,42446607.78350001
P0RES018-00539,EDGEUSDT,2026-03-21,True,200,28170194.117299996
P0RES018-00537,CFGUSDT,2026-03-19,True,200,46319293.263600014
P0RES018-00538,EWYUSDT,2026-03-19,True,200,14332155.8008
P0RES018-00538,EWYUSDT,2026-03-21,True,200,1845018.466
P0RES018-00538,EWYUSDT,2026-03-20,True,200,8013059.7011
P0RES018-00539,EDGEUSDT,2026-03-24,True,200,12589514.8922
P0RES018-00538,EWYUSDT,2026-03-16,True,200,10295712.185300002
P0RES018-00539,EDGEUSDT,2026-03-23,True,200,23082954.545800004
P0RES018-00538,EWYUSDT,2026-03-22,True,200,5321027.102399999
P0RES018-00539,EDGEUSDT,2026-03-25,True,200,7035240.4341
P0RES018-00540,EWJUSDT,2026-03-20,True,200,1351169.5552
P0RES018-00540,EWJUSDT,2026-03-19,True,200,2796609.2760999994
P0RES018-00540,EWJUSDT,2026-03-23,True,200,995334.5349
P0RES018-00541,PAYPUSDT,2026-03-23,True,200,10619855.0617
P0RES018-00541,PAYPUSDT,2026-03-25,True,200,2258935.6059
P0RES018-00541,PAYPUSDT,2026-03-26,True,200,2469157.6858
P0RES018-00542,BSBUSDT,2026-03-25,True,200,84989493.10128
P0RES018-00541,PAYPUSDT,2026-03-28,True,200,467196.968
P0RES018-00540,EWJUSDT,2026-03-24,True,200,477775.2441999999
P0RES018-00541,PAYPUSDT,2026-03-24,True,200,5159516.763900001
P0RES018-00541,PAYPUSDT,2026-03-27,True,200,1865035.1539
P0RES018-00540,EWJUSDT,2026-03-25,True,200,354618.7355
P0RES018-00541,PAYPUSDT,2026-03-29,True,200,303012.03449999995
P0RES018-00540,EWJUSDT,2026-03-21,True,200,391125.51070000004
P0RES018-00542,BSBUSDT,2026-03-28,True,200,77892383.26527
P0RES018-00542,BSBUSDT,2026-03-26,True,200,75216982.73801002
P0RES018-00540,EWJUSDT,2026-03-22,True,200,604037.768
P0RES018-00542,BSBUSDT,2026-03-27,True,200,88484267.22543
P0RES018-00543,GOOGLUSDT,2026-03-28,True,200,5377945.1417
P0RES018-00542,BSBUSDT,2026-03-31,True,200,31036964.234990004
P0RES018-00542,BSBUSDT,2026-03-30,True,200,63880966.68344001
P0RES018-00543,GOOGLUSDT,2026-04-01,True,200,7447758.047800001
P0RES018-00543,GOOGLUSDT,2026-03-30,True,200,10360313.796400001
P0RES018-00543,GOOGLUSDT,2026-03-31,True,200,13529504.3002
P0RES018-00544,METAUSDT,2026-03-27,True,200,4120122.4836
P0RES018-00544,METAUSDT,2026-03-28,True,200,942910.6818000001
P0RES018-00544,METAUSDT,2026-03-26,True,200,5134438.4679000005
P0RES018-00543,GOOGLUSDT,2026-03-27,True,200,4920214.145200001
P0RES018-00542,BSBUSDT,2026-03-29,True,200,80520911.62197998
P0RES018-00543,GOOGLUSDT,2026-03-29,True,200,2204694.1907
P0RES018-00544,METAUSDT,2026-03-29,True,200,435885.6226
P0RES018-00544,METAUSDT,2026-03-31,True,200,5722343.8779
P0RES018-00543,GOOGLUSDT,2026-03-26,True,200,3185292.2037000004
P0RES018-00545,NVDAUSDT,2026-03-28,True,200,1512037.9156999998
P0RES018-00544,METAUSDT,2026-03-30,True,200,3874577.4587999997
P0RES018-00544,METAUSDT,2026-04-01,True,200,4350096.0918000005
P0RES018-00545,NVDAUSDT,2026-03-27,True,200,8286461.1161
P0RES018-00545,NVDAUSDT,2026-03-31,True,200,15316791.105999999
P0RES018-00545,NVDAUSDT,2026-03-29,True,200,998663.0766
P0RES018-00545,NVDAUSDT,2026-04-01,True,200,9536784.595499998
P0RES018-00545,NVDAUSDT,2026-03-30,True,200,8882502.252299998
P0RES018-00545,NVDAUSDT,2026-03-26,True,200,6067618.738999999
P0RES018-00546,XAUTUSDT,2026-03-27,True,200,21515395.38688
P0RES018-00546,XAUTUSDT,2026-03-28,True,200,15632409.991470002
P0RES018-00546,XAUTUSDT,2026-03-29,True,200,33337105.475610003
P0RES018-00546,XAUTUSDT,2026-03-31,True,200,50339565.198610015
P0RES018-00547,BASEDUSDT,2026-04-02,True,200,31979690.509899996
P0RES018-00547,BASEDUSDT,2026-03-30,True,200,167103710.56100002
P0RES018-00547,BASEDUSDT,2026-03-31,True,200,112154292.58940001
P0RES018-00546,XAUTUSDT,2026-03-26,True,200,19558189.57537
P0RES018-00547,BASEDUSDT,2026-04-01,True,200,73140458.3166
P0RES018-00547,BASEDUSDT,2026-04-03,True,200,25493928.323300004
P0RES018-00547,BASEDUSDT,2026-04-05,True,200,27740062.038699996
P0RES018-00548,BZUSDT,2026-04-01,True,200,79549343.49319999
P0RES018-00547,BASEDUSDT,2026-04-04,True,200,27039552.374500003
P0RES018-00548,BZUSDT,2026-04-02,True,200,357876759.4972
P0RES018-00548,BZUSDT,2026-04-03,True,200,46470946.143400006
P0RES018-00548,BZUSDT,2026-04-05,True,200,85588339.89239998
P0RES018-00548,BZUSDT,2026-04-04,True,200,20857964.1648
P0RES018-00548,BZUSDT,2026-04-06,True,200,269465031.1008
P0RES018-00548,BZUSDT,2026-04-07,True,200,501020194.2786
P0RES018-00546,XAUTUSDT,2026-03-30,True,200,43609731.56825
P0RES018-00549,CLUSDT,2026-04-04,True,200,38750039.2238
P0RES018-00549,CLUSDT,2026-04-02,True,200,760464298.4306002
P0RES018-00549,CLUSDT,2026-04-06,True,200,535723520.6678
P0RES018-00546,XAUTUSDT,2026-04-01,True,200,50947807.56425
P0RES018-00549,CLUSDT,2026-04-03,True,200,103941815.73619999
P0RES018-00549,CLUSDT,2026-04-07,True,200,1813971170.5499
P0RES018-00550,NATGASUSDT,2026-04-02,True,200,12346895.558899999
P0RES018-00550,NATGASUSDT,2026-04-04,True,200,791921.5052999998
P0RES018-00550,NATGASUSDT,2026-04-05,True,200,4575573.6114
P0RES018-00549,CLUSDT,2026-04-01,True,200,136915621.644
P0RES018-00551,PRLUSDT,2026-04-03,True,200,10108443.2679
P0RES018-00550,NATGASUSDT,2026-04-01,True,200,7713284.853800001
P0RES018-00551,PRLUSDT,2026-04-02,True,200,11221225.343099995
P0RES018-00549,CLUSDT,2026-04-05,True,200,196914061.3658
P0RES018-00551,PRLUSDT,2026-04-04,True,200,13481041.9959
P0RES018-00550,NATGASUSDT,2026-04-03,True,200,1150821.2159
P0RES018-00551,PRLUSDT,2026-04-05,True,200,13199568.243800003
P0RES018-00550,NATGASUSDT,2026-04-06,True,200,11680390.976999994
P0RES018-00551,PRLUSDT,2026-04-06,True,200,21428493.655300003
P0RES018-00552,AAPLUSDT,2026-04-07,True,200,3665667.6575
P0RES018-00551,PRLUSDT,2026-04-01,True,200,22491630.608299997
P0RES018-00551,PRLUSDT,2026-04-07,True,200,7422671.1156
P0RES018-00552,AAPLUSDT,2026-04-06,True,200,2089191.1345999998
P0RES018-00550,NATGASUSDT,2026-04-07,True,200,16181992.383999998
P0RES018-00552,AAPLUSDT,2026-04-10,True,200,1241992.3579000002
P0RES018-00553,QQQUSDT,2026-04-06,True,200,2783536.0233
P0RES018-00552,AAPLUSDT,2026-04-12,True,200,907247.4106
P0RES018-00552,AAPLUSDT,2026-04-11,True,200,743029.8559000001
P0RES018-00552,AAPLUSDT,2026-04-08,True,200,2231912.1287999996
P0RES018-00552,AAPLUSDT,2026-04-09,True,200,1209465.0829999999
P0RES018-00553,QQQUSDT,2026-04-07,True,200,5987490.4781
P0RES018-00553,QQQUSDT,2026-04-11,True,200,3136722.8584000003
P0RES018-00553,QQQUSDT,2026-04-09,True,200,3658145.3473999994
P0RES018-00553,QQQUSDT,2026-04-10,True,200,3244770.7596999994
P0RES018-00553,QQQUSDT,2026-04-12,True,200,4690599.771600001
P0RES018-00554,SPYUSDT,2026-04-07,True,200,3116561.1574999997
P0RES018-00553,QQQUSDT,2026-04-08,True,200,6608990.6312
P0RES018-00555,TSMUSDT,2026-04-06,True,200,934162.5403000001
P0RES018-00555,TSMUSDT,2026-04-09,True,200,1004942.4368000001
P0RES018-00554,SPYUSDT,2026-04-06,True,200,1379710.843
P0RES018-00554,SPYUSDT,2026-04-12,True,200,2682874.8943999996
P0RES018-00554,SPYUSDT,2026-04-09,True,200,1958467.9771999998
P0RES018-00554,SPYUSDT,2026-04-08,True,200,3375815.1403999995
P0RES018-00555,TSMUSDT,2026-04-12,True,200,1161200.3729999997
P0RES018-00554,SPYUSDT,2026-04-10,True,200,1801205.537
P0RES018-00556,MUUSDT,2026-04-09,True,200,4832695.5032
P0RES018-00555,TSMUSDT,2026-04-07,True,200,1499637.0805000002
P0RES018-00556,MUUSDT,2026-04-10,True,200,3880671.2711999994
P0RES018-00554,SPYUSDT,2026-04-11,True,200,1097138.2094
P0RES018-00556,MUUSDT,2026-04-08,True,200,5468313.0766
P0RES018-00555,TSMUSDT,2026-04-10,True,200,2090602.7466999998
P0RES018-00556,MUUSDT,2026-04-12,True,200,4538814.753699999
P0RES018-00556,MUUSDT,2026-04-13,True,200,5148894.1285
P0RES018-00557,SNDKUSDT,2026-04-08,True,200,6542715.3207
P0RES018-00556,MUUSDT,2026-04-11,True,200,1690502.2229999998
P0RES018-00555,TSMUSDT,2026-04-08,True,200,1572606.2432
P0RES018-00557,SNDKUSDT,2026-04-09,True,200,10829895.7058
P0RES018-00556,MUUSDT,2026-04-07,True,200,3176772.3773
P0RES018-00558,CHIPUSDT,2026-04-17,True,200,7630512.78909
P0RES018-00558,CHIPUSDT,2026-04-16,True,200,18997863.74423
P0RES018-00557,SNDKUSDT,2026-04-13,True,200,16985096.588200003
P0RES018-00557,SNDKUSDT,2026-04-10,True,200,12044343.660600003
P0RES018-00555,TSMUSDT,2026-04-11,True,200,300055.6116
P0RES018-00557,SNDKUSDT,2026-04-07,True,200,3029236.7364
P0RES018-00558,CHIPUSDT,2026-04-18,True,200,5560726.34695
P0RES018-00557,SNDKUSDT,2026-04-11,True,200,1802722.7563
P0RES018-00558,CHIPUSDT,2026-04-22,True,200,2630835542.80118
P0RES018-00558,CHIPUSDT,2026-04-20,True,200,3465311.06913
P0RES018-00557,SNDKUSDT,2026-04-12,True,200,4183579.6739999996
P0RES018-00558,CHIPUSDT,2026-04-21,True,200,497585809.38355005
P0RES018-00559,GENIUSUSDT,2026-04-17,True,200,44511350.74400001
P0RES018-00559,GENIUSUSDT,2026-04-20,True,200,37095597.208900005
P0RES018-00559,GENIUSUSDT,2026-04-21,True,200,27564953.8132
P0RES018-00559,GENIUSUSDT,2026-04-16,True,200,90225779.5764
P0RES018-00559,GENIUSUSDT,2026-04-18,True,200,147535168.51290002
P0RES018-00559,GENIUSUSDT,2026-04-22,True,200,33172966.9198
P0RES018-00560,AVGOUSDT,2026-04-20,True,200,2100579.8310000002
P0RES018-00560,AVGOUSDT,2026-04-25,True,200,1412478.2395
P0RES018-00559,GENIUSUSDT,2026-04-19,True,200,85206036.72609998
P0RES018-00561,BABAUSDT,2026-04-20,True,200,1733622.6217999998
P0RES018-00561,BABAUSDT,2026-04-23,True,200,1074518.9556
P0RES018-00560,AVGOUSDT,2026-04-23,True,200,1049728.3683999998
P0RES018-00560,AVGOUSDT,2026-04-22,True,200,1924514.9084
P0RES018-00561,BABAUSDT,2026-04-22,True,200,1478773.6130000001
P0RES018-00560,AVGOUSDT,2026-04-26,True,200,231087.1133
P0RES018-00560,AVGOUSDT,2026-04-24,True,200,1898779.9866999998
P0RES018-00558,CHIPUSDT,2026-04-19,True,200,5647432.49576
P0RES018-00561,BABAUSDT,2026-04-21,True,200,1315261.3488
P0RES018-00561,BABAUSDT,2026-04-24,True,200,1749740.4981
P0RES018-00562,MSFTUSDT,2026-04-21,True,200,2571844.1915000007
P0RES018-00562,MSFTUSDT,2026-04-23,True,200,2735800.6154
P0RES018-00562,MSFTUSDT,2026-04-25,True,200,303793.82840000006
P0RES018-00561,BABAUSDT,2026-04-26,True,200,513667.0867
P0RES018-00563,OPGUSDT,2026-04-23,True,200,141029039.64799997
P0RES018-00560,AVGOUSDT,2026-04-21,True,200,901765.3082999999
P0RES018-00561,BABAUSDT,2026-04-25,True,200,222529.45020000002
P0RES018-00563,OPGUSDT,2026-04-24,True,200,69613676.4594
P0RES018-00562,MSFTUSDT,2026-04-26,True,200,415036.0031
P0RES018-00562,MSFTUSDT,2026-04-24,True,200,2393393.2577
P0RES018-00563,OPGUSDT,2026-04-28,True,200,40838814.02740001
P0RES018-00563,OPGUSDT,2026-04-22,True,200,51953753.97480001
P0RES018-00562,MSFTUSDT,2026-04-20,True,200,2918126.3063999997
P0RES018-00564,AIGENSYNUSDT,2026-05-01,True,200,68710314.69739
P0RES018-00563,OPGUSDT,2026-04-26,True,200,102379013.48580001
P0RES018-00563,OPGUSDT,2026-04-27,True,200,44205382.0739
P0RES018-00564,AIGENSYNUSDT,2026-05-04,True,200,74453986.23262997
P0RES018-00562,MSFTUSDT,2026-04-22,True,200,2849224.8902999996
P0RES018-00564,AIGENSYNUSDT,2026-04-29,True,200,89227072.86971
P0RES018-00564,AIGENSYNUSDT,2026-05-02,True,200,46956886.37332001
P0RES018-00565,AMDUSDT,2026-05-10,True,200,6249251.127400001
P0RES018-00565,AMDUSDT,2026-05-09,True,200,2638957.8238000004
P0RES018-00564,AIGENSYNUSDT,2026-05-05,True,200,21801149.57829
P0RES018-00564,AIGENSYNUSDT,2026-04-30,True,200,171950563.26213998
P0RES018-00565,AMDUSDT,2026-05-08,True,200,13180894.515999999
P0RES018-00566,QCOMUSDT,2026-05-06,True,200,3175151.5191000006
P0RES018-00565,AMDUSDT,2026-05-11,True,200,29836996.6847
P0RES018-00566,QCOMUSDT,2026-05-09,True,200,785872.1209000001
P0RES018-00564,AIGENSYNUSDT,2026-05-03,True,200,82942707.29655997
P0RES018-00566,QCOMUSDT,2026-05-07,True,200,6750772.5756
P0RES018-00565,AMDUSDT,2026-05-07,True,200,11983124.670400001
P0RES018-00565,AMDUSDT,2026-05-06,True,200,14047509.354600001
P0RES018-00566,QCOMUSDT,2026-05-08,True,200,8163941.6038
P0RES018-00566,QCOMUSDT,2026-05-10,True,200,3160513.2434999994
P0RES018-00566,QCOMUSDT,2026-05-12,True,200,15334647.502999999
P0RES018-00567,USARUSDT,2026-05-09,True,200,623417.1769000001
P0RES018-00567,USARUSDT,2026-05-07,True,200,2754010.9421
P0RES018-00566,QCOMUSDT,2026-05-11,True,200,19218001.779000003
P0RES018-00568,BILLUSDT,2026-05-07,True,200,83419675.50577
P0RES018-00567,USARUSDT,2026-05-11,True,200,2436543.082
P0RES018-00567,USARUSDT,2026-05-08,True,200,2014203.1646000003
P0RES018-00567,USARUSDT,2026-05-06,True,200,3074757.83
P0RES018-00567,USARUSDT,2026-05-12,True,200,1454163.5505000001
P0RES018-00568,BILLUSDT,2026-05-08,True,200,235111803.58413005
P0RES018-00563,OPGUSDT,2026-04-25,True,200,46171791.983899996
P0RES018-00568,BILLUSDT,2026-05-10,True,200,459947195.50602007
P0RES018-00565,AMDUSDT,2026-05-12,True,200,30928195.034899995
P0RES018-00568,BILLUSDT,2026-05-13,True,200,632620308.27244
P0RES018-00569,PHAROSUSDT,2026-05-15,True,200,36522167.1385
P0RES018-00568,BILLUSDT,2026-05-09,True,200,523173736.41668993
P0RES018-00569,PHAROSUSDT,2026-05-16,True,200,39335073.5827
P0RES018-00570,STARUSDT,2026-05-15,True,200,24042842.378100004
P0RES018-00568,BILLUSDT,2026-05-11,True,200,372779706.2552201
P0RES018-00569,PHAROSUSDT,2026-05-17,True,200,17777333.6566
P0RES018-00570,STARUSDT,2026-05-16,True,200,7643021.839319999
P0RES018-00569,PHAROSUSDT,2026-05-18,True,200,16980375.2323
P0RES018-00569,PHAROSUSDT,2026-05-20,True,200,42948560.4216
P0RES018-00569,PHAROSUSDT,2026-05-19,True,200,23684290.5526
P0RES018-00570,STARUSDT,2026-05-14,True,200,66079849.62991001
P0RES018-00570,STARUSDT,2026-05-20,True,200,5653350.81931
P0RES018-00570,STARUSDT,2026-05-18,True,200,13978029.308879996
P0RES018-00570,STARUSDT,2026-05-19,True,200,9872198.74182
P0RES018-00571,CSCOUSDT,2026-05-19,True,200,1027832.3028999999
P0RES018-00570,STARUSDT,2026-05-17,True,200,6779291.9760799995
P0RES018-00571,CSCOUSDT,2026-05-17,True,200,357372.4592
P0RES018-00571,CSCOUSDT,2026-05-15,True,200,2602129.5174
P0RES018-00567,USARUSDT,2026-05-10,True,200,709504.6769
P0RES018-00568,BILLUSDT,2026-05-12,True,200,429659442.65730006
P0RES018-00571,CSCOUSDT,2026-05-18,True,200,3141309.402899999
P0RES018-00572,DISUSDT,2026-05-15,True,200,992321.4388999998
P0RES018-00571,CSCOUSDT,2026-05-16,True,200,1683946.8623999998
P0RES018-00572,DISUSDT,2026-05-21,True,200,831739.5769999999
P0RES018-00572,DISUSDT,2026-05-18,True,200,990193.9647
P0RES018-00572,DISUSDT,2026-05-20,True,200,303231.84660000005
P0RES018-00572,DISUSDT,2026-05-19,True,200,428786.9853999999
P0RES018-00571,CSCOUSDT,2026-05-20,True,200,1598866.5871000001
P0RES018-00569,PHAROSUSDT,2026-05-14,True,200,34749018.5652
P0RES018-00573,HDUSDT,2026-05-17,True,200,86381.9148
P0RES018-00573,HDUSDT,2026-05-16,True,200,399922.91109999997
P0RES018-00571,CSCOUSDT,2026-05-21,True,200,1373248.3773000003
P0RES018-00573,HDUSDT,2026-05-18,True,200,783749.9744999999
P0RES018-00572,DISUSDT,2026-05-17,True,200,606824.6688000001
P0RES018-00572,DISUSDT,2026-05-16,True,200,238167.6511
P0RES018-00573,HDUSDT,2026-05-19,True,200,908478.3218000003
P0RES018-00573,HDUSDT,2026-05-21,True,200,635332.1471999999
P0RES018-00574,LITEUSDT,2026-05-17,True,200,1079783.0147999998
P0RES018-00574,LITEUSDT,2026-05-16,True,200,720393.2721999999
P0RES018-00574,LITEUSDT,2026-05-19,True,200,5934342.361299999
P0RES018-00573,HDUSDT,2026-05-20,True,200,447935.2963
P0RES018-00575,MRVLUSDT,2026-05-15,True,200,1659116.1235999998
P0RES018-00573,HDUSDT,2026-05-15,True,200,442248.34369999997
P0RES018-00574,LITEUSDT,2026-05-21,True,200,10447830.958199998
P0RES018-00574,LITEUSDT,2026-05-20,True,200,6743173.060799998
P0RES018-00575,MRVLUSDT,2026-05-18,True,200,5597325.3665
P0RES018-00574,LITEUSDT,2026-05-15,True,200,5688068.856500002
P0RES018-00575,MRVLUSDT,2026-05-16,True,200,2106256.2013
P0RES018-00575,MRVLUSDT,2026-05-17,True,200,2121673.4905
P0RES018-00576,ORCLUSDT,2026-05-19,True,200,2291480.9272
P0RES018-00575,MRVLUSDT,2026-05-21,True,200,9129079.9592
P0RES018-00576,ORCLUSDT,2026-05-17,True,200,1158672.8924000005
P0RES018-00576,ORCLUSDT,2026-05-16,True,200,467842.475
P0RES018-00575,MRVLUSDT,2026-05-20,True,200,9744792.9807
P0RES018-00576,ORCLUSDT,2026-05-20,True,200,3466060.3854000005
P0RES018-00575,MRVLUSDT,2026-05-19,True,200,5091255.115499998
P0RES018-00574,LITEUSDT,2026-05-18,True,200,5437578.313100002
P0RES018-00577,SOXLUSDT,2026-05-17,True,200,1391169.8128
P0RES018-00576,ORCLUSDT,2026-05-15,True,200,2091634.4456000002
P0RES018-00577,SOXLUSDT,2026-05-18,True,200,23006818.153799996
P0RES018-00577,SOXLUSDT,2026-05-19,True,200,47232067.5396
P0RES018-00577,SOXLUSDT,2026-05-16,True,200,960356.338
P0RES018-00577,SOXLUSDT,2026-05-21,True,200,51877107.5183
P0RES018-00577,SOXLUSDT,2026-05-15,True,200,6343454.790600001
P0RES018-00576,ORCLUSDT,2026-05-18,True,200,4185126.7048000004
P0RES018-00578,UBERUSDT,2026-05-15,True,200,1025493.1226000002
P0RES018-00578,UBERUSDT,2026-05-17,True,200,143094.24610000002
P0RES018-00578,UBERUSDT,2026-05-18,True,200,430913.00320000004
P0RES018-00578,UBERUSDT,2026-05-20,True,200,353225.50549999997
P0RES018-00578,UBERUSDT,2026-05-19,True,200,283849.9379
P0RES018-00578,UBERUSDT,2026-05-21,True,200,226241.87359999996
P0RES018-00577,SOXLUSDT,2026-05-20,True,200,42810856.27040002
P0RES018-00579,BRKBUSDT,2026-05-19,True,200,673073.6393000002
P0RES018-00578,UBERUSDT,2026-05-16,True,200,375254.91709999996
P0RES018-00579,BRKBUSDT,2026-05-20,True,200,791203.4934999997
P0RES018-00580,BTCUSD1,2026-05-18,True,200,15393488.45428
P0RES018-00579,BRKBUSDT,2026-05-18,True,200,659880.9087999999
P0RES018-00576,ORCLUSDT,2026-05-21,True,200,3503578.6129
P0RES018-00579,BRKBUSDT,2026-05-22,True,200,1016842.6472000002
P0RES018-00579,BRKBUSDT,2026-05-21,True,200,1081592.4383999999
P0RES018-00580,BTCUSD1,2026-05-19,True,200,10022655.1363
P0RES018-00579,BRKBUSDT,2026-05-24,True,200,182748.01189999995
P0RES018-00579,BRKBUSDT,2026-05-23,True,200,361138.5433
P0RES018-00580,BTCUSD1,2026-05-22,True,200,5499479.077949998
P0RES018-00581,CRWVUSDT,2026-05-20,True,200,1256382.8077
P0RES018-00581,CRWVUSDT,2026-05-21,True,200,2374801.7037
P0RES018-00581,CRWVUSDT,2026-05-24,True,200,1670424.9636000001
P0RES018-00580,BTCUSD1,2026-05-23,True,200,6476710.939450001
P0RES018-00580,BTCUSD1,2026-05-21,True,200,8713436.688649999
P0RES018-00582,DRAMUSDT,2026-05-19,True,200,10279274.767299997
P0RES018-00581,CRWVUSDT,2026-05-23,True,200,936948.9451
P0RES018-00580,BTCUSD1,2026-05-24,True,200,4112202.5880199997
P0RES018-00582,DRAMUSDT,2026-05-18,True,200,2912399.1018000003
P0RES018-00581,CRWVUSDT,2026-05-19,True,200,1253272.1042999998
P0RES018-00582,DRAMUSDT,2026-05-21,True,200,14227939.524
P0RES018-00580,BTCUSD1,2026-05-20,True,200,12607373.11498
P0RES018-00582,DRAMUSDT,2026-05-22,True,200,12748813.901099999
P0RES018-00582,DRAMUSDT,2026-05-20,True,200,10399494.9123
P0RES018-00581,CRWVUSDT,2026-05-18,True,200,2284363.9165999996
P0RES018-00583,FLNCUSDT,2026-05-19,True,200,1755651.3222999999
P0RES018-00583,FLNCUSDT,2026-05-20,True,200,2038953.7324000003
P0RES018-00583,FLNCUSDT,2026-05-21,True,200,1985250.4200999998
P0RES018-00583,FLNCUSDT,2026-05-23,True,200,1111211.8473999999
P0RES018-00583,FLNCUSDT,2026-05-24,True,200,1094159.7398
P0RES018-00583,FLNCUSDT,2026-05-22,True,200,2903063.0185
P0RES018-00581,CRWVUSDT,2026-05-22,True,200,3755800.1985000004
P0RES018-00584,JPMUSDT,2026-05-21,True,200,383311.5814
P0RES018-00584,JPMUSDT,2026-05-20,True,200,474403.8861
P0RES018-00582,DRAMUSDT,2026-05-24,True,200,6581785.595299999
P0RES018-00583,FLNCUSDT,2026-05-18,True,200,1103645.0306999998
P0RES018-00584,JPMUSDT,2026-05-24,True,200,631111.5815
P0RES018-00585,RKLBUSDT,2026-05-19,True,200,4867889.094599999
P0RES018-00582,DRAMUSDT,2026-05-23,True,200,6787842.6109
P0RES018-00584,JPMUSDT,2026-05-19,True,200,588275.3131000001
P0RES018-00584,JPMUSDT,2026-05-22,True,200,794713.2399
P0RES018-00585,RKLBUSDT,2026-05-18,True,200,1814360.8109000002
P0RES018-00585,RKLBUSDT,2026-05-22,True,200,18128989.142699998
P0RES018-00586,WMTUSDT,2026-05-18,True,200,632524.3484000001
P0RES018-00585,RKLBUSDT,2026-05-20,True,200,6360895.876300001
P0RES018-00585,RKLBUSDT,2026-05-24,True,200,2227045.3648
P0RES018-00586,WMTUSDT,2026-05-20,True,200,477493.3219
P0RES018-00586,WMTUSDT,2026-05-19,True,200,571780.7315999999
P0RES018-00585,RKLBUSDT,2026-05-23,True,200,2781465.4447
P0RES018-00584,JPMUSDT,2026-05-23,True,200,416600.2684
P0RES018-00586,WMTUSDT,2026-05-23,True,200,424384.2772
P0RES018-00585,RKLBUSDT,2026-05-21,True,200,7208884.156299997
P0RES018-00584,JPMUSDT,2026-05-18,True,200,707762.7836
P0RES018-00586,WMTUSDT,2026-05-21,True,200,2020803.3067
P0RES018-00586,WMTUSDT,2026-05-24,True,200,285344.34059999994
P0RES018-00587,CBRSUSDT,2026-05-22,True,200,46795625.63309999
P0RES018-00587,CBRSUSDT,2026-05-21,True,200,27250965.038500004
P0RES018-00587,CBRSUSDT,2026-05-20,True,200,47569113.496
P0RES018-00587,CBRSUSDT,2026-05-25,True,200,6363035.792600001
P0RES018-00587,CBRSUSDT,2026-05-24,True,200,4935318.763200001
P0RES018-00588,SPCXUSDT,2026-05-21,True,200,80765053.80810003
P0RES018-00588,SPCXUSDT,2026-05-22,True,200,75284649.7515
P0RES018-00586,WMTUSDT,2026-05-22,True,200,1728192.9345999998
P0RES018-00588,SPCXUSDT,2026-05-23,True,200,39740590.0112
P0RES018-00587,CBRSUSDT,2026-05-19,True,200,25476920.1356
P0RES018-00588,SPCXUSDT,2026-05-25,True,200,21099080.069700003
P0RES018-00589,ARMUSDT,2026-05-30,True,200,9288241.172500001
P0RES018-00589,ARMUSDT,2026-05-27,True,200,4321248.3835
P0RES018-00589,ARMUSDT,2026-05-29,True,200,19203010.605600007
P0RES018-00589,ARMUSDT,2026-06-01,True,200,64836877.977199994
P0RES018-00589,ARMUSDT,2026-05-28,True,200,15877907.594200002
P0RES018-00588,SPCXUSDT,2026-05-24,True,200,62723823.05570001
P0RES018-00587,CBRSUSDT,2026-05-23,True,200,6964317.468399999
P0RES018-00590,BEUSDT,2026-05-28,True,200,2556076.9639
P0RES018-00589,ARMUSDT,2026-05-31,True,200,6590315.070300001
P0RES018-00588,SPCXUSDT,2026-05-26,True,200,38496781.0234
P0RES018-00590,BEUSDT,2026-05-27,True,200,1400536.9941999996
P0RES018-00590,BEUSDT,2026-05-26,True,200,1840283.3866
P0RES018-00590,BEUSDT,2026-06-01,True,200,2381112.2474
P0RES018-00590,BEUSDT,2026-05-31,True,200,195195.87860000005
P0RES018-00591,COHRUSDT,2026-05-26,True,200,1670488.0394000001
P0RES018-00591,COHRUSDT,2026-05-27,True,200,1919033.6357999998
P0RES018-00591,COHRUSDT,2026-05-28,True,200,1948974.1373
P0RES018-00590,BEUSDT,2026-05-29,True,200,2091042.8757000002
P0RES018-00591,COHRUSDT,2026-05-31,True,200,358583.9605
P0RES018-00591,COHRUSDT,2026-05-30,True,200,316137.36999999994
P0RES018-00589,ARMUSDT,2026-05-26,True,200,4012230.2904000008
P0RES018-00592,NBISUSDT,2026-05-28,True,200,24062448.074999996
P0RES018-00592,NBISUSDT,2026-05-27,True,200,8778777.4121
P0RES018-00592,NBISUSDT,2026-05-31,True,200,777535.6412000001
P0RES018-00592,NBISUSDT,2026-05-30,True,200,1925830.6098999998
P0RES018-00592,NBISUSDT,2026-05-29,True,200,11923169.8604
P0RES018-00591,COHRUSDT,2026-06-01,True,200,3830666.4922999996
P0RES018-00593,OPENAIUSDT,2026-05-26,True,200,44248399.2161
P0RES018-00591,COHRUSDT,2026-05-29,True,200,2475405.4091
P0RES018-00592,NBISUSDT,2026-05-26,True,200,4158497.4433
P0RES018-00590,BEUSDT,2026-05-30,True,200,305951.6443
P0RES018-00593,OPENAIUSDT,2026-05-28,True,200,12821220.560700003
P0RES018-00593,OPENAIUSDT,2026-05-27,True,200,9157875.4199
P0RES018-00592,NBISUSDT,2026-06-01,True,200,27206134.856899995
P0RES018-00588,SPCXUSDT,2026-05-27,True,200,25029762.436599992
P0RES018-00593,OPENAIUSDT,2026-05-30,True,200,2254465.4867
P0RES018-00594,WDCUSDT,2026-05-28,True,200,4634133.488100001
P0RES018-00593,OPENAIUSDT,2026-06-01,True,200,3880721.1860999996
P0RES018-00594,WDCUSDT,2026-05-27,True,200,7312803.3736999985
P0RES018-00595,CTRUSDT,2026-05-28,True,200,19881526.865860004
P0RES018-00593,OPENAIUSDT,2026-05-31,True,200,7387066.712600001
P0RES018-00594,WDCUSDT,2026-05-31,True,200,580027.4884999999
P0RES018-00593,OPENAIUSDT,2026-05-29,True,200,7599909.933300001
P0RES018-00594,WDCUSDT,2026-05-29,True,200,2544989.1674999995
P0RES018-00594,WDCUSDT,2026-05-26,True,200,5012137.133300001
P0RES018-00594,WDCUSDT,2026-06-01,True,200,3322210.3866
P0RES018-00594,WDCUSDT,2026-05-30,True,200,513592.3289000001
P0RES018-00595,CTRUSDT,2026-06-03,True,200,3620890.0069399998
P0RES018-00595,CTRUSDT,2026-06-02,True,200,4410809.00124
P0RES018-00596,QNTXUSDT,2026-05-29,True,200,20933182.975899998
P0RES018-00595,CTRUSDT,2026-06-01,True,200,15725239.21096
P0RES018-00595,CTRUSDT,2026-05-29,True,200,35769474.83738
P0RES018-00595,CTRUSDT,2026-05-31,True,200,13502321.696819998
P0RES018-00596,QNTXUSDT,2026-06-03,True,200,4991937.5481
P0RES018-00596,QNTXUSDT,2026-06-04,True,200,64527650.121700004
P0RES018-00596,QNTXUSDT,2026-05-30,True,200,5192110.3659
P0RES018-00596,QNTXUSDT,2026-05-31,True,200,8388068.0697
P0RES018-00596,QNTXUSDT,2026-06-01,True,200,6294852.1662
P0RES018-00595,CTRUSDT,2026-05-30,True,200,9354177.18628
P0RES018-00597,ASTSUSDT,2026-06-01,True,200,2480850.5460999995
P0RES018-00597,ASTSUSDT,2026-06-03,True,200,4109239.6988000004
P0RES018-00598,BBXUSDT,2026-06-03,True,200,27822307.3991
P0RES018-00597,ASTSUSDT,2026-06-02,True,200,5810532.291300001
P0RES018-00596,QNTXUSDT,2026-06-02,True,200,4503678.0146
P0RES018-00598,BBXUSDT,2026-06-01,True,200,5450081.5624
P0RES018-00597,ASTSUSDT,2026-06-05,True,200,3471156.164800001
P0RES018-00598,BBXUSDT,2026-06-05,True,200,10204269.732600002
P0RES018-00598,BBXUSDT,2026-06-04,True,200,16134131.5856
P0RES018-00599,EWTUSDT,2026-06-01,True,200,2048117.5333000002
P0RES018-00597,ASTSUSDT,2026-06-04,True,200,2582990.6610999997
P0RES018-00598,BBXUSDT,2026-06-02,True,200,9393920.9694
P0RES018-00599,EWTUSDT,2026-06-02,True,200,1828033.5733999999
P0RES018-00597,ASTSUSDT,2026-06-07,True,200,1711770.5305999995
P0RES018-00597,ASTSUSDT,2026-06-06,True,200,3125171.0535999998
P0RES018-00599,EWTUSDT,2026-06-03,True,200,1206220.7792999998
P0RES018-00599,EWTUSDT,2026-06-06,True,200,573648.6769999999
P0RES018-00599,EWTUSDT,2026-06-05,True,200,1698343.3626000003
P0RES018-00598,BBXUSDT,2026-06-07,True,200,3165068.8167999997
P0RES018-00599,EWTUSDT,2026-06-04,True,200,946979.1922
P0RES018-00599,EWTUSDT,2026-06-07,True,200,934439.9566
P0RES018-00600,LLYUSDT,2026-06-01,True,200,1850158.1351000003
P0RES018-00600,LLYUSDT,2026-06-02,True,200,929028.2232000001
P0RES018-00600,LLYUSDT,2026-06-03,True,200,1340178.5326
P0RES018-00600,LLYUSDT,2026-06-04,True,200,4063455.6107999994
P0RES018-00600,LLYUSDT,2026-06-06,True,200,1741676.7593
P0RES018-00601,NOKUSDT,2026-06-01,True,200,14489786.459
P0RES018-00601,NOKUSDT,2026-06-03,True,200,91788364.33379999
P0RES018-00600,LLYUSDT,2026-06-07,True,200,1549823.6482
P0RES018-00601,NOKUSDT,2026-06-04,True,200,42770818.50679999
P0RES018-00601,NOKUSDT,2026-06-07,True,200,13456176.412299996
P0RES018-00601,NOKUSDT,2026-06-05,True,200,42243038.3539
P0RES018-00601,NOKUSDT,2026-06-06,True,200,21632373.265800007
P0RES018-00600,LLYUSDT,2026-06-05,True,200,3889759.2346000005
P0RES018-00602,NVOUSDT,2026-06-01,True,200,1036693.7489
P0RES018-00602,NVOUSDT,2026-06-02,True,200,936395.7181000002
P0RES018-00602,NVOUSDT,2026-06-03,True,200,418973.8309
P0RES018-00598,BBXUSDT,2026-06-06,True,200,3460681.3443
P0RES018-00602,NVOUSDT,2026-06-05,True,200,1012644.5169
P0RES018-00601,NOKUSDT,2026-06-02,True,200,59575050.912599996
P0RES018-00602,NVOUSDT,2026-06-06,True,200,199250.61329999997
P0RES018-00602,NVOUSDT,2026-06-04,True,200,789449.9072000001
P0RES018-00602,NVOUSDT,2026-06-07,True,200,154299.35199999998
P0RES018-00603,SLXUSDT,2026-06-02,True,200,76731292.74366002
P0RES018-00603,SLXUSDT,2026-06-03,True,200,96816917.27015999
P0RES018-00603,SLXUSDT,2026-06-01,True,200,78277868.03237002
P0RES018-00603,SLXUSDT,2026-06-04,True,200,53591757.49124
P0RES018-00604,ANTHROPICUSDT,2026-06-04,True,200,17319121.677499995
P0RES018-00604,ANTHROPICUSDT,2026-06-06,True,200,4720714.9942999985
P0RES018-00604,ANTHROPICUSDT,2026-06-05,True,200,11900839.5118
P0RES018-00604,ANTHROPICUSDT,2026-06-07,True,200,3268022.803199999
P0RES018-00604,ANTHROPICUSDT,2026-06-08,True,200,6610293.9881
P0RES018-00603,SLXUSDT,2026-06-05,True,200,36643648.90574
P0RES018-00603,SLXUSDT,2026-06-06,True,200,27392703.334499996
P0RES018-00605,HYUNDAIUSDT,2026-06-03,True,200,7459072.189199999
P0RES018-00605,HYUNDAIUSDT,2026-06-04,True,200,6114064.824
P0RES018-00605,HYUNDAIUSDT,2026-06-06,True,200,994236.0543
P0RES018-00603,SLXUSDT,2026-06-07,True,200,14511924.002889998
P0RES018-00604,ANTHROPICUSDT,2026-06-03,True,200,27078732.746499993
P0RES018-00604,ANTHROPICUSDT,2026-06-02,True,200,21438141.41059999
P0RES018-00605,HYUNDAIUSDT,2026-06-07,True,200,1163459.9226000002
P0RES018-00605,HYUNDAIUSDT,2026-06-02,True,200,9243702.1057
P0RES018-00606,SAMSUNGUSDT,2026-06-02,True,200,10940138.6115
P0RES018-00606,SAMSUNGUSDT,2026-06-04,True,200,12668655.9247
P0RES018-00606,SAMSUNGUSDT,2026-06-05,True,200,17169418.7866
P0RES018-00605,HYUNDAIUSDT,2026-06-05,True,200,5873773.831400001
P0RES018-00605,HYUNDAIUSDT,2026-06-08,True,200,2706542.8359999997
P0RES018-00606,SAMSUNGUSDT,2026-06-07,True,200,7098483.713000001
P0RES018-00606,SAMSUNGUSDT,2026-06-08,True,200,17186925.242299996
P0RES018-00607,SKHYNIXUSDT,2026-06-05,True,200,80678978.9813
P0RES018-00607,SKHYNIXUSDT,2026-06-06,True,200,22052679.7011
P0RES018-00607,SKHYNIXUSDT,2026-06-02,True,200,15181308.4369
P0RES018-00607,SKHYNIXUSDT,2026-06-03,True,200,20243935.2711
P0RES018-00607,SKHYNIXUSDT,2026-06-07,True,200,103495752.5638
P0RES018-00607,SKHYNIXUSDT,2026-06-04,True,200,45883357.217
P0RES018-00606,SAMSUNGUSDT,2026-06-03,True,200,12736700.014700003
P0RES018-00606,SAMSUNGUSDT,2026-06-06,True,200,3956686.7497000005
P0RES018-00608,CRMUSDT,2026-06-03,True,200,2815765.3833
P0RES018-00607,SKHYNIXUSDT,2026-06-08,True,200,235501951.44259998
P0RES018-00608,CRMUSDT,2026-06-04,True,200,1662078.9556000002
P0RES018-00608,CRMUSDT,2026-06-05,True,200,1143783.5578
P0RES018-00608,CRMUSDT,2026-06-06,True,200,349054.6349
P0RES018-00608,CRMUSDT,2026-06-07,True,200,309733.6345
P0RES018-00608,CRMUSDT,2026-06-09,True,200,2032489.8651
P0RES018-00609,DELLUSDT,2026-06-04,True,200,5793092.2874
P0RES018-00609,DELLUSDT,2026-06-07,True,200,1208072.6776999997
P0RES018-00609,DELLUSDT,2026-06-09,True,200,4653287.5499
P0RES018-00610,IBMUSDT,2026-06-03,True,200,5052758.4852
P0RES018-00609,DELLUSDT,2026-06-05,True,200,4867322.852199999
P0RES018-00610,IBMUSDT,2026-06-06,True,200,1404849.0258000002
P0RES018-00609,DELLUSDT,2026-06-06,True,200,1489207.0200000003
P0RES018-00610,IBMUSDT,2026-06-05,True,200,3153073.7792000007
P0RES018-00609,DELLUSDT,2026-06-03,True,200,10413144.5049
P0RES018-00610,IBMUSDT,2026-06-04,True,200,3749326.892300001
P0RES018-00610,IBMUSDT,2026-06-07,True,200,844260.5262
P0RES018-00610,IBMUSDT,2026-06-08,True,200,3033384.5955
P0RES018-00608,CRMUSDT,2026-06-08,True,200,1166992.9572
P0RES018-00609,DELLUSDT,2026-06-08,True,200,3621909.3605
P0RES018-00611,IRENUSDT,2026-06-03,True,200,11080317.852199996
P0RES018-00611,IRENUSDT,2026-06-04,True,200,5360150.3208
P0RES018-00611,IRENUSDT,2026-06-07,True,200,424853.18739999994
P0RES018-00611,IRENUSDT,2026-06-05,True,200,2766367.2543000006
P0RES018-00611,IRENUSDT,2026-06-06,True,200,527199.9666
P0RES018-00612,NOWUSDT,2026-06-06,True,200,896953.9407
P0RES018-00612,NOWUSDT,2026-06-03,True,200,3980175.2701
P0RES018-00611,IRENUSDT,2026-06-08,True,200,2443707.8876000005
P0RES018-00611,IRENUSDT,2026-06-09,True,200,4229000.3833
P0RES018-00612,NOWUSDT,2026-06-07,True,200,476006.4779000001
P0RES018-00612,NOWUSDT,2026-06-09,True,200,2815100.7541
P0RES018-00613,ONDSUSDT,2026-06-04,True,200,2134508.6875
P0RES018-00613,ONDSUSDT,2026-06-03,True,200,3913054.4728
P0RES018-00613,ONDSUSDT,2026-06-05,True,200,1419007.7867
P0RES018-00612,NOWUSDT,2026-06-04,True,200,3457113.794
P0RES018-00613,ONDSUSDT,2026-06-07,True,200,312769.98060000007
P0RES018-00612,NOWUSDT,2026-06-08,True,200,1802323.8162999998
P0RES018-00613,ONDSUSDT,2026-06-09,True,200,1748023.1459
P0RES018-00613,ONDSUSDT,2026-06-08,True,200,1837947.6391000003
P0RES018-00614,BTWUSDT,2026-06-06,True,200,158319170.00908297
P0RES018-00614,BTWUSDT,2026-06-05,True,200,356780500.22918
P0RES018-00612,NOWUSDT,2026-06-05,True,200,3254896.3795
P0RES018-00613,ONDSUSDT,2026-06-06,True,200,553202.0816
P0RES018-00614,BTWUSDT,2026-06-04,True,200,79015506.351398
P0RES018-00614,BTWUSDT,2026-06-07,True,200,213229721.26825202
P0RES018-00614,BTWUSDT,2026-06-08,True,200,134308360.03958398
P0RES018-00614,BTWUSDT,2026-06-10,True,200,392268324.4430101
P0RES018-00614,BTWUSDT,2026-06-09,True,200,121388748.523974
P0RES018-00610,IBMUSDT,2026-06-09,True,200,7103721.014099999
P0RES018-00615,ZESTUSDT,2026-06-04,True,200,44586367.203949995
P0RES018-00615,ZESTUSDT,2026-06-05,True,200,57710201.920169994
P0RES018-00615,ZESTUSDT,2026-06-06,True,200,38673043.11102999
P0RES018-00615,ZESTUSDT,2026-06-07,True,200,26898546.669339996
P0RES018-00615,ZESTUSDT,2026-06-10,True,200,13109467.57011
P0RES018-00616,AAOIUSDT,2026-06-09,True,200,37342130.709599994
P0RES018-00615,ZESTUSDT,2026-06-08,True,200,13948255.822180003
P0RES018-00615,ZESTUSDT,2026-06-09,True,200,33651301.46797
P0RES018-00616,AAOIUSDT,2026-06-13,True,200,1294172.6094000002
P0RES018-00617,AMATUSDT,2026-06-08,True,200,1207070.9762
P0RES018-00616,AAOIUSDT,2026-06-12,True,200,30973138.345300004
P0RES018-00616,AAOIUSDT,2026-06-11,True,200,38347840.8616
P0RES018-00616,AAOIUSDT,2026-06-14,True,200,1714621.7994999997
P0RES018-00617,AMATUSDT,2026-06-09,True,200,2462142.8774
P0RES018-00617,AMATUSDT,2026-06-10,True,200,1669525.1167
P0RES018-00617,AMATUSDT,2026-06-11,True,200,2398415.2281
P0RES018-00617,AMATUSDT,2026-06-12,True,200,2179573.2613000004
P0RES018-00617,AMATUSDT,2026-06-13,True,200,543084.4171000001
P0RES018-00618,AXTIUSDT,2026-06-09,True,200,5899156.2964
P0RES018-00618,AXTIUSDT,2026-06-10,True,200,6516055.3388
P0RES018-00617,AMATUSDT,2026-06-14,True,200,980872.044
P0RES018-00618,AXTIUSDT,2026-06-08,True,200,3741011.7148000007
P0RES018-00618,AXTIUSDT,2026-06-13,True,200,3611989.8741
P0RES018-00618,AXTIUSDT,2026-06-14,True,200,2797858.3636000007
P0RES018-00618,AXTIUSDT,2026-06-12,True,200,6721021.7069999995
P0RES018-00616,AAOIUSDT,2026-06-10,True,200,27911148.694599997
P0RES018-00618,AXTIUSDT,2026-06-11,True,200,7607219.3555000005
P0RES018-00619,BXUSDT,2026-06-08,True,200,1627911.2935000001
P0RES018-00619,BXUSDT,2026-06-10,True,200,619655.2594000001
P0RES018-00619,BXUSDT,2026-06-11,True,200,2128990.2520999997
P0RES018-00619,BXUSDT,2026-06-12,True,200,2216445.7369000004
P0RES018-00620,CRDOUSDT,2026-06-11,True,200,5562976.416999999
P0RES018-00619,BXUSDT,2026-06-09,True,200,1278232.0583
P0RES018-00620,CRDOUSDT,2026-06-10,True,200,4890862.714500001
P0RES018-00619,BXUSDT,2026-06-14,True,200,228326.0767
P0RES018-00620,CRDOUSDT,2026-06-12,True,200,5268116.533500001
P0RES018-00620,CRDOUSDT,2026-06-13,True,200,267762.65359999996
P0RES018-00620,CRDOUSDT,2026-06-09,True,200,7093419.697399999
P0RES018-00620,CRDOUSDT,2026-06-08,True,200,1525784.0977999999
P0RES018-00620,CRDOUSDT,2026-06-14,True,200,701309.5968999999
P0RES018-00616,AAOIUSDT,2026-06-08,True,200,12688510.136200001
P0RES018-00619,BXUSDT,2026-06-13,True,200,277660.6308
P0RES018-00621,CRWDUSDT,2026-06-09,True,200,5376249.045599999
P0RES018-00621,CRWDUSDT,2026-06-14,True,200,63323.778600000005
P0RES018-00621,CRWDUSDT,2026-06-08,True,200,954934.9589
P0RES018-00621,CRWDUSDT,2026-06-13,True,200,50876.382300000005
P0RES018-00621,CRWDUSDT,2026-06-12,True,200,1269787.4550999997
P0RES018-00621,CRWDUSDT,2026-06-11,True,200,2988690.2770000002
P0RES018-00622,HPEUSDT,2026-06-12,True,200,2300495.6881000004
P0RES018-00622,HPEUSDT,2026-06-09,True,200,2172498.4325
P0RES018-00622,HPEUSDT,2026-06-14,True,200,232635.5989
P0RES018-00623,IWMUSDT,2026-06-08,True,200,399183.25460000004
P0RES018-00621,CRWDUSDT,2026-06-10,True,200,4390589.366700001
P0RES018-00622,HPEUSDT,2026-06-13,True,200,82107.4152
P0RES018-00622,HPEUSDT,2026-06-11,True,200,902188.1246
P0RES018-00622,HPEUSDT,2026-06-10,True,200,961958.0120000001
P0RES018-00623,IWMUSDT,2026-06-10,True,200,506329.65959999996
P0RES018-00623,IWMUSDT,2026-06-13,True,200,557784.0194
P0RES018-00623,IWMUSDT,2026-06-11,True,200,900752.7134999998
P0RES018-00623,IWMUSDT,2026-06-12,True,200,433302.4547
P0RES018-00623,IWMUSDT,2026-06-09,True,200,593652.9957999999
P0RES018-00624,COSTUSDT,2026-06-10,True,200,179208.19539999994
P0RES018-00624,COSTUSDT,2026-06-12,True,200,142702.5234
P0RES018-00623,IWMUSDT,2026-06-14,True,200,416256.3402000001
P0RES018-00625,EBAYUSDT,2026-06-10,True,200,279745.93250000005
P0RES018-00624,COSTUSDT,2026-06-13,True,200,40028.845700000005
P0RES018-00625,EBAYUSDT,2026-06-09,True,200,505133.61079999997
P0RES018-00624,COSTUSDT,2026-06-14,True,200,45831.585800000015
P0RES018-00624,COSTUSDT,2026-06-15,True,200,134577.3161
P0RES018-00625,EBAYUSDT,2026-06-11,True,200,283907.28880000004
P0RES018-00624,COSTUSDT,2026-06-11,True,200,128690.9535
P0RES018-00625,EBAYUSDT,2026-06-12,True,200,237619.16070000004
P0RES018-00625,EBAYUSDT,2026-06-13,True,200,36954.4126
P0RES018-00625,EBAYUSDT,2026-06-14,True,200,24085.633599999997
P0RES018-00624,COSTUSDT,2026-06-09,True,200,734235.1750999999
P0RES018-00622,HPEUSDT,2026-06-08,True,200,2114175.0571999997
P0RES018-00625,EBAYUSDT,2026-06-15,True,200,185004.42429999998
P0RES018-00626,HIMSUSDT,2026-06-09,True,200,1744232.3947
P0RES018-00626,HIMSUSDT,2026-06-14,True,200,140524.1984
P0RES018-00626,HIMSUSDT,2026-06-10,True,200,1368030.6263000001
P0RES018-00626,HIMSUSDT,2026-06-11,True,200,1576342.3210000002
P0RES018-00627,NFLXUSDT,2026-06-09,True,200,3882740.0530999997
P0RES018-00626,HIMSUSDT,2026-06-15,True,200,2293951.4536
P0RES018-00627,NFLXUSDT,2026-06-10,True,200,1028520.3582
P0RES018-00627,NFLXUSDT,2026-06-11,True,200,606265.4802000001
P0RES018-00627,NFLXUSDT,2026-06-13,True,200,84222.69690000001
P0RES018-00627,NFLXUSDT,2026-06-12,True,200,305371.22059999994
P0RES018-00627,NFLXUSDT,2026-06-14,True,200,101016.71300000002
P0RES018-00627,NFLXUSDT,2026-06-15,True,200,348903.02880000003
P0RES018-00626,HIMSUSDT,2026-06-13,True,200,102967.2365
P0RES018-00626,HIMSUSDT,2026-06-12,True,200,872228.8029
P0RES018-00628,URNMUSDT,2026-06-11,True,200,1022321.7029999999
P0RES018-00628,URNMUSDT,2026-06-09,True,200,598057.8165000001
P0RES018-00628,URNMUSDT,2026-06-15,True,200,1809637.8609
P0RES018-00628,URNMUSDT,2026-06-13,True,200,109781.08910000001
P0RES018-00629,DKNGUSDT,2026-06-11,True,200,1166187.6555999997
P0RES018-00628,URNMUSDT,2026-06-14,True,200,55763.56309999999
P0RES018-00628,URNMUSDT,2026-06-12,True,200,1415787.1556000002
P0RES018-00629,DKNGUSDT,2026-06-12,True,200,816460.1930999999
P0RES018-00628,URNMUSDT,2026-06-10,True,200,661533.8439999999
P0RES018-00629,DKNGUSDT,2026-06-13,True,200,238818.49660000004
P0RES018-00629,DKNGUSDT,2026-06-15,True,200,407319.5194
P0RES018-00630,EWZUSDT,2026-06-11,True,200,244361.9755
P0RES018-00629,DKNGUSDT,2026-06-16,True,200,302064.3095
P0RES018-00630,EWZUSDT,2026-06-10,True,200,621068.8732999999
P0RES018-00629,DKNGUSDT,2026-06-14,True,200,185402.5396
P0RES018-00629,DKNGUSDT,2026-06-10,True,200,1726251.0083
P0RES018-00630,EWZUSDT,2026-06-13,True,200,47396.69880000001
P0RES018-00630,EWZUSDT,2026-06-12,True,200,201070.3336
P0RES018-00630,EWZUSDT,2026-06-15,True,200,157558.97149999996
P0RES018-00630,EWZUSDT,2026-06-16,True,200,85686.50089999998
P0RES018-00631,GMEUSDT,2026-06-13,True,200,73179.2516
P0RES018-00631,GMEUSDT,2026-06-10,True,200,289866.91160000005
P0RES018-00631,GMEUSDT,2026-06-12,True,200,158910.7131
P0RES018-00631,GMEUSDT,2026-06-14,True,200,93728.30460000003
P0RES018-00631,GMEUSDT,2026-06-15,True,200,165721.95190000001
P0RES018-00631,GMEUSDT,2026-06-11,True,200,149924.0522
P0RES018-00632,RIVNUSDT,2026-06-12,True,200,823084.6144000002
P0RES018-00632,RIVNUSDT,2026-06-11,True,200,381801.9893
P0RES018-00631,GMEUSDT,2026-06-16,True,200,125557.36010000002
P0RES018-00632,RIVNUSDT,2026-06-10,True,200,699447.2259999999
P0RES018-00632,RIVNUSDT,2026-06-13,True,200,309063.5079
P0RES018-00632,RIVNUSDT,2026-06-15,True,200,421774.8003
P0RES018-00630,EWZUSDT,2026-06-14,True,200,69735.938
P0RES018-00632,RIVNUSDT,2026-06-14,True,200,150526.9459
P0RES018-00633,XLEUSDT,2026-06-11,True,200,629044.9352000001
P0RES018-00633,XLEUSDT,2026-06-14,True,200,52103.18029999999
P0RES018-00633,XLEUSDT,2026-06-12,True,200,322036.6771999999
P0RES018-00632,RIVNUSDT,2026-06-16,True,200,429161.48620000004
P0RES018-00633,XLEUSDT,2026-06-10,True,200,393808.70360000007
P0RES018-00633,XLEUSDT,2026-06-13,True,200,153292.7059
P0RES018-00633,XLEUSDT,2026-06-15,True,200,223592.69909999994
P0RES018-00633,XLEUSDT,2026-06-16,True,200,358520.8436
P0RES018-00634,ZMUSDT,2026-06-13,True,200,227868.7671
P0RES018-00634,ZMUSDT,2026-06-12,True,200,365092.96420000005
P0RES018-00634,ZMUSDT,2026-06-11,True,200,216100.96420000005
P0RES018-00634,ZMUSDT,2026-06-14,True,200,204866.21969999996
P0RES018-00634,ZMUSDT,2026-06-10,True,200,678490.1290999999
P0RES018-00634,ZMUSDT,2026-06-16,True,200,420845.1916999999
P0RES018-00634,ZMUSDT,2026-06-15,True,200,428456.7271999999
P0RES018-00635,ADBEUSDT,2026-06-14,True,200,276510.79990000004
P0RES018-00635,ADBEUSDT,2026-06-17,True,200,748175.9697
P0RES018-00635,ADBEUSDT,2026-06-12,True,200,2869761.6638999996
P0RES018-00635,ADBEUSDT,2026-06-11,True,200,3131201.8086
P0RES018-00635,ADBEUSDT,2026-06-13,True,200,302157.7605
P0RES018-00635,ADBEUSDT,2026-06-16,True,200,962157.3791999999
P0RES018-00636,ASMLUSDT,2026-06-11,True,200,4207696.8188
P0RES018-00636,ASMLUSDT,2026-06-15,True,200,1839092.8854
P0RES018-00636,ASMLUSDT,2026-06-16,True,200,1499574.2373000002
P0RES018-00636,ASMLUSDT,2026-06-14,True,200,361031.6435
P0RES018-00637,BMNRUSDT,2026-06-11,True,200,1251017.1224
P0RES018-00638,GLWUSDT,2026-06-11,True,200,859329.5005000001
P0RES018-00637,BMNRUSDT,2026-06-15,True,200,1901137.1130999997
P0RES018-00636,ASMLUSDT,2026-06-13,True,200,564399.7776
P0RES018-00636,ASMLUSDT,2026-06-17,True,200,2986786.5718000005
P0RES018-00638,GLWUSDT,2026-06-12,True,200,1412346.3105000004
P0RES018-00637,BMNRUSDT,2026-06-16,True,200,7672720.486500001
P0RES018-00638,GLWUSDT,2026-06-14,True,200,328395.4275
P0RES018-00637,BMNRUSDT,2026-06-14,True,200,266091.49429999996
P0RES018-00636,ASMLUSDT,2026-06-12,True,200,1744060.1618999995
P0RES018-00637,BMNRUSDT,2026-06-17,True,200,4705069.0418
P0RES018-00638,GLWUSDT,2026-06-13,True,200,99232.95899999999
P0RES018-00638,GLWUSDT,2026-06-16,True,200,1935600.7002999997
P0RES018-00637,BMNRUSDT,2026-06-12,True,200,871663.8483999999
P0RES018-00639,STXXUSDT,2026-06-12,True,200,2412328.7303
P0RES018-00639,STXXUSDT,2026-06-11,True,200,477253.9877
P0RES018-00639,STXXUSDT,2026-06-13,True,200,620283.6255999999
P0RES018-00639,STXXUSDT,2026-06-15,True,200,2446215.0053
P0RES018-00638,GLWUSDT,2026-06-15,True,200,1529919.5685999999
P0RES018-00639,STXXUSDT,2026-06-14,True,200,172206.96670000002
P0RES018-00639,STXXUSDT,2026-06-17,True,200,3611467.1038999995
P0RES018-00638,GLWUSDT,2026-06-17,True,200,1171091.9422000002
P0RES018-00637,BMNRUSDT,2026-06-13,True,200,150066.44000000006
P0RES018-00639,STXXUSDT,2026-06-16,True,200,6304347.3917000005
P0RES018-00635,ADBEUSDT,2026-06-15,True,200,703525.8189
P0RES018-00641,UVXYUSDT,2026-06-11,True,200,929589.5257999998
P0RES018-00641,UVXYUSDT,2026-06-12,True,200,1599203.9326
P0RES018-00641,UVXYUSDT,2026-06-13,True,200,542488.8165
P0RES018-00641,UVXYUSDT,2026-06-17,True,200,1522501.3584000003
P0RES018-00641,UVXYUSDT,2026-06-14,True,200,292159.62810000003
P0RES018-00641,UVXYUSDT,2026-06-15,True,200,1006481.9388999998
P0RES018-00640,TXXUSDT,2026-06-16,False,curl_exit_56,
P0RES018-00642,ALABUSDT,2026-06-25,True,200,2575071.8067999994
P0RES018-00642,ALABUSDT,2026-06-22,True,200,1404360.1893
P0RES018-00642,ALABUSDT,2026-06-24,True,200,1597907.4565000003
P0RES018-00640,TXXUSDT,2026-06-15,False,curl_exit_56,
P0RES018-00642,ALABUSDT,2026-06-23,True,200,2510103.0515
P0RES018-00640,TXXUSDT,2026-06-17,False,curl_exit_56,
P0RES018-00641,UVXYUSDT,2026-06-16,True,200,698382.2892999998
P0RES018-00642,ALABUSDT,2026-06-27,True,200,125523.0466
P0RES018-00640,TXXUSDT,2026-06-11,False,curl_exit_56,
P0RES018-00642,ALABUSDT,2026-06-28,True,200,135981.70959999997
P0RES018-00643,CIENUSDT,2026-06-22,True,200,1161229.4666
P0RES018-00642,ALABUSDT,2026-06-26,True,200,1897696.1148
P0RES018-00640,TXXUSDT,2026-06-12,False,curl_exit_56,
P0RES018-00640,TXXUSDT,2026-06-13,False,curl_exit_56,
P0RES018-00643,CIENUSDT,2026-06-25,True,200,1414924.3610000003
P0RES018-00643,CIENUSDT,2026-06-24,True,200,1618901.0798000002
P0RES018-00643,CIENUSDT,2026-06-23,True,200,1825635.7114000001
P0RES018-00643,CIENUSDT,2026-06-28,True,200,140181.00359999997
P0RES018-00644,KLACUSDT,2026-06-23,True,200,2195701.9568999996
P0RES018-00643,CIENUSDT,2026-06-27,True,200,197134.80019999997
P0RES018-00644,KLACUSDT,2026-06-26,True,200,1347632.2898000001
P0RES018-00644,KLACUSDT,2026-06-22,True,200,2695517.9867000002
P0RES018-00640,TXXUSDT,2026-06-14,False,curl_exit_56,
P0RES018-00645,KORUUSDT,2026-06-22,True,200,1841135.3246000002
P0RES018-00644,KLACUSDT,2026-06-25,True,200,876052.9410000001
P0RES018-00644,KLACUSDT,2026-06-24,True,200,956671.9918
P0RES018-00644,KLACUSDT,2026-06-28,True,200,399693.6806000001
P0RES018-00645,KORUUSDT,2026-06-23,True,200,100272600.50129998
P0RES018-00644,KLACUSDT,2026-06-27,True,200,432809.95269999997
P0RES018-00643,CIENUSDT,2026-06-26,True,200,937178.7264000002
P0RES018-00645,KORUUSDT,2026-06-24,True,200,197123926.83089998
P0RES018-00645,KORUUSDT,2026-06-26,True,200,270974974.1373
P0RES018-00645,KORUUSDT,2026-06-27,True,200,19516963.1794
P0RES018-00645,KORUUSDT,2026-06-25,True,200,184821380.486
P0RES018-00646,LRCXUSDT,2026-06-24,True,200,1534653.5894
P0RES018-00646,LRCXUSDT,2026-06-28,True,200,492813.3818999999
P0RES018-00646,LRCXUSDT,2026-06-26,True,200,1114642.6354999999
P0RES018-00647,SMCIUSDT,2026-06-22,True,200,3557455.7649999997
P0RES018-00647,SMCIUSDT,2026-06-23,True,200,2858946.1698999996
P0RES018-00647,SMCIUSDT,2026-06-25,True,200,2072294.2185999996
P0RES018-00646,LRCXUSDT,2026-06-22,True,200,3822139.3545
P0RES018-00645,KORUUSDT,2026-06-28,True,200,37261867.239
P0RES018-00646,LRCXUSDT,2026-06-25,True,200,1397334.8679
P0RES018-00646,LRCXUSDT,2026-06-27,True,200,238435.28060000011
P0RES018-00647,SMCIUSDT,2026-06-24,True,200,2305112.5057
P0RES018-00648,SONYUSDT,2026-06-22,True,200,1508983.5185000002
P0RES018-00647,SMCIUSDT,2026-06-27,True,200,393027.83809999994
P0RES018-00648,SONYUSDT,2026-06-24,True,200,1174107.6777
P0RES018-00648,SONYUSDT,2026-06-26,True,200,486997.7467000001
P0RES018-00648,SONYUSDT,2026-06-25,True,200,783563.0734000001
P0RES018-00648,SONYUSDT,2026-06-27,True,200,106941.9178
P0RES018-00647,SMCIUSDT,2026-06-26,True,200,1366303.0189000005
P0RES018-00646,LRCXUSDT,2026-06-23,True,200,1756967.4574000002
P0RES018-00648,SONYUSDT,2026-06-28,True,200,198973.80599999998
P0RES018-00647,SMCIUSDT,2026-06-28,True,200,224606.8517
P0RES018-00649,ARXUSDT,2026-06-25,True,200,37977535.6104
P0RES018-00648,SONYUSDT,2026-06-23,True,200,599545.3864
P0RES018-00649,ARXUSDT,2026-06-24,True,200,65030514.3736
P0RES018-00649,ARXUSDT,2026-06-29,True,200,30546371.825500004
P0RES018-00649,ARXUSDT,2026-06-27,True,200,66217272.7751
P0RES018-00649,ARXUSDT,2026-06-28,True,200,26244790.656000003
P0RES018-00651,CAPUSDT,2026-06-27,True,200,24703071.84657
P0RES018-00649,ARXUSDT,2026-06-23,True,200,106707721.2073
P0RES018-00651,CAPUSDT,2026-06-28,True,200,20419389.94923
P0RES018-00651,CAPUSDT,2026-07-01,True,200,22931480.197710004
P0RES018-00651,CAPUSDT,2026-06-29,True,200,19663579.082509995
P0RES018-00649,ARXUSDT,2026-06-26,True,200,53685619.54939999
P0RES018-00651,CAPUSDT,2026-07-03,True,200,12703635.580970002
P0RES018-00651,CAPUSDT,2026-07-02,True,200,15399226.618120002
P0RES018-00652,MVLLUSDT,2026-06-29,True,200,7728854.0957
P0RES018-00652,MVLLUSDT,2026-07-01,True,200,16010338.8869
P0RES018-00652,MVLLUSDT,2026-06-30,True,200,17996079.7176
P0RES018-00652,MVLLUSDT,2026-07-03,True,200,2824770.9105
P0RES018-00651,CAPUSDT,2026-06-30,True,200,100369180.53865999
P0RES018-00653,SQQQUSDT,2026-06-30,True,200,3170978.5938
P0RES018-00652,MVLLUSDT,2026-07-05,True,200,16384949.811
P0RES018-00652,MVLLUSDT,2026-07-02,True,200,16031206.567900002
P0RES018-00653,SQQQUSDT,2026-06-29,True,200,2211703.3219999997
P0RES018-00654,TQQQUSDT,2026-06-29,True,200,4801600.704799999
P0RES018-00653,SQQQUSDT,2026-07-03,True,200,1078840.1382000002
P0RES018-00653,SQQQUSDT,2026-07-04,True,200,277036.5896
P0RES018-00653,SQQQUSDT,2026-07-05,True,200,116682.6721
P0RES018-00653,SQQQUSDT,2026-07-01,True,200,2315138.540100001
P0RES018-00653,SQQQUSDT,2026-07-02,True,200,4578877.6751000015
P0RES018-00654,TQQQUSDT,2026-07-01,True,200,9565503.529300002
P0RES018-00654,TQQQUSDT,2026-06-30,True,200,10283816.864900002
P0RES018-00654,TQQQUSDT,2026-07-02,True,200,14865420.7074
P0RES018-00654,TQQQUSDT,2026-07-04,True,200,980676.4942999999
P0RES018-00654,TQQQUSDT,2026-07-03,True,200,2530605.4237000006
P0RES018-00652,MVLLUSDT,2026-07-04,True,200,2779017.6275
P0RES018-00657,BSPUSDT,2026-07-03,True,200,477748.41079999995
P0RES018-00657,BSPUSDT,2026-07-04,True,200,404401.53549999994
P0RES018-00657,BSPUSDT,2026-07-06,True,200,1864181.7903000002
P0RES018-00657,BSPUSDT,2026-07-05,True,200,398747.7399
P0RES018-00657,BSPUSDT,2026-07-07,True,200,3034586.4006
P0RES018-00657,BSPUSDT,2026-07-08,True,200,1236896.7300000002
P0RES018-00658,CATUSDT,2026-07-04,True,200,1204504.1977
P0RES018-00658,CATUSDT,2026-07-06,True,200,768484.1508999999
P0RES018-00654,TQQQUSDT,2026-07-05,True,200,864667.6720000003
P0RES018-00658,CATUSDT,2026-07-05,True,200,330034.40300000005
P0RES018-00659,FLEXUSDT,2026-07-02,True,200,558909.8125000001
P0RES018-00658,CATUSDT,2026-07-08,True,200,354146.9391
P0RES018-00657,BSPUSDT,2026-07-02,True,200,1193114.8602
P0RES018-00658,CATUSDT,2026-07-03,True,200,1121131.1886999998
P0RES018-00658,CATUSDT,2026-07-02,True,200,24313530.19160001
P0RES018-00659,FLEXUSDT,2026-07-03,True,200,777584.6576
P0RES018-00658,CATUSDT,2026-07-07,True,200,892301.6576000002
P0RES018-00659,FLEXUSDT,2026-07-07,True,200,984808.6556999999
P0RES018-00659,FLEXUSDT,2026-07-08,True,200,415372.9316
P0RES018-00659,FLEXUSDT,2026-07-06,True,200,1578219.3520999996
P0RES018-00659,FLEXUSDT,2026-07-04,True,200,600608.0976999999
P0RES018-00659,FLEXUSDT,2026-07-05,True,200,314485.9019
P0RES018-00660,KSTRUSDT,2026-07-03,True,200,301522.6315000001
P0RES018-00660,KSTRUSDT,2026-07-05,True,200,109893.07730000002
P0RES018-00660,KSTRUSDT,2026-07-04,True,200,79865.8061
P0RES018-00660,KSTRUSDT,2026-07-02,True,200,580853.3609
P0RES018-00660,KSTRUSDT,2026-07-06,True,200,309171.553
P0RES018-00660,KSTRUSDT,2026-07-07,True,200,522893.7971000001
P0RES018-00661,STRCUSDT,2026-07-03,True,200,445468.13940000004
P0RES018-00660,KSTRUSDT,2026-07-08,True,200,889218.0700000003
P0RES018-00661,STRCUSDT,2026-07-04,True,200,281406.19560000004
P0RES018-00661,STRCUSDT,2026-07-06,True,200,2421258.2389999996
P0RES018-00661,STRCUSDT,2026-07-05,True,200,175706.71519999998
P0RES018-00661,STRCUSDT,2026-07-07,True,200,1197186.4538
P0RES018-00661,STRCUSDT,2026-07-08,True,200,2948475.7672999995
P0RES018-00662,TERUSDT,2026-07-02,True,200,1701487.7664
P0RES018-00662,TERUSDT,2026-07-03,True,200,1626503.8747999996
P0RES018-00662,TERUSDT,2026-07-06,True,200,457788.26350000006
P0RES018-00661,STRCUSDT,2026-07-02,True,200,1475021.1788
P0RES018-00662,TERUSDT,2026-07-04,True,200,441314.7409000001
P0RES018-00663,TTWOUSDT,2026-07-02,True,200,563116.0893999999
P0RES018-00662,TERUSDT,2026-07-05,True,200,242441.3715
P0RES018-00663,TTWOUSDT,2026-07-03,True,200,134673.54100000003
P0RES018-00662,TERUSDT,2026-07-07,True,200,1404024.9055
P0RES018-00662,TERUSDT,2026-07-08,True,200,3472160.7409000006
P0RES018-00663,TTWOUSDT,2026-07-05,True,200,121577.7452
P0RES018-00663,TTWOUSDT,2026-07-07,True,200,538386.663
P0RES018-00663,TTWOUSDT,2026-07-04,True,200,421109.80880000006
P0RES018-00664,TXNUSDT,2026-07-03,True,200,572138.9761999999
P0RES018-00663,TTWOUSDT,2026-07-06,True,200,918800.1767000001
P0RES018-00663,TTWOUSDT,2026-07-08,True,200,496609.338
P0RES018-00664,TXNUSDT,2026-07-04,True,200,310263.05519999994
P0RES018-00664,TXNUSDT,2026-07-02,True,200,692898.4223000001
P0RES018-00664,TXNUSDT,2026-07-05,True,200,231890.8704
P0RES018-00664,TXNUSDT,2026-07-08,True,200,539897.8483
P0RES018-00664,TXNUSDT,2026-07-07,True,200,367585.0406999999
P0RES018-00665,DATAIPUSDC,2026-07-03,True,200,692876.6737
P0RES018-00665,DATAIPUSDC,2026-07-05,True,200,631599.0131
P0RES018-00665,DATAIPUSDC,2026-07-06,True,200,351489.4776
P0RES018-00665,DATAIPUSDC,2026-07-04,True,200,1396527.5910999996
P0RES018-00665,DATAIPUSDC,2026-07-07,True,200,633654.3512999999
P0RES018-00665,DATAIPUSDC,2026-07-08,True,200,407077.26269999996
P0RES018-00665,DATAIPUSDC,2026-07-09,True,200,536220.4291000001
P0RES018-00664,TXNUSDT,2026-07-06,True,200,681942.8067000001
P0RES018-00666,DATAIPUSDT,2026-07-06,True,200,5025897.607
P0RES018-00666,DATAIPUSDT,2026-07-04,True,200,6165766.3828
P0RES018-00666,DATAIPUSDT,2026-07-09,True,200,3804616.526
P0RES018-00666,DATAIPUSDT,2026-07-08,True,200,2778686.7754
P0RES018-00666,DATAIPUSDT,2026-07-07,True,200,5012984.1234
P0RES018-00667,ETHUSD1,2026-07-04,True,200,7162472.338870002
P0RES018-00667,ETHUSD1,2026-07-03,True,200,7135155.27452
P0RES018-00667,ETHUSD1,2026-07-06,True,200,19312845.162139997
P0RES018-00667,ETHUSD1,2026-07-05,True,200,2078443.5845299996
P0RES018-00667,ETHUSD1,2026-07-07,True,200,6878677.283799998
P0RES018-00666,DATAIPUSDT,2026-07-05,True,200,4185502.3488000003
P0RES018-00667,ETHUSD1,2026-07-09,True,200,3706688.7818599995
P0RES018-00666,DATAIPUSDT,2026-07-03,True,200,6578221.708000001
P0RES018-00668,BNCUSDT,2026-07-09,True,200,557769.0703000001
P0RES018-00667,ETHUSD1,2026-07-08,True,200,3734271.9603999997
P0RES018-00668,BNCUSDT,2026-07-10,True,200,10390236.851750001
P0RES018-00668,BNCUSDT,2026-07-12,True,200,358240.59124999994
P0RES018-00668,BNCUSDT,2026-07-14,True,200,574946.4009499998
P0RES018-00668,BNCUSDT,2026-07-13,True,200,1144393.26994
P0RES018-00669,BOTUSDT,2026-07-10,True,200,1195751.8216
P0RES018-00669,BOTUSDT,2026-07-09,True,200,3511478.3307000003
P0RES018-00669,BOTUSDT,2026-07-12,True,200,177522.14510000002
P0RES018-00669,BOTUSDT,2026-07-13,True,200,972098.1107999999
P0RES018-00669,BOTUSDT,2026-07-11,True,200,195320.97070000003
P0RES018-00668,BNCUSDT,2026-07-11,True,200,974755.53286
P0RES018-00670,FWDIUSDT,2026-07-11,True,200,221774.792
P0RES018-00668,BNCUSDT,2026-07-15,True,200,783114.66264
P0RES018-00670,FWDIUSDT,2026-07-10,True,200,3227275.50289
P0RES018-00670,FWDIUSDT,2026-07-12,True,200,326434.24925
P0RES018-00670,FWDIUSDT,2026-07-14,True,200,892950.29332
P0RES018-00671,INTWUSDT,2026-07-10,True,200,1239949.1450999996
P0RES018-00671,INTWUSDT,2026-07-11,True,200,449941.88670000003
P0RES018-00669,BOTUSDT,2026-07-14,True,200,3012294.9762999997
P0RES018-00671,INTWUSDT,2026-07-09,True,200,636458.7715
P0RES018-00669,BOTUSDT,2026-07-15,True,200,5215864.685199999
P0RES018-00671,INTWUSDT,2026-07-12,True,200,367748.21210000006
P0RES018-00671,INTWUSDT,2026-07-13,True,200,1271835.8325
P0RES018-00670,FWDIUSDT,2026-07-09,True,200,236645.57878
P0RES018-00670,FWDIUSDT,2026-07-15,True,200,596516.0472599999
P0RES018-00670,FWDIUSDT,2026-07-13,True,200,421845.63814000005
P0RES018-00672,SNXXUSDT,2026-07-09,True,200,2336877.8483999996
P0RES018-00671,INTWUSDT,2026-07-14,True,200,2026962.0881999999
P0RES018-00671,INTWUSDT,2026-07-15,True,200,4977305.233199999
P0RES018-00672,SNXXUSDT,2026-07-12,True,200,1679824.2603000002
P0RES018-00672,SNXXUSDT,2026-07-11,True,200,5156553.8834
P0RES018-00672,SNXXUSDT,2026-07-14,True,200,24154294.351500005
P0RES018-00672,SNXXUSDT,2026-07-13,True,200,19783530.3167
P0RES018-00672,SNXXUSDT,2026-07-15,True,200,42477191.0191
P0RES018-00674,WENUSDT,2026-07-10,True,200,554034.7038999998
P0RES018-00672,SNXXUSDT,2026-07-10,True,200,5105203.607100001
P0RES018-00674,WENUSDT,2026-07-12,True,200,97453.73
P0RES018-00674,WENUSDT,2026-07-13,True,200,234967.6562
P0RES018-00674,WENUSDT,2026-07-09,True,200,569092.5257
P0RES018-00673,WDIUSDT,2026-07-09,False,curl_exit_56,
P0RES018-00673,WDIUSDT,2026-07-10,False,curl_exit_56,
P0RES018-00674,WENUSDT,2026-07-14,True,200,207336.11990000002
P0RES018-00674,WENUSDT,2026-07-15,True,200,331818.4003
P0RES018-00673,WDIUSDT,2026-07-11,False,curl_exit_56,
P0RES018-00675,XBIUSDT,2026-07-09,True,200,231420.3542
P0RES018-00673,WDIUSDT,2026-07-12,False,curl_exit_56,
P0RES018-00674,WENUSDT,2026-07-11,True,200,57234.4723
P0RES018-00675,XBIUSDT,2026-07-10,True,200,458274.0540000001
P0RES018-00673,WDIUSDT,2026-07-14,False,curl_exit_56,
P0RES018-00675,XBIUSDT,2026-07-11,True,200,435725.6627000001
P0RES018-00675,XBIUSDT,2026-07-13,True,200,248313.0016
P0RES018-00673,WDIUSDT,2026-07-13,False,curl_exit_56,
P0RES018-00675,XBIUSDT,2026-07-15,True,200,504313.054
P0RES018-00676,APPUSDT,2026-07-10,True,200,1334581.1931
P0RES018-00676,APPUSDT,2026-07-13,True,200,1164202.7677
P0RES018-00676,APPUSDT,2026-07-12,True,200,147847.59919999997
P0RES018-00676,APPUSDT,2026-07-11,True,200,161307.5041
P0RES018-00676,APPUSDT,2026-07-14,True,200,1347446.7685999998
P0RES018-00673,WDIUSDT,2026-07-15,False,curl_exit_56,
P0RES018-00675,XBIUSDT,2026-07-14,True,200,230291.69939999998
P0RES018-00677,GEVUSDT,2026-07-11,True,200,314889.28179999994
P0RES018-00676,APPUSDT,2026-07-16,True,200,717468.3349
P0RES018-00675,XBIUSDT,2026-07-12,True,200,129750.8298
P0RES018-00677,GEVUSDT,2026-07-12,True,200,285229.59439999994
P0RES018-00677,GEVUSDT,2026-07-10,True,200,1673804.5141999999
P0RES018-00677,GEVUSDT,2026-07-13,True,200,827610.2204
P0RES018-00678,SKHYUSDT,2026-07-13,True,200,544099988.8176
P0RES018-00677,GEVUSDT,2026-07-15,True,200,466874.2074
P0RES018-00677,GEVUSDT,2026-07-14,True,200,274063.67089999997
P0RES018-00677,GEVUSDT,2026-07-16,True,200,338060.1173
P0RES018-00678,SKHYUSDT,2026-07-10,True,200,128998706.5323
P0RES018-00676,APPUSDT,2026-07-15,True,200,597793.0177
P0RES018-00678,SKHYUSDT,2026-07-11,True,200,35960242.46949999
P0RES018-00678,SKHYUSDT,2026-07-14,True,200,1371529006.2758002
P0RES018-00679,SNOWUSDT,2026-07-11,True,200,312537.0368
P0RES018-00679,SNOWUSDT,2026-07-12,True,200,245519.13170000003
P0RES018-00678,SKHYUSDT,2026-07-15,True,200,1363138257.7004998
P0RES018-00678,SKHYUSDT,2026-07-16,True,200,798355537.4540999
P0RES018-00679,SNOWUSDT,2026-07-10,True,200,980406.5163
P0RES018-00679,SNOWUSDT,2026-07-14,True,200,829484.7984000001
P0RES018-00679,SNOWUSDT,2026-07-13,True,200,533139.2673000001
P0RES018-00678,SKHYUSDT,2026-07-12,True,200,31548729.855299994
P0RES018-00679,SNOWUSDT,2026-07-15,True,200,463263.6257
P0RES018-00679,SNOWUSDT,2026-07-16,True,200,585649.2339
P0RES018-00680,VRTUSDT,2026-07-11,True,200,277687.8069
P0RES018-00680,VRTUSDT,2026-07-12,True,200,160537.78730000003
P0RES018-00680,VRTUSDT,2026-07-10,True,200,894873.5265999999
P0RES018-00680,VRTUSDT,2026-07-14,True,200,265824.51700000005
P0RES018-00681,MUUUSDT,2026-07-17,True,200,29285085.425899997
P0RES018-00681,MUUUSDT,2026-07-16,True,200,10939713.1664
P0RES018-00681,MUUUSDT,2026-07-18,True,200,1823501.9718999995
P0RES018-00680,VRTUSDT,2026-07-15,True,200,491016.42149999994
P0RES018-00680,VRTUSDT,2026-07-16,True,200,646819.9443999999
P0RES018-00682,SOXSUSDT,2026-07-18,True,200,4961713.9938
P0RES018-00682,SOXSUSDT,2026-07-19,True,200,3657209.8496000003
P0RES018-00683,TZAUSDT,2026-07-19,True,200,768823.5817000001
P0RES018-00680,VRTUSDT,2026-07-13,True,200,217734.92749999996
P0RES018-00682,SOXSUSDT,2026-07-16,True,200,8742989.689499997
P0RES018-00683,TZAUSDT,2026-07-17,True,200,1301269.6537999997
P0RES018-00683,TZAUSDT,2026-07-18,True,200,332070.5522999999
P0RES018-00683,TZAUSDT,2026-07-16,True,200,1119660.5556
P0RES018-00682,SOXSUSDT,2026-07-17,True,200,61920635.81380001
P0RES018-00684,MINIMAXUSDT,2026-07-17,True,200,3773261.702600001
P0RES018-00684,MINIMAXUSDT,2026-07-18,True,200,355837.56629999995
P0RES018-00685,ZHIPUUSDT,2026-07-17,True,200,9422119.663600001
P0RES018-00684,MINIMAXUSDT,2026-07-19,True,200,537619.9386
P0RES018-00685,ZHIPUUSDT,2026-07-18,True,200,2112743.6758000003
P0RES018-00681,MUUUSDT,2026-07-19,True,200,2571744.0895999996
P0RES018-00685,ZHIPUUSDT,2026-07-19,True,200,2851025.9227
P0RES018-00002,1000BTTCUSDT,2022-01-26,True,200,6137792.177599999
P0RES018-00002,1000BTTCUSDT,2022-01-31,True,200,5640666.269796001
P0RES018-00002,1000BTTCUSDT,2022-01-28,True,200,6503584.6852130005
P0RES018-00002,1000BTTCUSDT,2022-01-29,True,200,7173612.401711998
P0RES018-00002,1000BTTCUSDT,2022-01-27,True,200,20440816.944748
P0RES018-00002,1000BTTCUSDT,2022-01-30,True,200,4646814.866581
P0RES018-00006,ANCUSDT,2022-03-08,True,200,23484803.9191
P0RES018-00006,ANCUSDT,2022-03-09,True,200,68903923.47140001
P0RES018-00002,1000BTTCUSDT,2022-01-25,False,curl_exit_56,
P0RES018-00006,ANCUSDT,2022-03-07,False,curl_exit_56,
P0RES018-00006,ANCUSDT,2022-03-10,True,200,36494209.145799994
P0RES018-00006,ANCUSDT,2022-03-13,True,200,43937321.334400006
P0RES018-00013,GALUSDT,2022-05-05,True,200,562695732.6836
P0RES018-00006,ANCUSDT,2022-03-12,True,200,36727834.5504
P0RES018-00013,GALUSDT,2022-05-06,True,200,1198300959.7171001
P0RES018-00013,GALUSDT,2022-05-09,True,200,1342878961.0368001
P0RES018-00013,GALUSDT,2022-05-08,True,200,813440164.7341
P0RES018-00013,GALUSDT,2022-05-07,True,200,722161237.4746999
P0RES018-00013,GALUSDT,2022-05-10,True,200,622441851.0331999
P0RES018-00013,GALUSDT,2022-05-11,True,200,545390674.5989
P0RES018-00650,OUSDT,2026-06-24,True,200,48350131.369700015
P0RES018-00006,ANCUSDT,2022-03-11,True,200,34431778.7683
P0RES018-00650,OUSDT,2026-06-25,True,200,42877553.9531
P0RES018-00650,OUSDT,2026-06-26,True,200,48302878.92290001
P0RES018-00650,OUSDT,2026-06-27,True,200,31430164.608299997
P0RES018-00650,OUSDT,2026-06-28,True,200,93480130.6627
P0RES018-00650,OUSDT,2026-06-29,True,200,43434296.80680001
P0RES018-00650,OUSDT,2026-06-30,True,200,48964538.2453
P0RES018-00655,BTCUUSDT,2026-07-01,False,curl_exit_56,
P0RES018-00655,BTCUUSDT,2026-07-03,False,curl_exit_56,
P0RES018-00655,BTCUUSDT,2026-07-02,False,curl_exit_56,
P0RES018-00655,BTCUUSDT,2026-07-05,False,curl_exit_56,
P0RES018-00655,BTCUUSDT,2026-07-04,False,curl_exit_56,
P0RES018-00655,BTCUUSDT,2026-07-06,False,curl_exit_56,
P0RES018-00655,BTCUUSDT,2026-07-07,False,curl_exit_56,
P0RES018-00656,ETHUUSDT,2026-07-01,False,curl_exit_56,
P0RES018-00656,ETHUUSDT,2026-07-02,False,curl_exit_56,
P0RES018-00656,ETHUUSDT,2026-07-04,False,curl_exit_56,
P0RES018-00656,ETHUUSDT,2026-07-05,False,curl_exit_56,
P0RES018-00656,ETHUUSDT,2026-07-06,False,curl_exit_56,
P0RES018-00656,ETHUUSDT,2026-07-07,False,curl_exit_56,
P0RES018-00656,ETHUUSDT,2026-07-03,False,curl_exit_56,
