datetime,open,high,low,close,volume
2020-01-17 08:00:00,2.669,2.896,2.669,2.764,2754845.91
2020-01-17 12:00:00,2.764,2.781,2.658,2.725,1829678.95
2020-01-17 16:00:00,2.725,2.777,2.592,2.679,2205435.15
2020-01-17 20:00:00,2.679,2.754,2.652,2.696,1384298.38
2020-01-18 00:00:00,2.696,2.799,2.675,2.706,1434394.25
2020-01-18 04:00:00,2.702,2.707,2.56,2.635,1546703.06
2020-01-18 08:00:00,2.638,2.777,2.627,2.719,1381632.76
2020-01-18 12:00:00,2.715,2.779,2.673,2.703,1304831.0
2020-01-18 16:00:00,2.698,2.739,2.654,2.731,1059444.65
2020-01-18 20:00:00,2.735,2.792,2.717,2.774,1193976.69
2020-01-19 00:00:00,2.777,2.833,2.728,2.833,1467304.67
2020-01-19 04:00:00,2.833,2.854,2.772,2.809,1282403.83
2020-01-19 08:00:00,2.809,2.831,2.556,2.68,1890218.88
2020-01-19 12:00:00,2.68,2.686,2.586,2.615,1402195.9
2020-01-19 16:00:00,2.614,2.643,2.52,2.573,1470923.27
2020-01-19 20:00:00,2.573,2.675,2.519,2.623,1901915.85
2020-01-20 00:00:00,2.623,2.648,2.556,2.578,1299657.08
2020-01-20 04:00:00,2.583,2.627,2.56,2.613,892192.59
2020-01-20 08:00:00,2.612,2.625,2.578,2.601,991430.66
2020-01-20 12:00:00,2.598,2.649,2.544,2.638,1394098.76
2020-01-20 16:00:00,2.634,2.741,2.634,2.697,1704613.35
2020-01-20 20:00:00,2.697,2.745,2.667,2.695,962729.08
2020-01-21 00:00:00,2.694,2.745,2.689,2.736,720155.2
2020-01-21 04:00:00,2.74,2.744,2.679,2.693,649166.78
2020-01-21 08:00:00,2.693,2.723,2.681,2.709,842592.67
2020-01-21 12:00:00,2.709,2.719,2.686,2.692,722615.28
2020-01-21 16:00:00,2.693,2.701,2.561,2.597,1508474.82
2020-01-21 20:00:00,2.597,2.689,2.588,2.673,1414497.27
2020-01-22 00:00:00,2.675,2.681,2.656,2.662,571362.61
2020-01-22 04:00:00,2.663,2.694,2.657,2.682,788862.08
2020-01-22 08:00:00,2.683,2.692,2.653,2.673,580578.36
2020-01-22 12:00:00,2.673,2.68,2.637,2.643,600972.78
2020-01-22 16:00:00,2.643,2.661,2.626,2.647,550275.64
2020-01-22 20:00:00,2.647,2.66,2.637,2.654,216724.88
2020-01-23 00:00:00,2.656,2.659,2.575,2.577,637613.53
2020-01-23 04:00:00,2.577,2.584,2.472,2.533,1061780.94
2020-01-23 08:00:00,2.531,2.552,2.43,2.471,1335337.09
2020-01-23 12:00:00,2.471,2.505,2.433,2.494,987774.65
2020-01-23 16:00:00,2.496,2.522,2.439,2.468,835468.33
2020-01-23 20:00:00,2.471,2.489,2.448,2.471,401132.1
2020-01-24 00:00:00,2.47,2.474,2.35,2.395,863403.85
2020-01-24 04:00:00,2.395,2.413,2.367,2.393,220993.05
2020-01-24 08:00:00,2.394,2.527,2.376,2.51,1042838.45
2020-01-24 12:00:00,2.512,2.542,2.487,2.522,878074.86
2020-01-24 16:00:00,2.522,2.529,2.465,2.527,564232.0
2020-01-24 20:00:00,2.525,2.526,2.482,2.504,216867.5
2020-01-25 00:00:00,2.506,2.515,2.436,2.442,507849.86
2020-01-25 04:00:00,2.443,2.505,2.438,2.456,338058.24
2020-01-25 08:00:00,2.454,2.498,2.444,2.446,324158.12
2020-01-25 12:00:00,2.448,2.467,2.438,2.442,231066.55
2020-01-25 16:00:00,2.442,2.493,2.442,2.485,384055.79
2020-01-25 20:00:00,2.485,2.49,2.442,2.448,239022.84
2020-01-26 00:00:00,2.449,2.468,2.429,2.466,207672.97
2020-01-26 04:00:00,2.466,2.481,2.462,2.47,192964.14
2020-01-26 08:00:00,2.472,2.498,2.461,2.498,279702.13
2020-01-26 12:00:00,2.499,2.529,2.487,2.51,311051.35
2020-01-26 16:00:00,2.511,2.576,2.507,2.545,543883.74
2020-01-26 20:00:00,2.546,2.582,2.546,2.575,263181.14
2020-01-27 00:00:00,2.579,2.63,2.576,2.608,666641.99
2020-01-27 04:00:00,2.608,2.625,2.583,2.601,319059.66
2020-01-27 08:00:00,2.603,2.624,2.561,2.608,637203.04
2020-01-27 12:00:00,2.613,2.683,2.601,2.669,670120.89
2020-01-27 16:00:00,2.669,2.676,2.618,2.651,851396.39
2020-01-27 20:00:00,2.651,2.66,2.564,2.608,674778.92
2020-01-28 00:00:00,2.61,2.67,2.602,2.618,676953.36
2020-01-28 04:00:00,2.616,2.636,2.588,2.63,297576.11
2020-01-28 08:00:00,2.631,2.652,2.595,2.641,391691.07
2020-01-28 12:00:00,2.641,2.678,2.598,2.626,912341.32
2020-01-28 16:00:00,2.629,2.637,2.591,2.613,320651.67
2020-01-28 20:00:00,2.614,2.677,2.612,2.656,631743.9
2020-01-29 00:00:00,2.659,2.729,2.644,2.721,826423.05
2020-01-29 04:00:00,2.721,2.812,2.717,2.758,1317554.26
2020-01-29 08:00:00,2.759,2.768,2.696,2.718,579216.13
2020-01-29 12:00:00,2.721,2.724,2.661,2.673,519151.64
2020-01-29 16:00:00,2.673,2.777,2.673,2.75,497569.68
2020-01-29 20:00:00,2.756,2.839,2.748,2.781,1294082.95
2020-01-30 00:00:00,2.781,2.794,2.706,2.756,754999.41
2020-01-30 04:00:00,2.757,2.798,2.756,2.795,445144.18
2020-01-30 08:00:00,2.795,2.871,2.772,2.842,1182040.18
2020-01-30 12:00:00,2.84,2.946,2.833,2.918,2224050.85
2020-01-30 16:00:00,2.918,2.932,2.85,2.91,1376513.24
2020-01-30 20:00:00,2.911,2.95,2.884,2.914,808897.76
2020-01-31 00:00:00,2.917,2.917,2.853,2.906,608708.13
2020-01-31 04:00:00,2.904,2.914,2.859,2.885,500765.06
2020-01-31 08:00:00,2.884,2.929,2.866,2.877,947358.18
2020-01-31 12:00:00,2.875,2.877,2.762,2.839,1067548.88
2020-01-31 16:00:00,2.84,2.856,2.8,2.803,390532.47
2020-01-31 20:00:00,2.803,2.86,2.801,2.825,417090.88
2020-02-01 00:00:00,2.83,2.888,2.827,2.856,535592.62
2020-02-01 04:00:00,2.857,2.865,2.832,2.849,254879.88
2020-02-01 08:00:00,2.851,2.854,2.757,2.78,569280.04
2020-02-01 12:00:00,2.778,2.808,2.737,2.781,752583.18
2020-02-01 16:00:00,2.78,2.82,2.779,2.807,485188.36
2020-02-01 20:00:00,2.809,2.843,2.805,2.841,314211.03
2020-02-02 00:00:00,2.84,2.842,2.74,2.755,415341.42
2020-02-02 04:00:00,2.756,2.835,2.737,2.825,362987.77
2020-02-02 08:00:00,2.828,2.89,2.813,2.878,617400.05
2020-02-02 12:00:00,2.879,2.894,2.833,2.861,854811.38
2020-02-02 16:00:00,2.86,2.891,2.855,2.862,467333.29
2020-02-02 20:00:00,2.862,2.89,2.805,2.832,1084697.06
2020-02-03 00:00:00,2.832,2.884,2.808,2.832,706013.83
2020-02-03 04:00:00,2.831,2.853,2.819,2.83,346602.46
2020-02-03 08:00:00,2.828,2.834,2.779,2.803,574802.39
2020-02-03 12:00:00,2.804,2.815,2.75,2.75,519607.55
2020-02-03 16:00:00,2.753,2.794,2.747,2.786,729720.89
2020-02-03 20:00:00,2.786,2.81,2.76,2.782,704524.4
2020-02-04 00:00:00,2.78,2.806,2.773,2.785,591585.1
2020-02-04 04:00:00,2.783,2.783,2.701,2.745,1112089.85
2020-02-04 08:00:00,2.745,2.761,2.676,2.715,1295593.12
2020-02-04 12:00:00,2.714,2.747,2.691,2.744,780593.19
2020-02-04 16:00:00,2.745,2.767,2.712,2.717,798384.93
2020-02-04 20:00:00,2.717,2.751,2.707,2.741,408328.44
2020-02-05 00:00:00,2.743,2.761,2.732,2.756,354967.55
2020-02-05 04:00:00,2.757,2.812,2.75,2.795,925065.3
2020-02-05 08:00:00,2.794,2.864,2.773,2.853,1689827.96
2020-02-05 12:00:00,2.854,2.881,2.824,2.864,1250269.2
2020-02-05 16:00:00,2.864,2.891,2.811,2.828,1589183.11
2020-02-05 20:00:00,2.828,2.885,2.828,2.843,862796.41
2020-02-06 00:00:00,2.843,2.862,2.794,2.862,881452.35
2020-02-06 04:00:00,2.861,2.899,2.855,2.878,736615.76
2020-02-06 08:00:00,2.879,2.969,2.844,2.943,1560314.97
2020-02-06 12:00:00,2.943,2.97,2.811,2.897,2060858.21
2020-02-06 16:00:00,2.898,2.933,2.875,2.924,953829.99
2020-02-06 20:00:00,2.924,2.932,2.884,2.902,617798.54
2020-02-07 00:00:00,2.902,3.065,2.9,3.025,2147020.75
2020-02-07 04:00:00,3.026,3.278,3.026,3.27,5304367.1
2020-02-07 08:00:00,3.269,3.328,3.164,3.204,5038552.69
2020-02-07 12:00:00,3.202,3.26,3.14,3.219,3297353.67
2020-02-07 16:00:00,3.224,3.365,3.193,3.307,3639089.07
2020-02-07 20:00:00,3.307,3.345,3.228,3.311,2072246.37
2020-02-08 00:00:00,3.31,3.394,3.11,3.199,4160652.78
2020-02-08 04:00:00,3.198,3.296,3.186,3.28,1617927.11
2020-02-08 08:00:00,3.286,3.385,3.279,3.333,2698136.55
2020-02-08 12:00:00,3.33,3.351,3.25,3.317,1491863.76
2020-02-08 16:00:00,3.317,3.48,3.31,3.427,2482296.51
2020-02-08 20:00:00,3.427,3.473,3.376,3.42,1509325.02
2020-02-09 00:00:00,3.419,3.448,3.336,3.414,1355520.73
2020-02-09 04:00:00,3.413,3.433,3.37,3.409,1623939.16
2020-02-09 08:00:00,3.41,3.423,3.321,3.355,1844283.43
2020-02-09 12:00:00,3.353,3.434,3.232,3.308,2087023.27
2020-02-09 16:00:00,3.307,3.384,3.307,3.324,1527433.07
2020-02-09 20:00:00,3.325,3.525,3.278,3.504,2180420.09
2020-02-10 00:00:00,3.503,3.511,3.387,3.417,2706921.29
2020-02-10 04:00:00,3.417,3.48,3.318,3.436,2824683.05
2020-02-10 08:00:00,3.427,3.436,3.272,3.326,3351250.23
2020-02-10 12:00:00,3.326,3.446,3.319,3.387,1622162.73
2020-02-10 16:00:00,3.387,3.398,3.33,3.351,1211907.46
2020-02-10 20:00:00,3.351,3.447,3.351,3.388,1077983.56
2020-02-11 00:00:00,3.389,3.473,3.353,3.45,1771578.21
2020-02-11 04:00:00,3.447,3.451,3.378,3.415,1691340.49
2020-02-11 08:00:00,3.417,3.651,3.409,3.63,3995450.32
2020-02-11 12:00:00,3.626,3.849,3.618,3.741,6241161.14
2020-02-11 16:00:00,3.746,3.899,3.684,3.845,4008199.18
2020-02-11 20:00:00,3.841,3.999,3.81,3.989,2534632.91
2020-02-12 00:00:00,3.992,4.104,3.861,3.892,4071835.96
2020-02-12 04:00:00,3.888,4.188,3.882,4.035,3563013.92
2020-02-12 08:00:00,4.031,4.195,3.95,4.101,4176058.77
2020-02-12 12:00:00,4.1,4.2,4.026,4.031,3523921.18
2020-02-12 16:00:00,4.03,4.141,3.923,3.998,3769490.52
2020-02-12 20:00:00,3.997,4.116,3.956,3.988,2359219.67
2020-02-13 00:00:00,3.996,4.141,3.989,4.007,2140401.22
2020-02-13 04:00:00,4.009,4.063,3.9,3.903,2044640.3
2020-02-13 08:00:00,3.903,3.979,3.669,3.914,4358835.8
2020-02-13 12:00:00,3.915,4.133,3.871,4.028,3449396.6
2020-02-13 16:00:00,4.034,4.059,3.9,3.994,1733404.41
2020-02-13 20:00:00,3.994,3.998,3.786,3.878,1658313.15
2020-02-14 00:00:00,3.877,4.0,3.797,3.971,1867325.52
2020-02-14 04:00:00,3.973,3.988,3.824,3.892,1648894.48
2020-02-14 08:00:00,3.885,4.076,3.873,4.015,2432644.32
2020-02-14 12:00:00,4.017,4.401,4.012,4.304,5550444.97
2020-02-14 16:00:00,4.308,4.395,4.257,4.333,2552341.77
2020-02-14 20:00:00,4.333,4.494,4.313,4.43,2357195.57
2020-02-15 00:00:00,4.434,4.486,4.286,4.451,2278264.91
2020-02-15 04:00:00,4.452,4.465,4.354,4.399,1524402.7
2020-02-15 08:00:00,4.399,4.54,4.38,4.454,2508793.62
2020-02-15 12:00:00,4.454,4.632,4.239,4.37,5697718.17
2020-02-15 16:00:00,4.376,4.531,4.05,4.488,9513031.44
2020-02-15 20:00:00,4.488,4.565,4.246,4.328,3676025.91
2020-02-16 00:00:00,4.327,4.518,4.138,4.442,3183208.91
2020-02-16 04:00:00,4.442,4.469,4.333,4.463,1505546.65
2020-02-16 08:00:00,4.468,4.884,4.426,4.694,8812612.54
2020-02-16 12:00:00,4.69,4.746,4.423,4.505,9217930.93
2020-02-16 16:00:00,4.505,4.588,4.0,4.367,9866666.58
2020-02-16 20:00:00,4.38,4.58,4.246,4.454,3648541.34
2020-02-17 00:00:00,4.45,4.567,4.111,4.202,4043173.42
2020-02-17 04:00:00,4.198,4.335,4.09,4.172,4064460.56
2020-02-17 08:00:00,4.175,4.32,3.881,3.987,6962777.35
2020-02-17 12:00:00,3.986,4.286,3.854,4.264,7291412.69
2020-02-17 16:00:00,4.269,4.459,4.205,4.348,5194112.63
2020-02-17 20:00:00,4.344,4.409,4.234,4.302,2043864.4
2020-02-18 00:00:00,4.308,4.455,4.139,4.397,2420685.13
2020-02-18 04:00:00,4.398,4.573,4.365,4.502,3909875.87
2020-02-18 08:00:00,4.501,4.51,4.312,4.457,4394652.23
2020-02-18 12:00:00,4.45,4.473,4.224,4.443,4306080.27
2020-02-18 16:00:00,4.442,4.656,4.427,4.596,4703819.44
2020-02-18 20:00:00,4.596,4.617,4.455,4.564,2466157.74
2020-02-19 00:00:00,4.56,4.79,4.471,4.668,4259732.84
2020-02-19 04:00:00,4.668,4.77,4.601,4.625,3114538.59
2020-02-19 08:00:00,4.626,4.78,4.57,4.769,3580227.54
2020-02-19 12:00:00,4.77,4.8,4.674,4.723,1528857.88
2020-02-19 16:00:00,4.729,4.869,4.69,4.691,3585237.66
2020-02-19 20:00:00,4.69,4.706,4.172,4.386,6871989.3
2020-02-20 00:00:00,4.386,4.481,4.233,4.353,2522170.56
2020-02-20 04:00:00,4.356,4.427,4.324,4.389,1588971.48
2020-02-20 08:00:00,4.386,4.388,4.152,4.156,3019292.78
2020-02-20 12:00:00,4.16,4.389,4.066,4.26,5205307.54
2020-02-20 16:00:00,4.256,4.33,4.066,4.197,4066517.21
2020-02-20 20:00:00,4.197,4.361,4.17,4.267,1587946.88
2020-02-21 00:00:00,4.268,4.387,4.18,4.36,2406397.89
2020-02-21 04:00:00,4.358,4.395,4.235,4.286,2115240.11
2020-02-21 08:00:00,4.291,4.459,4.258,4.426,2203064.39
2020-02-21 12:00:00,4.427,4.51,4.338,4.416,3023478.8
2020-02-21 16:00:00,4.417,4.451,4.303,4.33,1834376.72
2020-02-21 20:00:00,4.323,4.342,4.186,4.275,2856484.72
2020-02-22 00:00:00,4.276,4.348,4.226,4.255,1714321.33
2020-02-22 04:00:00,4.256,4.28,4.107,4.186,2492162.58
2020-02-22 08:00:00,4.186,4.235,4.118,4.184,1902957.28
2020-02-22 12:00:00,4.182,4.297,4.118,4.135,2782170.92
2020-02-22 16:00:00,4.132,4.17,4.052,4.123,2726432.32
2020-02-22 20:00:00,4.124,4.185,4.065,4.105,1773857.33
2020-02-23 00:00:00,4.105,4.278,4.072,4.224,1891803.96
2020-02-23 04:00:00,4.228,4.378,4.172,4.337,3214645.7
2020-02-23 08:00:00,4.337,4.367,4.225,4.253,2330564.17
2020-02-23 12:00:00,4.252,4.308,4.216,4.239,2032706.34
2020-02-23 16:00:00,4.239,4.26,4.183,4.189,1382135.59
2020-02-23 20:00:00,4.189,4.286,4.16,4.236,1691617.37
2020-02-24 00:00:00,4.239,4.295,4.06,4.111,2827506.09
2020-02-24 04:00:00,4.11,4.153,4.034,4.145,1990626.71
2020-02-24 08:00:00,4.143,4.168,4.063,4.154,1720418.92
2020-02-24 12:00:00,4.156,4.16,4.012,4.048,2530284.1
2020-02-24 16:00:00,4.048,4.053,3.801,3.917,6319636.29
2020-02-24 20:00:00,3.913,3.948,3.83,3.923,2264730.87
2020-02-25 00:00:00,3.923,3.964,3.841,3.851,2200493.95
2020-02-25 04:00:00,3.851,3.855,3.632,3.688,3732995.25
2020-02-25 08:00:00,3.688,3.793,3.672,3.769,3305464.01
2020-02-25 12:00:00,3.765,3.85,3.625,3.639,5732379.37
2020-02-25 16:00:00,3.639,3.682,3.478,3.543,4419521.81
2020-02-25 20:00:00,3.544,3.64,3.489,3.491,2385085.62
2020-02-26 00:00:00,3.49,3.561,3.312,3.412,4135306.06
2020-02-26 04:00:00,3.412,3.55,3.351,3.419,3348146.34
2020-02-26 08:00:00,3.422,3.52,3.367,3.441,3177044.2
2020-02-26 12:00:00,3.443,3.686,3.365,3.528,8758919.38
2020-02-26 16:00:00,3.525,3.85,3.408,3.771,10821154.08
2020-02-26 20:00:00,3.774,3.781,3.55,3.564,3522282.01
2020-02-27 00:00:00,3.564,3.714,3.41,3.658,5598587.77
2020-02-27 04:00:00,3.656,3.731,3.603,3.687,2734908.58
2020-02-27 08:00:00,3.686,3.804,3.66,3.748,3919504.59
2020-02-27 12:00:00,3.748,3.847,3.72,3.83,3722432.37
2020-02-27 16:00:00,3.83,4.116,3.828,4.109,7135685.83
2020-02-27 20:00:00,4.109,4.112,3.855,3.956,5718437.49
2020-02-28 00:00:00,3.956,4.105,3.934,4.03,3383433.33
2020-02-28 04:00:00,4.031,4.044,3.856,3.921,3509639.42
2020-02-28 08:00:00,3.924,3.995,3.736,3.92,6798922.82
2020-02-28 12:00:00,3.924,4.083,3.787,4.062,7000610.81
2020-02-28 16:00:00,4.06,4.09,3.882,3.981,3376975.52
2020-02-28 20:00:00,3.98,4.246,3.974,4.161,5335302.74
2020-02-29 00:00:00,4.161,4.276,4.113,4.214,4126878.23
2020-02-29 04:00:00,4.213,4.333,4.208,4.273,3713176.93
2020-02-29 08:00:00,4.272,4.347,4.151,4.277,5504192.34
2020-02-29 12:00:00,4.276,4.281,4.128,4.208,4111298.71
2020-02-29 16:00:00,4.207,4.31,4.14,4.246,3611014.51
2020-02-29 20:00:00,4.244,4.301,4.052,4.062,3797543.15
2020-03-01 00:00:00,4.056,4.24,4.036,4.13,4100521.45
2020-03-01 04:00:00,4.132,4.15,3.987,4.006,3309544.81
2020-03-01 08:00:00,4.005,4.18,3.99,4.139,3425837.68
2020-03-01 12:00:00,4.138,4.199,3.936,3.954,5531374.14
2020-03-01 16:00:00,3.952,3.96,3.756,3.934,7125162.97
2020-03-01 20:00:00,3.938,3.948,3.801,3.858,4064680.18
2020-03-02 00:00:00,3.862,3.914,3.816,3.866,2674472.83
2020-03-02 04:00:00,3.867,4.1,3.863,4.008,4563602.41
2020-03-02 08:00:00,4.006,4.194,4.003,4.128,4991438.21
2020-03-02 12:00:00,4.128,4.297,4.076,4.295,5604149.85
2020-03-02 16:00:00,4.291,4.327,4.207,4.258,4718047.52
2020-03-02 20:00:00,4.26,4.283,4.177,4.242,2669553.01
2020-03-03 00:00:00,4.242,4.249,4.131,4.226,3669928.63
2020-03-03 04:00:00,4.227,4.273,4.154,4.199,2848377.14
2020-03-03 08:00:00,4.199,4.35,4.182,4.341,3013726.59
2020-03-03 12:00:00,4.344,4.45,4.305,4.366,9314548.62
2020-03-03 16:00:00,4.365,4.4,4.281,4.387,4487865.88
2020-03-03 20:00:00,4.386,4.68,4.359,4.591,8308709.98
2020-03-04 00:00:00,4.591,4.773,4.535,4.695,5523721.42
2020-03-04 04:00:00,4.693,4.846,4.688,4.74,5134167.04
2020-03-04 08:00:00,4.74,4.772,4.6,4.739,4622062.25
2020-03-04 12:00:00,4.74,4.953,4.66,4.74,12190022.31
2020-03-04 16:00:00,4.74,4.8,4.612,4.648,8082668.49
2020-03-04 20:00:00,4.648,4.778,4.562,4.635,6261545.4
2020-03-05 00:00:00,4.634,4.792,4.617,4.633,4722907.25
2020-03-05 04:00:00,4.634,4.784,4.634,4.756,3448611.85
2020-03-05 08:00:00,4.758,4.9,4.758,4.813,5707524.41
2020-03-05 12:00:00,4.814,4.855,4.701,4.778,5305974.4
2020-03-05 16:00:00,4.779,4.849,4.743,4.797,3695969.78
2020-03-05 20:00:00,4.8,4.8,4.629,4.707,4314086.5
2020-03-06 00:00:00,4.71,4.725,4.562,4.596,3690708.49
2020-03-06 04:00:00,4.596,4.728,4.538,4.675,4832725.58
2020-03-06 08:00:00,4.676,4.748,4.611,4.722,4077151.86
2020-03-06 12:00:00,4.72,4.72,4.573,4.58,4026158.22
2020-03-06 16:00:00,4.576,4.643,4.553,4.588,3427559.58
2020-03-06 20:00:00,4.589,4.695,4.588,4.683,2706133.14
2020-03-07 00:00:00,4.683,4.688,4.6,4.626,1855288.3
2020-03-07 04:00:00,4.625,4.673,4.595,4.625,2144822.77
2020-03-07 08:00:00,4.625,4.665,4.609,4.617,1652639.12
2020-03-07 12:00:00,4.618,4.652,4.5,4.54,5622211.3
2020-03-07 16:00:00,4.54,4.631,4.347,4.47,8653968.24
2020-03-07 20:00:00,4.47,4.475,4.31,4.342,3953717.42
2020-03-08 00:00:00,4.342,4.342,4.141,4.216,6863847.03
2020-03-08 04:00:00,4.218,4.29,4.188,4.289,3602557.93
2020-03-08 08:00:00,4.288,4.3,4.189,4.25,3717671.69
2020-03-08 12:00:00,4.251,4.285,3.91,4.028,9326650.58
2020-03-08 16:00:00,4.027,4.398,3.834,4.358,16746317.41
2020-03-08 20:00:00,4.359,4.376,3.964,4.059,8456715.09
2020-03-09 00:00:00,4.059,4.343,4.049,4.145,8134245.42
2020-03-09 04:00:00,4.142,4.348,4.03,4.212,8772258.62
2020-03-09 08:00:00,4.212,4.371,4.071,4.106,6494505.85
2020-03-09 12:00:00,4.106,4.2,3.6,3.892,16930508.32
2020-03-09 16:00:00,3.898,4.072,3.763,3.996,14868781.08
2020-03-09 20:00:00,3.996,4.124,3.874,4.12,6998806.36
2020-03-10 00:00:00,4.12,4.185,3.942,3.981,6365251.72
2020-03-10 04:00:00,3.982,4.124,3.957,3.978,3705390.77
2020-03-10 08:00:00,3.978,4.15,3.926,4.138,6608007.93
2020-03-10 12:00:00,4.136,4.2,3.915,3.933,9900293.56
2020-03-10 16:00:00,3.925,4.089,3.913,4.069,5471410.21
2020-03-10 20:00:00,4.069,4.138,4.034,4.08,4432906.32
2020-03-11 00:00:00,4.079,4.106,4.053,4.086,2327171.03
2020-03-11 04:00:00,4.087,4.109,3.96,3.999,3032052.06
2020-03-11 08:00:00,3.999,4.047,3.872,3.929,4794203.77
2020-03-11 12:00:00,3.931,3.936,3.65,3.723,7812219.1
2020-03-11 16:00:00,3.723,3.784,3.55,3.768,12118838.73
2020-03-11 20:00:00,3.77,3.85,3.684,3.815,5977214.94
2020-03-12 00:00:00,3.811,3.85,3.319,3.391,12440060.3
2020-03-12 04:00:00,3.391,3.391,3.018,3.146,12305956.11
2020-03-12 08:00:00,3.147,3.22,1.813,2.288,24997907.03
2020-03-12 12:00:00,2.289,2.634,2.112,2.573,16021506.0
2020-03-12 16:00:00,2.566,2.763,2.406,2.573,14655196.64
2020-03-12 20:00:00,2.581,2.595,1.75,1.993,18462777.07
2020-03-13 00:00:00,1.99,2.369,1.364,2.121,19040011.14
2020-03-13 04:00:00,2.119,2.259,1.765,2.216,9112197.72
2020-03-13 08:00:00,2.216,2.479,2.094,2.257,8963661.01
2020-03-13 12:00:00,2.26,2.747,2.011,2.222,16314453.52
2020-03-13 16:00:00,2.229,2.412,1.939,2.311,13160695.27
2020-03-13 20:00:00,2.312,2.566,2.2,2.426,8089120.78
2020-03-14 00:00:00,2.427,2.514,2.287,2.453,6090487.07
2020-03-14 04:00:00,2.451,2.452,2.323,2.421,3629757.62
2020-03-14 08:00:00,2.421,2.427,2.174,2.336,6989403.41
2020-03-14 12:00:00,2.337,2.337,2.218,2.242,4318047.63
2020-03-14 16:00:00,2.242,2.361,2.213,2.316,5328824.32
2020-03-14 20:00:00,2.317,2.343,2.051,2.129,5971952.41
2020-03-15 00:00:00,2.128,2.194,2.088,2.118,3391682.85
2020-03-15 04:00:00,2.118,2.191,2.114,2.142,2335852.14
2020-03-15 08:00:00,2.144,2.25,2.055,2.214,5378475.6
2020-03-15 12:00:00,2.216,2.29,2.109,2.144,5182577.73
2020-03-15 16:00:00,2.144,2.147,2.078,2.109,2909959.96
2020-03-15 20:00:00,2.109,2.401,2.005,2.086,9841474.85
2020-03-16 00:00:00,2.086,2.086,1.98,2.006,3691539.52
2020-03-16 04:00:00,2.002,2.006,1.673,1.679,9425865.6
2020-03-16 08:00:00,1.678,1.801,1.53,1.59,15229346.97
2020-03-16 12:00:00,1.59,1.894,1.556,1.864,20134573.98
2020-03-16 16:00:00,1.864,1.889,1.682,1.739,9459346.84
2020-03-16 20:00:00,1.736,1.799,1.667,1.785,5248913.47
2020-03-17 00:00:00,1.783,1.983,1.728,1.929,7255788.12
2020-03-17 04:00:00,1.929,2.071,1.87,2.019,6531569.49
2020-03-17 08:00:00,2.017,2.058,1.882,1.944,5743940.64
2020-03-17 12:00:00,1.946,2.005,1.794,1.986,9457553.82
2020-03-17 16:00:00,1.986,2.056,1.915,1.958,5944066.73
2020-03-17 20:00:00,1.958,1.997,1.853,1.861,4321911.34
2020-03-18 00:00:00,1.861,1.933,1.85,1.909,4080418.65
2020-03-18 04:00:00,1.908,1.939,1.78,1.82,4998511.23
2020-03-18 08:00:00,1.819,1.846,1.756,1.827,5984499.5
2020-03-18 12:00:00,1.827,1.934,1.76,1.877,6953413.3
2020-03-18 16:00:00,1.877,1.884,1.813,1.87,3254419.27
2020-03-18 20:00:00,1.87,1.96,1.867,1.948,3873802.66
2020-03-19 00:00:00,1.949,1.994,1.885,1.901,3073724.7
2020-03-19 04:00:00,1.901,1.98,1.896,1.968,2763576.95
2020-03-19 08:00:00,1.968,2.099,1.951,2.089,6305605.67
2020-03-19 12:00:00,2.088,2.239,2.076,2.178,11902803.47
2020-03-19 16:00:00,2.181,2.329,2.151,2.242,10071028.45
2020-03-19 20:00:00,2.242,2.385,2.213,2.241,4510567.96
2020-03-20 00:00:00,2.241,2.317,2.198,2.22,3042967.58
2020-03-20 04:00:00,2.22,2.363,2.204,2.343,3620564.18
2020-03-20 08:00:00,2.344,2.629,2.337,2.473,11405376.99
2020-03-20 12:00:00,2.473,2.594,2.326,2.496,10222900.9
2020-03-20 16:00:00,2.497,2.527,2.265,2.283,7436932.21
2020-03-20 20:00:00,2.283,2.373,2.01,2.26,10917925.33
2020-03-21 00:00:00,2.26,2.376,2.19,2.28,4079245.5
2020-03-21 04:00:00,2.281,2.299,2.148,2.207,2654790.35
2020-03-21 08:00:00,2.208,2.219,2.1,2.199,3792847.45
2020-03-21 12:00:00,2.2,2.268,2.174,2.256,4063149.26
2020-03-21 16:00:00,2.256,2.287,2.179,2.257,3134083.42
2020-03-21 20:00:00,2.257,2.346,2.211,2.28,3331576.3
2020-03-22 00:00:00,2.281,2.328,2.216,2.319,2222305.71
2020-03-22 04:00:00,2.319,2.33,2.265,2.274,1603141.28
2020-03-22 08:00:00,2.273,2.285,2.192,2.203,2457613.36
2020-03-22 12:00:00,2.204,2.204,2.046,2.115,4749521.45
2020-03-22 16:00:00,2.115,2.132,1.997,2.002,3819783.51
2020-03-22 20:00:00,2.0,2.133,1.925,1.981,5568997.02
2020-03-23 00:00:00,1.984,2.052,1.926,2.029,3281949.31
2020-03-23 04:00:00,2.028,2.049,1.973,1.989,1697136.28
2020-03-23 08:00:00,1.988,2.028,1.934,2.0,2606634.52
2020-03-23 12:00:00,2.0,2.283,1.998,2.122,10954424.19
2020-03-23 16:00:00,2.124,2.19,2.123,2.142,2920614.83
2020-03-23 20:00:00,2.142,2.269,2.14,2.245,3196981.92
2020-03-24 00:00:00,2.246,2.295,2.211,2.214,2977157.77
2020-03-24 04:00:00,2.214,2.27,2.19,2.262,2278730.09
2020-03-24 08:00:00,2.262,2.373,2.262,2.336,4853835.55
2020-03-24 12:00:00,2.336,2.338,2.226,2.275,4405597.3
2020-03-24 16:00:00,2.274,2.344,2.248,2.324,2769722.09
2020-03-24 20:00:00,2.324,2.343,2.262,2.311,2216666.69
2020-03-25 00:00:00,2.31,2.322,2.233,2.238,2236321.03
2020-03-25 04:00:00,2.238,2.284,2.222,2.256,1707527.04
2020-03-25 08:00:00,2.255,2.352,2.179,2.211,4718275.38
2020-03-25 12:00:00,2.211,2.304,2.203,2.244,2892698.75
2020-03-25 16:00:00,2.244,2.276,2.228,2.242,1360005.95
2020-03-25 20:00:00,2.24,2.264,2.214,2.254,1198072.66
2020-03-26 00:00:00,2.256,2.279,2.234,2.265,805150.8
2020-03-26 04:00:00,2.264,2.287,2.225,2.261,1569739.79
2020-03-26 08:00:00,2.262,2.273,2.239,2.247,872985.85
2020-03-26 12:00:00,2.246,2.265,2.202,2.236,1835286.24
2020-03-26 16:00:00,2.238,2.256,2.22,2.237,986507.61
2020-03-26 20:00:00,2.236,2.313,2.234,2.313,2420000.21
2020-03-27 00:00:00,2.311,2.362,2.302,2.325,1773016.15
2020-03-27 04:00:00,2.326,2.343,2.275,2.308,1111939.07
2020-03-27 08:00:00,2.308,2.309,2.254,2.266,1203573.36
2020-03-27 12:00:00,2.264,2.293,2.228,2.249,1856705.93
2020-03-27 16:00:00,2.249,2.268,2.231,2.247,1112243.6
2020-03-27 20:00:00,2.246,2.263,2.1,2.131,1358809.66
2020-03-28 00:00:00,2.131,2.151,2.038,2.064,3442171.03
2020-03-28 04:00:00,2.065,2.099,2.053,2.082,1459678.61
2020-03-28 08:00:00,2.082,2.124,2.073,2.093,1564355.27
2020-03-28 12:00:00,2.093,2.106,2.064,2.09,1652813.99
2020-03-28 16:00:00,2.089,2.122,2.044,2.113,3313894.19
2020-03-28 20:00:00,2.112,2.149,2.09,2.131,2492272.31
2020-03-29 00:00:00,2.13,2.147,2.094,2.106,1324167.42
2020-03-29 04:00:00,2.106,2.118,2.092,2.113,902800.7
2020-03-29 08:00:00,2.113,2.115,2.072,2.092,1213050.42
2020-03-29 12:00:00,2.094,2.113,2.071,2.103,1447442.85
2020-03-29 16:00:00,2.103,2.117,2.016,2.025,2271274.5
2020-03-29 20:00:00,2.024,2.051,2.002,2.006,1822944.24
2020-03-30 00:00:00,2.006,2.055,2.002,2.048,900807.07
2020-03-30 04:00:00,2.047,2.124,2.045,2.109,2711285.14
2020-03-30 08:00:00,2.108,2.156,2.101,2.142,1476001.96
2020-03-30 12:00:00,2.141,2.162,2.116,2.135,2405124.57
2020-03-30 16:00:00,2.134,2.16,2.123,2.158,1227654.14
2020-03-30 20:00:00,2.16,2.197,2.128,2.134,2558282.05
2020-03-31 00:00:00,2.133,2.16,2.118,2.131,1223703.27
2020-03-31 04:00:00,2.132,2.148,2.12,2.144,819445.85
2020-03-31 08:00:00,2.145,2.167,2.114,2.123,1293379.37
2020-03-31 12:00:00,2.125,2.183,2.108,2.175,2022929.1
2020-03-31 16:00:00,2.175,2.245,2.16,2.24,1800865.92
2020-03-31 20:00:00,2.241,2.3,2.232,2.259,3011508.04
2020-04-01 00:00:00,2.261,2.289,2.203,2.24,3003354.67
2020-04-01 04:00:00,2.241,2.268,2.206,2.261,1848935.56
2020-04-01 08:00:00,2.263,2.284,2.225,2.252,3077848.23
2020-04-01 12:00:00,2.252,2.27,2.194,2.2,2975255.34
2020-04-01 16:00:00,2.201,2.201,2.142,2.165,2994977.38
2020-04-01 20:00:00,2.165,2.31,2.159,2.276,4547142.95
2020-04-02 00:00:00,2.276,2.309,2.256,2.274,1698207.01
2020-04-02 04:00:00,2.274,2.316,2.256,2.283,2013984.12
2020-04-02 08:00:00,2.285,2.326,2.278,2.326,2284759.61
2020-04-02 12:00:00,2.326,2.35,2.28,2.342,4366819.5
2020-04-02 16:00:00,2.342,2.456,2.282,2.324,6926452.76
2020-04-02 20:00:00,2.325,2.326,2.259,2.294,1993719.92
2020-04-03 00:00:00,2.293,2.329,2.282,2.309,1117674.04
2020-04-03 04:00:00,2.31,2.358,2.289,2.345,1566296.19
2020-04-03 08:00:00,2.344,2.384,2.324,2.372,2076350.0
2020-04-03 12:00:00,2.372,2.372,2.285,2.304,2497632.55
2020-04-03 16:00:00,2.304,2.335,2.267,2.33,1664153.63
2020-04-03 20:00:00,2.329,2.338,2.288,2.301,770622.5
2020-04-04 00:00:00,2.3,2.316,2.256,2.267,852947.09
2020-04-04 04:00:00,2.267,2.285,2.257,2.277,736306.31
2020-04-04 08:00:00,2.276,2.321,2.253,2.271,2128486.3
2020-04-04 12:00:00,2.272,2.293,2.254,2.284,1053182.02
2020-04-04 16:00:00,2.284,2.304,2.27,2.278,907973.18
2020-04-04 20:00:00,2.278,2.342,2.266,2.315,2229518.34
2020-04-05 00:00:00,2.316,2.323,2.291,2.292,808067.17
2020-04-05 04:00:00,2.292,2.3,2.274,2.288,719557.85
2020-04-05 08:00:00,2.286,2.302,2.275,2.28,872048.3
2020-04-05 12:00:00,2.28,2.295,2.273,2.287,613490.66
2020-04-05 16:00:00,2.289,2.29,2.242,2.28,1239217.08
2020-04-05 20:00:00,2.28,2.283,2.251,2.264,704329.59
2020-04-06 00:00:00,2.264,2.302,2.264,2.302,745283.19
2020-04-06 04:00:00,2.301,2.357,2.301,2.352,1834371.92
2020-04-06 08:00:00,2.353,2.4,2.351,2.382,1722738.27
2020-04-06 12:00:00,2.382,2.435,2.38,2.431,2729452.97
2020-04-06 16:00:00,2.431,2.524,2.42,2.487,3980614.53
2020-04-06 20:00:00,2.488,2.564,2.425,2.55,2773304.79
2020-04-07 00:00:00,2.55,2.686,2.547,2.623,6282522.98
2020-04-07 04:00:00,2.621,2.732,2.575,2.724,3055605.95
2020-04-07 08:00:00,2.727,2.88,2.693,2.804,9044274.58
2020-04-07 12:00:00,2.804,2.867,2.702,2.814,8421733.02
2020-04-07 16:00:00,2.814,2.911,2.767,2.774,7640077.56
2020-04-07 20:00:00,2.774,2.777,2.635,2.729,8564055.71
2020-04-08 00:00:00,2.73,2.855,2.709,2.83,4824556.99
2020-04-08 04:00:00,2.831,2.923,2.793,2.858,5513888.76
2020-04-08 08:00:00,2.86,2.873,2.783,2.822,4901451.01
2020-04-08 12:00:00,2.821,2.89,2.79,2.876,4198289.85
2020-04-08 16:00:00,2.878,3.033,2.856,3.005,7771284.56
2020-04-08 20:00:00,3.008,3.27,3.006,3.171,15269773.3
2020-04-09 00:00:00,3.17,3.225,3.123,3.171,6378631.13
2020-04-09 04:00:00,3.17,3.375,3.122,3.348,8348479.63
2020-04-09 08:00:00,3.347,3.394,3.231,3.262,14753988.32
2020-04-09 12:00:00,3.262,3.48,3.149,3.394,17749191.3
2020-04-09 16:00:00,3.396,3.419,3.261,3.321,9782632.62
2020-04-09 20:00:00,3.324,3.388,3.307,3.313,4239357.71
2020-04-10 00:00:00,3.312,3.324,3.117,3.158,7588094.51
2020-04-10 04:00:00,3.156,3.177,2.943,3.013,16782503.27
2020-04-10 08:00:00,3.013,3.118,2.95,3.042,9734197.4
2020-04-10 12:00:00,3.041,3.083,2.941,2.99,10529305.19
2020-04-10 16:00:00,2.99,3.315,2.98,3.262,18948666.78
2020-04-10 20:00:00,3.262,3.276,3.176,3.22,6896486.44
2020-04-11 00:00:00,3.218,3.387,3.185,3.337,8713486.88
2020-04-11 04:00:00,3.338,3.434,3.314,3.344,9412021.25
2020-04-11 08:00:00,3.345,3.356,3.19,3.298,10496309.08
2020-04-11 12:00:00,3.298,3.326,3.192,3.237,8211840.12
2020-04-11 16:00:00,3.236,3.263,3.11,3.135,12017239.42
2020-04-11 20:00:00,3.136,3.315,3.06,3.286,15773427.58
2020-04-12 00:00:00,3.286,3.355,3.203,3.211,7306786.66
2020-04-12 04:00:00,3.211,3.26,3.165,3.212,6465985.23
2020-04-12 08:00:00,3.211,3.3,3.211,3.269,6070313.43
2020-04-12 12:00:00,3.268,3.416,3.267,3.411,12191555.24
2020-04-12 16:00:00,3.41,3.638,3.408,3.557,23537974.1
2020-04-12 20:00:00,3.557,3.594,3.404,3.414,12182533.67
2020-04-13 00:00:00,3.411,3.415,3.185,3.308,13804157.04
2020-04-13 04:00:00,3.305,3.459,3.28,3.375,8900863.94
2020-04-13 08:00:00,3.373,3.45,3.273,3.408,11330076.28
2020-04-13 12:00:00,3.408,3.419,3.26,3.383,11378281.44
2020-04-13 16:00:00,3.381,3.415,3.313,3.375,6294296.45
2020-04-13 20:00:00,3.376,3.439,3.331,3.365,6927505.32
2020-04-14 00:00:00,3.366,3.413,3.346,3.407,3815598.15
2020-04-14 04:00:00,3.408,3.443,3.315,3.333,5078760.59
2020-04-14 08:00:00,3.333,3.352,3.287,3.335,6581082.62
2020-04-14 12:00:00,3.335,3.423,3.315,3.364,7363958.05
2020-04-14 16:00:00,3.365,3.42,3.343,3.359,4413825.57
2020-04-14 20:00:00,3.358,3.36,3.201,3.249,9138839.69
2020-04-15 00:00:00,3.248,3.287,3.176,3.279,5376453.84
2020-04-15 04:00:00,3.279,3.3,3.253,3.275,3978083.58
2020-04-15 08:00:00,3.275,3.278,3.183,3.223,5860186.99
2020-04-15 12:00:00,3.225,3.225,3.1,3.129,9366220.42
2020-04-15 16:00:00,3.126,3.272,3.11,3.215,7338556.9
2020-04-15 20:00:00,3.213,3.262,3.114,3.119,7158868.62
2020-04-16 00:00:00,3.12,3.12,2.96,3.096,11293915.21
2020-04-16 04:00:00,3.097,3.28,3.075,3.218,7500763.6
2020-04-16 08:00:00,3.215,3.427,3.212,3.342,9283322.22
2020-04-16 12:00:00,3.342,3.4,3.308,3.393,6708468.45
2020-04-16 16:00:00,3.39,3.42,3.335,3.402,5154737.69
2020-04-16 20:00:00,3.4,3.58,3.352,3.486,7993962.3
2020-04-17 00:00:00,3.487,3.509,3.426,3.481,4105731.67
2020-04-17 04:00:00,3.48,3.48,3.38,3.425,4074818.13
2020-04-17 08:00:00,3.426,3.497,3.414,3.45,4033115.88
2020-04-17 12:00:00,3.45,3.477,3.418,3.442,3652040.65
2020-04-17 16:00:00,3.442,3.483,3.434,3.48,2492970.93
2020-04-17 20:00:00,3.479,3.535,3.437,3.454,4501370.5
2020-04-18 00:00:00,3.453,3.54,3.443,3.511,3975771.65
2020-04-18 04:00:00,3.51,3.549,3.507,3.531,1961417.77
2020-04-18 08:00:00,3.531,3.581,3.52,3.563,4421309.15
2020-04-18 12:00:00,3.56,3.72,3.548,3.705,9120239.73
2020-04-18 16:00:00,3.705,3.72,3.635,3.682,4890423.64
2020-04-18 20:00:00,3.682,3.837,3.676,3.782,8307256.36
2020-04-19 00:00:00,3.782,3.809,3.725,3.77,4640099.86
2020-04-19 04:00:00,3.771,3.798,3.6,3.668,7525761.02
2020-04-19 08:00:00,3.669,3.69,3.619,3.673,4294493.59
2020-04-19 12:00:00,3.672,3.683,3.512,3.582,7754042.66
2020-04-19 16:00:00,3.584,3.69,3.563,3.626,5366872.16
2020-04-19 20:00:00,3.626,3.687,3.586,3.588,4946865.57
2020-04-20 00:00:00,3.588,3.758,3.547,3.753,6246565.28
2020-04-20 04:00:00,3.752,3.795,3.708,3.727,4421906.15
2020-04-20 08:00:00,3.728,3.736,3.563,3.564,7917145.48
2020-04-20 12:00:00,3.566,3.693,3.533,3.659,7969416.51
2020-04-20 16:00:00,3.66,3.677,3.368,3.392,14205766.28
2020-04-20 20:00:00,3.392,3.519,3.371,3.431,7588942.68
2020-04-21 00:00:00,3.431,3.549,3.411,3.493,5711758.41
2020-04-21 04:00:00,3.493,3.57,3.484,3.543,3491614.68
2020-04-21 08:00:00,3.544,3.558,3.379,3.414,7937889.0
2020-04-21 12:00:00,3.416,3.499,3.405,3.456,6615435.28
2020-04-21 16:00:00,3.456,3.526,3.438,3.512,6415405.22
2020-04-21 20:00:00,3.512,3.522,3.441,3.457,3233823.25
2020-04-22 00:00:00,3.457,3.492,3.429,3.466,3965816.28
2020-04-22 04:00:00,3.467,3.629,3.454,3.595,5236702.8
2020-04-22 08:00:00,3.595,3.626,3.565,3.62,4279517.07
2020-04-22 12:00:00,3.62,3.686,3.587,3.669,6718578.33
2020-04-22 16:00:00,3.668,3.688,3.616,3.634,4657125.48
2020-04-22 20:00:00,3.634,3.685,3.627,3.676,2382500.32
2020-04-23 00:00:00,3.676,3.734,3.639,3.641,4470535.59
2020-04-23 04:00:00,3.642,3.679,3.594,3.633,4126429.37
2020-04-23 08:00:00,3.633,3.69,3.617,3.68,3309676.74
2020-04-23 12:00:00,3.68,3.937,3.676,3.838,10620396.45
2020-04-23 16:00:00,3.837,3.868,3.797,3.821,3950399.99
2020-04-23 20:00:00,3.821,3.864,3.728,3.761,4445310.01
2020-04-24 00:00:00,3.762,3.895,3.746,3.877,4225222.7
2020-04-24 04:00:00,3.879,3.892,3.811,3.872,3338735.88
2020-04-24 08:00:00,3.873,3.883,3.787,3.791,4270429.98
2020-04-24 12:00:00,3.791,3.834,3.74,3.825,3629168.06
2020-04-24 16:00:00,3.825,3.831,3.784,3.805,2211582.32
2020-04-24 20:00:00,3.805,3.833,3.774,3.78,2043968.34
2020-04-25 00:00:00,3.78,3.787,3.747,3.779,1650010.88
2020-04-25 04:00:00,3.778,3.858,3.767,3.825,2171587.41
2020-04-25 08:00:00,3.823,3.842,3.782,3.807,2194682.88
2020-04-25 12:00:00,3.804,3.913,3.795,3.814,5129472.53
2020-04-25 16:00:00,3.812,3.845,3.788,3.815,2614808.86
2020-04-25 20:00:00,3.816,3.827,3.748,3.79,2086539.95
2020-04-26 00:00:00,3.79,3.814,3.773,3.79,1524109.62
2020-04-26 04:00:00,3.79,3.79,3.617,3.713,4847014.62
2020-04-26 08:00:00,3.713,3.818,3.692,3.789,4552996.17
2020-04-26 12:00:00,3.79,3.819,3.675,3.71,5253996.91
2020-04-26 16:00:00,3.708,3.755,3.702,3.748,2687410.17
2020-04-26 20:00:00,3.749,3.75,3.667,3.723,3306592.4
2020-04-27 00:00:00,3.723,3.743,3.686,3.691,3388427.29
2020-04-27 04:00:00,3.69,3.707,3.541,3.629,5002218.21
2020-04-27 08:00:00,3.63,3.641,3.57,3.617,3445328.67
2020-04-27 12:00:00,3.618,3.622,3.461,3.483,7472781.89
2020-04-27 16:00:00,3.483,3.59,3.473,3.567,4004508.37
2020-04-27 20:00:00,3.567,3.656,3.539,3.636,3694908.76
2020-04-28 00:00:00,3.637,3.645,3.581,3.64,2804433.94
2020-04-28 04:00:00,3.639,3.648,3.557,3.62,3198931.09
2020-04-28 08:00:00,3.62,3.712,3.589,3.694,3820892.68
2020-04-28 12:00:00,3.693,3.74,3.643,3.667,4262955.33
2020-04-28 16:00:00,3.668,3.71,3.64,3.651,2255582.95
2020-04-28 20:00:00,3.651,3.677,3.612,3.648,2811050.15
2020-04-29 00:00:00,3.646,3.695,3.633,3.645,2758164.15
2020-04-29 04:00:00,3.645,3.715,3.645,3.705,3633293.25
2020-04-29 08:00:00,3.706,3.795,3.688,3.748,5612731.34
2020-04-29 12:00:00,3.749,3.797,3.74,3.786,4555672.72
2020-04-29 16:00:00,3.785,3.889,3.705,3.879,10235060.22
2020-04-29 20:00:00,3.88,4.019,3.843,3.895,9272194.1
2020-04-30 00:00:00,3.896,3.987,3.871,3.978,4957026.03
2020-04-30 04:00:00,3.978,3.978,3.771,3.858,6256106.83
2020-04-30 08:00:00,3.858,3.87,3.628,3.729,8422401.31
2020-04-30 12:00:00,3.728,3.781,3.685,3.712,4133428.08
2020-04-30 16:00:00,3.712,3.777,3.635,3.763,5593279.89
2020-04-30 20:00:00,3.762,3.774,3.697,3.709,2163676.29
2020-05-01 00:00:00,3.708,3.83,3.705,3.808,2488908.14
2020-05-01 04:00:00,3.808,3.921,3.808,3.888,4248536.99
2020-05-01 08:00:00,3.888,3.908,3.855,3.866,3428056.38
2020-05-01 12:00:00,3.866,3.871,3.788,3.791,4017395.39
2020-05-01 16:00:00,3.791,3.82,3.763,3.78,2240995.51
2020-05-01 20:00:00,3.779,3.806,3.751,3.764,2256174.39
2020-05-02 00:00:00,3.764,3.802,3.731,3.763,1799714.5
2020-05-02 04:00:00,3.763,3.792,3.744,3.768,1081545.0
2020-05-02 08:00:00,3.767,3.828,3.756,3.823,2048485.1
2020-05-02 12:00:00,3.824,3.849,3.803,3.828,2484290.32
2020-05-02 16:00:00,3.828,3.872,3.814,3.849,2741741.27
2020-05-02 20:00:00,3.848,3.86,3.798,3.819,1550304.05
2020-05-03 00:00:00,3.818,3.874,3.818,3.852,1781147.38
2020-05-03 04:00:00,3.853,3.856,3.74,3.783,1774503.55
2020-05-03 08:00:00,3.783,3.816,3.768,3.776,1186155.52
2020-05-03 12:00:00,3.776,3.783,3.639,3.673,3665378.31
2020-05-03 16:00:00,3.674,3.709,3.643,3.69,1748458.51
2020-05-03 20:00:00,3.692,3.756,3.678,3.716,1636971.96
2020-05-04 00:00:00,3.715,3.73,3.578,3.634,3034364.92
2020-05-04 04:00:00,3.634,3.637,3.515,3.569,3182650.65
2020-05-04 08:00:00,3.572,3.588,3.506,3.544,2262571.38
2020-05-04 12:00:00,3.545,3.8,3.534,3.779,8637280.07
2020-05-04 16:00:00,3.778,3.834,3.734,3.776,4395948.09
2020-05-04 20:00:00,3.775,3.798,3.722,3.753,2637140.2
2020-05-05 00:00:00,3.753,3.793,3.739,3.768,1872919.17
2020-05-05 04:00:00,3.768,3.827,3.738,3.747,2614894.55
2020-05-05 08:00:00,3.747,3.775,3.658,3.696,3441013.07
2020-05-05 12:00:00,3.696,3.759,3.674,3.705,2146737.87
2020-05-05 16:00:00,3.706,3.735,3.682,3.7,1192912.49
2020-05-05 20:00:00,3.699,3.724,3.677,3.685,1221085.44
2020-05-06 00:00:00,3.685,3.749,3.623,3.712,2383614.2
2020-05-06 04:00:00,3.714,3.769,3.713,3.738,1590303.36
2020-05-06 08:00:00,3.738,3.763,3.707,3.744,2398575.07
2020-05-06 12:00:00,3.744,3.754,3.693,3.706,1947466.51
2020-05-06 16:00:00,3.706,3.722,3.657,3.668,1459654.25
2020-05-06 20:00:00,3.667,3.696,3.572,3.595,2321074.67
2020-05-07 00:00:00,3.595,3.655,3.566,3.625,1805531.39
2020-05-07 04:00:00,3.626,3.641,3.583,3.613,1046806.9
2020-05-07 08:00:00,3.614,3.664,3.599,3.606,1528439.96
2020-05-07 12:00:00,3.607,3.661,3.58,3.618,3123041.56
2020-05-07 16:00:00,3.618,3.858,3.598,3.781,8087266.87
2020-05-07 20:00:00,3.781,3.82,3.737,3.764,2699939.39
2020-05-08 00:00:00,3.765,3.859,3.764,3.804,2858057.55
2020-05-08 04:00:00,3.805,3.818,3.727,3.792,2246723.18
2020-05-08 08:00:00,3.792,3.802,3.75,3.773,1225500.0
2020-05-08 12:00:00,3.773,3.774,3.693,3.743,2228132.75
2020-05-08 16:00:00,3.743,3.855,3.743,3.793,3636318.48
2020-05-08 20:00:00,3.793,3.864,3.765,3.801,2940071.43
2020-05-09 00:00:00,3.803,3.905,3.766,3.885,3488437.55
2020-05-09 04:00:00,3.886,3.982,3.842,3.957,4796725.16
2020-05-09 08:00:00,3.956,4.177,3.943,4.095,9463758.58
2020-05-09 12:00:00,4.095,4.211,4.078,4.196,6867001.96
2020-05-09 16:00:00,4.197,4.225,4.057,4.108,6207305.62
2020-05-09 20:00:00,4.108,4.137,4.016,4.023,4392431.32
2020-05-10 00:00:00,4.022,4.029,3.409,3.666,15267532.27
2020-05-10 04:00:00,3.664,3.842,3.595,3.8,4978945.96
2020-05-10 08:00:00,3.8,3.845,3.731,3.77,3332269.75
2020-05-10 12:00:00,3.77,3.84,3.741,3.799,2594538.6
2020-05-10 16:00:00,3.799,3.819,3.58,3.683,4995005.48
2020-05-10 20:00:00,3.683,3.8,3.681,3.761,2891555.29
2020-05-11 00:00:00,3.762,3.838,3.756,3.791,1828264.66
2020-05-11 04:00:00,3.791,3.82,3.741,3.756,1866764.63
2020-05-11 08:00:00,3.756,3.784,3.672,3.759,3568689.66
2020-05-11 12:00:00,3.759,3.795,3.661,3.679,3156046.62
2020-05-11 16:00:00,3.678,3.694,3.288,3.584,8921512.49
2020-05-11 20:00:00,3.587,3.618,3.5,3.587,2962210.3
2020-05-12 00:00:00,3.588,3.698,3.544,3.66,2753874.48
2020-05-12 04:00:00,3.66,3.747,3.635,3.683,2311744.47
2020-05-12 08:00:00,3.682,3.774,3.676,3.771,3001163.06
2020-05-12 12:00:00,3.772,3.799,3.689,3.77,3095429.16
2020-05-12 16:00:00,3.77,3.787,3.703,3.713,1621242.19
2020-05-12 20:00:00,3.713,3.741,3.663,3.698,1882899.24
2020-05-13 00:00:00,3.698,3.744,3.656,3.718,1445818.4
2020-05-13 04:00:00,3.718,3.732,3.657,3.667,1352593.56
2020-05-13 08:00:00,3.667,3.74,3.633,3.72,1502827.84
2020-05-13 12:00:00,3.722,3.778,3.708,3.778,1967344.06
2020-05-13 16:00:00,3.778,3.784,3.692,3.73,1840916.31
2020-05-13 20:00:00,3.73,3.822,3.716,3.768,2210092.17
2020-05-14 00:00:00,3.768,3.806,3.731,3.746,1272289.96
2020-05-14 04:00:00,3.745,3.77,3.695,3.748,1449318.17
2020-05-14 08:00:00,3.749,3.865,3.73,3.81,3714690.02
2020-05-14 12:00:00,3.812,3.818,3.766,3.812,1611547.13
2020-05-14 16:00:00,3.812,3.848,3.744,3.84,2094246.91
2020-05-14 20:00:00,3.841,3.858,3.802,3.81,1554835.77
2020-05-15 00:00:00,3.811,3.837,3.746,3.786,1641840.68
2020-05-15 04:00:00,3.785,3.803,3.75,3.793,1024838.37
2020-05-15 08:00:00,3.793,3.8,3.743,3.773,1007284.38
2020-05-15 12:00:00,3.773,3.794,3.716,3.742,1445423.4
2020-05-15 16:00:00,3.742,3.763,3.694,3.703,1392375.05
2020-05-15 20:00:00,3.703,3.707,3.62,3.665,2048819.59
2020-05-16 00:00:00,3.664,3.74,3.62,3.705,1583697.51
2020-05-16 04:00:00,3.704,3.747,3.683,3.688,856051.47
2020-05-16 08:00:00,3.686,3.725,3.679,3.706,710538.61
2020-05-16 12:00:00,3.705,3.73,3.682,3.694,681128.95
2020-05-16 16:00:00,3.695,3.786,3.687,3.765,1960850.45
2020-05-16 20:00:00,3.768,3.79,3.756,3.763,837365.66
2020-05-17 00:00:00,3.763,3.795,3.755,3.782,756407.51
2020-05-17 04:00:00,3.785,3.846,3.769,3.833,1179226.57
2020-05-17 08:00:00,3.833,3.835,3.787,3.803,754605.58
2020-05-17 12:00:00,3.801,3.855,3.794,3.833,1687131.36
2020-05-17 16:00:00,3.836,3.842,3.771,3.792,1259069.59
2020-05-17 20:00:00,3.794,3.81,3.771,3.783,827749.48
2020-05-18 00:00:00,3.781,3.931,3.78,3.903,2474402.21
2020-05-18 04:00:00,3.904,3.957,3.866,3.928,2234766.9
2020-05-18 08:00:00,3.928,3.95,3.844,3.882,2236820.7
2020-05-18 12:00:00,3.88,3.932,3.868,3.91,1345303.8
2020-05-18 16:00:00,3.909,3.922,3.862,3.879,1133007.62
2020-05-18 20:00:00,3.88,3.895,3.856,3.891,806273.21
2020-05-19 00:00:00,3.891,3.894,3.777,3.783,1803442.9
2020-05-19 04:00:00,3.784,3.895,3.783,3.847,1541245.19
2020-05-19 08:00:00,3.847,3.906,3.846,3.87,1325746.69
2020-05-19 12:00:00,3.871,3.876,3.83,3.866,1196236.91
2020-05-19 16:00:00,3.868,3.895,3.858,3.863,807055.38
2020-05-19 20:00:00,3.863,3.954,3.856,3.947,1679445.78
2020-05-20 00:00:00,3.946,4.085,3.942,4.038,3916212.32
2020-05-20 04:00:00,4.036,4.08,4.002,4.063,2496884.04
2020-05-20 08:00:00,4.063,4.125,4.045,4.058,2793291.5
2020-05-20 12:00:00,4.059,4.14,3.894,3.944,5413262.51
2020-05-20 16:00:00,3.944,4.08,3.903,4.047,4254374.25
2020-05-20 20:00:00,4.048,4.097,4.041,4.086,1854858.8
2020-05-21 00:00:00,4.086,4.175,4.069,4.1,3625048.25
2020-05-21 04:00:00,4.1,4.12,4.005,4.038,2560415.42
2020-05-21 08:00:00,4.038,4.086,3.983,4.051,3230314.19
2020-05-21 12:00:00,4.052,4.056,3.79,3.872,7578098.4
2020-05-21 16:00:00,3.872,3.928,3.74,3.873,5053746.92
2020-05-21 20:00:00,3.873,3.893,3.811,3.831,1546506.3
2020-05-22 00:00:00,3.83,3.885,3.8,3.813,2120402.95
2020-05-22 04:00:00,3.817,3.925,3.805,3.901,2027516.67
2020-05-22 08:00:00,3.904,3.982,3.89,3.969,2208362.94
2020-05-22 12:00:00,3.97,4.05,3.94,4.047,3758376.83
2020-05-22 16:00:00,4.047,4.146,4.036,4.083,4450702.97
2020-05-22 20:00:00,4.081,4.11,4.04,4.061,1947875.3
2020-05-23 00:00:00,4.061,4.107,4.026,4.047,1788845.08
2020-05-23 04:00:00,4.047,4.065,3.968,4.036,2389989.25
2020-05-23 08:00:00,4.034,4.035,3.925,3.977,2228141.62
2020-05-23 12:00:00,3.977,3.984,3.91,3.965,1959769.76
2020-05-23 16:00:00,3.965,3.995,3.923,3.992,1416765.57
2020-05-23 20:00:00,3.992,4.036,3.922,3.929,2469223.02
2020-05-24 00:00:00,3.929,3.989,3.915,3.977,1473500.94
2020-05-24 04:00:00,3.977,4.021,3.976,3.998,1617195.65
2020-05-24 08:00:00,4.001,4.03,3.935,3.937,2031200.72
2020-05-24 12:00:00,3.936,3.96,3.859,3.866,2644649.79
2020-05-24 16:00:00,3.865,3.934,3.82,3.927,2975044.02
2020-05-24 20:00:00,3.926,3.957,3.786,3.79,2322519.76
2020-05-25 00:00:00,3.794,3.861,3.77,3.826,1685917.23
2020-05-25 04:00:00,3.828,3.895,3.811,3.894,1273131.44
2020-05-25 08:00:00,3.895,3.905,3.826,3.851,1867678.1
2020-05-25 12:00:00,3.851,3.882,3.828,3.848,1114915.86
2020-05-25 16:00:00,3.848,3.909,3.843,3.886,1246915.82
2020-05-25 20:00:00,3.886,3.897,3.844,3.865,867761.84
2020-05-26 00:00:00,3.867,3.886,3.834,3.875,947738.62
2020-05-26 04:00:00,3.873,3.881,3.83,3.872,921312.47
2020-05-26 08:00:00,3.873,3.88,3.814,3.832,1081727.87
2020-05-26 12:00:00,3.829,3.84,3.777,3.786,2016563.35
2020-05-26 16:00:00,3.786,3.829,3.772,3.802,1202894.8
2020-05-26 20:00:00,3.805,3.86,3.804,3.846,1022852.01
2020-05-27 00:00:00,3.847,3.868,3.811,3.822,1134778.78
2020-05-27 04:00:00,3.822,3.849,3.807,3.829,637762.3
2020-05-27 08:00:00,3.828,3.905,3.827,3.895,1954121.74
2020-05-27 12:00:00,3.895,3.917,3.862,3.878,1257907.08
2020-05-27 16:00:00,3.879,3.896,3.854,3.869,699039.15
2020-05-27 20:00:00,3.869,3.876,3.835,3.857,851924.74
2020-05-28 00:00:00,3.856,3.871,3.836,3.849,477313.69
2020-05-28 04:00:00,3.849,3.87,3.83,3.851,717284.81
2020-05-28 08:00:00,3.851,3.884,3.841,3.879,719053.14
2020-05-28 12:00:00,3.879,3.957,3.878,3.953,2187812.69
2020-05-28 16:00:00,3.954,3.966,3.9,3.919,1089913.75
2020-05-28 20:00:00,3.92,4.063,3.914,4.044,2340842.54
2020-05-29 00:00:00,4.045,4.132,4.037,4.05,2539093.63
2020-05-29 04:00:00,4.048,4.105,4.044,4.075,1259254.66
2020-05-29 08:00:00,4.075,4.093,3.981,4.002,2478768.82
2020-05-29 12:00:00,4.001,4.02,3.951,3.981,1421623.16
2020-05-29 16:00:00,3.981,3.999,3.961,3.97,907904.35
2020-05-29 20:00:00,3.97,3.989,3.955,3.981,679963.46
2020-05-30 00:00:00,3.981,3.986,3.943,3.984,764863.22
2020-05-30 04:00:00,3.984,4.083,3.983,4.057,1775151.69
2020-05-30 08:00:00,4.057,4.109,4.056,4.097,1396448.78
2020-05-30 12:00:00,4.098,4.159,4.081,4.12,2205715.62
2020-05-30 16:00:00,4.121,4.144,4.102,4.124,838456.42
2020-05-30 20:00:00,4.124,4.187,4.06,4.183,1860106.38
2020-05-31 00:00:00,4.183,4.185,4.041,4.06,1463739.66
2020-05-31 04:00:00,4.056,4.168,4.055,4.157,1084093.88
2020-05-31 08:00:00,4.158,4.286,4.104,4.284,2079447.61
2020-05-31 12:00:00,4.284,4.289,4.128,4.172,3257649.77
2020-05-31 16:00:00,4.174,4.26,4.163,4.232,2222463.2
2020-05-31 20:00:00,4.232,4.263,4.102,4.133,2688873.35
2020-06-01 00:00:00,4.132,4.448,4.123,4.365,4972501.56
2020-06-01 04:00:00,4.365,4.444,4.337,4.413,2745119.17
2020-06-01 08:00:00,4.413,4.484,4.312,4.336,4431964.71
2020-06-01 12:00:00,4.336,4.412,4.288,4.38,2983763.11
2020-06-01 16:00:00,4.38,4.398,4.34,4.349,1119984.64
2020-06-01 20:00:00,4.349,4.445,4.307,4.393,3910015.26
2020-06-02 00:00:00,4.392,4.547,4.375,4.5,3302947.59
2020-06-02 04:00:00,4.5,4.54,4.464,4.525,1294697.69
2020-06-02 08:00:00,4.524,4.625,4.524,4.559,2996420.63
2020-06-02 12:00:00,4.558,4.598,4.1,4.281,6787016.38
2020-06-02 16:00:00,4.282,4.38,4.25,4.366,2194684.37
2020-06-02 20:00:00,4.365,4.485,4.327,4.4,2417227.08
2020-06-03 00:00:00,4.4,4.47,4.289,4.349,2331289.53
2020-06-03 04:00:00,4.349,4.418,4.328,4.4,1281635.81
2020-06-03 08:00:00,4.402,4.459,4.388,4.446,1277259.7
2020-06-03 12:00:00,4.447,4.455,4.37,4.444,1441432.9
2020-06-03 16:00:00,4.446,4.536,4.428,4.514,2076045.46
2020-06-03 20:00:00,4.514,4.535,4.478,4.494,1351012.22
2020-06-04 00:00:00,4.492,4.513,4.459,4.501,1313062.82
2020-06-04 04:00:00,4.501,4.501,4.426,4.446,1477505.93
2020-06-04 08:00:00,4.448,4.449,4.287,4.401,3268395.21
2020-06-04 12:00:00,4.403,4.467,4.393,4.456,1853187.45
2020-06-04 16:00:00,4.455,4.474,4.382,4.414,1520847.17
2020-06-04 20:00:00,4.414,4.447,4.38,4.434,834560.34
2020-06-05 00:00:00,4.43,4.488,4.416,4.467,1308531.18
2020-06-05 04:00:00,4.467,4.49,4.445,4.469,742551.23
2020-06-05 08:00:00,4.469,4.48,4.402,4.425,1909390.48
2020-06-05 12:00:00,4.426,4.432,4.343,4.387,1341506.85
2020-06-05 16:00:00,4.387,4.427,4.378,4.409,721189.46
2020-06-05 20:00:00,4.409,4.412,4.35,4.363,792091.99
2020-06-06 00:00:00,4.362,4.364,4.308,4.358,1220095.37
2020-06-06 04:00:00,4.358,4.379,4.341,4.351,502412.29
2020-06-06 08:00:00,4.351,4.394,4.334,4.389,553236.38
2020-06-06 12:00:00,4.389,4.4,4.345,4.36,662281.49
2020-06-06 16:00:00,4.36,4.379,4.336,4.354,535401.72
2020-06-06 20:00:00,4.355,4.382,4.349,4.355,307119.2
2020-06-07 00:00:00,4.356,4.402,4.34,4.401,729337.21
2020-06-07 04:00:00,4.401,4.41,4.361,4.373,369952.67
2020-06-07 08:00:00,4.375,4.381,4.302,4.326,770356.91
2020-06-07 12:00:00,4.324,4.324,4.211,4.282,2264972.27
2020-06-07 16:00:00,4.285,4.335,4.252,4.311,875330.06
2020-06-07 20:00:00,4.313,4.362,4.31,4.353,713031.04
2020-06-08 00:00:00,4.353,4.357,4.329,4.353,441292.25
2020-06-08 04:00:00,4.353,4.379,4.348,4.376,418191.91
2020-06-08 08:00:00,4.376,4.4,4.347,4.381,1166831.01
2020-06-08 12:00:00,4.382,4.384,4.335,4.37,710439.18
2020-06-08 16:00:00,4.371,4.44,4.358,4.412,1689028.49
2020-06-08 20:00:00,4.412,4.48,4.407,4.478,1225291.37
2020-06-09 00:00:00,4.478,4.515,4.388,4.46,2097387.7
2020-06-09 04:00:00,4.46,4.475,4.434,4.473,685396.72
2020-06-09 08:00:00,4.472,4.48,4.429,4.472,759940.22
2020-06-09 12:00:00,4.472,4.48,4.42,4.423,783730.72
2020-06-09 16:00:00,4.424,4.434,4.367,4.413,1171245.87
2020-06-09 20:00:00,4.413,4.459,4.404,4.442,1094381.84
2020-06-10 00:00:00,4.443,4.446,4.391,4.396,654713.44
2020-06-10 04:00:00,4.397,4.416,4.368,4.384,641617.22
2020-06-10 08:00:00,4.386,4.411,4.373,4.401,520060.84
2020-06-10 12:00:00,4.401,4.409,4.361,4.365,759499.99
2020-06-10 16:00:00,4.365,4.41,4.352,4.395,1859143.65
2020-06-10 20:00:00,4.395,4.443,4.389,4.425,1014018.17
2020-06-11 00:00:00,4.427,4.458,4.409,4.42,1153213.32
2020-06-11 04:00:00,4.421,4.432,4.366,4.385,1146576.95
2020-06-11 08:00:00,4.385,4.394,4.368,4.38,515150.54
2020-06-11 12:00:00,4.379,4.386,4.16,4.199,4010959.54
2020-06-11 16:00:00,4.2,4.228,3.89,3.996,5095815.65
2020-06-11 20:00:00,3.996,4.046,3.921,3.962,2396147.64
2020-06-12 00:00:00,3.962,4.093,3.858,4.07,2519738.47
2020-06-12 04:00:00,4.071,4.177,4.025,4.135,1306481.27
2020-06-12 08:00:00,4.135,4.155,4.084,4.145,1105375.85
2020-06-12 12:00:00,4.145,4.191,4.061,4.093,1532799.03
2020-06-12 16:00:00,4.095,4.118,4.026,4.08,1160722.14
2020-06-12 20:00:00,4.081,4.12,4.068,4.087,415361.36
2020-06-13 00:00:00,4.087,4.097,4.024,4.03,401616.87
2020-06-13 04:00:00,4.03,4.088,4.007,4.07,703890.02
2020-06-13 08:00:00,4.071,4.084,4.046,4.049,306904.41
2020-06-13 12:00:00,4.049,4.089,4.025,4.08,581830.93
2020-06-13 16:00:00,4.081,4.132,4.063,4.081,640629.65
2020-06-13 20:00:00,4.08,4.117,4.054,4.112,412532.34
2020-06-14 00:00:00,4.112,4.116,4.073,4.075,193902.22
2020-06-14 04:00:00,4.076,4.078,4.033,4.045,304019.78
2020-06-14 08:00:00,4.045,4.078,4.044,4.054,161752.14
2020-06-14 12:00:00,4.055,4.057,3.93,3.998,1709712.86
2020-06-14 16:00:00,3.998,4.018,3.982,3.994,360230.59
2020-06-14 20:00:00,3.994,4.007,3.918,3.942,1084207.03
2020-06-15 00:00:00,3.944,3.955,3.723,3.738,3715153.64
2020-06-15 04:00:00,3.74,3.797,3.657,3.791,3146783.87
2020-06-15 08:00:00,3.791,3.813,3.721,3.771,1158759.5
2020-06-15 12:00:00,3.773,3.838,3.689,3.833,2045696.62
2020-06-15 16:00:00,3.832,3.95,3.819,3.941,1988766.81
2020-06-15 20:00:00,3.941,3.989,3.921,3.929,1980786.79
2020-06-16 00:00:00,3.93,3.988,3.893,3.978,2230361.74
2020-06-16 04:00:00,3.979,4.039,3.95,4.031,1924691.91
2020-06-16 08:00:00,4.032,4.09,4.006,4.046,3446009.74
2020-06-16 12:00:00,4.045,4.088,3.968,4.028,2912848.98
2020-06-16 16:00:00,4.03,4.066,4.02,4.042,1228321.31
2020-06-16 20:00:00,4.043,4.056,4.026,4.048,495722.57
2020-06-17 00:00:00,4.048,4.054,3.985,4.018,1871256.61
2020-06-17 04:00:00,4.017,4.082,4.006,4.076,1456140.3
2020-06-17 08:00:00,4.077,4.091,4.051,4.065,655508.47
2020-06-17 12:00:00,4.065,4.142,4.013,4.041,2722360.82
2020-06-17 16:00:00,4.04,4.071,3.993,3.996,888079.07
2020-06-17 20:00:00,3.996,4.189,3.961,4.163,3713952.89
2020-06-18 00:00:00,4.163,4.245,4.15,4.167,1751101.16
2020-06-18 04:00:00,4.168,4.22,4.124,4.21,1167080.45
2020-06-18 08:00:00,4.207,4.216,4.135,4.168,1632150.76
2020-06-18 12:00:00,4.168,4.212,4.108,4.161,2044901.63
2020-06-18 16:00:00,4.16,4.185,4.111,4.156,1155795.66
2020-06-18 20:00:00,4.156,4.205,4.092,4.136,1912089.2
2020-06-19 00:00:00,4.139,4.187,4.07,4.083,1858765.69
2020-06-19 04:00:00,4.082,4.139,4.074,4.108,939015.64
2020-06-19 08:00:00,4.112,4.161,4.101,4.142,1186200.84
2020-06-19 12:00:00,4.146,4.172,4.103,4.125,1378129.11
2020-06-19 16:00:00,4.125,4.13,4.056,4.072,1487952.64
2020-06-19 20:00:00,4.071,4.118,4.052,4.096,1265388.51
2020-06-20 00:00:00,4.096,4.12,4.064,4.101,966948.64
2020-06-20 04:00:00,4.102,4.139,4.087,4.13,631875.84
2020-06-20 08:00:00,4.129,4.161,4.096,4.158,1599692.08
2020-06-20 12:00:00,4.16,4.207,4.111,4.135,3045642.83
2020-06-20 16:00:00,4.136,4.172,4.128,4.165,785270.4
2020-06-20 20:00:00,4.167,4.207,4.165,4.179,1588691.84
2020-06-21 00:00:00,4.178,4.199,4.167,4.174,726430.71
2020-06-21 04:00:00,4.172,4.202,4.157,4.183,743400.74
2020-06-21 08:00:00,4.183,4.207,4.161,4.175,727599.43
2020-06-21 12:00:00,4.175,4.193,4.14,4.177,839029.02
2020-06-21 16:00:00,4.177,4.186,4.157,4.181,613851.06
2020-06-21 20:00:00,4.181,4.202,4.162,4.184,893073.55
2020-06-22 00:00:00,4.183,4.308,4.178,4.295,2778976.86
2020-06-22 04:00:00,4.296,4.388,4.291,4.347,2154319.62
2020-06-22 08:00:00,4.347,4.385,4.335,4.361,1372823.16
2020-06-22 12:00:00,4.362,4.39,4.333,4.379,1436062.73
2020-06-22 16:00:00,4.381,4.421,4.356,4.385,1965194.42
2020-06-22 20:00:00,4.384,4.486,4.384,4.48,2247257.99
2020-06-23 00:00:00,4.48,4.523,4.426,4.476,2137415.05
2020-06-23 04:00:00,4.474,4.549,4.449,4.523,1785344.26
2020-06-23 08:00:00,4.523,4.6,4.474,4.589,3065634.95
2020-06-23 12:00:00,4.588,4.862,4.556,4.8,12479328.77
2020-06-23 16:00:00,4.8,4.872,4.752,4.832,3179596.73
2020-06-23 20:00:00,4.83,4.94,4.754,4.805,5972389.94
2020-06-24 00:00:00,4.805,4.845,4.757,4.809,2272830.94
2020-06-24 04:00:00,4.809,4.941,4.742,4.768,5885656.83
2020-06-24 08:00:00,4.768,4.814,4.64,4.703,5350800.01
2020-06-24 12:00:00,4.704,4.778,4.5,4.537,6635176.95
2020-06-24 16:00:00,4.536,4.729,4.523,4.666,3557771.26
2020-06-24 20:00:00,4.666,4.726,4.65,4.71,1988434.8
2020-06-25 00:00:00,4.71,4.715,4.5,4.582,3601085.98
2020-06-25 04:00:00,4.582,4.66,4.58,4.631,2129664.65
2020-06-25 08:00:00,4.631,4.832,4.631,4.771,5264532.24
2020-06-25 12:00:00,4.772,4.838,4.709,4.782,4772450.84
2020-06-25 16:00:00,4.782,4.82,4.72,4.758,2858180.24
2020-06-25 20:00:00,4.759,4.825,4.743,4.804,2167986.73
2020-06-26 00:00:00,4.806,4.859,4.737,4.781,2746931.54
2020-06-26 04:00:00,4.78,4.791,4.645,4.674,3245518.45
2020-06-26 08:00:00,4.673,4.745,4.643,4.715,2691481.39
2020-06-26 12:00:00,4.715,4.772,4.657,4.69,3678895.53
2020-06-26 16:00:00,4.691,4.74,4.668,4.689,1610329.72
2020-06-26 20:00:00,4.688,4.735,4.676,4.68,759612.96
2020-06-27 00:00:00,4.681,4.682,4.586,4.633,2104097.26
2020-06-27 04:00:00,4.634,4.66,4.613,4.656,823535.3
2020-06-27 08:00:00,4.656,4.693,4.607,4.613,1200471.85
2020-06-27 12:00:00,4.613,4.621,4.535,4.542,2060808.66
2020-06-27 16:00:00,4.541,4.554,4.3,4.365,4816044.98
2020-06-27 20:00:00,4.367,4.486,4.335,4.408,2765682.38
2020-06-28 00:00:00,4.406,4.442,4.369,4.378,1250649.84
2020-06-28 04:00:00,4.38,4.441,4.334,4.415,1129680.15
2020-06-28 08:00:00,4.414,4.56,4.389,4.525,2628436.57
2020-06-28 12:00:00,4.526,4.586,4.481,4.576,2529950.96
2020-06-28 16:00:00,4.576,4.615,4.537,4.546,2189285.38
2020-06-28 20:00:00,4.548,4.578,4.505,4.568,1241153.12
2020-06-29 00:00:00,4.568,4.616,4.554,4.567,1365265.7
2020-06-29 04:00:00,4.565,4.593,4.487,4.521,1384314.87
2020-06-29 08:00:00,4.521,4.53,4.46,4.503,1526537.65
2020-06-29 12:00:00,4.503,4.53,4.423,4.51,2814595.81
2020-06-29 16:00:00,4.51,4.595,4.495,4.56,1246813.92
2020-06-29 20:00:00,4.56,4.649,4.56,4.618,1954273.67
2020-06-30 00:00:00,4.619,4.664,4.613,4.627,1043462.92
2020-06-30 04:00:00,4.627,4.634,4.553,4.577,1073754.66
2020-06-30 08:00:00,4.578,4.634,4.56,4.616,968732.84
2020-06-30 12:00:00,4.615,4.633,4.539,4.622,2050062.94
2020-06-30 16:00:00,4.624,4.648,4.571,4.591,1459878.19
2020-06-30 20:00:00,4.591,4.609,4.561,4.564,687321.89
2020-07-01 00:00:00,4.564,4.575,4.52,4.548,1228479.9
2020-07-01 04:00:00,4.548,4.579,4.535,4.538,620341.51
2020-07-01 08:00:00,4.54,4.634,4.536,4.597,2013911.59
2020-07-01 12:00:00,4.599,4.708,4.581,4.705,2132035.25
2020-07-01 16:00:00,4.705,4.73,4.673,4.701,1487303.94
2020-07-01 20:00:00,4.701,4.726,4.663,4.705,1275284.4
2020-07-02 00:00:00,4.706,4.816,4.705,4.797,2054345.13
2020-07-02 04:00:00,4.797,4.847,4.726,4.772,2671094.17
2020-07-02 08:00:00,4.771,4.779,4.711,4.758,1240218.6
2020-07-02 12:00:00,4.757,4.92,4.721,4.733,5613745.69
2020-07-02 16:00:00,4.733,4.757,4.596,4.719,4716815.48
2020-07-02 20:00:00,4.719,4.833,4.702,4.796,1681863.69
2020-07-03 00:00:00,4.796,4.852,4.757,4.784,1606902.45
2020-07-03 04:00:00,4.783,4.85,4.757,4.842,1036786.31
2020-07-03 08:00:00,4.842,4.895,4.809,4.869,2215482.89
2020-07-03 12:00:00,4.869,4.895,4.833,4.851,1858492.85
2020-07-03 16:00:00,4.85,4.878,4.777,4.813,1381039.25
2020-07-03 20:00:00,4.814,4.814,4.702,4.731,1351498.47
2020-07-04 00:00:00,4.73,4.828,4.72,4.78,1060545.69
2020-07-04 04:00:00,4.779,4.809,4.761,4.775,478518.82
2020-07-04 08:00:00,4.775,4.778,4.725,4.744,765601.64
2020-07-04 12:00:00,4.747,4.81,4.73,4.777,1085831.39
2020-07-04 16:00:00,4.774,4.858,4.749,4.838,1563164.11
2020-07-04 20:00:00,4.839,4.848,4.781,4.817,519205.62
2020-07-05 00:00:00,4.817,4.836,4.781,4.807,703738.72
2020-07-05 04:00:00,4.807,4.808,4.725,4.758,1469893.26
2020-07-05 08:00:00,4.758,4.759,4.678,4.697,1327867.6
2020-07-05 12:00:00,4.695,4.718,4.65,4.68,1467781.1
2020-07-05 16:00:00,4.68,4.71,4.636,4.685,990748.42
2020-07-05 20:00:00,4.685,4.777,4.622,4.749,1742012.47
2020-07-06 00:00:00,4.748,4.809,4.737,4.773,988984.22
2020-07-06 04:00:00,4.774,4.89,4.774,4.869,2297782.25
2020-07-06 08:00:00,4.868,4.874,4.824,4.863,835280.71
2020-07-06 12:00:00,4.862,4.87,4.808,4.859,1450593.23
2020-07-06 16:00:00,4.86,4.899,4.825,4.898,2230309.06
2020-07-06 20:00:00,4.898,5.517,4.887,5.367,17870420.89
2020-07-07 00:00:00,5.367,5.7,5.336,5.555,6823007.49
2020-07-07 04:00:00,5.555,5.662,5.456,5.525,4266283.3
2020-07-07 08:00:00,5.524,5.582,5.427,5.552,3971866.82
2020-07-07 12:00:00,5.552,5.718,5.54,5.598,6956803.06
2020-07-07 16:00:00,5.598,5.898,5.573,5.72,10120165.47
2020-07-07 20:00:00,5.721,5.837,5.584,5.734,7304128.94
2020-07-08 00:00:00,5.734,6.0,5.6,5.911,7718007.6
2020-07-08 04:00:00,5.914,6.49,5.814,6.299,11008544.55
2020-07-08 08:00:00,6.299,6.415,6.125,6.345,8623239.87
2020-07-08 12:00:00,6.348,6.37,6.053,6.158,7562988.59
2020-07-08 16:00:00,6.159,6.35,6.159,6.28,4076848.75
2020-07-08 20:00:00,6.284,6.61,6.234,6.502,5444756.81
2020-07-09 00:00:00,6.502,6.505,6.01,6.176,6746995.87
2020-07-09 04:00:00,6.176,6.383,6.127,6.336,3522174.21
2020-07-09 08:00:00,6.336,6.346,6.112,6.215,2701021.51
2020-07-09 12:00:00,6.214,6.29,5.679,5.92,10482203.64
2020-07-09 16:00:00,5.919,6.184,5.825,5.93,7697249.23
2020-07-09 20:00:00,5.928,6.15,5.883,6.09,2883078.29
2020-07-10 00:00:00,6.09,6.142,5.91,5.971,3358144.17
2020-07-10 04:00:00,5.97,5.988,5.768,5.855,3846411.72
2020-07-10 08:00:00,5.855,5.979,5.771,5.825,3121006.57
2020-07-10 12:00:00,5.826,5.985,5.7,5.95,5218020.53
2020-07-10 16:00:00,5.95,6.21,5.92,6.128,5937232.92
2020-07-10 20:00:00,6.124,6.19,6.025,6.151,3345017.74
2020-07-11 00:00:00,6.149,6.276,6.128,6.151,3496204.44
2020-07-11 04:00:00,6.148,6.235,6.095,6.145,1788294.18
2020-07-11 08:00:00,6.145,6.147,5.962,6.008,2487190.36
2020-07-11 12:00:00,6.007,6.148,6.0,6.11,1851436.41
2020-07-11 16:00:00,6.11,6.207,6.029,6.06,2577783.28
2020-07-11 20:00:00,6.062,6.18,6.051,6.109,1218785.36
2020-07-12 00:00:00,6.109,6.234,6.105,6.18,2043331.37
2020-07-12 04:00:00,6.18,6.2,6.113,6.187,1101790.85
2020-07-12 08:00:00,6.187,6.421,6.184,6.398,5444145.58
2020-07-12 12:00:00,6.397,6.857,6.379,6.715,20507892.38
2020-07-12 16:00:00,6.715,6.9,6.659,6.783,10949515.32
2020-07-12 20:00:00,6.783,7.39,6.754,7.328,16696183.46
2020-07-13 00:00:00,7.326,8.58,7.229,7.967,31001921.98
2020-07-13 04:00:00,7.971,8.064,7.622,7.699,9481465.48
2020-07-13 08:00:00,7.699,8.028,7.695,7.766,6442167.1
2020-07-13 12:00:00,7.764,7.987,7.283,7.381,13734855.35
2020-07-13 16:00:00,7.382,7.561,6.859,7.223,14010716.29
2020-07-13 20:00:00,7.221,7.297,6.969,7.157,9169599.1
2020-07-14 00:00:00,7.157,7.415,7.033,7.133,7266116.48
2020-07-14 04:00:00,7.134,7.29,6.95,7.162,5194261.15
2020-07-14 08:00:00,7.163,7.666,7.123,7.612,8540710.62
2020-07-14 12:00:00,7.617,7.688,7.34,7.595,11365523.22
2020-07-14 16:00:00,7.594,8.359,7.584,8.208,21648852.69
2020-07-14 20:00:00,8.206,8.357,7.89,8.113,12564572.45
2020-07-15 00:00:00,8.113,8.178,7.818,8.03,6960442.16
2020-07-15 04:00:00,8.03,8.153,7.82,8.002,5069333.58
2020-07-15 08:00:00,8.0,8.4,7.863,8.241,10767216.98
2020-07-15 12:00:00,8.238,8.979,8.205,8.299,23999047.89
2020-07-15 16:00:00,8.3,8.666,8.265,8.418,11212462.18
2020-07-15 20:00:00,8.418,8.788,8.41,8.64,7981167.46
2020-07-16 00:00:00,8.64,8.696,8.36,8.426,5805267.16
2020-07-16 04:00:00,8.425,8.512,7.911,8.111,13652397.37
2020-07-16 08:00:00,8.111,8.289,8.036,8.172,9742680.23
2020-07-16 12:00:00,8.171,8.697,7.99,8.64,13106591.34
2020-07-16 16:00:00,8.641,8.887,8.402,8.463,13279731.15
2020-07-16 20:00:00,8.464,8.546,8.16,8.341,7283915.35
2020-07-17 00:00:00,8.344,8.46,8.25,8.324,3485557.08
2020-07-17 04:00:00,8.325,8.558,8.188,8.355,5952734.15
2020-07-17 08:00:00,8.354,8.481,8.26,8.432,4666155.25
2020-07-17 12:00:00,8.437,8.63,8.311,8.352,5878630.1
2020-07-17 16:00:00,8.35,8.399,8.207,8.345,4837721.92
2020-07-17 20:00:00,8.345,8.436,8.25,8.264,2604288.17
2020-07-18 00:00:00,8.263,8.264,7.643,7.856,9785210.59
2020-07-18 04:00:00,7.855,7.99,7.765,7.928,3850322.3
2020-07-18 08:00:00,7.931,8.141,7.874,7.89,5143160.94
2020-07-18 12:00:00,7.888,7.973,7.828,7.944,3192877.89
2020-07-18 16:00:00,7.944,8.22,7.942,8.037,5496766.04
2020-07-18 20:00:00,8.037,8.101,7.876,7.968,2250617.23
2020-07-19 00:00:00,7.968,8.046,7.811,7.858,2930237.75
2020-07-19 04:00:00,7.857,7.995,7.815,7.958,2382758.42
2020-07-19 08:00:00,7.958,7.975,7.803,7.856,3087361.44
2020-07-19 12:00:00,7.856,7.899,7.777,7.843,3239461.08
2020-07-19 16:00:00,7.841,7.955,7.82,7.922,2989899.82
2020-07-19 20:00:00,7.921,8.197,7.905,8.082,5319803.68
2020-07-20 00:00:00,8.085,8.103,7.962,8.086,1982004.95
2020-07-20 04:00:00,8.086,8.143,8.011,8.057,2050592.73
2020-07-20 08:00:00,8.059,8.078,7.85,7.888,4011962.54
2020-07-20 12:00:00,7.888,7.944,7.763,7.853,4620170.43
2020-07-20 16:00:00,7.853,7.86,7.116,7.406,14427492.16
2020-07-20 20:00:00,7.406,7.59,7.226,7.241,8550201.86
2020-07-21 00:00:00,7.238,7.419,7.18,7.395,4448631.17
2020-07-21 04:00:00,7.396,7.52,7.333,7.45,4356696.53
2020-07-21 08:00:00,7.453,7.676,7.4,7.606,5238393.06
2020-07-21 12:00:00,7.607,7.631,7.15,7.356,10604519.0
2020-07-21 16:00:00,7.357,7.375,6.9,7.1,6234251.83
2020-07-21 20:00:00,7.098,7.315,7.023,7.306,5244939.89
2020-07-22 00:00:00,7.309,7.325,7.132,7.197,3091228.38
2020-07-22 04:00:00,7.197,7.294,7.084,7.148,3783725.77
2020-07-22 08:00:00,7.148,7.395,7.111,7.331,5347575.44
2020-07-22 12:00:00,7.331,7.62,7.33,7.503,9592866.55
2020-07-22 16:00:00,7.506,7.55,7.311,7.382,4596521.09
2020-07-22 20:00:00,7.382,7.566,7.36,7.479,5029180.38
2020-07-23 00:00:00,7.479,7.775,7.406,7.682,6720875.04
2020-07-23 04:00:00,7.682,7.75,7.601,7.725,2853131.35
2020-07-23 08:00:00,7.727,8.021,7.71,7.94,7189679.59
2020-07-23 12:00:00,7.943,8.054,7.82,8.022,7396257.59
2020-07-23 16:00:00,8.023,8.08,7.77,7.857,6644771.31
2020-07-23 20:00:00,7.86,7.928,7.705,7.887,3210031.3
2020-07-24 00:00:00,7.891,7.915,7.714,7.726,3010635.99
2020-07-24 04:00:00,7.726,7.785,7.655,7.715,4432583.45
2020-07-24 08:00:00,7.715,7.793,7.6,7.744,3377438.81
2020-07-24 12:00:00,7.744,7.772,7.504,7.616,5107995.04
2020-07-24 16:00:00,7.614,7.615,7.419,7.571,4789827.79
2020-07-24 20:00:00,7.571,7.599,7.381,7.425,2903656.21
2020-07-25 00:00:00,7.425,7.74,7.368,7.659,4538876.53
2020-07-25 04:00:00,7.659,7.712,7.583,7.6,2036550.64
2020-07-25 08:00:00,7.6,7.635,7.501,7.591,2234467.48
2020-07-25 12:00:00,7.591,7.638,7.503,7.584,2358884.46
2020-07-25 16:00:00,7.584,7.798,7.543,7.677,4715244.93
2020-07-25 20:00:00,7.677,7.733,7.575,7.678,2279037.64
2020-07-26 00:00:00,7.68,7.716,7.601,7.71,1599715.59
2020-07-26 04:00:00,7.71,7.95,7.709,7.82,5590705.86
2020-07-26 08:00:00,7.824,7.876,7.064,7.408,11815783.19
2020-07-26 12:00:00,7.408,7.517,7.347,7.398,4152766.47
2020-07-26 16:00:00,7.397,7.468,7.301,7.416,2665048.23
2020-07-26 20:00:00,7.416,7.589,7.385,7.499,2356660.12
2020-07-27 00:00:00,7.499,7.499,7.072,7.2,6599182.61
2020-07-27 04:00:00,7.198,7.316,7.133,7.2,3440918.28
2020-07-27 08:00:00,7.2,7.312,7.14,7.194,3100880.56
2020-07-27 12:00:00,7.196,7.235,6.444,6.828,15424405.4
2020-07-27 16:00:00,6.828,7.25,6.58,7.104,8691846.6
2020-07-27 20:00:00,7.105,7.243,6.85,7.091,6245052.6
2020-07-28 00:00:00,7.092,7.2,6.902,7.094,4506837.54
2020-07-28 04:00:00,7.094,7.422,7.045,7.32,3411028.57
2020-07-28 08:00:00,7.319,7.379,6.911,7.094,4569947.3
2020-07-28 12:00:00,7.093,7.277,7.024,7.261,2968980.14
2020-07-28 16:00:00,7.262,7.295,7.106,7.153,2523391.66
2020-07-28 20:00:00,7.153,7.241,7.093,7.232,2355636.75
2020-07-29 00:00:00,7.235,7.465,7.211,7.26,4817885.91
2020-07-29 04:00:00,7.257,7.343,7.13,7.317,3186915.68
2020-07-29 08:00:00,7.316,7.336,7.15,7.184,2200701.68
2020-07-29 12:00:00,7.186,7.197,7.024,7.076,2955417.14
2020-07-29 16:00:00,7.076,7.179,6.979,7.114,2965999.71
2020-07-29 20:00:00,7.113,7.17,7.012,7.083,1963694.19
2020-07-30 00:00:00,7.084,7.24,7.016,7.186,2843424.86
2020-07-30 04:00:00,7.186,7.225,7.094,7.114,1859656.35
2020-07-30 08:00:00,7.115,7.35,7.104,7.269,2899717.98
2020-07-30 12:00:00,7.269,7.335,7.177,7.297,2839787.74
2020-07-30 16:00:00,7.297,7.57,7.294,7.5,6474007.71
2020-07-30 20:00:00,7.502,7.527,7.288,7.405,2808059.42
2020-07-31 00:00:00,7.402,7.79,7.402,7.656,4860638.44
2020-07-31 04:00:00,7.659,7.847,7.58,7.69,3829130.9
2020-07-31 08:00:00,7.686,7.838,7.641,7.666,3553492.57
2020-07-31 12:00:00,7.664,7.738,7.535,7.563,3733135.16
2020-07-31 16:00:00,7.563,7.708,7.465,7.707,3022147.6
2020-07-31 20:00:00,7.707,7.794,7.645,7.793,2186877.25
2020-08-01 00:00:00,7.793,7.862,7.709,7.739,2724393.17
2020-08-01 04:00:00,7.739,7.889,7.682,7.812,2722881.2
2020-08-01 08:00:00,7.812,7.88,7.683,7.76,2553896.86
2020-08-01 12:00:00,7.76,7.777,7.623,7.767,2070875.38
2020-08-01 16:00:00,7.767,7.84,7.681,7.811,2884888.15
2020-08-01 20:00:00,7.812,8.481,7.761,8.32,8961254.71
2020-08-02 00:00:00,8.319,8.42,8.224,8.351,4292451.72
2020-08-02 04:00:00,8.351,8.444,6.609,8.295,14952327.93
2020-08-02 08:00:00,8.296,8.8,7.8,8.24,16022640.2
2020-08-02 12:00:00,8.238,8.625,7.996,8.495,9434150.49
2020-08-02 16:00:00,8.495,8.583,8.169,8.514,5113488.14
2020-08-02 20:00:00,8.514,8.667,8.123,8.276,6928869.45
2020-08-03 00:00:00,8.277,8.494,8.132,8.339,3726915.59
2020-08-03 04:00:00,8.339,8.485,8.206,8.401,3238081.47
2020-08-03 08:00:00,8.401,8.6,8.241,8.527,5214957.21
2020-08-03 12:00:00,8.529,8.69,8.375,8.514,6887948.78
2020-08-03 16:00:00,8.516,8.6,8.38,8.502,3392513.25
2020-08-03 20:00:00,8.502,9.268,8.47,9.234,11386961.27
2020-08-04 00:00:00,9.234,9.411,9.058,9.24,7231812.04
2020-08-04 04:00:00,9.24,9.521,9.114,9.296,6077279.87
2020-08-04 08:00:00,9.298,9.723,9.2,9.375,12218663.98
2020-08-04 12:00:00,9.376,9.65,9.25,9.636,7834846.27
2020-08-04 16:00:00,9.636,9.652,9.343,9.388,3985123.96
2020-08-04 20:00:00,9.39,9.93,9.389,9.839,7920160.83
2020-08-05 00:00:00,9.839,9.845,9.532,9.704,4412359.98
2020-08-05 04:00:00,9.704,9.719,9.3,9.497,4243846.76
2020-08-05 08:00:00,9.492,9.687,9.433,9.567,3402509.55
2020-08-05 12:00:00,9.568,9.577,9.333,9.468,4206340.89
2020-08-05 16:00:00,9.464,9.645,9.39,9.538,2883181.54
2020-08-05 20:00:00,9.536,9.615,9.316,9.516,3258716.36
2020-08-06 00:00:00,9.516,9.885,9.45,9.754,4911157.37
2020-08-06 04:00:00,9.752,9.795,9.606,9.639,2956643.97
2020-08-06 08:00:00,9.638,9.732,9.53,9.723,2486916.38
2020-08-06 12:00:00,9.724,9.759,9.577,9.748,3467483.83
2020-08-06 16:00:00,9.752,9.77,9.593,9.696,2337087.88
2020-08-06 20:00:00,9.691,10.29,9.427,10.217,7359558.29
2020-08-07 00:00:00,10.22,10.24,9.842,9.877,5612759.55
2020-08-07 04:00:00,9.877,10.008,9.783,9.999,3028578.29
2020-08-07 08:00:00,9.999,10.094,9.846,9.933,2465481.04
2020-08-07 12:00:00,9.938,10.061,9.75,9.904,4365599.08
2020-08-07 16:00:00,9.904,9.947,8.984,9.743,9228771.92
2020-08-07 20:00:00,9.743,10.133,9.64,10.116,5672584.22
2020-08-08 00:00:00,10.123,10.42,9.92,10.272,5580237.96
2020-08-08 04:00:00,10.274,10.745,10.245,10.567,6479404.25
2020-08-08 08:00:00,10.57,10.789,10.441,10.712,3740861.29
2020-08-08 12:00:00,10.713,11.025,10.652,10.956,5147774.48
2020-08-08 16:00:00,10.956,14.7,10.93,13.311,30128225.45
2020-08-08 20:00:00,13.325,13.444,12.401,12.713,13413086.46
2020-08-09 00:00:00,12.717,12.829,12.0,12.75,9277611.08
2020-08-09 04:00:00,12.752,12.926,12.371,12.661,4641601.55
2020-08-09 08:00:00,12.661,13.79,12.519,13.559,12253074.37
2020-08-09 12:00:00,13.558,13.6,12.22,13.058,13212726.84
2020-08-09 16:00:00,13.06,14.48,12.96,13.903,18495999.56
2020-08-09 20:00:00,13.903,14.293,13.6,13.805,5656759.8
2020-08-10 00:00:00,13.809,13.95,12.356,13.215,9345507.16
2020-08-10 04:00:00,13.214,14.4,13.04,13.633,7733375.76
2020-08-10 08:00:00,13.635,14.153,12.571,13.715,7529713.01
2020-08-10 12:00:00,13.715,13.797,13.388,13.689,3424031.94
2020-08-10 16:00:00,13.698,13.748,13.0,13.138,4671364.76
2020-08-10 20:00:00,13.138,13.607,12.754,13.493,5720588.26
2020-08-11 00:00:00,13.494,13.555,13.007,13.17,3329377.02
2020-08-11 04:00:00,13.173,13.426,12.869,13.086,3568017.12
2020-08-11 08:00:00,13.089,13.218,12.571,12.808,5933899.46
2020-08-11 12:00:00,12.809,12.83,12.092,12.62,9592952.23
2020-08-11 16:00:00,12.626,13.393,12.492,12.712,9392636.05
2020-08-11 20:00:00,12.706,13.26,12.35,13.013,6525153.78
2020-08-12 00:00:00,13.005,13.077,12.6,12.964,4271198.54
2020-08-12 04:00:00,12.959,13.869,12.72,13.66,6816293.6
2020-08-12 08:00:00,13.66,14.106,13.45,13.981,6394590.89
2020-08-12 12:00:00,13.98,15.789,13.802,15.46,17917314.99
2020-08-12 16:00:00,15.452,16.152,14.852,15.218,14826030.43
2020-08-12 20:00:00,15.22,16.83,15.217,16.463,8928014.13
2020-08-13 00:00:00,16.468,17.0,16.01,16.638,9925958.65
2020-08-13 04:00:00,16.632,17.728,16.14,17.374,11630668.81
2020-08-13 08:00:00,17.361,17.55,15.8,16.85,17270814.56
2020-08-13 12:00:00,16.85,17.127,16.302,16.815,9057638.21
2020-08-13 16:00:00,16.815,18.385,16.471,18.036,13430183.1
2020-08-13 20:00:00,18.033,18.327,16.37,17.196,15036356.98
2020-08-14 00:00:00,17.193,17.448,16.832,17.1,5110621.9
2020-08-14 04:00:00,17.093,17.646,16.845,16.926,4982285.9
2020-08-14 08:00:00,16.925,17.29,16.675,17.067,4566946.99
2020-08-14 12:00:00,17.066,17.317,16.3,16.947,8890049.29
2020-08-14 16:00:00,16.945,17.154,16.583,16.745,5028954.11
2020-08-14 20:00:00,16.745,17.118,16.517,16.965,4400310.62
2020-08-15 00:00:00,16.966,17.44,16.578,16.652,4520952.12
2020-08-15 04:00:00,16.652,17.017,16.564,16.848,2590498.55
2020-08-15 08:00:00,16.851,17.79,16.71,17.635,6009143.79
2020-08-15 12:00:00,17.633,19.48,17.485,18.966,18164456.13
2020-08-15 16:00:00,18.972,19.968,18.701,19.589,8811818.7
2020-08-15 20:00:00,19.599,19.75,18.222,19.228,8799810.53
2020-08-16 00:00:00,19.228,19.439,18.74,18.853,5062192.82
2020-08-16 04:00:00,18.856,20.296,18.773,19.909,5832384.7
2020-08-16 08:00:00,19.916,19.95,18.684,18.978,7854082.32
2020-08-16 12:00:00,18.983,19.5,18.81,19.15,5558852.36
2020-08-16 16:00:00,19.151,19.354,18.822,18.867,4063563.4
2020-08-16 20:00:00,18.864,19.18,18.508,18.848,4139342.85
2020-08-17 00:00:00,18.847,19.201,18.572,19.163,3794629.43
2020-08-17 04:00:00,19.163,19.41,18.866,18.97,4530185.59
2020-08-17 08:00:00,18.97,19.8,18.874,19.314,5136890.54
2020-08-17 12:00:00,19.312,19.584,18.504,18.71,8138059.69
2020-08-17 16:00:00,18.708,19.25,18.555,19.041,4147513.8
2020-08-17 20:00:00,19.042,19.048,15.62,16.812,11515102.73
2020-08-18 00:00:00,16.812,17.698,16.54,17.123,8766364.36
2020-08-18 04:00:00,17.122,17.523,16.434,17.224,7520379.0
2020-08-18 08:00:00,17.223,17.324,15.681,15.794,8274277.03
2020-08-18 12:00:00,15.765,16.822,14.65,16.317,25695058.9
2020-08-18 16:00:00,16.317,16.64,15.7,16.399,6685208.36
2020-08-18 20:00:00,16.398,16.908,15.84,16.202,5725398.59
2020-08-19 00:00:00,16.202,16.674,15.053,15.448,7128002.51
2020-08-19 04:00:00,15.441,16.04,14.866,15.904,9868508.1
2020-08-19 08:00:00,15.91,16.843,15.697,16.565,9695720.79
2020-08-19 12:00:00,16.566,17.274,16.262,16.632,10999523.27
2020-08-19 16:00:00,16.631,17.033,16.128,16.171,5930495.89
2020-08-19 20:00:00,16.153,16.776,15.624,16.209,5676302.77
2020-08-20 00:00:00,16.217,16.758,16.186,16.26,3814838.59
2020-08-20 04:00:00,16.255,16.6,15.853,16.289,4361746.07
2020-08-20 08:00:00,16.289,16.82,16.23,16.52,4229076.05
2020-08-20 12:00:00,16.52,16.753,16.272,16.55,3908094.12
2020-08-20 16:00:00,16.55,16.607,15.727,16.016,6613829.2
2020-08-20 20:00:00,16.012,16.3,15.795,16.091,3244912.34
2020-08-21 00:00:00,16.09,16.192,14.879,15.655,7813049.43
2020-08-21 04:00:00,15.65,15.758,15.0,15.277,4144424.77
2020-08-21 08:00:00,15.273,15.498,14.168,14.34,9409870.94
2020-08-21 12:00:00,14.331,14.814,13.835,14.11,10940506.17
2020-08-21 16:00:00,14.114,14.773,12.897,14.477,17006675.08
2020-08-21 20:00:00,14.473,14.666,13.51,13.85,9503846.16
2020-08-22 00:00:00,13.853,14.51,13.667,14.273,7289383.39
2020-08-22 04:00:00,14.27,14.997,13.778,14.83,6458162.41
2020-08-22 08:00:00,14.832,14.925,14.47,14.803,4267487.98
2020-08-22 12:00:00,14.809,15.78,14.725,15.361,8130429.94
2020-08-22 16:00:00,15.356,16.347,15.138,16.008,9481077.77
2020-08-22 20:00:00,16.008,16.29,15.767,15.823,4594334.71
2020-08-23 00:00:00,15.817,16.017,15.136,15.28,5668407.65
2020-08-23 04:00:00,15.284,15.655,15.015,15.591,3414218.72
2020-08-23 08:00:00,15.59,15.714,14.666,14.715,5069237.01
2020-08-23 12:00:00,14.715,15.395,14.696,15.093,4730099.83
2020-08-23 16:00:00,15.094,15.35,14.735,15.207,3588973.15
2020-08-23 20:00:00,15.206,15.328,14.803,15.172,2492863.92
2020-08-24 00:00:00,15.174,15.234,14.7,15.224,3451741.37
2020-08-24 04:00:00,15.23,15.899,15.056,15.78,4314126.11
2020-08-24 08:00:00,15.78,15.82,15.443,15.691,3120071.28
2020-08-24 12:00:00,15.693,15.784,14.92,15.195,4854695.8
2020-08-24 16:00:00,15.195,15.328,14.857,15.15,2987338.28
2020-08-24 20:00:00,15.15,15.299,14.906,15.165,2087154.52
2020-08-25 00:00:00,15.165,15.23,14.77,14.864,3251058.26
2020-08-25 04:00:00,14.864,15.4,14.824,15.001,4097972.83
2020-08-25 08:00:00,15.001,15.226,14.803,14.962,3469518.2
2020-08-25 12:00:00,14.966,14.97,14.076,14.38,8229572.2
2020-08-25 16:00:00,14.38,14.6,13.455,14.317,10150766.6
2020-08-25 20:00:00,14.313,14.447,13.889,14.131,3636660.48
2020-08-26 00:00:00,14.124,14.89,14.065,14.668,4561399.38
2020-08-26 04:00:00,14.664,14.857,14.201,14.428,3630482.05
2020-08-26 08:00:00,14.429,14.79,14.256,14.564,3538287.3
2020-08-26 12:00:00,14.564,15.277,14.072,15.149,7002777.12
2020-08-26 16:00:00,15.151,15.69,15.066,15.323,6504709.93
2020-08-26 20:00:00,15.318,15.456,14.923,15.228,3130768.33
2020-08-27 00:00:00,15.225,15.56,14.959,15.113,3363462.8
2020-08-27 04:00:00,15.119,15.452,14.96,15.429,3402482.15
2020-08-27 08:00:00,15.422,15.48,14.504,14.63,5561466.01
2020-08-27 12:00:00,14.63,15.35,14.446,14.665,7473346.18
2020-08-27 16:00:00,14.664,14.818,13.988,14.414,6423452.61
2020-08-27 20:00:00,14.415,14.653,14.343,14.531,2008983.43
2020-08-28 00:00:00,14.531,14.768,14.247,14.701,2486998.18
2020-08-28 04:00:00,14.703,14.977,14.573,14.75,2499324.95
2020-08-28 08:00:00,14.746,15.139,14.652,15.136,2409357.0
2020-08-28 12:00:00,15.14,15.337,14.81,15.33,3699011.15
2020-08-28 16:00:00,15.331,15.521,15.125,15.263,3422391.45
2020-08-28 20:00:00,15.263,15.323,14.928,15.135,1773547.17
2020-08-29 00:00:00,15.135,15.46,14.982,15.341,1875162.44
2020-08-29 04:00:00,15.346,15.973,15.305,15.775,4423552.67
2020-08-29 08:00:00,15.775,15.966,15.454,15.632,3498304.98
2020-08-29 12:00:00,15.628,16.791,15.591,16.685,7103798.1
2020-08-29 16:00:00,16.691,17.059,16.408,16.842,6005459.1
2020-08-29 20:00:00,16.842,17.034,16.355,16.367,4263462.94
2020-08-30 00:00:00,16.371,17.52,16.361,17.121,5577699.55
2020-08-30 04:00:00,17.119,17.281,16.779,16.989,3844080.07
2020-08-30 08:00:00,16.991,17.4,16.917,17.34,3861248.04
2020-08-30 12:00:00,17.338,17.798,17.118,17.226,6259588.42
2020-08-30 16:00:00,17.23,17.35,16.8,17.013,4195189.56
2020-08-30 20:00:00,17.014,17.118,16.43,16.498,4381329.97
2020-08-31 00:00:00,16.5,16.963,16.493,16.771,3506054.51
2020-08-31 04:00:00,16.772,16.968,16.085,16.19,4214372.29
2020-08-31 08:00:00,16.192,16.576,16.09,16.407,3898478.44
2020-08-31 12:00:00,16.408,16.69,16.112,16.463,4512292.37
2020-08-31 16:00:00,16.467,16.559,16.108,16.419,3101248.83
2020-08-31 20:00:00,16.419,16.462,15.505,15.586,3590555.01
2020-09-01 00:00:00,15.585,16.054,15.066,15.803,5524097.41
2020-09-01 04:00:00,15.806,16.508,15.726,16.483,3949783.52
2020-09-01 08:00:00,16.481,16.525,15.91,15.975,3343692.12
2020-09-01 12:00:00,15.976,16.164,15.69,15.711,3306750.62
2020-09-01 16:00:00,15.709,16.374,15.661,16.125,3262078.73
2020-09-01 20:00:00,16.125,16.47,16.001,16.058,3049619.79
2020-09-02 00:00:00,16.052,16.397,15.757,15.891,2787296.85
2020-09-02 04:00:00,15.89,16.114,15.617,15.712,2630991.92
2020-09-02 08:00:00,15.712,15.875,13.92,14.925,8065499.31
2020-09-02 12:00:00,14.923,15.3,14.568,14.811,6299267.29
2020-09-02 16:00:00,14.81,14.87,14.056,14.767,4862831.78
2020-09-02 20:00:00,14.762,14.982,14.5,14.799,1849325.22
2020-09-03 00:00:00,14.803,15.0,14.491,14.517,2366109.31
2020-09-03 04:00:00,14.517,14.664,13.5,14.569,7472166.06
2020-09-03 08:00:00,14.574,14.733,13.45,13.685,7087014.0
2020-09-03 12:00:00,13.686,13.783,12.678,13.354,12579116.38
2020-09-03 16:00:00,13.355,13.697,13.093,13.39,5402382.52
2020-09-03 20:00:00,13.39,13.524,10.9,11.861,9459883.62
2020-09-04 00:00:00,11.857,12.167,11.382,11.837,8566388.95
2020-09-04 04:00:00,11.839,12.089,10.981,11.646,8202650.75
2020-09-04 08:00:00,11.646,12.907,11.621,12.368,10035284.13
2020-09-04 12:00:00,12.365,12.878,11.113,12.351,12115769.83
2020-09-04 16:00:00,12.352,12.841,11.984,12.759,6431397.37
2020-09-04 20:00:00,12.758,12.923,12.332,12.372,3638646.82
2020-09-05 00:00:00,12.377,12.773,12.303,12.518,2756773.62
2020-09-05 04:00:00,12.515,12.754,12.182,12.674,4379215.36
2020-09-05 08:00:00,12.673,12.674,11.323,11.625,7146377.9
2020-09-05 12:00:00,11.622,11.795,10.58,11.49,12341868.17
2020-09-05 16:00:00,11.491,11.583,8.955,10.637,21389469.72
2020-09-05 20:00:00,10.64,11.109,9.939,10.6,12724221.95
2020-09-06 00:00:00,10.6,10.878,10.234,10.354,5475519.8
2020-09-06 04:00:00,10.354,10.968,9.7,10.91,7976134.02
2020-09-06 08:00:00,10.905,12.3,10.902,12.1,13712670.64
2020-09-06 12:00:00,12.099,12.405,11.6,11.944,7651763.48
2020-09-06 16:00:00,11.945,12.783,11.72,12.584,5665451.76
2020-09-06 20:00:00,12.587,13.25,12.441,12.8,6776935.9
2020-09-07 00:00:00,12.802,13.175,12.33,12.477,4820479.31
2020-09-07 04:00:00,12.478,12.836,12.01,12.603,6900274.27
2020-09-07 08:00:00,12.603,12.942,11.72,12.003,10883944.66
2020-09-07 12:00:00,12.008,12.474,11.158,12.148,13995487.36
2020-09-07 16:00:00,12.146,12.4,11.871,12.007,4454865.89
2020-09-07 20:00:00,12.006,12.65,11.868,12.462,4969553.32
2020-09-08 00:00:00,12.462,12.735,12.325,12.564,3671301.62
2020-09-08 04:00:00,12.561,12.636,12.032,12.342,4405444.97
2020-09-08 08:00:00,12.342,12.525,11.332,11.49,7142761.41
2020-09-08 12:00:00,11.494,12.01,11.303,11.813,7938036.23
2020-09-08 16:00:00,11.819,12.055,11.412,11.537,4504261.74
2020-09-08 20:00:00,11.537,11.827,11.026,11.737,5275317.06
2020-09-09 00:00:00,11.738,11.999,11.433,11.522,3603760.43
2020-09-09 04:00:00,11.521,12.18,11.463,12.114,3459973.79
2020-09-09 08:00:00,12.115,12.529,11.924,12.287,5349620.38
2020-09-09 12:00:00,12.287,12.55,12.165,12.475,3845617.78
2020-09-09 16:00:00,12.476,12.667,12.31,12.517,3221567.08
2020-09-09 20:00:00,12.52,12.587,12.264,12.343,2479351.61
2020-09-10 00:00:00,12.344,13.281,12.319,12.906,5877387.58
2020-09-10 04:00:00,12.903,13.176,12.507,12.655,4328233.25
2020-09-10 08:00:00,12.656,12.863,12.52,12.788,2940562.33
2020-09-10 12:00:00,12.792,13.18,12.715,12.899,5611696.81
2020-09-10 16:00:00,12.896,12.979,12.11,12.339,4834037.31
2020-09-10 20:00:00,12.341,12.678,12.311,12.506,2606171.31
2020-09-11 00:00:00,12.501,12.686,12.015,12.052,3167754.62
2020-09-11 04:00:00,12.052,12.432,12.015,12.301,2667989.19
2020-09-11 08:00:00,12.301,12.506,12.178,12.25,3575658.91
2020-09-11 12:00:00,12.25,12.695,12.183,12.564,4475163.14
2020-09-11 16:00:00,12.565,12.656,12.36,12.428,2045913.57
2020-09-11 20:00:00,12.43,12.61,12.3,12.435,1959002.93
2020-09-12 00:00:00,12.44,12.47,12.089,12.253,2189552.71
2020-09-12 04:00:00,12.253,12.45,12.23,12.371,1844895.16
2020-09-12 08:00:00,12.37,12.583,12.277,12.553,1972953.65
2020-09-12 12:00:00,12.55,12.554,12.193,12.397,2877177.55
2020-09-12 16:00:00,12.397,12.716,12.342,12.594,2677814.54
2020-09-12 20:00:00,12.588,12.75,12.514,12.729,2256016.39
2020-09-13 00:00:00,12.722,12.95,12.65,12.829,2794173.44
2020-09-13 04:00:00,12.829,13.127,12.752,13.067,2250207.25
2020-09-13 08:00:00,13.067,13.238,12.178,12.265,7716412.37
2020-09-13 12:00:00,12.265,12.485,12.011,12.035,4325469.86
2020-09-13 16:00:00,12.034,12.179,11.738,12.041,4448003.69
2020-09-13 20:00:00,12.04,12.135,11.858,12.064,2140699.12
2020-09-14 00:00:00,12.068,12.1,11.688,11.903,2168480.26
2020-09-14 04:00:00,11.902,11.957,11.63,11.904,2412601.42
2020-09-14 08:00:00,11.903,12.027,11.69,11.889,3280709.48
2020-09-14 12:00:00,11.884,12.398,11.831,12.281,5227263.48
2020-09-14 16:00:00,12.281,12.346,12.017,12.04,2760785.12
2020-09-14 20:00:00,12.04,12.188,11.932,12.137,2622894.2
2020-09-15 00:00:00,12.136,12.249,11.925,12.05,2770241.01
2020-09-15 04:00:00,12.049,12.218,11.827,12.007,2825527.06
2020-09-15 08:00:00,12.012,12.17,11.807,11.933,3294083.03
2020-09-15 12:00:00,11.937,12.05,11.311,11.501,5223530.19
2020-09-15 16:00:00,11.501,11.572,11.059,11.145,4424848.81
2020-09-15 20:00:00,11.143,11.335,10.728,10.921,4284981.77
2020-09-16 00:00:00,10.921,10.952,10.475,10.743,4411626.89
2020-09-16 04:00:00,10.744,11.207,10.608,11.189,3616811.77
2020-09-16 08:00:00,11.189,11.28,10.893,11.046,3941539.1
2020-09-16 12:00:00,11.05,11.238,10.841,11.04,4565713.9
2020-09-16 16:00:00,11.037,11.093,10.57,10.677,4356295.0
2020-09-16 20:00:00,10.678,10.912,10.587,10.735,2066491.43
2020-09-17 00:00:00,10.736,11.68,10.55,10.943,6854960.65
2020-09-17 04:00:00,10.943,11.223,10.76,10.9,3415951.51
2020-09-17 08:00:00,10.9,10.938,10.495,10.789,3876610.25
2020-09-17 12:00:00,10.788,10.905,10.514,10.73,3628944.57
2020-09-17 16:00:00,10.728,10.859,10.543,10.744,3471686.76
2020-09-17 20:00:00,10.743,11.205,10.742,11.016,3656112.95
2020-09-18 00:00:00,11.016,11.139,10.855,10.997,2205505.7
2020-09-18 04:00:00,10.997,11.001,10.756,10.819,2421636.78
2020-09-18 08:00:00,10.818,10.975,10.719,10.87,2297338.92
2020-09-18 12:00:00,10.87,10.885,10.274,10.398,3943066.96
2020-09-18 16:00:00,10.4,10.481,10.003,10.157,4739286.6
2020-09-18 20:00:00,10.16,10.262,9.782,10.094,2695237.84
2020-09-19 00:00:00,10.093,10.312,9.877,10.133,2935714.94
2020-09-19 04:00:00,10.134,10.224,10.071,10.085,1553618.33
2020-09-19 08:00:00,10.087,10.501,10.081,10.471,2264562.04
2020-09-19 12:00:00,10.476,10.494,10.122,10.2,2257003.49
2020-09-19 16:00:00,10.2,10.343,10.042,10.097,2178661.38
2020-09-19 20:00:00,10.097,10.25,10.045,10.124,1856123.05
2020-09-20 00:00:00,10.124,10.63,10.023,10.461,4266253.03
2020-09-20 04:00:00,10.461,10.51,10.366,10.391,1421395.3
2020-09-20 08:00:00,10.39,10.613,10.215,10.32,2507369.53
2020-09-20 12:00:00,10.322,10.333,9.863,10.018,3721241.83
2020-09-20 16:00:00,10.02,10.041,9.633,9.952,3479751.22
2020-09-20 20:00:00,9.951,9.951,9.454,9.74,3196198.55
2020-09-21 00:00:00,9.736,9.929,9.57,9.742,2773253.93
2020-09-21 04:00:00,9.743,9.867,9.612,9.621,1729653.58
2020-09-21 08:00:00,9.621,9.652,8.451,8.894,15870528.58
2020-09-21 12:00:00,8.893,9.126,8.485,8.711,11059045.53
2020-09-21 16:00:00,8.708,8.906,8.487,8.849,6744269.9
2020-09-21 20:00:00,8.851,9.048,8.675,8.706,4355599.1
2020-09-22 00:00:00,8.708,9.002,8.613,8.828,4792659.66
2020-09-22 04:00:00,8.832,9.073,8.716,8.725,4434130.96
2020-09-22 08:00:00,8.725,8.954,8.717,8.833,3015294.04
2020-09-22 12:00:00,8.831,8.949,8.684,8.808,4476397.01
2020-09-22 16:00:00,8.808,8.923,8.714,8.754,2795275.22
2020-09-22 20:00:00,8.752,8.802,8.52,8.733,3515012.01
2020-09-23 00:00:00,8.732,8.791,8.584,8.599,2159701.18
2020-09-23 04:00:00,8.599,8.607,7.926,8.094,8938422.74
2020-09-23 08:00:00,8.094,8.208,7.997,8.142,4884733.51
2020-09-23 12:00:00,8.14,8.528,8.065,8.212,7477585.3
2020-09-23 16:00:00,8.209,8.384,7.62,7.775,8051359.7
2020-09-23 20:00:00,7.774,8.057,7.309,7.64,13000253.31
2020-09-24 00:00:00,7.642,8.45,7.464,8.157,8935336.08
2020-09-24 04:00:00,8.158,8.397,8.1,8.336,4656049.5
2020-09-24 08:00:00,8.334,8.8,8.165,8.682,7975109.3
2020-09-24 12:00:00,8.684,9.28,8.54,9.206,12008089.25
2020-09-24 16:00:00,9.206,9.882,9.141,9.854,18500376.32
2020-09-24 20:00:00,9.861,10.4,9.671,9.865,17764039.85
2020-09-25 00:00:00,9.867,10.056,9.68,9.754,7431662.01
2020-09-25 04:00:00,9.756,9.9,9.539,9.787,6039934.62
2020-09-25 08:00:00,9.787,9.874,9.363,9.789,8200574.22
2020-09-25 12:00:00,9.79,10.48,9.566,10.362,12269220.91
2020-09-25 16:00:00,10.366,11.008,10.12,10.85,11810290.35
2020-09-25 20:00:00,10.851,11.184,10.6,10.714,7613140.48
2020-09-26 00:00:00,10.714,10.879,10.55,10.722,4591033.54
2020-09-26 04:00:00,10.722,11.094,10.636,10.804,5148790.95
2020-09-26 08:00:00,10.804,10.848,10.605,10.7,3926402.53
2020-09-26 12:00:00,10.699,10.706,10.02,10.357,11259535.31
2020-09-26 16:00:00,10.358,10.426,9.964,10.14,5722708.66
2020-09-26 20:00:00,10.139,10.42,10.094,10.306,3880733.52
2020-09-27 00:00:00,10.306,10.48,10.16,10.366,3919590.19
2020-09-27 04:00:00,10.366,10.477,10.025,10.125,4512572.49
2020-09-27 08:00:00,10.126,10.334,9.88,10.099,5297406.48
2020-09-27 12:00:00,10.1,10.656,10.011,10.552,5388869.27
2020-09-27 16:00:00,10.549,10.943,10.549,10.742,6580187.9
2020-09-27 20:00:00,10.743,10.985,10.573,10.788,4225083.45
2020-09-28 00:00:00,10.789,11.07,10.669,10.723,4622535.54
2020-09-28 04:00:00,10.722,10.839,10.468,10.575,3994584.33
2020-09-28 08:00:00,10.576,10.685,10.31,10.404,4694730.04
2020-09-28 12:00:00,10.404,10.798,10.356,10.624,4607844.21
2020-09-28 16:00:00,10.622,10.739,10.506,10.59,2543557.39
2020-09-28 20:00:00,10.593,10.741,10.135,10.278,4073332.41
2020-09-29 00:00:00,10.279,10.342,10.08,10.161,3855191.68
2020-09-29 04:00:00,10.161,10.382,10.1,10.223,2557808.97
2020-09-29 08:00:00,10.223,10.245,9.921,10.127,4967281.96
2020-09-29 12:00:00,10.127,10.132,9.666,9.714,8620791.62
2020-09-29 16:00:00,9.712,9.86,9.43,9.763,8041728.93
2020-09-29 20:00:00,9.762,10.15,9.67,10.129,4801192.66
2020-09-30 00:00:00,10.13,10.237,9.81,9.877,4068468.49
2020-09-30 04:00:00,9.88,9.93,9.563,9.704,4273177.01
2020-09-30 08:00:00,9.704,9.895,9.641,9.704,3474170.84
2020-09-30 12:00:00,9.703,10.024,9.67,9.934,3855708.84
2020-09-30 16:00:00,9.934,9.999,9.739,9.77,3321634.72
2020-09-30 20:00:00,9.769,9.89,9.66,9.859,2527205.42
2020-10-01 00:00:00,9.859,10.171,9.857,9.984,3607134.56
2020-10-01 04:00:00,9.985,10.312,9.948,10.244,3721794.87
2020-10-01 08:00:00,10.244,10.41,10.163,10.376,3567604.88
2020-10-01 12:00:00,10.376,10.398,9.848,9.889,4293212.61
2020-10-01 16:00:00,9.889,9.889,9.27,9.681,11760426.15
2020-10-01 20:00:00,9.681,9.682,9.437,9.632,3176819.3
2020-10-02 00:00:00,9.631,9.804,9.509,9.796,3280767.73
2020-10-02 04:00:00,9.791,9.84,9.166,9.275,7441576.22
2020-10-02 08:00:00,9.275,9.287,8.794,8.842,9481315.02
2020-10-02 12:00:00,8.842,9.313,8.825,9.103,7645155.91
2020-10-02 16:00:00,9.103,9.308,9.007,9.132,4187590.22
2020-10-02 20:00:00,9.129,9.343,8.972,9.202,4033376.51
2020-10-03 00:00:00,9.202,9.281,9.088,9.254,2919806.55
2020-10-03 04:00:00,9.254,9.306,9.123,9.167,2113572.41
2020-10-03 08:00:00,9.166,9.328,9.103,9.233,2632010.04
2020-10-03 12:00:00,9.23,9.243,9.127,9.187,2216900.1
2020-10-03 16:00:00,9.187,9.533,9.139,9.408,4207992.15
2020-10-03 20:00:00,9.408,9.426,9.225,9.26,2463260.58
2020-10-04 00:00:00,9.26,9.303,9.102,9.141,2653702.65
2020-10-04 04:00:00,9.14,9.33,9.14,9.279,2200970.51
2020-10-04 08:00:00,9.277,9.315,9.161,9.227,1680123.78
2020-10-04 12:00:00,9.23,9.325,9.141,9.171,2477757.8
2020-10-04 16:00:00,9.171,9.436,9.133,9.379,2991876.5
2020-10-04 20:00:00,9.381,9.45,9.31,9.383,2402377.59
2020-10-05 00:00:00,9.379,9.595,9.364,9.481,3042262.36
2020-10-05 04:00:00,9.481,9.485,9.256,9.356,2668480.34
2020-10-05 08:00:00,9.356,9.409,9.306,9.323,2046115.77
2020-10-05 12:00:00,9.322,9.531,9.301,9.509,3410912.88
2020-10-05 16:00:00,9.509,9.731,9.436,9.562,5069740.51
2020-10-05 20:00:00,9.561,9.683,9.516,9.605,2411218.05
2020-10-06 00:00:00,9.605,9.652,9.453,9.535,2161674.87
2020-10-06 04:00:00,9.535,9.583,9.287,9.336,2184354.54
2020-10-06 08:00:00,9.333,9.406,9.013,9.128,4879286.55
2020-10-06 12:00:00,9.128,9.272,8.875,9.248,5740256.76
2020-10-06 16:00:00,9.248,9.264,8.825,8.886,5063387.83
2020-10-06 20:00:00,8.884,8.951,8.55,8.765,4666652.81
2020-10-07 00:00:00,8.767,8.769,8.377,8.626,4958348.51
2020-10-07 04:00:00,8.625,8.879,8.558,8.798,4348530.45
2020-10-07 08:00:00,8.798,8.824,8.584,8.687,3419352.5
2020-10-07 12:00:00,8.687,9.0,8.687,8.904,5053924.8
2020-10-07 16:00:00,8.904,8.985,8.767,8.885,3511270.01
2020-10-07 20:00:00,8.885,9.013,8.823,8.963,2309736.92
2020-10-08 00:00:00,8.964,9.0,8.756,8.776,1991424.75
2020-10-08 04:00:00,8.775,8.777,8.422,8.557,4178134.47
2020-10-08 08:00:00,8.557,8.683,8.482,8.62,3291420.53
2020-10-08 12:00:00,8.621,9.384,8.596,9.24,8940702.98
2020-10-08 16:00:00,9.238,9.54,9.231,9.437,6268286.25
2020-10-08 20:00:00,9.435,9.676,9.375,9.544,4596404.31
2020-10-09 00:00:00,9.547,9.616,9.384,9.495,3102663.98
2020-10-09 04:00:00,9.495,9.55,9.356,9.445,2736069.99
2020-10-09 08:00:00,9.446,10.283,9.428,10.079,9818571.16
2020-10-09 12:00:00,10.08,10.47,9.968,10.407,7485760.1
2020-10-09 16:00:00,10.408,10.494,10.125,10.244,5949033.14
2020-10-09 20:00:00,10.248,10.51,10.185,10.386,3991763.24
2020-10-10 00:00:00,10.386,10.92,10.385,10.756,7676043.57
2020-10-10 04:00:00,10.756,10.765,10.511,10.679,3630130.15
2020-10-10 08:00:00,10.679,10.784,10.36,10.559,4757854.09
2020-10-10 12:00:00,10.559,10.738,10.454,10.541,4453030.18
2020-10-10 16:00:00,10.541,10.714,10.397,10.629,4225427.93
2020-10-10 20:00:00,10.627,10.767,10.396,10.514,4215047.21
2020-10-11 00:00:00,10.513,10.56,10.184,10.287,3716745.67
2020-10-11 04:00:00,10.288,10.463,10.147,10.397,2793771.44
2020-10-11 08:00:00,10.398,10.7,10.38,10.598,3403823.07
2020-10-11 12:00:00,10.598,10.689,10.46,10.601,4502789.83
2020-10-11 16:00:00,10.602,11.026,10.527,10.696,7956435.17
2020-10-11 20:00:00,10.697,10.885,10.554,10.834,4967778.57
2020-10-12 00:00:00,10.833,10.913,10.67,10.84,3029663.99
2020-10-12 04:00:00,10.84,11.375,10.677,11.29,7239831.0
2020-10-12 08:00:00,11.289,11.299,10.724,10.848,7820813.42
2020-10-12 12:00:00,10.848,11.416,10.83,11.343,8382436.55
2020-10-12 16:00:00,11.343,11.715,11.262,11.531,8295759.65
2020-10-12 20:00:00,11.531,11.793,11.33,11.418,5988284.23
2020-10-13 00:00:00,11.418,11.469,11.241,11.273,4217595.65
2020-10-13 04:00:00,11.275,11.473,11.215,11.324,3453615.84
2020-10-13 08:00:00,11.324,11.573,11.254,11.428,5170932.06
2020-10-13 12:00:00,11.427,11.479,11.012,11.152,7490439.67
2020-10-13 16:00:00,11.152,11.232,10.516,10.863,8857350.94
2020-10-13 20:00:00,10.865,11.121,10.825,10.998,3680850.64
2020-10-14 00:00:00,10.998,11.316,10.939,11.212,3617492.19
2020-10-14 04:00:00,11.211,11.254,11.025,11.103,2645320.67
2020-10-14 08:00:00,11.102,11.248,10.802,10.828,5043056.8
2020-10-14 12:00:00,10.827,11.332,10.762,10.874,8315088.56
2020-10-14 16:00:00,10.876,11.018,10.611,10.742,5229209.91
2020-10-14 20:00:00,10.742,10.99,10.716,10.888,3051073.26
2020-10-15 00:00:00,10.887,10.898,10.594,10.699,3560918.69
2020-10-15 04:00:00,10.7,10.9,10.654,10.815,2729668.62
2020-10-15 08:00:00,10.816,10.833,10.47,10.592,6438712.9
2020-10-15 12:00:00,10.592,10.748,10.49,10.705,5553913.8
2020-10-15 16:00:00,10.707,10.885,10.631,10.839,5617538.06
2020-10-15 20:00:00,10.84,10.933,10.67,10.752,2414028.64
2020-10-16 00:00:00,10.752,10.862,10.63,10.759,2017867.65
2020-10-16 04:00:00,10.757,10.762,10.274,10.454,5832281.24
2020-10-16 08:00:00,10.455,10.646,10.261,10.582,4674925.22
2020-10-16 12:00:00,10.583,10.74,10.536,10.647,3898595.2
2020-10-16 16:00:00,10.648,10.89,10.624,10.685,3649917.72
2020-10-16 20:00:00,10.688,10.717,10.51,10.58,2588357.56
2020-10-17 00:00:00,10.58,10.658,10.41,10.638,2345167.83
2020-10-17 04:00:00,10.638,10.71,10.558,10.603,1622967.97
2020-10-17 08:00:00,10.603,10.654,10.516,10.583,1654525.9
2020-10-17 12:00:00,10.582,10.686,10.412,10.503,3626898.52
2020-10-17 16:00:00,10.502,10.545,10.448,10.519,1680984.6
2020-10-17 20:00:00,10.519,10.664,10.484,10.616,1682826.61
2020-10-18 00:00:00,10.616,10.788,10.588,10.699,1837523.5
2020-10-18 04:00:00,10.697,10.894,10.688,10.869,2084608.39
2020-10-18 08:00:00,10.867,10.905,10.714,10.753,2246866.78
2020-10-18 12:00:00,10.754,10.899,10.732,10.807,2229338.4
2020-10-18 16:00:00,10.806,10.954,10.802,10.854,2288273.62
2020-10-18 20:00:00,10.854,10.98,10.815,10.936,1924458.14
2020-10-19 00:00:00,10.935,10.98,10.651,10.664,2909841.51
2020-10-19 04:00:00,10.663,10.769,10.651,10.764,2123316.96
2020-10-19 08:00:00,10.765,10.855,10.723,10.746,2440115.72
2020-10-19 12:00:00,10.746,11.038,10.691,11.005,5911010.46
2020-10-19 16:00:00,11.005,11.227,10.92,10.997,4608478.29
2020-10-19 20:00:00,10.997,11.031,10.831,10.92,2342573.0
2020-10-20 00:00:00,10.92,10.937,10.805,10.907,1784140.79
2020-10-20 04:00:00,10.909,10.913,10.33,10.689,4613053.87
2020-10-20 08:00:00,10.69,10.75,10.362,10.4,4949930.13
2020-10-20 12:00:00,10.4,10.49,10.154,10.336,5433613.45
2020-10-20 16:00:00,10.337,10.344,9.917,9.968,6786702.14
2020-10-20 20:00:00,9.968,10.173,9.756,9.852,4081198.0
2020-10-21 00:00:00,9.852,10.399,9.781,10.297,5137537.81
2020-10-21 04:00:00,10.297,10.583,10.266,10.411,4538416.99
2020-10-21 08:00:00,10.412,10.542,10.306,10.434,3535542.05
2020-10-21 12:00:00,10.435,10.871,10.332,10.813,7132084.58
2020-10-21 16:00:00,10.812,11.14,10.752,10.838,6929142.81
2020-10-21 20:00:00,10.84,11.136,10.751,10.78,6156659.94
2020-10-22 00:00:00,10.781,11.003,10.759,10.787,3091981.32
2020-10-22 04:00:00,10.787,11.211,10.711,11.178,3458951.92
2020-10-22 08:00:00,11.178,11.616,11.155,11.592,6856280.62
2020-10-22 12:00:00,11.591,11.8,11.352,11.734,7175055.22
2020-10-22 16:00:00,11.734,12.35,11.731,12.12,11088170.42
2020-10-22 20:00:00,12.12,12.426,11.767,11.948,7210025.54
2020-10-23 00:00:00,11.949,12.239,11.72,11.992,5241608.48
2020-10-23 04:00:00,11.993,12.139,11.78,11.801,3792025.71
2020-10-23 08:00:00,11.803,12.218,11.716,12.077,5462508.33
2020-10-23 12:00:00,12.077,12.274,11.831,11.949,5739279.72
2020-10-23 16:00:00,11.949,12.12,11.58,12.05,6966862.51
2020-10-23 20:00:00,12.048,12.232,11.906,12.156,5015464.1
2020-10-24 00:00:00,12.153,12.247,11.979,12.162,3010480.2
2020-10-24 04:00:00,12.163,12.592,12.163,12.282,4741251.0
2020-10-24 08:00:00,12.282,12.507,12.232,12.502,3777740.81
2020-10-24 12:00:00,12.498,12.848,12.385,12.657,8536664.92
2020-10-24 16:00:00,12.656,12.95,12.655,12.859,5429348.43
2020-10-24 20:00:00,12.858,12.888,12.59,12.691,2862272.94
2020-10-25 00:00:00,12.692,12.85,12.518,12.741,3095857.16
2020-10-25 04:00:00,12.743,12.785,12.21,12.509,5251601.55
2020-10-25 08:00:00,12.508,12.508,12.057,12.169,4587596.95
2020-10-25 12:00:00,12.168,12.371,12.06,12.104,3553532.08
2020-10-25 16:00:00,12.102,12.342,11.9,12.28,4218512.03
2020-10-25 20:00:00,12.279,12.4,12.025,12.148,2897418.17
2020-10-26 00:00:00,12.146,12.45,11.919,12.35,3880916.5
2020-10-26 04:00:00,12.348,12.444,12.034,12.083,3383261.86
2020-10-26 08:00:00,12.082,12.23,11.942,12.118,3695240.41
2020-10-26 12:00:00,12.116,12.144,11.52,11.628,8104285.43
2020-10-26 16:00:00,11.629,11.75,11.256,11.709,9307382.82
2020-10-26 20:00:00,11.71,11.878,11.667,11.701,3207100.35
2020-10-27 00:00:00,11.701,11.94,11.69,11.742,2513446.57
2020-10-27 04:00:00,11.743,11.886,11.6,11.715,2464676.78
2020-10-27 08:00:00,11.715,12.073,11.487,12.073,5861930.9
2020-10-27 12:00:00,12.07,12.282,11.97,12.184,6528996.69
2020-10-27 16:00:00,12.185,12.465,12.137,12.239,6400140.28
2020-10-27 20:00:00,12.24,12.259,11.824,11.912,4897371.04
2020-10-28 00:00:00,11.911,12.158,11.72,11.905,3953628.11
2020-10-28 04:00:00,11.904,11.983,11.58,11.771,4088598.81
2020-10-28 08:00:00,11.77,11.789,11.35,11.425,5919257.17
2020-10-28 12:00:00,11.423,11.622,11.14,11.501,6618688.47
2020-10-28 16:00:00,11.501,11.65,11.281,11.483,3986993.37
2020-10-28 20:00:00,11.485,11.515,11.181,11.434,3179657.87
2020-10-29 00:00:00,11.433,11.74,11.401,11.735,3456115.11
2020-10-29 04:00:00,11.735,11.803,11.523,11.543,3055171.25
2020-10-29 08:00:00,11.537,11.579,11.26,11.26,3766686.03
2020-10-29 12:00:00,11.263,11.699,11.068,11.588,6775971.02
2020-10-29 16:00:00,11.588,11.653,11.224,11.228,4756141.73
2020-10-29 20:00:00,11.228,11.426,11.1,11.269,3865140.2
2020-10-30 00:00:00,11.269,11.476,11.044,11.091,3754638.59
2020-10-30 04:00:00,11.09,11.192,10.805,11.037,5816921.29
2020-10-30 08:00:00,11.037,11.173,10.75,10.969,5070409.41
2020-10-30 12:00:00,10.968,11.1,10.792,11.098,4803595.42
2020-10-30 16:00:00,11.094,11.23,10.932,11.119,4089323.18
2020-10-30 20:00:00,11.118,11.344,11.0,11.091,3387895.21
2020-10-31 00:00:00,11.092,11.28,10.975,11.032,3040906.13
2020-10-31 04:00:00,11.033,11.145,10.906,11.11,1835168.7
2020-10-31 08:00:00,11.109,11.396,11.071,11.245,5039811.95
2020-10-31 12:00:00,11.244,11.38,11.21,11.284,2912012.27
2020-10-31 16:00:00,11.282,11.339,11.055,11.137,2616480.51
2020-10-31 20:00:00,11.136,11.254,11.073,11.222,1951693.69
2020-11-01 00:00:00,11.222,11.383,11.136,11.212,2958705.22
2020-11-01 04:00:00,11.211,11.268,11.116,11.256,1582288.67
2020-11-01 08:00:00,11.255,11.267,11.015,11.072,2066562.7
2020-11-01 12:00:00,11.071,11.225,11.03,11.178,1787533.87
2020-11-01 16:00:00,11.178,11.245,11.128,11.209,1287370.27
2020-11-01 20:00:00,11.21,11.59,11.21,11.57,4525000.27
2020-11-02 00:00:00,11.569,11.69,11.486,11.509,3755559.4
2020-11-02 04:00:00,11.509,11.67,11.416,11.639,2155499.76
2020-11-02 08:00:00,11.639,11.642,11.01,11.11,7092413.25
2020-11-02 12:00:00,11.108,11.108,10.707,10.927,7109755.03
2020-11-02 16:00:00,10.927,10.966,10.755,10.921,3901216.49
2020-11-02 20:00:00,10.921,10.991,10.779,10.779,3013117.26
2020-11-03 00:00:00,10.779,10.782,9.953,10.18,8185465.22
2020-11-03 04:00:00,10.181,10.399,10.064,10.274,4759092.81
2020-11-03 08:00:00,10.272,10.521,10.221,10.478,4558482.05
2020-11-03 12:00:00,10.478,10.64,10.308,10.329,5980164.9
2020-11-03 16:00:00,10.325,10.348,10.05,10.292,4485262.4
2020-11-03 20:00:00,10.292,10.558,10.271,10.394,3618974.68
2020-11-04 00:00:00,10.392,10.398,10.16,10.303,3855046.02
2020-11-04 04:00:00,10.302,10.41,10.064,10.121,3549296.4
2020-11-04 08:00:00,10.122,10.325,10.076,10.158,4255661.25
2020-11-04 12:00:00,10.158,10.223,9.741,9.875,7330057.3
2020-11-04 16:00:00,9.878,10.666,9.771,10.577,10610772.37
2020-11-04 20:00:00,10.572,10.621,10.36,10.469,3975904.76
2020-11-05 00:00:00,10.469,10.635,10.409,10.542,3020870.97
2020-11-05 04:00:00,10.542,10.63,10.37,10.44,3515367.79
2020-11-05 08:00:00,10.443,10.485,10.129,10.233,5295626.48
2020-11-05 12:00:00,10.233,10.9,10.077,10.791,10496929.65
2020-11-05 16:00:00,10.792,11.271,10.741,11.066,10028029.24
2020-11-05 20:00:00,11.066,11.189,10.904,10.971,4523118.03
2020-11-06 00:00:00,10.971,11.546,10.916,11.15,7640929.47
2020-11-06 04:00:00,11.148,11.439,11.133,11.408,2752465.29
2020-11-06 08:00:00,11.409,11.717,11.131,11.639,6085501.82
2020-11-06 12:00:00,11.639,11.872,11.423,11.51,7161176.0
2020-11-06 16:00:00,11.506,12.023,11.495,11.858,6740185.6
2020-11-06 20:00:00,11.858,12.294,11.67,12.171,7043519.71
2020-11-07 00:00:00,12.172,13.741,12.167,12.892,17917812.86
2020-11-07 04:00:00,12.895,13.124,12.733,12.97,6714310.03
2020-11-07 08:00:00,12.971,13.486,12.823,13.455,8414078.0
2020-11-07 12:00:00,13.455,13.493,12.077,12.688,16079990.75
2020-11-07 16:00:00,12.687,13.048,11.45,11.755,19913897.61
2020-11-07 20:00:00,11.753,12.092,11.476,11.766,8730893.74
2020-11-08 00:00:00,11.765,12.186,11.475,11.924,6137914.51
2020-11-08 04:00:00,11.925,12.085,11.781,11.859,3543175.15
2020-11-08 08:00:00,11.854,12.597,11.827,12.539,5800623.93
2020-11-08 12:00:00,12.539,12.979,12.229,12.799,8044646.65
2020-11-08 16:00:00,12.8,13.1,12.605,12.692,6812959.86
2020-11-08 20:00:00,12.693,12.86,12.29,12.71,5656656.2
2020-11-09 00:00:00,12.71,12.83,12.355,12.365,4625596.3
2020-11-09 04:00:00,12.363,12.499,12.163,12.18,4007264.58
2020-11-09 08:00:00,12.181,13.013,12.055,12.936,7576992.45
2020-11-09 12:00:00,12.933,12.969,12.112,12.255,13067895.5
2020-11-09 16:00:00,12.255,12.716,12.044,12.565,7888141.0
2020-11-09 20:00:00,12.565,12.8,12.4,12.508,5731703.02
2020-11-10 00:00:00,12.508,12.8,12.306,12.771,4905792.04
2020-11-10 04:00:00,12.771,13.121,12.648,12.795,7282902.69
2020-11-10 08:00:00,12.797,13.228,12.64,12.801,8428460.15
2020-11-10 12:00:00,12.802,12.993,12.491,12.63,7333515.88
2020-11-10 16:00:00,12.63,13.103,12.63,13.071,5403658.74
2020-11-10 20:00:00,13.076,13.3,12.909,13.018,6882091.55
2020-11-11 00:00:00,13.017,13.4,12.996,13.168,6118676.37
2020-11-11 04:00:00,13.173,13.25,13.004,13.175,2903108.23
2020-11-11 08:00:00,13.175,13.218,12.9,12.987,4457955.8
2020-11-11 12:00:00,12.989,13.115,12.823,12.978,3816900.7
2020-11-11 16:00:00,12.978,13.438,12.976,13.143,7408817.4
2020-11-11 20:00:00,13.142,13.142,12.745,12.757,6153643.11
2020-11-12 00:00:00,12.758,12.828,12.357,12.718,5961342.93
2020-11-12 04:00:00,12.717,12.935,12.672,12.876,2863473.3
2020-11-12 08:00:00,12.876,13.097,12.519,12.65,5902876.78
2020-11-12 12:00:00,12.651,12.761,12.356,12.594,5568900.1
2020-11-12 16:00:00,12.596,12.601,12.262,12.436,4413358.39
2020-11-12 20:00:00,12.436,12.597,12.315,12.405,2662251.52
2020-11-13 00:00:00,12.405,12.88,12.299,12.728,5123464.72
2020-11-13 04:00:00,12.729,12.738,12.405,12.477,2851275.65
2020-11-13 08:00:00,12.478,12.944,12.429,12.811,5050816.04
2020-11-13 12:00:00,12.81,12.99,12.703,12.763,5200812.6
2020-11-13 16:00:00,12.763,12.893,12.481,12.876,4658350.6
2020-11-13 20:00:00,12.88,13.012,12.764,12.867,3831606.61
2020-11-14 00:00:00,12.867,12.938,12.62,12.751,2953513.14
2020-11-14 04:00:00,12.751,12.757,12.557,12.613,2049613.43
2020-11-14 08:00:00,12.613,12.63,12.316,12.503,4173926.88
2020-11-14 12:00:00,12.502,12.647,12.45,12.541,2235900.94
2020-11-14 16:00:00,12.541,12.665,12.35,12.529,3776049.7
2020-11-14 20:00:00,12.529,12.631,12.436,12.565,1629501.42
2020-11-15 00:00:00,12.566,12.646,12.401,12.418,2157752.83
2020-11-15 04:00:00,12.42,12.61,12.4,12.6,1552089.29
2020-11-15 08:00:00,12.6,12.662,12.408,12.41,2521103.98
2020-11-15 12:00:00,12.41,12.556,12.36,12.471,2081093.96
2020-11-15 16:00:00,12.471,12.574,11.9,12.007,7207839.56
2020-11-15 20:00:00,12.007,12.161,11.815,12.121,3314055.61
2020-11-16 00:00:00,12.123,12.255,11.991,12.149,2997793.35
2020-11-16 04:00:00,12.15,12.338,12.122,12.306,2397791.23
2020-11-16 08:00:00,12.306,12.433,12.228,12.294,2630031.41
2020-11-16 12:00:00,12.289,12.8,12.253,12.717,5991926.42
2020-11-16 16:00:00,12.716,12.825,12.56,12.636,5047145.15
2020-11-16 20:00:00,12.635,12.729,12.5,12.628,2625838.58
2020-11-17 00:00:00,12.629,13.019,12.605,12.746,5200642.21
2020-11-17 04:00:00,12.745,12.969,12.733,12.944,2406509.43
2020-11-17 08:00:00,12.946,13.012,12.652,12.788,3543425.41
2020-11-17 12:00:00,12.788,13.015,12.556,12.737,5890352.76
2020-11-17 16:00:00,12.737,13.256,12.644,13.24,8996055.86
2020-11-17 20:00:00,13.24,13.473,13.017,13.427,6798138.12
2020-11-18 00:00:00,13.426,14.394,13.419,13.934,12042655.83
2020-11-18 04:00:00,13.934,14.289,12.51,13.588,17059742.97
2020-11-18 08:00:00,13.587,13.79,13.279,13.564,6956160.37
2020-11-18 12:00:00,13.561,13.597,12.84,13.265,8176745.44
2020-11-18 16:00:00,13.264,13.418,13.05,13.114,5149914.32
2020-11-18 20:00:00,13.114,13.701,12.927,13.573,5077661.06
2020-11-19 00:00:00,13.575,13.632,13.227,13.443,4050016.71
2020-11-19 04:00:00,13.443,13.468,13.1,13.191,2872764.05
2020-11-19 08:00:00,13.191,13.526,13.017,13.512,4704547.57
2020-11-19 12:00:00,13.513,13.918,13.426,13.859,7144536.33
2020-11-19 16:00:00,13.86,14.03,13.555,13.681,5212179.17
2020-11-19 20:00:00,13.685,14.0,13.4,13.62,6181316.28
2020-11-20 00:00:00,13.62,13.921,13.471,13.802,3996294.65
2020-11-20 04:00:00,13.802,13.973,13.66,13.834,4655902.49
2020-11-20 08:00:00,13.834,14.297,13.765,14.165,7436126.59
2020-11-20 12:00:00,14.165,14.517,13.941,14.248,8211267.3
2020-11-20 16:00:00,14.252,14.4,14.066,14.281,5125158.06
2020-11-20 20:00:00,14.284,14.396,14.022,14.106,3276814.83
2020-11-21 00:00:00,14.106,14.38,13.83,14.02,4945163.2
2020-11-21 04:00:00,14.02,14.28,13.68,14.255,4356785.43
2020-11-21 08:00:00,14.257,14.585,14.056,14.106,6446084.07
2020-11-21 12:00:00,14.106,15.227,13.978,15.132,12012494.29
2020-11-21 16:00:00,15.127,15.42,14.805,15.161,9163701.68
2020-11-21 20:00:00,15.162,15.56,14.923,15.477,7310059.27
2020-11-22 00:00:00,15.48,15.75,14.616,15.07,10263023.74
2020-11-22 04:00:00,15.074,15.076,14.4,14.77,5531873.99
2020-11-22 08:00:00,14.768,14.941,13.8,14.156,8273127.78
2020-11-22 12:00:00,14.161,14.505,14.05,14.399,4621489.15
2020-11-22 16:00:00,14.399,15.078,14.2,15.062,7085356.03
2020-11-22 20:00:00,15.063,15.223,14.439,14.528,6680048.43
2020-11-23 00:00:00,14.526,14.793,14.279,14.692,5315987.25
2020-11-23 04:00:00,14.695,15.104,14.666,14.995,5393836.42
2020-11-23 08:00:00,14.995,15.206,14.88,14.933,4905011.94
2020-11-23 12:00:00,14.928,15.31,14.544,14.787,8783328.7
2020-11-23 16:00:00,14.786,15.033,14.62,15.003,4727291.4
2020-11-23 20:00:00,15.003,15.448,14.851,15.279,6866997.54
2020-11-24 00:00:00,15.278,15.974,15.216,15.724,8315784.72
2020-11-24 04:00:00,15.726,16.413,15.0,15.65,13313084.82
2020-11-24 08:00:00,15.648,16.39,15.126,15.383,10328270.73
2020-11-24 12:00:00,15.382,15.652,14.96,15.616,6542099.45
2020-11-24 16:00:00,15.619,15.908,15.434,15.787,6212928.79
2020-11-24 20:00:00,15.787,15.937,15.32,15.694,5226340.45
2020-11-25 00:00:00,15.693,15.918,15.103,15.236,5484791.04
2020-11-25 04:00:00,15.243,15.464,15.012,15.393,3316890.59
2020-11-25 08:00:00,15.393,15.6,15.294,15.587,3501506.81
2020-11-25 12:00:00,15.587,15.64,15.1,15.301,4401677.72
2020-11-25 16:00:00,15.305,15.43,14.851,14.958,4097049.49
2020-11-25 20:00:00,14.961,15.033,13.795,14.226,9624759.95
2020-11-26 00:00:00,14.226,14.484,11.14,12.353,17526063.07
2020-11-26 04:00:00,12.345,13.051,11.978,12.501,12436099.86
2020-11-26 08:00:00,12.508,12.83,11.474,12.543,15356676.21
2020-11-26 12:00:00,12.544,12.85,11.891,12.091,9343921.66
2020-11-26 16:00:00,12.098,12.199,11.28,12.019,11692052.08
2020-11-26 20:00:00,12.019,12.901,12.015,12.6,8287108.6
2020-11-27 00:00:00,12.6,12.947,12.3,12.508,6077308.35
2020-11-27 04:00:00,12.512,12.83,12.431,12.517,3369303.43
2020-11-27 08:00:00,12.517,12.524,12.025,12.199,6268966.55
2020-11-27 12:00:00,12.205,12.483,11.975,12.03,4992523.02
2020-11-27 16:00:00,12.031,12.398,11.952,12.264,3483649.68
2020-11-27 20:00:00,12.264,12.675,12.218,12.51,3797000.18
2020-11-28 00:00:00,12.511,12.699,12.417,12.554,2550953.45
2020-11-28 04:00:00,12.554,12.611,12.36,12.551,1645761.76
2020-11-28 08:00:00,12.551,12.67,12.381,12.629,2412310.0
2020-11-28 12:00:00,12.628,13.28,12.601,13.256,5626449.29
2020-11-28 16:00:00,13.257,13.433,13.131,13.384,5571143.37
2020-11-28 20:00:00,13.382,13.39,13.014,13.09,2974790.79
2020-11-29 00:00:00,13.087,13.174,12.848,13.066,3030609.73
2020-11-29 04:00:00,13.067,13.165,12.9,13.067,1992744.19
2020-11-29 08:00:00,13.066,13.488,13.044,13.203,3982869.83
2020-11-29 12:00:00,13.203,13.29,13.015,13.185,3126991.03
2020-11-29 16:00:00,13.185,13.217,12.915,13.015,2958242.33
2020-11-29 20:00:00,13.015,13.428,13.006,13.395,3798329.89
2020-11-30 00:00:00,13.396,14.22,13.394,14.076,7972171.7
2020-11-30 04:00:00,14.075,14.164,13.905,14.024,2650127.98
2020-11-30 08:00:00,14.024,14.062,13.606,13.873,3746393.37
2020-11-30 12:00:00,13.873,14.414,13.775,13.968,7620667.87
2020-11-30 16:00:00,13.968,14.467,13.968,14.083,5158486.14
2020-11-30 20:00:00,14.087,14.36,14.012,14.284,3095067.74
2020-12-01 00:00:00,14.287,14.455,14.081,14.22,3888660.23
2020-12-01 04:00:00,14.218,14.641,14.121,14.564,3353500.3
2020-12-01 08:00:00,14.569,14.885,14.221,14.311,6921691.79
2020-12-01 12:00:00,14.313,14.392,13.061,13.969,13850108.7
2020-12-01 16:00:00,13.969,14.035,13.455,13.782,5571993.01
2020-12-01 20:00:00,13.782,13.878,13.313,13.358,2769885.33
2020-12-02 00:00:00,13.359,13.62,13.055,13.21,3816547.98
2020-12-02 04:00:00,13.21,13.672,13.13,13.662,3071348.17
2020-12-02 08:00:00,13.662,13.942,13.559,13.833,3466432.44
2020-12-02 12:00:00,13.834,13.848,13.507,13.668,3119245.6
2020-12-02 16:00:00,13.668,14.02,13.468,13.945,3170453.36
2020-12-02 20:00:00,13.941,14.171,13.863,13.995,3121597.7
2020-12-03 00:00:00,13.995,14.112,13.748,13.894,2325523.58
2020-12-03 04:00:00,13.892,14.08,13.668,13.949,2627564.4
2020-12-03 08:00:00,13.95,14.107,13.78,14.021,3066966.6
2020-12-03 12:00:00,14.021,14.124,13.842,14.124,2914113.65
2020-12-03 16:00:00,14.124,14.244,13.858,13.951,2970156.94
2020-12-03 20:00:00,13.955,14.042,13.888,13.985,1702557.36
2020-12-04 00:00:00,13.986,14.053,13.551,13.568,2558485.08
2020-12-04 04:00:00,13.569,13.775,13.506,13.656,1388276.56
2020-12-04 08:00:00,13.66,13.872,13.176,13.326,4134620.85
2020-12-04 12:00:00,13.326,13.475,13.21,13.288,2735910.2
2020-12-04 16:00:00,13.288,13.365,13.007,13.327,2847336.43
2020-12-04 20:00:00,13.326,13.343,12.5,12.689,4177962.7
2020-12-05 00:00:00,12.685,13.042,12.53,12.931,2807758.61
2020-12-05 04:00:00,12.93,13.247,12.878,13.06,2444657.26
2020-12-05 08:00:00,13.065,13.357,13.063,13.183,2800452.61
2020-12-05 12:00:00,13.181,13.34,13.071,13.277,2033192.82
2020-12-05 16:00:00,13.277,13.3,13.13,13.269,1775024.22
2020-12-05 20:00:00,13.269,13.274,13.064,13.177,1885608.39
2020-12-06 00:00:00,13.177,13.386,13.176,13.208,2248427.7
2020-12-06 04:00:00,13.209,13.243,13.112,13.199,1214542.61
2020-12-06 08:00:00,13.2,13.215,12.924,13.066,1823458.82
2020-12-06 12:00:00,13.065,13.241,12.771,13.146,2633514.71
2020-12-06 16:00:00,13.149,13.506,13.061,13.4,2423002.28
2020-12-06 20:00:00,13.399,13.55,13.214,13.519,2658111.9
2020-12-07 00:00:00,13.52,13.574,13.256,13.28,1613796.72
2020-12-07 04:00:00,13.28,13.346,13.226,13.305,1211286.86
2020-12-07 08:00:00,13.307,13.328,13.05,13.056,1546326.94
2020-12-07 12:00:00,13.056,13.311,13.022,13.206,2472342.02
2020-12-07 16:00:00,13.208,13.27,12.88,12.966,2106663.44
2020-12-07 20:00:00,12.964,13.159,12.913,13.082,1124049.98
2020-12-08 00:00:00,13.083,13.17,13.015,13.063,1190481.89
2020-12-08 04:00:00,13.063,13.207,13.041,13.087,1118002.99
2020-12-08 08:00:00,13.087,13.119,12.523,12.536,3699541.49
2020-12-08 12:00:00,12.539,12.739,12.382,12.59,2928835.82
2020-12-08 16:00:00,12.592,12.695,12.353,12.525,2690370.1
2020-12-08 20:00:00,12.524,12.567,11.994,12.135,3795982.55
2020-12-09 00:00:00,12.14,12.175,11.6,11.97,6039259.15
2020-12-09 04:00:00,11.967,12.056,11.666,11.714,2915327.18
2020-12-09 08:00:00,11.714,12.326,11.568,12.22,5109192.03
2020-12-09 12:00:00,12.22,12.435,12.177,12.311,2712219.56
2020-12-09 16:00:00,12.311,12.54,12.166,12.377,2705247.13
2020-12-09 20:00:00,12.375,12.832,12.375,12.617,2481219.24
2020-12-10 00:00:00,12.616,12.671,12.357,12.363,1282557.57
2020-12-10 04:00:00,12.363,12.475,12.16,12.256,1530624.43
2020-12-10 08:00:00,12.256,12.383,12.1,12.146,1814288.28
2020-12-10 12:00:00,12.147,12.282,11.855,12.073,2842480.35
2020-12-10 16:00:00,12.072,12.124,11.981,12.102,1878869.15
2020-12-10 20:00:00,12.099,12.195,11.88,11.916,1755244.46
2020-12-11 00:00:00,11.916,11.994,11.51,11.803,4275716.8
2020-12-11 04:00:00,11.803,11.874,11.572,11.67,2087583.33
2020-12-11 08:00:00,11.67,11.835,11.423,11.493,3177958.38
2020-12-11 12:00:00,11.493,11.818,11.459,11.75,2218928.1
2020-12-11 16:00:00,11.751,11.757,11.501,11.662,1978029.35
2020-12-11 20:00:00,11.662,11.841,11.58,11.644,2396566.55
2020-12-12 00:00:00,11.645,12.156,11.603,12.077,2785302.65
2020-12-12 04:00:00,12.076,12.249,12.051,12.223,1768829.6
2020-12-12 08:00:00,12.224,12.268,12.048,12.134,1750305.15
2020-12-12 12:00:00,12.135,12.161,11.852,11.915,2077687.62
2020-12-12 16:00:00,11.915,12.1,11.872,12.078,1859266.02
2020-12-12 20:00:00,12.08,12.358,12.052,12.228,2656082.48
2020-12-13 00:00:00,12.229,12.442,12.026,12.074,1927200.78
2020-12-13 04:00:00,12.074,12.416,12.04,12.395,1999979.71
2020-12-13 08:00:00,12.395,12.697,12.392,12.619,2976478.06
2020-12-13 12:00:00,12.621,12.69,12.493,12.599,2105184.12
2020-12-13 16:00:00,12.598,13.277,12.598,12.999,4959279.79
2020-12-13 20:00:00,12.999,13.07,12.816,12.941,3544103.57
2020-12-14 00:00:00,12.942,12.978,12.713,12.892,2383211.57
2020-12-14 04:00:00,12.892,12.892,12.618,12.679,1745587.89
2020-12-14 08:00:00,12.679,12.794,12.406,12.483,2717783.47
2020-12-14 12:00:00,12.482,12.729,12.322,12.605,3813130.17
2020-12-14 16:00:00,12.605,12.889,12.472,12.811,2780994.72
2020-12-14 20:00:00,12.81,12.991,12.769,12.858,2241574.28
2020-12-15 00:00:00,12.858,13.034,12.762,12.878,1784477.15
2020-12-15 04:00:00,12.878,12.896,12.527,12.644,2224100.14
2020-12-15 08:00:00,12.646,12.804,12.47,12.725,1980267.38
2020-12-15 12:00:00,12.726,12.784,12.595,12.642,1637880.33
2020-12-15 16:00:00,12.644,12.817,12.574,12.789,1471878.94
2020-12-15 20:00:00,12.788,12.86,12.616,12.692,1576755.87
2020-12-16 00:00:00,12.693,12.705,12.313,12.42,2454452.2
2020-12-16 04:00:00,12.42,12.531,12.373,12.498,1150886.47
2020-12-16 08:00:00,12.498,12.698,12.438,12.579,1958869.73
2020-12-16 12:00:00,12.578,13.332,12.473,13.208,6842876.27
2020-12-16 16:00:00,13.206,13.442,13.107,13.293,3791901.59
2020-12-16 20:00:00,13.294,13.519,13.203,13.498,3640173.84
2020-12-17 00:00:00,13.497,13.838,13.34,13.412,5336907.6
2020-12-17 04:00:00,13.41,13.655,13.401,13.594,2144523.3
2020-12-17 08:00:00,13.597,14.379,13.1,14.048,10314922.84
2020-12-17 12:00:00,14.051,14.2,13.746,14.183,4728270.11
2020-12-17 16:00:00,14.181,14.547,13.33,13.64,10401516.36
2020-12-17 20:00:00,13.64,13.784,13.226,13.457,4868994.49
2020-12-18 00:00:00,13.457,14.032,13.187,13.706,5047137.15
2020-12-18 04:00:00,13.705,13.759,13.53,13.703,2238722.08
2020-12-18 08:00:00,13.703,14.038,13.572,13.68,3693430.68
2020-12-18 12:00:00,13.68,13.79,13.3,13.376,3463983.55
2020-12-18 16:00:00,13.376,13.582,13.211,13.443,2434472.35
2020-12-18 20:00:00,13.444,13.583,13.305,13.517,1775021.84
2020-12-19 00:00:00,13.518,13.665,13.311,13.55,1898418.01
2020-12-19 04:00:00,13.553,13.772,13.512,13.572,2217576.21
2020-12-19 08:00:00,13.572,13.925,13.549,13.834,2365337.57
2020-12-19 12:00:00,13.835,14.007,13.66,13.795,3236718.83
2020-12-19 16:00:00,13.795,13.947,13.574,13.618,3074229.08
2020-12-19 20:00:00,13.619,13.758,13.372,13.486,1864128.72
2020-12-20 00:00:00,13.487,13.52,13.238,13.316,2494611.86
2020-12-20 04:00:00,13.315,13.499,13.15,13.494,1893347.03
2020-12-20 08:00:00,13.496,13.819,13.419,13.47,3255972.77
2020-12-20 12:00:00,13.468,13.672,13.209,13.621,2904367.78
2020-12-20 16:00:00,13.62,13.723,13.4,13.44,2016841.14
2020-12-20 20:00:00,13.437,13.7,12.65,13.064,4947021.94
2020-12-21 00:00:00,13.064,13.227,12.867,13.127,2198640.43
2020-12-21 04:00:00,13.126,13.287,13.0,13.181,2221357.18
2020-12-21 08:00:00,13.182,13.227,12.123,12.314,6436390.84
2020-12-21 12:00:00,12.314,12.573,12.15,12.371,3079075.78
2020-12-21 16:00:00,12.371,12.55,12.082,12.396,3610720.83
2020-12-21 20:00:00,12.401,12.602,12.306,12.317,1958971.48
2020-12-22 00:00:00,12.314,12.502,12.122,12.39,2512874.98
2020-12-22 04:00:00,12.39,12.543,12.006,12.071,2869979.38
2020-12-22 08:00:00,12.07,12.307,11.809,12.233,3841374.85
2020-12-22 12:00:00,12.233,12.747,12.216,12.647,3965203.14
2020-12-22 16:00:00,12.645,12.846,12.526,12.564,2945892.37
2020-12-22 20:00:00,12.564,12.848,12.432,12.788,2793802.24
2020-12-23 00:00:00,12.788,12.87,12.491,12.555,2826504.15
2020-12-23 04:00:00,12.551,12.555,12.136,12.307,3217833.11
2020-12-23 08:00:00,12.307,12.376,11.632,11.899,4577946.82
2020-12-23 12:00:00,11.898,12.21,11.7,11.745,4876409.4
2020-12-23 16:00:00,11.744,11.999,11.558,11.885,3412653.51
2020-12-23 20:00:00,11.888,11.914,8.022,10.972,28552445.22
2020-12-24 00:00:00,10.971,11.024,10.003,10.38,11962431.51
2020-12-24 04:00:00,10.385,10.546,9.849,10.29,6379726.93
2020-12-24 08:00:00,10.288,10.698,10.138,10.68,5152202.43
2020-12-24 12:00:00,10.677,11.185,10.511,10.836,6231423.15
2020-12-24 16:00:00,10.836,11.184,10.635,11.122,4977564.45
2020-12-24 20:00:00,11.12,11.683,10.972,11.563,5660884.95
2020-12-25 00:00:00,11.562,11.694,11.157,11.223,3265556.7
2020-12-25 04:00:00,11.226,11.328,11.05,11.252,2521059.7
2020-12-25 08:00:00,11.254,11.89,11.248,11.774,4683212.03
2020-12-25 12:00:00,11.773,11.86,11.337,11.398,3997214.97
2020-12-25 16:00:00,11.398,11.915,11.202,11.55,6852680.76
2020-12-25 20:00:00,11.551,11.684,11.395,11.56,2233032.44
2020-12-26 00:00:00,11.561,11.686,11.484,11.588,2378989.93
2020-12-26 04:00:00,11.589,11.816,11.392,11.491,2629417.58
2020-12-26 08:00:00,11.491,11.588,10.64,10.995,4987595.81
2020-12-26 12:00:00,10.995,11.138,10.778,10.861,4681478.27
2020-12-26 16:00:00,10.861,11.394,10.712,10.923,6412780.68
2020-12-26 20:00:00,10.922,11.082,10.62,10.98,4116779.78
2020-12-27 00:00:00,10.98,11.355,10.853,11.138,3969177.75
2020-12-27 04:00:00,11.136,11.356,11.059,11.14,2969590.79
2020-12-27 08:00:00,11.139,11.162,10.478,10.685,4027292.33
2020-12-27 12:00:00,10.688,12.944,10.492,12.919,17133762.25
2020-12-27 16:00:00,12.928,13.274,12.302,12.745,13594905.03
2020-12-27 20:00:00,12.745,12.751,11.863,12.169,8250628.89
2020-12-28 00:00:00,12.172,12.549,11.979,12.262,5038773.5
2020-12-28 04:00:00,12.262,12.7,12.035,12.527,4569690.87
2020-12-28 08:00:00,12.527,12.694,12.182,12.477,5840683.04
2020-12-28 12:00:00,12.478,12.598,12.175,12.292,5055135.22
2020-12-28 16:00:00,12.293,12.808,12.244,12.638,5423164.96
2020-12-28 20:00:00,12.638,12.974,12.347,12.62,7093690.46
2020-12-29 00:00:00,12.619,13.057,12.02,12.074,5970527.09
2020-12-29 04:00:00,12.074,12.178,11.735,12.008,4890498.97
2020-12-29 08:00:00,12.007,12.262,11.859,12.017,3755349.24
2020-12-29 12:00:00,12.017,12.225,11.306,11.315,6213838.24
2020-12-29 16:00:00,11.315,11.665,10.806,11.579,9178173.78
2020-12-29 20:00:00,11.577,11.813,11.38,11.781,3514188.0
2020-12-30 00:00:00,11.779,11.99,11.519,11.562,3921739.71
2020-12-30 04:00:00,11.564,11.867,11.478,11.637,2778014.95
2020-12-30 08:00:00,11.638,11.74,11.261,11.303,4232619.26
2020-12-30 12:00:00,11.298,11.515,11.237,11.281,2988194.12
2020-12-30 16:00:00,11.281,11.449,11.071,11.316,4466180.2
2020-12-30 20:00:00,11.316,11.436,11.15,11.248,2699130.62
2020-12-31 00:00:00,11.248,11.31,10.944,11.222,3516075.17
2020-12-31 04:00:00,11.217,11.624,11.093,11.519,2957633.75
2020-12-31 08:00:00,11.518,11.756,11.392,11.558,4216942.42
2020-12-31 12:00:00,11.56,11.64,11.139,11.199,3881581.38
2020-12-31 16:00:00,11.202,11.484,11.119,11.271,2572901.39
2020-12-31 20:00:00,11.271,11.304,11.016,11.244,1633378.75
2021-01-01 00:00:00,11.244,11.629,11.071,11.519,3089657.3
2021-01-01 04:00:00,11.517,11.554,11.33,11.388,1505420.92
2021-01-01 08:00:00,11.389,11.773,11.236,11.729,2554787.11
2021-01-01 12:00:00,11.726,12.485,11.718,12.143,7977926.5
2021-01-01 16:00:00,12.145,12.373,11.55,11.816,5202314.81
2021-01-01 20:00:00,11.819,12.113,11.765,11.869,2869521.5
2021-01-02 00:00:00,11.868,11.923,11.456,11.746,2876657.29
2021-01-02 04:00:00,11.748,11.956,11.631,11.634,1711471.54
2021-01-02 08:00:00,11.635,11.706,11.497,11.66,2081474.57
2021-01-02 12:00:00,11.658,12.147,11.558,11.96,6678363.43
2021-01-02 16:00:00,11.964,12.455,11.731,12.351,6611346.35
2021-01-02 20:00:00,12.351,12.38,11.695,12.226,5788039.0
2021-01-03 00:00:00,12.228,12.48,11.956,11.959,2695460.28
2021-01-03 04:00:00,11.959,12.265,11.914,12.028,3204328.38
2021-01-03 08:00:00,12.027,12.817,11.85,12.621,7582988.18
2021-01-03 12:00:00,12.624,13.5,12.47,13.244,12101259.91
2021-01-03 16:00:00,13.24,13.558,12.683,13.046,10147512.85
2021-01-03 20:00:00,13.047,14.069,13.031,13.719,8719547.27
2021-01-04 00:00:00,13.724,14.728,13.675,14.579,9151370.29
2021-01-04 04:00:00,14.579,15.86,13.709,14.325,17549960.36
2021-01-04 08:00:00,14.326,14.728,12.333,13.359,19418542.77
2021-01-04 12:00:00,13.361,13.923,13.176,13.814,8132144.88
2021-01-04 16:00:00,13.818,13.893,13.044,13.622,7523616.04
2021-01-04 20:00:00,13.625,13.719,13.093,13.611,4949050.17
2021-01-05 00:00:00,13.61,14.42,13.187,13.249,9175634.08
2021-01-05 04:00:00,13.25,13.724,13.113,13.514,5310344.21
2021-01-05 08:00:00,13.514,14.6,13.51,14.523,6352342.34
2021-01-05 12:00:00,14.523,14.628,13.86,14.552,7757829.78
2021-01-05 16:00:00,14.552,14.85,14.1,14.444,6661230.94
2021-01-05 20:00:00,14.439,14.931,14.315,14.531,5351161.01
2021-01-06 00:00:00,14.537,14.723,14.158,14.345,4312791.44
2021-01-06 04:00:00,14.346,14.82,14.2,14.348,5238772.93
2021-01-06 08:00:00,14.347,15.499,14.34,15.229,7156010.44
2021-01-06 12:00:00,15.227,17.054,15.127,16.278,13715305.69
2021-01-06 16:00:00,16.287,17.327,15.947,16.104,10983916.39
2021-01-06 20:00:00,16.101,17.366,15.797,17.29,7852653.22
2021-01-07 00:00:00,17.295,17.471,16.6,17.012,4730682.66
2021-01-07 04:00:00,17.007,17.047,16.3,16.507,4138307.82
2021-01-07 08:00:00,16.507,16.743,16.062,16.313,4747548.3
2021-01-07 12:00:00,16.316,17.058,16.137,17.019,5976499.95
2021-01-07 16:00:00,17.022,17.52,15.078,16.303,14611593.59
2021-01-07 20:00:00,16.306,16.624,15.365,15.989,7101828.92
2021-01-08 00:00:00,15.99,16.181,14.13,14.997,11064240.61
2021-01-08 04:00:00,14.992,15.73,14.557,15.719,5244961.44
2021-01-08 08:00:00,15.72,16.262,15.3,15.83,6523130.39
2021-01-08 12:00:00,15.832,16.051,15.058,15.475,7892392.1
2021-01-08 16:00:00,15.473,15.886,14.905,14.981,5238863.99
2021-01-08 20:00:00,14.984,15.395,14.57,15.251,5265714.1
2021-01-09 00:00:00,15.253,15.908,15.04,15.763,5732119.84
2021-01-09 04:00:00,15.763,15.772,15.004,15.403,4509133.84
2021-01-09 08:00:00,15.403,16.27,15.271,16.028,5139964.75
2021-01-09 12:00:00,16.028,16.396,15.829,16.28,4071714.17
2021-01-09 16:00:00,16.281,17.161,16.152,16.933,6054174.69
2021-01-09 20:00:00,16.933,17.936,16.535,17.589,8018532.06
2021-01-10 00:00:00,17.595,18.498,17.479,17.593,6613977.42
2021-01-10 04:00:00,17.588,18.194,17.508,18.077,3351681.92
2021-01-10 08:00:00,18.078,18.152,16.473,16.644,7423296.84
2021-01-10 12:00:00,16.643,17.5,16.462,17.035,6354245.39
2021-01-10 16:00:00,17.042,17.38,16.02,16.251,7520171.11
2021-01-10 20:00:00,16.252,16.707,15.488,16.228,7652803.35
2021-01-11 00:00:00,16.221,16.281,14.004,14.808,11157016.91
2021-01-11 04:00:00,14.816,15.108,13.871,14.479,9869977.04
2021-01-11 08:00:00,14.48,15.268,14.127,14.206,6827540.84
2021-01-11 12:00:00,14.196,14.545,13.11,13.435,9764266.84
2021-01-11 16:00:00,13.435,13.92,12.5,13.555,11674282.84
2021-01-11 20:00:00,13.555,14.714,13.276,14.657,5988828.19
2021-01-12 00:00:00,14.655,14.739,13.93,14.634,4663015.58
2021-01-12 04:00:00,14.631,15.495,14.5,15.229,5142010.11
2021-01-12 08:00:00,15.228,15.326,14.519,14.912,4773376.36
2021-01-12 12:00:00,14.919,15.275,13.75,14.284,6783492.5
2021-01-12 16:00:00,14.282,14.823,14.065,14.276,4534063.57
2021-01-12 20:00:00,14.277,14.433,13.684,13.982,4623169.75
2021-01-13 00:00:00,13.978,14.248,13.376,13.928,4927547.85
2021-01-13 04:00:00,13.93,14.512,13.63,14.461,3562970.18
2021-01-13 08:00:00,14.463,14.866,14.24,14.609,3749426.03
2021-01-13 12:00:00,14.61,15.451,14.43,15.22,4627151.64
2021-01-13 16:00:00,15.219,16.039,15.2,15.753,5812016.64
2021-01-13 20:00:00,15.756,16.254,15.6,15.952,4085569.56
2021-01-14 00:00:00,15.956,16.41,15.48,15.521,3902008.57
2021-01-14 04:00:00,15.522,16.042,15.35,15.833,2865211.24
2021-01-14 08:00:00,15.83,16.137,15.533,16.014,3349461.78
2021-01-14 12:00:00,16.014,16.52,15.748,16.323,4214132.31
2021-01-14 16:00:00,16.319,17.334,16.318,17.267,5687057.19
2021-01-14 20:00:00,17.268,18.047,16.344,18.023,7768035.25
2021-01-15 00:00:00,18.027,18.863,17.68,18.008,8793647.37
2021-01-15 04:00:00,18.006,18.589,17.562,18.508,6101201.93
2021-01-15 08:00:00,18.509,18.8,17.93,18.091,6879149.86
2021-01-15 12:00:00,18.089,21.682,17.722,18.77,30427726.08
2021-01-15 16:00:00,18.773,20.52,17.65,19.23,22878215.5
2021-01-15 20:00:00,19.222,21.562,18.888,20.766,13131936.19
2021-01-16 00:00:00,20.768,22.544,20.766,22.171,13645736.59
2021-01-16 04:00:00,22.162,22.735,21.254,22.305,8678515.16
2021-01-16 08:00:00,22.307,22.97,21.363,22.324,8875523.21
2021-01-16 12:00:00,22.324,22.561,21.5,22.224,8035517.74
2021-01-16 16:00:00,22.229,23.067,20.5,21.148,12306437.73
2021-01-16 20:00:00,21.146,21.598,19.655,20.13,8728975.95
2021-01-17 00:00:00,20.134,21.223,19.388,20.949,8094271.15
2021-01-17 04:00:00,20.946,21.329,19.833,20.094,7248781.57
2021-01-17 08:00:00,20.098,20.827,19.69,20.564,6853673.55
2021-01-17 12:00:00,20.565,21.187,20.003,21.1,5253557.49
2021-01-17 16:00:00,21.091,23.73,20.95,23.055,10221690.71
2021-01-17 20:00:00,23.048,23.78,22.4,23.286,9763744.09
2021-01-18 00:00:00,23.279,23.75,21.663,22.086,7605839.01
2021-01-18 04:00:00,22.087,22.85,21.933,22.548,5277331.77
2021-01-18 08:00:00,22.559,22.93,21.671,22.01,4474833.01
2021-01-18 12:00:00,22.012,22.25,21.4,21.686,5028900.62
2021-01-18 16:00:00,21.685,22.226,21.085,21.855,4582389.81
2021-01-18 20:00:00,21.855,22.118,21.412,22.069,3000475.64
2021-01-19 00:00:00,22.067,22.213,21.5,21.749,3859322.73
2021-01-19 04:00:00,21.746,22.035,21.329,22.01,2658560.81
2021-01-19 08:00:00,22.007,22.93,21.948,22.266,5662496.38
2021-01-19 12:00:00,22.267,22.351,21.3,21.709,4577918.3
2021-01-19 16:00:00,21.717,21.994,20.398,20.78,5514020.97
2021-01-19 20:00:00,20.782,21.497,20.524,20.585,3920449.71
2021-01-20 00:00:00,20.564,21.178,20.031,20.229,4020115.98
2021-01-20 04:00:00,20.242,21.083,19.965,20.794,4244401.85
2021-01-20 08:00:00,20.796,20.92,19.419,19.657,6231199.66
2021-01-20 12:00:00,19.662,20.461,19.055,19.661,6005274.07
2021-01-20 16:00:00,19.661,21.344,19.264,21.34,6244410.03
2021-01-20 20:00:00,21.33,21.991,20.79,21.867,5012561.85
2021-01-21 00:00:00,21.861,22.086,21.212,21.53,4628783.38
2021-01-21 04:00:00,21.53,21.598,20.639,20.762,4254736.12
2021-01-21 08:00:00,20.756,20.809,19.334,19.651,7023805.51
2021-01-21 12:00:00,19.651,20.564,19.4,19.547,7989526.2
2021-01-21 16:00:00,19.549,20.109,19.13,19.939,6332064.45
2021-01-21 20:00:00,19.941,20.216,18.06,18.441,7449063.61
2021-01-22 00:00:00,18.437,19.424,17.111,19.273,10760745.94
2021-01-22 04:00:00,19.27,19.909,19.151,19.399,5355091.28
2021-01-22 08:00:00,19.399,20.903,19.151,20.593,6187942.97
2021-01-22 12:00:00,20.599,21.877,20.599,21.739,6486095.23
2021-01-22 16:00:00,21.739,22.492,21.443,22.254,7317230.28
2021-01-22 20:00:00,22.254,22.548,21.495,21.578,5142854.75
2021-01-23 00:00:00,21.58,22.795,21.163,22.685,6753489.15
2021-01-23 04:00:00,22.687,24.751,22.533,23.885,8959976.04
2021-01-23 08:00:00,23.889,24.33,22.8,23.233,7145944.59
2021-01-23 12:00:00,23.222,25.499,23.114,25.025,13405392.47
2021-01-23 16:00:00,25.023,25.326,24.526,24.932,6531884.76
2021-01-23 20:00:00,24.933,25.56,24.358,24.824,5954430.45
2021-01-24 00:00:00,24.827,24.932,23.8,24.323,5530934.7
2021-01-24 04:00:00,24.323,24.631,23.833,24.249,3949793.77
2021-01-24 08:00:00,24.25,24.898,24.105,24.473,3787472.09
2021-01-24 12:00:00,24.478,24.528,23.574,24.019,5513081.26
2021-01-24 16:00:00,24.014,24.988,23.1,24.165,7878484.23
2021-01-24 20:00:00,24.157,24.907,23.998,24.831,3647500.84
2021-01-25 00:00:00,24.835,25.845,24.638,25.378,7786232.07
2021-01-25 04:00:00,25.377,25.53,24.542,24.902,3695085.21
2021-01-25 08:00:00,24.903,24.954,24.016,24.688,3305587.31
2021-01-25 12:00:00,24.69,24.942,23.839,24.257,4927935.95
2021-01-25 16:00:00,24.265,24.48,23.451,23.693,4698988.66
2021-01-25 20:00:00,23.702,23.92,22.613,23.367,5712041.11
2021-01-26 00:00:00,23.367,23.993,22.501,22.71,4414053.02
2021-01-26 04:00:00,22.708,23.331,22.65,22.909,3119186.38
2021-01-26 08:00:00,22.91,23.26,22.5,22.867,3153763.98
2021-01-26 12:00:00,22.87,22.941,21.669,22.288,5386377.18
2021-01-26 16:00:00,22.287,23.276,21.824,23.014,4770981.73
2021-01-26 20:00:00,23.009,23.327,22.53,23.132,3620849.43
2021-01-27 00:00:00,23.128,23.272,22.06,22.203,3198029.01
2021-01-27 04:00:00,22.2,22.351,21.68,22.1,2674407.64
2021-01-27 08:00:00,22.107,22.107,21.25,21.306,3886442.9
2021-01-27 12:00:00,21.306,21.647,20.282,21.574,6340954.0
2021-01-27 16:00:00,21.568,21.905,20.441,21.088,5971994.03
2021-01-27 20:00:00,21.082,21.72,20.762,20.989,3762640.52
2021-01-28 00:00:00,20.986,22.85,20.521,22.725,5122705.5
2021-01-28 04:00:00,22.724,23.796,22.621,23.385,5037624.65
2021-01-28 08:00:00,23.384,24.415,23.128,24.355,4865260.09
2021-01-28 12:00:00,24.355,24.516,23.7,24.0,4742622.92
2021-01-28 16:00:00,23.999,24.133,23.312,23.639,3273511.65
2021-01-28 20:00:00,23.64,23.888,22.941,23.02,3540427.28
2021-01-29 00:00:00,23.031,23.708,22.51,22.553,3427911.4
2021-01-29 04:00:00,22.549,23.039,22.085,22.642,3451070.25
2021-01-29 08:00:00,22.644,23.971,22.446,23.589,6488652.57
2021-01-29 12:00:00,23.584,24.324,23.231,23.535,4465422.61
2021-01-29 16:00:00,23.537,23.704,22.541,22.832,3948321.9
2021-01-29 20:00:00,22.825,23.215,22.677,22.781,2095659.15
2021-01-30 00:00:00,22.779,22.998,22.202,22.358,1942748.32
2021-01-30 04:00:00,22.358,22.752,22.188,22.682,1829671.09
2021-01-30 08:00:00,22.679,22.758,22.333,22.416,1503769.17
2021-01-30 12:00:00,22.42,23.517,22.333,23.184,2854444.18
2021-01-30 16:00:00,23.181,24.023,22.84,23.462,4335776.61
2021-01-30 20:00:00,23.465,24.033,23.464,23.699,2369630.05
2021-01-31 00:00:00,23.694,24.797,23.33,23.45,4590237.95
2021-01-31 04:00:00,23.45,23.573,22.881,23.071,2306308.42
2021-01-31 08:00:00,23.07,23.351,22.842,23.089,2443543.32
2021-01-31 12:00:00,23.089,23.303,22.2,22.462,2558682.09
2021-01-31 16:00:00,22.459,22.609,22.1,22.507,2854996.09
2021-01-31 20:00:00,22.513,22.765,22.264,22.609,2007555.69
2021-02-01 00:00:00,22.601,22.607,21.754,22.49,2436960.61
2021-02-01 04:00:00,22.49,22.591,22.117,22.368,1479252.2
2021-02-01 08:00:00,22.372,22.668,22.21,22.226,1741612.69
2021-02-01 12:00:00,22.218,22.368,21.65,22.05,2132453.65
2021-02-01 16:00:00,22.05,22.58,21.964,22.461,1615935.96
2021-02-01 20:00:00,22.457,23.236,22.342,22.928,2452362.98
2021-02-02 00:00:00,22.92,23.522,22.851,23.012,2736067.11
2021-02-02 04:00:00,23.011,23.65,23.01,23.472,1662024.28
2021-02-02 08:00:00,23.473,23.759,23.002,23.09,2575024.94
2021-02-02 12:00:00,23.093,23.383,22.77,22.818,1918799.24
2021-02-02 16:00:00,22.815,23.245,22.815,23.212,2014401.53
2021-02-02 20:00:00,23.217,24.234,23.169,23.725,2896956.86
2021-02-03 00:00:00,23.734,24.349,23.62,24.148,2329198.6
2021-02-03 04:00:00,24.15,24.421,23.856,24.056,2150149.59
2021-02-03 08:00:00,24.056,24.993,23.705,24.599,4426877.06
2021-02-03 12:00:00,24.597,25.607,24.51,25.416,4393551.48
2021-02-03 16:00:00,25.423,25.659,24.596,24.767,3983530.36
2021-02-03 20:00:00,24.767,25.226,24.625,25.131,2359614.56
2021-02-04 00:00:00,25.139,26.278,24.158,24.57,6169153.28
2021-02-04 04:00:00,24.572,25.052,24.286,24.613,2120594.32
2021-02-04 08:00:00,24.614,24.89,22.687,23.717,5885990.14
2021-02-04 12:00:00,23.713,24.361,23.2,23.615,3577257.37
2021-02-04 16:00:00,23.623,24.529,23.252,24.456,2790291.75
2021-02-04 20:00:00,24.456,25.312,24.157,24.519,4772312.49
2021-02-05 00:00:00,24.516,25.97,24.45,25.964,3916014.3
2021-02-05 04:00:00,25.965,27.045,25.744,26.723,5953067.75
2021-02-05 08:00:00,26.728,27.033,26.25,26.57,3003291.96
2021-02-05 12:00:00,26.573,27.133,25.786,26.544,4837334.89
2021-02-05 16:00:00,26.549,26.899,25.536,25.98,4414410.14
2021-02-05 20:00:00,25.981,26.853,25.896,26.352,3128058.37
2021-02-06 00:00:00,26.353,26.893,24.207,25.277,6797818.69
2021-02-06 04:00:00,25.275,25.641,24.848,25.571,1874510.03
2021-02-06 08:00:00,25.575,26.139,25.008,25.128,2532306.29
2021-02-06 12:00:00,25.128,25.75,25.023,25.158,1915565.02
2021-02-06 16:00:00,25.157,26.068,24.681,25.667,2751535.92
2021-02-06 20:00:00,25.67,25.745,24.88,25.102,1920249.56
2021-02-07 00:00:00,25.102,25.354,24.104,24.557,2668625.98
2021-02-07 04:00:00,24.56,24.626,23.637,24.541,2934230.72
2021-02-07 08:00:00,24.542,24.984,24.494,24.825,1650686.25
2021-02-07 12:00:00,24.827,25.08,23.425,23.863,3261423.04
2021-02-07 16:00:00,23.863,24.52,22.781,24.101,3775144.72
2021-02-07 20:00:00,24.107,24.94,24.0,24.777,1872734.28
2021-02-08 00:00:00,24.774,24.926,24.002,24.168,1774890.07
2021-02-08 04:00:00,24.169,25.0,24.111,24.933,1565171.48
2021-02-08 08:00:00,24.93,25.928,24.65,25.662,3286920.47
2021-02-08 12:00:00,25.668,25.788,24.592,25.403,4562596.14
2021-02-08 16:00:00,25.409,26.08,25.0,25.357,3360467.31
2021-02-08 20:00:00,25.36,25.688,25.031,25.465,2544578.94
2021-02-09 00:00:00,25.47,25.713,25.043,25.553,2053540.64
2021-02-09 04:00:00,25.555,25.887,25.37,25.605,2131530.06
2021-02-09 08:00:00,25.608,26.697,25.443,25.622,4300400.51
2021-02-09 12:00:00,25.623,25.782,25.05,25.41,2443228.42
2021-02-09 16:00:00,25.423,26.79,25.236,26.673,4723611.63
2021-02-09 20:00:00,26.681,28.079,26.15,27.667,5529266.37
2021-02-10 00:00:00,27.659,28.32,27.419,27.596,3886257.93
2021-02-10 04:00:00,27.596,28.147,26.778,27.824,3566837.19
2021-02-10 08:00:00,27.837,28.744,27.837,28.438,4906552.25
2021-02-10 12:00:00,28.441,28.441,24.65,26.376,11163238.66
2021-02-10 16:00:00,26.372,27.159,25.834,27.038,4113826.8
2021-02-10 20:00:00,27.029,27.055,26.019,26.853,2571222.28
2021-02-11 00:00:00,26.848,27.327,26.225,27.26,2697799.11
2021-02-11 04:00:00,27.259,27.7,26.713,27.403,2278079.93
2021-02-11 08:00:00,27.398,28.175,27.355,27.623,2408272.8
2021-02-11 12:00:00,27.628,28.383,27.504,28.167,3155651.77
2021-02-11 16:00:00,28.172,28.662,27.776,27.793,2826599.73
2021-02-11 20:00:00,27.792,28.019,27.102,27.895,2741456.05
2021-02-12 00:00:00,27.894,28.059,27.081,27.119,1781392.5
2021-02-12 04:00:00,27.122,27.718,26.713,27.502,1917491.78
2021-02-12 08:00:00,27.499,28.3,27.42,28.217,2026397.29
2021-02-12 12:00:00,28.216,28.538,27.377,28.478,3520512.17
2021-02-12 16:00:00,28.484,30.867,28.462,30.571,7951761.81
2021-02-12 20:00:00,30.575,31.55,30.16,30.713,3978864.92
2021-02-13 00:00:00,30.713,32.21,30.697,31.625,3914391.5
2021-02-13 04:00:00,31.628,31.866,30.126,30.145,2609064.21
2021-02-13 08:00:00,30.145,31.207,29.135,29.75,5083392.23
2021-02-13 12:00:00,29.751,30.833,29.302,30.581,3579127.5
2021-02-13 16:00:00,30.579,31.695,30.3,31.68,3719799.59
2021-02-13 20:00:00,31.677,35.0,31.132,34.316,8013271.99
2021-02-14 00:00:00,34.313,35.8,33.366,34.363,5439837.61
2021-02-14 04:00:00,34.352,35.101,33.468,34.949,3822501.32
2021-02-14 08:00:00,34.949,35.382,33.738,33.93,2557737.9
2021-02-14 12:00:00,33.94,34.283,32.306,32.833,4058797.12
2021-02-14 16:00:00,32.833,34.096,32.576,33.017,3202628.22
2021-02-14 20:00:00,33.025,34.334,32.897,33.215,2131845.36
2021-02-15 00:00:00,33.215,33.708,27.07,30.819,9622134.06
2021-02-15 04:00:00,30.81,32.288,29.906,31.909,4269601.65
2021-02-15 08:00:00,31.914,33.39,31.614,33.071,3406308.79
2021-02-15 12:00:00,33.075,34.489,32.611,34.486,3512114.6
2021-02-15 16:00:00,34.484,35.0,34.11,34.287,2819300.15
2021-02-15 20:00:00,34.282,34.55,32.207,32.683,4243912.56
2021-02-16 00:00:00,32.681,33.16,31.184,32.958,3621286.33
2021-02-16 04:00:00,32.954,33.277,31.77,32.449,2038154.81
2021-02-16 08:00:00,32.443,33.498,32.29,32.423,2245477.42
2021-02-16 12:00:00,32.428,33.096,31.523,31.752,3706296.73
2021-02-16 16:00:00,31.741,32.415,30.807,31.7,3878119.06
2021-02-16 20:00:00,31.698,32.191,30.964,32.004,1828821.2
2021-02-17 00:00:00,32.013,32.259,30.402,30.563,2008209.02
2021-02-17 04:00:00,30.563,31.52,30.033,31.396,2486073.69
2021-02-17 08:00:00,31.396,32.324,31.175,32.02,2129767.0
2021-02-17 12:00:00,32.021,32.67,31.517,31.812,2450980.57
2021-02-17 16:00:00,31.812,32.207,31.673,32.106,1694188.29
2021-02-17 20:00:00,32.103,32.796,32.01,32.289,1944951.22
2021-02-18 00:00:00,32.288,33.718,32.284,33.123,2340999.29
2021-02-18 04:00:00,33.131,33.37,32.225,32.672,1908026.66
2021-02-18 08:00:00,32.679,32.961,31.917,32.281,1971486.77
2021-02-18 12:00:00,32.274,33.07,31.835,32.378,1883615.88
2021-02-18 16:00:00,32.365,32.64,32.04,32.548,1379437.23
2021-02-18 20:00:00,32.54,33.247,32.285,32.524,1891044.75
2021-02-19 00:00:00,32.524,32.96,31.404,32.046,2496115.54
2021-02-19 04:00:00,32.047,32.926,31.606,32.742,1706101.36
2021-02-19 08:00:00,32.742,34.49,32.561,34.469,4200664.05
2021-02-19 12:00:00,34.472,34.55,33.604,34.408,2946782.79
2021-02-19 16:00:00,34.41,35.695,33.606,34.338,4747824.8
2021-02-19 20:00:00,34.337,35.088,34.22,34.766,1808464.85
2021-02-20 00:00:00,34.771,35.06,33.83,34.864,3032491.88
2021-02-20 04:00:00,34.859,35.564,34.049,34.274,2656674.81
2021-02-20 08:00:00,34.263,36.49,34.216,36.015,3466487.83
2021-02-20 12:00:00,36.015,37.075,34.043,34.985,5751266.84
2021-02-20 16:00:00,34.98,36.531,34.979,35.821,3299668.33
2021-02-20 20:00:00,35.82,35.826,31.912,33.977,4798805.05
2021-02-21 00:00:00,33.977,34.789,33.335,34.159,2415676.63
2021-02-21 04:00:00,34.159,34.471,33.348,33.457,1549775.07
2021-02-21 08:00:00,33.457,34.789,33.3,34.527,1560955.16
2021-02-21 12:00:00,34.527,34.743,33.993,34.484,1541582.69
2021-02-21 16:00:00,34.48,35.325,33.939,35.274,1939037.61
2021-02-21 20:00:00,35.272,35.36,33.47,34.13,1973138.35
2021-02-22 00:00:00,34.133,34.264,32.334,32.579,2705101.79
2021-02-22 04:00:00,32.579,32.85,31.468,32.805,3237295.26
2021-02-22 08:00:00,32.8,32.825,30.806,31.057,4020243.89
2021-02-22 12:00:00,31.068,31.299,24.84,30.1,14134357.91
2021-02-22 16:00:00,30.101,31.208,28.355,30.527,5906086.17
2021-02-22 20:00:00,30.519,31.761,30.43,31.486,2966891.26
2021-02-23 00:00:00,31.494,31.716,28.5,28.89,4530468.77
2021-02-23 04:00:00,28.884,29.494,26.3,27.06,7039400.37
2021-02-23 08:00:00,27.05,27.306,20.671,25.456,17413152.52
2021-02-23 12:00:00,25.458,27.499,24.18,26.559,7724462.75
2021-02-23 16:00:00,26.552,27.084,23.45,23.619,5526823.98
2021-02-23 20:00:00,23.622,26.045,23.099,25.986,4218860.13
2021-02-24 00:00:00,25.987,28.441,24.53,28.2,4925896.25
2021-02-24 04:00:00,28.198,28.65,27.0,28.011,3491534.45
2021-02-24 08:00:00,28.011,28.859,27.589,28.123,3775406.42
2021-02-24 12:00:00,28.124,28.545,26.306,28.354,4609353.52
2021-02-24 16:00:00,28.351,29.357,27.522,27.723,4048731.86
2021-02-24 20:00:00,27.72,28.21,26.618,28.101,3642309.06
2021-02-25 00:00:00,28.104,28.599,27.095,27.31,2263829.35
2021-02-25 04:00:00,27.3,27.668,26.789,27.393,2141461.56
2021-02-25 08:00:00,27.392,27.89,26.398,27.683,2749270.83
2021-02-25 12:00:00,27.693,28.73,27.44,28.133,2941574.24
2021-02-25 16:00:00,28.133,28.448,26.9,27.231,2862146.1
2021-02-25 20:00:00,27.239,27.241,24.389,24.721,4739921.05
2021-02-26 00:00:00,24.726,25.367,23.975,25.125,4684242.45
2021-02-26 04:00:00,25.124,25.513,23.662,24.377,3812845.48
2021-02-26 08:00:00,24.373,25.445,24.37,25.0,2971315.35
2021-02-26 12:00:00,25.0,26.417,24.797,26.187,2664997.45
2021-02-26 16:00:00,26.185,27.03,25.974,26.126,2377573.68
2021-02-26 20:00:00,26.132,26.32,24.522,25.196,2774032.89
2021-02-27 00:00:00,25.202,26.069,25.058,25.369,1645374.46
2021-02-27 04:00:00,25.367,25.901,24.948,25.431,1902909.47
2021-02-27 08:00:00,25.428,25.784,24.868,25.726,1936598.57
2021-02-27 12:00:00,25.738,26.525,25.329,25.464,3328807.81
2021-02-27 16:00:00,25.467,26.774,25.263,26.754,2097471.51
2021-02-27 20:00:00,26.748,27.433,25.552,26.193,3448842.08
2021-02-28 00:00:00,26.191,26.766,24.45,24.62,3028957.62
2021-02-28 04:00:00,24.62,25.06,23.707,23.934,3785776.43
2021-02-28 08:00:00,23.933,24.746,23.87,24.453,2205920.02
2021-02-28 12:00:00,24.462,24.629,23.07,23.327,3566375.66
2021-02-28 16:00:00,23.324,24.49,22.873,24.409,2767069.16
2021-02-28 20:00:00,24.41,25.148,24.147,24.714,2008093.61
2021-03-01 00:00:00,24.719,25.534,24.602,25.033,1447357.59
2021-03-01 04:00:00,25.034,25.335,24.755,25.294,1156556.82
2021-03-01 08:00:00,25.3,26.893,25.294,26.553,2891270.57
2021-03-01 12:00:00,26.554,27.283,26.153,27.208,2572966.56
2021-03-01 16:00:00,27.208,27.697,25.949,26.366,2800981.22
2021-03-01 20:00:00,26.381,27.77,26.332,27.735,1494206.16
2021-03-02 00:00:00,27.739,29.736,27.5,29.146,3128722.45
2021-03-02 04:00:00,29.148,29.537,28.26,28.736,2011595.75
2021-03-02 08:00:00,28.722,30.017,28.705,29.64,2613080.39
2021-03-02 12:00:00,29.645,30.036,28.89,29.327,2345613.02
2021-03-02 16:00:00,29.326,30.569,27.638,27.898,6062592.03
2021-03-02 20:00:00,27.904,28.564,27.299,28.51,2314900.37
2021-03-03 00:00:00,28.511,29.323,28.16,28.956,1892726.97
2021-03-03 04:00:00,28.955,30.79,28.928,30.459,2344402.57
2021-03-03 08:00:00,30.457,31.067,30.435,30.774,2416740.15
2021-03-03 12:00:00,30.773,31.299,29.869,30.674,2604039.68
2021-03-03 16:00:00,30.672,31.498,30.255,30.707,2478225.38
2021-03-03 20:00:00,30.704,30.759,29.822,29.854,1746378.43
2021-03-04 00:00:00,29.848,30.61,29.133,29.261,2850396.24
2021-03-04 04:00:00,29.251,29.645,28.892,29.639,1810730.78
2021-03-04 08:00:00,29.642,29.966,28.665,29.123,2452057.36
2021-03-04 12:00:00,29.125,29.764,28.608,29.108,2197963.28
2021-03-04 16:00:00,29.102,29.465,27.23,27.91,3549340.94
2021-03-04 20:00:00,27.906,27.994,27.26,27.721,2076540.35
2021-03-05 00:00:00,27.722,27.746,25.7,26.638,3984392.77
2021-03-05 04:00:00,26.639,26.963,26.03,26.589,1641045.44
2021-03-05 08:00:00,26.588,26.798,25.821,26.794,1409329.19
2021-03-05 12:00:00,26.791,27.58,26.397,26.825,2235203.58
2021-03-05 16:00:00,26.815,28.08,26.292,28.05,2422211.75
2021-03-05 20:00:00,28.049,28.26,27.741,27.862,1266216.86
2021-03-06 00:00:00,27.857,28.352,27.304,27.411,910511.25
2021-03-06 04:00:00,27.41,27.973,26.955,27.946,1423460.41
2021-03-06 08:00:00,27.944,27.985,27.112,27.26,884025.14
2021-03-06 12:00:00,27.259,27.293,26.317,26.875,1855401.47
2021-03-06 16:00:00,26.876,28.191,26.73,28.083,1574019.07
2021-03-06 20:00:00,28.07,28.414,27.88,28.166,1421866.4
2021-03-07 00:00:00,28.166,29.15,28.166,28.654,1690801.8
2021-03-07 04:00:00,28.661,28.87,28.319,28.735,1002102.81
2021-03-07 08:00:00,28.72,28.964,28.369,28.491,1092384.0
2021-03-07 12:00:00,28.491,28.574,27.596,27.985,1793653.56
2021-03-07 16:00:00,27.991,28.3,27.607,27.856,1452976.67
2021-03-07 20:00:00,27.857,28.68,27.39,28.603,1583144.65
2021-03-08 00:00:00,28.603,29.115,28.32,28.75,1925304.91
2021-03-08 04:00:00,28.741,29.504,28.276,28.581,2246151.72
2021-03-08 08:00:00,28.581,29.403,28.29,29.327,2117255.49
2021-03-08 12:00:00,29.323,30.851,28.928,30.663,4338333.95
2021-03-08 16:00:00,30.666,31.336,30.506,31.126,3363176.49
2021-03-08 20:00:00,31.127,31.894,30.722,31.892,2044882.6
2021-03-09 00:00:00,31.881,32.07,31.285,31.763,1981443.96
2021-03-09 04:00:00,31.766,31.796,30.801,31.036,1595464.04
2021-03-09 08:00:00,31.041,31.602,30.988,31.302,1542355.01
2021-03-09 12:00:00,31.301,31.48,30.411,30.833,2264427.66
2021-03-09 16:00:00,30.833,31.204,30.4,31.03,1604360.8
2021-03-09 20:00:00,31.035,31.633,30.774,31.539,1427334.04
2021-03-10 00:00:00,31.547,31.862,29.505,29.704,4037036.36
2021-03-10 04:00:00,29.72,30.698,29.552,30.605,1305337.52
2021-03-10 08:00:00,30.606,30.968,30.226,30.512,1372929.17
2021-03-10 12:00:00,30.518,31.035,30.31,30.688,1757012.12
2021-03-10 16:00:00,30.685,30.855,30.3,30.341,1534111.46
2021-03-10 20:00:00,30.342,30.38,29.3,29.919,2462690.15
2021-03-11 00:00:00,29.92,29.992,28.783,29.401,2588381.31
2021-03-11 04:00:00,29.398,29.807,29.097,29.289,1386250.59
2021-03-11 08:00:00,29.296,29.528,28.538,29.464,2134440.81
2021-03-11 12:00:00,29.464,30.1,29.032,29.327,2706427.11
2021-03-11 16:00:00,29.336,29.772,29.144,29.388,1854422.23
2021-03-11 20:00:00,29.378,30.519,29.309,30.175,2275027.89
2021-03-12 00:00:00,30.172,30.489,29.546,30.039,1835396.79
2021-03-12 04:00:00,30.038,30.136,29.324,29.464,1443994.65
2021-03-12 08:00:00,29.458,29.672,28.729,29.008,2016091.0
2021-03-12 12:00:00,29.011,29.159,27.673,28.635,4496216.73
2021-03-12 16:00:00,28.616,28.7,27.933,28.086,2087280.36
2021-03-12 20:00:00,28.086,28.543,27.784,28.393,1559158.89
2021-03-13 00:00:00,28.396,28.423,26.908,27.886,3461372.15
2021-03-13 04:00:00,27.883,28.567,27.672,28.532,1376367.65
2021-03-13 08:00:00,28.538,30.34,28.37,30.008,3382619.87
2021-03-13 12:00:00,30.0,30.54,29.662,30.138,2384165.85
2021-03-13 16:00:00,30.139,30.63,29.907,30.075,2126173.14
2021-03-13 20:00:00,30.071,30.371,29.551,29.8,1358295.48
2021-03-14 00:00:00,29.813,30.264,29.247,29.709,1652992.35
2021-03-14 04:00:00,29.712,29.721,28.913,29.253,1474273.81
2021-03-14 08:00:00,29.252,29.853,28.759,29.263,1959493.81
2021-03-14 12:00:00,29.276,29.415,28.7,28.888,1425600.96
2021-03-14 16:00:00,28.894,29.512,28.55,29.261,1717935.03
2021-03-14 20:00:00,29.262,29.54,28.542,28.57,1315693.27
2021-03-15 00:00:00,28.561,29.413,28.27,29.298,1665495.52
2021-03-15 04:00:00,29.288,29.496,27.357,27.782,3482336.35
2021-03-15 08:00:00,27.779,28.074,26.952,27.641,4038882.95
2021-03-15 12:00:00,27.644,28.065,27.162,27.197,2434313.1
2021-03-15 16:00:00,27.199,27.603,26.8,27.498,2063686.72
2021-03-15 20:00:00,27.494,27.892,27.27,27.525,1191486.91
2021-03-16 00:00:00,27.513,27.638,26.38,27.2,2885892.84
2021-03-16 04:00:00,27.198,28.124,26.943,28.093,1794349.44
2021-03-16 08:00:00,28.094,28.196,27.407,27.56,1517908.54
2021-03-16 12:00:00,27.569,27.969,27.353,27.946,1150165.59
2021-03-16 16:00:00,27.951,28.096,27.129,27.38,1686108.53
2021-03-16 20:00:00,27.378,27.97,27.346,27.947,1062975.12
2021-03-17 00:00:00,27.945,28.058,27.553,27.624,1196085.87
2021-03-17 04:00:00,27.625,28.394,27.493,28.139,1306851.57
2021-03-17 08:00:00,28.144,28.268,27.42,27.56,1591336.93
2021-03-17 12:00:00,27.572,30.482,27.312,30.321,9598600.25
2021-03-17 16:00:00,30.323,31.274,30.297,30.823,4344862.91
2021-03-17 20:00:00,30.823,31.158,30.275,31.095,2239711.53
2021-03-18 00:00:00,31.096,31.411,29.935,30.195,2560161.73
2021-03-18 04:00:00,30.187,30.449,29.82,29.876,1436060.4
2021-03-18 08:00:00,29.876,30.253,29.678,29.81,1912775.43
2021-03-18 12:00:00,29.807,30.556,29.517,30.25,2574155.1
2021-03-18 16:00:00,30.248,30.433,29.07,29.179,2241011.65
2021-03-18 20:00:00,29.166,29.857,29.009,29.444,1417574.91
2021-03-19 00:00:00,29.435,29.787,28.696,29.747,2015208.14
2021-03-19 04:00:00,29.745,30.048,29.614,29.728,1121825.09
2021-03-19 08:00:00,29.725,30.532,29.696,30.487,1754751.1
2021-03-19 12:00:00,30.487,30.516,29.924,30.121,1193783.28
2021-03-19 16:00:00,30.122,30.598,30.018,30.257,1508552.4
2021-03-19 20:00:00,30.255,30.423,29.799,29.806,1007111.43
2021-03-20 00:00:00,29.807,30.92,29.6,30.919,1644937.27
2021-03-20 04:00:00,30.918,31.027,30.575,30.795,1066953.12
2021-03-20 08:00:00,30.792,31.5,30.674,31.269,1420373.1
2021-03-20 12:00:00,31.27,31.383,30.652,30.943,1782476.21
2021-03-20 16:00:00,30.943,31.108,30.385,30.648,1398157.91
2021-03-20 20:00:00,30.647,30.679,29.614,29.687,1588521.78
2021-03-21 00:00:00,29.691,30.12,29.221,29.502,1490665.23
2021-03-21 04:00:00,29.501,29.501,28.826,29.263,1174887.63
2021-03-21 08:00:00,29.263,29.4,28.8,29.084,1222007.06
2021-03-21 12:00:00,29.083,29.599,28.605,29.28,1180249.03
2021-03-21 16:00:00,29.282,29.919,29.068,29.756,1298937.94
2021-03-21 20:00:00,29.759,29.819,29.217,29.25,726994.34
2021-03-22 00:00:00,29.249,29.309,28.7,29.123,949787.35
2021-03-22 04:00:00,29.124,29.286,28.924,29.137,753762.18
2021-03-22 08:00:00,29.137,29.371,28.8,29.315,1039416.84
2021-03-22 12:00:00,29.319,29.485,28.88,29.16,1246008.21
2021-03-22 16:00:00,29.162,29.247,28.509,28.606,1366541.88
2021-03-22 20:00:00,28.606,28.749,27.069,27.286,3445168.1
2021-03-23 00:00:00,27.283,27.961,27.057,27.514,1283848.78
2021-03-23 04:00:00,27.515,27.556,26.66,27.249,1609874.18
2021-03-23 08:00:00,27.247,27.46,26.926,26.982,1018181.62
2021-03-23 12:00:00,26.987,27.565,26.987,27.259,1076710.61
2021-03-23 16:00:00,27.258,27.836,26.879,27.388,1813169.22
2021-03-23 20:00:00,27.38,27.45,26.769,26.802,915904.39
2021-03-24 00:00:00,26.803,27.17,26.31,26.91,1521909.31
2021-03-24 04:00:00,26.909,27.425,26.623,27.403,1146897.0
2021-03-24 08:00:00,27.399,27.686,27.331,27.504,888952.07
2021-03-24 12:00:00,27.492,27.919,27.402,27.577,1306494.63
2021-03-24 16:00:00,27.583,27.772,26.124,26.193,1726740.06
2021-03-24 20:00:00,26.183,26.193,23.465,24.872,7090106.44
2021-03-25 00:00:00,24.876,25.217,24.487,24.785,2960286.55
2021-03-25 04:00:00,24.786,25.467,24.601,24.952,1380411.23
2021-03-25 08:00:00,24.95,25.76,24.874,25.287,1291024.01
2021-03-25 12:00:00,25.282,25.887,24.441,25.542,4395993.75
2021-03-25 16:00:00,25.542,26.653,25.22,26.525,3291096.86
2021-03-25 20:00:00,26.527,26.668,25.454,25.561,1724952.57
2021-03-26 00:00:00,25.561,26.052,25.4,25.653,1199790.54
2021-03-26 04:00:00,25.655,25.851,25.417,25.815,1000047.7
2021-03-26 08:00:00,25.822,26.316,25.671,26.222,1701207.04
2021-03-26 12:00:00,26.231,26.585,26.025,26.373,1443607.29
2021-03-26 16:00:00,26.373,27.257,26.264,27.232,2074600.08
2021-03-26 20:00:00,27.234,27.435,27.129,27.422,1052200.74
2021-03-27 00:00:00,27.419,27.52,26.84,26.986,1159292.11
2021-03-27 04:00:00,26.985,27.1,26.633,26.716,927737.29
2021-03-27 08:00:00,26.721,26.936,26.361,26.411,1107143.9
2021-03-27 12:00:00,26.41,26.588,26.032,26.572,1096771.92
2021-03-27 16:00:00,26.57,26.888,26.51,26.781,926500.07
2021-03-27 20:00:00,26.786,27.21,26.76,26.913,888713.45
2021-03-28 00:00:00,26.909,27.606,26.705,27.494,930744.49
2021-03-28 04:00:00,27.495,27.621,27.173,27.586,798834.36
2021-03-28 08:00:00,27.586,27.71,26.96,27.024,1043828.06
2021-03-28 12:00:00,27.022,27.32,26.657,27.22,1261619.58
2021-03-28 16:00:00,27.221,27.378,26.115,26.361,1873947.06
2021-03-28 20:00:00,26.36,26.731,26.191,26.687,682993.23
2021-03-29 00:00:00,26.686,26.955,26.417,26.858,807380.31
2021-03-29 04:00:00,26.865,27.3,26.715,27.287,863875.15
2021-03-29 08:00:00,27.286,28.019,27.258,27.808,2251126.86
2021-03-29 12:00:00,27.808,28.109,27.428,27.806,1622902.43
2021-03-29 16:00:00,27.8,28.67,27.793,28.07,2464673.39
2021-03-29 20:00:00,28.075,28.32,27.88,28.06,978599.32
2021-03-30 00:00:00,28.06,28.386,27.857,28.01,999999.76
2021-03-30 04:00:00,28.012,28.223,27.658,28.089,937779.04
2021-03-30 08:00:00,28.09,28.627,28.024,28.627,1373311.58
2021-03-30 12:00:00,28.627,28.639,28.101,28.134,1238551.67
2021-03-30 16:00:00,28.131,28.351,28.1,28.259,736526.08
2021-03-30 20:00:00,28.255,28.268,27.459,27.865,1383541.2
2021-03-31 00:00:00,27.86,28.124,27.106,27.473,1906068.27
2021-03-31 04:00:00,27.474,27.881,27.061,27.286,1517165.07
2021-03-31 08:00:00,27.28,27.335,26.186,27.206,4080829.85
2021-03-31 12:00:00,27.21,27.692,26.97,27.594,1237688.4
2021-03-31 16:00:00,27.595,28.46,27.23,28.003,2518822.86
2021-03-31 20:00:00,27.994,29.482,27.93,29.479,2248324.93
2021-04-01 00:00:00,29.475,30.083,29.362,29.748,2472059.19
2021-04-01 04:00:00,29.75,30.55,29.41,30.418,2146270.92
2021-04-01 08:00:00,30.42,30.9,29.565,29.865,2415738.63
2021-04-01 12:00:00,29.864,31.079,29.716,30.888,2196668.48
2021-04-01 16:00:00,30.888,31.2,29.485,30.486,3520638.52
2021-04-01 20:00:00,30.485,30.515,29.944,30.107,1183259.52
2021-04-02 00:00:00,30.113,30.457,29.566,30.296,1864028.09
2021-04-02 04:00:00,30.296,30.589,30.172,30.359,1129728.77
2021-04-02 08:00:00,30.358,30.909,30.282,30.884,1235668.18
2021-04-02 12:00:00,30.871,31.439,29.979,31.095,2932170.64
2021-04-02 16:00:00,31.096,31.729,30.776,31.285,3134932.62
2021-04-02 20:00:00,31.285,32.612,31.231,32.552,2961615.15
2021-04-03 00:00:00,32.546,32.896,31.9,32.058,2206657.5
2021-04-03 04:00:00,32.058,33.137,31.951,32.885,1993380.03
2021-04-03 08:00:00,32.893,33.299,32.034,32.181,2251706.95
2021-04-03 12:00:00,32.18,32.502,31.019,31.095,2498482.52
2021-04-03 16:00:00,31.101,31.577,29.78,30.957,5154393.78
2021-04-03 20:00:00,30.967,30.967,29.189,29.322,3225805.6
2021-04-04 00:00:00,29.329,30.193,28.7,30.089,2555170.72
2021-04-04 04:00:00,30.091,30.464,29.488,30.42,1339984.62
2021-04-04 08:00:00,30.425,30.9,30.21,30.422,1605374.61
2021-04-04 12:00:00,30.427,31.394,30.241,31.149,1898185.75
2021-04-04 16:00:00,31.148,31.515,30.674,30.822,1556439.27
2021-04-04 20:00:00,30.818,30.906,30.435,30.791,935926.9
2021-04-05 00:00:00,30.789,30.988,30.028,30.206,1636379.35
2021-04-05 04:00:00,30.206,30.366,29.654,30.147,1523947.14
2021-04-05 08:00:00,30.147,31.19,29.779,31.19,1587808.1
2021-04-05 12:00:00,31.189,31.849,30.967,31.649,2592567.06
2021-04-05 16:00:00,31.655,32.376,31.31,31.442,3165120.29
2021-04-05 20:00:00,31.446,32.713,31.445,32.459,2807502.61
2021-04-06 00:00:00,32.457,32.791,31.761,31.804,2124070.35
2021-04-06 04:00:00,31.804,32.312,31.35,31.542,1648863.83
2021-04-06 08:00:00,31.539,32.868,31.397,32.289,3485966.69
2021-04-06 12:00:00,32.29,34.87,31.511,32.846,10827916.04
2021-04-06 16:00:00,32.851,34.599,32.802,33.979,4178162.93
2021-04-06 20:00:00,33.979,34.981,33.62,34.775,4031717.1
2021-04-07 00:00:00,34.777,35.242,33.821,34.779,3507694.89
2021-04-07 04:00:00,34.78,34.916,33.104,33.482,3335184.93
2021-04-07 08:00:00,33.481,33.529,30.3,31.629,7773428.68
2021-04-07 12:00:00,31.635,32.49,30.43,31.249,4352735.93
2021-04-07 16:00:00,31.249,31.941,30.246,31.129,4260914.13
2021-04-07 20:00:00,31.127,31.926,30.56,31.149,1782064.83
2021-04-08 00:00:00,31.151,32.229,30.959,31.707,1577530.84
2021-04-08 04:00:00,31.706,32.613,31.693,32.461,1463817.6
2021-04-08 08:00:00,32.467,32.65,31.19,31.521,2115092.64
2021-04-08 12:00:00,31.525,32.609,31.436,32.59,1988169.07
2021-04-08 16:00:00,32.59,32.955,32.02,32.238,1547260.55
2021-04-08 20:00:00,32.231,32.928,31.92,32.821,1087556.07
2021-04-09 00:00:00,32.819,33.336,32.673,32.779,1280404.03
2021-04-09 04:00:00,32.778,32.86,32.283,32.589,897675.51
2021-04-09 08:00:00,32.59,32.791,32.161,32.717,1277324.89
2021-04-09 12:00:00,32.717,32.775,31.57,31.902,1842810.18
2021-04-09 16:00:00,31.904,32.05,31.452,31.752,1502238.11
2021-04-09 20:00:00,31.752,31.839,31.25,31.639,1111990.12
2021-04-10 00:00:00,31.64,32.668,31.38,32.55,1788381.06
2021-04-10 04:00:00,32.549,33.086,32.38,32.583,1661702.62
2021-04-10 08:00:00,32.586,33.143,32.541,32.558,1223803.72
2021-04-10 12:00:00,32.559,32.673,31.9,32.147,1585067.85
2021-04-10 16:00:00,32.147,32.59,31.52,31.816,1446675.47
2021-04-10 20:00:00,31.81,31.993,30.985,31.95,1612967.7
2021-04-11 00:00:00,31.949,32.696,31.805,32.397,1521248.59
2021-04-11 04:00:00,32.397,32.607,31.787,32.292,1375247.78
2021-04-11 08:00:00,32.293,33.082,32.293,32.768,1913304.55
2021-04-11 12:00:00,32.767,33.858,32.257,33.784,2415393.21
2021-04-11 16:00:00,33.783,34.573,33.353,33.84,4288047.59
2021-04-11 20:00:00,33.84,34.337,33.4,33.964,1311101.11
2021-04-12 00:00:00,33.961,34.261,33.228,33.499,1215573.87
2021-04-12 04:00:00,33.501,34.021,33.386,33.58,1283709.85
2021-04-12 08:00:00,33.579,33.77,32.274,32.92,2753307.67
2021-04-12 12:00:00,32.924,33.149,32.01,32.241,2060081.6
2021-04-12 16:00:00,32.236,33.013,31.9,32.988,1670308.16
2021-04-12 20:00:00,32.989,33.443,32.885,33.168,1355881.94
2021-04-13 00:00:00,33.163,33.48,32.925,32.97,1118358.09
2021-04-13 04:00:00,32.97,33.141,32.45,32.9,1409722.51
2021-04-13 08:00:00,32.899,33.812,32.732,33.726,2553236.13
2021-04-13 12:00:00,33.726,34.623,33.39,34.427,3235282.57
2021-04-13 16:00:00,34.424,36.061,34.408,35.741,6290870.94
2021-04-13 20:00:00,35.74,35.94,34.815,35.592,2145268.91
2021-04-14 00:00:00,35.593,38.315,35.455,37.437,4750504.75
2021-04-14 04:00:00,37.439,37.771,36.56,37.108,3759675.64
2021-04-14 08:00:00,37.107,38.079,35.324,38.077,5441127.38
2021-04-14 12:00:00,38.076,38.169,34.88,36.578,7690172.16
2021-04-14 16:00:00,36.578,39.0,36.567,37.744,10954091.36
2021-04-14 20:00:00,37.745,42.078,37.502,41.434,8413514.59
2021-04-15 00:00:00,41.436,42.44,39.77,40.904,4856963.28
2021-04-15 04:00:00,40.904,43.136,39.998,42.478,4590629.4
2021-04-15 08:00:00,42.475,42.981,40.118,40.687,5464436.03
2021-04-15 12:00:00,40.686,44.5,40.415,44.137,8955882.94
2021-04-15 16:00:00,44.135,44.473,42.25,42.582,5261311.0
2021-04-15 20:00:00,42.578,43.981,42.235,42.625,3433676.02
2021-04-16 00:00:00,42.633,43.405,40.806,41.762,3996262.46
2021-04-16 04:00:00,41.76,42.199,40.256,41.916,5844489.33
2021-04-16 08:00:00,41.913,42.593,39.202,40.868,6232130.57
2021-04-16 12:00:00,40.874,41.496,38.5,41.359,5783652.53
2021-04-16 16:00:00,41.368,42.78,40.617,41.245,5411481.73
2021-04-16 20:00:00,41.245,42.37,41.054,41.993,2499530.84
2021-04-17 00:00:00,41.995,44.18,41.974,43.187,4368058.31
2021-04-17 04:00:00,43.19,43.867,42.656,43.344,2580295.71
2021-04-17 08:00:00,43.344,43.545,41.2,41.677,3261442.87
2021-04-17 12:00:00,41.68,42.285,40.37,40.51,3469791.9
2021-04-17 16:00:00,40.51,41.402,39.94,41.162,2927733.26
2021-04-17 20:00:00,41.163,42.196,39.899,39.977,3005930.16
2021-04-18 00:00:00,39.978,40.427,29.453,33.064,12188039.81
2021-04-18 04:00:00,33.045,37.213,32.399,36.647,12329233.39
2021-04-18 08:00:00,36.648,36.84,32.577,32.961,10148673.21
2021-04-18 12:00:00,32.96,37.711,32.892,37.597,8108913.63
2021-04-18 16:00:00,37.597,38.748,36.743,38.444,6442951.99
2021-04-18 20:00:00,38.445,39.777,37.687,39.103,4594791.1
2021-04-19 00:00:00,39.103,42.046,38.068,41.586,6760488.35
2021-04-19 04:00:00,41.586,41.7,40.13,40.738,3329828.78
2021-04-19 08:00:00,40.747,41.022,37.959,39.76,4658159.42
2021-04-19 12:00:00,39.755,40.118,35.0,35.279,10709226.68
2021-04-19 16:00:00,35.253,37.73,34.839,37.515,7560257.06
2021-04-19 20:00:00,37.516,37.937,35.6,35.771,4118342.71
2021-04-20 00:00:00,35.778,36.159,33.223,35.169,8853648.78
2021-04-20 04:00:00,35.166,36.787,34.023,34.961,5635632.55
2021-04-20 08:00:00,34.96,38.004,34.882,37.848,5076190.99
2021-04-20 12:00:00,37.852,38.173,35.3,36.63,4126519.01
2021-04-20 16:00:00,36.648,39.032,36.435,39.003,4061465.16
2021-04-20 20:00:00,38.994,39.426,37.721,39.0,3098982.16
2021-04-21 00:00:00,38.993,39.509,37.482,37.512,2971239.4
2021-04-21 04:00:00,37.509,38.373,37.216,37.541,2557071.16
2021-04-21 08:00:00,37.547,37.85,35.9,36.299,3721444.98
2021-04-21 12:00:00,36.296,38.705,36.208,38.694,3519432.58
2021-04-21 16:00:00,38.692,39.252,37.612,38.205,2949637.36
2021-04-21 20:00:00,38.201,38.224,35.987,36.281,3406063.23
2021-04-22 00:00:00,36.281,37.312,35.618,35.836,4397186.26
2021-04-22 04:00:00,35.834,37.62,35.77,36.827,2068785.69
2021-04-22 08:00:00,36.831,38.548,35.88,38.364,3457632.0
2021-04-22 12:00:00,38.368,40.788,38.366,40.575,5771514.29
2021-04-22 16:00:00,40.576,40.919,37.65,38.356,6951866.9
2021-04-22 20:00:00,38.356,38.367,33.799,35.162,8248377.97
2021-04-23 00:00:00,35.164,35.983,30.0,33.102,14126704.19
2021-04-23 04:00:00,33.086,33.327,30.589,30.828,8598229.49
2021-04-23 08:00:00,30.821,33.765,30.444,33.606,6025257.31
2021-04-23 12:00:00,33.606,34.05,31.444,33.971,5086947.97
2021-04-23 16:00:00,33.966,34.615,33.228,34.446,3380452.57
2021-04-23 20:00:00,34.454,35.227,33.65,35.217,2071605.2
2021-04-24 00:00:00,35.226,35.345,32.642,33.909,2944633.87
2021-04-24 04:00:00,33.92,34.362,33.265,33.608,1817955.11
2021-04-24 08:00:00,33.611,34.181,31.4,31.881,3019850.37
2021-04-24 12:00:00,31.873,32.702,31.47,32.429,3322824.49
2021-04-24 16:00:00,32.421,32.55,31.535,32.124,2008639.93
2021-04-24 20:00:00,32.125,32.742,31.017,31.254,3103201.97
2021-04-25 00:00:00,31.256,32.043,30.915,31.098,2649279.63
2021-04-25 04:00:00,31.098,31.59,30.995,31.376,1472155.83
2021-04-25 08:00:00,31.376,32.3,31.147,31.97,2329923.38
2021-04-25 12:00:00,31.97,33.454,31.921,33.189,2044946.55
2021-04-25 16:00:00,33.185,33.453,31.7,31.741,1897175.99
2021-04-25 20:00:00,31.741,31.981,29.824,31.697,4459677.75
2021-04-26 00:00:00,31.697,34.196,31.382,33.966,4012490.96
2021-04-26 04:00:00,33.966,34.765,33.575,34.269,2041905.8
2021-04-26 08:00:00,34.27,35.319,33.827,35.05,2275399.31
2021-04-26 12:00:00,35.052,35.313,34.103,34.716,2228804.98
2021-04-26 16:00:00,34.721,35.165,33.942,34.682,1956220.39
2021-04-26 20:00:00,34.687,35.2,33.443,35.151,2564454.18
2021-04-27 00:00:00,35.151,35.635,34.514,34.973,1914923.7
2021-04-27 04:00:00,34.971,36.488,34.716,35.998,1906185.82
2021-04-27 08:00:00,36.0,36.999,35.806,36.937,2179523.37
2021-04-27 12:00:00,36.941,37.195,35.319,36.77,3323183.47
2021-04-27 16:00:00,36.778,37.699,36.253,36.626,3135944.1
2021-04-27 20:00:00,36.63,37.051,36.2,36.805,1655181.8
2021-04-28 00:00:00,36.805,37.85,36.174,36.2,2399574.51
2021-04-28 04:00:00,36.195,36.765,34.972,35.731,2902817.59
2021-04-28 08:00:00,35.731,36.531,35.025,36.326,2172302.46
2021-04-28 12:00:00,36.327,36.669,35.436,35.641,2317320.85
2021-04-28 16:00:00,35.643,36.545,35.2,36.477,1929795.49
2021-04-28 20:00:00,36.479,36.629,35.472,36.275,2339677.55
2021-04-29 00:00:00,36.286,36.447,35.359,35.656,1853397.04
2021-04-29 04:00:00,35.657,36.082,35.04,36.081,1513655.07
2021-04-29 08:00:00,36.081,37.044,35.641,36.898,2422712.24
2021-04-29 12:00:00,36.898,37.5,36.1,36.684,3299550.55
2021-04-29 16:00:00,36.696,36.88,35.073,35.645,3144126.36
2021-04-29 20:00:00,35.656,36.514,35.173,36.513,1929630.1
2021-04-30 00:00:00,36.512,36.723,35.856,36.458,1802078.56
2021-04-30 04:00:00,36.457,37.846,36.427,37.524,2087049.4
2021-04-30 08:00:00,37.523,38.473,37.255,37.84,2312524.69
2021-04-30 12:00:00,37.834,38.853,37.77,38.22,2761859.78
2021-04-30 16:00:00,38.219,38.791,38.0,38.377,1775925.31
2021-04-30 20:00:00,38.375,38.384,37.638,38.142,1519936.42
2021-05-01 00:00:00,38.142,38.777,37.662,38.632,1924332.03
2021-05-01 04:00:00,38.633,38.977,38.213,38.338,1034509.27
2021-05-01 08:00:00,38.339,38.857,37.5,38.815,1744441.76
2021-05-01 12:00:00,38.808,39.374,38.427,39.175,2080399.61
2021-05-01 16:00:00,39.175,41.04,39.175,41.031,3010327.73
2021-05-01 20:00:00,41.031,41.298,40.326,41.298,1963014.58
2021-05-02 00:00:00,41.298,41.5,39.52,39.547,2849925.52
2021-05-02 04:00:00,39.542,40.569,39.061,39.424,2652375.98
2021-05-02 08:00:00,39.432,39.982,38.739,39.927,2775825.25
2021-05-02 12:00:00,39.926,39.985,39.046,39.375,2004254.6
2021-05-02 16:00:00,39.375,40.172,39.135,40.097,1702608.17
2021-05-02 20:00:00,40.099,40.398,39.152,39.502,1609515.59
2021-05-03 00:00:00,39.501,40.383,39.274,40.011,1896658.67
2021-05-03 04:00:00,40.014,40.978,40.0,40.832,1911438.28
2021-05-03 08:00:00,40.848,41.21,40.29,40.676,1680757.03
2021-05-03 12:00:00,40.677,40.83,39.095,40.382,2686796.26
2021-05-03 16:00:00,40.393,42.737,40.02,42.695,4046938.63
2021-05-03 20:00:00,42.697,42.783,41.333,42.12,3232580.98
2021-05-04 00:00:00,42.127,42.528,38.5,39.345,5749288.32
2021-05-04 04:00:00,39.343,40.672,39.035,39.924,2485776.62
2021-05-04 08:00:00,39.929,43.189,39.356,42.826,4697235.03
2021-05-04 12:00:00,42.821,44.939,41.652,42.493,12317728.09
2021-05-04 16:00:00,42.493,48.114,41.436,46.775,10273991.61
2021-05-04 20:00:00,46.772,48.646,45.1,45.544,8608328.14
2021-05-05 00:00:00,45.574,50.067,44.881,48.572,8133950.3
2021-05-05 04:00:00,48.572,51.267,47.645,50.041,6610165.31
2021-05-05 08:00:00,50.051,50.428,48.061,48.107,4352224.14
2021-05-05 12:00:00,48.093,49.386,46.932,47.131,4416499.24
2021-05-05 16:00:00,47.118,49.089,47.068,48.795,3917009.65
2021-05-05 20:00:00,48.791,50.0,47.534,49.664,3345278.21
2021-05-06 00:00:00,49.664,49.933,47.083,47.724,3412215.21
2021-05-06 04:00:00,47.72,48.121,45.716,47.22,3278621.14
2021-05-06 08:00:00,47.219,48.992,47.0,48.804,2542196.17
2021-05-06 12:00:00,48.805,48.89,47.211,47.792,2624466.22
2021-05-06 16:00:00,47.796,50.108,45.31,46.869,8878496.02
2021-05-06 20:00:00,46.87,47.913,46.116,47.184,2812623.29
2021-05-07 00:00:00,47.192,48.923,46.434,47.025,4546730.6
2021-05-07 04:00:00,47.025,47.538,45.737,46.853,2167856.12
2021-05-07 08:00:00,46.861,48.088,46.611,47.265,1806160.63
2021-05-07 12:00:00,47.265,49.763,46.827,49.019,4136797.01
2021-05-07 16:00:00,49.019,52.06,49.012,49.95,6105717.2
2021-05-07 20:00:00,49.951,51.188,47.56,49.175,3597147.71
2021-05-08 00:00:00,49.179,50.325,48.328,49.225,2162942.99
2021-05-08 04:00:00,49.225,49.58,48.009,48.738,1668428.3
2021-05-08 08:00:00,48.746,49.094,47.636,47.71,1924099.61
2021-05-08 12:00:00,47.73,48.861,46.853,46.989,2860965.11
2021-05-08 16:00:00,47.007,48.07,46.52,47.85,2644939.64
2021-05-08 20:00:00,47.85,48.785,47.42,48.666,1924168.58
2021-05-09 00:00:00,48.666,48.75,47.226,47.335,1824781.91
2021-05-09 04:00:00,47.33,48.477,45.81,47.572,2622125.32
2021-05-09 08:00:00,47.56,49.713,47.434,48.775,3034723.78
2021-05-09 12:00:00,48.773,51.991,47.531,51.898,5295401.64
2021-05-09 16:00:00,51.904,52.501,49.931,50.438,4571920.39
2021-05-09 20:00:00,50.45,52.326,50.11,52.311,2928394.25
2021-05-10 00:00:00,52.312,53.07,51.354,51.804,3011392.28
2021-05-10 04:00:00,51.808,52.54,51.321,51.591,2146155.75
2021-05-10 08:00:00,51.589,51.875,49.516,50.465,2841404.04
2021-05-10 12:00:00,50.472,50.957,49.0,50.567,2906414.7
2021-05-10 16:00:00,50.566,51.017,46.038,46.154,4040689.07
2021-05-10 20:00:00,46.136,48.272,40.16,46.341,9897528.4
2021-05-11 00:00:00,46.361,47.4,44.823,45.477,3903725.32
2021-05-11 04:00:00,45.496,46.504,44.608,46.392,1867541.1
2021-05-11 08:00:00,46.39,47.726,45.437,46.231,2109385.82
2021-05-11 12:00:00,46.228,47.528,45.029,47.24,2790162.18
2021-05-11 16:00:00,47.232,48.498,46.806,48.481,2102974.1
2021-05-11 20:00:00,48.474,48.922,47.6,48.831,1646523.28
2021-05-12 00:00:00,48.828,49.916,48.533,49.694,2151698.06
2021-05-12 04:00:00,49.695,49.797,48.148,48.42,1785964.0
2021-05-12 08:00:00,48.414,48.79,47.222,48.051,1928704.92
2021-05-12 12:00:00,48.051,48.7,46.473,46.555,2880386.29
2021-05-12 16:00:00,46.569,47.0,44.14,45.76,4319626.96
2021-05-12 20:00:00,45.76,46.483,40.83,41.609,6725692.96
2021-05-13 00:00:00,41.633,44.488,39.158,43.697,5646589.65
2021-05-13 04:00:00,43.706,45.0,43.348,43.991,1558258.28
2021-05-13 08:00:00,43.995,44.285,40.355,42.513,4707662.45
2021-05-13 12:00:00,42.533,44.624,42.104,43.334,2559301.59
2021-05-13 16:00:00,43.336,44.54,40.143,41.309,5540251.8
2021-05-13 20:00:00,41.31,43.46,41.022,43.309,2262161.63
2021-05-14 00:00:00,43.309,44.612,42.936,43.726,2152516.53
2021-05-14 04:00:00,43.714,45.062,43.171,45.016,1732024.97
2021-05-14 08:00:00,45.017,45.999,44.681,45.897,1812758.97
2021-05-14 12:00:00,45.898,47.48,44.802,47.168,2251822.13
2021-05-14 16:00:00,47.159,47.91,45.882,46.145,2276506.92
2021-05-14 20:00:00,46.143,46.953,45.06,46.619,1657857.21
2021-05-15 00:00:00,46.618,47.52,45.902,46.62,1708532.84
2021-05-15 04:00:00,46.623,47.867,44.8,44.942,2500773.92
2021-05-15 08:00:00,44.933,45.429,43.391,43.935,2698912.37
2021-05-15 12:00:00,43.935,44.827,43.349,43.96,2157055.09
2021-05-15 16:00:00,43.961,43.974,41.021,42.085,4035820.05
2021-05-15 20:00:00,42.097,43.21,41.177,41.53,2134299.43
2021-05-16 00:00:00,41.531,43.175,41.127,42.856,2174543.19
2021-05-16 04:00:00,42.871,44.4,42.717,44.149,1650527.43
2021-05-16 08:00:00,44.145,44.703,43.622,43.716,1414014.71
2021-05-16 12:00:00,43.726,43.944,41.464,41.502,2002771.97
2021-05-16 16:00:00,41.506,42.003,38.06,39.134,6035803.87
2021-05-16 20:00:00,39.133,40.814,37.989,40.696,4049252.58
2021-05-17 00:00:00,40.693,40.716,36.236,36.416,4681957.32
2021-05-17 04:00:00,36.432,39.508,35.08,39.386,5077706.33
2021-05-17 08:00:00,39.389,39.785,38.532,39.774,2214020.06
2021-05-17 12:00:00,39.769,40.026,36.65,36.784,2705897.75
2021-05-17 16:00:00,36.79,38.398,35.414,38.313,4128013.57
2021-05-17 20:00:00,38.313,38.594,35.935,37.203,3633478.01
2021-05-18 00:00:00,37.198,39.199,36.677,38.883,2940746.72
2021-05-18 04:00:00,38.883,40.6,38.853,40.188,2303099.44
2021-05-18 08:00:00,40.198,41.592,39.234,41.169,2344960.07
2021-05-18 12:00:00,41.169,41.713,38.233,39.765,5234534.47
2021-05-18 16:00:00,39.765,43.264,39.512,42.891,5374490.71
2021-05-18 20:00:00,42.887,44.698,41.561,42.6,4452333.03
2021-05-19 00:00:00,42.604,43.549,38.608,39.017,5533381.96
2021-05-19 04:00:00,39.011,39.572,35.586,38.046,7723227.34
2021-05-19 08:00:00,38.053,38.061,30.656,33.357,8026726.68
2021-05-19 12:00:00,33.35,33.717,19.541,30.185,14318534.07
2021-05-19 16:00:00,30.185,32.613,28.165,29.61,10621566.38
2021-05-19 20:00:00,29.601,30.709,26.18,26.249,7497292.94
2021-05-20 00:00:00,26.222,27.723,22.366,26.748,13002506.78
2021-05-20 04:00:00,26.741,30.653,26.518,29.961,6143100.8
2021-05-20 08:00:00,29.961,30.475,28.326,30.298,4621889.01
2021-05-20 12:00:00,30.309,33.019,29.726,31.73,5309410.81
2021-05-20 16:00:00,31.731,31.84,28.449,30.521,6519162.44
2021-05-20 20:00:00,30.522,31.098,29.65,30.631,3174290.91
2021-05-21 00:00:00,30.645,31.969,30.227,30.414,3104427.97
2021-05-21 04:00:00,30.411,30.622,28.601,28.788,2999597.51
2021-05-21 08:00:00,28.792,29.736,28.144,29.185,2423233.53
2021-05-21 12:00:00,29.185,29.908,25.042,25.28,7289130.78
2021-05-21 16:00:00,25.281,26.687,23.981,24.57,5731468.51
2021-05-21 20:00:00,24.57,25.735,22.047,25.552,6101680.46
2021-05-22 00:00:00,25.549,26.206,24.307,24.672,3481278.22
2021-05-22 04:00:00,24.669,24.949,22.218,23.225,5787300.9
2021-05-22 08:00:00,23.221,25.591,23.211,24.897,3477586.41
2021-05-22 12:00:00,24.892,25.792,23.939,24.815,3314359.66
2021-05-22 16:00:00,24.82,25.061,22.963,23.007,3221357.59
2021-05-22 20:00:00,23.013,24.268,23.004,23.3,2172856.63
2021-05-23 00:00:00,23.302,24.363,22.804,23.623,1743700.32
2021-05-23 04:00:00,23.621,23.687,20.947,21.423,2965884.65
2021-05-23 08:00:00,21.418,21.429,18.624,19.311,8220485.02
2021-05-23 12:00:00,19.31,19.537,16.338,17.499,12406370.51
2021-05-23 16:00:00,17.505,18.188,14.98,17.513,11565820.21
2021-05-23 20:00:00,17.509,21.305,17.506,19.836,6377492.42
2021-05-24 00:00:00,19.839,22.02,19.655,21.452,4972594.79
2021-05-24 04:00:00,21.458,23.498,20.631,23.4,4166101.66
2021-05-24 08:00:00,23.401,24.339,22.707,24.055,5424636.71
2021-05-24 12:00:00,24.051,24.938,23.35,24.737,5889573.54
2021-05-24 16:00:00,24.737,26.027,23.586,25.815,5029982.65
2021-05-24 20:00:00,25.818,26.42,24.617,26.404,3975013.17
2021-05-25 00:00:00,26.404,27.431,24.88,25.627,5157815.68
2021-05-25 04:00:00,25.626,26.779,24.761,26.528,3610671.19
2021-05-25 08:00:00,26.529,26.694,23.662,23.749,4691217.75
2021-05-25 12:00:00,23.746,26.27,23.683,26.124,5048311.42
2021-05-25 16:00:00,26.132,26.489,24.903,25.11,3504486.72
2021-05-25 20:00:00,25.111,27.646,25.024,27.517,2661421.1
2021-05-26 00:00:00,27.514,30.456,26.831,30.417,5312630.47
2021-05-26 04:00:00,30.417,32.6,29.485,32.068,4178680.99
2021-05-26 08:00:00,32.061,32.5,30.728,32.305,4773325.93
2021-05-26 12:00:00,32.294,33.074,29.252,29.98,6957276.02
2021-05-26 16:00:00,29.992,30.86,29.363,30.435,3913276.27
2021-05-26 20:00:00,30.426,34.293,30.227,34.004,4202916.73
2021-05-27 00:00:00,34.011,34.4,30.052,31.112,6456471.57
2021-05-27 04:00:00,31.128,33.469,30.876,32.688,4544686.18
2021-05-27 08:00:00,32.699,35.0,31.87,34.754,4583848.32
2021-05-27 12:00:00,34.755,35.343,33.306,33.788,4974643.41
2021-05-27 16:00:00,33.777,34.039,31.86,32.199,3450325.82
2021-05-27 20:00:00,32.216,32.664,30.863,31.722,3832735.07
2021-05-28 00:00:00,31.732,32.168,30.592,31.906,3134553.47
2021-05-28 04:00:00,31.893,31.901,27.922,29.34,6125482.79
2021-05-28 08:00:00,29.334,29.689,26.808,27.214,6496040.54
2021-05-28 12:00:00,27.218,30.695,26.884,29.991,6527038.32
2021-05-28 16:00:00,29.978,30.184,28.287,29.142,5118578.28
2021-05-28 20:00:00,29.144,29.896,27.043,27.866,4389386.07
2021-05-29 00:00:00,27.866,29.738,27.747,28.839,3565970.06
2021-05-29 04:00:00,28.833,29.07,27.663,28.053,2408407.92
2021-05-29 08:00:00,28.065,28.29,26.332,27.484,3791382.9
2021-05-29 12:00:00,27.484,27.538,25.019,25.373,4988832.94
2021-05-29 16:00:00,25.385,26.486,24.223,24.711,5165067.99
2021-05-29 20:00:00,24.714,25.747,24.107,25.361,3365522.52
2021-05-30 00:00:00,25.356,25.657,23.624,25.434,4550611.74
2021-05-30 04:00:00,25.447,28.259,25.232,28.23,3940959.03
2021-05-30 08:00:00,28.23,29.081,27.39,29.023,4675640.51
2021-05-30 12:00:00,29.014,29.162,26.85,27.422,4426655.38
2021-05-30 16:00:00,27.424,28.427,26.94,27.954,2558302.28
2021-05-30 20:00:00,27.951,28.128,26.663,26.805,2196294.16
2021-05-31 00:00:00,26.808,27.405,25.562,25.904,3889070.15
2021-05-31 04:00:00,25.911,27.96,25.566,27.638,3201099.94
2021-05-31 08:00:00,27.645,29.646,27.196,28.829,3773224.19
2021-05-31 12:00:00,28.835,30.25,28.169,30.19,3682703.09
2021-05-31 16:00:00,30.185,31.682,29.825,30.715,4175202.73
2021-05-31 20:00:00,30.718,32.15,30.101,32.098,2896131.34
2021-06-01 00:00:00,32.097,32.654,30.17,30.558,3916074.15
2021-06-01 04:00:00,30.571,31.684,30.3,30.635,2681066.48
2021-06-01 08:00:00,30.626,30.869,29.17,30.349,3964368.47
2021-06-01 12:00:00,30.353,30.96,29.048,29.872,3972063.98
2021-06-01 16:00:00,29.867,30.294,29.202,29.586,2151208.1
2021-06-01 20:00:00,29.583,30.99,29.495,30.715,1913151.9
2021-06-02 00:00:00,30.724,30.895,29.655,30.542,2202970.42
2021-06-02 04:00:00,30.527,31.199,30.367,30.998,1606539.42
2021-06-02 08:00:00,30.997,31.163,30.08,30.364,1911835.93
2021-06-02 12:00:00,30.364,31.99,30.119,31.924,3458136.98
2021-06-02 16:00:00,31.927,32.23,31.0,31.176,2133977.69
2021-06-02 20:00:00,31.173,31.261,30.369,30.67,1541163.14
2021-06-03 00:00:00,30.671,31.108,30.01,31.053,1680524.89
2021-06-03 04:00:00,31.059,32.043,30.998,31.509,2273197.77
2021-06-03 08:00:00,31.511,32.855,31.384,32.045,3222950.26
2021-06-03 12:00:00,32.044,32.49,31.292,31.798,2869614.36
2021-06-03 16:00:00,31.803,32.511,31.605,31.848,1714803.81
2021-06-03 20:00:00,31.83,32.396,31.712,32.208,1356279.07
2021-06-04 00:00:00,32.209,32.282,28.731,30.153,4941569.12
2021-06-04 04:00:00,30.152,30.194,27.427,28.25,4138123.05
2021-06-04 08:00:00,28.246,28.98,27.753,28.09,2768620.04
2021-06-04 12:00:00,28.088,28.94,27.155,28.732,4231017.18
2021-06-04 16:00:00,28.732,29.364,28.482,28.946,2271049.52
2021-06-04 20:00:00,28.948,29.55,28.319,28.83,1967062.33
2021-06-05 00:00:00,28.833,29.857,28.62,29.443,1934648.37
2021-06-05 04:00:00,29.444,30.209,29.3,29.564,1839304.83
2021-06-05 08:00:00,29.562,29.779,27.46,27.679,3549640.54
2021-06-05 12:00:00,27.691,28.032,26.99,27.554,3743709.66
2021-06-05 16:00:00,27.547,27.589,27.0,27.035,1975899.52
2021-06-05 20:00:00,27.027,27.509,26.05,27.124,2875433.58
2021-06-06 00:00:00,27.119,27.517,26.816,27.389,1657054.14
2021-06-06 04:00:00,27.379,27.942,27.303,27.788,1398184.54
2021-06-06 08:00:00,27.788,28.196,27.476,27.532,1634378.17
2021-06-06 12:00:00,27.536,27.74,26.932,27.574,1819702.33
2021-06-06 16:00:00,27.574,27.721,26.938,26.943,940805.39
2021-06-06 20:00:00,26.947,27.542,26.824,27.537,1551590.1
2021-06-07 00:00:00,27.534,28.399,27.173,28.112,2323753.05
2021-06-07 04:00:00,28.117,28.317,27.531,27.879,1767040.48
2021-06-07 08:00:00,27.88,28.696,27.585,28.312,2531691.05
2021-06-07 12:00:00,28.312,28.67,27.716,27.826,2147685.73
2021-06-07 16:00:00,27.822,27.888,26.607,26.982,3028247.75
2021-06-07 20:00:00,26.975,27.085,24.229,24.581,5972529.42
2021-06-08 00:00:00,24.576,25.103,23.0,23.868,5429541.8
2021-06-08 04:00:00,23.868,24.33,23.101,24.058,3975999.62
2021-06-08 08:00:00,24.064,24.587,23.633,24.285,3532733.74
2021-06-08 12:00:00,24.283,24.388,21.329,22.371,8448906.27
2021-06-08 16:00:00,22.377,23.926,22.2,23.793,5538588.51
2021-06-08 20:00:00,23.793,24.735,23.555,24.079,3400784.39
2021-06-09 00:00:00,24.077,24.236,22.506,22.941,4142458.81
2021-06-09 04:00:00,22.94,24.285,22.42,23.664,3549648.39
2021-06-09 08:00:00,23.672,24.283,23.339,24.147,3379359.31
2021-06-09 12:00:00,24.147,25.426,23.444,25.187,6143804.36
2021-06-09 16:00:00,25.189,25.556,24.594,24.796,4549265.78
2021-06-09 20:00:00,24.8,25.626,24.655,25.587,2245431.31
2021-06-10 00:00:00,25.578,25.78,24.8,24.813,2195799.09
2021-06-10 04:00:00,24.813,25.04,24.273,24.543,2148112.08
2021-06-10 08:00:00,24.543,24.93,23.716,24.532,3222696.57
2021-06-10 12:00:00,24.53,24.6,23.559,23.71,2868049.9
2021-06-10 16:00:00,23.711,23.806,22.901,23.115,3408349.04
2021-06-10 20:00:00,23.11,23.479,22.714,23.119,2033192.76
2021-06-11 00:00:00,23.125,23.383,22.258,22.996,3079077.9
2021-06-11 04:00:00,22.995,23.18,22.472,22.778,1873702.23
2021-06-11 08:00:00,22.783,23.257,22.672,22.997,2353502.03
2021-06-11 12:00:00,22.997,23.337,22.41,22.538,2479043.16
2021-06-11 16:00:00,22.537,22.61,21.693,21.931,2834379.31
2021-06-11 20:00:00,21.932,22.09,20.957,21.467,3330490.15
2021-06-12 00:00:00,21.458,21.494,20.107,20.536,4576395.64
2021-06-12 04:00:00,20.535,20.649,20.019,20.511,3074057.78
2021-06-12 08:00:00,20.505,21.11,19.974,20.955,4501977.06
2021-06-12 12:00:00,20.955,22.092,20.894,21.566,4660426.26
2021-06-12 16:00:00,21.571,22.283,21.505,22.006,2478368.03
2021-06-12 20:00:00,22.003,22.274,21.554,21.65,2019434.4
2021-06-13 00:00:00,21.651,22.101,21.007,21.014,2555953.2
2021-06-13 04:00:00,21.012,21.165,20.595,20.741,3281697.11
2021-06-13 08:00:00,20.741,21.142,20.63,21.034,2405060.45
2021-06-13 12:00:00,21.032,21.198,20.39,20.697,3350459.75
2021-06-13 16:00:00,20.697,22.353,20.601,22.269,4782577.43
2021-06-13 20:00:00,22.268,23.869,22.248,23.304,5161595.0
2021-06-14 00:00:00,23.309,23.644,23.052,23.264,2509243.16
2021-06-14 04:00:00,23.265,23.608,23.137,23.415,1628413.41
2021-06-14 08:00:00,23.418,23.455,22.827,23.043,2641804.74
2021-06-14 12:00:00,23.044,24.79,22.901,24.789,5645542.7
2021-06-14 16:00:00,24.784,25.268,23.79,24.142,5180684.0
2021-06-14 20:00:00,24.143,24.979,24.05,24.954,1890790.59
2021-06-15 00:00:00,24.952,25.665,24.73,25.453,2820673.49
2021-06-15 04:00:00,25.454,26.45,25.376,26.129,3421843.01
2021-06-15 08:00:00,26.127,26.165,25.267,25.696,4072669.15
2021-06-15 12:00:00,25.695,26.047,24.731,24.965,3908845.69
2021-06-15 16:00:00,24.97,25.844,24.762,24.823,3926800.93
2021-06-15 20:00:00,24.823,25.006,24.393,24.49,2408834.89
2021-06-16 00:00:00,24.49,24.514,23.75,24.219,2845751.35
2021-06-16 04:00:00,24.22,24.628,24.103,24.409,2176755.86
2021-06-16 08:00:00,24.412,24.641,23.517,23.7,3083282.25
2021-06-16 12:00:00,23.7,23.93,23.162,23.322,3868252.24
2021-06-16 16:00:00,23.324,23.845,22.935,23.566,5166831.38
2021-06-16 20:00:00,23.564,23.87,22.911,23.035,3061206.19
2021-06-17 00:00:00,23.034,24.143,22.952,24.017,1958585.6
2021-06-17 04:00:00,24.018,24.32,23.708,24.136,1791708.97
2021-06-17 08:00:00,24.136,24.444,24.028,24.102,2080363.89
2021-06-17 12:00:00,24.103,24.138,23.454,24.026,3081271.51
2021-06-17 16:00:00,24.027,24.109,22.792,23.032,4027408.3
2021-06-17 20:00:00,23.036,23.458,22.823,23.4,2229907.49
2021-06-18 00:00:00,23.4,23.428,22.284,22.825,2880396.63
2021-06-18 04:00:00,22.826,22.974,22.415,22.747,1544648.23
2021-06-18 08:00:00,22.75,22.949,22.07,22.481,3300001.65
2021-06-18 12:00:00,22.483,22.554,21.151,21.183,5411640.44
2021-06-18 16:00:00,21.189,21.649,20.514,20.648,4752019.91
2021-06-18 20:00:00,20.644,21.387,20.586,21.232,2919763.51
2021-06-19 00:00:00,21.231,21.649,20.536,20.64,2778551.07
2021-06-19 04:00:00,20.646,21.56,20.646,21.4,2398536.74
2021-06-19 08:00:00,21.402,21.609,21.142,21.472,1892549.96
2021-06-19 12:00:00,21.472,21.953,21.178,21.618,2732470.53
2021-06-19 16:00:00,21.616,21.679,20.643,20.927,2383860.66
2021-06-19 20:00:00,20.93,20.998,20.164,20.256,2533767.29
2021-06-20 00:00:00,20.255,20.61,20.021,20.432,2708300.4
2021-06-20 04:00:00,20.439,20.792,20.331,20.581,1762146.67
2021-06-20 08:00:00,20.584,20.672,19.305,19.383,4976898.13
2021-06-20 12:00:00,19.382,20.325,19.06,20.1,4389025.26
2021-06-20 16:00:00,20.1,21.319,20.0,21.276,3587713.89
2021-06-20 20:00:00,21.275,22.064,21.187,21.644,3787157.89
2021-06-21 00:00:00,21.637,21.875,20.547,20.577,3668939.56
2021-06-21 04:00:00,20.571,20.698,18.836,19.264,10587021.46
2021-06-21 08:00:00,19.263,19.578,17.645,18.619,11324504.69
2021-06-21 12:00:00,18.616,19.441,17.889,18.77,8055678.86
2021-06-21 16:00:00,18.769,19.01,17.993,18.493,6053863.67
2021-06-21 20:00:00,18.494,18.741,16.983,17.352,7452669.35
2021-06-22 00:00:00,17.352,18.784,16.706,18.506,7853012.16
2021-06-22 04:00:00,18.508,18.555,17.702,17.898,3835168.18
2021-06-22 08:00:00,17.902,17.926,16.14,16.168,9280147.32
2021-06-22 12:00:00,16.172,17.16,14.964,16.996,18765151.54
2021-06-22 16:00:00,17.004,17.938,16.854,17.032,8014998.28
2021-06-22 20:00:00,17.035,17.588,16.48,16.849,5001076.39
2021-06-23 00:00:00,16.843,18.649,16.141,18.435,8181186.96
2021-06-23 04:00:00,18.437,19.15,18.21,18.762,3752234.83
2021-06-23 08:00:00,18.766,19.045,18.287,18.528,3240878.29
2021-06-23 12:00:00,18.532,19.197,18.061,18.16,4890462.69
2021-06-23 16:00:00,18.162,18.551,17.377,17.377,3818100.05
2021-06-23 20:00:00,17.382,18.386,17.377,18.379,3435049.43
2021-06-24 00:00:00,18.382,18.495,17.344,17.709,3757787.95
2021-06-24 04:00:00,17.708,18.441,17.574,18.146,3125708.38
2021-06-24 08:00:00,18.146,18.953,18.108,18.904,3512774.03
2021-06-24 12:00:00,18.907,19.255,18.649,18.967,3627661.65
2021-06-24 16:00:00,18.961,19.525,18.83,19.111,3309511.86
2021-06-24 20:00:00,19.112,19.183,18.681,19.055,2205577.33
2021-06-25 00:00:00,19.054,19.498,18.601,19.205,3692681.36
2021-06-25 04:00:00,19.206,19.247,18.221,18.416,3372005.77
2021-06-25 08:00:00,18.42,18.546,17.688,17.802,3883182.3
2021-06-25 12:00:00,17.802,18.252,17.385,17.593,5090781.5
2021-06-25 16:00:00,17.593,17.753,16.971,17.479,5095475.0
2021-06-25 20:00:00,17.479,17.59,16.801,16.859,3708714.44
2021-06-26 00:00:00,16.86,17.375,16.682,17.093,4109836.49
2021-06-26 04:00:00,17.095,17.49,16.283,16.336,3473971.18
2021-06-26 08:00:00,16.339,16.926,16.05,16.844,4307674.03
2021-06-26 12:00:00,16.844,16.943,16.007,16.356,4837513.45
2021-06-26 16:00:00,16.36,16.587,15.913,16.446,3515491.23
2021-06-26 20:00:00,16.446,16.95,16.129,16.938,2159465.95
2021-06-27 00:00:00,16.935,17.439,16.766,17.366,3271373.15
2021-06-27 04:00:00,17.366,17.487,16.965,17.269,2217579.86
2021-06-27 08:00:00,17.272,17.345,16.76,16.979,2997805.26
2021-06-27 12:00:00,16.974,17.259,16.75,17.073,3133282.44
2021-06-27 16:00:00,17.072,17.165,16.58,16.766,2751579.99
2021-06-27 20:00:00,16.767,18.4,16.592,18.389,4308277.03
2021-06-28 00:00:00,18.391,18.509,18.055,18.145,2538749.6
2021-06-28 04:00:00,18.145,18.676,18.03,18.623,2321367.11
2021-06-28 08:00:00,18.624,18.787,18.086,18.185,2947113.84
2021-06-28 12:00:00,18.186,19.291,17.909,19.269,4054542.96
2021-06-28 16:00:00,19.266,19.371,18.695,19.0,3836471.49
2021-06-28 20:00:00,19.0,19.428,18.546,18.832,2798962.5
2021-06-29 00:00:00,18.832,19.349,18.736,19.116,2494972.1
2021-06-29 04:00:00,19.112,19.599,18.983,19.272,3097703.13
2021-06-29 08:00:00,19.272,20.239,19.066,20.004,4315520.44
2021-06-29 12:00:00,20.005,20.51,19.766,20.289,4945195.67
2021-06-29 16:00:00,20.288,20.548,19.847,20.054,3468623.23
2021-06-29 20:00:00,20.053,20.081,19.377,19.533,3108050.15
2021-06-30 00:00:00,19.535,19.776,19.01,19.071,3253884.79
2021-06-30 04:00:00,19.08,19.278,18.72,19.202,4239358.32
2021-06-30 08:00:00,19.204,19.236,18.541,18.948,3326524.17
2021-06-30 12:00:00,18.945,19.009,18.176,18.264,4188190.01
2021-06-30 16:00:00,18.265,19.249,18.136,19.237,3533510.56
2021-06-30 20:00:00,19.236,19.569,19.022,19.519,2787603.87
2021-07-01 00:00:00,19.52,19.527,18.469,18.498,2426172.2
2021-07-01 04:00:00,18.498,18.829,17.91,17.923,3382556.87
2021-07-01 08:00:00,17.921,18.204,17.593,18.112,4325496.29
2021-07-01 12:00:00,18.11,18.27,17.7,18.016,3259225.43
2021-07-01 16:00:00,18.017,18.2,17.65,17.912,3184186.84
2021-07-01 20:00:00,17.912,18.441,17.912,18.169,2238669.08
2021-07-02 00:00:00,18.169,18.525,17.54,17.642,3082470.14
2021-07-02 04:00:00,17.642,17.856,17.38,17.771,2910057.57
2021-07-02 08:00:00,17.775,17.899,17.256,17.417,3296263.72
2021-07-02 12:00:00,17.418,18.078,17.315,17.996,3283402.01
2021-07-02 16:00:00,17.994,18.049,17.556,17.737,1897042.48
2021-07-02 20:00:00,17.734,18.36,17.498,18.269,2126802.5
2021-07-03 00:00:00,18.264,18.341,17.85,17.971,1669536.64
2021-07-03 04:00:00,17.972,18.655,17.895,18.526,1980411.86
2021-07-03 08:00:00,18.528,18.771,18.451,18.547,1990698.89
2021-07-03 12:00:00,18.547,18.77,18.433,18.684,1845570.72
2021-07-03 16:00:00,18.684,18.892,18.546,18.719,1769066.12
2021-07-03 20:00:00,18.725,18.75,18.256,18.543,1620863.25
2021-07-04 00:00:00,18.542,18.57,17.983,18.19,2180606.92
2021-07-04 04:00:00,18.192,19.085,18.188,18.976,2469327.9
2021-07-04 08:00:00,18.976,19.215,18.811,19.076,1976138.04
2021-07-04 12:00:00,19.081,19.181,18.703,19.158,2197406.94
2021-07-04 16:00:00,19.157,19.604,19.002,19.429,2674985.47
2021-07-04 20:00:00,19.431,19.91,19.134,19.237,2637806.29
2021-07-05 00:00:00,19.239,19.245,18.576,18.735,2976892.08
2021-07-05 04:00:00,18.734,18.814,18.467,18.729,2165490.56
2021-07-05 08:00:00,18.73,18.933,17.765,17.936,4179008.71
2021-07-05 12:00:00,17.935,18.323,17.846,18.054,3006836.09
2021-07-05 16:00:00,18.057,18.569,17.763,18.532,3758223.59
2021-07-05 20:00:00,18.533,18.691,18.32,18.353,1887182.18
2021-07-06 00:00:00,18.353,18.978,18.302,18.968,2371851.74
2021-07-06 04:00:00,18.968,19.824,18.945,19.727,3319418.36
2021-07-06 08:00:00,19.728,20.0,19.039,19.356,5590782.95
2021-07-06 12:00:00,19.359,19.855,19.165,19.732,4039557.01
2021-07-06 16:00:00,19.731,20.272,19.53,20.057,5801706.12
2021-07-06 20:00:00,20.056,20.178,19.444,20.067,2102772.49
2021-07-07 00:00:00,20.066,20.803,19.614,20.751,4415407.69
2021-07-07 04:00:00,20.755,21.27,20.654,20.865,4202985.2
2021-07-07 08:00:00,20.866,21.075,20.449,20.907,3394654.91
2021-07-07 12:00:00,20.907,21.059,20.254,20.44,4322434.52
2021-07-07 16:00:00,20.44,20.645,20.31,20.523,2415223.64
2021-07-07 20:00:00,20.528,20.528,19.706,19.783,4039205.97
2021-07-08 00:00:00,19.784,19.871,18.906,19.192,4578736.1
2021-07-08 04:00:00,19.184,19.269,18.38,18.597,4422555.12
2021-07-08 08:00:00,18.595,18.855,18.357,18.826,3847906.96
2021-07-08 12:00:00,18.829,19.042,18.443,18.948,3725050.14
2021-07-08 16:00:00,18.957,19.116,18.631,18.87,2689778.29
2021-07-08 20:00:00,18.871,18.894,18.126,18.362,2627661.7
2021-07-09 00:00:00,18.362,18.385,17.62,18.186,4372106.89
2021-07-09 04:00:00,18.188,18.5,18.11,18.261,2988694.35
2021-07-09 08:00:00,18.254,18.258,17.677,17.813,3460657.12
2021-07-09 12:00:00,17.818,18.766,17.703,18.618,4071583.32
2021-07-09 16:00:00,18.619,18.72,18.263,18.393,1875705.07
2021-07-09 20:00:00,18.39,18.858,18.343,18.648,1548849.33
2021-07-10 00:00:00,18.648,18.98,18.241,18.336,2106284.56
2021-07-10 04:00:00,18.335,18.422,18.044,18.206,1758132.6
2021-07-10 08:00:00,18.212,18.3,17.899,18.11,2160140.07
2021-07-10 12:00:00,18.11,18.214,17.87,18.141,1805501.97
2021-07-10 16:00:00,18.139,18.656,17.809,17.919,3036830.14
2021-07-10 20:00:00,17.918,18.296,17.72,18.2,1630519.47
2021-07-11 00:00:00,18.201,18.416,17.962,18.036,1679759.69
2021-07-11 04:00:00,18.036,18.116,17.858,18.037,1366585.53
2021-07-11 08:00:00,18.039,18.324,17.963,18.297,1549305.43
2021-07-11 12:00:00,18.296,18.477,18.076,18.435,1923052.11
2021-07-11 16:00:00,18.438,18.518,18.125,18.205,1622599.72
2021-07-11 20:00:00,18.206,18.576,18.048,18.381,2227549.26
2021-07-12 00:00:00,18.38,18.6,18.187,18.559,1695401.47
2021-07-12 04:00:00,18.559,18.599,18.344,18.394,1597822.69
2021-07-12 08:00:00,18.394,18.54,17.916,18.023,2374898.14
2021-07-12 12:00:00,18.023,18.1,17.82,17.844,1914994.21
2021-07-12 16:00:00,17.845,17.984,17.123,17.284,3874236.75
2021-07-12 20:00:00,17.281,17.629,17.13,17.506,1850015.41
2021-07-13 00:00:00,17.506,17.72,17.355,17.592,1810316.04
2021-07-13 04:00:00,17.591,17.758,17.18,17.686,2317246.27
2021-07-13 08:00:00,17.686,17.764,17.352,17.407,2090945.01
2021-07-13 12:00:00,17.401,17.427,17.047,17.342,2666915.93
2021-07-13 16:00:00,17.34,17.429,16.698,16.736,2845156.81
2021-07-13 20:00:00,16.744,16.986,16.656,16.869,1942598.74
2021-07-14 00:00:00,16.87,16.929,16.0,16.163,3986264.02
2021-07-14 04:00:00,16.163,16.412,16.033,16.292,2273067.39
2021-07-14 08:00:00,16.295,16.828,16.007,16.66,3634576.8
2021-07-14 12:00:00,16.659,17.402,16.551,17.112,3137719.47
2021-07-14 16:00:00,17.111,17.297,16.833,16.866,1820060.12
2021-07-14 20:00:00,16.866,17.216,16.852,16.935,1538985.52
2021-07-15 00:00:00,16.935,17.229,16.585,16.585,2118285.0
2021-07-15 04:00:00,16.587,16.652,16.301,16.408,2236318.13
2021-07-15 08:00:00,16.412,16.676,16.058,16.172,3194572.49
2021-07-15 12:00:00,16.171,16.365,15.859,15.925,3716713.01
2021-07-15 16:00:00,15.93,16.034,15.514,15.797,3845173.99
2021-07-15 20:00:00,15.799,15.945,15.551,15.76,2065528.28
2021-07-16 00:00:00,15.764,16.235,15.556,16.166,2617113.23
2021-07-16 04:00:00,16.169,16.33,15.6,15.756,2181510.75
2021-07-16 08:00:00,15.759,15.801,15.132,15.144,3816607.14
2021-07-16 12:00:00,15.144,15.899,15.129,15.894,3542389.53
2021-07-16 16:00:00,15.895,15.931,15.568,15.61,2162885.47
2021-07-16 20:00:00,15.609,15.711,15.167,15.234,2085209.04
2021-07-17 00:00:00,15.233,15.692,15.05,15.187,3314168.67
2021-07-17 04:00:00,15.187,15.449,15.119,15.207,1716383.3
2021-07-17 08:00:00,15.207,15.626,15.01,15.172,3795468.14
2021-07-17 12:00:00,15.172,15.534,15.069,15.347,4252655.59
2021-07-17 16:00:00,15.346,15.62,15.261,15.557,2631513.1
2021-07-17 20:00:00,15.558,15.635,15.289,15.342,1501227.29
2021-07-18 00:00:00,15.343,16.076,15.31,15.934,3057159.13
2021-07-18 04:00:00,15.936,15.965,15.701,15.715,1357045.95
2021-07-18 08:00:00,15.716,15.925,15.653,15.853,1931305.44
2021-07-18 12:00:00,15.851,15.9,15.13,15.212,3263350.63
2021-07-18 16:00:00,15.213,15.746,15.142,15.471,2222880.85
2021-07-18 20:00:00,15.469,15.8,15.319,15.469,2753526.54
2021-07-19 00:00:00,15.471,15.564,15.141,15.273,2102022.08
2021-07-19 04:00:00,15.275,15.642,15.251,15.434,2243431.43
2021-07-19 08:00:00,15.437,15.536,15.05,15.068,3100491.03
2021-07-19 12:00:00,15.069,15.131,14.392,14.578,8529627.3
2021-07-19 16:00:00,14.585,14.724,14.464,14.682,2758927.07
2021-07-19 20:00:00,14.683,14.697,14.467,14.521,2307381.98
2021-07-20 00:00:00,14.521,14.78,13.363,13.489,7000533.0
2021-07-20 04:00:00,13.492,13.786,13.459,13.739,3263251.3
2021-07-20 08:00:00,13.738,13.835,13.422,13.724,4673328.21
2021-07-20 12:00:00,13.725,14.128,13.395,14.079,7487432.24
2021-07-20 16:00:00,14.078,14.18,13.761,13.977,2605034.02
2021-07-20 20:00:00,13.976,14.093,13.646,13.73,2774190.58
2021-07-21 00:00:00,13.731,14.047,13.45,13.933,3996875.32
2021-07-21 04:00:00,13.932,14.668,13.918,14.566,4232170.61
2021-07-21 08:00:00,14.565,14.926,14.43,14.878,3273249.07
2021-07-21 12:00:00,14.878,15.383,14.719,15.342,4208639.77
2021-07-21 16:00:00,15.345,15.791,15.012,15.043,7163163.39
2021-07-21 20:00:00,15.043,15.295,14.85,15.295,2570549.55
2021-07-22 00:00:00,15.294,15.48,15.022,15.182,3035887.49
2021-07-22 04:00:00,15.183,15.498,15.045,15.304,2898161.46
2021-07-22 08:00:00,15.304,15.538,15.092,15.283,2748339.55
2021-07-22 12:00:00,15.284,15.95,14.952,15.9,3875716.63
2021-07-22 16:00:00,15.9,16.167,15.775,15.986,2937087.2
2021-07-22 20:00:00,15.987,16.143,15.743,16.064,2094832.4
2021-07-23 00:00:00,16.064,16.429,15.905,16.201,2586810.47
2021-07-23 04:00:00,16.202,16.485,16.0,16.18,1950653.79
2021-07-23 08:00:00,16.179,16.194,15.758,15.81,2360747.15
2021-07-23 12:00:00,15.81,15.989,15.603,15.617,2362310.59
2021-07-23 16:00:00,15.614,15.636,15.227,15.459,3028978.75
2021-07-23 20:00:00,15.458,16.567,15.4,16.497,3040363.97
2021-07-24 00:00:00,16.496,16.931,16.385,16.914,2947672.45
2021-07-24 04:00:00,16.912,17.129,16.743,16.985,2265773.68
2021-07-24 08:00:00,16.984,17.021,16.664,16.807,2495660.16
2021-07-24 12:00:00,16.807,16.899,16.5,16.572,2049498.73
2021-07-24 16:00:00,16.57,17.029,16.37,16.417,2803300.89
2021-07-24 20:00:00,16.414,16.752,16.3,16.671,1709736.01
2021-07-25 00:00:00,16.677,16.79,16.181,16.429,2210006.14
2021-07-25 04:00:00,16.429,16.929,16.38,16.878,1670865.25
2021-07-25 08:00:00,16.881,17.054,16.577,16.783,2270434.92
2021-07-25 12:00:00,16.782,16.782,16.229,16.416,2927512.96
2021-07-25 16:00:00,16.416,16.506,16.214,16.321,1910024.7
2021-07-25 20:00:00,16.32,16.781,16.139,16.728,2049454.25
2021-07-26 00:00:00,16.726,18.796,16.64,18.628,9462543.1
2021-07-26 04:00:00,18.628,19.53,18.583,18.828,5162372.67
2021-07-26 08:00:00,18.827,19.372,18.577,19.231,3356516.99
2021-07-26 12:00:00,19.231,19.56,18.65,19.461,4990663.86
2021-07-26 16:00:00,19.469,19.955,19.238,19.267,5929278.93
2021-07-26 20:00:00,19.27,19.322,17.944,18.025,8569890.86
2021-07-27 00:00:00,18.019,18.442,17.595,18.033,5225543.51
2021-07-27 04:00:00,18.035,18.366,17.943,18.34,2573819.14
2021-07-27 08:00:00,18.334,19.222,18.182,19.215,3178660.74
2021-07-27 12:00:00,19.215,19.573,18.793,19.159,5388811.24
2021-07-27 16:00:00,19.159,19.219,18.432,18.767,3416507.37
2021-07-27 20:00:00,18.767,19.555,18.767,19.477,3288061.58
2021-07-28 00:00:00,19.475,19.99,19.0,19.542,4801268.5
2021-07-28 04:00:00,19.544,19.673,18.901,19.553,4022501.82
2021-07-28 08:00:00,19.551,19.742,19.208,19.673,3604989.19
2021-07-28 12:00:00,19.673,19.697,18.925,19.125,3251199.98
2021-07-28 16:00:00,19.127,19.654,18.6,19.282,4467536.54
2021-07-28 20:00:00,19.285,19.285,18.824,19.108,2044390.11
2021-07-29 00:00:00,19.106,19.121,18.579,18.698,2467016.75
2021-07-29 04:00:00,18.696,19.111,18.612,18.863,1985208.83
2021-07-29 08:00:00,18.862,19.139,18.608,18.721,2215517.73
2021-07-29 12:00:00,18.717,19.18,18.601,19.032,2704270.23
2021-07-29 16:00:00,19.036,19.104,18.708,18.812,1884895.98
2021-07-29 20:00:00,18.811,19.464,18.708,19.364,2030990.75
2021-07-30 00:00:00,19.364,20.207,19.133,20.143,3679712.58
2021-07-30 04:00:00,20.146,20.288,19.858,20.049,2542272.54
2021-07-30 08:00:00,20.052,20.092,19.019,19.07,5046334.54
2021-07-30 12:00:00,19.07,20.504,18.813,20.483,6189775.25
2021-07-30 16:00:00,20.483,21.842,20.386,21.598,19602333.67
2021-07-30 20:00:00,21.598,22.698,21.578,22.262,11835783.78
2021-07-31 00:00:00,22.255,22.381,21.851,22.149,4851974.25
2021-07-31 04:00:00,22.152,22.242,21.479,22.015,4613776.28
2021-07-31 08:00:00,22.013,22.333,21.755,21.82,4315508.1
2021-07-31 12:00:00,21.821,22.092,21.441,21.943,4562219.51
2021-07-31 16:00:00,21.939,22.026,21.26,21.61,3804491.02
2021-07-31 20:00:00,21.606,23.381,21.558,22.721,6231425.9
2021-08-01 00:00:00,22.72,23.54,22.412,23.45,4557144.02
2021-08-01 04:00:00,23.451,23.706,23.066,23.21,4425779.28
2021-08-01 08:00:00,23.206,23.423,22.52,22.828,4240520.05
2021-08-01 12:00:00,22.823,23.053,22.5,22.863,3402821.05
2021-08-01 16:00:00,22.866,23.33,22.344,23.257,6233558.22
2021-08-01 20:00:00,23.259,23.933,21.771,22.067,6534210.42
2021-08-02 00:00:00,22.066,22.281,21.4,22.123,3711788.04
2021-08-02 04:00:00,22.121,23.189,21.954,22.808,3596338.28
2021-08-02 08:00:00,22.812,22.874,22.234,22.639,3935087.44
2021-08-02 12:00:00,22.637,23.286,22.139,23.034,4324895.09
2021-08-02 16:00:00,23.037,23.879,22.952,23.401,5547852.31
2021-08-02 20:00:00,23.403,23.995,22.967,23.482,5977200.36
2021-08-03 00:00:00,23.482,24.452,23.05,23.276,7687353.5
2021-08-03 04:00:00,23.277,23.42,22.305,22.907,5719954.43
2021-08-03 08:00:00,22.908,22.938,22.328,22.47,4042497.25
2021-08-03 12:00:00,22.473,23.518,22.091,23.345,8609507.73
2021-08-03 16:00:00,23.345,23.987,23.028,23.598,6792107.78
2021-08-03 20:00:00,23.595,24.25,23.332,23.945,4671734.53
2021-08-04 00:00:00,23.95,24.189,23.497,23.51,4800430.67
2021-08-04 04:00:00,23.51,23.9,22.983,23.149,4440773.65
2021-08-04 08:00:00,23.15,23.436,22.863,23.242,3725584.09
2021-08-04 12:00:00,23.243,24.906,23.21,24.663,8716300.2
2021-08-04 16:00:00,24.661,25.0,23.881,24.023,5148275.0
2021-08-04 20:00:00,24.023,24.601,23.973,24.204,3482411.68
2021-08-05 00:00:00,24.198,24.345,23.514,23.916,3186015.29
2021-08-05 04:00:00,23.919,23.966,23.45,23.694,2545777.0
2021-08-05 08:00:00,23.69,23.749,22.911,23.188,4581294.93
2021-08-05 12:00:00,23.195,24.108,22.455,23.61,8701779.43
2021-08-05 16:00:00,23.611,24.247,23.536,23.818,3964043.02
2021-08-05 20:00:00,23.819,24.194,23.808,24.064,1999921.0
2021-08-06 00:00:00,24.063,24.161,23.282,23.297,3236796.21
2021-08-06 04:00:00,23.296,23.645,23.074,23.379,2737027.66
2021-08-06 08:00:00,23.377,23.547,23.253,23.331,2126665.72
2021-08-06 12:00:00,23.33,23.678,23.07,23.627,6128185.66
2021-08-06 16:00:00,23.625,24.41,23.618,24.166,5407956.47
2021-08-06 20:00:00,24.17,24.21,23.611,23.899,2215797.66
2021-08-07 00:00:00,23.898,24.309,23.626,24.292,3158553.56
2021-08-07 04:00:00,24.292,24.667,24.022,24.187,3438829.6
2021-08-07 08:00:00,24.187,24.9,24.103,24.872,3654846.41
2021-08-07 12:00:00,24.87,25.186,24.05,24.44,5795443.36
2021-08-07 16:00:00,24.44,24.503,23.7,24.361,3462997.15
2021-08-07 20:00:00,24.358,24.716,24.082,24.708,2299784.26
2021-08-08 00:00:00,24.708,24.911,23.88,24.335,2676275.13
2021-08-08 04:00:00,24.338,24.956,24.167,24.592,2670451.91
2021-08-08 08:00:00,24.594,24.819,24.211,24.32,2342425.57
2021-08-08 12:00:00,24.32,24.607,23.749,23.816,3180666.8
2021-08-08 16:00:00,23.81,23.995,22.65,22.97,4090938.44
2021-08-08 20:00:00,22.97,23.734,22.559,23.034,4163585.86
2021-08-09 00:00:00,23.034,23.204,22.076,22.592,3507458.21
2021-08-09 04:00:00,22.594,22.926,22.333,22.865,2190130.25
2021-08-09 08:00:00,22.866,24.275,22.794,24.174,4352848.6
2021-08-09 12:00:00,24.174,24.643,23.771,24.621,3985849.85
2021-08-09 16:00:00,24.619,24.7,24.199,24.341,2386235.74
2021-08-09 20:00:00,24.342,24.494,23.488,24.205,3652598.29
2021-08-10 00:00:00,24.201,24.497,23.775,23.983,2620349.69
2021-08-10 04:00:00,23.983,24.366,23.736,24.327,2405049.32
2021-08-10 08:00:00,24.325,24.638,24.028,24.395,3031905.16
2021-08-10 12:00:00,24.395,25.55,24.292,24.551,7415795.33
2021-08-10 16:00:00,24.549,24.694,23.76,24.381,3686164.94
2021-08-10 20:00:00,24.384,24.935,24.354,24.556,2377441.02
2021-08-11 00:00:00,24.562,25.23,24.474,24.989,3024126.98
2021-08-11 04:00:00,24.991,26.033,24.894,25.82,4463609.7
2021-08-11 08:00:00,25.822,26.317,25.518,25.899,3970658.0
2021-08-11 12:00:00,25.901,26.944,25.872,26.538,4695565.16
2021-08-11 16:00:00,26.541,27.074,26.526,27.001,2753385.72
2021-08-11 20:00:00,27.004,27.344,25.631,25.92,5252761.45
2021-08-12 00:00:00,25.923,26.953,25.83,26.334,2887226.38
2021-08-12 04:00:00,26.339,26.52,24.957,25.606,4770403.03
2021-08-12 08:00:00,25.613,25.885,25.081,25.122,3106476.05
2021-08-12 12:00:00,25.119,25.358,24.31,24.49,3890873.53
2021-08-12 16:00:00,24.496,24.96,24.12,24.78,3584594.31
2021-08-12 20:00:00,24.779,25.14,24.151,24.948,2412935.77
2021-08-13 00:00:00,24.95,25.687,24.724,25.622,2371208.37
2021-08-13 04:00:00,25.62,26.38,25.312,26.306,2783939.68
2021-08-13 08:00:00,26.308,26.9,26.14,26.437,3390211.52
2021-08-13 12:00:00,26.438,26.828,25.91,26.226,3313113.96
2021-08-13 16:00:00,26.218,26.964,26.075,26.776,2192449.98
2021-08-13 20:00:00,26.77,27.796,26.623,27.769,3104917.31
2021-08-14 00:00:00,27.778,27.83,27.022,27.413,3087078.68
2021-08-14 04:00:00,27.409,27.934,27.174,27.741,1861828.85
2021-08-14 08:00:00,27.741,28.0,26.409,27.061,4921090.79
2021-08-14 12:00:00,27.061,27.423,26.501,27.394,2524117.27
2021-08-14 16:00:00,27.393,27.443,26.81,27.244,2131854.89
2021-08-14 20:00:00,27.24,27.416,26.444,27.17,2745496.84
2021-08-15 00:00:00,27.17,27.588,26.894,27.138,2398793.32
2021-08-15 04:00:00,27.138,27.407,26.207,26.398,2492165.96
2021-08-15 08:00:00,26.398,26.822,26.258,26.6,1852048.83
2021-08-15 12:00:00,26.599,26.8,25.936,26.297,2814301.79
2021-08-15 16:00:00,26.3,26.852,25.931,26.85,1968810.44
2021-08-15 20:00:00,26.846,28.016,26.811,27.94,2770436.87
2021-08-16 00:00:00,27.936,28.47,27.662,27.851,3151839.7
2021-08-16 04:00:00,27.851,29.848,27.851,29.373,5237830.52
2021-08-16 08:00:00,29.373,30.568,29.111,30.338,5039659.59
2021-08-16 12:00:00,30.339,30.486,28.93,29.509,6219251.17
2021-08-16 16:00:00,29.508,29.805,28.44,28.558,3516009.68
2021-08-16 20:00:00,28.558,28.631,27.71,27.961,4846598.95
2021-08-17 00:00:00,27.96,29.447,27.0,29.102,5636644.46
2021-08-17 04:00:00,29.104,29.362,27.839,28.577,3605725.87
2021-08-17 08:00:00,28.576,30.301,28.541,29.931,5066976.78
2021-08-17 12:00:00,29.931,30.338,28.213,28.275,5509895.96
2021-08-17 16:00:00,28.275,28.763,27.277,27.5,4851445.52
2021-08-17 20:00:00,27.501,27.587,25.9,26.156,6343736.8
2021-08-18 00:00:00,26.159,26.571,24.856,26.242,6160707.16
2021-08-18 04:00:00,26.249,26.83,25.886,25.957,2705010.74
2021-08-18 08:00:00,25.957,26.633,25.046,25.089,4269917.55
2021-08-18 12:00:00,25.09,26.9,25.074,26.876,4413237.98
2021-08-18 16:00:00,26.877,26.94,25.602,25.686,3630572.75
2021-08-18 20:00:00,25.685,25.994,25.034,25.354,3475122.5
2021-08-19 00:00:00,25.349,25.959,24.887,24.914,4061613.72
2021-08-19 04:00:00,24.915,25.506,24.66,25.234,3080847.63
2021-08-19 08:00:00,25.235,25.572,24.712,24.763,3170884.71
2021-08-19 12:00:00,24.762,26.312,24.51,26.288,4105500.46
2021-08-19 16:00:00,26.285,27.151,25.836,26.95,3598814.04
2021-08-19 20:00:00,26.952,27.13,26.364,27.12,2660271.05
2021-08-20 00:00:00,27.112,27.456,26.645,26.952,2856050.75
2021-08-20 04:00:00,26.947,27.49,26.835,26.983,2462205.69
2021-08-20 08:00:00,26.984,27.944,26.738,27.486,3022911.27
2021-08-20 12:00:00,27.486,28.695,27.394,28.443,4015501.54
2021-08-20 16:00:00,28.443,29.088,27.976,28.358,4512756.94
2021-08-20 20:00:00,28.351,28.87,28.237,28.708,1949924.32
2021-08-21 00:00:00,28.716,28.91,28.0,28.848,2884296.24
2021-08-21 04:00:00,28.847,29.184,28.446,29.088,2778497.49
2021-08-21 08:00:00,29.089,29.205,28.001,28.37,4239296.96
2021-08-21 12:00:00,28.37,28.994,28.277,28.484,2809503.45
2021-08-21 16:00:00,28.484,28.821,27.663,27.824,3158656.18
2021-08-21 20:00:00,27.825,28.381,27.665,27.867,2029749.06
2021-08-22 00:00:00,27.86,28.525,27.81,27.96,2148577.5
2021-08-22 04:00:00,27.953,28.535,27.89,28.448,1544762.49
2021-08-22 08:00:00,28.445,28.698,28.103,28.318,1980478.13
2021-08-22 12:00:00,28.312,28.373,27.079,27.415,3468033.14
2021-08-22 16:00:00,27.412,27.643,26.8,27.481,2479614.98
2021-08-22 20:00:00,27.476,28.18,26.911,28.007,2651336.84
2021-08-23 00:00:00,28.007,28.924,27.8,28.867,2709868.6
2021-08-23 04:00:00,28.873,29.09,28.531,28.756,2556357.93
2021-08-23 08:00:00,28.757,29.19,28.564,28.991,2373959.91
2021-08-23 12:00:00,28.996,29.367,28.178,28.76,4549933.01
2021-08-23 16:00:00,28.759,29.057,28.355,28.397,2704072.53
2021-08-23 20:00:00,28.405,28.825,28.293,28.6,1433584.33
2021-08-24 00:00:00,28.594,28.779,28.031,28.485,2061825.85
2021-08-24 04:00:00,28.483,28.957,28.353,28.798,1734955.47
2021-08-24 08:00:00,28.796,28.885,28.222,28.501,1526615.53
2021-08-24 12:00:00,28.502,28.536,26.51,26.661,4428223.31
2021-08-24 16:00:00,26.662,26.674,25.751,26.521,4863885.35
2021-08-24 20:00:00,26.521,26.735,25.727,25.741,3034101.7
2021-08-25 00:00:00,25.741,26.654,25.681,25.994,2812410.77
2021-08-25 04:00:00,25.994,26.909,25.935,26.426,2024082.01
2021-08-25 08:00:00,26.427,26.497,25.277,25.835,3401987.19
2021-08-25 12:00:00,25.837,26.754,25.532,26.746,4236917.68
2021-08-25 16:00:00,26.746,26.866,26.158,26.24,2371769.94
2021-08-25 20:00:00,26.239,26.672,26.201,26.63,1267378.6
2021-08-26 00:00:00,26.633,26.965,25.674,25.783,2890057.47
2021-08-26 04:00:00,25.782,25.955,24.785,25.08,3353895.11
2021-08-26 08:00:00,25.084,25.348,24.714,25.001,2486999.38
2021-08-26 12:00:00,25.003,25.384,24.412,24.515,3899799.31
2021-08-26 16:00:00,24.516,24.841,23.881,24.574,3186245.25
2021-08-26 20:00:00,24.575,25.023,24.357,24.4,2725295.68
2021-08-27 00:00:00,24.4,25.014,24.01,24.285,2732885.29
2021-08-27 04:00:00,24.285,24.945,24.025,24.91,2539222.42
2021-08-27 08:00:00,24.911,25.357,24.522,25.111,2442956.56
2021-08-27 12:00:00,25.111,25.885,24.77,25.783,3138498.37
2021-08-27 16:00:00,25.782,25.904,25.46,25.54,1737816.27
2021-08-27 20:00:00,25.54,26.176,25.353,26.068,2877676.42
2021-08-28 00:00:00,26.073,26.221,25.701,25.711,1569441.18
2021-08-28 04:00:00,25.711,25.925,25.451,25.702,1135956.12
2021-08-28 08:00:00,25.702,26.08,25.588,25.655,1444434.21
2021-08-28 12:00:00,25.657,25.999,25.371,25.681,1737741.4
2021-08-28 16:00:00,25.682,25.892,25.4,25.466,1290522.54
2021-08-28 20:00:00,25.466,26.074,25.458,25.765,1789593.05
2021-08-29 00:00:00,25.766,26.609,25.545,25.604,3161897.54
2021-08-29 04:00:00,25.604,25.858,25.252,25.793,1843184.6
2021-08-29 08:00:00,25.789,25.945,25.48,25.511,1566438.03
2021-08-29 12:00:00,25.512,25.812,25.149,25.388,1872692.25
2021-08-29 16:00:00,25.39,25.879,25.283,25.716,1851188.46
2021-08-29 20:00:00,25.719,26.042,25.45,25.791,1886293.22
2021-08-30 00:00:00,25.786,25.944,24.914,25.068,1874472.27
2021-08-30 04:00:00,25.068,25.213,24.837,25.051,1482887.0
2021-08-30 08:00:00,25.051,25.194,24.688,24.919,1466704.37
2021-08-30 12:00:00,24.919,25.075,24.294,25.005,2530010.97
2021-08-30 16:00:00,25.003,26.291,24.95,26.195,2893982.17
2021-08-30 20:00:00,26.194,26.515,24.881,25.059,4341094.05
2021-08-31 00:00:00,25.058,25.376,24.706,25.247,2453588.04
2021-08-31 04:00:00,25.247,26.131,24.935,26.059,3045083.94
2021-08-31 08:00:00,26.06,26.947,25.652,26.94,4517697.37
2021-08-31 12:00:00,26.938,27.36,26.366,27.25,5882398.04
2021-08-31 16:00:00,27.248,27.575,26.356,26.939,4182620.53
2021-08-31 20:00:00,26.928,27.087,26.102,26.719,2614980.52
2021-09-01 00:00:00,26.72,27.121,26.11,26.911,3231183.14
2021-09-01 04:00:00,26.911,27.421,26.833,26.944,2652684.19
2021-09-01 08:00:00,26.946,27.924,26.892,27.9,4091291.95
2021-09-01 12:00:00,27.901,29.237,27.681,29.136,6401392.36
2021-09-01 16:00:00,29.134,29.87,28.915,29.186,6679767.45
2021-09-01 20:00:00,29.184,29.819,29.151,29.756,2968283.19
2021-09-02 00:00:00,29.752,29.796,29.04,29.158,3118823.41
2021-09-02 04:00:00,29.161,29.446,28.8,29.087,2824833.27
2021-09-02 08:00:00,29.087,29.995,29.042,29.714,3137245.27
2021-09-02 12:00:00,29.71,30.919,29.455,29.748,7403493.5
2021-09-02 16:00:00,29.749,30.229,29.572,30.178,2288155.12
2021-09-02 20:00:00,30.177,30.872,29.955,29.984,2669177.4
2021-09-03 00:00:00,29.983,30.168,29.094,30.026,3655041.03
2021-09-03 04:00:00,30.026,30.317,29.611,29.79,2370490.46
2021-09-03 08:00:00,29.788,31.8,29.729,31.168,7292316.94
2021-09-03 12:00:00,31.168,31.659,31.01,31.085,3912210.15
2021-09-03 16:00:00,31.085,31.368,30.787,31.168,2583826.96
2021-09-03 20:00:00,31.171,31.235,30.274,30.793,2621408.58
2021-09-04 00:00:00,30.794,31.041,30.15,30.573,1866999.57
2021-09-04 04:00:00,30.574,30.854,30.3,30.558,1808635.91
2021-09-04 08:00:00,30.558,31.215,30.251,30.548,3520163.15
2021-09-04 12:00:00,30.55,31.005,30.4,30.579,2547232.31
2021-09-04 16:00:00,30.577,30.792,29.453,29.724,3367072.19
2021-09-04 20:00:00,29.722,30.209,29.713,29.914,1292109.67
2021-09-05 00:00:00,29.92,30.271,29.565,29.603,1759361.81
2021-09-05 04:00:00,29.603,30.393,29.583,30.186,1821885.61
2021-09-05 08:00:00,30.186,30.609,30.138,30.424,1810282.64
2021-09-05 12:00:00,30.423,31.5,30.363,31.489,3431113.75
2021-09-05 16:00:00,31.489,33.154,31.467,32.874,6430365.45
2021-09-05 20:00:00,32.874,33.684,32.605,33.63,4330606.53
2021-09-06 00:00:00,33.623,33.688,32.91,33.091,2439589.28
2021-09-06 04:00:00,33.09,34.897,33.03,34.52,5522216.39
2021-09-06 08:00:00,34.52,35.172,33.8,33.904,5211159.52
2021-09-06 12:00:00,33.901,36.386,32.477,35.646,14247411.01
2021-09-06 16:00:00,35.646,35.834,35.0,35.332,4226320.07
2021-09-06 20:00:00,35.332,35.882,34.69,34.842,3148181.46
2021-09-07 00:00:00,34.836,35.19,34.03,34.513,3586829.96
2021-09-07 04:00:00,34.513,35.393,34.023,34.362,3900335.64
2021-09-07 08:00:00,34.362,34.434,31.21,32.72,9096003.65
2021-09-07 12:00:00,32.721,32.916,22.046,28.242,19862601.9
2021-09-07 16:00:00,28.227,29.652,26.353,27.671,13892801.15
2021-09-07 20:00:00,27.677,28.741,27.026,28.254,4790688.11
2021-09-08 00:00:00,28.254,29.21,27.395,28.049,4316535.97
2021-09-08 04:00:00,28.065,28.634,25.556,25.629,6419259.93
2021-09-08 08:00:00,25.628,27.56,25.191,27.026,6091942.17
2021-09-08 12:00:00,27.026,27.695,26.4,27.081,5425493.82
2021-09-08 16:00:00,27.082,27.97,26.756,27.475,3327884.9
2021-09-08 20:00:00,27.476,27.939,26.81,27.175,3208637.18
2021-09-09 00:00:00,27.175,27.548,26.5,27.005,3074914.89
2021-09-09 04:00:00,27.009,28.405,26.904,27.951,3794621.92
2021-09-09 08:00:00,27.956,28.659,27.5,27.96,3799209.34
2021-09-09 12:00:00,27.96,29.209,27.0,29.2,5678453.08
2021-09-09 16:00:00,29.206,30.205,28.41,28.688,5314781.36
2021-09-09 20:00:00,28.683,28.741,27.773,28.017,2433512.34
2021-09-10 00:00:00,28.021,29.587,27.905,28.876,3703936.71
2021-09-10 04:00:00,28.876,29.084,27.97,28.084,3235382.17
2021-09-10 08:00:00,28.08,28.308,26.774,28.038,4717898.15
2021-09-10 12:00:00,28.034,28.206,25.633,26.756,7925333.39
2021-09-10 16:00:00,26.759,27.343,26.411,26.733,2734355.06
2021-09-10 20:00:00,26.74,27.01,25.638,26.399,3310317.31
2021-09-11 00:00:00,26.397,27.292,26.257,26.574,2562871.12
2021-09-11 04:00:00,26.576,27.139,26.375,26.897,2415419.28
2021-09-11 08:00:00,26.9,27.425,26.4,27.143,2473652.39
2021-09-11 12:00:00,27.152,27.707,27.118,27.276,2128876.25
2021-09-11 16:00:00,27.277,27.675,26.944,27.057,2045214.38
2021-09-11 20:00:00,27.056,27.38,26.68,27.024,1669339.87
2021-09-12 00:00:00,27.017,27.256,26.364,27.232,1846247.08
2021-09-12 04:00:00,27.235,27.47,26.903,27.242,1341134.83
2021-09-12 08:00:00,27.246,28.755,27.134,28.659,2831863.2
2021-09-12 12:00:00,28.659,29.8,28.431,29.389,4059685.08
2021-09-12 16:00:00,29.388,29.682,28.742,28.99,2458224.14
2021-09-12 20:00:00,28.989,29.74,27.852,29.446,4089919.49
2021-09-13 00:00:00,29.446,29.976,27.501,27.556,4289305.35
2021-09-13 04:00:00,27.559,28.082,26.202,26.647,4605136.22
2021-09-13 08:00:00,26.642,26.762,25.761,26.517,5077633.05
2021-09-13 12:00:00,26.52,27.928,25.086,26.335,9028287.2
2021-09-13 16:00:00,26.335,27.3,26.278,27.207,3411790.65
2021-09-13 20:00:00,27.206,27.542,26.884,26.97,1841309.67
2021-09-14 00:00:00,26.965,27.418,26.769,27.145,2386214.73
2021-09-14 04:00:00,27.143,27.383,26.75,27.048,2367619.6
2021-09-14 08:00:00,27.05,27.475,27.003,27.039,2265578.11
2021-09-14 12:00:00,27.039,29.435,26.734,29.083,7276381.61
2021-09-14 16:00:00,29.088,29.585,28.61,29.113,4793132.04
2021-09-14 20:00:00,29.113,30.874,28.688,30.813,5394928.52
2021-09-15 00:00:00,30.815,30.998,29.86,30.081,4194168.58
2021-09-15 04:00:00,30.087,30.395,29.6,30.335,2840317.48
2021-09-15 08:00:00,30.333,31.479,30.125,31.159,6275328.53
2021-09-15 12:00:00,31.163,31.45,30.325,31.192,6155055.79
2021-09-15 16:00:00,31.185,31.31,30.463,30.68,2536682.93
2021-09-15 20:00:00,30.674,30.851,30.15,30.692,1975367.82
2021-09-16 00:00:00,30.692,32.0,30.304,31.553,4965366.57
2021-09-16 04:00:00,31.552,32.141,31.416,31.494,3002020.62
2021-09-16 08:00:00,31.492,31.554,30.67,31.048,3109905.98
2021-09-16 12:00:00,31.047,31.341,29.8,30.524,5402474.73
2021-09-16 16:00:00,30.524,30.712,29.823,29.876,2353609.68
2021-09-16 20:00:00,29.896,30.1,29.057,29.824,3508959.66
2021-09-17 00:00:00,29.824,30.078,29.334,29.766,2502091.27
2021-09-17 04:00:00,29.767,30.148,29.414,29.527,2565071.58
2021-09-17 08:00:00,29.524,29.995,27.876,28.362,5196546.11
2021-09-17 12:00:00,28.362,28.725,27.732,28.388,3249723.94
2021-09-17 16:00:00,28.388,28.721,27.77,28.326,2366017.5
2021-09-17 20:00:00,28.33,28.359,27.385,27.76,2103794.38
2021-09-18 00:00:00,27.761,28.337,27.402,28.285,1904397.15
2021-09-18 04:00:00,28.287,29.205,28.263,28.984,2375493.52
2021-09-18 08:00:00,28.984,29.463,28.833,28.919,1651323.55
2021-09-18 12:00:00,28.918,29.253,28.617,28.725,1884517.04
2021-09-18 16:00:00,28.724,28.847,28.221,28.538,1625302.41
2021-09-18 20:00:00,28.538,28.55,27.85,28.415,1528416.86
2021-09-19 00:00:00,28.411,28.481,27.703,27.964,1543226.49
2021-09-19 04:00:00,27.956,28.66,27.823,28.641,1368033.36
2021-09-19 08:00:00,28.646,28.821,27.501,27.714,1991474.47
2021-09-19 12:00:00,27.711,28.258,27.578,28.035,1569903.78
2021-09-19 16:00:00,28.034,28.278,27.553,27.599,1502139.4
2021-09-19 20:00:00,27.604,27.831,26.921,27.389,1942085.63
2021-09-20 00:00:00,27.387,27.444,25.544,25.817,4788404.13
2021-09-20 04:00:00,25.816,26.274,24.7,25.064,3936761.42
2021-09-20 08:00:00,25.062,25.557,23.822,24.155,5307080.34
2021-09-20 12:00:00,24.155,24.735,22.969,24.482,6979876.05
2021-09-20 16:00:00,24.483,24.854,23.444,24.157,3647499.71
2021-09-20 20:00:00,24.156,24.351,23.231,23.572,2793711.37
2021-09-21 00:00:00,23.568,23.837,22.105,23.372,5625027.97
2021-09-21 04:00:00,23.376,23.863,22.715,23.842,2840454.71
2021-09-21 08:00:00,23.844,24.379,23.656,24.083,3099581.83
2021-09-21 12:00:00,24.08,24.35,23.077,23.749,3508150.97
2021-09-21 16:00:00,23.757,23.836,22.347,22.436,3826963.32
2021-09-21 20:00:00,22.436,22.635,20.802,21.433,6585056.31
2021-09-22 00:00:00,21.429,22.501,21.012,22.226,3805032.1
2021-09-22 04:00:00,22.225,22.928,21.876,22.808,2154339.56
2021-09-22 08:00:00,22.803,23.083,22.493,22.616,2084398.77
2021-09-22 12:00:00,22.61,23.825,22.57,23.778,2871556.08
2021-09-22 16:00:00,23.784,24.506,23.55,24.003,3901718.24
2021-09-22 20:00:00,24.003,24.499,23.858,24.443,1614534.86
2021-09-23 00:00:00,24.443,24.68,23.841,24.584,2395592.9
2021-09-23 04:00:00,24.582,24.616,24.04,24.526,2033334.66
2021-09-23 08:00:00,24.527,24.609,23.418,23.544,2394500.47
2021-09-23 12:00:00,23.546,24.75,23.401,24.157,3395192.23
2021-09-23 16:00:00,24.157,25.375,24.083,25.323,3142399.19
2021-09-23 20:00:00,25.316,25.475,25.018,25.414,1899103.29
2021-09-24 00:00:00,25.411,25.499,24.555,24.604,1907137.45
2021-09-24 04:00:00,24.6,24.86,24.113,24.644,2628907.63
2021-09-24 08:00:00,24.643,25.004,21.334,22.233,9551081.9
2021-09-24 12:00:00,22.235,23.05,21.635,22.481,4627381.23
2021-09-24 16:00:00,22.476,22.959,22.314,22.714,1858137.75
2021-09-24 20:00:00,22.715,23.6,22.677,23.257,1985788.43
2021-09-25 00:00:00,23.256,23.743,22.852,23.312,2004592.75
2021-09-25 04:00:00,23.313,23.57,22.666,22.715,1708364.54
2021-09-25 08:00:00,22.717,23.184,22.029,22.688,3371376.34
2021-09-25 12:00:00,22.686,23.085,22.331,22.864,2180255.22
2021-09-25 16:00:00,22.865,24.127,22.517,23.917,3453449.48
2021-09-25 20:00:00,23.915,24.689,23.657,24.485,3584723.81
2021-09-26 00:00:00,24.486,24.625,23.429,24.172,4370073.52
2021-09-26 04:00:00,24.176,24.445,22.465,22.766,5821155.35
2021-09-26 08:00:00,22.764,24.805,22.336,24.718,8427100.47
2021-09-26 12:00:00,24.721,25.363,24.601,25.12,4375283.48
2021-09-26 16:00:00,25.121,25.326,24.268,24.512,2659529.14
2021-09-26 20:00:00,24.516,25.124,24.136,24.588,2695876.45
2021-09-27 00:00:00,24.591,25.465,24.072,24.894,2552336.47
2021-09-27 04:00:00,24.89,25.111,24.469,24.573,1737101.72
2021-09-27 08:00:00,24.568,24.79,24.14,24.356,2301485.77
2021-09-27 12:00:00,24.356,24.507,23.515,23.908,4170671.3
2021-09-27 16:00:00,23.907,24.013,23.308,23.444,2281155.61
2021-09-27 20:00:00,23.444,23.81,22.945,23.004,2398515.4
2021-09-28 00:00:00,23.004,23.533,22.868,23.377,1920236.17
2021-09-28 04:00:00,23.375,23.531,22.726,22.826,2144134.74
2021-09-28 08:00:00,22.827,23.736,22.676,23.694,3716086.33
2021-09-28 12:00:00,23.694,23.734,22.608,22.658,4742853.61
2021-09-28 16:00:00,22.654,22.854,22.162,22.4,2410496.08
2021-09-28 20:00:00,22.401,22.707,21.977,22.076,1824555.84
2021-09-29 00:00:00,22.077,23.194,22.0,23.185,3094340.75
2021-09-29 04:00:00,23.186,23.518,23.088,23.424,2265849.36
2021-09-29 08:00:00,23.423,23.732,23.137,23.687,1976153.64
2021-09-29 12:00:00,23.685,23.921,23.081,23.19,2742546.06
2021-09-29 16:00:00,23.19,23.305,22.354,22.425,2547770.98
2021-09-29 20:00:00,22.427,22.91,22.176,22.843,1700294.18
2021-09-30 00:00:00,22.845,24.348,22.704,24.272,3609467.07
2021-09-30 04:00:00,24.266,24.382,23.868,23.925,1811211.66
2021-09-30 08:00:00,23.921,24.048,23.537,23.756,2304744.91
2021-09-30 12:00:00,23.758,24.243,23.553,23.69,2475169.04
2021-09-30 16:00:00,23.688,23.966,23.36,23.501,2302138.52
2021-09-30 20:00:00,23.506,24.025,23.391,23.987,1585633.77
2021-10-01 00:00:00,23.988,24.183,23.571,23.756,1789233.35
2021-10-01 04:00:00,23.757,24.483,23.63,24.464,1960185.86
2021-10-01 08:00:00,24.462,26.151,24.455,25.976,5831596.04
2021-10-01 12:00:00,25.983,26.198,25.568,26.065,2923276.26
2021-10-01 16:00:00,26.064,26.717,25.957,26.448,2349607.8
2021-10-01 20:00:00,26.448,26.618,25.97,26.318,1667466.01
2021-10-02 00:00:00,26.325,26.65,25.862,25.921,1513575.9
2021-10-02 04:00:00,25.917,26.212,25.822,26.077,1315392.93
2021-10-02 08:00:00,26.076,26.387,25.85,26.27,1697867.19
2021-10-02 12:00:00,26.271,27.414,26.201,27.251,3404825.74
2021-10-02 16:00:00,27.25,27.813,27.043,27.725,2444955.21
2021-10-02 20:00:00,27.725,27.795,26.725,26.884,1915730.53
2021-10-03 00:00:00,26.883,27.415,26.502,27.239,2312435.82
2021-10-03 04:00:00,27.237,27.432,26.933,26.98,1300961.29
2021-10-03 08:00:00,26.983,27.258,26.633,27.2,1640159.17
2021-10-03 12:00:00,27.201,27.588,26.843,26.968,1724586.3
2021-10-03 16:00:00,26.967,28.186,26.851,27.93,2928088.28
2021-10-03 20:00:00,27.93,28.043,27.128,27.584,1891459.44
2021-10-04 00:00:00,27.585,27.677,26.334,26.338,2271215.42
2021-10-04 04:00:00,26.344,26.727,26.122,26.698,1914465.79
2021-10-04 08:00:00,26.7,26.764,26.061,26.293,1729633.21
2021-10-04 12:00:00,26.297,27.206,25.568,26.213,3902768.66
2021-10-04 16:00:00,26.213,27.154,26.116,26.978,3167353.07
2021-10-04 20:00:00,26.988,27.047,26.29,26.626,1475448.18
2021-10-05 00:00:00,26.627,27.065,26.41,26.683,1672309.33
2021-10-05 04:00:00,26.683,26.717,26.295,26.515,1243431.79
2021-10-05 08:00:00,26.512,27.268,26.33,26.933,3476988.41
2021-10-05 12:00:00,26.932,27.231,26.407,26.512,2622592.01
2021-10-05 16:00:00,26.515,26.955,26.181,26.797,1924850.82
2021-10-05 20:00:00,26.798,27.526,26.795,27.265,2448019.78
2021-10-06 00:00:00,27.266,27.336,26.554,26.638,1946793.57
2021-10-06 04:00:00,26.639,26.858,26.029,26.203,2074178.47
2021-10-06 08:00:00,26.198,26.249,25.207,25.566,3166921.69
2021-10-06 12:00:00,25.568,27.9,25.521,27.73,5837473.54
2021-10-06 16:00:00,27.73,28.228,27.245,27.33,4021179.23
2021-10-06 20:00:00,27.33,27.383,26.705,26.817,2184181.81
2021-10-07 00:00:00,26.821,26.841,25.912,26.028,2556999.86
2021-10-07 04:00:00,26.028,27.136,25.977,27.102,2377538.51
2021-10-07 08:00:00,27.102,27.485,26.647,27.381,3354716.77
2021-10-07 12:00:00,27.384,27.766,26.605,27.156,4722933.6
2021-10-07 16:00:00,27.159,27.385,26.791,27.177,1811006.31
2021-10-07 20:00:00,27.177,27.471,26.679,26.865,1767864.92
2021-10-08 00:00:00,26.866,27.057,26.368,26.566,1864403.69
2021-10-08 04:00:00,26.566,27.193,26.378,27.053,2328457.51
2021-10-08 08:00:00,27.052,27.5,26.928,26.972,3167861.03
2021-10-08 12:00:00,26.97,27.325,26.575,27.02,2895622.76
2021-10-08 16:00:00,27.021,27.28,26.802,26.987,1701044.68
2021-10-08 20:00:00,26.994,27.007,26.048,26.41,2198138.33
2021-10-09 00:00:00,26.417,26.592,26.043,26.494,2067247.58
2021-10-09 04:00:00,26.494,26.597,26.293,26.488,1416401.78
2021-10-09 08:00:00,26.488,27.374,26.167,27.101,3063938.66
2021-10-09 12:00:00,27.102,27.463,27.041,27.223,2415480.48
2021-10-09 16:00:00,27.221,27.958,26.88,27.41,3592847.05
2021-10-09 20:00:00,27.41,27.699,27.2,27.474,1393544.98
2021-10-10 00:00:00,27.474,27.519,26.75,27.149,2654151.94
2021-10-10 04:00:00,27.147,27.468,26.893,27.229,1790765.05
2021-10-10 08:00:00,27.229,27.358,26.789,27.012,1683487.84
2021-10-10 12:00:00,27.016,27.079,26.531,26.837,1938631.9
2021-10-10 16:00:00,26.838,26.875,26.334,26.493,1265667.3
2021-10-10 20:00:00,26.493,26.775,25.445,25.553,3281824.9
2021-10-11 00:00:00,25.549,26.326,25.2,26.308,2913725.85
2021-10-11 04:00:00,26.307,26.539,26.083,26.476,1638033.07
2021-10-11 08:00:00,26.476,26.8,25.839,26.076,2313692.87
2021-10-11 12:00:00,26.078,26.37,25.96,26.066,1642010.73
2021-10-11 16:00:00,26.063,26.163,25.271,25.283,2239522.79
2021-10-11 20:00:00,25.284,25.285,24.634,25.227,2909164.53
2021-10-12 00:00:00,25.228,25.26,24.121,24.404,2413031.02
2021-10-12 04:00:00,24.406,24.712,24.11,24.347,2179678.76
2021-10-12 08:00:00,24.347,24.66,23.621,24.054,3121063.57
2021-10-12 12:00:00,24.053,24.845,23.518,24.742,4377135.48
2021-10-12 16:00:00,24.741,24.822,24.362,24.461,2209698.09
2021-10-12 20:00:00,24.458,24.921,24.098,24.661,2037045.1
2021-10-13 00:00:00,24.65,25.148,24.469,24.918,1525875.26
2021-10-13 04:00:00,24.919,25.146,24.175,24.212,2930421.72
2021-10-13 08:00:00,24.211,24.927,24.161,24.852,2711569.83
2021-10-13 12:00:00,24.851,24.958,24.34,24.721,2420614.62
2021-10-13 16:00:00,24.717,24.843,24.464,24.747,2813436.05
2021-10-13 20:00:00,24.753,25.694,24.704,25.694,2912828.85
2021-10-14 00:00:00,25.695,26.3,25.401,26.222,3138297.34
2021-10-14 04:00:00,26.222,27.208,26.177,26.969,3359766.51
2021-10-14 08:00:00,26.981,27.783,26.92,27.552,4249665.36
2021-10-14 12:00:00,27.551,27.678,26.776,27.586,4108374.8
2021-10-14 16:00:00,27.598,27.911,26.83,27.075,3541520.96
2021-10-14 20:00:00,27.075,27.08,26.452,26.75,2161980.28
2021-10-15 00:00:00,26.748,27.134,26.027,26.851,3485820.26
2021-10-15 04:00:00,26.847,27.208,26.539,26.956,3127659.98
2021-10-15 08:00:00,26.96,27.018,26.066,26.546,2915292.36
2021-10-15 12:00:00,26.545,26.703,26.259,26.323,2658832.44
2021-10-15 16:00:00,26.321,27.239,26.258,27.059,3090247.82
2021-10-15 20:00:00,27.056,27.424,26.815,27.035,2593826.21
2021-10-16 00:00:00,27.037,27.508,27.028,27.135,2112972.33
2021-10-16 04:00:00,27.134,27.45,26.968,27.102,1595806.09
2021-10-16 08:00:00,27.103,28.255,27.027,28.112,4701580.92
2021-10-16 12:00:00,28.109,28.755,27.268,28.34,7167059.3
2021-10-16 16:00:00,28.34,28.414,27.65,27.664,2425049.32
2021-10-16 20:00:00,27.663,27.749,27.123,27.246,1735480.01
2021-10-17 00:00:00,27.245,27.517,26.913,27.408,1964119.18
2021-10-17 04:00:00,27.409,27.629,27.215,27.22,1594954.39
2021-10-17 08:00:00,27.221,27.662,27.218,27.313,1479912.59
2021-10-17 12:00:00,27.313,27.355,26.401,26.606,3004074.25
2021-10-17 16:00:00,26.602,26.837,26.359,26.466,1527960.83
2021-10-17 20:00:00,26.466,26.642,25.551,26.568,3719012.48
2021-10-18 00:00:00,26.568,26.762,26.225,26.381,1668746.34
2021-10-18 04:00:00,26.382,26.583,26.142,26.177,1495054.77
2021-10-18 08:00:00,26.178,26.455,25.6,25.794,2906608.25
2021-10-18 12:00:00,25.793,26.235,25.309,25.809,3379099.29
2021-10-18 16:00:00,25.81,25.874,25.27,25.663,1866618.76
2021-10-18 20:00:00,25.664,25.811,25.442,25.732,1295810.73
2021-10-19 00:00:00,25.731,26.244,25.583,26.211,1926656.86
2021-10-19 04:00:00,26.211,26.234,25.817,25.956,1442858.4
2021-10-19 08:00:00,25.958,26.02,25.713,25.909,1533481.18
2021-10-19 12:00:00,25.909,26.316,25.371,25.423,3299042.21
2021-10-19 16:00:00,25.424,25.837,25.374,25.601,1787327.93
2021-10-19 20:00:00,25.598,26.006,25.437,25.936,1508849.08
2021-10-20 00:00:00,25.934,26.324,25.886,25.965,1897938.28
2021-10-20 04:00:00,25.965,26.2,25.871,26.057,1227013.34
2021-10-20 08:00:00,26.055,26.198,25.934,26.059,1358413.24
2021-10-20 12:00:00,26.058,27.215,26.044,27.176,5450196.49
2021-10-20 16:00:00,27.176,27.541,27.048,27.401,2903434.85
2021-10-20 20:00:00,27.397,27.685,27.097,27.514,1990209.75
2021-10-21 00:00:00,27.511,28.087,27.2,27.609,3919135.09
2021-10-21 04:00:00,27.609,27.817,27.334,27.726,2019757.87
2021-10-21 08:00:00,27.721,29.0,27.707,27.999,6246258.53
2021-10-21 12:00:00,27.998,29.372,27.583,28.767,12002778.55
2021-10-21 16:00:00,28.76,28.97,28.151,28.355,5329250.87
2021-10-21 20:00:00,28.355,28.855,28.024,28.314,3342046.38
2021-10-22 00:00:00,28.312,29.815,28.278,29.502,5236389.03
2021-10-22 04:00:00,29.501,29.527,28.821,29.263,2992468.09
2021-10-22 08:00:00,29.266,29.539,29.0,29.381,3122900.08
2021-10-22 12:00:00,29.382,30.064,28.606,28.654,8203860.74
2021-10-22 16:00:00,28.654,28.835,28.038,28.655,4132379.42
2021-10-22 20:00:00,28.655,28.834,28.205,28.69,1913339.48
2021-10-23 00:00:00,28.691,28.982,28.324,28.897,1677750.12
2021-10-23 04:00:00,28.897,30.23,28.84,30.082,4977866.92
2021-10-23 08:00:00,30.082,31.056,29.531,31.049,7722104.18
2021-10-23 12:00:00,31.052,31.32,30.382,31.304,5836068.47
2021-10-23 16:00:00,31.305,31.36,30.436,30.628,4097523.57
2021-10-23 20:00:00,30.628,31.498,30.521,31.39,2807268.51
2021-10-24 00:00:00,31.39,31.548,30.45,30.547,3409390.84
2021-10-24 04:00:00,30.547,30.574,30.059,30.361,2501848.7
2021-10-24 08:00:00,30.366,30.65,29.679,29.745,2963800.91
2021-10-24 12:00:00,29.744,30.187,29.204,29.383,4228270.53
2021-10-24 16:00:00,29.382,29.91,28.743,29.419,3836380.47
2021-10-24 20:00:00,29.421,29.857,29.301,29.716,1816144.07
2021-10-25 00:00:00,29.715,30.363,29.551,30.216,2356871.42
2021-10-25 04:00:00,30.215,30.937,30.209,30.694,2686022.48
2021-10-25 08:00:00,30.695,32.093,30.687,31.77,5839678.39
2021-10-25 12:00:00,31.771,32.792,31.617,32.638,6205569.67
2021-10-25 16:00:00,32.637,32.736,31.842,32.483,3913097.47
2021-10-25 20:00:00,32.483,32.961,32.201,32.402,3154751.55
2021-10-26 00:00:00,32.407,32.604,31.93,32.148,2155859.27
2021-10-26 04:00:00,32.148,32.242,31.714,31.894,2107827.69
2021-10-26 08:00:00,31.895,32.432,31.857,32.083,2621241.74
2021-10-26 12:00:00,32.084,32.17,31.33,32.041,3706995.19
2021-10-26 16:00:00,32.037,33.709,31.58,33.469,5162021.3
2021-10-26 20:00:00,33.47,33.861,31.716,32.552,5814180.47
2021-10-27 00:00:00,32.556,33.602,32.224,33.328,4167506.67
2021-10-27 04:00:00,33.326,33.958,31.565,31.599,5270351.56
2021-10-27 08:00:00,31.6,31.651,27.348,29.501,13453508.38
2021-10-27 12:00:00,29.502,30.096,28.861,29.394,5556397.79
2021-10-27 16:00:00,29.395,29.755,28.283,29.148,4463081.22
2021-10-27 20:00:00,29.144,29.67,28.758,28.887,3248017.75
2021-10-28 00:00:00,28.887,29.815,28.614,29.615,2949204.51
2021-10-28 04:00:00,29.615,30.631,29.546,29.738,4668427.43
2021-10-28 08:00:00,29.736,30.825,29.7,30.274,3580745.85
2021-10-28 12:00:00,30.27,30.659,30.078,30.154,2433524.42
2021-10-28 16:00:00,30.156,30.468,29.168,30.372,4263707.22
2021-10-28 20:00:00,30.372,30.876,29.858,30.2,3114762.59
2021-10-29 00:00:00,30.2,31.843,29.958,31.706,3838333.92
2021-10-29 04:00:00,31.703,31.985,31.039,31.114,2998832.79
2021-10-29 08:00:00,31.119,31.502,30.6,30.894,2536940.03
2021-10-29 12:00:00,30.894,31.595,30.626,31.52,3043078.49
2021-10-29 16:00:00,31.521,31.799,30.824,31.057,2359499.37
2021-10-29 20:00:00,31.057,31.254,30.81,30.995,1243601.62
2021-10-30 00:00:00,30.995,31.144,30.25,30.325,1901414.28
2021-10-30 04:00:00,30.321,30.549,30.251,30.426,1430410.7
2021-10-30 08:00:00,30.422,30.457,30.0,30.376,1677537.63
2021-10-30 12:00:00,30.376,30.393,29.45,30.042,2670985.92
2021-10-30 16:00:00,30.041,30.14,29.76,30.137,1412906.41
2021-10-30 20:00:00,30.136,30.19,29.161,29.823,1699470.55
2021-10-31 00:00:00,29.815,30.722,29.633,30.141,2766955.86
2021-10-31 04:00:00,30.142,30.344,29.67,29.986,1456805.62
2021-10-31 08:00:00,29.985,30.007,29.016,29.147,2086641.9
2021-10-31 12:00:00,29.147,29.501,28.65,29.295,2533559.54
2021-10-31 16:00:00,29.29,29.674,29.055,29.547,1558920.88
2021-10-31 20:00:00,29.548,30.135,29.428,30.019,1331092.41
2021-11-01 00:00:00,30.024,30.428,29.319,29.464,2345520.67
2021-11-01 04:00:00,29.465,30.531,29.188,30.395,2231561.06
2021-11-01 08:00:00,30.394,30.646,30.102,30.259,2141557.2
2021-11-01 12:00:00,30.264,31.584,30.133,31.493,4244745.64
2021-11-01 16:00:00,31.499,31.632,30.796,31.359,2556118.03
2021-11-01 20:00:00,31.358,31.912,30.927,31.706,2070050.55
2021-11-02 00:00:00,31.707,31.816,31.035,31.228,1827039.34
2021-11-02 04:00:00,31.227,31.39,31.074,31.133,1228576.44
2021-11-02 08:00:00,31.133,32.483,31.039,32.041,3139605.99
2021-11-02 12:00:00,32.04,32.514,32.04,32.377,2205128.7
2021-11-02 16:00:00,32.378,32.535,32.079,32.172,1827920.28
2021-11-02 20:00:00,32.174,32.393,31.895,32.298,1498645.66
2021-11-03 00:00:00,32.298,32.834,31.912,32.148,2156154.92
2021-11-03 04:00:00,32.148,32.331,31.823,32.321,1882922.87
2021-11-03 08:00:00,32.321,32.345,31.9,31.972,1681125.17
2021-11-03 12:00:00,31.971,32.004,30.572,31.369,3848854.16
2021-11-03 16:00:00,31.373,32.058,30.828,31.685,2369373.64
2021-11-03 20:00:00,31.686,32.047,31.651,31.983,1180540.81
2021-11-04 00:00:00,31.983,32.148,31.479,31.626,1346623.08
2021-11-04 04:00:00,31.625,31.874,30.851,30.882,1409962.23
2021-11-04 08:00:00,30.882,31.183,30.652,30.806,1793612.11
2021-11-04 12:00:00,30.806,31.378,30.216,30.427,2505296.38
2021-11-04 16:00:00,30.427,30.789,30.25,30.714,1628543.31
2021-11-04 20:00:00,30.719,31.223,30.529,31.004,1213947.67
2021-11-05 00:00:00,31.003,31.562,30.672,31.498,1518597.92
2021-11-05 04:00:00,31.499,31.927,31.303,31.652,1463982.94
2021-11-05 08:00:00,31.652,32.128,31.369,31.692,2433341.89
2021-11-05 12:00:00,31.68,33.75,31.65,32.822,7925281.38
2021-11-05 16:00:00,32.834,33.62,32.802,33.132,3473614.56
2021-11-05 20:00:00,33.131,33.219,32.581,32.89,1923447.4
2021-11-06 00:00:00,32.891,33.249,32.411,32.616,1830568.29
2021-11-06 04:00:00,32.616,32.645,31.709,32.152,1782019.15
2021-11-06 08:00:00,32.154,32.3,30.843,31.148,2891608.37
2021-11-06 12:00:00,31.148,31.427,30.729,31.357,2199764.24
2021-11-06 16:00:00,31.358,31.83,31.231,31.765,1482359.5
2021-11-06 20:00:00,31.766,32.05,31.621,32.044,1065294.56
2021-11-07 00:00:00,32.048,32.261,31.707,32.132,1446847.03
2021-11-07 04:00:00,32.133,32.446,32.055,32.12,1126206.68
2021-11-07 08:00:00,32.123,32.63,31.835,32.303,1820593.95
2021-11-07 12:00:00,32.303,32.461,32.021,32.19,1187141.13
2021-11-07 16:00:00,32.18,32.394,31.906,32.321,1068898.6
2021-11-07 20:00:00,32.319,32.477,32.146,32.37,952287.94
2021-11-08 00:00:00,32.369,33.372,32.213,33.362,2937213.29
2021-11-08 04:00:00,33.353,33.735,33.166,33.391,2374247.49
2021-11-08 08:00:00,33.392,34.397,33.018,34.24,4065307.25
2021-11-08 12:00:00,34.24,34.6,33.735,34.398,3465101.98
2021-11-08 16:00:00,34.398,34.863,34.065,34.3,2279771.92
2021-11-08 20:00:00,34.3,34.627,34.0,34.509,1857166.04
2021-11-09 00:00:00,34.52,34.83,34.075,34.404,2404331.54
2021-11-09 04:00:00,34.411,35.66,34.36,35.187,3283027.15
2021-11-09 08:00:00,35.188,35.443,34.008,34.589,2706559.42
2021-11-09 12:00:00,34.595,34.96,33.562,34.093,3814317.63
2021-11-09 16:00:00,34.093,34.266,33.346,34.058,2669613.86
2021-11-09 20:00:00,34.057,34.295,33.726,33.855,1438641.08
2021-11-10 00:00:00,33.856,34.528,33.549,33.751,2187985.47
2021-11-10 04:00:00,33.751,34.616,33.551,34.444,1566673.34
2021-11-10 08:00:00,34.445,35.443,34.428,35.035,2851517.65
2021-11-10 12:00:00,35.031,38.376,34.713,38.164,10526483.64
2021-11-10 16:00:00,38.165,38.28,35.726,35.831,5916068.17
2021-11-10 20:00:00,35.821,36.429,31.5,34.234,14639274.86
2021-11-11 00:00:00,34.234,34.589,33.371,34.512,4707511.78
2021-11-11 04:00:00,34.509,36.504,33.908,36.184,4420568.69
2021-11-11 08:00:00,36.186,36.969,35.516,36.439,6044195.38
2021-11-11 12:00:00,36.437,36.636,35.035,35.497,4694143.61
2021-11-11 16:00:00,35.487,35.929,34.801,35.416,2541356.72
2021-11-11 20:00:00,35.417,35.473,34.671,34.69,1866644.1
2021-11-12 00:00:00,34.688,35.517,34.002,34.63,4274363.09
2021-11-12 04:00:00,34.63,34.819,33.501,33.783,2376885.84
2021-11-12 08:00:00,33.782,34.272,33.0,33.467,4242361.0
2021-11-12 12:00:00,33.468,34.038,33.106,33.407,3260130.46
2021-11-12 16:00:00,33.41,34.577,32.67,34.127,3269615.4
2021-11-12 20:00:00,34.127,34.754,34.046,34.272,1612692.91
2021-11-13 00:00:00,34.272,34.616,33.646,33.838,1521687.29
2021-11-13 04:00:00,33.837,34.025,33.524,33.95,1058633.4
2021-11-13 08:00:00,33.951,33.98,33.229,33.45,1346017.58
2021-11-13 12:00:00,33.449,34.282,33.198,33.941,2679876.47
2021-11-13 16:00:00,33.935,34.42,33.692,33.861,1987233.71
2021-11-13 20:00:00,33.86,34.244,33.85,34.01,936214.8
2021-11-14 00:00:00,34.01,34.442,33.75,33.801,1415071.19
2021-11-14 04:00:00,33.801,34.1,33.608,33.685,995386.12
2021-11-14 08:00:00,33.684,33.878,33.34,33.793,1252828.27
2021-11-14 12:00:00,33.793,33.915,33.126,33.192,1500585.39
2021-11-14 16:00:00,33.192,33.246,32.522,33.076,2125169.66
2021-11-14 20:00:00,33.073,33.82,32.956,33.77,1460461.72
2021-11-15 00:00:00,33.77,34.5,33.766,34.07,2085190.65
2021-11-15 04:00:00,34.069,34.538,33.982,34.25,1144720.51
2021-11-15 08:00:00,34.25,34.517,33.852,33.906,1665160.98
2021-11-15 12:00:00,33.904,34.16,33.04,33.172,2252600.36
2021-11-15 16:00:00,33.171,33.322,32.648,32.874,2073349.18
2021-11-15 20:00:00,32.877,32.882,32.003,32.09,2040344.51
2021-11-16 00:00:00,32.081,32.091,29.005,29.957,7543389.0
2021-11-16 04:00:00,29.961,30.461,29.549,30.338,3037648.64
2021-11-16 08:00:00,30.337,30.662,27.52,29.995,6608388.34
2021-11-16 12:00:00,29.996,30.451,29.317,29.726,3253136.2
2021-11-16 16:00:00,29.726,30.032,29.085,29.651,2318915.92
2021-11-16 20:00:00,29.651,29.917,28.651,29.164,2416867.39
2021-11-17 00:00:00,29.164,29.43,28.028,28.478,2814743.32
2021-11-17 04:00:00,28.478,29.211,28.155,28.857,1897987.59
2021-11-17 08:00:00,28.867,29.636,28.122,29.602,2691383.32
2021-11-17 12:00:00,29.599,29.743,28.769,29.01,1913207.18
2021-11-17 16:00:00,29.01,29.442,28.77,29.099,1605126.46
2021-11-17 20:00:00,29.104,29.335,28.781,29.215,1270099.48
2021-11-18 00:00:00,29.214,29.722,29.003,29.013,1744129.44
2021-11-18 04:00:00,29.013,29.219,28.317,28.581,2140261.17
2021-11-18 08:00:00,28.581,28.734,27.765,28.126,2779914.34
2021-11-18 12:00:00,28.127,28.548,26.751,27.146,5188014.68
2021-11-18 16:00:00,27.149,27.38,25.8,27.197,5474280.63
2021-11-18 20:00:00,27.201,27.281,26.2,26.547,2806682.44
2021-11-19 00:00:00,26.555,27.239,26.083,26.417,3014738.23
2021-11-19 04:00:00,26.417,27.377,26.347,26.955,1840616.77
2021-11-19 08:00:00,26.951,28.551,26.943,27.862,3282826.71
2021-11-19 12:00:00,27.862,28.73,27.811,28.481,2628012.93
2021-11-19 16:00:00,28.48,28.849,28.358,28.555,1762980.14
2021-11-19 20:00:00,28.554,28.616,28.101,28.278,1271882.65
2021-11-20 00:00:00,28.279,28.737,28.076,28.167,1579449.72
2021-11-20 04:00:00,28.166,28.428,27.961,28.26,1135227.46
2021-11-20 08:00:00,28.26,28.544,28.2,28.451,1194424.62
2021-11-20 12:00:00,28.451,28.65,27.638,27.639,2208311.42
2021-11-20 16:00:00,27.638,28.384,27.28,28.053,3135506.2
2021-11-20 20:00:00,28.055,28.386,28.0,28.383,1202391.47
2021-11-21 00:00:00,28.383,28.441,27.804,27.946,1577905.87
2021-11-21 04:00:00,27.95,28.51,27.884,28.308,1137286.02
2021-11-21 08:00:00,28.309,28.47,27.835,27.99,1496245.58
2021-11-21 12:00:00,27.988,28.118,27.708,28.028,1364154.06
2021-11-21 16:00:00,28.029,28.558,27.916,28.153,1895752.98
2021-11-21 20:00:00,28.151,29.259,28.148,29.004,2643423.38
2021-11-22 00:00:00,29.005,29.095,27.321,27.489,3081004.64
2021-11-22 04:00:00,27.489,27.596,26.919,27.134,2155802.18
2021-11-22 08:00:00,27.134,27.566,27.1,27.31,1314008.18
2021-11-22 12:00:00,27.31,28.022,26.832,27.551,2908713.23
2021-11-22 16:00:00,27.55,27.575,26.338,26.424,1996917.38
2021-11-22 20:00:00,26.429,27.045,26.3,26.767,1657703.03
2021-11-23 00:00:00,26.766,27.161,26.578,26.916,1439726.92
2021-11-23 04:00:00,26.915,27.012,26.463,26.623,1109491.21
2021-11-23 08:00:00,26.618,27.252,26.141,26.594,3324014.39
2021-11-23 12:00:00,26.593,27.482,26.359,27.228,2246213.53
2021-11-23 16:00:00,27.227,27.591,27.0,27.123,1834981.5
2021-11-23 20:00:00,27.123,27.148,26.861,26.963,1258456.9
2021-11-24 00:00:00,26.964,27.178,26.218,26.295,2080081.38
2021-11-24 04:00:00,26.295,26.645,26.179,26.583,1303479.35
2021-11-24 08:00:00,26.582,26.868,26.282,26.438,1435275.4
2021-11-24 12:00:00,26.439,26.524,25.531,25.79,2756577.02
2021-11-24 16:00:00,25.79,25.863,25.261,25.338,1791630.03
2021-11-24 20:00:00,25.342,25.76,25.177,25.601,1507540.9
2021-11-25 00:00:00,25.601,26.567,25.4,26.545,2039079.37
2021-11-25 04:00:00,26.541,26.6,26.119,26.222,1138832.35
2021-11-25 08:00:00,26.222,26.999,25.925,26.743,2371511.4
2021-11-25 12:00:00,26.742,27.625,26.714,27.353,2625786.09
2021-11-25 16:00:00,27.357,27.531,26.69,26.774,1970367.15
2021-11-25 20:00:00,26.773,26.892,26.158,26.439,1744951.62
2021-11-26 00:00:00,26.439,26.617,26.172,26.195,1972373.48
2021-11-26 04:00:00,26.194,26.367,25.38,25.691,2774770.67
2021-11-26 08:00:00,25.69,25.692,22.8,23.307,10815407.64
2021-11-26 12:00:00,23.308,24.22,23.028,23.705,3867463.74
2021-11-26 16:00:00,23.711,24.418,23.501,24.315,2182838.16
2021-11-26 20:00:00,24.312,24.561,23.818,23.965,2143063.2
2021-11-27 00:00:00,23.962,24.622,23.87,24.5,2074318.65
2021-11-27 04:00:00,24.501,24.751,24.33,24.412,1529493.69
2021-11-27 08:00:00,24.41,25.002,24.212,24.462,2143711.52
2021-11-27 12:00:00,24.46,24.746,24.274,24.437,1298122.24
2021-11-27 16:00:00,24.436,24.762,24.358,24.505,1133658.85
2021-11-27 20:00:00,24.503,24.634,23.778,24.103,1970226.16
2021-11-28 00:00:00,24.1,24.322,23.125,23.43,2469168.86
2021-11-28 04:00:00,23.431,23.73,23.161,23.658,1468049.85
2021-11-28 08:00:00,23.659,23.884,23.204,23.646,1529870.35
2021-11-28 12:00:00,23.646,23.809,23.402,23.609,1046557.54
2021-11-28 16:00:00,23.608,23.779,22.603,23.653,2585785.6
2021-11-28 20:00:00,23.654,25.0,23.654,24.769,3018338.85
2021-11-29 00:00:00,24.772,25.127,24.714,24.904,2025271.91
2021-11-29 04:00:00,24.904,25.22,24.86,25.109,1275320.72
2021-11-29 08:00:00,25.11,25.219,24.511,24.719,1780411.17
2021-11-29 12:00:00,24.718,25.32,24.665,24.883,1640667.39
2021-11-29 16:00:00,24.885,25.606,24.68,24.743,2322495.49
2021-11-29 20:00:00,24.737,25.203,24.673,25.004,1642079.28
2021-11-30 00:00:00,25.003,25.26,24.602,24.858,1998034.11
2021-11-30 04:00:00,24.859,25.082,24.152,24.543,1940595.56
2021-11-30 08:00:00,24.545,25.25,24.159,25.215,2137415.65
2021-11-30 12:00:00,25.218,26.525,25.217,25.922,4192931.61
2021-11-30 16:00:00,25.913,26.319,25.592,26.008,3219500.61
2021-11-30 20:00:00,26.007,26.1,25.269,25.342,1635338.3
2021-12-01 00:00:00,25.343,26.085,25.125,26.047,2107956.04
2021-12-01 04:00:00,26.048,26.164,25.713,26.142,1306366.29
2021-12-01 08:00:00,26.146,26.434,25.832,26.222,2098574.97
2021-12-01 12:00:00,26.22,26.916,26.173,26.506,2542588.13
2021-12-01 16:00:00,26.509,26.767,25.761,25.936,1977672.01
2021-12-01 20:00:00,25.939,25.952,24.966,25.347,2407800.8
2021-12-02 00:00:00,25.348,25.363,24.167,24.55,3192791.23
2021-12-02 04:00:00,24.553,24.879,24.512,24.834,1322326.81
2021-12-02 08:00:00,24.833,24.989,24.51,24.816,1500582.35
2021-12-02 12:00:00,24.81,25.187,24.464,24.763,1926901.93
2021-12-02 16:00:00,24.764,24.942,24.502,24.768,1274925.69
2021-12-02 20:00:00,24.77,24.911,24.511,24.551,919187.59
2021-12-03 00:00:00,24.552,24.81,24.309,24.519,1180494.32
2021-12-03 04:00:00,24.518,25.213,24.406,25.068,1414429.13
2021-12-03 08:00:00,25.067,25.7,25.027,25.591,2327432.3
2021-12-03 12:00:00,25.592,25.85,24.843,24.884,2562737.32
2021-12-03 16:00:00,24.88,24.884,23.371,23.486,4160829.89
2021-12-03 20:00:00,23.488,23.666,22.192,23.302,4419728.96
2021-12-04 00:00:00,23.299,23.366,21.913,21.913,3072562.29
2021-12-04 04:00:00,21.931,22.568,15.033,19.044,27347173.23
2021-12-04 08:00:00,19.04,19.632,18.525,18.874,6638777.8
2021-12-04 12:00:00,18.875,20.346,18.875,19.99,4090641.27
2021-12-04 16:00:00,19.993,20.75,19.514,20.634,3022380.37
2021-12-04 20:00:00,20.638,20.845,20.378,20.637,2060594.27
2021-12-05 00:00:00,20.637,20.953,20.067,20.302,2478088.24
2021-12-05 04:00:00,20.299,20.345,19.855,20.055,2440522.38
2021-12-05 08:00:00,20.056,20.12,19.53,19.75,2223833.76
2021-12-05 12:00:00,19.743,20.129,18.438,18.815,4561936.77
2021-12-05 16:00:00,18.809,19.387,18.742,19.132,3873564.51
2021-12-05 20:00:00,19.128,19.558,18.823,19.481,2459517.03
2021-12-06 00:00:00,19.485,19.523,18.526,19.109,3187035.98
2021-12-06 04:00:00,19.112,19.283,17.838,18.191,2812636.74
2021-12-06 08:00:00,18.194,18.724,17.215,18.041,5811501.5
2021-12-06 12:00:00,18.035,18.535,17.677,18.506,3748697.5
2021-12-06 16:00:00,18.506,18.787,18.337,18.419,2747178.9
2021-12-06 20:00:00,18.422,19.912,18.368,19.782,3327287.52
2021-12-07 00:00:00,19.778,20.198,19.686,20.004,2800631.6
2021-12-07 04:00:00,20.005,20.124,19.83,19.934,1797525.5
2021-12-07 08:00:00,19.934,20.433,19.799,20.33,2453178.56
2021-12-07 12:00:00,20.328,20.78,19.71,20.546,4390523.54
2021-12-07 16:00:00,20.548,21.175,20.247,20.468,5129896.42
2021-12-07 20:00:00,20.471,21.09,20.091,21.08,3133368.4
2021-12-08 00:00:00,21.079,22.1,20.736,21.528,5142500.8
2021-12-08 04:00:00,21.527,22.301,21.517,22.167,3843126.22
2021-12-08 08:00:00,22.167,22.655,21.115,21.623,7889995.91
2021-12-08 12:00:00,21.621,23.2,21.271,22.841,8558511.66
2021-12-08 16:00:00,22.843,22.871,22.024,22.414,3917509.09
2021-12-08 20:00:00,22.41,22.915,22.047,22.909,2784268.23
2021-12-09 00:00:00,22.913,23.049,21.433,21.68,4414729.05
2021-12-09 04:00:00,21.674,22.204,21.501,22.004,2990335.8
2021-12-09 08:00:00,22.005,22.009,21.338,21.527,3203133.43
2021-12-09 12:00:00,21.526,21.737,20.529,21.018,5035099.89
2021-12-09 16:00:00,21.02,21.35,20.592,20.835,3997580.2
2021-12-09 20:00:00,20.835,20.999,20.233,20.257,3064898.37
2021-12-10 00:00:00,20.255,20.88,20.15,20.218,3003227.02
2021-12-10 04:00:00,20.218,20.294,19.269,19.459,3796497.93
2021-12-10 08:00:00,19.457,20.17,19.344,20.089,3084751.35
2021-12-10 12:00:00,20.089,20.754,19.414,19.521,5207812.34
2021-12-10 16:00:00,19.521,19.526,18.85,19.341,4132415.09
2021-12-10 20:00:00,19.34,19.553,18.448,18.532,3288250.19
2021-12-11 00:00:00,18.536,19.242,18.147,18.999,3792298.82
2021-12-11 04:00:00,19.002,19.372,18.902,19.135,2123126.65
2021-12-11 08:00:00,19.133,19.561,19.007,19.411,2255624.79
2021-12-11 12:00:00,19.409,20.044,19.345,20.024,2428492.22
2021-12-11 16:00:00,20.025,20.199,19.367,19.429,2087569.16
2021-12-11 20:00:00,19.428,20.09,19.39,19.967,1693943.45
2021-12-12 00:00:00,19.962,20.002,19.586,19.721,1641982.93
2021-12-12 04:00:00,19.722,19.869,19.421,19.865,1376418.68
2021-12-12 08:00:00,19.866,19.878,19.209,19.501,1547920.43
2021-12-12 12:00:00,19.497,19.784,19.39,19.545,1737880.51
2021-12-12 16:00:00,19.545,20.676,19.465,20.383,2751662.35
2021-12-12 20:00:00,20.385,20.778,20.358,20.402,2295131.66
2021-12-13 00:00:00,20.404,20.556,19.47,19.575,3064634.81
2021-12-13 04:00:00,19.572,19.637,18.963,19.045,2660696.54
2021-12-13 08:00:00,19.045,19.341,18.845,19.162,2367303.44
2021-12-13 12:00:00,19.16,19.321,17.814,18.026,4730468.72
2021-12-13 16:00:00,18.025,18.422,17.289,17.854,5627823.4
2021-12-13 20:00:00,17.852,18.17,17.511,17.764,4850634.85
2021-12-14 00:00:00,17.764,18.15,17.565,17.986,2775721.7
2021-12-14 04:00:00,17.989,18.09,17.513,18.047,2625543.43
2021-12-14 08:00:00,18.046,18.458,17.86,18.411,2970071.69
2021-12-14 12:00:00,18.411,18.606,17.846,17.965,3269741.97
2021-12-14 16:00:00,17.967,18.13,17.419,17.68,3249047.63
2021-12-14 20:00:00,17.673,18.575,17.616,18.421,3937292.5
2021-12-15 00:00:00,18.419,18.569,18.101,18.283,2204432.87
2021-12-15 04:00:00,18.28,18.53,18.059,18.481,2093908.55
2021-12-15 08:00:00,18.484,18.772,18.309,18.331,2429058.96
2021-12-15 12:00:00,18.331,18.45,17.25,17.261,3612056.75
2021-12-15 16:00:00,17.266,18.969,17.25,18.872,6100591.34
2021-12-15 20:00:00,18.876,19.981,18.838,19.679,5612071.95
2021-12-16 00:00:00,19.681,20.074,19.675,19.869,2066743.99
2021-12-16 04:00:00,19.865,19.929,19.463,19.801,1916779.52
2021-12-16 08:00:00,19.798,20.338,19.643,20.238,1962508.45
2021-12-16 12:00:00,20.239,20.242,19.6,19.81,2600504.56
2021-12-16 16:00:00,19.81,19.883,18.926,18.991,2772195.1
2021-12-16 20:00:00,18.986,19.287,18.683,18.758,2640761.86
2021-12-17 00:00:00,18.762,19.09,18.685,19.017,2113774.65
2021-12-17 04:00:00,19.018,19.182,18.7,18.966,1998543.24
2021-12-17 08:00:00,18.966,19.218,18.624,18.917,2338924.42
2021-12-17 12:00:00,18.915,18.99,17.728,18.415,4763686.86
2021-12-17 16:00:00,18.415,18.917,18.13,18.252,3103934.45
2021-12-17 20:00:00,18.252,18.546,17.9,18.25,2910198.66
2021-12-18 00:00:00,18.25,18.616,17.795,18.413,2861085.91
2021-12-18 04:00:00,18.405,19.6,18.285,19.424,4682756.0
2021-12-18 08:00:00,19.419,19.855,19.413,19.787,2538355.18
2021-12-18 12:00:00,19.788,19.988,19.514,19.579,3001158.24
2021-12-18 16:00:00,19.58,19.626,19.162,19.361,2103048.82
2021-12-18 20:00:00,19.361,19.636,19.228,19.532,1876395.4
2021-12-19 00:00:00,19.533,20.145,19.173,20.123,3105644.71
2021-12-19 04:00:00,20.121,20.39,19.82,19.836,3032605.0
2021-12-19 08:00:00,19.835,19.893,19.46,19.806,2160808.0
2021-12-19 12:00:00,19.804,20.192,19.566,19.624,2793965.99
2021-12-19 16:00:00,19.621,19.833,18.867,18.907,2704115.65
2021-12-19 20:00:00,18.907,19.22,18.795,18.864,2419549.97
2021-12-20 00:00:00,18.864,19.194,18.558,18.872,2592885.59
2021-12-20 04:00:00,18.872,18.991,18.362,18.545,2300582.53
2021-12-20 08:00:00,18.549,18.646,18.14,18.554,2201163.17
2021-12-20 12:00:00,18.551,18.598,18.02,18.43,3180064.0
2021-12-20 16:00:00,18.43,18.83,18.345,18.695,2187832.58
2021-12-20 20:00:00,18.7,19.12,18.604,18.779,2411067.06
2021-12-21 00:00:00,18.779,18.846,18.362,18.734,2343387.3
2021-12-21 04:00:00,18.735,19.171,18.735,19.016,2389424.73
2021-12-21 08:00:00,19.016,19.283,18.963,19.174,1744185.59
2021-12-21 12:00:00,19.173,19.396,18.858,18.968,2195240.02
2021-12-21 16:00:00,18.968,19.119,18.909,19.11,1408833.92
2021-12-21 20:00:00,19.111,19.66,18.983,19.415,2249810.14
2021-12-22 00:00:00,19.418,19.938,19.194,19.753,2241381.55
2021-12-22 04:00:00,19.754,20.079,19.673,20.018,1910754.29
2021-12-22 08:00:00,20.017,20.291,19.693,20.254,2489745.79
2021-12-22 12:00:00,20.258,20.507,19.695,20.479,3487402.15
2021-12-22 16:00:00,20.48,20.829,19.953,20.31,3112886.8
2021-12-22 20:00:00,20.311,20.406,19.847,19.922,1754883.47
2021-12-23 00:00:00,19.923,20.689,19.557,20.555,3406419.03
2021-12-23 04:00:00,20.555,20.91,20.2,20.412,2810656.03
2021-12-23 08:00:00,20.416,21.401,20.306,21.214,4675449.83
2021-12-23 12:00:00,21.214,21.489,20.835,21.066,3344637.29
2021-12-23 16:00:00,21.066,21.999,20.847,21.83,4378052.67
2021-12-23 20:00:00,21.832,22.214,21.455,22.166,2581190.22
2021-12-24 00:00:00,22.166,22.619,21.86,22.106,2947629.3
2021-12-24 04:00:00,22.107,22.2,21.807,22.174,1620735.72
2021-12-24 08:00:00,22.175,22.395,21.947,22.032,1644770.2
2021-12-24 12:00:00,22.034,22.158,21.36,21.862,2807720.36
2021-12-24 16:00:00,21.859,22.664,21.815,22.012,4207940.31
2021-12-24 20:00:00,22.006,22.264,21.2,21.48,2771198.68
2021-12-25 00:00:00,21.483,21.843,21.284,21.526,1950390.51
2021-12-25 04:00:00,21.525,21.773,21.345,21.71,1386382.75
2021-12-25 08:00:00,21.71,21.811,21.463,21.625,1344103.98
2021-12-25 12:00:00,21.625,22.038,21.625,21.854,1585171.85
2021-12-25 16:00:00,21.856,22.1,21.424,21.98,2211573.29
2021-12-25 20:00:00,21.981,22.389,21.91,22.117,1997136.13
2021-12-26 00:00:00,22.117,22.148,21.122,21.211,2776056.28
2021-12-26 04:00:00,21.21,21.485,21.111,21.417,1864774.05
2021-12-26 08:00:00,21.417,22.55,21.369,22.25,3876620.88
2021-12-26 12:00:00,22.255,22.492,22.057,22.394,3093747.92
2021-12-26 16:00:00,22.395,23.588,22.305,23.301,5504627.67
2021-12-26 20:00:00,23.3,23.355,22.854,22.986,2908656.84
2021-12-27 00:00:00,22.986,23.279,22.95,23.038,2178620.43
2021-12-27 04:00:00,23.037,23.442,22.944,23.129,2229854.66
2021-12-27 08:00:00,23.132,23.613,22.745,23.537,3537412.65
2021-12-27 12:00:00,23.54,24.397,23.242,24.219,4780994.35
2021-12-27 16:00:00,24.218,24.493,24.024,24.19,3605770.81
2021-12-27 20:00:00,24.191,24.335,22.951,23.016,3684330.03
2021-12-28 00:00:00,23.017,23.022,22.019,22.332,5382491.61
2021-12-28 04:00:00,22.331,22.331,21.583,21.948,3621915.32
2021-12-28 08:00:00,21.946,22.469,21.857,22.457,2834996.97
2021-12-28 12:00:00,22.459,22.601,21.475,22.064,4217820.06
2021-12-28 16:00:00,22.065,22.12,20.577,21.011,6190586.01
2021-12-28 20:00:00,21.013,21.259,20.295,20.379,3778848.68
2021-12-29 00:00:00,20.377,20.96,20.24,20.849,3246874.75
2021-12-29 04:00:00,20.851,20.931,20.414,20.561,2380233.17
2021-12-29 08:00:00,20.562,20.857,20.402,20.734,2784318.2
2021-12-29 12:00:00,20.731,20.767,19.61,20.706,5794584.89
2021-12-29 16:00:00,20.706,20.724,20.04,20.243,2900340.6
2021-12-29 20:00:00,20.244,20.45,19.504,19.734,4036789.79
2021-12-30 00:00:00,19.736,19.81,19.148,19.213,4227010.96
2021-12-30 04:00:00,19.213,20.007,19.199,19.862,2438978.74
2021-12-30 08:00:00,19.864,20.234,19.653,20.158,2547730.52
2021-12-30 12:00:00,20.159,20.43,19.909,19.983,3047331.64
2021-12-30 16:00:00,19.99,20.302,19.943,20.052,1929198.4
2021-12-30 20:00:00,20.052,20.099,19.661,19.93,2146732.93
2021-12-31 00:00:00,19.926,20.054,19.667,20.032,2293054.69
2021-12-31 04:00:00,20.032,20.221,19.683,19.922,1874362.0
2021-12-31 08:00:00,19.923,20.632,19.854,20.318,3327860.83
2021-12-31 12:00:00,20.318,20.548,20.221,20.392,1826148.4
2021-12-31 16:00:00,20.392,20.471,19.021,19.069,4071021.01
2021-12-31 20:00:00,19.068,19.758,19.03,19.514,2216667.83
2022-01-01 00:00:00,19.514,20.214,19.508,19.77,2351147.41
2022-01-01 04:00:00,19.767,20.001,19.546,19.8,1651686.52
2022-01-01 08:00:00,19.8,19.934,19.536,19.608,1486457.22
2022-01-01 12:00:00,19.607,20.103,19.606,20.042,1414697.18
2022-01-01 16:00:00,20.037,20.383,19.963,20.201,1750887.63
2022-01-01 20:00:00,20.201,20.791,20.193,20.736,2827413.27
2022-01-02 00:00:00,20.738,21.293,20.559,21.031,2934094.58
2022-01-02 04:00:00,21.025,21.147,20.628,20.742,2101932.1
2022-01-02 08:00:00,20.742,21.164,20.7,21.06,1892346.34
2022-01-02 12:00:00,21.059,21.447,20.902,21.405,2827344.69
2022-01-02 16:00:00,21.406,22.193,21.398,21.974,6308781.94
2022-01-02 20:00:00,21.977,22.091,21.657,21.854,2424695.39
2022-01-03 00:00:00,21.852,21.929,21.237,21.373,2833466.1
2022-01-03 04:00:00,21.372,21.705,21.288,21.666,1917741.03
2022-01-03 08:00:00,21.669,22.713,21.663,22.461,4102883.22
2022-01-03 12:00:00,22.46,23.227,22.245,22.664,6353971.89
2022-01-03 16:00:00,22.662,23.399,22.066,22.857,7332721.8
2022-01-03 20:00:00,22.857,23.745,22.364,23.697,6274203.8
2022-01-04 00:00:00,23.699,23.887,22.798,23.072,5097035.41
2022-01-04 04:00:00,23.07,23.55,22.773,23.545,3754832.15
2022-01-04 08:00:00,23.546,24.17,23.354,24.05,4158555.05
2022-01-04 12:00:00,24.051,24.194,23.622,23.726,4333515.53
2022-01-04 16:00:00,23.722,24.472,23.24,23.661,8640389.59
2022-01-04 20:00:00,23.66,24.409,23.414,23.426,4665808.33
2022-01-05 00:00:00,23.426,25.71,23.292,25.584,9104671.88
2022-01-05 04:00:00,25.581,26.049,25.306,25.525,5806081.74
2022-01-05 08:00:00,25.523,26.074,25.305,25.577,5808965.43
2022-01-05 12:00:00,25.577,27.189,25.25,27.079,12914995.31
2022-01-05 16:00:00,27.08,27.457,25.22,25.295,17452348.68
2022-01-05 20:00:00,25.295,26.025,22.336,25.222,31189967.5
2022-01-06 00:00:00,25.218,25.635,23.348,23.532,15795540.69
2022-01-06 04:00:00,23.532,24.955,23.323,24.758,11765093.66
2022-01-06 08:00:00,24.764,24.814,23.68,24.109,11659611.31
2022-01-06 12:00:00,24.106,24.569,23.568,24.061,9381708.24
2022-01-06 16:00:00,24.062,25.961,23.875,25.754,8842998.53
2022-01-06 20:00:00,25.756,25.963,24.71,25.379,6024589.58
2022-01-07 00:00:00,25.379,25.479,23.12,23.509,9464823.11
2022-01-07 04:00:00,23.508,24.089,22.626,23.487,11210901.91
2022-01-07 08:00:00,23.489,25.64,23.383,25.329,10100749.62
2022-01-07 12:00:00,25.329,25.847,23.865,25.153,18057243.07
2022-01-07 16:00:00,25.156,27.328,24.488,26.55,18241727.96
2022-01-07 20:00:00,26.551,26.961,25.587,25.975,7326748.35
2022-01-08 00:00:00,25.979,27.13,25.734,26.416,7920082.36
2022-01-08 04:00:00,26.418,27.33,26.305,26.643,7267619.56
2022-01-08 08:00:00,26.643,26.888,25.607,25.885,6338699.9
2022-01-08 12:00:00,25.882,26.206,24.8,25.09,8637642.5
2022-01-08 16:00:00,25.095,25.15,23.5,24.036,12767588.96
2022-01-08 20:00:00,24.037,26.363,23.886,25.306,11212463.11
2022-01-09 00:00:00,25.312,27.321,25.088,26.915,10158738.99
2022-01-09 04:00:00,26.914,27.652,26.811,26.897,7514899.89
2022-01-09 08:00:00,26.89,27.339,26.033,27.032,10486579.11
2022-01-09 12:00:00,27.033,27.512,26.324,27.132,11065122.57
2022-01-09 16:00:00,27.132,28.691,26.967,27.858,15057883.05
2022-01-09 20:00:00,27.862,28.448,27.25,27.538,9352960.85
2022-01-10 00:00:00,27.536,28.398,27.321,27.614,9355901.07
2022-01-10 04:00:00,27.613,28.5,27.561,28.255,6321124.97
2022-01-10 08:00:00,28.251,28.316,26.475,26.623,9711362.65
2022-01-10 12:00:00,26.623,27.068,25.071,26.492,20793293.89
2022-01-10 16:00:00,26.491,27.905,26.22,26.894,14735120.46
2022-01-10 20:00:00,26.894,28.049,26.65,27.974,7098262.25
2022-01-11 00:00:00,27.975,28.688,27.521,28.177,7238047.2
2022-01-11 04:00:00,28.176,28.287,27.413,27.606,5029647.21
2022-01-11 08:00:00,27.608,27.762,26.643,26.785,6660220.35
2022-01-11 12:00:00,26.786,27.27,25.837,26.216,9805737.96
2022-01-11 16:00:00,26.221,27.266,26.21,26.61,10346166.77
2022-01-11 20:00:00,26.609,27.15,26.23,26.582,5163291.01
2022-01-12 00:00:00,26.578,26.906,26.304,26.645,4077746.52
2022-01-12 04:00:00,26.645,26.745,25.571,25.902,5616728.74
2022-01-12 08:00:00,25.9,26.481,25.791,26.212,5739159.7
2022-01-12 12:00:00,26.21,27.231,26.122,26.485,8862532.72
2022-01-12 16:00:00,26.489,26.809,26.09,26.767,4655464.15
2022-01-12 20:00:00,26.77,26.995,26.536,26.751,3817404.78
2022-01-13 00:00:00,26.745,26.758,26.0,26.073,3596897.84
2022-01-13 04:00:00,26.073,26.534,26.032,26.336,2704969.59
2022-01-13 08:00:00,26.336,26.537,25.724,25.813,4287906.48
2022-01-13 12:00:00,25.816,26.489,25.149,25.476,7625318.32
2022-01-13 16:00:00,25.476,25.567,24.426,24.684,6761498.2
2022-01-13 20:00:00,24.683,25.167,24.451,24.852,3589255.19
2022-01-14 00:00:00,24.858,25.314,24.67,25.152,2903056.72
2022-01-14 04:00:00,25.151,25.259,24.77,24.954,2800714.11
2022-01-14 08:00:00,24.955,24.987,23.9,24.228,4835825.74
2022-01-14 12:00:00,24.227,25.079,23.96,24.782,5240924.91
2022-01-14 16:00:00,24.776,24.955,24.54,24.87,2361311.24
2022-01-14 20:00:00,24.871,25.862,24.789,25.706,3413449.5
2022-01-15 00:00:00,25.704,26.198,25.245,25.919,3858187.34
2022-01-15 04:00:00,25.92,26.0,25.526,25.611,2521534.86
2022-01-15 08:00:00,25.612,25.988,25.351,25.694,2658458.97
2022-01-15 12:00:00,25.69,25.882,25.258,25.732,3369747.42
2022-01-15 16:00:00,25.732,26.07,25.368,25.672,3091780.84
2022-01-15 20:00:00,25.672,25.744,25.097,25.167,2328637.54
2022-01-16 00:00:00,25.166,25.264,24.629,24.917,2605036.11
2022-01-16 04:00:00,24.916,25.535,24.858,25.445,1992715.49
2022-01-16 08:00:00,25.445,26.15,25.307,25.828,3982791.77
2022-01-16 12:00:00,25.832,26.1,25.454,25.928,3832305.77
2022-01-16 16:00:00,25.931,26.341,25.56,25.618,3277371.55
2022-01-16 20:00:00,25.615,25.749,25.442,25.498,1584224.67
2022-01-17 00:00:00,25.5,25.621,24.824,24.845,3061897.46
2022-01-17 04:00:00,24.845,25.143,24.662,25.006,2309195.58
2022-01-17 08:00:00,25.006,25.076,24.562,24.69,2258673.39
2022-01-17 12:00:00,24.691,24.696,24.125,24.212,2862657.62
2022-01-17 16:00:00,24.213,24.332,23.565,23.784,4193903.33
2022-01-17 20:00:00,23.782,23.902,23.258,23.771,3414802.71
2022-01-18 00:00:00,23.773,24.328,23.612,23.686,2825054.22
2022-01-18 04:00:00,23.686,23.838,23.334,23.596,2587432.78
2022-01-18 08:00:00,23.596,23.598,22.695,23.216,3655221.69
2022-01-18 12:00:00,23.214,23.281,22.337,22.488,4827607.32
2022-01-18 16:00:00,22.489,22.7,22.041,22.379,3843886.37
2022-01-18 20:00:00,22.381,23.333,22.221,22.951,3645279.74
2022-01-19 00:00:00,22.951,23.14,22.154,22.337,4071361.39
2022-01-19 04:00:00,22.339,22.476,21.336,21.511,4359265.3
2022-01-19 08:00:00,21.512,22.102,21.204,22.083,4412175.99
2022-01-19 12:00:00,22.083,22.559,21.728,21.945,4563591.01
2022-01-19 16:00:00,21.946,22.27,21.668,21.892,3198110.6
2022-01-19 20:00:00,21.893,21.981,21.458,21.541,2470088.23
2022-01-20 00:00:00,21.535,21.831,21.311,21.796,2697105.0
2022-01-20 04:00:00,21.799,22.419,21.673,22.329,2525736.72
2022-01-20 08:00:00,22.329,22.476,21.978,22.317,2490679.23
2022-01-20 12:00:00,22.322,22.964,22.029,22.686,4680356.73
2022-01-20 16:00:00,22.689,22.822,22.127,22.277,2889519.2
2022-01-20 20:00:00,22.276,22.339,20.031,20.164,7231450.54
2022-01-21 00:00:00,20.164,20.496,19.0,19.166,10393703.39
2022-01-21 04:00:00,19.166,19.605,19.103,19.544,3430019.15
2022-01-21 08:00:00,19.544,19.699,19.3,19.408,3500913.6
2022-01-21 12:00:00,19.409,19.768,18.338,19.523,9627676.7
2022-01-21 16:00:00,19.523,19.754,18.79,18.816,4352954.09
2022-01-21 20:00:00,18.814,19.152,17.1,17.414,12955769.81
2022-01-22 00:00:00,17.411,17.813,17.102,17.326,5688126.44
2022-01-22 04:00:00,17.326,17.424,15.139,15.392,10890711.22
2022-01-22 08:00:00,15.396,15.892,14.23,15.58,14580922.97
2022-01-22 12:00:00,15.583,16.437,15.226,15.286,7597801.76
2022-01-22 16:00:00,15.287,16.049,15.058,15.284,7390017.58
2022-01-22 20:00:00,15.282,16.311,15.143,15.844,5262241.48
2022-01-23 00:00:00,15.85,16.339,15.366,15.676,4159936.33
2022-01-23 04:00:00,15.676,16.387,15.587,16.251,3821970.62
2022-01-23 08:00:00,16.248,16.878,16.018,16.129,5573844.28
2022-01-23 12:00:00,16.132,16.444,15.42,15.709,4901064.08
2022-01-23 16:00:00,15.708,15.923,15.151,15.227,4224286.05
2022-01-23 20:00:00,15.222,16.643,15.146,16.622,5061429.38
2022-01-24 00:00:00,16.621,16.63,15.661,16.017,3907673.89
2022-01-24 04:00:00,16.017,16.186,15.183,15.241,3816924.93
2022-01-24 08:00:00,15.245,15.536,13.784,13.97,11102037.21
2022-01-24 12:00:00,13.969,14.61,13.481,14.536,11697279.4
2022-01-24 16:00:00,14.536,15.345,14.107,15.151,10014664.02
2022-01-24 20:00:00,15.15,15.937,15.113,15.568,5033918.98
2022-01-25 00:00:00,15.567,15.593,15.103,15.394,3439283.98
2022-01-25 04:00:00,15.397,15.447,14.583,14.96,4045136.46
2022-01-25 08:00:00,14.957,15.604,14.863,15.236,4823718.7
2022-01-25 12:00:00,15.23,15.686,14.855,15.286,6367588.99
2022-01-25 16:00:00,15.285,16.016,15.27,15.708,4125839.32
2022-01-25 20:00:00,15.711,15.741,15.153,15.487,3462293.38
2022-01-26 00:00:00,15.489,15.639,15.188,15.562,3012819.15
2022-01-26 04:00:00,15.562,16.014,15.536,15.731,3017749.53
2022-01-26 08:00:00,15.731,16.145,15.726,16.073,3360378.1
2022-01-26 12:00:00,16.075,16.608,15.887,16.099,5568232.84
2022-01-26 16:00:00,16.098,16.8,15.45,15.904,9241291.34
2022-01-26 20:00:00,15.903,15.903,14.664,15.224,6812985.71
2022-01-27 00:00:00,15.222,15.371,14.281,14.46,4205679.31
2022-01-27 04:00:00,14.457,15.102,14.401,14.889,3526065.02
2022-01-27 08:00:00,14.89,15.173,14.626,15.115,3804661.26
2022-01-27 12:00:00,15.115,15.7,15.09,15.336,5366107.98
2022-01-27 16:00:00,15.337,15.613,14.701,14.818,5455581.77
2022-01-27 20:00:00,14.818,15.283,14.42,15.209,5571818.23
2022-01-28 00:00:00,15.208,15.459,14.794,15.337,3674349.6
2022-01-28 04:00:00,15.338,15.525,15.035,15.066,2425097.69
2022-01-28 08:00:00,15.064,15.278,14.763,14.933,3776813.68
2022-01-28 12:00:00,14.933,15.596,14.719,15.539,4749356.14
2022-01-28 16:00:00,15.54,15.918,15.52,15.754,5349086.23
2022-01-28 20:00:00,15.748,16.275,15.659,16.133,3805002.7
2022-01-29 00:00:00,16.132,16.392,15.948,16.083,2655740.95
2022-01-29 04:00:00,16.082,16.466,16.001,16.359,2333800.69
2022-01-29 08:00:00,16.357,16.402,16.105,16.217,2433013.8
2022-01-29 12:00:00,16.218,16.669,16.026,16.193,4506901.73
2022-01-29 16:00:00,16.186,16.475,16.054,16.328,2538717.31
2022-01-29 20:00:00,16.329,16.75,16.097,16.217,3298745.7
2022-01-30 00:00:00,16.217,16.473,16.004,16.38,2496115.1
2022-01-30 04:00:00,16.381,17.693,16.376,17.609,6503325.24
2022-01-30 08:00:00,17.609,17.8,17.5,17.673,4858989.94
2022-01-30 12:00:00,17.67,17.69,17.144,17.256,4390089.34
2022-01-30 16:00:00,17.256,17.651,16.814,17.026,5452810.64
2022-01-30 20:00:00,17.022,18.121,16.854,17.754,7825502.66
2022-01-31 00:00:00,17.752,17.875,16.429,16.866,8834112.0
2022-01-31 04:00:00,16.867,16.955,16.51,16.951,3592749.92
2022-01-31 08:00:00,16.95,17.284,16.753,17.027,4283966.26
2022-01-31 12:00:00,17.027,17.648,16.596,17.495,5750547.86
2022-01-31 16:00:00,17.496,17.68,16.972,17.031,6159965.46
2022-01-31 20:00:00,17.031,17.331,16.907,17.143,2962510.66
2022-02-01 00:00:00,17.145,17.562,17.043,17.418,3545574.3
2022-02-01 04:00:00,17.417,17.557,17.101,17.417,2743176.29
2022-02-01 08:00:00,17.42,17.877,16.952,17.232,5333249.55
2022-02-01 12:00:00,17.226,17.485,16.92,17.165,4971924.75
2022-02-01 16:00:00,17.165,17.445,16.81,16.824,3737726.74
2022-02-01 20:00:00,16.824,17.14,16.814,16.974,2524836.24
2022-02-02 00:00:00,16.974,17.145,16.733,17.021,2519753.4
2022-02-02 04:00:00,17.022,17.342,16.959,16.979,2865127.64
2022-02-02 08:00:00,16.979,17.221,16.879,17.206,2114155.87
2022-02-02 12:00:00,17.207,17.369,16.158,16.327,5998010.16
2022-02-02 16:00:00,16.324,16.489,16.055,16.434,3472661.11
2022-02-02 20:00:00,16.434,16.472,15.51,15.772,4680209.45
2022-02-03 00:00:00,15.773,15.944,15.5,15.647,2805504.18
2022-02-03 04:00:00,15.644,15.849,15.547,15.808,1941324.26
2022-02-03 08:00:00,15.808,15.909,15.245,15.636,4045944.41
2022-02-03 12:00:00,15.636,15.975,15.3,15.936,4219020.27
2022-02-03 16:00:00,15.937,16.167,15.666,15.767,4423033.17
2022-02-03 20:00:00,15.769,16.324,15.626,16.29,3741793.39
2022-02-04 00:00:00,16.285,16.293,15.996,16.058,1926325.07
2022-02-04 04:00:00,16.058,16.523,16.026,16.306,3430652.35
2022-02-04 08:00:00,16.307,16.591,16.303,16.4,2734429.35
2022-02-04 12:00:00,16.403,16.939,16.047,16.714,6380824.55
2022-02-04 16:00:00,16.713,17.175,16.698,17.102,4754451.33
2022-02-04 20:00:00,17.102,17.54,17.003,17.5,3067697.77
2022-02-05 00:00:00,17.497,17.921,17.403,17.92,3936551.49
2022-02-05 04:00:00,17.92,18.317,17.85,17.905,4413750.02
2022-02-05 08:00:00,17.907,18.119,17.858,17.954,3159702.41
2022-02-05 12:00:00,17.954,18.146,17.794,18.022,3283992.51
2022-02-05 16:00:00,18.021,18.254,17.435,17.706,4761572.58
2022-02-05 20:00:00,17.707,17.948,17.62,17.747,1898629.75
2022-02-06 00:00:00,17.746,18.167,17.708,17.943,2296016.9
2022-02-06 04:00:00,17.942,18.019,17.672,17.852,2387857.86
2022-02-06 08:00:00,17.849,17.994,17.703,17.741,2007244.68
2022-02-06 12:00:00,17.74,17.989,17.151,17.45,4452423.71
2022-02-06 16:00:00,17.45,17.633,17.35,17.592,1795801.84
2022-02-06 20:00:00,17.592,18.085,17.491,18.064,2664533.0
2022-02-07 00:00:00,18.064,18.546,17.633,18.468,4427855.38
2022-02-07 04:00:00,18.469,18.94,18.421,18.653,3011529.09
2022-02-07 08:00:00,18.653,18.711,18.323,18.47,2640090.37
2022-02-07 12:00:00,18.47,19.078,18.335,19.031,4371441.92
2022-02-07 16:00:00,19.032,19.393,18.888,19.165,5053315.98
2022-02-07 20:00:00,19.165,19.243,18.754,18.874,2866007.3
2022-02-08 00:00:00,18.875,19.021,18.523,18.997,3362917.57
2022-02-08 04:00:00,18.997,19.533,18.857,18.912,4989286.96
2022-02-08 08:00:00,18.909,18.954,18.0,18.271,4883050.42
2022-02-08 12:00:00,18.271,18.271,17.675,17.985,4953244.27
2022-02-08 16:00:00,17.986,18.234,17.747,18.028,3557681.11
2022-02-08 20:00:00,18.027,18.533,17.969,18.367,2574840.78
2022-02-09 00:00:00,18.372,18.498,17.865,17.92,2741452.08
2022-02-09 04:00:00,17.919,18.208,17.73,18.133,2136422.86
2022-02-09 08:00:00,18.133,18.38,17.92,18.332,2122967.64
2022-02-09 12:00:00,18.333,18.628,18.257,18.463,3166044.84
2022-02-09 16:00:00,18.465,18.713,18.354,18.653,2246114.78
2022-02-09 20:00:00,18.653,18.739,18.545,18.664,1676500.69
2022-02-10 00:00:00,18.664,18.684,17.958,18.07,2808153.28
2022-02-10 04:00:00,18.071,18.24,17.986,18.239,1937041.01
2022-02-10 08:00:00,18.238,18.749,18.195,18.629,2965234.21
2022-02-10 12:00:00,18.629,18.682,17.344,18.157,9013706.91
2022-02-10 16:00:00,18.157,18.442,17.682,17.713,4173221.45
2022-02-10 20:00:00,17.715,17.834,17.319,17.486,3515593.05
2022-02-11 00:00:00,17.486,17.526,17.124,17.297,3318269.94
2022-02-11 04:00:00,17.296,17.522,17.15,17.482,1716331.06
2022-02-11 08:00:00,17.482,17.628,17.212,17.572,1919606.04
2022-02-11 12:00:00,17.572,17.799,17.51,17.69,2938518.64
2022-02-11 16:00:00,17.687,17.722,16.75,16.791,4261853.58
2022-02-11 20:00:00,16.794,16.839,15.899,16.189,4413175.92
2022-02-12 00:00:00,16.189,16.306,16.0,16.124,2348442.44
2022-02-12 04:00:00,16.123,16.233,15.583,15.892,2915917.34
2022-02-12 08:00:00,15.894,16.148,15.68,16.105,2582288.14
2022-02-12 12:00:00,16.104,16.145,15.556,15.847,3359159.92
2022-02-12 16:00:00,15.848,16.371,15.737,16.206,3423186.54
2022-02-12 20:00:00,16.206,16.329,15.656,15.949,2890352.27
2022-02-13 00:00:00,15.952,16.191,15.838,15.943,1435484.46
2022-02-13 04:00:00,15.942,16.184,15.821,16.161,1569058.24
2022-02-13 08:00:00,16.161,16.32,16.11,16.213,2218718.77
2022-02-13 12:00:00,16.214,16.309,15.954,16.053,2272304.01
2022-02-13 16:00:00,16.055,16.07,15.51,15.641,2894179.7
2022-02-13 20:00:00,15.641,15.917,15.566,15.601,1882751.12
2022-02-14 00:00:00,15.601,15.701,15.201,15.345,2948131.29
2022-02-14 04:00:00,15.346,15.653,15.274,15.64,1814899.83
2022-02-14 08:00:00,15.64,15.746,15.453,15.537,2104491.58
2022-02-14 12:00:00,15.539,16.116,15.427,15.794,3699637.58
2022-02-14 16:00:00,15.795,15.981,15.188,15.322,3693322.98
2022-02-14 20:00:00,15.321,16.023,15.256,15.896,2837787.81
2022-02-15 00:00:00,15.896,16.53,15.805,16.403,4274757.94
2022-02-15 04:00:00,16.403,16.462,16.263,16.403,1757216.28
2022-02-15 08:00:00,16.403,16.9,16.396,16.739,3459414.12
2022-02-15 12:00:00,16.734,17.04,16.715,16.947,3123373.81
2022-02-15 16:00:00,16.949,17.084,16.808,16.915,2335837.95
2022-02-15 20:00:00,16.914,17.451,16.7,17.339,2748502.92
2022-02-16 00:00:00,17.336,17.399,16.9,16.993,2220566.91
2022-02-16 04:00:00,16.993,17.215,16.766,17.181,1938095.36
2022-02-16 08:00:00,17.181,17.324,17.0,17.088,2167149.27
2022-02-16 12:00:00,17.084,17.139,16.503,16.66,4069082.16
2022-02-16 16:00:00,16.661,17.279,16.504,17.249,3632074.36
2022-02-16 20:00:00,17.25,17.374,17.062,17.11,2233795.87
2022-02-17 00:00:00,17.108,17.44,17.083,17.089,2155368.84
2022-02-17 04:00:00,17.092,17.095,16.703,16.982,2854295.34
2022-02-17 08:00:00,16.983,17.046,16.4,16.532,3002727.93
2022-02-17 12:00:00,16.533,16.632,16.012,16.142,4254792.75
2022-02-17 16:00:00,16.142,16.245,15.453,15.756,4020857.48
2022-02-17 20:00:00,15.757,15.836,15.424,15.582,3176036.97
2022-02-18 00:00:00,15.581,15.885,15.451,15.839,2210641.65
2022-02-18 04:00:00,15.84,16.02,15.72,15.868,1754153.13
2022-02-18 08:00:00,15.868,16.04,15.606,15.63,2122357.09
2022-02-18 12:00:00,15.63,15.764,15.1,15.211,4853273.6
2022-02-18 16:00:00,15.208,15.482,15.015,15.34,4080420.67
2022-02-18 20:00:00,15.341,15.381,15.095,15.174,1697169.09
2022-02-19 00:00:00,15.173,15.487,15.111,15.353,1386674.45
2022-02-19 04:00:00,15.357,15.54,15.302,15.471,1154925.2
2022-02-19 08:00:00,15.473,15.502,14.876,14.994,2570479.8
2022-02-19 12:00:00,14.994,15.386,14.819,15.349,2941203.69
2022-02-19 16:00:00,15.348,15.68,15.216,15.303,3102027.46
2022-02-19 20:00:00,15.303,15.559,15.275,15.507,1944971.88
2022-02-20 00:00:00,15.508,15.523,14.96,14.981,2497882.34
2022-02-20 04:00:00,14.981,15.003,14.389,14.728,4309054.77
2022-02-20 08:00:00,14.729,14.779,14.426,14.758,2748714.54
2022-02-20 12:00:00,14.759,14.965,14.399,14.667,2809997.6
2022-02-20 16:00:00,14.665,14.9,14.565,14.801,2017904.15
2022-02-20 20:00:00,14.804,14.909,14.457,14.601,2570640.53
2022-02-21 00:00:00,14.603,15.248,14.506,15.012,3146616.44
2022-02-21 04:00:00,15.012,15.303,15.007,15.178,2078147.01
2022-02-21 08:00:00,15.176,15.272,14.096,14.266,5244345.03
2022-02-21 12:00:00,14.265,15.048,13.917,14.736,9071868.84
2022-02-21 16:00:00,14.735,14.842,13.988,14.258,6039586.23
2022-02-21 20:00:00,14.257,14.383,13.356,13.492,6611166.92
2022-02-22 00:00:00,13.492,13.793,12.988,13.196,5747624.29
2022-02-22 04:00:00,13.197,13.548,13.114,13.284,3687552.5
2022-02-22 08:00:00,13.281,13.856,13.271,13.775,4233586.84
2022-02-22 12:00:00,13.776,14.175,13.622,13.953,4625214.96
2022-02-22 16:00:00,13.952,14.074,13.75,14.028,3095914.34
2022-02-22 20:00:00,14.03,14.126,13.823,13.983,2447309.14
2022-02-23 00:00:00,13.984,14.141,13.718,13.838,2590723.16
2022-02-23 04:00:00,13.837,14.23,13.796,14.17,2422876.58
2022-02-23 08:00:00,14.17,14.571,14.13,14.408,3523108.83
2022-02-23 12:00:00,14.408,14.607,14.152,14.171,3353463.3
2022-02-23 16:00:00,14.17,14.654,13.726,13.794,4603614.46
2022-02-23 20:00:00,13.794,13.86,13.288,13.34,3088411.3
2022-02-24 00:00:00,13.34,13.454,12.147,12.273,8752339.72
2022-02-24 04:00:00,12.274,12.405,11.388,11.791,11987175.24
2022-02-24 08:00:00,11.787,12.047,11.524,11.81,7711451.96
2022-02-24 12:00:00,11.808,12.356,11.56,12.301,8891739.46
2022-02-24 16:00:00,12.302,13.095,12.146,13.071,8512549.36
2022-02-24 20:00:00,13.07,14.105,12.96,13.261,9007251.65
2022-02-25 00:00:00,13.261,13.504,13.106,13.345,3499823.89
2022-02-25 04:00:00,13.351,13.438,13.063,13.364,2483977.08
2022-02-25 08:00:00,13.364,13.647,13.141,13.611,3704141.58
2022-02-25 12:00:00,13.612,14.109,13.592,14.054,6198005.55
2022-02-25 16:00:00,14.051,14.16,13.74,13.759,3557183.59
2022-02-25 20:00:00,13.76,14.482,13.701,14.359,3501858.75
2022-02-26 00:00:00,14.358,15.358,14.27,14.517,4853145.7
2022-02-26 04:00:00,14.515,14.617,14.217,14.485,2042055.01
2022-02-26 08:00:00,14.485,14.588,14.069,14.412,3143124.98
2022-02-26 12:00:00,14.411,14.823,14.249,14.633,3027170.12
2022-02-26 16:00:00,14.633,14.753,14.317,14.567,2338659.45
2022-02-26 20:00:00,14.566,14.935,14.49,14.706,2167092.1
2022-02-27 00:00:00,14.706,14.793,14.055,14.126,3306822.14
2022-02-27 04:00:00,14.125,14.293,13.939,14.25,1861447.09
2022-02-27 08:00:00,14.25,14.681,14.15,14.64,2509350.71
2022-02-27 12:00:00,14.64,14.847,14.16,14.566,5258010.86
2022-02-27 16:00:00,14.568,14.574,13.58,13.669,4218280.8
2022-02-27 20:00:00,13.667,14.005,13.452,13.635,4575795.7
2022-02-28 00:00:00,13.636,13.823,13.415,13.56,3529558.58
2022-02-28 04:00:00,13.56,13.8,13.3,13.744,2795304.48
2022-02-28 08:00:00,13.745,13.878,13.6,13.781,2365194.38
2022-02-28 12:00:00,13.778,14.76,13.604,14.661,6286881.43
2022-02-28 16:00:00,14.663,14.828,14.51,14.679,3757654.52
2022-02-28 20:00:00,14.672,15.152,14.566,15.117,4733326.13
2022-03-01 00:00:00,15.117,15.324,14.864,14.916,3113776.01
2022-03-01 04:00:00,14.916,15.143,14.851,15.099,2015862.71
2022-03-01 08:00:00,15.099,15.187,14.693,15.051,3448367.05
2022-03-01 12:00:00,15.052,15.726,14.97,15.369,6556718.71
2022-03-01 16:00:00,15.369,15.506,15.035,15.175,3126392.68
2022-03-01 20:00:00,15.177,15.412,15.057,15.343,2002284.38
2022-03-02 00:00:00,15.346,15.578,14.901,15.522,3325319.14
2022-03-02 04:00:00,15.522,15.66,15.22,15.275,2663932.7
2022-03-02 08:00:00,15.271,15.799,15.097,15.68,3537111.74
2022-03-02 12:00:00,15.676,15.865,15.15,15.429,6170600.16
2022-03-02 16:00:00,15.429,15.65,15.134,15.261,2752085.01
2022-03-02 20:00:00,15.26,15.529,15.217,15.276,1489625.61
2022-03-03 00:00:00,15.276,15.368,14.925,15.088,2277783.86
2022-03-03 04:00:00,15.087,15.269,14.91,15.161,1621242.17
2022-03-03 08:00:00,15.164,15.235,14.972,15.1,1620212.14
2022-03-03 12:00:00,15.098,15.306,14.578,14.689,3408899.87
2022-03-03 16:00:00,14.69,14.836,14.439,14.625,2666065.95
2022-03-03 20:00:00,14.627,15.014,14.531,14.881,2278901.15
2022-03-04 00:00:00,14.881,14.966,14.16,14.299,3684103.61
2022-03-04 04:00:00,14.3,14.345,14.135,14.332,1514554.58
2022-03-04 08:00:00,14.331,14.596,14.095,14.519,2112986.67
2022-03-04 12:00:00,14.518,14.586,14.093,14.128,4088656.92
2022-03-04 16:00:00,14.127,14.267,13.697,13.744,3037781.1
2022-03-04 20:00:00,13.746,13.869,13.533,13.727,3642304.89
2022-03-05 00:00:00,13.727,13.74,13.4,13.706,1945554.51
2022-03-05 04:00:00,13.707,13.974,13.605,13.895,1422686.75
2022-03-05 08:00:00,13.894,14.075,13.851,14.011,1810954.51
2022-03-05 12:00:00,14.014,14.148,13.87,14.019,1840646.16
2022-03-05 16:00:00,14.018,14.273,13.94,14.064,1812939.98
2022-03-05 20:00:00,14.063,14.116,13.89,14.017,1139727.79
2022-03-06 00:00:00,14.014,14.115,13.74,13.781,1338295.69
2022-03-06 04:00:00,13.781,13.955,13.595,13.817,1769123.85
2022-03-06 08:00:00,13.817,13.849,13.396,13.585,2499609.87
2022-03-06 12:00:00,13.585,13.773,13.533,13.663,1717504.95
2022-03-06 16:00:00,13.664,13.87,13.567,13.598,1912168.32
2022-03-06 20:00:00,13.598,13.852,13.234,13.315,2991248.38
2022-03-07 00:00:00,13.315,13.316,12.757,12.824,4520426.59
2022-03-07 04:00:00,12.823,13.061,12.717,12.903,2651133.89
2022-03-07 08:00:00,12.903,13.095,12.776,13.066,2041725.54
2022-03-07 12:00:00,13.065,13.638,13.063,13.553,4290859.73
2022-03-07 16:00:00,13.553,13.662,12.46,12.563,5077555.67
2022-03-07 20:00:00,12.564,12.868,12.413,12.664,3821916.54
2022-03-08 00:00:00,12.664,13.038,12.561,12.92,2542904.36
2022-03-08 04:00:00,12.922,13.17,12.801,13.083,2659686.1
2022-03-08 08:00:00,13.084,13.545,13.038,13.39,3654013.89
2022-03-08 12:00:00,13.39,13.449,13.042,13.159,3541935.85
2022-03-08 16:00:00,13.163,13.52,12.992,13.166,3978059.32
2022-03-08 20:00:00,13.168,13.229,12.862,13.085,2107506.53
2022-03-09 00:00:00,13.085,13.909,13.048,13.828,3839400.78
2022-03-09 04:00:00,13.83,14.027,13.73,13.879,2974272.17
2022-03-09 08:00:00,13.878,14.107,13.783,14.034,3456868.78
2022-03-09 12:00:00,14.034,14.35,13.888,14.306,4242245.15
2022-03-09 16:00:00,14.305,14.447,13.827,13.935,3276187.65
2022-03-09 20:00:00,13.936,14.036,13.793,14.0,1437671.87
2022-03-10 00:00:00,14.001,14.109,13.64,13.699,2816280.15
2022-03-10 04:00:00,13.701,13.736,12.989,13.114,4267484.25
2022-03-10 08:00:00,13.113,13.211,12.987,13.185,1957826.45
2022-03-10 12:00:00,13.185,13.44,12.939,13.262,4576368.55
2022-03-10 16:00:00,13.26,13.338,13.105,13.319,2020018.61
2022-03-10 20:00:00,13.318,13.33,13.078,13.173,1289314.14
2022-03-11 00:00:00,13.174,13.202,12.793,12.957,2457865.28
2022-03-11 04:00:00,12.958,13.373,12.805,13.318,2316083.95
2022-03-11 08:00:00,13.316,13.615,13.128,13.512,2882663.82
2022-03-11 12:00:00,13.514,13.646,13.125,13.198,3238022.3
2022-03-11 16:00:00,13.2,13.213,12.971,13.005,1883078.55
2022-03-11 20:00:00,13.002,13.223,12.9,13.038,1860083.17
2022-03-12 00:00:00,13.038,13.445,13.008,13.301,1959429.25
2022-03-12 04:00:00,13.301,13.405,13.222,13.252,1278837.58
2022-03-12 08:00:00,13.253,13.315,13.102,13.18,1477560.03
2022-03-12 12:00:00,13.18,13.289,13.07,13.188,1568070.29
2022-03-12 16:00:00,13.188,13.45,13.157,13.326,1841906.35
2022-03-12 20:00:00,13.325,13.373,13.104,13.138,1342735.98
2022-03-13 00:00:00,13.136,13.376,13.067,13.365,1662588.16
2022-03-13 04:00:00,13.366,13.431,13.305,13.326,1246426.63
2022-03-13 08:00:00,13.326,13.348,13.097,13.143,1880887.89
2022-03-13 12:00:00,13.142,13.201,12.974,13.172,2557530.91
2022-03-13 16:00:00,13.171,13.297,13.108,13.178,1658210.36
2022-03-13 20:00:00,13.177,13.177,12.565,12.696,3269681.12
2022-03-14 00:00:00,12.695,12.818,12.587,12.694,2112504.87
2022-03-14 04:00:00,12.694,13.31,12.693,13.233,4000348.88
2022-03-14 08:00:00,13.234,13.35,13.138,13.167,2337677.13
2022-03-14 12:00:00,13.166,13.276,13.05,13.121,2327005.72
2022-03-14 16:00:00,13.118,13.209,12.732,12.9,3159427.87
2022-03-14 20:00:00,12.901,13.439,12.869,13.398,3142718.76
2022-03-15 00:00:00,13.398,13.594,13.195,13.224,3698528.04
2022-03-15 04:00:00,13.221,13.276,12.865,12.978,2740331.85
2022-03-15 08:00:00,12.977,13.08,12.88,13.046,1708017.72
2022-03-15 12:00:00,13.046,13.336,12.941,13.256,2743647.04
2022-03-15 16:00:00,13.257,13.689,13.209,13.563,3458124.05
2022-03-15 20:00:00,13.561,13.798,13.412,13.694,2575952.69
2022-03-16 00:00:00,13.693,14.26,13.654,13.799,5874565.56
2022-03-16 04:00:00,13.799,13.981,13.686,13.981,2270633.72
2022-03-16 08:00:00,13.98,14.224,13.944,14.059,2992279.16
2022-03-16 12:00:00,14.06,14.226,13.898,14.14,2748267.03
2022-03-16 16:00:00,14.139,14.463,13.719,14.452,6197671.22
2022-03-16 20:00:00,14.452,14.78,14.381,14.661,2849415.64
2022-03-17 00:00:00,14.662,14.784,14.554,14.648,2114432.13
2022-03-17 04:00:00,14.646,14.665,14.215,14.351,3483030.35
2022-03-17 08:00:00,14.35,14.872,14.34,14.819,3571545.78
2022-03-17 12:00:00,14.818,14.926,14.5,14.54,3158885.82
2022-03-17 16:00:00,14.541,14.616,14.423,14.547,1638681.18
2022-03-17 20:00:00,14.548,14.588,14.36,14.404,1572829.26
2022-03-18 00:00:00,14.404,14.492,14.115,14.178,2583539.52
2022-03-18 04:00:00,14.177,14.544,14.143,14.414,1686671.01
2022-03-18 08:00:00,14.413,14.699,14.357,14.666,3001636.12
2022-03-18 12:00:00,14.664,15.088,14.56,15.068,4670571.99
2022-03-18 16:00:00,15.068,15.273,14.92,15.06,3582379.66
2022-03-18 20:00:00,15.061,15.147,14.881,15.005,1716964.26
2022-03-19 00:00:00,15.005,15.203,14.82,14.923,1918739.94
2022-03-19 04:00:00,14.922,15.028,14.857,14.984,1374955.3
2022-03-19 08:00:00,14.985,15.093,14.903,15.036,1419729.42
2022-03-19 12:00:00,15.036,15.366,14.99,15.335,3007191.56
2022-03-19 16:00:00,15.336,15.401,15.082,15.106,2168788.24
2022-03-19 20:00:00,15.106,15.235,14.834,14.994,2846018.47
2022-03-20 00:00:00,14.995,15.135,14.852,14.929,1852331.02
2022-03-20 04:00:00,14.931,15.089,14.874,14.997,1139964.78
2022-03-20 08:00:00,14.994,14.996,14.708,14.729,1719748.45
2022-03-20 12:00:00,14.729,14.755,14.557,14.663,2333742.9
2022-03-20 16:00:00,14.664,14.776,14.423,14.634,2045945.41
2022-03-20 20:00:00,14.635,14.749,14.511,14.546,1441979.91
2022-03-21 00:00:00,14.545,14.64,14.28,14.469,1876423.79
2022-03-21 04:00:00,14.471,14.973,14.432,14.953,1920210.2
2022-03-21 08:00:00,14.953,15.187,14.883,15.072,2675759.26
2022-03-21 12:00:00,15.074,15.273,14.915,15.058,3212580.78
2022-03-21 16:00:00,15.058,15.069,14.708,14.862,2333079.95
2022-03-21 20:00:00,14.861,15.044,14.81,14.986,1403139.12
2022-03-22 00:00:00,14.987,15.592,14.978,15.531,3521790.27
2022-03-22 04:00:00,15.532,15.773,15.452,15.499,3333222.07
2022-03-22 08:00:00,15.499,15.842,15.434,15.833,2537062.84
2022-03-22 12:00:00,15.833,15.852,15.506,15.517,2441413.35
2022-03-22 16:00:00,15.516,15.692,15.404,15.413,1433256.77
2022-03-22 20:00:00,15.413,15.647,15.377,15.427,1638709.86
2022-03-23 00:00:00,15.427,15.508,15.199,15.248,2264338.7
2022-03-23 04:00:00,15.246,15.45,15.118,15.405,1879789.66
2022-03-23 08:00:00,15.405,15.456,15.22,15.31,1775938.97
2022-03-23 12:00:00,15.311,15.887,15.238,15.793,3183824.03
2022-03-23 16:00:00,15.797,15.952,15.519,15.548,2895051.56
2022-03-23 20:00:00,15.55,15.837,15.529,15.828,1464697.29
2022-03-24 00:00:00,15.828,15.999,15.601,15.62,2631079.92
2022-03-24 04:00:00,15.621,15.96,15.596,15.912,2137525.49
2022-03-24 08:00:00,15.912,16.213,15.846,16.172,3842009.59
2022-03-24 12:00:00,16.172,16.389,15.777,16.347,5262731.09
2022-03-24 16:00:00,16.346,16.439,16.143,16.159,2547168.15
2022-03-24 20:00:00,16.159,16.25,16.085,16.157,1350229.8
2022-03-25 00:00:00,16.16,16.188,15.922,16.007,2113943.51
2022-03-25 04:00:00,16.007,16.278,15.984,16.019,1932395.85
2022-03-25 08:00:00,16.02,16.396,15.8,16.353,3183751.39
2022-03-25 12:00:00,16.353,16.454,15.826,15.896,4373820.79
2022-03-25 16:00:00,15.896,15.998,15.461,15.609,4157667.14
2022-03-25 20:00:00,15.609,15.68,15.449,15.585,1479298.15
2022-03-26 00:00:00,15.584,15.733,15.472,15.683,1490421.59
2022-03-26 04:00:00,15.683,15.912,15.662,15.86,1499666.5
2022-03-26 08:00:00,15.86,15.953,15.717,15.819,1518042.43
2022-03-26 12:00:00,15.819,15.866,15.543,15.594,2250663.55
2022-03-26 16:00:00,15.594,15.797,15.538,15.74,1810339.98
2022-03-26 20:00:00,15.74,15.885,15.698,15.831,1770608.15
2022-03-27 00:00:00,15.83,16.097,15.788,16.011,2161511.3
2022-03-27 04:00:00,16.011,16.162,15.911,16.139,1593715.69
2022-03-27 08:00:00,16.139,16.144,15.869,15.912,1796570.76
2022-03-27 12:00:00,15.912,16.067,15.612,16.047,2887174.94
2022-03-27 16:00:00,16.049,16.308,16.023,16.207,3069962.31
2022-03-27 20:00:00,16.207,16.9,16.149,16.855,5116170.69
2022-03-28 00:00:00,16.854,16.948,16.631,16.796,2690030.54
2022-03-28 04:00:00,16.796,17.122,16.72,17.033,2896212.62
2022-03-28 08:00:00,17.033,17.286,16.892,17.084,2823164.87
2022-03-28 12:00:00,17.084,17.365,16.973,16.978,3791027.82
2022-03-28 16:00:00,16.977,17.244,16.902,17.091,2974307.81
2022-03-28 20:00:00,17.09,17.219,16.324,16.496,3495186.36
2022-03-29 00:00:00,16.495,17.169,16.46,16.872,3032847.13
2022-03-29 04:00:00,16.873,17.154,16.851,16.877,1996731.79
2022-03-29 08:00:00,16.877,17.242,16.864,17.213,2112655.66
2022-03-29 12:00:00,17.216,17.527,16.961,16.993,4824029.02
2022-03-29 16:00:00,16.993,17.08,16.652,16.976,3375504.24
2022-03-29 20:00:00,16.975,17.02,16.555,16.971,2660385.85
2022-03-30 00:00:00,16.97,17.395,16.516,17.351,3642768.3
2022-03-30 04:00:00,17.35,17.465,17.056,17.317,2582544.57
2022-03-30 08:00:00,17.314,17.392,17.116,17.274,2121304.19
2022-03-30 12:00:00,17.276,17.459,16.863,17.276,3925049.95
2022-03-30 16:00:00,17.276,17.58,17.029,17.186,3895730.29
2022-03-30 20:00:00,17.19,17.29,17.029,17.214,1702157.47
2022-03-31 00:00:00,17.214,17.567,17.155,17.305,2018411.3
2022-03-31 04:00:00,17.304,17.554,17.22,17.513,1712407.45
2022-03-31 08:00:00,17.513,18.058,17.485,17.85,4277496.96
2022-03-31 12:00:00,17.854,17.995,16.953,17.173,5942317.22
2022-03-31 16:00:00,17.175,17.22,16.645,16.856,3813372.91
2022-03-31 20:00:00,16.856,17.095,16.735,16.92,1991935.02
2022-04-01 00:00:00,16.922,17.085,16.151,16.454,3668485.1
2022-04-01 04:00:00,16.452,16.839,16.416,16.825,1569863.53
2022-04-01 08:00:00,16.826,16.923,16.701,16.725,1811259.61
2022-04-01 12:00:00,16.726,17.376,16.459,17.291,4045563.38
2022-04-01 16:00:00,17.29,17.344,17.081,17.232,1672898.28
2022-04-01 20:00:00,17.228,17.368,17.045,17.352,1324166.1
2022-04-02 00:00:00,17.353,17.596,17.191,17.301,2257809.16
2022-04-02 04:00:00,17.304,17.496,17.279,17.434,1183589.43
2022-04-02 08:00:00,17.434,17.734,17.364,17.639,1836853.38
2022-04-02 12:00:00,17.633,17.865,17.221,17.323,4016405.43
2022-04-02 16:00:00,17.322,17.54,17.091,17.398,2763691.6
2022-04-02 20:00:00,17.393,17.675,17.322,17.407,1850642.13
2022-04-03 00:00:00,17.41,17.707,17.15,17.479,2634852.06
2022-04-03 04:00:00,17.479,17.974,17.448,17.812,3055068.27
2022-04-03 08:00:00,17.814,17.866,17.6,17.779,1617378.54
2022-04-03 12:00:00,17.778,17.93,17.638,17.894,1813895.93
2022-04-03 16:00:00,17.892,18.273,17.805,17.955,3293410.22
2022-04-03 20:00:00,17.958,18.324,17.888,18.082,2433414.13
2022-04-04 00:00:00,18.081,18.086,17.555,17.636,2761814.24
2022-04-04 04:00:00,17.636,17.955,17.583,17.859,1647956.1
2022-04-04 08:00:00,17.859,17.891,17.303,17.509,2996366.96
2022-04-04 12:00:00,17.508,17.543,16.945,17.016,3110285.75
2022-04-04 16:00:00,17.016,17.254,16.81,17.226,2711633.72
2022-04-04 20:00:00,17.227,17.575,17.142,17.506,1916934.11
2022-04-05 00:00:00,17.506,17.662,17.362,17.558,1329224.1
2022-04-05 04:00:00,17.558,17.6,17.302,17.396,1076155.09
2022-04-05 08:00:00,17.396,17.416,17.2,17.369,1705866.82
2022-04-05 12:00:00,17.369,17.565,16.96,17.12,3246089.05
2022-04-05 16:00:00,17.12,17.244,16.936,17.13,1901566.44
2022-04-05 20:00:00,17.126,17.173,16.65,16.736,1915083.86
2022-04-06 00:00:00,16.737,16.777,16.006,16.385,3687070.02
2022-04-06 04:00:00,16.384,16.655,16.28,16.533,1805292.12
2022-04-06 08:00:00,16.528,16.584,16.025,16.14,2182224.63
2022-04-06 12:00:00,16.14,16.282,15.494,15.732,4549434.59
2022-04-06 16:00:00,15.731,15.8,15.313,15.622,3331224.55
2022-04-06 20:00:00,15.624,15.799,15.26,15.399,2171521.81
2022-04-07 00:00:00,15.397,15.644,15.086,15.361,2799225.57
2022-04-07 04:00:00,15.364,15.667,15.318,15.606,1384019.2
2022-04-07 08:00:00,15.605,15.851,15.432,15.797,1769417.88
2022-04-07 12:00:00,15.796,15.872,15.28,15.485,2870014.44
2022-04-07 16:00:00,15.482,15.72,15.349,15.604,1792101.95
2022-04-07 20:00:00,15.605,15.869,15.57,15.733,1255646.77
2022-04-08 00:00:00,15.731,15.903,15.629,15.87,1213355.29
2022-04-08 04:00:00,15.87,15.892,15.618,15.77,1301023.08
2022-04-08 08:00:00,15.769,15.843,15.422,15.453,1668323.93
2022-04-08 12:00:00,15.453,15.784,15.183,15.653,2770428.17
2022-04-08 16:00:00,15.653,15.74,15.33,15.404,2063312.5
2022-04-08 20:00:00,15.404,15.478,15.006,15.115,1888145.58
2022-04-09 00:00:00,15.115,15.464,15.107,15.328,1612242.29
2022-04-09 04:00:00,15.328,15.411,15.238,15.347,1014590.39
2022-04-09 08:00:00,15.345,15.377,15.183,15.3,956723.81
2022-04-09 12:00:00,15.299,15.453,15.16,15.185,1414722.47
2022-04-09 16:00:00,15.186,15.383,15.171,15.275,887875.54
2022-04-09 20:00:00,15.274,15.458,15.214,15.422,1028988.78
2022-04-10 00:00:00,15.422,15.57,15.344,15.52,1018056.23
2022-04-10 04:00:00,15.521,15.63,15.402,15.438,930386.07
2022-04-10 08:00:00,15.437,15.497,15.227,15.331,1218054.59
2022-04-10 12:00:00,15.331,15.492,15.299,15.471,1335049.21
2022-04-10 16:00:00,15.47,15.906,15.453,15.845,2406909.39
2022-04-10 20:00:00,15.846,15.921,15.139,15.226,2906372.77
2022-04-11 00:00:00,15.226,15.267,14.757,14.886,2989624.3
2022-04-11 04:00:00,14.885,14.994,14.848,14.937,1595463.99
2022-04-11 08:00:00,14.938,14.961,14.108,14.176,4696402.05
2022-04-11 12:00:00,14.177,14.265,13.919,13.952,3189439.14
2022-04-11 16:00:00,13.953,14.149,13.81,13.897,2647600.65
2022-04-11 20:00:00,13.895,13.944,13.5,13.755,3152726.35
2022-04-12 00:00:00,13.754,13.91,13.684,13.782,1600088.55
2022-04-12 04:00:00,13.781,14.08,13.759,14.031,1868465.53
2022-04-12 08:00:00,14.029,14.173,13.892,14.143,1945577.96
2022-04-12 12:00:00,14.144,14.32,13.894,14.016,3545248.65
2022-04-12 16:00:00,14.017,14.1,13.627,13.655,2095704.82
2022-04-12 20:00:00,13.654,14.008,13.637,13.97,1609139.72
2022-04-13 00:00:00,13.97,14.091,13.84,13.985,1884201.92
2022-04-13 04:00:00,13.986,14.097,13.949,14.021,1065648.2
2022-04-13 08:00:00,14.023,14.054,13.742,13.756,1691599.53
2022-04-13 12:00:00,13.756,14.172,13.673,14.09,4163356.39
2022-04-13 16:00:00,14.09,14.217,13.985,14.051,2026391.64
2022-04-13 20:00:00,14.052,14.204,14.031,14.187,1084121.14
2022-04-14 00:00:00,14.187,14.325,14.094,14.173,1492572.44
2022-04-14 04:00:00,14.173,14.231,14.062,14.181,1269555.87
2022-04-14 08:00:00,14.181,14.222,13.864,13.895,2238404.39
2022-04-14 12:00:00,13.896,14.086,13.47,13.503,3599657.95
2022-04-14 16:00:00,13.501,13.703,13.318,13.585,3706761.98
2022-04-14 20:00:00,13.584,13.685,13.514,13.636,1169592.01
2022-04-15 00:00:00,13.636,13.889,13.617,13.889,1329501.82
2022-04-15 04:00:00,13.888,14.049,13.781,13.914,2009451.83
2022-04-15 08:00:00,13.913,14.044,13.853,13.911,1541290.97
2022-04-15 12:00:00,13.911,14.044,13.694,13.893,2116089.36
2022-04-15 16:00:00,13.893,14.013,13.806,13.947,1355088.03
2022-04-15 20:00:00,13.946,14.193,13.91,14.099,1741242.78
2022-04-16 00:00:00,14.099,14.267,14.04,14.053,2253035.12
2022-04-16 04:00:00,14.051,14.138,13.978,13.991,1409145.64
2022-04-16 08:00:00,13.992,14.159,13.96,14.09,2184444.86
2022-04-16 12:00:00,14.09,14.227,13.823,13.87,2467537.59
2022-04-16 16:00:00,13.868,14.017,13.84,13.912,943283.16
2022-04-16 20:00:00,13.913,14.198,13.849,14.146,1387720.02
2022-04-17 00:00:00,14.145,14.398,13.987,14.26,1922600.57
2022-04-17 04:00:00,14.26,14.576,14.254,14.489,3073094.88
2022-04-17 08:00:00,14.488,14.599,14.403,14.589,6924238.0
2022-04-17 12:00:00,14.588,14.619,14.379,14.469,4116769.72
2022-04-17 16:00:00,14.469,14.528,14.044,14.185,2674959.55
2022-04-17 20:00:00,14.185,14.209,13.635,13.714,2627189.87
2022-04-18 00:00:00,13.713,13.837,13.666,13.804,1563032.72
2022-04-18 04:00:00,13.803,13.834,13.135,13.195,4644181.81
2022-04-18 08:00:00,13.196,13.37,13.164,13.324,1819395.31
2022-04-18 12:00:00,13.324,13.556,13.253,13.311,2888948.8
2022-04-18 16:00:00,13.312,13.876,13.209,13.827,3921612.2
2022-04-18 20:00:00,13.828,14.059,13.825,14.047,1702065.79
2022-04-19 00:00:00,14.046,14.203,13.837,13.889,1939681.62
2022-04-19 04:00:00,13.889,13.991,13.85,13.89,1178289.8
2022-04-19 08:00:00,13.89,14.224,13.828,14.057,2354340.34
2022-04-19 12:00:00,14.056,14.405,14.022,14.283,2797515.7
2022-04-19 16:00:00,14.282,14.369,14.075,14.122,1843458.36
2022-04-19 20:00:00,14.12,14.287,14.01,14.239,1625716.33
2022-04-20 00:00:00,14.239,14.265,13.999,14.186,1398916.51
2022-04-20 04:00:00,14.185,14.413,14.093,14.287,1851760.72
2022-04-20 08:00:00,14.287,14.484,14.238,14.423,2534685.74
2022-04-20 12:00:00,14.425,14.488,13.826,13.913,4034500.79
2022-04-20 16:00:00,13.913,13.953,13.698,13.928,2830283.05
2022-04-20 20:00:00,13.927,14.122,13.909,14.021,1777058.11
2022-04-21 00:00:00,14.022,14.257,14.001,14.174,1450420.78
2022-04-21 04:00:00,14.174,14.236,13.907,14.065,1620267.1
2022-04-21 08:00:00,14.065,14.35,13.895,14.258,2745330.67
2022-04-21 12:00:00,14.258,14.373,14.076,14.094,2477627.04
2022-04-21 16:00:00,14.094,14.128,13.727,13.766,2702530.31
2022-04-21 20:00:00,13.764,13.798,13.346,13.568,3141828.98
2022-04-22 00:00:00,13.567,13.787,13.493,13.746,1760056.1
2022-04-22 04:00:00,13.747,13.879,13.614,13.811,1783238.41
2022-04-22 08:00:00,13.811,13.837,13.624,13.813,1567485.77
2022-04-22 12:00:00,13.811,13.845,13.461,13.518,2557875.32
2022-04-22 16:00:00,13.519,13.842,13.465,13.692,2062069.06
2022-04-22 20:00:00,13.691,13.763,13.55,13.577,1063349.57
2022-04-23 00:00:00,13.577,13.684,13.366,13.436,1643158.25
2022-04-23 04:00:00,13.437,13.523,13.26,13.486,1427822.59
2022-04-23 08:00:00,13.485,13.608,13.435,13.577,909343.46
2022-04-23 12:00:00,13.577,13.628,13.466,13.55,1153651.56
2022-04-23 16:00:00,13.551,13.614,13.333,13.387,1497559.67
2022-04-23 20:00:00,13.387,13.48,13.202,13.31,1167931.52
2022-04-24 00:00:00,13.308,13.584,13.293,13.551,1299052.25
2022-04-24 04:00:00,13.551,13.638,13.504,13.515,941700.05
2022-04-24 08:00:00,13.515,13.535,13.335,13.368,1049214.75
2022-04-24 12:00:00,13.367,13.55,13.261,13.452,1834765.88
2022-04-24 16:00:00,13.452,13.485,13.2,13.457,2059920.21
2022-04-24 20:00:00,13.454,13.477,13.233,13.257,1630629.54
2022-04-25 00:00:00,13.257,13.298,12.801,13.092,4114475.84
2022-04-25 04:00:00,13.093,13.129,12.527,12.579,3511854.36
2022-04-25 08:00:00,12.58,12.901,12.52,12.885,2787252.45
2022-04-25 12:00:00,12.884,13.159,12.813,12.977,3414723.31
2022-04-25 16:00:00,12.976,13.385,12.953,13.366,2534150.78
2022-04-25 20:00:00,13.364,13.504,13.327,13.427,1453878.17
2022-04-26 00:00:00,13.428,13.498,13.282,13.331,1408611.87
2022-04-26 04:00:00,13.33,13.388,13.242,13.351,1237666.53
2022-04-26 08:00:00,13.351,13.48,13.204,13.32,1299723.59
2022-04-26 12:00:00,13.321,13.378,12.621,12.645,3707979.7
2022-04-26 16:00:00,12.645,12.789,12.363,12.505,3373430.77
2022-04-26 20:00:00,12.505,12.58,12.127,12.359,2946157.45
2022-04-27 00:00:00,12.359,12.579,12.292,12.523,1553224.1
2022-04-27 04:00:00,12.52,12.692,12.487,12.692,1355147.66
2022-04-27 08:00:00,12.693,12.72,12.406,12.549,2345330.35
2022-04-27 12:00:00,12.548,12.762,12.347,12.608,3055208.86
2022-04-27 16:00:00,12.607,12.797,12.504,12.592,2742390.33
2022-04-27 20:00:00,12.592,12.77,12.589,12.731,1007786.52
2022-04-28 00:00:00,12.732,12.832,12.563,12.613,1673193.95
2022-04-28 04:00:00,12.612,12.801,12.547,12.762,1276266.98
2022-04-28 08:00:00,12.762,12.984,12.745,12.773,2690291.26
2022-04-28 12:00:00,12.773,12.856,12.392,12.505,4667079.13
2022-04-28 16:00:00,12.503,12.795,12.407,12.67,2536316.54
2022-04-28 20:00:00,12.668,12.793,12.527,12.652,1895088.68
2022-04-29 00:00:00,12.653,12.729,12.439,12.528,1227863.96
2022-04-29 04:00:00,12.53,12.642,12.434,12.616,1017843.62
2022-04-29 08:00:00,12.615,12.631,12.066,12.165,2492598.27
2022-04-29 12:00:00,12.166,12.424,12.098,12.295,2077990.61
2022-04-29 16:00:00,12.296,12.3,11.824,11.915,2747866.23
2022-04-29 20:00:00,11.917,12.031,11.829,11.968,1196198.17
2022-04-30 00:00:00,11.97,12.192,11.94,12.13,1019401.77
2022-04-30 04:00:00,12.131,12.239,12.076,12.1,902247.5
2022-04-30 08:00:00,12.101,12.135,11.964,12.046,1123657.8
2022-04-30 12:00:00,12.046,12.092,11.625,11.794,2146589.87
2022-04-30 16:00:00,11.793,11.85,11.498,11.678,2518251.97
2022-04-30 20:00:00,11.677,11.697,10.633,10.951,6359644.3
2022-05-01 00:00:00,10.951,11.22,10.802,11.123,3711888.39
2022-05-01 04:00:00,11.124,11.232,10.987,11.09,2094186.22
2022-05-01 08:00:00,11.09,11.193,11.066,11.072,1470223.01
2022-05-01 12:00:00,11.071,11.37,10.961,11.311,2275140.66
2022-05-01 16:00:00,11.312,11.476,10.883,10.974,2633707.75
2022-05-01 20:00:00,10.973,11.37,10.921,11.293,1988187.2
2022-05-02 00:00:00,11.292,11.435,11.193,11.206,1600191.53
2022-05-02 04:00:00,11.206,11.362,11.181,11.241,1582198.76
2022-05-02 08:00:00,11.242,11.28,10.87,10.9,2145002.37
2022-05-02 12:00:00,10.9,11.284,10.861,11.177,3314084.55
2022-05-02 16:00:00,11.177,11.206,10.75,11.081,3253398.75
2022-05-02 20:00:00,11.083,11.389,11.028,11.168,2079167.09
2022-05-03 00:00:00,11.168,11.319,11.043,11.288,1536395.68
2022-05-03 04:00:00,11.286,11.348,11.218,11.33,1432087.91
2022-05-03 08:00:00,11.33,11.495,11.129,11.401,1927893.62
2022-05-03 12:00:00,11.402,11.431,11.127,11.239,2584139.76
2022-05-03 16:00:00,11.239,11.291,10.805,10.873,3304060.28
2022-05-03 20:00:00,10.874,11.153,10.785,11.117,1937764.65
2022-05-04 00:00:00,11.117,11.33,11.078,11.223,2395992.54
2022-05-04 04:00:00,11.223,11.337,11.14,11.331,1493001.11
2022-05-04 08:00:00,11.332,11.52,11.28,11.45,2907907.41
2022-05-04 12:00:00,11.45,11.494,11.102,11.218,2576775.12
2022-05-04 16:00:00,11.215,12.095,11.157,12.016,5961209.01
2022-05-04 20:00:00,12.019,12.208,11.989,12.193,2018482.63
2022-05-05 00:00:00,12.193,12.288,12.086,12.147,1699869.81
2022-05-05 04:00:00,12.147,12.156,11.902,11.985,1571089.19
2022-05-05 08:00:00,11.986,12.08,11.839,11.912,1898508.04
2022-05-05 12:00:00,11.912,12.023,10.785,10.897,7627294.38
2022-05-05 16:00:00,10.895,11.046,10.559,10.847,6905199.9
2022-05-05 20:00:00,10.847,10.945,10.741,10.907,2410268.21
2022-05-06 00:00:00,10.906,11.015,10.788,10.978,1787189.48
2022-05-06 04:00:00,10.979,11.019,10.612,10.821,2900066.85
2022-05-06 08:00:00,10.821,10.922,10.481,10.597,3211952.49
2022-05-06 12:00:00,10.598,10.907,10.384,10.699,5564605.04
2022-05-06 16:00:00,10.697,10.804,10.572,10.761,2656708.37
2022-05-06 20:00:00,10.761,10.877,10.697,10.781,1170386.02
2022-05-07 00:00:00,10.781,10.831,10.61,10.64,1966100.48
2022-05-07 04:00:00,10.643,10.753,10.515,10.727,2062242.81
2022-05-07 08:00:00,10.731,10.842,10.691,10.77,1914106.32
2022-05-07 12:00:00,10.771,10.809,10.632,10.716,2031334.48
2022-05-07 16:00:00,10.716,10.743,10.559,10.654,2517947.82
2022-05-07 20:00:00,10.654,10.658,9.971,10.205,4807690.94
2022-05-08 00:00:00,10.205,10.309,9.866,10.037,4362289.03
2022-05-08 04:00:00,10.037,10.217,10.002,10.147,2074615.83
2022-05-08 08:00:00,10.146,10.371,10.092,10.278,2108845.36
2022-05-08 12:00:00,10.278,10.308,9.965,10.08,3299204.85
2022-05-08 16:00:00,10.08,10.265,9.83,10.222,4054633.34
2022-05-08 20:00:00,10.222,10.245,9.93,9.99,2133501.4
2022-05-09 00:00:00,9.99,10.16,9.662,9.797,4168626.26
2022-05-09 04:00:00,9.797,9.923,9.579,9.67,2906418.41
2022-05-09 08:00:00,9.671,9.745,9.069,9.391,8818235.54
2022-05-09 12:00:00,9.39,9.485,8.983,9.111,6848503.83
2022-05-09 16:00:00,9.11,9.191,8.239,8.582,14628827.86
2022-05-09 20:00:00,8.583,8.909,7.983,8.081,9998611.68
2022-05-10 00:00:00,8.081,8.56,7.875,8.305,14991799.27
2022-05-10 04:00:00,8.305,9.153,8.261,8.805,10102826.71
2022-05-10 08:00:00,8.805,9.133,8.772,9.107,5246332.03
2022-05-10 12:00:00,9.106,9.318,8.659,8.905,8799317.58
2022-05-10 16:00:00,8.906,9.117,8.662,8.696,5693862.23
2022-05-10 20:00:00,8.697,8.733,8.2,8.577,7009680.12
2022-05-11 00:00:00,8.576,8.811,8.373,8.631,5707931.31
2022-05-11 04:00:00,8.631,8.844,7.88,8.141,9893970.75
2022-05-11 08:00:00,8.141,8.731,8.034,8.21,8442492.56
2022-05-11 12:00:00,8.21,8.389,6.9,7.662,21461800.33
2022-05-11 16:00:00,7.665,7.757,6.931,6.965,10293657.39
2022-05-11 20:00:00,6.965,7.125,6.528,6.936,11412636.27
2022-05-12 00:00:00,6.936,7.414,6.409,6.414,13387324.42
2022-05-12 04:00:00,6.413,6.472,5.519,6.156,18919775.44
2022-05-12 08:00:00,6.158,6.54,5.968,6.309,12698353.98
2022-05-12 12:00:00,6.306,6.877,6.025,6.531,10108318.5
2022-05-12 16:00:00,6.531,6.981,6.357,6.597,7297061.45
2022-05-12 20:00:00,6.596,6.648,6.278,6.562,4491623.3
2022-05-13 00:00:00,6.562,7.245,6.471,7.154,6556235.52
2022-05-13 04:00:00,7.154,7.49,7.097,7.112,5402803.06
2022-05-13 08:00:00,7.11,7.586,7.109,7.58,4688326.54
2022-05-13 12:00:00,7.58,7.702,7.251,7.293,5816212.72
2022-05-13 16:00:00,7.295,7.399,7.009,7.235,5596829.33
2022-05-13 20:00:00,7.238,7.379,7.005,7.146,3492788.25
2022-05-14 00:00:00,7.145,7.44,7.054,7.276,3235973.49
2022-05-14 04:00:00,7.276,7.283,6.962,7.012,2788822.07
2022-05-14 08:00:00,7.012,7.136,6.697,6.777,3706781.74
2022-05-14 12:00:00,6.779,6.844,6.624,6.665,3139045.45
2022-05-14 16:00:00,6.666,7.138,6.635,6.98,3958888.69
2022-05-14 20:00:00,6.983,7.321,6.971,7.246,2543148.66
2022-05-15 00:00:00,7.248,7.361,7.006,7.1,2677600.28
2022-05-15 04:00:00,7.1,7.375,7.047,7.242,2057096.37
2022-05-15 08:00:00,7.242,7.574,7.101,7.562,2444241.91
2022-05-15 12:00:00,7.562,7.671,7.344,7.527,4834119.26
2022-05-15 16:00:00,7.525,7.728,7.494,7.701,2714127.73
2022-05-15 20:00:00,7.699,7.985,7.665,7.96,3045838.3
2022-05-16 00:00:00,7.959,7.963,7.479,7.564,3725913.07
2022-05-16 04:00:00,7.564,7.571,7.161,7.29,3680738.73
2022-05-16 08:00:00,7.29,7.502,7.152,7.353,3334883.53
2022-05-16 12:00:00,7.354,7.538,7.205,7.342,5633538.32
2022-05-16 16:00:00,7.342,7.49,7.22,7.391,3212015.93
2022-05-16 20:00:00,7.39,7.611,7.371,7.418,2847393.3
2022-05-17 00:00:00,7.418,7.75,7.384,7.717,2609778.92
2022-05-17 04:00:00,7.715,7.851,7.671,7.701,1934802.68
2022-05-17 08:00:00,7.701,7.875,7.648,7.715,2726347.09
2022-05-17 12:00:00,7.714,7.969,7.522,7.603,4307297.39
2022-05-17 16:00:00,7.602,7.613,7.288,7.525,4346846.58
2022-05-17 20:00:00,7.525,7.766,7.504,7.71,1779150.76
2022-05-18 00:00:00,7.707,7.808,7.407,7.438,2055898.5
2022-05-18 04:00:00,7.438,7.586,7.419,7.502,1712749.03
2022-05-18 08:00:00,7.503,7.548,7.41,7.485,1757852.25
2022-05-18 12:00:00,7.484,7.492,6.913,6.954,5611278.61
2022-05-18 16:00:00,6.953,7.116,6.855,7.078,4526060.92
2022-05-18 20:00:00,7.077,7.086,6.774,6.798,3908257.09
2022-05-19 00:00:00,6.803,6.945,6.637,6.894,4037615.55
2022-05-19 04:00:00,6.894,6.98,6.803,6.83,2085222.52
2022-05-19 08:00:00,6.83,6.996,6.676,6.969,3228660.11
2022-05-19 12:00:00,6.97,7.249,6.866,7.203,5135064.95
2022-05-19 16:00:00,7.205,7.219,7.061,7.062,2911814.36
2022-05-19 20:00:00,7.062,7.257,7.021,7.218,2187241.94
2022-05-20 00:00:00,7.218,7.363,7.081,7.109,3165722.42
2022-05-20 04:00:00,7.109,7.159,6.945,7.052,2930336.19
2022-05-20 08:00:00,7.052,7.317,7.017,7.285,3598687.42
2022-05-20 12:00:00,7.285,7.299,6.83,6.854,5667293.17
2022-05-20 16:00:00,6.853,6.983,6.743,6.972,4124968.51
2022-05-20 20:00:00,6.971,7.007,6.847,6.864,2152080.17
2022-05-21 00:00:00,6.864,6.977,6.76,6.97,2190061.47
2022-05-21 04:00:00,6.971,7.042,6.872,7.007,1798156.94
2022-05-21 08:00:00,7.006,7.043,6.921,6.981,1576694.43
2022-05-21 12:00:00,6.981,7.073,6.922,7.061,2463004.57
2022-05-21 16:00:00,7.061,7.118,7.008,7.049,1922915.75
2022-05-21 20:00:00,7.049,7.106,6.979,7.05,1456369.21
2022-05-22 00:00:00,7.051,7.106,6.997,7.023,1482472.37
2022-05-22 04:00:00,7.023,7.062,6.908,7.044,1790080.51
2022-05-22 08:00:00,7.044,7.4,7.029,7.264,6816114.59
2022-05-22 12:00:00,7.262,7.388,7.186,7.241,2907651.34
2022-05-22 16:00:00,7.243,7.335,7.161,7.223,1824180.55
2022-05-22 20:00:00,7.223,7.403,7.187,7.319,2381009.29
2022-05-23 00:00:00,7.317,7.414,7.196,7.269,2247952.92
2022-05-23 04:00:00,7.269,7.539,7.259,7.515,2918556.28
2022-05-23 08:00:00,7.515,7.604,7.423,7.556,2992067.5
2022-05-23 12:00:00,7.556,7.624,7.42,7.569,4524743.9
2022-05-23 16:00:00,7.569,7.675,7.169,7.182,4953292.25
2022-05-23 20:00:00,7.182,7.325,6.97,7.022,4505379.45
2022-05-24 00:00:00,7.021,7.102,6.984,7.065,2905611.16
2022-05-24 04:00:00,7.064,7.119,7.0,7.113,2255704.57
2022-05-24 08:00:00,7.113,7.182,6.855,6.994,5037592.15
2022-05-24 12:00:00,6.993,7.137,6.708,7.068,6556150.26
2022-05-24 16:00:00,7.067,7.148,6.909,7.072,4041872.8
2022-05-24 20:00:00,7.072,7.3,7.021,7.23,4039916.7
2022-05-25 00:00:00,7.23,7.394,7.128,7.328,2958747.2
2022-05-25 04:00:00,7.328,7.335,7.101,7.129,2431106.37
2022-05-25 08:00:00,7.129,7.177,6.954,6.985,3327688.87
2022-05-25 12:00:00,6.983,7.2,6.948,7.058,5395192.5
2022-05-25 16:00:00,7.058,7.107,6.936,6.992,3471062.88
2022-05-25 20:00:00,6.991,7.077,6.938,6.951,1969597.82
2022-05-26 00:00:00,6.951,7.089,6.918,7.006,2491875.2
2022-05-26 04:00:00,7.006,7.012,6.7,6.833,4305741.68
2022-05-26 08:00:00,6.833,6.854,6.377,6.437,4254295.98
2022-05-26 12:00:00,6.437,6.753,6.204,6.704,9807269.5
2022-05-26 16:00:00,6.702,6.889,6.591,6.597,4591222.53
2022-05-26 20:00:00,6.597,6.774,6.55,6.565,3251344.5
2022-05-27 00:00:00,6.563,6.648,6.286,6.497,5723307.48
2022-05-27 04:00:00,6.496,6.562,6.221,6.449,5950930.09
2022-05-27 08:00:00,6.448,6.637,6.383,6.553,5334866.15
2022-05-27 12:00:00,6.553,6.702,6.406,6.477,6346353.63
2022-05-27 16:00:00,6.477,6.498,6.213,6.373,5856078.78
2022-05-27 20:00:00,6.37,6.449,6.207,6.283,2683905.89
2022-05-28 00:00:00,6.284,6.452,6.203,6.369,3499698.57
2022-05-28 04:00:00,6.369,6.473,6.328,6.398,2474657.71
2022-05-28 08:00:00,6.398,6.487,6.334,6.436,2750835.57
2022-05-28 12:00:00,6.434,6.573,6.422,6.545,4325414.28
2022-05-28 16:00:00,6.544,6.58,6.435,6.532,2459327.27
2022-05-28 20:00:00,6.532,6.651,6.404,6.564,3542089.84
2022-05-29 00:00:00,6.564,6.573,6.329,6.397,3229957.4
2022-05-29 04:00:00,6.397,6.47,6.36,6.454,1819550.82
2022-05-29 08:00:00,6.452,6.6,6.432,6.588,2633610.66
2022-05-29 12:00:00,6.588,6.743,6.577,6.65,3303643.58
2022-05-29 16:00:00,6.65,6.697,6.62,6.667,1929069.66
2022-05-29 20:00:00,6.667,6.727,6.62,6.709,2679769.42
2022-05-30 00:00:00,6.708,7.093,6.645,6.991,5245123.92
2022-05-30 04:00:00,6.99,7.288,6.99,7.26,4239904.39
2022-05-30 08:00:00,7.26,7.311,7.123,7.167,3407378.93
2022-05-30 12:00:00,7.168,7.251,7.052,7.188,3712774.63
2022-05-30 16:00:00,7.186,7.304,7.139,7.181,2895245.83
2022-05-30 20:00:00,7.182,7.516,7.135,7.452,4571508.27
2022-05-31 00:00:00,7.452,7.643,7.366,7.534,4102903.12
2022-05-31 04:00:00,7.534,7.619,7.414,7.465,3734956.09
2022-05-31 08:00:00,7.464,7.513,7.36,7.45,2704528.51
2022-05-31 12:00:00,7.451,7.623,7.168,7.592,5888119.31
2022-05-31 16:00:00,7.593,7.655,7.346,7.378,4606322.9
2022-05-31 20:00:00,7.379,7.728,7.377,7.587,2891989.98
2022-06-01 00:00:00,7.588,7.764,7.451,7.478,3997143.6
2022-06-01 04:00:00,7.476,7.631,7.407,7.467,2529392.83
2022-06-01 08:00:00,7.467,7.606,7.408,7.483,2479266.27
2022-06-01 12:00:00,7.483,7.658,7.175,7.197,6733471.39
2022-06-01 16:00:00,7.196,7.245,6.957,7.016,5839424.8
2022-06-01 20:00:00,7.016,7.03,6.743,6.926,3964161.97
2022-06-02 00:00:00,6.926,6.948,6.809,6.859,2381900.44
2022-06-02 04:00:00,6.859,7.008,6.807,6.951,2479751.94
2022-06-02 08:00:00,6.952,7.08,6.915,7.061,2222360.79
2022-06-02 12:00:00,7.061,7.08,6.822,7.015,4745420.17
2022-06-02 16:00:00,7.016,7.123,6.978,7.061,2344231.28
2022-06-02 20:00:00,7.06,7.241,7.045,7.192,1864312.96
2022-06-03 00:00:00,7.192,7.215,7.051,7.085,2505420.03
2022-06-03 04:00:00,7.084,7.091,6.993,7.02,2029850.42
2022-06-03 08:00:00,7.019,7.041,6.684,6.773,4708162.51
2022-06-03 12:00:00,6.772,6.875,6.682,6.827,4935006.62
2022-06-03 16:00:00,6.826,6.892,6.763,6.781,2123332.63
2022-06-03 20:00:00,6.78,6.943,6.763,6.85,1640807.17
2022-06-04 00:00:00,6.849,6.881,6.675,6.74,2360703.08
2022-06-04 04:00:00,6.74,6.898,6.726,6.89,2056585.65
2022-06-04 08:00:00,6.89,6.97,6.859,6.902,1810392.54
2022-06-04 12:00:00,6.9,7.004,6.736,6.979,3681484.97
2022-06-04 16:00:00,6.979,7.097,6.914,7.003,2276395.66
2022-06-04 20:00:00,7.003,7.438,6.998,7.406,6486054.5
2022-06-05 00:00:00,7.405,7.481,7.3,7.359,7132233.55
2022-06-05 04:00:00,7.36,7.39,7.272,7.283,4126356.77
2022-06-05 08:00:00,7.281,7.346,7.242,7.328,4162492.81
2022-06-05 12:00:00,7.326,7.569,7.311,7.557,13996004.89
2022-06-05 16:00:00,7.56,7.64,7.457,7.576,13604050.19
2022-06-05 20:00:00,7.576,7.894,7.575,7.642,10400912.75
2022-06-06 00:00:00,7.643,8.05,7.619,7.99,11090231.24
2022-06-06 04:00:00,7.99,8.095,7.867,7.916,6478717.88
2022-06-06 08:00:00,7.917,8.199,7.893,7.963,8204708.16
2022-06-06 12:00:00,7.963,8.038,7.761,7.904,9206567.03
2022-06-06 16:00:00,7.904,7.909,7.722,7.811,4813624.39
2022-06-06 20:00:00,7.811,7.991,7.703,7.972,3874890.25
2022-06-07 00:00:00,7.972,7.981,7.305,7.567,12085168.0
2022-06-07 04:00:00,7.567,7.697,7.487,7.688,3593957.67
2022-06-07 08:00:00,7.689,7.708,7.46,7.523,4246570.4
2022-06-07 12:00:00,7.523,7.839,7.414,7.768,6882646.61
2022-06-07 16:00:00,7.769,8.509,7.705,8.401,12705676.9
2022-06-07 20:00:00,8.4,8.994,8.366,8.704,18464860.68
2022-06-08 00:00:00,8.708,8.846,8.281,8.345,12240453.52
2022-06-08 04:00:00,8.345,8.572,8.223,8.417,6858719.16
2022-06-08 08:00:00,8.417,8.583,8.251,8.445,6525484.69
2022-06-08 12:00:00,8.446,8.702,8.346,8.56,10300923.63
2022-06-08 16:00:00,8.559,8.847,8.417,8.698,9020569.78
2022-06-08 20:00:00,8.693,8.98,8.6,8.7,6656041.84
2022-06-09 00:00:00,8.701,8.856,8.546,8.637,6084233.79
2022-06-09 04:00:00,8.637,8.81,8.485,8.791,5945160.0
2022-06-09 08:00:00,8.793,9.414,8.682,9.184,14164800.94
2022-06-09 12:00:00,9.184,9.567,9.086,9.431,20635748.71
2022-06-09 16:00:00,9.431,9.672,9.11,9.125,24481251.3
2022-06-09 20:00:00,9.125,9.379,9.108,9.265,6722980.68
2022-06-10 00:00:00,9.266,9.539,9.013,9.365,11184129.79
2022-06-10 04:00:00,9.364,9.377,9.02,9.054,9981547.16
2022-06-10 08:00:00,9.054,9.115,8.735,8.858,11745915.14
2022-06-10 12:00:00,8.859,9.088,8.4,8.607,23174295.81
2022-06-10 16:00:00,8.606,8.623,8.218,8.289,11147948.34
2022-06-10 20:00:00,8.289,8.437,7.986,8.033,6785950.58
2022-06-11 00:00:00,8.033,8.341,8.018,8.29,6257329.53
2022-06-11 04:00:00,8.29,8.419,8.166,8.248,6079614.17
2022-06-11 08:00:00,8.248,8.268,7.471,7.572,19479122.13
2022-06-11 12:00:00,7.572,7.712,7.03,7.149,22104069.11
2022-06-11 16:00:00,7.152,7.325,7.073,7.156,12861657.81
2022-06-11 20:00:00,7.156,7.245,6.928,7.04,6374661.65
2022-06-12 00:00:00,7.041,7.138,6.464,6.605,15926020.42
2022-06-12 04:00:00,6.606,6.778,6.428,6.758,10816445.61
2022-06-12 08:00:00,6.76,6.878,6.522,6.668,12370586.01
2022-06-12 12:00:00,6.669,7.134,6.48,7.005,14908991.31
2022-06-12 16:00:00,7.003,7.036,6.712,6.726,6740204.99
2022-06-12 20:00:00,6.724,6.788,6.25,6.264,10029270.85
2022-06-13 00:00:00,6.261,6.336,5.693,5.937,24761775.81
2022-06-13 04:00:00,5.936,6.289,5.565,5.671,25877188.01
2022-06-13 08:00:00,5.67,5.716,5.288,5.452,28648702.96
2022-06-13 12:00:00,5.452,5.834,5.314,5.731,22971695.77
2022-06-13 16:00:00,5.73,6.07,5.661,5.884,23571228.48
2022-06-13 20:00:00,5.884,6.25,5.607,5.922,15413898.78
2022-06-14 00:00:00,5.922,6.376,5.385,6.287,24311241.53
2022-06-14 04:00:00,6.289,6.471,6.008,6.384,19645320.65
2022-06-14 08:00:00,6.385,6.407,6.005,6.169,11347895.07
2022-06-14 12:00:00,6.17,6.47,5.976,6.395,19868530.59
2022-06-14 16:00:00,6.395,6.763,6.344,6.584,19059569.62
2022-06-14 20:00:00,6.586,6.876,6.248,6.726,16441936.92
2022-06-15 00:00:00,6.728,6.904,6.48,6.52,15397321.54
2022-06-15 04:00:00,6.519,6.532,6.12,6.209,19671213.93
2022-06-15 08:00:00,6.21,6.495,5.828,6.446,27044916.09
2022-06-15 12:00:00,6.445,6.596,6.258,6.447,18787891.54
2022-06-15 16:00:00,6.446,7.275,6.05,6.915,34805821.1
2022-06-15 20:00:00,6.914,7.369,6.855,7.319,11300380.01
2022-06-16 00:00:00,7.319,7.502,6.977,6.989,8839014.37
2022-06-16 04:00:00,6.988,7.09,6.634,6.695,7553099.33
2022-06-16 08:00:00,6.695,6.785,6.238,6.312,13150108.92
2022-06-16 12:00:00,6.313,6.72,6.202,6.573,18164113.35
2022-06-16 16:00:00,6.573,6.823,6.423,6.507,11954351.17
2022-06-16 20:00:00,6.507,6.76,6.239,6.355,9702054.63
2022-06-17 00:00:00,6.354,6.734,6.252,6.421,10000148.16
2022-06-17 04:00:00,6.421,6.651,6.396,6.579,7335224.55
2022-06-17 08:00:00,6.581,6.635,6.382,6.447,7374521.48
2022-06-17 12:00:00,6.447,6.523,6.283,6.417,11274128.52
2022-06-17 16:00:00,6.416,6.467,6.33,6.368,6607175.35
2022-06-17 20:00:00,6.368,6.477,6.305,6.357,4441860.06
2022-06-18 00:00:00,6.358,6.464,6.045,6.11,8372047.96
2022-06-18 04:00:00,6.11,6.209,5.7,5.793,13457063.33
2022-06-18 08:00:00,5.793,5.961,5.654,5.841,11700955.33
2022-06-18 12:00:00,5.841,5.91,5.713,5.742,7850106.61
2022-06-18 16:00:00,5.743,5.854,5.53,5.548,12850483.81
2022-06-18 20:00:00,5.549,6.035,5.391,5.921,16518116.36
2022-06-19 00:00:00,5.92,6.223,5.822,5.992,13268204.32
2022-06-19 04:00:00,5.992,6.175,5.873,6.059,10608188.21
2022-06-19 08:00:00,6.06,6.457,6.013,6.326,12369137.73
2022-06-19 12:00:00,6.327,6.453,6.2,6.424,8343942.11
2022-06-19 16:00:00,6.424,6.731,6.314,6.606,9160284.79
2022-06-19 20:00:00,6.606,6.812,6.535,6.601,7514583.82
2022-06-20 00:00:00,6.598,6.66,6.307,6.43,7118557.58
2022-06-20 04:00:00,6.431,6.492,6.31,6.398,5067298.41
2022-06-20 08:00:00,6.397,7.044,6.386,6.978,12143024.08
2022-06-20 12:00:00,6.979,7.285,6.773,7.122,13667405.0
2022-06-20 16:00:00,7.121,7.154,6.812,6.896,8193203.06
2022-06-20 20:00:00,6.896,7.076,6.766,6.98,5831758.08
2022-06-21 00:00:00,6.98,7.313,6.833,7.266,7874342.07
2022-06-21 04:00:00,7.266,7.459,7.185,7.295,8917763.84
2022-06-21 08:00:00,7.294,7.565,7.195,7.222,9640365.43
2022-06-21 12:00:00,7.222,7.455,7.183,7.33,8604542.21
2022-06-21 16:00:00,7.329,7.447,6.783,6.788,8502009.38
2022-06-21 20:00:00,6.788,6.971,6.746,6.854,6204361.59
2022-06-22 00:00:00,6.856,6.939,6.619,6.641,7958452.08
2022-06-22 04:00:00,6.639,6.82,6.553,6.632,5830848.81
2022-06-22 08:00:00,6.632,6.924,6.574,6.842,5873389.19
2022-06-22 12:00:00,6.842,7.029,6.662,6.713,9673519.12
2022-06-22 16:00:00,6.713,6.798,6.511,6.587,7879677.27
2022-06-22 20:00:00,6.587,6.758,6.455,6.62,7054749.93
2022-06-23 00:00:00,6.619,6.862,6.599,6.772,6632005.03
2022-06-23 04:00:00,6.771,7.062,6.727,6.899,5536957.82
2022-06-23 08:00:00,6.898,7.08,6.838,6.998,6658988.17
2022-06-23 12:00:00,6.998,7.092,6.683,6.757,7772051.2
2022-06-23 16:00:00,6.757,6.934,6.647,6.918,5254314.17
2022-06-23 20:00:00,6.918,7.048,6.864,6.985,5955379.41
2022-06-24 00:00:00,6.986,7.26,6.944,7.122,5861255.94
2022-06-24 04:00:00,7.12,7.193,6.96,7.07,4409503.13
2022-06-24 08:00:00,7.069,7.269,7.016,7.19,5213782.69
2022-06-24 12:00:00,7.19,7.312,6.969,7.057,7381859.7
2022-06-24 16:00:00,7.056,7.235,6.957,7.221,4960283.35
2022-06-24 20:00:00,7.221,7.436,7.172,7.259,5063630.62
2022-06-25 00:00:00,7.26,7.351,7.113,7.213,4910207.3
2022-06-25 04:00:00,7.214,7.374,7.15,7.336,4127714.39
2022-06-25 08:00:00,7.336,7.37,7.13,7.142,3902805.84
2022-06-25 12:00:00,7.143,7.163,6.789,6.829,7436251.4
2022-06-25 16:00:00,6.828,6.996,6.811,6.945,3927150.15
2022-06-25 20:00:00,6.944,7.3,6.928,7.259,4941489.74
2022-06-26 00:00:00,7.257,7.335,7.1,7.168,3668817.63
2022-06-26 04:00:00,7.169,7.314,7.118,7.219,3047084.95
2022-06-26 08:00:00,7.22,7.364,7.107,7.352,3888358.64
2022-06-26 12:00:00,7.353,7.495,6.991,7.059,8448075.53
2022-06-26 16:00:00,7.058,7.094,6.855,6.993,4874544.95
2022-06-26 20:00:00,6.992,7.193,6.681,6.693,6656238.37
2022-06-27 00:00:00,6.693,6.917,6.657,6.908,4908759.42
2022-06-27 04:00:00,6.907,6.954,6.773,6.924,4313290.27
2022-06-27 08:00:00,6.924,6.992,6.823,6.84,3955786.43
2022-06-27 12:00:00,6.839,6.873,6.542,6.589,7912839.02
2022-06-27 16:00:00,6.588,6.682,6.392,6.521,7291335.26
2022-06-27 20:00:00,6.521,6.656,6.462,6.553,4308386.85
2022-06-28 00:00:00,6.553,6.649,6.3,6.477,6177860.58
2022-06-28 04:00:00,6.478,6.627,6.448,6.574,4057343.0
2022-06-28 08:00:00,6.574,6.739,6.548,6.662,6575279.31
2022-06-28 12:00:00,6.661,7.26,6.517,6.533,34409234.59
2022-06-28 16:00:00,6.534,6.616,6.35,6.417,9105753.18
2022-06-28 20:00:00,6.415,6.51,6.264,6.314,6096561.14
2022-06-29 00:00:00,6.314,6.487,6.256,6.38,6327652.84
2022-06-29 04:00:00,6.379,6.429,6.173,6.338,6788964.62
2022-06-29 08:00:00,6.338,6.469,6.219,6.345,7984929.26
2022-06-29 12:00:00,6.345,6.427,6.183,6.344,9316278.85
2022-06-29 16:00:00,6.343,6.388,6.126,6.385,9091725.16
2022-06-29 20:00:00,6.384,6.447,6.15,6.233,6215815.15
2022-06-30 00:00:00,6.231,6.271,6.055,6.192,6406754.86
2022-06-30 04:00:00,6.193,6.302,5.985,6.042,8770920.94
2022-06-30 08:00:00,6.041,6.046,5.881,5.979,8729105.63
2022-06-30 12:00:00,5.978,6.175,5.87,6.094,10600341.71
2022-06-30 16:00:00,6.094,6.199,5.982,6.045,5895842.62
2022-06-30 20:00:00,6.048,6.318,5.91,6.27,8975239.68
2022-07-01 00:00:00,6.27,6.427,6.173,6.179,10964481.3
2022-07-01 04:00:00,6.179,6.189,5.987,6.113,7601656.51
2022-07-01 08:00:00,6.112,6.163,5.927,6.004,6127550.52
2022-07-01 12:00:00,6.003,6.139,5.961,6.0,6402168.69
2022-07-01 16:00:00,6.0,6.125,5.986,6.108,5006028.49
2022-07-01 20:00:00,6.107,6.234,6.032,6.075,4593145.56
2022-07-02 00:00:00,6.076,6.15,5.974,6.006,5074397.35
2022-07-02 04:00:00,6.006,6.168,5.997,6.103,3899186.54
2022-07-02 08:00:00,6.104,6.18,6.024,6.139,4207676.51
2022-07-02 12:00:00,6.14,6.214,6.047,6.111,5475766.68
2022-07-02 16:00:00,6.112,6.262,6.09,6.196,4100490.37
2022-07-02 20:00:00,6.195,6.284,6.171,6.22,2708240.68
2022-07-03 00:00:00,6.221,6.223,6.086,6.144,3149042.11
2022-07-03 04:00:00,6.146,6.212,6.008,6.102,5450121.32
2022-07-03 08:00:00,6.102,6.137,6.02,6.112,3340571.85
2022-07-03 12:00:00,6.112,6.135,6.018,6.067,3160418.98
2022-07-03 16:00:00,6.067,6.232,6.04,6.196,3724623.02
2022-07-03 20:00:00,6.197,6.246,6.153,6.216,3696815.52
2022-07-04 00:00:00,6.217,6.245,6.011,6.03,4600432.64
2022-07-04 04:00:00,6.029,6.146,6.026,6.091,3223956.06
2022-07-04 08:00:00,6.091,6.348,6.066,6.33,6341189.7
2022-07-04 12:00:00,6.331,6.4,6.186,6.26,8175479.38
2022-07-04 16:00:00,6.26,6.346,6.236,6.282,3255495.69
2022-07-04 20:00:00,6.281,6.456,6.242,6.429,4539575.83
2022-07-05 00:00:00,6.428,6.455,6.308,6.416,4637599.75
2022-07-05 04:00:00,6.416,6.556,6.367,6.453,5765631.55
2022-07-05 08:00:00,6.454,6.455,6.155,6.178,7976991.1
2022-07-05 12:00:00,6.178,6.182,6.047,6.139,7751035.66
2022-07-05 16:00:00,6.139,6.396,6.106,6.347,6527720.24
2022-07-05 20:00:00,6.345,6.445,6.289,6.305,4927467.55
2022-07-06 00:00:00,6.305,6.405,6.164,6.255,6080343.67
2022-07-06 04:00:00,6.255,6.368,6.24,6.304,4489520.0
2022-07-06 08:00:00,6.304,6.383,6.249,6.258,3859910.8
2022-07-06 12:00:00,6.258,6.312,6.192,6.227,4730808.57
2022-07-06 16:00:00,6.227,6.346,6.215,6.282,4527819.45
2022-07-06 20:00:00,6.283,6.42,6.269,6.335,3834630.67
2022-07-07 00:00:00,6.334,6.439,6.304,6.38,4086040.05
2022-07-07 04:00:00,6.38,6.42,6.341,6.402,2739245.25
2022-07-07 08:00:00,6.403,6.529,6.396,6.497,4848956.94
2022-07-07 12:00:00,6.497,6.688,6.462,6.597,8862791.32
2022-07-07 16:00:00,6.598,6.75,6.583,6.73,5366811.33
2022-07-07 20:00:00,6.731,6.738,6.55,6.635,3589768.07
2022-07-08 00:00:00,6.635,6.838,6.574,6.715,4690488.5
2022-07-08 04:00:00,6.716,6.817,6.532,6.573,7953371.43
2022-07-08 08:00:00,6.575,6.596,6.401,6.449,5990378.58
2022-07-08 12:00:00,6.448,6.56,6.327,6.414,10652119.92
2022-07-08 16:00:00,6.413,6.475,6.342,6.447,4620678.12
2022-07-08 20:00:00,6.447,6.508,6.33,6.349,3126226.63
2022-07-09 00:00:00,6.348,6.454,6.342,6.412,3624821.14
2022-07-09 04:00:00,6.412,6.505,6.388,6.482,2672157.69
2022-07-09 08:00:00,6.482,6.528,6.373,6.393,3247137.6
2022-07-09 12:00:00,6.394,6.462,6.376,6.429,3040392.51
2022-07-09 16:00:00,6.428,6.58,6.424,6.508,3493819.9
2022-07-09 20:00:00,6.509,6.53,6.466,6.481,1826133.52
2022-07-10 00:00:00,6.482,6.487,6.308,6.348,4006553.84
2022-07-10 04:00:00,6.346,6.394,6.326,6.355,2009479.89
2022-07-10 08:00:00,6.355,6.38,6.248,6.297,3161109.14
2022-07-10 12:00:00,6.297,6.327,6.115,6.152,5688730.0
2022-07-10 16:00:00,6.152,6.213,6.096,6.198,3099387.38
2022-07-10 20:00:00,6.196,6.219,6.12,6.19,3462128.52
2022-07-11 00:00:00,6.191,6.238,6.041,6.189,5348036.19
2022-07-11 04:00:00,6.188,6.284,6.123,6.27,6268215.38
2022-07-11 08:00:00,6.271,6.332,6.195,6.2,5401758.5
2022-07-11 12:00:00,6.2,6.317,6.141,6.3,8067607.36
2022-07-11 16:00:00,6.3,6.435,6.279,6.305,7485003.19
2022-07-11 20:00:00,6.305,6.336,5.977,6.039,8326264.04
2022-07-12 00:00:00,6.038,6.174,5.996,6.121,6662687.43
2022-07-12 04:00:00,6.121,6.229,6.104,6.162,4789274.39
2022-07-12 08:00:00,6.163,6.187,6.037,6.146,4869026.46
2022-07-12 12:00:00,6.145,6.213,6.114,6.175,4390322.06
2022-07-12 16:00:00,6.175,6.237,6.032,6.061,5159541.79
2022-07-12 20:00:00,6.061,6.107,5.916,5.945,4975309.47
2022-07-13 00:00:00,5.943,6.045,5.914,6.002,3346766.45
2022-07-13 04:00:00,6.001,6.121,5.983,6.099,5041266.17
2022-07-13 08:00:00,6.099,6.163,6.039,6.104,5929658.92
2022-07-13 12:00:00,6.104,6.17,5.677,5.926,15536181.76
2022-07-13 16:00:00,5.925,6.099,5.884,6.001,5577103.06
2022-07-13 20:00:00,6.0,6.2,5.97,6.17,4419038.76
2022-07-14 00:00:00,6.169,6.284,6.124,6.193,4676926.73
2022-07-14 04:00:00,6.194,6.223,6.109,6.134,2990524.39
2022-07-14 08:00:00,6.134,6.155,6.002,6.027,3851826.12
2022-07-14 12:00:00,6.026,6.247,5.987,6.216,6785069.04
2022-07-14 16:00:00,6.217,6.39,6.188,6.294,9045156.43
2022-07-14 20:00:00,6.294,6.323,6.173,6.271,4473648.48
2022-07-15 00:00:00,6.271,6.367,6.213,6.289,4606025.4
2022-07-15 04:00:00,6.29,6.324,6.202,6.284,3622828.11
2022-07-15 08:00:00,6.284,6.387,6.233,6.237,4385195.68
2022-07-15 12:00:00,6.237,6.339,6.201,6.222,6304342.06
2022-07-15 16:00:00,6.221,6.416,6.112,6.398,7079628.87
2022-07-15 20:00:00,6.398,6.457,6.258,6.321,5551020.31
2022-07-16 00:00:00,6.321,6.367,6.184,6.264,4081121.47
2022-07-16 04:00:00,6.265,6.291,6.138,6.164,3633678.58
2022-07-16 08:00:00,6.163,6.217,6.155,6.184,2194143.48
2022-07-16 12:00:00,6.182,6.322,6.164,6.32,3555151.83
2022-07-16 16:00:00,6.319,6.539,6.315,6.479,8091026.07
2022-07-16 20:00:00,6.478,6.614,6.423,6.594,4082769.53
2022-07-17 00:00:00,6.593,6.618,6.448,6.536,3255556.03
2022-07-17 04:00:00,6.537,6.711,6.499,6.595,3708740.91
2022-07-17 08:00:00,6.596,6.645,6.476,6.532,3753109.6
2022-07-17 12:00:00,6.534,6.547,6.406,6.447,3524370.3
2022-07-17 16:00:00,6.448,6.532,6.308,6.421,4040669.29
2022-07-17 20:00:00,6.42,6.466,6.314,6.345,2909252.96
2022-07-18 00:00:00,6.345,6.577,6.325,6.545,4752250.73
2022-07-18 04:00:00,6.545,6.812,6.499,6.779,6738727.63
2022-07-18 08:00:00,6.779,7.067,6.76,6.938,8791619.29
2022-07-18 12:00:00,6.938,7.146,6.861,7.113,7756092.92
2022-07-18 16:00:00,7.116,7.124,6.704,6.759,8363803.14
2022-07-18 20:00:00,6.763,7.085,6.745,7.033,4858506.29
2022-07-19 00:00:00,7.034,7.23,6.793,6.815,11445804.99
2022-07-19 04:00:00,6.816,6.93,6.73,6.828,5150332.89
2022-07-19 08:00:00,6.828,7.024,6.806,6.969,4608316.57
2022-07-19 12:00:00,6.968,7.205,6.963,7.149,9061455.93
2022-07-19 16:00:00,7.15,7.384,7.125,7.271,7966725.99
2022-07-19 20:00:00,7.272,7.367,7.21,7.249,3692166.23
2022-07-20 00:00:00,7.251,7.482,7.147,7.438,7728723.71
2022-07-20 04:00:00,7.436,7.58,7.35,7.351,5719362.51
2022-07-20 08:00:00,7.352,7.496,7.238,7.324,5636260.77
2022-07-20 12:00:00,7.326,7.428,7.211,7.327,6141120.97
2022-07-20 16:00:00,7.327,7.341,7.038,7.062,6213704.24
2022-07-20 20:00:00,7.063,7.106,6.819,6.862,7843219.19
2022-07-21 00:00:00,6.861,6.948,6.664,6.708,6240183.77
2022-07-21 04:00:00,6.709,6.848,6.636,6.801,4061722.16
2022-07-21 08:00:00,6.802,6.843,6.685,6.761,3762041.42
2022-07-21 12:00:00,6.76,6.926,6.727,6.835,6048005.67
2022-07-21 16:00:00,6.834,7.037,6.826,7.013,4829175.13
2022-07-21 20:00:00,7.013,7.05,6.927,6.989,3359897.14
2022-07-22 00:00:00,6.989,7.135,6.938,6.952,3535570.43
2022-07-22 04:00:00,6.953,7.093,6.901,7.032,3191376.55
2022-07-22 08:00:00,7.03,7.284,7.011,7.212,4957416.89
2022-07-22 12:00:00,7.211,7.27,6.932,6.957,6720716.66
2022-07-22 16:00:00,6.958,7.038,6.753,6.776,5028605.39
2022-07-22 20:00:00,6.775,6.858,6.737,6.78,2775367.38
2022-07-23 00:00:00,6.78,6.914,6.701,6.862,2488830.32
2022-07-23 04:00:00,6.865,6.997,6.857,6.961,2387498.91
2022-07-23 08:00:00,6.963,7.025,6.683,6.696,4091875.81
2022-07-23 12:00:00,6.697,6.788,6.621,6.739,2975754.87
2022-07-23 16:00:00,6.74,6.772,6.603,6.747,3502842.8
2022-07-23 20:00:00,6.747,6.892,6.735,6.841,3013416.73
2022-07-24 00:00:00,6.841,6.948,6.835,6.883,3571701.74
2022-07-24 04:00:00,6.883,7.084,6.86,7.02,3665137.89
2022-07-24 08:00:00,7.02,7.164,6.941,7.074,3871970.16
2022-07-24 12:00:00,7.073,7.132,6.962,7.1,3621110.2
2022-07-24 16:00:00,7.101,7.109,7.002,7.055,2358402.08
2022-07-24 20:00:00,7.052,7.249,7.013,7.091,4554292.28
2022-07-25 00:00:00,7.091,7.143,6.67,6.71,5770907.6
2022-07-25 04:00:00,6.71,6.83,6.667,6.804,3367043.33
2022-07-25 08:00:00,6.804,6.843,6.745,6.795,2670792.35
2022-07-25 12:00:00,6.794,6.814,6.646,6.765,4208216.25
2022-07-25 16:00:00,6.765,6.82,6.564,6.653,4069609.69
2022-07-25 20:00:00,6.654,6.772,6.393,6.425,6448060.78
2022-07-26 00:00:00,6.425,6.444,6.258,6.386,5949278.07
2022-07-26 04:00:00,6.386,6.424,6.262,6.284,2702661.98
2022-07-26 08:00:00,6.284,6.348,6.221,6.289,2493876.19
2022-07-26 12:00:00,6.29,6.358,6.129,6.147,5394406.66
2022-07-26 16:00:00,6.147,6.255,6.071,6.134,3617119.24
2022-07-26 20:00:00,6.134,6.353,6.099,6.337,3922636.09
2022-07-27 00:00:00,6.338,6.35,6.182,6.203,2616488.13
2022-07-27 04:00:00,6.203,6.371,6.2,6.327,3040509.5
2022-07-27 08:00:00,6.327,6.364,6.21,6.228,2332926.04
2022-07-27 12:00:00,6.227,6.375,6.202,6.341,3136716.16
2022-07-27 16:00:00,6.34,6.789,6.259,6.742,9877401.64
2022-07-27 20:00:00,6.743,6.864,6.716,6.853,3467990.79
2022-07-28 00:00:00,6.853,6.966,6.78,6.862,4215128.92
2022-07-28 04:00:00,6.863,6.922,6.786,6.806,2373929.8
2022-07-28 08:00:00,6.807,6.904,6.769,6.874,2512921.62
2022-07-28 12:00:00,6.875,7.135,6.669,7.066,8412717.39
2022-07-28 16:00:00,7.067,7.224,7.042,7.133,5208260.02
2022-07-28 20:00:00,7.133,7.296,7.129,7.216,4085740.43
2022-07-29 00:00:00,7.218,7.672,7.106,7.626,7599891.18
2022-07-29 04:00:00,7.627,7.793,7.524,7.592,5679680.17
2022-07-29 08:00:00,7.593,7.88,7.476,7.494,8236298.57
2022-07-29 12:00:00,7.495,8.089,7.381,7.913,12171190.53
2022-07-29 16:00:00,7.913,8.088,7.712,7.986,10049678.08
2022-07-29 20:00:00,7.984,8.122,7.84,7.882,7927327.57
2022-07-30 00:00:00,7.884,8.113,7.704,7.774,7633042.44
2022-07-30 04:00:00,7.774,7.899,7.67,7.839,4087311.6
2022-07-30 08:00:00,7.84,7.954,7.7,7.819,5189942.95
2022-07-30 12:00:00,7.819,8.209,7.767,8.19,6896698.1
2022-07-30 16:00:00,8.191,8.191,7.858,7.879,4742283.96
2022-07-30 20:00:00,7.879,7.926,7.697,7.819,4652958.26
2022-07-31 00:00:00,7.819,8.087,7.745,7.916,3500598.58
2022-07-31 04:00:00,7.916,7.964,7.781,7.791,1858770.99
2022-07-31 08:00:00,7.791,7.872,7.698,7.814,3244021.31
2022-07-31 12:00:00,7.813,7.929,7.704,7.834,4606706.93
2022-07-31 16:00:00,7.834,8.063,7.714,7.919,7861156.34
2022-07-31 20:00:00,7.919,7.983,7.573,7.65,5190014.55
2022-08-01 00:00:00,7.649,7.882,7.617,7.76,3201458.64
2022-08-01 04:00:00,7.76,7.804,7.578,7.699,2554531.06
2022-08-01 08:00:00,7.7,7.742,7.48,7.602,3651971.48
2022-08-01 12:00:00,7.604,7.782,7.456,7.669,5382234.32
2022-08-01 16:00:00,7.67,7.7,7.406,7.474,4647021.78
2022-08-01 20:00:00,7.474,7.6,7.433,7.567,2431214.75
2022-08-02 00:00:00,7.568,7.665,7.05,7.115,6081220.73
2022-08-02 04:00:00,7.115,7.172,7.014,7.161,3369615.26
2022-08-02 08:00:00,7.161,7.226,7.039,7.178,3320987.66
2022-08-02 12:00:00,7.178,7.345,7.064,7.29,5728861.85
2022-08-02 16:00:00,7.291,7.473,7.21,7.275,4376276.63
2022-08-02 20:00:00,7.276,7.333,7.15,7.173,2638201.51
2022-08-03 00:00:00,7.174,7.231,7.043,7.188,3584000.01
2022-08-03 04:00:00,7.189,7.439,7.175,7.421,3337091.25
2022-08-03 08:00:00,7.422,7.581,7.421,7.562,3896726.41
2022-08-03 12:00:00,7.563,7.636,7.423,7.51,4682760.53
2022-08-03 16:00:00,7.51,7.589,7.482,7.532,2465675.85
2022-08-03 20:00:00,7.533,7.542,7.226,7.277,3335785.51
2022-08-04 00:00:00,7.278,7.497,7.26,7.415,3278414.05
2022-08-04 04:00:00,7.416,7.538,7.317,7.383,3132376.68
2022-08-04 08:00:00,7.384,7.425,7.315,7.357,2774532.93
2022-08-04 12:00:00,7.357,7.467,7.247,7.352,4545996.15
2022-08-04 16:00:00,7.353,7.4,7.165,7.263,3952437.12
2022-08-04 20:00:00,7.263,7.377,7.235,7.359,2181164.05
2022-08-05 00:00:00,7.358,7.634,7.343,7.627,3903634.87
2022-08-05 04:00:00,7.628,7.799,7.628,7.706,3925260.29
2022-08-05 08:00:00,7.706,7.838,7.639,7.796,3815597.01
2022-08-05 12:00:00,7.797,7.896,7.634,7.71,7359680.55
2022-08-05 16:00:00,7.711,7.748,7.586,7.639,3905210.37
2022-08-05 20:00:00,7.639,7.888,7.616,7.874,2692698.72
2022-08-06 00:00:00,7.875,7.89,7.759,7.774,2218963.33
2022-08-06 04:00:00,7.775,7.976,7.764,7.947,2907137.98
2022-08-06 08:00:00,7.947,8.113,7.915,7.927,4229173.24
2022-08-06 12:00:00,7.927,7.977,7.862,7.878,2406479.46
2022-08-06 16:00:00,7.878,7.893,7.732,7.843,2936648.35
2022-08-06 20:00:00,7.844,7.897,7.744,7.788,2050579.15
2022-08-07 00:00:00,7.789,7.853,7.651,7.732,3053103.32
2022-08-07 04:00:00,7.732,7.77,7.696,7.744,1823343.68
2022-08-07 08:00:00,7.743,7.808,7.68,7.808,2277913.87
2022-08-07 12:00:00,7.808,7.886,7.782,7.841,2525590.25
2022-08-07 16:00:00,7.84,8.226,7.826,8.224,5694429.0
2022-08-07 20:00:00,8.221,8.38,8.205,8.341,7155355.54
2022-08-08 00:00:00,8.342,8.5,8.22,8.404,9217304.55
2022-08-08 04:00:00,8.404,8.525,8.354,8.449,4666526.14
2022-08-08 08:00:00,8.449,8.744,8.437,8.683,7609117.04
2022-08-08 12:00:00,8.682,8.756,8.512,8.671,7786930.02
2022-08-08 16:00:00,8.671,8.79,8.5,8.54,9703906.23
2022-08-08 20:00:00,8.539,8.695,8.376,8.604,6013018.23
2022-08-09 00:00:00,8.604,8.955,8.529,8.709,6539744.03
2022-08-09 04:00:00,8.711,8.774,8.483,8.615,5304901.97
2022-08-09 08:00:00,8.616,8.629,8.39,8.423,7644133.72
2022-08-09 12:00:00,8.424,8.683,8.266,8.585,9211530.88
2022-08-09 16:00:00,8.586,8.899,8.508,8.623,12092108.94
2022-08-09 20:00:00,8.623,8.871,8.615,8.738,4754904.24
2022-08-10 00:00:00,8.738,8.738,8.34,8.404,8757742.81
2022-08-10 04:00:00,8.407,8.48,8.29,8.386,4003243.82
2022-08-10 08:00:00,8.386,8.47,8.338,8.419,3494220.9
2022-08-10 12:00:00,8.419,9.282,8.372,9.209,18225016.06
2022-08-10 16:00:00,9.208,9.299,9.027,9.039,8811527.3
2022-08-10 20:00:00,9.04,9.113,8.973,9.05,5112543.92
2022-08-11 00:00:00,9.049,9.224,8.927,9.079,7065679.39
2022-08-11 04:00:00,9.079,9.149,8.896,8.971,4364636.02
2022-08-11 08:00:00,8.97,9.055,8.926,9.018,3048642.24
2022-08-11 12:00:00,9.018,9.219,8.81,8.861,8112940.88
2022-08-11 16:00:00,8.861,9.16,8.85,9.115,5222609.93
2022-08-11 20:00:00,9.115,9.143,8.903,8.957,4350332.73
2022-08-12 00:00:00,8.956,9.087,8.793,9.047,4753547.97
2022-08-12 04:00:00,9.046,9.081,8.866,9.047,2359760.27
2022-08-12 08:00:00,9.047,9.315,8.936,9.053,10042603.55
2022-08-12 12:00:00,9.053,9.503,9.048,9.284,16273688.33
2022-08-12 16:00:00,9.283,9.316,9.144,9.204,5766408.65
2022-08-12 20:00:00,9.204,9.366,9.115,9.317,3897739.1
2022-08-13 00:00:00,9.319,9.368,9.193,9.332,4016195.79
2022-08-13 04:00:00,9.333,9.48,9.222,9.229,4707240.46
2022-08-13 08:00:00,9.23,9.293,9.06,9.137,4267753.71
2022-08-13 12:00:00,9.137,9.21,9.05,9.171,3225978.98
2022-08-13 16:00:00,9.172,9.206,9.087,9.115,2443565.43
2022-08-13 20:00:00,9.115,9.217,9.074,9.141,1921615.44
2022-08-14 00:00:00,9.14,9.209,8.96,9.172,3767035.44
2022-08-14 04:00:00,9.172,9.357,9.107,9.344,3265696.91
2022-08-14 08:00:00,9.344,9.365,9.113,9.122,3114450.14
2022-08-14 12:00:00,9.121,9.123,8.85,8.987,5924449.8
2022-08-14 16:00:00,8.986,8.995,8.66,8.826,5142125.65
2022-08-14 20:00:00,8.826,8.857,8.701,8.764,2789324.41
2022-08-15 00:00:00,8.764,9.054,8.535,8.962,7348964.4
2022-08-15 04:00:00,8.962,8.984,8.502,8.569,6297892.17
2022-08-15 08:00:00,8.569,8.692,8.49,8.611,4359530.12
2022-08-15 12:00:00,8.612,8.781,8.523,8.779,4304095.61
2022-08-15 16:00:00,8.779,8.849,8.609,8.666,3543853.81
2022-08-15 20:00:00,8.669,8.741,8.485,8.641,3622784.95
2022-08-16 00:00:00,8.64,8.819,8.481,8.672,6154817.72
2022-08-16 04:00:00,8.674,8.705,8.508,8.627,2850983.73
2022-08-16 08:00:00,8.626,8.715,8.58,8.642,3256410.33
2022-08-16 12:00:00,8.641,8.667,8.366,8.522,6362657.94
2022-08-16 16:00:00,8.521,8.573,8.373,8.488,3320645.12
2022-08-16 20:00:00,8.489,8.547,8.397,8.444,1983696.93
2022-08-17 00:00:00,8.444,8.639,8.426,8.625,3676964.4
2022-08-17 04:00:00,8.626,8.739,8.421,8.436,4135495.54
2022-08-17 08:00:00,8.435,8.542,8.385,8.422,2710309.83
2022-08-17 12:00:00,8.422,8.423,8.04,8.088,7019277.64
2022-08-17 16:00:00,8.087,8.229,8.061,8.13,3619202.88
2022-08-17 20:00:00,8.132,8.199,7.981,8.057,3880495.64
2022-08-18 00:00:00,8.058,8.134,7.936,8.108,3544702.45
2022-08-18 04:00:00,8.109,8.203,8.031,8.186,3572831.32
2022-08-18 08:00:00,8.186,8.234,8.118,8.217,2790217.77
2022-08-18 12:00:00,8.218,8.235,8.058,8.126,3359868.08
2022-08-18 16:00:00,8.126,8.131,7.939,8.001,4039056.41
2022-08-18 20:00:00,8.001,8.063,7.596,7.644,7038259.22
2022-08-19 00:00:00,7.643,7.695,7.373,7.456,9191363.07
2022-08-19 04:00:00,7.456,7.476,6.91,7.123,10370522.7
2022-08-19 08:00:00,7.122,7.155,6.92,7.053,8609710.78
2022-08-19 12:00:00,7.052,7.137,6.954,7.111,5373763.96
2022-08-19 16:00:00,7.11,7.213,7.01,7.106,5886879.2
2022-08-19 20:00:00,7.105,7.142,6.81,6.894,7886257.63
2022-08-20 00:00:00,6.893,7.119,6.883,7.062,5864610.5
2022-08-20 04:00:00,7.063,7.202,7.035,7.148,5597300.97
2022-08-20 08:00:00,7.147,7.149,7.028,7.067,2946495.36
2022-08-20 12:00:00,7.066,7.074,6.934,7.014,4122105.18
2022-08-20 16:00:00,7.014,7.029,6.688,6.721,7168717.69
2022-08-20 20:00:00,6.722,6.933,6.658,6.893,5544504.5
2022-08-21 00:00:00,6.892,6.972,6.871,6.911,2866406.84
2022-08-21 04:00:00,6.912,7.049,6.871,7.037,3546562.98
2022-08-21 08:00:00,7.038,7.142,7.009,7.108,4335911.12
2022-08-21 12:00:00,7.108,7.156,6.999,7.038,3077435.84
2022-08-21 16:00:00,7.038,7.112,6.996,7.081,2382953.66
2022-08-21 20:00:00,7.081,7.163,6.929,7.076,4850875.14
2022-08-22 00:00:00,7.075,7.083,6.971,7.008,3055042.04
2022-08-22 04:00:00,7.008,7.038,6.747,6.762,4626536.73
2022-08-22 08:00:00,6.761,6.883,6.67,6.831,4818480.23
2022-08-22 12:00:00,6.831,6.892,6.708,6.879,4989889.97
2022-08-22 16:00:00,6.879,6.914,6.77,6.836,2801070.64
2022-08-22 20:00:00,6.836,7.048,6.834,7.036,3662525.25
2022-08-23 00:00:00,7.036,7.126,7.031,7.042,3330923.67
2022-08-23 04:00:00,7.043,7.06,6.767,6.935,4538863.42
2022-08-23 08:00:00,6.935,7.092,6.934,7.082,4067669.84
2022-08-23 12:00:00,7.081,7.257,6.981,7.232,6792111.52
2022-08-23 16:00:00,7.232,7.35,7.127,7.227,3916227.63
2022-08-23 20:00:00,7.228,7.284,7.179,7.236,2601327.08
2022-08-24 00:00:00,7.236,7.247,7.012,7.033,3620944.19
2022-08-24 04:00:00,7.033,7.165,7.009,7.069,3012139.25
2022-08-24 08:00:00,7.069,7.19,7.064,7.176,2612209.1
2022-08-24 12:00:00,7.177,7.297,7.085,7.288,4365855.65
2022-08-24 16:00:00,7.287,7.376,7.237,7.272,3181063.22
2022-08-24 20:00:00,7.272,7.295,7.102,7.119,2684923.64
2022-08-25 00:00:00,7.118,7.292,7.11,7.183,2984776.02
2022-08-25 04:00:00,7.184,7.369,7.178,7.349,2786554.04
2022-08-25 08:00:00,7.348,7.368,7.24,7.263,2609368.21
2022-08-25 12:00:00,7.264,7.299,7.018,7.083,5207002.03
2022-08-25 16:00:00,7.082,7.151,7.0,7.133,3375879.36
2022-08-25 20:00:00,7.133,7.173,7.067,7.12,2204635.01
2022-08-26 00:00:00,7.119,7.142,7.015,7.107,2258555.97
2022-08-26 04:00:00,7.107,7.131,6.893,6.974,3279544.56
2022-08-26 08:00:00,6.974,7.004,6.809,6.878,3296693.7
2022-08-26 12:00:00,6.877,7.183,6.709,6.759,12068342.2
2022-08-26 16:00:00,6.759,6.773,6.561,6.65,5856616.54
2022-08-26 20:00:00,6.65,6.708,6.393,6.497,5813370.64
2022-08-27 00:00:00,6.497,6.579,6.447,6.542,3917129.9
2022-08-27 04:00:00,6.542,6.604,6.404,6.597,3444552.09
2022-08-27 08:00:00,6.597,6.613,6.534,6.579,2745942.15
2022-08-27 12:00:00,6.578,6.602,6.433,6.499,3786287.93
2022-08-27 16:00:00,6.499,6.533,6.405,6.493,3259918.79
2022-08-27 20:00:00,6.493,6.567,6.429,6.526,2393607.19
2022-08-28 00:00:00,6.525,6.571,6.426,6.484,2422662.41
2022-08-28 04:00:00,6.485,6.556,6.427,6.537,2281274.59
2022-08-28 08:00:00,6.538,6.565,6.465,6.506,2738820.23
2022-08-28 12:00:00,6.506,6.579,6.401,6.571,3807871.38
2022-08-28 16:00:00,6.572,6.628,6.491,6.499,2611788.47
2022-08-28 20:00:00,6.498,6.53,6.218,6.25,5946118.27
2022-08-29 00:00:00,6.25,6.402,6.185,6.357,4429275.83
2022-08-29 04:00:00,6.356,6.373,6.273,6.347,2234193.89
2022-08-29 08:00:00,6.348,6.366,6.309,6.361,1880966.8
2022-08-29 12:00:00,6.361,6.645,6.356,6.559,6604080.74
2022-08-29 16:00:00,6.56,6.603,6.516,6.558,2821411.63
2022-08-29 20:00:00,6.559,6.726,6.544,6.693,3237093.73
2022-08-30 00:00:00,6.692,6.71,6.6,6.658,2295501.88
2022-08-30 04:00:00,6.659,6.824,6.656,6.778,3625484.88
2022-08-30 08:00:00,6.779,6.811,6.716,6.738,2611547.67
2022-08-30 12:00:00,6.738,6.768,6.442,6.51,6675223.64
2022-08-30 16:00:00,6.509,6.655,6.361,6.589,4474862.77
2022-08-30 20:00:00,6.588,6.663,6.52,6.555,2846748.57
2022-08-31 00:00:00,6.555,6.829,6.553,6.782,3828118.87
2022-08-31 04:00:00,6.781,6.896,6.716,6.746,3637784.41
2022-08-31 08:00:00,6.746,6.856,6.68,6.799,2825808.58
2022-08-31 12:00:00,6.797,6.85,6.585,6.683,5250057.97
2022-08-31 16:00:00,6.683,6.708,6.54,6.646,3784832.0
2022-08-31 20:00:00,6.646,6.758,6.572,6.62,3109029.56
2022-09-01 00:00:00,6.62,6.686,6.507,6.553,2838915.84
2022-09-01 04:00:00,6.556,6.632,6.464,6.512,2549031.35
2022-09-01 08:00:00,6.512,6.746,6.457,6.734,3576277.97
2022-09-01 12:00:00,6.735,6.769,6.441,6.542,6605717.78
2022-09-01 16:00:00,6.542,6.683,6.499,6.656,3538394.01
2022-09-01 20:00:00,6.655,6.955,6.641,6.92,4411606.06
2022-09-02 00:00:00,6.92,6.98,6.821,6.929,3711394.44
2022-09-02 04:00:00,6.93,6.989,6.831,6.877,2425542.57
2022-09-02 08:00:00,6.877,6.955,6.834,6.925,3558117.91
2022-09-02 12:00:00,6.926,7.211,6.883,7.18,9740827.42
2022-09-02 16:00:00,7.18,7.248,6.783,6.83,7299025.54
2022-09-02 20:00:00,6.831,6.955,6.811,6.922,2525422.38
2022-09-03 00:00:00,6.921,6.963,6.842,6.875,2085748.4
2022-09-03 04:00:00,6.874,6.929,6.752,6.819,2208900.18
2022-09-03 08:00:00,6.819,6.867,6.788,6.827,2086823.9
2022-09-03 12:00:00,6.826,6.884,6.79,6.81,1766460.33
2022-09-03 16:00:00,6.809,6.839,6.714,6.786,2451259.46
2022-09-03 20:00:00,6.784,6.856,6.767,6.852,1264365.62
2022-09-04 00:00:00,6.853,6.929,6.827,6.86,3006602.13
2022-09-04 04:00:00,6.86,6.923,6.812,6.816,2100097.43
2022-09-04 08:00:00,6.816,7.063,6.783,7.061,3484343.22
2022-09-04 12:00:00,7.062,7.232,7.03,7.188,12242997.59
2022-09-04 16:00:00,7.188,7.28,7.152,7.161,7159486.0
2022-09-04 20:00:00,7.161,7.19,7.069,7.149,4034996.08
2022-09-05 00:00:00,7.148,7.285,7.116,7.192,4636775.92
2022-09-05 04:00:00,7.192,7.277,7.114,7.22,7801040.28
2022-09-05 08:00:00,7.219,7.222,7.088,7.141,6947929.22
2022-09-05 12:00:00,7.141,7.393,7.107,7.283,8313478.99
2022-09-05 16:00:00,7.282,7.333,7.18,7.218,4074237.86
2022-09-05 20:00:00,7.217,7.43,7.216,7.371,4005151.12
2022-09-06 00:00:00,7.372,7.583,7.203,7.277,8938606.51
2022-09-06 04:00:00,7.278,7.388,7.239,7.331,2678969.42
2022-09-06 08:00:00,7.33,7.36,7.23,7.303,2636074.61
2022-09-06 12:00:00,7.303,7.349,7.093,7.183,5538180.97
2022-09-06 16:00:00,7.184,7.203,6.646,6.681,10526040.19
2022-09-06 20:00:00,6.681,6.743,6.567,6.652,5566897.03
2022-09-07 00:00:00,6.652,6.761,6.57,6.63,6714868.91
2022-09-07 04:00:00,6.629,6.711,6.6,6.704,2426213.52
2022-09-07 08:00:00,6.705,6.77,6.68,6.75,2612732.22
2022-09-07 12:00:00,6.752,6.824,6.667,6.778,3930651.24
2022-09-07 16:00:00,6.779,6.96,6.767,6.907,3698762.36
2022-09-07 20:00:00,6.907,7.143,6.904,7.081,4860537.35
2022-09-08 00:00:00,7.083,7.129,7.003,7.048,2328614.41
2022-09-08 04:00:00,7.048,7.158,7.0,7.054,3537373.19
2022-09-08 08:00:00,7.055,7.318,7.032,7.251,5071530.55
2022-09-08 12:00:00,7.25,7.441,7.148,7.358,9503623.67
2022-09-08 16:00:00,7.357,7.498,7.281,7.493,6507468.19
2022-09-08 20:00:00,7.493,7.504,7.37,7.401,3103575.54
2022-09-09 00:00:00,7.403,7.76,7.386,7.756,8427462.15
2022-09-09 04:00:00,7.756,7.9,7.713,7.855,7507129.98
2022-09-09 08:00:00,7.854,8.044,7.854,7.951,8546499.72
2022-09-09 12:00:00,7.951,8.099,7.823,7.829,6758881.15
2022-09-09 16:00:00,7.828,7.837,7.652,7.721,5172233.54
2022-09-09 20:00:00,7.721,7.824,7.624,7.736,3211807.16
2022-09-10 00:00:00,7.737,7.833,7.655,7.755,3172857.5
2022-09-10 04:00:00,7.754,7.826,7.61,7.642,3609128.0
2022-09-10 08:00:00,7.641,7.794,7.638,7.77,2578038.6
2022-09-10 12:00:00,7.77,7.816,7.67,7.73,3510500.38
2022-09-10 16:00:00,7.73,8.027,7.724,7.932,7786898.32
2022-09-10 20:00:00,7.932,7.994,7.816,7.898,3348845.31
2022-09-11 00:00:00,7.899,7.974,7.852,7.876,1926292.42
2022-09-11 04:00:00,7.877,7.978,7.723,7.934,3334497.72
2022-09-11 08:00:00,7.934,8.173,7.921,7.987,4681547.76
2022-09-11 12:00:00,7.987,8.018,7.834,7.854,3872270.9
2022-09-11 16:00:00,7.854,7.995,7.838,7.961,3063560.99
2022-09-11 20:00:00,7.96,8.072,7.77,8.022,5841562.33
2022-09-12 00:00:00,8.023,8.306,7.848,7.913,12022505.57
2022-09-12 04:00:00,7.913,8.04,7.882,8.034,3733831.38
2022-09-12 08:00:00,8.035,8.14,7.971,8.076,4701831.97
2022-09-12 12:00:00,8.077,8.08,7.67,7.719,5846414.67
2022-09-12 16:00:00,7.717,7.808,7.6,7.8,4328024.9
2022-09-12 20:00:00,7.799,7.841,7.702,7.751,2550072.48
2022-09-13 00:00:00,7.752,7.765,7.543,7.695,3300768.25
2022-09-13 04:00:00,7.695,7.825,7.66,7.793,2306962.81
2022-09-13 08:00:00,7.794,7.91,7.695,7.891,3367186.39
2022-09-13 12:00:00,7.89,7.954,7.16,7.187,11044643.81
2022-09-13 16:00:00,7.187,7.295,7.034,7.204,5524274.99
2022-09-13 20:00:00,7.203,7.248,7.012,7.017,3232434.51
2022-09-14 00:00:00,7.017,7.273,6.971,7.246,3739519.41
2022-09-14 04:00:00,7.247,7.279,7.088,7.189,2782346.46
2022-09-14 08:00:00,7.189,7.318,7.134,7.274,3548629.85
2022-09-14 12:00:00,7.274,7.451,7.193,7.424,6861166.99
2022-09-14 16:00:00,7.424,7.519,7.244,7.405,7668970.13
2022-09-14 20:00:00,7.405,7.539,7.344,7.451,3143207.39
2022-09-15 00:00:00,7.45,7.467,7.109,7.196,5789247.56
2022-09-15 04:00:00,7.196,7.488,7.115,7.399,6514502.9
2022-09-15 08:00:00,7.399,7.403,7.224,7.317,3292313.3
2022-09-15 12:00:00,7.316,7.349,7.01,7.174,6695568.43
2022-09-15 16:00:00,7.174,7.383,7.11,7.31,4381317.06
2022-09-15 20:00:00,7.311,7.599,7.311,7.56,8220594.17
2022-09-16 00:00:00,7.561,7.654,7.414,7.526,6086845.59
2022-09-16 04:00:00,7.526,7.633,7.477,7.591,3638987.26
2022-09-16 08:00:00,7.591,7.76,7.461,7.741,8340827.42
2022-09-16 12:00:00,7.741,7.8,7.569,7.728,11423025.13
2022-09-16 16:00:00,7.728,7.754,7.522,7.575,6157006.35
2022-09-16 20:00:00,7.575,7.684,7.539,7.653,2644558.26
2022-09-17 00:00:00,7.653,7.829,7.635,7.795,3453834.2
2022-09-17 04:00:00,7.795,8.07,7.793,7.997,7503529.68
2022-09-17 08:00:00,7.997,8.04,7.833,7.838,5032366.12
2022-09-17 12:00:00,7.839,7.974,7.82,7.902,3913061.8
2022-09-17 16:00:00,7.902,8.081,7.899,8.015,4068939.84
2022-09-17 20:00:00,8.016,8.139,7.925,8.085,4103668.39
2022-09-18 00:00:00,8.085,8.134,7.905,7.953,3882860.11
2022-09-18 04:00:00,7.953,8.097,7.941,8.003,4623029.94
2022-09-18 08:00:00,8.003,8.027,7.807,7.925,4375507.84
2022-09-18 12:00:00,7.926,7.996,7.819,7.874,6175175.9
2022-09-18 16:00:00,7.875,7.898,7.711,7.833,6141604.81
2022-09-18 20:00:00,7.832,7.84,7.384,7.518,7088865.24
2022-09-19 00:00:00,7.519,7.675,7.153,7.195,9572254.78
2022-09-19 04:00:00,7.195,7.244,7.031,7.165,6611061.12
2022-09-19 08:00:00,7.164,7.17,7.002,7.136,5036214.06
2022-09-19 12:00:00,7.137,7.385,7.104,7.266,6875980.47
2022-09-19 16:00:00,7.267,7.349,7.133,7.332,4345549.14
2022-09-19 20:00:00,7.332,7.374,7.266,7.296,3301689.17
2022-09-20 00:00:00,7.295,7.333,7.13,7.193,4390805.14
2022-09-20 04:00:00,7.193,7.29,7.149,7.204,2864545.37
2022-09-20 08:00:00,7.203,7.248,7.086,7.132,3347981.36
2022-09-20 12:00:00,7.132,7.218,7.0,7.201,6776937.16
2022-09-20 16:00:00,7.201,7.23,6.85,6.951,7902707.26
2022-09-20 20:00:00,6.951,7.004,6.8,6.882,4308347.69
2022-09-21 00:00:00,6.881,6.997,6.822,6.927,3465047.03
2022-09-21 04:00:00,6.928,6.988,6.759,6.854,4045293.34
2022-09-21 08:00:00,6.854,7.04,6.817,7.015,3956446.13
2022-09-21 12:00:00,7.016,7.066,6.912,6.951,4399681.08
2022-09-21 16:00:00,6.95,7.314,6.85,6.962,13573786.08
2022-09-21 20:00:00,6.961,6.981,6.512,6.673,8448109.49
2022-09-22 00:00:00,6.672,6.78,6.631,6.735,3054664.58
2022-09-22 04:00:00,6.735,6.883,6.73,6.875,2591285.92
2022-09-22 08:00:00,6.876,7.081,6.868,7.066,3933248.48
2022-09-22 12:00:00,7.067,7.077,6.864,6.939,4721761.98
2022-09-22 16:00:00,6.938,7.174,6.857,7.1,4118663.88
2022-09-22 20:00:00,7.1,7.174,7.031,7.118,2678136.8
2022-09-23 00:00:00,7.118,7.24,7.005,7.227,3747982.19
2022-09-23 04:00:00,7.227,7.277,7.09,7.109,3880157.61
2022-09-23 08:00:00,7.108,7.302,6.989,7.211,9628428.48
2022-09-23 12:00:00,7.211,7.298,6.971,7.09,9504385.65
2022-09-23 16:00:00,7.09,7.112,6.955,7.089,4988749.16
2022-09-23 20:00:00,7.089,7.49,7.088,7.445,6186323.86
2022-09-24 00:00:00,7.444,7.506,7.363,7.414,4597360.74
2022-09-24 04:00:00,7.414,7.622,7.412,7.546,6784543.04
2022-09-24 08:00:00,7.546,7.74,7.514,7.605,9873546.66
2022-09-24 12:00:00,7.605,7.69,7.58,7.676,5640838.46
2022-09-24 16:00:00,7.676,7.87,7.655,7.789,10675342.21
2022-09-24 20:00:00,7.788,7.844,7.573,7.625,6797591.96
2022-09-25 00:00:00,7.624,7.777,7.621,7.749,5573806.32
2022-09-25 04:00:00,7.748,8.068,7.723,8.017,12052834.7
2022-09-25 08:00:00,8.017,8.076,7.925,8.007,10732720.13
2022-09-25 12:00:00,8.006,8.047,7.75,7.897,15464923.23
2022-09-25 16:00:00,7.897,7.974,7.731,7.828,7679730.27
2022-09-25 20:00:00,7.827,7.947,7.56,7.86,10692413.61
2022-09-26 00:00:00,7.861,7.955,7.702,7.745,8338185.9
2022-09-26 04:00:00,7.744,7.752,7.458,7.619,11330929.82
2022-09-26 08:00:00,7.619,7.823,7.514,7.596,10028196.3
2022-09-26 12:00:00,7.597,7.888,7.545,7.863,10915662.05
2022-09-26 16:00:00,7.862,7.924,7.737,7.844,6273185.23
2022-09-26 20:00:00,7.843,7.945,7.757,7.936,3364311.52
2022-09-27 00:00:00,7.936,8.25,7.901,8.192,11560001.47
2022-09-27 04:00:00,8.191,8.397,8.175,8.22,8438580.76
2022-09-27 08:00:00,8.221,8.333,8.168,8.225,6601600.44
2022-09-27 12:00:00,8.225,8.384,8.108,8.125,9526664.51
2022-09-27 16:00:00,8.125,8.167,7.65,7.775,17837314.33
2022-09-27 20:00:00,7.775,8.15,7.7,8.053,9999036.99
2022-09-28 00:00:00,8.053,8.427,7.88,8.06,26287113.8
2022-09-28 04:00:00,8.06,8.093,7.8,7.969,12732678.55
2022-09-28 08:00:00,7.967,8.178,7.802,8.1,12782129.92
2022-09-28 12:00:00,8.1,8.537,8.035,8.202,33526105.02
2022-09-28 16:00:00,8.201,8.21,7.847,7.894,18432571.52
2022-09-28 20:00:00,7.898,7.976,7.72,7.787,9757661.46
2022-09-29 00:00:00,7.788,7.834,7.633,7.765,11763302.06
2022-09-29 04:00:00,7.764,7.815,7.634,7.684,8136836.79
2022-09-29 08:00:00,7.683,7.823,7.66,7.772,7338176.82
2022-09-29 12:00:00,7.773,7.88,7.567,7.763,17581093.19
2022-09-29 16:00:00,7.762,7.878,7.729,7.837,7526731.52
2022-09-29 20:00:00,7.837,7.938,7.81,7.895,6379480.5
2022-09-30 00:00:00,7.896,7.913,7.766,7.8,5160600.23
2022-09-30 04:00:00,7.799,7.897,7.775,7.866,3312564.0
2022-09-30 08:00:00,7.865,7.879,7.664,7.677,4766367.82
2022-09-30 12:00:00,7.677,7.855,7.621,7.685,11939310.28
2022-09-30 16:00:00,7.684,7.733,7.5,7.518,7519939.12
2022-09-30 20:00:00,7.517,7.606,7.511,7.581,4555346.03
2022-10-01 00:00:00,7.581,7.645,7.535,7.632,3742204.9
2022-10-01 04:00:00,7.631,7.636,7.532,7.603,3191280.15
2022-10-01 08:00:00,7.602,7.634,7.55,7.587,2996156.58
2022-10-01 12:00:00,7.586,7.592,7.505,7.551,4116303.51
2022-10-01 16:00:00,7.552,7.553,7.322,7.382,7605192.62
2022-10-01 20:00:00,7.382,7.402,7.307,7.389,2768626.83
2022-10-02 00:00:00,7.389,7.487,7.367,7.469,3765303.84
2022-10-02 04:00:00,7.469,7.54,7.441,7.461,3095884.38
2022-10-02 08:00:00,7.461,7.53,7.2,7.325,8099024.84
2022-10-02 12:00:00,7.325,7.364,7.26,7.292,3771438.79
2022-10-02 16:00:00,7.293,7.366,7.269,7.342,3365134.75
2022-10-02 20:00:00,7.342,7.353,7.08,7.106,6758134.1
2022-10-03 00:00:00,7.106,7.221,7.043,7.174,5934206.02
2022-10-03 04:00:00,7.173,7.18,7.009,7.122,7665682.39
2022-10-03 08:00:00,7.122,7.176,7.087,7.176,3112248.32
2022-10-03 12:00:00,7.175,7.292,7.142,7.231,6700601.02
2022-10-03 16:00:00,7.232,7.308,7.153,7.221,4899409.14
2022-10-03 20:00:00,7.222,7.349,7.195,7.322,4398607.48
2022-10-04 00:00:00,7.323,7.528,7.315,7.522,7529900.1
2022-10-04 04:00:00,7.523,7.695,7.501,7.649,8827002.31
2022-10-04 08:00:00,7.649,7.711,7.591,7.672,7509774.99
2022-10-04 12:00:00,7.673,7.829,7.652,7.728,11585531.0
2022-10-04 16:00:00,7.728,7.789,7.637,7.744,7414356.52
2022-10-04 20:00:00,7.745,7.795,7.69,7.716,5795780.62
2022-10-05 00:00:00,7.717,7.845,7.709,7.721,5958328.69
2022-10-05 04:00:00,7.72,7.795,7.67,7.734,4022457.06
2022-10-05 08:00:00,7.734,7.741,7.582,7.62,6932342.27
2022-10-05 12:00:00,7.62,7.876,7.592,7.812,15107511.87
2022-10-05 16:00:00,7.813,7.938,7.758,7.882,8951484.1
2022-10-05 20:00:00,7.882,7.908,7.788,7.87,4966270.76
2022-10-06 00:00:00,7.869,7.934,7.852,7.902,4795485.96
2022-10-06 04:00:00,7.903,7.934,7.76,7.814,4786375.76
2022-10-06 08:00:00,7.814,7.884,7.753,7.864,4257847.32
2022-10-06 12:00:00,7.865,7.898,7.68,7.747,9504971.09
2022-10-06 16:00:00,7.747,7.771,7.662,7.677,3702356.0
2022-10-06 20:00:00,7.676,7.711,7.587,7.627,4500786.86
2022-10-07 00:00:00,7.628,7.731,7.615,7.681,3088510.78
2022-10-07 04:00:00,7.681,7.795,7.655,7.705,3951573.18
2022-10-07 08:00:00,7.705,7.741,7.601,7.645,3834337.68
2022-10-07 12:00:00,7.646,7.654,7.465,7.544,9228578.5
2022-10-07 16:00:00,7.544,7.653,7.478,7.589,5763625.28
2022-10-07 20:00:00,7.589,7.614,7.543,7.6,1731893.11
2022-10-08 00:00:00,7.6,7.654,7.571,7.585,1831609.18
2022-10-08 04:00:00,7.585,7.618,7.544,7.615,1843299.9
2022-10-08 08:00:00,7.614,7.617,7.554,7.568,1596643.2
2022-10-08 12:00:00,7.567,7.571,7.484,7.489,3186415.85
2022-10-08 16:00:00,7.488,7.514,7.45,7.46,2254324.23
2022-10-08 20:00:00,7.46,7.46,7.332,7.452,4304726.02
2022-10-09 00:00:00,7.452,7.474,7.411,7.44,2070767.68
2022-10-09 04:00:00,7.439,7.543,7.415,7.522,2258227.73
2022-10-09 08:00:00,7.521,7.595,7.482,7.544,2771749.89
2022-10-09 12:00:00,7.545,7.589,7.501,7.53,2876528.77
2022-10-09 16:00:00,7.529,7.653,7.507,7.619,5205549.82
2022-10-09 20:00:00,7.619,7.636,7.548,7.624,2720993.46
2022-10-10 00:00:00,7.624,7.702,7.602,7.624,3306478.03
2022-10-10 04:00:00,7.624,7.653,7.552,7.566,3290520.27
2022-10-10 08:00:00,7.567,7.575,7.379,7.477,6405158.57
2022-10-10 12:00:00,7.477,7.57,7.441,7.498,5170786.57
2022-10-10 16:00:00,7.497,7.624,7.472,7.596,5133022.4
2022-10-10 20:00:00,7.595,7.732,7.317,7.328,9743503.29
2022-10-11 00:00:00,7.328,7.382,7.129,7.184,9194864.8
2022-10-11 04:00:00,7.184,7.258,7.164,7.22,3613214.78
2022-10-11 08:00:00,7.22,7.248,7.151,7.233,3742649.18
2022-10-11 12:00:00,7.233,7.305,7.128,7.287,7092556.57
2022-10-11 16:00:00,7.287,7.336,7.135,7.179,6625673.62
2022-10-11 20:00:00,7.178,7.201,7.061,7.129,4451967.47
2022-10-12 00:00:00,7.129,7.197,7.098,7.134,3071229.89
2022-10-12 04:00:00,7.134,7.27,7.129,7.224,4549858.35
2022-10-12 08:00:00,7.225,7.26,7.176,7.191,2859214.02
2022-10-12 12:00:00,7.192,7.209,7.1,7.173,5669638.31
2022-10-12 16:00:00,7.172,7.19,7.081,7.16,4002882.08
2022-10-12 20:00:00,7.159,7.195,7.117,7.142,1734383.21
2022-10-13 00:00:00,7.141,7.155,6.88,6.965,6050073.57
2022-10-13 04:00:00,6.965,6.971,6.6,6.712,8796015.64
2022-10-13 08:00:00,6.713,6.767,6.422,6.624,12092010.2
2022-10-13 12:00:00,6.623,6.864,6.288,6.826,14714167.31
2022-10-13 16:00:00,6.826,7.057,6.813,6.997,7271548.64
2022-10-13 20:00:00,6.997,7.099,6.987,7.021,3871215.09
2022-10-14 00:00:00,7.019,7.247,6.977,7.169,5028355.93
2022-10-14 04:00:00,7.168,7.198,7.102,7.121,3219457.26
2022-10-14 08:00:00,7.122,7.175,7.062,7.102,3709474.67
2022-10-14 12:00:00,7.102,7.248,7.008,7.034,8459392.25
2022-10-14 16:00:00,7.034,7.053,6.841,6.884,6505495.56
2022-10-14 20:00:00,6.885,6.905,6.79,6.883,2853747.75
2022-10-15 00:00:00,6.882,6.916,6.835,6.891,2567405.57
2022-10-15 04:00:00,6.892,6.928,6.874,6.907,1970807.08
2022-10-15 08:00:00,6.908,6.972,6.812,6.967,3434377.1
2022-10-15 12:00:00,6.967,6.983,6.893,6.932,3227268.45
2022-10-15 16:00:00,6.932,6.968,6.889,6.959,2246785.68
2022-10-15 20:00:00,6.959,6.976,6.828,6.879,2791243.27
2022-10-16 00:00:00,6.879,7.093,6.869,7.074,5973645.88
2022-10-16 04:00:00,7.075,7.144,7.023,7.048,3548940.46
2022-10-16 08:00:00,7.047,7.116,7.011,7.063,2877854.74
2022-10-16 12:00:00,7.063,7.096,7.0,7.089,2968083.88
2022-10-16 16:00:00,7.09,7.215,7.025,7.198,5081451.1
2022-10-16 20:00:00,7.199,7.235,7.083,7.164,4555660.77
2022-10-17 00:00:00,7.164,7.188,7.062,7.106,2789539.7
2022-10-17 04:00:00,7.106,7.213,7.087,7.209,3064189.15
2022-10-17 08:00:00,7.208,7.284,7.158,7.222,5114116.01
2022-10-17 12:00:00,7.221,7.335,7.19,7.253,10689460.13
2022-10-17 16:00:00,7.253,7.324,7.194,7.225,3559834.82
2022-10-17 20:00:00,7.225,7.371,7.216,7.325,3365187.6
2022-10-18 00:00:00,7.325,7.368,7.226,7.293,3873613.9
2022-10-18 04:00:00,7.293,7.317,7.229,7.255,3138120.82
2022-10-18 08:00:00,7.254,7.259,7.103,7.17,4896295.42
2022-10-18 12:00:00,7.169,7.214,7.056,7.11,5840007.78
2022-10-18 16:00:00,7.109,7.141,6.956,7.046,6520354.61
2022-10-18 20:00:00,7.046,7.143,7.034,7.123,3684075.72
2022-10-19 00:00:00,7.122,7.132,6.994,7.032,3292868.46
2022-10-19 04:00:00,7.031,7.059,6.939,7.015,3017337.37
2022-10-19 08:00:00,7.014,7.061,6.902,6.956,3936410.37
2022-10-19 12:00:00,6.955,7.011,6.905,6.998,4374708.05
2022-10-19 16:00:00,6.999,7.001,6.882,6.938,3590296.99
2022-10-19 20:00:00,6.939,6.961,6.7,6.768,6940763.77
2022-10-20 00:00:00,6.769,6.81,6.676,6.757,4966082.88
2022-10-20 04:00:00,6.757,6.855,6.754,6.835,3263855.82
2022-10-20 08:00:00,6.835,6.883,6.786,6.836,3371697.43
2022-10-20 12:00:00,6.836,6.909,6.772,6.861,5381917.22
2022-10-20 16:00:00,6.861,6.861,6.613,6.695,7313934.79
2022-10-20 20:00:00,6.692,6.704,6.596,6.655,3818358.05
2022-10-21 00:00:00,6.655,6.686,6.536,6.645,4305969.6
2022-10-21 04:00:00,6.645,6.663,6.571,6.589,2685654.4
2022-10-21 08:00:00,6.589,6.602,6.455,6.515,5940033.67
2022-10-21 12:00:00,6.515,6.73,6.435,6.729,9967217.81
2022-10-21 16:00:00,6.73,6.837,6.693,6.782,5688597.76
2022-10-21 20:00:00,6.782,6.845,6.766,6.806,3069727.23
2022-10-22 00:00:00,6.805,6.828,6.727,6.756,1969755.97
2022-10-22 04:00:00,6.756,6.825,6.719,6.81,1891806.39
2022-10-22 08:00:00,6.811,6.886,6.8,6.863,2903842.72
2022-10-22 12:00:00,6.864,6.927,6.823,6.87,3983601.02
2022-10-22 16:00:00,6.87,6.891,6.803,6.867,2227367.55
2022-10-22 20:00:00,6.866,6.914,6.846,6.866,1387217.27
2022-10-23 00:00:00,6.866,6.974,6.814,6.936,3038786.99
2022-10-23 04:00:00,6.936,6.984,6.909,6.916,2055776.94
2022-10-23 08:00:00,6.916,6.964,6.831,6.846,2488074.42
2022-10-23 12:00:00,6.847,6.869,6.801,6.818,3351984.82
2022-10-23 16:00:00,6.818,7.032,6.807,6.989,5034599.51
2022-10-23 20:00:00,6.988,7.086,6.957,7.064,4082800.12
2022-10-24 00:00:00,7.064,7.084,6.903,6.912,3904501.45
2022-10-24 04:00:00,6.912,6.957,6.875,6.91,2958665.91
2022-10-24 08:00:00,6.91,6.976,6.855,6.969,3633903.04
2022-10-24 12:00:00,6.969,6.972,6.784,6.887,6105272.08
2022-10-24 16:00:00,6.886,6.96,6.848,6.921,3001919.42
2022-10-24 20:00:00,6.921,6.951,6.89,6.902,2086552.83
2022-10-25 00:00:00,6.903,6.962,6.831,6.936,3174932.65
2022-10-25 04:00:00,6.937,6.965,6.86,6.881,2436674.73
2022-10-25 08:00:00,6.881,6.889,6.809,6.856,3424921.99
2022-10-25 12:00:00,6.855,7.055,6.815,7.007,7442308.37
2022-10-25 16:00:00,7.007,7.279,7.007,7.129,12601568.11
2022-10-25 20:00:00,7.128,7.145,6.992,7.057,4880552.03
2022-10-26 00:00:00,7.058,7.176,7.024,7.146,3412349.1
2022-10-26 04:00:00,7.147,7.222,7.125,7.168,3288848.58
2022-10-26 08:00:00,7.168,7.291,7.135,7.154,4886724.65
2022-10-26 12:00:00,7.153,7.287,7.034,7.211,9476602.56
2022-10-26 16:00:00,7.21,7.236,7.082,7.163,5057704.09
2022-10-26 20:00:00,7.162,7.195,7.089,7.153,3933951.78
2022-10-27 00:00:00,7.153,7.239,7.111,7.232,3597717.16
2022-10-27 04:00:00,7.232,7.364,7.162,7.234,5061131.55
2022-10-27 08:00:00,7.234,7.254,7.11,7.153,4084894.0
2022-10-27 12:00:00,7.153,7.228,7.038,7.065,7764378.99
2022-10-27 16:00:00,7.066,7.139,7.033,7.116,2807172.81
2022-10-27 20:00:00,7.117,7.121,6.85,6.888,7753338.17
2022-10-28 00:00:00,6.888,6.943,6.82,6.893,4690247.74
2022-10-28 04:00:00,6.893,6.947,6.851,6.93,3794508.67
2022-10-28 08:00:00,6.93,6.977,6.885,6.923,3288957.41
2022-10-28 12:00:00,6.922,7.054,6.86,7.043,6341388.49
2022-10-28 16:00:00,7.043,7.17,7.026,7.163,5050385.87
2022-10-28 20:00:00,7.163,7.199,7.085,7.105,2360211.12
2022-10-29 00:00:00,7.105,7.21,7.099,7.197,3124173.21
2022-10-29 04:00:00,7.197,7.222,7.126,7.179,2269203.86
2022-10-29 08:00:00,7.18,7.285,7.138,7.154,5603855.8
2022-10-29 12:00:00,7.153,7.195,7.076,7.177,5044731.09
2022-10-29 16:00:00,7.177,7.593,7.164,7.54,15401631.47
2022-10-29 20:00:00,7.54,7.655,7.48,7.633,6714448.9
2022-10-30 00:00:00,7.632,7.829,7.55,7.819,9184906.52
2022-10-30 04:00:00,7.819,7.853,7.685,7.799,5471043.27
2022-10-30 08:00:00,7.799,7.814,7.521,7.578,5862927.23
2022-10-30 12:00:00,7.578,7.617,7.487,7.538,7582008.86
2022-10-30 16:00:00,7.538,7.782,7.516,7.738,6865243.15
2022-10-30 20:00:00,7.737,7.925,7.701,7.777,8147946.16
2022-10-31 00:00:00,7.776,7.988,7.657,7.95,10086477.62
2022-10-31 04:00:00,7.95,8.034,7.841,7.965,10041435.67
2022-10-31 08:00:00,7.965,8.197,7.832,8.084,14189596.72
2022-10-31 12:00:00,8.083,8.325,7.904,8.004,21552281.82
2022-10-31 16:00:00,8.005,8.06,7.773,7.785,9997258.85
2022-10-31 20:00:00,7.786,7.88,7.715,7.848,5731270.04
2022-11-01 00:00:00,7.848,7.919,7.783,7.819,4602809.2
2022-11-01 04:00:00,7.82,7.855,7.728,7.822,4304800.96
2022-11-01 08:00:00,7.822,7.885,7.69,7.743,5423138.41
2022-11-01 12:00:00,7.742,7.794,7.633,7.734,6853859.37
2022-11-01 16:00:00,7.734,7.758,7.636,7.646,3480229.01
2022-11-01 20:00:00,7.645,7.707,7.622,7.68,2467909.76
2022-11-02 00:00:00,7.679,7.867,7.558,7.836,6184997.73
2022-11-02 04:00:00,7.836,7.866,7.614,7.687,4693585.5
2022-11-02 08:00:00,7.687,7.886,7.607,7.804,10422544.58
2022-11-02 12:00:00,7.803,7.855,7.681,7.685,6611086.64
2022-11-02 16:00:00,7.686,7.993,7.514,7.558,21158512.31
2022-11-02 20:00:00,7.557,7.599,7.332,7.428,8332082.29
2022-11-03 00:00:00,7.428,7.753,7.382,7.732,6302201.38
2022-11-03 04:00:00,7.733,7.959,7.733,7.802,9870000.59
2022-11-03 08:00:00,7.803,8.029,7.778,7.87,8875934.23
2022-11-03 12:00:00,7.87,7.969,7.65,7.838,11647809.35
2022-11-03 16:00:00,7.838,8.005,7.764,7.794,7179164.37
2022-11-03 20:00:00,7.795,7.837,7.651,7.716,4341540.43
2022-11-04 00:00:00,7.717,8.274,7.654,8.221,12300271.02
2022-11-04 04:00:00,8.222,8.372,8.135,8.211,9960012.38
2022-11-04 08:00:00,8.21,8.297,8.1,8.121,7013686.57
2022-11-04 12:00:00,8.121,8.468,8.025,8.226,17441743.34
2022-11-04 16:00:00,8.225,8.594,8.175,8.588,9771316.96
2022-11-04 20:00:00,8.588,8.895,8.555,8.712,11755894.17
2022-11-05 00:00:00,8.712,8.95,8.629,8.701,7971406.91
2022-11-05 04:00:00,8.702,8.807,8.628,8.774,4677267.75
2022-11-05 08:00:00,8.773,8.786,8.564,8.712,5391955.57
2022-11-05 12:00:00,8.711,8.918,8.567,8.84,7039977.36
2022-11-05 16:00:00,8.84,9.0,8.803,8.89,7675000.66
2022-11-05 20:00:00,8.89,8.911,8.594,8.661,4676710.65
2022-11-06 00:00:00,8.661,8.749,8.53,8.746,5061426.01
2022-11-06 04:00:00,8.745,8.768,8.59,8.674,3376455.8
2022-11-06 08:00:00,8.675,8.747,8.601,8.641,3150035.63
2022-11-06 12:00:00,8.641,8.665,8.339,8.539,8249071.59
2022-11-06 16:00:00,8.539,8.594,8.308,8.373,5439774.63
2022-11-06 20:00:00,8.372,8.386,8.085,8.096,6296382.81
2022-11-07 00:00:00,8.096,8.35,8.06,8.255,6728958.92
2022-11-07 04:00:00,8.254,8.269,7.89,7.901,6592351.44
2022-11-07 08:00:00,7.901,8.269,7.89,8.234,5973719.76
2022-11-07 12:00:00,8.233,8.537,8.211,8.534,11519336.57
2022-11-07 16:00:00,8.535,8.963,8.388,8.933,12107235.19
2022-11-07 20:00:00,8.933,9.244,8.66,8.948,26620917.1
2022-11-08 00:00:00,8.95,9.197,8.431,8.48,35033574.41
2022-11-08 04:00:00,8.481,8.656,8.031,8.552,40337313.33
2022-11-08 08:00:00,8.552,8.882,8.426,8.749,25925464.54
2022-11-08 12:00:00,8.751,8.846,8.33,8.553,29409641.69
2022-11-08 16:00:00,8.555,9.48,6.47,7.395,68310642.91
2022-11-08 20:00:00,7.394,7.812,7.086,7.702,25364366.0
2022-11-09 00:00:00,7.702,7.89,7.1,7.316,21216072.75
2022-11-09 04:00:00,7.317,7.324,7.025,7.067,14994660.07
2022-11-09 08:00:00,7.068,7.082,6.319,6.81,29191221.18
2022-11-09 12:00:00,6.81,6.967,6.366,6.446,26590919.39
2022-11-09 16:00:00,6.445,6.608,6.204,6.497,22652096.35
2022-11-09 20:00:00,6.495,6.612,5.753,6.228,27582144.06
2022-11-10 00:00:00,6.227,6.797,6.083,6.638,16735146.54
2022-11-10 04:00:00,6.638,6.892,6.57,6.731,14970887.83
2022-11-10 08:00:00,6.731,6.817,6.461,6.524,11198186.3
2022-11-10 12:00:00,6.522,7.396,6.511,7.3,22301785.62
2022-11-10 16:00:00,7.3,7.514,6.969,7.19,13686667.65
2022-11-10 20:00:00,7.19,7.369,7.108,7.204,7871861.82
2022-11-11 00:00:00,7.204,7.334,6.747,6.843,9663639.8
2022-11-11 04:00:00,6.843,7.096,6.803,7.051,6467235.42
2022-11-11 08:00:00,7.051,7.194,6.981,7.106,6464932.67
2022-11-11 12:00:00,7.106,7.22,6.505,6.784,14989077.2
2022-11-11 16:00:00,6.784,6.965,6.652,6.91,6904595.03
2022-11-11 20:00:00,6.91,7.056,6.739,7.039,4536080.73
2022-11-12 00:00:00,7.041,7.055,6.646,6.739,7298879.6
2022-11-12 04:00:00,6.738,6.785,6.201,6.485,28670951.21
2022-11-12 08:00:00,6.483,6.503,6.341,6.413,8186626.9
2022-11-12 12:00:00,6.413,6.459,6.286,6.412,7269109.85
2022-11-12 16:00:00,6.412,6.448,6.266,6.309,4520691.94
2022-11-12 20:00:00,6.31,6.314,6.171,6.278,4697389.96
2022-11-13 00:00:00,6.278,6.469,6.209,6.453,5795453.41
2022-11-13 04:00:00,6.452,6.541,6.246,6.345,7316627.66
2022-11-13 08:00:00,6.345,6.356,6.104,6.202,7092870.61
2022-11-13 12:00:00,6.202,6.298,6.135,6.189,6279951.29
2022-11-13 16:00:00,6.191,6.218,6.051,6.148,4980924.25
2022-11-13 20:00:00,6.149,6.158,5.93,6.073,6582850.63
2022-11-14 00:00:00,6.074,6.119,5.712,5.82,13789401.01
2022-11-14 04:00:00,5.821,6.231,5.683,6.228,13716182.85
2022-11-14 08:00:00,6.229,6.353,6.19,6.264,9750576.46
2022-11-14 12:00:00,6.265,6.433,6.123,6.201,13003532.36
2022-11-14 16:00:00,6.2,6.228,6.021,6.046,7911440.19
2022-11-14 20:00:00,6.046,6.3,6.033,6.285,5205507.94
2022-11-15 00:00:00,6.285,6.368,6.202,6.296,6277809.93
2022-11-15 04:00:00,6.295,6.479,6.266,6.447,6090622.4
2022-11-15 08:00:00,6.446,6.554,6.377,6.414,7227919.7
2022-11-15 12:00:00,6.415,6.666,6.384,6.583,11970100.09
2022-11-15 16:00:00,6.583,6.636,6.289,6.359,12548643.81
2022-11-15 20:00:00,6.359,6.443,6.358,6.417,5028697.5
2022-11-16 00:00:00,6.418,6.56,6.364,6.539,5456234.48
2022-11-16 04:00:00,6.54,6.551,6.442,6.452,4219583.6
2022-11-16 08:00:00,6.451,6.467,6.271,6.303,6873964.9
2022-11-16 12:00:00,6.304,6.315,6.1,6.134,11497148.76
2022-11-16 16:00:00,6.134,6.233,6.075,6.187,5934046.59
2022-11-16 20:00:00,6.186,6.213,6.071,6.174,4289072.57
2022-11-17 00:00:00,6.174,6.258,6.097,6.113,4809506.82
2022-11-17 04:00:00,6.113,6.217,6.024,6.212,5763568.63
2022-11-17 08:00:00,6.213,6.233,6.09,6.206,5479128.9
2022-11-17 12:00:00,6.206,6.254,6.064,6.13,8981065.13
2022-11-17 16:00:00,6.129,6.31,6.108,6.271,6064810.06
2022-11-17 20:00:00,6.27,6.34,6.203,6.223,4720053.87
2022-11-18 00:00:00,6.222,6.412,6.211,6.334,8865581.59
2022-11-18 04:00:00,6.334,6.346,6.228,6.252,4262404.44
2022-11-18 08:00:00,6.252,6.27,6.141,6.214,5462746.91
2022-11-18 12:00:00,6.215,6.247,6.12,6.156,6665746.11
2022-11-18 16:00:00,6.157,6.17,6.064,6.119,5330871.34
2022-11-18 20:00:00,6.12,6.197,6.112,6.178,3040849.26
2022-11-19 00:00:00,6.179,6.195,6.064,6.105,3448151.78
2022-11-19 04:00:00,6.104,6.127,5.979,6.07,4818045.55
2022-11-19 08:00:00,6.07,6.116,6.051,6.109,2676176.24
2022-11-19 12:00:00,6.11,6.16,6.075,6.147,3887516.8
2022-11-19 16:00:00,6.148,6.173,6.125,6.157,3049854.25
2022-11-19 20:00:00,6.157,6.219,6.124,6.141,3513096.99
2022-11-20 00:00:00,6.142,6.228,6.14,6.201,3668506.77
2022-11-20 04:00:00,6.202,6.247,6.173,6.225,2620883.81
2022-11-20 08:00:00,6.226,6.235,5.922,5.964,8726652.85
2022-11-20 12:00:00,5.963,6.045,5.906,6.014,5670455.64
2022-11-20 16:00:00,6.014,6.024,5.911,5.985,3813196.78
2022-11-20 20:00:00,5.986,5.996,5.7,5.76,10622432.32
2022-11-21 00:00:00,5.76,5.805,5.593,5.7,10659100.23
2022-11-21 04:00:00,5.699,5.807,5.688,5.751,7994300.01
2022-11-21 08:00:00,5.753,5.766,5.672,5.725,6073069.65
2022-11-21 12:00:00,5.725,5.855,5.712,5.801,7132582.67
2022-11-21 16:00:00,5.802,5.817,5.522,5.605,12192220.55
2022-11-21 20:00:00,5.605,5.894,5.6,5.87,12697493.8
2022-11-22 00:00:00,5.871,6.065,5.853,6.06,11435907.16
2022-11-22 04:00:00,6.06,6.138,5.836,5.95,17923935.44
2022-11-22 08:00:00,5.951,6.006,5.833,5.961,12959676.1
2022-11-22 12:00:00,5.96,6.442,5.924,6.396,30162826.74
2022-11-22 16:00:00,6.396,6.433,6.273,6.381,12743286.39
2022-11-22 20:00:00,6.38,6.481,6.297,6.419,9072777.28
2022-11-23 00:00:00,6.419,6.551,6.337,6.53,14399864.67
2022-11-23 04:00:00,6.53,6.62,6.438,6.548,8372204.45
2022-11-23 08:00:00,6.548,6.579,6.443,6.472,7511521.69
2022-11-23 12:00:00,6.472,6.484,6.339,6.435,8958692.76
2022-11-23 16:00:00,6.435,6.793,6.358,6.746,15585276.13
2022-11-23 20:00:00,6.747,6.81,6.658,6.701,10759617.85
2022-11-24 00:00:00,6.701,6.878,6.631,6.782,9965067.51
2022-11-24 04:00:00,6.782,6.789,6.678,6.696,5125153.88
2022-11-24 08:00:00,6.696,6.735,6.581,6.671,7945743.03
2022-11-24 12:00:00,6.671,6.9,6.622,6.86,14829739.01
2022-11-24 16:00:00,6.861,6.978,6.792,6.821,10240662.76
2022-11-24 20:00:00,6.821,6.876,6.762,6.825,5548897.8
2022-11-25 00:00:00,6.824,6.836,6.67,6.824,7046804.67
2022-11-25 04:00:00,6.823,6.847,6.654,6.812,8561436.98
2022-11-25 08:00:00,6.811,6.975,6.69,6.892,10687044.76
2022-11-25 12:00:00,6.891,6.994,6.736,6.758,10584413.02
2022-11-25 16:00:00,6.757,6.912,6.711,6.9,5775745.04
2022-11-25 20:00:00,6.9,6.916,6.803,6.843,4165723.05
2022-11-26 00:00:00,6.844,6.996,6.829,6.866,6596434.89
2022-11-26 04:00:00,6.867,6.93,6.818,6.859,4340828.79
2022-11-26 08:00:00,6.86,6.945,6.838,6.933,5227439.93
2022-11-26 12:00:00,6.933,7.262,6.9,7.171,23287828.45
2022-11-26 16:00:00,7.171,7.293,7.125,7.142,12401349.16
2022-11-26 20:00:00,7.141,7.205,7.05,7.152,8516488.44
2022-11-27 00:00:00,7.152,7.273,7.121,7.204,6940230.64
2022-11-27 04:00:00,7.203,7.219,7.068,7.104,5537529.16
2022-11-27 08:00:00,7.104,7.181,7.059,7.115,7208556.02
2022-11-27 12:00:00,7.116,7.143,7.01,7.099,6514048.37
2022-11-27 16:00:00,7.099,7.135,7.035,7.076,4594269.18
2022-11-27 20:00:00,7.075,7.12,6.856,6.9,8778904.88
2022-11-28 00:00:00,6.899,6.944,6.524,6.736,23634903.43
2022-11-28 04:00:00,6.736,6.781,6.647,6.726,8021081.0
2022-11-28 08:00:00,6.727,6.849,6.685,6.788,8376483.04
2022-11-28 12:00:00,6.788,6.89,6.682,6.708,11816268.19
2022-11-28 16:00:00,6.709,7.072,6.622,7.047,20097082.94
2022-11-28 20:00:00,7.048,7.347,7.044,7.19,17832017.41
2022-11-29 00:00:00,7.19,7.382,7.121,7.33,13842697.74
2022-11-29 04:00:00,7.33,7.51,7.29,7.391,15914400.3
2022-11-29 08:00:00,7.39,7.47,7.352,7.373,9509491.92
2022-11-29 12:00:00,7.374,7.399,7.272,7.317,12092134.18
2022-11-29 16:00:00,7.317,7.396,7.234,7.282,10602825.32
2022-11-29 20:00:00,7.282,7.394,7.263,7.313,6023143.84
2022-11-30 00:00:00,7.313,7.674,7.306,7.403,19126717.39
2022-11-30 04:00:00,7.403,7.514,7.401,7.478,5843149.33
2022-11-30 08:00:00,7.478,7.51,7.34,7.448,7247568.8
2022-11-30 12:00:00,7.448,7.455,7.348,7.45,8247853.92
2022-11-30 16:00:00,7.451,7.577,7.263,7.463,16070115.04
2022-11-30 20:00:00,7.463,7.754,7.435,7.666,12888642.8
2022-12-01 00:00:00,7.666,7.714,7.513,7.576,7394620.46
2022-12-01 04:00:00,7.575,7.615,7.469,7.51,6367732.65
2022-12-01 08:00:00,7.51,7.56,7.479,7.546,4252643.73
2022-12-01 12:00:00,7.545,7.77,7.429,7.695,21559617.89
2022-12-01 16:00:00,7.696,7.743,7.532,7.629,10467691.36
2022-12-01 20:00:00,7.629,7.809,7.561,7.678,10031992.16
2022-12-02 00:00:00,7.679,7.724,7.563,7.59,11784153.22
2022-12-02 04:00:00,7.591,7.633,7.506,7.575,5257103.97
2022-12-02 08:00:00,7.575,7.646,7.538,7.622,5055814.54
2022-12-02 12:00:00,7.623,7.685,7.45,7.561,12201992.12
2022-12-02 16:00:00,7.56,7.607,7.516,7.588,4822084.95
2022-12-02 20:00:00,7.587,7.641,7.548,7.604,4500027.48
2022-12-03 00:00:00,7.604,7.63,7.426,7.486,6282945.41
2022-12-03 04:00:00,7.486,7.514,7.363,7.447,5548413.29
2022-12-03 08:00:00,7.447,7.456,7.365,7.426,3929280.82
2022-12-03 12:00:00,7.426,7.463,7.38,7.413,3996132.91
2022-12-03 16:00:00,7.412,7.42,7.298,7.318,5053911.03
2022-12-03 20:00:00,7.317,7.354,7.201,7.233,6696317.99
2022-12-04 00:00:00,7.233,7.34,7.173,7.306,8201680.31
2022-12-04 04:00:00,7.306,7.387,7.298,7.342,4529561.11
2022-12-04 08:00:00,7.343,7.38,7.269,7.289,4169952.8
2022-12-04 12:00:00,7.289,7.365,7.251,7.347,4573519.79
2022-12-04 16:00:00,7.346,7.399,7.278,7.365,5153742.69
2022-12-04 20:00:00,7.364,7.466,7.324,7.439,5097907.85
2022-12-05 00:00:00,7.437,7.55,7.41,7.517,7618151.98
2022-12-05 04:00:00,7.517,7.58,7.471,7.519,5823435.23
2022-12-05 08:00:00,7.52,7.593,7.494,7.525,6239460.48
2022-12-05 12:00:00,7.525,7.537,7.305,7.348,7375330.5
2022-12-05 16:00:00,7.349,7.363,7.155,7.195,9337830.84
2022-12-05 20:00:00,7.194,7.282,7.173,7.27,4483280.81
2022-12-06 00:00:00,7.27,7.331,7.229,7.243,4258349.88
2022-12-06 04:00:00,7.244,7.301,7.197,7.273,3708399.33
2022-12-06 08:00:00,7.274,7.302,7.161,7.206,6038523.98
2022-12-06 12:00:00,7.205,7.281,7.18,7.249,7307602.03
2022-12-06 16:00:00,7.249,7.314,7.02,7.056,12339271.9
2022-12-06 20:00:00,7.056,7.145,6.951,7.126,7556687.26
2022-12-07 00:00:00,7.127,7.156,7.034,7.037,5784724.56
2022-12-07 04:00:00,7.036,7.073,6.73,6.799,11304722.7
2022-12-07 08:00:00,6.799,6.896,6.764,6.863,7182718.36
2022-12-07 12:00:00,6.863,6.895,6.817,6.845,6897209.34
2022-12-07 16:00:00,6.845,6.858,6.781,6.831,4682770.2
2022-12-07 20:00:00,6.832,6.929,6.792,6.877,5778076.13
2022-12-08 00:00:00,6.877,6.91,6.77,6.845,5392904.45
2022-12-08 04:00:00,6.845,6.902,6.801,6.88,4185654.76
2022-12-08 08:00:00,6.88,6.928,6.788,6.916,5093383.79
2022-12-08 12:00:00,6.917,6.954,6.869,6.921,7255615.86
2022-12-08 16:00:00,6.921,7.063,6.889,7.027,7397243.65
2022-12-08 20:00:00,7.028,7.046,6.973,6.997,3479630.63
2022-12-09 00:00:00,6.997,7.03,6.932,6.974,4411844.06
2022-12-09 04:00:00,6.974,7.043,6.967,7.016,2811096.91
2022-12-09 08:00:00,7.017,7.048,6.981,7.024,3453629.93
2022-12-09 12:00:00,7.024,7.048,6.879,6.941,8502485.01
2022-12-09 16:00:00,6.941,6.945,6.818,6.835,4032608.93
2022-12-09 20:00:00,6.835,6.872,6.791,6.859,3634600.69
2022-12-10 00:00:00,6.859,6.871,6.818,6.825,2203070.49
2022-12-10 04:00:00,6.824,6.849,6.796,6.835,2187762.52
2022-12-10 08:00:00,6.835,6.905,6.687,6.848,7386353.51
2022-12-10 12:00:00,6.848,6.917,6.826,6.895,4130889.34
2022-12-10 16:00:00,6.896,6.914,6.851,6.875,3273763.0
2022-12-10 20:00:00,6.875,6.896,6.82,6.852,2638261.95
2022-12-11 00:00:00,6.852,6.917,6.841,6.913,2142821.44
2022-12-11 04:00:00,6.912,6.957,6.892,6.932,3226213.36
2022-12-11 08:00:00,6.933,6.938,6.872,6.89,2289365.1
2022-12-11 12:00:00,6.889,6.914,6.844,6.868,2508151.38
2022-12-11 16:00:00,6.868,6.917,6.831,6.859,2998550.27
2022-12-11 20:00:00,6.86,6.86,6.627,6.694,8834619.52
2022-12-12 00:00:00,6.694,6.712,6.433,6.565,10542615.13
2022-12-12 04:00:00,6.564,6.606,6.534,6.587,3357518.95
2022-12-12 08:00:00,6.587,6.675,6.552,6.639,3982963.5
2022-12-12 12:00:00,6.639,6.66,6.56,6.587,5428804.77
2022-12-12 16:00:00,6.586,6.617,6.565,6.614,2750628.55
2022-12-12 20:00:00,6.614,6.724,6.606,6.696,5050195.53
2022-12-13 00:00:00,6.696,6.71,6.593,6.599,3641282.4
2022-12-13 04:00:00,6.598,6.639,6.461,6.538,7048366.55
2022-12-13 08:00:00,6.538,6.749,6.52,6.728,9308747.89
2022-12-13 12:00:00,6.727,7.044,6.685,6.919,20677954.43
2022-12-13 16:00:00,6.92,6.972,6.778,6.873,7035242.32
2022-12-13 20:00:00,6.874,6.93,6.851,6.924,2938463.76
2022-12-14 00:00:00,6.925,6.964,6.855,6.879,3737264.57
2022-12-14 04:00:00,6.879,6.914,6.832,6.88,2813636.8
2022-12-14 08:00:00,6.88,6.902,6.842,6.856,2997681.08
2022-12-14 12:00:00,6.855,6.904,6.813,6.878,4902824.4
2022-12-14 16:00:00,6.879,6.929,6.684,6.752,12069465.47
2022-12-14 20:00:00,6.751,6.783,6.681,6.716,4873528.39
2022-12-15 00:00:00,6.716,6.73,6.561,6.655,6457905.45
2022-12-15 04:00:00,6.656,6.66,6.6,6.608,2603705.46
2022-12-15 08:00:00,6.609,6.643,6.568,6.616,3611210.19
2022-12-15 12:00:00,6.615,6.621,6.503,6.572,6601263.31
2022-12-15 16:00:00,6.573,6.576,6.414,6.532,6145709.0
2022-12-15 20:00:00,6.532,6.539,6.378,6.451,5186417.47
2022-12-16 00:00:00,6.451,6.526,6.421,6.513,2857065.6
2022-12-16 04:00:00,6.513,6.538,6.452,6.52,3122450.49
2022-12-16 08:00:00,6.521,6.526,6.133,6.248,12470138.77
2022-12-16 12:00:00,6.248,6.267,6.12,6.156,8436698.0
2022-12-16 16:00:00,6.156,6.17,6.05,6.16,8480781.07
2022-12-16 20:00:00,6.161,6.209,5.771,5.889,14518700.19
2022-12-17 00:00:00,5.889,5.944,5.783,5.896,8899874.39
2022-12-17 04:00:00,5.896,6.028,5.89,6.019,5683029.74
2022-12-17 08:00:00,6.019,6.062,5.969,5.994,4999981.46
2022-12-17 12:00:00,5.993,6.044,5.953,6.017,4194875.29
2022-12-17 16:00:00,6.017,6.024,5.9,5.953,5420521.02
2022-12-17 20:00:00,5.953,6.04,5.944,6.025,3681149.89
2022-12-18 00:00:00,6.027,6.061,5.963,6.029,3048768.12
2022-12-18 04:00:00,6.028,6.06,5.98,5.997,4009710.21
2022-12-18 08:00:00,5.997,6.006,5.91,5.985,3780181.47
2022-12-18 12:00:00,5.985,6.008,5.937,5.939,2570865.03
2022-12-18 16:00:00,5.939,6.039,5.935,6.007,3174797.24
2022-12-18 20:00:00,6.006,6.037,5.924,5.948,5605839.7
2022-12-19 00:00:00,5.948,6.021,5.825,5.881,7471221.69
2022-12-19 04:00:00,5.88,5.939,5.868,5.933,3850548.46
2022-12-19 08:00:00,5.932,6.034,5.93,6.012,5547527.94
2022-12-19 12:00:00,6.012,6.066,5.96,5.967,8780459.11
2022-12-19 16:00:00,5.967,5.988,5.834,5.872,10151034.38
2022-12-19 20:00:00,5.871,5.914,5.658,5.786,8778066.7
2022-12-20 00:00:00,5.785,6.054,5.748,5.99,9493745.41
2022-12-20 04:00:00,5.99,6.078,5.966,6.033,6217747.11
2022-12-20 08:00:00,6.033,6.118,6.019,6.073,5387711.74
2022-12-20 12:00:00,6.072,6.119,6.026,6.04,8194247.94
2022-12-20 16:00:00,6.041,6.054,5.94,5.997,5881115.1
2022-12-20 20:00:00,5.997,6.036,5.962,6.01,3515809.67
2022-12-21 00:00:00,6.011,6.042,5.904,5.96,5418285.5
2022-12-21 04:00:00,5.96,5.961,5.885,5.941,4079824.85
2022-12-21 08:00:00,5.942,6.011,5.903,5.993,3919322.87
2022-12-21 12:00:00,5.993,6.004,5.919,5.945,4950475.23
2022-12-21 16:00:00,5.945,5.951,5.882,5.917,3963256.25
2022-12-21 20:00:00,5.916,5.989,5.879,5.984,4870170.62
2022-12-22 00:00:00,5.984,5.998,5.953,5.982,3066037.94
2022-12-22 04:00:00,5.981,5.993,5.946,5.968,2612863.92
2022-12-22 08:00:00,5.967,6.039,5.955,5.986,4066907.14
2022-12-22 12:00:00,5.987,6.009,5.88,5.89,7439592.38
2022-12-22 16:00:00,5.89,5.919,5.852,5.913,4441539.75
2022-12-22 20:00:00,5.914,6.021,5.899,6.003,6902561.32
2022-12-23 00:00:00,6.003,6.052,5.969,6.02,4304215.15
2022-12-23 04:00:00,6.021,6.032,5.981,6.02,2811400.62
2022-12-23 08:00:00,6.019,6.039,5.986,6.015,2900707.34
2022-12-23 12:00:00,6.014,6.044,5.956,5.986,7801933.23
2022-12-23 16:00:00,5.987,5.998,5.956,5.969,2629015.94
2022-12-23 20:00:00,5.968,5.982,5.918,5.936,2903691.35
2022-12-24 00:00:00,5.936,5.96,5.934,5.957,1467100.32
2022-12-24 04:00:00,5.958,5.959,5.892,5.93,2660145.01
2022-12-24 08:00:00,5.93,5.931,5.875,5.909,2472475.44
2022-12-24 12:00:00,5.909,5.913,5.895,5.908,1479932.6
2022-12-24 16:00:00,5.908,5.936,5.9,5.929,1661483.97
2022-12-24 20:00:00,5.929,5.934,5.89,5.913,1517764.23
2022-12-25 00:00:00,5.913,5.931,5.895,5.908,1306578.58
2022-12-25 04:00:00,5.909,5.958,5.896,5.946,2270261.76
2022-12-25 08:00:00,5.946,5.95,5.93,5.939,1756552.01
2022-12-25 12:00:00,5.94,5.97,5.88,5.93,5163599.56
2022-12-25 16:00:00,5.93,5.947,5.89,5.942,3742234.91
2022-12-25 20:00:00,5.943,5.994,5.926,5.984,3142656.27
2022-12-26 00:00:00,5.985,6.03,5.967,5.98,3376968.18
2022-12-26 04:00:00,5.98,5.988,5.952,5.962,2216162.83
2022-12-26 08:00:00,5.961,6.008,5.934,5.998,3038926.29
2022-12-26 12:00:00,5.999,6.009,5.95,5.968,2487927.16
2022-12-26 16:00:00,5.968,6.003,5.954,5.994,2515567.72
2022-12-26 20:00:00,5.995,6.045,5.992,6.045,4320306.24
2022-12-27 00:00:00,6.044,6.067,5.978,5.988,3676046.35
2022-12-27 04:00:00,5.988,6.003,5.972,5.989,1816587.95
2022-12-27 08:00:00,5.989,6.029,5.97,5.991,2659606.42
2022-12-27 12:00:00,5.991,5.994,5.894,5.921,5776311.49
2022-12-27 16:00:00,5.921,5.932,5.843,5.891,5916819.39
2022-12-27 20:00:00,5.891,5.902,5.86,5.9,2728434.64
2022-12-28 00:00:00,5.899,5.911,5.735,5.788,8042630.29
2022-12-28 04:00:00,5.787,5.8,5.671,5.759,6813061.33
2022-12-28 08:00:00,5.76,5.772,5.716,5.741,3781134.9
2022-12-28 12:00:00,5.74,5.818,5.712,5.722,8739381.64
2022-12-28 16:00:00,5.721,5.759,5.675,5.703,5621857.41
2022-12-28 20:00:00,5.703,5.73,5.62,5.673,6837814.44
2022-12-29 00:00:00,5.672,5.692,5.54,5.681,8290812.05
2022-12-29 04:00:00,5.682,5.71,5.667,5.706,3991616.55
2022-12-29 08:00:00,5.705,5.732,5.672,5.683,5001936.89
2022-12-29 12:00:00,5.684,5.711,5.669,5.684,4946968.86
2022-12-29 16:00:00,5.685,5.694,5.598,5.607,4581562.38
2022-12-29 20:00:00,5.607,5.614,5.49,5.597,10522472.29
2022-12-30 00:00:00,5.596,5.64,5.531,5.573,5932378.2
2022-12-30 04:00:00,5.573,5.585,5.408,5.446,8766544.78
2022-12-30 08:00:00,5.446,5.503,5.435,5.478,4452799.47
2022-12-30 12:00:00,5.478,5.514,5.408,5.491,7806240.68
2022-12-30 16:00:00,5.491,5.51,5.467,5.481,3537928.99
2022-12-30 20:00:00,5.481,5.494,5.421,5.474,4433083.64
2022-12-31 00:00:00,5.473,5.476,5.38,5.418,4947221.69
2022-12-31 04:00:00,5.419,5.469,5.409,5.458,2878597.76
2022-12-31 08:00:00,5.457,5.586,5.448,5.572,6697997.01
2022-12-31 12:00:00,5.572,5.627,5.551,5.586,5721471.83
2022-12-31 16:00:00,5.586,5.597,5.538,5.585,3476827.08
2022-12-31 20:00:00,5.584,5.601,5.535,5.573,2844024.51
2023-01-01 00:00:00,5.574,5.58,5.511,5.55,3496194.93
2023-01-01 04:00:00,5.55,5.553,5.501,5.529,3093314.46
2023-01-01 08:00:00,5.528,5.591,5.508,5.574,3221004.89
2023-01-01 12:00:00,5.574,5.597,5.548,5.592,2807850.36
2023-01-01 16:00:00,5.593,5.633,5.58,5.602,3580463.98
2023-01-01 20:00:00,5.602,5.638,5.602,5.626,2291613.84
2023-01-02 00:00:00,5.627,5.662,5.546,5.623,6148873.46
2023-01-02 04:00:00,5.624,5.737,5.597,5.68,7338696.14
2023-01-02 08:00:00,5.68,5.725,5.655,5.69,5379570.3
2023-01-02 12:00:00,5.69,5.715,5.65,5.699,5241821.24
2023-01-02 16:00:00,5.698,5.739,5.68,5.727,3885350.81
2023-01-02 20:00:00,5.726,5.761,5.67,5.689,3749764.0
2023-01-03 00:00:00,5.688,5.715,5.635,5.677,3434005.29
2023-01-03 04:00:00,5.677,5.721,5.646,5.683,4016409.87
2023-01-03 08:00:00,5.683,5.69,5.63,5.659,3736751.7
2023-01-03 12:00:00,5.659,5.709,5.58,5.63,8778641.82
2023-01-03 16:00:00,5.629,5.645,5.563,5.593,5278581.48
2023-01-03 20:00:00,5.594,5.628,5.571,5.618,2842933.15
2023-01-04 00:00:00,5.619,5.818,5.607,5.787,10008351.44
2023-01-04 04:00:00,5.788,5.838,5.757,5.796,5697649.68
2023-01-04 08:00:00,5.796,5.822,5.754,5.763,4571744.93
2023-01-04 12:00:00,5.763,5.84,5.718,5.809,8183551.66
2023-01-04 16:00:00,5.81,5.861,5.74,5.767,8695412.44
2023-01-04 20:00:00,5.767,5.813,5.701,5.805,3632615.13
2023-01-05 00:00:00,5.806,5.817,5.739,5.761,4249453.42
2023-01-05 04:00:00,5.761,5.8,5.726,5.761,3851259.41
2023-01-05 08:00:00,5.762,5.763,5.68,5.718,4270666.98
2023-01-05 12:00:00,5.718,5.737,5.658,5.715,6503541.92
2023-01-05 16:00:00,5.715,5.762,5.701,5.752,4105964.18
2023-01-05 20:00:00,5.751,5.755,5.602,5.657,7937480.15
2023-01-06 00:00:00,5.657,5.679,5.615,5.63,4369837.36
2023-01-06 04:00:00,5.63,5.637,5.57,5.617,5103276.08
2023-01-06 08:00:00,5.616,5.629,5.571,5.603,4170528.88
2023-01-06 12:00:00,5.603,5.657,5.5,5.65,12213928.98
2023-01-06 16:00:00,5.65,5.724,5.629,5.711,6364082.97
2023-01-06 20:00:00,5.711,5.728,5.667,5.71,4473402.9
2023-01-07 00:00:00,5.71,5.803,5.687,5.765,7313824.23
2023-01-07 04:00:00,5.765,5.787,5.734,5.774,2584842.6
2023-01-07 08:00:00,5.775,5.779,5.742,5.762,2805513.53
2023-01-07 12:00:00,5.762,5.823,5.752,5.814,4154669.32
2023-01-07 16:00:00,5.815,5.832,5.777,5.799,2844621.01
2023-01-07 20:00:00,5.8,5.845,5.771,5.827,2941452.82
2023-01-08 00:00:00,5.827,5.845,5.751,5.819,4834704.9
2023-01-08 04:00:00,5.819,5.882,5.81,5.828,3476914.94
2023-01-08 08:00:00,5.829,5.875,5.781,5.783,5338002.42
2023-01-08 12:00:00,5.783,5.863,5.774,5.849,4836309.08
2023-01-08 16:00:00,5.849,5.86,5.782,5.824,4127414.37
2023-01-08 20:00:00,5.823,5.981,5.818,5.962,9430865.52
2023-01-09 00:00:00,5.962,6.137,5.929,6.09,15585115.78
2023-01-09 04:00:00,6.09,6.142,6.072,6.123,5235457.63
2023-01-09 08:00:00,6.123,6.227,6.109,6.154,8560904.57
2023-01-09 12:00:00,6.154,6.228,6.074,6.203,11366149.76
2023-01-09 16:00:00,6.203,6.254,6.1,6.101,10646477.64
2023-01-09 20:00:00,6.1,6.122,6.009,6.063,9991198.28
2023-01-10 00:00:00,6.063,6.134,5.964,6.078,6088402.45
2023-01-10 04:00:00,6.078,6.109,6.056,6.074,3091519.94
2023-01-10 08:00:00,6.074,6.169,6.051,6.107,5143979.15
2023-01-10 12:00:00,6.107,6.164,6.061,6.139,8034429.83
2023-01-10 16:00:00,6.14,6.304,6.111,6.24,8305688.15
2023-01-10 20:00:00,6.24,6.247,6.104,6.165,6559684.82
2023-01-11 00:00:00,6.164,6.207,6.053,6.101,6212406.45
2023-01-11 04:00:00,6.1,6.139,6.067,6.137,4167039.12
2023-01-11 08:00:00,6.136,6.139,6.087,6.109,3412279.95
2023-01-11 12:00:00,6.109,6.128,6.01,6.038,7563011.1
2023-01-11 16:00:00,6.039,6.179,6.011,6.17,7353095.36
2023-01-11 20:00:00,6.171,6.301,6.128,6.281,8371985.74
2023-01-12 00:00:00,6.281,6.396,6.275,6.34,11158009.93
2023-01-12 04:00:00,6.34,6.382,6.258,6.314,6253555.58
2023-01-12 08:00:00,6.315,6.318,6.23,6.253,4869694.19
2023-01-12 12:00:00,6.253,6.346,6.0,6.196,17785612.54
2023-01-12 16:00:00,6.196,6.411,6.175,6.366,13507556.52
2023-01-12 20:00:00,6.365,6.413,6.334,6.384,6455518.84
2023-01-13 00:00:00,6.384,6.411,6.286,6.388,5036833.07
2023-01-13 04:00:00,6.387,6.402,6.319,6.344,4289892.66
2023-01-13 08:00:00,6.344,6.418,6.316,6.327,5950354.46
2023-01-13 12:00:00,6.329,6.354,6.256,6.347,7118170.18
2023-01-13 16:00:00,6.347,6.404,6.278,6.392,7800080.22
2023-01-13 20:00:00,6.392,6.62,6.381,6.606,13916925.56
2023-01-14 00:00:00,6.605,6.941,6.586,6.827,19165180.53
2023-01-14 04:00:00,6.827,7.074,6.772,7.003,10992771.86
2023-01-14 08:00:00,7.002,7.12,6.421,6.73,21312155.57
2023-01-14 12:00:00,6.73,6.912,6.65,6.806,13811844.44
2023-01-14 16:00:00,6.805,6.846,6.719,6.791,7243670.86
2023-01-14 20:00:00,6.791,6.886,6.763,6.86,4964319.52
2023-01-15 00:00:00,6.859,6.894,6.672,6.729,8991291.28
2023-01-15 04:00:00,6.729,6.805,6.693,6.748,3661394.59
2023-01-15 08:00:00,6.749,6.754,6.596,6.706,5747858.97
2023-01-15 12:00:00,6.705,6.892,6.665,6.89,6085040.33
2023-01-15 16:00:00,6.889,6.937,6.733,6.736,8760420.83
2023-01-15 20:00:00,6.736,6.741,6.641,6.701,5601055.97
2023-01-16 00:00:00,6.701,6.886,6.635,6.775,9345115.39
2023-01-16 04:00:00,6.775,6.958,6.767,6.851,7826978.19
2023-01-16 08:00:00,6.851,6.852,6.5,6.622,10892173.75
2023-01-16 12:00:00,6.622,6.648,6.404,6.566,12668737.75
2023-01-16 16:00:00,6.565,6.84,6.525,6.747,9652585.24
2023-01-16 20:00:00,6.747,6.783,6.637,6.672,6562399.46
2023-01-17 00:00:00,6.673,6.737,6.54,6.678,7704688.58
2023-01-17 04:00:00,6.678,6.78,6.653,6.726,4766693.63
2023-01-17 08:00:00,6.723,6.762,6.664,6.731,3889100.85
2023-01-17 12:00:00,6.731,6.848,6.653,6.722,12109877.91
2023-01-17 16:00:00,6.72,6.91,6.63,6.868,9294340.83
2023-01-17 20:00:00,6.868,7.0,6.787,6.811,13312273.58
2023-01-18 00:00:00,6.811,6.99,6.774,6.926,7667255.08
2023-01-18 04:00:00,6.926,6.949,6.819,6.861,4693791.71
2023-01-18 08:00:00,6.86,6.865,6.694,6.751,5854471.98
2023-01-18 12:00:00,6.751,6.942,6.326,6.546,16593678.8
2023-01-18 16:00:00,6.544,6.628,6.224,6.483,19296645.74
2023-01-18 20:00:00,6.484,6.499,6.314,6.331,7922957.54
2023-01-19 00:00:00,6.332,6.44,6.324,6.414,4443940.64
2023-01-19 04:00:00,6.414,6.464,6.407,6.437,2774437.99
2023-01-19 08:00:00,6.438,6.459,6.355,6.376,4560874.7
2023-01-19 12:00:00,6.376,6.446,6.312,6.404,7584419.87
2023-01-19 16:00:00,6.403,6.505,6.343,6.493,5369462.62
2023-01-19 20:00:00,6.493,6.545,6.469,6.508,4106097.96
2023-01-20 00:00:00,6.507,6.548,6.462,6.486,3500345.31
2023-01-20 04:00:00,6.487,6.52,6.415,6.454,2930796.99
2023-01-20 08:00:00,6.454,6.497,6.426,6.463,2070804.71
2023-01-20 12:00:00,6.464,6.562,6.453,6.531,4714505.6
2023-01-20 16:00:00,6.531,6.697,6.518,6.69,7020292.1
2023-01-20 20:00:00,6.689,6.978,6.688,6.947,12360904.46
2023-01-21 00:00:00,6.947,7.058,6.868,7.044,8128133.88
2023-01-21 04:00:00,7.044,7.107,6.995,7.004,4450472.19
2023-01-21 08:00:00,7.003,7.122,6.798,6.952,10534613.55
2023-01-21 12:00:00,6.952,7.0,6.885,6.914,5346045.45
2023-01-21 16:00:00,6.914,7.034,6.907,7.02,5731312.29
2023-01-21 20:00:00,7.02,7.106,6.824,6.858,6906843.68
2023-01-22 00:00:00,6.858,6.917,6.772,6.875,4168499.9
2023-01-22 04:00:00,6.875,6.941,6.864,6.896,2757992.3
2023-01-22 08:00:00,6.897,6.933,6.864,6.878,3297931.73
2023-01-22 12:00:00,6.879,7.247,6.83,7.044,11872112.5
2023-01-22 16:00:00,7.044,7.283,6.97,7.067,12260050.33
2023-01-22 20:00:00,7.068,7.099,6.82,6.986,9646136.21
2023-01-23 00:00:00,6.986,7.243,6.974,7.089,9244929.25
2023-01-23 04:00:00,7.09,7.136,6.983,7.041,4044371.46
2023-01-23 08:00:00,7.041,7.156,7.005,7.143,4960818.3
2023-01-23 12:00:00,7.144,7.173,6.81,7.019,13754318.13
2023-01-23 16:00:00,7.019,7.125,6.926,6.97,8446811.33
2023-01-23 20:00:00,6.969,7.103,6.928,7.019,4594463.96
2023-01-24 00:00:00,7.018,7.187,6.957,7.182,6101196.03
2023-01-24 04:00:00,7.181,7.185,7.095,7.173,3141984.18
2023-01-24 08:00:00,7.173,7.206,7.061,7.128,6299585.22
2023-01-24 12:00:00,7.129,7.153,6.963,7.052,7077424.92
2023-01-24 16:00:00,7.053,7.064,6.864,6.995,6243770.05
2023-01-24 20:00:00,6.994,7.006,6.508,6.658,12149575.38
2023-01-25 00:00:00,6.658,6.691,6.506,6.69,7628545.63
2023-01-25 04:00:00,6.69,6.8,6.673,6.788,3472212.69
2023-01-25 08:00:00,6.789,6.817,6.65,6.697,3949050.23
2023-01-25 12:00:00,6.697,6.787,6.61,6.692,7505354.26
2023-01-25 16:00:00,6.691,6.834,6.656,6.825,4343348.96
2023-01-25 20:00:00,6.825,7.1,6.806,6.957,11477996.22
2023-01-26 00:00:00,6.958,7.037,6.927,6.934,4656051.37
2023-01-26 04:00:00,6.935,7.02,6.879,6.902,4413578.28
2023-01-26 08:00:00,6.903,6.934,6.822,6.887,4118161.12
2023-01-26 12:00:00,6.887,7.135,6.829,6.964,12344886.62
2023-01-26 16:00:00,6.963,7.137,6.892,7.133,8081571.52
2023-01-26 20:00:00,7.132,7.321,7.122,7.173,11165657.39
2023-01-27 00:00:00,7.175,7.314,6.918,7.031,10216283.3
2023-01-27 04:00:00,7.031,7.281,7.03,7.276,5067764.24
2023-01-27 08:00:00,7.276,7.381,7.172,7.221,8807890.22
2023-01-27 12:00:00,7.221,7.287,7.1,7.196,9745081.68
2023-01-27 16:00:00,7.196,7.46,7.187,7.409,8623012.51
2023-01-27 20:00:00,7.409,7.505,7.31,7.386,8863875.41
2023-01-28 00:00:00,7.386,7.521,7.354,7.422,5145892.13
2023-01-28 04:00:00,7.423,7.453,7.28,7.334,4021907.45
2023-01-28 08:00:00,7.334,7.396,7.287,7.305,3701471.69
2023-01-28 12:00:00,7.305,7.31,7.152,7.247,6781504.46
2023-01-28 16:00:00,7.248,7.277,7.187,7.248,3538151.41
2023-01-28 20:00:00,7.247,7.248,7.115,7.213,3464200.98
2023-01-29 00:00:00,7.212,7.419,7.146,7.31,6666207.62
2023-01-29 04:00:00,7.311,7.376,7.292,7.323,2721706.37
2023-01-29 08:00:00,7.322,7.438,7.32,7.393,4355282.51
2023-01-29 12:00:00,7.392,7.407,7.324,7.355,4445957.52
2023-01-29 16:00:00,7.355,7.538,7.26,7.453,9908321.28
2023-01-29 20:00:00,7.453,7.454,7.353,7.375,3398992.83
2023-01-30 00:00:00,7.376,7.446,7.257,7.333,4531007.05
2023-01-30 04:00:00,7.334,7.375,7.204,7.223,4200279.11
2023-01-30 08:00:00,7.222,7.251,6.951,6.995,11753198.83
2023-01-30 12:00:00,6.996,7.094,6.965,7.026,5071579.65
2023-01-30 16:00:00,7.026,7.105,6.689,6.898,9259596.21
2023-01-30 20:00:00,6.897,6.918,6.784,6.916,5281017.05
2023-01-31 00:00:00,6.915,7.007,6.892,6.964,3959002.27
2023-01-31 04:00:00,6.964,7.045,6.904,7.036,3370772.68
2023-01-31 08:00:00,7.036,7.045,6.884,6.934,3719180.42
2023-01-31 12:00:00,6.934,7.016,6.899,6.995,3804856.72
2023-01-31 16:00:00,6.996,7.075,6.988,7.059,3594803.42
2023-01-31 20:00:00,7.058,7.063,6.84,6.95,5404760.06
2023-02-01 00:00:00,6.949,6.985,6.916,6.945,2947206.57
2023-02-01 04:00:00,6.945,6.961,6.79,6.859,3311441.81
2023-02-01 08:00:00,6.859,6.863,6.75,6.844,3912240.84
2023-02-01 12:00:00,6.843,6.908,6.714,6.76,5973952.0
2023-02-01 16:00:00,6.76,7.075,6.662,7.004,12243260.17
2023-02-01 20:00:00,7.003,7.283,7.003,7.221,12567234.13
2023-02-02 00:00:00,7.221,7.348,7.204,7.312,6752056.24
2023-02-02 04:00:00,7.314,7.361,7.224,7.241,3982167.89
2023-02-02 08:00:00,7.242,7.311,7.232,7.298,2642505.15
2023-02-02 12:00:00,7.298,7.336,7.164,7.298,6840928.24
2023-02-02 16:00:00,7.298,7.495,7.266,7.305,9811189.39
2023-02-02 20:00:00,7.306,7.375,7.033,7.106,7689810.06
2023-02-03 00:00:00,7.107,7.174,7.014,7.093,6654264.72
2023-02-03 04:00:00,7.093,7.151,7.077,7.116,2533049.69
2023-02-03 08:00:00,7.116,7.231,7.075,7.219,3803734.12
2023-02-03 12:00:00,7.22,7.345,7.07,7.294,9618479.0
2023-02-03 16:00:00,7.293,7.335,7.212,7.219,4910360.9
2023-02-03 20:00:00,7.22,7.312,7.18,7.298,2599128.92
2023-02-04 00:00:00,7.299,7.327,7.166,7.176,3392866.43
2023-02-04 04:00:00,7.176,7.22,7.13,7.209,2558872.49
2023-02-04 08:00:00,7.208,7.24,7.19,7.214,1755049.13
2023-02-04 12:00:00,7.215,7.318,7.2,7.268,3857936.79
2023-02-04 16:00:00,7.267,7.369,7.221,7.322,5550636.59
2023-02-04 20:00:00,7.321,7.348,7.18,7.242,3135385.1
2023-02-05 00:00:00,7.243,7.257,7.15,7.212,3091841.18
2023-02-05 04:00:00,7.211,7.242,7.197,7.213,1451632.69
2023-02-05 08:00:00,7.213,7.25,7.163,7.181,1726698.47
2023-02-05 12:00:00,7.181,7.203,6.822,7.001,8545992.89
2023-02-05 16:00:00,7.001,7.022,6.912,6.968,6084839.61
2023-02-05 20:00:00,6.967,6.997,6.855,6.984,3751711.04
2023-02-06 00:00:00,6.984,7.043,6.906,6.958,3087112.15
2023-02-06 04:00:00,6.957,7.016,6.852,7.014,3478782.41
2023-02-06 08:00:00,7.014,7.029,6.905,6.966,3346249.49
2023-02-06 12:00:00,6.966,7.044,6.92,7.04,4673689.45
2023-02-06 16:00:00,7.041,7.064,6.946,7.004,4782586.69
2023-02-06 20:00:00,7.003,7.005,6.761,6.831,5401708.78
2023-02-07 00:00:00,6.831,6.949,6.811,6.933,3009557.8
2023-02-07 04:00:00,6.933,6.978,6.92,6.933,2001504.85
2023-02-07 08:00:00,6.933,7.051,6.907,7.03,4039106.84
2023-02-07 12:00:00,7.031,7.062,6.947,6.976,4927063.47
2023-02-07 16:00:00,6.975,7.151,6.907,7.077,10973195.15
2023-02-07 20:00:00,7.077,7.217,7.053,7.199,5407028.61
2023-02-08 00:00:00,7.2,7.295,7.183,7.209,4175234.46
2023-02-08 04:00:00,7.209,7.29,7.172,7.255,3391557.37
2023-02-08 08:00:00,7.254,7.26,7.157,7.231,3296227.97
2023-02-08 12:00:00,7.231,7.308,7.087,7.095,10559356.99
2023-02-08 16:00:00,7.094,7.179,6.95,7.087,9993699.96
2023-02-08 20:00:00,7.088,7.144,7.004,7.137,3778228.3
2023-02-09 00:00:00,7.137,7.277,6.85,6.94,13124915.1
2023-02-09 04:00:00,6.941,7.47,6.864,7.446,14419737.86
2023-02-09 08:00:00,7.446,7.823,7.41,7.534,39682321.68
2023-02-09 12:00:00,7.535,7.789,7.502,7.605,28228660.53
2023-02-09 16:00:00,7.606,7.717,7.23,7.327,34062126.95
2023-02-09 20:00:00,7.328,7.389,6.812,6.982,30165028.24
2023-02-10 00:00:00,6.981,7.12,6.91,6.949,13025599.33
2023-02-10 04:00:00,6.949,6.986,6.754,6.961,12134367.35
2023-02-10 08:00:00,6.962,7.007,6.878,6.943,8790666.3
2023-02-10 12:00:00,6.943,7.033,6.806,6.888,13222921.7
2023-02-10 16:00:00,6.888,7.033,6.817,7.003,10248610.49
2023-02-10 20:00:00,7.003,7.025,6.823,6.886,7721580.75
2023-02-11 00:00:00,6.886,6.955,6.86,6.911,4466100.8
2023-02-11 04:00:00,6.912,6.926,6.851,6.911,2687076.24
2023-02-11 08:00:00,6.911,6.927,6.872,6.912,2664294.94
2023-02-11 12:00:00,6.913,7.004,6.88,6.977,5424705.4
2023-02-11 16:00:00,6.976,6.982,6.877,6.918,3497249.31
2023-02-11 20:00:00,6.919,7.032,6.901,6.997,3499886.81
2023-02-12 00:00:00,6.997,7.013,6.93,6.942,2381754.5
2023-02-12 04:00:00,6.942,6.963,6.911,6.938,2124035.62
2023-02-12 08:00:00,6.938,7.017,6.922,6.968,3236638.04
2023-02-12 12:00:00,6.967,6.994,6.9,6.975,4527432.51
2023-02-12 16:00:00,6.976,7.085,6.961,6.984,5430703.73
2023-02-12 20:00:00,6.983,7.008,6.675,6.806,7897047.43
2023-02-13 00:00:00,6.805,6.843,6.591,6.719,7715312.68
2023-02-13 04:00:00,6.72,6.79,6.705,6.768,3998903.01
2023-02-13 08:00:00,6.767,6.77,6.411,6.555,14696308.43
2023-02-13 12:00:00,6.556,6.612,6.531,6.559,5551088.14
2023-02-13 16:00:00,6.56,6.61,6.421,6.589,9175927.79
2023-02-13 20:00:00,6.59,6.677,6.557,6.665,4847807.86
2023-02-14 00:00:00,6.664,6.677,6.606,6.615,2971052.59
2023-02-14 04:00:00,6.615,6.652,6.602,6.644,2201675.92
2023-02-14 08:00:00,6.645,6.688,6.597,6.621,3650267.65
2023-02-14 12:00:00,6.621,6.816,6.508,6.744,15688099.22
2023-02-14 16:00:00,6.744,6.81,6.652,6.798,6494977.75
2023-02-14 20:00:00,6.798,6.827,6.757,6.805,3468849.81
2023-02-15 00:00:00,6.804,6.821,6.722,6.777,3250805.41
2023-02-15 04:00:00,6.777,6.797,6.752,6.768,2078101.42
2023-02-15 08:00:00,6.767,6.85,6.743,6.846,4056953.97
2023-02-15 12:00:00,6.846,6.933,6.846,6.912,8177447.65
2023-02-15 16:00:00,6.911,7.071,6.882,7.069,6621812.98
2023-02-15 20:00:00,7.07,7.308,7.06,7.281,11455665.15
2023-02-16 00:00:00,7.281,7.389,7.235,7.34,10454547.65
2023-02-16 04:00:00,7.34,7.348,7.237,7.285,5199784.86
2023-02-16 08:00:00,7.285,7.33,7.229,7.256,3488064.58
2023-02-16 12:00:00,7.257,7.393,7.138,7.383,11398034.92
2023-02-16 16:00:00,7.383,7.491,7.204,7.319,11695434.41
2023-02-16 20:00:00,7.319,7.323,6.996,7.013,14782035.26
2023-02-17 00:00:00,7.013,7.221,6.969,7.191,5933739.93
2023-02-17 04:00:00,7.191,7.275,7.151,7.206,5110447.21
2023-02-17 08:00:00,7.205,7.303,7.18,7.288,5945815.18
2023-02-17 12:00:00,7.289,7.378,7.232,7.329,10560728.5
2023-02-17 16:00:00,7.328,7.589,7.281,7.484,12994100.67
2023-02-17 20:00:00,7.483,7.717,7.392,7.652,12216178.8
2023-02-18 00:00:00,7.651,7.745,7.581,7.616,7460346.09
2023-02-18 04:00:00,7.617,7.697,7.558,7.6,4025192.01
2023-02-18 08:00:00,7.599,7.651,7.501,7.641,5771676.25
2023-02-18 12:00:00,7.641,8.259,7.636,8.186,35581907.85
2023-02-18 16:00:00,8.185,8.259,7.944,8.049,13681574.6
2023-02-18 20:00:00,8.049,8.094,7.98,7.995,5315841.89
2023-02-19 00:00:00,7.996,8.086,7.947,8.021,6622203.51
2023-02-19 04:00:00,8.022,8.29,7.962,8.124,14270843.09
2023-02-19 08:00:00,8.124,8.26,8.041,8.169,9104322.87
2023-02-19 12:00:00,8.169,8.296,8.063,8.149,13497752.59
2023-02-19 16:00:00,8.149,8.226,7.855,7.892,14930040.51
2023-02-19 20:00:00,7.891,8.054,7.823,8.017,7348760.21
2023-02-20 00:00:00,8.017,8.089,7.716,8.013,9350333.49
2023-02-20 04:00:00,8.014,8.387,8.01,8.375,10542854.64
2023-02-20 08:00:00,8.375,8.408,8.069,8.141,14035767.79
2023-02-20 12:00:00,8.14,8.2,8.075,8.131,7952897.91
2023-02-20 16:00:00,8.13,8.135,7.944,8.032,7661332.0
2023-02-20 20:00:00,8.032,8.044,7.915,8.018,4520423.52
2023-02-21 00:00:00,8.019,8.08,7.951,7.967,5678290.6
2023-02-21 04:00:00,7.967,8.017,7.902,7.98,3168739.29
2023-02-21 08:00:00,7.98,8.018,7.73,7.763,10702790.54
2023-02-21 12:00:00,7.763,7.817,7.65,7.744,9022008.26
2023-02-21 16:00:00,7.743,7.78,7.632,7.695,7990552.43
2023-02-21 20:00:00,7.696,7.706,7.5,7.642,8191115.97
2023-02-22 00:00:00,7.642,7.738,7.359,7.547,11617873.64
2023-02-22 04:00:00,7.547,7.561,7.381,7.488,6185210.42
2023-02-22 08:00:00,7.487,7.49,7.316,7.472,7581349.49
2023-02-22 12:00:00,7.472,7.557,7.314,7.365,9033313.51
2023-02-22 16:00:00,7.365,7.606,7.291,7.569,9369792.55
2023-02-22 20:00:00,7.569,7.722,7.529,7.716,4690659.09
2023-02-23 00:00:00,7.716,7.974,7.672,7.893,8661420.4
2023-02-23 04:00:00,7.893,7.978,7.863,7.918,7910778.83
2023-02-23 08:00:00,7.917,8.073,7.784,7.858,14956148.45
2023-02-23 12:00:00,7.857,8.213,7.759,7.974,21468261.92
2023-02-23 16:00:00,7.973,8.031,7.71,7.895,12161253.07
2023-02-23 20:00:00,7.895,7.972,7.789,7.94,5267642.71
2023-02-24 00:00:00,7.939,8.031,7.875,8.023,6691875.12
2023-02-24 04:00:00,8.022,8.149,7.934,8.103,9750746.38
2023-02-24 08:00:00,8.102,8.133,7.87,7.886,7902775.66
2023-02-24 12:00:00,7.886,7.922,7.54,7.589,14467774.54
2023-02-24 16:00:00,7.589,7.692,7.405,7.674,12147463.36
2023-02-24 20:00:00,7.673,7.717,7.1,7.462,14178181.87
2023-02-25 00:00:00,7.462,7.489,7.357,7.381,5377745.8
2023-02-25 04:00:00,7.381,7.421,7.312,7.404,3313986.71
2023-02-25 08:00:00,7.403,7.435,7.333,7.368,3811607.51
2023-02-25 12:00:00,7.368,7.37,7.246,7.343,5518377.79
2023-02-25 16:00:00,7.345,7.399,7.2,7.316,7032927.28
2023-02-25 20:00:00,7.317,7.391,7.162,7.368,7204322.99
2023-02-26 00:00:00,7.369,7.418,7.288,7.413,2997924.55
2023-02-26 04:00:00,7.412,7.425,7.348,7.399,2201446.64
2023-02-26 08:00:00,7.4,7.438,7.363,7.436,2421638.23
2023-02-26 12:00:00,7.436,7.442,7.358,7.381,2731163.59
2023-02-26 16:00:00,7.381,7.489,7.3,7.478,4367966.74
2023-02-26 20:00:00,7.478,7.54,7.397,7.489,4017790.66
2023-02-27 00:00:00,7.488,7.504,7.418,7.43,2860267.32
2023-02-27 04:00:00,7.429,7.436,7.32,7.33,3490747.86
2023-02-27 08:00:00,7.33,7.347,7.214,7.286,4792298.1
2023-02-27 12:00:00,7.285,7.464,7.235,7.368,7859316.07
2023-02-27 16:00:00,7.367,7.387,7.119,7.189,8273188.75
2023-02-27 20:00:00,7.189,7.293,7.142,7.27,3753829.98
2023-02-28 00:00:00,7.271,7.305,7.213,7.29,3149583.54
2023-02-28 04:00:00,7.291,7.354,7.22,7.256,5004805.72
2023-02-28 08:00:00,7.256,7.333,7.222,7.324,4288698.39
2023-02-28 12:00:00,7.324,7.419,7.323,7.404,6930092.33
2023-02-28 16:00:00,7.404,7.419,7.239,7.256,4700093.35
2023-02-28 20:00:00,7.256,7.297,7.086,7.192,8275477.23
2023-03-01 00:00:00,7.193,7.356,7.142,7.352,4888565.7
2023-03-01 04:00:00,7.353,7.428,7.324,7.395,4313775.63
2023-03-01 08:00:00,7.395,7.499,7.381,7.47,4700753.91
2023-03-01 12:00:00,7.47,7.506,7.391,7.429,5467761.58
2023-03-01 16:00:00,7.428,7.444,7.332,7.355,3784524.27
2023-03-01 20:00:00,7.355,7.545,7.335,7.533,3683033.78
2023-03-02 00:00:00,7.533,7.583,7.345,7.391,6562506.63
2023-03-02 04:00:00,7.39,7.448,7.309,7.354,3210642.83
2023-03-02 08:00:00,7.353,7.365,7.258,7.32,3358286.13
2023-03-02 12:00:00,7.319,7.328,7.158,7.226,6055981.92
2023-03-02 16:00:00,7.226,7.296,7.163,7.273,4128135.39
2023-03-02 20:00:00,7.273,7.281,7.225,7.272,2494143.59
2023-03-03 00:00:00,7.272,7.273,6.595,6.81,17022885.76
2023-03-03 04:00:00,6.809,6.88,6.788,6.864,3711533.81
2023-03-03 08:00:00,6.863,6.908,6.846,6.889,2829751.01
2023-03-03 12:00:00,6.888,6.948,6.84,6.894,4260707.6
2023-03-03 16:00:00,6.894,6.943,6.86,6.919,2800101.46
2023-03-03 20:00:00,6.919,6.96,6.85,6.954,2664972.52
2023-03-04 00:00:00,6.954,7.006,6.902,6.912,3926134.23
2023-03-04 04:00:00,6.911,6.931,6.854,6.909,2136637.82
2023-03-04 08:00:00,6.908,6.969,6.89,6.966,2165962.67
2023-03-04 12:00:00,6.966,6.967,6.9,6.921,2583265.56
2023-03-04 16:00:00,6.92,6.944,6.812,6.835,3248321.5
2023-03-04 20:00:00,6.835,6.858,6.702,6.855,5924752.05
2023-03-05 00:00:00,6.854,6.995,6.803,6.938,5270800.13
2023-03-05 04:00:00,6.939,6.972,6.9,6.915,1704952.42
2023-03-05 08:00:00,6.915,6.963,6.886,6.929,2040319.81
2023-03-05 12:00:00,6.929,6.974,6.927,6.947,2204145.17
2023-03-05 16:00:00,6.947,6.964,6.911,6.956,1652856.59
2023-03-05 20:00:00,6.956,7.013,6.897,6.943,3245738.96
2023-03-06 00:00:00,6.942,6.973,6.815,6.868,5657912.18
2023-03-06 04:00:00,6.867,6.899,6.818,6.881,2291141.62
2023-03-06 08:00:00,6.881,6.911,6.842,6.873,2023133.28
2023-03-06 12:00:00,6.872,6.965,6.842,6.96,3240582.9
2023-03-06 16:00:00,6.96,6.978,6.872,6.889,3039526.38
2023-03-06 20:00:00,6.889,6.921,6.844,6.853,4576615.83
2023-03-07 00:00:00,6.852,6.973,6.829,6.942,3173255.77
2023-03-07 04:00:00,6.943,6.961,6.894,6.896,1911674.87
2023-03-07 08:00:00,6.897,6.9,6.766,6.804,4016617.58
2023-03-07 12:00:00,6.803,6.861,6.676,6.806,8446611.19
2023-03-07 16:00:00,6.806,6.824,6.691,6.7,4471017.97
2023-03-07 20:00:00,6.7,6.891,6.663,6.881,5098647.06
2023-03-08 00:00:00,6.881,6.948,6.846,6.876,5240330.47
2023-03-08 04:00:00,6.876,6.914,6.768,6.787,4407833.67
2023-03-08 08:00:00,6.787,6.845,6.751,6.796,3632100.68
2023-03-08 12:00:00,6.796,6.817,6.58,6.711,8994084.62
2023-03-08 16:00:00,6.712,6.734,6.558,6.606,4375937.85
2023-03-08 20:00:00,6.606,6.708,6.48,6.574,7961438.07
2023-03-09 00:00:00,6.573,6.631,6.529,6.607,3318137.51
2023-03-09 04:00:00,6.608,6.647,6.581,6.598,2606661.69
2023-03-09 08:00:00,6.597,6.608,6.532,6.6,4391945.68
2023-03-09 12:00:00,6.6,6.689,6.571,6.602,4954785.7
2023-03-09 16:00:00,6.601,6.626,6.255,6.295,13029004.78
2023-03-09 20:00:00,6.295,6.297,6.0,6.155,14912702.83
2023-03-10 00:00:00,6.155,6.185,6.04,6.163,7016634.65
2023-03-10 04:00:00,6.164,6.2,6.1,6.167,5229054.74
2023-03-10 08:00:00,6.167,6.177,5.887,6.058,10966886.45
2023-03-10 12:00:00,6.057,6.254,6.035,6.209,11874763.95
2023-03-10 16:00:00,6.21,6.261,6.137,6.227,5367008.62
2023-03-10 20:00:00,6.226,6.256,6.141,6.209,4566439.58
2023-03-11 00:00:00,6.209,6.383,6.191,6.229,7081036.64
2023-03-11 04:00:00,6.23,6.231,5.947,5.992,6607644.37
2023-03-11 08:00:00,5.991,6.116,5.934,6.007,6925569.52
2023-03-11 12:00:00,6.007,6.039,5.915,5.95,4297025.21
2023-03-11 16:00:00,5.951,6.096,5.913,6.087,4766350.95
2023-03-11 20:00:00,6.088,6.168,6.081,6.158,3568116.38
2023-03-12 00:00:00,6.158,6.175,6.105,6.149,2764831.25
2023-03-12 04:00:00,6.149,6.176,6.114,6.144,2001349.76
2023-03-12 08:00:00,6.143,6.156,6.083,6.122,2766732.78
2023-03-12 12:00:00,6.123,6.136,6.064,6.096,3511706.88
2023-03-12 16:00:00,6.096,6.347,6.085,6.247,9206457.68
2023-03-12 20:00:00,6.246,6.573,6.241,6.552,10711561.35
2023-03-13 00:00:00,6.552,6.719,6.528,6.577,8633121.13
2023-03-13 04:00:00,6.577,6.663,6.572,6.633,3245490.12
2023-03-13 08:00:00,6.634,6.641,6.428,6.465,5849026.8
2023-03-13 12:00:00,6.465,6.882,6.393,6.761,16073140.77
2023-03-13 16:00:00,6.761,6.805,6.676,6.733,5921455.17
2023-03-13 20:00:00,6.733,6.799,6.688,6.76,3341834.46
2023-03-14 00:00:00,6.761,6.775,6.682,6.753,4331623.82
2023-03-14 04:00:00,6.754,6.798,6.651,6.683,4464779.37
2023-03-14 08:00:00,6.684,6.742,6.605,6.673,5796625.41
2023-03-14 12:00:00,6.674,7.202,6.632,7.147,21596034.25
2023-03-14 16:00:00,7.146,7.16,6.811,6.998,13214334.31
2023-03-14 20:00:00,6.999,7.023,6.746,6.962,7351411.53
2023-03-15 00:00:00,6.962,7.065,6.883,7.047,5681345.34
2023-03-15 04:00:00,7.048,7.116,7.009,7.086,3790448.55
2023-03-15 08:00:00,7.085,7.086,6.69,6.814,8419988.49
2023-03-15 12:00:00,6.813,6.903,6.55,6.582,15010338.59
2023-03-15 16:00:00,6.583,6.598,6.374,6.545,12425057.99
2023-03-15 20:00:00,6.546,6.625,6.481,6.543,7898138.3
2023-03-16 00:00:00,6.543,6.605,6.44,6.565,4657920.42
2023-03-16 04:00:00,6.566,6.637,6.491,6.614,4104671.62
2023-03-16 08:00:00,6.614,6.663,6.536,6.631,4904744.94
2023-03-16 12:00:00,6.632,6.636,6.46,6.618,6093422.63
2023-03-16 16:00:00,6.618,6.676,6.544,6.638,4201132.66
2023-03-16 20:00:00,6.639,6.674,6.515,6.652,3771785.8
2023-03-17 00:00:00,6.652,6.919,6.594,6.916,7545699.65
2023-03-17 04:00:00,6.917,6.955,6.815,6.913,5029519.21
2023-03-17 08:00:00,6.913,7.129,6.878,7.124,5157915.08
2023-03-17 12:00:00,7.125,7.203,6.954,6.997,10717381.21
2023-03-17 16:00:00,6.998,7.114,6.972,7.075,6278578.12
2023-03-17 20:00:00,7.076,7.256,7.024,7.206,6384764.88
2023-03-18 00:00:00,7.205,7.299,7.078,7.246,8133484.19
2023-03-18 04:00:00,7.247,7.273,7.17,7.246,3666217.34
2023-03-18 08:00:00,7.245,7.27,7.141,7.221,4308964.02
2023-03-18 12:00:00,7.222,7.255,6.96,7.026,8409449.04
2023-03-18 16:00:00,7.026,7.091,6.84,7.032,8236197.89
2023-03-18 20:00:00,7.031,7.102,6.884,6.922,4114496.95
2023-03-19 00:00:00,6.921,7.101,6.916,7.091,4131567.2
2023-03-19 04:00:00,7.092,7.111,6.968,7.047,2785417.96
2023-03-19 08:00:00,7.048,7.125,7.003,7.103,4382920.76
2023-03-19 12:00:00,7.104,7.197,7.045,7.148,5691153.93
2023-03-19 16:00:00,7.147,7.284,7.139,7.21,7028556.94
2023-03-19 20:00:00,7.209,7.228,7.044,7.081,5945565.14
2023-03-20 00:00:00,7.082,7.202,6.96,6.983,8562670.64
2023-03-20 04:00:00,6.982,7.178,6.907,7.168,4918384.75
2023-03-20 08:00:00,7.169,7.397,7.113,7.288,12697804.47
2023-03-20 12:00:00,7.287,7.428,7.211,7.344,11800860.97
2023-03-20 16:00:00,7.344,7.438,7.039,7.103,14759256.88
2023-03-20 20:00:00,7.104,7.218,6.99,7.047,6435794.26
2023-03-21 00:00:00,7.046,7.193,7.004,7.113,6158445.62
2023-03-21 04:00:00,7.112,7.153,6.856,6.88,5628708.05
2023-03-21 08:00:00,6.88,7.12,6.833,7.099,6681413.17
2023-03-21 12:00:00,7.099,7.365,7.081,7.262,10831378.68
2023-03-21 16:00:00,7.262,7.346,7.162,7.277,7268804.96
2023-03-21 20:00:00,7.278,7.472,7.265,7.373,9502698.7
2023-03-22 00:00:00,7.372,7.5,7.271,7.457,7447600.66
2023-03-22 04:00:00,7.457,7.568,7.399,7.476,7815731.05
2023-03-22 08:00:00,7.477,7.575,7.388,7.479,8809884.3
2023-03-22 12:00:00,7.479,7.716,7.459,7.598,17260103.55
2023-03-22 16:00:00,7.598,7.615,7.0,7.034,19244787.69
2023-03-22 20:00:00,7.033,7.184,6.992,7.17,10048688.66
2023-03-23 00:00:00,7.169,7.199,7.083,7.131,4345735.38
2023-03-23 04:00:00,7.13,7.281,7.115,7.27,3268847.34
2023-03-23 08:00:00,7.269,7.449,7.269,7.339,6384629.81
2023-03-23 12:00:00,7.339,7.627,7.303,7.576,9974963.56
2023-03-23 16:00:00,7.576,7.63,7.41,7.517,7514933.92
2023-03-23 20:00:00,7.516,7.63,7.473,7.603,5774399.79
2023-03-24 00:00:00,7.604,7.653,7.502,7.516,4451044.0
2023-03-24 04:00:00,7.517,7.534,7.446,7.473,2752369.67
2023-03-24 08:00:00,7.473,7.475,7.194,7.238,7049317.79
2023-03-24 12:00:00,7.238,7.417,7.228,7.325,7349021.12
2023-03-24 16:00:00,7.324,7.348,7.133,7.28,6316594.52
2023-03-24 20:00:00,7.281,7.288,7.107,7.189,3516714.52
2023-03-25 00:00:00,7.188,7.252,7.149,7.214,2655066.66
2023-03-25 04:00:00,7.213,7.233,7.134,7.141,2561402.38
2023-03-25 08:00:00,7.141,7.149,7.057,7.109,3754093.35
2023-03-25 12:00:00,7.11,7.145,7.036,7.126,4029802.55
2023-03-25 16:00:00,7.126,7.145,6.966,6.987,4991384.83
2023-03-25 20:00:00,6.986,7.085,6.964,7.072,2719891.18
2023-03-26 00:00:00,7.071,7.167,7.044,7.125,2790984.12
2023-03-26 04:00:00,7.124,7.186,7.11,7.135,1762331.05
2023-03-26 08:00:00,7.135,7.247,7.127,7.215,3441192.55
2023-03-26 12:00:00,7.215,7.286,7.153,7.182,4030950.79
2023-03-26 16:00:00,7.183,7.249,7.129,7.23,2341930.98
2023-03-26 20:00:00,7.23,7.284,7.171,7.256,2118567.22
2023-03-27 00:00:00,7.256,7.272,7.132,7.172,2543316.04
2023-03-27 04:00:00,7.172,7.189,7.1,7.127,2450843.22
2023-03-27 08:00:00,7.126,7.203,7.103,7.17,2511092.03
2023-03-27 12:00:00,7.171,7.196,6.731,6.876,11162258.52
2023-03-27 16:00:00,6.877,6.928,6.802,6.814,4511282.64
2023-03-27 20:00:00,6.815,6.88,6.774,6.864,3466873.56
2023-03-28 00:00:00,6.864,6.881,6.755,6.814,5352016.66
2023-03-28 04:00:00,6.815,6.91,6.808,6.856,2301715.66
2023-03-28 08:00:00,6.856,6.872,6.745,6.85,4285088.3
2023-03-28 12:00:00,6.851,6.889,6.801,6.857,4056220.74
2023-03-28 16:00:00,6.857,7.04,6.764,7.007,6155440.49
2023-03-28 20:00:00,7.008,7.025,6.887,6.945,3438691.64
2023-03-29 00:00:00,6.944,6.996,6.922,6.985,2516799.07
2023-03-29 04:00:00,6.984,7.177,6.974,7.166,5758830.52
2023-03-29 08:00:00,7.167,7.336,7.155,7.289,6948633.08
2023-03-29 12:00:00,7.289,7.378,7.226,7.354,7454406.77
2023-03-29 16:00:00,7.354,7.383,7.276,7.363,4025185.22
2023-03-29 20:00:00,7.363,7.497,7.332,7.381,6534704.79
2023-03-30 00:00:00,7.381,7.556,7.263,7.393,10473381.81
2023-03-30 04:00:00,7.393,7.526,7.367,7.376,5742658.75
2023-03-30 08:00:00,7.376,7.41,7.279,7.379,3631748.43
2023-03-30 12:00:00,7.38,7.388,7.237,7.263,5592209.11
2023-03-30 16:00:00,7.262,7.265,7.125,7.222,5464683.76
2023-03-30 20:00:00,7.223,7.277,7.181,7.225,3503514.49
2023-03-31 00:00:00,7.226,7.384,7.219,7.379,5625940.91
2023-03-31 04:00:00,7.379,7.528,7.292,7.508,6654027.59
2023-03-31 08:00:00,7.508,7.585,7.391,7.478,7052709.47
2023-03-31 12:00:00,7.477,7.674,7.462,7.578,10168667.59
2023-03-31 16:00:00,7.579,7.641,7.511,7.609,5552366.86
2023-03-31 20:00:00,7.609,7.663,7.577,7.584,3496635.91
2023-04-01 00:00:00,7.585,7.633,7.541,7.573,3268425.05
2023-04-01 04:00:00,7.573,7.6,7.473,7.561,2797358.34
2023-04-01 08:00:00,7.562,7.6,7.507,7.519,2905582.01
2023-04-01 12:00:00,7.518,7.546,7.445,7.486,3137789.7
2023-04-01 16:00:00,7.487,7.522,7.418,7.494,2958090.64
2023-04-01 20:00:00,7.495,7.555,7.493,7.545,2238008.83
2023-04-02 00:00:00,7.545,7.545,7.437,7.501,2106390.58
2023-04-02 04:00:00,7.501,7.525,7.473,7.504,1510834.71
2023-04-02 08:00:00,7.505,7.514,7.43,7.435,2266345.19
2023-04-02 12:00:00,7.436,7.441,7.26,7.318,6299874.54
2023-04-02 16:00:00,7.316,7.374,7.192,7.229,4229066.34
2023-04-02 20:00:00,7.23,7.285,7.185,7.248,4888853.05
2023-04-03 00:00:00,7.249,7.265,7.062,7.141,4323708.13
2023-04-03 04:00:00,7.141,7.248,7.113,7.248,2063442.2
2023-04-03 08:00:00,7.248,7.38,7.244,7.293,4930249.14
2023-04-03 12:00:00,7.294,7.368,7.21,7.276,4728460.01
2023-04-03 16:00:00,7.276,7.437,7.202,7.36,6530615.92
2023-04-03 20:00:00,7.36,7.372,7.015,7.239,9523661.01
2023-04-04 00:00:00,7.239,7.307,7.193,7.249,3921279.39
2023-04-04 04:00:00,7.25,7.313,7.224,7.253,2732082.67
2023-04-04 08:00:00,7.254,7.43,7.233,7.395,5180353.39
2023-04-04 12:00:00,7.396,7.418,7.31,7.36,4301298.9
2023-04-04 16:00:00,7.36,7.434,7.331,7.414,3137490.31
2023-04-04 20:00:00,7.414,7.479,7.342,7.367,3207821.55
2023-04-05 00:00:00,7.368,7.6,7.328,7.592,6533929.99
2023-04-05 04:00:00,7.592,7.604,7.527,7.548,2764969.54
2023-04-05 08:00:00,7.547,7.563,7.448,7.469,3101059.19
2023-04-05 12:00:00,7.469,7.497,7.212,7.292,9871668.38
2023-04-05 16:00:00,7.292,7.34,7.239,7.318,4348491.86
2023-04-05 20:00:00,7.317,7.359,7.287,7.316,2410589.61
2023-04-06 00:00:00,7.316,7.33,7.2,7.309,3591925.79
2023-04-06 04:00:00,7.309,7.309,7.237,7.242,2396488.1
2023-04-06 08:00:00,7.243,7.291,7.15,7.236,4092207.18
2023-04-06 12:00:00,7.236,7.288,7.161,7.269,3832107.51
2023-04-06 16:00:00,7.27,7.282,7.139,7.194,2818226.57
2023-04-06 20:00:00,7.194,7.205,7.106,7.195,3376395.38
2023-04-07 00:00:00,7.195,7.228,7.15,7.178,2331884.89
2023-04-07 04:00:00,7.178,7.213,7.1,7.125,2567002.54
2023-04-07 08:00:00,7.124,7.183,7.1,7.138,2212531.5
2023-04-07 12:00:00,7.138,7.23,7.125,7.227,3312280.79
2023-04-07 16:00:00,7.226,7.24,7.2,7.229,1900371.05
2023-04-07 20:00:00,7.229,7.306,7.196,7.262,2908293.24
2023-04-08 00:00:00,7.263,7.291,7.207,7.263,2320393.7
2023-04-08 04:00:00,7.264,7.294,7.238,7.246,1539509.02
2023-04-08 08:00:00,7.246,7.259,7.202,7.207,1295862.91
2023-04-08 12:00:00,7.207,7.24,7.175,7.216,1552094.99
2023-04-08 16:00:00,7.216,7.221,7.101,7.115,2989998.7
2023-04-08 20:00:00,7.114,7.15,7.07,7.124,2170176.21
2023-04-09 00:00:00,7.125,7.184,7.116,7.155,1254431.31
2023-04-09 04:00:00,7.156,7.173,7.06,7.12,2133415.43
2023-04-09 08:00:00,7.12,7.126,7.072,7.106,1486659.38
2023-04-09 12:00:00,7.105,7.126,7.042,7.105,2151026.09
2023-04-09 16:00:00,7.105,7.21,7.085,7.196,2465676.98
2023-04-09 20:00:00,7.197,7.251,7.179,7.198,2475051.61
2023-04-10 00:00:00,7.198,7.223,7.126,7.173,2073734.24
2023-04-10 04:00:00,7.174,7.23,7.16,7.228,1225930.61
2023-04-10 08:00:00,7.228,7.245,7.204,7.206,2025499.75
2023-04-10 12:00:00,7.207,7.232,7.146,7.207,2733637.0
2023-04-10 16:00:00,7.208,7.356,7.174,7.285,5603039.98
2023-04-10 20:00:00,7.285,7.363,7.232,7.34,4408359.67
2023-04-11 00:00:00,7.34,7.415,7.315,7.339,4206473.95
2023-04-11 04:00:00,7.339,7.429,7.324,7.417,2983487.47
2023-04-11 08:00:00,7.417,7.45,7.371,7.383,2606852.02
2023-04-11 12:00:00,7.383,7.421,7.338,7.381,3634711.86
2023-04-11 16:00:00,7.381,7.398,7.301,7.321,3112812.72
2023-04-11 20:00:00,7.321,7.338,7.27,7.297,2202810.83
2023-04-12 00:00:00,7.297,7.325,7.086,7.129,5552143.5
2023-04-12 04:00:00,7.129,7.212,7.115,7.183,2483852.15
2023-04-12 08:00:00,7.184,7.189,7.151,7.175,1630385.56
2023-04-12 12:00:00,7.175,7.369,7.137,7.286,8968509.31
2023-04-12 16:00:00,7.286,7.302,7.131,7.179,4083770.66
2023-04-12 20:00:00,7.179,7.26,7.17,7.229,2526554.74
2023-04-13 00:00:00,7.228,7.244,7.167,7.213,2550859.32
2023-04-13 04:00:00,7.213,7.256,7.208,7.251,1597966.77
2023-04-13 08:00:00,7.25,7.418,7.25,7.363,5386667.64
2023-04-13 12:00:00,7.363,7.474,7.362,7.407,4834912.41
2023-04-13 16:00:00,7.407,7.55,7.406,7.458,4922698.42
2023-04-13 20:00:00,7.458,7.469,7.415,7.457,2220955.06
2023-04-14 00:00:00,7.458,7.767,7.455,7.708,9407007.3
2023-04-14 04:00:00,7.709,7.907,7.702,7.767,7479570.74
2023-04-14 08:00:00,7.768,7.845,7.763,7.813,3461934.89
2023-04-14 12:00:00,7.814,7.827,7.54,7.549,11078346.57
2023-04-14 16:00:00,7.549,7.762,7.53,7.759,5356685.23
2023-04-14 20:00:00,7.759,7.818,7.723,7.745,3154478.19
2023-04-15 00:00:00,7.745,7.756,7.611,7.648,3046724.94
2023-04-15 04:00:00,7.647,7.718,7.62,7.706,2225803.53
2023-04-15 08:00:00,7.705,7.878,7.683,7.825,5283990.76
2023-04-15 12:00:00,7.826,8.008,7.774,7.969,6898073.63
2023-04-15 16:00:00,7.97,8.099,7.927,7.984,7732300.8
2023-04-15 20:00:00,7.983,8.049,7.936,8.013,2893927.4
2023-04-16 00:00:00,8.013,8.172,7.96,8.007,7795449.06
2023-04-16 04:00:00,8.007,8.114,7.992,8.086,3147547.17
2023-04-16 08:00:00,8.086,8.108,7.949,7.964,3264168.32
2023-04-16 12:00:00,7.964,8.009,7.9,7.959,3728174.67
2023-04-16 16:00:00,7.959,8.138,7.936,8.045,3936678.89
2023-04-16 20:00:00,8.046,8.198,7.981,8.142,4880590.81
2023-04-17 00:00:00,8.141,8.282,7.856,8.217,10989024.1
2023-04-17 04:00:00,8.217,8.307,8.104,8.112,7282758.13
2023-04-17 08:00:00,8.113,8.182,7.927,7.982,7176161.82
2023-04-17 12:00:00,7.981,8.192,7.979,8.061,9783253.17
2023-04-17 16:00:00,8.06,8.26,8.05,8.241,5686096.22
2023-04-17 20:00:00,8.242,8.281,8.132,8.166,5397095.16
2023-04-18 00:00:00,8.167,8.175,8.024,8.083,4496956.14
2023-04-18 04:00:00,8.083,8.465,8.068,8.433,8631158.51
2023-04-18 08:00:00,8.434,8.778,8.413,8.718,14270098.75
2023-04-18 12:00:00,8.717,8.804,8.567,8.732,12691315.24
2023-04-18 16:00:00,8.732,8.738,8.527,8.557,8276839.8
2023-04-18 20:00:00,8.556,8.637,8.529,8.584,4666589.67
2023-04-19 00:00:00,8.584,8.607,8.48,8.572,5046381.97
2023-04-19 04:00:00,8.573,8.596,8.38,8.402,6357979.43
2023-04-19 08:00:00,8.401,8.407,7.782,8.052,20670609.77
2023-04-19 12:00:00,8.052,8.12,7.953,8.026,7326325.15
2023-04-19 16:00:00,8.026,8.089,7.902,7.956,6315085.38
2023-04-19 20:00:00,7.955,7.985,7.612,7.749,8767379.6
2023-04-20 00:00:00,7.749,7.886,7.669,7.82,5527088.31
2023-04-20 04:00:00,7.821,7.885,7.768,7.774,3814236.24
2023-04-20 08:00:00,7.774,7.876,7.723,7.745,4434092.16
2023-04-20 12:00:00,7.745,7.969,7.687,7.725,9381862.81
2023-04-20 16:00:00,7.725,7.731,7.451,7.52,13509110.83
2023-04-20 20:00:00,7.52,7.615,7.461,7.51,3866794.62
2023-04-21 00:00:00,7.509,7.606,7.465,7.558,3933541.34
2023-04-21 04:00:00,7.559,7.571,7.364,7.537,5207423.12
2023-04-21 08:00:00,7.538,7.572,7.392,7.42,4491110.47
2023-04-21 12:00:00,7.419,7.473,7.321,7.378,7136909.78
2023-04-21 16:00:00,7.378,7.392,7.021,7.068,11077282.87
2023-04-21 20:00:00,7.069,7.125,7.004,7.108,5687480.7
2023-04-22 00:00:00,7.108,7.179,7.076,7.169,3045282.57
2023-04-22 04:00:00,7.169,7.169,7.075,7.084,2205558.0
2023-04-22 08:00:00,7.085,7.166,7.08,7.15,2397087.28
2023-04-22 12:00:00,7.149,7.215,7.103,7.167,3616908.27
2023-04-22 16:00:00,7.168,7.236,7.122,7.145,3555696.6
2023-04-22 20:00:00,7.145,7.197,7.093,7.169,2788443.87
2023-04-23 00:00:00,7.169,7.169,6.989,7.108,4918396.37
2023-04-23 04:00:00,7.108,7.131,7.075,7.123,1917019.07
2023-04-23 08:00:00,7.124,7.137,7.056,7.114,2479174.96
2023-04-23 12:00:00,7.115,7.129,6.916,6.986,5605164.64
2023-04-23 16:00:00,6.985,7.07,6.85,6.947,6724415.75
2023-04-23 20:00:00,6.947,7.09,6.927,7.08,3411368.11
2023-04-24 00:00:00,7.08,7.221,7.039,7.154,5564911.28
2023-04-24 04:00:00,7.153,7.154,7.016,7.099,3473845.37
2023-04-24 08:00:00,7.099,7.219,7.041,7.215,5967666.71
2023-04-24 12:00:00,7.216,7.267,7.077,7.088,6581521.87
2023-04-24 16:00:00,7.088,7.163,6.985,7.075,5495224.48
2023-04-24 20:00:00,7.074,7.112,7.045,7.065,2286469.64
2023-04-25 00:00:00,7.065,7.099,6.962,6.983,3352009.18
2023-04-25 04:00:00,6.984,7.067,6.97,6.986,2954314.43
2023-04-25 08:00:00,6.985,7.069,6.942,7.045,3303595.39
2023-04-25 12:00:00,7.046,7.107,6.99,7.008,4497397.0
2023-04-25 16:00:00,7.009,7.143,6.991,7.082,4165918.04
2023-04-25 20:00:00,7.082,7.298,7.072,7.271,5775190.9
2023-04-26 00:00:00,7.272,7.332,7.189,7.212,2717450.42
2023-04-26 04:00:00,7.213,7.291,7.21,7.245,2038419.84
2023-04-26 08:00:00,7.246,7.417,7.235,7.381,5425969.59
2023-04-26 12:00:00,7.381,7.5,7.35,7.436,6879941.55
2023-04-26 16:00:00,7.436,7.451,6.803,6.882,9789750.36
2023-04-26 20:00:00,6.881,7.034,6.691,6.998,10412681.96
2023-04-27 00:00:00,6.999,7.223,6.978,7.046,8220831.79
2023-04-27 04:00:00,7.046,7.127,6.978,7.051,3935542.17
2023-04-27 08:00:00,7.051,7.092,7.009,7.049,3278723.28
2023-04-27 12:00:00,7.05,7.17,6.974,7.119,6004627.45
2023-04-27 16:00:00,7.12,7.229,7.083,7.196,4766028.39
2023-04-27 20:00:00,7.195,7.229,7.1,7.166,3042785.52
2023-04-28 00:00:00,7.167,7.176,7.09,7.109,2185442.76
2023-04-28 04:00:00,7.109,7.185,7.104,7.181,1996588.54
2023-04-28 08:00:00,7.181,7.181,7.031,7.033,2970980.38
2023-04-28 12:00:00,7.034,7.089,6.927,7.02,5786334.05
2023-04-28 16:00:00,7.02,7.066,6.989,7.04,2952637.95
2023-04-28 20:00:00,7.04,7.066,7.021,7.036,1256119.21
2023-04-29 00:00:00,7.036,7.065,6.987,7.047,1655202.53
2023-04-29 04:00:00,7.048,7.095,7.046,7.088,1623977.55
2023-04-29 08:00:00,7.088,7.148,7.05,7.14,2828680.53
2023-04-29 12:00:00,7.14,7.217,7.122,7.185,3818282.54
2023-04-29 16:00:00,7.186,7.198,7.06,7.194,2619716.38
2023-04-29 20:00:00,7.194,7.209,7.144,7.181,1869836.59
2023-04-30 00:00:00,7.182,7.202,7.111,7.14,2152599.63
2023-04-30 04:00:00,7.141,7.21,7.132,7.173,1897998.11
2023-04-30 08:00:00,7.174,7.264,7.149,7.212,4034373.97
2023-04-30 12:00:00,7.212,7.303,7.174,7.239,4732907.47
2023-04-30 16:00:00,7.239,7.288,7.085,7.125,4403359.31
2023-04-30 20:00:00,7.125,7.125,7.008,7.019,4577924.39
2023-05-01 00:00:00,7.019,7.078,6.831,7.005,6626214.36
2023-05-01 04:00:00,7.004,7.028,6.944,6.989,2317463.8
2023-05-01 08:00:00,6.99,7.015,6.957,6.959,1671802.03
2023-05-01 12:00:00,6.959,6.977,6.866,6.907,4802534.57
2023-05-01 16:00:00,6.908,6.95,6.784,6.813,5278022.43
2023-05-01 20:00:00,6.813,6.905,6.797,6.891,2458988.82
2023-05-02 00:00:00,6.891,6.905,6.844,6.89,1644645.76
2023-05-02 04:00:00,6.891,6.933,6.87,6.919,1732653.58
2023-05-02 08:00:00,6.92,6.931,6.855,6.884,1834793.99
2023-05-02 12:00:00,6.884,6.954,6.794,6.905,5954578.25
2023-05-02 16:00:00,6.904,7.011,6.873,6.993,4065702.46
2023-05-02 20:00:00,6.993,7.005,6.962,6.983,2270982.34
2023-05-03 00:00:00,6.983,6.986,6.885,6.971,2785434.45
2023-05-03 04:00:00,6.972,7.0,6.938,6.971,2528388.68
2023-05-03 08:00:00,6.972,6.987,6.9,6.906,2054269.13
2023-05-03 12:00:00,6.905,6.916,6.813,6.864,6170891.79
2023-05-03 16:00:00,6.864,7.086,6.846,6.992,10529935.27
2023-05-03 20:00:00,6.992,7.148,6.976,7.128,4287139.43
2023-05-04 00:00:00,7.127,7.16,7.091,7.109,2361834.77
2023-05-04 04:00:00,7.109,7.137,7.063,7.065,1964644.54
2023-05-04 08:00:00,7.066,7.121,7.046,7.063,2012755.04
2023-05-04 12:00:00,7.062,7.08,6.982,7.026,3652977.91
2023-05-04 16:00:00,7.025,7.039,6.953,6.982,2788700.95
2023-05-04 20:00:00,6.982,6.998,6.956,6.993,1500118.66
2023-05-05 00:00:00,6.993,7.111,6.984,7.06,2980629.89
2023-05-05 04:00:00,7.06,7.088,7.037,7.042,1612996.33
2023-05-05 08:00:00,7.043,7.061,7.015,7.045,1588525.81
2023-05-05 12:00:00,7.045,7.149,6.855,7.138,7322057.48
2023-05-05 16:00:00,7.139,7.258,7.137,7.247,5820924.85
2023-05-05 20:00:00,7.248,7.276,7.215,7.223,2169974.19
2023-05-06 00:00:00,7.224,7.278,7.143,7.157,2801245.84
2023-05-06 04:00:00,7.157,7.185,7.095,7.106,2051156.0
2023-05-06 08:00:00,7.106,7.106,7.026,7.085,3810636.47
2023-05-06 12:00:00,7.085,7.086,6.85,6.902,6711705.31
2023-05-06 16:00:00,6.903,6.996,6.886,6.96,2936775.45
2023-05-06 20:00:00,6.961,6.977,6.903,6.916,1544770.3
2023-05-07 00:00:00,6.917,6.976,6.87,6.883,2888013.27
2023-05-07 04:00:00,6.883,6.925,6.882,6.914,1422722.2
2023-05-07 08:00:00,6.915,6.947,6.897,6.926,1826985.51
2023-05-07 12:00:00,6.926,6.988,6.925,6.934,2107810.21
2023-05-07 16:00:00,6.934,6.958,6.894,6.915,2001824.69
2023-05-07 20:00:00,6.914,6.972,6.857,6.907,3473731.36
2023-05-08 00:00:00,6.906,6.91,6.524,6.725,9196829.71
2023-05-08 04:00:00,6.725,6.737,6.58,6.626,3761252.78
2023-05-08 08:00:00,6.626,6.736,6.609,6.719,3412142.71
2023-05-08 12:00:00,6.72,6.758,6.662,6.716,3290481.95
2023-05-08 16:00:00,6.716,6.724,6.35,6.533,9711405.67
2023-05-08 20:00:00,6.533,6.606,6.526,6.579,2627164.99
2023-05-09 00:00:00,6.58,6.629,6.541,6.542,2470982.94
2023-05-09 04:00:00,6.543,6.596,6.517,6.592,2305539.13
2023-05-09 08:00:00,6.593,6.594,6.529,6.569,2196812.66
2023-05-09 12:00:00,6.57,6.598,6.45,6.473,3592061.3
2023-05-09 16:00:00,6.473,6.557,6.447,6.518,2977245.68
2023-05-09 20:00:00,6.517,6.543,6.476,6.518,1523860.35
2023-05-10 00:00:00,6.518,6.556,6.493,6.504,1819017.72
2023-05-10 04:00:00,6.503,6.536,6.483,6.498,1439782.0
2023-05-10 08:00:00,6.498,6.55,6.457,6.533,2676370.0
2023-05-10 12:00:00,6.534,6.693,6.504,6.61,6605231.85
2023-05-10 16:00:00,6.609,6.635,6.264,6.571,9306300.94
2023-05-10 20:00:00,6.572,6.643,6.548,6.584,3582129.21
2023-05-11 00:00:00,6.584,6.588,6.492,6.504,2762188.58
2023-05-11 04:00:00,6.504,6.545,6.476,6.499,3067318.43
2023-05-11 08:00:00,6.498,6.499,6.418,6.451,2926802.08
2023-05-11 12:00:00,6.453,6.52,6.25,6.369,7824424.87
2023-05-11 16:00:00,6.369,6.383,6.205,6.308,6315555.71
2023-05-11 20:00:00,6.307,6.381,6.301,6.354,2384124.75
2023-05-12 00:00:00,6.355,6.394,6.243,6.258,2847843.99
2023-05-12 04:00:00,6.257,6.384,6.217,6.374,4394001.16
2023-05-12 08:00:00,6.375,6.456,6.362,6.406,3182573.67
2023-05-12 12:00:00,6.405,6.477,6.385,6.398,3414552.44
2023-05-12 16:00:00,6.397,6.499,6.318,6.477,4426325.76
2023-05-12 20:00:00,6.477,6.637,6.454,6.62,5025684.1
2023-05-13 00:00:00,6.621,6.632,6.554,6.589,2284561.34
2023-05-13 04:00:00,6.59,6.607,6.565,6.599,1463011.11
2023-05-13 08:00:00,6.6,6.609,6.545,6.548,1470392.7
2023-05-13 12:00:00,6.548,6.587,6.492,6.53,2145487.88
2023-05-13 16:00:00,6.53,6.549,6.468,6.5,2477725.02
2023-05-13 20:00:00,6.5,6.523,6.481,6.488,1658281.41
2023-05-14 00:00:00,6.489,6.527,6.433,6.508,2181068.74
2023-05-14 04:00:00,6.508,6.544,6.498,6.524,1572297.8
2023-05-14 08:00:00,6.523,6.54,6.51,6.531,1244346.93
2023-05-14 12:00:00,6.532,6.611,6.505,6.586,2527479.93
2023-05-14 16:00:00,6.586,6.602,6.486,6.501,2240329.4
2023-05-14 20:00:00,6.5,6.546,6.482,6.543,1590509.67
2023-05-15 00:00:00,6.543,6.644,6.448,6.623,5024280.73
2023-05-15 04:00:00,6.623,6.708,6.607,6.671,4620219.35
2023-05-15 08:00:00,6.672,6.701,6.628,6.63,2192562.8
2023-05-15 12:00:00,6.63,6.67,6.588,6.654,2762062.01
2023-05-15 16:00:00,6.653,6.699,6.617,6.677,2807323.04
2023-05-15 20:00:00,6.678,6.678,6.606,6.63,1823508.26
2023-05-16 00:00:00,6.63,6.668,6.545,6.62,4134842.07
2023-05-16 04:00:00,6.62,6.706,6.606,6.688,3107026.66
2023-05-16 08:00:00,6.689,6.725,6.644,6.648,3291939.1
2023-05-16 12:00:00,6.647,6.674,6.556,6.647,4156435.83
2023-05-16 16:00:00,6.648,6.688,6.611,6.612,2742380.44
2023-05-16 20:00:00,6.613,6.669,6.593,6.656,1805156.93
2023-05-17 00:00:00,6.657,6.734,6.618,6.691,3168450.37
2023-05-17 04:00:00,6.69,6.728,6.572,6.586,3645187.69
2023-05-17 08:00:00,6.585,6.609,6.546,6.556,3369614.6
2023-05-17 12:00:00,6.556,6.637,6.551,6.596,4026358.08
2023-05-17 16:00:00,6.596,6.8,6.573,6.774,6217911.77
2023-05-17 20:00:00,6.774,6.803,6.71,6.754,3853510.24
2023-05-18 00:00:00,6.754,6.764,6.717,6.753,1951526.96
2023-05-18 04:00:00,6.753,6.756,6.676,6.724,2350708.37
2023-05-18 08:00:00,6.725,6.736,6.671,6.689,2205485.75
2023-05-18 12:00:00,6.688,6.695,6.603,6.636,4684340.69
2023-05-18 16:00:00,6.636,6.654,6.423,6.488,8914571.37
2023-05-18 20:00:00,6.489,6.561,6.456,6.527,2906906.94
2023-05-19 00:00:00,6.528,6.53,6.478,6.497,2267498.35
2023-05-19 04:00:00,6.498,6.53,6.47,6.527,2094477.93
2023-05-19 08:00:00,6.526,6.527,6.488,6.505,1974382.49
2023-05-19 12:00:00,6.504,6.555,6.45,6.51,4184314.25
2023-05-19 16:00:00,6.51,6.528,6.455,6.49,2547584.66
2023-05-19 20:00:00,6.49,6.518,6.479,6.508,1515868.54
2023-05-20 00:00:00,6.508,6.516,6.464,6.498,1693128.49
2023-05-20 04:00:00,6.498,6.499,6.466,6.482,1332481.88
2023-05-20 08:00:00,6.483,6.499,6.48,6.491,1145825.38
2023-05-20 12:00:00,6.492,6.507,6.481,6.497,1133820.8
2023-05-20 16:00:00,6.496,6.541,6.482,6.498,1553326.48
2023-05-20 20:00:00,6.498,6.509,6.473,6.499,976890.5
2023-05-21 00:00:00,6.5,6.542,6.494,6.505,1338525.02
2023-05-21 04:00:00,6.505,6.521,6.5,6.502,809136.74
2023-05-21 08:00:00,6.503,6.505,6.432,6.457,2188963.83
2023-05-21 12:00:00,6.456,6.495,6.344,6.415,2945665.49
2023-05-21 16:00:00,6.415,6.436,6.381,6.42,2025503.01
2023-05-21 20:00:00,6.421,6.437,6.355,6.425,1974665.38
2023-05-22 00:00:00,6.426,6.481,6.328,6.466,4894458.08
2023-05-22 04:00:00,6.466,6.479,6.431,6.469,2550153.17
2023-05-22 08:00:00,6.47,6.606,6.466,6.527,6094354.05
2023-05-22 12:00:00,6.527,6.586,6.492,6.505,4431528.43
2023-05-22 16:00:00,6.505,6.539,6.487,6.51,2582917.04
2023-05-22 20:00:00,6.51,6.537,6.5,6.529,1232233.8
2023-05-23 00:00:00,6.53,6.632,6.499,6.623,3922210.63
2023-05-23 04:00:00,6.623,6.632,6.534,6.547,3091178.12
2023-05-23 08:00:00,6.546,6.561,6.515,6.536,1986934.82
2023-05-23 12:00:00,6.536,6.56,6.509,6.545,2425853.66
2023-05-23 16:00:00,6.546,6.547,6.468,6.508,2702648.63
2023-05-23 20:00:00,6.507,6.528,6.49,6.502,1411378.53
2023-05-24 00:00:00,6.503,6.509,6.352,6.39,4219821.73
2023-05-24 04:00:00,6.39,6.39,6.313,6.334,5615749.73
2023-05-24 08:00:00,6.333,6.374,6.324,6.339,2430120.96
2023-05-24 12:00:00,6.339,6.348,6.189,6.265,6977947.67
2023-05-24 16:00:00,6.266,6.337,6.24,6.319,2871898.86
2023-05-24 20:00:00,6.32,6.36,6.306,6.317,2187635.59
2023-05-25 00:00:00,6.317,6.334,6.15,6.272,4184147.11
2023-05-25 04:00:00,6.272,6.305,6.262,6.291,1920780.95
2023-05-25 08:00:00,6.291,6.314,6.275,6.303,1517158.67
2023-05-25 12:00:00,6.303,6.345,6.239,6.244,3478707.24
2023-05-25 16:00:00,6.244,6.329,6.234,6.307,3195457.26
2023-05-25 20:00:00,6.307,6.312,6.261,6.275,1546553.07
2023-05-26 00:00:00,6.276,6.29,6.23,6.285,2010106.06
2023-05-26 04:00:00,6.285,6.316,6.259,6.307,1565899.38
2023-05-26 08:00:00,6.307,6.336,6.289,6.309,1939205.93
2023-05-26 12:00:00,6.309,6.381,6.27,6.348,4760323.48
2023-05-26 16:00:00,6.348,6.379,6.312,6.37,2339760.8
2023-05-26 20:00:00,6.369,6.381,6.341,6.342,1177726.6
2023-05-27 00:00:00,6.342,6.369,6.335,6.354,1118924.75
2023-05-27 04:00:00,6.355,6.377,6.337,6.354,1588722.95
2023-05-27 08:00:00,6.353,6.373,6.338,6.368,1375029.55
2023-05-27 12:00:00,6.369,6.398,6.319,6.397,2215463.36
2023-05-27 16:00:00,6.397,6.421,6.374,6.42,1689867.85
2023-05-27 20:00:00,6.42,6.44,6.409,6.436,1559494.83
2023-05-28 00:00:00,6.435,6.597,6.415,6.522,5602316.86
2023-05-28 04:00:00,6.522,6.539,6.487,6.493,1646187.28
2023-05-28 08:00:00,6.493,6.518,6.456,6.473,1941642.8
2023-05-28 12:00:00,6.474,6.511,6.466,6.505,1556455.0
2023-05-28 16:00:00,6.505,6.558,6.487,6.541,2146404.07
2023-05-28 20:00:00,6.541,6.661,6.52,6.634,3892314.61
2023-05-29 00:00:00,6.633,6.674,6.583,6.592,3048198.82
2023-05-29 04:00:00,6.593,6.62,6.562,6.602,2014484.84
2023-05-29 08:00:00,6.602,6.628,6.57,6.621,1611531.53
2023-05-29 12:00:00,6.621,6.629,6.546,6.56,2818271.95
2023-05-29 16:00:00,6.559,6.616,6.522,6.588,2596913.37
2023-05-29 20:00:00,6.587,6.678,6.582,6.637,2155062.46
2023-05-30 00:00:00,6.637,6.673,6.612,6.614,2369209.28
2023-05-30 04:00:00,6.613,6.62,6.534,6.539,2202603.74
2023-05-30 08:00:00,6.54,6.636,6.535,6.627,2411908.23
2023-05-30 12:00:00,6.627,6.633,6.532,6.577,3033225.01
2023-05-30 16:00:00,6.577,6.63,6.536,6.629,2427701.36
2023-05-30 20:00:00,6.628,6.655,6.603,6.612,1803049.14
2023-05-31 00:00:00,6.611,6.636,6.548,6.606,2232042.23
2023-05-31 04:00:00,6.606,6.61,6.421,6.483,4902745.44
2023-05-31 08:00:00,6.483,6.511,6.454,6.456,2230148.65
2023-05-31 12:00:00,6.457,6.494,6.38,6.442,4209379.46
2023-05-31 16:00:00,6.441,6.478,6.429,6.451,2046567.09
2023-05-31 20:00:00,6.452,6.486,6.431,6.475,1331463.15
2023-06-01 00:00:00,6.475,6.517,6.364,6.432,3822773.88
2023-06-01 04:00:00,6.431,6.46,6.403,6.409,2052308.16
2023-06-01 08:00:00,6.408,6.44,6.393,6.4,1639011.74
2023-06-01 12:00:00,6.4,6.424,6.381,6.409,2145815.37
2023-06-01 16:00:00,6.409,6.455,6.32,6.383,3451379.95
2023-06-01 20:00:00,6.382,6.4,6.31,6.342,1853642.52
2023-06-02 00:00:00,6.342,6.447,6.299,6.444,2612566.86
2023-06-02 04:00:00,6.445,6.479,6.415,6.418,2380405.34
2023-06-02 08:00:00,6.419,6.442,6.388,6.417,1895501.63
2023-06-02 12:00:00,6.416,6.42,6.343,6.39,3574054.37
2023-06-02 16:00:00,6.39,6.455,6.367,6.452,2263578.63
2023-06-02 20:00:00,6.453,6.464,6.415,6.446,1324886.43
2023-06-03 00:00:00,6.446,6.457,6.394,6.414,1392653.73
2023-06-03 04:00:00,6.413,6.443,6.407,6.433,1075436.85
2023-06-03 08:00:00,6.433,6.442,6.409,6.437,901072.07
2023-06-03 12:00:00,6.437,6.449,6.403,6.436,1224181.85
2023-06-03 16:00:00,6.436,6.446,6.355,6.383,2081912.83
2023-06-03 20:00:00,6.383,6.42,6.363,6.418,765990.7
2023-06-04 00:00:00,6.419,6.467,6.39,6.452,1281409.11
2023-06-04 04:00:00,6.452,6.497,6.43,6.482,1440618.25
2023-06-04 08:00:00,6.481,6.512,6.481,6.494,1623688.84
2023-06-04 12:00:00,6.493,6.527,6.464,6.496,2178017.38
2023-06-04 16:00:00,6.496,6.52,6.472,6.518,1095647.15
2023-06-04 20:00:00,6.518,6.53,6.439,6.446,2203391.86
2023-06-05 00:00:00,6.446,6.491,6.346,6.357,4285686.84
2023-06-05 04:00:00,6.357,6.397,6.344,6.397,1791127.09
2023-06-05 08:00:00,6.397,6.406,6.359,6.374,1735732.44
2023-06-05 12:00:00,6.373,6.379,6.051,6.078,7755813.13
2023-06-05 16:00:00,6.082,6.16,5.924,6.049,10061015.86
2023-06-05 20:00:00,6.05,6.064,6.005,6.05,1999234.03
2023-06-06 00:00:00,6.05,6.075,5.999,6.044,1893762.88
2023-06-06 04:00:00,6.044,6.092,6.041,6.082,1277285.32
2023-06-06 08:00:00,6.082,6.13,6.078,6.107,1726019.23
2023-06-06 12:00:00,6.107,6.228,6.016,6.227,7989931.74
2023-06-06 16:00:00,6.226,6.309,6.202,6.288,4337988.61
2023-06-06 20:00:00,6.288,6.312,6.21,6.259,2822943.37
2023-06-07 00:00:00,6.259,6.268,6.162,6.181,2299886.93
2023-06-07 04:00:00,6.18,6.224,6.169,6.174,1577071.3
2023-06-07 08:00:00,6.175,6.186,6.057,6.101,4716788.88
2023-06-07 12:00:00,6.101,6.105,5.936,5.982,7212986.94
2023-06-07 16:00:00,5.982,5.992,5.905,5.934,4171706.57
2023-06-07 20:00:00,5.934,5.941,5.822,5.914,3981794.78
2023-06-08 00:00:00,5.913,5.967,5.878,5.906,2837291.8
2023-06-08 04:00:00,5.907,5.981,5.901,5.967,2125469.81
2023-06-08 08:00:00,5.967,6.013,5.958,5.988,2535776.66
2023-06-08 12:00:00,5.989,6.03,5.961,6.015,3365128.4
2023-06-08 16:00:00,6.015,6.018,5.941,6.017,2115559.23
2023-06-08 20:00:00,6.016,6.034,5.977,5.991,1529658.36
2023-06-09 00:00:00,5.992,6.002,5.916,5.971,2541634.94
2023-06-09 04:00:00,5.971,5.981,5.925,5.939,1799294.99
2023-06-09 08:00:00,5.939,6.012,5.923,6.001,1779527.68
2023-06-09 12:00:00,6.002,6.08,5.981,5.988,3549293.92
2023-06-09 16:00:00,5.987,6.022,5.929,5.932,2998907.55
2023-06-09 20:00:00,5.931,5.998,5.922,5.989,1873613.32
2023-06-10 00:00:00,5.989,6.006,5.746,5.77,7158319.98
2023-06-10 04:00:00,5.771,5.791,4.689,5.102,26273994.43
2023-06-10 08:00:00,5.102,5.144,4.96,5.064,7739041.32
2023-06-10 12:00:00,5.063,5.084,4.95,5.014,8437763.73
2023-06-10 16:00:00,5.013,5.166,4.901,5.15,9336826.98
2023-06-10 20:00:00,5.149,5.283,5.13,5.229,5184531.41
2023-06-11 00:00:00,5.23,5.236,5.164,5.187,3265518.75
2023-06-11 04:00:00,5.187,5.208,5.142,5.157,2564625.9
2023-06-11 08:00:00,5.156,5.202,5.134,5.175,2956685.09
2023-06-11 12:00:00,5.175,5.192,5.086,5.098,3748936.8
2023-06-11 16:00:00,5.099,5.228,5.095,5.193,4496912.42
2023-06-11 20:00:00,5.193,5.249,5.1,5.171,4024615.94
2023-06-12 00:00:00,5.171,5.188,4.994,5.065,5732935.34
2023-06-12 04:00:00,5.065,5.125,5.059,5.072,3068756.28
2023-06-12 08:00:00,5.072,5.189,5.058,5.132,3823414.47
2023-06-12 12:00:00,5.133,5.17,5.098,5.102,3594206.4
2023-06-12 16:00:00,5.102,5.194,5.073,5.144,5080559.39
2023-06-12 20:00:00,5.144,5.192,5.135,5.156,2210757.4
2023-06-13 00:00:00,5.157,5.233,5.106,5.208,4030700.01
2023-06-13 04:00:00,5.208,5.26,5.157,5.239,3270614.29
2023-06-13 08:00:00,5.238,5.33,5.213,5.312,4746205.51
2023-06-13 12:00:00,5.312,5.416,5.174,5.185,10246929.59
2023-06-13 16:00:00,5.184,5.269,5.178,5.253,2990499.66
2023-06-13 20:00:00,5.252,5.302,5.235,5.295,2647693.88
2023-06-14 00:00:00,5.295,5.39,5.281,5.389,3751183.08
2023-06-14 04:00:00,5.388,5.407,5.352,5.368,4082485.62
2023-06-14 08:00:00,5.368,5.417,5.357,5.39,3941323.55
2023-06-14 12:00:00,5.39,5.415,5.343,5.389,4059631.03
2023-06-14 16:00:00,5.389,5.505,5.328,5.444,11004709.09
2023-06-14 20:00:00,5.444,5.447,5.136,5.247,15439656.2
2023-06-15 00:00:00,5.246,5.338,5.236,5.304,4534724.46
2023-06-15 04:00:00,5.305,5.322,5.225,5.257,5342393.41
2023-06-15 08:00:00,5.257,5.31,5.177,5.275,6250812.42
2023-06-15 12:00:00,5.275,5.293,5.219,5.226,4538329.0
2023-06-15 16:00:00,5.226,5.352,5.156,5.347,8545274.93
2023-06-15 20:00:00,5.347,5.417,5.285,5.307,4473022.62
2023-06-16 00:00:00,5.307,5.308,5.247,5.293,2711384.95
2023-06-16 04:00:00,5.294,5.303,5.256,5.26,2199916.75
2023-06-16 08:00:00,5.26,5.292,5.175,5.187,3969946.8
2023-06-16 12:00:00,5.187,5.272,5.118,5.268,6439018.3
2023-06-16 16:00:00,5.267,5.396,5.224,5.373,7258539.75
2023-06-16 20:00:00,5.373,5.375,5.306,5.321,2566132.01
2023-06-17 00:00:00,5.322,5.327,5.257,5.263,3247888.12
2023-06-17 04:00:00,5.263,5.393,5.217,5.347,6631457.78
2023-06-17 08:00:00,5.348,5.386,5.331,5.354,2933204.19
2023-06-17 12:00:00,5.355,5.368,5.298,5.31,3829227.46
2023-06-17 16:00:00,5.31,5.328,5.275,5.281,2096767.18
2023-06-17 20:00:00,5.281,5.298,5.252,5.277,2361620.92
2023-06-18 00:00:00,5.277,5.277,5.209,5.25,3314569.53
2023-06-18 04:00:00,5.249,5.281,5.21,5.241,3635568.48
2023-06-18 08:00:00,5.24,5.279,5.216,5.246,2193341.88
2023-06-18 12:00:00,5.246,5.263,5.216,5.256,3108272.73
2023-06-18 16:00:00,5.257,5.299,5.243,5.294,2461627.54
2023-06-18 20:00:00,5.293,5.298,5.062,5.152,7126107.83
2023-06-19 00:00:00,5.153,5.177,5.087,5.152,2685330.4
2023-06-19 04:00:00,5.152,5.177,5.134,5.142,2051176.18
2023-06-19 08:00:00,5.142,5.144,5.061,5.099,4180931.46
2023-06-19 12:00:00,5.098,5.126,5.021,5.066,5152080.54
2023-06-19 16:00:00,5.066,5.191,4.97,5.092,10981405.73
2023-06-19 20:00:00,5.092,5.132,5.083,5.129,3745928.26
2023-06-20 00:00:00,5.13,5.176,5.101,5.126,5306871.77
2023-06-20 04:00:00,5.125,5.126,5.055,5.097,3345052.8
2023-06-20 08:00:00,5.096,5.097,5.036,5.085,3252937.91
2023-06-20 12:00:00,5.085,5.096,4.993,5.076,6900458.86
2023-06-20 16:00:00,5.077,5.218,5.063,5.215,11369226.1
2023-06-20 20:00:00,5.216,5.279,5.198,5.265,6228056.93
2023-06-21 00:00:00,5.265,5.399,5.241,5.324,6855390.86
2023-06-21 04:00:00,5.324,5.389,5.307,5.354,4253947.22
2023-06-21 08:00:00,5.355,5.379,5.323,5.367,4042023.73
2023-06-21 12:00:00,5.367,5.471,5.331,5.434,7278448.49
2023-06-21 16:00:00,5.435,5.569,5.426,5.516,9199449.58
2023-06-21 20:00:00,5.516,5.586,5.483,5.552,4972261.53
2023-06-22 00:00:00,5.551,5.82,5.531,5.777,7534977.62
2023-06-22 04:00:00,5.777,5.782,5.67,5.757,6262516.65
2023-06-22 08:00:00,5.757,5.778,5.57,5.62,7471176.65
2023-06-22 12:00:00,5.62,5.718,5.497,5.555,8904100.01
2023-06-22 16:00:00,5.556,5.634,5.544,5.628,5067012.7
2023-06-22 20:00:00,5.628,5.639,5.531,5.554,3699826.34
2023-06-23 00:00:00,5.554,5.64,5.549,5.639,3681267.66
2023-06-23 04:00:00,5.639,5.833,5.633,5.831,6691935.44
2023-06-23 08:00:00,5.832,5.914,5.813,5.853,10937072.11
2023-06-23 12:00:00,5.852,6.03,5.763,6.004,15450155.36
2023-06-23 16:00:00,6.004,6.153,5.924,6.074,16814609.61
2023-06-23 20:00:00,6.073,6.139,6.0,6.068,5430180.02
2023-06-24 00:00:00,6.069,6.108,5.981,6.076,5687542.46
2023-06-24 04:00:00,6.076,6.1,6.006,6.019,3445329.64
2023-06-24 08:00:00,6.019,6.196,6.01,6.132,5517164.77
2023-06-24 12:00:00,6.132,6.168,5.895,6.016,8349828.57
2023-06-24 16:00:00,6.016,6.088,5.951,6.086,5255014.21
2023-06-24 20:00:00,6.085,6.15,6.0,6.129,4980930.44
2023-06-25 00:00:00,6.129,6.231,6.103,6.221,4999159.26
2023-06-25 04:00:00,6.222,6.337,6.162,6.286,5591454.87
2023-06-25 08:00:00,6.287,6.376,6.265,6.314,5300575.36
2023-06-25 12:00:00,6.314,6.316,6.16,6.192,5295636.19
2023-06-25 16:00:00,6.191,6.227,6.076,6.114,4427751.79
2023-06-25 20:00:00,6.115,6.157,6.055,6.153,3432596.46
2023-06-26 00:00:00,6.153,6.159,6.02,6.128,6026690.71
2023-06-26 04:00:00,6.128,6.252,6.07,6.179,5284904.28
2023-06-26 08:00:00,6.178,6.217,6.136,6.148,4083538.52
2023-06-26 12:00:00,6.148,6.261,6.128,6.227,5829466.09
2023-06-26 16:00:00,6.227,6.234,6.014,6.092,7549516.23
2023-06-26 20:00:00,6.093,6.106,6.0,6.054,3960236.34
2023-06-27 00:00:00,6.055,6.205,6.041,6.187,4783850.01
2023-06-27 04:00:00,6.186,6.25,6.114,6.245,4752604.22
2023-06-27 08:00:00,6.245,6.256,6.161,6.229,4689902.11
2023-06-27 12:00:00,6.229,6.248,6.066,6.12,6661134.39
2023-06-27 16:00:00,6.121,6.25,6.107,6.226,4758272.88
2023-06-27 20:00:00,6.226,6.246,6.164,6.197,2793758.09
2023-06-28 00:00:00,6.196,6.205,6.052,6.101,4421678.43
2023-06-28 04:00:00,6.101,6.131,5.938,5.967,6535823.24
2023-06-28 08:00:00,5.967,6.061,5.94,5.99,4429356.75
2023-06-28 12:00:00,5.99,6.055,5.941,6.014,5868224.33
2023-06-28 16:00:00,6.015,6.03,5.689,5.817,9282112.54
2023-06-28 20:00:00,5.816,5.876,5.776,5.81,3672213.16
2023-06-29 00:00:00,5.81,5.878,5.783,5.825,2840718.88
2023-06-29 04:00:00,5.826,5.89,5.817,5.874,2183391.95
2023-06-29 08:00:00,5.875,6.152,5.854,6.132,7077008.26
2023-06-29 12:00:00,6.132,6.181,5.937,5.959,9603494.49
2023-06-29 16:00:00,5.959,6.005,5.894,5.94,5517318.33
2023-06-29 20:00:00,5.939,5.943,5.859,5.888,3526202.37
2023-06-30 00:00:00,5.889,6.118,5.834,6.096,6727125.75
2023-06-30 04:00:00,6.097,6.215,6.053,6.147,7146516.55
2023-06-30 08:00:00,6.146,6.247,6.126,6.228,8654643.56
2023-06-30 12:00:00,6.229,6.295,5.699,6.078,21232272.45
2023-06-30 16:00:00,6.078,6.449,6.032,6.307,15155448.38
2023-06-30 20:00:00,6.308,6.339,6.233,6.311,4232641.36
2023-07-01 00:00:00,6.31,6.358,6.186,6.214,5942428.47
2023-07-01 04:00:00,6.214,6.274,6.117,6.246,5957356.05
2023-07-01 08:00:00,6.247,6.259,6.169,6.22,8037816.54
2023-07-01 12:00:00,6.22,6.347,6.206,6.338,4390193.97
2023-07-01 16:00:00,6.337,6.465,6.278,6.422,5021822.98
2023-07-01 20:00:00,6.421,6.525,6.411,6.502,4238743.54
2023-07-02 00:00:00,6.503,6.507,6.36,6.383,7911964.78
2023-07-02 04:00:00,6.382,6.484,6.355,6.408,4003405.45
2023-07-02 08:00:00,6.409,6.508,6.373,6.482,4259454.5
2023-07-02 12:00:00,6.483,6.551,6.366,6.465,8168830.26
2023-07-02 16:00:00,6.465,6.468,6.33,6.45,6083710.5
2023-07-02 20:00:00,6.449,6.56,6.403,6.538,4990011.26
2023-07-03 00:00:00,6.539,6.631,6.465,6.585,5284211.5
2023-07-03 04:00:00,6.585,6.633,6.538,6.633,4808999.31
2023-07-03 08:00:00,6.633,6.659,6.574,6.649,4450709.42
2023-07-03 12:00:00,6.648,6.664,6.567,6.629,6049782.42
2023-07-03 16:00:00,6.629,6.691,6.557,6.658,5623275.92
2023-07-03 20:00:00,6.658,6.666,6.559,6.626,3195671.73
2023-07-04 00:00:00,6.627,6.628,6.54,6.611,3603989.72
2023-07-04 04:00:00,6.61,6.611,6.464,6.465,4156488.86
2023-07-04 08:00:00,6.464,6.53,6.43,6.526,3323378.72
2023-07-04 12:00:00,6.526,6.539,6.452,6.5,3876001.82
2023-07-04 16:00:00,6.499,6.554,6.381,6.451,5741247.96
2023-07-04 20:00:00,6.451,6.581,6.443,6.521,3161264.93
2023-07-05 00:00:00,6.521,6.571,6.48,6.552,2840531.11
2023-07-05 04:00:00,6.552,6.554,6.514,6.54,2126604.76
2023-07-05 08:00:00,6.54,6.543,6.23,6.291,9346704.22
2023-07-05 12:00:00,6.291,6.338,6.207,6.27,7046310.13
2023-07-05 16:00:00,6.27,6.341,6.253,6.26,3641134.78
2023-07-05 20:00:00,6.261,6.324,6.238,6.297,2311660.68
2023-07-06 00:00:00,6.297,6.318,6.2,6.314,3551280.28
2023-07-06 04:00:00,6.314,6.398,6.277,6.362,3804563.85
2023-07-06 08:00:00,6.362,6.508,6.305,6.342,6146736.95
2023-07-06 12:00:00,6.341,6.348,6.078,6.2,10718545.78
2023-07-06 16:00:00,6.199,6.228,6.123,6.173,4653181.74
2023-07-06 20:00:00,6.172,6.201,6.071,6.074,4074881.47
2023-07-07 00:00:00,6.074,6.152,6.007,6.147,4369812.75
2023-07-07 04:00:00,6.148,6.163,6.082,6.102,2976113.44
2023-07-07 08:00:00,6.102,6.153,6.084,6.131,2827954.91
2023-07-07 12:00:00,6.131,6.221,6.101,6.209,4817619.08
2023-07-07 16:00:00,6.209,6.217,6.108,6.143,3031950.24
2023-07-07 20:00:00,6.143,6.176,6.125,6.153,1661441.78
2023-07-08 00:00:00,6.154,6.188,6.123,6.141,2031714.09
2023-07-08 04:00:00,6.142,6.17,6.104,6.154,2039888.34
2023-07-08 08:00:00,6.153,6.219,6.143,6.167,2770447.17
2023-07-08 12:00:00,6.167,6.208,6.136,6.176,2171122.75
2023-07-08 16:00:00,6.176,6.196,6.09,6.104,2906397.16
2023-07-08 20:00:00,6.104,6.204,6.087,6.194,2334849.2
2023-07-09 00:00:00,6.194,6.237,6.175,6.207,2261028.88
2023-07-09 04:00:00,6.208,6.226,6.172,6.2,1694885.9
2023-07-09 08:00:00,6.2,6.225,6.187,6.198,1914321.51
2023-07-09 12:00:00,6.197,6.227,6.153,6.162,2822305.83
2023-07-09 16:00:00,6.161,6.168,6.129,6.154,2050370.43
2023-07-09 20:00:00,6.155,6.165,6.118,6.146,2050725.28
2023-07-10 00:00:00,6.147,6.15,6.012,6.091,5668155.36
2023-07-10 04:00:00,6.091,6.107,6.059,6.093,2312033.94
2023-07-10 08:00:00,6.093,6.126,6.016,6.119,3804509.13
2023-07-10 12:00:00,6.119,6.16,6.092,6.151,3304322.32
2023-07-10 16:00:00,6.151,6.279,6.124,6.26,4327095.39
2023-07-10 20:00:00,6.261,6.302,6.122,6.164,4999215.73
2023-07-11 00:00:00,6.164,6.192,6.116,6.173,2696463.11
2023-07-11 04:00:00,6.174,6.237,6.164,6.196,2491023.83
2023-07-11 08:00:00,6.197,6.208,6.136,6.165,2132058.23
2023-07-11 12:00:00,6.164,6.221,6.129,6.191,3621901.4
2023-07-11 16:00:00,6.19,6.2,6.139,6.169,2471505.77
2023-07-11 20:00:00,6.169,6.215,6.151,6.201,1807986.55
2023-07-12 00:00:00,6.202,6.277,6.198,6.221,2612141.87
2023-07-12 04:00:00,6.22,6.276,6.214,6.257,2076778.62
2023-07-12 08:00:00,6.256,6.274,6.228,6.259,1739032.75
2023-07-12 12:00:00,6.258,6.305,6.212,6.242,5912343.31
2023-07-12 16:00:00,6.242,6.342,6.189,6.209,6773530.18
2023-07-12 20:00:00,6.209,6.254,6.195,6.248,2527435.34
2023-07-13 00:00:00,6.248,6.277,6.206,6.238,2894545.45
2023-07-13 04:00:00,6.238,6.349,6.22,6.302,3406244.53
2023-07-13 08:00:00,6.301,6.474,6.3,6.45,5400370.51
2023-07-13 12:00:00,6.45,6.682,6.394,6.611,12149800.58
2023-07-13 16:00:00,6.611,6.97,6.588,6.96,21718207.7
2023-07-13 20:00:00,6.959,7.176,6.867,7.128,10412106.51
2023-07-14 00:00:00,7.128,7.348,7.075,7.215,17313019.33
2023-07-14 04:00:00,7.216,7.244,7.1,7.113,5752357.96
2023-07-14 08:00:00,7.114,7.179,7.025,7.069,5438637.84
2023-07-14 12:00:00,7.07,7.17,7.006,7.145,6620798.31
2023-07-14 16:00:00,7.144,7.18,6.66,6.784,18719126.76
2023-07-14 20:00:00,6.783,6.956,6.716,6.954,4594130.03
2023-07-15 00:00:00,6.954,6.956,6.83,6.857,3245928.61
2023-07-15 04:00:00,6.858,6.982,6.84,6.98,2900261.72
2023-07-15 08:00:00,6.979,7.02,6.933,6.954,2917887.34
2023-07-15 12:00:00,6.954,7.007,6.904,6.969,3594516.91
2023-07-15 16:00:00,6.97,7.007,6.937,6.944,3121381.98
2023-07-15 20:00:00,6.944,6.945,6.876,6.914,2296756.2
2023-07-16 00:00:00,6.914,6.917,6.73,6.779,4466427.15
2023-07-16 04:00:00,6.78,6.857,6.766,6.821,2395142.67
2023-07-16 08:00:00,6.821,6.848,6.798,6.834,2278333.39
2023-07-16 12:00:00,6.835,6.88,6.79,6.807,3178143.63
2023-07-16 16:00:00,6.807,6.808,6.606,6.613,5040996.33
2023-07-16 20:00:00,6.614,6.691,6.557,6.603,3866739.54
2023-07-17 00:00:00,6.602,6.725,6.554,6.702,3899965.11
2023-07-17 04:00:00,6.701,6.729,6.64,6.675,3485391.98
2023-07-17 08:00:00,6.675,6.677,6.43,6.636,7675578.41
2023-07-17 12:00:00,6.637,6.694,6.54,6.665,7232505.72
2023-07-17 16:00:00,6.665,7.062,6.628,6.894,28906259.07
2023-07-17 20:00:00,6.893,7.265,6.877,7.185,15400587.65
2023-07-18 00:00:00,7.185,7.3,7.084,7.092,14058528.46
2023-07-18 04:00:00,7.093,7.16,7.005,7.056,13051131.93
2023-07-18 08:00:00,7.055,7.154,6.905,6.92,17119937.77
2023-07-18 12:00:00,6.92,7.023,6.846,6.95,14139007.42
2023-07-18 16:00:00,6.951,7.02,6.774,6.878,12223253.04
2023-07-18 20:00:00,6.877,6.955,6.851,6.911,5953950.62
2023-07-19 00:00:00,6.912,7.03,6.879,6.968,6334580.95
2023-07-19 04:00:00,6.969,7.018,6.87,6.878,4856647.79
2023-07-19 08:00:00,6.877,6.879,6.8,6.848,4294253.47
2023-07-19 12:00:00,6.849,6.93,6.771,6.898,9539867.69
2023-07-19 16:00:00,6.899,7.046,6.861,7.026,7202211.18
2023-07-19 20:00:00,7.026,7.03,6.853,6.911,4450376.19
2023-07-20 00:00:00,6.911,7.02,6.879,6.951,4001995.03
2023-07-20 04:00:00,6.95,7.448,6.914,7.428,12004479.36
2023-07-20 08:00:00,7.428,8.384,7.41,8.33,94920706.27
2023-07-20 12:00:00,8.328,8.4,7.945,8.062,76218724.94
2023-07-20 16:00:00,8.063,8.3,8.001,8.136,44127163.5
2023-07-20 20:00:00,8.136,8.48,8.04,8.355,46549930.2
2023-07-21 00:00:00,8.354,8.448,8.142,8.288,43299738.31
2023-07-21 04:00:00,8.289,8.355,8.032,8.07,33505263.18
2023-07-21 08:00:00,8.069,8.239,8.041,8.136,25935331.78
2023-07-21 12:00:00,8.136,8.199,8.054,8.134,20842052.23
2023-07-21 16:00:00,8.133,8.23,8.073,8.133,15639542.04
2023-07-21 20:00:00,8.133,8.185,8.071,8.127,8412439.79
2023-07-22 00:00:00,8.127,8.199,8.06,8.153,12930455.89
2023-07-22 04:00:00,8.153,8.183,8.107,8.161,7179544.0
2023-07-22 08:00:00,8.161,8.388,7.852,7.967,34962673.27
2023-07-22 12:00:00,7.966,8.096,7.93,8.053,12860441.58
2023-07-22 16:00:00,8.053,8.069,7.935,7.983,8153352.2
2023-07-22 20:00:00,7.984,8.028,7.7,7.878,10735083.02
2023-07-23 00:00:00,7.877,7.955,7.811,7.897,6716578.17
2023-07-23 04:00:00,7.898,8.06,7.896,7.999,7915958.48
2023-07-23 08:00:00,8.0,8.06,7.959,8.005,6649327.14
2023-07-23 12:00:00,8.004,8.028,7.974,7.986,5008033.87
2023-07-23 16:00:00,7.986,8.099,7.924,7.947,9646093.95
2023-07-23 20:00:00,7.947,7.959,7.845,7.884,6037515.96
2023-07-24 00:00:00,7.884,7.885,7.673,7.704,10864942.82
2023-07-24 04:00:00,7.703,7.774,7.653,7.729,7247259.14
2023-07-24 08:00:00,7.729,7.735,7.372,7.597,13910560.69
2023-07-24 12:00:00,7.598,7.648,7.492,7.605,10295659.94
2023-07-24 16:00:00,7.604,7.621,7.504,7.531,5406903.88
2023-07-24 20:00:00,7.53,7.619,7.518,7.581,3843172.24
2023-07-25 00:00:00,7.581,7.639,7.533,7.623,3476291.62
2023-07-25 04:00:00,7.624,7.626,7.367,7.43,7509450.97
2023-07-25 08:00:00,7.43,7.488,7.385,7.483,5854572.01
2023-07-25 12:00:00,7.482,7.528,7.388,7.422,7874155.92
2023-07-25 16:00:00,7.422,7.495,7.335,7.421,7826302.21
2023-07-25 20:00:00,7.42,7.454,7.381,7.386,3140483.56
2023-07-26 00:00:00,7.387,7.462,7.27,7.449,8136567.4
2023-07-26 04:00:00,7.45,7.543,7.409,7.462,6184453.29
2023-07-26 08:00:00,7.461,7.529,7.461,7.497,6078695.7
2023-07-26 12:00:00,7.498,7.625,7.481,7.592,10151791.43
2023-07-26 16:00:00,7.591,7.823,7.452,7.807,17428096.35
2023-07-26 20:00:00,7.807,7.831,7.685,7.737,10490178.08
2023-07-27 00:00:00,7.736,8.02,7.678,7.981,16031388.42
2023-07-27 04:00:00,7.981,8.058,7.929,7.941,9539864.51
2023-07-27 08:00:00,7.941,8.057,7.916,8.031,7740657.63
2023-07-27 12:00:00,8.032,8.132,7.953,7.971,19036242.32
2023-07-27 16:00:00,7.969,8.047,7.867,7.933,11477559.29
2023-07-27 20:00:00,7.932,8.017,7.907,7.983,6554352.43
2023-07-28 00:00:00,7.983,8.089,7.905,7.923,8626540.08
2023-07-28 04:00:00,7.923,7.926,7.803,7.837,6948575.04
2023-07-28 08:00:00,7.837,7.888,7.802,7.835,4580905.35
2023-07-28 12:00:00,7.836,7.976,7.828,7.89,8416929.66
2023-07-28 16:00:00,7.891,7.895,7.777,7.801,5359414.4
2023-07-28 20:00:00,7.8,7.841,7.756,7.767,2824583.79
2023-07-29 00:00:00,7.767,7.839,7.738,7.773,3717951.24
2023-07-29 04:00:00,7.772,7.804,7.738,7.772,2368519.72
2023-07-29 08:00:00,7.772,7.785,7.721,7.73,3274142.02
2023-07-29 12:00:00,7.731,7.761,7.723,7.736,2518696.44
2023-07-29 16:00:00,7.736,7.812,7.722,7.8,3975540.63
2023-07-29 20:00:00,7.799,7.895,7.783,7.839,3723771.35
2023-07-30 00:00:00,7.839,7.861,7.793,7.807,3810500.63
2023-07-30 04:00:00,7.806,7.837,7.737,7.764,2606982.17
2023-07-30 08:00:00,7.764,7.778,7.73,7.748,2915091.31
2023-07-30 12:00:00,7.749,7.796,7.692,7.716,5879549.27
2023-07-30 16:00:00,7.716,7.736,7.449,7.517,8447322.95
2023-07-30 20:00:00,7.516,7.567,7.341,7.55,7720441.33
2023-07-31 00:00:00,7.551,7.712,7.533,7.611,5657198.74
2023-07-31 04:00:00,7.611,7.634,7.552,7.599,2854689.34
2023-07-31 08:00:00,7.599,7.668,7.595,7.63,3054318.84
2023-07-31 12:00:00,7.63,7.66,7.51,7.523,6620408.26
2023-07-31 16:00:00,7.523,7.668,7.424,7.481,7186960.0
2023-07-31 20:00:00,7.481,7.554,7.428,7.546,4885602.96
2023-08-01 00:00:00,7.545,7.593,7.241,7.382,10398785.54
2023-08-01 04:00:00,7.382,7.471,7.338,7.438,5672101.7
2023-08-01 08:00:00,7.438,7.496,7.435,7.455,4189876.32
2023-08-01 12:00:00,7.456,7.507,7.342,7.461,7375591.79
2023-08-01 16:00:00,7.462,7.546,7.431,7.541,6486207.97
2023-08-01 20:00:00,7.541,7.646,7.502,7.638,4380951.7
2023-08-02 00:00:00,7.638,7.714,7.6,7.628,5498065.29
2023-08-02 04:00:00,7.629,7.648,7.575,7.585,3268328.89
2023-08-02 08:00:00,7.584,7.699,7.572,7.652,5843866.29
2023-08-02 12:00:00,7.652,7.712,7.418,7.486,14229143.67
2023-08-02 16:00:00,7.486,7.516,7.328,7.419,8734123.44
2023-08-02 20:00:00,7.418,7.431,7.33,7.348,3136759.97
2023-08-03 00:00:00,7.348,7.407,7.313,7.351,4705250.12
2023-08-03 04:00:00,7.351,7.375,7.283,7.297,4247280.34
2023-08-03 08:00:00,7.296,7.321,7.202,7.311,6166554.92
2023-08-03 12:00:00,7.312,7.33,7.2,7.211,6581344.84
2023-08-03 16:00:00,7.21,7.293,7.163,7.195,7337215.02
2023-08-03 20:00:00,7.196,7.244,7.058,7.121,6120592.85
2023-08-04 00:00:00,7.122,7.2,7.103,7.157,4553856.13
2023-08-04 04:00:00,7.157,7.181,7.108,7.142,3346426.22
2023-08-04 08:00:00,7.143,7.156,7.054,7.112,5166915.13
2023-08-04 12:00:00,7.111,7.237,7.101,7.164,7437475.8
2023-08-04 16:00:00,7.165,7.261,7.06,7.092,7366612.82
2023-08-04 20:00:00,7.092,7.166,7.0,7.14,5820949.67
2023-08-05 00:00:00,7.139,7.198,7.098,7.181,3526023.08
2023-08-05 04:00:00,7.182,7.22,7.146,7.176,2746143.55
2023-08-05 08:00:00,7.177,7.243,7.172,7.188,3547085.69
2023-08-05 12:00:00,7.188,7.242,7.149,7.162,3925905.81
2023-08-05 16:00:00,7.163,7.21,7.124,7.193,2305283.96
2023-08-05 20:00:00,7.193,7.235,7.177,7.226,1542543.1
2023-08-06 00:00:00,7.226,7.271,7.182,7.224,3111127.47
2023-08-06 04:00:00,7.223,7.228,7.163,7.175,2168136.02
2023-08-06 08:00:00,7.175,7.2,7.122,7.147,2464845.62
2023-08-06 12:00:00,7.147,7.157,7.073,7.108,3649351.87
2023-08-06 16:00:00,7.109,7.147,7.079,7.091,2035924.93
2023-08-06 20:00:00,7.092,7.176,7.083,7.098,3074374.28
2023-08-07 00:00:00,7.097,7.209,7.082,7.163,3737595.4
2023-08-07 04:00:00,7.163,7.204,7.122,7.185,3202485.8
2023-08-07 08:00:00,7.186,7.234,7.146,7.214,4641525.46
2023-08-07 12:00:00,7.213,7.232,7.057,7.071,7158378.65
2023-08-07 16:00:00,7.07,7.189,6.926,7.12,10980026.08
2023-08-07 20:00:00,7.12,7.396,7.099,7.326,8454108.76
2023-08-08 00:00:00,7.325,7.377,7.285,7.342,8399254.89
2023-08-08 04:00:00,7.342,7.44,7.311,7.343,8562035.8
2023-08-08 08:00:00,7.343,7.435,7.328,7.428,5256522.52
2023-08-08 12:00:00,7.429,7.466,7.317,7.36,9896443.15
2023-08-08 16:00:00,7.359,7.436,7.33,7.343,8356241.94
2023-08-08 20:00:00,7.343,7.538,7.337,7.453,7806003.72
2023-08-09 00:00:00,7.454,7.485,7.376,7.388,4283538.09
2023-08-09 04:00:00,7.388,7.566,7.379,7.52,5040024.55
2023-08-09 08:00:00,7.52,7.679,7.486,7.639,7688697.92
2023-08-09 12:00:00,7.639,7.916,7.635,7.713,21963586.41
2023-08-09 16:00:00,7.714,7.748,7.626,7.671,9745177.84
2023-08-09 20:00:00,7.671,7.753,7.603,7.677,7225094.86
2023-08-10 00:00:00,7.677,7.71,7.613,7.617,4869724.14
2023-08-10 04:00:00,7.618,7.659,7.57,7.599,4572951.3
2023-08-10 08:00:00,7.599,7.668,7.555,7.619,4723012.81
2023-08-10 12:00:00,7.618,7.735,7.612,7.67,9481751.85
2023-08-10 16:00:00,7.669,7.685,7.575,7.58,4078574.02
2023-08-10 20:00:00,7.58,7.647,7.561,7.614,2496175.52
2023-08-11 00:00:00,7.614,7.641,7.525,7.555,3120656.09
2023-08-11 04:00:00,7.554,7.604,7.548,7.56,2315017.5
2023-08-11 08:00:00,7.559,7.58,7.522,7.579,2390860.22
2023-08-11 12:00:00,7.579,7.59,7.466,7.489,5522412.25
2023-08-11 16:00:00,7.49,7.499,7.403,7.428,4234224.53
2023-08-11 20:00:00,7.427,7.505,7.426,7.488,2086672.08
2023-08-12 00:00:00,7.488,7.537,7.457,7.468,2640349.29
2023-08-12 04:00:00,7.469,7.476,7.403,7.46,2913758.82
2023-08-12 08:00:00,7.46,7.475,7.431,7.454,1446741.66
2023-08-12 12:00:00,7.454,7.459,7.42,7.431,1792823.75
2023-08-12 16:00:00,7.43,7.466,7.379,7.389,2309882.03
2023-08-12 20:00:00,7.388,7.468,7.383,7.441,1881512.24
2023-08-13 00:00:00,7.442,7.498,7.428,7.46,2195544.97
2023-08-13 04:00:00,7.459,7.525,7.441,7.51,2729699.22
2023-08-13 08:00:00,7.51,7.526,7.462,7.505,2356994.87
2023-08-13 12:00:00,7.505,7.517,7.405,7.414,3101799.43
2023-08-13 16:00:00,7.415,7.554,7.402,7.538,3724965.22
2023-08-13 20:00:00,7.538,7.556,7.311,7.363,6190789.23
2023-08-14 00:00:00,7.363,7.463,7.302,7.438,5796604.8
2023-08-14 04:00:00,7.439,7.503,7.424,7.466,3431715.21
2023-08-14 08:00:00,7.467,7.539,7.461,7.527,4349526.57
2023-08-14 12:00:00,7.527,7.632,7.49,7.585,8144524.28
2023-08-14 16:00:00,7.585,7.6,7.399,7.412,6538354.32
2023-08-14 20:00:00,7.413,7.459,7.384,7.409,2861504.41
2023-08-15 00:00:00,7.409,7.43,7.361,7.374,2802471.91
2023-08-15 04:00:00,7.373,7.398,7.32,7.383,3683595.24
2023-08-15 08:00:00,7.382,7.386,7.262,7.28,6941919.62
2023-08-15 12:00:00,7.28,7.332,7.253,7.284,3671353.79
2023-08-15 16:00:00,7.285,7.3,6.737,7.032,15691989.7
2023-08-15 20:00:00,7.033,7.059,6.973,7.037,4746875.56
2023-08-16 00:00:00,7.037,7.068,6.988,7.012,4389096.63
2023-08-16 04:00:00,7.013,7.035,6.94,6.994,4065572.36
2023-08-16 08:00:00,6.993,7.014,6.934,6.971,2785306.32
2023-08-16 12:00:00,6.971,6.971,6.784,6.802,9841346.41
2023-08-16 16:00:00,6.802,6.921,6.76,6.801,6376311.42
2023-08-16 20:00:00,6.8,6.819,6.59,6.761,10536705.34
2023-08-17 00:00:00,6.762,6.864,6.626,6.842,5584148.36
2023-08-17 04:00:00,6.842,6.867,6.79,6.81,2439892.1
2023-08-17 08:00:00,6.809,6.823,6.767,6.797,2884426.78
2023-08-17 12:00:00,6.797,6.845,6.545,6.605,9176782.91
2023-08-17 16:00:00,6.605,6.679,6.53,6.622,8335286.05
2023-08-17 20:00:00,6.623,6.632,5.551,6.183,23684045.13
2023-08-18 00:00:00,6.183,6.257,6.089,6.135,7534012.99
2023-08-18 04:00:00,6.134,6.281,6.084,6.253,5122457.12
2023-08-18 08:00:00,6.253,6.275,6.194,6.251,3562971.73
2023-08-18 12:00:00,6.251,6.263,6.149,6.161,5158422.34
2023-08-18 16:00:00,6.16,6.222,6.058,6.131,7440668.47
2023-08-18 20:00:00,6.13,6.241,6.121,6.172,3130050.49
2023-08-19 00:00:00,6.172,6.234,6.147,6.178,3481820.44
2023-08-19 04:00:00,6.178,6.197,6.133,6.177,1678017.44
2023-08-19 08:00:00,6.178,6.224,6.14,6.148,2132814.26
2023-08-19 12:00:00,6.147,6.226,6.142,6.215,2264832.95
2023-08-19 16:00:00,6.214,6.261,6.16,6.166,3050023.6
2023-08-19 20:00:00,6.165,6.179,6.108,6.176,1925179.87
2023-08-20 00:00:00,6.175,6.192,6.127,6.161,1667694.77
2023-08-20 04:00:00,6.161,6.168,6.112,6.142,1467225.13
2023-08-20 08:00:00,6.142,6.212,6.136,6.203,1906840.0
2023-08-20 12:00:00,6.203,6.221,6.12,6.169,2447317.75
2023-08-20 16:00:00,6.169,6.212,6.149,6.192,1505428.14
2023-08-20 20:00:00,6.192,6.233,6.182,6.216,1474894.77
2023-08-21 00:00:00,6.216,6.254,6.195,6.204,2514787.09
2023-08-21 04:00:00,6.204,6.241,6.166,6.187,2599305.09
2023-08-21 08:00:00,6.186,6.219,6.121,6.21,3918266.77
2023-08-21 12:00:00,6.21,6.233,6.0,6.101,9062225.22
2023-08-21 16:00:00,6.1,6.199,6.079,6.183,4218157.86
2023-08-21 20:00:00,6.184,6.209,6.144,6.172,1966790.49
2023-08-22 00:00:00,6.172,6.181,6.136,6.138,1666633.45
2023-08-22 04:00:00,6.139,6.199,6.119,6.196,2482761.11
2023-08-22 08:00:00,6.196,6.238,6.181,6.195,2880619.2
2023-08-22 12:00:00,6.195,6.253,6.097,6.119,6759424.01
2023-08-22 16:00:00,6.119,6.134,5.956,6.017,11524075.69
2023-08-22 20:00:00,6.016,6.141,5.837,6.111,6846025.78
2023-08-23 00:00:00,6.112,6.164,6.099,6.117,2767368.81
2023-08-23 04:00:00,6.118,6.233,6.115,6.211,3582585.87
2023-08-23 08:00:00,6.211,6.309,6.208,6.242,4601761.87
2023-08-23 12:00:00,6.242,6.372,6.195,6.353,8015059.29
2023-08-23 16:00:00,6.353,6.438,6.334,6.397,6713031.8
2023-08-23 20:00:00,6.396,6.411,6.264,6.348,3372266.96
2023-08-24 00:00:00,6.347,6.364,6.312,6.337,1767889.76
2023-08-24 04:00:00,6.337,6.339,6.28,6.309,2310205.37
2023-08-24 08:00:00,6.309,6.32,6.263,6.289,2383334.05
2023-08-24 12:00:00,6.289,6.291,6.114,6.117,7077477.38
2023-08-24 16:00:00,6.117,6.135,6.024,6.061,6974376.34
2023-08-24 20:00:00,6.062,6.091,5.979,6.08,4227902.83
2023-08-25 00:00:00,6.08,6.082,5.921,6.019,4741032.34
2023-08-25 04:00:00,6.019,6.034,5.956,5.966,4048865.03
2023-08-25 08:00:00,5.967,6.009,5.948,5.978,2986325.51
2023-08-25 12:00:00,5.979,6.052,5.907,5.951,9079491.63
2023-08-25 16:00:00,5.951,6.008,5.924,5.973,2898447.94
2023-08-25 20:00:00,5.973,6.02,5.945,6.01,2448357.07
2023-08-26 00:00:00,6.009,6.039,5.981,6.017,2120452.12
2023-08-26 04:00:00,6.016,6.039,5.977,6.014,2088683.32
2023-08-26 08:00:00,6.013,6.031,5.992,6.007,2004518.27
2023-08-26 12:00:00,6.008,6.022,5.979,5.999,2291858.36
2023-08-26 16:00:00,5.999,6.0,5.952,5.988,1545304.12
2023-08-26 20:00:00,5.988,6.01,5.981,6.002,1017701.09
2023-08-27 00:00:00,6.001,6.02,5.951,5.956,1649090.96
2023-08-27 04:00:00,5.957,5.99,5.957,5.982,1375762.55
2023-08-27 08:00:00,5.983,5.998,5.965,5.968,1533213.82
2023-08-27 12:00:00,5.967,6.033,5.953,6.012,2662624.16
2023-08-27 16:00:00,6.012,6.043,5.968,6.008,2038703.21
2023-08-27 20:00:00,6.007,6.036,5.98,6.025,1289946.57
2023-08-28 00:00:00,6.025,6.025,5.884,5.929,5836695.49
2023-08-28 04:00:00,5.929,5.944,5.854,5.91,3210193.25
2023-08-28 08:00:00,5.91,5.934,5.846,5.924,2837398.81
2023-08-28 12:00:00,5.925,6.05,5.924,6.001,5861558.28
2023-08-28 16:00:00,6.0,6.021,5.912,5.954,3544485.75
2023-08-28 20:00:00,5.953,5.994,5.921,5.98,1953076.21
2023-08-29 00:00:00,5.98,6.007,5.926,5.937,2399286.37
2023-08-29 04:00:00,5.936,5.947,5.874,5.887,3439857.8
2023-08-29 08:00:00,5.886,5.901,5.834,5.882,3757324.65
2023-08-29 12:00:00,5.881,6.319,5.875,6.183,17284075.04
2023-08-29 16:00:00,6.184,6.29,6.17,6.223,7887072.72
2023-08-29 20:00:00,6.222,6.24,6.163,6.19,2405991.68
2023-08-30 00:00:00,6.189,6.197,6.045,6.084,3559181.04
2023-08-30 04:00:00,6.084,6.091,6.051,6.068,2054244.64
2023-08-30 08:00:00,6.068,6.077,6.015,6.018,2881233.82
2023-08-30 12:00:00,6.017,6.033,5.864,5.935,9460523.15
2023-08-30 16:00:00,5.936,5.963,5.905,5.935,2695039.69
2023-08-30 20:00:00,5.935,5.961,5.917,5.92,1591274.01
2023-08-31 00:00:00,5.92,5.952,5.893,5.946,1953054.8
2023-08-31 04:00:00,5.945,6.0,5.943,5.977,3204127.33
2023-08-31 08:00:00,5.978,6.063,5.963,6.029,3544797.11
2023-08-31 12:00:00,6.029,6.032,5.89,5.943,7136679.05
2023-08-31 16:00:00,5.943,5.953,5.716,5.843,10149468.15
2023-08-31 20:00:00,5.842,5.88,5.757,5.873,3522113.08
2023-09-01 00:00:00,5.874,5.967,5.866,5.965,4421281.23
2023-09-01 04:00:00,5.965,6.029,5.936,5.957,5225696.35
2023-09-01 08:00:00,5.957,6.029,5.957,5.999,4648906.65
2023-09-01 12:00:00,5.999,6.022,5.917,5.932,6649656.67
2023-09-01 16:00:00,5.933,5.954,5.811,5.878,7132849.16
2023-09-01 20:00:00,5.878,5.939,5.862,5.937,2449101.93
2023-09-02 00:00:00,5.937,5.985,5.926,5.94,2131313.74
2023-09-02 04:00:00,5.941,5.965,5.924,5.943,1310574.44
2023-09-02 08:00:00,5.943,5.967,5.894,5.939,2222484.36
2023-09-02 12:00:00,5.94,5.996,5.918,5.961,2478131.53
2023-09-02 16:00:00,5.962,5.973,5.883,5.931,2403101.24
2023-09-02 20:00:00,5.931,5.973,5.921,5.967,1076199.63
2023-09-03 00:00:00,5.967,6.025,5.944,6.008,2380055.93
2023-09-03 04:00:00,6.008,6.044,6.002,6.01,2892786.23
2023-09-03 08:00:00,6.009,6.037,5.984,6.025,1729825.56
2023-09-03 12:00:00,6.026,6.061,5.967,5.989,3398075.95
2023-09-03 16:00:00,5.989,6.056,5.957,6.024,3095963.17
2023-09-03 20:00:00,6.023,6.042,5.996,6.025,1495036.26
2023-09-04 00:00:00,6.025,6.135,6.019,6.103,3701446.13
2023-09-04 04:00:00,6.103,6.112,6.047,6.097,2721472.53
2023-09-04 08:00:00,6.098,6.164,6.05,6.067,3718474.65
2023-09-04 12:00:00,6.067,6.081,5.964,6.013,5575112.48
2023-09-04 16:00:00,6.014,6.053,5.991,6.012,2193894.6
2023-09-04 20:00:00,6.013,6.022,5.939,6.009,2355730.07
2023-09-05 00:00:00,6.008,6.015,5.901,5.95,3079984.25
2023-09-05 04:00:00,5.949,5.991,5.948,5.985,1950308.58
2023-09-05 08:00:00,5.985,6.127,5.958,6.082,4231072.53
2023-09-05 12:00:00,6.083,6.132,6.052,6.097,4524255.57
2023-09-05 16:00:00,6.097,6.146,6.075,6.111,3153527.79
2023-09-05 20:00:00,6.111,6.15,6.1,6.133,1864864.56
2023-09-06 00:00:00,6.133,6.273,6.11,6.203,7056293.31
2023-09-06 04:00:00,6.203,6.214,6.125,6.137,5684005.63
2023-09-06 08:00:00,6.138,6.157,6.105,6.117,2896476.05
2023-09-06 12:00:00,6.117,6.206,6.1,6.171,5830325.26
2023-09-06 16:00:00,6.17,6.368,6.088,6.245,7734895.38
2023-09-06 20:00:00,6.246,6.302,6.24,6.297,2345781.36
2023-09-07 00:00:00,6.298,6.392,6.271,6.364,5373666.42
2023-09-07 04:00:00,6.364,6.385,6.271,6.274,3412360.89
2023-09-07 08:00:00,6.274,6.312,6.232,6.235,2892203.83
2023-09-07 12:00:00,6.234,6.282,6.196,6.254,3684322.43
2023-09-07 16:00:00,6.254,6.332,6.249,6.322,3117416.61
2023-09-07 20:00:00,6.321,6.468,6.314,6.382,5574171.97
2023-09-08 00:00:00,6.382,6.402,6.322,6.338,2371900.73
2023-09-08 04:00:00,6.338,6.362,6.292,6.301,2594567.85
2023-09-08 08:00:00,6.3,6.305,6.136,6.209,5082418.77
2023-09-08 12:00:00,6.208,6.273,6.203,6.22,2251202.09
2023-09-08 16:00:00,6.219,6.267,6.193,6.247,2191258.78
2023-09-08 20:00:00,6.246,6.287,6.233,6.275,1454250.49
2023-09-09 00:00:00,6.275,6.29,6.23,6.267,1740767.58
2023-09-09 04:00:00,6.267,6.278,6.234,6.245,1065776.85
2023-09-09 08:00:00,6.244,6.25,6.203,6.217,1292448.97
2023-09-09 12:00:00,6.216,6.219,6.175,6.189,1982348.9
2023-09-09 16:00:00,6.189,6.214,6.152,6.177,1675064.57
2023-09-09 20:00:00,6.177,6.18,6.152,6.161,988540.39
2023-09-10 00:00:00,6.161,6.161,6.077,6.109,3049894.26
2023-09-10 04:00:00,6.109,6.124,5.931,6.11,5475481.4
2023-09-10 08:00:00,6.11,6.117,6.063,6.084,2143530.67
2023-09-10 12:00:00,6.083,6.103,5.973,6.041,3876807.75
2023-09-10 16:00:00,6.041,6.058,5.949,6.037,3907922.25
2023-09-10 20:00:00,6.037,6.073,6.0,6.012,2436752.62
2023-09-11 00:00:00,6.011,6.028,5.935,5.997,4055636.73
2023-09-11 04:00:00,5.997,6.033,5.972,5.985,2100947.74
2023-09-11 08:00:00,5.985,5.995,5.758,5.882,7892862.26
2023-09-11 12:00:00,5.882,5.941,5.795,5.857,7993643.96
2023-09-11 16:00:00,5.857,5.88,5.731,5.766,4694317.33
2023-09-11 20:00:00,5.766,5.826,5.738,5.824,2381043.92
2023-09-12 00:00:00,5.823,5.991,5.803,5.934,5213710.61
2023-09-12 04:00:00,5.935,5.962,5.873,5.917,4034392.09
2023-09-12 08:00:00,5.916,6.08,5.884,6.019,5026541.85
2023-09-12 12:00:00,6.019,6.037,5.954,5.989,3721993.18
2023-09-12 16:00:00,5.99,6.074,5.898,5.967,5156544.28
2023-09-12 20:00:00,5.967,5.989,5.946,5.954,1346354.42
2023-09-13 00:00:00,5.955,6.005,5.932,5.968,2870946.36
2023-09-13 04:00:00,5.969,6.094,5.923,5.955,4552133.7
2023-09-13 08:00:00,5.954,6.042,5.947,6.015,2569043.31
2023-09-13 12:00:00,6.016,6.036,5.927,6.014,4133114.35
2023-09-13 16:00:00,6.014,6.03,5.949,5.974,2661243.72
2023-09-13 20:00:00,5.974,6.034,5.972,6.014,1357510.88
2023-09-14 00:00:00,6.015,6.123,6.001,6.04,4462116.91
2023-09-14 04:00:00,6.04,6.051,6.003,6.027,2322768.19
2023-09-14 08:00:00,6.027,6.06,6.012,6.05,1484978.0
2023-09-14 12:00:00,6.051,6.125,6.02,6.089,3893719.7
2023-09-14 16:00:00,6.089,6.168,6.069,6.163,3412039.04
2023-09-14 20:00:00,6.164,6.21,6.132,6.149,2491062.31
2023-09-15 00:00:00,6.149,6.236,6.132,6.189,2542429.44
2023-09-15 04:00:00,6.188,6.213,6.141,6.146,1924696.17
2023-09-15 08:00:00,6.146,6.174,6.096,6.105,2233470.31
2023-09-15 12:00:00,6.105,6.211,6.1,6.202,2867305.27
2023-09-15 16:00:00,6.202,6.246,6.188,6.22,2759462.06
2023-09-15 20:00:00,6.22,6.373,6.215,6.36,3649099.02
2023-09-16 00:00:00,6.361,6.42,6.3,6.304,4135789.32
2023-09-16 04:00:00,6.305,6.325,6.265,6.297,2160341.49
2023-09-16 08:00:00,6.297,6.302,6.242,6.244,2396489.93
2023-09-16 12:00:00,6.244,6.249,6.184,6.22,2496214.16
2023-09-16 16:00:00,6.221,6.243,6.181,6.197,1531076.93
2023-09-16 20:00:00,6.196,6.289,6.193,6.275,1599462.67
2023-09-17 00:00:00,6.275,6.277,6.164,6.232,3273793.86
2023-09-17 04:00:00,6.233,6.254,6.182,6.185,1308387.14
2023-09-17 08:00:00,6.185,6.223,6.18,6.201,1519412.68
2023-09-17 12:00:00,6.202,6.217,6.153,6.182,1701269.98
2023-09-17 16:00:00,6.182,6.188,6.101,6.127,2630535.62
2023-09-17 20:00:00,6.127,6.148,6.042,6.142,3085057.61
2023-09-18 00:00:00,6.143,6.623,6.091,6.619,13471330.91
2023-09-18 04:00:00,6.62,6.663,6.534,6.547,15858972.02
2023-09-18 08:00:00,6.547,6.823,6.503,6.728,19516156.61
2023-09-18 12:00:00,6.727,6.839,6.67,6.722,15475524.75
2023-09-18 16:00:00,6.722,6.727,6.576,6.611,13013349.51
2023-09-18 20:00:00,6.612,6.657,6.533,6.56,5543113.11
2023-09-19 00:00:00,6.56,6.776,6.512,6.76,10085302.4
2023-09-19 04:00:00,6.76,6.929,6.675,6.689,12561093.06
2023-09-19 08:00:00,6.689,6.809,6.68,6.738,7708104.05
2023-09-19 12:00:00,6.737,6.888,6.707,6.868,11243656.33
2023-09-19 16:00:00,6.867,6.908,6.785,6.832,5221724.72
2023-09-19 20:00:00,6.832,6.967,6.778,6.841,4947925.4
2023-09-20 00:00:00,6.84,6.993,6.807,6.925,8230915.83
2023-09-20 04:00:00,6.924,6.954,6.773,6.8,7050342.89
2023-09-20 08:00:00,6.801,6.876,6.752,6.826,7281451.98
2023-09-20 12:00:00,6.827,6.93,6.738,6.913,9420800.13
2023-09-20 16:00:00,6.913,7.043,6.789,6.872,11251616.41
2023-09-20 20:00:00,6.872,6.968,6.832,6.902,3861459.08
2023-09-21 00:00:00,6.903,6.945,6.809,6.872,4929736.49
2023-09-21 04:00:00,6.873,6.875,6.778,6.794,3741552.27
2023-09-21 08:00:00,6.793,6.824,6.675,6.704,8174181.45
2023-09-21 12:00:00,6.704,6.783,6.603,6.744,8404379.13
2023-09-21 16:00:00,6.743,6.764,6.704,6.716,3274997.63
2023-09-21 20:00:00,6.717,6.73,6.658,6.662,2503918.15
2023-09-22 00:00:00,6.663,6.72,6.585,6.694,4806485.81
2023-09-22 04:00:00,6.695,6.715,6.637,6.691,2945309.79
2023-09-22 08:00:00,6.691,6.786,6.687,6.781,3926907.57
2023-09-22 12:00:00,6.781,6.795,6.708,6.764,3823009.07
2023-09-22 16:00:00,6.763,6.97,6.725,6.873,7480923.45
2023-09-22 20:00:00,6.873,6.965,6.859,6.953,4070202.82
2023-09-23 00:00:00,6.954,7.194,6.939,6.99,10005154.89
2023-09-23 04:00:00,6.99,7.067,6.939,7.034,5125654.78
2023-09-23 08:00:00,7.034,7.045,6.959,6.996,4353116.9
2023-09-23 12:00:00,6.997,7.056,6.921,6.931,6481535.43
2023-09-23 16:00:00,6.932,7.229,6.912,7.178,15878739.99
2023-09-23 20:00:00,7.177,7.223,7.126,7.183,6889047.4
2023-09-24 00:00:00,7.183,7.249,7.126,7.161,8610556.58
2023-09-24 04:00:00,7.16,7.211,7.102,7.157,5068948.16
2023-09-24 08:00:00,7.158,7.174,7.07,7.09,4648940.88
2023-09-24 12:00:00,7.091,7.19,7.075,7.096,5787301.55
2023-09-24 16:00:00,7.095,7.177,7.03,7.075,6614163.36
2023-09-24 20:00:00,7.074,7.093,6.941,6.969,4595615.99
2023-09-25 00:00:00,6.968,7.268,6.903,7.159,12668913.98
2023-09-25 04:00:00,7.159,7.301,7.15,7.272,8370457.05
2023-09-25 08:00:00,7.273,7.32,7.201,7.252,7809909.64
2023-09-25 12:00:00,7.252,7.399,7.219,7.387,13382327.29
2023-09-25 16:00:00,7.387,7.512,7.37,7.453,14295711.01
2023-09-25 20:00:00,7.452,7.5,7.42,7.486,6119589.27
2023-09-26 00:00:00,7.486,7.574,7.403,7.52,11569605.26
2023-09-26 04:00:00,7.519,7.528,7.432,7.434,5715598.33
2023-09-26 08:00:00,7.434,7.48,7.362,7.424,8054339.38
2023-09-26 12:00:00,7.424,7.426,7.294,7.329,8672109.35
2023-09-26 16:00:00,7.328,7.414,7.243,7.391,7944234.19
2023-09-26 20:00:00,7.39,7.475,7.273,7.353,9481738.35
2023-09-27 00:00:00,7.354,7.414,7.266,7.359,5366127.83
2023-09-27 04:00:00,7.358,7.389,7.316,7.367,4052916.29
2023-09-27 08:00:00,7.367,7.686,7.346,7.63,13739660.65
2023-09-27 12:00:00,7.629,7.876,7.48,7.585,28296112.08
2023-09-27 16:00:00,7.585,7.692,7.482,7.654,11443619.01
2023-09-27 20:00:00,7.655,7.685,7.565,7.638,5899264.76
2023-09-28 00:00:00,7.637,7.759,7.565,7.653,8958490.23
2023-09-28 04:00:00,7.654,7.826,7.569,7.745,8545993.23
2023-09-28 08:00:00,7.744,7.866,7.725,7.771,12198774.07
2023-09-28 12:00:00,7.771,7.919,7.679,7.878,14369640.46
2023-09-28 16:00:00,7.878,8.068,7.766,7.951,14937257.98
2023-09-28 20:00:00,7.95,7.954,7.766,7.805,6181342.33
2023-09-29 00:00:00,7.804,7.839,7.677,7.743,5609711.16
2023-09-29 04:00:00,7.743,7.822,7.712,7.779,4936616.97
2023-09-29 08:00:00,7.779,7.784,7.686,7.695,4556126.57
2023-09-29 12:00:00,7.695,7.906,7.667,7.814,11211261.29
2023-09-29 16:00:00,7.814,8.048,7.751,8.041,11976064.72
2023-09-29 20:00:00,8.042,8.078,7.926,7.941,6652383.72
2023-09-30 00:00:00,7.941,8.046,7.931,8.018,6044409.13
2023-09-30 04:00:00,8.018,8.154,8.0,8.075,9356864.24
2023-09-30 08:00:00,8.076,8.267,8.006,8.192,16627764.6
2023-09-30 12:00:00,8.191,8.235,8.121,8.218,11245465.01
2023-09-30 16:00:00,8.218,8.239,8.081,8.177,7736767.82
2023-09-30 20:00:00,8.177,8.206,8.101,8.185,4092313.44
2023-10-01 00:00:00,8.184,8.256,8.107,8.159,5998515.13
2023-10-01 04:00:00,8.159,8.167,8.033,8.057,5276962.08
2023-10-01 08:00:00,8.058,8.223,8.035,8.12,8032051.84
2023-10-01 12:00:00,8.121,8.13,7.952,8.01,9798425.66
2023-10-01 16:00:00,8.011,8.013,7.772,7.837,12588480.44
2023-10-01 20:00:00,7.838,8.146,7.779,8.049,18301584.83
2023-10-02 00:00:00,8.049,8.096,7.852,7.877,9724499.66
2023-10-02 04:00:00,7.876,8.099,7.84,8.031,12237434.56
2023-10-02 08:00:00,8.032,8.077,7.802,7.886,12910686.46
2023-10-02 12:00:00,7.885,7.951,7.607,7.666,19411050.34
2023-10-02 16:00:00,7.667,7.725,7.41,7.603,17034906.89
2023-10-02 20:00:00,7.603,7.607,7.345,7.464,9393600.44
2023-10-03 00:00:00,7.465,7.586,7.408,7.55,6748658.89
2023-10-03 04:00:00,7.551,7.741,7.495,7.626,10450485.01
2023-10-03 08:00:00,7.626,7.733,7.507,7.537,10355125.53
2023-10-03 12:00:00,7.538,7.724,7.39,7.427,16206682.33
2023-10-03 16:00:00,7.426,7.54,7.38,7.403,9172585.86
2023-10-03 20:00:00,7.403,7.503,7.355,7.404,7203620.9
2023-10-04 00:00:00,7.403,7.543,7.158,7.478,14986205.79
2023-10-04 04:00:00,7.479,7.635,7.45,7.591,9759028.73
2023-10-04 08:00:00,7.59,7.611,7.516,7.539,6573456.72
2023-10-04 12:00:00,7.54,7.663,7.459,7.632,13026132.88
2023-10-04 16:00:00,7.632,7.779,7.566,7.609,16296964.77
2023-10-04 20:00:00,7.609,7.739,7.582,7.667,4942244.66
2023-10-05 00:00:00,7.667,7.692,7.587,7.611,6291155.53
2023-10-05 04:00:00,7.611,7.76,7.597,7.711,6550711.69
2023-10-05 08:00:00,7.711,7.788,7.664,7.674,7582977.15
2023-10-05 12:00:00,7.674,7.7,7.481,7.53,12676806.98
2023-10-05 16:00:00,7.53,7.56,7.471,7.504,5903845.02
2023-10-05 20:00:00,7.505,7.566,7.448,7.463,3951690.02
2023-10-06 00:00:00,7.464,7.582,7.454,7.525,3881856.5
2023-10-06 04:00:00,7.525,7.578,7.493,7.571,3258010.38
2023-10-06 08:00:00,7.571,7.611,7.538,7.556,4365858.87
2023-10-06 12:00:00,7.556,7.701,7.426,7.654,11312065.02
2023-10-06 16:00:00,7.654,7.719,7.617,7.663,5547191.57
2023-10-06 20:00:00,7.663,7.76,7.633,7.635,3816961.04
2023-10-07 00:00:00,7.635,7.679,7.59,7.598,3649081.33
2023-10-07 04:00:00,7.598,7.641,7.556,7.596,3691743.86
2023-10-07 08:00:00,7.596,7.642,7.563,7.58,3264049.91
2023-10-07 12:00:00,7.579,7.615,7.551,7.558,2402707.69
2023-10-07 16:00:00,7.558,7.563,7.466,7.49,3664529.88
2023-10-07 20:00:00,7.489,7.552,7.483,7.521,1869679.63
2023-10-08 00:00:00,7.522,7.616,7.497,7.615,3410264.52
2023-10-08 04:00:00,7.616,7.668,7.587,7.648,5196446.5
2023-10-08 08:00:00,7.647,7.707,7.533,7.564,6667544.8
2023-10-08 12:00:00,7.563,7.693,7.554,7.662,4910334.96
2023-10-08 16:00:00,7.662,7.735,7.635,7.723,3694194.84
2023-10-08 20:00:00,7.723,7.946,7.658,7.669,14064378.21
2023-10-09 00:00:00,7.668,7.694,7.56,7.637,7200418.39
2023-10-09 04:00:00,7.637,7.646,7.545,7.554,3983315.27
2023-10-09 08:00:00,7.554,7.577,7.29,7.353,13603990.11
2023-10-09 12:00:00,7.352,7.407,7.306,7.329,7773405.31
2023-10-09 16:00:00,7.329,7.362,7.123,7.294,13183239.22
2023-10-09 20:00:00,7.293,7.327,7.234,7.274,3557032.23
2023-10-10 00:00:00,7.274,7.349,7.249,7.308,5496263.53
2023-10-10 04:00:00,7.308,7.371,7.265,7.338,3288973.25
2023-10-10 08:00:00,7.338,7.389,7.259,7.269,6062025.94
2023-10-10 12:00:00,7.269,7.362,7.208,7.219,9316572.3
2023-10-10 16:00:00,7.219,7.28,7.187,7.256,5662780.94
2023-10-10 20:00:00,7.256,7.3,7.168,7.257,3118398.51
2023-10-11 00:00:00,7.258,7.329,7.1,7.162,6600902.35
2023-10-11 04:00:00,7.162,7.228,7.159,7.199,3487917.61
2023-10-11 08:00:00,7.199,7.356,7.183,7.315,5355154.95
2023-10-11 12:00:00,7.315,7.395,7.242,7.301,8798037.91
2023-10-11 16:00:00,7.303,7.355,7.225,7.328,7333374.29
2023-10-11 20:00:00,7.328,7.43,7.305,7.387,4770334.76
2023-10-12 00:00:00,7.387,7.412,7.276,7.346,5057835.43
2023-10-12 04:00:00,7.346,7.396,7.308,7.339,3143507.35
2023-10-12 08:00:00,7.338,7.344,7.171,7.258,6705525.69
2023-10-12 12:00:00,7.259,7.275,7.168,7.211,4967960.29
2023-10-12 16:00:00,7.212,7.237,7.108,7.187,7070779.15
2023-10-12 20:00:00,7.188,7.245,7.171,7.194,2197924.36
2023-10-13 00:00:00,7.194,7.251,7.105,7.119,4455703.41
2023-10-13 04:00:00,7.12,7.229,7.115,7.203,3111291.65
2023-10-13 08:00:00,7.203,7.241,7.174,7.222,3183055.71
2023-10-13 12:00:00,7.222,7.287,7.155,7.157,4988412.95
2023-10-13 16:00:00,7.157,7.199,7.14,7.175,2896677.95
2023-10-13 20:00:00,7.175,7.402,7.162,7.252,9409677.55
2023-10-14 00:00:00,7.253,7.318,7.238,7.298,2053727.31
2023-10-14 04:00:00,7.299,7.312,7.213,7.22,1972968.04
2023-10-14 08:00:00,7.221,7.258,7.212,7.244,1560102.14
2023-10-14 12:00:00,7.244,7.315,7.237,7.31,2543317.29
2023-10-14 16:00:00,7.31,7.369,7.295,7.337,2579069.42
2023-10-14 20:00:00,7.336,7.34,7.283,7.325,2044853.79
2023-10-15 00:00:00,7.325,7.379,7.294,7.323,2686180.25
2023-10-15 04:00:00,7.323,7.361,7.312,7.348,1202191.17
2023-10-15 08:00:00,7.348,7.399,7.33,7.343,2998904.98
2023-10-15 12:00:00,7.343,7.376,7.281,7.307,4034144.62
2023-10-15 16:00:00,7.307,7.482,7.293,7.45,4949714.77
2023-10-15 20:00:00,7.45,7.57,7.373,7.42,5875390.62
2023-10-16 00:00:00,7.419,7.491,7.406,7.429,2534036.68
2023-10-16 04:00:00,7.429,7.645,7.416,7.559,7805488.36
2023-10-16 08:00:00,7.558,7.591,7.485,7.561,4704002.33
2023-10-16 12:00:00,7.562,7.83,7.416,7.433,18282141.97
2023-10-16 16:00:00,7.433,7.581,7.425,7.512,5508172.35
2023-10-16 20:00:00,7.512,7.574,7.44,7.519,3427310.75
2023-10-17 00:00:00,7.52,7.556,7.447,7.453,3024856.79
2023-10-17 04:00:00,7.452,7.494,7.424,7.48,2766383.94
2023-10-17 08:00:00,7.479,7.507,7.44,7.487,3463449.5
2023-10-17 12:00:00,7.487,7.493,7.244,7.394,8326936.97
2023-10-17 16:00:00,7.393,7.42,7.266,7.32,3735976.16
2023-10-17 20:00:00,7.319,7.352,7.282,7.318,1800646.24
2023-10-18 00:00:00,7.317,7.347,7.274,7.341,2727843.65
2023-10-18 04:00:00,7.341,7.418,7.321,7.354,4725349.37
2023-10-18 08:00:00,7.354,7.454,7.341,7.434,3823420.22
2023-10-18 12:00:00,7.435,7.477,7.365,7.385,5999695.22
2023-10-18 16:00:00,7.386,7.439,7.332,7.359,3016210.22
2023-10-18 20:00:00,7.36,7.383,7.309,7.354,2376567.71
2023-10-19 00:00:00,7.354,7.361,7.206,7.289,5383590.99
2023-10-19 04:00:00,7.289,7.355,7.276,7.347,2247550.11
2023-10-19 08:00:00,7.347,7.368,7.285,7.341,2873068.13
2023-10-19 12:00:00,7.34,7.433,7.34,7.358,5435522.23
2023-10-19 16:00:00,7.358,7.413,7.322,7.357,4078017.51
2023-10-19 20:00:00,7.356,7.385,7.283,7.301,2450125.92
2023-10-20 00:00:00,7.301,7.491,7.256,7.426,7172409.66
2023-10-20 04:00:00,7.426,7.511,7.416,7.462,4555288.41
2023-10-20 08:00:00,7.462,7.71,7.458,7.606,9413535.78
2023-10-20 12:00:00,7.606,7.662,7.552,7.63,4869747.4
2023-10-20 16:00:00,7.63,7.687,7.598,7.623,3318151.56
2023-10-20 20:00:00,7.622,7.626,7.563,7.567,2102033.71
2023-10-21 00:00:00,7.567,7.621,7.516,7.6,3219788.83
2023-10-21 04:00:00,7.599,7.845,7.587,7.834,6479800.23
2023-10-21 08:00:00,7.835,8.096,7.8,8.054,13355439.57
2023-10-21 12:00:00,8.053,8.976,8.039,8.948,48160184.62
2023-10-21 16:00:00,8.947,9.175,8.815,8.895,37175025.68
2023-10-21 20:00:00,8.896,8.968,8.772,8.91,11099269.9
2023-10-22 00:00:00,8.911,9.396,8.835,9.283,31590562.79
2023-10-22 04:00:00,9.282,9.75,9.125,9.305,48044200.42
2023-10-22 08:00:00,9.304,9.426,9.025,9.097,27310728.83
2023-10-22 12:00:00,9.098,9.379,9.08,9.224,19658199.45
2023-10-22 16:00:00,9.225,9.752,9.219,9.392,28041469.32
2023-10-22 20:00:00,9.391,10.236,9.348,10.182,40731392.77
2023-10-23 00:00:00,10.183,10.999,10.016,10.794,56939320.55
2023-10-23 04:00:00,10.794,11.08,10.32,10.445,36879176.9
2023-10-23 08:00:00,10.444,10.596,9.933,10.266,33733358.82
2023-10-23 12:00:00,10.267,10.275,9.783,10.002,35244287.44
2023-10-23 16:00:00,10.002,10.49,9.972,10.275,29906327.47
2023-10-23 20:00:00,10.275,10.989,10.105,10.577,28819015.24
2023-10-24 00:00:00,10.578,11.156,10.153,10.245,37120946.74
2023-10-24 04:00:00,10.244,10.384,10.006,10.101,16509218.18
2023-10-24 08:00:00,10.101,10.545,10.083,10.528,16666088.76
2023-10-24 12:00:00,10.528,10.529,9.616,9.896,26911218.11
2023-10-24 16:00:00,9.895,10.111,9.77,10.017,16576034.37
2023-10-24 20:00:00,10.018,10.481,9.885,10.372,15462107.88
2023-10-25 00:00:00,10.371,11.64,10.333,11.334,39026156.9
2023-10-25 04:00:00,11.335,11.598,10.884,10.918,29985634.19
2023-10-25 08:00:00,10.919,11.288,10.727,11.181,20075307.62
2023-10-25 12:00:00,11.182,11.794,10.905,11.342,25115708.84
2023-10-25 16:00:00,11.342,11.392,10.926,11.164,15989981.09
2023-10-25 20:00:00,11.165,11.181,10.751,11.057,9920147.85
2023-10-26 00:00:00,11.057,11.395,10.872,11.116,11447413.41
2023-10-26 04:00:00,11.116,11.311,10.901,11.219,9476542.03
2023-10-26 08:00:00,11.219,11.342,10.618,10.864,19426556.61
2023-10-26 12:00:00,10.865,11.203,10.35,10.508,23009171.84
2023-10-26 16:00:00,10.508,10.714,10.4,10.705,10866556.76
2023-10-26 20:00:00,10.705,11.149,10.654,10.93,11214680.47
2023-10-27 00:00:00,10.93,11.05,10.608,11.049,12292501.69
2023-10-27 04:00:00,11.049,11.375,10.703,10.728,15677587.99
2023-10-27 08:00:00,10.728,11.128,10.716,10.935,10426926.35
2023-10-27 12:00:00,10.935,11.449,10.8,11.058,21920649.55
2023-10-27 16:00:00,11.058,11.4,10.68,11.111,23932021.28
2023-10-27 20:00:00,11.111,11.304,11.08,11.185,8161029.78
2023-10-28 00:00:00,11.186,11.592,11.028,11.4,10935336.39
2023-10-28 04:00:00,11.399,11.675,11.28,11.299,11287993.22
2023-10-28 08:00:00,11.299,11.6,11.255,11.345,12932380.38
2023-10-28 12:00:00,11.345,11.385,11.066,11.168,10502373.07
2023-10-28 16:00:00,11.167,11.168,10.915,10.951,7504071.47
2023-10-28 20:00:00,10.951,11.087,10.815,10.922,5686162.84
2023-10-29 00:00:00,10.922,10.956,10.745,10.855,6999531.71
2023-10-29 04:00:00,10.854,11.027,10.81,11.017,6130560.32
2023-10-29 08:00:00,11.016,11.22,10.92,10.982,9833018.13
2023-10-29 12:00:00,10.981,11.153,10.889,11.059,9350215.5
2023-10-29 16:00:00,11.058,11.246,11.003,11.064,6889184.46
2023-10-29 20:00:00,11.064,11.3,11.03,11.088,5579317.6
2023-10-30 00:00:00,11.089,11.322,11.041,11.173,8494098.17
2023-10-30 04:00:00,11.174,11.215,10.887,10.953,7771759.91
2023-10-30 08:00:00,10.953,11.518,10.911,11.388,16518545.15
2023-10-30 12:00:00,11.388,11.877,11.21,11.392,18877433.59
2023-10-30 16:00:00,11.392,11.448,11.047,11.219,8991983.16
2023-10-30 20:00:00,11.218,11.26,11.103,11.223,3770767.88
2023-10-31 00:00:00,11.224,11.7,11.207,11.485,15082995.89
2023-10-31 04:00:00,11.485,12.033,11.39,11.435,20952661.44
2023-10-31 08:00:00,11.435,11.638,11.252,11.519,10991788.82
2023-10-31 12:00:00,11.52,11.584,10.91,11.12,18034359.6
2023-10-31 16:00:00,11.121,11.41,11.054,11.293,8690366.08
2023-10-31 20:00:00,11.294,11.437,11.236,11.359,5823616.63
2023-11-01 00:00:00,11.358,11.469,11.159,11.222,5434579.29
2023-11-01 04:00:00,11.222,11.254,10.935,11.11,6483406.34
2023-11-01 08:00:00,11.109,11.194,10.768,10.885,10343325.92
2023-11-01 12:00:00,10.885,11.186,10.646,10.831,16609918.23
2023-11-01 16:00:00,10.83,11.422,10.809,11.246,12908913.72
2023-11-01 20:00:00,11.246,11.789,11.244,11.652,15081710.87
2023-11-02 00:00:00,11.653,11.756,11.405,11.629,9254462.56
2023-11-02 04:00:00,11.629,11.762,11.171,11.192,9497345.42
2023-11-02 08:00:00,11.191,11.323,11.066,11.305,7950572.35
2023-11-02 12:00:00,11.304,11.46,10.871,10.896,15387467.43
2023-11-02 16:00:00,10.896,11.095,10.805,11.084,8222752.76
2023-11-02 20:00:00,11.085,11.13,10.875,11.013,4275292.22
2023-11-03 00:00:00,11.013,11.015,10.498,10.816,8318356.89
2023-11-03 04:00:00,10.815,11.222,10.68,11.178,7759016.07
2023-11-03 08:00:00,11.177,11.34,10.923,11.01,10047583.22
2023-11-03 12:00:00,11.011,11.321,10.943,11.282,10004013.61
2023-11-03 16:00:00,11.282,11.342,11.088,11.224,6394518.19
2023-11-03 20:00:00,11.224,11.611,11.192,11.472,7629592.33
2023-11-04 00:00:00,11.473,11.485,11.277,11.361,5941002.55
2023-11-04 04:00:00,11.361,11.516,11.227,11.244,6959499.14
2023-11-04 08:00:00,11.244,11.405,11.154,11.299,5519181.01
2023-11-04 12:00:00,11.299,11.37,11.185,11.238,4364599.69
2023-11-04 16:00:00,11.239,11.393,11.225,11.368,3035499.46
2023-11-04 20:00:00,11.367,11.637,11.33,11.508,4622277.02
2023-11-05 00:00:00,11.508,12.45,11.374,12.411,19806154.15
2023-11-05 04:00:00,12.411,12.58,12.166,12.231,13054451.39
2023-11-05 08:00:00,12.232,12.343,12.103,12.187,7151695.44
2023-11-05 12:00:00,12.187,12.229,11.678,11.761,12580094.77
2023-11-05 16:00:00,11.762,12.065,11.752,11.952,7578271.69
2023-11-05 20:00:00,11.952,12.269,11.796,12.238,7401840.65
2023-11-06 00:00:00,12.236,12.42,12.125,12.303,8882158.93
2023-11-06 04:00:00,12.303,12.782,12.165,12.459,16067633.45
2023-11-06 08:00:00,12.458,12.68,12.331,12.529,8895169.91
2023-11-06 12:00:00,12.529,12.891,12.371,12.659,11526207.93
2023-11-06 16:00:00,12.658,12.8,12.44,12.797,7790324.28
2023-11-06 20:00:00,12.798,13.275,12.708,12.997,11299901.29
2023-11-07 00:00:00,12.997,13.199,12.71,13.006,11321555.73
2023-11-07 04:00:00,13.007,13.352,12.864,13.088,10955961.74
2023-11-07 08:00:00,13.086,13.154,12.632,12.806,12101943.52
2023-11-07 12:00:00,12.804,12.984,12.529,12.718,11319692.11
2023-11-07 16:00:00,12.719,13.251,12.538,13.069,13884668.8
2023-11-07 20:00:00,13.069,13.261,12.965,13.053,6959048.04
2023-11-08 00:00:00,13.053,13.45,12.817,13.256,10079680.0
2023-11-08 04:00:00,13.256,13.636,13.236,13.446,9322304.67
2023-11-08 08:00:00,13.447,13.717,13.408,13.563,7121892.86
2023-11-08 12:00:00,13.564,14.0,13.531,13.732,12827521.77
2023-11-08 16:00:00,13.731,14.799,13.718,14.477,17354851.78
2023-11-08 20:00:00,14.479,14.993,14.472,14.918,14391178.23
2023-11-09 00:00:00,14.92,15.017,14.309,14.508,12523648.07
2023-11-09 04:00:00,14.508,14.772,14.386,14.506,8154456.78
2023-11-09 08:00:00,14.505,14.877,14.412,14.821,7744945.27
2023-11-09 12:00:00,14.822,15.999,14.8,15.132,27838367.46
2023-11-09 16:00:00,15.126,15.217,13.17,14.333,27354942.76
2023-11-09 20:00:00,14.332,14.732,14.0,14.609,9902624.42
2023-11-10 00:00:00,14.61,14.96,14.303,14.336,9024298.54
2023-11-10 04:00:00,14.336,14.537,14.181,14.48,5933978.66
2023-11-10 08:00:00,14.48,14.93,14.124,14.732,9286132.23
2023-11-10 12:00:00,14.732,15.338,14.421,15.066,16975159.23
2023-11-10 16:00:00,15.065,15.52,14.957,15.064,9171392.34
2023-11-10 20:00:00,15.064,15.653,14.902,15.512,8738233.41
2023-11-11 00:00:00,15.513,15.766,14.905,14.955,9815312.13
2023-11-11 04:00:00,14.955,15.239,14.7,15.023,6296420.8
2023-11-11 08:00:00,15.023,15.119,14.783,14.997,4845949.44
2023-11-11 12:00:00,14.998,16.68,14.91,16.299,17480720.19
2023-11-11 16:00:00,16.298,16.66,15.822,16.339,11654541.06
2023-11-11 20:00:00,16.34,16.612,15.933,16.484,9159242.0
2023-11-12 00:00:00,16.484,16.556,15.36,15.824,10210078.6
2023-11-12 04:00:00,15.824,16.383,15.577,16.26,5624278.94
2023-11-12 08:00:00,16.261,16.32,15.876,16.09,5485497.28
2023-11-12 12:00:00,16.09,16.101,15.609,15.954,7007908.52
2023-11-12 16:00:00,15.954,16.352,15.682,16.297,7412286.44
2023-11-12 20:00:00,16.297,16.388,15.85,16.031,5151057.66
2023-11-13 00:00:00,16.031,16.325,15.456,15.519,7619756.85
2023-11-13 04:00:00,15.52,15.617,15.1,15.303,7100237.53
2023-11-13 08:00:00,15.304,15.586,14.951,15.149,6109513.4
2023-11-13 12:00:00,15.149,15.31,14.381,15.154,11969193.34
2023-11-13 16:00:00,15.153,15.407,14.716,15.164,6888465.07
2023-11-13 20:00:00,15.163,15.164,14.311,14.37,9882090.48
2023-11-14 00:00:00,14.371,14.774,14.048,14.652,8749431.32
2023-11-14 04:00:00,14.652,14.882,14.587,14.809,3666236.11
2023-11-14 08:00:00,14.808,14.923,14.22,14.315,6508268.26
2023-11-14 12:00:00,14.316,14.753,13.806,14.073,15551529.88
2023-11-14 16:00:00,14.074,14.532,13.322,14.063,14787215.26
2023-11-14 20:00:00,14.062,14.332,13.914,13.96,6940241.56
2023-11-15 00:00:00,13.959,14.299,13.94,14.166,5331106.67
2023-11-15 04:00:00,14.167,14.734,14.152,14.606,5960421.37
2023-11-15 08:00:00,14.607,15.193,14.582,15.142,6623999.77
2023-11-15 12:00:00,15.142,15.159,14.604,14.888,7484895.95
2023-11-15 16:00:00,14.888,15.15,14.714,15.149,9045812.3
2023-11-15 20:00:00,15.148,15.412,14.904,15.034,7666531.93
2023-11-16 00:00:00,15.034,15.141,14.763,14.94,7685150.35
2023-11-16 04:00:00,14.939,15.236,14.678,14.995,6486205.36
2023-11-16 08:00:00,14.994,15.072,14.584,14.69,7223027.27
2023-11-16 12:00:00,14.691,14.698,13.909,14.137,13919919.01
2023-11-16 16:00:00,14.138,14.251,13.545,14.037,10418697.84
2023-11-16 20:00:00,14.037,14.144,13.677,13.871,7683326.81
2023-11-17 00:00:00,13.87,14.27,13.842,13.991,6125088.54
2023-11-17 04:00:00,13.991,14.072,13.736,13.792,4631690.24
2023-11-17 08:00:00,13.793,13.89,13.234,13.429,8660552.53
2023-11-17 12:00:00,13.428,13.644,12.85,12.957,13026891.83
2023-11-17 16:00:00,12.958,13.649,12.863,13.535,9521697.2
2023-11-17 20:00:00,13.536,13.833,13.427,13.704,5204950.67
2023-11-18 00:00:00,13.704,13.707,13.362,13.401,3861165.42
2023-11-18 04:00:00,13.402,13.52,12.92,13.349,5127256.41
2023-11-18 08:00:00,13.349,13.5,13.239,13.315,4276759.55
2023-11-18 12:00:00,13.315,13.578,13.1,13.542,6446436.94
2023-11-18 16:00:00,13.543,13.813,13.526,13.715,6554881.09
2023-11-18 20:00:00,13.715,13.768,13.544,13.751,2811092.46
2023-11-19 00:00:00,13.75,14.126,13.371,14.107,5999349.71
2023-11-19 04:00:00,14.107,14.368,13.933,14.285,7899000.71
2023-11-19 08:00:00,14.285,14.364,14.059,14.194,5474408.13
2023-11-19 12:00:00,14.193,14.276,13.967,14.202,5149596.0
2023-11-19 16:00:00,14.203,14.857,14.152,14.855,6324441.61
2023-11-19 20:00:00,14.855,15.058,14.76,14.911,8990099.19
2023-11-20 00:00:00,14.912,15.175,14.745,14.867,6109669.51
2023-11-20 04:00:00,14.867,15.3,14.832,15.214,5298387.56
2023-11-20 08:00:00,15.214,15.402,14.979,15.103,7017435.04
2023-11-20 12:00:00,15.104,15.391,14.62,15.132,10454363.22
2023-11-20 16:00:00,15.131,15.258,14.675,14.805,8928038.85
2023-11-20 20:00:00,14.805,14.854,14.371,14.488,5742811.76
2023-11-21 00:00:00,14.488,14.677,14.222,14.406,5285170.46
2023-11-21 04:00:00,14.405,14.407,14.049,14.119,4713185.63
2023-11-21 08:00:00,14.119,14.339,14.108,14.179,3985369.33
2023-11-21 12:00:00,14.181,14.416,13.718,14.254,11461552.89
2023-11-21 16:00:00,14.254,14.328,13.5,13.988,12198279.03
2023-11-21 20:00:00,13.988,14.222,13.28,13.361,9537294.51
2023-11-22 00:00:00,13.36,13.965,13.22,13.96,5554053.74
2023-11-22 04:00:00,13.961,14.318,13.932,14.128,6064330.28
2023-11-22 08:00:00,14.128,14.279,14.05,14.121,3870234.22
2023-11-22 12:00:00,14.122,14.4,14.062,14.227,7015734.9
2023-11-22 16:00:00,14.227,14.571,14.149,14.474,6470515.49
2023-11-22 20:00:00,14.473,14.628,14.189,14.213,5573515.32
2023-11-23 00:00:00,14.212,14.577,14.155,14.409,4292683.24
2023-11-23 04:00:00,14.408,14.659,14.371,14.533,3531358.5
2023-11-23 08:00:00,14.533,14.664,14.258,14.346,3998380.15
2023-11-23 12:00:00,14.347,14.409,14.124,14.145,4973892.46
2023-11-23 16:00:00,14.146,14.915,14.128,14.525,9457340.16
2023-11-23 20:00:00,14.525,14.664,14.366,14.402,3593572.28
2023-11-24 00:00:00,14.402,14.513,14.328,14.366,2646299.13
2023-11-24 04:00:00,14.366,14.438,14.215,14.378,2415445.24
2023-11-24 08:00:00,14.379,14.657,14.341,14.416,4186537.42
2023-11-24 12:00:00,14.416,14.66,14.307,14.579,4162496.02
2023-11-24 16:00:00,14.578,14.859,14.342,14.394,4846608.61
2023-11-24 20:00:00,14.395,14.485,14.25,14.479,2445199.5
2023-11-25 00:00:00,14.48,14.772,14.372,14.76,3349641.01
2023-11-25 04:00:00,14.76,14.784,14.635,14.749,2324780.29
2023-11-25 08:00:00,14.749,14.978,14.645,14.762,5970904.58
2023-11-25 12:00:00,14.762,14.886,14.653,14.789,2986388.19
2023-11-25 16:00:00,14.789,14.874,14.704,14.707,2249151.98
2023-11-25 20:00:00,14.707,14.788,14.669,14.766,1445584.31
2023-11-26 00:00:00,14.766,14.868,14.618,14.778,2799089.38
2023-11-26 04:00:00,14.778,15.187,14.767,15.106,4079558.62
2023-11-26 08:00:00,15.106,15.333,15.067,15.198,5033940.04
2023-11-26 12:00:00,15.199,15.225,14.705,14.808,7930011.57
2023-11-26 16:00:00,14.807,14.899,14.333,14.669,6896528.39
2023-11-26 20:00:00,14.67,14.869,14.569,14.763,3609816.31
2023-11-27 00:00:00,14.764,15.305,14.563,14.682,8620098.43
2023-11-27 04:00:00,14.682,14.833,14.325,14.507,6325682.09
2023-11-27 08:00:00,14.506,14.554,14.183,14.25,5412962.63
2023-11-27 12:00:00,14.249,14.34,14.052,14.086,4832048.54
2023-11-27 16:00:00,14.086,14.302,13.867,13.961,4416544.49
2023-11-27 20:00:00,13.962,14.249,13.885,14.181,2998500.64
2023-11-28 00:00:00,14.181,14.31,14.129,14.148,2578394.22
2023-11-28 04:00:00,14.148,14.178,13.762,13.98,4746935.05
2023-11-28 08:00:00,13.979,14.322,13.906,14.298,4099319.19
2023-11-28 12:00:00,14.299,14.449,14.168,14.386,4621383.72
2023-11-28 16:00:00,14.386,14.718,14.324,14.589,6943965.27
2023-11-28 20:00:00,14.588,14.68,14.45,14.525,2940965.77
2023-11-29 00:00:00,14.525,14.67,14.433,14.647,2849796.98
2023-11-29 04:00:00,14.646,14.799,14.532,14.696,3359547.09
2023-11-29 08:00:00,14.697,14.996,14.617,14.745,6156024.07
2023-11-29 12:00:00,14.744,14.867,14.392,14.585,6613374.53
2023-11-29 16:00:00,14.585,14.689,14.41,14.643,3290642.33
2023-11-29 20:00:00,14.643,14.665,14.457,14.513,2343155.03
2023-11-30 00:00:00,14.513,14.645,14.336,14.642,3831985.11
2023-11-30 04:00:00,14.643,14.702,14.4,14.436,3223890.43
2023-11-30 08:00:00,14.436,14.8,14.282,14.767,5421131.58
2023-11-30 12:00:00,14.767,14.839,14.326,14.393,5962273.01
2023-11-30 16:00:00,14.393,14.45,14.313,14.331,2171223.02
2023-11-30 20:00:00,14.331,14.41,14.257,14.407,1999987.85
2023-12-01 00:00:00,14.407,14.644,14.268,14.615,4007942.19
2023-12-01 04:00:00,14.616,14.776,14.546,14.73,3229295.1
2023-12-01 08:00:00,14.73,14.85,14.704,14.801,3470271.19
2023-12-01 12:00:00,14.802,14.999,14.687,14.936,5475680.33
2023-12-01 16:00:00,14.935,15.05,14.858,14.956,4891668.79
2023-12-01 20:00:00,14.956,15.012,14.893,14.991,1687597.68
2023-12-02 00:00:00,14.99,15.462,14.917,15.343,5742317.57
2023-12-02 04:00:00,15.342,15.893,15.248,15.75,7059126.62
2023-12-02 08:00:00,15.75,15.9,15.61,15.653,5380138.95
2023-12-02 12:00:00,15.653,15.884,15.608,15.847,4652769.62
2023-12-02 16:00:00,15.848,16.174,15.69,16.115,7610930.28
2023-12-02 20:00:00,16.115,16.21,15.918,15.999,4392473.58
2023-12-03 00:00:00,15.998,16.14,15.815,15.963,4034958.1
2023-12-03 04:00:00,15.964,16.306,15.881,16.285,3434493.16
2023-12-03 08:00:00,16.285,16.3,15.898,16.009,3972854.05
2023-12-03 12:00:00,16.01,16.075,15.751,15.847,5336209.59
2023-12-03 16:00:00,15.846,15.927,15.741,15.872,2505578.98
2023-12-03 20:00:00,15.872,16.161,15.669,15.721,4170881.89
2023-12-04 00:00:00,15.721,16.029,15.633,15.915,5077108.5
2023-12-04 04:00:00,15.916,16.421,15.914,16.089,8091162.78
2023-12-04 08:00:00,16.089,16.257,15.07,15.636,10425195.48
2023-12-04 12:00:00,15.636,16.12,15.394,15.469,9890609.39
2023-12-04 16:00:00,15.47,15.746,15.44,15.658,3243972.49
2023-12-04 20:00:00,15.658,15.834,15.535,15.825,3151411.28
2023-12-05 00:00:00,15.825,16.049,15.559,15.664,5161706.44
2023-12-05 04:00:00,15.664,15.67,15.216,15.334,5634260.69
2023-12-05 08:00:00,15.335,15.483,15.18,15.33,4473825.47
2023-12-05 12:00:00,15.331,15.627,15.256,15.546,4671778.06
2023-12-05 16:00:00,15.545,16.1,15.401,15.724,9482475.4
2023-12-05 20:00:00,15.725,15.853,15.461,15.73,5374595.84
2023-12-06 00:00:00,15.73,16.183,15.614,15.72,8274393.77
2023-12-06 04:00:00,15.719,15.823,15.336,15.638,5723631.32
2023-12-06 08:00:00,15.637,16.133,15.307,15.558,10574327.8
2023-12-06 12:00:00,15.557,15.781,15.458,15.552,6245109.83
2023-12-06 16:00:00,15.552,15.801,15.5,15.777,3820942.67
2023-12-06 20:00:00,15.777,15.82,15.232,15.274,4586087.1
2023-12-07 00:00:00,15.272,15.489,15.251,15.475,3335494.92
2023-12-07 04:00:00,15.475,15.739,15.449,15.578,3205662.65
2023-12-07 08:00:00,15.578,15.635,15.036,15.112,8376139.88
2023-12-07 12:00:00,15.113,15.365,14.66,15.249,12262573.4
2023-12-07 16:00:00,15.249,15.633,15.162,15.241,6552288.78
2023-12-07 20:00:00,15.241,15.824,15.178,15.71,6787791.01
2023-12-08 00:00:00,15.709,16.01,15.561,15.834,5854710.74
2023-12-08 04:00:00,15.833,16.124,15.751,15.918,6626709.19
2023-12-08 08:00:00,15.919,16.539,15.9,16.457,9756184.51
2023-12-08 12:00:00,16.456,17.36,16.338,16.708,18485398.13
2023-12-08 16:00:00,16.709,16.911,16.552,16.793,6328240.46
2023-12-08 20:00:00,16.794,17.028,16.742,16.945,3783935.42
2023-12-09 00:00:00,16.944,17.217,16.656,16.882,5908717.55
2023-12-09 04:00:00,16.882,17.299,16.868,17.206,4548349.82
2023-12-09 08:00:00,17.205,17.333,16.56,16.995,8564164.93
2023-12-09 12:00:00,16.996,17.116,16.351,16.634,9356897.47
2023-12-09 16:00:00,16.634,16.689,16.278,16.573,4775243.85
2023-12-09 20:00:00,16.575,16.601,16.03,16.209,3848879.29
2023-12-10 00:00:00,16.209,16.468,16.209,16.381,2828068.78
2023-12-10 04:00:00,16.38,16.44,16.193,16.324,2104916.51
2023-12-10 08:00:00,16.324,16.37,15.798,15.942,5642539.45
2023-12-10 12:00:00,15.942,16.2,15.912,16.142,3423804.0
2023-12-10 16:00:00,16.141,16.229,15.961,16.224,2834683.82
2023-12-10 20:00:00,16.224,16.468,16.202,16.38,3741629.7
2023-12-11 00:00:00,16.38,16.477,13.666,15.097,24581347.15
2023-12-11 04:00:00,15.098,15.23,14.758,14.862,9326218.52
2023-12-11 08:00:00,14.862,15.187,14.721,15.048,5694050.29
2023-12-11 12:00:00,15.047,15.084,14.606,14.79,7061707.15
2023-12-11 16:00:00,14.79,14.9,14.211,14.581,10323534.47
2023-12-11 20:00:00,14.582,14.834,14.501,14.769,3307763.08
2023-12-12 00:00:00,14.769,15.146,14.76,14.984,5065462.03
2023-12-12 04:00:00,14.984,15.072,14.687,15.04,3982634.35
2023-12-12 08:00:00,15.04,15.058,14.78,14.803,3818219.85
2023-12-12 12:00:00,14.803,15.091,14.568,14.657,7914253.53
2023-12-12 16:00:00,14.656,14.658,14.18,14.414,7484745.68
2023-12-12 20:00:00,14.415,14.576,14.165,14.533,3879554.1
2023-12-13 00:00:00,14.532,14.594,13.902,14.086,8591729.25
2023-12-13 04:00:00,14.087,14.28,13.856,14.215,6319596.99
2023-12-13 08:00:00,14.216,14.381,14.081,14.116,4248030.65
2023-12-13 12:00:00,14.116,14.66,14.097,14.57,6182736.49
2023-12-13 16:00:00,14.572,14.812,14.362,14.79,5302592.48
2023-12-13 20:00:00,14.79,14.959,14.657,14.775,4733490.65
2023-12-14 00:00:00,14.775,14.9,14.672,14.748,3182545.85
2023-12-14 04:00:00,14.749,14.968,14.623,14.851,3736208.19
2023-12-14 08:00:00,14.85,15.322,14.775,15.282,5478265.93
2023-12-14 12:00:00,15.281,15.36,14.034,14.874,14378175.34
2023-12-14 16:00:00,14.874,15.59,14.85,15.28,9128947.83
2023-12-14 20:00:00,15.28,15.516,15.141,15.381,3715607.27
2023-12-15 00:00:00,15.381,15.403,14.937,15.016,4180359.64
2023-12-15 04:00:00,15.016,15.062,14.865,14.898,3352854.62
2023-12-15 08:00:00,14.898,15.222,14.88,15.067,4265832.7
2023-12-15 12:00:00,15.067,15.106,14.647,14.785,6367245.17
2023-12-15 16:00:00,14.785,14.889,14.684,14.782,2813362.28
2023-12-15 20:00:00,14.781,14.843,14.26,14.288,4384666.56
2023-12-16 00:00:00,14.289,14.53,14.087,14.51,4458547.22
2023-12-16 04:00:00,14.509,14.596,14.415,14.446,2308953.63
2023-12-16 08:00:00,14.446,14.568,14.401,14.562,2998762.8
2023-12-16 12:00:00,14.561,14.663,14.48,14.652,3090668.34
2023-12-16 16:00:00,14.651,14.808,14.32,14.398,4315579.58
2023-12-16 20:00:00,14.399,14.484,14.284,14.33,2364500.02
2023-12-17 00:00:00,14.33,14.365,14.13,14.199,3106827.09
2023-12-17 04:00:00,14.2,14.296,14.013,14.042,3926339.93
2023-12-17 08:00:00,14.042,14.292,14.019,14.214,2929136.98
2023-12-17 12:00:00,14.215,14.267,14.016,14.249,3608279.17
2023-12-17 16:00:00,14.249,14.386,14.141,14.291,3270810.58
2023-12-17 20:00:00,14.291,14.364,13.91,14.031,3206984.94
2023-12-18 00:00:00,14.03,14.17,13.64,13.879,5822083.29
2023-12-18 04:00:00,13.879,14.011,13.816,13.885,3099060.29
2023-12-18 08:00:00,13.886,14.449,13.775,14.183,16617027.88
2023-12-18 12:00:00,14.184,14.37,13.965,13.998,7643638.23
2023-12-18 16:00:00,13.998,14.397,13.854,14.313,5307084.67
2023-12-18 20:00:00,14.314,14.688,14.261,14.672,5075736.0
2023-12-19 00:00:00,14.672,14.815,14.531,14.65,3889107.46
2023-12-19 04:00:00,14.649,14.703,14.536,14.598,2202955.44
2023-12-19 08:00:00,14.598,14.669,14.451,14.557,3372238.68
2023-12-19 12:00:00,14.557,14.583,14.114,14.245,5626576.36
2023-12-19 16:00:00,14.244,14.33,13.921,14.084,4649364.46
2023-12-19 20:00:00,14.084,14.163,13.978,14.104,2580371.26
2023-12-20 00:00:00,14.105,14.221,13.978,14.149,3134035.17
2023-12-20 04:00:00,14.148,14.453,14.124,14.434,2623227.2
2023-12-20 08:00:00,14.433,14.524,14.327,14.411,2595170.16
2023-12-20 12:00:00,14.411,14.819,14.332,14.723,5142836.2
2023-12-20 16:00:00,14.723,14.745,14.335,14.344,4355640.68
2023-12-20 20:00:00,14.344,14.375,14.028,14.262,4535459.5
2023-12-21 00:00:00,14.263,14.362,14.188,14.306,2858102.5
2023-12-21 04:00:00,14.306,14.488,14.227,14.448,2647401.36
2023-12-21 08:00:00,14.448,15.096,14.448,15.096,6537857.27
2023-12-21 12:00:00,15.097,15.182,14.615,14.985,8211590.85
2023-12-21 16:00:00,14.986,15.205,14.91,14.983,5337015.4
2023-12-21 20:00:00,14.983,15.328,14.936,15.318,3633430.29
2023-12-22 00:00:00,15.319,15.553,15.192,15.31,5591949.76
2023-12-22 04:00:00,15.31,15.751,15.116,15.19,7211922.19
2023-12-22 08:00:00,15.19,15.427,15.076,15.341,4714049.09
2023-12-22 12:00:00,15.342,15.694,15.117,15.491,5236244.13
2023-12-22 16:00:00,15.491,15.712,15.315,15.331,3526820.96
2023-12-22 20:00:00,15.331,15.521,15.326,15.496,1651757.97
2023-12-23 00:00:00,15.495,15.552,14.93,14.996,4717752.35
2023-12-23 04:00:00,14.995,15.159,14.911,15.039,2354215.82
2023-12-23 08:00:00,15.038,15.35,14.983,15.283,3043498.54
2023-12-23 12:00:00,15.283,15.885,15.24,15.835,7353862.65
2023-12-23 16:00:00,15.835,15.923,15.566,15.634,5171845.99
2023-12-23 20:00:00,15.637,15.798,15.441,15.695,3633137.86
2023-12-24 00:00:00,15.695,15.944,15.556,15.662,4288348.64
2023-12-24 04:00:00,15.662,15.815,15.31,15.548,4178115.04
2023-12-24 08:00:00,15.548,15.832,15.452,15.692,4390366.05
2023-12-24 12:00:00,15.694,15.936,15.591,15.804,3352590.82
2023-12-24 16:00:00,15.805,15.989,15.681,15.876,3382337.42
2023-12-24 20:00:00,15.877,15.947,15.1,15.279,5960678.19
2023-12-25 00:00:00,15.279,15.454,15.134,15.444,2534364.45
2023-12-25 04:00:00,15.443,15.578,15.368,15.407,2203494.18
2023-12-25 08:00:00,15.407,15.525,15.148,15.252,3272797.24
2023-12-25 12:00:00,15.252,15.673,15.181,15.559,4919253.86
2023-12-25 16:00:00,15.559,15.577,15.31,15.404,3431925.0
2023-12-25 20:00:00,15.404,15.752,15.2,15.601,5051821.96
2023-12-26 00:00:00,15.601,15.929,15.507,15.781,3244430.58
2023-12-26 04:00:00,15.782,15.859,15.075,15.317,6055810.93
2023-12-26 08:00:00,15.316,15.449,15.045,15.418,3577308.03
2023-12-26 12:00:00,15.419,15.514,15.065,15.086,4160348.62
2023-12-26 16:00:00,15.086,15.206,14.21,14.851,8310146.33
2023-12-26 20:00:00,14.852,15.122,14.84,15.108,3134234.87
2023-12-27 00:00:00,15.108,15.121,14.657,14.752,3457264.46
2023-12-27 04:00:00,14.751,15.003,14.74,14.903,2128397.68
2023-12-27 08:00:00,14.903,15.524,14.888,15.473,4408890.9
2023-12-27 12:00:00,15.472,16.388,15.395,16.159,12821515.78
2023-12-27 16:00:00,16.159,16.708,16.139,16.331,10060513.54
2023-12-27 20:00:00,16.33,16.759,16.292,16.728,4867044.52
2023-12-28 00:00:00,16.728,17.687,16.662,17.452,13591089.21
2023-12-28 04:00:00,17.453,17.599,16.716,16.961,8605194.93
2023-12-28 08:00:00,16.961,17.344,16.895,17.332,6538520.31
2023-12-28 12:00:00,17.332,17.348,16.101,16.18,12259717.78
2023-12-28 16:00:00,16.179,16.541,16.129,16.487,4045120.19
2023-12-28 20:00:00,16.487,16.535,15.995,16.022,3954070.55
2023-12-29 00:00:00,16.023,16.141,15.541,15.954,7042085.19
2023-12-29 04:00:00,15.953,16.045,15.684,15.741,2661256.05
2023-12-29 08:00:00,15.744,16.246,15.735,16.187,3484239.47
2023-12-29 12:00:00,16.187,16.234,15.459,15.612,7464944.02
2023-12-29 16:00:00,15.613,15.683,15.204,15.596,5280026.98
2023-12-29 20:00:00,15.597,15.635,15.124,15.552,2823873.09
2023-12-30 00:00:00,15.552,15.64,15.22,15.298,3064346.47
2023-12-30 04:00:00,15.298,15.499,15.288,15.318,1419507.55
2023-12-30 08:00:00,15.318,15.34,15.026,15.159,2439767.02
2023-12-30 12:00:00,15.16,15.42,15.11,15.392,2145094.53
2023-12-30 16:00:00,15.392,15.5,15.241,15.271,1848543.13
2023-12-30 20:00:00,15.272,15.335,15.073,15.18,1491281.54
2023-12-31 00:00:00,15.181,15.346,14.934,15.041,2212561.43
2023-12-31 04:00:00,15.04,15.311,15.006,15.218,1943115.18
2023-12-31 08:00:00,15.218,15.46,15.191,15.348,2397696.9
2023-12-31 12:00:00,15.349,15.538,15.263,15.305,2610909.74
2023-12-31 16:00:00,15.305,15.442,15.227,15.309,1942369.9
2023-12-31 20:00:00,15.31,15.314,14.75,14.952,3186732.24
2024-01-01 00:00:00,14.951,15.22,14.871,14.941,1872505.51
2024-01-01 04:00:00,14.94,15.237,14.812,15.231,1766535.01
2024-01-01 08:00:00,15.231,15.357,15.139,15.31,1560556.64
2024-01-01 12:00:00,15.31,15.336,15.155,15.316,1945719.95
2024-01-01 16:00:00,15.318,15.532,15.198,15.468,2526912.49
2024-01-01 20:00:00,15.468,15.594,15.383,15.563,2254602.8
2024-01-02 00:00:00,15.563,15.869,15.508,15.718,3440499.66
2024-01-02 04:00:00,15.718,15.961,15.712,15.905,2263926.3
2024-01-02 08:00:00,15.905,16.087,15.824,15.884,3948845.16
2024-01-02 12:00:00,15.884,15.983,15.276,15.375,4839735.82
2024-01-02 16:00:00,15.376,15.44,15.1,15.238,3548604.24
2024-01-02 20:00:00,15.237,15.319,15.059,15.18,2721762.11
2024-01-03 00:00:00,15.18,15.407,15.125,15.312,1847570.02
2024-01-03 04:00:00,15.312,15.593,15.272,15.323,2591746.18
2024-01-03 08:00:00,15.324,15.572,14.8,14.943,5026883.49
2024-01-03 12:00:00,14.944,14.984,12.066,14.192,20108323.05
2024-01-03 16:00:00,14.193,14.254,13.692,14.045,4842874.88
2024-01-03 20:00:00,14.045,14.308,14.029,14.147,2492416.06
2024-01-04 00:00:00,14.146,14.388,13.972,14.304,3449844.17
2024-01-04 04:00:00,14.306,14.499,14.253,14.294,2271353.65
2024-01-04 08:00:00,14.296,14.395,14.105,14.34,2647370.43
2024-01-04 12:00:00,14.339,14.69,14.24,14.67,4016683.6
2024-01-04 16:00:00,14.67,14.694,14.424,14.604,3031763.46
2024-01-04 20:00:00,14.604,14.78,14.455,14.526,2329342.54
2024-01-05 00:00:00,14.527,14.659,13.77,14.133,5469786.28
2024-01-05 04:00:00,14.132,14.51,14.011,14.449,4310453.42
2024-01-05 08:00:00,14.449,14.652,14.171,14.193,5594604.39
2024-01-05 12:00:00,14.193,14.248,13.8,14.035,5575710.06
2024-01-05 16:00:00,14.034,14.116,13.675,13.813,4179446.41
2024-01-05 20:00:00,13.812,14.092,13.801,14.091,2418010.34
2024-01-06 00:00:00,14.091,14.1,13.769,13.831,1924334.91
2024-01-06 04:00:00,13.83,13.877,13.161,13.342,6206255.98
2024-01-06 08:00:00,13.341,13.613,13.226,13.57,2538759.44
2024-01-06 12:00:00,13.571,13.65,13.393,13.618,2076232.64
2024-01-06 16:00:00,13.618,13.69,13.471,13.521,1906143.6
2024-01-06 20:00:00,13.521,13.562,13.254,13.432,1529183.81
2024-01-07 00:00:00,13.432,13.667,13.384,13.56,2254826.96
2024-01-07 04:00:00,13.561,13.74,13.559,13.645,2568237.16
2024-01-07 08:00:00,13.645,13.707,13.388,13.495,2690507.18
2024-01-07 12:00:00,13.495,13.678,13.403,13.47,2073603.46
2024-01-07 16:00:00,13.47,13.604,13.287,13.573,2295037.15
2024-01-07 20:00:00,13.573,13.612,12.959,13.15,3767091.15
2024-01-08 00:00:00,13.149,13.376,12.517,12.834,9313455.54
2024-01-08 04:00:00,12.835,13.566,12.767,13.486,4752760.11
2024-01-08 08:00:00,13.486,13.57,13.205,13.495,3342038.52
2024-01-08 12:00:00,13.495,13.847,13.484,13.578,5163052.65
2024-01-08 16:00:00,13.578,14.396,13.505,14.382,4720483.2
2024-01-08 20:00:00,14.381,14.398,14.091,14.14,2257900.85
2024-01-09 00:00:00,14.14,14.25,13.847,13.984,3099066.22
2024-01-09 04:00:00,13.983,14.178,13.91,14.05,2502577.01
2024-01-09 08:00:00,14.05,14.154,13.681,13.805,3822579.94
2024-01-09 12:00:00,13.805,13.879,13.152,13.56,6561498.54
2024-01-09 16:00:00,13.56,13.727,13.404,13.645,2970897.69
2024-01-09 20:00:00,13.646,13.871,13.355,13.712,8104956.66
2024-01-10 00:00:00,13.711,13.963,13.562,13.64,2455111.52
2024-01-10 04:00:00,13.638,13.798,13.597,13.674,1406371.53
2024-01-10 08:00:00,13.675,14.47,13.565,14.218,5371549.8
2024-01-10 12:00:00,14.218,14.381,13.596,14.254,6022734.74
2024-01-10 16:00:00,14.253,14.327,14.004,14.319,3210843.25
2024-01-10 20:00:00,14.319,15.364,13.916,15.077,8369189.95
2024-01-11 00:00:00,15.077,15.108,14.772,14.985,3308144.22
2024-01-11 04:00:00,14.984,14.997,14.593,14.833,2537677.4
2024-01-11 08:00:00,14.832,15.35,14.78,15.335,3515139.16
2024-01-11 12:00:00,15.332,15.696,14.881,15.035,8090002.22
2024-01-11 16:00:00,15.036,15.154,14.693,15.125,4203136.3
2024-01-11 20:00:00,15.126,15.186,14.815,15.02,2364587.91
2024-01-12 00:00:00,15.02,15.072,14.741,14.783,2109257.42
2024-01-12 04:00:00,14.783,14.997,14.695,14.766,1773555.87
2024-01-12 08:00:00,14.766,15.008,14.639,14.98,2359200.45
2024-01-12 12:00:00,14.979,15.306,14.725,14.786,5681554.03
2024-01-12 16:00:00,14.786,14.946,14.0,14.338,6862134.88
2024-01-12 20:00:00,14.339,14.453,13.563,14.157,4617152.56
2024-01-13 00:00:00,14.156,14.216,13.784,14.034,2402593.24
2024-01-13 04:00:00,14.034,14.244,14.019,14.173,1282646.16
2024-01-13 08:00:00,14.174,14.276,14.0,14.224,2010829.73
2024-01-13 12:00:00,14.224,14.355,14.121,14.246,1884368.39
2024-01-13 16:00:00,14.246,14.325,14.123,14.275,1217349.45
2024-01-13 20:00:00,14.274,14.435,14.263,14.35,1495174.08
2024-01-14 00:00:00,14.345,14.612,14.266,14.443,2406183.9
2024-01-14 04:00:00,14.442,15.252,14.41,14.887,7500861.31
2024-01-14 08:00:00,14.886,15.297,14.843,15.094,4903768.81
2024-01-14 12:00:00,15.093,15.34,14.954,15.22,3991348.66
2024-01-14 16:00:00,15.22,15.443,14.905,14.926,5046676.93
2024-01-14 20:00:00,14.927,15.317,14.752,14.765,5736191.46
2024-01-15 00:00:00,14.765,15.874,14.756,15.589,8363464.54
2024-01-15 04:00:00,15.588,15.689,15.427,15.446,4156744.06
2024-01-15 08:00:00,15.447,15.845,15.444,15.643,4280567.55
2024-01-15 12:00:00,15.643,16.027,15.22,15.32,8797138.17
2024-01-15 16:00:00,15.318,15.697,15.243,15.338,3910057.39
2024-01-15 20:00:00,15.338,15.426,14.984,15.185,3124517.7
2024-01-16 00:00:00,15.185,15.365,15.057,15.327,2605783.53
2024-01-16 04:00:00,15.328,15.33,15.014,15.103,2160055.59
2024-01-16 08:00:00,15.104,15.249,14.964,15.069,2334096.93
2024-01-16 12:00:00,15.069,15.185,14.733,15.066,4823496.69
2024-01-16 16:00:00,15.065,15.168,14.961,15.098,2452347.21
2024-01-16 20:00:00,15.099,15.349,15.098,15.269,2427339.52
2024-01-17 00:00:00,15.269,15.883,15.269,15.846,6215588.97
2024-01-17 04:00:00,15.846,16.006,15.732,15.771,6873658.24
2024-01-17 08:00:00,15.771,16.143,15.613,15.828,7157997.31
2024-01-17 12:00:00,15.827,16.396,15.728,16.112,9330394.35
2024-01-17 16:00:00,16.112,16.17,15.605,15.896,7518035.96
2024-01-17 20:00:00,15.896,15.993,15.498,15.761,3644552.01
2024-01-18 00:00:00,15.761,15.777,15.25,15.297,3797150.67
2024-01-18 04:00:00,15.297,15.515,15.217,15.457,2769773.56
2024-01-18 08:00:00,15.457,15.459,15.174,15.44,3724013.97
2024-01-18 12:00:00,15.439,15.533,15.07,15.17,5658833.22
2024-01-18 16:00:00,15.17,15.174,14.183,14.323,9123181.77
2024-01-18 20:00:00,14.324,14.705,14.243,14.653,4130710.99
2024-01-19 00:00:00,14.654,14.85,14.455,14.8,3902760.86
2024-01-19 04:00:00,14.799,15.054,14.717,15.045,4302012.4
2024-01-19 08:00:00,15.045,15.669,14.887,15.515,8174387.05
2024-01-19 12:00:00,15.515,15.637,15.025,15.16,8599911.45
2024-01-19 16:00:00,15.159,15.555,14.63,15.53,9460594.98
2024-01-19 20:00:00,15.529,16.425,15.385,16.121,7571667.25
2024-01-20 00:00:00,16.122,16.451,15.767,16.009,8580296.87
2024-01-20 04:00:00,16.008,16.534,16.007,16.41,6489624.17
2024-01-20 08:00:00,16.411,16.567,15.817,16.015,8051262.09
2024-01-20 12:00:00,16.015,16.078,15.726,15.739,4929085.08
2024-01-20 16:00:00,15.74,15.93,15.628,15.824,3597165.44
2024-01-20 20:00:00,15.824,15.904,15.705,15.782,2885534.33
2024-01-21 00:00:00,15.781,15.781,15.494,15.681,3033261.04
2024-01-21 04:00:00,15.683,15.683,15.481,15.634,1925352.11
2024-01-21 08:00:00,15.635,15.915,15.559,15.756,3500070.26
2024-01-21 12:00:00,15.756,15.817,15.438,15.49,3186567.47
2024-01-21 16:00:00,15.49,15.614,15.373,15.509,2346462.07
2024-01-21 20:00:00,15.51,15.577,15.379,15.396,1572923.64
2024-01-22 00:00:00,15.397,15.734,15.22,15.577,6464311.16
2024-01-22 04:00:00,15.578,15.979,15.482,15.68,6273208.19
2024-01-22 08:00:00,15.681,15.742,14.95,15.168,8307008.02
2024-01-22 12:00:00,15.168,15.44,14.79,15.087,6784316.26
2024-01-22 16:00:00,15.088,15.169,14.551,14.721,6327941.13
2024-01-22 20:00:00,14.721,14.959,14.5,14.593,3751480.72
2024-01-23 00:00:00,14.593,14.886,14.572,14.704,2882982.13
2024-01-23 04:00:00,14.704,14.88,14.483,14.561,2686007.95
2024-01-23 08:00:00,14.561,14.623,13.851,13.987,9583385.35
2024-01-23 12:00:00,13.987,14.209,13.554,14.117,7225348.17
2024-01-23 16:00:00,14.117,14.236,13.852,13.867,4249913.55
2024-01-23 20:00:00,13.867,14.323,13.788,14.292,3140118.73
2024-01-24 00:00:00,14.292,14.37,14.041,14.121,3219670.7
2024-01-24 04:00:00,14.12,14.309,14.03,14.15,2653089.97
2024-01-24 08:00:00,14.151,14.437,14.106,14.264,3392769.06
2024-01-24 12:00:00,14.264,14.347,13.984,14.146,4649606.29
2024-01-24 16:00:00,14.147,14.326,13.936,14.04,4935169.53
2024-01-24 20:00:00,14.04,14.263,13.905,14.237,2421125.25
2024-01-25 00:00:00,14.238,14.262,13.941,14.008,2097521.77
2024-01-25 04:00:00,14.008,14.039,13.843,14.023,1964705.29
2024-01-25 08:00:00,14.023,14.061,13.757,13.843,2877829.83
2024-01-25 12:00:00,13.844,13.902,13.5,13.594,4188254.25
2024-01-25 16:00:00,13.594,13.846,13.501,13.782,2484333.04
2024-01-25 20:00:00,13.783,13.886,13.717,13.741,1696683.87
2024-01-26 00:00:00,13.742,13.913,13.633,13.854,2390640.14
2024-01-26 04:00:00,13.855,13.914,13.708,13.721,2090975.64
2024-01-26 08:00:00,13.722,14.188,13.719,14.172,4183801.42
2024-01-26 12:00:00,14.171,14.216,13.946,14.2,3037785.79
2024-01-26 16:00:00,14.2,14.306,14.104,14.146,2816233.69
2024-01-26 20:00:00,14.147,14.209,14.038,14.184,1834428.45
2024-01-27 00:00:00,14.182,14.305,14.165,14.283,1784174.11
2024-01-27 04:00:00,14.283,14.347,14.093,14.127,1609183.76
2024-01-27 08:00:00,14.127,14.268,14.083,14.238,1679696.06
2024-01-27 12:00:00,14.239,14.339,14.206,14.288,1393951.89
2024-01-27 16:00:00,14.288,14.398,14.222,14.36,1661827.39
2024-01-27 20:00:00,14.359,14.39,14.297,14.338,1201667.03
2024-01-28 00:00:00,14.337,14.573,14.259,14.561,2522741.64
2024-01-28 04:00:00,14.56,14.64,14.431,14.472,2306828.85
2024-01-28 08:00:00,14.473,14.695,14.427,14.511,2540452.96
2024-01-28 12:00:00,14.511,14.582,14.302,14.402,2873815.32
2024-01-28 16:00:00,14.401,14.488,14.19,14.277,2901971.67
2024-01-28 20:00:00,14.277,14.536,14.199,14.475,2325491.18
2024-01-29 00:00:00,14.476,14.86,14.403,14.712,4407565.03
2024-01-29 04:00:00,14.711,14.821,14.572,14.587,2443565.96
2024-01-29 08:00:00,14.587,14.712,14.493,14.551,2424249.06
2024-01-29 12:00:00,14.55,14.72,14.257,14.702,4486658.14
2024-01-29 16:00:00,14.701,15.08,14.578,14.984,5176536.79
2024-01-29 20:00:00,14.985,15.081,14.933,15.001,2070947.98
2024-01-30 00:00:00,15.001,15.136,14.892,14.96,2304809.19
2024-01-30 04:00:00,14.96,15.057,14.938,15.001,1652437.71
2024-01-30 08:00:00,15.001,15.253,14.944,15.229,2783165.91
2024-01-30 12:00:00,15.23,15.606,14.962,15.596,6638661.04
2024-01-30 16:00:00,15.597,15.805,15.56,15.634,5392181.86
2024-01-30 20:00:00,15.633,15.707,15.37,15.476,3238805.68
2024-01-31 00:00:00,15.476,15.94,15.36,15.853,7664970.58
2024-01-31 04:00:00,15.852,16.061,15.791,15.826,4716430.94
2024-01-31 08:00:00,15.825,15.949,15.428,15.784,6024384.88
2024-01-31 12:00:00,15.785,15.856,15.274,15.71,6396350.26
2024-01-31 16:00:00,15.709,15.865,15.513,15.733,4525607.81
2024-01-31 20:00:00,15.731,15.745,15.08,15.424,5696623.25
2024-02-01 00:00:00,15.423,15.626,15.146,15.189,6195358.63
2024-02-01 04:00:00,15.188,15.837,15.173,15.777,6257793.75
2024-02-01 08:00:00,15.776,15.828,15.466,15.569,5144246.97
2024-02-01 12:00:00,15.568,16.961,15.567,16.694,16887436.41
2024-02-01 16:00:00,16.696,17.046,16.469,16.937,13513940.61
2024-02-01 20:00:00,16.937,17.388,16.88,17.191,12474796.05
2024-02-02 00:00:00,17.191,18.053,17.129,17.862,17241759.62
2024-02-02 04:00:00,17.863,18.267,17.705,18.116,13905630.89
2024-02-02 08:00:00,18.116,18.203,17.8,17.831,10616217.87
2024-02-02 12:00:00,17.831,18.887,17.676,18.73,21944475.76
2024-02-02 16:00:00,18.729,18.879,18.017,18.223,13307059.59
2024-02-02 20:00:00,18.223,18.227,17.552,17.822,9464480.13
2024-02-03 00:00:00,17.825,17.956,17.505,17.524,7163416.12
2024-02-03 04:00:00,17.524,17.845,17.52,17.716,4162245.64
2024-02-03 08:00:00,17.718,18.15,17.711,17.966,7481713.31
2024-02-03 12:00:00,17.967,18.094,17.772,18.085,5140066.67
2024-02-03 16:00:00,18.085,18.094,17.664,17.749,5050234.72
2024-02-03 20:00:00,17.749,17.775,17.544,17.66,3042672.65
2024-02-04 00:00:00,17.661,17.992,17.644,17.892,4144643.75
2024-02-04 04:00:00,17.893,17.899,17.526,17.627,4445275.63
2024-02-04 08:00:00,17.627,18.301,17.587,18.153,6074618.93
2024-02-04 12:00:00,18.153,18.394,18.034,18.205,5807198.77
2024-02-04 16:00:00,18.205,18.72,18.145,18.303,7747343.1
2024-02-04 20:00:00,18.304,18.67,18.1,18.15,7025692.22
2024-02-05 00:00:00,18.151,18.512,17.8,18.457,7549793.37
2024-02-05 04:00:00,18.457,18.888,18.393,18.705,9176173.37
2024-02-05 08:00:00,18.705,19.75,18.541,19.664,14992446.09
2024-02-05 12:00:00,19.664,19.8,19.121,19.279,14262640.64
2024-02-05 16:00:00,19.281,19.377,19.105,19.156,6676388.64
2024-02-05 20:00:00,19.156,19.19,18.752,19.156,6743757.79
2024-02-06 00:00:00,19.154,19.33,18.827,18.896,5935491.27
2024-02-06 04:00:00,18.895,19.111,18.802,19.064,4013264.3
2024-02-06 08:00:00,19.064,19.315,18.583,18.761,7916970.33
2024-02-06 12:00:00,18.762,18.873,18.399,18.639,6720492.25
2024-02-06 16:00:00,18.638,18.78,18.354,18.552,6247312.23
2024-02-06 20:00:00,18.551,18.605,18.215,18.289,3870809.06
2024-02-07 00:00:00,18.289,18.396,18.052,18.291,3913859.31
2024-02-07 04:00:00,18.292,18.559,18.164,18.385,4628189.36
2024-02-07 08:00:00,18.386,18.632,18.178,18.282,5090005.86
2024-02-07 12:00:00,18.281,18.431,18.16,18.418,4170439.01
2024-02-07 16:00:00,18.418,18.689,18.348,18.455,4358309.77
2024-02-07 20:00:00,18.459,19.073,18.449,18.809,5125062.4
2024-02-08 00:00:00,18.81,18.976,18.656,18.82,3366829.04
2024-02-08 04:00:00,18.82,19.261,18.728,19.15,5145288.03
2024-02-08 08:00:00,19.15,19.154,18.664,18.687,5243082.65
2024-02-08 12:00:00,18.688,18.748,18.315,18.65,8217247.64
2024-02-08 16:00:00,18.651,18.693,18.065,18.154,6200469.89
2024-02-08 20:00:00,18.153,18.299,17.956,18.2,2784664.58
2024-02-09 00:00:00,18.2,18.5,18.0,18.241,4236157.35
2024-02-09 04:00:00,18.242,18.41,18.114,18.334,2505401.81
2024-02-09 08:00:00,18.335,18.492,18.162,18.405,3711920.18
2024-02-09 12:00:00,18.409,18.613,18.131,18.362,7291178.46
2024-02-09 16:00:00,18.362,18.497,18.184,18.231,3818997.91
2024-02-09 20:00:00,18.23,18.62,18.228,18.469,3251970.86
2024-02-10 00:00:00,18.47,18.771,18.249,18.669,3322115.08
2024-02-10 04:00:00,18.671,18.689,18.307,18.332,2386962.51
2024-02-10 08:00:00,18.332,18.445,17.974,18.163,3905786.04
2024-02-10 12:00:00,18.163,18.447,18.136,18.357,2916461.09
2024-02-10 16:00:00,18.358,18.7,18.303,18.631,3075819.82
2024-02-10 20:00:00,18.63,19.13,18.594,19.08,4111135.81
2024-02-11 00:00:00,19.079,19.793,18.85,19.624,8518085.7
2024-02-11 04:00:00,19.623,20.493,19.612,20.347,9831984.55
2024-02-11 08:00:00,20.347,20.69,20.303,20.555,7767118.84
2024-02-11 12:00:00,20.554,20.617,19.932,20.288,8058140.24
2024-02-11 16:00:00,20.287,20.388,20.028,20.264,4246927.79
2024-02-11 20:00:00,20.265,20.373,20.042,20.153,2961538.96
2024-02-12 00:00:00,20.153,20.64,19.756,20.02,7124846.48
2024-02-12 04:00:00,20.021,20.431,19.951,20.227,4493697.72
2024-02-12 08:00:00,20.227,20.52,19.951,20.468,4462929.03
2024-02-12 12:00:00,20.468,20.817,19.879,20.266,9399877.14
2024-02-12 16:00:00,20.266,20.86,20.13,20.624,7976082.55
2024-02-12 20:00:00,20.624,20.817,20.436,20.472,3361292.98
2024-02-13 00:00:00,20.474,20.6,20.077,20.11,3921830.89
2024-02-13 04:00:00,20.11,20.281,20.056,20.117,2933943.87
2024-02-13 08:00:00,20.117,20.27,19.993,20.104,3435811.49
2024-02-13 12:00:00,20.104,20.194,19.365,19.886,9316125.05
2024-02-13 16:00:00,19.886,19.926,19.618,19.656,3782611.05
2024-02-13 20:00:00,19.657,19.929,19.646,19.879,1867140.33
2024-02-14 00:00:00,19.88,20.202,19.713,20.093,3533801.46
2024-02-14 04:00:00,20.093,20.129,19.903,20.099,2169044.94
2024-02-14 08:00:00,20.099,20.45,19.963,20.293,5755139.75
2024-02-14 12:00:00,20.294,20.371,19.835,20.115,5044752.25
2024-02-14 16:00:00,20.115,20.27,19.96,20.2,3544684.64
2024-02-14 20:00:00,20.2,20.411,20.15,20.26,2317547.22
2024-02-15 00:00:00,20.261,20.55,20.008,20.176,4232660.07
2024-02-15 04:00:00,20.175,20.21,19.801,19.977,2967387.54
2024-02-15 08:00:00,19.977,20.261,19.935,20.041,2757090.68
2024-02-15 12:00:00,20.039,20.248,19.775,19.89,5256692.31
2024-02-15 16:00:00,19.888,20.33,19.656,20.077,4802505.85
2024-02-15 20:00:00,20.078,20.142,19.742,19.952,2436365.73
2024-02-16 00:00:00,19.952,20.096,19.814,20.05,2004910.05
2024-02-16 04:00:00,20.051,20.337,19.85,19.867,3320614.03
2024-02-16 08:00:00,19.868,20.019,19.63,19.9,3266404.81
2024-02-16 12:00:00,19.901,20.211,19.115,19.511,7713174.74
2024-02-16 16:00:00,19.51,19.701,19.234,19.318,3543318.03
2024-02-16 20:00:00,19.319,19.6,19.283,19.566,1548778.87
2024-02-17 00:00:00,19.567,19.584,19.268,19.552,1416392.51
2024-02-17 04:00:00,19.552,19.61,19.423,19.594,1083022.07
2024-02-17 08:00:00,19.594,19.639,19.312,19.54,2005625.72
2024-02-17 12:00:00,19.538,19.883,19.226,19.629,7338384.23
2024-02-17 16:00:00,19.629,20.119,19.583,20.108,3924285.2
2024-02-17 20:00:00,20.108,20.297,20.03,20.046,2455153.39
2024-02-18 00:00:00,20.049,20.072,19.761,19.925,2178670.95
2024-02-18 04:00:00,19.924,20.15,19.85,20.005,1963753.87
2024-02-18 08:00:00,20.004,20.139,19.905,20.04,1742746.58
2024-02-18 12:00:00,20.04,20.112,19.873,19.928,1729470.07
2024-02-18 16:00:00,19.927,20.2,19.843,20.014,2557679.95
2024-02-18 20:00:00,20.014,20.401,19.866,20.137,4227736.03
2024-02-19 00:00:00,20.135,20.269,20.009,20.065,2302647.32
2024-02-19 04:00:00,20.064,20.247,19.914,20.231,2675723.15
2024-02-19 08:00:00,20.231,20.242,19.775,19.924,3498305.76
2024-02-19 12:00:00,19.924,19.933,19.656,19.802,2997591.07
2024-02-19 16:00:00,19.802,20.192,19.792,20.062,5083981.05
2024-02-19 20:00:00,20.063,20.215,19.812,19.848,3038077.88
2024-02-20 00:00:00,19.848,19.904,19.5,19.613,3144593.33
2024-02-20 04:00:00,19.613,19.849,19.5,19.607,2320445.51
2024-02-20 08:00:00,19.607,19.69,19.23,19.609,4300461.05
2024-02-20 12:00:00,19.61,19.736,18.264,18.988,9194431.4
2024-02-20 16:00:00,18.988,19.224,18.608,19.21,4096074.31
2024-02-20 20:00:00,19.21,19.509,19.13,19.296,2352256.79
2024-02-21 00:00:00,19.297,19.307,18.953,19.011,1743747.48
2024-02-21 04:00:00,19.012,19.061,18.664,18.758,2320991.6
2024-02-21 08:00:00,18.758,18.871,18.233,18.293,4527696.78
2024-02-21 12:00:00,18.293,18.585,18.116,18.407,4539192.13
2024-02-21 16:00:00,18.408,18.533,18.005,18.288,3447917.19
2024-02-21 20:00:00,18.288,18.625,18.186,18.598,2111394.3
2024-02-22 00:00:00,18.599,18.649,18.143,18.37,2259284.59
2024-02-22 04:00:00,18.37,18.828,18.301,18.823,2116356.46
2024-02-22 08:00:00,18.823,19.034,18.651,18.679,3407916.94
2024-02-22 12:00:00,18.679,18.741,18.181,18.517,3772909.58
2024-02-22 16:00:00,18.517,18.551,18.282,18.404,2119981.25
2024-02-22 20:00:00,18.403,18.649,18.088,18.14,3041011.89
2024-02-23 00:00:00,18.14,18.306,17.85,17.936,2810605.75
2024-02-23 04:00:00,17.936,18.134,17.835,17.959,1867253.28
2024-02-23 08:00:00,17.959,18.076,17.711,17.982,3248105.41
2024-02-23 12:00:00,17.982,18.081,17.76,17.882,4902665.99
2024-02-23 16:00:00,17.883,18.193,17.597,18.158,4487218.55
2024-02-23 20:00:00,18.158,18.263,17.756,17.954,2320408.02
2024-02-24 00:00:00,17.954,18.214,17.77,18.183,2101314.71
2024-02-24 04:00:00,18.182,18.481,18.144,18.464,2248607.13
2024-02-24 08:00:00,18.463,18.505,18.34,18.401,1763174.54
2024-02-24 12:00:00,18.402,18.402,18.223,18.248,1670043.87
2024-02-24 16:00:00,18.249,18.53,18.242,18.492,1930517.69
2024-02-24 20:00:00,18.493,18.585,18.415,18.549,1306463.19
2024-02-25 00:00:00,18.549,18.699,18.417,18.546,1897873.95
2024-02-25 04:00:00,18.547,18.669,18.455,18.577,996682.63
2024-02-25 08:00:00,18.577,18.586,18.384,18.58,1215335.99
2024-02-25 12:00:00,18.579,18.858,18.55,18.636,2323800.62
2024-02-25 16:00:00,18.637,18.813,18.522,18.756,1741883.25
2024-02-25 20:00:00,18.756,18.889,18.669,18.741,1244635.92
2024-02-26 00:00:00,18.741,18.876,18.575,18.691,1352011.16
2024-02-26 04:00:00,18.689,18.695,18.455,18.479,1446886.33
2024-02-26 08:00:00,18.481,18.579,18.15,18.259,2470402.14
2024-02-26 12:00:00,18.259,18.93,18.16,18.885,4660308.9
2024-02-26 16:00:00,18.886,19.231,18.812,19.231,4318766.01
2024-02-26 20:00:00,19.231,19.288,19.024,19.106,2427480.93
2024-02-27 00:00:00,19.106,19.367,18.952,19.043,3484845.64
2024-02-27 04:00:00,19.044,19.171,18.976,19.014,1684631.57
2024-02-27 08:00:00,19.014,19.388,19.008,19.293,2200218.52
2024-02-27 12:00:00,19.294,19.371,18.772,18.861,4332221.68
2024-02-27 16:00:00,18.861,19.208,18.682,19.133,3352898.55
2024-02-27 20:00:00,19.132,19.258,19.027,19.047,1722542.64
2024-02-28 00:00:00,19.05,19.129,18.826,18.913,1853396.21
2024-02-28 04:00:00,18.913,19.179,18.905,19.159,1422457.97
2024-02-28 08:00:00,19.159,19.662,19.04,19.262,6111513.37
2024-02-28 12:00:00,19.263,20.931,19.154,19.775,17532827.38
2024-02-28 16:00:00,19.775,20.333,17.911,18.898,12714228.86
2024-02-28 20:00:00,18.898,19.471,18.765,19.454,3494456.61
2024-02-29 00:00:00,19.454,19.8,19.258,19.503,3726206.08
2024-02-29 04:00:00,19.504,20.175,19.43,20.098,4608770.58
2024-02-29 08:00:00,20.097,20.491,19.956,20.135,4547735.89
2024-02-29 12:00:00,20.134,20.461,19.895,20.166,4652675.27
2024-02-29 16:00:00,20.166,20.198,19.463,19.782,5933047.33
2024-02-29 20:00:00,19.781,19.839,18.809,19.297,5192433.35
2024-03-01 00:00:00,19.296,19.813,19.293,19.56,2877656.38
2024-03-01 04:00:00,19.559,19.866,19.556,19.736,1799265.08
2024-03-01 08:00:00,19.737,20.084,19.691,19.904,2337764.68
2024-03-01 12:00:00,19.904,20.05,19.606,19.713,3231296.71
2024-03-01 16:00:00,19.715,20.031,19.668,19.884,2400485.95
2024-03-01 20:00:00,19.885,20.128,19.766,20.081,1915152.12
2024-03-02 00:00:00,20.081,20.707,19.986,20.671,4132950.83
2024-03-02 04:00:00,20.671,21.48,20.631,21.249,6786553.14
2024-03-02 08:00:00,21.249,21.31,20.664,20.772,4143241.72
2024-03-02 12:00:00,20.772,21.335,20.751,21.139,4815519.55
2024-03-02 16:00:00,21.139,21.724,21.134,21.395,4170676.63
2024-03-02 20:00:00,21.395,21.492,21.155,21.427,1695567.05
2024-03-03 00:00:00,21.426,21.576,21.068,21.299,2524000.01
2024-03-03 04:00:00,21.296,21.384,19.265,20.244,5867170.79
2024-03-03 08:00:00,20.245,20.541,20.021,20.532,4285608.19
2024-03-03 12:00:00,20.53,20.731,20.37,20.563,2701944.59
2024-03-03 16:00:00,20.565,20.694,20.44,20.585,2290802.13
2024-03-03 20:00:00,20.584,20.718,20.431,20.53,1528330.49
2024-03-04 00:00:00,20.53,20.933,20.173,20.271,4052246.9
2024-03-04 04:00:00,20.271,20.466,20.162,20.387,1748223.04
2024-03-04 08:00:00,20.388,20.843,20.3,20.509,4045974.72
2024-03-04 12:00:00,20.51,20.785,20.11,20.516,4000409.33
2024-03-04 16:00:00,20.515,20.569,19.832,20.368,5362886.12
2024-03-04 20:00:00,20.368,20.634,20.244,20.44,2493516.81
2024-03-05 00:00:00,20.44,20.465,19.955,20.152,2701062.28
2024-03-05 04:00:00,20.151,21.101,20.006,20.438,8060511.96
2024-03-05 08:00:00,20.438,20.942,20.25,20.749,3018077.35
2024-03-05 12:00:00,20.749,20.846,20.245,20.508,6005494.91
2024-03-05 16:00:00,20.508,20.644,16.351,17.747,14200154.37
2024-03-05 20:00:00,17.748,19.054,17.598,18.978,9865588.14
2024-03-06 00:00:00,18.978,19.128,18.4,18.627,3208933.61
2024-03-06 04:00:00,18.627,19.552,18.593,19.53,3508546.88
2024-03-06 08:00:00,19.528,19.82,19.391,19.603,3784542.48
2024-03-06 12:00:00,19.603,19.714,19.003,19.396,5347888.94
2024-03-06 16:00:00,19.396,20.114,19.37,19.959,3286840.35
2024-03-06 20:00:00,19.958,20.176,19.869,20.107,2120248.76
2024-03-07 00:00:00,20.107,20.431,19.916,19.999,3567649.89
2024-03-07 04:00:00,19.997,20.091,19.608,19.961,2805410.22
2024-03-07 08:00:00,19.961,20.06,19.817,19.945,1690433.57
2024-03-07 12:00:00,19.945,20.222,19.69,20.107,3395238.76
2024-03-07 16:00:00,20.106,20.234,20.002,20.125,2238062.51
2024-03-07 20:00:00,20.125,20.23,19.976,20.117,1475108.2
2024-03-08 00:00:00,20.117,20.418,19.92,20.003,2217411.88
2024-03-08 04:00:00,20.004,20.04,19.729,19.828,2010888.12
2024-03-08 08:00:00,19.828,20.05,19.762,20.017,1678392.25
2024-03-08 12:00:00,20.018,20.215,19.11,19.703,6096508.71
2024-03-08 16:00:00,19.704,20.002,19.225,19.768,5239527.01
2024-03-08 20:00:00,19.769,19.869,19.547,19.721,1582809.2
2024-03-09 00:00:00,19.721,20.158,19.68,20.069,1510126.17
2024-03-09 04:00:00,20.069,20.203,19.977,19.988,1424152.87
2024-03-09 08:00:00,19.99,20.07,19.679,19.959,1694304.16
2024-03-09 12:00:00,19.961,20.303,19.954,20.221,2921914.74
2024-03-09 16:00:00,20.221,20.36,19.82,19.918,3149925.93
2024-03-09 20:00:00,19.919,20.106,19.919,19.997,1037101.13
2024-03-10 00:00:00,19.999,20.098,19.853,19.923,1501656.57
2024-03-10 04:00:00,19.923,20.071,19.855,20.066,1149861.41
2024-03-10 08:00:00,20.065,20.13,19.633,19.884,3508103.32
2024-03-10 12:00:00,19.885,20.028,19.383,19.597,3881485.59
2024-03-10 16:00:00,19.597,19.874,19.556,19.866,1673994.33
2024-03-10 20:00:00,19.866,21.988,19.704,21.703,9979944.62
2024-03-11 00:00:00,21.703,22.9,20.634,21.251,15197096.44
2024-03-11 04:00:00,21.252,21.544,21.01,21.371,4611935.52
2024-03-11 08:00:00,21.372,21.634,21.105,21.385,4726625.31
2024-03-11 12:00:00,21.384,21.645,21.009,21.192,4327626.64
2024-03-11 16:00:00,21.193,21.461,20.912,21.165,3650016.51
2024-03-11 20:00:00,21.165,21.49,21.151,21.316,1883150.74
2024-03-12 00:00:00,21.317,21.38,20.73,20.848,3231408.43
2024-03-12 04:00:00,20.848,20.9,20.428,20.6,4833824.21
2024-03-12 08:00:00,20.599,20.748,20.085,20.518,4223976.24
2024-03-12 12:00:00,20.517,20.838,20.166,20.554,5569879.57
2024-03-12 16:00:00,20.555,20.74,19.502,20.728,8253808.57
2024-03-12 20:00:00,20.727,20.754,20.452,20.724,1815879.9
2024-03-13 00:00:00,20.724,20.944,20.511,20.725,2424081.56
2024-03-13 04:00:00,20.724,20.98,20.531,20.817,2478906.72
2024-03-13 08:00:00,20.817,20.994,20.704,20.749,2250711.41
2024-03-13 12:00:00,20.75,20.773,20.222,20.416,4421792.23
2024-03-13 16:00:00,20.416,20.513,20.298,20.441,2137308.35
2024-03-13 20:00:00,20.441,20.831,20.274,20.77,2265409.12
2024-03-14 00:00:00,20.771,20.85,20.559,20.648,2103504.07
2024-03-14 04:00:00,20.648,20.669,20.332,20.473,1997703.61
2024-03-14 08:00:00,20.474,21.671,20.465,21.642,7586930.66
2024-03-14 12:00:00,21.641,21.98,20.442,20.585,11431664.13
2024-03-14 16:00:00,20.586,21.5,19.88,20.28,10248136.3
2024-03-14 20:00:00,20.279,21.326,20.243,20.909,4875544.16
2024-03-15 00:00:00,20.91,21.037,18.677,19.588,9940270.25
2024-03-15 04:00:00,19.588,19.736,19.128,19.596,5443934.39
2024-03-15 08:00:00,19.597,19.604,18.438,19.27,8149893.22
2024-03-15 12:00:00,19.269,19.629,19.158,19.417,3776672.35
2024-03-15 16:00:00,19.417,19.881,19.208,19.394,4158483.71
2024-03-15 20:00:00,19.391,19.675,18.985,19.648,2973573.97
2024-03-16 00:00:00,19.649,19.851,19.36,19.422,3567878.68
2024-03-16 04:00:00,19.425,19.636,19.136,19.634,2283792.12
2024-03-16 08:00:00,19.633,19.668,19.131,19.322,2863063.03
2024-03-16 12:00:00,19.322,19.385,18.667,19.028,3818622.49
2024-03-16 16:00:00,19.028,19.029,18.031,18.209,5988798.17
2024-03-16 20:00:00,18.209,18.5,17.815,18.13,4440353.96
2024-03-17 00:00:00,18.132,18.416,17.891,18.416,2760842.52
2024-03-17 04:00:00,18.415,18.434,17.382,17.683,4405084.95
2024-03-17 08:00:00,17.683,18.511,17.564,18.355,4304802.39
2024-03-17 12:00:00,18.355,18.62,17.942,18.543,3432926.85
2024-03-17 16:00:00,18.541,18.716,18.456,18.695,2079809.51
2024-03-17 20:00:00,18.695,18.841,18.529,18.68,1870323.58
2024-03-18 00:00:00,18.68,19.204,18.212,18.929,6017777.55
2024-03-18 04:00:00,18.929,19.508,18.791,19.481,3358791.84
2024-03-18 08:00:00,19.485,19.509,18.732,19.251,4454439.37
2024-03-18 12:00:00,19.249,19.31,18.269,18.618,5758315.68
2024-03-18 16:00:00,18.615,18.875,18.062,18.214,4754274.04
2024-03-18 20:00:00,18.215,18.655,18.215,18.319,2197917.51
2024-03-19 00:00:00,18.318,18.483,17.382,17.714,7105364.97
2024-03-19 04:00:00,17.713,17.8,16.709,17.35,6429496.57
2024-03-19 08:00:00,17.35,17.37,16.504,17.332,8213955.52
2024-03-19 12:00:00,17.333,17.861,17.265,17.787,7170440.25
2024-03-19 16:00:00,17.786,17.98,17.501,17.632,4334018.85
2024-03-19 20:00:00,17.633,17.667,16.525,16.816,5245017.09
2024-03-20 00:00:00,16.816,17.286,16.775,16.872,4358838.77
2024-03-20 04:00:00,16.875,17.44,16.267,17.342,6562208.77
2024-03-20 08:00:00,17.341,17.486,17.082,17.428,3533863.06
2024-03-20 12:00:00,17.426,17.71,17.264,17.333,5558524.83
2024-03-20 16:00:00,17.333,18.156,16.606,18.093,8626376.52
2024-03-20 20:00:00,18.093,18.51,18.016,18.425,3361233.03
2024-03-21 00:00:00,18.424,18.561,18.231,18.328,2388940.31
2024-03-21 04:00:00,18.328,18.418,17.895,18.155,2896821.73
2024-03-21 08:00:00,18.154,18.368,18.1,18.251,2246718.07
2024-03-21 12:00:00,18.251,18.787,18.203,18.502,4650211.4
2024-03-21 16:00:00,18.504,18.93,18.085,18.563,5193376.22
2024-03-21 20:00:00,18.563,18.851,18.294,18.468,3530241.93
2024-03-22 00:00:00,18.467,18.599,17.924,18.499,2988861.8
2024-03-22 04:00:00,18.498,18.527,18.334,18.405,1848633.94
2024-03-22 08:00:00,18.404,18.48,17.873,17.904,2727790.04
2024-03-22 12:00:00,17.905,18.128,17.334,17.747,6186129.68
2024-03-22 16:00:00,17.748,18.361,17.537,18.281,3872238.55
2024-03-22 20:00:00,18.281,18.389,17.627,18.38,3965114.59
2024-03-23 00:00:00,18.38,18.489,17.904,18.126,3660043.01
2024-03-23 04:00:00,18.127,18.487,18.117,18.387,1829917.92
2024-03-23 08:00:00,18.387,18.483,18.234,18.431,2105294.08
2024-03-23 12:00:00,18.431,18.469,18.241,18.343,2281378.22
2024-03-23 16:00:00,18.343,18.481,18.275,18.355,1666167.1
2024-03-23 20:00:00,18.355,18.383,18.039,18.078,1439253.46
2024-03-24 00:00:00,18.078,18.365,18.022,18.032,1863696.2
2024-03-24 04:00:00,18.034,18.192,17.984,18.162,1230710.42
2024-03-24 08:00:00,18.162,18.393,18.135,18.381,1379753.08
2024-03-24 12:00:00,18.38,18.465,18.277,18.3,1538770.74
2024-03-24 16:00:00,18.3,18.349,18.023,18.216,1822041.2
2024-03-24 20:00:00,18.216,18.644,18.166,18.538,1949813.04
2024-03-25 00:00:00,18.538,18.775,18.389,18.712,1814727.81
2024-03-25 04:00:00,18.712,19.03,18.605,18.634,2093738.2
2024-03-25 08:00:00,18.634,19.055,18.626,18.91,2090926.82
2024-03-25 12:00:00,18.909,19.395,18.851,19.32,4369086.14
2024-03-25 16:00:00,19.323,19.511,19.28,19.472,2542304.84
2024-03-25 20:00:00,19.471,19.502,19.205,19.396,1781373.29
2024-03-26 00:00:00,19.396,19.799,19.351,19.788,2537437.79
2024-03-26 04:00:00,19.788,20.116,19.735,19.889,2229445.17
2024-03-26 08:00:00,19.889,20.63,19.804,20.444,3591866.46
2024-03-26 12:00:00,20.444,20.765,19.824,20.204,6157456.32
2024-03-26 16:00:00,20.204,20.305,19.659,19.67,3557990.4
2024-03-26 20:00:00,19.671,20.098,19.665,20.023,1928607.83
2024-03-27 00:00:00,20.024,20.207,19.822,19.84,2037692.08
2024-03-27 04:00:00,19.84,19.879,19.524,19.605,1761973.8
2024-03-27 08:00:00,19.606,19.76,19.309,19.742,2653127.26
2024-03-27 12:00:00,19.742,19.984,19.055,19.165,6594508.52
2024-03-27 16:00:00,19.164,19.41,19.026,19.281,3093991.53
2024-03-27 20:00:00,19.282,19.559,19.276,19.315,2021669.27
2024-03-28 00:00:00,19.315,19.436,19.062,19.213,1874861.27
2024-03-28 04:00:00,19.213,19.57,19.196,19.555,1455750.83
2024-03-28 08:00:00,19.555,19.833,19.461,19.614,2574304.19
2024-03-28 12:00:00,19.614,19.687,19.184,19.359,2978854.35
2024-03-28 16:00:00,19.36,19.408,19.155,19.231,1395799.22
2024-03-28 20:00:00,19.231,19.294,19.076,19.172,1321655.19
2024-03-29 00:00:00,19.172,19.239,18.906,19.027,1868767.23
2024-03-29 04:00:00,19.027,19.124,18.718,18.807,1914491.34
2024-03-29 08:00:00,18.808,19.034,18.783,18.982,1604693.92
2024-03-29 12:00:00,18.981,19.312,18.793,18.996,3132873.31
2024-03-29 16:00:00,18.997,19.072,18.766,18.962,1597789.51
2024-03-29 20:00:00,18.961,19.084,18.795,18.989,1130597.35
2024-03-30 00:00:00,18.989,19.054,18.803,18.841,1300256.1
2024-03-30 04:00:00,18.841,19.177,18.82,19.072,1374051.8
2024-03-30 08:00:00,19.072,19.24,18.901,19.217,1279862.88
2024-03-30 12:00:00,19.217,19.317,19.13,19.142,1453521.97
2024-03-30 16:00:00,19.143,19.231,18.912,19.099,1482191.19
2024-03-30 20:00:00,19.099,19.303,18.856,18.953,1585804.21
2024-03-31 00:00:00,18.953,19.092,18.891,18.986,988449.08
2024-03-31 04:00:00,18.987,19.376,18.95,19.272,1623456.64
2024-03-31 08:00:00,19.272,19.3,19.038,19.046,860974.77
2024-03-31 12:00:00,19.047,19.136,19.02,19.093,968196.79
2024-03-31 16:00:00,19.094,19.18,18.985,19.125,1118350.68
2024-03-31 20:00:00,19.124,19.197,18.997,19.193,1167422.9
2024-04-01 00:00:00,19.193,19.3,19.076,19.197,1784403.49
2024-04-01 04:00:00,19.196,19.233,18.2,18.659,4810543.71
2024-04-01 08:00:00,18.659,18.659,18.348,18.37,2081239.8
2024-04-01 12:00:00,18.37,18.579,17.93,17.959,3942488.31
2024-04-01 16:00:00,17.961,18.252,17.868,18.236,2415165.7
2024-04-01 20:00:00,18.237,18.45,18.174,18.377,1311988.47
2024-04-02 00:00:00,18.378,18.383,17.337,17.715,5387182.51
2024-04-02 04:00:00,17.715,18.496,17.602,18.31,5113033.33
2024-04-02 08:00:00,18.31,18.38,17.718,18.046,6152805.84
2024-04-02 12:00:00,18.045,18.247,17.596,17.627,5218889.97
2024-04-02 16:00:00,17.633,17.986,17.539,17.955,2767390.18
2024-04-02 20:00:00,17.951,18.166,17.882,17.97,2373689.12
2024-04-03 00:00:00,17.97,18.355,17.454,18.138,4175738.63
2024-04-03 04:00:00,18.138,18.189,17.967,18.035,1424913.19
2024-04-03 08:00:00,18.035,18.271,17.903,18.009,2418160.98
2024-04-03 12:00:00,18.01,18.134,17.779,17.908,2214308.36
2024-04-03 16:00:00,17.906,18.038,17.6,17.648,1855190.76
2024-04-03 20:00:00,17.648,17.76,17.384,17.699,1704417.25
2024-04-04 00:00:00,17.697,18.028,17.579,17.594,2278754.84
2024-04-04 04:00:00,17.593,17.989,17.404,17.907,2595631.53
2024-04-04 08:00:00,17.907,17.975,17.837,17.871,1523749.01
2024-04-04 12:00:00,17.871,18.156,17.865,18.033,2192784.01
2024-04-04 16:00:00,18.034,18.276,17.839,17.869,2109722.09
2024-04-04 20:00:00,17.87,17.906,17.513,17.799,2689181.68
2024-04-05 00:00:00,17.8,17.801,17.247,17.524,2432540.75
2024-04-05 04:00:00,17.524,17.545,17.093,17.281,2056667.09
2024-04-05 08:00:00,17.281,17.454,16.979,16.991,2374249.75
2024-04-05 12:00:00,16.991,17.508,16.868,17.502,3177695.51
2024-04-05 16:00:00,17.503,17.564,17.3,17.36,1514107.37
2024-04-05 20:00:00,17.359,17.455,17.273,17.34,881806.08
2024-04-06 00:00:00,17.341,17.454,17.27,17.382,918575.22
2024-04-06 04:00:00,17.382,17.51,17.331,17.478,834506.54
2024-04-06 08:00:00,17.479,17.677,17.466,17.629,1428503.19
2024-04-06 12:00:00,17.627,17.647,17.407,17.528,1407974.28
2024-04-06 16:00:00,17.529,17.574,17.412,17.432,885798.51
2024-04-06 20:00:00,17.432,17.692,17.425,17.572,852639.8
2024-04-07 00:00:00,17.573,17.819,17.51,17.785,1266412.97
2024-04-07 04:00:00,17.785,17.812,17.586,17.618,1122622.65
2024-04-07 08:00:00,17.618,17.774,17.61,17.756,698060.52
2024-04-07 12:00:00,17.756,17.851,17.68,17.687,1449077.17
2024-04-07 16:00:00,17.688,17.986,17.562,17.629,2117337.42
2024-04-07 20:00:00,17.63,17.958,17.612,17.922,924737.12
2024-04-08 00:00:00,17.923,17.938,17.598,17.647,1332524.75
2024-04-08 04:00:00,17.647,18.009,17.551,17.984,1484757.91
2024-04-08 08:00:00,17.984,18.693,17.963,18.612,4064234.64
2024-04-08 12:00:00,18.613,18.692,18.216,18.305,2896755.63
2024-04-08 16:00:00,18.305,18.373,18.02,18.109,2312116.0
2024-04-08 20:00:00,18.113,18.262,18.056,18.116,1142577.87
2024-04-09 00:00:00,18.117,18.196,17.878,17.927,1679167.48
2024-04-09 04:00:00,17.927,18.029,17.674,17.723,2344831.59
2024-04-09 08:00:00,17.724,17.85,17.451,17.848,2686924.92
2024-04-09 12:00:00,17.847,17.888,17.245,17.531,4152073.64
2024-04-09 16:00:00,17.531,17.666,17.351,17.602,2023993.69
2024-04-09 20:00:00,17.602,17.666,17.28,17.372,1559761.09
2024-04-10 00:00:00,17.373,17.479,17.087,17.407,2351312.37
2024-04-10 04:00:00,17.407,17.595,17.379,17.458,1537987.33
2024-04-10 08:00:00,17.459,17.586,17.265,17.396,2182632.67
2024-04-10 12:00:00,17.397,17.451,16.784,17.17,4677016.55
2024-04-10 16:00:00,17.169,17.394,17.062,17.323,2129192.06
2024-04-10 20:00:00,17.324,17.567,17.263,17.431,1432920.87
2024-04-11 00:00:00,17.432,17.464,17.358,17.456,1231691.2
2024-04-11 04:00:00,17.455,17.599,17.332,17.523,1100297.41
2024-04-11 08:00:00,17.523,17.622,17.142,17.186,1546000.4
2024-04-11 12:00:00,17.186,17.419,17.016,17.254,3911497.87
2024-04-11 16:00:00,17.255,17.441,17.056,17.432,1472846.63
2024-04-11 20:00:00,17.431,17.633,17.426,17.566,1637127.26
2024-04-12 00:00:00,17.566,17.878,17.551,17.777,1908846.13
2024-04-12 04:00:00,17.776,17.885,17.668,17.711,1309914.65
2024-04-12 08:00:00,17.711,17.845,17.625,17.658,1277585.58
2024-04-12 12:00:00,17.657,17.66,17.086,17.109,3050863.91
2024-04-12 16:00:00,17.109,17.186,12.736,14.475,22930667.27
2024-04-12 20:00:00,14.475,15.186,14.422,15.151,5754179.06
2024-04-13 00:00:00,15.151,15.248,14.678,15.101,4765551.31
2024-04-13 04:00:00,15.1,15.396,15.049,15.152,2559136.92
2024-04-13 08:00:00,15.151,15.28,15.001,15.061,2345081.56
2024-04-13 12:00:00,15.061,15.298,14.875,14.887,3046968.24
2024-04-13 16:00:00,14.888,14.944,12.748,13.434,12984367.22
2024-04-13 20:00:00,13.433,13.595,11.711,13.28,22443064.6
2024-04-14 00:00:00,13.279,13.363,12.71,13.097,6789110.17
2024-04-14 04:00:00,13.096,13.911,13.028,13.904,4479276.12
2024-04-14 08:00:00,13.903,13.993,13.4,13.446,4269369.12
2024-04-14 12:00:00,13.445,13.747,13.311,13.56,5103792.48
2024-04-14 16:00:00,13.562,13.814,13.122,13.593,6324481.02
2024-04-14 20:00:00,13.593,14.242,13.368,14.084,4264128.71
2024-04-15 00:00:00,14.085,14.09,13.703,13.854,2848751.49
2024-04-15 04:00:00,13.854,14.595,13.691,14.404,3996752.7
2024-04-15 08:00:00,14.405,14.645,14.31,14.424,2691525.51
2024-04-15 12:00:00,14.425,14.66,13.779,14.109,5430106.15
2024-04-15 16:00:00,14.111,14.192,13.217,13.696,6378723.25
2024-04-15 20:00:00,13.696,13.764,13.332,13.573,2216234.48
2024-04-16 00:00:00,13.573,13.648,13.232,13.344,3162693.69
2024-04-16 04:00:00,13.343,13.805,12.961,13.68,3586215.22
2024-04-16 08:00:00,13.68,13.696,13.076,13.466,3589422.15
2024-04-16 12:00:00,13.467,13.467,12.887,12.928,4147867.64
2024-04-16 16:00:00,12.927,13.38,12.812,13.215,3340854.04
2024-04-16 20:00:00,13.215,13.599,13.198,13.456,1508864.52
2024-04-17 00:00:00,13.456,13.523,13.291,13.411,1689407.21
2024-04-17 04:00:00,13.412,13.566,13.332,13.457,1914358.71
2024-04-17 08:00:00,13.457,13.599,13.202,13.226,2407418.35
2024-04-17 12:00:00,13.226,13.376,12.803,12.869,5584318.74
2024-04-17 16:00:00,12.87,13.465,12.704,13.239,4439056.8
2024-04-17 20:00:00,13.239,13.38,13.083,13.124,1775155.03
2024-04-18 00:00:00,13.123,13.37,12.864,13.27,2616262.83
2024-04-18 04:00:00,13.27,13.364,12.858,12.958,2377193.95
2024-04-18 08:00:00,12.959,13.465,12.805,13.336,2668022.56
2024-04-18 12:00:00,13.335,13.634,13.08,13.579,3456128.41
2024-04-18 16:00:00,13.579,13.704,13.389,13.674,2280956.78
2024-04-18 20:00:00,13.674,13.973,13.611,13.879,2028571.63
2024-04-19 00:00:00,13.879,13.881,12.732,13.291,7082339.11
2024-04-19 04:00:00,13.291,13.993,13.176,13.633,4685385.42
2024-04-19 08:00:00,13.632,13.943,13.614,13.793,2783638.73
2024-04-19 12:00:00,13.792,14.115,13.672,13.989,3416401.36
2024-04-19 16:00:00,13.988,14.031,13.799,14.018,1955876.68
2024-04-19 20:00:00,14.018,14.096,13.689,13.936,1859339.8
2024-04-20 00:00:00,13.935,14.15,13.736,13.952,2092353.22
2024-04-20 04:00:00,13.951,14.08,13.888,14.037,1327045.5
2024-04-20 08:00:00,14.037,14.19,13.917,14.16,1693661.88
2024-04-20 12:00:00,14.159,14.594,14.105,14.592,2330787.89
2024-04-20 16:00:00,14.592,14.954,14.484,14.91,2789647.42
2024-04-20 20:00:00,14.91,15.025,14.866,14.947,1389185.34
2024-04-21 00:00:00,14.947,15.067,14.689,14.917,1715894.51
2024-04-21 04:00:00,14.917,14.984,14.789,14.889,928013.21
2024-04-21 08:00:00,14.889,14.949,14.739,14.882,1090995.19
2024-04-21 12:00:00,14.883,14.927,14.683,14.809,1491160.51
2024-04-21 16:00:00,14.809,14.846,14.521,14.758,2245694.04
2024-04-21 20:00:00,14.758,15.162,14.719,15.091,2313838.28
2024-04-22 00:00:00,15.091,15.911,14.995,15.824,5207374.81
2024-04-22 04:00:00,15.824,16.03,15.554,15.585,4508626.24
2024-04-22 08:00:00,15.585,15.623,15.264,15.311,2284957.21
2024-04-22 12:00:00,15.31,15.396,15.131,15.329,2726533.05
2024-04-22 16:00:00,15.328,15.445,15.177,15.384,1929194.26
2024-04-22 20:00:00,15.385,15.632,15.362,15.434,1678493.63
2024-04-23 00:00:00,15.434,15.527,15.281,15.392,1601620.2
2024-04-23 04:00:00,15.392,15.564,15.221,15.352,2003690.37
2024-04-23 08:00:00,15.352,15.435,15.201,15.28,1205852.8
2024-04-23 12:00:00,15.28,15.463,15.212,15.237,1918286.33
2024-04-23 16:00:00,15.237,15.361,15.088,15.342,1555065.55
2024-04-23 20:00:00,15.343,15.354,15.106,15.169,1287504.52
2024-04-24 00:00:00,15.169,15.346,15.081,15.282,1214352.48
2024-04-24 04:00:00,15.283,15.503,15.273,15.381,1335248.03
2024-04-24 08:00:00,15.38,15.623,15.358,15.586,1372135.04
2024-04-24 12:00:00,15.586,15.626,14.677,14.714,4948981.62
2024-04-24 16:00:00,14.713,15.015,14.615,14.727,3161803.39
2024-04-24 20:00:00,14.727,14.783,14.348,14.526,2609431.76
2024-04-25 00:00:00,14.525,14.672,14.353,14.534,1729439.46
2024-04-25 04:00:00,14.535,14.891,14.37,14.767,2351777.05
2024-04-25 08:00:00,14.767,14.859,14.412,14.628,2814331.88
2024-04-25 12:00:00,14.628,14.742,14.35,14.722,3022738.98
2024-04-25 16:00:00,14.721,14.799,14.635,14.716,1759732.16
2024-04-25 20:00:00,14.716,14.849,14.533,14.58,1192004.45
2024-04-26 00:00:00,14.58,14.735,14.335,14.61,2224803.61
2024-04-26 04:00:00,14.611,14.919,14.535,14.807,1756024.49
2024-04-26 08:00:00,14.807,14.926,14.492,14.579,1692960.35
2024-04-26 12:00:00,14.58,14.775,14.366,14.668,2708047.65
2024-04-26 16:00:00,14.669,14.797,14.618,14.647,1237849.33
2024-04-26 20:00:00,14.648,14.752,14.421,14.483,1125901.29
2024-04-27 00:00:00,14.483,14.519,13.936,14.168,3710842.0
2024-04-27 04:00:00,14.166,14.292,14.108,14.109,1496339.28
2024-04-27 08:00:00,14.109,14.152,13.934,14.032,1458875.67
2024-04-27 12:00:00,14.031,14.214,13.911,13.947,1614600.38
2024-04-27 16:00:00,13.947,14.393,13.857,14.163,3416501.76
2024-04-27 20:00:00,14.164,14.284,14.088,14.258,1049772.73
2024-04-28 00:00:00,14.256,14.434,14.207,14.322,1283573.06
2024-04-28 04:00:00,14.322,14.383,14.248,14.322,953782.01
2024-04-28 08:00:00,14.322,14.345,13.996,14.024,1221610.39
2024-04-28 12:00:00,14.024,14.232,14.014,14.099,1210092.59
2024-04-28 16:00:00,14.1,14.22,14.053,14.105,1107053.25
2024-04-28 20:00:00,14.105,14.111,13.718,13.797,1928932.87
2024-04-29 00:00:00,13.798,13.999,13.737,13.818,2162531.58
2024-04-29 04:00:00,13.82,14.077,13.769,13.862,2607887.85
2024-04-29 08:00:00,13.861,13.952,13.71,13.929,1727752.28
2024-04-29 12:00:00,13.93,14.022,13.7,13.972,2724628.62
2024-04-29 16:00:00,13.972,14.036,13.821,14.035,1545026.15
2024-04-29 20:00:00,14.035,14.177,13.906,14.066,1866172.97
2024-04-30 00:00:00,14.067,14.206,13.765,13.977,2207926.6
2024-04-30 04:00:00,13.977,14.019,13.863,13.899,1188495.82
2024-04-30 08:00:00,13.899,13.935,13.163,13.189,4497097.34
2024-04-30 12:00:00,13.19,13.289,12.964,13.083,3794828.46
2024-04-30 16:00:00,13.083,13.084,12.765,12.882,3516647.77
2024-04-30 20:00:00,12.881,13.266,12.88,13.123,1899483.96
2024-05-01 00:00:00,13.123,13.167,12.954,13.14,1958513.12
2024-05-01 04:00:00,13.14,13.258,12.576,12.708,4195361.5
2024-05-01 08:00:00,12.709,12.95,12.393,12.936,4558312.66
2024-05-01 12:00:00,12.937,13.052,12.724,12.776,2966337.99
2024-05-01 16:00:00,12.776,13.511,12.661,12.992,4922083.22
2024-05-01 20:00:00,12.991,13.397,12.948,13.34,1847838.35
2024-05-02 00:00:00,13.34,13.358,12.918,13.154,1705076.63
2024-05-02 04:00:00,13.155,13.368,13.131,13.268,1216259.55
2024-05-02 08:00:00,13.268,13.696,13.244,13.654,1931114.85
2024-05-02 12:00:00,13.654,13.672,13.372,13.616,2432597.93
2024-05-02 16:00:00,13.617,13.728,13.482,13.682,1534813.61
2024-05-02 20:00:00,13.683,13.771,13.513,13.584,1929460.12
2024-05-03 00:00:00,13.584,13.788,13.514,13.686,1448099.84
2024-05-03 04:00:00,13.685,13.716,13.47,13.495,1405248.88
2024-05-03 08:00:00,13.495,13.714,13.452,13.665,1342733.25
2024-05-03 12:00:00,13.664,13.975,13.611,13.934,3147608.46
2024-05-03 16:00:00,13.935,14.049,13.86,14.046,1042975.49
2024-05-03 20:00:00,14.046,14.191,14.01,14.084,1331416.65
2024-05-04 00:00:00,14.083,14.157,13.962,14.079,982382.28
2024-05-04 04:00:00,14.078,14.182,14.032,14.127,1385875.69
2024-05-04 08:00:00,14.126,14.426,14.107,14.187,2063507.4
2024-05-04 12:00:00,14.188,14.303,14.125,14.26,1493249.55
2024-05-04 16:00:00,14.261,14.476,14.239,14.379,1654358.04
2024-05-04 20:00:00,14.377,14.427,14.266,14.307,896397.62
2024-05-05 00:00:00,14.307,14.363,14.099,14.2,1989798.93
2024-05-05 04:00:00,14.2,14.269,14.129,14.224,882915.72
2024-05-05 08:00:00,14.224,14.346,14.214,14.291,905565.28
2024-05-05 12:00:00,14.291,14.53,14.205,14.506,1332781.21
2024-05-05 16:00:00,14.505,14.655,14.305,14.364,1633456.68
2024-05-05 20:00:00,14.363,14.389,14.29,14.362,763282.95
2024-05-06 00:00:00,14.362,14.483,14.262,14.368,1009434.39
2024-05-06 04:00:00,14.367,14.744,14.354,14.734,1674998.29
2024-05-06 08:00:00,14.734,15.162,14.732,15.027,3898146.85
2024-05-06 12:00:00,15.026,15.068,14.458,14.681,4284914.58
2024-05-06 16:00:00,14.68,14.761,14.506,14.663,1944198.38
2024-05-06 20:00:00,14.664,14.758,14.473,14.478,1193916.93
2024-05-07 00:00:00,14.478,14.658,14.159,14.321,2298695.13
2024-05-07 04:00:00,14.322,14.381,14.179,14.264,1362665.42
2024-05-07 08:00:00,14.264,14.625,14.243,14.331,2013392.7
2024-05-07 12:00:00,14.331,14.72,14.327,14.49,2071314.79
2024-05-07 16:00:00,14.489,14.543,14.15,14.248,1549336.31
2024-05-07 20:00:00,14.247,14.351,13.955,13.992,1833821.47
2024-05-08 00:00:00,13.992,14.098,13.818,14.031,1552679.32
2024-05-08 04:00:00,14.031,14.061,13.762,13.803,1663571.85
2024-05-08 08:00:00,13.803,13.906,13.739,13.771,1601487.3
2024-05-08 12:00:00,13.773,14.1,13.677,13.998,2802984.12
2024-05-08 16:00:00,13.998,14.118,13.855,13.963,2455566.05
2024-05-08 20:00:00,13.963,14.017,13.658,13.892,2267127.9
2024-05-09 00:00:00,13.892,14.076,13.88,13.992,1246969.71
2024-05-09 04:00:00,13.991,14.129,13.882,14.052,1771338.65
2024-05-09 08:00:00,14.052,14.203,13.898,13.994,3105095.43
2024-05-09 12:00:00,13.995,14.125,13.834,14.046,1862015.77
2024-05-09 16:00:00,14.045,14.259,13.999,14.248,1511153.7
2024-05-09 20:00:00,14.247,14.358,14.14,14.226,946377.35
2024-05-10 00:00:00,14.227,14.33,14.158,14.307,977727.76
2024-05-10 04:00:00,14.308,14.366,14.214,14.324,1038302.1
2024-05-10 08:00:00,14.324,14.337,14.222,14.329,877260.65
2024-05-10 12:00:00,14.329,14.356,13.709,13.817,3800617.48
2024-05-10 16:00:00,13.817,13.834,13.508,13.624,3288426.67
2024-05-10 20:00:00,13.625,13.665,13.479,13.552,1259599.9
2024-05-11 00:00:00,13.552,13.805,13.539,13.611,1279914.8
2024-05-11 04:00:00,13.611,13.646,13.572,13.621,721268.47
2024-05-11 08:00:00,13.622,13.63,13.403,13.487,1085060.28
2024-05-11 12:00:00,13.486,13.629,13.45,13.484,1057504.16
2024-05-11 16:00:00,13.484,13.547,13.424,13.469,1028666.7
2024-05-11 20:00:00,13.469,13.469,13.27,13.299,1214526.65
2024-05-12 00:00:00,13.299,13.428,13.278,13.359,922584.12
2024-05-12 04:00:00,13.36,13.439,13.27,13.302,835418.22
2024-05-12 08:00:00,13.302,13.508,13.277,13.459,1119749.16
2024-05-12 12:00:00,13.458,13.557,13.425,13.519,994289.44
2024-05-12 16:00:00,13.519,13.586,13.423,13.499,1042888.27
2024-05-12 20:00:00,13.499,13.584,13.43,13.551,1528719.44
2024-05-13 00:00:00,13.551,13.628,13.111,13.315,3527875.85
2024-05-13 04:00:00,13.314,13.525,13.064,13.481,2429922.01
2024-05-13 08:00:00,13.478,13.669,13.374,13.44,2307139.6
2024-05-13 12:00:00,13.439,13.616,13.346,13.491,1834201.15
2024-05-13 16:00:00,13.49,13.667,13.268,13.478,1903576.83
2024-05-13 20:00:00,13.477,13.534,13.349,13.383,758360.63
2024-05-14 00:00:00,13.383,13.486,13.306,13.428,1591319.64
2024-05-14 04:00:00,13.428,13.556,13.087,13.524,2516183.32
2024-05-14 08:00:00,13.523,13.593,13.33,13.336,1516567.65
2024-05-14 12:00:00,13.336,13.393,13.098,13.26,2679019.94
2024-05-14 16:00:00,13.26,13.263,12.964,13.073,1834175.54
2024-05-14 20:00:00,13.073,13.089,12.92,12.975,941461.83
2024-05-15 00:00:00,12.975,13.059,12.888,12.95,1044732.72
2024-05-15 04:00:00,12.951,13.108,12.834,13.09,1482235.42
2024-05-15 08:00:00,13.09,13.204,12.962,13.043,1866767.61
2024-05-15 12:00:00,13.043,13.689,13.014,13.608,4285600.51
2024-05-15 16:00:00,13.608,13.882,13.569,13.866,1942243.17
2024-05-15 20:00:00,13.866,13.935,13.73,13.861,1413242.51
2024-05-16 00:00:00,13.861,14.0,13.792,13.967,1414806.86
2024-05-16 04:00:00,13.968,14.059,13.915,13.961,1262067.43
2024-05-16 08:00:00,13.96,14.012,13.767,13.866,1475649.23
2024-05-16 12:00:00,13.865,13.874,13.528,13.767,2940642.98
2024-05-16 16:00:00,13.767,15.09,13.716,14.986,10624570.76
2024-05-16 20:00:00,14.985,15.861,14.654,15.503,17414169.93
2024-05-17 00:00:00,15.504,16.15,15.46,15.914,11945844.15
2024-05-17 04:00:00,15.913,16.361,15.609,16.303,10274912.39
2024-05-17 08:00:00,16.303,16.694,16.177,16.512,11962375.99
2024-05-17 12:00:00,16.513,16.76,15.928,16.084,13418992.19
2024-05-17 16:00:00,16.084,16.491,15.972,16.182,8544392.29
2024-05-17 20:00:00,16.182,16.299,16.056,16.222,2421808.63
2024-05-18 00:00:00,16.222,16.395,16.106,16.159,3676883.75
2024-05-18 04:00:00,16.16,16.352,16.033,16.274,3515776.91
2024-05-18 08:00:00,16.274,16.393,16.116,16.184,3251620.79
2024-05-18 12:00:00,16.185,16.565,16.063,16.449,6096755.77
2024-05-18 16:00:00,16.45,16.459,16.221,16.273,2683964.93
2024-05-18 20:00:00,16.272,16.35,16.152,16.32,1493155.84
2024-05-19 00:00:00,16.321,16.527,16.296,16.454,2470940.24
2024-05-19 04:00:00,16.453,16.735,16.312,16.66,4302057.59
2024-05-19 08:00:00,16.66,16.845,16.418,16.636,5617169.37
2024-05-19 12:00:00,16.634,16.99,16.28,16.959,8576152.99
2024-05-19 16:00:00,16.956,17.112,16.626,16.686,8223737.37
2024-05-19 20:00:00,16.685,16.718,16.31,16.551,4305934.37
2024-05-20 00:00:00,16.551,17.037,16.393,16.92,7000218.35
2024-05-20 04:00:00,16.92,17.216,16.624,16.684,7095498.27
2024-05-20 08:00:00,16.684,16.823,16.571,16.698,3769983.17
2024-05-20 12:00:00,16.699,16.699,16.35,16.479,4878998.52
2024-05-20 16:00:00,16.479,17.145,16.347,17.062,7776298.23
2024-05-20 20:00:00,17.06,17.46,16.663,17.259,7152805.03
2024-05-21 00:00:00,17.259,17.443,16.824,16.941,4536181.59
2024-05-21 04:00:00,16.941,17.145,16.811,16.956,2766961.16
2024-05-21 08:00:00,16.956,17.036,16.856,16.933,2537026.48
2024-05-21 12:00:00,16.934,17.112,16.545,16.61,5775216.33
2024-05-21 16:00:00,16.609,16.875,16.51,16.674,3623811.2
2024-05-21 20:00:00,16.674,16.8,16.588,16.748,1909549.03
2024-05-22 00:00:00,16.749,16.939,16.726,16.89,1941711.91
2024-05-22 04:00:00,16.89,16.89,16.466,16.709,2706751.25
2024-05-22 08:00:00,16.709,16.931,16.572,16.579,2089216.72
2024-05-22 12:00:00,16.578,16.659,16.176,16.557,6603451.53
2024-05-22 16:00:00,16.557,16.75,16.161,16.351,3638978.3
2024-05-22 20:00:00,16.351,16.555,16.201,16.362,1893104.35
2024-05-23 00:00:00,16.362,16.528,16.296,16.45,2072710.17
2024-05-23 04:00:00,16.451,16.7,16.3,16.677,2228614.82
2024-05-23 08:00:00,16.677,16.786,16.51,16.709,2774458.37
2024-05-23 12:00:00,16.709,17.1,15.53,16.127,7240906.93
2024-05-23 16:00:00,16.127,16.334,15.868,15.954,2850859.69
2024-05-23 20:00:00,15.955,16.692,15.4,16.606,5993778.86
2024-05-24 00:00:00,16.606,17.575,16.572,17.498,4746520.8
2024-05-24 04:00:00,17.498,17.613,16.722,16.897,7207801.0
2024-05-24 08:00:00,16.897,17.753,16.748,17.573,6943904.21
2024-05-24 12:00:00,17.572,17.79,17.157,17.216,5292590.75
2024-05-24 16:00:00,17.217,17.543,17.004,17.314,3397392.75
2024-05-24 20:00:00,17.314,17.552,17.183,17.259,1818858.4
2024-05-25 00:00:00,17.26,17.261,17.027,17.14,1650136.7
2024-05-25 04:00:00,17.14,17.266,17.051,17.104,1392541.45
2024-05-25 08:00:00,17.104,17.23,17.04,17.094,1907494.24
2024-05-25 12:00:00,17.094,17.258,16.913,17.189,2623059.13
2024-05-25 16:00:00,17.189,17.476,17.188,17.357,1666891.23
2024-05-25 20:00:00,17.357,17.473,17.298,17.445,1071568.87
2024-05-26 00:00:00,17.446,17.853,17.359,17.768,3363735.01
2024-05-26 04:00:00,17.768,17.926,17.592,17.622,2662335.33
2024-05-26 08:00:00,17.622,17.641,17.26,17.353,2706339.35
2024-05-26 12:00:00,17.352,17.355,17.066,17.137,2212772.13
2024-05-26 16:00:00,17.137,17.218,17.044,17.094,1243877.79
2024-05-26 20:00:00,17.094,17.183,17.003,17.046,1343315.48
2024-05-27 00:00:00,17.046,17.247,16.95,17.136,1735224.21
2024-05-27 04:00:00,17.135,17.158,16.877,17.09,1550344.37
2024-05-27 08:00:00,17.09,17.366,17.051,17.341,2216277.04
2024-05-27 12:00:00,17.341,18.055,17.303,18.033,3599457.07
2024-05-27 16:00:00,18.033,18.88,18.03,18.6,8913848.99
2024-05-27 20:00:00,18.599,18.884,18.561,18.801,3042214.79
2024-05-28 00:00:00,18.801,18.854,18.044,18.125,5162332.81
2024-05-28 04:00:00,18.125,18.32,17.985,18.054,3683853.39
2024-05-28 08:00:00,18.054,18.344,18.02,18.241,3158950.31
2024-05-28 12:00:00,18.241,18.289,17.867,18.187,3232306.06
2024-05-28 16:00:00,18.186,18.581,17.988,18.515,3371830.75
2024-05-28 20:00:00,18.514,18.612,18.427,18.545,1463075.69
2024-05-29 00:00:00,18.546,18.602,18.263,18.326,1687426.52
2024-05-29 04:00:00,18.326,18.569,18.29,18.293,1618124.76
2024-05-29 08:00:00,18.297,18.799,18.046,18.719,3867482.69
2024-05-29 12:00:00,18.719,19.241,18.679,18.893,6604626.86
2024-05-29 16:00:00,18.894,19.025,18.511,18.515,2539016.84
2024-05-29 20:00:00,18.519,18.742,18.463,18.464,1469541.16
2024-05-30 00:00:00,18.464,19.224,18.445,18.736,3302954.8
2024-05-30 04:00:00,18.736,18.814,18.2,18.351,3197254.53
2024-05-30 08:00:00,18.35,18.435,18.071,18.087,2890587.45
2024-05-30 12:00:00,18.087,18.496,18.061,18.3,3139437.31
2024-05-30 16:00:00,18.301,18.429,18.009,18.081,2183966.85
2024-05-30 20:00:00,18.082,18.084,17.78,17.948,1850723.55
2024-05-31 00:00:00,17.949,18.089,17.79,17.918,1375893.2
2024-05-31 04:00:00,17.919,18.032,17.714,17.885,1346807.92
2024-05-31 08:00:00,17.885,18.066,17.793,18.052,1235075.63
2024-05-31 12:00:00,18.052,18.244,17.539,17.574,3332586.35
2024-05-31 16:00:00,17.575,18.277,17.464,18.242,2585086.15
2024-05-31 20:00:00,18.243,18.758,18.215,18.422,3096137.78
2024-06-01 00:00:00,18.421,18.458,18.274,18.344,1249522.08
2024-06-01 04:00:00,18.345,18.65,18.319,18.527,1494669.96
2024-06-01 08:00:00,18.528,18.665,18.39,18.556,1140512.97
2024-06-01 12:00:00,18.556,18.695,18.505,18.61,1331108.63
2024-06-01 16:00:00,18.61,18.679,18.477,18.479,1057039.34
2024-06-01 20:00:00,18.478,18.553,18.385,18.455,793853.13
2024-06-02 00:00:00,18.455,18.578,18.367,18.475,881242.63
2024-06-02 04:00:00,18.475,18.565,18.368,18.421,948801.68
2024-06-02 08:00:00,18.421,18.451,18.211,18.419,1435289.76
2024-06-02 12:00:00,18.419,18.549,18.193,18.358,1619241.13
2024-06-02 16:00:00,18.359,18.381,18.117,18.172,1494249.28
2024-06-02 20:00:00,18.172,18.218,18.078,18.153,685823.39
2024-06-03 00:00:00,18.153,18.247,17.925,18.081,1667551.51
2024-06-03 04:00:00,18.081,18.372,17.967,18.145,1663161.94
2024-06-03 08:00:00,18.144,18.242,17.907,17.966,1649695.1
2024-06-03 12:00:00,17.966,18.276,17.808,17.953,3406227.15
2024-06-03 16:00:00,17.953,17.969,17.634,17.732,2102466.59
2024-06-03 20:00:00,17.733,17.775,17.546,17.635,1111144.46
2024-06-04 00:00:00,17.636,17.675,17.51,17.672,1200841.48
2024-06-04 04:00:00,17.672,17.688,17.535,17.669,951742.93
2024-06-04 08:00:00,17.669,17.724,17.475,17.645,1290800.74
2024-06-04 12:00:00,17.645,17.858,17.636,17.799,1947162.25
2024-06-04 16:00:00,17.799,17.865,17.564,17.674,1567295.83
2024-06-04 20:00:00,17.673,17.754,17.606,17.73,783446.84
2024-06-05 00:00:00,17.728,17.948,17.669,17.733,1448778.72
2024-06-05 04:00:00,17.732,18.093,17.715,17.972,1687990.65
2024-06-05 08:00:00,17.972,17.975,17.788,17.907,1312719.83
2024-06-05 12:00:00,17.907,17.919,17.631,17.754,1830538.42
2024-06-05 16:00:00,17.754,17.975,17.706,17.886,1172021.87
2024-06-05 20:00:00,17.885,17.921,17.678,17.762,731354.15
2024-06-06 00:00:00,17.761,17.801,17.622,17.629,1235460.75
2024-06-06 04:00:00,17.628,17.644,17.317,17.489,2737193.29
2024-06-06 08:00:00,17.489,17.491,17.33,17.377,1404800.22
2024-06-06 12:00:00,17.377,17.563,17.266,17.478,1930255.49
2024-06-06 16:00:00,17.478,17.524,17.164,17.264,1738366.27
2024-06-06 20:00:00,17.265,17.447,17.111,17.267,1262147.71
2024-06-07 00:00:00,17.267,17.418,17.25,17.385,879780.28
2024-06-07 04:00:00,17.385,17.591,17.37,17.514,1558209.23
2024-06-07 08:00:00,17.514,17.695,17.429,17.626,1437035.47
2024-06-07 12:00:00,17.626,17.741,17.27,17.608,3433437.22
2024-06-07 16:00:00,17.608,17.637,15.198,16.287,10895234.24
2024-06-07 20:00:00,16.287,16.392,16.22,16.32,1360098.58
2024-06-08 00:00:00,16.321,16.347,16.204,16.304,1050400.85
2024-06-08 04:00:00,16.304,16.428,16.286,16.327,967283.03
2024-06-08 08:00:00,16.328,16.328,15.856,15.873,1677915.39
2024-06-08 12:00:00,15.872,16.021,15.697,15.929,2107372.21
2024-06-08 16:00:00,15.929,15.97,15.679,15.807,1085480.86
2024-06-08 20:00:00,15.806,15.978,15.716,15.926,858709.75
2024-06-09 00:00:00,15.926,16.08,15.904,16.036,1074246.81
2024-06-09 04:00:00,16.036,16.076,15.904,16.019,802522.5
2024-06-09 08:00:00,16.019,16.104,15.967,16.004,772406.36
2024-06-09 12:00:00,16.004,16.106,15.942,15.994,1265309.74
2024-06-09 16:00:00,15.994,16.178,15.986,16.172,814240.24
2024-06-09 20:00:00,16.172,16.379,16.113,16.368,1082911.84
2024-06-10 00:00:00,16.368,16.385,16.096,16.127,1434742.59
2024-06-10 04:00:00,16.126,16.196,15.795,15.815,1558078.06
2024-06-10 08:00:00,15.816,16.088,15.808,15.986,1148435.52
2024-06-10 12:00:00,15.986,16.251,15.763,16.178,1865901.85
2024-06-10 16:00:00,16.177,16.204,15.838,15.888,1587835.38
2024-06-10 20:00:00,15.888,15.932,15.777,15.907,976474.54
2024-06-11 00:00:00,15.908,15.915,15.251,15.712,3286140.29
2024-06-11 04:00:00,15.711,15.753,15.354,15.504,2246849.91
2024-06-11 08:00:00,15.506,15.619,15.39,15.429,1664594.33
2024-06-11 12:00:00,15.43,15.5,14.755,14.879,4278867.51
2024-06-11 16:00:00,14.879,15.073,14.664,15.032,2657035.47
2024-06-11 20:00:00,15.032,15.096,14.936,14.982,1003484.21
2024-06-12 00:00:00,14.982,15.196,14.723,15.17,1878039.73
2024-06-12 04:00:00,15.169,15.296,15.153,15.275,1237862.41
2024-06-12 08:00:00,15.275,15.551,15.172,15.198,2886064.39
2024-06-12 12:00:00,15.196,16.136,15.187,16.068,3724900.8
2024-06-12 16:00:00,16.068,16.233,15.601,15.699,3931239.9
2024-06-12 20:00:00,15.696,16.064,15.639,16.009,1226574.6
2024-06-13 00:00:00,16.009,16.052,15.342,15.519,2158654.03
2024-06-13 04:00:00,15.519,15.648,15.488,15.522,987757.94
2024-06-13 08:00:00,15.522,15.54,15.253,15.305,1722482.73
2024-06-13 12:00:00,15.304,15.602,15.075,15.1,3302653.41
2024-06-13 16:00:00,15.1,15.478,15.05,15.344,1515907.56
2024-06-13 20:00:00,15.343,15.399,15.065,15.139,928797.06
2024-06-14 00:00:00,15.139,15.46,15.102,15.275,1672366.57
2024-06-14 04:00:00,15.275,15.441,15.275,15.335,1030219.1
2024-06-14 08:00:00,15.335,15.443,15.271,15.423,1249586.25
2024-06-14 12:00:00,15.423,15.455,15.144,15.195,2101345.85
2024-06-14 16:00:00,15.193,15.21,14.475,14.505,4598201.37
2024-06-14 20:00:00,14.506,14.926,14.46,14.736,1855804.58
2024-06-15 00:00:00,14.735,14.896,14.694,14.863,1084867.67
2024-06-15 04:00:00,14.863,15.106,14.793,15.009,1216727.52
2024-06-15 08:00:00,15.009,15.062,14.883,14.894,1184092.81
2024-06-15 12:00:00,14.893,15.04,14.85,14.982,1142415.52
2024-06-15 16:00:00,14.983,15.02,14.833,14.905,915963.67
2024-06-15 20:00:00,14.906,14.92,14.781,14.852,924649.93
2024-06-16 00:00:00,14.852,14.863,14.63,14.655,1089592.25
2024-06-16 04:00:00,14.654,14.869,14.561,14.842,940672.36
2024-06-16 08:00:00,14.842,14.96,14.769,14.914,953901.74
2024-06-16 12:00:00,14.914,15.192,14.895,15.142,2211213.82
2024-06-16 16:00:00,15.143,15.16,15.031,15.106,916925.55
2024-06-16 20:00:00,15.105,15.217,15.082,15.134,934031.02
2024-06-17 00:00:00,15.133,15.209,14.779,14.789,1720368.39
2024-06-17 04:00:00,14.79,14.923,14.586,14.766,1889974.74
2024-06-17 08:00:00,14.766,14.81,14.185,14.324,3040821.07
2024-06-17 12:00:00,14.325,14.426,14.123,14.283,2478508.51
2024-06-17 16:00:00,14.284,14.831,14.0,14.689,3650180.3
2024-06-17 20:00:00,14.689,14.698,14.502,14.512,1730229.71
2024-06-18 00:00:00,14.513,14.612,12.875,13.727,7924871.32
2024-06-18 04:00:00,13.727,13.817,13.604,13.722,1595182.95
2024-06-18 08:00:00,13.723,13.819,13.432,13.631,2309644.58
2024-06-18 12:00:00,13.632,13.71,13.12,13.563,5812148.46
2024-06-18 16:00:00,13.563,13.606,13.258,13.592,3245254.93
2024-06-18 20:00:00,13.591,13.985,13.488,13.972,2392003.86
2024-06-19 00:00:00,13.971,14.331,13.9,14.199,2884896.06
2024-06-19 04:00:00,14.199,14.393,14.184,14.391,1227483.05
2024-06-19 08:00:00,14.391,14.417,14.161,14.269,1655804.9
2024-06-19 12:00:00,14.269,14.336,14.069,14.185,1594953.09
2024-06-19 16:00:00,14.185,14.49,14.152,14.369,1542420.38
2024-06-19 20:00:00,14.37,14.495,14.222,14.336,1138217.08
2024-06-20 00:00:00,14.336,14.503,14.27,14.351,1913691.69
2024-06-20 04:00:00,14.35,14.742,14.302,14.724,1581991.28
2024-06-20 08:00:00,14.723,14.848,14.563,14.643,1617640.38
2024-06-20 12:00:00,14.643,14.686,14.264,14.325,2246147.31
2024-06-20 16:00:00,14.325,14.507,14.181,14.505,1667670.44
2024-06-20 20:00:00,14.501,14.538,14.242,14.25,710299.17
2024-06-21 00:00:00,14.251,14.348,14.095,14.208,1724054.61
2024-06-21 04:00:00,14.209,14.446,14.147,14.297,1875545.09
2024-06-21 08:00:00,14.297,14.555,14.04,14.512,2604866.35
2024-06-21 12:00:00,14.511,14.587,14.161,14.302,3395873.65
2024-06-21 16:00:00,14.305,14.349,13.943,14.119,2410809.24
2024-06-21 20:00:00,14.119,14.199,13.837,13.841,1475313.36
2024-06-22 00:00:00,13.842,13.903,13.727,13.821,1316640.85
2024-06-22 04:00:00,13.822,13.886,13.727,13.749,1000096.62
2024-06-22 08:00:00,13.749,13.756,13.566,13.62,1380528.56
2024-06-22 12:00:00,13.62,13.85,13.578,13.738,1546340.64
2024-06-22 16:00:00,13.737,13.765,13.585,13.616,1227458.34
2024-06-22 20:00:00,13.617,13.622,13.457,13.472,1050818.1
2024-06-23 00:00:00,13.472,13.659,13.471,13.637,1090423.6
2024-06-23 04:00:00,13.637,13.676,13.524,13.644,832639.73
2024-06-23 08:00:00,13.643,13.663,13.473,13.564,948595.52
2024-06-23 12:00:00,13.565,13.58,13.37,13.451,1600610.14
2024-06-23 16:00:00,13.451,13.457,13.304,13.395,1342959.39
2024-06-23 20:00:00,13.396,13.397,13.116,13.187,1914676.49
2024-06-24 00:00:00,13.188,13.272,13.02,13.208,1838576.79
2024-06-24 04:00:00,13.208,13.23,12.925,13.023,2140419.46
2024-06-24 08:00:00,13.023,13.238,12.577,13.132,3854243.17
2024-06-24 12:00:00,13.131,13.678,13.09,13.174,4424157.75
2024-06-24 16:00:00,13.173,13.36,13.078,13.136,2692810.28
2024-06-24 20:00:00,13.136,13.633,13.0,13.609,2387787.28
2024-06-25 00:00:00,13.608,14.096,13.565,13.988,2487186.07
2024-06-25 04:00:00,13.988,14.127,13.854,13.878,1569050.08
2024-06-25 08:00:00,13.878,14.116,13.816,13.912,1308198.08
2024-06-25 12:00:00,13.911,14.147,13.826,14.083,1596363.15
2024-06-25 16:00:00,14.084,14.228,14.013,14.177,1245885.05
2024-06-25 20:00:00,14.177,14.28,14.101,14.186,992788.55
2024-06-26 00:00:00,14.186,14.279,14.082,14.2,1166203.39
2024-06-26 04:00:00,14.201,14.287,14.101,14.225,972556.56
2024-06-26 08:00:00,14.225,14.251,13.972,14.014,1225189.43
2024-06-26 12:00:00,14.015,14.047,13.851,13.944,1903227.81
2024-06-26 16:00:00,13.944,14.086,13.85,14.073,1382307.87
2024-06-26 20:00:00,14.073,14.112,13.896,13.911,895434.12
2024-06-27 00:00:00,13.911,13.927,13.76,13.825,1106454.3
2024-06-27 04:00:00,13.826,13.878,13.58,13.663,1313874.34
2024-06-27 08:00:00,13.663,13.93,13.662,13.86,1433253.17
2024-06-27 12:00:00,13.859,14.237,13.85,14.083,3083627.14
2024-06-27 16:00:00,14.083,14.551,14.022,14.363,2625831.12
2024-06-27 20:00:00,14.361,14.431,14.28,14.426,835034.47
2024-06-28 00:00:00,14.426,14.514,14.262,14.385,1206871.32
2024-06-28 04:00:00,14.386,14.407,14.132,14.2,1151199.46
2024-06-28 08:00:00,14.2,14.39,14.141,14.34,932431.57
2024-06-28 12:00:00,14.341,14.596,14.26,14.366,2893529.28
2024-06-28 16:00:00,14.365,14.42,13.931,14.087,2713520.88
2024-06-28 20:00:00,14.088,14.119,13.755,13.771,1340881.29
2024-06-29 00:00:00,13.772,14.161,13.742,14.085,1612422.03
2024-06-29 04:00:00,14.085,14.12,13.942,13.961,950362.42
2024-06-29 08:00:00,13.961,13.97,13.792,13.857,910523.42
2024-06-29 12:00:00,13.856,13.87,13.572,13.674,1585842.82
2024-06-29 16:00:00,13.674,13.711,13.533,13.646,1366083.63
2024-06-29 20:00:00,13.646,13.694,13.476,13.536,1075783.58
2024-06-30 00:00:00,13.537,13.606,13.44,13.522,1136161.26
2024-06-30 04:00:00,13.522,13.71,13.44,13.669,1272587.12
2024-06-30 08:00:00,13.669,13.741,13.539,13.541,1298364.01
2024-06-30 12:00:00,13.542,13.695,13.51,13.691,1282663.71
2024-06-30 16:00:00,13.692,14.014,13.621,13.996,1663385.53
2024-06-30 20:00:00,13.997,14.348,13.957,14.278,2240940.93
2024-07-01 00:00:00,14.276,14.43,14.233,14.288,1958729.01
2024-07-01 04:00:00,14.288,14.416,14.27,14.382,1007233.59
2024-07-01 08:00:00,14.382,14.472,14.277,14.408,1713307.5
2024-07-01 12:00:00,14.407,14.481,14.212,14.381,2001643.33
2024-07-01 16:00:00,14.383,14.535,14.347,14.463,1293186.27
2024-07-01 20:00:00,14.464,14.581,14.3,14.332,1308013.28
2024-07-02 00:00:00,14.333,14.473,14.243,14.446,1093535.68
2024-07-02 04:00:00,14.447,14.692,14.388,14.549,2269413.69
2024-07-02 08:00:00,14.548,14.75,14.5,14.634,1677525.22
2024-07-02 12:00:00,14.634,14.684,14.344,14.491,1913230.45
2024-07-02 16:00:00,14.489,14.594,14.374,14.532,1243246.87
2024-07-02 20:00:00,14.532,14.587,14.402,14.412,857233.35
2024-07-03 00:00:00,14.411,14.512,14.069,14.186,2107407.31
2024-07-03 04:00:00,14.187,14.594,14.1,14.395,2467772.54
2024-07-03 08:00:00,14.394,14.571,14.138,14.358,3028766.34
2024-07-03 12:00:00,14.357,14.581,14.056,14.383,3552424.1
2024-07-03 16:00:00,14.384,14.48,13.686,13.733,4345794.15
2024-07-03 20:00:00,13.733,13.806,13.549,13.584,2415729.76
2024-07-04 00:00:00,13.584,13.729,12.95,13.26,5244648.84
2024-07-04 04:00:00,13.259,13.403,13.086,13.144,2528297.48
2024-07-04 08:00:00,13.145,13.283,13.004,13.055,3048032.51
2024-07-04 12:00:00,13.054,13.084,12.6,13.068,5087416.18
2024-07-04 16:00:00,13.069,13.137,12.925,12.937,2411312.34
2024-07-04 20:00:00,12.938,13.142,12.502,12.529,3106067.1
2024-07-05 00:00:00,12.528,12.539,11.015,11.32,13024505.23
2024-07-05 04:00:00,11.32,11.709,11.007,11.498,6183186.02
2024-07-05 08:00:00,11.497,12.012,11.127,11.979,5178513.59
2024-07-05 12:00:00,11.978,12.396,11.782,12.309,5279307.81
2024-07-05 16:00:00,12.312,12.45,12.157,12.364,2765881.18
2024-07-05 20:00:00,12.363,12.38,12.241,12.303,1570074.17
2024-07-06 00:00:00,12.303,12.605,12.178,12.304,2611287.24
2024-07-06 04:00:00,12.304,12.56,12.22,12.483,1558851.39
2024-07-06 08:00:00,12.482,12.572,12.32,12.541,1456589.45
2024-07-06 12:00:00,12.54,12.755,12.422,12.68,1588977.08
2024-07-06 16:00:00,12.681,13.119,12.656,13.068,2387515.82
2024-07-06 20:00:00,13.068,13.276,13.028,13.173,1472789.29
2024-07-07 00:00:00,13.173,13.185,12.963,13.042,1597661.62
2024-07-07 04:00:00,13.042,13.054,12.65,12.769,1774372.29
2024-07-07 08:00:00,12.77,12.958,12.751,12.83,1164842.64
2024-07-07 12:00:00,12.83,12.928,12.412,12.518,2419305.62
2024-07-07 16:00:00,12.519,12.764,12.476,12.602,1231339.55
2024-07-07 20:00:00,12.602,12.672,12.276,12.348,1910329.48
2024-07-08 00:00:00,12.348,12.413,11.769,12.26,4227942.22
2024-07-08 04:00:00,12.26,12.738,12.216,12.586,2044503.48
2024-07-08 08:00:00,12.586,13.52,12.56,13.474,5603789.8
2024-07-08 12:00:00,13.473,13.523,12.653,12.816,5399604.9
2024-07-08 16:00:00,12.815,12.992,12.705,12.911,2116208.38
2024-07-08 20:00:00,12.913,13.242,12.803,13.111,2121529.12
2024-07-09 00:00:00,13.11,13.311,12.908,13.032,2671676.37
2024-07-09 04:00:00,13.031,13.11,12.918,12.934,1678040.71
2024-07-09 08:00:00,12.934,13.245,12.883,13.165,2109214.71
2024-07-09 12:00:00,13.164,13.211,12.733,12.867,4006282.98
2024-07-09 16:00:00,12.866,12.976,12.719,12.84,2047384.45
2024-07-09 20:00:00,12.839,12.941,12.737,12.831,1270765.37
2024-07-10 00:00:00,12.831,12.903,12.682,12.862,1496260.9
2024-07-10 04:00:00,12.86,13.162,12.855,12.967,2820916.6
2024-07-10 08:00:00,12.968,12.98,12.825,12.891,1495108.51
2024-07-10 12:00:00,12.891,12.932,12.721,12.891,2600012.96
2024-07-10 16:00:00,12.891,13.019,12.753,12.778,1419986.45
2024-07-10 20:00:00,12.777,12.824,12.703,12.782,972600.53
2024-07-11 00:00:00,12.782,12.924,12.527,12.617,2083005.96
2024-07-11 04:00:00,12.616,12.831,12.591,12.816,1224762.21
2024-07-11 08:00:00,12.816,12.966,12.754,12.918,1329116.42
2024-07-11 12:00:00,12.917,13.16,12.64,12.71,4485310.65
2024-07-11 16:00:00,12.711,12.854,12.551,12.558,1816578.82
2024-07-11 20:00:00,12.554,12.557,12.278,12.336,2150370.46
2024-07-12 00:00:00,12.337,12.566,12.222,12.469,2029483.12
2024-07-12 04:00:00,12.469,12.517,12.352,12.437,1212388.31
2024-07-12 08:00:00,12.437,12.471,12.271,12.397,1533804.04
2024-07-12 12:00:00,12.398,12.721,12.367,12.67,2162056.12
2024-07-12 16:00:00,12.67,12.823,12.578,12.684,1466919.2
2024-07-12 20:00:00,12.684,12.737,12.541,12.735,1430319.67
2024-07-13 00:00:00,12.736,12.864,12.696,12.81,1220223.29
2024-07-13 04:00:00,12.809,13.02,12.747,13.019,1355140.91
2024-07-13 08:00:00,13.019,13.092,12.901,13.014,1392791.95
2024-07-13 12:00:00,13.014,13.059,12.917,13.04,1080053.53
2024-07-13 16:00:00,13.04,13.108,12.93,13.05,1738235.74
2024-07-13 20:00:00,13.05,13.13,12.869,13.011,2003500.68
2024-07-14 00:00:00,13.009,13.128,12.882,12.954,1514729.5
2024-07-14 04:00:00,12.953,13.151,12.95,13.089,2685024.79
2024-07-14 08:00:00,13.089,13.258,13.066,13.098,2630820.09
2024-07-14 12:00:00,13.099,13.273,12.976,13.259,1406697.71
2024-07-14 16:00:00,13.258,13.339,13.192,13.241,887768.51
2024-07-14 20:00:00,13.24,13.518,13.219,13.442,1562516.58
2024-07-15 00:00:00,13.441,13.826,13.395,13.794,2225010.37
2024-07-15 04:00:00,13.794,13.889,13.631,13.821,1809199.72
2024-07-15 08:00:00,13.82,13.893,13.72,13.768,1612699.23
2024-07-15 12:00:00,13.768,13.967,13.759,13.867,2103081.4
2024-07-15 16:00:00,13.866,14.169,13.82,14.109,2407952.59
2024-07-15 20:00:00,14.109,14.502,14.108,14.382,2703437.77
2024-07-16 00:00:00,14.381,14.502,14.255,14.415,1589893.25
2024-07-16 04:00:00,14.415,14.46,13.906,13.949,2853001.08
2024-07-16 08:00:00,13.95,14.134,13.805,14.075,2186079.8
2024-07-16 12:00:00,14.075,14.486,13.92,14.424,2952905.55
2024-07-16 16:00:00,14.424,14.617,14.231,14.334,2805311.32
2024-07-16 20:00:00,14.333,14.339,14.085,14.199,1662718.53
2024-07-17 00:00:00,14.201,14.494,14.18,14.297,1400009.29
2024-07-17 04:00:00,14.298,14.406,14.244,14.362,935551.49
2024-07-17 08:00:00,14.362,14.475,14.197,14.315,1856495.56
2024-07-17 12:00:00,14.315,14.464,14.112,14.12,2100104.78
2024-07-17 16:00:00,14.119,14.146,13.768,13.967,2618026.37
2024-07-17 20:00:00,13.966,13.988,13.721,13.73,1105598.76
2024-07-18 00:00:00,13.73,13.999,13.729,13.868,1184824.5
2024-07-18 04:00:00,13.87,13.964,13.702,13.829,1352383.19
2024-07-18 08:00:00,13.83,13.893,13.622,13.798,1761171.72
2024-07-18 12:00:00,13.798,13.955,13.515,13.526,2586831.52
2024-07-18 16:00:00,13.526,13.685,13.406,13.551,1806601.19
2024-07-18 20:00:00,13.55,13.666,13.501,13.589,848164.92
2024-07-19 00:00:00,13.589,13.661,13.334,13.641,1419088.31
2024-07-19 04:00:00,13.64,13.736,13.482,13.56,1528402.34
2024-07-19 08:00:00,13.558,13.643,13.362,13.423,1488081.78
2024-07-19 12:00:00,13.423,13.892,13.395,13.871,2205127.15
2024-07-19 16:00:00,13.872,14.131,13.87,14.122,2117443.01
2024-07-19 20:00:00,14.123,14.135,13.989,14.071,805509.49
2024-07-20 00:00:00,14.07,14.1,13.852,14.03,1014213.64
2024-07-20 04:00:00,14.029,14.22,14.001,14.099,1000758.62
2024-07-20 08:00:00,14.099,14.139,13.896,13.905,977252.87
2024-07-20 12:00:00,13.905,14.095,13.838,14.085,1228730.6
2024-07-20 16:00:00,14.084,14.286,14.026,14.21,1613804.7
2024-07-20 20:00:00,14.21,14.326,14.178,14.24,940219.55
2024-07-21 00:00:00,14.241,14.331,14.14,14.166,793393.93
2024-07-21 04:00:00,14.165,14.192,13.932,13.967,987060.62
2024-07-21 08:00:00,13.967,14.356,13.964,14.2,1646584.72
2024-07-21 12:00:00,14.201,14.712,14.165,14.442,3436515.78
2024-07-21 16:00:00,14.441,14.771,13.966,14.522,4953835.64
2024-07-21 20:00:00,14.522,15.006,14.492,14.81,3243288.68
2024-07-22 00:00:00,14.81,14.873,14.442,14.474,1706498.65
2024-07-22 04:00:00,14.474,14.545,14.2,14.277,2085491.41
2024-07-22 08:00:00,14.278,14.375,14.169,14.356,2011178.8
2024-07-22 12:00:00,14.355,14.387,14.035,14.144,2800569.15
2024-07-22 16:00:00,14.144,14.219,14.043,14.196,1531401.08
2024-07-22 20:00:00,14.197,14.206,13.768,13.926,2454530.73
2024-07-23 00:00:00,13.926,14.157,13.905,14.037,1661374.87
2024-07-23 04:00:00,14.036,14.046,13.672,13.865,2207119.47
2024-07-23 08:00:00,13.863,14.122,13.85,13.976,1947310.33
2024-07-23 12:00:00,13.975,13.98,13.631,13.8,3584217.97
2024-07-23 16:00:00,13.799,13.93,13.479,13.889,2464548.97
2024-07-23 20:00:00,13.889,14.003,13.784,13.899,1329237.63
2024-07-24 00:00:00,13.9,13.918,13.771,13.856,1093195.01
2024-07-24 04:00:00,13.855,13.864,13.685,13.851,1163736.89
2024-07-24 08:00:00,13.851,13.882,13.735,13.859,1304113.14
2024-07-24 12:00:00,13.859,13.955,13.717,13.728,1951435.18
2024-07-24 16:00:00,13.729,13.872,13.562,13.571,1588942.42
2024-07-24 20:00:00,13.573,13.625,13.242,13.394,2478082.37
2024-07-25 00:00:00,13.394,13.441,12.82,12.963,4329796.8
2024-07-25 04:00:00,12.962,13.142,12.896,13.018,1618606.89
2024-07-25 08:00:00,13.018,13.06,12.873,12.942,1385521.24
2024-07-25 12:00:00,12.942,13.018,12.709,12.829,2608744.74
2024-07-25 16:00:00,12.828,12.906,12.5,12.623,2329081.65
2024-07-25 20:00:00,12.622,12.971,12.462,12.932,2135574.93
2024-07-26 00:00:00,12.932,13.302,12.912,13.229,2014365.82
2024-07-26 04:00:00,13.229,13.504,13.217,13.395,1393995.9
2024-07-26 08:00:00,13.394,13.466,13.266,13.324,1191207.75
2024-07-26 12:00:00,13.324,13.565,13.263,13.506,1973458.73
2024-07-26 16:00:00,13.505,13.636,13.478,13.566,1129507.32
2024-07-26 20:00:00,13.566,13.58,13.472,13.52,647388.29
2024-07-27 00:00:00,13.521,13.593,13.42,13.533,1078697.55
2024-07-27 04:00:00,13.532,13.68,13.532,13.64,849769.69
2024-07-27 08:00:00,13.64,13.693,13.564,13.638,995308.74
2024-07-27 12:00:00,13.639,13.87,13.518,13.619,1562687.72
2024-07-27 16:00:00,13.618,13.655,13.359,13.519,1694055.4
2024-07-27 20:00:00,13.519,13.726,13.254,13.541,2241147.95
2024-07-28 00:00:00,13.541,13.585,13.417,13.437,999173.77
2024-07-28 04:00:00,13.435,13.489,13.293,13.441,982713.52
2024-07-28 08:00:00,13.441,13.632,13.387,13.58,759989.68
2024-07-28 12:00:00,13.581,13.639,13.388,13.419,843822.86
2024-07-28 16:00:00,13.42,13.496,13.336,13.337,924604.41
2024-07-28 20:00:00,13.338,13.353,13.186,13.3,894805.17
2024-07-29 00:00:00,13.299,13.793,13.294,13.705,2146258.11
2024-07-29 04:00:00,13.705,13.887,13.659,13.88,1268420.28
2024-07-29 08:00:00,13.881,13.894,13.763,13.819,1179794.23
2024-07-29 12:00:00,13.818,13.841,13.464,13.546,2778528.84
2024-07-29 16:00:00,13.546,13.644,13.361,13.59,2579304.01
2024-07-29 20:00:00,13.59,13.676,13.486,13.527,946876.14
2024-07-30 00:00:00,13.527,13.77,13.398,13.752,1900787.7
2024-07-30 04:00:00,13.752,13.79,13.606,13.691,1145474.09
2024-07-30 08:00:00,13.691,13.717,13.483,13.524,1206760.56
2024-07-30 12:00:00,13.523,13.673,13.425,13.544,1645298.0
2024-07-30 16:00:00,13.542,13.561,13.069,13.14,2122197.59
2024-07-30 20:00:00,13.14,13.225,12.972,13.129,2046461.29
2024-07-31 00:00:00,13.129,13.311,13.069,13.25,1200053.64
2024-07-31 04:00:00,13.249,13.409,13.087,13.298,1665265.78
2024-07-31 08:00:00,13.298,13.309,13.092,13.139,1455074.48
2024-07-31 12:00:00,13.139,13.26,13.045,13.074,1739323.11
2024-07-31 16:00:00,13.074,13.146,12.803,12.909,2729405.15
2024-07-31 20:00:00,12.908,12.979,12.762,12.824,2023444.52
2024-08-01 00:00:00,12.822,12.936,12.769,12.805,1837429.31
2024-08-01 04:00:00,12.806,12.89,12.626,12.821,1977691.71
2024-08-01 08:00:00,12.821,13.048,12.812,13.026,1323028.1
2024-08-01 12:00:00,13.025,13.093,12.492,12.505,3682461.59
2024-08-01 16:00:00,12.505,12.524,12.113,12.416,4652660.68
2024-08-01 20:00:00,12.414,12.963,12.32,12.877,2527573.57
2024-08-02 00:00:00,12.877,12.948,12.571,12.773,1798776.11
2024-08-02 04:00:00,12.774,12.811,12.395,12.482,2478037.37
2024-08-02 08:00:00,12.481,12.595,12.391,12.512,1746209.12
2024-08-02 12:00:00,12.511,12.673,11.786,12.092,6154469.93
2024-08-02 16:00:00,12.092,12.1,11.765,11.905,3021417.84
2024-08-02 20:00:00,11.906,12.053,11.783,11.914,2720028.95
2024-08-03 00:00:00,11.914,11.966,11.598,11.957,2695725.09
2024-08-03 04:00:00,11.958,12.088,11.927,12.049,1035856.62
2024-08-03 08:00:00,12.048,12.101,11.95,12.033,1021069.85
2024-08-03 12:00:00,12.033,12.127,11.778,11.808,1873243.63
2024-08-03 16:00:00,11.807,11.846,11.369,11.383,5330693.02
2024-08-03 20:00:00,11.384,11.769,11.335,11.681,2238092.9
2024-08-04 00:00:00,11.681,11.781,11.575,11.731,1291951.62
2024-08-04 04:00:00,11.73,11.78,11.555,11.572,1047582.78
2024-08-04 08:00:00,11.572,11.659,11.5,11.562,1283874.82
2024-08-04 12:00:00,11.562,11.632,10.997,11.023,3970487.51
2024-08-04 16:00:00,11.024,11.13,10.478,11.073,7810853.51
2024-08-04 20:00:00,11.072,11.208,10.781,10.881,3330508.37
2024-08-05 00:00:00,10.881,10.973,9.01,9.306,23902089.1
2024-08-05 04:00:00,9.307,9.424,7.864,9.046,25755360.17
2024-08-05 08:00:00,9.048,9.08,8.115,8.466,13533401.27
2024-08-05 12:00:00,8.465,9.526,8.102,9.435,16083212.58
2024-08-05 16:00:00,9.433,9.772,9.165,9.309,7390090.76
2024-08-05 20:00:00,9.307,9.69,9.307,9.477,3725009.31
2024-08-06 00:00:00,9.478,10.163,9.464,9.934,4899438.61
2024-08-06 04:00:00,9.934,10.155,9.879,10.104,3009433.76
2024-08-06 08:00:00,10.104,10.106,9.808,9.975,3614986.52
2024-08-06 12:00:00,9.976,10.434,9.758,10.369,6691959.96
2024-08-06 16:00:00,10.368,10.448,10.082,10.106,3330965.2
2024-08-06 20:00:00,10.107,10.267,10.006,10.058,3267584.46
2024-08-07 00:00:00,10.058,10.41,9.951,10.313,3605289.87
2024-08-07 04:00:00,10.312,10.476,10.251,10.338,2378592.26
2024-08-07 08:00:00,10.337,10.447,10.117,10.128,2117653.12
2024-08-07 12:00:00,10.128,10.218,9.641,9.81,5642419.55
2024-08-07 16:00:00,9.81,9.831,9.504,9.599,3966867.42
2024-08-07 20:00:00,9.6,9.695,9.415,9.488,3896327.34
2024-08-08 00:00:00,9.487,10.05,9.338,9.955,4812299.93
2024-08-08 04:00:00,9.955,10.055,9.899,9.911,1807861.19
2024-08-08 08:00:00,9.911,10.073,9.884,10.02,1622719.49
2024-08-08 12:00:00,10.02,10.308,9.912,10.196,4667020.18
2024-08-08 16:00:00,10.197,10.45,10.179,10.318,2941408.27
2024-08-08 20:00:00,10.319,10.829,10.297,10.745,3374229.05
2024-08-09 00:00:00,10.746,10.746,10.54,10.599,2285734.32
2024-08-09 04:00:00,10.598,10.614,10.417,10.551,1488276.09
2024-08-09 08:00:00,10.551,10.604,10.366,10.43,1740230.14
2024-08-09 12:00:00,10.431,10.52,10.16,10.171,3794521.21
2024-08-09 16:00:00,10.172,10.458,10.15,10.431,1786158.42
2024-08-09 20:00:00,10.431,10.547,10.347,10.528,1807666.95
2024-08-10 00:00:00,10.529,10.669,10.471,10.541,1990319.53
2024-08-10 04:00:00,10.541,10.676,10.461,10.627,1038174.98
2024-08-10 08:00:00,10.627,10.697,10.562,10.668,1015903.98
2024-08-10 12:00:00,10.668,10.682,10.536,10.573,1482637.64
2024-08-10 16:00:00,10.572,10.616,10.524,10.579,1074978.57
2024-08-10 20:00:00,10.579,10.608,10.501,10.548,689798.36
2024-08-11 00:00:00,10.548,10.74,10.524,10.658,1144871.83
2024-08-11 04:00:00,10.659,10.733,10.59,10.73,900337.55
2024-08-11 08:00:00,10.73,10.836,10.529,10.572,1816703.7
2024-08-11 12:00:00,10.571,10.593,10.314,10.394,2417436.82
2024-08-11 16:00:00,10.394,10.46,10.194,10.205,1671681.21
2024-08-11 20:00:00,10.205,10.207,9.936,9.995,2675401.09
2024-08-12 00:00:00,9.995,10.118,9.937,10.068,1846996.31
2024-08-12 04:00:00,10.067,10.261,9.939,10.23,1900866.47
2024-08-12 08:00:00,10.23,10.674,10.202,10.64,3163781.37
2024-08-12 12:00:00,10.639,10.748,10.138,10.585,6552510.59
2024-08-12 16:00:00,10.585,10.642,10.255,10.366,2520372.14
2024-08-12 20:00:00,10.367,10.614,10.318,10.548,1709220.64
2024-08-13 00:00:00,10.547,10.583,10.287,10.309,1899190.83
2024-08-13 04:00:00,10.31,10.388,10.251,10.27,1260750.46
2024-08-13 08:00:00,10.27,10.307,10.086,10.225,1806633.12
2024-08-13 12:00:00,10.225,10.47,10.19,10.3,3254960.13
2024-08-13 16:00:00,10.299,10.664,10.297,10.591,3000193.61
2024-08-13 20:00:00,10.592,10.687,10.536,10.567,1312242.43
2024-08-14 00:00:00,10.566,10.65,10.505,10.581,1315283.67
2024-08-14 04:00:00,10.582,10.696,10.552,10.613,1263837.6
2024-08-14 08:00:00,10.612,10.701,10.527,10.596,1611689.53
2024-08-14 12:00:00,10.597,10.736,10.196,10.463,4674748.76
2024-08-14 16:00:00,10.463,10.48,10.308,10.376,1655002.18
2024-08-14 20:00:00,10.375,10.43,10.272,10.388,1152611.85
2024-08-15 00:00:00,10.387,10.468,10.346,10.462,1397727.94
2024-08-15 04:00:00,10.462,10.497,10.263,10.342,1704713.62
2024-08-15 08:00:00,10.342,10.47,10.31,10.441,1429009.41
2024-08-15 12:00:00,10.44,10.692,10.407,10.63,2800989.08
2024-08-15 16:00:00,10.629,10.681,10.002,10.072,4674236.98
2024-08-15 20:00:00,10.071,10.202,9.975,10.166,2248164.91
2024-08-16 00:00:00,10.166,10.304,10.079,10.172,1635136.76
2024-08-16 04:00:00,10.172,10.397,10.149,10.313,1277963.82
2024-08-16 08:00:00,10.314,10.343,10.155,10.18,1284352.14
2024-08-16 12:00:00,10.18,10.269,9.904,10.018,4844869.16
2024-08-16 16:00:00,10.017,10.239,9.955,10.206,3193163.61
2024-08-16 20:00:00,10.207,10.256,10.118,10.121,1032434.95
2024-08-17 00:00:00,10.122,10.162,10.038,10.096,1128199.78
2024-08-17 04:00:00,10.096,10.104,10.034,10.081,643373.82
2024-08-17 08:00:00,10.081,10.134,10.019,10.058,1004297.4
2024-08-17 12:00:00,10.058,10.172,10.044,10.088,1347954.05
2024-08-17 16:00:00,10.088,10.171,10.068,10.123,1123219.92
2024-08-17 20:00:00,10.124,10.164,10.084,10.152,752605.19
2024-08-18 00:00:00,10.152,10.219,10.065,10.075,1309294.32
2024-08-18 04:00:00,10.075,10.105,10.049,10.071,763413.49
2024-08-18 08:00:00,10.07,10.247,10.057,10.227,1339076.79
2024-08-18 12:00:00,10.227,10.437,10.194,10.383,2313180.53
2024-08-18 16:00:00,10.383,10.468,10.281,10.351,1792503.27
2024-08-18 20:00:00,10.352,10.375,10.06,10.078,1304271.66
2024-08-19 00:00:00,10.079,10.194,10.009,10.164,1576231.8
2024-08-19 04:00:00,10.164,10.171,10.069,10.095,859667.42
2024-08-19 08:00:00,10.095,10.157,9.941,10.041,2016166.04
2024-08-19 12:00:00,10.04,10.12,9.934,10.026,2356602.57
2024-08-19 16:00:00,10.026,10.18,9.941,10.081,2239796.54
2024-08-19 20:00:00,10.081,10.191,10.061,10.177,1128544.76
2024-08-20 00:00:00,10.177,10.415,10.154,10.415,2426784.04
2024-08-20 04:00:00,10.415,10.544,10.381,10.503,1697685.95
2024-08-20 08:00:00,10.503,10.517,10.372,10.4,1253605.75
2024-08-20 12:00:00,10.4,10.464,10.03,10.109,3407447.48
2024-08-20 16:00:00,10.108,10.283,10.078,10.256,1413835.92
2024-08-20 20:00:00,10.257,10.31,10.175,10.231,1166201.52
2024-08-21 00:00:00,10.231,10.403,10.198,10.369,1399392.16
2024-08-21 04:00:00,10.37,10.453,10.328,10.411,1020168.4
2024-08-21 08:00:00,10.411,10.447,10.256,10.291,1390816.95
2024-08-21 12:00:00,10.29,10.455,10.134,10.409,3624230.23
2024-08-21 16:00:00,10.409,11.137,10.37,11.116,4735114.6
2024-08-21 20:00:00,11.116,11.403,11.073,11.209,4539130.52
2024-08-22 00:00:00,11.209,11.388,11.126,11.386,3490339.5
2024-08-22 04:00:00,11.386,11.422,11.258,11.324,2042909.26
2024-08-22 08:00:00,11.325,11.388,11.255,11.311,1850278.2
2024-08-22 12:00:00,11.311,11.556,11.269,11.453,3627532.13
2024-08-22 16:00:00,11.452,11.61,11.311,11.314,3023241.36
2024-08-22 20:00:00,11.314,11.471,11.311,11.467,1234144.69
2024-08-23 00:00:00,11.468,11.593,11.45,11.548,1643652.04
2024-08-23 04:00:00,11.548,11.68,11.517,11.639,2367466.12
2024-08-23 08:00:00,11.64,11.729,11.503,11.511,1860425.27
2024-08-23 12:00:00,11.511,11.806,11.448,11.669,4551348.7
2024-08-23 16:00:00,11.669,11.99,11.624,11.944,3303500.03
2024-08-23 20:00:00,11.944,12.206,11.933,12.047,2480815.15
2024-08-24 00:00:00,12.046,12.077,11.947,11.959,1430740.72
2024-08-24 04:00:00,11.958,12.02,11.895,11.952,1032093.91
2024-08-24 08:00:00,11.952,12.155,11.925,12.048,1607706.14
2024-08-24 12:00:00,12.047,12.238,12.02,12.223,1472213.41
2024-08-24 16:00:00,12.223,12.553,12.172,12.409,2964723.9
2024-08-24 20:00:00,12.409,12.518,12.173,12.335,2067406.68
2024-08-25 00:00:00,12.335,12.375,11.987,12.133,2402399.66
2024-08-25 04:00:00,12.133,12.187,11.935,12.044,1838046.65
2024-08-25 08:00:00,12.043,12.17,11.981,12.087,1393873.97
2024-08-25 12:00:00,12.087,12.307,12.078,12.194,1689192.2
2024-08-25 16:00:00,12.193,12.286,12.073,12.114,1351582.6
2024-08-25 20:00:00,12.114,12.306,12.075,12.097,1304717.87
2024-08-26 00:00:00,12.095,12.18,11.939,12.111,1646531.54
2024-08-26 04:00:00,12.111,12.437,12.096,12.364,2874342.22
2024-08-26 08:00:00,12.365,12.685,12.263,12.335,5198848.52
2024-08-26 12:00:00,12.335,12.367,12.076,12.186,3275344.41
2024-08-26 16:00:00,12.185,12.242,11.931,11.98,2745238.01
2024-08-26 20:00:00,11.98,12.069,11.831,11.833,1809567.91
2024-08-27 00:00:00,11.831,11.956,11.803,11.87,1550932.72
2024-08-27 04:00:00,11.87,12.047,11.753,11.824,2056940.67
2024-08-27 08:00:00,11.824,11.852,11.601,11.619,2443914.54
2024-08-27 12:00:00,11.619,11.689,11.479,11.516,2514511.67
2024-08-27 16:00:00,11.515,11.689,11.46,11.617,1898679.08
2024-08-27 20:00:00,11.616,11.618,10.88,11.147,5422138.12
2024-08-28 00:00:00,11.146,11.191,10.981,11.182,2069707.94
2024-08-28 04:00:00,11.182,11.207,10.962,10.974,1467107.57
2024-08-28 08:00:00,10.975,11.544,10.931,11.496,3608618.75
2024-08-28 12:00:00,11.496,11.699,11.2,11.3,3558842.81
2024-08-28 16:00:00,11.3,11.477,11.026,11.212,3441035.68
2024-08-28 20:00:00,11.213,11.42,11.1,11.17,1772032.1
2024-08-29 00:00:00,11.169,11.235,11.117,11.211,1032151.18
2024-08-29 04:00:00,11.21,11.303,11.143,11.224,1015183.9
2024-08-29 08:00:00,11.225,11.321,11.146,11.245,1309528.93
2024-08-29 12:00:00,11.243,11.461,11.223,11.332,1856395.17
2024-08-29 16:00:00,11.333,11.367,10.837,10.946,2967370.41
2024-08-29 20:00:00,10.947,11.003,10.803,10.937,1231054.29
2024-08-30 00:00:00,10.936,11.025,10.892,11.006,1145719.02
2024-08-30 04:00:00,11.006,11.137,10.951,11.101,1118062.26
2024-08-30 08:00:00,11.102,11.195,11.014,11.029,1071122.77
2024-08-30 12:00:00,11.028,11.164,10.504,10.537,4114147.41
2024-08-30 16:00:00,10.538,11.101,10.497,10.991,2967988.02
2024-08-30 20:00:00,10.991,11.136,10.956,11.114,939456.74
2024-08-31 00:00:00,11.113,11.175,11.067,11.113,881386.65
2024-08-31 04:00:00,11.114,11.171,11.089,11.113,668557.93
2024-08-31 08:00:00,11.114,11.191,11.025,11.139,940269.36
2024-08-31 12:00:00,11.139,11.202,11.025,11.084,1014684.57
2024-08-31 16:00:00,11.085,11.104,10.927,11.019,1247154.98
2024-08-31 20:00:00,11.018,11.1,10.988,11.009,540312.82
2024-09-01 00:00:00,11.009,11.016,10.83,10.939,1025489.45
2024-09-01 04:00:00,10.94,10.967,10.772,10.877,1143703.36
2024-09-01 08:00:00,10.878,10.898,10.703,10.796,1098839.75
2024-09-01 12:00:00,10.795,10.812,10.522,10.696,2186873.34
2024-09-01 16:00:00,10.696,10.766,10.512,10.695,1849534.89
2024-09-01 20:00:00,10.696,10.768,10.222,10.359,2521426.55
2024-09-02 00:00:00,10.358,10.504,10.316,10.469,1512020.39
2024-09-02 04:00:00,10.469,10.52,10.328,10.377,1473289.97
2024-09-02 08:00:00,10.377,10.79,10.368,10.737,2137810.31
2024-09-02 12:00:00,10.737,10.793,10.587,10.645,1824048.43
2024-09-02 16:00:00,10.646,10.708,10.552,10.663,1189495.83
2024-09-02 20:00:00,10.663,10.828,10.633,10.756,1208726.98
2024-09-03 00:00:00,10.755,10.875,10.689,10.696,1131922.61
2024-09-03 04:00:00,10.696,10.723,10.606,10.693,975314.76
2024-09-03 08:00:00,10.692,10.699,10.537,10.657,1299068.38
2024-09-03 12:00:00,10.657,10.735,10.269,10.289,3153038.54
2024-09-03 16:00:00,10.29,10.501,10.209,10.483,2487795.64
2024-09-03 20:00:00,10.484,10.508,10.285,10.311,1724906.58
2024-09-04 00:00:00,10.311,10.388,9.812,10.245,4195513.85
2024-09-04 04:00:00,10.245,10.407,10.168,10.257,1750197.82
2024-09-04 08:00:00,10.257,10.291,10.085,10.114,1617834.25
2024-09-04 12:00:00,10.114,10.398,10.052,10.385,3194026.32
2024-09-04 16:00:00,10.384,10.494,10.265,10.319,1869309.62
2024-09-04 20:00:00,10.318,10.428,10.275,10.331,808765.57
2024-09-05 00:00:00,10.331,10.394,10.143,10.159,1340154.24
2024-09-05 04:00:00,10.159,10.3,10.108,10.269,1054605.0
2024-09-05 08:00:00,10.269,10.284,10.142,10.169,787533.48
2024-09-05 12:00:00,10.17,10.242,9.935,9.997,2644770.29
2024-09-05 16:00:00,9.996,10.106,9.904,9.952,1501871.99
2024-09-05 20:00:00,9.952,10.032,9.934,10.021,954593.94
2024-09-06 00:00:00,10.021,10.175,9.948,10.099,1402746.13
2024-09-06 04:00:00,10.098,10.113,9.804,9.912,1798353.79
2024-09-06 08:00:00,9.912,9.981,9.881,9.902,1263190.97
2024-09-06 12:00:00,9.901,10.106,9.578,9.68,6487219.6
2024-09-06 16:00:00,9.682,9.685,9.453,9.511,3774061.82
2024-09-06 20:00:00,9.51,9.587,9.276,9.568,3613724.98
2024-09-07 00:00:00,9.568,9.685,9.554,9.648,956946.22
2024-09-07 04:00:00,9.649,10.028,9.649,9.94,3016253.49
2024-09-07 08:00:00,9.939,10.014,9.866,9.989,1214260.08
2024-09-07 12:00:00,9.989,10.156,9.985,10.125,1527574.46
2024-09-07 16:00:00,10.124,10.132,9.984,10.045,1554910.71
2024-09-07 20:00:00,10.046,10.053,9.93,10.023,992134.51
2024-09-08 00:00:00,10.024,10.142,9.962,10.14,885862.72
2024-09-08 04:00:00,10.14,10.308,10.14,10.278,1697814.9
2024-09-08 08:00:00,10.278,10.37,10.242,10.269,1379920.54
2024-09-08 12:00:00,10.269,10.302,10.159,10.169,1924460.54
2024-09-08 16:00:00,10.169,10.289,10.116,10.218,1208453.21
2024-09-08 20:00:00,10.219,10.449,10.201,10.346,1526603.44
2024-09-09 00:00:00,10.346,10.444,10.267,10.353,1241500.43
2024-09-09 04:00:00,10.353,10.686,10.278,10.617,2521435.76
2024-09-09 08:00:00,10.616,10.82,10.485,10.511,3714332.16
2024-09-09 12:00:00,10.512,10.526,10.287,10.383,2527174.93
2024-09-09 16:00:00,10.383,10.618,10.374,10.615,2787454.07
2024-09-09 20:00:00,10.615,10.738,10.517,10.532,1886264.06
2024-09-10 00:00:00,10.533,10.541,10.341,10.349,1255555.21
2024-09-10 04:00:00,10.35,10.553,10.323,10.522,1903142.87
2024-09-10 08:00:00,10.522,10.569,10.417,10.534,1491740.55
2024-09-10 12:00:00,10.534,10.58,10.401,10.458,2190892.5
2024-09-10 16:00:00,10.458,10.737,10.442,10.646,2247866.94
2024-09-10 20:00:00,10.646,10.672,10.554,10.584,978504.8
2024-09-11 00:00:00,10.585,10.593,10.343,10.435,1705743.87
2024-09-11 04:00:00,10.433,10.48,10.3,10.479,1510586.96
2024-09-11 08:00:00,10.478,10.488,10.287,10.356,1736401.1
2024-09-11 12:00:00,10.355,10.5,10.159,10.34,4201377.66
2024-09-11 16:00:00,10.34,10.493,10.325,10.438,1912039.78
2024-09-11 20:00:00,10.439,10.457,10.382,10.393,813219.52
2024-09-12 00:00:00,10.393,10.611,10.384,10.518,1630018.61
2024-09-12 04:00:00,10.519,10.609,10.499,10.571,1038431.67
2024-09-12 08:00:00,10.57,10.656,10.554,10.634,1170003.71
2024-09-12 12:00:00,10.634,10.708,10.524,10.538,2716425.79
2024-09-12 16:00:00,10.538,10.765,10.532,10.731,1522233.51
2024-09-12 20:00:00,10.731,10.801,10.654,10.78,1318149.46
2024-09-13 00:00:00,10.78,10.863,10.727,10.729,1233030.75
2024-09-13 04:00:00,10.728,10.758,10.637,10.694,1031526.18
2024-09-13 08:00:00,10.694,11.006,10.68,10.927,2802968.26
2024-09-13 12:00:00,10.927,11.346,10.921,11.298,6356610.93
2024-09-13 16:00:00,11.297,11.396,11.249,11.352,2634212.63
2024-09-13 20:00:00,11.353,11.553,11.339,11.441,1949536.58
2024-09-14 00:00:00,11.441,11.467,11.385,11.398,1010584.2
2024-09-14 04:00:00,11.399,11.404,11.312,11.387,1037033.78
2024-09-14 08:00:00,11.388,11.426,11.227,11.257,1717477.79
2024-09-14 12:00:00,11.258,11.371,11.24,11.366,919789.98
2024-09-14 16:00:00,11.366,11.412,11.201,11.29,1482497.87
2024-09-14 20:00:00,11.29,11.343,11.257,11.29,610161.85
2024-09-15 00:00:00,11.29,11.355,11.271,11.31,759621.1
2024-09-15 04:00:00,11.309,11.33,11.246,11.26,668654.98
2024-09-15 08:00:00,11.259,11.259,11.135,11.159,1167979.02
2024-09-15 12:00:00,11.159,11.272,11.12,11.22,1195314.34
2024-09-15 16:00:00,11.22,11.22,11.063,11.084,1425918.23
2024-09-15 20:00:00,11.084,11.094,10.781,10.799,2058405.18
2024-09-16 00:00:00,10.799,10.801,10.477,10.646,2891206.76
2024-09-16 04:00:00,10.647,10.737,10.588,10.717,1495947.35
2024-09-16 08:00:00,10.716,10.827,10.582,10.666,1686018.17
2024-09-16 12:00:00,10.665,10.679,10.44,10.548,2191075.13
2024-09-16 16:00:00,10.547,10.565,10.408,10.527,2114061.28
2024-09-16 20:00:00,10.527,10.584,10.425,10.537,1060550.66
2024-09-17 00:00:00,10.536,10.572,10.432,10.508,1142958.45
2024-09-17 04:00:00,10.508,10.647,10.507,10.606,1016360.21
2024-09-17 08:00:00,10.606,10.689,10.575,10.595,1287650.01
2024-09-17 12:00:00,10.594,10.912,10.506,10.85,3476600.85
2024-09-17 16:00:00,10.85,10.871,10.578,10.665,1771474.25
2024-09-17 20:00:00,10.664,10.729,10.557,10.616,1230964.84
2024-09-18 00:00:00,10.616,10.671,10.504,10.642,1176015.38
2024-09-18 04:00:00,10.642,10.655,10.54,10.592,1067622.04
2024-09-18 08:00:00,10.592,10.594,10.33,10.44,1976410.94
2024-09-18 12:00:00,10.441,10.503,10.279,10.318,1704097.18
2024-09-18 16:00:00,10.318,10.739,10.288,10.558,4016373.22
2024-09-18 20:00:00,10.557,10.894,10.436,10.891,1931154.51
2024-09-19 00:00:00,10.892,11.14,10.892,11.002,2548393.74
2024-09-19 04:00:00,11.003,11.151,10.96,11.15,1513207.44
2024-09-19 08:00:00,11.15,11.27,11.106,11.258,1719172.66
2024-09-19 12:00:00,11.258,11.345,11.173,11.218,2275593.06
2024-09-19 16:00:00,11.218,11.394,11.209,11.222,2153098.65
2024-09-19 20:00:00,11.221,11.265,11.171,11.199,1459009.44
2024-09-20 00:00:00,11.198,11.428,11.117,11.425,1701200.04
2024-09-20 04:00:00,11.424,11.722,11.411,11.692,3149044.72
2024-09-20 08:00:00,11.692,11.734,11.546,11.6,1781550.62
2024-09-20 12:00:00,11.6,11.686,11.437,11.526,2555858.05
2024-09-20 16:00:00,11.527,11.548,11.36,11.428,1567641.14
2024-09-20 20:00:00,11.428,11.495,11.388,11.43,956290.43
2024-09-21 00:00:00,11.429,11.486,11.255,11.271,1411227.32
2024-09-21 04:00:00,11.27,11.361,11.203,11.352,979922.45
2024-09-21 08:00:00,11.353,11.384,11.298,11.34,845151.66
2024-09-21 12:00:00,11.34,11.478,11.319,11.382,1273139.72
2024-09-21 16:00:00,11.382,11.429,11.316,11.353,915638.22
2024-09-21 20:00:00,11.352,11.541,11.322,11.486,973667.38
2024-09-22 00:00:00,11.485,11.542,11.306,11.37,1366770.56
2024-09-22 04:00:00,11.37,11.421,11.271,11.299,907669.81
2024-09-22 08:00:00,11.299,11.323,11.125,11.218,1428444.42
2024-09-22 12:00:00,11.219,11.248,11.014,11.025,1734757.98
2024-09-22 16:00:00,11.025,11.159,10.94,11.06,1787965.74
2024-09-22 20:00:00,11.06,11.2,10.839,11.122,2349602.81
2024-09-23 00:00:00,11.121,11.485,10.901,11.419,2770750.62
2024-09-23 04:00:00,11.421,11.472,11.274,11.309,1860651.65
2024-09-23 08:00:00,11.308,11.469,11.272,11.432,1799369.89
2024-09-23 12:00:00,11.431,11.581,11.326,11.499,2967733.17
2024-09-23 16:00:00,11.498,11.604,11.37,11.425,1680696.18
2024-09-23 20:00:00,11.427,11.472,11.351,11.389,1185626.42
2024-09-24 00:00:00,11.388,11.421,11.194,11.292,2059160.06
2024-09-24 04:00:00,11.293,11.485,11.204,11.467,1297361.53
2024-09-24 08:00:00,11.468,11.549,11.43,11.503,1941217.64
2024-09-24 12:00:00,11.504,11.624,11.317,11.513,3239131.25
2024-09-24 16:00:00,11.512,11.866,11.465,11.847,2554065.35
2024-09-24 20:00:00,11.846,12.227,11.821,12.149,3416774.21
2024-09-25 00:00:00,12.149,12.286,12.096,12.283,1985529.21
2024-09-25 04:00:00,12.283,12.288,12.071,12.187,1751459.06
2024-09-25 08:00:00,12.187,12.37,12.184,12.314,2135302.36
2024-09-25 12:00:00,12.313,12.497,12.263,12.361,2781101.42
2024-09-25 16:00:00,12.362,12.554,12.124,12.134,3176990.03
2024-09-25 20:00:00,12.135,12.252,12.062,12.107,1550878.27
2024-09-26 00:00:00,12.109,12.148,11.874,12.069,2546713.32
2024-09-26 04:00:00,12.068,12.275,11.999,12.251,2096915.63
2024-09-26 08:00:00,12.25,12.344,12.123,12.29,2023091.27
2024-09-26 12:00:00,12.291,12.644,12.201,12.592,4430071.76
2024-09-26 16:00:00,12.592,12.744,12.509,12.614,2243794.44
2024-09-26 20:00:00,12.615,12.664,12.424,12.557,1529324.93
2024-09-27 00:00:00,12.557,12.644,12.447,12.624,1695896.09
2024-09-27 04:00:00,12.624,12.872,12.618,12.741,2690921.16
2024-09-27 08:00:00,12.742,12.841,12.575,12.724,1748840.13
2024-09-27 12:00:00,12.723,12.822,12.612,12.708,2117447.52
2024-09-27 16:00:00,12.708,12.88,12.619,12.683,1815719.65
2024-09-27 20:00:00,12.682,12.755,12.602,12.667,889998.1
2024-09-28 00:00:00,12.668,12.874,12.654,12.754,1823907.13
2024-09-28 04:00:00,12.754,12.803,12.556,12.571,1365640.77
2024-09-28 08:00:00,12.571,12.703,12.358,12.69,2120414.2
2024-09-28 12:00:00,12.691,12.936,12.581,12.834,2136618.91
2024-09-28 16:00:00,12.834,12.972,12.73,12.911,1301408.36
2024-09-28 20:00:00,12.911,12.974,12.72,12.942,1291671.54
2024-09-29 00:00:00,12.942,12.976,12.675,12.744,1415617.19
2024-09-29 04:00:00,12.744,12.761,12.515,12.531,1131724.72
2024-09-29 08:00:00,12.53,12.64,12.488,12.601,946845.97
2024-09-29 12:00:00,12.602,12.626,12.465,12.591,1386577.31
2024-09-29 16:00:00,12.59,12.682,12.502,12.666,1055795.52
2024-09-29 20:00:00,12.665,12.723,12.43,12.458,1517234.45
2024-09-30 00:00:00,12.459,12.474,12.126,12.262,3163075.64
2024-09-30 04:00:00,12.262,12.341,12.179,12.269,1252188.7
2024-09-30 08:00:00,12.268,12.282,11.988,12.079,2210830.36
2024-09-30 12:00:00,12.079,12.188,11.91,11.924,2163128.47
2024-09-30 16:00:00,11.923,12.009,11.874,11.965,1635192.73
2024-09-30 20:00:00,11.966,12.045,11.743,11.843,1894326.57
2024-10-01 00:00:00,11.843,12.129,11.781,12.101,1662145.99
2024-10-01 04:00:00,12.102,12.248,12.083,12.21,1379534.13
2024-10-01 08:00:00,12.21,12.236,12.126,12.151,1081000.79
2024-10-01 12:00:00,12.152,12.17,11.161,11.424,5955592.76
2024-10-01 16:00:00,11.425,11.471,10.833,11.045,6818167.28
2024-10-01 20:00:00,11.047,11.097,10.882,11.008,2751587.12
2024-10-02 00:00:00,11.008,11.245,10.962,11.209,1649597.25
2024-10-02 04:00:00,11.209,11.309,11.127,11.238,1205791.61
2024-10-02 08:00:00,11.237,11.258,10.978,11.06,2198610.85
2024-10-02 12:00:00,11.06,11.077,10.776,10.923,3871268.17
2024-10-02 16:00:00,10.923,11.044,10.446,10.596,4426827.13
2024-10-02 20:00:00,10.595,10.679,10.451,10.647,2103128.66
2024-10-03 00:00:00,10.646,10.837,10.582,10.835,1791947.55
2024-10-03 04:00:00,10.835,10.862,10.605,10.629,1456065.63
2024-10-03 08:00:00,10.629,10.679,10.332,10.527,3140932.78
2024-10-03 12:00:00,10.528,10.64,10.337,10.528,4282944.1
2024-10-03 16:00:00,10.529,10.651,10.375,10.647,2719692.02
2024-10-03 20:00:00,10.646,10.686,10.538,10.651,1341702.89
2024-10-04 00:00:00,10.651,10.798,10.589,10.74,1613504.65
2024-10-04 04:00:00,10.739,10.986,10.73,10.966,1263091.45
2024-10-04 08:00:00,10.966,11.063,10.918,10.981,1301453.56
2024-10-04 12:00:00,10.98,11.161,10.88,11.16,2919977.88
2024-10-04 16:00:00,11.161,11.246,11.066,11.131,1707878.14
2024-10-04 20:00:00,11.133,11.138,11.031,11.069,852144.02
2024-10-05 00:00:00,11.07,11.147,10.979,11.041,955785.09
2024-10-05 04:00:00,11.041,11.24,11.031,11.207,1071951.94
2024-10-05 08:00:00,11.208,11.376,11.208,11.301,1212022.16
2024-10-05 12:00:00,11.302,11.371,11.231,11.349,1147042.7
2024-10-05 16:00:00,11.35,11.358,11.149,11.152,1249586.9
2024-10-05 20:00:00,11.152,11.276,11.073,11.26,1005112.48
2024-10-06 00:00:00,11.261,11.314,11.184,11.256,856297.67
2024-10-06 04:00:00,11.255,11.399,11.224,11.323,1158594.4
2024-10-06 08:00:00,11.322,11.343,11.216,11.253,809862.69
2024-10-06 12:00:00,11.253,11.372,11.183,11.296,1806866.96
2024-10-06 16:00:00,11.296,11.358,11.191,11.198,1389121.91
2024-10-06 20:00:00,11.197,11.312,11.152,11.274,1115576.09
2024-10-07 00:00:00,11.273,11.61,11.214,11.602,2398539.98
2024-10-07 04:00:00,11.601,11.67,11.523,11.544,1296021.81
2024-10-07 08:00:00,11.544,11.6,11.24,11.427,2198812.55
2024-10-07 12:00:00,11.428,11.759,11.328,11.518,2882670.42
2024-10-07 16:00:00,11.518,11.594,11.203,11.348,2297952.75
2024-10-07 20:00:00,11.349,11.375,11.114,11.152,1634931.5
2024-10-08 00:00:00,11.152,11.289,11.143,11.212,1221394.91
2024-10-08 04:00:00,11.212,11.247,10.958,11.019,1704016.12
2024-10-08 08:00:00,11.019,11.173,10.976,11.168,1365820.65
2024-10-08 12:00:00,11.169,11.192,10.859,10.931,2873681.84
2024-10-08 16:00:00,10.932,11.046,10.818,10.897,1646754.59
2024-10-08 20:00:00,10.897,10.978,10.785,10.828,891816.28
2024-10-09 00:00:00,10.828,10.97,10.755,10.862,1472730.7
2024-10-09 04:00:00,10.862,10.915,10.755,10.781,1331800.18
2024-10-09 08:00:00,10.781,10.808,10.659,10.669,1342735.33
2024-10-09 12:00:00,10.669,10.744,10.55,10.707,2614511.66
2024-10-09 16:00:00,10.708,10.718,10.542,10.597,1798052.02
2024-10-09 20:00:00,10.596,10.596,10.406,10.53,1728277.29
2024-10-10 00:00:00,10.53,10.638,10.497,10.622,951668.52
2024-10-10 04:00:00,10.623,10.735,10.619,10.624,1428603.0
2024-10-10 08:00:00,10.625,10.664,10.5,10.651,1354672.72
2024-10-10 12:00:00,10.65,10.666,10.389,10.628,2741919.38
2024-10-10 16:00:00,10.628,10.666,10.243,10.459,3367362.54
2024-10-10 20:00:00,10.459,10.563,10.411,10.553,1211968.96
2024-10-11 00:00:00,10.552,10.653,10.492,10.618,1078222.89
2024-10-11 04:00:00,10.618,10.685,10.585,10.65,1032025.96
2024-10-11 08:00:00,10.65,10.739,10.646,10.68,1042110.38
2024-10-11 12:00:00,10.68,10.896,10.613,10.855,2952253.89
2024-10-11 16:00:00,10.855,10.994,10.833,10.953,1624511.83
2024-10-11 20:00:00,10.952,11.023,10.878,10.901,1023174.09
2024-10-12 00:00:00,10.902,11.013,10.829,10.866,1031005.98
2024-10-12 04:00:00,10.867,10.983,10.866,10.979,813089.24
2024-10-12 08:00:00,10.98,11.129,10.965,11.054,1482921.79
2024-10-12 12:00:00,11.054,11.144,11.025,11.082,1425904.78
2024-10-12 16:00:00,11.082,11.144,10.988,11.019,967375.83
2024-10-12 20:00:00,11.018,11.094,10.994,10.999,779564.25
2024-10-13 00:00:00,10.998,11.042,10.929,10.94,1094917.69
2024-10-13 04:00:00,10.94,11.079,10.935,10.973,706736.96
2024-10-13 08:00:00,10.974,11.038,10.876,10.882,1119723.62
2024-10-13 12:00:00,10.881,10.959,10.632,10.682,1889203.89
2024-10-13 16:00:00,10.681,10.768,10.621,10.711,1415262.16
2024-10-13 20:00:00,10.711,10.835,10.682,10.746,1205912.66
2024-10-14 00:00:00,10.746,11.039,10.6,11.011,2384421.53
2024-10-14 04:00:00,11.012,11.045,10.845,11.018,2219988.81
2024-10-14 08:00:00,11.018,11.056,10.892,11.006,1673284.22
2024-10-14 12:00:00,11.006,11.282,10.974,11.258,3258797.84
2024-10-14 16:00:00,11.258,11.333,11.175,11.228,1667579.37
2024-10-14 20:00:00,11.227,11.345,11.183,11.28,1131767.28
2024-10-15 00:00:00,11.281,11.534,11.252,11.462,2436182.95
2024-10-15 04:00:00,11.462,11.59,11.351,11.494,2669962.92
2024-10-15 08:00:00,11.495,11.599,11.327,11.371,3153342.57
2024-10-15 12:00:00,11.371,11.699,10.933,11.136,7934841.65
2024-10-15 16:00:00,11.137,11.43,11.112,11.294,2642544.74
2024-10-15 20:00:00,11.294,11.461,11.113,11.458,1846065.91
2024-10-16 00:00:00,11.459,11.474,11.256,11.291,1755488.64
2024-10-16 04:00:00,11.291,11.348,11.146,11.177,1414771.43
2024-10-16 08:00:00,11.177,11.535,11.163,11.451,2267622.69
2024-10-16 12:00:00,11.452,11.527,11.101,11.161,3399773.08
2024-10-16 16:00:00,11.16,11.238,11.066,11.147,1651254.9
2024-10-16 20:00:00,11.147,11.363,11.137,11.242,1249404.2
2024-10-17 00:00:00,11.242,11.35,11.18,11.334,1097564.24
2024-10-17 04:00:00,11.333,11.35,11.079,11.156,1388180.72
2024-10-17 08:00:00,11.156,11.174,10.922,10.941,2162625.89
2024-10-17 12:00:00,10.941,11.14,10.913,11.109,2276624.15
2024-10-17 16:00:00,11.109,11.111,10.844,11.0,2162162.51
2024-10-17 20:00:00,11.001,11.076,10.991,11.027,934486.46
2024-10-18 00:00:00,11.027,11.28,10.978,11.164,1978342.91
2024-10-18 04:00:00,11.164,11.429,11.15,11.421,1478548.89
2024-10-18 08:00:00,11.421,11.494,11.348,11.373,1724603.51
2024-10-18 12:00:00,11.373,11.484,11.309,11.457,2234742.01
2024-10-18 16:00:00,11.458,11.508,11.333,11.418,1498835.97
2024-10-18 20:00:00,11.419,11.488,11.369,11.482,823899.89
2024-10-19 00:00:00,11.481,11.605,11.472,11.489,1320949.81
2024-10-19 04:00:00,11.488,11.516,11.381,11.392,993226.74
2024-10-19 08:00:00,11.391,11.406,11.293,11.303,939210.24
2024-10-19 12:00:00,11.303,11.413,11.3,11.38,877826.7
2024-10-19 16:00:00,11.379,11.412,11.3,11.357,654774.23
2024-10-19 20:00:00,11.357,11.453,11.337,11.418,642045.7
2024-10-20 00:00:00,11.417,11.452,11.277,11.329,860483.4
2024-10-20 04:00:00,11.329,11.399,11.293,11.375,684969.49
2024-10-20 08:00:00,11.374,11.688,11.372,11.674,1691400.84
2024-10-20 12:00:00,11.674,11.925,11.595,11.889,3597428.71
2024-10-20 16:00:00,11.889,12.017,11.825,11.833,1949530.75
2024-10-20 20:00:00,11.832,12.042,11.812,11.977,1544042.61
2024-10-21 00:00:00,11.976,12.036,11.786,11.892,1667112.78
2024-10-21 04:00:00,11.892,12.023,11.842,11.911,1433093.54
2024-10-21 08:00:00,11.912,11.975,11.725,11.74,2015234.16
2024-10-21 12:00:00,11.741,11.765,11.545,11.671,2550014.71
2024-10-21 16:00:00,11.671,11.807,11.57,11.784,1320425.86
2024-10-21 20:00:00,11.785,11.832,11.692,11.711,827244.47
2024-10-22 00:00:00,11.71,11.925,11.589,11.88,2086730.0
2024-10-22 04:00:00,11.882,12.2,11.833,12.11,2504552.41
2024-10-22 08:00:00,12.11,12.279,11.875,12.183,5540924.52
2024-10-22 12:00:00,12.183,12.341,12.034,12.143,4691197.72
2024-10-22 16:00:00,12.143,12.147,11.93,12.009,2412421.89
2024-10-22 20:00:00,12.009,12.132,11.948,11.976,1296047.41
2024-10-23 00:00:00,11.976,12.004,11.723,11.782,1906444.08
2024-10-23 04:00:00,11.781,11.817,11.605,11.608,1675418.3
2024-10-23 08:00:00,11.607,11.659,11.362,11.388,2716673.3
2024-10-23 12:00:00,11.388,11.462,11.239,11.316,2951161.88
2024-10-23 16:00:00,11.317,11.332,10.995,11.232,3620969.86
2024-10-23 20:00:00,11.233,11.346,11.196,11.321,1493402.74
2024-10-24 00:00:00,11.321,11.539,11.28,11.378,1688688.3
2024-10-24 04:00:00,11.378,11.484,11.268,11.284,1512301.55
2024-10-24 08:00:00,11.284,11.414,11.218,11.394,1956687.99
2024-10-24 12:00:00,11.394,11.514,11.381,11.432,2007902.38
2024-10-24 16:00:00,11.432,11.518,11.359,11.514,1004880.66
2024-10-24 20:00:00,11.514,11.642,11.483,11.615,1146270.15
2024-10-25 00:00:00,11.616,12.093,11.609,11.894,3918751.13
2024-10-25 04:00:00,11.893,11.931,11.656,11.691,3167347.73
2024-10-25 08:00:00,11.691,11.881,11.571,11.819,2467924.3
2024-10-25 12:00:00,11.819,12.004,11.738,11.822,3333919.61
2024-10-25 16:00:00,11.821,11.928,11.342,11.601,5199231.57
2024-10-25 20:00:00,11.6,11.777,10.793,11.128,6196575.01
2024-10-26 00:00:00,11.127,11.392,10.953,11.332,4312544.86
2024-10-26 04:00:00,11.329,11.384,11.08,11.089,2231555.94
2024-10-26 08:00:00,11.089,11.22,11.064,11.089,1880329.95
2024-10-26 12:00:00,11.088,11.124,10.812,10.849,3632442.66
2024-10-26 16:00:00,10.849,11.031,10.817,10.971,1804951.61
2024-10-26 20:00:00,10.971,11.098,10.96,11.002,1172107.1
2024-10-27 00:00:00,11.001,11.054,10.893,11.039,1218725.57
2024-10-27 04:00:00,11.04,11.05,10.916,10.934,828771.68
2024-10-27 08:00:00,10.933,10.98,10.837,10.886,1434602.38
2024-10-27 12:00:00,10.885,11.119,10.866,11.104,1806652.31
2024-10-27 16:00:00,11.104,11.175,10.885,10.963,2026936.56
2024-10-27 20:00:00,10.963,11.115,10.928,10.977,1373272.22
2024-10-28 00:00:00,10.976,11.018,10.755,10.776,1961417.77
2024-10-28 04:00:00,10.776,11.027,10.701,10.967,2456137.91
2024-10-28 08:00:00,10.968,11.159,10.947,11.107,1770480.57
2024-10-28 12:00:00,11.107,11.187,10.808,10.812,3517642.83
2024-10-28 16:00:00,10.811,11.071,10.731,10.988,2959429.91
2024-10-28 20:00:00,11.039,11.258,11.014,11.179,1412301.45
2024-10-29 00:00:00,11.178,11.482,11.143,11.418,2558124.73
2024-10-29 04:00:00,11.417,11.535,11.406,11.484,1550271.71
2024-10-29 08:00:00,11.485,11.579,11.457,11.487,1405724.67
2024-10-29 12:00:00,11.486,11.558,11.402,11.55,1878860.83
2024-10-29 16:00:00,11.55,11.736,11.477,11.542,2777432.38
2024-10-29 20:00:00,11.543,11.81,11.462,11.798,2174757.9
2024-10-30 00:00:00,11.798,12.019,11.651,11.999,2464260.34
2024-10-30 04:00:00,11.999,12.158,11.934,11.967,2193792.94
2024-10-30 08:00:00,11.967,12.125,11.869,11.963,2682576.15
2024-10-30 12:00:00,11.963,12.388,11.92,12.22,5439542.71
2024-10-30 16:00:00,12.22,12.314,12.151,12.248,2252738.89
2024-10-30 20:00:00,12.248,12.459,12.096,12.396,2994316.07
2024-10-31 00:00:00,12.396,12.468,12.209,12.412,2435153.23
2024-10-31 04:00:00,12.412,12.413,12.107,12.197,2082793.19
2024-10-31 08:00:00,12.197,12.204,12.012,12.137,2140476.32
2024-10-31 12:00:00,12.137,12.175,11.723,11.788,5010422.77
2024-10-31 16:00:00,11.787,11.793,11.384,11.408,3198557.84
2024-10-31 20:00:00,11.404,11.545,11.319,11.419,2388314.6
2024-11-01 00:00:00,11.419,11.499,11.21,11.392,3038173.4
2024-11-01 04:00:00,11.392,11.507,11.25,11.314,1865894.04
2024-11-01 08:00:00,11.314,11.399,11.256,11.324,2223685.46
2024-11-01 12:00:00,11.324,11.722,11.182,11.321,6471574.7
2024-11-01 16:00:00,11.321,11.575,11.276,11.342,3470060.12
2024-11-01 20:00:00,11.343,11.392,11.133,11.248,1708332.18
2024-11-02 00:00:00,11.248,11.398,11.24,11.29,1067827.74
2024-11-02 04:00:00,11.289,11.318,11.18,11.253,1161761.34
2024-11-02 08:00:00,11.253,11.269,11.14,11.179,1311431.12
2024-11-02 12:00:00,11.179,11.218,11.067,11.173,2793151.26
2024-11-02 16:00:00,11.174,11.238,11.068,11.184,1813804.49
2024-11-02 20:00:00,11.184,11.268,11.124,11.185,891837.02
2024-11-03 00:00:00,11.184,11.227,10.817,10.942,3340382.81
2024-11-03 04:00:00,10.941,11.053,10.913,10.982,1134828.57
2024-11-03 08:00:00,10.982,11.042,10.893,10.913,1377862.71
2024-11-03 12:00:00,10.913,10.95,10.523,10.698,3928432.09
2024-11-03 16:00:00,10.697,10.772,10.502,10.719,2226234.84
2024-11-03 20:00:00,10.718,10.836,10.655,10.752,1568939.82
2024-11-04 00:00:00,10.752,10.904,10.593,10.788,1895061.55
2024-11-04 04:00:00,10.788,10.862,10.616,10.621,1323598.38
2024-11-04 08:00:00,10.621,10.712,10.517,10.639,2103384.37
2024-11-04 12:00:00,10.638,10.714,10.358,10.388,3298941.55
2024-11-04 16:00:00,10.388,10.434,10.224,10.353,3798960.66
2024-11-04 20:00:00,10.352,10.372,10.06,10.248,3370801.95
2024-11-05 00:00:00,10.249,10.416,10.172,10.414,1779080.02
2024-11-05 04:00:00,10.414,10.514,10.406,10.501,1285434.2
2024-11-05 08:00:00,10.502,10.622,10.484,10.595,1301439.93
2024-11-05 12:00:00,10.595,10.894,10.555,10.776,3549052.53
2024-11-05 16:00:00,10.776,10.936,10.606,10.649,2875099.33
2024-11-05 20:00:00,10.65,10.906,10.612,10.829,2045897.09
2024-11-06 00:00:00,10.829,11.772,10.792,11.692,5467612.68
2024-11-06 04:00:00,11.692,11.961,11.573,11.753,5251127.31
2024-11-06 08:00:00,11.753,11.902,11.548,11.834,4160502.79
2024-11-06 12:00:00,11.834,11.899,11.663,11.808,3015542.07
2024-11-06 16:00:00,11.808,11.974,11.798,11.969,2350956.68
2024-11-06 20:00:00,11.968,12.319,11.929,12.175,2797580.82
2024-11-07 00:00:00,12.174,12.716,12.07,12.559,3976844.22
2024-11-07 04:00:00,12.559,12.575,12.204,12.308,3914993.25
2024-11-07 08:00:00,12.308,12.408,12.222,12.231,1598259.08
2024-11-07 12:00:00,12.232,12.46,12.127,12.456,2312139.29
2024-11-07 16:00:00,12.455,12.588,12.316,12.569,2947766.85
2024-11-07 20:00:00,12.568,12.685,12.457,12.595,1967426.75
2024-11-08 00:00:00,12.595,12.829,12.527,12.633,2046090.84
2024-11-08 04:00:00,12.633,12.872,12.633,12.827,2162845.42
2024-11-08 08:00:00,12.827,13.022,12.677,13.001,2833845.39
2024-11-08 12:00:00,13.001,13.416,12.997,13.279,7093736.29
2024-11-08 16:00:00,13.278,13.59,12.982,13.516,5308007.02
2024-11-08 20:00:00,13.517,13.757,13.345,13.696,3768432.46
2024-11-09 00:00:00,13.696,13.697,13.281,13.352,2738934.42
2024-11-09 04:00:00,13.352,13.741,13.343,13.504,2684428.09
2024-11-09 08:00:00,13.504,13.65,13.444,13.615,1884528.21
2024-11-09 12:00:00,13.614,13.643,13.293,13.528,3905402.48
2024-11-09 16:00:00,13.529,13.705,13.3,13.551,2068385.73
2024-11-09 20:00:00,13.551,13.855,13.464,13.782,2423844.04
2024-11-10 00:00:00,13.781,14.073,13.689,13.934,3718159.71
2024-11-10 04:00:00,13.933,14.619,13.91,14.498,6987114.3
2024-11-10 08:00:00,14.499,14.648,14.392,14.576,2992975.87
2024-11-10 12:00:00,14.576,14.769,14.436,14.598,4719983.05
2024-11-10 16:00:00,14.597,14.877,14.264,14.42,5008595.77
2024-11-10 20:00:00,14.42,14.517,13.657,14.271,5921907.55
2024-11-11 00:00:00,14.271,14.566,14.226,14.434,2686677.13
2024-11-11 04:00:00,14.434,14.442,13.618,13.804,4941367.24
2024-11-11 08:00:00,13.805,14.193,13.783,14.134,2881167.12
2024-11-11 12:00:00,14.134,14.475,13.816,14.321,5195872.4
2024-11-11 16:00:00,14.321,14.78,14.307,14.576,5355946.75
2024-11-11 20:00:00,14.575,14.953,14.299,14.93,4764676.0
2024-11-12 00:00:00,14.93,14.944,14.31,14.796,4358445.14
2024-11-12 04:00:00,14.794,14.925,14.563,14.848,3421403.6
2024-11-12 08:00:00,14.848,15.366,13.808,14.209,11947616.99
2024-11-12 12:00:00,14.208,14.352,13.68,13.956,6780353.93
2024-11-12 16:00:00,13.956,14.247,13.694,14.146,3571739.79
2024-11-12 20:00:00,14.146,14.302,13.916,13.96,2891733.92
2024-11-13 00:00:00,13.96,14.124,13.38,13.414,4415693.53
2024-11-13 04:00:00,13.415,13.649,13.07,13.389,4774749.48
2024-11-13 08:00:00,13.39,13.596,13.244,13.496,2863898.76
2024-11-13 12:00:00,13.494,14.391,13.33,14.237,7243837.18
2024-11-13 16:00:00,14.237,14.361,13.28,13.305,6456380.12
2024-11-13 20:00:00,13.305,13.552,13.058,13.491,4568944.06
2024-11-14 00:00:00,13.491,13.533,13.194,13.492,2210145.1
2024-11-14 04:00:00,13.492,13.838,13.381,13.632,3191458.85
2024-11-14 08:00:00,13.632,13.665,13.144,13.291,3152264.38
2024-11-14 12:00:00,13.291,13.556,12.875,12.963,7045525.13
2024-11-14 16:00:00,12.963,13.381,12.887,13.303,2873793.69
2024-11-14 20:00:00,13.302,13.366,12.802,13.005,3867456.63
2024-11-15 00:00:00,13.005,13.182,12.835,13.108,2806725.91
2024-11-15 04:00:00,13.107,13.302,12.71,13.133,3291581.99
2024-11-15 08:00:00,13.134,13.561,13.035,13.497,2898055.47
2024-11-15 12:00:00,13.497,13.662,13.13,13.19,4232368.12
2024-11-15 16:00:00,13.19,13.559,13.157,13.48,2616833.47
2024-11-15 20:00:00,13.48,13.908,13.476,13.849,2601304.78
2024-11-16 00:00:00,13.85,14.274,13.74,14.264,2649423.6
2024-11-16 04:00:00,14.265,14.315,14.017,14.032,2116722.73
2024-11-16 08:00:00,14.032,14.473,14.031,14.472,2366257.67
2024-11-16 12:00:00,14.471,14.556,14.056,14.173,4329178.86
2024-11-16 16:00:00,14.172,14.805,14.079,14.744,3772318.97
2024-11-16 20:00:00,14.745,14.807,14.456,14.539,2778679.99
2024-11-17 00:00:00,14.54,14.906,13.787,14.145,5930767.18
2024-11-17 04:00:00,14.145,14.55,14.041,14.443,3511838.85
2024-11-17 08:00:00,14.444,14.564,14.03,14.032,2526204.29
2024-11-17 12:00:00,14.033,14.222,13.886,13.938,2344016.59
2024-11-17 16:00:00,13.939,14.12,13.734,13.863,2296046.45
2024-11-17 20:00:00,13.863,13.939,13.564,13.792,2249814.88
2024-11-18 00:00:00,13.793,14.386,13.756,14.386,2890668.16
2024-11-18 04:00:00,14.386,14.892,14.211,14.872,3397948.26
2024-11-18 08:00:00,14.873,14.957,14.279,14.345,3415088.92
2024-11-18 12:00:00,14.346,15.219,14.236,15.171,4908810.2
2024-11-18 16:00:00,15.172,16.023,14.787,14.948,10475559.32
2024-11-18 20:00:00,14.949,15.439,14.83,15.281,4088249.55
2024-11-19 00:00:00,15.281,15.439,14.91,15.091,2602742.55
2024-11-19 04:00:00,15.091,15.128,14.831,14.859,2156533.47
2024-11-19 08:00:00,14.86,15.021,14.659,15.021,2647978.88
2024-11-19 12:00:00,15.022,15.165,14.577,14.768,5178818.58
2024-11-19 16:00:00,14.769,15.05,14.66,14.891,3149682.5
2024-11-19 20:00:00,14.892,14.99,14.33,14.631,3897085.33
2024-11-20 00:00:00,14.631,14.706,14.182,14.423,2755309.77
2024-11-20 04:00:00,14.42,14.648,14.265,14.475,1997985.63
2024-11-20 08:00:00,14.474,14.946,14.43,14.686,3198169.71
2024-11-20 12:00:00,14.687,15.338,14.607,15.007,5951112.24
2024-11-20 16:00:00,15.009,15.014,14.036,14.172,5338943.61
2024-11-20 20:00:00,14.172,14.554,14.087,14.241,2259716.68
2024-11-21 00:00:00,14.242,14.46,13.838,14.153,3096559.04
2024-11-21 04:00:00,14.153,14.684,14.15,14.671,3835492.24
2024-11-21 08:00:00,14.67,14.744,14.35,14.63,2534789.05
2024-11-21 12:00:00,14.63,15.387,14.618,14.823,7159471.55
2024-11-21 16:00:00,14.824,15.183,14.793,14.916,3516268.44
2024-11-21 20:00:00,14.916,15.035,14.686,14.909,2468037.27
2024-11-22 00:00:00,14.909,15.181,14.729,15.092,3995892.35
2024-11-22 04:00:00,15.093,15.452,15.052,15.23,3840581.31
2024-11-22 08:00:00,15.23,15.385,14.949,15.369,2892604.37
2024-11-22 12:00:00,15.368,15.573,14.863,15.426,7581129.65
2024-11-22 16:00:00,15.424,15.816,15.164,15.268,6641893.0
2024-11-22 20:00:00,15.267,16.61,15.19,16.582,6613669.87
2024-11-23 00:00:00,16.582,17.102,16.323,16.783,8125983.31
2024-11-23 04:00:00,16.783,17.06,16.466,17.018,4130975.24
2024-11-23 08:00:00,17.019,17.253,16.677,17.039,3919016.24
2024-11-23 12:00:00,17.039,17.944,16.944,17.939,7748471.16
2024-11-23 16:00:00,17.938,18.411,17.2,17.564,9971298.93
2024-11-23 20:00:00,17.564,17.808,17.056,17.4,3887526.32
2024-11-24 00:00:00,17.4,18.359,17.316,18.092,5537351.67
2024-11-24 04:00:00,18.092,18.183,17.571,17.808,3374119.83
2024-11-24 08:00:00,17.808,17.883,16.712,16.714,5291114.03
2024-11-24 12:00:00,16.714,16.904,16.113,16.35,7595864.45
2024-11-24 16:00:00,16.349,17.148,16.273,17.015,4081411.45
2024-11-24 20:00:00,17.015,18.114,16.95,17.921,4732204.74
2024-11-25 00:00:00,17.922,18.242,17.337,17.811,4697149.96
2024-11-25 04:00:00,17.81,18.429,17.793,18.317,4548093.12
2024-11-25 08:00:00,18.316,19.069,18.211,18.672,6527757.12
2024-11-25 12:00:00,18.672,18.862,17.526,18.509,7708631.33
2024-11-25 16:00:00,18.512,18.775,17.628,17.878,5635939.79
2024-11-25 20:00:00,17.877,18.209,17.154,17.355,4455410.27
2024-11-26 00:00:00,17.352,17.852,17.262,17.573,3106035.62
2024-11-26 04:00:00,17.573,17.689,17.1,17.238,2863737.96
2024-11-26 08:00:00,17.238,17.25,16.185,16.557,7222965.08
2024-11-26 12:00:00,16.555,17.504,16.482,16.926,6498146.36
2024-11-26 16:00:00,16.926,17.429,16.698,17.089,4539549.11
2024-11-26 20:00:00,17.088,17.508,16.95,17.349,3335808.72
2024-11-27 00:00:00,17.349,17.603,16.974,17.399,3101795.29
2024-11-27 04:00:00,17.398,18.273,17.369,18.156,4018678.18
2024-11-27 08:00:00,18.155,18.532,17.875,18.129,3551390.33
2024-11-27 12:00:00,18.129,18.305,17.724,18.073,5869256.88
2024-11-27 16:00:00,18.075,18.296,17.734,18.064,3981940.28
2024-11-27 20:00:00,18.063,19.013,18.053,18.672,4468771.06
2024-11-28 00:00:00,18.671,18.714,17.87,18.058,3453758.36
2024-11-28 04:00:00,18.057,18.267,17.831,17.909,2058344.04
2024-11-28 08:00:00,17.908,18.105,17.771,18.026,2258764.33
2024-11-28 12:00:00,18.025,18.104,17.502,17.522,3454379.61
2024-11-28 16:00:00,17.522,17.991,17.501,17.835,2008248.14
2024-11-28 20:00:00,17.836,18.087,17.656,17.948,1618911.85
2024-11-29 00:00:00,17.949,18.128,17.78,17.815,1947695.45
2024-11-29 04:00:00,17.814,17.857,17.531,17.548,2008671.19
2024-11-29 08:00:00,17.549,18.197,17.548,18.133,2025815.07
2024-11-29 12:00:00,18.136,18.41,17.911,18.057,3396100.74
2024-11-29 16:00:00,18.059,18.168,17.841,18.115,2443570.42
2024-11-29 20:00:00,18.115,18.42,18.02,18.26,1928834.21
2024-11-30 00:00:00,18.261,18.549,17.948,18.512,2988639.07
2024-11-30 04:00:00,18.513,18.726,18.271,18.649,2175843.62
2024-11-30 08:00:00,18.649,18.755,18.101,18.248,2428644.89
2024-11-30 12:00:00,18.247,18.985,18.219,18.897,3501388.0
2024-11-30 16:00:00,18.898,19.379,18.63,19.33,4387048.6
2024-11-30 20:00:00,19.331,19.471,18.992,19.016,2358399.23
2024-12-01 00:00:00,19.017,19.132,18.453,18.735,3848385.94
2024-12-01 04:00:00,18.736,18.969,18.55,18.676,1675156.58
2024-12-01 08:00:00,18.675,18.83,18.519,18.753,1892417.23
2024-12-01 12:00:00,18.753,19.027,18.6,18.842,2603526.17
2024-12-01 16:00:00,18.841,18.967,18.6,18.743,3091758.58
2024-12-01 20:00:00,18.742,19.068,18.443,18.935,3458103.69
2024-12-02 00:00:00,18.938,19.739,18.792,18.886,6290717.53
2024-12-02 04:00:00,18.885,20.053,18.591,19.81,8912343.16
2024-12-02 08:00:00,19.81,20.966,18.851,19.782,18349334.04
2024-12-02 12:00:00,19.781,21.865,19.488,21.81,17113551.7
2024-12-02 16:00:00,21.809,24.066,21.099,23.849,19041800.47
2024-12-02 20:00:00,23.849,26.918,23.663,25.241,24102800.18
2024-12-03 00:00:00,25.242,25.485,23.812,24.23,11133623.75
2024-12-03 04:00:00,24.231,25.51,24.038,25.134,10422516.38
2024-12-03 08:00:00,25.136,26.277,24.55,24.611,13611993.21
2024-12-03 12:00:00,24.613,24.964,22.569,23.995,18071169.61
2024-12-03 16:00:00,23.997,24.583,23.442,24.325,7109394.64
2024-12-03 20:00:00,24.325,25.237,24.107,24.127,5993715.01
2024-12-04 00:00:00,24.127,24.638,23.625,24.035,6018443.73
2024-12-04 04:00:00,24.034,24.63,23.927,24.479,3357182.05
2024-12-04 08:00:00,24.48,25.095,24.027,24.651,5151769.58
2024-12-04 12:00:00,24.651,26.534,24.045,25.379,12685998.18
2024-12-04 16:00:00,25.379,25.499,24.043,24.955,7974214.25
2024-12-04 20:00:00,24.952,25.108,23.735,24.092,5663394.4
2024-12-05 00:00:00,24.09,24.246,23.004,23.62,7129667.7
2024-12-05 04:00:00,23.619,24.403,23.496,23.937,3572746.48
2024-12-05 08:00:00,23.939,24.292,23.734,24.249,3395815.43
2024-12-05 12:00:00,24.249,24.832,23.916,24.294,6925737.51
2024-12-05 16:00:00,24.295,24.626,23.612,23.718,4079946.67
2024-12-05 20:00:00,23.718,24.01,22.275,23.172,6789998.97
2024-12-06 00:00:00,23.173,24.146,23.074,24.037,3652865.47
2024-12-06 04:00:00,24.038,24.29,23.79,23.817,2552637.09
2024-12-06 08:00:00,23.817,24.1,23.133,23.305,3458531.69
2024-12-06 12:00:00,23.305,24.147,22.759,23.788,5603582.54
2024-12-06 16:00:00,23.79,25.111,23.742,24.925,3848179.06
2024-12-06 20:00:00,24.924,25.961,24.834,25.893,6605497.56
2024-12-07 00:00:00,25.893,26.884,25.161,26.639,6216556.72
2024-12-07 04:00:00,26.639,26.78,25.308,25.392,4979109.38
2024-12-07 08:00:00,25.393,25.48,24.728,24.959,3188401.28
2024-12-07 12:00:00,24.959,25.193,24.866,25.003,2394074.34
2024-12-07 16:00:00,25.002,25.032,24.46,24.796,3295992.53
2024-12-07 20:00:00,24.795,24.947,24.614,24.808,1373057.42
2024-12-08 00:00:00,24.808,25.03,24.718,24.833,1507051.89
2024-12-08 04:00:00,24.833,25.597,24.706,25.374,2808329.18
2024-12-08 08:00:00,25.374,26.92,25.09,26.651,9479848.42
2024-12-08 12:00:00,26.65,27.425,26.069,26.261,10293503.22
2024-12-08 16:00:00,26.262,26.297,25.537,25.953,3834008.92
2024-12-08 20:00:00,25.952,26.654,25.635,26.12,3356507.66
2024-12-09 00:00:00,26.121,27.379,25.907,26.652,10077237.49
2024-12-09 04:00:00,26.652,27.32,25.597,26.229,9315583.74
2024-12-09 08:00:00,26.228,26.251,24.52,24.647,8719285.77
2024-12-09 12:00:00,24.646,25.876,24.301,24.413,8827888.68
2024-12-09 16:00:00,24.413,24.666,23.64,23.694,6126115.36
2024-12-09 20:00:00,23.694,23.736,19.279,22.241,21513514.72
2024-12-10 00:00:00,22.243,22.717,20.7,21.629,9235327.66
2024-12-10 04:00:00,21.629,23.416,21.082,23.067,9038286.06
2024-12-10 08:00:00,23.068,23.774,22.698,23.183,5377429.49
2024-12-10 12:00:00,23.186,23.296,21.285,21.33,11085875.43
2024-12-10 16:00:00,21.331,21.683,20.267,21.414,10680770.62
2024-12-10 20:00:00,21.413,22.449,21.3,22.115,4947470.91
2024-12-11 00:00:00,22.116,22.499,21.14,22.425,5469331.87
2024-12-11 04:00:00,22.426,22.67,22.2,22.224,3711903.96
2024-12-11 08:00:00,22.223,23.022,22.218,22.844,3449944.34
2024-12-11 12:00:00,22.842,24.215,22.817,23.898,6987755.93
2024-12-11 16:00:00,23.898,24.188,23.379,23.789,3385331.03
2024-12-11 20:00:00,23.789,24.316,23.685,24.064,2617846.67
2024-12-12 00:00:00,24.064,27.143,23.866,27.028,10742816.86
2024-12-12 04:00:00,27.027,29.454,26.96,28.84,17219159.55
2024-12-12 08:00:00,28.839,29.214,27.552,27.854,9602553.91
2024-12-12 12:00:00,27.854,28.509,27.34,28.217,10423664.04
2024-12-12 16:00:00,28.215,28.584,26.728,26.954,7191754.04
2024-12-12 20:00:00,26.955,29.372,26.74,29.128,13910770.2
2024-12-13 00:00:00,29.13,30.947,28.257,30.162,18753015.52
2024-12-13 04:00:00,30.162,30.302,28.66,28.917,9841791.96
2024-12-13 08:00:00,28.918,29.041,28.137,28.379,6137365.37
2024-12-13 12:00:00,28.379,28.591,27.526,27.624,7642432.21
2024-12-13 16:00:00,27.621,28.343,27.576,28.088,5221379.85
2024-12-13 20:00:00,28.088,29.109,27.753,28.983,4366415.79
2024-12-14 00:00:00,28.983,30.697,28.751,29.451,10946455.41
2024-12-14 04:00:00,29.451,29.825,29.172,29.512,3594671.21
2024-12-14 08:00:00,29.511,30.381,29.295,29.786,6161990.02
2024-12-14 12:00:00,29.786,30.774,28.72,30.361,13708980.74
2024-12-14 16:00:00,30.36,30.482,28.917,29.202,9909590.02
2024-12-14 20:00:00,29.2,29.664,28.841,29.117,6339736.29
2024-12-15 00:00:00,29.118,29.545,28.548,29.292,6366450.76
2024-12-15 04:00:00,29.291,29.88,28.561,28.741,6762448.72
2024-12-15 08:00:00,28.742,29.109,28.538,28.784,4712223.0
2024-12-15 12:00:00,28.784,29.321,28.274,29.128,5529323.27
2024-12-15 16:00:00,29.126,29.601,28.771,28.968,3691905.52
2024-12-15 20:00:00,28.967,29.624,28.014,29.257,6738071.3
2024-12-16 00:00:00,29.257,29.759,28.404,28.644,6305077.88
2024-12-16 04:00:00,28.643,29.5,28.422,29.285,4600117.44
2024-12-16 08:00:00,29.284,30.845,28.889,29.828,12147683.41
2024-12-16 12:00:00,29.829,30.631,29.228,30.284,10475526.7
2024-12-16 16:00:00,30.287,30.435,29.295,29.511,8785096.5
2024-12-16 20:00:00,29.511,29.777,28.695,28.73,5390034.94
2024-12-17 00:00:00,28.729,29.049,28.324,28.742,5217213.11
2024-12-17 04:00:00,28.743,28.743,28.031,28.119,3673047.81
2024-12-17 08:00:00,28.119,28.849,27.842,28.384,5395584.01
2024-12-17 12:00:00,28.383,28.621,27.471,27.614,6109659.2
2024-12-17 16:00:00,27.612,28.263,27.344,27.728,4340909.35
2024-12-17 20:00:00,27.729,28.278,27.461,27.858,4678873.39
2024-12-18 00:00:00,27.86,28.409,27.437,27.671,5060225.08
2024-12-18 04:00:00,27.67,27.743,26.797,27.171,6238526.79
2024-12-18 08:00:00,27.172,27.93,26.924,27.915,3449753.32
2024-12-18 12:00:00,27.914,27.915,26.527,27.085,6797675.94
2024-12-18 16:00:00,27.086,27.968,26.37,26.405,7085116.64
2024-12-18 20:00:00,26.405,26.597,24.595,24.855,12931228.33
2024-12-19 00:00:00,24.855,25.302,23.335,24.863,13150866.99
2024-12-19 04:00:00,24.862,24.954,24.421,24.89,3885554.9
2024-12-19 08:00:00,24.89,25.592,24.483,25.392,4406347.43
2024-12-19 12:00:00,25.391,25.392,23.738,24.174,7491944.55
2024-12-19 16:00:00,24.173,24.378,21.905,22.302,13403203.2
2024-12-19 20:00:00,22.303,23.267,21.706,22.806,7245296.29
2024-12-20 00:00:00,22.803,23.711,22.62,23.173,5455608.39
2024-12-20 04:00:00,23.174,23.328,22.15,22.635,4540960.76
2024-12-20 08:00:00,22.635,22.642,20.011,20.025,14486223.34
2024-12-20 12:00:00,20.029,22.93,20.028,22.694,11550869.42
2024-12-20 16:00:00,22.692,23.67,22.41,23.283,6176652.47
2024-12-20 20:00:00,23.283,23.642,22.665,23.38,4309543.96
2024-12-21 00:00:00,23.38,23.716,23.031,23.147,3497610.19
2024-12-21 04:00:00,23.148,24.92,23.125,24.539,6054185.79
2024-12-21 08:00:00,24.539,24.753,23.592,23.821,5999228.76
2024-12-21 12:00:00,23.82,23.83,22.252,22.863,8087062.86
2024-12-21 16:00:00,22.865,22.923,21.924,22.319,5437213.69
2024-12-21 20:00:00,22.319,22.554,21.774,22.123,3178629.29
2024-12-22 00:00:00,22.124,22.435,21.841,22.181,3201701.42
2024-12-22 04:00:00,22.179,22.264,21.524,21.968,3007629.35
2024-12-22 08:00:00,21.968,22.775,21.948,22.448,3777556.09
2024-12-22 12:00:00,22.449,22.681,21.564,21.801,4394622.3
2024-12-22 16:00:00,21.802,22.517,21.562,21.644,3249622.19
2024-12-22 20:00:00,21.644,22.42,21.296,22.084,3530739.98
2024-12-23 00:00:00,22.083,23.309,21.485,23.07,5638959.81
2024-12-23 04:00:00,23.071,23.429,22.255,22.625,4866728.43
2024-12-23 08:00:00,22.623,23.356,22.505,23.093,4032714.9
2024-12-23 12:00:00,23.095,23.375,22.088,22.143,5941580.48
2024-12-23 16:00:00,22.142,23.103,22.059,22.929,5564816.72
2024-12-23 20:00:00,22.928,24.95,22.91,24.539,8004681.14
2024-12-24 00:00:00,24.54,24.678,23.546,24.138,4530184.65
2024-12-24 04:00:00,24.138,24.318,23.769,23.874,2384243.06
2024-12-24 08:00:00,23.875,24.392,23.805,24.215,2921338.63
2024-12-24 12:00:00,24.215,24.91,23.793,24.638,5676861.21
2024-12-24 16:00:00,24.638,25.435,24.37,25.038,4991016.71
2024-12-24 20:00:00,25.039,25.98,24.581,25.418,5636355.91
2024-12-25 00:00:00,25.417,25.499,24.561,24.649,3077194.86
2024-12-25 04:00:00,24.65,25.12,24.556,24.756,2507462.83
2024-12-25 08:00:00,24.753,25.574,24.432,24.504,4197463.68
2024-12-25 12:00:00,24.506,24.858,24.412,24.669,2363133.89
2024-12-25 16:00:00,24.669,24.748,24.235,24.722,2073882.32
2024-12-25 20:00:00,24.722,24.77,24.133,24.428,2279078.39
2024-12-26 00:00:00,24.431,24.697,23.838,23.934,3266204.53
2024-12-26 04:00:00,23.933,23.933,23.366,23.419,2631521.73
2024-12-26 08:00:00,23.42,23.461,22.782,23.043,3994459.39
2024-12-26 12:00:00,23.042,23.154,22.67,22.746,3338461.9
2024-12-26 16:00:00,22.747,23.09,22.567,22.804,3195546.34
2024-12-26 20:00:00,22.803,22.896,22.414,22.665,2190752.81
2024-12-27 00:00:00,22.665,23.253,22.508,22.979,3449905.48
2024-12-27 04:00:00,22.978,23.174,22.357,22.592,2817860.11
2024-12-27 08:00:00,22.591,23.664,22.591,23.432,4190690.49
2024-12-27 12:00:00,23.432,23.483,22.22,22.294,4083292.57
2024-12-27 16:00:00,22.294,22.758,22.006,22.229,3681882.2
2024-12-27 20:00:00,22.228,22.27,21.352,21.558,4126446.8
2024-12-28 00:00:00,21.558,21.643,21.206,21.379,2637423.94
2024-12-28 04:00:00,21.379,21.442,21.054,21.068,2183058.92
2024-12-28 08:00:00,21.068,21.445,21.058,21.311,2334065.62
2024-12-28 12:00:00,21.312,21.853,21.151,21.473,4175307.58
2024-12-28 16:00:00,21.474,22.175,21.344,21.811,3445551.98
2024-12-28 20:00:00,21.81,22.37,21.73,21.974,2396979.54
2024-12-29 00:00:00,21.974,22.006,21.628,21.826,1448174.75
2024-12-29 04:00:00,21.827,21.938,21.523,21.928,1625063.78
2024-12-29 08:00:00,21.928,21.957,21.484,21.493,1607794.65
2024-12-29 12:00:00,21.495,21.755,21.27,21.44,2546185.73
2024-12-29 16:00:00,21.441,21.462,21.2,21.264,1794894.88
2024-12-29 20:00:00,21.265,21.265,20.768,20.946,2916183.66
2024-12-30 00:00:00,20.946,21.821,20.844,21.088,3308499.0
2024-12-30 04:00:00,21.087,21.415,20.937,21.18,2194425.83
2024-12-30 08:00:00,21.18,21.44,20.99,21.233,2255068.95
2024-12-30 12:00:00,21.232,21.441,20.083,20.298,6785141.49
2024-12-30 16:00:00,20.298,21.175,20.11,21.073,4494040.85
2024-12-30 20:00:00,21.074,21.34,20.348,20.569,3337484.78
2024-12-31 00:00:00,20.568,20.66,20.25,20.267,1958921.34
2024-12-31 04:00:00,20.266,20.478,20.18,20.312,1859336.16
2024-12-31 08:00:00,20.312,20.937,20.31,20.53,2819655.82
2024-12-31 12:00:00,20.532,21.184,20.462,20.805,4180136.82
2024-12-31 16:00:00,20.804,20.832,19.94,20.095,4173037.25
2024-12-31 20:00:00,20.092,20.187,19.809,20.003,2175839.19
2025-01-01 00:00:00,20.002,20.239,19.952,20.055,2109506.82
2025-01-01 04:00:00,20.056,20.095,19.892,19.976,1499297.67
2025-01-01 08:00:00,19.976,20.137,19.687,20.031,3027328.38
2025-01-01 12:00:00,20.031,20.577,19.994,20.557,2886121.01
2025-01-01 16:00:00,20.558,21.549,20.345,21.47,5318885.84
2025-01-01 20:00:00,21.471,21.846,21.451,21.721,3612602.42
2025-01-02 00:00:00,21.722,22.381,21.711,21.882,4308071.0
2025-01-02 04:00:00,21.883,22.371,21.842,22.327,2772730.22
2025-01-02 08:00:00,22.328,22.788,22.051,22.565,3816983.33
2025-01-02 12:00:00,22.566,22.894,22.104,22.206,4491990.24
2025-01-02 16:00:00,22.205,22.572,22.045,22.118,2754580.89
2025-01-02 20:00:00,22.119,22.241,21.788,22.064,1780079.57
2025-01-03 00:00:00,22.066,22.417,21.902,22.232,2167595.0
2025-01-03 04:00:00,22.235,22.253,21.786,21.804,2073944.92
2025-01-03 08:00:00,21.803,22.672,21.641,22.657,3616658.05
2025-01-03 12:00:00,22.657,23.482,22.45,23.453,5077176.67
2025-01-03 16:00:00,23.454,23.903,23.35,23.782,4433414.4
2025-01-03 20:00:00,23.782,23.812,23.349,23.48,2108097.59
2025-01-04 00:00:00,23.48,23.535,23.131,23.201,2211808.46
2025-01-04 04:00:00,23.202,23.353,23.026,23.296,1429826.68
2025-01-04 08:00:00,23.296,23.314,22.872,23.065,2044633.59
2025-01-04 12:00:00,23.066,23.927,23.058,23.157,4679693.86
2025-01-04 16:00:00,23.159,23.764,23.152,23.625,2337160.96
2025-01-04 20:00:00,23.626,24.045,23.564,23.591,1721152.88
2025-01-05 00:00:00,23.592,23.794,23.216,23.34,1563023.95
2025-01-05 04:00:00,23.34,23.834,23.333,23.503,1661541.24
2025-01-05 08:00:00,23.504,23.559,23.012,23.081,2665743.37
2025-01-05 12:00:00,23.08,23.392,22.851,23.287,2543019.56
2025-01-05 16:00:00,23.288,23.496,23.101,23.357,1913669.95
2025-01-05 20:00:00,23.356,23.73,23.233,23.574,1293992.24
2025-01-06 00:00:00,23.575,24.073,23.004,24.054,3877918.44
2025-01-06 04:00:00,24.055,24.188,23.489,23.511,2985322.74
2025-01-06 08:00:00,23.511,23.821,23.317,23.82,1985716.28
2025-01-06 12:00:00,23.82,24.466,23.501,24.375,6404382.05
2025-01-06 16:00:00,24.375,24.793,23.775,23.895,4703955.4
2025-01-06 20:00:00,23.894,24.053,23.645,23.816,1734410.83
2025-01-07 00:00:00,23.817,23.835,23.426,23.507,2350404.26
2025-01-07 04:00:00,23.507,23.659,23.333,23.384,1389991.85
2025-01-07 08:00:00,23.384,23.649,23.065,23.184,2260189.95
2025-01-07 12:00:00,23.185,23.366,21.666,22.043,7990726.47
2025-01-07 16:00:00,22.043,22.191,21.366,21.468,5033789.68
2025-01-07 20:00:00,21.469,21.694,21.157,21.377,3189537.15
2025-01-08 00:00:00,21.377,21.716,20.855,21.15,3937717.98
2025-01-08 04:00:00,21.15,21.228,20.51,20.87,3852400.66
2025-01-08 08:00:00,20.871,21.124,20.572,20.718,2690946.23
2025-01-08 12:00:00,20.719,20.972,20.47,20.662,3902548.67
2025-01-08 16:00:00,20.662,20.714,19.557,20.186,8197869.08
2025-01-08 20:00:00,20.186,20.622,19.95,20.426,2558180.13
2025-01-09 00:00:00,20.425,20.715,20.196,20.271,2727056.34
2025-01-09 04:00:00,20.269,20.365,19.736,19.8,2490164.61
2025-01-09 08:00:00,19.801,20.127,19.669,19.927,2541484.66
2025-01-09 12:00:00,19.927,20.314,19.297,20.186,5486662.8
2025-01-09 16:00:00,20.185,20.303,19.375,19.417,3468762.19
2025-01-09 20:00:00,19.417,19.866,19.124,19.635,3087624.85
2025-01-10 00:00:00,19.635,20.018,19.631,19.937,1978086.08
2025-01-10 04:00:00,19.938,20.526,19.823,20.333,2579792.1
2025-01-10 08:00:00,20.333,20.486,20.23,20.352,2341282.88
2025-01-10 12:00:00,20.352,20.43,19.53,19.975,7115386.57
2025-01-10 16:00:00,19.975,20.489,19.769,20.369,3396024.85
2025-01-10 20:00:00,20.368,20.405,20.163,20.234,1267177.02
2025-01-11 00:00:00,20.235,20.294,19.907,19.931,1402527.26
2025-01-11 04:00:00,19.931,20.096,19.841,19.937,1032876.78
2025-01-11 08:00:00,19.937,20.25,19.8,20.16,1405698.04
2025-01-11 12:00:00,20.16,20.189,19.902,19.975,1403576.52
2025-01-11 16:00:00,19.976,20.036,19.824,19.995,1400958.85
2025-01-11 20:00:00,19.995,20.679,19.951,20.204,2474762.22
2025-01-12 00:00:00,20.204,20.323,20.039,20.244,1341555.93
2025-01-12 04:00:00,20.245,20.314,19.964,20.082,1162631.53
2025-01-12 08:00:00,20.083,20.122,19.781,19.956,1501378.92
2025-01-12 12:00:00,19.956,20.249,19.852,20.145,1987435.4
2025-01-12 16:00:00,20.145,20.195,19.959,20.029,1569384.04
2025-01-12 20:00:00,20.029,20.099,19.575,19.833,1621069.61
2025-01-13 00:00:00,19.833,20.439,19.313,19.379,5396404.13
2025-01-13 04:00:00,19.378,19.733,19.001,19.101,3424455.74
2025-01-13 08:00:00,19.101,19.129,18.048,18.097,6418271.47
2025-01-13 12:00:00,18.097,19.098,17.737,18.917,8741197.85
2025-01-13 16:00:00,18.917,19.047,18.219,18.47,4768357.06
2025-01-13 20:00:00,18.469,19.549,18.369,19.349,3828067.39
2025-01-14 00:00:00,19.348,19.583,19.241,19.486,2024760.99
2025-01-14 04:00:00,19.486,19.756,19.418,19.435,1574791.68
2025-01-14 08:00:00,19.436,20.289,19.435,19.935,3010754.71
2025-01-14 12:00:00,19.934,20.382,19.763,20.14,3582689.4
2025-01-14 16:00:00,20.139,20.475,19.965,20.296,2466614.52
2025-01-14 20:00:00,20.295,20.486,20.171,20.323,1444569.37
2025-01-15 00:00:00,20.323,20.686,20.202,20.446,2741224.39
2025-01-15 04:00:00,20.446,20.825,20.239,20.715,2058768.38
2025-01-15 08:00:00,20.715,20.976,20.089,20.318,3383358.16
2025-01-15 12:00:00,20.317,21.743,20.141,21.592,7870521.5
2025-01-15 16:00:00,21.593,21.84,21.235,21.597,3563410.77
2025-01-15 20:00:00,21.596,22.138,21.551,22.075,2903285.2
2025-01-16 00:00:00,22.074,22.158,21.454,21.598,3272370.87
2025-01-16 04:00:00,21.599,21.846,21.56,21.747,1516019.38
2025-01-16 08:00:00,21.748,22.489,21.284,22.463,5301797.06
2025-01-16 12:00:00,22.464,23.335,22.218,23.3,10877590.83
2025-01-16 16:00:00,23.3,23.744,23.145,23.705,4907442.47
2025-01-16 20:00:00,23.703,23.783,22.782,23.015,3228152.77
2025-01-17 00:00:00,23.017,23.977,23.016,23.533,4472633.95
2025-01-17 04:00:00,23.534,24.28,23.476,24.118,3945956.63
2025-01-17 08:00:00,24.118,24.438,23.811,24.13,3522452.97
2025-01-17 12:00:00,24.13,24.492,23.832,24.417,3747990.87
2025-01-17 16:00:00,24.417,24.689,24.186,24.506,2929488.25
2025-01-17 20:00:00,24.509,25.22,24.457,25.089,2955886.92
2025-01-18 00:00:00,25.087,25.656,24.446,24.551,4530279.37
2025-01-18 04:00:00,24.548,24.719,23.42,23.831,6157470.37
2025-01-18 08:00:00,23.832,24.61,23.501,24.42,5439739.54
2025-01-18 12:00:00,24.42,24.83,23.934,24.065,4603411.83
2025-01-18 16:00:00,24.066,24.127,23.368,23.968,4843991.9
2025-01-18 20:00:00,23.969,24.203,23.527,24.098,2076794.92
2025-01-19 00:00:00,24.098,24.591,23.794,23.855,3368450.96
2025-01-19 04:00:00,23.854,23.877,23.134,23.368,3694806.06
2025-01-19 08:00:00,23.368,23.373,22.185,22.399,7853786.97
2025-01-19 12:00:00,22.4,25.94,22.359,25.41,11112140.91
2025-01-19 16:00:00,25.409,26.696,25.305,26.036,7414879.28
2025-01-19 20:00:00,26.037,26.499,23.531,24.339,16474919.56
2025-01-20 00:00:00,24.338,24.806,23.391,24.322,11804294.93
2025-01-20 04:00:00,24.321,26.46,23.986,26.306,9889664.09
2025-01-20 08:00:00,26.306,26.952,25.279,25.735,7731582.35
2025-01-20 12:00:00,25.736,26.79,24.525,25.859,19406153.41
2025-01-20 16:00:00,25.86,26.383,24.0,25.7,12423140.36
2025-01-20 20:00:00,25.699,25.852,24.939,25.069,4451066.86
2025-01-21 00:00:00,25.071,25.183,24.04,24.448,6291044.92
2025-01-21 04:00:00,24.448,24.455,23.679,24.078,4298223.07
2025-01-21 08:00:00,24.078,26.236,23.881,25.66,8726398.46
2025-01-21 12:00:00,25.661,26.481,25.405,25.853,6684924.44
2025-01-21 16:00:00,25.849,27.089,25.791,26.628,6001017.54
2025-01-21 20:00:00,26.629,26.898,26.146,26.651,4071093.38
2025-01-22 00:00:00,26.653,27.2,26.23,26.313,4115307.18
2025-01-22 04:00:00,26.314,26.353,25.684,25.789,2629184.02
2025-01-22 08:00:00,25.79,25.998,25.574,25.851,2715149.08
2025-01-22 12:00:00,25.851,25.945,25.32,25.405,3638670.25
2025-01-22 16:00:00,25.406,25.662,25.17,25.404,2423172.51
2025-01-22 20:00:00,25.404,25.611,25.11,25.293,1975911.02
2025-01-23 00:00:00,25.29,25.337,24.475,24.815,3420483.3
2025-01-23 04:00:00,24.817,24.838,24.31,24.565,2482033.24
2025-01-23 08:00:00,24.564,24.624,23.976,24.461,2577134.72
2025-01-23 12:00:00,24.461,25.926,24.044,25.46,7737603.11
2025-01-23 16:00:00,25.46,26.232,24.683,24.758,5334734.16
2025-01-23 20:00:00,24.757,25.826,24.565,25.65,5121575.07
2025-01-24 00:00:00,25.649,25.833,24.851,25.216,2872373.51
2025-01-24 04:00:00,25.216,26.317,25.001,25.932,3489252.87
2025-01-24 08:00:00,25.932,26.421,25.835,26.161,2850856.63
2025-01-24 12:00:00,26.162,26.32,25.661,26.126,3073057.81
2025-01-24 16:00:00,26.125,26.245,25.679,25.79,1921866.95
2025-01-24 20:00:00,25.79,25.874,25.081,25.17,2361688.6
2025-01-25 00:00:00,25.171,25.321,24.806,25.265,2400193.11
2025-01-25 04:00:00,25.266,25.298,24.9,24.982,1282682.5
2025-01-25 08:00:00,24.982,25.082,24.677,24.957,1757377.29
2025-01-25 12:00:00,24.958,25.266,24.701,25.121,2498888.27
2025-01-25 16:00:00,25.12,25.353,24.776,25.234,2483241.67
2025-01-25 20:00:00,25.235,25.431,24.875,24.911,1168615.52
2025-01-26 00:00:00,24.911,25.621,24.848,25.567,1886396.07
2025-01-26 04:00:00,25.567,25.873,25.425,25.668,1707965.08
2025-01-26 08:00:00,25.668,25.817,25.13,25.294,1877269.27
2025-01-26 12:00:00,25.297,25.471,25.1,25.436,1500939.24
2025-01-26 16:00:00,25.437,26.268,25.258,26.194,2965706.78
2025-01-26 20:00:00,26.194,26.389,24.839,24.867,4217292.62
2025-01-27 00:00:00,24.867,25.112,23.728,23.966,5863632.1
2025-01-27 04:00:00,23.965,23.965,22.234,22.833,6536057.28
2025-01-27 08:00:00,22.833,22.894,22.164,22.407,4501638.78
2025-01-27 12:00:00,22.406,24.086,22.303,23.671,8561194.71
2025-01-27 16:00:00,23.672,23.895,22.769,23.108,3842913.78
2025-01-27 20:00:00,23.11,24.415,23.108,24.196,3943559.72
2025-01-28 00:00:00,24.197,24.544,23.768,24.267,2812869.99
2025-01-28 04:00:00,24.268,24.643,24.06,24.11,1794503.17
2025-01-28 08:00:00,24.11,24.199,23.821,23.952,1830538.0
2025-01-28 12:00:00,23.952,24.256,23.509,23.92,3318047.68
2025-01-28 16:00:00,23.921,23.955,23.128,23.283,2642808.58
2025-01-28 20:00:00,23.283,23.377,22.335,22.599,3163842.52
2025-01-29 00:00:00,22.598,23.392,22.563,23.232,2594857.36
2025-01-29 04:00:00,23.232,23.555,23.1,23.519,1400261.2
2025-01-29 08:00:00,23.519,23.6,23.027,23.448,1730742.23
2025-01-29 12:00:00,23.448,23.538,22.457,22.748,4695229.38
2025-01-29 16:00:00,22.747,23.763,22.31,23.507,5558072.46
2025-01-29 20:00:00,23.508,24.438,23.121,23.649,5358192.53
2025-01-30 00:00:00,23.649,24.32,23.393,24.27,2404273.43
2025-01-30 04:00:00,24.269,24.581,24.157,24.282,1977285.42
2025-01-30 08:00:00,24.285,24.725,24.16,24.465,1845509.3
2025-01-30 12:00:00,24.465,25.192,24.205,24.845,4614324.99
2025-01-30 16:00:00,24.844,25.075,24.604,24.758,2393370.4
2025-01-30 20:00:00,24.757,24.799,24.389,24.449,1886239.24
2025-01-31 00:00:00,24.449,24.872,24.241,24.337,2041640.3
2025-01-31 04:00:00,24.337,25.383,24.121,24.89,2686177.62
2025-01-31 08:00:00,24.89,25.687,24.687,25.661,2929101.06
2025-01-31 12:00:00,25.662,26.085,25.351,25.896,4539823.84
2025-01-31 16:00:00,25.895,26.433,24.826,24.906,4944223.81
2025-01-31 20:00:00,24.906,25.218,24.487,25.15,3023433.06
2025-02-01 00:00:00,25.15,25.952,25.055,25.635,3034601.49
2025-02-01 04:00:00,25.635,25.856,25.207,25.241,1856726.29
2025-02-01 08:00:00,25.242,25.331,24.527,24.774,3200853.88
2025-02-01 12:00:00,24.775,24.922,24.241,24.455,2572910.0
2025-02-01 16:00:00,24.456,24.625,23.512,23.543,3046563.54
2025-02-01 20:00:00,23.543,23.562,22.75,22.961,4651454.09
2025-02-02 00:00:00,22.957,23.311,22.199,22.313,4263147.68
2025-02-02 04:00:00,22.314,22.89,22.249,22.645,3076962.88
2025-02-02 08:00:00,22.646,23.171,22.067,22.119,4130712.67
2025-02-02 12:00:00,22.119,22.449,21.849,22.176,4411295.91
2025-02-02 16:00:00,22.175,22.187,20.069,20.762,12546691.23
2025-02-02 20:00:00,20.762,21.026,19.258,20.45,8597503.07
2025-02-03 00:00:00,20.45,20.458,15.429,17.703,25533710.71
2025-02-03 04:00:00,17.704,19.454,17.04,19.405,10442670.81
2025-02-03 08:00:00,19.405,19.408,18.412,18.892,8083421.97
2025-02-03 12:00:00,18.892,20.646,18.111,20.399,12820046.98
2025-02-03 16:00:00,20.399,22.013,20.099,21.872,10313682.69
2025-02-03 20:00:00,21.872,22.016,20.952,21.636,6716304.24
2025-02-04 00:00:00,21.636,21.702,20.722,20.879,3646339.71
2025-02-04 04:00:00,20.879,21.115,19.537,19.619,7438646.7
2025-02-04 08:00:00,19.622,20.775,19.432,20.322,5687965.97
2025-02-04 12:00:00,20.323,20.974,20.171,20.52,6899196.23
2025-02-04 16:00:00,20.521,21.259,20.298,20.301,4758936.95
2025-02-04 20:00:00,20.301,20.506,19.323,19.965,8340569.55
2025-02-05 00:00:00,19.966,20.264,19.732,19.977,3268297.77
2025-02-05 04:00:00,19.976,20.083,19.422,19.625,3469311.13
2025-02-05 08:00:00,19.624,20.089,19.387,19.992,3420488.8
2025-02-05 12:00:00,19.991,20.087,19.452,19.631,4704078.81
2025-02-05 16:00:00,19.631,19.703,18.955,19.454,5401676.75
2025-02-05 20:00:00,19.455,19.569,18.95,19.181,2912539.01
2025-02-06 00:00:00,19.181,19.574,19.036,19.49,2387082.42
2025-02-06 04:00:00,19.49,19.921,19.437,19.685,2269508.72
2025-02-06 08:00:00,19.685,19.904,19.467,19.701,2817238.17
2025-02-06 12:00:00,19.701,19.742,18.553,18.691,5605718.78
2025-02-06 16:00:00,18.691,18.865,18.394,18.504,4729839.31
2025-02-06 20:00:00,18.504,18.945,18.404,18.574,3100569.75
2025-02-07 00:00:00,18.574,19.045,18.55,18.802,2534588.77
2025-02-07 04:00:00,18.803,18.983,18.414,18.773,2584088.07
2025-02-07 08:00:00,18.774,19.377,18.686,19.279,2989380.09
2025-02-07 12:00:00,19.279,19.828,18.957,19.355,6697044.75
2025-02-07 16:00:00,19.356,19.375,18.588,18.718,4196574.8
2025-02-07 20:00:00,18.719,18.741,17.786,18.368,4894316.39
2025-02-08 00:00:00,18.368,18.614,18.185,18.219,2137801.86
2025-02-08 04:00:00,18.219,18.299,17.914,18.168,1704741.05
2025-02-08 08:00:00,18.168,18.222,17.9,18.055,1640765.12
2025-02-08 12:00:00,18.054,18.238,17.863,18.045,2504097.89
2025-02-08 16:00:00,18.045,18.439,17.874,18.324,2355968.06
2025-02-08 20:00:00,18.324,18.53,18.169,18.428,1433888.75
2025-02-09 00:00:00,18.428,18.998,18.245,18.903,2452909.5
2025-02-09 04:00:00,18.902,18.907,18.506,18.747,1676251.34
2025-02-09 08:00:00,18.747,18.885,18.535,18.543,1532550.95
2025-02-09 12:00:00,18.542,18.785,18.092,18.717,3102379.01
2025-02-09 16:00:00,18.716,18.935,18.345,18.363,2226032.58
2025-02-09 20:00:00,18.364,18.719,17.424,18.255,5843730.22
2025-02-10 00:00:00,18.254,18.638,17.652,18.357,5827834.9
2025-02-10 04:00:00,18.357,18.786,18.233,18.642,3011116.55
2025-02-10 08:00:00,18.642,18.974,18.616,18.739,2840561.77
2025-02-10 12:00:00,18.739,19.115,18.458,18.574,3894210.23
2025-02-10 16:00:00,18.574,18.936,18.479,18.829,2388094.35
2025-02-10 20:00:00,18.829,18.941,18.603,18.791,1401483.84
2025-02-11 00:00:00,18.792,19.362,18.756,19.32,2953974.87
2025-02-11 04:00:00,19.32,19.787,19.278,19.619,3185695.22
2025-02-11 08:00:00,19.619,19.735,19.324,19.548,2240863.76
2025-02-11 12:00:00,19.549,19.571,18.823,19.085,3812334.29
2025-02-11 16:00:00,19.085,19.168,18.209,18.432,4076674.67
2025-02-11 20:00:00,18.433,18.975,18.402,18.635,2736431.22
2025-02-12 00:00:00,18.635,18.877,18.399,18.462,2284323.93
2025-02-12 04:00:00,18.462,18.708,18.334,18.582,1775738.56
2025-02-12 08:00:00,18.581,18.765,18.384,18.535,1904952.71
2025-02-12 12:00:00,18.535,18.809,17.629,18.108,9199457.56
2025-02-12 16:00:00,18.109,18.882,17.935,18.832,4515154.54
2025-02-12 20:00:00,18.832,19.5,18.722,19.19,3195748.86
2025-02-13 00:00:00,19.192,19.324,18.972,19.222,1876689.61
2025-02-13 04:00:00,19.222,19.247,18.713,18.806,2498439.85
2025-02-13 08:00:00,18.808,18.879,18.545,18.674,2169752.73
2025-02-13 12:00:00,18.675,18.696,18.165,18.486,4670649.12
2025-02-13 16:00:00,18.485,18.612,18.185,18.339,2753554.33
2025-02-13 20:00:00,18.339,18.626,18.328,18.54,1639760.53
2025-02-14 00:00:00,18.541,18.956,18.434,18.934,1623350.49
2025-02-14 04:00:00,18.935,18.982,18.617,18.754,1489391.09
2025-02-14 08:00:00,18.754,19.342,18.664,19.026,3648645.55
2025-02-14 12:00:00,19.025,19.614,18.868,19.496,3807777.31
2025-02-14 16:00:00,19.496,19.84,19.178,19.508,3899660.91
2025-02-14 20:00:00,19.508,19.654,19.107,19.371,2556473.15
2025-02-15 00:00:00,19.373,19.598,19.179,19.408,1614702.42
2025-02-15 04:00:00,19.409,19.65,19.251,19.262,1985355.99
2025-02-15 08:00:00,19.263,19.387,19.012,19.108,2019214.36
2025-02-15 12:00:00,19.108,19.284,18.826,18.944,2281236.33
2025-02-15 16:00:00,18.943,19.036,18.78,18.868,1521880.36
2025-02-15 20:00:00,18.868,19.0,18.717,18.987,1299614.18
2025-02-16 00:00:00,18.988,19.108,18.685,18.84,1677864.23
2025-02-16 04:00:00,18.841,19.253,18.816,18.891,1964886.36
2025-02-16 08:00:00,18.891,19.15,18.823,19.148,1310856.32
2025-02-16 12:00:00,19.148,19.184,18.697,18.887,2096555.18
2025-02-16 16:00:00,18.887,19.116,18.533,18.818,2279009.34
2025-02-16 20:00:00,18.817,19.027,18.636,18.69,1768617.45
2025-02-17 00:00:00,18.69,19.001,18.614,18.808,1771199.56
2025-02-17 04:00:00,18.807,19.152,18.351,18.797,3571259.4
2025-02-17 08:00:00,18.797,19.494,18.708,19.349,3225493.68
2025-02-17 12:00:00,19.35,19.783,19.204,19.238,3445336.52
2025-02-17 16:00:00,19.236,19.38,18.698,19.062,4045968.18
2025-02-17 20:00:00,19.062,19.497,18.96,19.097,2515635.61
2025-02-18 00:00:00,19.097,19.188,18.762,18.855,2042467.3
2025-02-18 04:00:00,18.855,18.867,18.071,18.074,3967599.69
2025-02-18 08:00:00,18.075,18.29,17.843,17.985,3297536.4
2025-02-18 12:00:00,17.986,18.379,17.55,17.667,4554437.17
2025-02-18 16:00:00,17.668,17.802,17.273,17.6,4956054.08
2025-02-18 20:00:00,17.601,17.903,17.421,17.856,2632403.6
2025-02-19 00:00:00,17.855,17.99,17.516,17.83,2110848.01
2025-02-19 04:00:00,17.83,18.121,17.422,18.027,2600871.51
2025-02-19 08:00:00,18.026,18.124,17.872,18.11,2498174.05
2025-02-19 12:00:00,18.111,18.198,17.735,17.798,3538064.15
2025-02-19 16:00:00,17.799,18.06,17.713,17.902,2188338.87
2025-02-19 20:00:00,17.901,18.076,17.744,17.963,1793664.52
2025-02-20 00:00:00,17.964,18.358,17.882,18.313,2523549.99
2025-02-20 04:00:00,18.312,18.465,18.052,18.096,2346876.83
2025-02-20 08:00:00,18.097,18.188,17.82,18.128,2949495.8
2025-02-20 12:00:00,18.127,18.365,17.848,17.875,3531163.71
2025-02-20 16:00:00,17.874,18.423,17.848,18.325,2628953.68
2025-02-20 20:00:00,18.325,18.424,18.126,18.278,1558100.17
2025-02-21 00:00:00,18.278,18.317,18.04,18.083,1395376.0
2025-02-21 04:00:00,18.083,18.39,18.08,18.253,1331193.76
2025-02-21 08:00:00,18.253,18.74,18.208,18.562,3080071.57
2025-02-21 12:00:00,18.562,19.052,18.062,18.378,6274616.96
2025-02-21 16:00:00,18.377,18.541,17.118,17.272,7677738.49
2025-02-21 20:00:00,17.272,17.453,17.119,17.412,3201539.89
2025-02-22 00:00:00,17.412,17.664,17.295,17.452,1992965.02
2025-02-22 04:00:00,17.451,17.632,17.421,17.475,1530770.22
2025-02-22 08:00:00,17.476,17.709,17.412,17.601,1503359.56
2025-02-22 12:00:00,17.601,17.821,17.505,17.774,1896823.31
2025-02-22 16:00:00,17.773,18.019,17.742,17.859,1966488.7
2025-02-22 20:00:00,17.858,17.868,17.705,17.745,936819.43
2025-02-23 00:00:00,17.745,17.9,17.634,17.792,1657868.13
2025-02-23 04:00:00,17.792,18.115,17.736,18.109,1379417.43
2025-02-23 08:00:00,18.108,18.125,17.71,17.759,1564427.93
2025-02-23 12:00:00,17.759,17.839,17.429,17.461,2339946.97
2025-02-23 16:00:00,17.462,17.664,17.448,17.529,1364702.8
2025-02-23 20:00:00,17.529,17.733,17.417,17.604,1332562.94
2025-02-24 00:00:00,17.603,17.736,16.764,16.812,3774166.02
2025-02-24 04:00:00,16.812,16.969,16.461,16.856,3443671.95
2025-02-24 08:00:00,16.856,16.865,16.433,16.662,3449204.84
2025-02-24 12:00:00,16.661,16.764,16.041,16.211,4923067.05
2025-02-24 16:00:00,16.211,16.495,15.912,16.097,3582326.55
2025-02-24 20:00:00,16.098,16.282,14.94,15.249,7926706.98
2025-02-25 00:00:00,15.248,15.41,14.833,15.115,6231381.99
2025-02-25 04:00:00,15.116,15.265,14.019,14.518,11705091.83
2025-02-25 08:00:00,14.519,14.9,14.24,14.836,8333373.53
2025-02-25 12:00:00,14.837,14.993,14.395,14.739,7102142.21
2025-02-25 16:00:00,14.74,15.125,14.503,15.104,4753828.26
2025-02-25 20:00:00,15.104,15.573,14.975,15.306,3802338.71
2025-02-26 00:00:00,15.306,15.548,15.088,15.381,2729236.83
2025-02-26 04:00:00,15.38,15.514,15.148,15.293,2624386.98
2025-02-26 08:00:00,15.292,15.632,15.137,15.514,3915218.53
2025-02-26 12:00:00,15.515,15.77,14.966,15.53,5883680.03
2025-02-26 16:00:00,15.531,15.603,14.682,14.88,6825711.96
2025-02-26 20:00:00,14.88,15.705,14.662,15.249,5100802.78
2025-02-27 00:00:00,15.249,15.462,15.05,15.29,2576901.8
2025-02-27 04:00:00,15.292,15.687,15.121,15.603,2620169.38
2025-02-27 08:00:00,15.604,15.767,15.438,15.609,2656704.29
2025-02-27 12:00:00,15.61,15.744,15.18,15.38,4979655.61
2025-02-27 16:00:00,15.38,15.494,15.009,15.085,2308715.74
2025-02-27 20:00:00,15.086,15.211,14.767,15.103,3003629.96
2025-02-28 00:00:00,15.103,15.186,13.816,13.872,8931991.99
2025-02-28 04:00:00,13.874,13.984,13.466,13.662,6920049.77
2025-02-28 08:00:00,13.661,14.049,13.449,13.761,5056431.37
2025-02-28 12:00:00,13.76,14.716,13.663,14.606,6108874.88
2025-02-28 16:00:00,14.605,14.848,14.48,14.758,3315873.16
2025-02-28 20:00:00,14.759,14.865,14.583,14.81,2247116.66
2025-03-01 00:00:00,14.81,14.946,14.562,14.8,2318799.77
2025-03-01 04:00:00,14.799,15.0,14.512,14.538,2707859.13
2025-03-01 08:00:00,14.538,14.856,14.397,14.445,2673198.29
2025-03-01 12:00:00,14.445,14.556,14.217,14.476,2654960.23
2025-03-01 16:00:00,14.477,14.905,14.415,14.88,2503200.39
2025-03-01 20:00:00,14.879,15.135,14.74,14.751,2676388.78
2025-03-02 00:00:00,14.751,14.909,14.648,14.851,2159708.4
2025-03-02 04:00:00,14.85,14.921,14.721,14.747,1355726.39
2025-03-02 08:00:00,14.746,14.907,14.672,14.765,1494598.02
2025-03-02 12:00:00,14.764,15.521,14.402,15.26,7194724.33
2025-03-02 16:00:00,15.26,17.356,15.238,16.949,14476525.05
2025-03-02 20:00:00,16.948,17.532,16.888,17.407,4089461.54
2025-03-03 00:00:00,17.407,17.483,16.548,16.795,3990465.35
2025-03-03 04:00:00,16.794,16.965,16.082,16.476,3387234.56
2025-03-03 08:00:00,16.476,16.5,15.935,16.303,3616768.03
2025-03-03 12:00:00,16.303,16.873,16.066,16.252,7191382.8
2025-03-03 16:00:00,16.252,16.435,14.673,14.742,10122367.99
2025-03-03 20:00:00,14.742,14.922,14.361,14.445,6405992.2
2025-03-04 00:00:00,14.445,14.588,13.404,13.758,11139593.95
2025-03-04 04:00:00,13.759,14.105,13.714,13.795,4111329.32
2025-03-04 08:00:00,13.796,13.967,13.663,13.785,3489304.41
2025-03-04 12:00:00,13.785,14.23,13.329,13.823,10818276.33
2025-03-04 16:00:00,13.824,14.521,13.063,14.503,9095465.17
2025-03-04 20:00:00,14.503,15.345,14.302,14.855,8832266.29
2025-03-05 00:00:00,14.855,15.09,14.624,14.815,3640184.1
2025-03-05 04:00:00,14.816,15.45,14.812,15.44,3621300.42
2025-03-05 08:00:00,15.44,16.492,15.356,16.064,8967550.86
2025-03-05 12:00:00,16.063,16.172,15.551,15.684,6380932.85
2025-03-05 16:00:00,15.684,16.426,15.565,16.333,6159135.07
2025-03-05 20:00:00,16.338,16.581,16.264,16.411,3341035.43
2025-03-06 00:00:00,16.413,17.336,16.369,17.214,6007331.07
2025-03-06 04:00:00,17.215,17.383,16.864,16.899,4407509.32
2025-03-06 08:00:00,16.899,17.66,16.847,17.482,6384360.53
2025-03-06 12:00:00,17.483,17.541,16.602,17.233,9211789.03
2025-03-06 16:00:00,17.234,17.338,16.527,16.802,5509733.82
2025-03-06 20:00:00,16.802,17.284,16.758,17.046,4087211.48
2025-03-07 00:00:00,17.045,17.224,15.862,16.163,10106116.21
2025-03-07 04:00:00,16.164,17.175,16.151,17.174,4938539.15
2025-03-07 08:00:00,17.175,17.369,16.783,17.136,4969078.92
2025-03-07 12:00:00,17.135,17.528,16.758,16.914,8625208.2
2025-03-07 16:00:00,16.913,16.993,16.124,16.627,8347953.49
2025-03-07 20:00:00,16.627,16.762,15.722,15.928,6860759.13
2025-03-08 00:00:00,15.929,16.024,15.417,15.683,3785492.92
2025-03-08 04:00:00,15.683,15.853,15.518,15.54,2040954.65
2025-03-08 08:00:00,15.539,15.561,15.239,15.321,3851622.79
2025-03-08 12:00:00,15.322,15.576,15.177,15.294,3078413.26
2025-03-08 16:00:00,15.294,15.566,15.106,15.53,2963353.52
2025-03-08 20:00:00,15.53,15.543,15.181,15.253,1572874.62
2025-03-09 00:00:00,15.253,15.356,15.009,15.255,2597392.4
2025-03-09 04:00:00,15.255,15.35,15.078,15.119,1545550.21
2025-03-09 08:00:00,15.12,15.121,14.622,14.687,3279383.35
2025-03-09 12:00:00,14.686,14.699,14.242,14.298,4673321.45
2025-03-09 16:00:00,14.297,14.363,13.634,13.978,7267159.82
2025-03-09 20:00:00,13.978,14.119,13.587,13.795,3910934.36
2025-03-10 00:00:00,13.795,14.22,13.646,14.122,4929300.88
2025-03-10 04:00:00,14.121,14.324,13.972,14.081,2977630.63
2025-03-10 08:00:00,14.082,14.56,13.812,14.253,5334812.36
2025-03-10 12:00:00,14.253,14.35,13.238,13.475,8788330.41
2025-03-10 16:00:00,13.475,13.538,12.409,12.807,9206769.73
2025-03-10 20:00:00,12.807,13.0,12.582,12.653,4534203.62
2025-03-11 00:00:00,12.652,12.829,11.839,12.43,9957277.16
2025-03-11 04:00:00,12.431,12.947,12.397,12.722,4878074.72
2025-03-11 08:00:00,12.721,13.184,12.648,13.041,4947176.69
2025-03-11 12:00:00,13.041,13.202,12.36,12.988,10085223.34
2025-03-11 16:00:00,12.986,13.644,12.787,13.593,6725551.0
2025-03-11 20:00:00,13.591,13.644,13.079,13.132,2981740.34
2025-03-12 00:00:00,13.131,13.482,12.816,12.832,4477772.03
2025-03-12 04:00:00,12.831,13.117,12.641,13.076,4516921.92
2025-03-12 08:00:00,13.076,13.406,12.989,13.359,4649826.04
2025-03-12 12:00:00,13.358,13.804,12.766,13.063,7834521.4
2025-03-12 16:00:00,13.063,13.364,13.017,13.265,4552001.6
2025-03-12 20:00:00,13.265,13.51,13.198,13.479,2509385.04
2025-03-13 00:00:00,13.478,13.533,13.219,13.279,3268261.59
2025-03-13 04:00:00,13.279,13.329,13.041,13.122,2879594.37
2025-03-13 08:00:00,13.124,13.49,12.974,13.438,3888883.67
2025-03-13 12:00:00,13.437,13.594,12.961,13.02,5801537.83
2025-03-13 16:00:00,13.018,13.052,12.71,12.823,4007888.58
2025-03-13 20:00:00,12.822,13.205,12.726,13.035,2491009.05
2025-03-14 00:00:00,13.034,13.353,12.983,13.263,2179580.56
2025-03-14 04:00:00,13.263,13.438,13.238,13.34,2080853.3
2025-03-14 08:00:00,13.34,14.44,13.305,14.09,27284393.86
2025-03-14 12:00:00,14.091,14.673,13.943,14.364,10045093.12
2025-03-14 16:00:00,14.365,14.682,13.885,13.923,8732645.58
2025-03-14 20:00:00,13.922,13.952,13.6,13.656,7051906.71
2025-03-15 00:00:00,13.655,14.077,13.624,14.006,3868640.62
2025-03-15 04:00:00,14.006,14.242,13.712,13.79,4318792.8
2025-03-15 08:00:00,13.79,14.082,13.741,14.034,2833417.79
2025-03-15 12:00:00,14.034,14.129,13.9,14.033,3008146.79
2025-03-15 16:00:00,14.034,14.147,13.944,14.044,2197084.84
2025-03-15 20:00:00,14.043,14.159,13.993,14.006,1736052.35
2025-03-16 00:00:00,14.007,14.03,13.764,13.97,2443585.08
2025-03-16 04:00:00,13.97,14.173,13.966,14.148,2041570.6
2025-03-16 08:00:00,14.148,14.183,13.473,13.511,4211987.93
2025-03-16 12:00:00,13.512,13.647,13.321,13.47,3642946.82
2025-03-16 16:00:00,13.468,13.787,13.351,13.405,3817502.07
2025-03-16 20:00:00,13.405,13.508,13.201,13.358,2208467.73
2025-03-17 00:00:00,13.358,13.749,13.329,13.68,2386293.51
2025-03-17 04:00:00,13.68,13.829,13.47,13.765,3009719.41
2025-03-17 08:00:00,13.766,13.881,13.651,13.79,2551517.24
2025-03-17 12:00:00,13.79,13.933,13.536,13.752,4224466.28
2025-03-17 16:00:00,13.752,14.202,13.644,14.112,3354895.13
2025-03-17 20:00:00,14.112,14.235,13.956,14.021,2101305.9
2025-03-18 00:00:00,14.021,14.093,13.731,13.817,2545697.88
2025-03-18 04:00:00,13.818,14.208,13.789,14.13,3627776.43
2025-03-18 08:00:00,14.129,14.268,13.678,13.706,3468379.59
2025-03-18 12:00:00,13.707,13.843,13.527,13.586,3612939.78
2025-03-18 16:00:00,13.587,13.745,13.445,13.702,2736754.5
2025-03-18 20:00:00,13.702,13.947,13.573,13.909,2070760.67
2025-03-19 00:00:00,13.909,14.077,13.763,13.99,2329990.38
2025-03-19 04:00:00,13.991,14.01,13.834,13.847,1620837.69
2025-03-19 08:00:00,13.846,14.494,13.841,14.458,3819146.75
2025-03-19 12:00:00,14.457,14.679,14.281,14.608,5182325.78
2025-03-19 16:00:00,14.608,14.661,14.191,14.469,5091520.41
2025-03-19 20:00:00,14.47,15.036,14.45,15.013,3620484.16
2025-03-20 00:00:00,15.013,15.164,14.696,14.712,2780074.32
2025-03-20 04:00:00,14.712,14.778,14.577,14.622,1696766.43
2025-03-20 08:00:00,14.623,14.802,14.361,14.491,2618687.56
2025-03-20 12:00:00,14.49,14.743,14.31,14.343,3615072.09
2025-03-20 16:00:00,14.343,14.42,14.072,14.164,3464429.03
2025-03-20 20:00:00,14.165,14.275,14.099,14.211,1304454.53
2025-03-21 00:00:00,14.21,14.377,14.121,14.126,1875355.64
2025-03-21 04:00:00,14.125,14.261,14.039,14.188,1709742.59
2025-03-21 08:00:00,14.189,14.272,13.941,14.058,2366711.44
2025-03-21 12:00:00,14.058,14.128,13.83,13.869,2905286.62
2025-03-21 16:00:00,13.868,14.104,13.81,13.985,1920097.89
2025-03-21 20:00:00,13.983,14.171,13.916,13.949,1391402.82
2025-03-22 00:00:00,13.949,14.125,13.921,14.061,1226906.85
2025-03-22 04:00:00,14.061,14.149,14.043,14.065,1031117.37
2025-03-22 08:00:00,14.065,14.29,14.03,14.193,1799113.25
2025-03-22 12:00:00,14.193,14.333,14.116,14.217,1631181.33
2025-03-22 16:00:00,14.217,14.488,14.195,14.457,1699299.7
2025-03-22 20:00:00,14.457,14.492,14.145,14.242,1560759.33
2025-03-23 00:00:00,14.242,14.459,14.199,14.458,1674964.78
2025-03-23 04:00:00,14.458,14.466,14.263,14.281,1306884.61
2025-03-23 08:00:00,14.28,14.473,14.234,14.372,2259990.56
2025-03-23 12:00:00,14.372,14.485,14.273,14.422,1914089.87
2025-03-23 16:00:00,14.421,14.436,14.225,14.35,1812354.32
2025-03-23 20:00:00,14.349,14.464,14.223,14.461,1346306.68
2025-03-24 00:00:00,14.461,14.696,14.139,14.656,4185521.46
2025-03-24 04:00:00,14.657,15.152,14.657,15.019,3696404.09
2025-03-24 08:00:00,15.018,15.306,15.015,15.189,2737357.36
2025-03-24 12:00:00,15.19,15.406,15.042,15.202,4668339.88
2025-03-24 16:00:00,15.203,15.239,14.982,15.153,2422315.42
2025-03-24 20:00:00,15.152,15.25,14.988,15.121,1360445.89
2025-03-25 00:00:00,15.122,15.238,14.862,14.896,2481009.1
2025-03-25 04:00:00,14.896,15.246,14.861,15.195,1879661.7
2025-03-25 08:00:00,15.195,15.488,15.188,15.437,2483322.76
2025-03-25 12:00:00,15.437,15.584,15.271,15.32,2919847.46
2025-03-25 16:00:00,15.321,15.511,15.277,15.459,1871515.97
2025-03-25 20:00:00,15.459,15.608,15.32,15.428,1791812.35
2025-03-26 00:00:00,15.428,15.615,15.23,15.304,2133866.75
2025-03-26 04:00:00,15.303,15.942,15.293,15.907,2596765.26
2025-03-26 08:00:00,15.906,15.994,15.78,15.861,2018436.24
2025-03-26 12:00:00,15.861,15.875,15.213,15.288,4066096.28
2025-03-26 16:00:00,15.288,15.464,14.936,15.15,2955531.31
2025-03-26 20:00:00,15.149,15.3,15.023,15.241,1793170.89
2025-03-27 00:00:00,15.24,15.776,15.16,15.716,2334265.61
2025-03-27 04:00:00,15.718,15.736,15.505,15.627,1764255.71
2025-03-27 08:00:00,15.626,15.73,15.482,15.5,2099157.54
2025-03-27 12:00:00,15.499,15.793,15.249,15.554,4557948.16
2025-03-27 16:00:00,15.554,15.623,15.291,15.473,2220003.53
2025-03-27 20:00:00,15.473,15.676,15.392,15.513,1258082.34
2025-03-28 00:00:00,15.513,15.582,15.246,15.334,2486227.35
2025-03-28 04:00:00,15.334,15.387,14.416,14.472,5281619.2
2025-03-28 08:00:00,14.472,14.516,14.181,14.374,3671426.0
2025-03-28 12:00:00,14.374,14.459,14.14,14.155,3857668.97
2025-03-28 16:00:00,14.155,14.215,13.991,14.062,2527466.71
2025-03-28 20:00:00,14.063,14.321,14.016,14.244,1933841.9
2025-03-29 00:00:00,14.245,14.403,14.042,14.24,1858711.73
2025-03-29 04:00:00,14.241,14.287,13.839,13.898,2216686.17
2025-03-29 08:00:00,13.898,14.025,13.536,13.648,3447776.49
2025-03-29 12:00:00,13.649,13.832,13.59,13.633,2162299.52
2025-03-29 16:00:00,13.634,13.692,13.37,13.577,3087721.28
2025-03-29 20:00:00,13.578,13.578,13.364,13.544,1440686.19
2025-03-30 00:00:00,13.545,13.785,13.387,13.663,2354046.73
2025-03-30 04:00:00,13.662,13.771,13.584,13.659,1611974.5
2025-03-30 08:00:00,13.66,13.856,13.634,13.718,2009813.63
2025-03-30 12:00:00,13.718,13.781,13.455,13.595,2455611.69
2025-03-30 16:00:00,13.595,13.713,13.369,13.596,2283802.91
2025-03-30 20:00:00,13.597,13.619,13.183,13.408,3052963.22
2025-03-31 00:00:00,13.409,13.528,13.111,13.244,2849223.22
2025-03-31 04:00:00,13.247,13.444,13.12,13.207,2744334.4
2025-03-31 08:00:00,13.206,13.303,12.949,13.221,3648006.76
2025-03-31 12:00:00,13.221,13.687,13.127,13.545,4608990.64
2025-03-31 16:00:00,13.545,13.703,13.405,13.522,2546375.79
2025-03-31 20:00:00,13.522,13.64,13.43,13.501,1664962.12
2025-04-01 00:00:00,13.501,13.76,13.482,13.633,1940990.41
2025-04-01 04:00:00,13.634,13.785,13.569,13.726,1618693.95
2025-04-01 08:00:00,13.727,14.084,13.724,13.944,3408379.03
2025-04-01 12:00:00,13.943,14.384,13.678,14.304,4727770.66
2025-04-01 16:00:00,14.303,14.391,14.107,14.177,2591438.17
2025-04-01 20:00:00,14.176,14.265,14.019,14.038,1520298.81
2025-04-02 00:00:00,14.037,14.042,13.639,13.737,3037285.33
2025-04-02 04:00:00,13.737,13.867,13.332,13.385,4292819.76
2025-04-02 08:00:00,13.384,13.691,13.315,13.489,3059225.82
2025-04-02 12:00:00,13.49,14.19,13.354,14.05,9495312.43
2025-04-02 16:00:00,14.05,14.157,13.717,13.989,4120041.68
2025-04-02 20:00:00,13.989,14.398,12.8,12.894,9563704.73
2025-04-03 00:00:00,12.893,13.296,12.831,13.19,3720168.37
2025-04-03 04:00:00,13.191,13.273,12.866,12.946,2550302.99
2025-04-03 08:00:00,12.945,13.063,12.683,12.812,3507271.6
2025-04-03 12:00:00,12.812,12.824,12.293,12.55,7607014.65
2025-04-03 16:00:00,12.551,12.709,12.409,12.639,2881305.57
2025-04-03 20:00:00,12.64,12.9,12.596,12.891,2207008.12
2025-04-04 00:00:00,12.892,12.948,12.649,12.706,2433689.9
2025-04-04 04:00:00,12.705,13.1,12.594,13.065,3136903.54
2025-04-04 08:00:00,13.065,13.183,12.345,12.553,6080775.67
2025-04-04 12:00:00,12.552,12.921,12.432,12.729,7419740.87
2025-04-04 16:00:00,12.729,13.069,12.659,12.919,4557206.38
2025-04-04 20:00:00,12.918,13.084,12.858,12.938,1747501.55
2025-04-05 00:00:00,12.938,13.032,12.836,12.846,1530448.9
2025-04-05 04:00:00,12.846,12.918,12.775,12.872,1231696.06
2025-04-05 08:00:00,12.873,13.047,12.82,12.88,1976386.85
2025-04-05 12:00:00,12.881,12.919,12.566,12.622,2689373.48
2025-04-05 16:00:00,12.623,12.713,12.592,12.608,1315301.81
2025-04-05 20:00:00,12.608,12.869,12.57,12.838,1261281.43
2025-04-06 00:00:00,12.838,12.946,12.709,12.78,1473239.62
2025-04-06 04:00:00,12.78,12.825,12.621,12.646,1213532.46
2025-04-06 08:00:00,12.647,12.699,12.534,12.602,1634491.95
2025-04-06 12:00:00,12.602,12.643,12.056,12.309,5406202.31
2025-04-06 16:00:00,12.308,12.332,11.431,11.572,9823292.95
2025-04-06 20:00:00,11.571,11.631,10.998,11.279,9174571.77
2025-04-07 00:00:00,11.279,11.51,10.794,10.927,7196903.57
2025-04-07 04:00:00,10.926,11.151,10.1,10.346,12873877.14
2025-04-07 08:00:00,10.345,10.945,10.295,10.698,8544328.81
2025-04-07 12:00:00,10.699,11.871,10.657,11.28,18937619.59
2025-04-07 16:00:00,11.28,11.497,11.078,11.324,9373798.73
2025-04-07 20:00:00,11.324,11.658,11.319,11.448,3126152.13
2025-04-08 00:00:00,11.447,11.863,11.352,11.637,4224177.05
2025-04-08 04:00:00,11.638,11.857,11.506,11.601,4147336.09
2025-04-08 08:00:00,11.601,11.801,11.418,11.776,4866028.04
2025-04-08 12:00:00,11.776,11.884,11.366,11.418,6931288.24
2025-04-08 16:00:00,11.417,11.44,10.836,10.906,9055785.32
2025-04-08 20:00:00,10.907,11.084,10.774,10.918,4666615.29
2025-04-09 00:00:00,10.917,11.005,10.437,10.684,7291011.32
2025-04-09 04:00:00,10.682,11.496,10.661,11.374,9921931.04
2025-04-09 08:00:00,11.373,11.483,11.095,11.176,4764093.67
2025-04-09 12:00:00,11.175,11.488,11.045,11.367,5626391.17
2025-04-09 16:00:00,11.368,12.749,11.338,12.6,12055585.65
2025-04-09 20:00:00,12.601,12.819,12.597,12.652,3347808.67
2025-04-10 00:00:00,12.651,12.664,12.158,12.313,3718357.91
2025-04-10 04:00:00,12.312,12.492,12.226,12.318,3065158.81
2025-04-10 08:00:00,12.318,12.442,12.26,12.396,2229633.57
2025-04-10 12:00:00,12.395,12.6,11.77,11.822,7473102.9
2025-04-10 16:00:00,11.822,12.093,11.667,11.991,5214226.96
2025-04-10 20:00:00,11.99,12.118,11.975,12.067,1857325.23
2025-04-11 00:00:00,12.066,12.475,12.02,12.389,3633127.46
2025-04-11 04:00:00,12.39,12.527,12.317,12.389,2255623.53
2025-04-11 08:00:00,12.389,12.695,12.321,12.465,3610995.23
2025-04-11 12:00:00,12.466,12.665,12.361,12.545,3759738.11
2025-04-11 16:00:00,12.546,12.803,12.451,12.703,2607504.36
2025-04-11 20:00:00,12.702,12.899,12.583,12.639,1905100.81
2025-04-12 00:00:00,12.639,12.692,12.464,12.54,1573999.04
2025-04-12 04:00:00,12.539,12.784,12.496,12.764,1662184.65
2025-04-12 08:00:00,12.764,12.941,12.66,12.734,2080632.83
2025-04-12 12:00:00,12.734,13.259,12.707,13.118,4674224.78
2025-04-12 16:00:00,13.116,13.172,12.96,13.078,2407291.5
2025-04-12 20:00:00,13.079,13.279,13.071,13.142,2332202.73
2025-04-13 00:00:00,13.142,13.223,12.976,13.037,2077501.3
2025-04-13 04:00:00,13.037,13.046,12.865,12.918,1689403.24
2025-04-13 08:00:00,12.918,13.157,12.778,12.784,2837086.22
2025-04-13 12:00:00,12.783,12.902,12.593,12.672,3396584.86
2025-04-13 16:00:00,12.671,13.224,12.468,12.665,5276836.32
2025-04-13 20:00:00,12.666,12.807,12.417,12.616,3638399.13
2025-04-14 00:00:00,12.617,13.152,12.573,12.773,4437915.12
2025-04-14 04:00:00,12.774,12.906,12.562,12.724,2476992.77
2025-04-14 08:00:00,12.725,13.238,12.686,13.146,3426860.62
2025-04-14 12:00:00,13.147,13.228,12.655,12.708,5143801.97
2025-04-14 16:00:00,12.706,13.01,12.635,12.861,3608325.94
2025-04-14 20:00:00,12.862,12.877,12.569,12.632,2132269.58
2025-04-15 00:00:00,12.631,12.748,12.515,12.724,2925776.46
2025-04-15 04:00:00,12.725,12.791,12.603,12.722,2851391.11
2025-04-15 08:00:00,12.722,12.786,12.502,12.585,2788068.26
2025-04-15 12:00:00,12.584,12.823,12.281,12.365,5695541.29
2025-04-15 16:00:00,12.365,12.441,12.248,12.357,2795972.17
2025-04-15 20:00:00,12.357,12.435,12.205,12.229,2184411.94
2025-04-16 00:00:00,12.23,12.418,12.167,12.389,2569344.18
2025-04-16 04:00:00,12.39,12.434,12.124,12.153,2685783.78
2025-04-16 08:00:00,12.153,12.304,12.039,12.172,2662389.63
2025-04-16 12:00:00,12.172,12.52,12.029,12.315,3897601.41
2025-04-16 16:00:00,12.315,12.484,11.892,12.38,6203944.87
2025-04-16 20:00:00,12.38,12.51,12.26,12.349,2676589.35
2025-04-17 00:00:00,12.349,12.502,12.294,12.38,1764973.7
2025-04-17 04:00:00,12.379,12.687,12.343,12.598,2400244.86
2025-04-17 08:00:00,12.598,12.62,12.384,12.436,2789444.92
2025-04-17 12:00:00,12.437,12.535,12.193,12.435,3521885.8
2025-04-17 16:00:00,12.435,12.697,12.374,12.484,3806855.24
2025-04-17 20:00:00,12.485,12.62,12.477,12.53,1327662.5
2025-04-18 00:00:00,12.53,12.576,12.395,12.558,1755510.82
2025-04-18 04:00:00,12.558,12.686,12.516,12.635,1521556.05
2025-04-18 08:00:00,12.635,12.717,12.585,12.621,1805507.91
2025-04-18 12:00:00,12.622,12.645,12.453,12.506,2721716.32
2025-04-18 16:00:00,12.506,12.644,12.492,12.626,1297544.27
2025-04-18 20:00:00,12.625,12.652,12.505,12.555,1065772.62
2025-04-19 00:00:00,12.555,12.766,12.529,12.713,1529121.65
2025-04-19 04:00:00,12.713,12.884,12.708,12.855,2296894.31
2025-04-19 08:00:00,12.856,12.924,12.744,12.752,1566554.61
2025-04-19 12:00:00,12.752,12.83,12.704,12.746,1560214.94
2025-04-19 16:00:00,12.746,13.006,12.69,12.93,2279232.16
2025-04-19 20:00:00,12.929,13.05,12.899,12.931,1017040.8
2025-04-20 00:00:00,12.93,13.038,12.903,13.029,1317563.48
2025-04-20 04:00:00,13.03,13.096,12.869,12.973,1788253.33
2025-04-20 08:00:00,12.972,13.136,12.871,12.904,3276908.75
2025-04-20 12:00:00,12.904,13.205,12.899,13.104,2750370.36
2025-04-20 16:00:00,13.103,13.446,13.047,13.4,2871491.92
2025-04-20 20:00:00,13.4,13.595,13.239,13.277,2525939.74
2025-04-21 00:00:00,13.278,13.649,13.255,13.526,3336962.48
2025-04-21 04:00:00,13.526,13.642,13.455,13.635,2051481.73
2025-04-21 08:00:00,13.636,13.687,13.379,13.439,2616333.32
2025-04-21 12:00:00,13.44,13.576,13.317,13.355,3094562.24
2025-04-21 16:00:00,13.355,13.378,12.956,13.124,4082696.53
2025-04-21 20:00:00,13.124,13.144,13.006,13.093,1508942.52
2025-04-22 00:00:00,13.092,13.304,12.851,13.115,2859348.37
2025-04-22 04:00:00,13.115,13.331,13.002,13.279,2411378.95
2025-04-22 08:00:00,13.277,13.515,13.237,13.439,2897858.9
2025-04-22 12:00:00,13.439,14.076,13.393,13.849,5959704.78
2025-04-22 16:00:00,13.849,13.92,13.713,13.845,2537604.58
2025-04-22 20:00:00,13.845,14.185,13.768,14.129,3300131.93
2025-04-23 00:00:00,14.129,14.418,14.013,14.417,3236300.69
2025-04-23 04:00:00,14.417,14.756,14.344,14.733,3455996.53
2025-04-23 08:00:00,14.733,15.146,14.689,15.004,4514156.73
2025-04-23 12:00:00,15.004,15.275,14.586,14.843,7367233.09
2025-04-23 16:00:00,14.843,15.038,14.712,14.855,3272665.74
2025-04-23 20:00:00,14.854,15.149,14.844,15.01,1856751.59
2025-04-24 00:00:00,15.011,15.11,14.559,14.564,3068045.82
2025-04-24 04:00:00,14.564,14.625,14.266,14.313,3664939.3
2025-04-24 08:00:00,14.314,14.449,14.153,14.428,3267206.66
2025-04-24 12:00:00,14.427,15.146,14.356,14.866,4865328.19
2025-04-24 16:00:00,14.867,15.068,14.713,14.944,3730892.14
2025-04-24 20:00:00,14.943,15.098,14.838,15.053,1945211.17
2025-04-25 00:00:00,15.053,15.195,14.701,14.971,3175416.68
2025-04-25 04:00:00,14.97,15.284,14.84,15.104,3056042.09
2025-04-25 08:00:00,15.104,15.295,14.976,15.144,4159092.26
2025-04-25 12:00:00,15.144,15.349,14.81,15.188,6266711.68
2025-04-25 16:00:00,15.187,15.239,14.925,15.051,2753277.18
2025-04-25 20:00:00,15.052,15.075,14.871,14.912,1425416.58
2025-04-26 00:00:00,14.913,15.277,14.913,15.087,2040088.04
2025-04-26 04:00:00,15.086,15.212,14.95,15.081,1758584.45
2025-04-26 08:00:00,15.08,15.254,14.727,14.762,3205574.07
2025-04-26 12:00:00,14.763,14.925,14.664,14.908,2610061.14
2025-04-26 16:00:00,14.908,14.947,14.777,14.879,1533397.52
2025-04-26 20:00:00,14.878,14.962,14.779,14.858,1285146.22
2025-04-27 00:00:00,14.858,15.086,14.588,14.74,3481845.75
2025-04-27 04:00:00,14.74,14.829,14.424,14.546,2505542.21
2025-04-27 08:00:00,14.547,14.653,14.489,14.514,1284140.93
2025-04-27 12:00:00,14.513,14.64,14.346,14.466,2744803.52
2025-04-27 16:00:00,14.466,14.811,14.377,14.804,2081233.56
2025-04-27 20:00:00,14.805,14.812,14.545,14.548,1489648.04
2025-04-28 00:00:00,14.548,14.858,14.232,14.831,4141757.35
2025-04-28 04:00:00,14.832,15.027,14.732,15.009,2916621.76
2025-04-28 08:00:00,15.01,15.1,14.79,14.96,3084704.6
2025-04-28 12:00:00,14.959,14.967,14.433,14.537,3648542.77
2025-04-28 16:00:00,14.537,15.007,14.403,14.947,3262313.29
2025-04-28 20:00:00,14.946,15.102,14.79,15.018,1888611.39
2025-04-29 00:00:00,15.018,15.233,14.925,15.058,3018147.71
2025-04-29 04:00:00,15.057,15.195,14.835,15.159,2246254.85
2025-04-29 08:00:00,15.159,15.218,14.987,15.018,2570314.26
2025-04-29 12:00:00,15.019,15.034,14.828,14.893,2899296.12
2025-04-29 16:00:00,14.892,15.004,14.767,14.856,2020966.45
2025-04-29 20:00:00,14.855,14.886,14.466,14.589,2489480.21
2025-04-30 00:00:00,14.588,14.746,14.488,14.709,1529635.96
2025-04-30 04:00:00,14.709,14.727,14.451,14.518,1175667.1
2025-04-30 08:00:00,14.518,14.661,14.45,14.62,1399516.01
2025-04-30 12:00:00,14.62,14.622,13.813,14.115,5908313.72
2025-04-30 16:00:00,14.114,14.367,13.984,14.202,2360002.27
2025-04-30 20:00:00,14.204,14.423,14.191,14.284,1488764.39
2025-05-01 00:00:00,14.284,14.671,14.283,14.528,1953906.03
2025-05-01 04:00:00,14.528,14.743,14.474,14.715,1473565.33
2025-05-01 08:00:00,14.716,15.018,14.694,14.976,2725769.3
2025-05-01 12:00:00,14.975,15.034,14.7,14.858,3256448.62
2025-05-01 16:00:00,14.857,15.008,14.822,14.839,1854538.93
2025-05-01 20:00:00,14.837,14.948,14.724,14.739,1543395.26
2025-05-02 00:00:00,14.739,15.025,14.688,14.866,2638144.29
2025-05-02 04:00:00,14.867,14.897,14.545,14.556,1893822.08
2025-05-02 08:00:00,14.557,14.759,14.546,14.586,1693117.55
2025-05-02 12:00:00,14.585,14.863,14.482,14.773,3350054.92
2025-05-02 16:00:00,14.773,15.012,14.602,14.632,2189867.86
2025-05-02 20:00:00,14.632,14.796,14.565,14.65,1234576.23
2025-05-03 00:00:00,14.65,14.662,14.484,14.519,1207763.62
2025-05-03 04:00:00,14.518,14.539,14.353,14.385,1355458.05
2025-05-03 08:00:00,14.385,14.417,14.27,14.295,1556547.68
2025-05-03 12:00:00,14.294,14.52,14.292,14.411,1660658.49
2025-05-03 16:00:00,14.411,14.417,14.144,14.365,2089262.83
2025-05-03 20:00:00,14.365,14.438,14.222,14.241,1472793.97
2025-05-04 00:00:00,14.24,14.36,14.145,14.17,1649173.9
2025-05-04 04:00:00,14.17,14.256,14.058,14.118,1603840.54
2025-05-04 08:00:00,14.119,14.125,13.965,14.04,1801510.19
2025-05-04 12:00:00,14.039,14.172,13.981,14.095,1647944.55
2025-05-04 16:00:00,14.095,14.125,13.955,14.014,1520087.76
2025-05-04 20:00:00,14.014,14.184,13.8,13.848,2225054.0
2025-05-05 00:00:00,13.849,14.015,13.754,13.875,2406149.65
2025-05-05 04:00:00,13.876,14.193,13.842,14.107,1930658.7
2025-05-05 08:00:00,14.108,14.145,13.651,13.728,3428258.07
2025-05-05 12:00:00,13.728,13.815,13.516,13.558,3990960.14
2025-05-05 16:00:00,13.557,13.807,13.541,13.625,2269857.57
2025-05-05 20:00:00,13.626,13.756,13.47,13.632,1901326.13
2025-05-06 00:00:00,13.633,13.672,13.393,13.586,2025489.15
2025-05-06 04:00:00,13.587,13.621,13.486,13.515,1428162.93
2025-05-06 08:00:00,13.515,13.517,13.218,13.281,2810171.96
2025-05-06 12:00:00,13.281,13.496,13.198,13.375,2942639.53
2025-05-06 16:00:00,13.376,13.686,13.311,13.606,2619151.16
2025-05-06 20:00:00,13.606,13.881,13.319,13.816,3865154.06
2025-05-07 00:00:00,13.816,14.077,13.775,13.916,3471294.86
2025-05-07 04:00:00,13.917,13.995,13.652,13.917,2499945.29
2025-05-07 08:00:00,13.917,13.977,13.807,13.855,2432744.32
2025-05-07 12:00:00,13.856,13.869,13.568,13.585,2546551.2
2025-05-07 16:00:00,13.585,13.7,13.454,13.549,4129126.25
2025-05-07 20:00:00,13.55,13.908,13.524,13.81,1887279.28
2025-05-08 00:00:00,13.81,14.497,13.8,14.485,4363816.92
2025-05-08 04:00:00,14.484,14.726,14.459,14.678,3607003.22
2025-05-08 08:00:00,14.678,14.96,14.665,14.884,3563877.18
2025-05-08 12:00:00,14.885,15.415,14.794,15.22,6412831.69
2025-05-08 16:00:00,15.219,15.599,15.164,15.535,5717528.54
2025-05-08 20:00:00,15.536,15.99,15.469,15.883,5934996.33
2025-05-09 00:00:00,15.882,15.953,15.642,15.681,3911548.67
2025-05-09 04:00:00,15.68,16.275,15.581,16.096,4994960.05
2025-05-09 08:00:00,16.096,16.777,15.832,16.217,9890666.64
2025-05-09 12:00:00,16.216,16.381,15.748,15.957,6524642.97
2025-05-09 16:00:00,15.958,16.188,15.735,15.998,3761661.73
2025-05-09 20:00:00,15.998,16.082,15.908,16.009,1772607.55
2025-05-10 00:00:00,16.01,16.292,15.853,16.051,3810196.61
2025-05-10 04:00:00,16.05,16.41,15.891,16.349,3503045.54
2025-05-10 08:00:00,16.35,16.492,16.022,16.082,4487695.27
2025-05-10 12:00:00,16.083,16.509,16.083,16.415,3478478.5
2025-05-10 16:00:00,16.415,16.994,16.394,16.769,5103686.1
2025-05-10 20:00:00,16.769,17.465,16.628,17.332,5092712.3
2025-05-11 00:00:00,17.332,17.434,16.79,16.939,5796279.65
2025-05-11 04:00:00,16.938,17.027,16.292,16.446,4452549.66
2025-05-11 08:00:00,16.444,16.679,16.371,16.657,2857362.69
2025-05-11 12:00:00,16.657,16.832,16.4,16.608,3948170.28
2025-05-11 16:00:00,16.607,17.067,16.415,16.934,3535526.1
2025-05-11 20:00:00,16.933,17.15,16.838,17.104,2534408.63
2025-05-12 00:00:00,17.104,17.343,16.781,17.152,3982403.39
2025-05-12 04:00:00,17.152,17.976,16.93,17.501,5085778.74
2025-05-12 08:00:00,17.502,17.628,17.099,17.127,4642431.12
2025-05-12 12:00:00,17.125,17.575,16.662,16.829,8690332.64
2025-05-12 16:00:00,16.829,17.02,16.004,16.522,6991381.29
2025-05-12 20:00:00,16.521,16.829,16.391,16.722,2498190.13
2025-05-13 00:00:00,16.723,16.73,16.042,16.062,5002407.27
2025-05-13 04:00:00,16.062,16.559,16.022,16.406,2864820.82
2025-05-13 08:00:00,16.407,16.765,16.353,16.656,3022263.26
2025-05-13 12:00:00,16.656,16.885,16.508,16.863,5804044.71
2025-05-13 16:00:00,16.864,17.805,16.827,17.613,5688551.54
2025-05-13 20:00:00,17.612,17.746,17.329,17.385,3614302.0
2025-05-14 00:00:00,17.385,17.528,17.058,17.223,3939615.65
2025-05-14 04:00:00,17.223,17.449,17.108,17.188,2546032.19
2025-05-14 08:00:00,17.188,17.247,16.796,17.112,3832187.41
2025-05-14 12:00:00,17.113,17.263,16.749,16.998,6774874.11
2025-05-14 16:00:00,16.999,17.094,16.666,17.012,3167482.87
2025-05-14 20:00:00,17.013,17.109,16.782,17.005,1902376.22
2025-05-15 00:00:00,17.005,17.2,16.675,16.707,2726039.45
2025-05-15 04:00:00,16.707,16.825,16.17,16.19,3928924.31
2025-05-15 08:00:00,16.189,16.542,16.07,16.302,3746984.51
2025-05-15 12:00:00,16.301,16.468,15.83,16.439,5433553.86
2025-05-15 16:00:00,16.437,16.702,15.979,16.168,4521472.76
2025-05-15 20:00:00,16.169,16.3,15.678,16.033,4141211.53
2025-05-16 00:00:00,16.033,16.332,15.912,16.291,3114604.8
2025-05-16 04:00:00,16.292,16.487,16.143,16.34,2456692.86
2025-05-16 08:00:00,16.34,16.535,16.019,16.348,3227710.95
2025-05-16 12:00:00,16.347,16.381,16.072,16.247,3107758.84
2025-05-16 16:00:00,16.246,16.324,15.968,16.051,2528138.81
2025-05-16 20:00:00,16.05,16.085,15.599,15.748,2796531.83
2025-05-17 00:00:00,15.749,15.789,15.23,15.507,4208300.82
2025-05-17 04:00:00,15.507,15.62,15.318,15.398,1867432.53
2025-05-17 08:00:00,15.398,15.471,15.241,15.303,2202693.91
2025-05-17 12:00:00,15.303,15.41,15.112,15.3,2604878.64
2025-05-17 16:00:00,15.3,15.425,15.063,15.234,3031965.94
2025-05-17 20:00:00,15.233,15.487,15.13,15.316,2305812.76
2025-05-18 00:00:00,15.316,15.437,15.252,15.353,1938480.06
2025-05-18 04:00:00,15.354,15.736,15.35,15.726,1960119.25
2025-05-18 08:00:00,15.726,15.868,15.621,15.625,2184832.2
2025-05-18 12:00:00,15.626,16.352,15.545,16.34,4751092.17
2025-05-18 16:00:00,16.341,16.393,15.151,15.17,7150632.62
2025-05-18 20:00:00,15.169,15.953,14.864,15.863,5226583.93
2025-05-19 00:00:00,15.864,15.996,15.112,15.133,4082420.79
2025-05-19 04:00:00,15.133,15.28,14.832,15.176,3815314.88
2025-05-19 08:00:00,15.175,15.29,15.084,15.197,2322984.5
2025-05-19 12:00:00,15.197,15.504,15.0,15.46,3894631.8
2025-05-19 16:00:00,15.46,15.913,15.345,15.774,5782862.12
2025-05-19 20:00:00,15.773,15.841,15.644,15.779,2075211.25
2025-05-20 00:00:00,15.779,16.413,15.657,16.122,5044397.75
2025-05-20 04:00:00,16.122,16.283,15.888,15.938,2876321.08
2025-05-20 08:00:00,15.936,16.03,15.527,15.663,3079566.83
2025-05-20 12:00:00,15.663,15.67,15.41,15.524,3740613.8
2025-05-20 16:00:00,15.524,15.668,15.228,15.59,3387244.28
2025-05-20 20:00:00,15.594,15.809,15.496,15.695,2836892.46
2025-05-21 00:00:00,15.695,15.928,15.5,15.857,2863477.32
2025-05-21 04:00:00,15.858,16.083,15.783,15.836,4625132.06
2025-05-21 08:00:00,15.835,16.238,15.566,15.868,5141112.35
2025-05-21 12:00:00,15.867,16.166,15.612,16.104,5950990.52
2025-05-21 16:00:00,16.106,16.481,15.533,15.954,8756168.13
2025-05-21 20:00:00,15.952,16.327,15.754,16.094,3384380.43
2025-05-22 00:00:00,16.095,16.518,16.023,16.404,3631006.04
2025-05-22 04:00:00,16.405,16.483,16.204,16.412,2804068.94
2025-05-22 08:00:00,16.412,16.747,16.388,16.608,3876560.67
2025-05-22 12:00:00,16.607,16.888,16.373,16.798,4771546.98
2025-05-22 16:00:00,16.798,16.906,16.616,16.655,2586694.34
2025-05-22 20:00:00,16.656,16.777,16.524,16.733,2398366.0
2025-05-23 00:00:00,16.734,17.154,16.584,17.122,3855932.96
2025-05-23 04:00:00,17.122,17.145,16.551,16.665,3245958.05
2025-05-23 08:00:00,16.665,17.122,16.208,16.3,5888636.84
2025-05-23 12:00:00,16.302,16.474,15.77,16.195,10931953.44
2025-05-23 16:00:00,16.196,16.369,16.019,16.04,2877631.12
2025-05-23 20:00:00,16.039,16.041,15.41,15.528,3712021.37
2025-05-24 00:00:00,15.528,15.799,15.44,15.733,2599524.61
2025-05-24 04:00:00,15.732,15.877,15.634,15.672,1787481.2
2025-05-24 08:00:00,15.672,15.896,15.616,15.749,1816150.29
2025-05-24 12:00:00,15.75,15.796,15.577,15.629,1690637.41
2025-05-24 16:00:00,15.628,15.686,15.415,15.493,1643873.56
2025-05-24 20:00:00,15.493,15.508,15.236,15.329,1845185.09
2025-05-25 00:00:00,15.329,15.494,15.1,15.452,2803182.77
2025-05-25 04:00:00,15.452,15.466,15.253,15.285,1220245.07
2025-05-25 08:00:00,15.286,15.286,15.053,15.137,2134313.96
2025-05-25 12:00:00,15.138,15.306,14.853,15.018,3203866.41
2025-05-25 16:00:00,15.019,15.175,14.869,15.118,1634038.12
2025-05-25 20:00:00,15.119,15.548,14.994,15.523,2491215.33
2025-05-26 00:00:00,15.524,15.793,15.477,15.685,2672332.36
2025-05-26 04:00:00,15.684,15.923,15.576,15.922,2011906.31
2025-05-26 08:00:00,15.923,15.95,15.682,15.73,1795987.68
2025-05-26 12:00:00,15.73,15.8,15.411,15.752,2881699.5
2025-05-26 16:00:00,15.753,15.815,15.373,15.475,2168603.75
2025-05-26 20:00:00,15.475,15.668,15.402,15.524,1794472.05
2025-05-27 00:00:00,15.524,15.593,15.144,15.445,2654237.43
2025-05-27 04:00:00,15.445,15.894,15.426,15.834,2664964.5
2025-05-27 08:00:00,15.835,15.972,15.822,15.943,2405328.65
2025-05-27 12:00:00,15.943,16.097,15.71,15.987,3710063.3
2025-05-27 16:00:00,15.987,16.122,15.862,15.923,2269999.2
2025-05-27 20:00:00,15.923,16.013,15.774,15.901,1680353.73
2025-05-28 00:00:00,15.901,16.05,15.702,16.022,2144800.05
2025-05-28 04:00:00,16.022,16.144,15.773,15.868,2153433.09
2025-05-28 08:00:00,15.869,15.998,15.727,15.969,2087934.47
2025-05-28 12:00:00,15.97,16.092,15.421,15.437,4198492.63
2025-05-28 16:00:00,15.438,15.666,15.299,15.309,2515942.32
2025-05-28 20:00:00,15.309,15.756,15.301,15.682,2035716.65
2025-05-29 00:00:00,15.682,16.186,15.582,16.018,4087399.1
2025-05-29 04:00:00,16.017,16.059,15.651,15.782,2926257.85
2025-05-29 08:00:00,15.783,15.919,15.7,15.849,2270259.35
2025-05-29 12:00:00,15.848,15.848,15.297,15.342,4567313.67
2025-05-29 16:00:00,15.343,15.49,15.128,15.188,3994005.1
2025-05-29 20:00:00,15.187,15.289,14.962,15.034,2443617.38
2025-05-30 00:00:00,15.034,15.11,14.134,14.694,7283565.35
2025-05-30 04:00:00,14.694,14.754,14.423,14.489,2612697.14
2025-05-30 08:00:00,14.489,14.578,14.281,14.526,3062940.03
2025-05-30 12:00:00,14.526,14.59,14.225,14.235,3722857.25
2025-05-30 16:00:00,14.236,14.339,13.8,14.258,5377459.1
2025-05-30 20:00:00,14.257,14.269,13.75,13.878,3435531.12
2025-05-31 00:00:00,13.879,13.925,13.387,13.551,5713828.59
2025-05-31 04:00:00,13.551,13.741,13.418,13.692,2316735.6
2025-05-31 08:00:00,13.693,13.885,13.611,13.66,2361445.01
2025-05-31 12:00:00,13.66,14.014,13.645,13.869,2721363.02
2025-05-31 16:00:00,13.869,14.171,13.828,14.113,2233165.44
2025-05-31 20:00:00,14.114,14.18,13.946,13.96,1817364.73
2025-06-01 00:00:00,13.96,13.974,13.737,13.831,2342832.95
2025-06-01 04:00:00,13.832,13.986,13.792,13.856,1533364.23
2025-06-01 08:00:00,13.856,13.879,13.571,13.801,2724078.71
2025-06-01 12:00:00,13.801,13.956,13.691,13.932,1925775.61
2025-06-01 16:00:00,13.931,14.09,13.776,13.999,2688346.25
2025-06-01 20:00:00,13.999,14.115,13.932,14.054,1486057.77
2025-06-02 00:00:00,14.054,14.078,13.795,13.858,1567458.38
2025-06-02 04:00:00,13.858,13.982,13.775,13.878,1316864.58
2025-06-02 08:00:00,13.877,13.959,13.637,13.674,2496409.84
2025-06-02 12:00:00,13.673,13.822,13.62,13.701,3334528.2
2025-06-02 16:00:00,13.702,13.836,13.58,13.667,2331696.19
2025-06-02 20:00:00,13.667,14.114,13.666,14.071,2835162.65
2025-06-03 00:00:00,14.072,14.437,14.027,14.139,3507729.46
2025-06-03 04:00:00,14.139,14.216,14.038,14.122,1693394.91
2025-06-03 08:00:00,14.121,14.159,13.994,14.074,1880501.32
2025-06-03 12:00:00,14.074,14.429,14.032,14.321,3782123.95
2025-06-03 16:00:00,14.321,14.397,14.209,14.347,2048140.18
2025-06-03 20:00:00,14.347,14.353,13.952,14.103,2320163.2
2025-06-04 00:00:00,14.103,14.391,14.048,14.329,2176965.07
2025-06-04 04:00:00,14.329,14.406,14.218,14.281,1695162.84
2025-06-04 08:00:00,14.282,14.469,14.181,14.188,2418435.2
2025-06-04 12:00:00,14.189,14.224,13.953,14.167,3804468.67
2025-06-04 16:00:00,14.166,14.174,13.88,13.889,2205540.16
2025-06-04 20:00:00,13.888,13.942,13.707,13.826,2301440.17
2025-06-05 00:00:00,13.826,13.955,13.727,13.878,1767755.58
2025-06-05 04:00:00,13.878,13.937,13.701,13.742,2064954.43
2025-06-05 08:00:00,13.743,13.832,13.62,13.755,2018444.39
2025-06-05 12:00:00,13.756,14.03,13.518,13.704,5019924.45
2025-06-05 16:00:00,13.705,13.718,13.071,13.188,5858996.65
2025-06-05 20:00:00,13.187,13.234,12.633,12.876,7929686.57
2025-06-06 00:00:00,12.876,13.185,12.812,13.181,2265978.33
2025-06-06 04:00:00,13.18,13.261,13.086,13.166,1712908.41
2025-06-06 08:00:00,13.166,13.268,13.145,13.207,2154887.95
2025-06-06 12:00:00,13.207,13.67,13.191,13.53,5311867.37
2025-06-06 16:00:00,13.53,13.607,13.409,13.47,2380701.51
2025-06-06 20:00:00,13.47,13.606,13.437,13.562,1500258.34
2025-06-07 00:00:00,13.562,13.829,13.47,13.794,2195669.42
2025-06-07 04:00:00,13.795,14.058,13.737,14.02,2467139.27
2025-06-07 08:00:00,14.02,14.068,13.904,13.981,2284389.49
2025-06-07 12:00:00,13.98,14.075,13.889,13.93,2143620.18
2025-06-07 16:00:00,13.93,13.953,13.754,13.804,1752746.97
2025-06-07 20:00:00,13.803,13.902,13.757,13.814,1246732.92
2025-06-08 00:00:00,13.814,13.852,13.738,13.779,1096551.06
2025-06-08 04:00:00,13.78,13.823,13.715,13.728,1016530.7
2025-06-08 08:00:00,13.729,13.772,13.531,13.752,2317460.95
2025-06-08 12:00:00,13.752,13.877,13.671,13.745,1825572.62
2025-06-08 16:00:00,13.745,13.901,13.745,13.899,1358510.02
2025-06-08 20:00:00,13.9,13.969,13.658,13.712,2209695.03
2025-06-09 00:00:00,13.713,13.785,13.615,13.701,1864619.07
2025-06-09 04:00:00,13.7,13.721,13.53,13.655,1325721.6
2025-06-09 08:00:00,13.654,13.947,13.56,13.896,3224431.83
2025-06-09 12:00:00,13.897,14.003,13.752,13.925,2623805.17
2025-06-09 16:00:00,13.924,14.088,13.924,14.005,2374196.84
2025-06-09 20:00:00,14.005,14.403,14.005,14.346,3710968.05
2025-06-10 00:00:00,14.346,14.621,14.324,14.468,4146277.25
2025-06-10 04:00:00,14.469,14.562,14.318,14.474,2775069.72
2025-06-10 08:00:00,14.474,15.227,14.416,15.159,6118331.03
2025-06-10 12:00:00,15.159,15.373,14.8,15.091,7421013.52
2025-06-10 16:00:00,15.09,15.529,15.034,15.269,9434602.09
2025-06-10 20:00:00,15.27,15.459,15.121,15.445,2834778.45
2025-06-11 00:00:00,15.445,15.508,15.125,15.288,2996299.75
2025-06-11 04:00:00,15.288,15.453,15.187,15.391,2354833.35
2025-06-11 08:00:00,15.391,15.504,15.059,15.168,6016459.03
2025-06-11 12:00:00,15.167,15.651,15.073,15.611,6242713.67
2025-06-11 16:00:00,15.611,15.634,15.08,15.138,4290793.09
2025-06-11 20:00:00,15.138,15.245,14.764,14.886,3380234.59
2025-06-12 00:00:00,14.886,14.919,14.578,14.645,3032705.56
2025-06-12 04:00:00,14.646,14.666,14.406,14.418,3098110.37
2025-06-12 08:00:00,14.418,14.475,14.037,14.113,7577438.37
2025-06-12 12:00:00,14.114,14.503,14.076,14.245,4922901.73
2025-06-12 16:00:00,14.245,14.568,14.079,14.125,3964552.58
2025-06-12 20:00:00,14.124,14.179,13.825,13.965,4777907.53
2025-06-13 00:00:00,13.965,13.979,12.754,13.238,13048501.17
2025-06-13 04:00:00,13.238,13.284,13.018,13.227,3327036.99
2025-06-13 08:00:00,13.227,13.394,13.115,13.311,2868262.86
2025-06-13 12:00:00,13.312,13.476,13.097,13.4,4300563.37
2025-06-13 16:00:00,13.401,13.593,13.022,13.122,4763581.68
2025-06-13 20:00:00,13.124,13.446,13.08,13.432,1859665.59
2025-06-14 00:00:00,13.433,13.453,13.232,13.251,1947165.68
2025-06-14 04:00:00,13.252,13.327,13.119,13.202,1562432.31
2025-06-14 08:00:00,13.201,13.208,13.078,13.147,1538916.2
2025-06-14 12:00:00,13.146,13.184,12.938,12.989,2260383.02
2025-06-14 16:00:00,12.99,13.075,12.823,12.982,3743769.21
2025-06-14 20:00:00,12.983,13.198,12.907,13.141,1675301.43
2025-06-15 00:00:00,13.142,13.264,13.131,13.216,1250769.06
2025-06-15 04:00:00,13.215,13.318,13.106,13.146,1880161.04
2025-06-15 08:00:00,13.146,13.156,13.016,13.072,1496139.65
2025-06-15 12:00:00,13.072,13.3,13.048,13.167,2649617.4
2025-06-15 16:00:00,13.168,13.234,13.09,13.131,1992973.29
2025-06-15 20:00:00,13.131,13.31,12.982,13.289,2768625.05
2025-06-16 00:00:00,13.289,13.477,13.163,13.374,2418869.55
2025-06-16 04:00:00,13.374,13.731,13.365,13.681,2550988.12
2025-06-16 08:00:00,13.681,13.745,13.549,13.675,2191158.89
2025-06-16 12:00:00,13.674,13.884,13.618,13.793,3641837.68
2025-06-16 16:00:00,13.793,14.084,13.78,14.052,2755979.74
2025-06-16 20:00:00,14.053,14.156,13.517,13.558,5261270.54
2025-06-17 00:00:00,13.559,13.776,13.301,13.664,5455942.74
2025-06-17 04:00:00,13.665,13.725,13.458,13.488,2103544.09
2025-06-17 08:00:00,13.488,13.505,13.193,13.251,2799279.41
2025-06-17 12:00:00,13.251,13.354,12.925,13.044,4504298.03
2025-06-17 16:00:00,13.044,13.24,12.796,13.152,4982465.31
2025-06-17 20:00:00,13.152,13.191,12.848,12.98,2533880.91
2025-06-18 00:00:00,12.981,13.147,12.953,13.068,2013998.23
2025-06-18 04:00:00,13.067,13.217,13.018,13.089,1797545.17
2025-06-18 08:00:00,13.088,13.126,12.677,12.85,3241025.26
2025-06-18 12:00:00,12.85,12.997,12.623,12.888,4783916.24
2025-06-18 16:00:00,12.887,12.933,12.68,12.765,4176566.13
2025-06-18 20:00:00,12.765,13.145,12.731,13.106,2602674.04
2025-06-19 00:00:00,13.107,13.243,13.013,13.195,2204882.96
2025-06-19 04:00:00,13.195,13.277,13.116,13.12,2307531.79
2025-06-19 08:00:00,13.12,13.369,13.119,13.165,2437013.51
2025-06-19 12:00:00,13.166,13.214,12.928,12.948,3545254.33
2025-06-19 16:00:00,12.948,13.162,12.904,13.015,2453294.68
2025-06-19 20:00:00,13.016,13.147,12.987,13.063,1474417.12
2025-06-20 00:00:00,13.064,13.112,12.987,12.99,1298728.99
2025-06-20 04:00:00,12.991,13.184,12.875,13.17,1973226.17
2025-06-20 08:00:00,13.171,13.274,13.068,13.128,2538485.33
2025-06-20 12:00:00,13.128,13.241,12.817,12.895,3875769.96
2025-06-20 16:00:00,12.896,12.905,12.289,12.566,7248470.75
2025-06-20 20:00:00,12.565,12.72,12.359,12.499,2648785.1
2025-06-21 00:00:00,12.499,12.726,12.483,12.677,1565124.03
2025-06-21 04:00:00,12.677,12.705,12.572,12.634,1542026.46
2025-06-21 08:00:00,12.633,12.739,12.622,12.668,1456924.99
2025-06-21 12:00:00,12.667,12.693,12.391,12.488,2467798.42
2025-06-21 16:00:00,12.489,12.551,12.177,12.19,3455444.3
2025-06-21 20:00:00,12.189,12.328,11.645,12.014,7425560.97
2025-06-22 00:00:00,12.017,12.19,11.822,11.898,4718722.07
2025-06-22 04:00:00,11.898,12.092,11.864,11.961,2497084.02
2025-06-22 08:00:00,11.962,12.003,11.768,11.887,3204385.22
2025-06-22 12:00:00,11.886,11.967,11.285,11.433,11767938.22
2025-06-22 16:00:00,11.433,11.578,11.201,11.221,4989478.27
2025-06-22 20:00:00,11.221,11.664,10.923,11.648,6631658.79
2025-06-23 00:00:00,11.648,11.762,11.548,11.631,2695747.34
2025-06-23 04:00:00,11.633,11.913,11.621,11.847,2468872.49
2025-06-23 08:00:00,11.847,11.904,11.745,11.839,2274977.18
2025-06-23 12:00:00,11.839,12.094,11.686,11.749,6141772.81
2025-06-23 16:00:00,11.749,12.182,11.395,12.138,9626932.19
2025-06-23 20:00:00,12.14,12.936,12.106,12.818,7277237.61
2025-06-24 00:00:00,12.819,13.062,12.774,12.944,4428255.75
2025-06-24 04:00:00,12.943,13.314,12.91,13.024,4530668.05
2025-06-24 08:00:00,13.024,13.279,12.932,13.149,4195520.45
2025-06-24 12:00:00,13.149,13.44,13.06,13.347,8245628.45
2025-06-24 16:00:00,13.347,13.726,13.253,13.334,6075310.1
2025-06-24 20:00:00,13.334,13.412,13.272,13.405,2147824.28
2025-06-25 00:00:00,13.405,13.503,13.28,13.349,2862945.06
2025-06-25 04:00:00,13.35,13.463,13.246,13.448,2546662.48
2025-06-25 08:00:00,13.447,13.472,13.186,13.274,3097857.28
2025-06-25 12:00:00,13.274,13.32,13.015,13.052,5932914.86
2025-06-25 16:00:00,13.051,13.241,12.983,13.223,2607080.7
2025-06-25 20:00:00,13.222,13.299,13.03,13.133,1479386.59
2025-06-26 00:00:00,13.134,13.554,13.06,13.334,3374332.65
2025-06-26 04:00:00,13.335,13.425,13.191,13.366,1757504.25
2025-06-26 08:00:00,13.366,13.447,13.134,13.188,2343777.75
2025-06-26 12:00:00,13.188,13.194,12.931,13.108,4392925.73
2025-06-26 16:00:00,13.107,13.159,12.983,13.107,2496159.95
2025-06-26 20:00:00,13.107,13.274,12.869,12.93,2589270.96
2025-06-27 00:00:00,12.93,13.159,12.758,13.121,2353552.71
2025-06-27 04:00:00,13.121,13.228,12.995,13.017,1907136.0
2025-06-27 08:00:00,13.018,13.198,13.005,13.036,2650991.15
2025-06-27 12:00:00,13.037,13.114,12.858,13.037,3224091.76
2025-06-27 16:00:00,13.038,13.179,12.719,12.872,3712828.82
2025-06-27 20:00:00,12.871,13.064,12.85,13.044,1608777.17
2025-06-28 00:00:00,13.045,13.176,12.991,13.149,1496577.48
2025-06-28 04:00:00,13.15,13.172,13.079,13.162,1074360.39
2025-06-28 08:00:00,13.162,13.188,13.088,13.092,1093666.13
2025-06-28 12:00:00,13.092,13.283,13.041,13.27,1422309.81
2025-06-28 16:00:00,13.269,13.4,13.215,13.3,2422977.08
2025-06-28 20:00:00,13.299,13.44,13.28,13.39,1106712.49
2025-06-29 00:00:00,13.39,13.439,13.268,13.274,1316835.41
2025-06-29 04:00:00,13.275,13.436,13.254,13.436,1159852.14
2025-06-29 08:00:00,13.436,13.473,13.373,13.441,1562981.75
2025-06-29 12:00:00,13.441,13.45,13.257,13.274,1657809.57
2025-06-29 16:00:00,13.273,13.412,13.236,13.339,1519503.5
2025-06-29 20:00:00,13.339,13.87,13.248,13.701,4302581.45
2025-06-30 00:00:00,13.702,13.772,13.47,13.482,2502884.74
2025-06-30 04:00:00,13.482,13.496,13.184,13.33,2930564.72
2025-06-30 08:00:00,13.33,13.359,13.163,13.193,2229701.23
2025-06-30 12:00:00,13.193,13.455,13.116,13.369,5294362.88
2025-06-30 16:00:00,13.37,13.634,13.25,13.613,3133226.11
2025-06-30 20:00:00,13.614,13.666,13.362,13.367,2140124.24
2025-07-01 00:00:00,13.367,13.426,13.22,13.303,2044517.08
2025-07-01 04:00:00,13.304,13.311,13.074,13.218,2095119.52
2025-07-01 08:00:00,13.218,13.255,13.1,13.128,1745674.51
2025-07-01 12:00:00,13.128,13.167,12.935,13.002,3227204.77
2025-07-01 16:00:00,13.003,13.059,12.809,12.81,2549633.67
2025-07-01 20:00:00,12.809,12.925,12.777,12.887,1571070.63
2025-07-02 00:00:00,12.888,12.954,12.716,12.9,1728232.16
2025-07-02 04:00:00,12.901,13.085,12.878,13.03,1922299.94
2025-07-02 08:00:00,13.031,13.178,13.031,13.076,1835019.37
2025-07-02 12:00:00,13.077,13.372,12.99,13.359,3146568.5
2025-07-02 16:00:00,13.359,13.787,13.359,13.768,6863902.55
2025-07-02 20:00:00,13.768,13.852,13.546,13.552,2859157.89
2025-07-03 00:00:00,13.552,13.61,13.437,13.467,2204420.25
2025-07-03 04:00:00,13.467,13.907,13.453,13.877,3302918.7
2025-07-03 08:00:00,13.877,13.964,13.71,13.809,3570996.74
2025-07-03 12:00:00,13.809,14.073,13.563,13.61,7143445.27
2025-07-03 16:00:00,13.61,13.773,13.602,13.697,2093094.66
2025-07-03 20:00:00,13.696,13.789,13.637,13.66,1353120.42
2025-07-04 00:00:00,13.66,13.779,13.555,13.591,1820638.46
2025-07-04 04:00:00,13.591,13.613,13.354,13.365,2412630.79
2025-07-04 08:00:00,13.364,13.463,13.211,13.335,5016550.94
2025-07-04 12:00:00,13.336,13.393,13.047,13.066,4004250.28
2025-07-04 16:00:00,13.065,13.095,12.927,13.008,2808149.61
2025-07-04 20:00:00,13.008,13.237,12.99,13.16,1411856.82
2025-07-05 00:00:00,13.159,13.215,13.06,13.188,1279099.45
2025-07-05 04:00:00,13.188,13.254,13.145,13.182,1252170.81
2025-07-05 08:00:00,13.182,13.252,13.097,13.227,1252326.85
2025-07-05 12:00:00,13.227,13.236,13.106,13.118,1298004.59
2025-07-05 16:00:00,13.118,13.153,12.987,13.106,1402786.91
2025-07-05 20:00:00,13.106,13.264,13.092,13.222,1128236.07
2025-07-06 00:00:00,13.223,13.231,13.145,13.195,729247.91
2025-07-06 04:00:00,13.196,13.249,13.142,13.15,905122.53
2025-07-06 08:00:00,13.149,13.2,13.09,13.199,1031590.13
2025-07-06 12:00:00,13.2,13.496,13.162,13.426,3151402.77
2025-07-06 16:00:00,13.426,13.487,13.28,13.38,1857265.08
2025-07-06 20:00:00,13.38,13.694,13.374,13.477,2337251.56
2025-07-07 00:00:00,13.478,13.667,13.404,13.547,1826581.03
2025-07-07 04:00:00,13.548,13.723,13.487,13.619,4971636.53
2025-07-07 08:00:00,13.618,13.661,13.519,13.569,2146720.35
2025-07-07 12:00:00,13.568,13.677,13.445,13.527,3756618.16
2025-07-07 16:00:00,13.526,13.578,13.304,13.429,3655861.91
2025-07-07 20:00:00,13.429,13.43,13.24,13.426,1955723.75
2025-07-08 00:00:00,13.426,13.465,13.192,13.239,2305567.86
2025-07-08 04:00:00,13.238,13.351,13.191,13.35,1200250.86
2025-07-08 08:00:00,13.35,13.526,13.244,13.496,1786578.34
2025-07-08 12:00:00,13.496,13.667,13.41,13.484,3716736.06
2025-07-08 16:00:00,13.485,13.935,13.446,13.91,4464066.98
2025-07-08 20:00:00,13.91,13.991,13.781,13.964,2303461.05
2025-07-09 00:00:00,13.964,13.981,13.822,13.838,2211878.53
2025-07-09 04:00:00,13.839,14.211,13.806,14.143,4870858.42
2025-07-09 08:00:00,14.144,14.183,13.971,14.027,3100018.41
2025-07-09 12:00:00,14.027,14.178,13.897,14.008,4831161.65
2025-07-09 16:00:00,14.008,14.356,13.922,14.289,5213289.57
2025-07-09 20:00:00,14.288,14.374,14.093,14.243,4122936.98
2025-07-10 00:00:00,14.243,14.378,14.145,14.309,2240381.89
2025-07-10 04:00:00,14.309,14.477,14.222,14.392,4925887.32
2025-07-10 08:00:00,14.391,14.474,14.294,14.321,2032541.51
2025-07-10 12:00:00,14.321,14.396,14.208,14.334,3303810.85
2025-07-10 16:00:00,14.335,14.736,14.318,14.653,5856803.31
2025-07-10 20:00:00,14.652,15.339,14.639,15.24,6742124.64
2025-07-11 00:00:00,15.241,15.432,15.019,15.358,3677530.37
2025-07-11 04:00:00,15.358,15.602,15.225,15.266,4409824.34
2025-07-11 08:00:00,15.267,15.61,15.24,15.443,3813265.45
2025-07-11 12:00:00,15.442,15.878,15.419,15.484,7235224.34
2025-07-11 16:00:00,15.484,15.849,15.415,15.809,4186209.31
2025-07-11 20:00:00,15.809,15.824,15.02,15.287,4510638.1
2025-07-12 00:00:00,15.286,15.48,15.032,15.378,2695117.35
2025-07-12 04:00:00,15.379,15.395,15.106,15.248,2356774.15
2025-07-12 08:00:00,15.247,15.413,15.189,15.262,1790753.94
2025-07-12 12:00:00,15.262,15.301,14.7,14.829,5118058.67
2025-07-12 16:00:00,14.829,15.08,14.758,15.053,1984875.36
2025-07-12 20:00:00,15.054,15.134,14.854,15.101,1213736.73
2025-07-13 00:00:00,15.101,15.205,15.041,15.131,1618801.01
2025-07-13 04:00:00,15.131,15.371,15.092,15.354,1897219.38
2025-07-13 08:00:00,15.355,15.416,15.255,15.41,1450236.33
2025-07-13 12:00:00,15.41,15.95,15.362,15.696,6036895.09
2025-07-13 16:00:00,15.697,15.92,15.542,15.786,2801988.68
2025-07-13 20:00:00,15.785,15.903,15.466,15.649,2760880.9
2025-07-14 00:00:00,15.649,16.276,15.615,16.152,3735470.18
2025-07-14 04:00:00,16.152,16.3,15.924,16.155,3934682.64
2025-07-14 08:00:00,16.155,16.312,15.928,16.239,3942625.03
2025-07-14 12:00:00,16.238,16.47,15.808,15.969,6144602.11
2025-07-14 16:00:00,15.968,16.159,15.685,15.758,3317660.31
2025-07-14 20:00:00,15.758,15.873,15.568,15.753,5112940.7
2025-07-15 00:00:00,15.754,15.887,15.171,15.273,5287965.32
2025-07-15 04:00:00,15.274,15.51,15.141,15.405,2705564.12
2025-07-15 08:00:00,15.406,15.529,15.266,15.368,2185020.46
2025-07-15 12:00:00,15.37,15.719,15.17,15.57,5670967.53
2025-07-15 16:00:00,15.569,16.195,15.563,15.62,6763476.62
2025-07-15 20:00:00,15.618,16.171,15.569,16.106,3126902.33
2025-07-16 00:00:00,16.105,16.221,15.852,15.929,2894521.45
2025-07-16 04:00:00,15.93,16.394,15.824,16.316,2703460.65
2025-07-16 08:00:00,16.315,16.623,16.305,16.401,4727974.29
2025-07-16 12:00:00,16.402,16.842,16.389,16.605,5511140.16
2025-07-16 16:00:00,16.605,17.034,16.572,16.868,5229958.63
2025-07-16 20:00:00,16.869,17.039,16.604,16.671,3927333.96
2025-07-17 00:00:00,16.671,16.856,16.327,16.424,4099705.63
2025-07-17 04:00:00,16.423,17.014,16.364,16.986,4157622.72
2025-07-17 08:00:00,16.988,17.284,16.878,17.087,4956375.63
2025-07-17 12:00:00,17.086,17.316,16.787,17.142,5317486.15
2025-07-17 16:00:00,17.141,17.331,16.768,17.069,5089924.07
2025-07-17 20:00:00,17.068,18.125,16.831,17.997,9336690.55
2025-07-18 00:00:00,17.998,18.768,17.862,18.755,9792630.13
2025-07-18 04:00:00,18.755,19.294,18.51,18.524,6851452.49
2025-07-18 08:00:00,18.524,18.818,18.257,18.361,6049063.71
2025-07-18 12:00:00,18.361,18.72,17.737,17.925,8103955.59
2025-07-18 16:00:00,17.925,18.16,17.65,17.737,4745032.54
2025-07-18 20:00:00,17.737,17.916,17.319,17.828,5143010.67
2025-07-19 00:00:00,17.827,18.234,17.536,18.194,3269854.35
2025-07-19 04:00:00,18.195,18.344,17.927,17.964,2054996.5
2025-07-19 08:00:00,17.964,18.014,17.695,17.719,2238202.48
2025-07-19 12:00:00,17.719,17.96,17.588,17.918,2857543.99
2025-07-19 16:00:00,17.918,18.514,17.853,18.364,4301469.75
2025-07-19 20:00:00,18.364,18.548,18.118,18.391,3083122.94
2025-07-20 00:00:00,18.391,18.829,18.319,18.672,3435187.16
2025-07-20 04:00:00,18.671,18.967,18.505,18.811,3766355.27
2025-07-20 08:00:00,18.812,19.66,18.811,19.398,6765676.63
2025-07-20 12:00:00,19.397,19.975,19.185,19.712,5375939.09
2025-07-20 16:00:00,19.713,19.799,19.203,19.45,5117936.42
2025-07-20 20:00:00,19.45,19.514,18.864,19.284,4620176.18
2025-07-21 00:00:00,19.285,19.593,18.991,19.578,4089549.95
2025-07-21 04:00:00,19.577,19.948,19.389,19.751,4605144.31
2025-07-21 08:00:00,19.75,20.287,19.596,20.06,6310648.44
2025-07-21 12:00:00,20.061,20.253,19.692,19.799,7032457.05
2025-07-21 16:00:00,19.799,19.845,19.183,19.267,5726209.08
2025-07-21 20:00:00,19.264,19.618,19.185,19.502,2689873.89
2025-07-22 00:00:00,19.502,19.998,19.015,19.556,5801668.23
2025-07-22 04:00:00,19.556,19.573,18.846,19.068,6076673.9
2025-07-22 08:00:00,19.068,19.338,18.628,19.225,5626687.05
2025-07-22 12:00:00,19.227,19.483,18.738,19.348,7945676.84
2025-07-22 16:00:00,19.348,19.568,18.968,19.051,4711083.99
2025-07-22 20:00:00,19.053,19.694,19.007,19.669,3048479.89
2025-07-23 00:00:00,19.67,19.775,19.425,19.473,2931979.28
2025-07-23 04:00:00,19.474,19.723,18.991,19.148,3065426.32
2025-07-23 08:00:00,19.149,19.264,18.779,18.917,3158551.98
2025-07-23 12:00:00,18.916,18.945,17.845,18.496,9835466.45
2025-07-23 16:00:00,18.496,18.496,17.68,17.985,5992060.49
2025-07-23 20:00:00,17.984,18.284,17.531,18.173,5896750.62
2025-07-24 00:00:00,18.174,18.457,18.051,18.222,3556500.71
2025-07-24 04:00:00,18.224,18.298,17.149,17.736,7805150.78
2025-07-24 08:00:00,17.735,18.147,17.581,18.07,4906225.81
2025-07-24 12:00:00,18.069,18.679,17.777,18.464,7093302.63
2025-07-24 16:00:00,18.464,18.589,18.088,18.329,4571495.12
2025-07-24 20:00:00,18.33,18.42,17.838,17.904,2909401.21
2025-07-25 00:00:00,17.903,17.908,17.25,17.484,5393443.34
2025-07-25 04:00:00,17.483,17.702,17.287,17.485,4528089.92
2025-07-25 08:00:00,17.485,18.413,17.454,18.309,4844098.18
2025-07-25 12:00:00,18.309,18.488,17.401,17.605,6096395.99
2025-07-25 16:00:00,17.605,17.865,17.444,17.711,3426937.29
2025-07-25 20:00:00,17.712,18.423,17.681,18.284,3287871.6
2025-07-26 00:00:00,18.283,18.461,18.183,18.364,1906292.08
2025-07-26 04:00:00,18.365,18.412,18.204,18.223,1425016.09
2025-07-26 08:00:00,18.224,18.491,18.223,18.257,2287839.81
2025-07-26 12:00:00,18.258,18.454,18.165,18.399,2672691.35
2025-07-26 16:00:00,18.399,18.583,18.214,18.551,2449971.58
2025-07-26 20:00:00,18.55,18.636,18.334,18.402,2769562.64
2025-07-27 00:00:00,18.402,18.769,18.347,18.689,2782543.58
2025-07-27 04:00:00,18.688,19.063,18.655,18.772,2742695.96
2025-07-27 08:00:00,18.772,18.988,18.545,18.746,2975495.08
2025-07-27 12:00:00,18.745,18.944,18.637,18.844,2511159.49
2025-07-27 16:00:00,18.844,19.107,18.834,18.996,3397335.82
2025-07-27 20:00:00,18.995,19.287,18.891,19.228,3069554.31
2025-07-28 00:00:00,19.229,19.424,18.918,19.124,4105328.18
2025-07-28 04:00:00,19.123,19.555,19.032,19.293,3649733.99
2025-07-28 08:00:00,19.293,19.345,18.936,19.081,2911459.11
2025-07-28 12:00:00,19.081,19.12,18.277,18.39,8397671.16
2025-07-28 16:00:00,18.389,18.505,18.086,18.233,6052041.7
2025-07-28 20:00:00,18.232,18.269,17.96,18.115,3566640.87
2025-07-29 00:00:00,18.115,18.304,17.878,18.265,3977174.03
2025-07-29 04:00:00,18.265,18.593,18.104,18.589,3289117.05
2025-07-29 08:00:00,18.589,18.633,18.0,18.134,2878533.91
2025-07-29 12:00:00,18.134,18.342,17.601,17.683,5347120.69
2025-07-29 16:00:00,17.684,17.919,17.468,17.7,4896708.19
2025-07-29 20:00:00,17.699,17.888,17.544,17.823,2417172.95
2025-07-30 00:00:00,17.824,17.95,17.607,17.828,2137548.37
2025-07-30 04:00:00,17.829,17.885,17.612,17.697,1753119.68
2025-07-30 08:00:00,17.698,17.814,17.214,17.301,3705393.26
2025-07-30 12:00:00,17.301,17.709,17.191,17.586,4351316.19
2025-07-30 16:00:00,17.587,17.782,16.749,17.456,5818468.08
2025-07-30 20:00:00,17.456,17.764,17.344,17.698,2885128.17
2025-07-31 00:00:00,17.699,18.079,17.632,18.051,2411870.6
2025-07-31 04:00:00,18.051,18.106,17.925,18.02,1621947.91
2025-07-31 08:00:00,18.02,18.222,17.914,17.969,2167763.86
2025-07-31 12:00:00,17.97,17.998,17.322,17.515,4567114.68
2025-07-31 16:00:00,17.514,17.855,17.19,17.217,3676522.45
2025-07-31 20:00:00,17.218,17.28,16.839,16.921,3424664.21
2025-08-01 00:00:00,16.922,17.024,16.437,16.86,6245095.66
2025-08-01 04:00:00,16.859,16.859,16.487,16.624,3850905.53
2025-08-01 08:00:00,16.623,16.623,16.279,16.602,4388074.97
2025-08-01 12:00:00,16.601,16.794,16.15,16.625,6909345.27
2025-08-01 16:00:00,16.625,16.746,16.145,16.376,5304373.45
2025-08-01 20:00:00,16.375,16.432,15.656,16.06,6074011.8
2025-08-02 00:00:00,16.061,16.243,16.026,16.195,2485773.87
2025-08-02 04:00:00,16.195,16.245,15.771,16.131,2346260.89
2025-08-02 08:00:00,16.132,16.166,15.825,16.018,2115761.26
2025-08-02 12:00:00,16.018,16.091,15.723,15.777,2337896.08
2025-08-02 16:00:00,15.777,15.918,15.428,15.578,4739228.25
2025-08-02 20:00:00,15.579,15.798,15.508,15.635,2119912.62
2025-08-03 00:00:00,15.635,15.921,15.432,15.889,2194208.96
2025-08-03 04:00:00,15.889,16.02,15.814,16.006,1522223.05
2025-08-03 08:00:00,16.005,16.231,15.99,16.151,1854866.48
2025-08-03 12:00:00,16.151,16.231,16.075,16.23,2060611.96
2025-08-03 16:00:00,16.23,16.333,16.177,16.261,1773833.37
2025-08-03 20:00:00,16.262,16.392,16.192,16.288,1516567.14
2025-08-04 00:00:00,16.288,16.648,16.262,16.571,2333974.46
2025-08-04 04:00:00,16.572,16.658,16.427,16.62,1780989.06
2025-08-04 08:00:00,16.62,16.73,16.544,16.581,1831702.73
2025-08-04 12:00:00,16.58,16.946,16.532,16.913,4902087.08
2025-08-04 16:00:00,16.912,17.192,16.805,16.841,3087051.53
2025-08-04 20:00:00,16.842,17.165,16.817,17.107,1783342.9
2025-08-05 00:00:00,17.106,17.116,16.763,16.782,1827342.22
2025-08-05 04:00:00,16.782,16.899,16.435,16.495,2779715.58
2025-08-05 08:00:00,16.494,16.97,16.448,16.864,2726380.31
2025-08-05 12:00:00,16.865,16.895,16.191,16.255,5650613.74
2025-08-05 16:00:00,16.255,16.434,16.204,16.261,2054625.52
2025-08-05 20:00:00,16.262,16.422,16.069,16.374,1545134.71
2025-08-06 00:00:00,16.375,16.38,16.045,16.091,1777487.04
2025-08-06 04:00:00,16.091,16.52,16.023,16.507,2311031.2
2025-08-06 08:00:00,16.507,16.526,16.316,16.39,2006525.45
2025-08-06 12:00:00,16.389,16.798,16.233,16.766,3647311.24
2025-08-06 16:00:00,16.768,16.898,16.602,16.784,2005906.1
2025-08-06 20:00:00,16.784,16.791,16.661,16.666,1240678.33
2025-08-07 00:00:00,16.666,16.807,16.575,16.597,1734802.6
2025-08-07 04:00:00,16.596,16.833,16.587,16.823,1956428.76
2025-08-07 08:00:00,16.823,17.41,16.803,17.34,5448022.0
2025-08-07 12:00:00,17.34,18.086,17.299,17.831,11399686.71
2025-08-07 16:00:00,17.832,18.288,17.603,18.286,7469623.01
2025-08-07 20:00:00,18.285,18.495,18.165,18.46,4303007.22
2025-08-08 00:00:00,18.461,19.203,18.082,19.197,13513471.84
2025-08-08 04:00:00,19.196,19.416,18.762,19.323,6107968.92
2025-08-08 08:00:00,19.323,19.514,19.15,19.487,4767229.61
2025-08-08 12:00:00,19.487,19.925,19.069,19.202,9732466.11
2025-08-08 16:00:00,19.203,19.743,19.076,19.743,6093078.0
2025-08-08 20:00:00,19.743,19.968,19.527,19.887,3555357.89
2025-08-09 00:00:00,19.887,20.938,19.782,20.866,9376455.94
2025-08-09 04:00:00,20.866,21.466,20.672,20.8,9743111.85
2025-08-09 08:00:00,20.799,21.176,20.701,20.883,5378740.76
2025-08-09 12:00:00,20.882,21.426,20.833,21.066,7870580.42
2025-08-09 16:00:00,21.065,21.451,21.063,21.221,3732062.08
2025-08-09 20:00:00,21.22,21.991,21.129,21.939,6778308.98
2025-08-10 00:00:00,21.939,22.204,21.24,21.486,7457016.76
2025-08-10 04:00:00,21.486,22.699,21.381,21.891,11188641.14
2025-08-10 08:00:00,21.889,22.296,21.525,21.568,6756871.78
2025-08-10 12:00:00,21.568,22.535,21.155,22.483,9008859.09
2025-08-10 16:00:00,22.484,22.678,22.023,22.128,5512707.16
2025-08-10 20:00:00,22.128,22.22,21.781,22.059,4470290.85
2025-08-11 00:00:00,22.06,22.426,21.8,22.313,6151392.92
2025-08-11 04:00:00,22.314,22.598,21.879,21.942,5229058.09
2025-08-11 08:00:00,21.942,22.066,21.2,21.28,6719967.2
2025-08-11 12:00:00,21.28,22.076,21.183,21.959,9068684.23
2025-08-11 16:00:00,21.96,22.255,21.236,21.377,5817634.35
2025-08-11 20:00:00,21.377,21.429,20.835,21.062,4887869.89
2025-08-12 00:00:00,21.062,21.724,21.038,21.449,4361253.36
2025-08-12 04:00:00,21.45,21.732,21.326,21.48,3536759.1
2025-08-12 08:00:00,21.481,21.655,20.995,21.29,5033192.83
2025-08-12 12:00:00,21.289,24.097,21.278,24.007,21638350.36
2025-08-12 16:00:00,24.007,24.191,23.154,23.408,9193406.75
2025-08-12 20:00:00,23.408,23.685,23.11,23.592,6780619.84
2025-08-13 00:00:00,23.591,24.565,23.29,24.523,10208023.78
2025-08-13 04:00:00,24.522,24.719,23.228,23.402,9615679.68
2025-08-13 08:00:00,23.402,24.365,23.325,24.171,9825364.2
2025-08-13 12:00:00,24.17,24.212,23.35,23.608,9661357.02
2025-08-13 16:00:00,23.61,23.931,23.485,23.76,5487003.35
2025-08-13 20:00:00,23.76,24.162,23.595,23.966,4442802.29
2025-08-14 00:00:00,23.966,24.32,23.771,24.255,6426025.29
2025-08-14 04:00:00,24.255,24.282,23.413,23.535,6921717.85
2025-08-14 08:00:00,23.535,23.813,23.209,23.348,5767997.86
2025-08-14 12:00:00,23.349,23.57,21.442,22.758,19415607.43
2025-08-14 16:00:00,22.758,22.787,22.088,22.394,5892287.45
2025-08-14 20:00:00,22.395,22.558,21.838,22.447,4523640.12
2025-08-15 00:00:00,22.447,22.85,22.164,22.788,3690716.89
2025-08-15 04:00:00,22.789,23.034,22.427,22.571,3815941.07
2025-08-15 08:00:00,22.572,22.663,22.134,22.182,3544453.3
2025-08-15 12:00:00,22.181,22.626,21.411,21.584,10119588.54
2025-08-15 16:00:00,21.584,21.878,21.358,21.448,4703198.66
2025-08-15 20:00:00,21.448,22.017,21.356,21.737,2964164.51
2025-08-16 00:00:00,21.736,22.129,21.67,21.799,2198782.28
2025-08-16 04:00:00,21.799,22.141,21.501,22.048,2793758.51
2025-08-16 08:00:00,22.049,22.165,21.426,21.442,3493574.69
2025-08-16 12:00:00,21.443,22.124,21.39,21.999,4269024.11
2025-08-16 16:00:00,21.998,22.877,21.931,22.68,4761572.38
2025-08-16 20:00:00,22.68,22.958,22.542,22.627,2866176.94
2025-08-17 00:00:00,22.628,23.408,22.358,23.376,4396508.1
2025-08-17 04:00:00,23.376,24.554,23.355,24.286,11502802.94
2025-08-17 08:00:00,24.286,24.83,24.172,24.687,7920020.12
2025-08-17 12:00:00,24.687,26.302,24.429,26.29,15156012.4
2025-08-17 16:00:00,26.29,26.338,25.122,25.458,14039359.09
2025-08-17 20:00:00,25.458,25.932,25.41,25.639,6163677.24
2025-08-18 00:00:00,25.638,26.201,24.508,25.082,23124709.63
2025-08-18 04:00:00,25.081,25.109,24.277,24.691,11280360.48
2025-08-18 08:00:00,24.691,25.288,24.368,24.533,10247611.42
2025-08-18 12:00:00,24.532,25.927,24.462,25.357,18492118.53
2025-08-18 16:00:00,25.36,25.933,24.785,25.51,10152994.74
2025-08-18 20:00:00,25.509,26.72,25.109,25.765,11585436.27
2025-08-19 00:00:00,25.766,25.802,24.075,24.19,12395706.06
2025-08-19 04:00:00,24.189,24.632,23.888,24.284,11065725.07
2025-08-19 08:00:00,24.284,24.9,24.063,24.68,9153673.13
2025-08-19 12:00:00,24.68,24.938,23.854,24.274,14049177.51
2025-08-19 16:00:00,24.272,24.513,23.432,23.861,11185736.04
2025-08-19 20:00:00,23.86,24.052,23.459,23.553,5377398.01
2025-08-20 00:00:00,23.553,24.404,23.362,23.99,8620192.74
2025-08-20 04:00:00,23.989,24.836,23.974,24.416,7646437.51
2025-08-20 08:00:00,24.417,25.23,24.336,24.949,11278860.48
2025-08-20 12:00:00,24.949,26.459,24.574,25.942,23308323.58
2025-08-20 16:00:00,25.942,26.359,25.441,26.145,12292416.85
2025-08-20 20:00:00,26.143,26.885,26.021,26.446,9563312.32
2025-08-21 00:00:00,26.446,26.591,25.768,25.794,9604221.36
2025-08-21 04:00:00,25.795,25.86,25.472,25.697,6883088.4
2025-08-21 08:00:00,25.698,26.365,25.602,26.095,9837610.31
2025-08-21 12:00:00,26.095,26.222,24.956,25.072,15015980.15
2025-08-21 16:00:00,25.072,25.242,24.69,24.921,8874312.29
2025-08-21 20:00:00,24.921,25.136,24.628,24.804,3986260.84
2025-08-22 00:00:00,24.803,25.216,24.511,24.664,6268239.95
2025-08-22 04:00:00,24.662,25.191,24.615,25.026,5234867.52
2025-08-22 08:00:00,25.027,25.279,24.217,24.295,7471233.4
2025-08-22 12:00:00,24.295,26.759,24.113,26.451,25823147.68
2025-08-22 16:00:00,26.451,27.863,26.439,27.174,16691379.28
2025-08-22 20:00:00,27.174,27.335,26.628,26.8,5704302.06
2025-08-23 00:00:00,26.799,26.834,25.86,25.957,7360695.57
2025-08-23 04:00:00,25.958,26.234,25.722,25.87,5890998.7
2025-08-23 08:00:00,25.869,26.011,25.574,25.646,5167036.28
2025-08-23 12:00:00,25.647,26.19,25.517,25.989,7656231.6
2025-08-23 16:00:00,25.989,26.196,25.82,26.116,3341226.48
2025-08-23 20:00:00,26.116,26.362,25.978,26.276,3167780.06
2025-08-24 00:00:00,26.276,26.324,25.7,25.914,4728969.67
2025-08-24 04:00:00,25.913,25.962,25.553,25.599,4066877.68
2025-08-24 08:00:00,25.6,25.757,25.27,25.473,4932177.67
2025-08-24 12:00:00,25.473,25.866,25.452,25.555,5248285.54
2025-08-24 16:00:00,25.555,26.609,25.223,26.08,14240105.58
2025-08-24 20:00:00,26.079,26.249,25.394,25.817,7188631.52
2025-08-25 00:00:00,25.817,26.471,25.32,25.937,6905766.88
2025-08-25 04:00:00,25.937,26.42,24.801,24.974,9117814.48
2025-08-25 08:00:00,24.973,25.167,24.32,24.584,8444522.96
2025-08-25 12:00:00,24.58,24.677,24.217,24.399,6827441.05
2025-08-25 16:00:00,24.4,24.793,23.628,23.657,8399022.96
2025-08-25 20:00:00,23.658,23.836,23.074,23.373,10468085.94
2025-08-26 00:00:00,23.374,23.619,23.056,23.151,5785041.62
2025-08-26 04:00:00,23.151,23.479,22.865,23.133,4908806.85
2025-08-26 08:00:00,23.133,23.742,22.885,23.534,7436074.28
2025-08-26 12:00:00,23.535,24.513,23.377,24.155,12026404.86
2025-08-26 16:00:00,24.155,24.449,23.935,24.338,4473431.8
2025-08-26 20:00:00,24.336,24.738,24.193,24.369,4917459.42
2025-08-27 00:00:00,24.369,24.529,24.0,24.332,4021359.91
2025-08-27 04:00:00,24.331,24.68,23.989,24.15,4436637.25
2025-08-27 08:00:00,24.15,24.653,23.958,24.35,5009734.59
2025-08-27 12:00:00,24.349,24.661,24.056,24.284,6701411.13
2025-08-27 16:00:00,24.284,24.582,24.022,24.171,4110988.67
2025-08-27 20:00:00,24.171,24.485,23.571,23.773,8732743.54
2025-08-28 00:00:00,23.773,23.943,23.558,23.905,3602555.64
2025-08-28 04:00:00,23.905,24.366,23.805,24.213,3960599.94
2025-08-28 08:00:00,24.213,24.46,23.586,23.878,5203809.88
2025-08-28 12:00:00,23.877,26.032,23.781,24.775,32887633.15
2025-08-28 16:00:00,24.775,25.262,24.46,24.479,8484928.32
2025-08-28 20:00:00,24.479,25.398,24.404,25.171,5312630.68
2025-08-29 00:00:00,25.17,25.22,24.104,24.211,7399472.73
2025-08-29 04:00:00,24.211,24.267,23.294,23.529,8173009.14
2025-08-29 08:00:00,23.529,23.573,23.221,23.423,6115432.87
2025-08-29 12:00:00,23.423,24.11,23.101,23.433,11073220.25
2025-08-29 16:00:00,23.434,23.592,23.106,23.34,4314714.23
2025-08-29 20:00:00,23.339,23.495,23.114,23.413,3071172.88
2025-08-30 00:00:00,23.414,23.505,22.814,23.233,4961444.62
2025-08-30 04:00:00,23.233,23.513,23.161,23.355,2919768.14
2025-08-30 08:00:00,23.355,23.49,23.19,23.38,2502982.33
2025-08-30 12:00:00,23.381,23.435,22.947,23.4,3558831.78
2025-08-30 16:00:00,23.399,23.445,23.264,23.35,1591922.91
2025-08-30 20:00:00,23.35,23.497,23.255,23.493,1158125.76
2025-08-31 00:00:00,23.494,23.89,23.403,23.867,3346492.7
2025-08-31 04:00:00,23.867,23.94,23.637,23.712,2414613.12
2025-08-31 08:00:00,23.711,23.881,23.546,23.799,2260621.36
2025-08-31 12:00:00,23.799,24.057,23.588,23.77,3972168.28
2025-08-31 16:00:00,23.771,23.86,23.59,23.64,1744236.31
2025-08-31 20:00:00,23.639,23.727,23.175,23.195,3984102.93
2025-09-01 00:00:00,23.194,23.359,22.918,23.041,5280245.42
2025-09-01 04:00:00,23.041,23.632,22.704,23.589,6185761.33
2025-09-01 08:00:00,23.589,23.854,23.152,23.215,5634488.31
2025-09-01 12:00:00,23.215,23.348,22.718,22.782,4748777.47
2025-09-01 16:00:00,22.782,22.838,22.531,22.82,3674325.55
2025-09-01 20:00:00,22.821,22.826,22.074,22.505,6386323.21
2025-09-02 00:00:00,22.506,23.22,22.336,23.13,5049839.02
2025-09-02 04:00:00,23.129,23.509,23.081,23.225,3704813.68
2025-09-02 08:00:00,23.226,23.445,23.068,23.1,2947984.3
2025-09-02 12:00:00,23.101,23.544,22.64,22.844,9826156.25
2025-09-02 16:00:00,22.842,23.154,22.791,23.059,3645671.9
2025-09-02 20:00:00,23.058,23.595,23.009,23.49,3142991.57
2025-09-03 00:00:00,23.49,23.613,23.215,23.411,2980574.61
2025-09-03 04:00:00,23.412,23.494,23.209,23.279,2227337.85
2025-09-03 08:00:00,23.278,23.608,23.22,23.484,2857787.46
2025-09-03 12:00:00,23.485,23.825,23.364,23.803,4988526.31
2025-09-03 16:00:00,23.803,23.9,23.601,23.836,2850499.55
2025-09-03 20:00:00,23.836,23.844,23.657,23.686,1379361.84
2025-09-04 00:00:00,23.687,23.955,23.484,23.527,3078567.89
2025-09-04 04:00:00,23.528,23.562,23.125,23.262,3370187.91
2025-09-04 08:00:00,23.261,23.419,23.172,23.274,2339689.13
2025-09-04 12:00:00,23.275,23.384,22.45,22.466,6359164.18
2025-09-04 16:00:00,22.467,22.544,22.177,22.249,3960466.97
2025-09-04 20:00:00,22.25,22.617,22.219,22.301,3245158.32
2025-09-05 00:00:00,22.3,22.49,22.248,22.481,2665318.79
2025-09-05 04:00:00,22.481,23.093,22.385,23.061,4244842.74
2025-09-05 08:00:00,23.062,23.068,22.659,22.819,4084534.71
2025-09-05 12:00:00,22.82,23.235,22.083,22.222,13907802.57
2025-09-05 16:00:00,22.221,22.471,22.03,22.467,4094685.22
2025-09-05 20:00:00,22.466,22.546,22.209,22.284,3098512.38
2025-09-06 00:00:00,22.284,22.51,22.247,22.401,1589456.26
2025-09-06 04:00:00,22.401,22.404,22.128,22.209,1712132.26
2025-09-06 08:00:00,22.21,22.28,22.064,22.268,1896718.06
2025-09-06 12:00:00,22.269,22.327,22.034,22.057,2188067.59
2025-09-06 16:00:00,22.057,22.29,21.855,21.893,2939748.15
2025-09-06 20:00:00,21.892,22.292,21.877,22.191,2274555.65
2025-09-07 00:00:00,22.192,22.439,22.175,22.369,2214557.71
2025-09-07 04:00:00,22.369,22.466,22.244,22.294,1771920.71
2025-09-07 08:00:00,22.294,22.459,22.124,22.363,3196330.23
2025-09-07 12:00:00,22.363,22.464,22.214,22.398,2561474.89
2025-09-07 16:00:00,22.398,22.4,22.108,22.201,1672323.41
2025-09-07 20:00:00,22.201,22.607,22.157,22.452,2262619.54
2025-09-08 00:00:00,22.452,22.791,22.224,22.59,3380885.16
2025-09-08 04:00:00,22.59,22.62,22.322,22.394,2550790.77
2025-09-08 08:00:00,22.395,23.192,22.351,22.984,7720627.2
2025-09-08 12:00:00,22.983,23.29,22.888,23.205,5053118.65
2025-09-08 16:00:00,23.204,23.295,22.898,22.986,3036521.78
2025-09-08 20:00:00,22.986,23.186,22.838,23.035,2375512.62
2025-09-09 00:00:00,23.034,23.299,22.846,23.177,4602518.35
2025-09-09 04:00:00,23.177,23.773,23.075,23.673,6205119.99
2025-09-09 08:00:00,23.674,23.822,23.512,23.526,3606447.01
2025-09-09 12:00:00,23.526,23.754,22.822,22.922,9027289.13
2025-09-09 16:00:00,22.923,23.095,22.841,23.059,2646555.73
2025-09-09 20:00:00,23.058,23.187,22.943,23.041,2133656.29
2025-09-10 00:00:00,23.04,23.41,22.873,23.379,3536878.71
2025-09-10 04:00:00,23.381,23.656,23.134,23.439,3908066.08
2025-09-10 08:00:00,23.44,23.519,23.275,23.349,2290586.94
2025-09-10 12:00:00,23.35,23.929,23.336,23.666,6772475.45
2025-09-10 16:00:00,23.665,23.687,23.19,23.309,3676550.7
2025-09-10 20:00:00,23.308,23.61,23.291,23.566,1692750.98
2025-09-11 00:00:00,23.566,23.836,23.425,23.798,2083198.95
2025-09-11 04:00:00,23.797,23.89,23.642,23.817,2485716.91
2025-09-11 08:00:00,23.818,23.84,23.68,23.756,1896059.16
2025-09-11 12:00:00,23.755,24.261,23.28,23.508,10193919.72
2025-09-11 16:00:00,23.507,23.98,23.502,23.932,2853262.06
2025-09-11 20:00:00,23.933,24.486,23.878,24.452,4724533.31
2025-09-12 00:00:00,24.452,24.745,24.349,24.673,4656157.24
2025-09-12 04:00:00,24.673,24.82,24.509,24.526,3157126.85
2025-09-12 08:00:00,24.528,24.543,24.271,24.31,3204104.38
2025-09-12 12:00:00,24.31,24.666,24.156,24.473,5902475.03
2025-09-12 16:00:00,24.471,25.139,24.415,25.109,4539656.04
2025-09-12 20:00:00,25.109,25.327,24.907,25.122,3756322.5
2025-09-13 00:00:00,25.122,25.3,24.92,25.228,2821242.87
2025-09-13 04:00:00,25.228,25.232,25.009,25.164,2229125.45
2025-09-13 08:00:00,25.165,25.638,25.109,25.282,4997838.62
2025-09-13 12:00:00,25.282,25.401,24.69,24.83,5652421.39
2025-09-13 16:00:00,24.83,24.914,24.433,24.75,3924280.99
2025-09-13 20:00:00,24.75,24.97,24.745,24.876,1724293.25
2025-09-14 00:00:00,24.876,25.011,24.616,24.661,2128127.68
2025-09-14 04:00:00,24.661,24.885,24.47,24.606,2147898.39
2025-09-14 08:00:00,24.605,24.759,24.31,24.35,2322340.54
2025-09-14 12:00:00,24.351,24.48,23.825,24.029,4691675.02
2025-09-14 16:00:00,24.028,24.249,23.985,24.146,1946939.3
2025-09-14 20:00:00,24.147,24.389,24.033,24.083,1799254.14
2025-09-15 00:00:00,24.083,24.303,23.889,24.253,2513102.7
2025-09-15 04:00:00,24.253,24.418,23.736,23.837,3990687.82
2025-09-15 08:00:00,23.837,23.843,23.176,23.408,6329924.24
2025-09-15 12:00:00,23.408,23.433,22.983,23.154,4552179.41
2025-09-15 16:00:00,23.154,23.394,22.965,23.336,2752555.59
2025-09-15 20:00:00,23.336,23.856,23.307,23.55,2151832.8
2025-09-16 00:00:00,23.549,23.62,23.345,23.347,2022334.98
2025-09-16 04:00:00,23.348,23.573,23.145,23.478,2403631.55
2025-09-16 08:00:00,23.478,23.743,23.477,23.605,2454748.8
2025-09-16 12:00:00,23.604,23.687,23.082,23.45,3842165.2
2025-09-16 16:00:00,23.451,23.726,23.24,23.566,3265988.64
2025-09-16 20:00:00,23.567,23.737,23.441,23.472,1823150.55
2025-09-17 00:00:00,23.473,23.625,23.274,23.289,2094653.19
2025-09-17 04:00:00,23.289,23.6,23.182,23.543,2457284.16
2025-09-17 08:00:00,23.545,23.55,23.026,23.069,3087159.96
2025-09-17 12:00:00,23.069,23.106,22.755,22.951,4463545.45
2025-09-17 16:00:00,22.95,23.489,22.727,23.436,8694482.13
2025-09-17 20:00:00,23.435,24.239,23.231,23.988,5441269.12
2025-09-18 00:00:00,23.989,24.179,23.83,24.122,3176400.38
2025-09-18 04:00:00,24.122,24.16,23.681,23.959,3033060.26
2025-09-18 08:00:00,23.96,24.42,23.911,24.202,3768123.73
2025-09-18 12:00:00,24.202,24.493,24.05,24.46,4102592.79
2025-09-18 16:00:00,24.46,24.599,24.333,24.485,3003624.91
2025-09-18 20:00:00,24.485,24.745,24.448,24.624,3019614.87
2025-09-19 00:00:00,24.624,24.889,24.415,24.472,3799533.44
2025-09-19 04:00:00,24.471,24.842,24.227,24.73,5238571.51
2025-09-19 08:00:00,24.73,24.849,23.794,23.848,5738624.33
2025-09-19 12:00:00,23.848,23.975,23.315,23.589,6506963.12
2025-09-19 16:00:00,23.589,23.701,23.251,23.368,2959985.79
2025-09-19 20:00:00,23.368,23.664,23.355,23.462,2148679.27
2025-09-20 00:00:00,23.461,23.638,23.326,23.404,1747125.06
2025-09-20 04:00:00,23.404,23.574,23.35,23.494,1589791.91
2025-09-20 08:00:00,23.493,23.493,23.124,23.283,2413315.33
2025-09-20 12:00:00,23.283,23.57,23.073,23.41,2610505.83
2025-09-20 16:00:00,23.409,23.479,23.216,23.283,1489056.91
2025-09-20 20:00:00,23.283,23.447,23.257,23.318,1035011.95
2025-09-21 00:00:00,23.318,23.411,23.225,23.369,1109625.21
2025-09-21 04:00:00,23.368,23.479,23.263,23.343,1247067.1
2025-09-21 08:00:00,23.343,23.388,23.011,23.101,2508695.12
2025-09-21 12:00:00,23.102,23.253,23.029,23.072,1432202.47
2025-09-21 16:00:00,23.073,23.186,22.881,23.158,2083060.83
2025-09-21 20:00:00,23.158,23.179,22.904,22.941,1354992.69
2025-09-22 00:00:00,22.94,23.038,21.891,22.162,9365646.37
2025-09-22 04:00:00,22.163,22.226,20.032,21.265,12188265.64
2025-09-22 08:00:00,21.266,21.387,21.037,21.19,4239008.1
2025-09-22 12:00:00,21.19,21.597,21.149,21.19,4173655.46
2025-09-22 16:00:00,21.19,21.339,21.103,21.164,3258424.41
2025-09-22 20:00:00,21.164,21.665,21.132,21.642,2104674.32
2025-09-23 00:00:00,21.642,21.756,21.172,21.562,4483720.65
2025-09-23 04:00:00,21.561,21.871,21.347,21.781,3814914.77
2025-09-23 08:00:00,21.782,21.864,21.671,21.771,2465517.34
2025-09-23 12:00:00,21.77,22.036,21.704,21.847,3925686.17
2025-09-23 16:00:00,21.847,21.981,21.525,21.567,3718278.43
2025-09-23 20:00:00,21.566,21.811,21.47,21.508,2010980.27
2025-09-24 00:00:00,21.509,21.678,21.113,21.277,3077609.04
2025-09-24 04:00:00,21.274,21.781,20.942,21.713,6686645.74
2025-09-24 08:00:00,21.714,21.873,21.622,21.767,1785101.32
2025-09-24 12:00:00,21.767,21.954,21.54,21.753,3234347.12
2025-09-24 16:00:00,21.755,21.95,21.705,21.813,2028200.51
2025-09-24 20:00:00,21.814,21.843,21.543,21.594,1489434.49
2025-09-25 00:00:00,21.595,21.648,21.12,21.288,4508308.27
2025-09-25 04:00:00,21.287,21.35,20.885,20.956,4526498.28
2025-09-25 08:00:00,20.955,21.147,20.706,20.745,4351208.69
2025-09-25 12:00:00,20.744,21.141,20.355,20.877,7806501.14
2025-09-25 16:00:00,20.878,20.898,19.82,20.395,9130631.68
2025-09-25 20:00:00,20.397,20.538,19.974,20.139,4246042.86
2025-09-26 00:00:00,20.138,20.597,20.09,20.536,3223895.24
2025-09-26 04:00:00,20.537,20.629,20.217,20.355,3313240.29
2025-09-26 08:00:00,20.355,20.53,19.924,20.171,3992223.9
2025-09-26 12:00:00,20.171,20.654,19.991,20.585,5785000.55
2025-09-26 16:00:00,20.585,21.23,20.564,20.953,4570678.87
2025-09-26 20:00:00,20.954,21.117,20.88,21.06,1497966.89
2025-09-27 00:00:00,21.06,21.116,20.956,21.077,1390321.57
2025-09-27 04:00:00,21.077,21.143,20.905,20.946,1117464.7
2025-09-27 08:00:00,20.946,21.1,20.816,20.988,2033980.2
2025-09-27 12:00:00,20.987,21.049,20.842,20.941,1523401.11
2025-09-27 16:00:00,20.942,20.947,20.721,20.833,1581936.5
2025-09-27 20:00:00,20.833,21.082,20.806,20.906,1078463.88
2025-09-28 00:00:00,20.907,20.937,20.629,20.707,1699393.02
2025-09-28 04:00:00,20.706,20.816,20.623,20.722,1181368.59
2025-09-28 08:00:00,20.723,20.774,20.492,20.557,2409901.75
2025-09-28 12:00:00,20.557,20.984,20.419,20.971,2683379.18
2025-09-28 16:00:00,20.972,21.32,20.972,21.203,2974128.82
2025-09-28 20:00:00,21.203,21.714,21.173,21.668,2982164.86
2025-09-29 00:00:00,21.668,21.679,21.375,21.478,2137319.47
2025-09-29 04:00:00,21.478,21.482,21.138,21.245,2199531.15
2025-09-29 08:00:00,21.245,21.393,21.05,21.182,2563619.29
2025-09-29 12:00:00,21.182,21.68,20.891,21.38,5392460.12
2025-09-29 16:00:00,21.38,21.746,21.187,21.712,2787911.72
2025-09-29 20:00:00,21.712,21.889,21.665,21.72,2838571.85
2025-09-30 00:00:00,21.721,21.867,21.433,21.464,3415798.19
2025-09-30 04:00:00,21.465,21.688,21.337,21.409,2716065.42
2025-09-30 08:00:00,21.409,21.5,21.231,21.397,3214657.74
2025-09-30 12:00:00,21.397,21.496,20.95,21.091,4481706.48
2025-09-30 16:00:00,21.09,21.544,20.986,21.525,3424493.29
2025-09-30 20:00:00,21.526,21.684,21.282,21.304,2438316.3
2025-10-01 00:00:00,21.304,21.576,21.053,21.165,3280078.73
2025-10-01 04:00:00,21.166,21.389,21.12,21.323,2290661.84
2025-10-01 08:00:00,21.323,22.287,21.302,22.222,6367702.4
2025-10-01 12:00:00,22.221,22.48,22.111,22.391,3680760.42
2025-10-01 16:00:00,22.392,22.624,22.288,22.529,2858159.32
2025-10-01 20:00:00,22.53,22.6,22.248,22.568,2358005.15
2025-10-02 00:00:00,22.568,22.789,22.411,22.689,3039047.87
2025-10-02 04:00:00,22.69,22.848,22.55,22.563,2560752.57
2025-10-02 08:00:00,22.563,22.616,22.35,22.385,2499734.59
2025-10-02 12:00:00,22.385,22.553,21.926,22.411,6205941.0
2025-10-02 16:00:00,22.412,23.115,22.375,22.916,5054496.42
2025-10-02 20:00:00,22.916,22.96,22.641,22.764,2382900.51
2025-10-03 00:00:00,22.764,22.86,22.53,22.587,2470279.77
2025-10-03 04:00:00,22.588,22.691,22.289,22.376,2149335.01
2025-10-03 08:00:00,22.376,22.416,22.223,22.255,2031878.15
2025-10-03 12:00:00,22.256,22.734,22.079,22.71,5071681.07
2025-10-03 16:00:00,22.711,23.082,22.11,22.617,8083131.41
2025-10-03 20:00:00,22.617,22.708,22.476,22.499,1743411.23
2025-10-04 00:00:00,22.499,22.612,22.146,22.215,2124131.0
2025-10-04 04:00:00,22.215,22.272,22.036,22.062,2006887.44
2025-10-04 08:00:00,22.062,22.063,21.754,21.835,3399320.76
2025-10-04 12:00:00,21.835,22.158,21.766,21.834,3887136.93
2025-10-04 16:00:00,21.834,22.019,21.809,21.988,1771840.35
2025-10-04 20:00:00,21.989,22.126,21.984,22.009,1087911.72
2025-10-05 00:00:00,22.01,22.597,21.922,22.341,3348039.12
2025-10-05 04:00:00,22.34,22.84,22.322,22.811,3311905.23
2025-10-05 08:00:00,22.81,22.939,22.482,22.749,5192431.42
2025-10-05 12:00:00,22.749,22.76,22.396,22.465,2408819.56
2025-10-05 16:00:00,22.465,22.63,21.861,21.936,4379730.11
2025-10-05 20:00:00,21.937,22.133,21.87,21.984,1936904.72
2025-10-06 00:00:00,21.984,22.197,21.469,21.883,5749422.97
2025-10-06 04:00:00,21.883,22.149,21.734,21.916,2884564.12
2025-10-06 08:00:00,21.916,22.234,21.916,22.105,2876901.66
2025-10-06 12:00:00,22.106,22.979,22.106,22.83,7108081.53
2025-10-06 16:00:00,22.83,23.527,22.782,23.436,6652306.18
2025-10-06 20:00:00,23.435,23.598,23.25,23.368,3560388.53
2025-10-07 00:00:00,23.369,23.735,23.337,23.348,3450065.56
2025-10-07 04:00:00,23.349,23.65,22.808,22.85,5370847.17
2025-10-07 08:00:00,22.85,22.884,22.559,22.847,5024659.05
2025-10-07 12:00:00,22.846,23.068,21.83,21.983,12390852.54
2025-10-07 16:00:00,21.982,22.189,21.784,21.861,5170590.86
2025-10-07 20:00:00,21.862,22.171,21.75,21.791,3178684.78
2025-10-08 00:00:00,21.791,22.137,21.642,21.74,3132402.89
2025-10-08 04:00:00,21.739,21.96,21.614,21.899,3304946.06
2025-10-08 08:00:00,21.9,22.149,21.848,22.052,2636039.69
2025-10-08 12:00:00,22.051,22.341,21.829,21.986,3947560.35
2025-10-08 16:00:00,21.985,22.562,21.938,22.479,4301695.46
2025-10-08 20:00:00,22.479,22.661,22.386,22.625,1741420.1
2025-10-09 00:00:00,22.625,22.672,21.947,22.261,3228862.63
2025-10-09 04:00:00,22.261,22.491,21.928,21.962,2442197.29
2025-10-09 08:00:00,21.961,21.967,21.581,21.715,3972569.53
2025-10-09 12:00:00,21.715,22.024,21.314,21.483,5885682.45
2025-10-09 16:00:00,21.482,21.901,21.316,21.721,3556830.57
2025-10-09 20:00:00,21.721,22.125,21.688,21.986,1959436.49
2025-10-10 00:00:00,21.986,22.597,21.971,22.399,3446938.95
2025-10-10 04:00:00,22.399,22.621,22.25,22.296,2764763.52
2025-10-10 08:00:00,22.296,22.776,22.263,22.404,3394187.18
2025-10-10 12:00:00,22.404,22.777,21.201,21.365,10152160.72
2025-10-10 16:00:00,21.364,21.531,20.384,20.479,10143432.02
2025-10-10 20:00:00,20.479,20.683,8.164,17.275,50939576.92
2025-10-11 00:00:00,17.279,18.139,16.836,17.476,12983907.16
2025-10-11 04:00:00,17.475,17.846,17.3,17.721,6747072.24
2025-10-11 08:00:00,17.72,18.51,17.626,18.04,6268393.75
2025-10-11 12:00:00,18.039,18.116,17.4,17.97,4785387.02
2025-10-11 16:00:00,17.97,18.138,17.103,17.274,4630458.39
2025-10-11 20:00:00,17.273,17.317,16.598,17.19,6819123.09
2025-10-12 00:00:00,17.19,17.243,16.669,17.071,4388608.58
2025-10-12 04:00:00,17.072,17.508,17.024,17.393,3066075.19
2025-10-12 08:00:00,17.393,17.56,17.164,17.391,2850692.9
2025-10-12 12:00:00,17.39,18.799,17.217,18.764,10055539.06
2025-10-12 16:00:00,18.762,19.362,18.762,19.35,7630787.39
2025-10-12 20:00:00,19.349,19.417,18.803,18.983,3832256.61
2025-10-13 00:00:00,18.983,19.251,18.72,19.018,3789072.14
2025-10-13 04:00:00,19.018,19.666,18.913,19.526,3710485.73
2025-10-13 08:00:00,19.525,19.77,18.938,19.188,5959987.25
2025-10-13 12:00:00,19.189,19.836,19.056,19.731,10198893.9
2025-10-13 16:00:00,19.731,20.117,19.461,20.043,6115417.68
2025-10-13 20:00:00,20.043,20.189,19.818,19.838,2227473.13
2025-10-14 00:00:00,19.839,20.058,19.304,19.458,3787569.02
2025-10-14 04:00:00,19.458,19.526,18.24,18.548,8353307.82
2025-10-14 08:00:00,18.547,18.747,18.058,18.573,5940171.25
2025-10-14 12:00:00,18.573,19.043,18.133,19.033,8712451.27
2025-10-14 16:00:00,19.034,19.353,18.618,18.871,7263150.3
2025-10-14 20:00:00,18.873,19.161,18.795,19.093,1964399.45
2025-10-15 00:00:00,19.093,19.244,18.824,18.906,2527065.68
2025-10-15 04:00:00,18.906,19.143,18.822,18.856,2490163.06
2025-10-15 08:00:00,18.856,19.237,18.556,18.673,4760561.14
2025-10-15 12:00:00,18.673,18.724,18.024,18.116,6018605.7
2025-10-15 16:00:00,18.117,18.247,17.834,18.031,4324865.19
2025-10-15 20:00:00,18.032,18.118,17.709,18.044,3151230.5
2025-10-16 00:00:00,18.043,18.192,17.906,18.025,1820446.65
2025-10-16 04:00:00,18.026,18.204,17.906,18.039,1891597.2
2025-10-16 08:00:00,18.039,18.484,17.483,18.483,5213274.73
2025-10-16 12:00:00,18.482,18.616,17.586,17.653,6659175.15
2025-10-16 16:00:00,17.652,18.073,17.247,17.384,7663282.41
2025-10-16 20:00:00,17.385,17.461,17.093,17.417,2936130.14
2025-10-17 00:00:00,17.418,17.689,17.346,17.506,2229327.29
2025-10-17 04:00:00,17.506,17.521,16.171,16.198,7393647.97
2025-10-17 08:00:00,16.2,16.583,15.683,16.522,11036216.35
2025-10-17 12:00:00,16.522,16.692,16.137,16.619,6587840.86
2025-10-17 16:00:00,16.619,16.858,16.238,16.377,4207369.25
2025-10-17 20:00:00,16.375,16.758,16.322,16.594,2841285.63
2025-10-18 00:00:00,16.594,16.89,16.57,16.786,1953587.48
2025-10-18 04:00:00,16.786,16.997,16.563,16.697,2615542.33
2025-10-18 08:00:00,16.697,16.93,16.681,16.864,2134365.41
2025-10-18 12:00:00,16.864,16.963,16.607,16.778,2070245.34
2025-10-18 16:00:00,16.779,16.89,16.622,16.836,1488604.42
2025-10-18 20:00:00,16.835,16.949,16.742,16.804,1323948.82
2025-10-19 00:00:00,16.804,16.887,16.634,16.853,1513729.68
2025-10-19 04:00:00,16.853,16.907,16.647,16.789,1649608.3
2025-10-19 08:00:00,16.789,17.294,16.519,17.136,5721214.45
2025-10-19 12:00:00,17.137,17.536,17.018,17.393,3270417.75
2025-10-19 16:00:00,17.394,17.651,17.305,17.448,2331967.8
2025-10-19 20:00:00,17.447,17.539,17.23,17.274,1568776.17
2025-10-20 00:00:00,17.274,17.677,16.921,17.607,3069240.56
2025-10-20 04:00:00,17.606,18.949,17.568,18.616,8599437.59
2025-10-20 08:00:00,18.616,19.031,18.557,18.994,5637517.36
2025-10-20 12:00:00,18.993,19.18,18.745,18.759,5767329.88
2025-10-20 16:00:00,18.759,18.92,18.419,18.839,6032550.61
2025-10-20 20:00:00,18.84,18.947,18.6,18.647,2522587.86
2025-10-21 00:00:00,18.646,18.949,18.121,18.145,4881151.16
2025-10-21 04:00:00,18.146,18.166,17.657,18.052,6199305.83
2025-10-21 08:00:00,18.051,18.099,17.784,18.053,3644379.76
2025-10-21 12:00:00,18.053,18.959,17.815,18.792,10515332.66
2025-10-21 16:00:00,18.792,18.889,18.059,18.172,7271602.14
2025-10-21 20:00:00,18.172,18.21,17.528,17.597,5180477.66
2025-10-22 00:00:00,17.598,17.724,17.409,17.618,3443155.31
2025-10-22 04:00:00,17.619,17.825,17.421,17.607,4027308.2
2025-10-22 08:00:00,17.606,17.606,17.132,17.404,4165770.75
2025-10-22 12:00:00,17.404,17.591,17.13,17.468,6071776.4
2025-10-22 16:00:00,17.469,17.501,17.085,17.242,3864572.54
2025-10-22 20:00:00,17.243,17.274,16.691,17.195,5446340.63
2025-10-23 00:00:00,17.196,17.36,17.162,17.257,2040062.85
2025-10-23 04:00:00,17.257,17.667,17.239,17.569,2714125.94
2025-10-23 08:00:00,17.57,17.695,17.255,17.293,3374783.96
2025-10-23 12:00:00,17.292,17.539,17.088,17.399,4371623.71
2025-10-23 16:00:00,17.4,17.785,17.345,17.464,3469877.09
2025-10-23 20:00:00,17.464,17.467,17.17,17.423,1781711.17
2025-10-24 00:00:00,17.423,17.475,17.281,17.336,1950154.9
2025-10-24 04:00:00,17.336,17.732,17.294,17.634,2880051.21
2025-10-24 08:00:00,17.634,17.795,17.526,17.726,2379537.42
2025-10-24 12:00:00,17.727,18.1,17.443,17.551,4782901.99
2025-10-24 16:00:00,17.55,17.843,17.465,17.769,2362813.82
2025-10-24 20:00:00,17.77,17.986,17.76,17.888,1494194.94
2025-10-25 00:00:00,17.888,17.969,17.781,17.794,1004075.37
2025-10-25 04:00:00,17.794,18.025,17.794,17.869,1414923.62
2025-10-25 08:00:00,17.868,18.028,17.854,17.984,1456965.86
2025-10-25 12:00:00,17.984,18.078,17.932,17.982,1526150.17
2025-10-25 16:00:00,17.982,18.185,17.941,18.181,1141345.23
2025-10-25 20:00:00,18.182,18.244,17.969,18.007,1380794.54
2025-10-26 00:00:00,18.007,18.016,17.682,17.732,1927772.44
2025-10-26 04:00:00,17.732,17.86,17.714,17.847,1243249.0
2025-10-26 08:00:00,17.847,18.337,17.842,18.309,3222897.39
2025-10-26 12:00:00,18.309,18.483,18.22,18.324,3182501.87
2025-10-26 16:00:00,18.325,18.334,18.089,18.172,1909230.65
2025-10-26 20:00:00,18.172,18.679,18.035,18.535,3569372.46
2025-10-27 00:00:00,18.535,19.038,18.489,18.946,3803632.54
2025-10-27 04:00:00,18.946,19.056,18.686,18.826,3084062.09
2025-10-27 08:00:00,18.826,18.912,18.359,18.484,3656037.71
2025-10-27 12:00:00,18.484,18.503,18.162,18.399,3812060.68
2025-10-27 16:00:00,18.399,18.904,18.398,18.483,3608120.36
2025-10-27 20:00:00,18.481,18.484,18.078,18.205,2948324.02
2025-10-28 00:00:00,18.206,18.398,18.058,18.222,2478142.66
2025-10-28 04:00:00,18.223,18.508,18.0,18.316,2835671.1
2025-10-28 08:00:00,18.316,18.539,18.284,18.384,2273423.7
2025-10-28 12:00:00,18.383,18.814,18.073,18.373,5900498.93
2025-10-28 16:00:00,18.374,18.651,17.848,17.987,4173020.76
2025-10-28 20:00:00,17.986,17.986,17.408,17.814,6012704.43
2025-10-29 00:00:00,17.815,17.995,17.731,17.794,2074011.36
2025-10-29 04:00:00,17.794,17.974,17.763,17.913,1522789.04
2025-10-29 08:00:00,17.914,18.15,17.726,18.1,2695862.33
2025-10-29 12:00:00,18.101,18.309,17.88,18.013,4870130.28
2025-10-29 16:00:00,18.013,18.53,17.522,18.265,10613289.18
2025-10-29 20:00:00,18.265,18.667,17.966,18.128,3801025.51
2025-10-30 00:00:00,18.129,18.306,18.004,18.156,2501017.62
2025-10-30 04:00:00,18.155,18.424,17.459,18.354,6800819.78
2025-10-30 08:00:00,18.355,18.374,17.634,17.651,4136472.5
2025-10-30 12:00:00,17.651,17.714,16.839,16.891,8031796.35
2025-10-30 16:00:00,16.891,17.0,16.336,16.385,5426683.82
2025-10-30 20:00:00,16.385,16.807,16.311,16.787,3906335.64
2025-10-31 00:00:00,16.788,17.082,16.724,16.935,4740226.63
2025-10-31 04:00:00,16.934,17.304,16.918,17.215,3353922.32
2025-10-31 08:00:00,17.215,17.346,17.132,17.326,2845731.77
2025-10-31 12:00:00,17.325,17.451,17.071,17.279,4393852.28
2025-10-31 16:00:00,17.28,17.364,16.762,17.299,4745019.54
2025-10-31 20:00:00,17.298,17.355,17.117,17.233,1695360.73
2025-11-01 00:00:00,17.233,17.323,17.047,17.313,1535491.38
2025-11-01 04:00:00,17.313,17.332,17.122,17.319,1478562.46
2025-11-01 08:00:00,17.318,17.435,17.24,17.341,1888586.78
2025-11-01 12:00:00,17.342,17.413,17.127,17.248,2179745.11
2025-11-01 16:00:00,17.248,17.332,17.026,17.231,2111596.37
2025-11-01 20:00:00,17.231,17.308,17.045,17.135,1060881.76
2025-11-02 00:00:00,17.136,17.206,17.037,17.146,1118235.63
2025-11-02 04:00:00,17.147,17.589,17.101,17.524,2873545.18
2025-11-02 08:00:00,17.524,17.636,17.24,17.572,2609089.56
2025-11-02 12:00:00,17.572,17.584,17.049,17.127,3078224.04
2025-11-02 16:00:00,17.127,17.287,16.98,17.049,2240403.34
2025-11-02 20:00:00,17.05,17.629,16.982,17.581,2511375.16
2025-11-03 00:00:00,17.581,17.659,16.325,16.354,6745889.41
2025-11-03 04:00:00,16.354,16.509,15.857,16.112,6057024.68
2025-11-03 08:00:00,16.112,16.237,15.8,16.055,4292729.01
2025-11-03 12:00:00,16.055,16.338,14.427,15.294,12713046.66
2025-11-03 16:00:00,15.294,15.85,15.236,15.337,7282894.3
2025-11-03 20:00:00,15.338,15.418,15.039,15.237,4562005.69
2025-11-04 00:00:00,15.239,15.5,15.101,15.417,3338905.35
2025-11-04 04:00:00,15.418,15.5,14.556,14.626,7811765.36
2025-11-04 08:00:00,14.625,15.255,14.516,15.048,5595036.04
2025-11-04 12:00:00,15.049,15.425,14.666,15.113,7926351.64
2025-11-04 16:00:00,15.112,15.229,14.127,14.289,10815842.75
2025-11-04 20:00:00,14.289,14.865,13.686,14.674,12279430.56
2025-11-05 00:00:00,14.675,14.899,13.979,14.845,6860377.62
2025-11-05 04:00:00,14.844,15.011,14.746,14.901,2822359.46
2025-11-05 08:00:00,14.901,14.903,14.53,14.822,3653984.32
2025-11-05 12:00:00,14.823,15.104,14.736,15.086,4450160.03
2025-11-05 16:00:00,15.086,15.393,14.898,15.245,3998430.15
2025-11-05 20:00:00,15.244,15.355,15.048,15.083,3698484.69
2025-11-06 00:00:00,15.084,15.205,14.837,15.122,3474971.68
2025-11-06 04:00:00,15.123,15.229,14.81,14.894,2756474.06
2025-11-06 08:00:00,14.893,14.966,14.744,14.925,2348099.78
2025-11-06 12:00:00,14.925,15.099,14.36,14.459,5897490.78
2025-11-06 16:00:00,14.459,14.777,14.234,14.728,4899150.29
2025-11-06 20:00:00,14.729,14.792,14.486,14.733,2743322.68
2025-11-07 00:00:00,14.734,15.026,14.566,14.944,3905300.56
2025-11-07 04:00:00,14.945,15.165,14.826,15.156,2575208.53
2025-11-07 08:00:00,15.157,15.181,14.489,14.675,3727705.94
2025-11-07 12:00:00,14.675,15.102,14.3,15.022,5556681.66
2025-11-07 16:00:00,15.023,16.213,14.943,16.061,7655833.46
2025-11-07 20:00:00,16.061,16.178,15.738,15.79,2975208.05
2025-11-08 00:00:00,15.791,16.028,15.61,15.755,3622701.92
2025-11-08 04:00:00,15.755,15.926,15.523,15.709,2694186.86
2025-11-08 08:00:00,15.71,15.925,15.595,15.676,3239968.81
2025-11-08 12:00:00,15.676,15.717,15.165,15.203,3746142.35
2025-11-08 16:00:00,15.203,15.439,15.109,15.36,2276814.47
2025-11-08 20:00:00,15.359,15.541,15.268,15.508,1040321.27
2025-11-09 00:00:00,15.509,15.515,15.012,15.095,2515929.96
2025-11-09 04:00:00,15.094,15.425,15.04,15.359,1962508.54
2025-11-09 08:00:00,15.359,15.488,15.068,15.421,2470387.93
2025-11-09 12:00:00,15.425,15.937,15.386,15.813,3997587.47
2025-11-09 16:00:00,15.813,16.086,15.711,16.082,2258096.19
2025-11-09 20:00:00,16.081,16.123,15.823,15.919,1832813.83
2025-11-10 00:00:00,15.92,16.303,15.776,16.228,2964282.25
2025-11-10 04:00:00,16.229,16.428,16.146,16.349,2212624.68
2025-11-10 08:00:00,16.349,16.645,16.179,16.51,2796033.7
2025-11-10 12:00:00,16.51,16.662,15.967,16.083,5204805.01
2025-11-10 16:00:00,16.082,16.276,15.922,16.149,3026863.33
2025-11-10 20:00:00,16.148,16.451,15.952,16.358,2389900.92
2025-11-11 00:00:00,16.359,16.789,16.166,16.626,3869145.46
2025-11-11 04:00:00,16.625,16.676,15.975,15.98,3257564.06
2025-11-11 08:00:00,15.981,16.218,15.949,16.189,2218109.85
2025-11-11 12:00:00,16.19,16.288,15.7,15.791,4401368.81
2025-11-11 16:00:00,15.791,15.886,15.583,15.629,2806623.64
2025-11-11 20:00:00,15.629,15.645,15.23,15.275,3335292.58
2025-11-12 00:00:00,15.276,15.458,15.174,15.386,2815547.71
2025-11-12 04:00:00,15.386,15.545,15.298,15.326,2482135.51
2025-11-12 08:00:00,15.326,16.187,15.326,16.106,4622627.27
2025-11-12 12:00:00,16.107,16.244,15.322,15.366,6367533.36
2025-11-12 16:00:00,15.366,15.413,14.907,15.07,6032887.41
2025-11-12 20:00:00,15.07,15.307,15.015,15.142,2389301.82
2025-11-13 00:00:00,15.142,15.653,15.049,15.528,3329387.7
2025-11-13 04:00:00,15.529,16.014,15.428,15.873,3985776.37
2025-11-13 08:00:00,15.873,15.947,15.64,15.733,2488466.17
2025-11-13 12:00:00,15.734,15.789,15.234,15.311,5516549.23
2025-11-13 16:00:00,15.31,15.363,14.186,14.272,8353581.53
2025-11-13 20:00:00,14.272,14.721,14.138,14.537,5100639.27
2025-11-14 00:00:00,14.537,14.599,14.342,14.426,3240480.76
2025-11-14 04:00:00,14.426,14.56,13.901,14.44,7685648.54
2025-11-14 08:00:00,14.44,14.447,14.104,14.179,4150083.14
2025-11-14 12:00:00,14.18,14.454,13.816,14.286,8477763.16
2025-11-14 16:00:00,14.286,14.489,14.055,14.293,4145355.13
2025-11-14 20:00:00,14.294,14.304,13.571,13.802,4023550.93
2025-11-15 00:00:00,13.801,14.279,13.787,14.192,2756995.88
2025-11-15 04:00:00,14.193,14.281,14.054,14.076,2217151.34
2025-11-15 08:00:00,14.077,14.099,13.824,14.008,2777178.94
2025-11-15 12:00:00,14.009,14.291,13.962,14.165,2372305.47
2025-11-15 16:00:00,14.165,14.33,14.055,14.211,2181017.66
2025-11-15 20:00:00,14.211,14.213,13.984,14.128,1979888.23
2025-11-16 00:00:00,14.127,14.251,13.842,14.184,2597197.89
2025-11-16 04:00:00,14.184,14.335,14.096,14.328,1265763.83
2025-11-16 08:00:00,14.329,14.518,14.018,14.055,4035869.18
2025-11-16 12:00:00,14.054,14.189,13.749,13.777,3753405.09
2025-11-16 16:00:00,13.776,13.88,13.385,13.623,6185520.64
2025-11-16 20:00:00,13.623,13.848,13.392,13.727,4061724.85
2025-11-17 00:00:00,13.727,13.991,13.571,13.976,2912043.98
2025-11-17 04:00:00,13.976,14.157,13.91,14.114,1930833.56
2025-11-17 08:00:00,14.115,14.204,14.017,14.159,1766355.17
2025-11-17 12:00:00,14.158,14.28,13.587,13.706,7713026.37
2025-11-17 16:00:00,13.706,13.789,13.083,13.21,7476627.06
2025-11-17 20:00:00,13.21,13.349,13.074,13.323,3840970.36
2025-11-18 00:00:00,13.322,13.516,13.05,13.452,5490902.52
2025-11-18 04:00:00,13.452,13.585,13.231,13.381,4488327.84
2025-11-18 08:00:00,13.381,13.592,13.368,13.486,2804963.26
2025-11-18 12:00:00,13.487,13.826,13.282,13.707,5333964.54
2025-11-18 16:00:00,13.707,13.99,13.677,13.902,3307358.45
2025-11-18 20:00:00,13.903,13.951,13.699,13.797,1912814.84
2025-11-19 00:00:00,13.796,13.835,13.459,13.495,3397313.03
2025-11-19 04:00:00,13.495,13.538,13.107,13.474,4316243.35
2025-11-19 08:00:00,13.474,13.551,13.322,13.388,3045859.22
2025-11-19 12:00:00,13.388,13.503,12.972,13.01,5903103.41
2025-11-19 16:00:00,13.009,13.127,12.757,12.878,7148788.99
2025-11-19 20:00:00,12.879,13.591,12.844,13.52,4776948.72
2025-11-20 00:00:00,13.521,13.706,13.455,13.65,2285252.42
2025-11-20 04:00:00,13.649,13.947,13.582,13.942,3528589.96
2025-11-20 08:00:00,13.942,14.0,13.564,13.706,3889986.59
2025-11-20 12:00:00,13.707,13.915,13.4,13.417,5109341.08
2025-11-20 16:00:00,13.416,13.441,12.759,12.99,9928225.41
2025-11-20 20:00:00,12.989,13.336,12.832,12.932,3588576.68
2025-11-21 00:00:00,12.931,13.206,12.787,12.86,4131289.2
2025-11-21 04:00:00,12.859,12.922,11.675,12.264,9244318.17
2025-11-21 08:00:00,12.265,12.419,11.847,11.886,7502941.21
2025-11-21 12:00:00,11.887,12.313,11.602,11.907,12544664.43
2025-11-21 16:00:00,11.906,12.358,11.723,12.114,10103819.04
2025-11-21 20:00:00,12.113,12.242,11.786,12.11,5666224.89
2025-11-22 00:00:00,12.11,12.24,12.024,12.105,3166395.55
2025-11-22 04:00:00,12.105,12.111,11.831,11.991,3702593.43
2025-11-22 08:00:00,11.991,12.019,11.746,11.96,3703507.19
2025-11-22 12:00:00,11.959,12.005,11.731,11.915,3469613.53
2025-11-22 16:00:00,11.914,12.095,11.905,11.994,1982810.76
2025-11-22 20:00:00,11.993,12.299,11.933,12.166,1865265.26
2025-11-23 00:00:00,12.166,12.464,12.105,12.455,2264350.61
2025-11-23 04:00:00,12.455,12.596,12.292,12.356,2488103.92
2025-11-23 08:00:00,12.356,12.602,12.356,12.512,3729528.11
2025-11-23 12:00:00,12.511,12.724,12.485,12.674,3153194.86
2025-11-23 16:00:00,12.674,12.742,12.444,12.628,2708144.75
2025-11-23 20:00:00,12.627,12.741,12.481,12.511,1747340.11
2025-11-24 00:00:00,12.512,12.836,12.347,12.678,3680293.32
2025-11-24 04:00:00,12.678,12.852,12.466,12.572,3130623.99
2025-11-24 08:00:00,12.572,12.643,12.35,12.491,2922792.69
2025-11-24 12:00:00,12.491,12.69,12.295,12.616,4230427.92
2025-11-24 16:00:00,12.616,13.198,12.599,12.992,5321977.4
2025-11-24 20:00:00,12.992,13.154,12.942,12.962,2249446.67
2025-11-25 00:00:00,12.962,13.031,12.858,12.896,2225858.39
2025-11-25 04:00:00,12.896,13.038,12.802,12.811,1886063.73
2025-11-25 08:00:00,12.81,12.873,12.651,12.767,2787915.66
2025-11-25 12:00:00,12.768,12.943,12.541,12.729,4745410.53
2025-11-25 16:00:00,12.729,13.14,12.718,12.971,3858627.12
2025-11-25 20:00:00,12.971,13.216,12.858,13.077,3358139.22
2025-11-26 00:00:00,13.078,13.164,12.924,12.944,2018400.17
2025-11-26 04:00:00,12.945,13.072,12.911,13.066,1446304.95
2025-11-26 08:00:00,13.067,13.08,12.793,12.836,2206447.22
2025-11-26 12:00:00,12.836,13.001,12.74,12.869,2671463.1
2025-11-26 16:00:00,12.87,13.503,12.865,13.45,4677020.0
2025-11-26 20:00:00,13.449,13.494,13.354,13.449,1608251.14
2025-11-27 00:00:00,13.448,13.568,13.352,13.365,2096005.09
2025-11-27 04:00:00,13.366,13.451,13.273,13.348,1493887.61
2025-11-27 08:00:00,13.348,13.432,13.26,13.336,1346652.01
2025-11-27 12:00:00,13.336,13.47,13.221,13.458,1902177.58
2025-11-27 16:00:00,13.458,13.533,13.393,13.462,1618443.4
2025-11-27 20:00:00,13.462,13.51,13.297,13.329,1165869.35
2025-11-28 00:00:00,13.329,13.385,13.135,13.283,2127016.41
2025-11-28 04:00:00,13.283,13.329,13.183,13.216,1441413.24
2025-11-28 08:00:00,13.217,13.543,13.211,13.295,2909357.3
2025-11-28 12:00:00,13.295,13.52,13.246,13.415,2740149.26
2025-11-28 16:00:00,13.415,13.417,13.034,13.198,3440811.0
2025-11-28 20:00:00,13.199,13.214,13.063,13.114,1363157.1
2025-11-29 00:00:00,13.115,13.205,13.047,13.069,1124004.12
2025-11-29 04:00:00,13.069,13.154,12.976,13.091,1790267.54
2025-11-29 08:00:00,13.091,13.162,13.017,13.149,1352387.12
2025-11-29 12:00:00,13.15,13.214,13.037,13.165,1294828.47
2025-11-29 16:00:00,13.166,13.168,12.904,13.014,2133613.41
2025-11-29 20:00:00,13.014,13.046,12.941,12.976,1153316.78
2025-11-30 00:00:00,12.976,13.119,12.935,13.103,1237388.33
2025-11-30 04:00:00,13.104,13.109,12.971,13.046,894204.52
2025-11-30 08:00:00,13.047,13.109,12.988,12.994,1515869.01
2025-11-30 12:00:00,12.995,13.326,12.964,13.24,2854878.28
2025-11-30 16:00:00,13.24,13.413,13.235,13.303,1720909.36
2025-11-30 20:00:00,13.303,13.355,12.928,12.945,2021441.69
2025-12-01 00:00:00,12.944,12.973,12.094,12.135,9288994.66
2025-12-01 04:00:00,12.134,12.274,12.031,12.183,3505202.98
2025-12-01 08:00:00,12.183,12.207,12.103,12.112,2054989.74
2025-12-01 12:00:00,12.112,12.207,11.813,11.996,5837888.15
2025-12-01 16:00:00,11.997,12.002,11.739,11.832,4112356.96
2025-12-01 20:00:00,11.832,12.159,11.83,12.067,2649029.31
2025-12-02 00:00:00,12.067,12.223,11.968,12.094,1862868.1
2025-12-02 04:00:00,12.094,12.183,12.071,12.124,1335366.99
2025-12-02 08:00:00,12.123,12.278,11.989,12.25,2458027.0
2025-12-02 12:00:00,12.251,13.412,12.182,13.292,7600528.74
2025-12-02 16:00:00,13.293,13.498,13.225,13.407,5359626.03
2025-12-02 20:00:00,13.408,13.586,13.267,13.462,3265992.81
2025-12-03 00:00:00,13.462,13.991,13.431,13.934,4644294.79
2025-12-03 04:00:00,13.935,14.415,13.903,14.378,5599898.3
2025-12-03 08:00:00,14.377,14.589,14.272,14.43,4877833.17
2025-12-03 12:00:00,14.43,14.671,14.193,14.387,7421489.04
2025-12-03 16:00:00,14.388,14.556,14.277,14.417,3460790.18
2025-12-03 20:00:00,14.416,14.738,14.342,14.631,3792765.29
2025-12-04 00:00:00,14.631,14.921,14.51,14.61,4462038.4
2025-12-04 04:00:00,14.61,14.631,14.342,14.535,3112303.33
2025-12-04 08:00:00,14.536,14.785,14.432,14.474,3320371.56
2025-12-04 12:00:00,14.474,14.588,14.212,14.47,3666284.06
2025-12-04 16:00:00,14.47,14.541,13.957,14.2,4104730.38
2025-12-04 20:00:00,14.199,14.378,14.148,14.248,2007425.08
2025-12-05 00:00:00,14.248,14.393,14.185,14.246,2247621.1
2025-12-05 04:00:00,14.247,14.304,14.134,14.242,1743925.82
2025-12-05 08:00:00,14.242,14.324,13.958,14.043,3157934.2
2025-12-05 12:00:00,14.043,14.162,13.732,13.935,4927012.77
2025-12-05 16:00:00,13.934,13.943,13.355,13.555,6263077.05
2025-12-05 20:00:00,13.555,13.644,13.465,13.581,1493805.53
2025-12-06 00:00:00,13.581,13.765,13.486,13.664,1581008.16
2025-12-06 04:00:00,13.665,13.671,13.518,13.593,1503845.42
2025-12-06 08:00:00,13.593,13.77,13.492,13.742,2033613.53
2025-12-06 12:00:00,13.742,13.929,13.626,13.81,2955987.02
2025-12-06 16:00:00,13.81,14.071,13.795,13.871,2473224.66
2025-12-06 20:00:00,13.872,14.021,13.841,13.912,1364062.87
2025-12-07 00:00:00,13.912,14.007,13.881,14.003,1123407.24
2025-12-07 04:00:00,14.003,14.029,13.853,13.921,1210685.17
2025-12-07 08:00:00,13.921,13.927,13.731,13.776,1532635.8
2025-12-07 12:00:00,13.777,13.944,13.168,13.6,6848355.09
2025-12-07 16:00:00,13.599,14.168,13.459,14.054,4066091.76
2025-12-07 20:00:00,14.054,14.114,13.412,13.641,3351036.59
2025-12-08 00:00:00,13.642,14.039,13.57,13.884,2421102.44
2025-12-08 04:00:00,13.883,14.06,13.865,14.001,1700762.2
2025-12-08 08:00:00,14.001,14.285,13.903,13.933,2703636.31
2025-12-08 12:00:00,13.933,14.091,13.669,13.731,4480647.98
2025-12-08 16:00:00,13.73,13.897,13.551,13.695,3125763.3
2025-12-08 20:00:00,13.696,13.916,13.694,13.754,1696573.29
2025-12-09 00:00:00,13.754,13.852,13.532,13.703,2622611.41
2025-12-09 04:00:00,13.704,13.842,13.564,13.829,1763635.37
2025-12-09 08:00:00,13.829,13.859,13.598,13.729,1781574.14
2025-12-09 12:00:00,13.729,14.432,13.634,14.403,4887412.0
2025-12-09 16:00:00,14.402,15.006,14.402,14.642,6853870.51
2025-12-09 20:00:00,14.642,14.645,14.216,14.399,2732904.66
2025-12-10 00:00:00,14.399,14.447,14.201,14.203,2122354.04
2025-12-10 04:00:00,14.204,14.269,14.1,14.169,1854890.91
2025-12-10 08:00:00,14.17,14.427,14.042,14.167,3203245.55
2025-12-10 12:00:00,14.167,14.177,13.931,14.011,2374768.01
2025-12-10 16:00:00,14.012,14.646,13.97,14.493,6450678.74
2025-12-10 20:00:00,14.493,14.884,14.048,14.088,6518127.4
2025-12-11 00:00:00,14.088,14.126,13.437,13.518,4076404.38
2025-12-11 04:00:00,13.518,13.675,13.454,13.531,2394778.43
2025-12-11 08:00:00,13.53,13.623,13.42,13.593,1791710.46
2025-12-11 12:00:00,13.594,13.717,13.424,13.51,3588575.76
2025-12-11 16:00:00,13.51,13.85,13.382,13.697,3190255.47
2025-12-11 20:00:00,13.696,14.207,13.692,14.06,4349733.25
2025-12-12 00:00:00,14.059,14.177,13.818,14.0,2385658.09
2025-12-12 04:00:00,13.999,14.196,13.94,14.05,1490626.61
2025-12-12 08:00:00,14.05,14.123,13.92,14.111,1685599.01
2025-12-12 12:00:00,14.111,14.339,13.417,13.523,5199546.12
2025-12-12 16:00:00,13.522,13.66,13.266,13.576,4879889.03
2025-12-12 20:00:00,13.577,13.69,13.531,13.627,1356244.28
2025-12-13 00:00:00,13.627,13.734,13.591,13.704,1009252.38
2025-12-13 04:00:00,13.704,13.795,13.684,13.783,1186482.68
2025-12-13 08:00:00,13.783,13.965,13.782,13.806,1667769.78
2025-12-13 12:00:00,13.806,13.842,13.642,13.813,1741907.22
2025-12-13 16:00:00,13.812,13.859,13.681,13.74,961069.52
2025-12-13 20:00:00,13.741,13.752,13.606,13.725,703950.66
2025-12-14 00:00:00,13.725,13.787,13.691,13.701,867581.85
2025-12-14 04:00:00,13.702,13.73,13.609,13.711,879971.83
2025-12-14 08:00:00,13.71,13.751,13.42,13.561,2023125.83
2025-12-14 12:00:00,13.562,13.661,13.404,13.465,1757297.25
2025-12-14 16:00:00,13.464,13.562,13.331,13.389,1762789.89
2025-12-14 20:00:00,13.388,13.437,13.084,13.267,1968005.96
2025-12-15 00:00:00,13.267,13.707,13.251,13.525,2204952.87
2025-12-15 04:00:00,13.526,13.694,13.468,13.566,1314117.82
2025-12-15 08:00:00,13.567,13.731,13.543,13.61,1245763.04
2025-12-15 12:00:00,13.61,13.691,12.718,12.773,6346036.11
2025-12-15 16:00:00,12.773,12.831,12.46,12.737,4614472.96
2025-12-15 20:00:00,12.737,12.892,12.601,12.851,2430075.8
2025-12-16 00:00:00,12.85,12.884,12.663,12.738,2148564.09
2025-12-16 04:00:00,12.739,12.878,12.539,12.688,1747717.48
2025-12-16 08:00:00,12.688,12.976,12.677,12.953,2543020.57
2025-12-16 12:00:00,12.952,13.128,12.68,13.038,4769349.95
2025-12-16 16:00:00,13.037,13.051,12.769,12.933,2247736.79
2025-12-16 20:00:00,12.932,12.996,12.863,12.92,924909.43
2025-12-17 00:00:00,12.921,12.987,12.753,12.818,1759671.42
2025-12-17 04:00:00,12.819,12.829,12.637,12.767,1819577.44
2025-12-17 08:00:00,12.767,12.767,12.581,12.691,1419535.22
2025-12-17 12:00:00,12.691,13.176,12.463,12.561,7681615.34
2025-12-17 16:00:00,12.561,12.645,12.113,12.277,6564801.33
2025-12-17 20:00:00,12.277,12.369,12.154,12.261,1936123.77
2025-12-18 00:00:00,12.261,12.29,12.132,12.187,2428353.22
2025-12-18 04:00:00,12.186,12.24,12.054,12.169,1763935.57
2025-12-18 08:00:00,12.17,12.298,12.153,12.283,1690774.32
2025-12-18 12:00:00,12.284,12.872,12.229,12.628,6244442.17
2025-12-18 16:00:00,12.627,12.658,11.728,11.75,7946175.43
2025-12-18 20:00:00,11.75,12.06,11.734,11.929,2958885.97
2025-12-19 00:00:00,11.93,12.34,11.835,12.219,3513778.27
2025-12-19 04:00:00,12.219,12.501,12.187,12.37,2470046.89
2025-12-19 08:00:00,12.37,12.453,12.334,12.438,1586994.8
2025-12-19 12:00:00,12.439,12.752,12.37,12.465,3718752.26
2025-12-19 16:00:00,12.464,12.7,12.37,12.625,2934604.49
2025-12-19 20:00:00,12.625,12.672,12.516,12.533,1386419.92
2025-12-20 00:00:00,12.534,12.575,12.472,12.543,944640.57
2025-12-20 04:00:00,12.543,12.623,12.474,12.609,1132591.76
2025-12-20 08:00:00,12.608,12.712,12.59,12.677,1570898.66
2025-12-20 12:00:00,12.678,12.689,12.544,12.614,1246535.13
2025-12-20 16:00:00,12.615,12.641,12.553,12.578,855022.17
2025-12-20 20:00:00,12.578,12.639,12.523,12.547,698363.71
2025-12-21 00:00:00,12.547,12.595,12.376,12.481,1825167.2
2025-12-21 04:00:00,12.482,12.554,12.481,12.508,678213.78
2025-12-21 08:00:00,12.508,12.706,12.478,12.569,1572860.6
2025-12-21 12:00:00,12.57,12.632,12.214,12.324,3530310.39
2025-12-21 16:00:00,12.324,12.43,12.263,12.398,1465630.0
2025-12-21 20:00:00,12.398,12.481,12.271,12.43,1257892.77
2025-12-22 00:00:00,12.43,12.714,12.313,12.54,3100878.22
2025-12-22 04:00:00,12.54,12.643,12.489,12.573,1566140.53
2025-12-22 08:00:00,12.573,12.738,12.549,12.685,2181738.06
2025-12-22 12:00:00,12.686,12.955,12.627,12.801,3838666.23
2025-12-22 16:00:00,12.802,12.857,12.417,12.441,2524198.93
2025-12-22 20:00:00,12.441,12.679,12.348,12.58,2545157.71
2025-12-23 00:00:00,12.579,12.694,12.429,12.49,1567661.03
2025-12-23 04:00:00,12.49,12.522,12.216,12.327,2342075.12
2025-12-23 08:00:00,12.327,12.403,12.262,12.361,1457622.05
2025-12-23 12:00:00,12.361,12.361,12.064,12.275,3587865.54
2025-12-23 16:00:00,12.275,12.439,12.232,12.354,2501288.86
2025-12-23 20:00:00,12.354,12.517,12.315,12.389,1335951.9
2025-12-24 00:00:00,12.39,12.431,12.163,12.26,1763566.64
2025-12-24 04:00:00,12.259,12.313,12.108,12.182,1540797.27
2025-12-24 08:00:00,12.182,12.246,12.121,12.22,1231613.46
2025-12-24 12:00:00,12.22,12.268,11.991,12.173,2930670.33
2025-12-24 16:00:00,12.173,12.276,12.114,12.243,1768616.62
2025-12-24 20:00:00,12.244,12.372,12.218,12.269,1589280.87
2025-12-25 00:00:00,12.269,12.36,12.223,12.326,996252.63
2025-12-25 04:00:00,12.327,12.349,12.274,12.302,790018.37
2025-12-25 08:00:00,12.302,12.358,12.104,12.185,1692310.01
2025-12-25 12:00:00,12.185,12.421,12.17,12.369,1579476.94
2025-12-25 16:00:00,12.369,12.415,12.263,12.378,1355864.61
2025-12-25 20:00:00,12.378,12.388,11.976,12.055,2141660.63
2025-12-26 00:00:00,12.054,12.539,12.014,12.385,3850262.84
2025-12-26 04:00:00,12.386,12.478,12.313,12.342,1836942.57
2025-12-26 08:00:00,12.343,12.458,12.336,12.41,1187010.81
2025-12-26 12:00:00,12.41,12.494,12.037,12.166,4100576.82
2025-12-26 16:00:00,12.167,12.252,12.109,12.19,1493251.22
2025-12-26 20:00:00,12.19,12.251,12.148,12.179,812658.59
2025-12-27 00:00:00,12.179,12.267,12.155,12.243,915202.34
2025-12-27 04:00:00,12.244,12.273,12.171,12.252,983523.05
2025-12-27 08:00:00,12.252,12.291,12.162,12.262,1141421.85
2025-12-27 12:00:00,12.263,12.342,12.228,12.314,1466259.57
2025-12-27 16:00:00,12.315,12.343,12.257,12.337,795459.38
2025-12-27 20:00:00,12.336,12.549,12.305,12.515,1917911.57
2025-12-28 00:00:00,12.516,12.549,12.436,12.498,1469420.4
2025-12-28 04:00:00,12.498,12.519,12.414,12.426,1134807.3
2025-12-28 08:00:00,12.427,12.505,12.367,12.443,1405970.22
2025-12-28 12:00:00,12.443,12.563,12.429,12.518,1586126.54
2025-12-28 16:00:00,12.519,12.595,12.327,12.348,1887367.09
2025-12-28 20:00:00,12.348,12.496,12.313,12.49,1135675.72
2025-12-29 00:00:00,12.49,12.995,12.458,12.935,4764022.43
2025-12-29 04:00:00,12.936,13.035,12.729,12.795,3118577.1
2025-12-29 08:00:00,12.795,12.839,12.467,12.5,3187928.83
2025-12-29 12:00:00,12.5,12.501,12.237,12.392,4882741.8
2025-12-29 16:00:00,12.392,12.454,12.269,12.297,1712771.34
2025-12-29 20:00:00,12.297,12.357,12.254,12.297,1105750.56
2025-12-30 00:00:00,12.296,12.411,12.254,12.381,1426239.03
2025-12-30 04:00:00,12.381,12.411,12.295,12.363,1285781.96
2025-12-30 08:00:00,12.363,12.549,12.36,12.482,2474918.4
2025-12-30 12:00:00,12.482,12.598,12.37,12.523,3129496.66
2025-12-30 16:00:00,12.523,12.584,12.335,12.418,1990140.62
2025-12-30 20:00:00,12.417,12.425,12.335,12.409,1009954.44
2025-12-31 00:00:00,12.409,12.464,12.35,12.388,1590442.93
2025-12-31 04:00:00,12.389,12.426,12.316,12.412,1604535.62
2025-12-31 08:00:00,12.412,12.478,12.369,12.467,1528852.47
2025-12-31 12:00:00,12.467,12.55,12.32,12.388,2301811.72
2025-12-31 16:00:00,12.389,12.41,12.18,12.233,3033836.93
2025-12-31 20:00:00,12.233,12.323,12.193,12.202,1855914.39
2026-01-01 00:00:00,12.201,12.269,12.197,12.215,925353.27
2026-01-01 04:00:00,12.214,12.28,12.142,12.174,1677237.44
2026-01-01 08:00:00,12.174,12.303,12.171,12.287,1167344.15
2026-01-01 12:00:00,12.287,12.447,12.235,12.391,2336643.89
2026-01-01 16:00:00,12.391,12.526,12.326,12.524,2244129.51
2026-01-01 20:00:00,12.524,12.638,12.473,12.605,2167824.91
2026-01-02 00:00:00,12.606,12.951,12.584,12.924,4363188.28
2026-01-02 04:00:00,12.924,12.997,12.837,12.844,3653849.55
2026-01-02 08:00:00,12.844,13.158,12.844,12.945,4243844.8
2026-01-02 12:00:00,12.945,13.189,12.821,13.074,4628670.65
2026-01-02 16:00:00,13.074,13.351,13.053,13.277,4139472.01
2026-01-02 20:00:00,13.278,13.44,13.211,13.273,2603253.26
2026-01-03 00:00:00,13.273,13.37,13.219,13.314,1992198.85
2026-01-03 04:00:00,13.315,13.325,12.962,13.013,2775829.4
2026-01-03 08:00:00,13.012,13.141,12.99,13.065,1869814.05
2026-01-03 12:00:00,13.066,13.174,13.045,13.064,2081354.04
2026-01-03 16:00:00,13.064,13.22,13.057,13.17,1340162.26
2026-01-03 20:00:00,13.169,13.257,13.111,13.225,1147347.34
2026-01-04 00:00:00,13.226,13.385,13.202,13.36,2407828.34
2026-01-04 04:00:00,13.359,13.456,13.265,13.34,1956518.8
2026-01-04 08:00:00,13.339,13.442,13.256,13.432,2081251.37
2026-01-04 12:00:00,13.433,13.56,13.361,13.486,2734249.58
2026-01-04 16:00:00,13.486,13.575,13.309,13.383,2134164.28
2026-01-04 20:00:00,13.382,13.497,13.351,13.415,1231908.54
2026-01-05 00:00:00,13.416,13.874,13.409,13.663,4233635.98
2026-01-05 04:00:00,13.662,13.687,13.393,13.572,2775520.88
2026-01-05 08:00:00,13.571,13.616,13.427,13.579,2003076.59
2026-01-05 12:00:00,13.58,13.741,13.385,13.713,3710667.23
2026-01-05 16:00:00,13.714,13.88,13.541,13.765,3456830.23
2026-01-05 20:00:00,13.766,14.128,13.751,13.907,5056452.07
2026-01-06 00:00:00,13.907,13.959,13.569,13.788,4985884.82
2026-01-06 04:00:00,13.789,13.977,13.672,13.714,2744098.38
2026-01-06 08:00:00,13.714,13.904,13.694,13.89,1807326.93
2026-01-06 12:00:00,13.891,14.231,13.814,13.989,5800217.82
2026-01-06 16:00:00,13.988,14.023,13.46,13.624,6005630.73
2026-01-06 20:00:00,13.624,14.066,13.624,14.029,2732600.09
2026-01-07 00:00:00,14.03,14.037,13.68,13.809,2203941.01
2026-01-07 04:00:00,13.809,13.88,13.693,13.87,1524137.3
2026-01-07 08:00:00,13.87,13.941,13.574,13.68,2779169.35
2026-01-07 12:00:00,13.681,13.725,13.277,13.365,4475288.37
2026-01-07 16:00:00,13.365,13.499,13.295,13.392,2483083.84
2026-01-07 20:00:00,13.392,13.468,13.294,13.44,1615444.65
2026-01-08 00:00:00,13.441,13.554,13.315,13.335,1496271.48
2026-01-08 04:00:00,13.336,13.474,13.057,13.31,2834739.21
2026-01-08 08:00:00,13.31,13.363,13.081,13.219,2265612.74
2026-01-08 12:00:00,13.219,13.3,13.018,13.296,3464632.23
2026-01-08 16:00:00,13.297,13.346,13.15,13.189,2440660.93
2026-01-08 20:00:00,13.189,13.332,13.091,13.209,1248426.65
2026-01-09 00:00:00,13.209,13.367,13.155,13.311,1682179.17
2026-01-09 04:00:00,13.311,13.318,13.182,13.261,1266763.33
2026-01-09 08:00:00,13.262,13.288,13.055,13.17,2352741.44
2026-01-09 12:00:00,13.171,13.43,13.026,13.285,4560795.76
2026-01-09 16:00:00,13.285,13.443,13.052,13.088,2986546.55
2026-01-09 20:00:00,13.087,13.182,13.067,13.135,1380646.86
2026-01-10 00:00:00,13.136,13.163,13.056,13.12,957019.86
2026-01-10 04:00:00,13.12,13.17,13.061,13.158,895790.74
2026-01-10 08:00:00,13.158,13.221,13.1,13.172,1014785.79
2026-01-10 12:00:00,13.172,13.245,13.134,13.159,954872.07
2026-01-10 16:00:00,13.158,13.216,13.121,13.21,874712.32
2026-01-10 20:00:00,13.211,13.229,13.08,13.132,1081309.05
2026-01-11 00:00:00,13.132,13.245,13.103,13.227,827588.61
2026-01-11 04:00:00,13.228,13.278,13.171,13.233,1494383.25
2026-01-11 08:00:00,13.234,13.24,13.178,13.202,918332.13
2026-01-11 12:00:00,13.203,13.285,13.14,13.2,1408964.64
2026-01-11 16:00:00,13.201,13.372,13.192,13.25,2061392.95
2026-01-11 20:00:00,13.249,13.249,13.039,13.201,2015296.02
2026-01-12 00:00:00,13.2,13.517,13.106,13.358,3486593.8
2026-01-12 04:00:00,13.359,13.455,13.238,13.261,1986005.48
2026-01-12 08:00:00,13.261,13.325,13.091,13.161,2446397.66
2026-01-12 12:00:00,13.16,13.264,12.9,13.241,3824366.87
2026-01-12 16:00:00,13.24,13.328,13.094,13.18,2474682.3
2026-01-12 20:00:00,13.18,13.237,12.988,13.068,1525681.69
2026-01-13 00:00:00,13.068,13.155,13.046,13.108,1484527.63
2026-01-13 04:00:00,13.109,13.29,13.106,13.184,1878017.9
2026-01-13 08:00:00,13.184,13.315,13.181,13.26,1651216.25
2026-01-13 12:00:00,13.261,13.578,13.223,13.574,4511729.33
2026-01-13 16:00:00,13.573,13.708,13.528,13.691,3471361.58
2026-01-13 20:00:00,13.692,14.187,13.676,14.058,4615554.33
2026-01-14 00:00:00,14.058,14.195,14.017,14.132,1975455.92
2026-01-14 04:00:00,14.131,14.162,13.936,14.055,1981687.35
2026-01-14 08:00:00,14.054,14.119,13.85,13.874,1987866.92
2026-01-14 12:00:00,13.873,14.279,13.861,14.236,3808627.32
2026-01-14 16:00:00,14.237,14.404,14.039,14.221,4463623.12
2026-01-14 20:00:00,14.222,14.315,14.074,14.106,1527726.28
2026-01-15 00:00:00,14.106,14.112,13.727,13.753,2081088.47
2026-01-15 04:00:00,13.753,13.955,13.739,13.924,1437839.01
2026-01-15 08:00:00,13.923,14.082,13.854,13.946,1595710.62
2026-01-15 12:00:00,13.946,14.207,13.716,13.951,4210553.93
2026-01-15 16:00:00,13.95,13.995,13.576,13.675,3566333.49
2026-01-15 20:00:00,13.675,13.788,13.55,13.782,1446130.46
2026-01-16 00:00:00,13.783,13.862,13.662,13.676,1330973.42
2026-01-16 04:00:00,13.676,13.813,13.589,13.787,1417528.44
2026-01-16 08:00:00,13.788,13.853,13.683,13.731,1736872.99
2026-01-16 12:00:00,13.731,13.78,13.418,13.48,2537973.02
2026-01-16 16:00:00,13.479,13.658,13.444,13.592,1930774.22
2026-01-16 20:00:00,13.593,13.746,13.519,13.722,1574732.01
2026-01-17 00:00:00,13.721,13.745,13.625,13.67,831478.65
2026-01-17 04:00:00,13.671,13.731,13.648,13.698,742317.95
2026-01-17 08:00:00,13.698,13.78,13.665,13.699,1428919.2
2026-01-17 12:00:00,13.699,13.885,13.688,13.88,1647477.65
2026-01-17 16:00:00,13.88,13.89,13.756,13.783,1246883.4
2026-01-17 20:00:00,13.784,13.813,13.655,13.733,872433.82
2026-01-18 00:00:00,13.734,13.776,13.615,13.698,1224408.25
2026-01-18 04:00:00,13.698,13.756,13.663,13.729,936071.61
2026-01-18 08:00:00,13.729,13.816,13.707,13.722,1075699.19
2026-01-18 12:00:00,13.723,13.827,13.687,13.77,1680644.93
2026-01-18 16:00:00,13.77,13.874,13.736,13.766,1225330.4
2026-01-18 20:00:00,13.767,13.858,13.284,13.3,3105355.13
2026-01-19 00:00:00,13.301,13.301,12.3,12.856,7530219.9
2026-01-19 04:00:00,12.856,12.857,12.716,12.763,1841952.51
2026-01-19 08:00:00,12.763,12.857,12.741,12.772,1592961.86
2026-01-19 12:00:00,12.772,12.867,12.725,12.762,1881513.44
2026-01-19 16:00:00,12.762,12.964,12.753,12.932,1397975.84
2026-01-19 20:00:00,12.932,12.995,12.771,12.877,1456016.78
2026-01-20 00:00:00,12.878,12.9,12.79,12.855,1211901.7
2026-01-20 04:00:00,12.855,12.873,12.605,12.609,2344146.52
2026-01-20 08:00:00,12.609,12.622,12.473,12.505,2951980.87
2026-01-20 12:00:00,12.505,12.61,12.34,12.431,4426338.16
2026-01-20 16:00:00,12.432,12.473,12.17,12.271,3017847.97
2026-01-20 20:00:00,12.271,12.348,12.02,12.12,2784808.38
2026-01-21 00:00:00,12.121,12.349,12.096,12.305,2091318.23
2026-01-21 04:00:00,12.305,12.464,12.279,12.311,1563452.24
2026-01-21 08:00:00,12.311,12.333,12.161,12.172,1457723.38
2026-01-21 12:00:00,12.172,12.542,12.059,12.433,4412361.03
2026-01-21 16:00:00,12.433,12.614,11.884,12.6,6883335.48
2026-01-21 20:00:00,12.601,12.667,12.362,12.395,2557700.7
2026-01-22 00:00:00,12.395,12.575,12.395,12.443,1595294.58
2026-01-22 04:00:00,12.442,12.525,12.402,12.422,1068257.33
2026-01-22 08:00:00,12.421,12.482,12.36,12.378,1113190.14
2026-01-22 12:00:00,12.378,12.47,12.115,12.222,2827697.45
2026-01-22 16:00:00,12.223,12.327,12.186,12.278,1807617.52
2026-01-22 20:00:00,12.277,12.299,12.191,12.252,1041079.71
2026-01-23 00:00:00,12.251,12.349,12.215,12.327,945406.88
2026-01-23 04:00:00,12.327,12.402,12.245,12.272,1286255.48
2026-01-23 08:00:00,12.271,12.289,12.162,12.251,1320059.45
2026-01-23 12:00:00,12.253,12.276,12.034,12.247,2756605.9
2026-01-23 16:00:00,12.247,12.495,12.193,12.243,3328790.48
2026-01-23 20:00:00,12.243,12.269,12.114,12.21,1174717.27
2026-01-24 00:00:00,12.21,12.273,12.182,12.248,1356938.32
2026-01-24 04:00:00,12.248,12.278,12.199,12.2,550401.69
2026-01-24 08:00:00,12.201,12.234,12.182,12.206,511617.43
2026-01-24 12:00:00,12.206,12.227,12.143,12.146,764346.44
2026-01-24 16:00:00,12.146,12.229,12.125,12.178,1075069.88
2026-01-24 20:00:00,12.179,12.25,12.178,12.197,633045.28
2026-01-25 00:00:00,12.198,12.216,12.062,12.083,990140.87
2026-01-25 04:00:00,12.082,12.12,12.043,12.084,842508.15
2026-01-25 08:00:00,12.083,12.123,12.0,12.075,1384911.49
2026-01-25 12:00:00,12.074,12.11,11.933,11.957,1931899.25
2026-01-25 16:00:00,11.958,11.958,11.379,11.428,7270401.25
2026-01-25 20:00:00,11.428,11.534,11.355,11.517,3116297.11
2026-01-26 00:00:00,11.517,11.86,11.501,11.699,2365614.12
2026-01-26 04:00:00,11.699,11.88,11.699,11.857,1523483.29
2026-01-26 08:00:00,11.857,11.956,11.76,11.8,1654364.9
2026-01-26 12:00:00,11.801,12.126,11.797,11.914,3332585.01
2026-01-26 16:00:00,11.914,12.022,11.816,11.924,2415351.91
2026-01-26 20:00:00,11.923,12.03,11.857,11.941,1625577.23
2026-01-27 00:00:00,11.942,12.055,11.92,11.99,1025661.68
2026-01-27 04:00:00,11.991,12.058,11.936,11.977,957335.52
2026-01-27 08:00:00,11.977,12.009,11.871,11.896,1093746.39
2026-01-27 12:00:00,11.896,12.001,11.831,11.989,2162753.9
2026-01-27 16:00:00,11.989,12.185,11.85,11.972,3782695.74
2026-01-27 20:00:00,11.972,12.156,11.967,12.036,2481688.94
2026-01-28 00:00:00,12.036,12.06,11.952,11.974,1132183.74
2026-01-28 04:00:00,11.974,11.993,11.886,11.938,1080967.29
2026-01-28 08:00:00,11.938,12.048,11.858,12.032,1746480.96
2026-01-28 12:00:00,12.032,12.035,11.694,11.756,4038424.26
2026-01-28 16:00:00,11.756,11.899,11.686,11.837,2572742.92
2026-01-28 20:00:00,11.838,11.939,11.746,11.835,1657109.74
2026-01-29 00:00:00,11.836,11.864,11.599,11.637,2447244.61
2026-01-29 04:00:00,11.637,11.65,11.537,11.623,1279212.85
2026-01-29 08:00:00,11.623,11.656,11.506,11.538,1576178.93
2026-01-29 12:00:00,11.539,11.605,10.856,11.025,6994090.21
2026-01-29 16:00:00,11.024,11.197,10.822,10.944,6338753.1
2026-01-29 20:00:00,10.945,11.138,10.922,11.115,1913293.21
2026-01-30 00:00:00,11.116,11.158,10.59,10.859,6032196.53
2026-01-30 04:00:00,10.86,10.987,10.653,10.835,2548978.85
2026-01-30 08:00:00,10.836,10.899,10.724,10.861,2189967.47
2026-01-30 12:00:00,10.86,10.87,10.582,10.765,4059571.11
2026-01-30 16:00:00,10.764,10.992,10.499,10.899,5029480.33
2026-01-30 20:00:00,10.9,10.9,10.69,10.784,2730115.22
2026-01-31 00:00:00,10.785,10.832,10.723,10.737,1075538.23
2026-01-31 04:00:00,10.738,10.782,10.545,10.614,1634365.95
2026-01-31 08:00:00,10.613,10.63,10.359,10.491,3052071.96
2026-01-31 12:00:00,10.49,10.506,9.875,10.041,8105311.66
2026-01-31 16:00:00,10.042,10.172,8.957,9.66,17668327.9
2026-01-31 20:00:00,9.661,10.035,9.554,9.983,4314181.99
2026-02-01 00:00:00,9.982,10.074,9.908,10.039,2383347.33
2026-02-01 04:00:00,10.039,10.075,9.858,9.936,2142814.81
2026-02-01 08:00:00,9.937,10.014,9.762,9.868,2461280.84
2026-02-01 12:00:00,9.87,9.904,9.407,9.531,5213059.33
2026-02-01 16:00:00,9.531,9.718,9.395,9.525,5102245.84
2026-02-01 20:00:00,9.524,9.656,9.208,9.401,5758080.21
2026-02-02 00:00:00,9.401,9.639,9.013,9.37,7708257.98
2026-02-02 04:00:00,9.371,9.489,9.064,9.389,7268463.76
2026-02-02 08:00:00,9.389,9.645,9.374,9.529,3868601.2
2026-02-02 12:00:00,9.529,10.024,9.529,9.925,6699735.24
2026-02-02 16:00:00,9.926,9.994,9.765,9.788,2814534.32
2026-02-02 20:00:00,9.789,9.859,9.701,9.801,2152982.26
2026-02-03 00:00:00,9.801,9.84,9.577,9.771,2828971.99
2026-02-03 04:00:00,9.77,9.852,9.646,9.732,1892298.25
2026-02-03 08:00:00,9.733,9.753,9.518,9.579,2746887.12
2026-02-03 12:00:00,9.579,9.766,9.485,9.744,4196020.43
2026-02-03 16:00:00,9.744,9.748,9.083,9.474,10564099.31
2026-02-03 20:00:00,9.473,9.889,9.389,9.484,5912858.19
2026-02-04 00:00:00,9.484,9.768,9.446,9.723,2527590.72
2026-02-04 04:00:00,9.723,9.746,9.577,9.674,1857039.77
2026-02-04 08:00:00,9.674,9.728,9.48,9.577,2364467.76
2026-02-04 12:00:00,9.577,9.607,9.129,9.212,6398939.17
2026-02-04 16:00:00,9.213,9.459,9.016,9.436,9708943.81
2026-02-04 20:00:00,9.436,9.461,9.045,9.247,3840643.65
2026-02-05 00:00:00,9.247,9.348,9.071,9.09,4622749.52
2026-02-05 04:00:00,9.091,9.22,8.966,9.051,6057902.65
2026-02-05 08:00:00,9.052,9.26,8.796,8.936,5476000.86
2026-02-05 12:00:00,8.937,9.064,8.3,8.458,12401278.0
2026-02-05 16:00:00,8.458,8.665,8.212,8.252,10567324.43
2026-02-05 20:00:00,8.252,8.32,7.845,7.906,14665596.53
2026-02-06 00:00:00,7.907,8.234,7.117,8.028,18327216.76
2026-02-06 04:00:00,8.028,8.367,7.993,8.078,5887222.72
2026-02-06 08:00:00,8.078,8.35,7.981,8.32,5846154.93
2026-02-06 12:00:00,8.32,8.627,8.26,8.578,6013278.13
2026-02-06 16:00:00,8.577,8.998,8.545,8.839,7393091.92
2026-02-06 20:00:00,8.839,9.0,8.756,8.879,3467052.97
2026-02-07 00:00:00,8.878,8.95,8.784,8.927,2741556.15
2026-02-07 04:00:00,8.927,9.04,8.594,8.684,4767354.83
2026-02-07 08:00:00,8.684,8.74,8.575,8.65,2511458.55
2026-02-07 12:00:00,8.649,8.941,8.642,8.819,3697621.8
2026-02-07 16:00:00,8.819,9.03,8.778,8.939,6851534.06
2026-02-07 20:00:00,8.939,9.02,8.845,8.903,1724110.24
2026-02-08 00:00:00,8.904,8.964,8.816,8.824,1757072.69
2026-02-08 04:00:00,8.823,8.87,8.776,8.827,1291043.71
2026-02-08 08:00:00,8.827,9.013,8.792,8.997,3045841.41
2026-02-08 12:00:00,8.998,9.047,8.843,8.884,2864680.87
2026-02-08 16:00:00,8.884,8.969,8.715,8.953,2471882.18
2026-02-08 20:00:00,8.953,9.021,8.746,8.818,2210416.36
2026-02-09 00:00:00,8.818,8.892,8.725,8.878,2427112.17
2026-02-09 04:00:00,8.878,8.88,8.714,8.727,1352540.53
2026-02-09 08:00:00,8.727,8.755,8.458,8.558,3012105.28
2026-02-09 12:00:00,8.559,8.755,8.519,8.75,3717235.71
2026-02-09 16:00:00,8.749,8.99,8.655,8.964,3996895.58
2026-02-09 20:00:00,8.963,9.014,8.787,8.832,1979975.0
2026-02-10 00:00:00,8.833,8.882,8.632,8.683,1888429.17
2026-02-10 04:00:00,8.683,8.727,8.474,8.538,2950920.01
2026-02-10 08:00:00,8.539,8.622,8.493,8.498,2003577.94
2026-02-10 12:00:00,8.498,8.669,8.468,8.57,3549962.03
2026-02-10 16:00:00,8.57,8.654,8.467,8.543,2299639.3
2026-02-10 20:00:00,8.543,8.579,8.475,8.57,1250239.62
2026-02-11 00:00:00,8.569,8.608,8.452,8.534,1651849.71
2026-02-11 04:00:00,8.534,8.546,8.272,8.315,3549455.72
2026-02-11 08:00:00,8.315,8.32,8.188,8.27,2430261.54
2026-02-11 12:00:00,8.27,8.562,8.122,8.235,7000211.82
2026-02-11 16:00:00,8.234,8.372,8.137,8.312,5187153.22
2026-02-11 20:00:00,8.311,8.454,8.247,8.319,2810514.49
2026-02-12 00:00:00,8.319,8.462,8.317,8.424,1553035.27
2026-02-12 04:00:00,8.425,8.512,8.348,8.454,1926479.41
2026-02-12 08:00:00,8.454,8.593,8.396,8.553,2243775.49
2026-02-12 12:00:00,8.552,8.575,8.343,8.35,3740389.81
2026-02-12 16:00:00,8.351,8.42,8.168,8.304,4940077.51
2026-02-12 20:00:00,8.304,8.426,8.216,8.41,1970194.46
2026-02-13 00:00:00,8.411,8.449,8.342,8.426,1831912.67
2026-02-13 04:00:00,8.425,8.425,8.296,8.375,1528952.98
2026-02-13 08:00:00,8.375,8.472,8.359,8.433,1559452.69
2026-02-13 12:00:00,8.433,8.821,8.395,8.703,4825262.46
2026-02-13 16:00:00,8.703,8.911,8.683,8.797,3354908.78
2026-02-13 20:00:00,8.798,8.864,8.757,8.764,1465764.68
2026-02-14 00:00:00,8.763,8.886,8.752,8.845,1956727.15
2026-02-14 04:00:00,8.845,8.897,8.797,8.882,949833.99
2026-02-14 08:00:00,8.883,9.041,8.881,9.033,2281338.28
2026-02-14 12:00:00,9.032,9.044,8.901,9.033,2478785.35
2026-02-14 16:00:00,9.034,9.183,8.965,9.163,2804200.42
2026-02-14 20:00:00,9.163,9.212,9.07,9.085,2276715.39
2026-02-15 00:00:00,9.085,9.115,8.925,9.065,2794347.36
2026-02-15 04:00:00,9.065,9.239,9.06,9.198,2781498.96
2026-02-15 08:00:00,9.198,9.237,9.03,9.049,2294955.27
2026-02-15 12:00:00,9.05,9.059,8.754,8.865,4526973.24
2026-02-15 16:00:00,8.864,8.882,8.595,8.64,4013889.72
2026-02-15 20:00:00,8.639,8.788,8.607,8.779,1727907.33
2026-02-16 00:00:00,8.779,8.853,8.693,8.748,1862181.42
2026-02-16 04:00:00,8.747,8.821,8.661,8.759,1578564.05
2026-02-16 08:00:00,8.76,8.886,8.692,8.784,1722393.81
2026-02-16 12:00:00,8.785,8.987,8.641,8.704,4731720.97
2026-02-16 16:00:00,8.705,8.83,8.701,8.78,1670342.38
2026-02-16 20:00:00,8.78,8.964,8.755,8.929,1891580.08
2026-02-17 00:00:00,8.93,8.99,8.856,8.919,1619336.0
2026-02-17 04:00:00,8.919,8.957,8.791,8.865,1413990.85
2026-02-17 08:00:00,8.865,8.889,8.724,8.765,1399899.79
2026-02-17 12:00:00,8.765,8.91,8.658,8.772,3265245.06
2026-02-17 16:00:00,8.772,8.949,8.687,8.875,3643964.58
2026-02-17 20:00:00,8.875,8.895,8.812,8.825,1127322.05
2026-02-18 00:00:00,8.825,8.902,8.74,8.881,1302444.51
2026-02-18 04:00:00,8.881,8.932,8.825,8.913,1078114.03
2026-02-18 08:00:00,8.913,8.995,8.753,8.762,2509717.1
2026-02-18 12:00:00,8.761,8.895,8.657,8.797,2922810.12
2026-02-18 16:00:00,8.796,8.799,8.511,8.568,2947405.9
2026-02-18 20:00:00,8.569,8.61,8.518,8.598,1512929.42
2026-02-19 00:00:00,8.599,8.683,8.566,8.666,1397001.41
2026-02-19 04:00:00,8.666,8.748,8.617,8.695,1190380.08
2026-02-19 08:00:00,8.695,8.697,8.556,8.565,1582187.49
2026-02-19 12:00:00,8.565,8.602,8.358,8.436,3813299.77
2026-02-19 16:00:00,8.435,8.543,8.338,8.509,2418743.96
2026-02-19 20:00:00,8.509,8.574,8.473,8.572,1096902.86
2026-02-20 00:00:00,8.572,8.645,8.557,8.602,1332180.08
2026-02-20 04:00:00,8.602,8.674,8.518,8.649,1739189.18
2026-02-20 08:00:00,8.65,8.725,8.6,8.618,2046923.46
2026-02-20 12:00:00,8.619,8.839,8.45,8.825,5443828.58
2026-02-20 16:00:00,8.825,8.971,8.689,8.899,4912387.06
2026-02-20 20:00:00,8.898,9.011,8.879,8.937,1879433.48
2026-02-21 00:00:00,8.938,8.98,8.851,8.886,1522880.64
2026-02-21 04:00:00,8.887,8.917,8.852,8.861,985615.46
2026-02-21 08:00:00,8.862,8.979,8.856,8.936,1399877.18
2026-02-21 12:00:00,8.936,9.057,8.894,8.932,2086312.6
2026-02-21 16:00:00,8.932,8.992,8.841,8.93,2478589.81
2026-02-21 20:00:00,8.93,8.948,8.86,8.868,957181.65
2026-02-22 00:00:00,8.867,8.896,8.792,8.837,1237873.6
2026-02-22 04:00:00,8.836,8.871,8.8,8.85,975915.69
2026-02-22 08:00:00,8.849,8.865,8.787,8.831,1321600.24
2026-02-22 12:00:00,8.83,8.838,8.679,8.706,2843177.94
2026-02-22 16:00:00,8.705,8.709,8.599,8.639,1575686.94
2026-02-22 20:00:00,8.638,8.704,8.6,8.677,1163170.68
2026-02-23 00:00:00,8.677,8.692,8.165,8.249,6470631.66
2026-02-23 04:00:00,8.249,8.374,8.171,8.35,2239577.82
2026-02-23 08:00:00,8.35,8.557,8.306,8.47,2264224.28
2026-02-23 12:00:00,8.47,8.577,8.392,8.414,2931166.77
2026-02-23 16:00:00,8.413,8.452,8.177,8.228,3747792.28
2026-02-23 20:00:00,8.227,8.341,8.202,8.262,1882382.83
2026-02-24 00:00:00,8.262,8.335,8.113,8.205,2762375.22
2026-02-24 04:00:00,8.204,8.23,8.12,8.147,2240952.24
2026-02-24 08:00:00,8.147,8.198,8.102,8.172,1784539.85
2026-02-24 12:00:00,8.172,8.227,8.05,8.21,3156477.89
2026-02-24 16:00:00,8.211,8.276,8.171,8.226,2136429.81
2026-02-24 20:00:00,8.226,8.258,8.161,8.191,1328231.69
2026-02-25 00:00:00,8.192,8.627,8.177,8.5,5126170.86
2026-02-25 04:00:00,8.501,8.552,8.352,8.474,2163975.75
2026-02-25 08:00:00,8.474,8.663,8.433,8.654,2248115.97
2026-02-25 12:00:00,8.654,9.332,8.636,9.279,8477683.01
2026-02-25 16:00:00,9.279,9.506,9.278,9.473,4799497.8
2026-02-25 20:00:00,9.474,9.589,9.179,9.266,3770955.43
2026-02-26 00:00:00,9.266,9.334,9.145,9.218,2807945.02
2026-02-26 04:00:00,9.218,9.338,9.188,9.203,2425447.46
2026-02-26 08:00:00,9.204,9.317,9.156,9.206,2602506.64
2026-02-26 12:00:00,9.207,9.31,9.022,9.116,4024114.12
2026-02-26 16:00:00,9.117,9.139,8.853,9.092,3700567.22
2026-02-26 20:00:00,9.092,9.141,9.037,9.093,1108573.09
2026-02-27 00:00:00,9.093,9.197,8.998,9.18,2034920.6
2026-02-27 04:00:00,9.181,9.293,9.116,9.172,1988988.63
2026-02-27 08:00:00,9.172,9.232,8.801,8.841,3153427.6
2026-02-27 12:00:00,8.841,8.865,8.726,8.811,3730269.1
2026-02-27 16:00:00,8.81,8.813,8.638,8.667,2786269.01
2026-02-27 20:00:00,8.667,8.729,8.543,8.705,1810624.01
2026-02-28 00:00:00,8.705,8.744,8.661,8.674,1214879.8
2026-02-28 04:00:00,8.674,8.692,8.211,8.345,5400724.95
2026-02-28 08:00:00,8.345,8.347,8.203,8.27,3185509.46
2026-02-28 12:00:00,8.271,8.539,8.269,8.432,3847668.83
2026-02-28 16:00:00,8.431,8.73,8.398,8.682,3167771.78
2026-02-28 20:00:00,8.682,8.94,8.659,8.84,3157092.52
2026-03-01 00:00:00,8.839,9.206,8.739,9.051,3523023.69
2026-03-01 04:00:00,9.051,9.093,8.922,8.974,1894805.57
2026-03-01 08:00:00,8.974,8.992,8.835,8.87,1965181.03
2026-03-01 12:00:00,8.869,9.053,8.78,8.912,3231747.77
2026-03-01 16:00:00,8.912,8.971,8.671,8.688,3700701.48
2026-03-01 20:00:00,8.688,8.782,8.532,8.669,3130730.7
2026-03-02 00:00:00,8.669,8.884,8.655,8.822,2568474.99
2026-03-02 04:00:00,8.823,8.85,8.602,8.668,1641030.83
2026-03-02 08:00:00,8.669,8.766,8.582,8.689,1976493.74
2026-03-02 12:00:00,8.69,9.177,8.581,9.101,4921642.66
2026-03-02 16:00:00,9.102,9.268,8.943,9.034,4095159.07
2026-03-02 20:00:00,9.033,9.106,8.917,8.945,1980105.02
2026-03-03 00:00:00,8.946,9.007,8.84,8.88,1776283.48
2026-03-03 04:00:00,8.881,8.932,8.766,8.79,1620865.16
2026-03-03 08:00:00,8.789,8.803,8.591,8.667,2866825.23
2026-03-03 12:00:00,8.668,8.784,8.552,8.741,3671992.09
2026-03-03 16:00:00,8.741,8.925,8.701,8.802,3455653.32
2026-03-03 20:00:00,8.803,8.883,8.674,8.805,2182275.92
2026-03-04 00:00:00,8.804,8.894,8.681,8.754,2066665.84
2026-03-04 04:00:00,8.753,8.922,8.682,8.896,1763541.78
2026-03-04 08:00:00,8.896,9.296,8.882,9.126,4676704.94
2026-03-04 12:00:00,9.125,9.509,9.023,9.497,4280009.9
2026-03-04 16:00:00,9.496,9.628,9.357,9.525,3474918.04
2026-03-04 20:00:00,9.525,9.56,9.29,9.343,2352518.6
2026-03-05 00:00:00,9.344,9.389,9.23,9.259,2354377.55
2026-03-05 04:00:00,9.26,9.354,9.174,9.213,1798771.76
2026-03-05 08:00:00,9.214,9.459,9.192,9.391,2302166.46
2026-03-05 12:00:00,9.392,9.482,9.166,9.23,4223066.3
2026-03-05 16:00:00,9.23,9.269,9.063,9.179,2693830.35
2026-03-05 20:00:00,9.179,9.318,9.165,9.199,1727270.84
2026-03-06 00:00:00,9.199,9.295,9.163,9.259,1397641.38
2026-03-06 04:00:00,9.259,9.288,9.147,9.271,1426323.95
2026-03-06 08:00:00,9.272,9.273,9.051,9.068,1985353.04
2026-03-06 12:00:00,9.068,9.134,8.74,8.784,4888436.75
2026-03-06 16:00:00,8.783,8.828,8.663,8.783,2670965.65
2026-03-06 20:00:00,8.783,8.822,8.73,8.791,978382.16
2026-03-07 00:00:00,8.792,8.852,8.755,8.784,996690.6
2026-03-07 04:00:00,8.785,8.814,8.726,8.803,1157659.23
2026-03-07 08:00:00,8.802,8.82,8.743,8.795,1032310.07
2026-03-07 12:00:00,8.795,8.816,8.723,8.747,1102887.36
2026-03-07 16:00:00,8.747,8.805,8.635,8.655,1694314.14
2026-03-07 20:00:00,8.655,8.711,8.636,8.692,982653.91
2026-03-08 00:00:00,8.693,8.711,8.574,8.597,1377744.7
2026-03-08 04:00:00,8.597,8.664,8.522,8.628,1266135.58
2026-03-08 08:00:00,8.628,8.773,8.585,8.648,1665188.93
2026-03-08 12:00:00,8.648,8.672,8.533,8.563,2010124.64
2026-03-08 16:00:00,8.562,8.661,8.496,8.639,1708235.28
2026-03-08 20:00:00,8.638,8.698,8.386,8.507,2415833.02
2026-03-09 00:00:00,8.508,8.8,8.5,8.679,2757135.29
2026-03-09 04:00:00,8.679,8.874,8.642,8.735,2052073.19
2026-03-09 08:00:00,8.736,8.849,8.707,8.77,1844797.83
2026-03-09 12:00:00,8.77,8.968,8.77,8.923,3295864.01
2026-03-09 16:00:00,8.923,9.099,8.863,9.004,2701864.01
2026-03-09 20:00:00,9.004,9.036,8.84,8.863,1743739.78
2026-03-10 00:00:00,8.862,9.079,8.846,8.933,1785680.83
2026-03-10 04:00:00,8.933,9.077,8.932,9.075,1465297.48
2026-03-10 08:00:00,9.076,9.16,9.058,9.064,2722054.04
2026-03-10 12:00:00,9.065,9.18,8.853,9.129,4213047.53
2026-03-10 16:00:00,9.129,9.176,8.914,8.967,2565163.39
2026-03-10 20:00:00,8.966,9.008,8.904,8.979,1418534.26
2026-03-11 00:00:00,8.98,9.003,8.907,8.923,1809943.08
2026-03-11 04:00:00,8.922,9.033,8.862,8.884,1763617.85
2026-03-11 08:00:00,8.884,8.964,8.877,8.905,1272077.3
2026-03-11 12:00:00,8.906,9.168,8.878,8.992,4888196.36
2026-03-11 16:00:00,8.993,9.149,8.965,9.082,2236369.94
2026-03-11 20:00:00,9.081,9.109,8.974,8.993,1138062.15
2026-03-12 00:00:00,8.993,9.015,8.826,8.86,1963000.97
2026-03-12 04:00:00,8.859,8.956,8.836,8.943,1242777.3
2026-03-12 08:00:00,8.943,9.103,8.917,9.023,2419429.2
2026-03-12 12:00:00,9.024,9.095,8.891,9.03,3619033.19
2026-03-12 16:00:00,9.029,9.078,8.955,9.03,2137977.85
2026-03-12 20:00:00,9.03,9.086,8.96,9.052,1367417.9
2026-03-13 00:00:00,9.052,9.401,9.031,9.281,4530066.78
2026-03-13 04:00:00,9.281,9.297,9.168,9.192,1555912.74
2026-03-13 08:00:00,9.191,9.326,9.155,9.268,1693597.43
2026-03-13 12:00:00,9.268,9.594,9.233,9.26,5450960.77
2026-03-13 16:00:00,9.26,9.327,9.095,9.14,3424638.69
2026-03-13 20:00:00,9.141,9.198,9.014,9.081,2186628.65
2026-03-14 00:00:00,9.08,9.128,9.017,9.113,1503971.42
2026-03-14 04:00:00,9.114,9.138,8.955,8.974,2069710.63
2026-03-14 08:00:00,8.974,9.004,8.912,8.987,1570746.71
2026-03-14 12:00:00,8.986,9.011,8.955,8.998,1665678.85
2026-03-14 16:00:00,8.997,9.049,8.976,9.021,1159367.19
2026-03-14 20:00:00,9.021,9.168,9.011,9.162,1623212.22
2026-03-15 00:00:00,9.162,9.254,9.108,9.203,1909662.86
2026-03-15 04:00:00,9.203,9.263,9.181,9.214,1322099.28
2026-03-15 08:00:00,9.214,9.318,9.214,9.27,1506440.88
2026-03-15 12:00:00,9.271,9.274,9.133,9.152,2015494.74
2026-03-15 16:00:00,9.152,9.235,9.114,9.193,1485380.85
2026-03-15 20:00:00,9.192,9.557,9.171,9.489,4130593.02
2026-03-16 00:00:00,9.49,9.808,9.405,9.694,4429062.84
2026-03-16 04:00:00,9.693,9.834,9.668,9.681,4325019.61
2026-03-16 08:00:00,9.682,9.729,9.554,9.657,2455139.94
2026-03-16 12:00:00,9.656,9.815,9.588,9.714,3995100.76
2026-03-16 16:00:00,9.714,9.965,9.701,9.926,3100022.74
2026-03-16 20:00:00,9.927,10.077,9.857,9.918,3015694.12
2026-03-17 00:00:00,9.918,10.017,9.773,9.823,3488832.8
2026-03-17 04:00:00,9.823,9.853,9.677,9.793,2066524.39
2026-03-17 08:00:00,9.792,9.829,9.722,9.757,1648553.43
2026-03-17 12:00:00,9.757,9.931,9.71,9.794,2551253.65
2026-03-17 16:00:00,9.795,9.911,9.784,9.799,1527494.44
2026-03-17 20:00:00,9.8,9.907,9.769,9.786,1330935.36
2026-03-18 00:00:00,9.787,9.922,9.748,9.884,1356923.86
2026-03-18 04:00:00,9.885,9.892,9.774,9.808,1369113.65
2026-03-18 08:00:00,9.809,9.879,9.52,9.551,3469020.41
2026-03-18 12:00:00,9.55,9.55,9.118,9.2,5915171.65
2026-03-18 16:00:00,9.199,9.305,9.087,9.165,2911607.06
2026-03-18 20:00:00,9.165,9.257,9.076,9.222,1886402.37
2026-03-19 00:00:00,9.223,9.335,9.157,9.248,1531823.5
2026-03-19 04:00:00,9.247,9.256,9.03,9.09,2355046.19
2026-03-19 08:00:00,9.089,9.168,9.061,9.09,1613939.63
2026-03-19 12:00:00,9.09,9.091,8.887,8.958,4418029.26
2026-03-19 16:00:00,8.957,9.09,8.893,9.026,2691051.02
2026-03-19 20:00:00,9.026,9.094,9.006,9.041,1406441.26
2026-03-20 00:00:00,9.041,9.157,9.033,9.115,1428160.74
2026-03-20 04:00:00,9.115,9.148,9.026,9.109,1349962.97
2026-03-20 08:00:00,9.109,9.209,9.051,9.082,2102330.12
2026-03-20 12:00:00,9.083,9.122,8.965,9.021,2477485.24
2026-03-20 16:00:00,9.021,9.061,8.952,9.036,1665895.21
2026-03-20 20:00:00,9.037,9.161,8.975,9.107,1233013.33
2026-03-21 00:00:00,9.108,9.173,9.104,9.124,974198.74
2026-03-21 04:00:00,9.124,9.149,9.1,9.122,846397.13
2026-03-21 08:00:00,9.123,9.161,9.086,9.102,869706.73
2026-03-21 12:00:00,9.101,9.14,9.048,9.101,1386239.22
2026-03-21 16:00:00,9.101,9.105,9.038,9.065,1241295.67
2026-03-21 20:00:00,9.065,9.104,8.758,8.819,2641773.78
2026-03-22 00:00:00,8.819,8.968,8.664,8.901,3021362.06
2026-03-22 04:00:00,8.902,8.943,8.832,8.837,1168590.73
2026-03-22 08:00:00,8.837,8.86,8.741,8.75,1539379.1
2026-03-22 12:00:00,8.75,8.833,8.75,8.792,1112298.63
2026-03-22 16:00:00,8.792,8.803,8.682,8.703,1710032.76
2026-03-22 20:00:00,8.704,8.757,8.569,8.685,2168913.2
2026-03-23 00:00:00,8.684,8.776,8.627,8.7,1484245.09
2026-03-23 04:00:00,8.701,8.778,8.571,8.643,1888484.87
2026-03-23 08:00:00,8.644,9.249,8.573,8.972,9091718.03
2026-03-23 12:00:00,8.972,9.286,8.902,9.044,6658986.39
2026-03-23 16:00:00,9.043,9.217,8.989,9.122,2828978.67
2026-03-23 20:00:00,9.121,9.174,9.064,9.103,1405505.73
2026-03-24 00:00:00,9.103,9.138,9.004,9.083,1877423.71
2026-03-24 04:00:00,9.084,9.258,8.989,9.24,2852005.0
2026-03-24 08:00:00,9.24,9.256,9.161,9.241,2285952.95
2026-03-24 12:00:00,9.241,9.247,9.036,9.111,3604568.68
2026-03-24 16:00:00,9.111,9.16,9.007,9.057,1752223.15
2026-03-24 20:00:00,9.056,9.267,9.053,9.246,2053043.24
2026-03-25 00:00:00,9.247,9.312,9.172,9.24,1868408.0
2026-03-25 04:00:00,9.239,9.358,9.226,9.284,1886117.16
2026-03-25 08:00:00,9.284,9.461,9.284,9.413,1941537.59
2026-03-25 12:00:00,9.413,9.493,9.287,9.363,3012088.83
2026-03-25 16:00:00,9.362,9.47,9.296,9.346,1991368.4
2026-03-25 20:00:00,9.347,9.405,9.276,9.372,1346994.09
2026-03-26 00:00:00,9.373,9.387,9.215,9.248,1383485.8
2026-03-26 04:00:00,9.248,9.249,9.059,9.099,2304162.5
2026-03-26 08:00:00,9.1,9.105,8.915,8.939,2733689.0
2026-03-26 12:00:00,8.94,9.025,8.849,8.927,2561306.53
2026-03-26 16:00:00,8.928,8.947,8.805,8.828,1987041.76
2026-03-26 20:00:00,8.828,8.979,8.816,8.906,2164305.07
2026-03-27 00:00:00,8.907,8.978,8.881,8.91,1122887.39
2026-03-27 04:00:00,8.91,8.942,8.839,8.903,1455703.48
2026-03-27 08:00:00,8.904,8.921,8.542,8.589,4035640.64
2026-03-27 12:00:00,8.589,8.679,8.518,8.605,3343166.07
2026-03-27 16:00:00,8.605,8.634,8.477,8.538,2145913.1
2026-03-27 20:00:00,8.538,8.573,8.486,8.564,1093490.47
2026-03-28 00:00:00,8.564,8.567,8.494,8.514,894172.97
2026-03-28 04:00:00,8.514,8.601,8.496,8.597,971509.6
2026-03-28 08:00:00,8.598,8.61,8.474,8.535,1529346.81
2026-03-28 12:00:00,8.535,8.693,8.509,8.636,2890739.25
2026-03-28 16:00:00,8.637,8.65,8.577,8.599,980870.19
2026-03-28 20:00:00,8.599,8.62,8.364,8.428,3295590.33
2026-03-29 00:00:00,8.429,8.594,8.407,8.537,1886461.23
2026-03-29 04:00:00,8.537,8.539,8.488,8.511,1353019.4
2026-03-29 08:00:00,8.511,8.543,8.449,8.503,1650065.4
2026-03-29 12:00:00,8.503,8.509,8.381,8.422,2035197.37
2026-03-29 16:00:00,8.423,8.462,8.389,8.414,879088.65
2026-03-29 20:00:00,8.413,8.486,8.184,8.409,3600533.22
2026-03-30 00:00:00,8.41,8.669,8.394,8.632,2749008.01
2026-03-30 04:00:00,8.632,8.749,8.631,8.739,2225670.71
2026-03-30 08:00:00,8.74,8.906,8.723,8.865,2945602.41
2026-03-30 12:00:00,8.865,8.927,8.772,8.826,3384000.63
2026-03-30 16:00:00,8.826,8.838,8.565,8.622,3188383.48
2026-03-30 20:00:00,8.622,8.723,8.58,8.622,1531165.43
2026-03-31 00:00:00,8.621,8.855,8.593,8.745,2097541.18
2026-03-31 04:00:00,8.745,8.775,8.665,8.707,1420406.39
2026-03-31 08:00:00,8.706,8.715,8.498,8.611,2761014.08
2026-03-31 12:00:00,8.611,8.806,8.585,8.622,2834083.57
2026-03-31 16:00:00,8.623,8.888,8.619,8.772,2883704.49
2026-03-31 20:00:00,8.771,8.814,8.706,8.777,1163266.69
2026-04-01 00:00:00,8.778,8.83,8.735,8.816,1546562.67
2026-04-01 04:00:00,8.816,9.193,8.79,9.056,3558992.16
2026-04-01 08:00:00,9.056,9.101,8.982,9.017,2245117.89
2026-04-01 12:00:00,9.017,9.089,8.913,9.002,2593922.34
2026-04-01 16:00:00,9.001,9.136,8.949,9.014,2122553.64
2026-04-01 20:00:00,9.015,9.037,8.921,8.939,1289595.78
2026-04-02 00:00:00,8.939,9.006,8.516,8.56,5586588.7
2026-04-02 04:00:00,8.56,8.565,8.495,8.56,2171129.9
2026-04-02 08:00:00,8.559,8.56,8.446,8.479,1929462.48
2026-04-02 12:00:00,8.479,8.64,8.416,8.561,3655059.99
2026-04-02 16:00:00,8.561,8.654,8.518,8.608,1828930.29
2026-04-02 20:00:00,8.609,8.651,8.584,8.627,1206158.71
2026-04-03 00:00:00,8.628,8.673,8.585,8.645,1679565.04
2026-04-03 04:00:00,8.646,8.763,8.637,8.709,1433387.23
2026-04-03 08:00:00,8.71,8.74,8.657,8.721,1165942.25
2026-04-03 12:00:00,8.721,8.807,8.647,8.693,2237373.1
2026-04-03 16:00:00,8.693,8.727,8.641,8.673,1097881.81
2026-04-03 20:00:00,8.673,8.712,8.636,8.654,1053950.09
2026-04-04 00:00:00,8.654,8.654,8.613,8.64,920464.24
2026-04-04 04:00:00,8.639,8.676,8.627,8.654,609703.38
2026-04-04 08:00:00,8.655,8.673,8.622,8.657,732886.23
2026-04-04 12:00:00,8.658,8.708,8.605,8.683,1249549.17
2026-04-04 16:00:00,8.684,8.778,8.66,8.721,1360077.37
2026-04-04 20:00:00,8.72,8.723,8.674,8.689,502454.02
2026-04-05 00:00:00,8.69,8.694,8.633,8.646,838311.9
2026-04-05 04:00:00,8.646,8.656,8.495,8.527,1850687.43
2026-04-05 08:00:00,8.526,8.576,8.52,8.542,965008.5
2026-04-05 12:00:00,8.542,8.678,8.471,8.595,1946670.87
2026-04-05 16:00:00,8.596,8.643,8.569,8.62,773894.02
2026-04-05 20:00:00,8.62,8.872,8.559,8.82,2688371.17
2026-04-06 00:00:00,8.82,9.026,8.82,8.927,3458039.2
2026-04-06 04:00:00,8.927,8.998,8.899,8.959,2170808.3
2026-04-06 08:00:00,8.96,9.153,8.953,9.043,3266865.1
2026-04-06 12:00:00,9.044,9.086,8.993,9.082,2333442.62
2026-04-06 16:00:00,9.083,9.101,8.935,8.984,2234975.15
2026-04-06 20:00:00,8.985,9.019,8.718,8.794,2382556.45
2026-04-07 00:00:00,8.794,8.844,8.722,8.787,1523068.94
2026-04-07 04:00:00,8.786,8.826,8.724,8.76,1066756.31
2026-04-07 08:00:00,8.761,8.895,8.666,8.676,2534388.62
2026-04-07 12:00:00,8.676,8.718,8.566,8.613,4078036.87
2026-04-07 16:00:00,8.613,8.752,8.588,8.738,2418147.09
2026-04-07 20:00:00,8.739,9.417,8.709,9.285,6409874.41
2026-04-08 00:00:00,9.284,9.337,9.171,9.176,2368444.78
2026-04-08 04:00:00,9.177,9.269,9.177,9.251,1668094.28
2026-04-08 08:00:00,9.252,9.271,9.143,9.182,1558070.15
2026-04-08 12:00:00,9.183,9.265,8.962,9.026,4145508.49
2026-04-08 16:00:00,9.026,9.114,8.931,8.984,1659712.94
2026-04-08 20:00:00,8.983,9.035,8.83,8.851,1843498.42
2026-04-09 00:00:00,8.852,8.853,8.683,8.755,3030998.01
2026-04-09 04:00:00,8.755,8.797,8.742,8.751,1386680.86
2026-04-09 08:00:00,8.752,8.801,8.733,8.758,1515102.02
2026-04-09 12:00:00,8.758,8.972,8.685,8.94,2811245.08
2026-04-09 16:00:00,8.94,9.035,8.86,9.002,2655608.07
2026-04-09 20:00:00,9.003,9.183,8.925,8.943,2329769.95
2026-04-10 00:00:00,8.942,9.003,8.882,8.91,1519040.65
2026-04-10 04:00:00,8.911,8.992,8.883,8.895,1081935.97
2026-04-10 08:00:00,8.896,9.016,8.875,8.982,1600270.74
2026-04-10 12:00:00,8.982,9.163,8.96,9.054,3520477.79
2026-04-10 16:00:00,9.055,9.159,9.019,9.153,1635867.94
2026-04-10 20:00:00,9.153,9.173,9.062,9.08,1093890.22
2026-04-11 00:00:00,9.081,9.11,9.024,9.045,959128.64
2026-04-11 04:00:00,9.046,9.074,8.968,9.006,1275534.7
2026-04-11 08:00:00,9.006,9.047,8.984,9.008,784706.81
2026-04-11 12:00:00,9.008,9.043,8.944,9.021,1163637.51
2026-04-11 16:00:00,9.021,9.286,9.016,9.26,2340851.01
2026-04-11 20:00:00,9.261,9.27,9.037,9.065,1648975.07
2026-04-12 00:00:00,9.066,9.077,8.739,8.788,3676498.91
2026-04-12 04:00:00,8.787,8.809,8.752,8.791,1289410.33
2026-04-12 08:00:00,8.791,8.81,8.742,8.781,975833.6
2026-04-12 12:00:00,8.78,8.822,8.679,8.71,2264759.62
2026-04-12 16:00:00,8.71,8.799,8.695,8.758,1015659.13
2026-04-12 20:00:00,8.758,8.839,8.706,8.729,1677509.25
2026-04-13 00:00:00,8.73,8.833,8.716,8.776,1422230.76
2026-04-13 04:00:00,8.775,8.808,8.706,8.725,1592778.97
2026-04-13 08:00:00,8.724,8.752,8.69,8.725,1409244.26
2026-04-13 12:00:00,8.724,8.913,8.678,8.819,3952412.54
2026-04-13 16:00:00,8.819,9.035,8.772,9.017,2848502.99
2026-04-13 20:00:00,9.018,9.435,8.95,9.359,4961914.37
2026-04-14 00:00:00,9.359,9.386,9.175,9.214,2851983.26
2026-04-14 04:00:00,9.215,9.244,9.13,9.213,1938290.98
2026-04-14 08:00:00,9.214,9.252,9.158,9.171,1233035.32
2026-04-14 12:00:00,9.171,9.293,9.06,9.126,3911120.87
2026-04-14 16:00:00,9.125,9.175,8.922,8.983,2455953.65
2026-04-14 20:00:00,8.983,9.052,8.963,9.014,1193663.28
2026-04-15 00:00:00,9.014,9.106,9.011,9.066,1191076.48
2026-04-15 04:00:00,9.067,9.109,8.988,9.01,1186993.1
2026-04-15 08:00:00,9.011,9.153,8.999,9.134,1281304.79
2026-04-15 12:00:00,9.133,9.246,9.1,9.158,2291483.43
2026-04-15 16:00:00,9.158,9.37,9.148,9.323,2457304.3
2026-04-15 20:00:00,9.323,9.353,9.217,9.258,1540165.06
2026-04-16 00:00:00,9.259,9.331,9.201,9.277,1197420.35
2026-04-16 04:00:00,9.277,9.359,9.251,9.291,1874089.27
2026-04-16 08:00:00,9.291,9.327,9.207,9.283,1541127.5
2026-04-16 12:00:00,9.282,9.464,9.122,9.453,5476349.1
2026-04-16 16:00:00,9.452,9.652,9.3,9.642,3880191.96
2026-04-16 20:00:00,9.643,9.677,9.461,9.596,2493688.27
2026-04-17 00:00:00,9.595,9.612,9.389,9.411,1671375.56
2026-04-17 04:00:00,9.412,9.467,9.334,9.467,1662839.17
2026-04-17 08:00:00,9.468,9.604,9.45,9.516,2211974.62
2026-04-17 12:00:00,9.517,9.865,9.455,9.747,4751692.92
2026-04-17 16:00:00,9.747,9.829,9.625,9.665,2162252.53
2026-04-17 20:00:00,9.666,9.706,9.576,9.607,1404469.04
2026-04-18 00:00:00,9.607,9.647,9.539,9.557,1032413.88
2026-04-18 04:00:00,9.557,9.626,9.542,9.598,892365.88
2026-04-18 08:00:00,9.599,9.6,9.332,9.397,3550116.01
2026-04-18 12:00:00,9.397,9.445,9.306,9.379,2376035.66
2026-04-18 16:00:00,9.378,9.413,9.25,9.276,1913030.24
2026-04-18 20:00:00,9.276,9.342,9.258,9.277,922626.05
2026-04-19 00:00:00,9.277,9.291,9.157,9.22,2143922.47
2026-04-19 04:00:00,9.221,9.283,9.095,9.17,1988601.25
2026-04-19 08:00:00,9.17,9.22,9.103,9.212,1178271.37
2026-04-19 12:00:00,9.213,9.37,9.194,9.281,2097415.11
2026-04-19 16:00:00,9.282,9.292,9.104,9.177,1919596.72
2026-04-19 20:00:00,9.177,9.177,8.993,9.058,2151299.15
2026-04-20 00:00:00,9.059,9.202,9.045,9.188,1482874.23
2026-04-20 04:00:00,9.188,9.359,9.093,9.242,2213516.47
2026-04-20 08:00:00,9.243,9.314,9.147,9.208,3037114.69
2026-04-20 12:00:00,9.208,9.293,9.131,9.261,2146818.41
2026-04-20 16:00:00,9.262,9.358,9.202,9.318,1852272.73
2026-04-20 20:00:00,9.318,9.402,9.257,9.282,1539266.86
2026-04-21 00:00:00,9.281,9.352,9.232,9.283,1096091.06
2026-04-21 04:00:00,9.283,9.39,9.268,9.36,1205766.84
2026-04-21 08:00:00,9.359,9.487,9.343,9.409,1912954.16
2026-04-21 12:00:00,9.409,9.475,9.327,9.413,2798001.78
2026-04-21 16:00:00,9.414,9.438,9.233,9.263,2360978.2
2026-04-21 20:00:00,9.264,9.412,9.257,9.392,1638373.5
2026-04-22 00:00:00,9.392,9.525,9.372,9.503,1953759.48
2026-04-22 04:00:00,9.503,9.556,9.469,9.496,2277211.5
2026-04-22 08:00:00,9.496,9.545,9.469,9.521,1111361.6
2026-04-22 12:00:00,9.522,9.548,9.455,9.484,2185582.04
2026-04-22 16:00:00,9.485,9.504,9.372,9.411,1734141.98
2026-04-22 20:00:00,9.411,9.415,9.268,9.284,1562077.25
2026-04-23 00:00:00,9.285,9.31,9.139,9.172,2380761.84
2026-04-23 04:00:00,9.173,9.261,9.159,9.232,1338001.27
2026-04-23 08:00:00,9.231,9.273,9.158,9.258,2264049.75
2026-04-23 12:00:00,9.257,9.385,9.237,9.345,2000137.15
2026-04-23 16:00:00,9.346,9.356,9.145,9.267,2087100.31
2026-04-23 20:00:00,9.267,9.356,9.265,9.344,1214624.6
2026-04-24 00:00:00,9.345,9.391,9.25,9.289,1518118.38
2026-04-24 04:00:00,9.289,9.312,9.24,9.286,1252378.41
2026-04-24 08:00:00,9.287,9.379,9.244,9.351,1543519.22
2026-04-24 12:00:00,9.35,9.39,9.288,9.366,1737522.88
2026-04-24 16:00:00,9.365,9.432,9.322,9.403,1509528.53
2026-04-24 20:00:00,9.402,9.442,9.351,9.371,1019459.24
2026-04-25 00:00:00,9.37,9.427,9.339,9.42,800495.68
2026-04-25 04:00:00,9.42,9.443,9.389,9.397,679000.24
2026-04-25 08:00:00,9.396,9.435,9.366,9.386,809199.29
2026-04-25 12:00:00,9.386,9.415,9.325,9.341,986389.96
2026-04-25 16:00:00,9.34,9.359,9.282,9.3,1381709.13
2026-04-25 20:00:00,9.301,9.357,9.286,9.342,670827.33
2026-04-26 00:00:00,9.342,9.342,9.294,9.316,727988.31
2026-04-26 04:00:00,9.316,9.419,9.308,9.417,1062108.07
2026-04-26 08:00:00,9.418,9.485,9.4,9.464,1238018.8
2026-04-26 12:00:00,9.463,9.498,9.413,9.487,1425506.14
2026-04-26 16:00:00,9.488,9.535,9.425,9.477,1190039.13
2026-04-26 20:00:00,9.478,9.518,9.405,9.479,1159231.85
2026-04-27 00:00:00,9.48,9.588,9.434,9.54,1816249.09
2026-04-27 04:00:00,9.54,9.559,9.292,9.302,2649965.66
2026-04-27 08:00:00,9.302,9.352,9.296,9.329,977880.98
2026-04-27 12:00:00,9.329,9.369,9.146,9.178,3016285.78
2026-04-27 16:00:00,9.178,9.246,9.155,9.216,1371506.81
2026-04-27 20:00:00,9.215,9.329,9.205,9.316,905934.68
2026-04-28 00:00:00,9.317,9.325,9.241,9.281,1026762.66
2026-04-28 04:00:00,9.28,9.313,9.202,9.252,1148254.3
2026-04-28 08:00:00,9.251,9.274,9.177,9.196,886726.4
2026-04-28 12:00:00,9.197,9.243,9.14,9.219,2045860.17
2026-04-28 16:00:00,9.219,9.279,9.186,9.275,1051768.26
2026-04-28 20:00:00,9.275,9.287,9.218,9.237,630625.46
2026-04-29 00:00:00,9.237,9.317,9.207,9.304,1064233.63
2026-04-29 04:00:00,9.304,9.397,9.296,9.314,1494627.79
2026-04-29 08:00:00,9.313,9.414,9.258,9.355,1625542.32
2026-04-29 12:00:00,9.354,9.358,9.071,9.091,3377247.9
2026-04-29 16:00:00,9.09,9.158,8.904,9.009,4249950.29
2026-04-29 20:00:00,9.009,9.133,9.004,9.107,1349220.37
2026-04-30 00:00:00,9.107,9.185,9.053,9.102,1374095.62
2026-04-30 04:00:00,9.102,9.126,9.014,9.124,972645.84
2026-04-30 08:00:00,9.123,9.163,9.089,9.122,1138810.07
2026-04-30 12:00:00,9.122,9.172,9.078,9.133,1493498.76
2026-04-30 16:00:00,9.133,9.151,9.083,9.128,902863.01
2026-04-30 20:00:00,9.128,9.145,9.079,9.1,592706.31
2026-05-01 00:00:00,9.101,9.207,9.098,9.163,1200223.45
2026-05-01 04:00:00,9.164,9.178,9.125,9.148,854360.2
2026-05-01 08:00:00,9.148,9.187,9.11,9.143,1001069.79
2026-05-01 12:00:00,9.143,9.276,9.134,9.223,2613508.23
2026-05-01 16:00:00,9.224,9.25,9.16,9.17,1156235.42
2026-05-01 20:00:00,9.17,9.175,9.061,9.09,1383639.8
2026-05-02 00:00:00,9.09,9.131,9.077,9.112,827126.32
2026-05-02 04:00:00,9.112,9.114,9.06,9.08,769994.48
2026-05-02 08:00:00,9.079,9.098,9.067,9.071,581751.81
2026-05-02 12:00:00,9.071,9.2,9.069,9.158,1883064.79
2026-05-02 16:00:00,9.158,9.174,9.113,9.164,807992.12
2026-05-02 20:00:00,9.163,9.254,9.158,9.174,989536.62
2026-05-03 00:00:00,9.174,9.182,9.072,9.087,1253321.54
2026-05-03 04:00:00,9.088,9.129,9.063,9.112,1332749.41
2026-05-03 08:00:00,9.111,9.198,9.102,9.171,1156763.34
2026-05-03 12:00:00,9.171,9.207,9.118,9.15,1920840.15
2026-05-03 16:00:00,9.15,9.172,9.128,9.155,624576.13
2026-05-03 20:00:00,9.155,9.222,9.105,9.122,1707723.0
2026-05-04 00:00:00,9.122,9.354,9.083,9.346,3445581.37
2026-05-04 04:00:00,9.346,9.401,9.253,9.316,1826838.24
2026-05-04 08:00:00,9.317,9.653,9.283,9.422,8246441.5
2026-05-04 12:00:00,9.421,9.54,9.339,9.412,2793008.55
2026-05-04 16:00:00,9.413,9.509,9.337,9.391,1851681.0
2026-05-04 20:00:00,9.391,9.418,9.314,9.355,1029663.67
2026-05-05 00:00:00,9.354,9.544,9.349,9.503,1651770.57
2026-05-05 04:00:00,9.502,9.628,9.491,9.599,1701172.03
2026-05-05 08:00:00,9.599,9.734,9.506,9.731,3428470.34
2026-05-05 12:00:00,9.731,9.808,9.632,9.72,3170415.02
2026-05-05 16:00:00,9.72,9.739,9.663,9.724,1042948.55
2026-05-05 20:00:00,9.723,9.844,9.72,9.763,1945509.81
2026-05-06 00:00:00,9.763,9.869,9.755,9.854,1919873.9
2026-05-06 04:00:00,9.854,9.918,9.783,9.87,2094846.1
2026-05-06 08:00:00,9.87,10.247,9.861,10.179,5312531.08
2026-05-06 12:00:00,10.178,10.206,9.874,10.03,3971121.85
2026-05-06 16:00:00,10.029,10.075,9.938,10.014,1417802.12
2026-05-06 20:00:00,10.014,10.058,9.936,9.993,1125260.13
2026-05-07 00:00:00,9.994,10.007,9.845,9.863,1743881.7
2026-05-07 04:00:00,9.863,10.129,9.855,10.112,1908304.4
2026-05-07 08:00:00,10.113,10.118,9.946,10.02,1855078.9
2026-05-07 12:00:00,10.02,10.073,9.794,9.862,2931476.46
2026-05-07 16:00:00,9.863,9.947,9.802,9.89,1661301.32
2026-05-07 20:00:00,9.891,9.946,9.804,9.846,998506.85
2026-05-08 00:00:00,9.845,9.883,9.761,9.855,1649939.85
2026-05-08 04:00:00,9.855,9.89,9.789,9.887,1231276.6
2026-05-08 08:00:00,9.888,9.942,9.833,9.93,2358629.42
2026-05-08 12:00:00,9.931,10.093,9.879,10.09,2483934.68
2026-05-08 16:00:00,10.091,10.491,10.029,10.369,5591475.08
2026-05-08 20:00:00,10.37,10.389,10.269,10.34,1590507.98
2026-05-09 00:00:00,10.34,10.599,10.309,10.536,2840837.78
2026-05-09 04:00:00,10.537,10.606,10.447,10.456,1719253.09
2026-05-09 08:00:00,10.456,10.505,10.388,10.456,1501387.3
2026-05-09 12:00:00,10.456,10.479,10.274,10.33,2065978.63
2026-05-09 16:00:00,10.33,10.453,10.292,10.44,1563461.08
2026-05-09 20:00:00,10.44,10.444,10.347,10.368,703192.6
2026-05-10 00:00:00,10.369,10.391,10.277,10.346,1306459.61
2026-05-10 04:00:00,10.346,10.452,10.333,10.416,1073461.18
2026-05-10 08:00:00,10.416,10.547,10.409,10.473,1766665.26
2026-05-10 12:00:00,10.474,10.625,10.437,10.62,2304462.2
2026-05-10 16:00:00,10.62,10.863,10.589,10.837,3419040.48
2026-05-10 20:00:00,10.837,10.87,10.43,10.716,4397462.31
2026-05-11 00:00:00,10.716,10.755,10.43,10.523,2830526.61
2026-05-11 04:00:00,10.522,10.61,10.458,10.521,1441689.22
2026-05-11 08:00:00,10.52,10.646,10.506,10.571,1438357.72
2026-05-11 12:00:00,10.572,10.594,10.386,10.577,2429006.9
2026-05-11 16:00:00,10.576,10.695,10.531,10.676,2476965.37
2026-05-11 20:00:00,10.676,10.705,10.537,10.591,1092275.01
2026-05-12 00:00:00,10.591,10.591,10.389,10.461,1612061.33
2026-05-12 04:00:00,10.462,10.521,10.376,10.432,1263604.64
2026-05-12 08:00:00,10.433,10.445,10.221,10.261,2873994.22
2026-05-12 12:00:00,10.261,10.365,10.088,10.151,4957081.27
2026-05-12 16:00:00,10.151,10.324,10.117,10.315,1779223.86
2026-05-12 20:00:00,10.316,10.353,10.278,10.284,755205.51
2026-05-13 00:00:00,10.283,10.478,10.265,10.466,1643640.53
2026-05-13 04:00:00,10.467,10.578,10.391,10.571,1994158.43
2026-05-13 08:00:00,10.572,10.802,10.467,10.482,3712043.49
2026-05-13 12:00:00,10.481,10.512,10.031,10.063,5709483.34
2026-05-13 16:00:00,10.063,10.244,10.055,10.164,1735129.35
2026-05-13 20:00:00,10.164,10.226,10.112,10.213,925283.97
2026-05-14 00:00:00,10.213,10.268,10.089,10.107,1568593.18
2026-05-14 04:00:00,10.108,10.323,10.087,10.221,1611615.16
2026-05-14 08:00:00,10.221,10.291,10.176,10.232,1428307.93
2026-05-14 12:00:00,10.232,10.66,10.202,10.635,3990011.24
2026-05-14 16:00:00,10.635,10.769,10.56,10.625,4248741.91
2026-05-14 20:00:00,10.626,10.645,10.461,10.48,1456145.21
2026-05-15 00:00:00,10.481,10.559,10.351,10.413,2114477.1
2026-05-15 04:00:00,10.413,10.418,10.199,10.367,2428420.72
2026-05-15 08:00:00,10.368,10.371,10.244,10.301,1656898.68
2026-05-15 12:00:00,10.301,10.311,9.954,10.022,5183142.1
2026-05-15 16:00:00,10.022,10.131,9.996,10.057,1476795.46
2026-05-15 20:00:00,10.057,10.081,10.016,10.064,848892.68
2026-05-16 00:00:00,10.065,10.092,10.035,10.06,757936.49
2026-05-16 04:00:00,10.059,10.061,9.724,9.815,3413043.15
2026-05-16 08:00:00,9.815,9.832,9.609,9.645,2974107.96
2026-05-16 12:00:00,9.646,9.71,9.618,9.702,1513165.1
2026-05-16 16:00:00,9.702,9.774,9.693,9.743,1472704.06
2026-05-16 20:00:00,9.743,9.771,9.703,9.713,691506.25
2026-05-17 00:00:00,9.712,9.731,9.622,9.717,1406317.92
2026-05-17 04:00:00,9.717,9.826,9.712,9.773,1071333.12
2026-05-17 08:00:00,9.773,9.848,9.744,9.786,1005301.36
2026-05-17 12:00:00,9.786,9.834,9.649,9.709,3047155.34
2026-05-17 16:00:00,9.71,9.76,9.644,9.746,1064740.06
2026-05-17 20:00:00,9.747,9.771,9.319,9.561,3479678.8
2026-05-18 00:00:00,9.56,9.58,9.447,9.508,2221292.05
2026-05-18 04:00:00,9.508,9.57,9.42,9.469,1741760.91
2026-05-18 08:00:00,9.47,9.565,9.398,9.51,1541708.95
2026-05-18 12:00:00,9.51,9.602,9.337,9.417,3218502.76
2026-05-18 16:00:00,9.417,9.53,9.298,9.506,2961528.04
2026-05-18 20:00:00,9.507,9.615,9.466,9.602,1645985.36
2026-05-19 00:00:00,9.603,9.726,9.578,9.698,2363823.0
2026-05-19 04:00:00,9.699,9.821,9.657,9.793,2020268.78
2026-05-19 08:00:00,9.794,9.795,9.526,9.537,2583549.69
2026-05-19 12:00:00,9.538,9.617,9.43,9.483,2597460.05
2026-05-19 16:00:00,9.484,9.559,9.447,9.464,1640338.2
2026-05-19 20:00:00,9.465,9.492,9.428,9.443,962314.13
2026-05-20 00:00:00,9.444,9.509,9.372,9.486,2148002.31
2026-05-20 04:00:00,9.486,9.627,9.459,9.574,1418333.19
2026-05-20 08:00:00,9.575,9.64,9.524,9.541,1143051.12
2026-05-20 12:00:00,9.541,9.649,9.476,9.625,2627866.67
2026-05-20 16:00:00,9.626,9.685,9.557,9.651,1929337.36
2026-05-20 20:00:00,9.651,9.663,9.56,9.631,1068795.12
2026-05-21 00:00:00,9.631,9.764,9.623,9.756,2181916.6
2026-05-21 04:00:00,9.756,9.771,9.62,9.689,1465999.99
2026-05-21 08:00:00,9.689,9.759,9.512,9.545,2519118.43
2026-05-21 12:00:00,9.545,9.683,9.517,9.643,2358459.08
2026-05-21 16:00:00,9.644,9.853,9.606,9.797,3004384.63
2026-05-21 20:00:00,9.797,9.81,9.694,9.75,1590019.51
2026-05-22 00:00:00,9.751,9.833,9.706,9.821,1174208.88
2026-05-22 04:00:00,9.822,9.861,9.746,9.818,1407465.96
2026-05-22 08:00:00,9.818,9.892,9.757,9.887,1496510.98
2026-05-22 12:00:00,9.887,10.031,9.731,9.803,4676829.01
2026-05-22 16:00:00,9.802,9.855,9.366,9.461,5231060.64
2026-05-22 20:00:00,9.462,9.57,9.352,9.414,2379916.76
2026-05-23 00:00:00,9.414,9.435,9.334,9.402,1455225.37
2026-05-23 04:00:00,9.402,9.407,9.034,9.122,4192032.36
2026-05-23 08:00:00,9.122,9.216,9.091,9.179,2383918.27
2026-05-23 12:00:00,9.179,9.364,9.155,9.313,2971783.71
2026-05-23 16:00:00,9.314,9.425,9.278,9.4,1611142.65
2026-05-23 20:00:00,9.4,9.78,9.384,9.559,3658036.6
2026-05-24 00:00:00,9.559,9.617,9.519,9.535,1289520.05
2026-05-24 04:00:00,9.536,9.626,9.488,9.554,2564645.11
2026-05-24 08:00:00,9.555,9.646,9.535,9.592,1246607.67
2026-05-24 12:00:00,9.592,9.595,9.335,9.428,1806373.23
2026-05-24 16:00:00,9.428,9.483,9.406,9.427,1005370.34
2026-05-24 20:00:00,9.427,9.456,9.242,9.426,1594304.72
2026-05-25 00:00:00,9.427,9.489,9.362,9.387,1084511.07
2026-05-25 04:00:00,9.388,9.542,9.379,9.517,1194750.49
2026-05-25 08:00:00,9.518,9.605,9.49,9.528,2075020.39
2026-05-25 12:00:00,9.528,9.659,9.513,9.596,1727375.23
2026-05-25 16:00:00,9.596,9.668,9.52,9.548,1020747.19
2026-05-25 20:00:00,9.547,9.569,9.442,9.499,1045881.82
2026-05-26 00:00:00,9.499,9.504,9.354,9.408,1562968.25
2026-05-26 04:00:00,9.408,9.56,9.4,9.477,1531497.73
2026-05-26 08:00:00,9.478,9.64,9.454,9.569,2378971.34
2026-05-26 12:00:00,9.568,9.682,9.4,9.469,3574124.12
2026-05-26 16:00:00,9.469,9.476,9.335,9.398,3653727.26
2026-05-26 20:00:00,9.399,9.427,9.339,9.38,973027.32
2026-05-27 00:00:00,9.381,9.47,9.378,9.391,1309474.0
2026-05-27 04:00:00,9.39,9.45,9.279,9.436,1978499.97
2026-05-27 08:00:00,9.435,9.445,9.329,9.355,1788656.31
2026-05-27 12:00:00,9.356,9.48,9.264,9.429,3535409.78
2026-05-27 16:00:00,9.43,9.453,9.214,9.318,2123779.28
2026-05-27 20:00:00,9.319,9.351,9.1,9.13,2395029.74
2026-05-28 00:00:00,9.13,9.151,8.878,8.884,4811818.98
2026-05-28 04:00:00,8.885,8.914,8.745,8.898,4090283.68
2026-05-28 08:00:00,8.898,8.93,8.838,8.861,1324441.56
2026-05-28 12:00:00,8.861,8.963,8.786,8.894,3356051.83
2026-05-28 16:00:00,8.893,9.088,8.86,8.987,2063052.17
2026-05-28 20:00:00,8.988,9.063,8.957,8.998,1102761.09
2026-05-29 00:00:00,8.997,9.047,8.933,8.938,1219334.17
2026-05-29 04:00:00,8.939,9.039,8.903,8.998,1296988.46
2026-05-29 08:00:00,8.997,9.051,8.911,8.94,1363440.66
2026-05-29 12:00:00,8.941,9.133,8.785,9.064,4178957.03
2026-05-29 16:00:00,9.065,9.13,8.914,8.996,2306656.78
2026-05-29 20:00:00,8.996,9.042,8.946,9.017,1216062.37
2026-05-30 00:00:00,9.017,9.31,9.013,9.24,3118879.54
2026-05-30 04:00:00,9.24,9.275,9.081,9.157,2711326.31
2026-05-30 08:00:00,9.157,9.176,9.106,9.133,950851.95
2026-05-30 12:00:00,9.134,9.235,9.123,9.197,1242535.3
2026-05-30 16:00:00,9.198,9.263,9.183,9.258,1090174.49
2026-05-30 20:00:00,9.258,9.284,9.156,9.187,1063106.21
2026-05-31 00:00:00,9.187,9.298,9.177,9.256,1188324.37
2026-05-31 04:00:00,9.256,9.26,9.165,9.197,1265333.52
2026-05-31 08:00:00,9.196,9.272,9.154,9.223,1272392.14
2026-05-31 12:00:00,9.224,9.262,9.029,9.092,2185298.95
2026-05-31 16:00:00,9.091,9.108,8.984,9.034,1553865.79
2026-05-31 20:00:00,9.035,9.218,9.035,9.143,1193819.93
2026-06-01 00:00:00,9.142,9.212,9.022,9.174,1741999.61
2026-06-01 04:00:00,9.174,9.194,8.951,8.961,2128368.62
2026-06-01 08:00:00,8.962,9.046,8.927,8.996,1374998.73
2026-06-01 12:00:00,8.997,9.033,8.841,8.907,3377307.88
2026-06-01 16:00:00,8.908,9.108,8.858,9.079,2059240.56
2026-06-01 20:00:00,9.079,9.084,8.938,9.053,1169259.09
2026-06-02 00:00:00,9.053,9.069,8.801,9.014,2643742.83
2026-06-02 04:00:00,9.015,9.027,8.781,8.841,2633378.44
2026-06-02 08:00:00,8.842,8.867,8.769,8.812,1969179.8
2026-06-02 12:00:00,8.813,8.871,8.475,8.562,5952829.33
2026-06-02 16:00:00,8.562,8.738,8.37,8.521,3925481.98
2026-06-02 20:00:00,8.521,8.585,8.238,8.37,4218767.37
2026-06-03 00:00:00,8.37,8.433,8.165,8.223,3090001.88
2026-06-03 04:00:00,8.223,8.566,8.22,8.542,3470821.79
2026-06-03 08:00:00,8.542,8.616,8.463,8.532,2626240.13
2026-06-03 12:00:00,8.533,8.558,8.368,8.376,3633200.53
2026-06-03 16:00:00,8.377,8.389,8.181,8.207,4350824.76
2026-06-03 20:00:00,8.207,8.463,8.1,8.329,3964930.49
2026-06-04 00:00:00,8.329,8.395,7.79,8.293,6802043.12
2026-06-04 04:00:00,8.293,8.332,8.057,8.064,2629013.57
2026-06-04 08:00:00,8.063,8.09,7.801,7.934,4314724.88
2026-06-04 12:00:00,7.934,8.13,7.898,8.044,3707507.9
2026-06-04 16:00:00,8.044,8.128,7.952,8.054,2387576.52
2026-06-04 20:00:00,8.054,8.073,7.881,8.012,2740567.04
2026-06-05 00:00:00,8.012,8.038,7.762,7.786,3556679.45
2026-06-05 04:00:00,7.786,7.892,7.331,7.624,8108438.27
2026-06-05 08:00:00,7.624,7.676,7.498,7.555,3268499.75
2026-06-05 12:00:00,7.555,7.658,7.237,7.29,7400042.45
2026-06-05 16:00:00,7.289,7.512,7.112,7.299,7148321.08
2026-06-05 20:00:00,7.299,7.542,7.212,7.36,3897550.75
2026-06-06 00:00:00,7.361,7.45,7.243,7.27,2279623.29
2026-06-06 04:00:00,7.27,7.399,6.987,7.392,5139727.71
2026-06-06 08:00:00,7.393,7.468,7.191,7.314,3031701.57
2026-06-06 12:00:00,7.314,7.435,7.272,7.376,2814640.95
2026-06-06 16:00:00,7.376,7.412,7.288,7.297,1658501.08
2026-06-06 20:00:00,7.297,7.403,7.281,7.39,1403639.24
2026-06-07 00:00:00,7.389,7.602,7.369,7.576,2889644.23
2026-06-07 04:00:00,7.575,7.723,7.526,7.711,2292682.35
2026-06-07 08:00:00,7.711,7.846,7.662,7.757,2414748.39
2026-06-07 12:00:00,7.757,7.796,7.609,7.724,2614497.47
2026-06-07 16:00:00,7.724,7.775,7.55,7.591,1991955.23
2026-06-07 20:00:00,7.591,8.04,7.566,7.913,3412493.98
2026-06-08 00:00:00,7.913,8.013,7.815,7.852,2652998.43
2026-06-08 04:00:00,7.853,7.931,7.716,7.903,2380000.63
2026-06-08 08:00:00,7.903,8.002,7.838,7.963,1970364.66
2026-06-08 12:00:00,7.964,8.109,7.876,8.022,3047810.78
2026-06-08 16:00:00,8.023,8.073,7.96,8.057,1684542.96
2026-06-08 20:00:00,8.058,8.123,7.97,7.995,1586030.44
2026-06-09 00:00:00,7.994,8.011,7.79,7.877,2254764.98
2026-06-09 04:00:00,7.877,8.022,7.847,7.929,1994253.66
2026-06-09 08:00:00,7.929,7.934,7.831,7.88,1637547.45
2026-06-09 12:00:00,7.879,7.949,7.707,7.717,3614465.13
2026-06-09 16:00:00,7.716,7.896,7.645,7.869,2616052.32
2026-06-09 20:00:00,7.869,7.926,7.796,7.835,1053083.91
2026-06-10 00:00:00,7.836,7.871,7.711,7.744,1215956.86
2026-06-10 04:00:00,7.745,7.804,7.652,7.776,1220169.94
2026-06-10 08:00:00,7.777,7.778,7.607,7.642,2400638.31
2026-06-10 12:00:00,7.643,7.898,7.623,7.802,3581899.05
2026-06-10 16:00:00,7.803,7.82,7.592,7.614,2187118.31
2026-06-10 20:00:00,7.613,7.632,7.476,7.556,2538026.69
2026-06-11 00:00:00,7.557,7.828,7.556,7.797,2186536.29
2026-06-11 04:00:00,7.798,7.818,7.739,7.768,1349462.41
2026-06-11 08:00:00,7.768,7.878,7.768,7.851,1319935.11
2026-06-11 12:00:00,7.852,7.855,7.703,7.754,2410520.65
2026-06-11 16:00:00,7.754,7.98,7.681,7.938,2833209.95
2026-06-11 20:00:00,7.938,7.952,7.865,7.882,1163709.86
2026-06-12 00:00:00,7.882,7.93,7.843,7.901,878932.95
2026-06-12 04:00:00,7.902,7.93,7.746,7.807,1104928.14
2026-06-12 08:00:00,7.808,7.936,7.807,7.895,961345.94
2026-06-12 12:00:00,7.894,8.009,7.777,7.81,2424761.76
2026-06-12 16:00:00,7.811,7.918,7.795,7.834,1201415.28
2026-06-12 20:00:00,7.835,7.871,7.811,7.863,584429.03
2026-06-13 00:00:00,7.862,7.946,7.853,7.887,845444.19
2026-06-13 04:00:00,7.887,7.967,7.851,7.958,933940.87
2026-06-13 08:00:00,7.96,7.989,7.939,7.986,733900.71
2026-06-13 12:00:00,7.987,8.039,7.971,8.021,1046964.4
2026-06-13 16:00:00,8.022,8.026,7.934,7.987,1595392.04
2026-06-13 20:00:00,7.986,8.057,7.952,7.981,737389.91
2026-06-14 00:00:00,7.98,8.006,7.946,7.959,928227.59
2026-06-14 04:00:00,7.959,7.963,7.879,7.9,832264.04
2026-06-14 08:00:00,7.901,7.947,7.877,7.922,676368.68
2026-06-14 12:00:00,7.923,7.927,7.787,7.835,1087903.07
2026-06-14 16:00:00,7.836,7.872,7.779,7.816,997688.11
2026-06-14 20:00:00,7.817,8.181,7.802,8.177,2759137.79
2026-06-15 00:00:00,8.177,8.216,8.099,8.193,1865052.27
2026-06-15 04:00:00,8.191,8.226,8.147,8.177,991295.51
2026-06-15 08:00:00,8.178,8.45,8.159,8.304,3689668.67
2026-06-15 12:00:00,8.303,8.618,8.274,8.557,3959998.5
2026-06-15 16:00:00,8.557,8.582,8.37,8.406,2240921.6
2026-06-15 20:00:00,8.405,8.421,8.243,8.294,1645503.23
2026-06-16 00:00:00,8.294,8.334,8.144,8.247,1772919.76
2026-06-16 04:00:00,8.248,8.29,8.174,8.281,1294420.37
2026-06-16 08:00:00,8.281,8.429,8.272,8.328,1521895.77
2026-06-16 12:00:00,8.329,8.476,8.086,8.191,3801558.67
2026-06-16 16:00:00,8.191,8.325,8.157,8.253,1441080.41
2026-06-16 20:00:00,8.252,8.349,8.236,8.272,1146927.21
2026-06-17 00:00:00,8.271,8.413,8.249,8.348,1397460.99
2026-06-17 04:00:00,8.349,8.394,8.257,8.288,1043658.4
2026-06-17 08:00:00,8.287,8.295,8.105,8.15,2082504.95
2026-06-17 12:00:00,8.15,8.297,8.075,8.289,2544572.31
2026-06-17 16:00:00,8.289,8.367,7.998,8.031,5310019.71
2026-06-17 20:00:00,8.032,8.103,7.931,8.087,2182433.35
2026-06-18 00:00:00,8.087,8.132,8.009,8.024,1151284.93
2026-06-18 04:00:00,8.024,8.041,7.884,8.025,1699873.43
2026-06-18 08:00:00,8.026,8.063,7.966,7.984,1276396.34
2026-06-18 12:00:00,7.985,8.125,7.763,7.783,4290892.99
2026-06-18 16:00:00,7.783,7.935,7.775,7.914,2112953.25
2026-06-18 20:00:00,7.914,8.016,7.914,8.013,1273091.17
2026-06-19 00:00:00,8.013,8.04,7.816,7.877,2450177.07
2026-06-19 04:00:00,7.877,7.915,7.805,7.843,1167201.43
2026-06-19 08:00:00,7.843,7.875,7.796,7.81,1069294.01
2026-06-19 12:00:00,7.811,7.949,7.761,7.903,2235067.9
2026-06-19 16:00:00,7.903,7.934,7.843,7.874,1168080.52
2026-06-19 20:00:00,7.875,7.964,7.846,7.946,1061592.42
2026-06-20 00:00:00,7.945,7.957,7.858,7.89,1226294.35
2026-06-20 04:00:00,7.891,8.011,7.879,7.959,1020735.33
2026-06-20 08:00:00,7.959,7.981,7.921,7.933,898075.3
2026-06-20 12:00:00,7.933,8.007,7.818,7.963,2044248.56
2026-06-20 16:00:00,7.964,7.964,7.86,7.896,1010034.1
2026-06-20 20:00:00,7.897,8.013,7.884,7.983,740705.24
2026-06-21 00:00:00,7.984,7.99,7.932,7.967,529502.69
2026-06-21 04:00:00,7.967,7.982,7.913,7.945,536866.25
2026-06-21 08:00:00,7.946,8.009,7.891,7.931,1091831.81
2026-06-21 12:00:00,7.931,7.987,7.897,7.984,1074870.82
2026-06-21 16:00:00,7.983,7.987,7.903,7.949,918213.23
2026-06-21 20:00:00,7.95,7.955,7.762,7.778,1789939.36
2026-06-22 00:00:00,7.777,8.018,7.775,7.863,2333996.32
