datetime,open,high,low,close,volume
2020-09-04 04:00:00,0.7473,0.7473,0.6487,0.6592,900605.0
2020-09-04 08:00:00,0.6592,0.7656,0.6584,0.7052,1228565.0
2020-09-04 12:00:00,0.7084,0.9512,0.6821,0.788,5979616.0
2020-09-04 16:00:00,0.7856,0.7966,0.7186,0.7664,1496282.0
2020-09-04 20:00:00,0.765,0.8577,0.7624,0.8096,1780551.0
2020-09-05 00:00:00,0.8113,0.8548,0.7649,0.7772,1027646.0
2020-09-05 04:00:00,0.7786,0.8351,0.7657,0.8041,1012867.0
2020-09-05 08:00:00,0.8053,0.8054,0.6683,0.6822,1216900.0
2020-09-05 12:00:00,0.68,0.6886,0.6101,0.678,1747509.0
2020-09-05 16:00:00,0.6777,0.6835,0.552,0.573,2021672.0
2020-09-05 20:00:00,0.5768,0.6389,0.5706,0.6389,1314962.0
2020-09-06 00:00:00,0.6389,0.6451,0.6151,0.6349,599140.0
2020-09-06 04:00:00,0.6349,0.7189,0.6152,0.7096,1095619.0
2020-09-06 08:00:00,0.7103,0.7642,0.692,0.7585,930513.0
2020-09-06 12:00:00,0.7588,0.7706,0.6965,0.7274,1291346.0
2020-09-06 16:00:00,0.7258,0.7886,0.7085,0.7786,655452.0
2020-09-06 20:00:00,0.7786,0.8058,0.7534,0.7792,824573.0
2020-09-07 00:00:00,0.7775,0.8045,0.7417,0.7583,641512.0
2020-09-07 04:00:00,0.7576,0.7576,0.6727,0.7012,917978.0
2020-09-07 08:00:00,0.7012,0.725,0.6409,0.6511,1114962.0
2020-09-07 12:00:00,0.6508,0.7143,0.6236,0.7092,1308087.0
2020-09-07 16:00:00,0.7096,0.7318,0.6884,0.6901,780609.0
2020-09-07 20:00:00,0.6899,0.7239,0.6834,0.722,482325.0
2020-09-08 00:00:00,0.7217,0.7605,0.7167,0.7551,475071.0
2020-09-08 04:00:00,0.7554,0.7625,0.7134,0.7226,690499.0
2020-09-08 08:00:00,0.7227,0.7356,0.6497,0.6576,1050282.0
2020-09-08 12:00:00,0.658,0.7027,0.6493,0.697,1126347.0
2020-09-08 16:00:00,0.697,0.7228,0.6676,0.6797,652949.0
2020-09-08 20:00:00,0.6801,0.7035,0.6637,0.6961,535503.0
2020-09-09 00:00:00,0.6951,0.7113,0.6552,0.6585,579553.0
2020-09-09 04:00:00,0.6575,0.6858,0.6537,0.6838,486284.0
2020-09-09 08:00:00,0.6832,0.7205,0.6732,0.6993,762713.0
2020-09-09 12:00:00,0.6993,0.7584,0.6988,0.7476,849004.0
2020-09-09 16:00:00,0.7475,0.7668,0.7246,0.7382,858730.0
2020-09-09 20:00:00,0.7398,0.7516,0.7154,0.729,1042346.0
2020-09-10 00:00:00,0.7303,0.7989,0.7282,0.7776,1001723.0
2020-09-10 04:00:00,0.7777,0.7821,0.7432,0.7451,514337.0
2020-09-10 08:00:00,0.7447,0.7751,0.7397,0.7557,1091120.0
2020-09-10 12:00:00,0.7559,0.8004,0.75,0.7741,1081935.0
2020-09-10 16:00:00,0.7731,0.7742,0.703,0.7091,684292.0
2020-09-10 20:00:00,0.711,0.7361,0.7037,0.7269,568084.0
2020-09-11 00:00:00,0.7271,0.7333,0.6616,0.6663,992953.0
2020-09-11 04:00:00,0.6668,0.745,0.6663,0.7263,1829711.0
2020-09-11 08:00:00,0.7263,0.738,0.7033,0.7054,853196.0
2020-09-11 12:00:00,0.7054,0.745,0.7048,0.7361,778785.0
2020-09-11 16:00:00,0.7356,0.7395,0.7101,0.7246,981711.0
2020-09-11 20:00:00,0.7247,0.7644,0.7205,0.7444,1494706.0
2020-09-12 00:00:00,0.7444,0.7484,0.7052,0.723,2154852.0
2020-09-12 04:00:00,0.7216,0.7343,0.7131,0.7272,1249278.0
2020-09-12 08:00:00,0.7261,0.7588,0.722,0.7578,1087589.0
2020-09-12 12:00:00,0.7583,0.7652,0.7125,0.7209,1517711.0
2020-09-12 16:00:00,0.7203,0.7565,0.7178,0.7508,1145502.0
2020-09-12 20:00:00,0.7503,0.8095,0.7454,0.8026,3619526.0
2020-09-13 00:00:00,0.8004,0.8027,0.7417,0.7982,1764409.0
2020-09-13 04:00:00,0.7989,0.8018,0.7712,0.7853,1560408.0
2020-09-13 08:00:00,0.7851,0.7865,0.6726,0.6777,4176034.0
2020-09-13 12:00:00,0.6758,0.708,0.6674,0.678,1252366.0
2020-09-13 16:00:00,0.6786,0.7157,0.6539,0.7015,1562870.0
2020-09-13 20:00:00,0.7014,0.7144,0.6969,0.7101,820257.0
2020-09-14 00:00:00,0.7083,0.7103,0.6649,0.6824,813182.0
2020-09-14 04:00:00,0.6823,0.6847,0.6678,0.68,708138.0
2020-09-14 08:00:00,0.6798,0.6859,0.6316,0.65,1965273.0
2020-09-14 12:00:00,0.6512,0.6902,0.6484,0.6713,1951928.0
2020-09-14 16:00:00,0.673,0.673,0.6359,0.6421,1781493.0
2020-09-14 20:00:00,0.6421,0.666,0.6328,0.6441,1334935.0
2020-09-15 00:00:00,0.6439,0.6482,0.6123,0.6408,1751568.0
2020-09-15 04:00:00,0.6411,0.6439,0.6165,0.6241,960191.0
2020-09-15 08:00:00,0.6242,0.6274,0.5971,0.6133,1454239.0
2020-09-15 12:00:00,0.6132,0.6211,0.5541,0.5678,1795453.0
2020-09-15 16:00:00,0.568,0.5842,0.5634,0.5673,963625.0
2020-09-15 20:00:00,0.5673,0.5839,0.5255,0.5817,3721049.0
2020-09-16 00:00:00,0.5817,0.62,0.54,0.6174,5004642.0
2020-09-16 04:00:00,0.6171,0.6273,0.593,0.6143,2719779.0
2020-09-16 08:00:00,0.6135,0.6209,0.5398,0.548,2768719.0
2020-09-16 12:00:00,0.548,0.5951,0.5437,0.5926,2551834.0
2020-09-16 16:00:00,0.5938,0.5997,0.5726,0.5932,1997006.0
2020-09-16 20:00:00,0.594,0.6072,0.5698,0.592,2834015.0
2020-09-17 00:00:00,0.5908,0.6136,0.528,0.5371,5158034.0
2020-09-17 04:00:00,0.5356,0.5417,0.4823,0.4914,5448565.0
2020-09-17 08:00:00,0.4916,0.5019,0.4831,0.4875,2266606.0
2020-09-17 12:00:00,0.4872,0.4948,0.4616,0.4902,4674005.0
2020-09-17 16:00:00,0.4892,0.5191,0.486,0.5114,2466483.0
2020-09-17 20:00:00,0.5109,0.5241,0.5039,0.5159,1493617.0
2020-09-18 00:00:00,0.5158,0.5239,0.496,0.5177,1729532.0
2020-09-18 04:00:00,0.517,0.5345,0.506,0.529,1658271.0
2020-09-18 08:00:00,0.5293,0.55,0.5206,0.538,1526889.0
2020-09-18 12:00:00,0.5379,0.549,0.5074,0.5207,1637438.0
2020-09-18 16:00:00,0.5203,0.5335,0.5034,0.52,1274682.0
2020-09-18 20:00:00,0.52,0.5259,0.5101,0.5233,588489.0
2020-09-19 00:00:00,0.5233,0.5321,0.5149,0.5176,672826.0
2020-09-19 04:00:00,0.5176,0.5215,0.4943,0.498,824016.0
2020-09-19 08:00:00,0.498,0.5039,0.4865,0.5033,951951.0
2020-09-19 12:00:00,0.5024,0.5166,0.4979,0.5019,931255.0
2020-09-19 16:00:00,0.5018,0.5072,0.4858,0.4865,833329.0
2020-09-19 20:00:00,0.4865,0.4962,0.4859,0.4947,646546.0
2020-09-20 00:00:00,0.4949,0.4982,0.485,0.4885,534085.0
2020-09-20 04:00:00,0.488,0.4952,0.4856,0.4935,531671.0
2020-09-20 08:00:00,0.4933,0.5231,0.4929,0.5179,1469920.0
2020-09-20 12:00:00,0.5179,0.5188,0.4637,0.4677,2303721.0
2020-09-20 16:00:00,0.4677,0.4688,0.4355,0.4528,2329403.0
2020-09-20 20:00:00,0.4528,0.4559,0.4392,0.4534,1185244.0
2020-09-21 00:00:00,0.4533,0.4612,0.4465,0.4538,988127.0
2020-09-21 04:00:00,0.4544,0.4568,0.4135,0.4151,2052294.0
2020-09-21 08:00:00,0.415,0.4176,0.345,0.3691,10368542.0
2020-09-21 12:00:00,0.3692,0.3792,0.3237,0.3544,9491193.0
2020-09-21 16:00:00,0.3534,0.3802,0.3488,0.3797,4488697.0
2020-09-21 20:00:00,0.3799,0.3977,0.377,0.3845,2789026.0
2020-09-22 00:00:00,0.3854,0.41,0.376,0.3902,2739637.0
2020-09-22 04:00:00,0.3907,0.4021,0.3577,0.3601,2575569.0
2020-09-22 08:00:00,0.3601,0.3972,0.3601,0.3873,2644582.0
2020-09-22 12:00:00,0.3868,0.4102,0.3853,0.399,4942765.0
2020-09-22 16:00:00,0.3993,0.422,0.3913,0.3948,6523833.0
2020-09-22 20:00:00,0.3953,0.3988,0.3788,0.3879,1975010.0
2020-09-23 00:00:00,0.3879,0.3902,0.3739,0.3751,1016703.0
2020-09-23 04:00:00,0.3747,0.3767,0.3478,0.3587,3173302.0
2020-09-23 08:00:00,0.3585,0.3694,0.3551,0.365,1258267.0
2020-09-23 12:00:00,0.3651,0.3828,0.36,0.3627,2436533.0
2020-09-23 16:00:00,0.3623,0.3882,0.3473,0.351,4269155.0
2020-09-23 20:00:00,0.3516,0.3591,0.3294,0.3389,3670230.0
2020-09-24 00:00:00,0.3383,0.3448,0.3307,0.3382,1476590.0
2020-09-24 04:00:00,0.3387,0.3536,0.3296,0.3524,2044389.0
2020-09-24 08:00:00,0.3528,0.3743,0.3411,0.3695,2239113.0
2020-09-24 12:00:00,0.3695,0.385,0.3537,0.3818,3581603.0
2020-09-24 16:00:00,0.3818,0.3961,0.3816,0.393,2532540.0
2020-09-24 20:00:00,0.393,0.4038,0.39,0.3965,2610724.0
2020-09-25 00:00:00,0.3976,0.4172,0.3954,0.4003,1877808.0
2020-09-25 04:00:00,0.3993,0.4018,0.3876,0.3966,1114821.0
2020-09-25 08:00:00,0.397,0.397,0.3822,0.3938,1805251.0
2020-09-25 12:00:00,0.3938,0.4062,0.3831,0.4056,1685723.0
2020-09-25 16:00:00,0.4057,0.4489,0.3952,0.4489,3683280.0
2020-09-25 20:00:00,0.4489,0.4779,0.4482,0.4779,3504432.0
2020-09-26 00:00:00,0.4765,0.4804,0.4651,0.4684,2919973.0
2020-09-26 04:00:00,0.4689,0.4846,0.4591,0.4628,3426109.0
2020-09-26 08:00:00,0.4627,0.478,0.4554,0.4684,1807697.0
2020-09-26 12:00:00,0.4684,0.4689,0.4467,0.4657,1850659.0
2020-09-26 16:00:00,0.4664,0.4879,0.4602,0.4805,2429006.0
2020-09-26 20:00:00,0.4805,0.5257,0.4764,0.5239,2723619.0
2020-09-27 00:00:00,0.5241,0.5543,0.5226,0.5431,3577564.0
2020-09-27 04:00:00,0.5437,0.5635,0.5343,0.542,4774873.0
2020-09-27 08:00:00,0.5416,0.5416,0.509,0.5106,5450993.0
2020-09-27 12:00:00,0.5098,0.543,0.5027,0.5361,5218905.0
2020-09-27 16:00:00,0.5362,0.5983,0.5252,0.5764,5629299.0
2020-09-27 20:00:00,0.5764,0.6214,0.5657,0.62,5743177.0
2020-09-28 00:00:00,0.6197,0.629,0.5705,0.5847,4750540.0
2020-09-28 04:00:00,0.5848,0.6223,0.5785,0.592,3825131.0
2020-09-28 08:00:00,0.5905,0.5931,0.5723,0.5834,2411571.0
2020-09-28 12:00:00,0.582,0.6152,0.5798,0.5935,2988227.0
2020-09-28 16:00:00,0.5934,0.5947,0.5672,0.5834,2545426.0
2020-09-28 20:00:00,0.5836,0.5889,0.5382,0.553,3075107.0
2020-09-29 00:00:00,0.5528,0.5616,0.5392,0.5579,1894197.0
2020-09-29 04:00:00,0.5579,0.5753,0.5411,0.5685,1503826.0
2020-09-29 08:00:00,0.5691,0.5691,0.5527,0.5561,995462.0
2020-09-29 12:00:00,0.5564,0.5572,0.5318,0.5325,2046773.0
2020-09-29 16:00:00,0.532,0.5354,0.5037,0.5076,3341273.0
2020-09-29 20:00:00,0.5079,0.5316,0.5076,0.5306,1073263.0
2020-09-30 00:00:00,0.5311,0.5318,0.4877,0.4985,3193419.0
2020-09-30 04:00:00,0.4981,0.5011,0.4854,0.4882,1866702.0
2020-09-30 08:00:00,0.4881,0.4885,0.467,0.4677,2858347.0
2020-09-30 12:00:00,0.4669,0.4937,0.4619,0.4893,3398938.0
2020-09-30 16:00:00,0.4893,0.4938,0.4743,0.4808,2005598.0
2020-09-30 20:00:00,0.4806,0.505,0.4797,0.4858,1646116.0
2020-10-01 00:00:00,0.4858,0.5248,0.4836,0.5176,2871863.0
2020-10-01 04:00:00,0.5176,0.5312,0.517,0.527,1185721.0
2020-10-01 08:00:00,0.5272,0.5442,0.5224,0.5434,2893171.0
2020-10-01 12:00:00,0.5439,0.5446,0.5,0.5026,2471880.0
2020-10-01 16:00:00,0.5026,0.5028,0.456,0.4844,5760878.0
2020-10-01 20:00:00,0.4844,0.4844,0.4651,0.4828,1677644.0
2020-10-02 00:00:00,0.4829,0.4841,0.4578,0.4739,2152245.0
2020-10-02 04:00:00,0.4742,0.479,0.4246,0.4323,4718806.0
2020-10-02 08:00:00,0.4325,0.4347,0.402,0.4245,3252948.0
2020-10-02 12:00:00,0.4245,0.4497,0.4186,0.4447,3201200.0
2020-10-02 16:00:00,0.4447,0.4688,0.4401,0.4604,2375893.0
2020-10-02 20:00:00,0.4602,0.4678,0.4452,0.4568,1927135.0
2020-10-03 00:00:00,0.4566,0.473,0.4512,0.4709,1144216.0
2020-10-03 04:00:00,0.4709,0.4878,0.4677,0.482,2496428.0
2020-10-03 08:00:00,0.482,0.4925,0.4741,0.4788,4507237.0
2020-10-03 12:00:00,0.4782,0.4908,0.4619,0.4864,3333202.0
2020-10-03 16:00:00,0.4854,0.495,0.4792,0.4827,1996449.0
2020-10-03 20:00:00,0.4834,0.4842,0.4562,0.4573,1802511.0
2020-10-04 00:00:00,0.4567,0.4613,0.4382,0.4387,1966969.0
2020-10-04 04:00:00,0.4392,0.4576,0.4387,0.4555,1595516.0
2020-10-04 08:00:00,0.4555,0.4591,0.4302,0.4402,1845456.0
2020-10-04 12:00:00,0.4402,0.4498,0.4329,0.4348,1393470.0
2020-10-04 16:00:00,0.4348,0.456,0.4249,0.4521,2800005.0
2020-10-04 20:00:00,0.453,0.4551,0.4478,0.4523,844880.0
2020-10-05 00:00:00,0.4524,0.4668,0.4514,0.4568,1693172.0
2020-10-05 04:00:00,0.4565,0.4574,0.4361,0.4431,1019109.0
2020-10-05 08:00:00,0.443,0.4453,0.4375,0.4383,848410.0
2020-10-05 12:00:00,0.4374,0.4429,0.425,0.4275,2295562.0
2020-10-05 16:00:00,0.4284,0.4369,0.418,0.4251,1540693.0
2020-10-05 20:00:00,0.4259,0.4265,0.4081,0.4113,1617471.0
2020-10-06 00:00:00,0.4115,0.414,0.3964,0.4063,1492427.0
2020-10-06 04:00:00,0.4053,0.4107,0.3711,0.3745,2384299.0
2020-10-06 08:00:00,0.3743,0.378,0.3496,0.359,5436555.0
2020-10-06 12:00:00,0.358,0.3893,0.3535,0.3864,5346324.0
2020-10-06 16:00:00,0.3868,0.3914,0.3661,0.3745,3042077.0
2020-10-06 20:00:00,0.3744,0.3826,0.369,0.3813,1175170.0
2020-10-07 00:00:00,0.3805,0.3951,0.3703,0.3921,2075597.0
2020-10-07 04:00:00,0.392,0.4158,0.3881,0.4078,5656617.0
2020-10-07 08:00:00,0.4078,0.417,0.395,0.3973,10533956.0
2020-10-07 12:00:00,0.3982,0.4158,0.3971,0.4075,5926890.0
2020-10-07 16:00:00,0.4075,0.4133,0.3964,0.411,4351398.0
2020-10-07 20:00:00,0.4109,0.4365,0.409,0.4333,4109730.0
2020-10-08 00:00:00,0.4332,0.4418,0.4265,0.4328,3725444.0
2020-10-08 04:00:00,0.4328,0.4364,0.4013,0.4141,4370377.0
2020-10-08 08:00:00,0.4142,0.4216,0.4043,0.4158,3718600.0
2020-10-08 12:00:00,0.4162,0.4562,0.4135,0.4491,5039544.0
2020-10-08 16:00:00,0.4495,0.4543,0.4326,0.4404,2833299.0
2020-10-08 20:00:00,0.4405,0.4728,0.4385,0.4722,2798901.0
2020-10-09 00:00:00,0.4722,0.4955,0.4651,0.4925,3314233.0
2020-10-09 04:00:00,0.4917,0.55,0.4872,0.5339,9796966.0
2020-10-09 08:00:00,0.5323,0.5404,0.5012,0.5128,6235573.0
2020-10-09 12:00:00,0.5128,0.5238,0.4968,0.5167,3208376.0
2020-10-09 16:00:00,0.517,0.5275,0.4882,0.493,5383902.0
2020-10-09 20:00:00,0.4932,0.4979,0.4808,0.4843,2293246.0
2020-10-10 00:00:00,0.4834,0.5154,0.481,0.5122,2871320.0
2020-10-10 04:00:00,0.5125,0.5208,0.4979,0.5176,2231829.0
2020-10-10 08:00:00,0.5179,0.5504,0.5155,0.5231,3110550.0
2020-10-10 12:00:00,0.5236,0.573,0.5209,0.5526,4686967.0
2020-10-10 16:00:00,0.5524,0.5775,0.5419,0.5702,3014919.0
2020-10-10 20:00:00,0.5702,0.5756,0.5325,0.5349,4016531.0
2020-10-11 00:00:00,0.5341,0.5406,0.5032,0.5122,4159855.0
2020-10-11 04:00:00,0.5121,0.5265,0.5047,0.5213,2019213.0
2020-10-11 08:00:00,0.5206,0.5558,0.5135,0.5458,3219397.0
2020-10-11 12:00:00,0.5452,0.5668,0.54,0.5483,3677313.0
2020-10-11 16:00:00,0.5483,0.5603,0.538,0.5427,2119132.0
2020-10-11 20:00:00,0.5435,0.5472,0.5327,0.5368,1356562.0
2020-10-12 00:00:00,0.537,0.5649,0.5344,0.5601,1632626.0
2020-10-12 04:00:00,0.5598,0.577,0.5418,0.5742,4444902.0
2020-10-12 08:00:00,0.5741,0.59,0.5511,0.5784,8470032.0
2020-10-12 12:00:00,0.5775,0.5858,0.5651,0.57,3846420.0
2020-10-12 16:00:00,0.5698,0.5941,0.5661,0.5838,3429920.0
2020-10-12 20:00:00,0.5837,0.599,0.5702,0.5808,6796958.0
2020-10-13 00:00:00,0.5811,0.5973,0.5721,0.5933,2368123.0
2020-10-13 04:00:00,0.5943,0.5974,0.5717,0.583,1924556.0
2020-10-13 08:00:00,0.5827,0.609,0.5733,0.6043,2686321.0
2020-10-13 12:00:00,0.6043,0.608,0.5439,0.5845,8447325.0
2020-10-13 16:00:00,0.5846,0.5848,0.5626,0.5838,2642764.0
2020-10-13 20:00:00,0.5833,0.589,0.574,0.5762,1627270.0
2020-10-14 00:00:00,0.5769,0.6163,0.5727,0.5971,5248922.0
2020-10-14 04:00:00,0.5971,0.5985,0.586,0.5865,1139335.0
2020-10-14 08:00:00,0.5861,0.5927,0.553,0.5606,2780593.0
2020-10-14 12:00:00,0.5603,0.586,0.5559,0.5642,2987540.0
2020-10-14 16:00:00,0.5628,0.567,0.5388,0.5507,2353898.0
2020-10-14 20:00:00,0.552,0.5612,0.5508,0.5558,838761.0
2020-10-15 00:00:00,0.556,0.5566,0.5248,0.5265,1426445.0
2020-10-15 04:00:00,0.5265,0.545,0.5258,0.539,1282310.0
2020-10-15 08:00:00,0.5388,0.5397,0.5134,0.5184,2042383.0
2020-10-15 12:00:00,0.5184,0.543,0.5085,0.5339,2131333.0
2020-10-15 16:00:00,0.5343,0.5384,0.5243,0.5341,1076910.0
2020-10-15 20:00:00,0.5344,0.5376,0.524,0.5307,902157.0
2020-10-16 00:00:00,0.5303,0.5396,0.5245,0.5358,642684.0
2020-10-16 04:00:00,0.5356,0.5369,0.5064,0.5089,2476191.0
2020-10-16 08:00:00,0.5084,0.5183,0.4981,0.5152,1668704.0
2020-10-16 12:00:00,0.5151,0.5251,0.5103,0.5145,1369490.0
2020-10-16 16:00:00,0.5152,0.5176,0.5055,0.5105,649598.0
2020-10-16 20:00:00,0.5105,0.512,0.4969,0.4992,860505.0
2020-10-17 00:00:00,0.499,0.5081,0.4883,0.5075,1077625.0
2020-10-17 04:00:00,0.5075,0.5212,0.4991,0.5197,1450870.0
2020-10-17 08:00:00,0.5189,0.5277,0.5138,0.5163,920737.0
2020-10-17 12:00:00,0.5159,0.5208,0.5047,0.5053,799263.0
2020-10-17 16:00:00,0.5056,0.506,0.5008,0.504,559148.0
2020-10-17 20:00:00,0.504,0.5073,0.4955,0.5052,727234.0
2020-10-18 00:00:00,0.505,0.5227,0.5019,0.5197,755665.0
2020-10-18 04:00:00,0.5197,0.5272,0.5131,0.525,858145.0
2020-10-18 08:00:00,0.5256,0.5377,0.5201,0.5349,946025.0
2020-10-18 12:00:00,0.5349,0.583,0.5333,0.5713,5681874.0
2020-10-18 16:00:00,0.5717,0.5737,0.5605,0.5621,2274097.0
2020-10-18 20:00:00,0.5622,0.5758,0.5618,0.5683,1814518.0
2020-10-19 00:00:00,0.568,0.5735,0.54,0.5412,2909958.0
2020-10-19 04:00:00,0.5413,0.5599,0.5401,0.552,2259975.0
2020-10-19 08:00:00,0.5517,0.5551,0.5419,0.5513,1568329.0
2020-10-19 12:00:00,0.5518,0.583,0.546,0.5738,3746186.0
2020-10-19 16:00:00,0.5738,0.5766,0.5512,0.5553,1528159.0
2020-10-19 20:00:00,0.5551,0.5579,0.5431,0.5569,1082133.0
2020-10-20 00:00:00,0.5569,0.5585,0.5319,0.5327,1204708.0
2020-10-20 04:00:00,0.5325,0.5342,0.4985,0.5041,2204915.0
2020-10-20 08:00:00,0.5042,0.5137,0.4839,0.4874,2187590.0
2020-10-20 12:00:00,0.4869,0.4947,0.4681,0.4725,2559081.0
2020-10-20 16:00:00,0.4726,0.4828,0.464,0.4748,2657216.0
2020-10-20 20:00:00,0.474,0.489,0.4649,0.471,1726222.0
2020-10-21 00:00:00,0.4707,0.4896,0.4682,0.4868,1626582.0
2020-10-21 04:00:00,0.487,0.4969,0.4854,0.4883,1580705.0
2020-10-21 08:00:00,0.4885,0.4916,0.4811,0.4826,838961.0
2020-10-21 12:00:00,0.4826,0.5032,0.4685,0.5021,3031102.0
2020-10-21 16:00:00,0.5023,0.5131,0.4936,0.4984,2005585.0
2020-10-21 20:00:00,0.499,0.5143,0.4853,0.4893,1939565.0
2020-10-22 00:00:00,0.4888,0.5014,0.4888,0.4934,954635.0
2020-10-22 04:00:00,0.4934,0.5097,0.4922,0.5093,986715.0
2020-10-22 08:00:00,0.5093,0.5265,0.5039,0.5258,1639634.0
2020-10-22 12:00:00,0.5261,0.5331,0.5135,0.519,2307408.0
2020-10-22 16:00:00,0.5198,0.5244,0.5102,0.5117,1185811.0
2020-10-22 20:00:00,0.5119,0.5205,0.503,0.5161,1295138.0
2020-10-23 00:00:00,0.5169,0.5199,0.5089,0.5129,1095103.0
2020-10-23 04:00:00,0.513,0.5181,0.505,0.5056,710591.0
2020-10-23 08:00:00,0.5056,0.5128,0.5034,0.5107,652534.0
2020-10-23 12:00:00,0.511,0.5163,0.4947,0.5,1320481.0
2020-10-23 16:00:00,0.5,0.5041,0.4821,0.4982,1629503.0
2020-10-23 20:00:00,0.4988,0.4999,0.4922,0.4986,538420.0
2020-10-24 00:00:00,0.499,0.5013,0.4865,0.4996,806440.0
2020-10-24 04:00:00,0.4998,0.5053,0.497,0.5034,539934.0
2020-10-24 08:00:00,0.503,0.5098,0.4977,0.5081,703574.0
2020-10-24 12:00:00,0.5083,0.516,0.5008,0.5074,1353496.0
2020-10-24 16:00:00,0.5075,0.5139,0.5035,0.507,479340.0
2020-10-24 20:00:00,0.507,0.5082,0.4939,0.4968,946865.0
2020-10-25 00:00:00,0.4967,0.499,0.49,0.4963,946548.0
2020-10-25 04:00:00,0.497,0.4971,0.4719,0.4839,1635485.0
2020-10-25 08:00:00,0.4841,0.4843,0.4646,0.4688,1395485.0
2020-10-25 12:00:00,0.4683,0.4773,0.4652,0.4668,1127666.0
2020-10-25 16:00:00,0.4659,0.4743,0.4589,0.4726,1162673.0
2020-10-25 20:00:00,0.4726,0.474,0.4622,0.467,564608.0
2020-10-26 00:00:00,0.4675,0.4754,0.4608,0.4621,1868159.0
2020-10-26 04:00:00,0.4621,0.4644,0.4533,0.4632,1637574.0
2020-10-26 08:00:00,0.4629,0.4722,0.4582,0.465,1714889.0
2020-10-26 12:00:00,0.4649,0.4804,0.4425,0.4536,3711936.0
2020-10-26 16:00:00,0.4534,0.4583,0.4372,0.4502,3639087.0
2020-10-26 20:00:00,0.45,0.4519,0.441,0.4433,777422.0
2020-10-27 00:00:00,0.4435,0.4558,0.4435,0.4481,828416.0
2020-10-27 04:00:00,0.4484,0.4604,0.4473,0.4589,1036086.0
2020-10-27 08:00:00,0.4586,0.4587,0.4139,0.4343,5135722.0
2020-10-27 12:00:00,0.4343,0.4569,0.4303,0.4485,2710745.0
2020-10-27 16:00:00,0.4492,0.4567,0.4402,0.4478,1732017.0
2020-10-27 20:00:00,0.4478,0.4487,0.43,0.4378,1947650.0
2020-10-28 00:00:00,0.438,0.4453,0.4311,0.4364,1636551.0
2020-10-28 04:00:00,0.4361,0.4392,0.4242,0.4272,1300765.0
2020-10-28 08:00:00,0.4276,0.4317,0.4144,0.4187,2212219.0
2020-10-28 12:00:00,0.4183,0.4298,0.4005,0.4121,3270842.0
2020-10-28 16:00:00,0.4119,0.4119,0.3966,0.3986,1901658.0
2020-10-28 20:00:00,0.3984,0.4075,0.3917,0.4041,1426484.0
2020-10-29 00:00:00,0.404,0.4161,0.403,0.4114,1684726.0
2020-10-29 04:00:00,0.4117,0.4124,0.4001,0.4011,751578.0
2020-10-29 08:00:00,0.4016,0.4057,0.391,0.3921,1189956.0
2020-10-29 12:00:00,0.3918,0.4091,0.3842,0.4035,1911131.0
2020-10-29 16:00:00,0.4042,0.4068,0.3968,0.3983,682190.0
2020-10-29 20:00:00,0.398,0.4055,0.3886,0.3979,1183787.0
2020-10-30 00:00:00,0.3978,0.4015,0.3779,0.3795,1435721.0
2020-10-30 04:00:00,0.3794,0.3866,0.3712,0.3761,1749179.0
2020-10-30 08:00:00,0.377,0.3825,0.367,0.3781,1392593.0
2020-10-30 12:00:00,0.378,0.3873,0.3757,0.3865,1497558.0
2020-10-30 16:00:00,0.3864,0.3957,0.381,0.3944,1219659.0
2020-10-30 20:00:00,0.3944,0.3964,0.3878,0.394,1082507.0
2020-10-31 00:00:00,0.394,0.4129,0.3912,0.412,1826374.0
2020-10-31 04:00:00,0.4128,0.4172,0.4035,0.4138,2413050.0
2020-10-31 08:00:00,0.4128,0.4286,0.4105,0.4168,2382833.0
2020-10-31 12:00:00,0.4166,0.4212,0.4082,0.412,1460214.0
2020-10-31 16:00:00,0.412,0.416,0.4007,0.4069,1159060.0
2020-10-31 20:00:00,0.4068,0.4096,0.403,0.4055,437897.0
2020-11-01 00:00:00,0.405,0.4089,0.3982,0.4023,783226.0
2020-11-01 04:00:00,0.4022,0.4039,0.3989,0.403,330844.0
2020-11-01 08:00:00,0.4028,0.4037,0.3956,0.3971,520397.0
2020-11-01 12:00:00,0.3973,0.4026,0.3965,0.3991,685151.0
2020-11-01 16:00:00,0.3991,0.3992,0.3885,0.3914,1277225.0
2020-11-01 20:00:00,0.3918,0.399,0.3913,0.3955,1134693.0
2020-11-02 00:00:00,0.3955,0.4123,0.3955,0.4035,1313841.0
2020-11-02 04:00:00,0.4036,0.4123,0.401,0.4119,713396.0
2020-11-02 08:00:00,0.4119,0.4129,0.3945,0.398,2199270.0
2020-11-02 12:00:00,0.3979,0.4029,0.393,0.4003,1129269.0
2020-11-02 16:00:00,0.4004,0.4024,0.3897,0.3925,902595.0
2020-11-02 20:00:00,0.3922,0.3945,0.3807,0.381,777952.0
2020-11-03 00:00:00,0.381,0.3814,0.36,0.3617,1359798.0
2020-11-03 04:00:00,0.3612,0.3703,0.358,0.3699,1004223.0
2020-11-03 08:00:00,0.3698,0.3715,0.3659,0.3704,715486.0
2020-11-03 12:00:00,0.3704,0.3744,0.365,0.3695,803870.0
2020-11-03 16:00:00,0.369,0.3696,0.3605,0.368,709646.0
2020-11-03 20:00:00,0.3679,0.3733,0.3674,0.3686,986234.0
2020-11-04 00:00:00,0.3695,0.3696,0.3595,0.3657,642107.0
2020-11-04 04:00:00,0.3658,0.3692,0.3548,0.357,713512.0
2020-11-04 08:00:00,0.3569,0.3579,0.3506,0.3544,2787783.0
2020-11-04 12:00:00,0.3544,0.3606,0.351,0.3533,1649213.0
2020-11-04 16:00:00,0.3533,0.3791,0.3515,0.3783,2684893.0
2020-11-04 20:00:00,0.3783,0.3807,0.3736,0.3772,798873.0
2020-11-05 00:00:00,0.3776,0.4026,0.3768,0.4004,2911317.0
2020-11-05 04:00:00,0.4002,0.4076,0.3991,0.4032,2310072.0
2020-11-05 08:00:00,0.403,0.406,0.3921,0.397,4289964.0
2020-11-05 12:00:00,0.397,0.4254,0.386,0.4226,7285014.0
2020-11-05 16:00:00,0.423,0.4391,0.423,0.437,3916896.0
2020-11-05 20:00:00,0.437,0.4503,0.4235,0.4235,3452977.0
2020-11-06 00:00:00,0.4235,0.455,0.4221,0.4413,2151275.0
2020-11-06 04:00:00,0.4413,0.4725,0.441,0.4711,1556878.0
2020-11-06 08:00:00,0.4714,0.504,0.4642,0.5009,3500635.0
2020-11-06 12:00:00,0.5011,0.5025,0.4737,0.476,3657343.0
2020-11-06 16:00:00,0.4753,0.4977,0.4751,0.4862,2168820.0
2020-11-06 20:00:00,0.4865,0.5243,0.4774,0.5222,2398640.0
2020-11-07 00:00:00,0.523,0.5498,0.5102,0.5123,4512948.0
2020-11-07 04:00:00,0.5121,0.5181,0.4931,0.5022,1946727.0
2020-11-07 08:00:00,0.5027,0.558,0.4962,0.5505,4021276.0
2020-11-07 12:00:00,0.5504,0.5616,0.4906,0.5249,7170724.0
2020-11-07 16:00:00,0.5235,0.5303,0.4438,0.4582,7392488.0
2020-11-07 20:00:00,0.4566,0.4994,0.4441,0.4922,3789934.0
2020-11-08 00:00:00,0.492,0.5037,0.484,0.4869,1900420.0
2020-11-08 04:00:00,0.4861,0.511,0.4842,0.4954,1709618.0
2020-11-08 08:00:00,0.4961,0.5398,0.4958,0.5354,2880082.0
2020-11-08 12:00:00,0.5357,0.5536,0.5283,0.5447,3123388.0
2020-11-08 16:00:00,0.5448,0.5632,0.5408,0.5504,2750198.0
2020-11-08 20:00:00,0.5493,0.5884,0.5245,0.5801,3901519.0
2020-11-09 00:00:00,0.5809,0.6159,0.5798,0.5892,6032550.0
2020-11-09 04:00:00,0.5892,0.6148,0.5808,0.591,4048962.0
2020-11-09 08:00:00,0.591,0.6158,0.5674,0.6087,4228030.0
2020-11-09 12:00:00,0.6092,0.648,0.5743,0.577,12391018.0
2020-11-09 16:00:00,0.577,0.6113,0.558,0.6096,8799134.0
2020-11-09 20:00:00,0.6107,0.6252,0.5874,0.5922,4073214.0
2020-11-10 00:00:00,0.593,0.611,0.5802,0.606,2059238.0
2020-11-10 04:00:00,0.6054,0.6257,0.5996,0.6179,2417733.0
2020-11-10 08:00:00,0.6178,0.67,0.6177,0.6544,4751017.0
2020-11-10 12:00:00,0.6546,0.6595,0.6294,0.6477,3633512.0
2020-11-10 16:00:00,0.6477,0.6824,0.643,0.6721,3318733.0
2020-11-10 20:00:00,0.6715,0.7047,0.6673,0.6837,3559970.0
2020-11-11 00:00:00,0.6839,0.704,0.6607,0.6766,2277354.0
2020-11-11 04:00:00,0.677,0.682,0.6607,0.6756,1418452.0
2020-11-11 08:00:00,0.6758,0.6759,0.6289,0.6342,2174552.0
2020-11-11 12:00:00,0.6343,0.6482,0.6215,0.6248,2175000.0
2020-11-11 16:00:00,0.6248,0.653,0.6248,0.6438,2964582.0
2020-11-11 20:00:00,0.6433,0.6472,0.6208,0.6262,2763875.0
2020-11-12 00:00:00,0.6262,0.6369,0.609,0.6226,2096461.0
2020-11-12 04:00:00,0.6228,0.6457,0.6221,0.6441,1012836.0
2020-11-12 08:00:00,0.6434,0.6455,0.6086,0.6158,2659831.0
2020-11-12 12:00:00,0.6161,0.6237,0.588,0.5946,2701128.0
2020-11-12 16:00:00,0.5945,0.5948,0.5601,0.5717,2593581.0
2020-11-12 20:00:00,0.5718,0.5862,0.5712,0.5744,1667069.0
2020-11-13 00:00:00,0.5744,0.62,0.5723,0.6143,2433299.0
2020-11-13 04:00:00,0.6143,0.6199,0.5998,0.6139,1684713.0
2020-11-13 08:00:00,0.6134,0.6538,0.6095,0.6454,3897892.0
2020-11-13 12:00:00,0.6456,0.6928,0.6452,0.674,4040002.0
2020-11-13 16:00:00,0.6743,0.705,0.6535,0.7025,2728803.0
2020-11-13 20:00:00,0.7022,0.7449,0.6957,0.7151,5093605.0
2020-11-14 00:00:00,0.7159,0.7194,0.69,0.6927,2698602.0
2020-11-14 04:00:00,0.6934,0.703,0.679,0.6888,2309507.0
2020-11-14 08:00:00,0.6876,0.6949,0.6599,0.6745,2907692.0
2020-11-14 12:00:00,0.6747,0.7299,0.671,0.7206,4736779.0
2020-11-14 16:00:00,0.7206,0.8242,0.7151,0.7814,10098505.0
2020-11-14 20:00:00,0.7824,0.838,0.777,0.8266,6267352.0
2020-11-15 00:00:00,0.8262,0.8762,0.8126,0.8248,6520034.0
2020-11-15 04:00:00,0.8256,0.8525,0.8035,0.8346,3394369.0
2020-11-15 08:00:00,0.8343,0.8595,0.807,0.8378,4790589.0
2020-11-15 12:00:00,0.8371,0.9669,0.8352,0.9548,12374867.0
2020-11-15 16:00:00,0.9546,0.9761,0.8626,0.9121,11491666.0
2020-11-15 20:00:00,0.9133,0.9138,0.8216,0.8845,7787002.0
2020-11-16 00:00:00,0.8837,0.9243,0.8623,0.918,7650010.0
2020-11-16 04:00:00,0.9177,0.955,0.9109,0.9368,4613112.0
2020-11-16 08:00:00,0.9386,0.974,0.9264,0.9487,4560549.0
2020-11-16 12:00:00,0.9469,0.9666,0.9156,0.9353,4589171.0
2020-11-16 16:00:00,0.9354,0.9519,0.8836,0.9206,6893994.0
2020-11-16 20:00:00,0.9208,0.93,0.9019,0.9111,2430663.0
2020-11-17 00:00:00,0.9113,0.9122,0.8674,0.8831,3343488.0
2020-11-17 04:00:00,0.8831,0.9047,0.8733,0.8806,2085039.0
2020-11-17 08:00:00,0.8803,0.9633,0.8636,0.9443,6331641.0
2020-11-17 12:00:00,0.9442,0.9835,0.9072,0.9146,7318693.0
2020-11-17 16:00:00,0.9147,0.9689,0.8939,0.9678,7130259.0
2020-11-17 20:00:00,0.9686,1.0476,0.9659,1.0106,8152987.0
2020-11-18 00:00:00,1.0131,1.029,0.9128,0.9281,5089724.0
2020-11-18 04:00:00,0.927,0.937,0.7715,0.8854,8918327.0
2020-11-18 08:00:00,0.8867,0.938,0.88,0.9105,6636460.0
2020-11-18 12:00:00,0.9105,0.9134,0.7912,0.8418,9834491.0
2020-11-18 16:00:00,0.8425,0.8454,0.8121,0.82,3482721.0
2020-11-18 20:00:00,0.8207,0.8995,0.803,0.8945,5042788.0
2020-11-19 00:00:00,0.8958,0.9,0.8411,0.8567,3882990.0
2020-11-19 04:00:00,0.8568,0.8611,0.8125,0.819,2412545.0
2020-11-19 08:00:00,0.8195,0.8857,0.8042,0.8812,3735507.0
2020-11-19 12:00:00,0.8819,0.95,0.8799,0.9456,5607342.0
2020-11-19 16:00:00,0.947,0.9588,0.9005,0.9156,4086906.0
2020-11-19 20:00:00,0.916,0.9253,0.88,0.9009,2890679.0
2020-11-20 00:00:00,0.9009,0.9442,0.8994,0.9198,3253966.0
2020-11-20 04:00:00,0.9192,0.9517,0.911,0.9406,2565887.0
2020-11-20 08:00:00,0.941,0.9544,0.9053,0.9448,2732827.0
2020-11-20 12:00:00,0.9451,1.0139,0.9274,0.9534,7665654.0
2020-11-20 16:00:00,0.9543,0.9747,0.945,0.9555,2335085.0
2020-11-20 20:00:00,0.9572,0.9645,0.9127,0.9304,3724244.0
2020-11-21 00:00:00,0.9305,0.9554,0.8888,0.8967,3334475.0
2020-11-21 04:00:00,0.896,0.936,0.8799,0.9342,1857550.0
2020-11-21 08:00:00,0.9346,0.9872,0.9312,0.9419,4789656.0
2020-11-21 12:00:00,0.942,0.965,0.924,0.9601,4164164.0
2020-11-21 16:00:00,0.9594,0.9764,0.927,0.9447,3278603.0
2020-11-21 20:00:00,0.944,0.9455,0.9142,0.9234,2453821.0
2020-11-22 00:00:00,0.9235,0.9357,0.8555,0.8917,4172155.0
2020-11-22 04:00:00,0.8927,0.8974,0.8467,0.8766,2017885.0
2020-11-22 08:00:00,0.8766,0.8829,0.8182,0.8359,3239857.0
2020-11-22 12:00:00,0.8359,0.8762,0.8321,0.8688,3120501.0
2020-11-22 16:00:00,0.8671,0.9179,0.8605,0.9093,3235689.0
2020-11-22 20:00:00,0.9088,0.9143,0.8395,0.8482,3423264.0
2020-11-23 00:00:00,0.849,0.8867,0.83,0.8824,2856501.0
2020-11-23 04:00:00,0.8813,0.8924,0.8647,0.8762,1908952.0
2020-11-23 08:00:00,0.8773,0.915,0.8765,0.8833,2938468.0
2020-11-23 12:00:00,0.8833,0.8933,0.855,0.8654,3043782.0
2020-11-23 16:00:00,0.8653,0.8781,0.8502,0.8715,2237840.0
2020-11-23 20:00:00,0.8715,0.9253,0.8652,0.9198,3080961.0
2020-11-24 00:00:00,0.9206,0.9613,0.903,0.9527,3497916.0
2020-11-24 04:00:00,0.9526,0.9578,0.894,0.9269,3849489.0
2020-11-24 08:00:00,0.9267,1.0206,0.826,0.907,11213210.0
2020-11-24 12:00:00,0.9059,0.9067,0.8538,0.8902,3358877.0
2020-11-24 16:00:00,0.89,0.9306,0.8621,0.9297,3563318.0
2020-11-24 20:00:00,0.9296,0.9299,0.8962,0.9205,2101758.0
2020-11-25 00:00:00,0.9205,0.9654,0.895,0.9008,3578313.0
2020-11-25 04:00:00,0.9004,0.9206,0.8903,0.917,1381450.0
2020-11-25 08:00:00,0.9169,0.9949,0.9154,0.9785,2987154.0
2020-11-25 12:00:00,0.9787,0.983,0.9542,0.9699,2739957.0
2020-11-25 16:00:00,0.9701,0.9726,0.9435,0.9457,2177722.0
2020-11-25 20:00:00,0.9453,0.9529,0.87,0.8943,3791782.0
2020-11-26 00:00:00,0.8936,0.9278,0.6614,0.79,10448294.0
2020-11-26 04:00:00,0.7884,0.8001,0.7248,0.7386,4966179.0
2020-11-26 08:00:00,0.7377,0.7981,0.6677,0.7881,6013718.0
2020-11-26 12:00:00,0.7861,0.809,0.7494,0.768,3745658.0
2020-11-26 16:00:00,0.7668,0.7731,0.7108,0.742,3684289.0
2020-11-26 20:00:00,0.7423,0.8013,0.7417,0.8013,2361319.0
2020-11-27 00:00:00,0.7991,0.8221,0.7605,0.7648,2907367.0
2020-11-27 04:00:00,0.7658,0.7837,0.7561,0.7589,1159335.0
2020-11-27 08:00:00,0.7592,0.7617,0.7061,0.7135,4938260.0
2020-11-27 12:00:00,0.7141,0.7529,0.7115,0.7149,3221481.0
2020-11-27 16:00:00,0.7155,0.7587,0.7116,0.7583,1557304.0
2020-11-27 20:00:00,0.7583,0.7765,0.7534,0.773,1747214.0
2020-11-28 00:00:00,0.7729,0.7789,0.7448,0.7493,1688346.0
2020-11-28 04:00:00,0.7487,0.7516,0.7404,0.7483,1000488.0
2020-11-28 08:00:00,0.7484,0.7895,0.74,0.7836,2069019.0
2020-11-28 12:00:00,0.7835,0.8003,0.7797,0.8002,1806965.0
2020-11-28 16:00:00,0.8003,0.8127,0.7858,0.7938,1260783.0
2020-11-28 20:00:00,0.793,0.8044,0.7794,0.7931,846300.0
2020-11-29 00:00:00,0.7928,0.7978,0.7784,0.797,926222.0
2020-11-29 04:00:00,0.797,0.8022,0.7822,0.7892,995432.0
2020-11-29 08:00:00,0.7892,0.8265,0.7886,0.8259,2438209.0
2020-11-29 12:00:00,0.8259,0.8284,0.8035,0.8173,1531903.0
2020-11-29 16:00:00,0.817,0.8186,0.7948,0.7964,2295343.0
2020-11-29 20:00:00,0.7966,0.8308,0.7959,0.83,2747162.0
2020-11-30 00:00:00,0.8307,0.855,0.8264,0.843,2098078.0
2020-11-30 04:00:00,0.8437,0.8443,0.8225,0.8294,1288228.0
2020-11-30 08:00:00,0.8295,0.85,0.8133,0.8423,1849322.0
2020-11-30 12:00:00,0.8424,0.8557,0.8309,0.839,2024399.0
2020-11-30 16:00:00,0.8384,0.8648,0.834,0.8426,1429208.0
2020-11-30 20:00:00,0.8432,0.866,0.8388,0.8607,1066668.0
2020-12-01 00:00:00,0.8604,0.8656,0.8377,0.839,1058777.0
2020-12-01 04:00:00,0.8385,0.9001,0.8379,0.8988,1698786.0
2020-12-01 08:00:00,0.898,0.9073,0.8619,0.8792,2583890.0
2020-12-01 12:00:00,0.8788,0.8862,0.8145,0.8665,4574422.0
2020-12-01 16:00:00,0.8664,0.883,0.8338,0.8785,2846118.0
2020-12-01 20:00:00,0.8782,0.9381,0.8752,0.8961,4258484.0
2020-12-02 00:00:00,0.8956,0.9141,0.8653,0.9048,3191029.0
2020-12-02 04:00:00,0.9053,0.9533,0.8914,0.9453,2794071.0
2020-12-02 08:00:00,0.9451,0.97,0.9355,0.9473,3047409.0
2020-12-02 12:00:00,0.9472,0.9865,0.93,0.9746,3879463.0
2020-12-02 16:00:00,0.9749,1.014,0.9554,0.9893,3567870.0
2020-12-02 20:00:00,0.9885,1.0037,0.9783,0.9869,1786615.0
2020-12-03 00:00:00,0.9862,1.0704,0.9845,1.0675,4117937.0
2020-12-03 04:00:00,1.0662,1.086,1.0231,1.0271,4082455.0
2020-12-03 08:00:00,1.027,1.0531,1.0151,1.0339,3451453.0
2020-12-03 12:00:00,1.0346,1.0485,1.0095,1.0128,2485702.0
2020-12-03 16:00:00,1.0138,1.0206,0.9953,1.013,1620538.0
2020-12-03 20:00:00,1.013,1.03,1.0084,1.0197,2222907.0
2020-12-04 00:00:00,1.0183,1.0924,1.0152,1.0681,7147082.0
2020-12-04 04:00:00,1.0674,1.1409,1.0537,1.1137,5903047.0
2020-12-04 08:00:00,1.1132,1.1317,1.0253,1.0269,5357516.0
2020-12-04 12:00:00,1.027,1.0812,1.0221,1.0418,3450347.0
2020-12-04 16:00:00,1.0416,1.0525,1.015,1.0459,2430824.0
2020-12-04 20:00:00,1.0452,1.0461,0.9113,0.9352,6635990.0
2020-12-05 00:00:00,0.9342,0.9607,0.913,0.954,2640996.0
2020-12-05 04:00:00,0.9541,0.9981,0.9496,0.984,1602423.0
2020-12-05 08:00:00,0.984,1.0157,0.9688,0.9846,2623753.0
2020-12-05 12:00:00,0.9848,1.0413,0.9801,1.0164,3035453.0
2020-12-05 16:00:00,1.0167,1.0249,0.9872,1.0035,1802893.0
2020-12-05 20:00:00,1.0037,1.0116,0.9855,1.011,1454563.0
2020-12-06 00:00:00,1.0107,1.0219,0.98,0.996,1789044.0
2020-12-06 04:00:00,0.996,1.0246,0.9917,1.0242,1389252.0
2020-12-06 08:00:00,1.0246,1.0563,0.9965,1.0112,3718072.0
2020-12-06 12:00:00,1.0112,1.0131,0.9432,0.968,3214310.0
2020-12-06 16:00:00,0.9684,0.985,0.959,0.9799,1572667.0
2020-12-06 20:00:00,0.9802,0.989,0.963,0.9845,908723.0
2020-12-07 00:00:00,0.9844,0.99,0.9686,0.977,629223.0
2020-12-07 04:00:00,0.9769,0.998,0.9709,0.9909,889835.0
2020-12-07 08:00:00,0.9912,0.9925,0.9601,0.964,979419.0
2020-12-07 12:00:00,0.9634,1.01,0.9629,1.0004,2294130.0
2020-12-07 16:00:00,1.0009,1.0184,0.9565,0.961,2533727.0
2020-12-07 20:00:00,0.9608,0.9667,0.9503,0.9653,1217459.0
2020-12-08 00:00:00,0.9654,0.9662,0.9346,0.9397,1117758.0
2020-12-08 04:00:00,0.9402,0.9485,0.907,0.9129,2075064.0
2020-12-08 08:00:00,0.9139,0.9188,0.8722,0.8856,4218089.0
2020-12-08 12:00:00,0.885,0.9071,0.8713,0.8967,2187553.0
2020-12-08 16:00:00,0.8962,0.9123,0.8876,0.8914,1545976.0
2020-12-08 20:00:00,0.8904,0.891,0.83,0.8423,3070983.0
2020-12-09 00:00:00,0.8424,0.8719,0.83,0.8708,1548754.0
2020-12-09 04:00:00,0.8702,0.8915,0.8301,0.8335,2070922.0
2020-12-09 08:00:00,0.8332,0.8907,0.81,0.8851,2763343.0
2020-12-09 12:00:00,0.8859,0.9087,0.879,0.8971,1691601.0
2020-12-09 16:00:00,0.8975,0.9052,0.8881,0.8988,1438072.0
2020-12-09 20:00:00,0.8997,0.9239,0.893,0.8969,1479770.0
2020-12-10 00:00:00,0.896,0.9019,0.8853,0.8873,1046861.0
2020-12-10 04:00:00,0.8869,0.8922,0.8545,0.8647,1372448.0
2020-12-10 08:00:00,0.8649,0.8903,0.8474,0.8544,1437503.0
2020-12-10 12:00:00,0.854,0.8669,0.8353,0.8544,1523239.0
2020-12-10 16:00:00,0.8538,0.8998,0.8479,0.8998,1983601.0
2020-12-10 20:00:00,0.8988,0.9084,0.876,0.8763,1434595.0
2020-12-11 00:00:00,0.8762,0.8801,0.8233,0.8511,2878469.0
2020-12-11 04:00:00,0.8508,0.8592,0.8119,0.8233,2199911.0
2020-12-11 08:00:00,0.8228,0.8352,0.77,0.7758,2900243.0
2020-12-11 12:00:00,0.7755,0.8404,0.7706,0.835,3188275.0
2020-12-11 16:00:00,0.835,0.8355,0.8003,0.8031,1351150.0
2020-12-11 20:00:00,0.8034,0.8247,0.7928,0.8045,1332260.0
2020-12-12 00:00:00,0.803,0.8562,0.8017,0.8483,1270353.0
2020-12-12 04:00:00,0.8485,0.8755,0.8436,0.8713,1338957.0
2020-12-12 08:00:00,0.8714,0.8851,0.8635,0.8762,1593623.0
2020-12-12 12:00:00,0.8764,0.8779,0.8399,0.8451,1310908.0
2020-12-12 16:00:00,0.8452,0.8564,0.8333,0.8529,1314628.0
2020-12-12 20:00:00,0.8528,0.8608,0.8448,0.8521,1088296.0
2020-12-13 00:00:00,0.8515,0.8556,0.835,0.8358,760339.0
2020-12-13 04:00:00,0.8359,0.8783,0.8339,0.877,1239864.0
2020-12-13 08:00:00,0.8767,0.8793,0.864,0.871,1638068.0
2020-12-13 12:00:00,0.8704,0.896,0.8649,0.8782,2387033.0
2020-12-13 16:00:00,0.8778,0.9192,0.875,0.9136,1637160.0
2020-12-13 20:00:00,0.9144,0.9166,0.8887,0.8999,968541.0
2020-12-14 00:00:00,0.8996,0.9065,0.8828,0.9063,792577.0
2020-12-14 04:00:00,0.906,0.9178,0.8845,0.8852,1095720.0
2020-12-14 08:00:00,0.8857,0.8952,0.8605,0.868,1060848.0
2020-12-14 12:00:00,0.8676,0.888,0.8669,0.8869,855848.0
2020-12-14 16:00:00,0.8878,0.9243,0.8775,0.9152,1307143.0
2020-12-14 20:00:00,0.9154,0.9361,0.91,0.9302,958476.0
2020-12-15 00:00:00,0.9302,0.9412,0.9195,0.9241,1063130.0
2020-12-15 04:00:00,0.9246,0.9301,0.8978,0.9052,1162872.0
2020-12-15 08:00:00,0.9053,0.9111,0.8915,0.9039,845921.0
2020-12-15 12:00:00,0.9038,0.9272,0.9003,0.923,2029465.0
2020-12-15 16:00:00,0.9234,0.9493,0.9153,0.9408,1682054.0
2020-12-15 20:00:00,0.9408,0.9503,0.9125,0.9159,1596280.0
2020-12-16 00:00:00,0.9163,0.9179,0.8699,0.8996,2259924.0
2020-12-16 04:00:00,0.8996,0.9607,0.8967,0.9462,1970086.0
2020-12-16 08:00:00,0.9467,0.9571,0.9328,0.9418,1195044.0
2020-12-16 12:00:00,0.9419,0.9962,0.9322,0.9942,2172868.0
2020-12-16 16:00:00,0.9944,1.0009,0.9755,0.9969,1711256.0
2020-12-16 20:00:00,0.9972,1.0302,0.995,1.0293,1942841.0
2020-12-17 00:00:00,1.0293,1.07,1.0293,1.0446,3350243.0
2020-12-17 04:00:00,1.0445,1.1106,1.0417,1.1032,2911503.0
2020-12-17 08:00:00,1.1033,1.1197,1.0054,1.0575,7699970.0
2020-12-17 12:00:00,1.0562,1.0665,1.0319,1.0508,2713159.0
2020-12-17 16:00:00,1.0506,1.0741,1.0044,1.0057,3401205.0
2020-12-17 20:00:00,1.0049,1.017,0.9754,0.9987,2381116.0
2020-12-18 00:00:00,0.9987,1.0069,0.9652,0.9879,1543371.0
2020-12-18 04:00:00,0.9879,1.0419,0.9878,1.0377,2182004.0
2020-12-18 08:00:00,1.039,1.0647,1.011,1.018,2756470.0
2020-12-18 12:00:00,1.018,1.0257,0.9882,0.9916,1563151.0
2020-12-18 16:00:00,0.9919,1.0129,0.982,1.0015,894670.0
2020-12-18 20:00:00,1.0015,1.0316,0.9942,1.0243,1523270.0
2020-12-19 00:00:00,1.0236,1.0544,1.0218,1.0481,1272938.0
2020-12-19 04:00:00,1.048,1.08,1.0468,1.0598,1507680.0
2020-12-19 08:00:00,1.0594,1.0932,1.0541,1.085,1121610.0
2020-12-19 12:00:00,1.085,1.1065,1.0655,1.0805,1847624.0
2020-12-19 16:00:00,1.0816,1.1074,1.0678,1.1074,1454644.0
2020-12-19 20:00:00,1.1074,1.11,1.0474,1.0538,1507730.0
2020-12-20 00:00:00,1.0546,1.0546,1.027,1.0299,858077.0
2020-12-20 04:00:00,1.0287,1.0571,1.0226,1.0518,791200.0
2020-12-20 08:00:00,1.0522,1.0556,1.03,1.0367,902988.0
2020-12-20 12:00:00,1.0362,1.0441,1.0202,1.0377,862895.0
2020-12-20 16:00:00,1.037,1.0514,1.007,1.01,1815908.0
2020-12-20 20:00:00,1.0097,1.0138,0.9613,0.9809,1700697.0
2020-12-21 00:00:00,0.9799,1.0186,0.9677,1.0038,981920.0
2020-12-21 04:00:00,1.0034,1.0111,0.9648,0.976,941716.0
2020-12-21 08:00:00,0.9768,0.9772,0.903,0.9082,2304153.0
2020-12-21 12:00:00,0.9076,0.9317,0.897,0.9192,1508379.0
2020-12-21 16:00:00,0.9192,0.9307,0.9017,0.9213,1607864.0
2020-12-21 20:00:00,0.9217,0.9319,0.8961,0.8967,1337901.0
2020-12-22 00:00:00,0.896,0.9075,0.8733,0.8987,1567872.0
2020-12-22 04:00:00,0.899,0.9111,0.8639,0.8784,1475645.0
2020-12-22 08:00:00,0.8783,0.9132,0.8572,0.9113,2024656.0
2020-12-22 12:00:00,0.9103,0.9527,0.9077,0.95,1959262.0
2020-12-22 16:00:00,0.9512,0.9597,0.923,0.9267,1750230.0
2020-12-22 20:00:00,0.9267,0.9381,0.9029,0.9185,1300596.0
2020-12-23 00:00:00,0.9173,0.9345,0.8938,0.9315,1498357.0
2020-12-23 04:00:00,0.932,0.9705,0.9116,0.9636,2262057.0
2020-12-23 08:00:00,0.9632,0.9874,0.91,0.9377,4139316.0
2020-12-23 12:00:00,0.9377,1.0001,0.9281,0.9722,3284386.0
2020-12-23 16:00:00,0.9727,0.9942,0.9624,0.972,1656322.0
2020-12-23 20:00:00,0.9723,0.9775,0.815,0.8755,5458060.0
2020-12-24 00:00:00,0.8756,0.8934,0.8453,0.851,3463178.0
2020-12-24 04:00:00,0.8519,0.877,0.841,0.8713,1431819.0
2020-12-24 08:00:00,0.8714,0.9,0.8668,0.8899,1493452.0
2020-12-24 12:00:00,0.89,0.9195,0.8738,0.8998,1729004.0
2020-12-24 16:00:00,0.9,0.915,0.8882,0.9083,764608.0
2020-12-24 20:00:00,0.9086,0.94,0.9007,0.9259,1125371.0
2020-12-25 00:00:00,0.9262,0.9356,0.9124,0.915,896296.0
2020-12-25 04:00:00,0.9148,0.9282,0.9103,0.9221,466815.0
2020-12-25 08:00:00,0.9225,0.9648,0.922,0.9525,1336482.0
2020-12-25 12:00:00,0.9521,0.9587,0.8987,0.9031,1251568.0
2020-12-25 16:00:00,0.9027,0.9279,0.8998,0.9252,1288533.0
2020-12-25 20:00:00,0.9249,0.9299,0.9124,0.9248,586207.0
2020-12-26 00:00:00,0.925,0.9364,0.9181,0.9292,851925.0
2020-12-26 04:00:00,0.9289,0.9298,0.9052,0.9105,437365.0
2020-12-26 08:00:00,0.9104,0.9231,0.8892,0.9028,1337497.0
2020-12-26 12:00:00,0.9028,0.9052,0.8596,0.863,1571994.0
2020-12-26 16:00:00,0.863,0.8926,0.86,0.8819,1280270.0
2020-12-26 20:00:00,0.8812,0.8978,0.8706,0.8757,931393.0
2020-12-27 00:00:00,0.8763,0.9196,0.8739,0.9055,1057489.0
2020-12-27 04:00:00,0.9057,0.9195,0.8972,0.9176,655310.0
2020-12-27 08:00:00,0.9178,0.9206,0.8532,0.862,2076933.0
2020-12-27 12:00:00,0.8616,0.9296,0.8389,0.9281,2830560.0
2020-12-27 16:00:00,0.9279,0.9766,0.9192,0.9732,2681504.0
2020-12-27 20:00:00,0.9733,0.9739,0.8821,0.8984,2721125.0
2020-12-28 00:00:00,0.8986,0.9895,0.8874,0.9658,2322694.0
2020-12-28 04:00:00,0.9653,1.0067,0.961,1.0027,982828.0
2020-12-28 08:00:00,1.0019,1.0378,0.984,1.0339,1987822.0
2020-12-28 12:00:00,1.0345,1.039,0.9848,0.9909,2194472.0
2020-12-28 16:00:00,0.9911,1.0615,0.9867,1.0525,2566397.0
2020-12-28 20:00:00,1.0528,1.056,1.0016,1.0395,1580656.0
2020-12-29 00:00:00,1.0394,1.0645,1.0081,1.0092,1480586.0
2020-12-29 04:00:00,1.0107,1.0205,0.9542,0.9927,2357143.0
2020-12-29 08:00:00,0.9942,1.0356,0.9873,1.0106,1405358.0
2020-12-29 12:00:00,1.0099,1.0535,0.9922,0.9951,1366497.0
2020-12-29 16:00:00,0.9953,1.124,0.969,1.1013,2611894.0
2020-12-29 20:00:00,1.101,1.23,1.0981,1.2014,6985648.0
2020-12-30 00:00:00,1.2032,1.2222,1.15,1.2033,3101334.0
2020-12-30 04:00:00,1.2025,1.2303,1.175,1.1955,2669726.0
2020-12-30 08:00:00,1.1955,1.2006,1.134,1.1433,3205759.0
2020-12-30 12:00:00,1.1433,1.2553,1.127,1.2485,4476921.0
2020-12-30 16:00:00,1.2486,1.2587,1.194,1.2076,4358327.0
2020-12-30 20:00:00,1.2076,1.2263,1.1761,1.2152,1660823.0
2020-12-31 00:00:00,1.2157,1.2199,1.1498,1.1737,1960860.0
2020-12-31 04:00:00,1.1729,1.2046,1.1643,1.1773,1261785.0
2020-12-31 08:00:00,1.1769,1.2214,1.1536,1.2075,1418289.0
2020-12-31 12:00:00,1.2072,1.2156,1.1305,1.1553,2973263.0
2020-12-31 16:00:00,1.1556,1.1779,1.135,1.1757,982282.0
2020-12-31 20:00:00,1.1756,1.1842,1.1617,1.1711,635911.0
2021-01-01 00:00:00,1.1717,1.387,1.1545,1.3429,6733419.0
2021-01-01 04:00:00,1.3437,1.3585,1.2949,1.346,2342093.0
2021-01-01 08:00:00,1.3478,1.423,1.311,1.3956,3185602.0
2021-01-01 12:00:00,1.3957,1.4017,1.3302,1.3491,2459466.0
2021-01-01 16:00:00,1.3504,1.3879,1.2724,1.2952,3606057.0
2021-01-01 20:00:00,1.295,1.312,1.2833,1.2915,1316191.0
2021-01-02 00:00:00,1.2918,1.3029,1.232,1.2975,1825152.0
2021-01-02 04:00:00,1.2976,1.3079,1.2751,1.2765,662506.0
2021-01-02 08:00:00,1.2755,1.3335,1.2186,1.3253,1980341.0
2021-01-02 12:00:00,1.3259,1.403,1.3148,1.345,3575179.0
2021-01-02 16:00:00,1.3459,1.3895,1.3214,1.3851,1690690.0
2021-01-02 20:00:00,1.3839,1.3848,1.2539,1.2974,2396375.0
2021-01-03 00:00:00,1.298,1.3405,1.2881,1.3274,759609.0
2021-01-03 04:00:00,1.3275,1.4149,1.3158,1.3571,1838187.0
2021-01-03 08:00:00,1.3579,1.4841,1.3255,1.4673,3085363.0
2021-01-03 12:00:00,1.4671,1.5308,1.4356,1.4837,3495938.0
2021-01-03 16:00:00,1.4834,1.5099,1.4377,1.4572,2982908.0
2021-01-03 20:00:00,1.4564,1.5341,1.455,1.4961,2046054.0
2021-01-04 00:00:00,1.4953,1.5582,1.466,1.5522,1403630.0
2021-01-04 04:00:00,1.5523,1.6026,1.44,1.4725,3824236.0
2021-01-04 08:00:00,1.474,1.5267,1.3047,1.4161,5540427.0
2021-01-04 12:00:00,1.4151,1.5116,1.3903,1.5017,2592603.0
2021-01-04 16:00:00,1.4999,1.5108,1.41,1.4493,1755028.0
2021-01-04 20:00:00,1.4494,1.5999,1.4342,1.5958,2375631.0
2021-01-05 00:00:00,1.5957,1.6549,1.5544,1.5592,1809430.0
2021-01-05 04:00:00,1.56,1.5936,1.5036,1.5713,1456713.0
2021-01-05 08:00:00,1.5716,1.6654,1.5584,1.6621,1819071.0
2021-01-05 12:00:00,1.662,1.668,1.5519,1.6002,1721698.0
2021-01-05 16:00:00,1.6002,1.639,1.5359,1.5618,1876673.0
2021-01-05 20:00:00,1.5615,1.6271,1.546,1.5844,1426151.0
2021-01-06 00:00:00,1.5851,1.6059,1.4717,1.4915,2112706.0
2021-01-06 04:00:00,1.4928,1.5402,1.4684,1.4982,1450705.0
2021-01-06 08:00:00,1.4983,1.5373,1.4655,1.5344,1689176.0
2021-01-06 12:00:00,1.5335,1.5646,1.5093,1.5386,1811107.0
2021-01-06 16:00:00,1.54,1.6608,1.5323,1.5355,2345126.0
2021-01-06 20:00:00,1.537,1.607,1.5021,1.5977,1733085.0
2021-01-07 00:00:00,1.5992,1.6285,1.5169,1.5384,1570108.0
2021-01-07 04:00:00,1.537,1.5503,1.5,1.5068,1401984.0
2021-01-07 08:00:00,1.5062,1.5159,1.4341,1.4795,2574605.0
2021-01-07 12:00:00,1.4795,1.5259,1.4651,1.5197,2274589.0
2021-01-07 16:00:00,1.5197,1.5395,1.3605,1.4612,3027382.0
2021-01-07 20:00:00,1.463,1.5008,1.4367,1.4647,1972890.0
2021-01-08 00:00:00,1.4649,1.4714,1.1979,1.3367,3926773.0
2021-01-08 04:00:00,1.3356,1.4037,1.2936,1.3985,1965963.0
2021-01-08 08:00:00,1.4,1.4574,1.3697,1.4361,1604582.0
2021-01-08 12:00:00,1.4356,1.4536,1.347,1.3887,2192034.0
2021-01-08 16:00:00,1.3895,1.4082,1.3327,1.3369,1732968.0
2021-01-08 20:00:00,1.3373,1.3596,1.2926,1.3532,1745399.0
2021-01-09 00:00:00,1.3536,1.4056,1.3129,1.4025,1694025.0
2021-01-09 04:00:00,1.4025,1.4335,1.3647,1.43,1212930.0
2021-01-09 08:00:00,1.4315,1.5036,1.424,1.4956,1579859.0
2021-01-09 12:00:00,1.4962,1.5838,1.4899,1.5565,3038905.0
2021-01-09 16:00:00,1.557,1.5688,1.5068,1.5552,1531958.0
2021-01-09 20:00:00,1.5558,1.6047,1.5257,1.5691,1921180.0
2021-01-10 00:00:00,1.5671,1.6499,1.567,1.5878,1307837.0
2021-01-10 04:00:00,1.5874,1.6046,1.5701,1.5995,830453.0
2021-01-10 08:00:00,1.5979,1.622,1.4438,1.4538,2258311.0
2021-01-10 12:00:00,1.4538,1.5141,1.4233,1.4846,2002848.0
2021-01-10 16:00:00,1.4817,1.4947,1.3699,1.4124,2166120.0
2021-01-10 20:00:00,1.4117,1.477,1.337,1.4569,1737933.0
2021-01-11 00:00:00,1.4575,1.4607,1.25,1.321,3055148.0
2021-01-11 04:00:00,1.3188,1.3602,1.2065,1.3045,2935258.0
2021-01-11 08:00:00,1.3045,1.3648,1.275,1.2818,1609967.0
2021-01-11 12:00:00,1.2797,1.3072,1.1509,1.185,2847198.0
2021-01-11 16:00:00,1.1864,1.2572,1.12,1.1956,3000846.0
2021-01-11 20:00:00,1.1968,1.3132,1.1739,1.3042,1746500.0
2021-01-12 00:00:00,1.3034,1.3193,1.2559,1.3146,1383442.0
2021-01-12 04:00:00,1.3151,1.4223,1.2989,1.4202,1757947.0
2021-01-12 08:00:00,1.4211,1.4231,1.3415,1.3762,1706503.0
2021-01-12 12:00:00,1.3766,1.3937,1.2332,1.2839,2771031.0
2021-01-12 16:00:00,1.2842,1.3818,1.2835,1.3269,2832141.0
2021-01-12 20:00:00,1.3268,1.3475,1.2687,1.2882,1612663.0
2021-01-13 00:00:00,1.2902,1.2942,1.2184,1.2903,1755709.0
2021-01-13 04:00:00,1.2898,1.615,1.2663,1.5612,5425340.0
2021-01-13 08:00:00,1.5635,1.6477,1.487,1.5724,6281079.0
2021-01-13 12:00:00,1.574,1.775,1.5523,1.7633,9148482.0
2021-01-13 16:00:00,1.7633,1.8568,1.7356,1.8325,8457679.0
2021-01-13 20:00:00,1.8308,1.8552,1.7531,1.8022,4954463.0
2021-01-14 00:00:00,1.8007,1.823,1.7102,1.7262,3752310.0
2021-01-14 04:00:00,1.726,1.8225,1.71,1.788,2342034.0
2021-01-14 08:00:00,1.7879,1.8207,1.7179,1.7885,2383366.0
2021-01-14 12:00:00,1.7883,1.9493,1.743,1.9181,4257668.0
2021-01-14 16:00:00,1.9195,1.9402,1.8693,1.92,2053233.0
2021-01-14 20:00:00,1.9186,1.949,1.836,1.9123,2687710.0
2021-01-15 00:00:00,1.912,1.9982,1.8629,1.895,2794037.0
2021-01-15 04:00:00,1.8948,1.9153,1.8156,1.9085,1625533.0
2021-01-15 08:00:00,1.9099,1.9364,1.8515,1.8615,1675581.0
2021-01-15 12:00:00,1.8637,1.8703,1.6793,1.7025,2579006.0
2021-01-15 16:00:00,1.6994,1.7986,1.65,1.7443,2428052.0
2021-01-15 20:00:00,1.7436,1.8612,1.7239,1.852,1221340.0
2021-01-16 00:00:00,1.8509,1.9421,1.8501,1.9089,1592390.0
2021-01-16 04:00:00,1.911,1.9898,1.886,1.9178,1528411.0
2021-01-16 08:00:00,1.9193,2.0574,1.9069,2.0108,2417516.0
2021-01-16 12:00:00,2.0116,2.1154,1.932,2.1152,2135289.0
2021-01-16 16:00:00,2.1152,2.1469,1.9469,1.9974,2078358.0
2021-01-16 20:00:00,2.0004,2.0236,1.8857,1.9612,1359344.0
2021-01-17 00:00:00,1.9632,1.9807,1.8926,1.9296,1843635.0
2021-01-17 04:00:00,1.9287,1.9584,1.81,1.8379,1459127.0
2021-01-17 08:00:00,1.8382,1.9332,1.8014,1.9276,1675556.0
2021-01-17 12:00:00,1.9288,1.9992,1.8829,1.9443,1946485.0
2021-01-17 16:00:00,1.9452,1.9823,1.9255,1.9561,1159462.0
2021-01-17 20:00:00,1.954,2.02,1.9347,1.9584,1310239.0
2021-01-18 00:00:00,1.9591,1.9795,1.8602,1.8749,863108.0
2021-01-18 04:00:00,1.8764,1.9398,1.8534,1.9382,713735.0
2021-01-18 08:00:00,1.9382,2.0667,1.9357,1.9959,2203167.0
2021-01-18 12:00:00,1.996,2.0878,1.9751,2.0838,1304879.0
2021-01-18 16:00:00,2.0825,2.0915,1.9822,2.0455,1121789.0
2021-01-18 20:00:00,2.0454,2.0815,2.0155,2.0793,694759.0
2021-01-19 00:00:00,2.0802,2.2093,2.0728,2.1619,1729223.0
2021-01-19 04:00:00,2.1616,2.2032,2.1129,2.1627,1273118.0
2021-01-19 08:00:00,2.1623,2.1745,2.1071,2.125,913645.0
2021-01-19 12:00:00,2.1257,2.1305,2.0609,2.0784,976628.0
2021-01-19 16:00:00,2.0796,2.0906,1.9553,1.9897,1066049.0
2021-01-19 20:00:00,1.9895,2.0827,1.9751,1.995,1317455.0
2021-01-20 00:00:00,1.9993,2.0637,1.9361,1.9408,1458622.0
2021-01-20 04:00:00,1.94,2.0133,1.9129,2.0024,1040218.0
2021-01-20 08:00:00,2.0021,2.0122,1.8324,1.8727,1720452.0
2021-01-20 12:00:00,1.8707,1.95,1.8209,1.8394,1983281.0
2021-01-20 16:00:00,1.8379,1.9708,1.7934,1.9681,1354234.0
2021-01-20 20:00:00,1.9683,2.0334,1.9209,2.0159,860947.0
2021-01-21 00:00:00,2.0176,2.0407,1.9296,1.9325,857697.0
2021-01-21 04:00:00,1.9315,1.9643,1.8755,1.9059,819825.0
2021-01-21 08:00:00,1.907,1.9106,1.7615,1.7642,1729211.0
2021-01-21 12:00:00,1.7641,1.8169,1.7126,1.7248,1775633.0
2021-01-21 16:00:00,1.724,1.8121,1.703,1.8003,1467668.0
2021-01-21 20:00:00,1.7995,1.8023,1.5904,1.6427,2191512.0
2021-01-22 00:00:00,1.6425,1.7756,1.5415,1.7723,2305751.0
2021-01-22 04:00:00,1.7726,1.9858,1.7726,1.8695,3281433.0
2021-01-22 08:00:00,1.8701,2.0529,1.8425,2.0503,2132706.0
2021-01-22 12:00:00,2.0508,2.1367,2.0295,2.1079,2841345.0
2021-01-22 16:00:00,2.1061,2.1589,2.0509,2.1276,2413779.0
2021-01-22 20:00:00,2.1261,2.1714,2.0828,2.1187,1618135.0
2021-01-23 00:00:00,2.1166,2.2182,2.0731,2.207,2217440.0
2021-01-23 04:00:00,2.2068,2.3405,2.1883,2.3348,3346918.0
2021-01-23 08:00:00,2.3354,2.46,2.2959,2.3532,4066110.0
2021-01-23 12:00:00,2.3527,2.558,2.3344,2.48,3305610.0
2021-01-23 16:00:00,2.4779,2.4895,2.3921,2.45,1806324.0
2021-01-23 20:00:00,2.45,2.4549,2.3406,2.3644,1180841.0
2021-01-24 00:00:00,2.3649,2.4639,2.3351,2.423,920144.0
2021-01-24 04:00:00,2.4222,2.54,2.4145,2.4955,1176559.0
2021-01-24 08:00:00,2.4939,2.6386,2.4564,2.5834,1357596.0
2021-01-24 12:00:00,2.5816,2.6173,2.4764,2.5003,1529287.0
2021-01-24 16:00:00,2.5028,2.5288,2.36,2.3817,1547153.0
2021-01-24 20:00:00,2.3828,2.5978,2.3748,2.5946,1079098.0
2021-01-25 00:00:00,2.5923,2.6421,2.5731,2.627,831255.0
2021-01-25 04:00:00,2.626,2.6379,2.4621,2.4897,1059874.0
2021-01-25 08:00:00,2.4918,2.4978,2.4063,2.4723,793377.0
2021-01-25 12:00:00,2.4723,2.493,2.3116,2.369,1699162.0
2021-01-25 16:00:00,2.3693,2.3782,2.2914,2.3546,1212801.0
2021-01-25 20:00:00,2.354,2.3772,2.2281,2.3656,1353578.0
2021-01-26 00:00:00,2.3657,2.4679,2.323,2.3385,1105153.0
2021-01-26 04:00:00,2.3371,2.4111,2.3323,2.3814,681776.0
2021-01-26 08:00:00,2.379,2.4273,2.297,2.3019,821312.0
2021-01-26 12:00:00,2.3035,2.3114,2.193,2.2648,1249589.0
2021-01-26 16:00:00,2.2652,2.4422,2.2211,2.4238,1432550.0
2021-01-26 20:00:00,2.4245,2.45,2.3509,2.4131,886181.0
2021-01-27 00:00:00,2.4131,2.4172,2.2944,2.3035,750407.0
2021-01-27 04:00:00,2.3017,2.3387,2.2624,2.317,799818.0
2021-01-27 08:00:00,2.316,2.4047,2.1869,2.2888,1720202.0
2021-01-27 12:00:00,2.2898,2.3666,2.1696,2.3452,1758242.0
2021-01-27 16:00:00,2.3438,2.4399,2.3059,2.394,1769812.0
2021-01-27 20:00:00,2.3936,2.553,2.3811,2.533,1734207.0
2021-01-28 00:00:00,2.5313,2.838,2.4776,2.8009,3835595.0
2021-01-28 04:00:00,2.8004,2.8235,2.6714,2.7589,1996264.0
2021-01-28 08:00:00,2.7589,2.8572,2.6674,2.8398,1831518.0
2021-01-28 12:00:00,2.8374,2.9905,2.7903,2.9878,2207190.0
2021-01-28 16:00:00,2.9882,3.33,2.95,3.1876,5352439.0
2021-01-28 20:00:00,3.1898,3.363,3.1289,3.1715,2525628.0
2021-01-29 00:00:00,3.1734,3.3325,3.1621,3.1698,1507963.0
2021-01-29 04:00:00,3.1621,3.2619,3.03,3.227,1836440.0
2021-01-29 08:00:00,3.2312,3.312,3.1253,3.1997,2186396.0
2021-01-29 12:00:00,3.2003,3.3044,3.1,3.2764,1667354.0
2021-01-29 16:00:00,3.2806,3.4484,3.16,3.2565,2800775.0
2021-01-29 20:00:00,3.2579,3.668,3.2346,3.645,2467039.0
2021-01-30 00:00:00,3.643,3.8581,3.5235,3.5606,1694585.0
2021-01-30 04:00:00,3.5645,3.925,3.5605,3.8968,1600856.0
2021-01-30 08:00:00,3.9037,3.9085,3.7262,3.8259,1554952.0
2021-01-30 12:00:00,3.8263,4.0212,3.7303,3.9369,1561353.0
2021-01-30 16:00:00,3.9404,3.983,3.6327,3.8748,1970222.0
2021-01-30 20:00:00,3.8763,3.9662,3.759,3.894,892317.0
2021-01-31 00:00:00,3.894,4.0584,3.8556,3.8815,1235538.0
2021-01-31 04:00:00,3.8818,3.9186,3.6472,3.6692,934678.0
2021-01-31 08:00:00,3.6699,3.9079,3.6454,3.8839,1462306.0
2021-01-31 12:00:00,3.8825,3.8826,3.4459,3.5282,1523915.0
2021-01-31 16:00:00,3.5253,3.6126,3.3775,3.5131,1505766.0
2021-01-31 20:00:00,3.5112,3.6357,3.4134,3.6178,865899.0
2021-02-01 00:00:00,3.617,3.6757,3.4154,3.6097,1357038.0
2021-02-01 04:00:00,3.6168,3.686,3.508,3.6392,847805.0
2021-02-01 08:00:00,3.6373,3.996,3.5414,3.8715,1557252.0
2021-02-01 12:00:00,3.8734,3.9031,3.5409,3.6952,1460306.0
2021-02-01 16:00:00,3.6947,4.28,3.6938,4.1994,2403047.0
2021-02-01 20:00:00,4.202,4.2252,3.9974,4.1915,1419480.0
2021-02-02 00:00:00,4.1914,4.284,3.8775,3.9499,1156372.0
2021-02-02 04:00:00,3.9493,4.1048,3.8888,4.0592,805661.0
2021-02-02 08:00:00,4.0578,4.1596,3.9332,3.9544,949820.0
2021-02-02 12:00:00,3.9547,3.9758,3.7794,3.8309,870283.0
2021-02-02 16:00:00,3.8325,3.8517,3.6448,3.7402,1716387.0
2021-02-02 20:00:00,3.7457,3.8374,3.6534,3.7987,1189967.0
2021-02-03 00:00:00,3.7986,3.8482,3.7256,3.7464,781390.0
2021-02-03 04:00:00,3.7438,3.7933,3.7051,3.7539,509773.0
2021-02-03 08:00:00,3.752,3.8532,3.6835,3.823,1278185.0
2021-02-03 12:00:00,3.8231,3.916,3.78,3.8613,1545573.0
2021-02-03 16:00:00,3.8661,3.896,3.7721,3.7965,932005.0
2021-02-03 20:00:00,3.8007,3.8431,3.7218,3.7474,747080.0
2021-02-04 00:00:00,3.7504,3.7609,3.6078,3.7028,1633336.0
2021-02-04 04:00:00,3.7036,3.8643,3.6673,3.7709,1144297.0
2021-02-04 08:00:00,3.77,4.0252,3.5619,3.9091,2571927.0
2021-02-04 12:00:00,3.9055,4.0394,3.7319,3.8096,2034883.0
2021-02-04 16:00:00,3.811,4.1649,3.7944,4.1619,1470486.0
2021-02-04 20:00:00,4.1642,4.2172,3.842,3.9066,1306638.0
2021-02-05 00:00:00,3.9038,4.1846,3.8848,4.1152,1207400.0
2021-02-05 04:00:00,4.1173,4.2159,4.0179,4.1715,1187556.0
2021-02-05 08:00:00,4.1774,4.3838,4.0859,4.1257,1889598.0
2021-02-05 12:00:00,4.1254,4.155,3.9157,3.9784,2214292.0
2021-02-05 16:00:00,3.982,4.0726,3.8166,4.028,3537207.0
2021-02-05 20:00:00,4.0239,4.0438,3.8981,3.9811,1515054.0
2021-02-06 00:00:00,3.9761,4.0364,3.3223,3.6539,4431563.0
2021-02-06 04:00:00,3.6527,3.655,3.5359,3.6213,1016820.0
2021-02-06 08:00:00,3.6213,3.7579,3.4272,3.4596,1908223.0
2021-02-06 12:00:00,3.4598,3.615,3.4308,3.5441,1225261.0
2021-02-06 16:00:00,3.5476,3.7113,3.5151,3.7058,965744.0
2021-02-06 20:00:00,3.7097,3.716,3.4505,3.5802,1243329.0
2021-02-07 00:00:00,3.5802,3.6203,3.2919,3.323,1900470.0
2021-02-07 04:00:00,3.3217,3.3615,3.1673,3.355,1688502.0
2021-02-07 08:00:00,3.3514,3.5595,3.3505,3.4682,1487952.0
2021-02-07 12:00:00,3.4667,3.4993,3.0852,3.1905,1973158.0
2021-02-07 16:00:00,3.1901,3.8458,3.0153,3.7286,4871180.0
2021-02-07 20:00:00,3.7251,3.85,3.5885,3.7905,1991905.0
2021-02-08 00:00:00,3.7947,3.822,3.5613,3.6072,1123570.0
2021-02-08 04:00:00,3.6104,3.9534,3.5964,3.9166,1299812.0
2021-02-08 08:00:00,3.921,4.2338,3.895,4.1991,2775120.0
2021-02-08 12:00:00,4.2034,4.4474,3.9463,4.3428,5125238.0
2021-02-08 16:00:00,4.3515,4.5347,4.2231,4.4253,2758024.0
2021-02-08 20:00:00,4.4232,4.6335,4.4043,4.6175,1711746.0
2021-02-09 00:00:00,4.6168,4.7761,4.3546,4.4838,1745659.0
2021-02-09 04:00:00,4.4873,4.7317,4.4697,4.4964,1244413.0
2021-02-09 08:00:00,4.4976,4.7802,4.4554,4.5024,2166322.0
2021-02-09 12:00:00,4.5063,4.5672,4.3065,4.5317,1249051.0
2021-02-09 16:00:00,4.5385,4.6442,4.405,4.577,1009831.0
2021-02-09 20:00:00,4.5757,4.7142,4.5518,4.5932,819078.0
2021-02-10 00:00:00,4.5985,4.909,4.5936,4.7313,1342995.0
2021-02-10 04:00:00,4.7334,4.8501,4.5142,4.8174,1097554.0
2021-02-10 08:00:00,4.8181,5.0005,4.7704,4.8284,1162774.0
2021-02-10 12:00:00,4.8275,4.8383,4.0494,4.3274,3694575.0
2021-02-10 16:00:00,4.3287,4.518,4.2682,4.4995,1291425.0
2021-02-10 20:00:00,4.494,4.5268,4.3369,4.4651,822869.0
2021-02-11 00:00:00,4.4662,4.5604,4.3572,4.5501,772990.0
2021-02-11 04:00:00,4.5454,4.6028,4.446,4.5529,655553.0
2021-02-11 08:00:00,4.5564,4.6627,4.5021,4.5664,936309.0
2021-02-11 12:00:00,4.5664,4.7216,4.5664,4.6691,1029776.0
2021-02-11 16:00:00,4.6758,4.7381,4.5213,4.5994,1474464.0
2021-02-11 20:00:00,4.6038,4.6319,4.4113,4.512,1034799.0
2021-02-12 00:00:00,4.5202,4.5581,4.2155,4.2682,1500825.0
2021-02-12 04:00:00,4.2631,4.4211,4.1148,4.4054,2193325.0
2021-02-12 08:00:00,4.4096,4.4466,4.3406,4.358,899389.0
2021-02-12 12:00:00,4.3556,4.3853,4.0933,4.2467,1887521.0
2021-02-12 16:00:00,4.2459,4.3559,4.2454,4.2937,1453302.0
2021-02-12 20:00:00,4.2938,4.4565,4.2688,4.3101,1588150.0
2021-02-13 00:00:00,4.3103,4.4043,4.2538,4.3851,1436187.0
2021-02-13 04:00:00,4.3851,4.4312,4.1974,4.2014,1706024.0
2021-02-13 08:00:00,4.205,4.327,3.87,4.1263,3785958.0
2021-02-13 12:00:00,4.1259,4.2204,4.0064,4.0919,2609501.0
2021-02-13 16:00:00,4.0913,4.1806,4.0519,4.1525,1315704.0
2021-02-13 20:00:00,4.1525,4.4675,4.0848,4.4226,2345273.0
2021-02-14 00:00:00,4.4245,4.5727,4.3,4.3026,2211579.0
2021-02-14 04:00:00,4.3087,4.4549,4.275,4.3732,1502325.0
2021-02-14 08:00:00,4.3831,4.4448,4.2853,4.3268,1231335.0
2021-02-14 12:00:00,4.3305,4.3676,3.8626,3.95,2812072.0
2021-02-14 16:00:00,3.9483,4.079,3.9142,4.0464,1549431.0
2021-02-14 20:00:00,4.0448,4.1451,3.9576,3.9669,928601.0
2021-02-15 00:00:00,3.9669,4.0564,3.3512,3.825,4781696.0
2021-02-15 04:00:00,3.8204,3.9693,3.5729,3.9352,2018487.0
2021-02-15 08:00:00,3.9351,4.233,3.8763,4.1457,1829659.0
2021-02-15 12:00:00,4.1501,4.238,4.052,4.2034,1417360.0
2021-02-15 16:00:00,4.2068,4.408,4.1723,4.3501,1489576.0
2021-02-15 20:00:00,4.3463,4.3524,3.8492,3.8874,2958194.0
2021-02-16 00:00:00,3.8877,4.1971,3.7791,4.1752,2105175.0
2021-02-16 04:00:00,4.1714,4.1714,4.013,4.0703,1037032.0
2021-02-16 08:00:00,4.0737,4.1837,3.9538,3.9699,1054008.0
2021-02-16 12:00:00,3.9689,4.0325,3.8319,3.8576,1699852.0
2021-02-16 16:00:00,3.855,3.8779,3.6334,3.7738,2132633.0
2021-02-16 20:00:00,3.7764,3.9319,3.7103,3.9251,1020607.0
2021-02-17 00:00:00,3.9278,3.9354,3.7435,3.7575,821886.0
2021-02-17 04:00:00,3.7563,3.7889,3.5649,3.7723,1499662.0
2021-02-17 08:00:00,3.7722,3.9133,3.7062,3.8802,1164768.0
2021-02-17 12:00:00,3.8785,3.9421,3.7985,3.8318,1337448.0
2021-02-17 16:00:00,3.8332,3.9348,3.7738,3.9327,866977.0
2021-02-17 20:00:00,3.9338,4.0925,3.9305,3.9993,1216715.0
2021-02-18 00:00:00,4.0034,4.1851,4.0034,4.0721,1057807.0
2021-02-18 04:00:00,4.0736,4.1948,4.0305,4.17,999369.0
2021-02-18 08:00:00,4.1759,4.2993,4.0531,4.0744,1630957.0
2021-02-18 12:00:00,4.0745,4.1298,4.0115,4.04,1253181.0
2021-02-18 16:00:00,4.0433,4.0807,3.9568,3.9994,908884.0
2021-02-18 20:00:00,3.9959,4.0917,3.9668,3.9974,970917.0
2021-02-19 00:00:00,3.9969,4.1406,3.8335,3.9316,2002786.0
2021-02-19 04:00:00,3.931,4.0761,3.8715,4.0258,1084677.0
2021-02-19 08:00:00,4.0235,4.12,3.9824,4.0859,1040846.0
2021-02-19 12:00:00,4.0864,4.4892,4.0741,4.3037,3371462.0
2021-02-19 16:00:00,4.3061,4.7466,4.2948,4.7439,2392848.0
2021-02-19 20:00:00,4.7463,5.0,4.6841,4.7944,3532249.0
2021-02-20 00:00:00,4.7987,4.8813,4.5347,4.7052,2977494.0
2021-02-20 04:00:00,4.7007,5.1168,4.6733,4.7925,2534418.0
2021-02-20 08:00:00,4.7948,5.449,4.7803,5.1936,3055660.0
2021-02-20 12:00:00,5.1909,5.2299,4.7759,4.8586,2355154.0
2021-02-20 16:00:00,4.8563,5.739,4.8504,5.2719,4713654.0
2021-02-20 20:00:00,5.2725,5.2769,4.542,5.1169,3736371.0
2021-02-21 00:00:00,5.1109,5.2957,4.9364,5.0575,2207938.0
2021-02-21 04:00:00,5.0545,5.1012,4.7938,4.8426,1247571.0
2021-02-21 08:00:00,4.8441,5.1766,4.8195,5.0707,1364944.0
2021-02-21 12:00:00,5.0696,5.091,4.9155,4.9608,899371.0
2021-02-21 16:00:00,4.9639,5.013,4.8553,4.9448,906169.0
2021-02-21 20:00:00,4.9443,4.9443,4.6418,4.7792,1775075.0
2021-02-22 00:00:00,4.7809,4.7879,4.5002,4.515,1276256.0
2021-02-22 04:00:00,4.5147,4.6385,4.3441,4.5941,2270330.0
2021-02-22 08:00:00,4.598,4.6227,4.17,4.3521,2857521.0
2021-02-22 12:00:00,4.3482,4.3691,3.5926,4.199,5120665.0
2021-02-22 16:00:00,4.1925,4.4465,4.0243,4.4262,3043331.0
2021-02-22 20:00:00,4.4264,4.5953,4.3858,4.4982,1436408.0
2021-02-23 00:00:00,4.5004,4.5296,4.1701,4.2538,1968797.0
2021-02-23 04:00:00,4.2499,4.3064,3.7809,3.89,3122551.0
2021-02-23 08:00:00,3.888,3.921,3.01,3.4913,6824079.0
2021-02-23 12:00:00,3.4862,4.31,3.3684,3.9522,4126742.0
2021-02-23 16:00:00,3.9545,4.31,3.7541,3.8445,3844566.0
2021-02-23 20:00:00,3.8387,4.9011,3.7719,4.8641,3683306.0
2021-02-24 00:00:00,4.8644,5.6,4.4284,5.4582,5897611.0
2021-02-24 04:00:00,5.4582,5.5747,4.9267,5.2195,4039114.0
2021-02-24 08:00:00,5.2163,5.2316,4.8812,4.9179,2470677.0
2021-02-24 12:00:00,4.919,5.0877,4.631,4.9591,3207531.0
2021-02-24 16:00:00,4.959,5.2992,4.8934,4.9011,3760865.0
2021-02-24 20:00:00,4.9012,4.9964,4.6171,4.9283,2161754.0
2021-02-25 00:00:00,4.9255,5.1887,4.7715,4.8106,1520487.0
2021-02-25 04:00:00,4.8082,5.0296,4.7041,5.0135,1650064.0
2021-02-25 08:00:00,5.0135,5.0786,4.7638,5.0599,1613852.0
2021-02-25 12:00:00,5.0579,5.2789,5.0291,5.0742,1788256.0
2021-02-25 16:00:00,5.0798,5.2099,4.8198,4.9008,1528456.0
2021-02-25 20:00:00,4.8974,4.8974,4.3924,4.4324,2234764.0
2021-02-26 00:00:00,4.426,4.5159,4.2012,4.4198,2187513.0
2021-02-26 04:00:00,4.4205,4.4988,4.0043,4.0713,1565082.0
2021-02-26 08:00:00,4.0668,4.4568,4.0592,4.4177,1861802.0
2021-02-26 12:00:00,4.4192,4.7688,4.3134,4.7434,1690423.0
2021-02-26 16:00:00,4.747,4.9566,4.602,4.6441,1562161.0
2021-02-26 20:00:00,4.6499,4.6885,4.2293,4.4035,1956910.0
2021-02-27 00:00:00,4.4065,4.7586,4.3974,4.5839,3112522.0
2021-02-27 04:00:00,4.5828,4.839,4.5019,4.6021,1789818.0
2021-02-27 08:00:00,4.6056,4.67,4.444,4.6194,1267856.0
2021-02-27 12:00:00,4.6232,4.7086,4.462,4.4907,1077282.0
2021-02-27 16:00:00,4.4844,4.6943,4.4515,4.6873,766166.0
2021-02-27 20:00:00,4.6915,4.8193,4.3974,4.5128,1651931.0
2021-02-28 00:00:00,4.5118,4.5459,4.1063,4.12,1404425.0
2021-02-28 04:00:00,4.118,4.2318,3.9897,4.08,1769960.0
2021-02-28 08:00:00,4.0809,4.3306,4.0749,4.2747,1083545.0
2021-02-28 12:00:00,4.2745,4.297,3.8807,3.9311,1478069.0
2021-02-28 16:00:00,3.9349,4.2252,3.8664,4.219,1540189.0
2021-02-28 20:00:00,4.224,4.4702,4.1958,4.3555,1225357.0
2021-03-01 00:00:00,4.3598,4.6784,4.3443,4.5962,1286490.0
2021-03-01 04:00:00,4.6026,4.6256,4.4139,4.5122,1423144.0
2021-03-01 08:00:00,4.5166,4.892,4.5121,4.8517,1358417.0
2021-03-01 12:00:00,4.8486,5.0555,4.7476,5.0538,1063406.0
2021-03-01 16:00:00,5.0542,5.0694,4.7695,4.8193,1049114.0
2021-03-01 20:00:00,4.8219,5.2,4.7954,5.1882,960228.0
2021-03-02 00:00:00,5.1935,5.4,5.1657,5.2769,1167061.0
2021-03-02 04:00:00,5.2828,5.3664,5.079,5.1123,783399.0
2021-03-02 08:00:00,5.1091,5.5459,5.1017,5.522,1443778.0
2021-03-02 12:00:00,5.5223,5.669,5.36,5.3756,1908082.0
2021-03-02 16:00:00,5.3753,5.3959,4.9471,4.9933,1749104.0
2021-03-02 20:00:00,4.996,5.1806,4.8901,5.1631,1247361.0
2021-03-03 00:00:00,5.1602,5.3659,5.0617,5.3614,754059.0
2021-03-03 04:00:00,5.36,5.7888,5.36,5.7254,1555978.0
2021-03-03 08:00:00,5.7322,6.0669,5.7321,5.9377,2521543.0
2021-03-03 12:00:00,5.9336,6.1552,5.6751,5.8481,1586158.0
2021-03-03 16:00:00,5.8493,6.008,5.7302,5.852,1208680.0
2021-03-03 20:00:00,5.8452,5.9162,5.7022,5.7058,1098634.0
2021-03-04 00:00:00,5.701,5.7674,5.3768,5.3892,1605000.0
2021-03-04 04:00:00,5.3986,5.4802,5.3063,5.4452,1113491.0
2021-03-04 08:00:00,5.4453,5.5895,5.2843,5.4195,1209551.0
2021-03-04 12:00:00,5.4138,5.6309,5.3466,5.5834,1127812.0
2021-03-04 16:00:00,5.579,5.6547,5.0955,5.2136,1469113.0
2021-03-04 20:00:00,5.2136,5.2926,5.1124,5.2527,1049769.0
2021-03-05 00:00:00,5.2496,5.2535,4.9847,5.1739,1015635.0
2021-03-05 04:00:00,5.1734,5.3112,5.1049,5.2314,605949.0
2021-03-05 08:00:00,5.2271,5.2412,4.9344,5.1166,961140.0
2021-03-05 12:00:00,5.1174,5.4002,5.0804,5.2886,1220157.0
2021-03-05 16:00:00,5.2858,5.5879,5.247,5.5584,1425422.0
2021-03-05 20:00:00,5.5544,5.6708,5.4649,5.5093,1149723.0
2021-03-06 00:00:00,5.5174,5.6025,5.4434,5.5038,566868.0
2021-03-06 04:00:00,5.5077,5.8765,5.4566,5.7645,1010269.0
2021-03-06 08:00:00,5.7622,5.8316,5.6617,5.7285,908272.0
2021-03-06 12:00:00,5.7285,5.8172,5.3813,5.4873,1209885.0
2021-03-06 16:00:00,5.4852,5.8359,5.462,5.7935,750104.0
2021-03-06 20:00:00,5.8005,5.9304,5.6729,5.6845,974517.0
2021-03-07 00:00:00,5.688,5.9212,5.6789,5.7769,844512.0
2021-03-07 04:00:00,5.7777,5.8998,5.7334,5.8893,409696.0
2021-03-07 08:00:00,5.8931,5.9899,5.8548,5.9126,621712.0
2021-03-07 12:00:00,5.9098,5.923,5.663,5.699,647661.0
2021-03-07 16:00:00,5.7015,5.7441,5.5882,5.645,772260.0
2021-03-07 20:00:00,5.6382,5.7377,5.5125,5.6999,611285.0
2021-03-08 00:00:00,5.6999,5.734,5.475,5.5291,784663.0
2021-03-08 04:00:00,5.5272,5.648,5.3492,5.4312,1010308.0
2021-03-08 08:00:00,5.4327,5.5696,5.3399,5.5448,664169.0
2021-03-08 12:00:00,5.5489,5.6575,5.4893,5.6493,565911.0
2021-03-08 16:00:00,5.6514,5.749,5.5951,5.6957,513837.0
2021-03-08 20:00:00,5.7002,5.8488,5.665,5.827,509305.0
2021-03-09 00:00:00,5.8262,5.894,5.7332,5.8244,529081.0
2021-03-09 04:00:00,5.8225,5.8683,5.7594,5.8168,439788.0
2021-03-09 08:00:00,5.822,6.1197,5.7967,6.0364,1154535.0
2021-03-09 12:00:00,6.0354,6.1029,5.8915,6.0286,805672.0
2021-03-09 16:00:00,6.032,6.0795,5.8109,5.8796,926745.0
2021-03-09 20:00:00,5.8771,6.2086,5.864,6.1586,950150.0
2021-03-10 00:00:00,6.1547,6.2472,5.7546,5.8215,1340996.0
2021-03-10 04:00:00,5.8209,6.1134,5.8052,6.0943,663673.0
2021-03-10 08:00:00,6.0924,6.3764,6.0627,6.1794,1769317.0
2021-03-10 12:00:00,6.1821,6.4993,6.1795,6.4788,1459358.0
2021-03-10 16:00:00,6.4762,6.6838,6.4218,6.4666,1637202.0
2021-03-10 20:00:00,6.4695,6.5103,6.23,6.3198,1709352.0
2021-03-11 00:00:00,6.3195,6.4046,6.1752,6.3077,1171951.0
2021-03-11 04:00:00,6.3089,6.3832,6.1653,6.228,928208.0
2021-03-11 08:00:00,6.2243,6.7324,6.1,6.6986,1747962.0
2021-03-11 12:00:00,6.6958,6.7987,6.4,6.5544,1688786.0
2021-03-11 16:00:00,6.554,6.6689,6.4295,6.4542,1052903.0
2021-03-11 20:00:00,6.4543,6.5697,6.4036,6.4373,743109.0
2021-03-12 00:00:00,6.4393,6.4905,6.3207,6.3743,860308.0
2021-03-12 04:00:00,6.3723,6.4038,6.1774,6.2214,960508.0
2021-03-12 08:00:00,6.2198,6.2768,5.978,6.0479,1431257.0
2021-03-12 12:00:00,6.0459,6.0756,5.69,6.0655,1942037.0
2021-03-12 16:00:00,6.0667,6.1585,5.8767,5.883,1197921.0
2021-03-12 20:00:00,5.8783,6.0188,5.797,6.0086,884269.0
2021-03-13 00:00:00,6.0113,6.0204,5.8136,5.9627,706758.0
2021-03-13 04:00:00,5.962,6.1755,5.9024,6.17,537736.0
2021-03-13 08:00:00,6.1752,6.2668,6.0912,6.2071,731927.0
2021-03-13 12:00:00,6.2086,6.26,6.06,6.1108,687479.0
2021-03-13 16:00:00,6.1097,6.2755,6.06,6.2386,623564.0
2021-03-13 20:00:00,6.2393,6.3127,6.1129,6.1214,590258.0
2021-03-14 00:00:00,6.1235,6.1687,5.9372,5.9441,833563.0
2021-03-14 04:00:00,5.9461,5.968,5.7201,5.7875,1312010.0
2021-03-14 08:00:00,5.7816,5.9319,5.6906,5.8989,996159.0
2021-03-14 12:00:00,5.8989,5.9196,5.7259,5.7996,841955.0
2021-03-14 16:00:00,5.7996,5.8595,5.6828,5.7335,660402.0
2021-03-14 20:00:00,5.7356,5.792,5.5395,5.5443,800550.0
2021-03-15 00:00:00,5.5461,5.7854,5.5367,5.7019,754878.0
2021-03-15 04:00:00,5.7001,5.7511,5.21,5.391,1631883.0
2021-03-15 08:00:00,5.3933,5.6344,5.2418,5.5313,1398524.0
2021-03-15 12:00:00,5.5301,5.7478,5.3837,5.6206,1045177.0
2021-03-15 16:00:00,5.6206,5.7916,5.5177,5.7487,800305.0
2021-03-15 20:00:00,5.7492,5.8738,5.6602,5.6678,1019991.0
2021-03-16 00:00:00,5.67,5.7441,5.338,5.4606,1446699.0
2021-03-16 04:00:00,5.4631,5.6596,5.3939,5.6526,715081.0
2021-03-16 08:00:00,5.6495,5.7748,5.5952,5.6231,745699.0
2021-03-16 12:00:00,5.6215,5.6579,5.5295,5.6478,645944.0
2021-03-16 16:00:00,5.6492,5.6718,5.4136,5.4758,656537.0
2021-03-16 20:00:00,5.4739,5.6048,5.4721,5.5973,427454.0
2021-03-17 00:00:00,5.6013,5.6295,5.4873,5.51,385352.0
2021-03-17 04:00:00,5.5062,5.7465,5.5006,5.6741,659315.0
2021-03-17 08:00:00,5.6751,5.7679,5.51,5.5215,906300.0
2021-03-17 12:00:00,5.5192,5.5443,5.4084,5.4556,913801.0
2021-03-17 16:00:00,5.4566,5.7388,5.4336,5.7142,824978.0
2021-03-17 20:00:00,5.7168,5.91,5.6965,5.84,785656.0
2021-03-18 00:00:00,5.8422,6.025,5.841,5.8995,597949.0
2021-03-18 04:00:00,5.8992,6.0199,5.8863,5.9197,536677.0
2021-03-18 08:00:00,5.9219,6.0084,5.8918,5.9424,411309.0
2021-03-18 12:00:00,5.9416,5.9446,5.7799,5.9224,675899.0
2021-03-18 16:00:00,5.9229,5.9535,5.6101,5.6282,758640.0
2021-03-18 20:00:00,5.6277,5.6988,5.6046,5.6403,610945.0
2021-03-19 00:00:00,5.6448,5.6497,5.4861,5.6284,506092.0
2021-03-19 04:00:00,5.6268,5.682,5.5501,5.5574,474677.0
2021-03-19 08:00:00,5.5582,5.6752,5.5468,5.6726,479040.0
2021-03-19 12:00:00,5.6739,5.7179,5.5774,5.6522,591052.0
2021-03-19 16:00:00,5.6564,5.69,5.5911,5.6673,545147.0
2021-03-19 20:00:00,5.6695,5.716,5.5637,5.5717,406236.0
2021-03-20 00:00:00,5.5704,5.7389,5.5461,5.735,409444.0
2021-03-20 04:00:00,5.7386,5.797,5.7036,5.7618,454830.0
2021-03-20 08:00:00,5.7677,5.8873,5.7622,5.8656,547598.0
2021-03-20 12:00:00,5.8644,5.8817,5.7416,5.7862,471179.0
2021-03-20 16:00:00,5.7889,6.0617,5.7765,5.9926,934613.0
2021-03-20 20:00:00,5.9917,5.9949,5.7671,5.7847,675976.0
2021-03-21 00:00:00,5.7916,5.8258,5.6106,5.6569,788162.0
2021-03-21 04:00:00,5.6566,5.678,5.5128,5.5765,824266.0
2021-03-21 08:00:00,5.5765,5.6273,5.4209,5.4952,533850.0
2021-03-21 12:00:00,5.4913,5.5983,5.3652,5.5675,640750.0
2021-03-21 16:00:00,5.5719,5.643,5.5493,5.598,384227.0
2021-03-21 20:00:00,5.5989,5.72,5.5942,5.6432,570082.0
2021-03-22 00:00:00,5.6412,5.6566,5.4602,5.5935,535795.0
2021-03-22 04:00:00,5.5932,5.6814,5.5731,5.5879,338845.0
2021-03-22 08:00:00,5.5902,5.6582,5.5193,5.6421,477667.0
2021-03-22 12:00:00,5.642,5.649,5.5307,5.5894,527081.0
2021-03-22 16:00:00,5.5907,5.6283,5.29,5.2907,1163249.0
2021-03-22 20:00:00,5.2905,5.3289,4.9918,5.2479,2134009.0
2021-03-23 00:00:00,5.2511,5.3298,5.1944,5.226,786303.0
2021-03-23 04:00:00,5.2275,5.2427,4.9515,5.0628,1205835.0
2021-03-23 08:00:00,5.0591,5.0985,4.9293,4.9609,875215.0
2021-03-23 12:00:00,4.9615,5.3668,4.9615,5.3261,1139329.0
2021-03-23 16:00:00,5.325,5.3656,5.2092,5.2552,868253.0
2021-03-23 20:00:00,5.2533,5.2615,5.1054,5.1261,760846.0
2021-03-24 00:00:00,5.1208,5.16,4.9937,5.1026,802838.0
2021-03-24 04:00:00,5.1007,5.2453,5.0225,5.2319,618474.0
2021-03-24 08:00:00,5.2314,5.4226,5.2309,5.3076,789635.0
2021-03-24 12:00:00,5.3072,5.3898,5.2306,5.2662,636045.0
2021-03-24 16:00:00,5.2676,5.2908,4.9647,4.9768,823417.0
2021-03-24 20:00:00,4.9756,4.9788,4.48,4.6273,2512210.0
2021-03-25 00:00:00,4.6311,4.6919,4.4578,4.5752,1383032.0
2021-03-25 04:00:00,4.5776,4.7375,4.5285,4.6012,893938.0
2021-03-25 08:00:00,4.6066,4.9217,4.5917,4.779,1033103.0
2021-03-25 12:00:00,4.7798,4.8044,4.553,4.6881,1556589.0
2021-03-25 16:00:00,4.6889,4.8336,4.6253,4.7857,987064.0
2021-03-25 20:00:00,4.7872,4.87,4.741,4.7459,578552.0
2021-03-26 00:00:00,4.7455,5.005,4.7434,4.9859,663208.0
2021-03-26 04:00:00,4.9871,5.4383,4.9741,5.429,1675779.0
2021-03-26 08:00:00,5.4304,5.4847,5.341,5.4587,1527258.0
2021-03-26 12:00:00,5.4585,5.7116,5.4387,5.6242,1837673.0
2021-03-26 16:00:00,5.6262,5.8505,5.5554,5.7111,1801260.0
2021-03-26 20:00:00,5.715,5.95,5.6998,5.9262,1127831.0
2021-03-27 00:00:00,5.9275,5.9653,5.7566,5.9304,1198502.0
2021-03-27 04:00:00,5.9328,5.9936,5.7902,5.8301,955234.0
2021-03-27 08:00:00,5.8317,5.9329,5.7624,5.8164,949338.0
2021-03-27 12:00:00,5.8117,6.0628,5.7173,6.0117,1367095.0
2021-03-27 16:00:00,6.0114,6.3506,6.0114,6.2673,1538517.0
2021-03-27 20:00:00,6.2697,6.4319,6.2,6.2196,935639.0
2021-03-28 00:00:00,6.2169,6.401,6.1913,6.3984,820683.0
2021-03-28 04:00:00,6.3985,6.4621,6.3063,6.3509,735248.0
2021-03-28 08:00:00,6.3512,6.5081,6.3256,6.3819,898959.0
2021-03-28 12:00:00,6.3793,6.4,6.0451,6.1586,1413985.0
2021-03-28 16:00:00,6.1591,6.1864,5.887,6.0273,1089595.0
2021-03-28 20:00:00,6.0273,6.1869,5.9722,6.147,674590.0
2021-03-29 00:00:00,6.147,6.2576,6.1217,6.2132,707663.0
2021-03-29 04:00:00,6.211,6.4519,6.1816,6.3949,774833.0
2021-03-29 08:00:00,6.3976,6.49,6.242,6.2815,1107532.0
2021-03-29 12:00:00,6.2847,6.3506,6.113,6.2132,1073298.0
2021-03-29 16:00:00,6.2111,6.3269,6.1498,6.2771,610048.0
2021-03-29 20:00:00,6.2795,6.79,6.2443,6.7464,1102076.0
2021-03-30 00:00:00,6.7473,6.8414,6.6196,6.7286,1509400.0
2021-03-30 04:00:00,6.7289,7.1028,6.6968,6.9755,1469197.0
2021-03-30 08:00:00,6.9768,7.3406,6.9714,7.3304,1733034.0
2021-03-30 12:00:00,7.3303,7.3383,6.965,7.0549,1701408.0
2021-03-30 16:00:00,7.05,7.2779,6.9959,7.0903,1250791.0
2021-03-30 20:00:00,7.0903,7.3286,6.9801,7.2899,995509.0
2021-03-31 00:00:00,7.2907,7.3059,6.945,7.0449,1178298.0
2021-03-31 04:00:00,7.0399,7.644,6.9886,7.3813,1824296.0
2021-03-31 08:00:00,7.3842,7.5599,6.9565,7.5599,2144808.0
2021-03-31 12:00:00,7.5478,7.9983,7.4502,7.9828,1818692.0
2021-03-31 16:00:00,7.985,8.0855,7.7111,7.7266,1196668.0
2021-03-31 20:00:00,7.7223,8.0137,7.7011,7.9596,952471.0
2021-04-01 00:00:00,7.9596,8.7921,7.9579,8.6498,2084220.0
2021-04-01 04:00:00,8.6507,8.9235,8.4277,8.7833,1514910.0
2021-04-01 08:00:00,8.7869,8.955,8.2627,8.3792,1635377.0
2021-04-01 12:00:00,8.378,8.5363,8.3174,8.4741,1119616.0
2021-04-01 16:00:00,8.4762,8.7228,8.3072,8.683,1084864.0
2021-04-01 20:00:00,8.683,8.7114,8.3291,8.3403,864819.0
2021-04-02 00:00:00,8.3464,8.3908,7.9718,8.0571,1188349.0
2021-04-02 04:00:00,8.0607,8.2287,8.0,8.1741,873931.0
2021-04-02 08:00:00,8.1759,8.2572,7.931,8.1617,872518.0
2021-04-02 12:00:00,8.1619,8.8285,7.9572,8.6695,1490434.0
2021-04-02 16:00:00,8.6705,8.7148,8.3454,8.52,784805.0
2021-04-02 20:00:00,8.5243,8.5365,8.2697,8.4022,589635.0
2021-04-03 00:00:00,8.4045,8.4866,8.2245,8.2659,603073.0
2021-04-03 04:00:00,8.269,8.5373,8.2015,8.4688,625345.0
2021-04-03 08:00:00,8.4736,8.6592,8.3173,8.6502,867009.0
2021-04-03 12:00:00,8.6467,9.5053,8.6323,9.094,2766508.0
2021-04-03 16:00:00,9.0984,9.2206,8.6693,9.2017,1843709.0
2021-04-03 20:00:00,9.2043,9.3707,8.7537,9.239,2396500.0
2021-04-04 00:00:00,9.2407,9.86,9.0479,9.7445,2077216.0
2021-04-04 04:00:00,9.7446,9.7969,9.4619,9.6265,1355941.0
2021-04-04 08:00:00,9.6292,9.9849,9.5854,9.6601,1477276.0
2021-04-04 12:00:00,9.6687,9.8226,9.475,9.588,1321162.0
2021-04-04 16:00:00,9.5804,10.04,9.5014,9.9816,1249650.0
2021-04-04 20:00:00,9.9816,10.4491,9.939,10.3715,1675978.0
2021-04-05 00:00:00,10.371,10.9237,10.05,10.0938,1788238.0
2021-04-05 04:00:00,10.0936,10.1612,9.5691,9.6342,1354128.0
2021-04-05 08:00:00,9.6343,10.1437,9.4784,9.8906,1149630.0
2021-04-05 12:00:00,9.8895,10.3276,9.7766,10.2254,1166502.0
2021-04-05 16:00:00,10.2315,10.3309,10.0171,10.3252,1025761.0
2021-04-05 20:00:00,10.3277,10.5065,9.756,9.8435,1196922.0
2021-04-06 00:00:00,9.8356,9.94,9.2786,9.4037,1754729.0
2021-04-06 04:00:00,9.4037,9.5383,9.2281,9.3418,1403779.0
2021-04-06 08:00:00,9.3417,9.6308,9.2206,9.4219,1723292.0
2021-04-06 12:00:00,9.4221,9.6697,9.0753,9.4167,2022195.0
2021-04-06 16:00:00,9.4116,9.701,9.354,9.5628,1032095.0
2021-04-06 20:00:00,9.563,10.0406,9.5196,9.9157,1283840.0
2021-04-07 00:00:00,9.913,10.2187,9.7347,9.9282,1188730.0
2021-04-07 04:00:00,9.9338,10.0209,9.4769,9.693,1287126.0
2021-04-07 08:00:00,9.6857,9.7185,8.8247,9.128,2132865.0
2021-04-07 12:00:00,9.1261,9.7207,8.9,9.2292,1672532.0
2021-04-07 16:00:00,9.2222,9.4944,8.8974,9.1494,1657847.0
2021-04-07 20:00:00,9.1531,9.3894,8.95,9.1497,914191.0
2021-04-08 00:00:00,9.1582,10.0166,9.1161,9.7708,1284907.0
2021-04-08 04:00:00,9.7712,10.0,9.7105,9.7314,976539.0
2021-04-08 08:00:00,9.7341,9.9138,9.4607,9.5464,1037526.0
2021-04-08 12:00:00,9.5479,10.1515,9.5142,10.0642,1235004.0
2021-04-08 16:00:00,10.0608,10.3812,10.0177,10.1574,1365931.0
2021-04-08 20:00:00,10.1515,10.2826,9.9062,10.2569,838630.0
2021-04-09 00:00:00,10.2545,11.038,10.2475,10.9709,1523021.0
2021-04-09 04:00:00,10.9664,11.636,10.9376,11.5354,2134096.0
2021-04-09 08:00:00,11.5355,11.8966,11.36,11.6235,1930317.0
2021-04-09 12:00:00,11.6208,12.1109,11.345,11.4838,2374064.0
2021-04-09 16:00:00,11.4818,12.1862,11.2363,12.0442,2033008.0
2021-04-09 20:00:00,12.0443,12.0644,11.5302,11.8881,1309155.0
2021-04-10 00:00:00,11.8911,12.95,11.8435,12.6207,2220399.0
2021-04-10 04:00:00,12.6116,12.755,12.0485,12.1237,993004.0
2021-04-10 08:00:00,12.1278,12.4137,11.9436,11.9932,896663.0
2021-04-10 12:00:00,11.9933,12.0944,11.6033,11.9451,1163766.0
2021-04-10 16:00:00,11.944,12.0281,11.4166,11.64,994797.0
2021-04-10 20:00:00,11.64,12.083,11.3187,11.908,940499.0
2021-04-11 00:00:00,11.9176,12.0199,11.5236,11.6947,809058.0
2021-04-11 04:00:00,11.6944,11.7195,11.2768,11.4274,731141.0
2021-04-11 08:00:00,11.4345,11.7851,11.3741,11.722,733865.0
2021-04-11 12:00:00,11.7205,11.9928,11.4571,11.9405,794019.0
2021-04-11 16:00:00,11.9411,12.0,11.1044,11.1645,1298454.0
2021-04-11 20:00:00,11.1664,11.3425,10.9521,11.0454,1000710.0
2021-04-12 00:00:00,11.0439,11.0831,10.54,10.9329,1719788.0
2021-04-12 04:00:00,10.9357,11.0569,10.7504,10.8581,931019.0
2021-04-12 08:00:00,10.8601,11.2081,10.5071,10.9496,1377109.0
2021-04-12 12:00:00,10.9475,11.2258,10.6668,10.8494,1123610.0
2021-04-12 16:00:00,10.8491,11.6339,10.7502,11.5913,1110964.0
2021-04-12 20:00:00,11.5928,12.3119,11.5708,12.0928,1635398.0
2021-04-13 00:00:00,12.0927,12.7398,12.09,12.4372,1844712.0
2021-04-13 04:00:00,12.4324,12.5115,11.6797,12.1036,1502675.0
2021-04-13 08:00:00,12.0968,12.9367,12.0968,12.585,3578522.0
2021-04-13 12:00:00,12.587,12.6997,12.1483,12.3826,1679859.0
2021-04-13 16:00:00,12.3807,13.1645,12.2563,13.0999,2042376.0
2021-04-13 20:00:00,13.1084,13.4583,12.85,13.2837,1888251.0
2021-04-14 00:00:00,13.2768,14.4918,13.2689,14.2779,2396182.0
2021-04-14 04:00:00,14.2805,15.4756,14.2615,14.6392,2617455.0
2021-04-14 08:00:00,14.6419,15.1356,13.857,15.1078,2122064.0
2021-04-14 12:00:00,15.1079,15.6,13.9764,14.97,3832955.0
2021-04-14 16:00:00,14.9679,16.776,14.9514,16.4001,6533796.0
2021-04-14 20:00:00,16.4093,16.4306,15.2,15.3069,2243112.0
2021-04-15 00:00:00,15.31,15.5104,14.8891,15.4993,1215712.0
2021-04-15 04:00:00,15.4997,16.0104,15.2674,15.4634,1288884.0
2021-04-15 08:00:00,15.4645,15.8444,15.17,15.3393,1325446.0
2021-04-15 12:00:00,15.336,15.6151,14.223,14.5051,1993685.0
2021-04-15 16:00:00,14.5139,14.7167,14.2785,14.63,1722272.0
2021-04-15 20:00:00,14.6313,15.0359,14.5094,14.5761,1265647.0
2021-04-16 00:00:00,14.5904,14.7094,13.6212,13.9715,2315309.0
2021-04-16 04:00:00,13.9823,14.0476,13.4,13.9689,1859645.0
2021-04-16 08:00:00,13.9742,14.1757,12.9518,13.5896,1850352.0
2021-04-16 12:00:00,13.5964,14.0778,13.1331,14.0434,1344495.0
2021-04-16 16:00:00,14.0446,15.4022,13.7959,15.2246,1833260.0
2021-04-16 20:00:00,15.2281,15.333,14.5378,14.5923,1235896.0
2021-04-17 00:00:00,14.5879,15.6411,14.5302,15.2682,1298859.0
2021-04-17 04:00:00,15.2743,15.8568,15.2607,15.6022,1209311.0
2021-04-17 08:00:00,15.6058,15.84,14.7314,14.9919,1389902.0
2021-04-17 12:00:00,14.9908,15.242,14.55,14.6502,1076434.0
2021-04-17 16:00:00,14.6465,15.0085,14.4994,14.7246,863971.0
2021-04-17 20:00:00,14.7264,14.9994,14.1801,14.2013,643043.0
2021-04-18 00:00:00,14.1967,14.3834,10.6454,13.1361,2944845.0
2021-04-18 04:00:00,13.1031,14.9121,12.6866,14.8206,2211002.0
2021-04-18 08:00:00,14.8217,14.96,13.285,13.379,2853346.0
2021-04-18 12:00:00,13.3791,14.5189,13.358,14.4468,1938390.0
2021-04-18 16:00:00,14.442,15.18,14.141,15.0211,1962178.0
2021-04-18 20:00:00,15.0157,16.7,14.8377,16.6247,3059738.0
2021-04-19 00:00:00,16.6247,16.9446,16.0045,16.2544,1980653.0
2021-04-19 04:00:00,16.2545,16.4938,15.4759,16.2885,1465322.0
2021-04-19 08:00:00,16.2868,16.3732,15.2,15.8779,1488064.0
2021-04-19 12:00:00,15.8748,15.9618,13.6851,14.0193,2718284.0
2021-04-19 16:00:00,14.0277,14.8146,13.6937,14.6674,2330063.0
2021-04-19 20:00:00,14.6765,15.0584,14.01,14.0246,1282129.0
2021-04-20 00:00:00,14.0201,14.117,12.5225,13.237,2803756.0
2021-04-20 04:00:00,13.2272,13.8211,12.4481,12.7616,1870468.0
2021-04-20 08:00:00,12.758,14.0051,12.7189,13.987,1716582.0
2021-04-20 12:00:00,13.9843,14.25,13.3394,13.7278,1385704.0
2021-04-20 16:00:00,13.719,14.803,13.497,14.7365,1496283.0
2021-04-20 20:00:00,14.7327,14.9879,14.2383,14.7807,1091826.0
2021-04-21 00:00:00,14.774,14.8845,14.1102,14.1492,832721.0
2021-04-21 04:00:00,14.1487,14.4463,13.9501,14.1544,928299.0
2021-04-21 08:00:00,14.1485,14.3717,13.3135,13.493,1471119.0
2021-04-21 12:00:00,13.4829,14.1147,13.2953,14.0186,1198262.0
2021-04-21 16:00:00,14.0186,14.2137,13.5293,13.7997,1102682.0
2021-04-21 20:00:00,13.7997,13.819,12.8966,13.0786,1160692.0
2021-04-22 00:00:00,13.0752,13.4705,12.7001,12.888,1601536.0
2021-04-22 04:00:00,12.8875,13.8396,12.8633,13.6179,1244535.0
2021-04-22 08:00:00,13.6168,14.0603,12.9655,14.0081,1386994.0
2021-04-22 12:00:00,14.0057,14.7543,13.8352,14.5201,1374650.0
2021-04-22 16:00:00,14.5183,15.0645,13.9101,14.6,2300562.0
2021-04-22 20:00:00,14.5873,14.5957,12.86,13.9766,2681872.0
2021-04-23 00:00:00,13.9738,14.8258,11.882,13.1209,2962402.0
2021-04-23 04:00:00,13.1183,13.1373,11.6702,11.7744,2379382.0
2021-04-23 08:00:00,11.7732,13.1759,11.55,12.9387,2066459.0
2021-04-23 12:00:00,12.9322,12.9783,11.9573,12.7713,1921950.0
2021-04-23 16:00:00,12.7736,13.2173,12.4846,13.0025,1355974.0
2021-04-23 20:00:00,12.9976,13.2345,12.5508,13.094,1057297.0
2021-04-24 00:00:00,13.0818,13.1004,12.1947,12.6975,1185017.0
2021-04-24 04:00:00,12.6907,13.1389,12.5376,12.6468,1065824.0
2021-04-24 08:00:00,12.6446,12.8509,11.3861,11.6166,1514983.0
2021-04-24 12:00:00,11.6063,11.8583,11.1316,11.6331,1799469.0
2021-04-24 16:00:00,11.6299,11.7401,11.2886,11.6254,1181273.0
2021-04-24 20:00:00,11.6272,11.8576,11.2379,11.3298,1208839.0
2021-04-25 00:00:00,11.3154,11.4979,10.8203,10.8811,1297781.0
2021-04-25 04:00:00,10.8783,10.9996,10.6708,10.9294,658134.0
2021-04-25 08:00:00,10.9219,11.5,10.8402,11.462,1247165.0
2021-04-25 12:00:00,11.4647,12.6228,11.3905,12.2946,1647649.0
2021-04-25 16:00:00,12.2937,12.5319,11.4158,11.4521,1519913.0
2021-04-25 20:00:00,11.4476,11.609,10.6968,11.5181,1700671.0
2021-04-26 00:00:00,11.5204,12.8026,11.3259,12.2809,2179314.0
2021-04-26 04:00:00,12.2886,12.9175,12.1132,12.903,1512036.0
2021-04-26 08:00:00,12.9001,13.8273,12.456,13.7888,1578044.0
2021-04-26 12:00:00,13.7949,13.8338,13.233,13.7541,1353955.0
2021-04-26 16:00:00,13.7548,14.0,13.3155,13.82,1141399.0
2021-04-26 20:00:00,13.8255,13.8765,12.9501,13.852,1284768.0
2021-04-27 00:00:00,13.8661,14.2245,13.5596,13.7353,1033327.0
2021-04-27 04:00:00,13.7211,14.7511,13.5138,14.5059,1324600.0
2021-04-27 08:00:00,14.5105,15.1156,14.38,14.5812,1398285.0
2021-04-27 12:00:00,14.5869,14.7145,13.6039,14.705,1853077.0
2021-04-27 16:00:00,14.7057,14.9836,14.3787,14.6691,1487587.0
2021-04-27 20:00:00,14.6736,14.9045,14.4306,14.7416,908820.0
2021-04-28 00:00:00,14.7359,15.4419,14.6754,14.7232,1123723.0
2021-04-28 04:00:00,14.7267,14.998,13.8597,14.2284,1241202.0
2021-04-28 08:00:00,14.2214,14.8302,14.1511,14.5002,1049359.0
2021-04-28 12:00:00,14.5048,14.8156,13.755,14.0388,1391274.0
2021-04-28 16:00:00,14.0308,14.4218,13.896,14.3583,748710.0
2021-04-28 20:00:00,14.36,14.4899,13.891,14.1695,889945.0
2021-04-29 00:00:00,14.1683,14.2183,13.8001,13.91,584291.0
2021-04-29 04:00:00,13.9009,13.9787,13.5052,13.8543,725791.0
2021-04-29 08:00:00,13.8606,14.5412,13.59,14.4239,1130495.0
2021-04-29 12:00:00,14.4257,14.7928,14.109,14.1973,1106717.0
2021-04-29 16:00:00,14.1908,14.2228,13.4023,13.8725,1197763.0
2021-04-29 20:00:00,13.8835,14.247,13.5562,14.2035,607898.0
2021-04-30 00:00:00,14.2078,14.6413,13.8473,14.531,858611.0
2021-04-30 04:00:00,14.5271,15.458,14.4748,15.3028,1299328.0
2021-04-30 08:00:00,15.3026,15.5514,14.7972,15.0544,1163414.0
2021-04-30 12:00:00,15.0478,15.6329,15.0198,15.4505,1136772.0
2021-04-30 16:00:00,15.4579,16.2,15.4579,15.8372,1167256.0
2021-04-30 20:00:00,15.8402,15.8415,15.3307,15.4014,550175.0
2021-05-01 00:00:00,15.4016,15.9427,15.224,15.6392,587032.0
2021-05-01 04:00:00,15.6484,15.7209,15.2455,15.299,511810.0
2021-05-01 08:00:00,15.3058,15.5296,14.916,15.3574,682876.0
2021-05-01 12:00:00,15.3586,15.5068,14.8692,14.9526,591340.0
2021-05-01 16:00:00,14.9504,15.303,14.8674,15.2306,960962.0
2021-05-01 20:00:00,15.2305,15.5762,15.1744,15.4961,660469.0
2021-05-02 00:00:00,15.4973,15.505,14.5,14.5474,871127.0
2021-05-02 04:00:00,14.5379,14.8978,14.2425,14.6784,814260.0
2021-05-02 08:00:00,14.6814,15.0668,14.4334,15.0068,598537.0
2021-05-02 12:00:00,15.0167,15.1672,14.7768,14.8296,444780.0
2021-05-02 16:00:00,14.8379,14.9667,14.6688,14.8905,440443.0
2021-05-02 20:00:00,14.8963,14.9308,14.3747,14.5587,455066.0
2021-05-03 00:00:00,14.5614,15.134,14.541,15.053,932974.0
2021-05-03 04:00:00,15.053,15.4915,14.9822,15.3855,819181.0
2021-05-03 08:00:00,15.3887,15.6593,15.0837,15.6304,876582.0
2021-05-03 12:00:00,15.6297,16.5031,15.216,16.4465,1434519.0
2021-05-03 16:00:00,16.4643,17.25,16.1087,17.2227,1788269.0
2021-05-03 20:00:00,17.226,17.8484,16.4543,17.7823,2711107.0
2021-05-04 00:00:00,17.7828,18.0519,16.25,16.7278,2656243.0
2021-05-04 04:00:00,16.7215,18.8,16.525,18.0861,3386658.0
2021-05-04 08:00:00,18.088,18.8544,17.718,18.6466,2440673.0
2021-05-04 12:00:00,18.6466,18.6497,16.5,16.5824,2731510.0
2021-05-04 16:00:00,16.5932,17.7143,16.2357,17.6272,1763343.0
2021-05-04 20:00:00,17.6293,17.7476,16.5959,16.8162,1101454.0
2021-05-05 00:00:00,16.7976,18.117,16.6247,18.0715,936854.0
2021-05-05 04:00:00,18.0675,18.2767,17.0407,18.0947,925114.0
2021-05-05 08:00:00,18.0979,18.9351,17.9259,18.6547,1306628.0
2021-05-05 12:00:00,18.6531,19.14,18.3525,18.4555,1380014.0
2021-05-05 16:00:00,18.4611,18.832,18.0394,18.2249,869727.0
2021-05-05 20:00:00,18.2235,18.4997,17.8,18.3305,680020.0
2021-05-06 00:00:00,18.3382,18.4045,17.766,17.9445,931275.0
2021-05-06 04:00:00,17.9378,18.49,17.5591,17.9651,779555.0
2021-05-06 08:00:00,17.9602,18.3814,17.9278,18.1619,669610.0
2021-05-06 12:00:00,18.1628,18.3,17.65,17.8422,712226.0
2021-05-06 16:00:00,17.8403,17.9391,16.785,17.3713,1103965.0
2021-05-06 20:00:00,17.3655,17.6605,17.01,17.4929,483676.0
2021-05-07 00:00:00,17.4927,17.76,16.8722,16.9903,625860.0
2021-05-07 04:00:00,16.9846,17.3623,16.6095,17.1374,561770.0
2021-05-07 08:00:00,17.1342,17.5471,16.9733,17.3313,433430.0
2021-05-07 12:00:00,17.3276,18.13,17.2406,17.9995,675093.0
2021-05-07 16:00:00,18.0057,18.9623,17.8492,18.3753,1539833.0
2021-05-07 20:00:00,18.3705,18.5224,17.5583,18.0068,734259.0
2021-05-08 00:00:00,18.003,18.4712,17.7586,18.2642,531881.0
2021-05-08 04:00:00,18.2647,18.4818,17.9154,18.1652,447850.0
2021-05-08 08:00:00,18.1668,18.5044,17.9694,18.0211,511467.0
2021-05-08 12:00:00,18.0309,18.336,17.753,17.8416,657604.0
2021-05-08 16:00:00,17.8186,18.4999,17.7743,18.454,605635.0
2021-05-08 20:00:00,18.4555,19.3674,18.4271,19.3226,1151249.0
2021-05-09 00:00:00,19.3169,19.3244,18.5421,18.5683,771325.0
2021-05-09 04:00:00,18.5754,18.6186,18.0568,18.2188,761763.0
2021-05-09 08:00:00,18.2192,18.8362,18.146,18.1615,664703.0
2021-05-09 12:00:00,18.1547,18.2076,17.5,17.9277,895705.0
2021-05-09 16:00:00,17.9267,18.1026,17.576,17.7083,638503.0
2021-05-09 20:00:00,17.7036,18.2998,17.6465,17.9219,566129.0
2021-05-10 00:00:00,17.9245,18.4489,17.8726,18.367,593602.0
2021-05-10 04:00:00,18.3622,18.4991,18.0205,18.0274,488848.0
2021-05-10 08:00:00,18.0253,18.0648,17.127,17.4483,1094330.0
2021-05-10 12:00:00,17.4471,17.7552,17.01,17.4554,799864.0
2021-05-10 16:00:00,17.4477,17.5102,16.5,16.563,817397.0
2021-05-10 20:00:00,16.5584,16.9521,15.4768,16.5381,1558247.0
2021-05-11 00:00:00,16.5317,17.3787,15.834,16.054,1084453.0
2021-05-11 04:00:00,16.05,17.136,15.929,17.135,648427.0
2021-05-11 08:00:00,17.13,17.783,16.714,17.516,661388.0
2021-05-11 12:00:00,17.517,17.604,16.657,16.928,729348.0
2021-05-11 16:00:00,16.94,17.099,16.025,17.041,1151943.0
2021-05-11 20:00:00,17.03,18.25,16.85,18.006,1288554.0
2021-05-12 00:00:00,18.006,18.619,17.8,18.486,860171.0
2021-05-12 04:00:00,18.488,19.45,18.162,18.921,959914.0
2021-05-12 08:00:00,18.915,19.808,18.731,18.947,1071377.0
2021-05-12 12:00:00,18.947,19.659,18.544,18.706,1339246.0
2021-05-12 16:00:00,18.698,19.117,17.655,18.598,1554240.0
2021-05-12 20:00:00,18.595,19.299,16.758,17.412,1865900.0
2021-05-13 00:00:00,17.444,18.521,16.069,17.589,1704630.0
2021-05-13 04:00:00,17.582,18.354,17.398,18.271,709949.0
2021-05-13 08:00:00,18.27,18.375,16.263,16.938,1228864.0
2021-05-13 12:00:00,16.946,18.37,16.808,17.472,837851.0
2021-05-13 16:00:00,17.463,18.122,16.3,16.755,1319141.0
2021-05-13 20:00:00,16.778,17.498,16.706,17.329,447376.0
2021-05-14 00:00:00,17.335,17.885,17.172,17.426,326152.0
2021-05-14 04:00:00,17.459,18.216,17.253,18.211,428573.0
2021-05-14 08:00:00,18.207,18.986,17.958,18.77,510034.0
2021-05-14 12:00:00,18.765,19.319,18.681,19.016,773482.0
2021-05-14 16:00:00,19.026,19.187,17.921,18.339,926364.0
2021-05-14 20:00:00,18.35,18.869,17.95,18.727,383301.0
2021-05-15 00:00:00,18.712,19.331,18.544,19.05,356457.0
2021-05-15 04:00:00,19.049,19.16,18.191,18.224,529965.0
2021-05-15 08:00:00,18.223,18.756,17.85,18.321,631049.0
2021-05-15 12:00:00,18.327,19.307,18.142,19.108,946666.0
2021-05-15 16:00:00,19.119,19.149,17.477,17.983,721882.0
2021-05-15 20:00:00,17.975,18.575,17.52,17.583,473563.0
2021-05-16 00:00:00,17.594,18.226,17.438,17.968,324999.0
2021-05-16 04:00:00,17.978,18.349,17.679,18.349,299142.0
2021-05-16 08:00:00,18.349,20.3,18.001,20.263,1501730.0
2021-05-16 12:00:00,20.284,20.953,19.43,19.504,1921737.0
2021-05-16 16:00:00,19.52,19.927,18.21,18.572,1502378.0
2021-05-16 20:00:00,18.574,19.519,17.765,19.474,1199071.0
2021-05-17 00:00:00,19.465,19.5,17.399,17.443,918444.0
2021-05-17 04:00:00,17.441,19.358,16.781,19.223,1684550.0
2021-05-17 08:00:00,19.213,19.501,18.559,18.941,985547.0
2021-05-17 12:00:00,18.957,20.068,17.895,18.094,1346795.0
2021-05-17 16:00:00,18.098,19.038,17.5,18.992,1152108.0
2021-05-17 20:00:00,18.987,19.344,17.849,18.416,692409.0
2021-05-18 00:00:00,18.419,19.225,18.408,18.945,642076.0
2021-05-18 04:00:00,18.957,20.358,18.945,20.242,902104.0
2021-05-18 08:00:00,20.242,20.581,19.692,20.369,739885.0
2021-05-18 12:00:00,20.371,20.412,18.865,19.375,1214036.0
2021-05-18 16:00:00,19.369,20.77,19.176,20.481,1319442.0
2021-05-18 20:00:00,20.464,20.683,19.723,20.316,694459.0
2021-05-19 00:00:00,20.337,21.34,18.882,18.933,1504255.0
2021-05-19 04:00:00,18.949,19.122,16.606,17.671,2350053.0
2021-05-19 08:00:00,17.66,17.77,13.53,15.546,2874477.0
2021-05-19 12:00:00,15.547,15.737,6.315,14.307,5825304.0
2021-05-19 16:00:00,14.288,15.515,13.367,13.673,13602404.0
2021-05-19 20:00:00,13.673,14.151,11.509,11.537,11999466.0
2021-05-20 00:00:00,11.536,12.389,10.335,12.321,12958506.0
2021-05-20 04:00:00,12.308,14.223,12.24,13.86,5689671.0
2021-05-20 08:00:00,13.85,14.015,12.886,13.912,1282619.0
2021-05-20 12:00:00,13.91,14.973,13.874,14.488,1864460.0
2021-05-20 16:00:00,14.489,14.556,13.1,13.916,1511425.0
2021-05-20 20:00:00,13.916,14.366,13.401,13.607,1049915.0
2021-05-21 00:00:00,13.584,14.382,13.304,13.429,900509.0
2021-05-21 04:00:00,13.433,13.58,12.626,12.684,1037583.0
2021-05-21 08:00:00,12.689,12.91,12.057,12.372,925968.0
2021-05-21 12:00:00,12.374,12.615,10.713,10.835,2085803.0
2021-05-21 16:00:00,10.861,11.471,9.692,9.933,2854290.0
2021-05-21 20:00:00,9.935,10.422,8.029,10.356,5089417.0
2021-05-22 00:00:00,10.355,10.709,9.585,9.798,1824590.0
2021-05-22 04:00:00,9.796,9.886,8.332,8.489,2735432.0
2021-05-22 08:00:00,8.479,9.969,8.382,9.843,3175702.0
2021-05-22 12:00:00,9.845,10.891,9.637,10.141,3041983.0
2021-05-22 16:00:00,10.141,10.581,9.095,9.137,2448500.0
2021-05-22 20:00:00,9.131,9.929,9.129,9.385,1271078.0
2021-05-23 00:00:00,9.387,9.76,9.174,9.476,929732.0
2021-05-23 04:00:00,9.475,9.475,8.192,8.255,2037362.0
2021-05-23 08:00:00,8.264,8.266,6.901,7.443,3775195.0
2021-05-23 12:00:00,7.434,7.504,6.255,6.838,5111258.0
2021-05-23 16:00:00,6.838,7.228,5.965,6.564,4837464.0
2021-05-23 20:00:00,6.568,8.3,6.562,7.773,3476027.0
2021-05-24 00:00:00,7.773,8.462,7.649,8.328,2187370.0
2021-05-24 04:00:00,8.324,10.174,8.226,10.089,3715141.0
2021-05-24 08:00:00,10.086,10.338,9.163,9.952,3370650.0
2021-05-24 12:00:00,9.946,10.402,9.272,9.927,2915470.0
2021-05-24 16:00:00,9.931,10.69,9.078,10.474,2759275.0
2021-05-24 20:00:00,10.46,10.6,9.45,10.151,2306075.0
2021-05-25 00:00:00,10.157,11.319,10.058,10.645,2911905.0
2021-05-25 04:00:00,10.648,11.807,10.253,11.303,2245969.0
2021-05-25 08:00:00,11.296,11.404,9.441,9.891,3756727.0
2021-05-25 12:00:00,9.883,11.29,9.571,11.09,3700237.0
2021-05-25 16:00:00,11.1,11.774,10.637,10.884,2767022.0
2021-05-25 20:00:00,10.884,12.676,10.865,12.607,2181883.0
2021-05-26 00:00:00,12.617,13.415,12.39,13.399,2335028.0
2021-05-26 04:00:00,13.411,14.031,12.894,13.271,1903337.0
2021-05-26 08:00:00,13.266,13.458,12.75,13.188,1595239.0
2021-05-26 12:00:00,13.194,13.75,12.17,12.453,1990978.0
2021-05-26 16:00:00,12.466,12.69,11.844,12.215,1422832.0
2021-05-26 20:00:00,12.215,12.972,12.084,12.723,772535.0
2021-05-27 00:00:00,12.719,12.983,11.631,12.027,1215197.0
2021-05-27 04:00:00,12.043,12.632,11.914,12.469,775408.0
2021-05-27 08:00:00,12.475,13.632,12.167,13.496,1166782.0
2021-05-27 12:00:00,13.489,14.888,13.341,14.239,2871714.0
2021-05-27 16:00:00,14.232,14.542,13.614,13.774,1907576.0
2021-05-27 20:00:00,13.764,14.423,13.138,14.107,1514542.0
2021-05-28 00:00:00,14.1,14.594,13.674,14.005,1399949.0
2021-05-28 04:00:00,14.001,14.001,11.865,12.448,2083267.0
2021-05-28 08:00:00,12.444,12.528,10.6,10.83,2939158.0
2021-05-28 12:00:00,10.828,12.454,10.72,11.944,2316869.0
2021-05-28 16:00:00,11.944,11.946,11.114,11.296,1683667.0
2021-05-28 20:00:00,11.297,11.641,10.412,10.79,2038594.0
2021-05-29 00:00:00,10.793,11.638,10.786,11.348,1414860.0
2021-05-29 04:00:00,11.358,11.989,10.941,11.257,1444532.0
2021-05-29 08:00:00,11.256,11.394,10.525,11.045,1577603.0
2021-05-29 12:00:00,11.034,11.041,9.53,9.875,2951359.0
2021-05-29 16:00:00,9.881,10.616,9.27,9.573,2879354.0
2021-05-29 20:00:00,9.577,10.351,9.272,9.976,1584796.0
2021-05-30 00:00:00,9.978,10.229,9.25,10.154,1682092.0
2021-05-30 04:00:00,10.152,11.649,10.044,11.616,1817081.0
2021-05-30 08:00:00,11.609,11.859,11.09,11.848,2011164.0
2021-05-30 12:00:00,11.847,11.914,10.57,10.798,1945358.0
2021-05-30 16:00:00,10.802,11.568,10.612,11.236,1250684.0
2021-05-30 20:00:00,11.235,11.48,10.845,11.014,966557.0
2021-05-31 00:00:00,11.016,11.37,10.2,10.297,1208714.0
2021-05-31 04:00:00,10.302,11.336,10.23,11.248,1128411.0
2021-05-31 08:00:00,11.257,12.25,11.013,11.881,1525656.0
2021-05-31 12:00:00,11.881,12.294,11.451,12.016,1403740.0
2021-05-31 16:00:00,12.009,12.375,11.85,12.263,896376.0
2021-05-31 20:00:00,12.262,12.757,11.99,12.608,819305.0
2021-06-01 00:00:00,12.598,12.889,12.051,12.169,894948.0
2021-06-01 04:00:00,12.168,12.871,12.055,12.237,933764.0
2021-06-01 08:00:00,12.24,12.37,11.519,12.175,1415658.0
2021-06-01 12:00:00,12.173,12.207,11.474,11.615,1424778.0
2021-06-01 16:00:00,11.614,11.76,11.125,11.238,1202326.0
2021-06-01 20:00:00,11.255,11.62,11.17,11.529,891800.0
2021-06-02 00:00:00,11.529,11.655,11.175,11.603,823329.0
2021-06-02 04:00:00,11.601,11.91,11.438,11.798,832294.0
2021-06-02 08:00:00,11.797,12.198,11.658,11.916,1140954.0
2021-06-02 12:00:00,11.915,12.686,11.897,12.452,1378902.0
2021-06-02 16:00:00,12.452,12.64,12.142,12.631,880045.0
2021-06-02 20:00:00,12.624,12.63,12.011,12.355,671395.0
2021-06-03 00:00:00,12.352,12.574,12.06,12.554,867960.0
2021-06-03 04:00:00,12.551,13.451,12.495,13.205,1197952.0
2021-06-03 08:00:00,13.205,13.699,12.957,13.015,1105170.0
2021-06-03 12:00:00,13.016,13.6,12.91,13.085,1151304.0
2021-06-03 16:00:00,13.09,13.4,12.785,12.879,760115.0
2021-06-03 20:00:00,12.874,13.52,12.865,13.265,680220.0
2021-06-04 00:00:00,13.265,13.318,12.115,12.474,1428439.0
2021-06-04 04:00:00,12.471,12.521,10.752,11.235,2494936.0
2021-06-04 08:00:00,11.244,11.572,11.0,11.226,1434992.0
2021-06-04 12:00:00,11.226,11.582,10.714,11.51,1836148.0
2021-06-04 16:00:00,11.507,11.688,11.158,11.415,1300003.0
2021-06-04 20:00:00,11.409,11.739,11.214,11.52,747788.0
2021-06-05 00:00:00,11.522,12.072,11.344,11.857,1093643.0
2021-06-05 04:00:00,11.854,12.254,11.764,12.038,670021.0
2021-06-05 08:00:00,12.042,12.267,11.054,11.173,1446061.0
2021-06-05 12:00:00,11.173,11.325,10.834,11.208,1248355.0
2021-06-05 16:00:00,11.209,11.209,10.627,10.67,935297.0
2021-06-05 20:00:00,10.674,10.87,10.291,10.605,1476249.0
2021-06-06 00:00:00,10.6,11.118,10.518,10.914,1056317.0
2021-06-06 04:00:00,10.917,11.182,10.776,11.078,661147.0
2021-06-06 08:00:00,11.084,11.146,10.761,10.856,617110.0
2021-06-06 12:00:00,10.86,11.002,10.366,10.637,1166796.0
2021-06-06 16:00:00,10.641,10.85,10.48,10.588,811878.0
2021-06-06 20:00:00,10.589,10.903,10.524,10.803,593489.0
2021-06-07 00:00:00,10.814,11.259,10.64,11.093,777497.0
2021-06-07 04:00:00,11.089,11.216,10.72,10.918,793628.0
2021-06-07 08:00:00,10.92,11.109,10.741,10.91,858107.0
2021-06-07 12:00:00,10.912,11.153,10.723,10.848,794905.0
2021-06-07 16:00:00,10.848,10.884,10.215,10.367,1170762.0
2021-06-07 20:00:00,10.37,10.416,8.955,9.102,2590659.0
2021-06-08 00:00:00,9.106,9.458,8.5,8.94,2776035.0
2021-06-08 04:00:00,8.943,9.127,8.55,8.964,2894605.0
2021-06-08 08:00:00,8.966,9.227,8.656,9.008,2003447.0
2021-06-08 12:00:00,9.007,9.051,7.857,8.481,3892884.0
2021-06-08 16:00:00,8.476,9.145,8.332,8.94,2775994.0
2021-06-08 20:00:00,8.943,9.43,8.808,9.082,1313777.0
2021-06-09 00:00:00,9.083,9.162,8.316,8.514,1837848.0
2021-06-09 04:00:00,8.515,9.12,8.228,8.924,1574020.0
2021-06-09 08:00:00,8.921,9.377,8.653,9.29,1728840.0
2021-06-09 12:00:00,9.289,9.95,9.099,9.95,3105327.0
2021-06-09 16:00:00,9.951,10.194,9.551,9.657,2186164.0
2021-06-09 20:00:00,9.664,10.007,9.607,9.735,1211939.0
2021-06-10 00:00:00,9.735,10.0,9.414,9.784,1212292.0
2021-06-10 04:00:00,9.785,9.977,9.447,9.67,1240958.0
2021-06-10 08:00:00,9.669,9.773,9.196,9.5,1473090.0
2021-06-10 12:00:00,9.499,9.532,8.901,9.029,1593273.0
2021-06-10 16:00:00,9.027,9.093,8.452,8.595,2094421.0
2021-06-10 20:00:00,8.596,8.702,8.327,8.47,1292712.0
2021-06-11 00:00:00,8.471,8.633,8.177,8.55,1093946.0
2021-06-11 04:00:00,8.553,8.608,8.26,8.483,1001297.0
2021-06-11 08:00:00,8.485,8.707,8.388,8.604,1192312.0
2021-06-11 12:00:00,8.605,8.691,7.861,7.931,1506440.0
2021-06-11 16:00:00,7.923,7.951,7.254,7.283,3710733.0
2021-06-11 20:00:00,7.28,7.487,7.04,7.26,2282246.0
2021-06-12 00:00:00,7.26,7.27,6.604,6.795,3326020.0
2021-06-12 04:00:00,6.795,7.53,6.59,7.418,2832952.0
2021-06-12 08:00:00,7.418,7.56,6.876,7.362,3053390.0
2021-06-12 12:00:00,7.366,7.881,7.266,7.495,2286849.0
2021-06-12 16:00:00,7.497,7.552,7.2,7.215,1716239.0
2021-06-12 20:00:00,7.216,7.29,6.988,7.07,1109864.0
2021-06-13 00:00:00,7.072,7.448,6.93,7.175,1923454.0
2021-06-13 04:00:00,7.176,7.186,6.983,7.014,1336821.0
2021-06-13 08:00:00,7.012,7.195,6.881,7.035,1308055.0
2021-06-13 12:00:00,7.03,7.251,6.96,7.134,1383461.0
2021-06-13 16:00:00,7.13,8.127,7.04,7.792,3507884.0
2021-06-13 20:00:00,7.794,8.48,7.779,8.327,3731996.0
2021-06-14 00:00:00,8.33,8.4,7.9,7.972,1789401.0
2021-06-14 04:00:00,7.977,8.405,7.918,8.359,1560869.0
2021-06-14 08:00:00,8.359,8.512,8.059,8.413,1952845.0
2021-06-14 12:00:00,8.413,9.121,8.323,9.014,4846945.0
2021-06-14 16:00:00,9.017,9.1,8.526,8.725,3389232.0
2021-06-14 20:00:00,8.725,9.116,8.597,8.867,1755568.0
2021-06-15 00:00:00,8.867,9.469,8.764,9.164,2016720.0
2021-06-15 04:00:00,9.164,9.827,9.156,9.651,2348190.0
2021-06-15 08:00:00,9.652,9.747,9.218,9.388,2535440.0
2021-06-15 12:00:00,9.383,10.247,9.335,10.096,5344935.0
2021-06-15 16:00:00,10.087,10.5,9.823,9.845,3984650.0
2021-06-15 20:00:00,9.846,10.141,9.7,9.827,2799794.0
2021-06-16 00:00:00,9.828,9.843,9.466,9.671,1942336.0
2021-06-16 04:00:00,9.671,10.281,9.636,10.049,1932474.0
2021-06-16 08:00:00,10.046,10.187,9.055,9.193,2949306.0
2021-06-16 12:00:00,9.192,9.325,8.9,9.042,3022923.0
2021-06-16 16:00:00,9.04,9.458,8.948,9.292,3212454.0
2021-06-16 20:00:00,9.292,9.464,9.101,9.326,1492869.0
2021-06-17 00:00:00,9.33,9.835,9.26,9.691,1622910.0
2021-06-17 04:00:00,9.694,9.912,9.465,9.808,1319126.0
2021-06-17 08:00:00,9.809,10.008,9.636,9.776,1544772.0
2021-06-17 12:00:00,9.775,9.795,9.283,9.569,2053369.0
2021-06-17 16:00:00,9.57,9.622,8.598,8.62,3505969.0
2021-06-17 20:00:00,8.614,8.836,8.504,8.737,1743520.0
2021-06-18 00:00:00,8.736,8.899,8.473,8.826,1639362.0
2021-06-18 04:00:00,8.827,8.947,8.579,8.695,1513708.0
2021-06-18 08:00:00,8.694,8.882,8.434,8.604,2019532.0
2021-06-18 12:00:00,8.605,8.64,7.6,7.636,4663688.0
2021-06-18 16:00:00,7.639,8.015,7.315,7.507,5059590.0
2021-06-18 20:00:00,7.505,8.158,7.477,8.146,2903679.0
2021-06-19 00:00:00,8.146,8.308,7.714,7.771,2011433.0
2021-06-19 04:00:00,7.77,8.057,7.665,7.951,1885907.0
2021-06-19 08:00:00,7.948,8.063,7.823,7.991,1469585.0
2021-06-19 12:00:00,7.994,8.206,7.395,7.413,3344026.0
2021-06-19 16:00:00,7.415,7.462,7.188,7.42,3128472.0
2021-06-19 20:00:00,7.417,7.54,7.2,7.289,2478849.0
2021-06-20 00:00:00,7.29,7.597,7.232,7.492,1734860.0
2021-06-20 04:00:00,7.496,7.7,7.461,7.64,1378113.0
2021-06-20 08:00:00,7.641,7.67,6.907,6.911,3234920.0
2021-06-20 12:00:00,6.914,7.747,6.896,7.613,5219623.0
2021-06-20 16:00:00,7.616,8.053,7.433,7.971,4638298.0
2021-06-20 20:00:00,7.977,8.35,7.865,8.333,3962449.0
2021-06-21 00:00:00,8.333,8.43,7.44,7.516,6018929.0
2021-06-21 04:00:00,7.513,7.552,6.823,7.121,7615313.0
2021-06-21 08:00:00,7.12,7.223,6.301,6.745,7935544.0
2021-06-21 12:00:00,6.747,7.166,6.461,6.879,7079024.0
2021-06-21 16:00:00,6.877,6.988,6.503,6.638,4400512.0
2021-06-21 20:00:00,6.639,6.719,5.939,5.965,4958212.0
2021-06-22 00:00:00,5.966,6.615,5.66,6.555,4990504.0
2021-06-22 04:00:00,6.554,6.581,5.913,5.974,3392312.0
2021-06-22 08:00:00,5.975,5.986,4.92,4.932,9924837.0
2021-06-22 12:00:00,4.928,5.835,4.47,5.578,21433901.0
2021-06-22 16:00:00,5.582,5.873,5.35,5.36,9085552.0
2021-06-22 20:00:00,5.362,5.537,5.133,5.313,5963711.0
2021-06-23 00:00:00,5.313,6.433,5.014,6.148,8727246.0
2021-06-23 04:00:00,6.146,6.391,6.063,6.252,4796171.0
2021-06-23 08:00:00,6.25,6.459,6.073,6.124,5087880.0
2021-06-23 12:00:00,6.125,6.677,5.682,5.805,7890227.0
2021-06-23 16:00:00,5.807,5.99,5.279,5.291,6370470.0
2021-06-23 20:00:00,5.292,5.64,5.276,5.594,4261090.0
2021-06-24 00:00:00,5.594,5.68,5.237,5.414,4424322.0
2021-06-24 04:00:00,5.413,5.837,5.374,5.71,4091368.0
2021-06-24 08:00:00,5.711,5.955,5.637,5.939,3385845.0
2021-06-24 12:00:00,5.939,6.349,5.912,6.162,4591684.0
2021-06-24 16:00:00,6.161,6.648,6.071,6.608,5319626.0
2021-06-24 20:00:00,6.612,6.656,6.296,6.373,4236064.0
2021-06-25 00:00:00,6.378,6.865,6.34,6.732,5565926.0
2021-06-25 04:00:00,6.73,6.749,6.3,6.392,4428091.0
2021-06-25 08:00:00,6.392,6.499,5.874,5.885,4856592.0
2021-06-25 12:00:00,5.883,6.041,5.617,5.729,6557524.0
2021-06-25 16:00:00,5.729,5.818,5.281,5.579,8673107.0
2021-06-25 20:00:00,5.577,5.655,5.304,5.404,5412093.0
2021-06-26 00:00:00,5.4,5.68,5.331,5.448,4671940.0
2021-06-26 04:00:00,5.452,5.641,5.108,5.17,4752257.0
2021-06-26 08:00:00,5.169,5.475,5.01,5.448,7156708.0
2021-06-26 12:00:00,5.451,5.533,5.087,5.296,6480391.0
2021-06-26 16:00:00,5.296,5.396,5.112,5.262,4073912.0
2021-06-26 20:00:00,5.265,5.427,5.009,5.409,3093406.0
2021-06-27 00:00:00,5.407,5.926,5.318,5.811,4922737.0
2021-06-27 04:00:00,5.812,5.876,5.541,5.74,3252668.0
2021-06-27 08:00:00,5.739,5.742,5.315,5.51,4120381.0
2021-06-27 12:00:00,5.51,5.632,5.362,5.449,3457147.0
2021-06-27 16:00:00,5.451,5.493,5.261,5.347,2508575.0
2021-06-27 20:00:00,5.347,6.103,5.28,6.091,4398800.0
2021-06-28 00:00:00,6.091,6.18,5.944,6.038,3366947.0
2021-06-28 04:00:00,6.039,6.516,5.982,6.483,3366548.0
2021-06-28 08:00:00,6.481,6.7,6.072,6.122,6857555.0
2021-06-28 12:00:00,6.122,6.729,6.041,6.702,4626279.0
2021-06-28 16:00:00,6.702,6.725,6.31,6.503,4169386.0
2021-06-28 20:00:00,6.504,6.507,6.162,6.319,3461453.0
2021-06-29 00:00:00,6.32,6.709,6.27,6.403,3322734.0
2021-06-29 04:00:00,6.401,6.661,6.387,6.451,3050757.0
2021-06-29 08:00:00,6.454,6.941,6.4,6.825,3474022.0
2021-06-29 12:00:00,6.821,7.156,6.727,7.001,4530342.0
2021-06-29 16:00:00,7.004,7.038,6.753,6.885,3374539.0
2021-06-29 20:00:00,6.884,6.969,6.551,6.625,2637137.0
2021-06-30 00:00:00,6.624,6.734,6.351,6.379,2386925.0
2021-06-30 04:00:00,6.386,6.813,6.309,6.808,3447907.0
2021-06-30 08:00:00,6.811,6.871,6.471,6.693,3347868.0
2021-06-30 12:00:00,6.695,6.793,6.131,6.26,3929918.0
2021-06-30 16:00:00,6.26,6.69,6.185,6.666,2478025.0
2021-06-30 20:00:00,6.666,6.814,6.54,6.766,2412461.0
2021-07-01 00:00:00,6.767,6.774,6.267,6.267,2033589.0
2021-07-01 04:00:00,6.265,6.436,6.097,6.106,2480651.0
2021-07-01 08:00:00,6.106,6.412,6.082,6.395,2409539.0
2021-07-01 12:00:00,6.395,6.44,6.156,6.226,2133579.0
2021-07-01 16:00:00,6.227,6.341,6.056,6.175,2773355.0
2021-07-01 20:00:00,6.174,6.287,6.136,6.152,1551319.0
2021-07-02 00:00:00,6.151,6.352,5.905,5.939,2115952.0
2021-07-02 04:00:00,5.936,6.028,5.8,5.973,2703854.0
2021-07-02 08:00:00,5.975,6.065,5.614,5.673,3386611.0
2021-07-02 12:00:00,5.675,5.868,5.574,5.816,2815098.0
2021-07-02 16:00:00,5.815,5.817,5.579,5.659,2098145.0
2021-07-02 20:00:00,5.66,5.82,5.546,5.789,2615174.0
2021-07-03 00:00:00,5.789,5.819,5.61,5.709,1605394.0
2021-07-03 04:00:00,5.708,6.047,5.657,6.023,2454034.0
2021-07-03 08:00:00,6.024,6.206,5.928,6.067,3004383.0
2021-07-03 12:00:00,6.067,6.248,6.034,6.14,2047658.0
2021-07-03 16:00:00,6.14,6.22,6.078,6.146,1363376.0
2021-07-03 20:00:00,6.149,6.174,5.854,5.978,2316507.0
2021-07-04 00:00:00,5.978,5.978,5.79,5.939,1319804.0
2021-07-04 04:00:00,5.938,6.492,5.934,6.438,3240215.0
2021-07-04 08:00:00,6.442,6.458,6.253,6.278,1786345.0
2021-07-04 12:00:00,6.278,6.375,6.182,6.366,1884615.0
2021-07-04 16:00:00,6.364,6.473,6.299,6.41,2229990.0
2021-07-04 20:00:00,6.41,6.553,6.202,6.242,2059437.0
2021-07-05 00:00:00,6.242,6.251,6.034,6.073,1860077.0
2021-07-05 04:00:00,6.075,6.127,5.948,6.095,2167056.0
2021-07-05 08:00:00,6.096,6.22,5.799,5.847,2743649.0
2021-07-05 12:00:00,5.846,6.032,5.82,5.969,1939958.0
2021-07-05 16:00:00,5.969,6.245,5.805,6.192,2611320.0
2021-07-05 20:00:00,6.192,6.236,6.081,6.109,1874953.0
2021-07-06 00:00:00,6.108,6.975,6.103,6.824,5452559.0
2021-07-06 04:00:00,6.821,7.269,6.782,7.048,4381026.0
2021-07-06 08:00:00,7.052,7.424,6.786,7.05,7028009.0
2021-07-06 12:00:00,7.049,7.475,6.926,7.121,6326708.0
2021-07-06 16:00:00,7.123,7.306,6.944,7.219,3445128.0
2021-07-06 20:00:00,7.222,7.297,6.772,7.022,3064268.0
2021-07-07 00:00:00,7.02,7.289,6.94,7.281,2979422.0
2021-07-07 04:00:00,7.284,7.551,7.195,7.466,3687349.0
2021-07-07 08:00:00,7.466,7.708,7.294,7.375,4041813.0
2021-07-07 12:00:00,7.375,7.587,7.125,7.193,3227770.0
2021-07-07 16:00:00,7.197,7.417,7.184,7.332,1735709.0
2021-07-07 20:00:00,7.33,7.344,7.025,7.103,2039507.0
2021-07-08 00:00:00,7.105,7.14,6.802,6.823,3046883.0
2021-07-08 04:00:00,6.821,6.821,6.378,6.467,3797443.0
2021-07-08 08:00:00,6.466,6.665,6.304,6.64,2737322.0
2021-07-08 12:00:00,6.642,6.729,6.334,6.567,2367931.0
2021-07-08 16:00:00,6.57,6.738,6.473,6.671,2121403.0
2021-07-08 20:00:00,6.669,6.69,6.02,6.212,3014295.0
2021-07-09 00:00:00,6.211,6.287,5.846,6.242,3213072.0
2021-07-09 04:00:00,6.244,6.397,6.076,6.145,1921376.0
2021-07-09 08:00:00,6.144,6.171,5.95,6.062,2322838.0
2021-07-09 12:00:00,6.065,6.348,5.964,6.297,3662267.0
2021-07-09 16:00:00,6.296,6.373,6.106,6.169,2064858.0
2021-07-09 20:00:00,6.169,6.393,6.151,6.212,1516975.0
2021-07-10 00:00:00,6.212,6.549,6.185,6.285,2094040.0
2021-07-10 04:00:00,6.285,6.342,6.127,6.249,1771644.0
2021-07-10 08:00:00,6.25,6.263,6.012,6.118,2093210.0
2021-07-10 12:00:00,6.115,6.162,6.001,6.076,1226709.0
2021-07-10 16:00:00,6.072,6.174,5.884,6.048,1837653.0
2021-07-10 20:00:00,6.047,6.189,5.923,6.118,1362664.0
2021-07-11 00:00:00,6.12,6.239,6.021,6.036,1527110.0
2021-07-11 04:00:00,6.039,6.136,5.966,6.134,1251644.0
2021-07-11 08:00:00,6.135,6.246,6.104,6.218,1270429.0
2021-07-11 12:00:00,6.218,6.288,6.139,6.274,1223814.0
2021-07-11 16:00:00,6.273,6.357,6.2,6.249,1486182.0
2021-07-11 20:00:00,6.249,6.335,6.1,6.287,1220194.0
2021-07-12 00:00:00,6.289,6.662,6.258,6.617,1857771.0
2021-07-12 04:00:00,6.617,6.693,6.442,6.491,2241516.0
2021-07-12 08:00:00,6.49,6.602,6.068,6.085,2904254.0
2021-07-12 12:00:00,6.083,6.219,6.062,6.081,1675640.0
2021-07-12 16:00:00,6.081,6.122,5.819,5.845,2533647.0
2021-07-12 20:00:00,5.843,6.146,5.78,6.102,1990109.0
2021-07-13 00:00:00,6.1,6.233,6.011,6.125,1525694.0
2021-07-13 04:00:00,6.125,6.19,5.845,6.099,2265271.0
2021-07-13 08:00:00,6.098,6.137,5.894,5.939,1347230.0
2021-07-13 12:00:00,5.939,5.943,5.747,5.926,2156034.0
2021-07-13 16:00:00,5.925,5.971,5.531,5.551,2326218.0
2021-07-13 20:00:00,5.548,5.673,5.514,5.624,1660729.0
2021-07-14 00:00:00,5.627,5.639,5.22,5.315,3095047.0
2021-07-14 04:00:00,5.316,5.674,5.3,5.508,3018809.0
2021-07-14 08:00:00,5.509,5.78,5.344,5.763,2361997.0
2021-07-14 12:00:00,5.763,6.086,5.676,5.868,2999334.0
2021-07-14 16:00:00,5.871,5.94,5.717,5.791,1848690.0
2021-07-14 20:00:00,5.789,5.871,5.68,5.728,1485623.0
2021-07-15 00:00:00,5.729,5.916,5.612,5.706,1857137.0
2021-07-15 04:00:00,5.705,5.775,5.548,5.618,1925279.0
2021-07-15 08:00:00,5.618,5.893,5.537,5.565,3076642.0
2021-07-15 12:00:00,5.564,5.664,5.432,5.597,2238005.0
2021-07-15 16:00:00,5.596,5.636,5.236,5.241,3122397.0
2021-07-15 20:00:00,5.243,5.321,4.65,4.902,17595194.0
2021-07-16 00:00:00,4.903,5.053,4.746,4.935,5130254.0
2021-07-16 04:00:00,4.934,5.134,4.712,4.821,4228746.0
2021-07-16 08:00:00,4.821,4.85,4.527,4.597,5801324.0
2021-07-16 12:00:00,4.594,5.006,4.587,4.93,5797343.0
2021-07-16 16:00:00,4.931,4.939,4.74,4.821,3594871.0
2021-07-16 20:00:00,4.821,4.853,4.569,4.585,2835118.0
2021-07-17 00:00:00,4.583,4.654,3.957,4.055,9522397.0
2021-07-17 04:00:00,4.053,4.378,4.0,4.178,5762542.0
2021-07-17 08:00:00,4.178,4.374,4.071,4.197,5468143.0
2021-07-17 12:00:00,4.198,4.356,4.174,4.292,4067444.0
2021-07-17 16:00:00,4.292,4.446,4.205,4.393,3201798.0
2021-07-17 20:00:00,4.397,4.42,4.221,4.245,2462825.0
2021-07-18 00:00:00,4.245,4.652,4.238,4.45,4077896.0
2021-07-18 04:00:00,4.451,4.628,4.349,4.365,4092684.0
2021-07-18 08:00:00,4.366,4.486,4.308,4.407,3377300.0
2021-07-18 12:00:00,4.408,4.414,4.15,4.187,2673177.0
2021-07-18 16:00:00,4.187,4.275,4.156,4.22,2203383.0
2021-07-18 20:00:00,4.218,4.389,4.084,4.09,3222641.0
2021-07-19 00:00:00,4.091,4.099,3.804,3.873,5960574.0
2021-07-19 04:00:00,3.873,4.101,3.854,4.03,3827866.0
2021-07-19 08:00:00,4.03,4.115,3.824,3.828,4696484.0
2021-07-19 12:00:00,3.829,3.896,3.558,3.663,10450062.0
2021-07-19 16:00:00,3.662,3.803,3.585,3.667,5554324.0
2021-07-19 20:00:00,3.667,3.803,3.6,3.669,4321135.0
2021-07-20 00:00:00,3.669,3.797,3.194,3.205,9415662.0
2021-07-20 04:00:00,3.206,3.312,3.123,3.299,7609180.0
2021-07-20 08:00:00,3.3,3.324,3.02,3.26,11022394.0
2021-07-20 12:00:00,3.26,3.661,3.251,3.649,13486250.0
2021-07-20 16:00:00,3.651,3.668,3.396,3.564,8072942.0
2021-07-20 20:00:00,3.564,3.674,3.426,3.522,5675408.0
2021-07-21 00:00:00,3.521,3.898,3.443,3.791,10960468.0
2021-07-21 04:00:00,3.791,4.177,3.786,4.053,15367081.0
2021-07-21 08:00:00,4.053,4.242,3.91,4.085,14559615.0
2021-07-21 12:00:00,4.087,4.38,4.05,4.351,13221763.0
2021-07-21 16:00:00,4.355,4.5,3.963,3.971,17955063.0
2021-07-21 20:00:00,3.969,4.347,3.969,4.296,6096312.0
2021-07-22 00:00:00,4.295,4.444,4.079,4.194,6872378.0
2021-07-22 04:00:00,4.194,4.757,4.175,4.665,9589077.0
2021-07-22 08:00:00,4.669,4.819,4.469,4.583,9202096.0
2021-07-22 12:00:00,4.585,4.8,4.418,4.769,6721918.0
2021-07-22 16:00:00,4.77,4.813,4.606,4.699,5588996.0
2021-07-22 20:00:00,4.7,4.703,3.4,3.483,43747698.0
2021-07-23 00:00:00,3.479,3.913,3.448,3.85,28502069.0
2021-07-23 04:00:00,3.846,4.209,3.743,4.084,18898526.0
2021-07-23 08:00:00,4.083,4.179,3.688,3.805,21183476.0
2021-07-23 12:00:00,3.805,3.984,3.45,3.584,22828613.0
2021-07-23 16:00:00,3.583,3.702,3.48,3.666,17455904.0
2021-07-23 20:00:00,3.667,3.929,3.64,3.833,12766988.0
2021-07-24 00:00:00,3.833,3.839,3.634,3.705,8495628.0
2021-07-24 04:00:00,3.705,3.904,3.685,3.778,8330586.0
2021-07-24 08:00:00,3.776,3.814,3.631,3.764,8607365.0
2021-07-24 12:00:00,3.763,3.765,3.51,3.594,9076527.0
2021-07-24 16:00:00,3.594,3.703,3.51,3.537,10016913.0
2021-07-24 20:00:00,3.537,3.606,3.431,3.595,7796761.0
2021-07-25 00:00:00,3.596,3.603,3.328,3.461,8416919.0
2021-07-25 04:00:00,3.462,3.577,3.44,3.549,5168228.0
2021-07-25 08:00:00,3.549,3.588,3.445,3.498,6241848.0
2021-07-25 12:00:00,3.5,3.505,3.295,3.357,8122348.0
2021-07-25 16:00:00,3.357,3.486,3.308,3.448,6223565.0
2021-07-25 20:00:00,3.448,3.565,3.406,3.507,6036896.0
2021-07-26 00:00:00,3.509,4.28,3.49,3.982,22600087.0
2021-07-26 04:00:00,3.983,4.257,3.93,4.058,13401229.0
2021-07-26 08:00:00,4.061,4.376,3.97,4.273,13805039.0
2021-07-26 12:00:00,4.273,4.439,4.097,4.373,16129305.0
2021-07-26 16:00:00,4.375,4.409,4.143,4.143,13656594.0
2021-07-26 20:00:00,4.143,4.186,3.862,3.897,15871517.0
2021-07-27 00:00:00,3.898,4.014,3.566,3.686,11975325.0
2021-07-27 04:00:00,3.684,3.847,3.653,3.799,6531636.0
2021-07-27 08:00:00,3.8,4.182,3.751,4.111,9580464.0
2021-07-27 12:00:00,4.111,4.176,3.909,3.931,10950238.0
2021-07-27 16:00:00,3.931,3.967,3.715,3.845,9331318.0
2021-07-27 20:00:00,3.844,4.035,3.841,4.002,5759287.0
2021-07-28 00:00:00,4.004,4.115,3.847,3.934,7103718.0
2021-07-28 04:00:00,3.934,4.037,3.878,3.984,5367100.0
2021-07-28 08:00:00,3.983,4.31,3.941,4.224,10349722.0
2021-07-28 12:00:00,4.224,4.292,4.05,4.132,9993770.0
2021-07-28 16:00:00,4.132,4.45,4.094,4.363,15520965.0
2021-07-28 20:00:00,4.361,4.786,4.237,4.647,18585365.0
2021-07-29 00:00:00,4.648,5.198,4.552,5.05,19485935.0
2021-07-29 04:00:00,5.048,5.758,5.016,5.538,28700715.0
2021-07-29 08:00:00,5.538,5.585,5.07,5.152,25968733.0
2021-07-29 12:00:00,5.151,5.875,5.07,5.578,43355060.0
2021-07-29 16:00:00,5.578,5.777,5.367,5.653,18111891.0
2021-07-29 20:00:00,5.657,5.71,5.252,5.461,16353127.0
2021-07-30 00:00:00,5.461,5.84,5.304,5.682,16583375.0
2021-07-30 04:00:00,5.68,5.716,5.366,5.415,7790537.0
2021-07-30 08:00:00,5.413,5.52,5.12,5.286,13569076.0
2021-07-30 12:00:00,5.285,5.438,5.17,5.315,9626365.0
2021-07-30 16:00:00,5.315,5.584,5.211,5.576,8019399.0
2021-07-30 20:00:00,5.578,6.443,5.537,6.335,23704225.0
2021-07-31 00:00:00,6.333,6.768,6.062,6.688,15205286.0
2021-07-31 04:00:00,6.691,6.77,6.353,6.519,11753580.0
2021-07-31 08:00:00,6.519,6.662,6.313,6.471,8111046.0
2021-07-31 12:00:00,6.468,6.521,6.143,6.265,7182486.0
2021-07-31 16:00:00,6.264,6.453,6.149,6.287,6972005.0
2021-07-31 20:00:00,6.286,6.552,6.212,6.49,5532940.0
2021-08-01 00:00:00,6.49,6.57,6.311,6.543,5163687.0
2021-08-01 04:00:00,6.54,6.777,6.327,6.34,5850692.0
2021-08-01 08:00:00,6.34,6.45,6.236,6.347,4388299.0
2021-08-01 12:00:00,6.347,6.6,6.312,6.44,5665034.0
2021-08-01 16:00:00,6.441,6.582,6.25,6.438,7061879.0
2021-08-01 20:00:00,6.442,6.504,5.906,5.975,6304400.0
2021-08-02 00:00:00,5.979,6.255,5.787,6.145,6311910.0
2021-08-02 04:00:00,6.146,6.35,5.972,6.18,5077546.0
2021-08-02 08:00:00,6.183,6.433,6.024,6.334,6572987.0
2021-08-02 12:00:00,6.334,7.17,6.209,7.022,20856716.0
2021-08-02 16:00:00,7.024,7.197,6.811,6.883,10568349.0
2021-08-02 20:00:00,6.882,7.462,6.787,7.299,12066202.0
2021-08-03 00:00:00,7.301,7.649,7.17,7.237,11515844.0
2021-08-03 04:00:00,7.241,7.44,6.972,7.184,13163976.0
2021-08-03 08:00:00,7.186,7.187,6.81,6.848,10580128.0
2021-08-03 12:00:00,6.85,7.109,6.72,6.863,10769961.0
2021-08-03 16:00:00,6.865,7.0,6.732,6.784,6104490.0
2021-08-03 20:00:00,6.784,6.929,6.63,6.822,5384879.0
2021-08-04 00:00:00,6.822,7.268,6.642,7.013,7000550.0
2021-08-04 04:00:00,7.015,7.563,6.982,7.335,9426181.0
2021-08-04 08:00:00,7.336,7.509,7.157,7.242,6604144.0
2021-08-04 12:00:00,7.244,8.164,7.204,7.923,17121002.0
2021-08-04 16:00:00,7.923,8.24,7.87,8.015,10074698.0
2021-08-04 20:00:00,8.019,8.222,7.851,7.907,7759496.0
2021-08-05 00:00:00,7.907,8.039,7.743,7.928,5866132.0
2021-08-05 04:00:00,7.928,8.12,7.766,7.882,5265955.0
2021-08-05 08:00:00,7.88,7.969,7.623,7.772,6156977.0
2021-08-05 12:00:00,7.773,8.4,7.6,8.077,11718125.0
2021-08-05 16:00:00,8.077,8.352,7.955,8.104,5888414.0
2021-08-05 20:00:00,8.104,8.206,8.016,8.099,3155990.0
2021-08-06 00:00:00,8.1,8.139,7.842,7.868,3674511.0
2021-08-06 04:00:00,7.867,8.032,7.715,7.909,4568137.0
2021-08-06 08:00:00,7.909,7.999,7.763,7.898,3221257.0
2021-08-06 12:00:00,7.895,8.014,7.72,7.954,4314277.0
2021-08-06 16:00:00,7.953,8.127,7.826,8.003,4597213.0
2021-08-06 20:00:00,8.005,8.015,7.743,7.777,3196958.0
2021-08-07 00:00:00,7.778,7.8,7.502,7.758,6036512.0
2021-08-07 04:00:00,7.758,7.916,7.645,7.73,4643255.0
2021-08-07 08:00:00,7.734,8.118,7.723,7.891,5985725.0
2021-08-07 12:00:00,7.892,7.975,7.527,7.628,5764447.0
2021-08-07 16:00:00,7.628,7.632,7.233,7.463,6771210.0
2021-08-07 20:00:00,7.464,7.595,7.387,7.566,3414366.0
2021-08-08 00:00:00,7.564,7.616,7.02,7.247,5941911.0
2021-08-08 04:00:00,7.247,7.425,7.155,7.249,4460302.0
2021-08-08 08:00:00,7.25,7.343,6.935,7.021,4931512.0
2021-08-08 12:00:00,7.021,7.26,6.952,7.039,5994306.0
2021-08-08 16:00:00,7.038,7.065,6.51,6.739,6871948.0
2021-08-08 20:00:00,6.74,6.975,6.613,6.706,5680586.0
2021-08-09 00:00:00,6.707,6.887,6.4,6.812,6435634.0
2021-08-09 04:00:00,6.812,6.96,6.641,6.94,4320448.0
2021-08-09 08:00:00,6.937,7.476,6.921,7.395,8538905.0
2021-08-09 12:00:00,7.393,7.7,7.32,7.509,7014528.0
2021-08-09 16:00:00,7.51,7.549,7.064,7.136,4259477.0
2021-08-09 20:00:00,7.136,7.244,6.732,6.88,8154576.0
2021-08-10 00:00:00,6.88,6.887,6.651,6.763,4756183.0
2021-08-10 04:00:00,6.765,7.108,6.61,7.075,7249309.0
2021-08-10 08:00:00,7.074,7.162,6.871,6.97,5758224.0
2021-08-10 12:00:00,6.97,7.337,6.876,6.963,8818737.0
2021-08-10 16:00:00,6.962,7.037,6.731,7.013,5012619.0
2021-08-10 20:00:00,7.013,7.157,6.941,7.103,3420223.0
2021-08-11 00:00:00,7.106,7.404,7.046,7.221,4539149.0
2021-08-11 04:00:00,7.219,7.453,7.175,7.4,4235469.0
2021-08-11 08:00:00,7.402,7.632,7.285,7.416,5881564.0
2021-08-11 12:00:00,7.417,7.576,7.22,7.319,4955963.0
2021-08-11 16:00:00,7.318,7.437,7.214,7.39,3420209.0
2021-08-11 20:00:00,7.392,7.59,6.9,7.019,6950040.0
2021-08-12 00:00:00,7.019,7.365,6.95,7.204,4055778.0
2021-08-12 04:00:00,7.203,7.289,6.6,6.931,7080288.0
2021-08-12 08:00:00,6.932,7.045,6.792,6.806,3758705.0
2021-08-12 12:00:00,6.807,6.916,6.494,6.658,5300996.0
2021-08-12 16:00:00,6.658,6.868,6.55,6.804,3483387.0
2021-08-12 20:00:00,6.804,6.874,6.56,6.793,3769671.0
2021-08-13 00:00:00,6.793,6.999,6.644,6.918,3696748.0
2021-08-13 04:00:00,6.92,7.301,6.851,7.258,3751050.0
2021-08-13 08:00:00,7.261,7.48,7.107,7.133,5659610.0
2021-08-13 12:00:00,7.136,7.311,6.92,6.988,4447778.0
2021-08-13 16:00:00,6.984,7.045,6.845,6.922,2718039.0
2021-08-13 20:00:00,6.923,7.394,6.91,7.33,4962720.0
2021-08-14 00:00:00,7.33,7.458,7.117,7.256,3266470.0
2021-08-14 04:00:00,7.253,7.447,7.135,7.413,3412400.0
2021-08-14 08:00:00,7.415,7.712,7.022,7.229,10200547.0
2021-08-14 12:00:00,7.236,7.649,7.05,7.572,5362978.0
2021-08-14 16:00:00,7.575,7.8,7.495,7.659,6274210.0
2021-08-14 20:00:00,7.656,7.82,7.379,7.725,4260076.0
2021-08-15 00:00:00,7.725,8.326,7.724,8.107,7629548.0
2021-08-15 04:00:00,8.109,8.8,7.964,8.147,11851797.0
2021-08-15 08:00:00,8.147,8.713,8.062,8.559,9199060.0
2021-08-15 12:00:00,8.557,8.665,8.216,8.391,8603530.0
2021-08-15 16:00:00,8.391,8.405,8.01,8.199,6320390.0
2021-08-15 20:00:00,8.199,8.54,8.12,8.429,4353537.0
2021-08-16 00:00:00,8.428,8.821,8.247,8.364,4953256.0
2021-08-16 04:00:00,8.368,9.3,8.362,9.198,8246021.0
2021-08-16 08:00:00,9.201,9.61,9.108,9.294,6226431.0
2021-08-16 12:00:00,9.293,9.332,8.844,9.235,6769691.0
2021-08-16 16:00:00,9.235,9.345,8.737,8.776,4391713.0
2021-08-16 20:00:00,8.779,9.1,8.487,8.637,6364414.0
2021-08-17 00:00:00,8.638,9.524,8.164,9.29,7837920.0
2021-08-17 04:00:00,9.286,9.455,8.922,9.19,5750006.0
2021-08-17 08:00:00,9.194,9.75,9.1,9.549,7352635.0
2021-08-17 12:00:00,9.551,9.68,9.039,9.064,5316126.0
2021-08-17 16:00:00,9.065,9.205,8.646,8.729,5713618.0
2021-08-17 20:00:00,8.726,8.745,8.23,8.394,6874116.0
2021-08-18 00:00:00,8.393,8.55,7.841,8.357,6187140.0
2021-08-18 04:00:00,8.357,8.546,8.144,8.176,3691402.0
2021-08-18 08:00:00,8.173,8.412,7.809,7.904,4092721.0
2021-08-18 12:00:00,7.902,8.45,7.879,8.429,4401492.0
2021-08-18 16:00:00,8.429,8.572,7.948,7.99,4232427.0
2021-08-18 20:00:00,7.996,8.35,7.833,8.066,3811942.0
2021-08-19 00:00:00,8.065,8.477,7.861,7.946,4491009.0
2021-08-19 04:00:00,7.944,8.2,7.912,8.1,3264212.0
2021-08-19 08:00:00,8.1,8.32,7.896,7.97,3971570.0
2021-08-19 12:00:00,7.97,8.75,7.925,8.668,5597442.0
2021-08-19 16:00:00,8.668,9.014,8.474,8.827,5599569.0
2021-08-19 20:00:00,8.83,8.916,8.617,8.845,2801019.0
2021-08-20 00:00:00,8.847,9.1,8.708,9.018,2920816.0
2021-08-20 04:00:00,9.022,9.44,8.964,9.031,4084192.0
2021-08-20 08:00:00,9.032,9.283,8.88,8.933,3670713.0
2021-08-20 12:00:00,8.932,9.314,8.922,9.219,2904486.0
2021-08-20 16:00:00,9.218,9.487,9.06,9.369,3973265.0
2021-08-20 20:00:00,9.373,9.5,9.275,9.307,2425171.0
2021-08-21 00:00:00,9.312,9.363,9.11,9.318,2957680.0
2021-08-21 04:00:00,9.319,9.339,9.132,9.24,1620164.0
2021-08-21 08:00:00,9.239,10.02,9.209,10.009,5334329.0
2021-08-21 12:00:00,10.013,11.22,9.966,11.086,12249359.0
2021-08-21 16:00:00,11.082,11.74,10.913,11.161,11805639.0
2021-08-21 20:00:00,11.161,11.716,11.092,11.331,6148064.0
2021-08-22 00:00:00,11.328,11.425,10.686,10.815,4774755.0
2021-08-22 04:00:00,10.811,11.522,10.742,11.0,5847498.0
2021-08-22 08:00:00,11.0,11.04,10.52,10.702,4913604.0
2021-08-22 12:00:00,10.702,10.72,10.1,10.44,5562494.0
2021-08-22 16:00:00,10.441,10.603,10.153,10.478,4542495.0
2021-08-22 20:00:00,10.472,10.665,10.1,10.587,3724351.0
2021-08-23 00:00:00,10.583,11.736,10.571,11.694,5544451.0
2021-08-23 04:00:00,11.695,11.71,11.008,11.424,4996372.0
2021-08-23 08:00:00,11.423,12.356,11.236,12.298,9680772.0
2021-08-23 12:00:00,12.299,12.49,11.681,11.842,8441469.0
2021-08-23 16:00:00,11.845,12.119,11.437,11.529,4514300.0
2021-08-23 20:00:00,11.523,11.884,11.31,11.431,3876083.0
2021-08-24 00:00:00,11.431,11.586,11.055,11.352,3665691.0
2021-08-24 04:00:00,11.352,12.015,11.18,11.699,4190624.0
2021-08-24 08:00:00,11.699,11.74,11.22,11.47,3395284.0
2021-08-24 12:00:00,11.47,11.475,10.8,10.977,5325807.0
2021-08-24 16:00:00,10.978,11.097,10.288,10.646,6131970.0
2021-08-24 20:00:00,10.646,10.858,10.31,10.376,2745524.0
2021-08-25 00:00:00,10.373,10.854,10.335,10.451,2698462.0
2021-08-25 04:00:00,10.452,10.845,10.311,10.485,2760998.0
2021-08-25 08:00:00,10.482,10.514,9.777,10.148,4718693.0
2021-08-25 12:00:00,10.15,10.704,9.856,10.693,4188723.0
2021-08-25 16:00:00,10.693,10.77,10.496,10.524,2711279.0
2021-08-25 20:00:00,10.52,10.653,10.16,10.463,2494582.0
2021-08-26 00:00:00,10.46,10.77,9.944,10.045,3025834.0
2021-08-26 04:00:00,10.041,10.114,9.313,9.379,4444753.0
2021-08-26 08:00:00,9.376,9.767,9.297,9.498,3987550.0
2021-08-26 12:00:00,9.494,9.855,9.221,9.486,4500509.0
2021-08-26 16:00:00,9.488,9.689,9.15,9.436,3656526.0
2021-08-26 20:00:00,9.436,9.885,9.391,9.5,2865248.0
2021-08-27 00:00:00,9.503,10.117,9.257,9.54,4076454.0
2021-08-27 04:00:00,9.542,10.3,9.34,10.239,5091943.0
2021-08-27 08:00:00,10.243,10.4,9.902,10.165,4050824.0
2021-08-27 12:00:00,10.168,10.611,10.027,10.411,4497288.0
2021-08-27 16:00:00,10.413,10.484,10.136,10.153,2572889.0
2021-08-27 20:00:00,10.151,10.391,10.061,10.375,2476068.0
2021-08-28 00:00:00,10.38,10.665,10.127,10.491,2323615.0
2021-08-28 04:00:00,10.49,10.574,10.052,10.206,3085210.0
2021-08-28 08:00:00,10.207,10.34,9.962,10.016,2090576.0
2021-08-28 12:00:00,10.012,10.261,9.771,10.004,3477510.0
2021-08-28 16:00:00,10.004,10.105,9.845,9.933,2040893.0
2021-08-28 20:00:00,9.934,10.169,9.858,9.982,1711105.0
2021-08-29 00:00:00,9.986,10.247,9.6,9.651,3463405.0
2021-08-29 04:00:00,9.651,9.928,9.546,9.721,3165305.0
2021-08-29 08:00:00,9.721,9.962,9.687,9.741,2178837.0
2021-08-29 12:00:00,9.738,9.9,9.62,9.758,1668141.0
2021-08-29 16:00:00,9.763,10.08,9.662,10.049,2174083.0
2021-08-29 20:00:00,10.049,10.161,9.826,9.91,3299658.0
2021-08-30 00:00:00,9.908,9.932,9.43,9.497,2284608.0
2021-08-30 04:00:00,9.501,9.695,9.392,9.658,2865523.0
2021-08-30 08:00:00,9.661,9.745,9.415,9.533,2143156.0
2021-08-30 12:00:00,9.533,9.625,9.215,9.592,2687651.0
2021-08-30 16:00:00,9.596,10.098,9.544,10.074,2378971.0
2021-08-30 20:00:00,10.074,10.45,9.44,9.539,5580459.0
2021-08-31 00:00:00,9.537,9.938,9.401,9.927,2501626.0
2021-08-31 04:00:00,9.928,9.972,9.571,9.907,3792503.0
2021-08-31 08:00:00,9.914,10.148,9.683,10.139,3281707.0
2021-08-31 12:00:00,10.145,10.32,9.785,10.026,4013681.0
2021-08-31 16:00:00,10.025,10.061,9.518,9.782,2756949.0
2021-08-31 20:00:00,9.779,9.958,9.517,9.875,2370658.0
2021-09-01 00:00:00,9.873,9.956,9.531,9.825,1781219.0
2021-09-01 04:00:00,9.823,10.514,9.766,10.436,3649726.0
2021-09-01 08:00:00,10.435,10.913,10.346,10.816,4495600.0
2021-09-01 12:00:00,10.811,10.98,10.595,10.632,5062414.0
2021-09-01 16:00:00,10.637,10.95,10.533,10.544,2902635.0
2021-09-01 20:00:00,10.541,10.727,10.53,10.712,1339152.0
2021-09-02 00:00:00,10.713,10.817,10.311,10.425,2355973.0
2021-09-02 04:00:00,10.422,10.66,10.37,10.517,1859500.0
2021-09-02 08:00:00,10.519,10.674,10.429,10.551,1765942.0
2021-09-02 12:00:00,10.551,10.843,10.31,10.384,3237204.0
2021-09-02 16:00:00,10.385,10.61,10.333,10.561,1748473.0
2021-09-02 20:00:00,10.562,10.654,10.39,10.404,1501144.0
2021-09-03 00:00:00,10.403,10.447,10.0,10.31,2147665.0
2021-09-03 04:00:00,10.311,10.398,10.177,10.255,1415333.0
2021-09-03 08:00:00,10.259,10.48,10.15,10.287,2317199.0
2021-09-03 12:00:00,10.291,10.45,10.19,10.352,2126796.0
2021-09-03 16:00:00,10.351,10.447,10.266,10.441,1493642.0
2021-09-03 20:00:00,10.44,10.463,10.031,10.201,1818317.0
2021-09-04 00:00:00,10.198,10.365,10.06,10.357,1227512.0
2021-09-04 04:00:00,10.36,10.8,10.331,10.641,2388977.0
2021-09-04 08:00:00,10.642,10.916,10.55,10.654,2676926.0
2021-09-04 12:00:00,10.654,10.82,10.534,10.575,1934490.0
2021-09-04 16:00:00,10.574,10.656,10.301,10.399,2001544.0
2021-09-04 20:00:00,10.399,10.517,10.233,10.341,1197396.0
2021-09-05 00:00:00,10.341,10.542,10.228,10.351,1396266.0
2021-09-05 04:00:00,10.338,10.555,10.256,10.54,1299543.0
2021-09-05 08:00:00,10.537,10.674,10.479,10.554,1577642.0
2021-09-05 12:00:00,10.558,10.613,10.343,10.383,1699604.0
2021-09-05 16:00:00,10.382,10.534,10.29,10.319,1997894.0
2021-09-05 20:00:00,10.318,10.474,10.296,10.373,1748099.0
2021-09-06 00:00:00,10.375,10.679,10.335,10.54,1898574.0
2021-09-06 04:00:00,10.54,10.907,10.524,10.88,2646219.0
2021-09-06 08:00:00,10.88,11.613,10.836,11.032,8224300.0
2021-09-06 12:00:00,11.038,11.683,10.05,11.478,9520734.0
2021-09-06 16:00:00,11.479,12.023,11.297,11.72,5757718.0
2021-09-06 20:00:00,11.721,12.0,11.555,11.7,4417057.0
2021-09-07 00:00:00,11.699,12.118,11.46,11.508,4665668.0
2021-09-07 04:00:00,11.508,11.73,11.07,11.301,4888124.0
2021-09-07 08:00:00,11.301,11.309,10.443,10.599,5759549.0
2021-09-07 12:00:00,10.6,10.795,6.581,8.871,14465784.0
2021-09-07 16:00:00,8.869,9.438,8.357,8.939,9574497.0
2021-09-07 20:00:00,8.938,9.643,8.73,9.515,4926601.0
2021-09-08 00:00:00,9.518,9.887,9.146,9.395,3328750.0
2021-09-08 04:00:00,9.397,9.642,8.25,8.283,5198306.0
2021-09-08 08:00:00,8.283,8.844,8.037,8.683,4388244.0
2021-09-08 12:00:00,8.682,8.998,8.588,8.934,3421294.0
2021-09-08 16:00:00,8.936,9.234,8.818,9.212,2091852.0
2021-09-08 20:00:00,9.21,9.327,8.751,9.007,2451322.0
2021-09-09 00:00:00,9.003,9.138,8.65,8.934,3048878.0
2021-09-09 04:00:00,8.936,9.427,8.874,9.192,2403151.0
2021-09-09 08:00:00,9.192,9.538,8.955,9.145,2251941.0
2021-09-09 12:00:00,9.148,9.333,8.709,9.213,4180547.0
2021-09-09 16:00:00,9.213,9.37,8.72,8.76,3056698.0
2021-09-09 20:00:00,8.759,9.15,8.601,9.068,2448754.0
2021-09-10 00:00:00,9.061,9.683,9.044,9.353,2568312.0
2021-09-10 04:00:00,9.354,9.433,8.825,8.879,1632508.0
2021-09-10 08:00:00,8.876,9.034,8.746,8.94,1743241.0
2021-09-10 12:00:00,8.941,8.973,8.149,8.506,3750161.0
2021-09-10 16:00:00,8.504,8.646,8.37,8.543,1475767.0
2021-09-10 20:00:00,8.546,8.778,8.137,8.481,2199342.0
2021-09-11 00:00:00,8.484,8.695,8.35,8.465,1596632.0
2021-09-11 04:00:00,8.464,8.793,8.414,8.562,1501445.0
2021-09-11 08:00:00,8.558,8.764,8.374,8.685,1396042.0
2021-09-11 12:00:00,8.685,9.248,8.633,8.966,2169642.0
2021-09-11 16:00:00,8.968,9.085,8.724,8.734,1436936.0
2021-09-11 20:00:00,8.733,8.793,8.47,8.567,1381497.0
2021-09-12 00:00:00,8.564,8.605,8.3,8.593,1151053.0
2021-09-12 04:00:00,8.594,8.649,8.421,8.614,985763.0
2021-09-12 08:00:00,8.61,9.0,8.559,8.991,1636758.0
2021-09-12 12:00:00,8.993,9.185,8.704,8.88,1923540.0
2021-09-12 16:00:00,8.878,9.272,8.873,9.251,1568663.0
2021-09-12 20:00:00,9.249,9.385,8.6,9.101,2829165.0
2021-09-13 00:00:00,9.103,9.298,8.27,8.279,2768884.0
2021-09-13 04:00:00,8.28,8.536,8.19,8.319,2715521.0
2021-09-13 08:00:00,8.32,8.358,8.036,8.302,1844195.0
2021-09-13 12:00:00,8.301,8.621,7.727,8.244,3946110.0
2021-09-13 16:00:00,8.247,8.449,8.135,8.382,1185650.0
2021-09-13 20:00:00,8.384,8.641,8.334,8.38,1068896.0
2021-09-14 00:00:00,8.379,8.693,8.309,8.6,1591666.0
2021-09-14 04:00:00,8.601,8.619,8.374,8.484,997461.0
2021-09-14 08:00:00,8.486,8.679,8.483,8.566,1066433.0
2021-09-14 12:00:00,8.566,9.08,8.436,8.886,2812523.0
2021-09-14 16:00:00,8.887,9.099,8.752,8.775,2077982.0
2021-09-14 20:00:00,8.778,9.295,8.7,9.291,1654559.0
2021-09-15 00:00:00,9.283,9.449,9.178,9.32,2118125.0
2021-09-15 04:00:00,9.32,9.502,9.091,9.438,2482968.0
2021-09-15 08:00:00,9.434,9.453,9.26,9.283,1770551.0
2021-09-15 12:00:00,9.281,9.539,9.152,9.53,2189218.0
2021-09-15 16:00:00,9.534,9.573,9.306,9.342,1377051.0
2021-09-15 20:00:00,9.342,10.2,9.25,10.135,2468101.0
2021-09-16 00:00:00,10.13,10.454,10.03,10.283,2903489.0
2021-09-16 04:00:00,10.285,11.276,10.201,10.943,5019383.0
2021-09-16 08:00:00,10.944,11.24,10.58,10.718,5155347.0
2021-09-16 12:00:00,10.719,10.729,10.059,10.348,3397045.0
2021-09-16 16:00:00,10.345,10.625,10.128,10.223,2016021.0
2021-09-16 20:00:00,10.227,10.771,9.75,10.055,3533349.0
2021-09-17 00:00:00,10.049,10.224,9.746,9.895,1879602.0
2021-09-17 04:00:00,9.898,10.2,9.621,9.936,2102192.0
2021-09-17 08:00:00,9.933,10.158,9.377,9.473,2574599.0
2021-09-17 12:00:00,9.471,9.857,9.28,9.786,1897112.0
2021-09-17 16:00:00,9.789,9.991,9.509,9.98,1720655.0
2021-09-17 20:00:00,9.983,10.055,9.503,9.686,1794108.0
2021-09-18 00:00:00,9.687,9.927,9.414,9.864,1856971.0
2021-09-18 04:00:00,9.867,10.404,9.829,10.387,2629265.0
2021-09-18 08:00:00,10.387,10.765,10.289,10.43,2744716.0
2021-09-18 12:00:00,10.427,10.67,10.059,10.114,3389450.0
2021-09-18 16:00:00,10.119,10.216,9.868,9.98,2445643.0
2021-09-18 20:00:00,9.979,9.979,9.721,9.933,1402963.0
2021-09-19 00:00:00,9.929,9.977,9.594,9.722,1473769.0
2021-09-19 04:00:00,9.712,9.884,9.664,9.782,878314.0
2021-09-19 08:00:00,9.785,9.866,9.308,9.429,1976893.0
2021-09-19 12:00:00,9.427,9.644,9.363,9.411,1638607.0
2021-09-19 16:00:00,9.411,9.591,9.347,9.408,1516402.0
2021-09-19 20:00:00,9.402,9.522,8.902,9.107,1946829.0
2021-09-20 00:00:00,9.107,9.124,8.464,8.488,3117675.0
2021-09-20 04:00:00,8.485,8.71,8.01,8.135,2835541.0
2021-09-20 08:00:00,8.132,8.29,7.542,7.747,4427088.0
2021-09-20 12:00:00,7.749,7.94,7.093,7.796,6452062.0
2021-09-20 16:00:00,7.793,7.929,7.301,7.604,3228773.0
2021-09-20 20:00:00,7.603,7.717,7.276,7.423,2806694.0
2021-09-21 00:00:00,7.423,7.742,6.953,7.499,4554492.0
2021-09-21 04:00:00,7.501,7.686,7.18,7.684,2397905.0
2021-09-21 08:00:00,7.685,7.884,7.566,7.804,2256115.0
2021-09-21 12:00:00,7.807,7.877,7.313,7.548,4328623.0
2021-09-21 16:00:00,7.548,7.6,6.975,6.978,3575342.0
2021-09-21 20:00:00,6.982,7.057,6.474,6.722,5857178.0
2021-09-22 00:00:00,6.724,7.089,6.584,6.95,3066069.0
2021-09-22 04:00:00,6.953,7.251,6.796,7.202,2484921.0
2021-09-22 08:00:00,7.202,7.25,6.823,6.837,2288836.0
2021-09-22 12:00:00,6.837,7.375,6.836,7.321,2661080.0
2021-09-22 16:00:00,7.324,7.82,7.267,7.744,4872042.0
2021-09-22 20:00:00,7.741,7.94,7.66,7.723,3751229.0
2021-09-23 00:00:00,7.721,7.87,7.559,7.849,2358919.0
2021-09-23 04:00:00,7.849,7.995,7.685,7.955,3549977.0
2021-09-23 08:00:00,7.954,7.964,7.455,7.566,2400350.0
2021-09-23 12:00:00,7.567,8.398,7.506,8.25,4539961.0
2021-09-23 16:00:00,8.251,8.593,8.182,8.549,4092722.0
2021-09-23 20:00:00,8.549,9.105,8.465,9.086,3625633.0
2021-09-24 00:00:00,9.086,9.213,8.638,8.684,3504056.0
2021-09-24 04:00:00,8.681,8.779,8.31,8.676,3937724.0
2021-09-24 08:00:00,8.676,8.908,7.439,7.794,8212124.0
2021-09-24 12:00:00,7.79,7.916,7.418,7.672,5556721.0
2021-09-24 16:00:00,7.671,7.92,7.604,7.82,2676623.0
2021-09-24 20:00:00,7.82,8.081,7.775,7.905,3662649.0
2021-09-25 00:00:00,7.904,8.095,7.71,7.923,2601318.0
2021-09-25 04:00:00,7.92,8.025,7.698,7.728,1592584.0
2021-09-25 08:00:00,7.726,7.905,7.43,7.717,2762174.0
2021-09-25 12:00:00,7.716,7.829,7.534,7.703,2088324.0
2021-09-25 16:00:00,7.705,7.735,7.397,7.46,1836841.0
2021-09-25 20:00:00,7.463,7.531,7.253,7.276,1673345.0
2021-09-26 00:00:00,7.278,7.312,6.966,7.174,2389096.0
2021-09-26 04:00:00,7.173,7.245,6.717,6.842,2414177.0
2021-09-26 08:00:00,6.84,7.578,6.777,7.391,4132838.0
2021-09-26 12:00:00,7.392,7.518,7.201,7.354,2104338.0
2021-09-26 16:00:00,7.354,7.379,7.178,7.233,1320593.0
2021-09-26 20:00:00,7.234,7.496,7.109,7.213,2210061.0
2021-09-27 00:00:00,7.214,7.558,7.069,7.393,1666101.0
2021-09-27 04:00:00,7.393,7.438,7.219,7.253,1470743.0
2021-09-27 08:00:00,7.252,7.798,7.239,7.681,3615234.0
2021-09-27 12:00:00,7.681,7.734,7.309,7.333,2919337.0
2021-09-27 16:00:00,7.334,7.378,7.006,7.025,2746288.0
2021-09-27 20:00:00,7.026,7.208,6.928,6.939,2046204.0
2021-09-28 00:00:00,6.939,7.099,6.86,7.077,1527038.0
2021-09-28 04:00:00,7.076,7.143,6.805,6.833,1771027.0
2021-09-28 08:00:00,6.832,7.059,6.806,7.027,1999901.0
2021-09-28 12:00:00,7.03,7.052,6.679,6.689,2992567.0
2021-09-28 16:00:00,6.687,6.759,6.505,6.619,2322286.0
2021-09-28 20:00:00,6.618,6.828,6.53,6.615,2015992.0
2021-09-29 00:00:00,6.615,7.024,6.55,6.965,2511691.0
2021-09-29 04:00:00,6.966,7.094,6.941,7.068,2793168.0
2021-09-29 08:00:00,7.067,7.107,6.886,7.048,1832721.0
2021-09-29 12:00:00,7.048,7.072,6.702,6.732,1821299.0
2021-09-29 16:00:00,6.736,6.786,6.407,6.445,2437702.0
2021-09-29 20:00:00,6.448,6.539,6.353,6.527,1870287.0
2021-09-30 00:00:00,6.525,6.821,6.457,6.795,2068657.0
2021-09-30 04:00:00,6.797,6.845,6.654,6.684,1766873.0
2021-09-30 08:00:00,6.683,6.76,6.567,6.647,1732651.0
2021-09-30 12:00:00,6.648,6.86,6.638,6.797,2365638.0
2021-09-30 16:00:00,6.798,6.988,6.673,6.825,1751224.0
2021-09-30 20:00:00,6.825,6.983,6.735,6.968,1511862.0
2021-10-01 00:00:00,6.97,7.075,6.854,6.923,1455973.0
2021-10-01 04:00:00,6.924,7.424,6.905,7.39,3001037.0
2021-10-01 08:00:00,7.392,7.825,7.324,7.788,5304738.0
2021-10-01 12:00:00,7.788,7.87,7.527,7.741,3385336.0
2021-10-01 16:00:00,7.74,7.883,7.63,7.856,2051478.0
2021-10-01 20:00:00,7.857,8.0,7.637,7.948,2090281.0
2021-10-02 00:00:00,7.952,8.413,7.907,7.949,2416540.0
2021-10-02 04:00:00,7.948,8.25,7.854,8.176,2054809.0
2021-10-02 08:00:00,8.174,8.6,8.102,8.58,2828100.0
2021-10-02 12:00:00,8.58,8.847,8.429,8.636,2888960.0
2021-10-02 16:00:00,8.635,8.712,8.466,8.706,2187152.0
2021-10-02 20:00:00,8.704,8.759,8.156,8.232,2412821.0
2021-10-03 00:00:00,8.233,8.529,7.984,8.519,2810213.0
2021-10-03 04:00:00,8.519,8.769,8.43,8.692,1763933.0
2021-10-03 08:00:00,8.693,8.783,8.357,8.621,1819797.0
2021-10-03 12:00:00,8.621,8.872,8.54,8.626,1886550.0
2021-10-03 16:00:00,8.626,9.068,8.545,8.919,2652829.0
2021-10-03 20:00:00,8.919,8.957,8.554,8.731,1656663.0
2021-10-04 00:00:00,8.735,8.738,8.207,8.236,1904430.0
2021-10-04 04:00:00,8.236,8.497,8.154,8.493,1582467.0
2021-10-04 08:00:00,8.487,8.65,8.357,8.454,2039132.0
2021-10-04 12:00:00,8.455,8.914,8.227,8.464,2844813.0
2021-10-04 16:00:00,8.46,9.289,8.441,9.08,5544490.0
2021-10-04 20:00:00,9.079,9.271,8.816,9.201,3160103.0
2021-10-05 00:00:00,9.201,9.243,8.718,8.859,2673333.0
2021-10-05 04:00:00,8.862,8.949,8.712,8.861,2352293.0
2021-10-05 08:00:00,8.867,9.12,8.75,8.941,2933905.0
2021-10-05 12:00:00,8.941,9.046,8.553,8.707,3239578.0
2021-10-05 16:00:00,8.707,8.847,8.599,8.803,2071705.0
2021-10-05 20:00:00,8.802,8.96,8.801,8.922,1383303.0
2021-10-06 00:00:00,8.92,8.954,8.645,8.659,949728.0
2021-10-06 04:00:00,8.66,8.775,8.414,8.496,1378275.0
2021-10-06 08:00:00,8.496,8.541,8.09,8.308,2530368.0
2021-10-06 12:00:00,8.306,8.934,8.276,8.889,2978284.0
2021-10-06 16:00:00,8.889,8.927,8.734,8.798,1421085.0
2021-10-06 20:00:00,8.797,8.835,8.596,8.624,1353566.0
2021-10-07 00:00:00,8.625,8.645,8.305,8.368,1501113.0
2021-10-07 04:00:00,8.367,8.683,8.295,8.665,1605603.0
2021-10-07 08:00:00,8.666,8.796,8.404,8.535,1907379.0
2021-10-07 12:00:00,8.536,8.614,8.318,8.424,1856709.0
2021-10-07 16:00:00,8.422,8.468,8.297,8.385,1204002.0
2021-10-07 20:00:00,8.384,8.53,8.364,8.482,1036065.0
2021-10-08 00:00:00,8.481,8.571,8.401,8.506,868434.0
2021-10-08 04:00:00,8.507,8.856,8.486,8.745,2499800.0
2021-10-08 08:00:00,8.744,8.773,8.462,8.467,1723726.0
2021-10-08 12:00:00,8.465,8.514,8.343,8.488,1627292.0
2021-10-08 16:00:00,8.485,8.493,8.363,8.417,780683.0
2021-10-08 20:00:00,8.416,8.424,8.169,8.332,950846.0
2021-10-09 00:00:00,8.333,8.356,8.182,8.344,755280.0
2021-10-09 04:00:00,8.339,8.364,8.221,8.329,961818.0
2021-10-09 08:00:00,8.328,8.335,8.187,8.233,1049930.0
2021-10-09 12:00:00,8.231,8.423,8.231,8.292,1283231.0
2021-10-09 16:00:00,8.292,8.324,8.123,8.16,1120277.0
2021-10-09 20:00:00,8.157,8.181,8.02,8.124,1036088.0
2021-10-10 00:00:00,8.122,8.129,7.95,8.098,1196493.0
2021-10-10 04:00:00,8.095,8.232,8.063,8.205,1109172.0
2021-10-10 08:00:00,8.206,8.279,7.98,8.127,1237442.0
2021-10-10 12:00:00,8.127,8.146,7.838,7.983,1660819.0
2021-10-10 16:00:00,7.983,7.988,7.723,7.825,1235551.0
2021-10-10 20:00:00,7.823,7.917,7.431,7.501,2107624.0
2021-10-11 00:00:00,7.501,7.791,7.365,7.788,1608329.0
2021-10-11 04:00:00,7.79,7.952,7.756,7.881,1406832.0
2021-10-11 08:00:00,7.881,7.973,7.681,7.738,1500221.0
2021-10-11 12:00:00,7.74,7.809,7.641,7.663,1140567.0
2021-10-11 16:00:00,7.663,7.696,7.37,7.391,1575197.0
2021-10-11 20:00:00,7.389,7.451,7.265,7.428,1439855.0
2021-10-12 00:00:00,7.427,7.43,7.031,7.128,1749656.0
2021-10-12 04:00:00,7.128,7.246,7.018,7.112,1371408.0
2021-10-12 08:00:00,7.113,7.228,6.84,7.029,2674369.0
2021-10-12 12:00:00,7.029,7.349,6.853,7.247,2890832.0
2021-10-12 16:00:00,7.247,7.319,7.101,7.12,1925390.0
2021-10-12 20:00:00,7.121,7.419,7.039,7.258,1912895.0
2021-10-13 00:00:00,7.259,7.5,7.201,7.424,1606962.0
2021-10-13 04:00:00,7.424,7.495,7.118,7.125,1987403.0
2021-10-13 08:00:00,7.124,7.362,7.108,7.346,1738056.0
2021-10-13 12:00:00,7.349,7.385,7.188,7.2,2217273.0
2021-10-13 16:00:00,7.199,7.231,7.009,7.147,2504063.0
2021-10-13 20:00:00,7.148,7.338,7.102,7.32,1427971.0
2021-10-14 00:00:00,7.323,7.465,7.264,7.445,1282943.0
2021-10-14 04:00:00,7.445,7.645,7.444,7.624,2032400.0
2021-10-14 08:00:00,7.624,7.753,7.546,7.715,1597854.0
2021-10-14 12:00:00,7.715,7.855,7.617,7.733,1863991.0
2021-10-14 16:00:00,7.734,7.758,7.516,7.626,1683679.0
2021-10-14 20:00:00,7.626,7.781,7.49,7.745,1416138.0
2021-10-15 00:00:00,7.742,8.145,7.607,7.958,4758357.0
2021-10-15 04:00:00,7.959,8.07,7.858,7.892,2399819.0
2021-10-15 08:00:00,7.894,7.902,7.549,7.72,2672429.0
2021-10-15 12:00:00,7.721,7.925,7.674,7.85,1783339.0
2021-10-15 16:00:00,7.85,7.98,7.811,7.94,1562042.0
2021-10-15 20:00:00,7.938,8.194,7.905,7.983,1811279.0
2021-10-16 00:00:00,7.981,8.172,7.845,8.078,1363095.0
2021-10-16 04:00:00,8.078,8.243,7.993,8.156,1285417.0
2021-10-16 08:00:00,8.156,8.5,8.13,8.482,2102446.0
2021-10-16 12:00:00,8.485,8.5,8.197,8.224,2551420.0
2021-10-16 16:00:00,8.224,8.23,8.001,8.011,1772482.0
2021-10-16 20:00:00,8.014,8.142,7.946,8.074,1059563.0
2021-10-17 00:00:00,8.075,8.107,7.91,8.054,1019359.0
2021-10-17 04:00:00,8.054,8.1,7.963,7.968,803180.0
2021-10-17 08:00:00,7.968,8.127,7.963,7.987,910859.0
2021-10-17 12:00:00,7.988,8.011,7.722,7.777,1428061.0
2021-10-17 16:00:00,7.778,7.853,7.66,7.699,1056852.0
2021-10-17 20:00:00,7.699,7.78,7.398,7.76,2184468.0
2021-10-18 00:00:00,7.761,7.949,7.724,7.82,1209696.0
2021-10-18 04:00:00,7.82,7.965,7.773,7.79,1014649.0
2021-10-18 08:00:00,7.788,7.943,7.604,7.676,1823164.0
2021-10-18 12:00:00,7.675,7.731,7.44,7.545,1867722.0
2021-10-18 16:00:00,7.545,7.626,7.461,7.579,1341729.0
2021-10-18 20:00:00,7.579,7.694,7.558,7.676,776889.0
2021-10-19 00:00:00,7.674,7.802,7.554,7.75,994173.0
2021-10-19 04:00:00,7.751,7.789,7.58,7.655,848011.0
2021-10-19 08:00:00,7.657,7.731,7.57,7.605,899723.0
2021-10-19 12:00:00,7.605,7.776,7.459,7.501,1519026.0
2021-10-19 16:00:00,7.5,7.55,7.39,7.413,1232155.0
2021-10-19 20:00:00,7.41,7.628,7.154,7.478,4006543.0
2021-10-20 00:00:00,7.478,7.488,7.306,7.32,1199544.0
2021-10-20 04:00:00,7.318,7.45,7.3,7.416,895791.0
2021-10-20 08:00:00,7.415,7.537,7.367,7.514,1131655.0
2021-10-20 12:00:00,7.516,8.058,7.499,8.052,4370220.0
2021-10-20 16:00:00,8.051,8.06,7.869,7.973,2404939.0
2021-10-20 20:00:00,7.972,8.11,7.861,7.975,1918735.0
2021-10-21 00:00:00,7.976,8.314,7.937,8.183,2880638.0
2021-10-21 04:00:00,8.183,8.442,8.08,8.384,2683856.0
2021-10-21 08:00:00,8.386,8.864,8.379,8.561,8570361.0
2021-10-21 12:00:00,8.562,8.727,8.2,8.621,7573462.0
2021-10-21 16:00:00,8.622,9.18,8.564,9.076,10680609.0
2021-10-21 20:00:00,9.076,9.514,8.896,9.267,12087001.0
2021-10-22 00:00:00,9.267,11.292,9.03,10.861,29639638.0
2021-10-22 04:00:00,10.865,10.92,10.261,10.634,16022902.0
2021-10-22 08:00:00,10.63,10.634,10.127,10.268,10342937.0
2021-10-22 12:00:00,10.27,10.605,9.86,10.379,15665074.0
2021-10-22 16:00:00,10.379,11.12,10.1,10.594,16179406.0
2021-10-22 20:00:00,10.594,10.988,10.475,10.837,8376275.0
2021-10-23 00:00:00,10.842,10.874,10.467,10.7,4401413.0
2021-10-23 04:00:00,10.703,11.639,10.65,11.261,11254546.0
2021-10-23 08:00:00,11.261,11.488,10.753,10.94,7382990.0
2021-10-23 12:00:00,10.937,11.062,10.725,10.894,4544140.0
2021-10-23 16:00:00,10.894,10.935,10.612,10.723,2253758.0
2021-10-23 20:00:00,10.723,10.95,10.632,10.873,1759231.0
2021-10-24 00:00:00,10.876,11.5,10.85,11.104,5119496.0
2021-10-24 04:00:00,11.105,11.247,10.87,11.124,2594524.0
2021-10-24 08:00:00,11.125,12.025,11.097,11.872,6093436.0
2021-10-24 12:00:00,11.869,11.97,11.15,11.26,5535485.0
2021-10-24 16:00:00,11.265,11.679,11.094,11.549,3962780.0
2021-10-24 20:00:00,11.55,12.476,11.463,12.409,8906910.0
2021-10-25 00:00:00,12.409,13.4,12.323,13.134,9864299.0
2021-10-25 04:00:00,13.136,13.471,12.672,12.723,6978737.0
2021-10-25 08:00:00,12.726,13.15,12.512,12.523,5149127.0
2021-10-25 12:00:00,12.528,13.12,12.514,12.937,4647785.0
2021-10-25 16:00:00,12.936,13.245,12.733,12.802,4501024.0
2021-10-25 20:00:00,12.808,13.88,12.75,13.849,4654121.0
2021-10-26 00:00:00,13.849,13.995,13.431,13.453,2957863.0
2021-10-26 04:00:00,13.454,13.548,13.283,13.357,1997230.0
2021-10-26 08:00:00,13.357,13.71,12.695,12.857,4232059.0
2021-10-26 12:00:00,12.857,12.975,12.612,12.895,2764717.0
2021-10-26 16:00:00,12.892,12.895,12.622,12.669,1900505.0
2021-10-26 20:00:00,12.669,12.838,12.109,12.496,3660059.0
2021-10-27 00:00:00,12.502,12.784,12.229,12.572,2437363.0
2021-10-27 04:00:00,12.572,12.943,12.027,12.038,2604288.0
2021-10-27 08:00:00,12.036,12.223,10.78,11.781,6081838.0
2021-10-27 12:00:00,11.774,13.444,11.68,13.237,5499971.0
2021-10-27 16:00:00,13.237,13.531,12.3,12.657,6726217.0
2021-10-27 20:00:00,12.661,13.0,12.167,12.318,3037143.0
2021-10-28 00:00:00,12.318,12.743,12.084,12.412,2516023.0
2021-10-28 04:00:00,12.415,12.569,11.801,11.833,2705294.0
2021-10-28 08:00:00,11.828,12.92,11.806,12.592,3004910.0
2021-10-28 12:00:00,12.593,12.617,12.035,12.297,3181955.0
2021-10-28 16:00:00,12.298,12.888,12.101,12.838,3278745.0
2021-10-28 20:00:00,12.832,13.457,12.55,13.235,3174606.0
2021-10-29 00:00:00,13.229,13.559,13.104,13.104,2307818.0
2021-10-29 04:00:00,13.109,13.213,12.828,12.951,1695366.0
2021-10-29 08:00:00,12.953,13.2,12.803,12.914,1608983.0
2021-10-29 12:00:00,12.908,13.779,12.751,13.762,2731506.0
2021-10-29 16:00:00,13.767,14.198,13.583,13.841,3551156.0
2021-10-29 20:00:00,13.839,13.871,13.512,13.592,1310048.0
2021-10-30 00:00:00,13.592,14.443,13.464,14.369,2538729.0
2021-10-30 04:00:00,14.368,14.797,14.137,14.625,3287818.0
2021-10-30 08:00:00,14.616,15.015,14.431,14.844,4170261.0
2021-10-30 12:00:00,14.839,14.841,13.969,14.144,2755167.0
2021-10-30 16:00:00,14.149,14.844,14.11,14.518,1826897.0
2021-10-30 20:00:00,14.519,14.55,13.715,14.032,1695186.0
2021-10-31 00:00:00,14.033,14.096,13.66,13.734,1690615.0
2021-10-31 04:00:00,13.744,13.828,13.47,13.774,1157308.0
2021-10-31 08:00:00,13.773,13.785,13.244,13.344,1259544.0
2021-10-31 12:00:00,13.341,13.52,13.039,13.414,1426380.0
2021-10-31 16:00:00,13.414,13.664,13.281,13.502,866885.0
2021-10-31 20:00:00,13.508,14.867,13.472,14.861,1912171.0
2021-11-01 00:00:00,14.855,15.02,14.2,14.377,2601948.0
2021-11-01 04:00:00,14.373,16.499,14.247,16.058,9055298.0
2021-11-01 08:00:00,16.058,16.866,15.75,16.008,5867126.0
2021-11-01 12:00:00,16.004,16.527,15.871,15.982,3259731.0
2021-11-01 16:00:00,15.995,16.09,15.467,15.712,2432900.0
2021-11-01 20:00:00,15.712,15.999,15.383,15.822,1514142.0
2021-11-02 00:00:00,15.821,16.959,15.819,16.545,2754311.0
2021-11-02 04:00:00,16.546,16.684,16.057,16.082,977885.0
2021-11-02 08:00:00,16.087,16.368,15.986,16.047,1011678.0
2021-11-02 12:00:00,16.051,17.295,16.043,17.197,2169682.0
2021-11-02 16:00:00,17.189,17.238,16.275,16.442,1923530.0
2021-11-02 20:00:00,16.439,16.645,16.163,16.563,1215670.0
2021-11-03 00:00:00,16.569,17.217,16.239,16.923,1578717.0
2021-11-03 04:00:00,16.916,17.01,16.256,16.721,1323108.0
2021-11-03 08:00:00,16.719,16.82,16.206,16.339,1400591.0
2021-11-03 12:00:00,16.345,16.473,15.552,15.845,2601037.0
2021-11-03 16:00:00,15.848,16.123,15.457,15.742,1704242.0
2021-11-03 20:00:00,15.743,15.899,15.458,15.513,1404114.0
2021-11-04 00:00:00,15.516,15.519,15.023,15.061,1474093.0
2021-11-04 04:00:00,15.062,15.384,14.854,14.869,1314733.0
2021-11-04 08:00:00,14.87,15.096,14.51,14.624,2029682.0
2021-11-04 12:00:00,14.624,14.914,14.115,14.234,2083580.0
2021-11-04 16:00:00,14.233,14.488,14.073,14.348,1894468.0
2021-11-04 20:00:00,14.348,14.543,14.169,14.219,1194935.0
2021-11-05 00:00:00,14.219,14.255,13.8,14.171,1549633.0
2021-11-05 04:00:00,14.176,14.234,14.01,14.091,740905.0
2021-11-05 08:00:00,14.089,14.603,13.96,14.324,1891643.0
2021-11-05 12:00:00,14.321,14.908,13.84,14.028,2747102.0
2021-11-05 16:00:00,14.029,14.143,13.515,13.698,1470015.0
2021-11-05 20:00:00,13.695,14.011,13.422,13.832,994081.0
2021-11-06 00:00:00,13.833,14.037,13.65,14.0,777500.0
2021-11-06 04:00:00,13.997,14.366,13.834,14.069,1238164.0
2021-11-06 08:00:00,14.078,14.311,13.3,13.445,1419693.0
2021-11-06 12:00:00,13.447,13.83,13.27,13.733,984130.0
2021-11-06 16:00:00,13.736,13.824,13.373,13.662,788401.0
2021-11-06 20:00:00,13.666,14.008,13.637,13.78,754166.0
2021-11-07 00:00:00,13.782,14.241,13.661,14.163,1152181.0
2021-11-07 04:00:00,14.162,14.3,13.944,14.183,738954.0
2021-11-07 08:00:00,14.182,14.443,14.002,14.412,986516.0
2021-11-07 12:00:00,14.409,14.696,14.309,14.351,1715021.0
2021-11-07 16:00:00,14.353,14.642,13.949,14.063,1249142.0
2021-11-07 20:00:00,14.064,14.146,13.958,14.06,767548.0
2021-11-08 00:00:00,14.061,14.08,13.526,13.753,1547447.0
2021-11-08 04:00:00,13.745,14.062,13.676,13.927,1127025.0
2021-11-08 08:00:00,13.94,14.238,13.706,14.209,1371609.0
2021-11-08 12:00:00,14.21,14.216,13.751,13.77,1161255.0
2021-11-08 16:00:00,13.768,13.836,13.617,13.671,1125642.0
2021-11-08 20:00:00,13.673,13.794,13.42,13.748,1082583.0
2021-11-09 00:00:00,13.751,13.751,13.428,13.493,934233.0
2021-11-09 04:00:00,13.496,13.656,13.42,13.506,962521.0
2021-11-09 08:00:00,13.505,13.728,12.888,13.174,2918546.0
2021-11-09 12:00:00,13.174,13.194,12.648,12.914,2482266.0
2021-11-09 16:00:00,12.919,13.062,12.684,12.854,1921065.0
2021-11-09 20:00:00,12.854,13.195,12.803,12.891,1235656.0
2021-11-10 00:00:00,12.895,13.173,12.724,12.751,1068639.0
2021-11-10 04:00:00,12.753,12.998,12.685,12.873,980370.0
2021-11-10 08:00:00,12.875,13.823,12.875,13.624,2793607.0
2021-11-10 12:00:00,13.625,13.905,13.329,13.703,2788589.0
2021-11-10 16:00:00,13.704,13.834,12.8,12.829,2458850.0
2021-11-10 20:00:00,12.83,13.082,11.5,12.289,5756384.0
2021-11-11 00:00:00,12.284,12.626,12.025,12.604,1536551.0
2021-11-11 04:00:00,12.614,13.485,12.549,13.453,1711428.0
2021-11-11 08:00:00,13.453,13.517,12.915,13.098,1930206.0
2021-11-11 12:00:00,13.1,13.134,12.651,12.866,1528674.0
2021-11-11 16:00:00,12.863,13.18,12.804,13.04,1090043.0
2021-11-11 20:00:00,13.04,13.126,12.731,12.731,890525.0
2021-11-12 00:00:00,12.731,13.057,12.524,12.808,946090.0
2021-11-12 04:00:00,12.8,12.907,12.367,12.515,882908.0
2021-11-12 08:00:00,12.515,12.695,12.011,12.13,1752755.0
2021-11-12 12:00:00,12.132,12.315,11.82,11.889,1591273.0
2021-11-12 16:00:00,11.891,12.255,11.727,12.124,1508222.0
2021-11-12 20:00:00,12.122,12.24,11.924,11.965,1070851.0
2021-11-13 00:00:00,11.966,12.078,11.834,11.908,772909.0
2021-11-13 04:00:00,11.904,12.288,11.81,12.185,867977.0
2021-11-13 08:00:00,12.185,12.479,12.011,12.332,959658.0
2021-11-13 12:00:00,12.332,12.739,12.229,12.663,1451256.0
2021-11-13 16:00:00,12.662,12.999,12.605,12.732,1761601.0
2021-11-13 20:00:00,12.731,13.214,12.7,12.97,1419359.0
2021-11-14 00:00:00,12.971,13.88,12.971,13.632,2954679.0
2021-11-14 04:00:00,13.635,13.794,13.02,13.112,2240169.0
2021-11-14 08:00:00,13.109,13.153,12.853,12.975,1408872.0
2021-11-14 12:00:00,12.976,13.063,12.726,12.749,938299.0
2021-11-14 16:00:00,12.745,12.795,12.368,12.598,1626946.0
2021-11-14 20:00:00,12.594,12.701,12.492,12.662,907999.0
2021-11-15 00:00:00,12.662,12.865,12.627,12.848,1156224.0
2021-11-15 04:00:00,12.848,13.088,12.701,12.721,1149523.0
2021-11-15 08:00:00,12.721,13.287,12.523,13.077,1926048.0
2021-11-15 12:00:00,13.075,13.283,12.563,12.592,1680349.0
2021-11-15 16:00:00,12.591,12.684,12.187,12.345,1401548.0
2021-11-15 20:00:00,12.347,12.349,12.002,12.111,1484005.0
2021-11-16 00:00:00,12.112,12.114,11.113,11.366,3716262.0
2021-11-16 04:00:00,11.367,11.563,11.18,11.475,1689135.0
2021-11-16 08:00:00,11.486,11.677,10.0,11.161,4982525.0
2021-11-16 12:00:00,11.163,11.66,10.899,11.101,3024964.0
2021-11-16 16:00:00,11.101,11.24,10.767,10.975,1450981.0
2021-11-16 20:00:00,10.973,11.21,10.513,10.827,1811114.0
2021-11-17 00:00:00,10.827,11.067,10.266,10.384,2246672.0
2021-11-17 04:00:00,10.383,10.987,10.221,10.816,2116176.0
2021-11-17 08:00:00,10.816,11.095,10.236,11.063,2748064.0
2021-11-17 12:00:00,11.059,11.144,10.375,10.647,1922511.0
2021-11-17 16:00:00,10.648,10.965,10.498,10.816,1753410.0
2021-11-17 20:00:00,10.817,10.996,10.7,10.88,1162216.0
2021-11-18 00:00:00,10.88,11.253,10.789,10.902,1662267.0
2021-11-18 04:00:00,10.903,11.386,10.735,10.861,2018268.0
2021-11-18 08:00:00,10.863,11.021,10.25,10.279,2198749.0
2021-11-18 12:00:00,10.28,10.451,9.6,9.771,3811008.0
2021-11-18 16:00:00,9.774,10.185,9.231,10.02,5511952.0
2021-11-18 20:00:00,10.022,10.07,9.648,9.796,1975690.0
2021-11-19 00:00:00,9.797,10.195,9.702,9.952,2490564.0
2021-11-19 04:00:00,9.95,10.241,9.904,10.013,1567545.0
2021-11-19 08:00:00,10.013,10.566,10.002,10.442,1680375.0
2021-11-19 12:00:00,10.443,10.99,10.392,10.906,1998115.0
2021-11-19 16:00:00,10.902,11.173,10.891,11.135,1785537.0
2021-11-19 20:00:00,11.134,11.219,10.852,11.116,1433246.0
2021-11-20 00:00:00,11.115,11.36,10.954,11.354,1472482.0
2021-11-20 04:00:00,11.354,11.476,11.12,11.269,1123205.0
2021-11-20 08:00:00,11.27,11.48,11.136,11.301,969990.0
2021-11-20 12:00:00,11.301,11.389,10.672,10.708,1644265.0
2021-11-20 16:00:00,10.71,11.369,10.631,11.347,1756615.0
2021-11-20 20:00:00,11.35,11.684,11.21,11.514,1128695.0
2021-11-21 00:00:00,11.517,11.563,11.169,11.197,946667.0
2021-11-21 04:00:00,11.197,11.335,11.163,11.278,734492.0
2021-11-21 08:00:00,11.277,11.301,10.915,11.005,1166075.0
2021-11-21 12:00:00,11.003,11.105,10.777,11.032,1173853.0
2021-11-21 16:00:00,11.034,11.233,10.947,10.966,1121010.0
2021-11-21 20:00:00,10.966,11.198,10.838,10.851,996746.0
2021-11-22 00:00:00,10.852,10.922,10.3,10.429,2136287.0
2021-11-22 04:00:00,10.431,10.796,10.22,10.527,1686785.0
2021-11-22 08:00:00,10.525,10.944,10.512,10.735,963378.0
2021-11-22 12:00:00,10.738,11.399,10.561,10.849,2744438.0
2021-11-22 16:00:00,10.849,11.243,10.166,10.208,2920475.0
2021-11-22 20:00:00,10.207,10.507,10.128,10.332,1631564.0
2021-11-23 00:00:00,10.332,10.498,10.058,10.39,1426279.0
2021-11-23 04:00:00,10.394,10.44,10.09,10.14,1156138.0
2021-11-23 08:00:00,10.14,10.575,9.91,10.147,2811183.0
2021-11-23 12:00:00,10.147,10.529,10.116,10.414,1758557.0
2021-11-23 16:00:00,10.413,10.619,10.328,10.583,1525817.0
2021-11-23 20:00:00,10.579,10.677,10.375,10.55,1181684.0
2021-11-24 00:00:00,10.552,10.94,10.471,10.746,1787583.0
2021-11-24 04:00:00,10.746,11.257,10.63,11.159,2149100.0
2021-11-24 08:00:00,11.159,11.528,11.067,11.421,3240114.0
2021-11-24 12:00:00,11.422,11.966,11.01,11.052,6008872.0
2021-11-24 16:00:00,11.055,11.128,10.627,10.874,3056286.0
2021-11-24 20:00:00,10.874,11.45,10.73,11.081,2011360.0
2021-11-25 00:00:00,11.078,11.577,10.822,11.53,1673823.0
2021-11-25 04:00:00,11.532,11.752,11.347,11.699,1419538.0
2021-11-25 08:00:00,11.703,12.265,11.614,12.177,2311869.0
2021-11-25 12:00:00,12.169,12.47,11.922,11.954,2846485.0
2021-11-25 16:00:00,11.954,12.183,11.74,11.924,1649365.0
2021-11-25 20:00:00,11.917,13.099,11.845,12.942,2757803.0
2021-11-26 00:00:00,12.943,13.395,12.839,12.935,2847559.0
2021-11-26 04:00:00,12.935,13.503,12.095,12.286,3160809.0
2021-11-26 08:00:00,12.29,12.296,10.81,11.125,5677767.0
2021-11-26 12:00:00,11.126,12.101,11.044,11.475,2932098.0
2021-11-26 16:00:00,11.476,11.612,11.122,11.371,1573025.0
2021-11-26 20:00:00,11.37,11.439,10.857,11.037,1386128.0
2021-11-27 00:00:00,11.029,11.512,10.873,11.339,1210478.0
2021-11-27 04:00:00,11.34,11.524,11.133,11.394,728360.0
2021-11-27 08:00:00,11.394,12.109,11.359,11.799,1595385.0
2021-11-27 12:00:00,11.8,12.011,11.605,11.61,912190.0
2021-11-27 16:00:00,11.611,11.864,11.316,11.326,951288.0
2021-11-27 20:00:00,11.323,11.461,11.004,11.231,1018971.0
2021-11-28 00:00:00,11.229,11.236,10.281,10.432,1762566.0
2021-11-28 04:00:00,10.432,10.962,10.324,10.879,1225593.0
2021-11-28 08:00:00,10.882,11.055,10.62,10.84,995787.0
2021-11-28 12:00:00,10.847,10.921,10.552,10.852,1226827.0
2021-11-28 16:00:00,10.851,10.852,9.992,10.504,2146713.0
2021-11-28 20:00:00,10.511,11.193,10.472,11.165,1838344.0
2021-11-29 00:00:00,11.167,11.433,10.918,10.988,1533669.0
2021-11-29 04:00:00,10.988,11.15,10.96,11.029,799492.0
2021-11-29 08:00:00,11.03,11.053,10.669,10.727,1283024.0
2021-11-29 12:00:00,10.726,10.944,10.582,10.68,1154133.0
2021-11-29 16:00:00,10.679,11.035,10.58,10.748,1634526.0
2021-11-29 20:00:00,10.748,10.993,10.621,10.655,1242654.0
2021-11-30 00:00:00,10.66,10.837,10.311,10.469,1300302.0
2021-11-30 04:00:00,10.469,10.534,10.134,10.463,1386708.0
2021-11-30 08:00:00,10.462,11.193,10.418,11.162,2327142.0
2021-11-30 12:00:00,11.163,11.6,11.045,11.11,2727022.0
2021-11-30 16:00:00,11.109,11.382,10.787,11.227,2202228.0
2021-11-30 20:00:00,11.227,11.512,11.054,11.299,1565783.0
2021-12-01 00:00:00,11.302,11.65,11.188,11.501,1562349.0
2021-12-01 04:00:00,11.502,11.511,11.191,11.335,981783.0
2021-12-01 08:00:00,11.338,11.393,11.003,11.132,1395741.0
2021-12-01 12:00:00,11.136,11.412,11.052,11.288,1443033.0
2021-12-01 16:00:00,11.292,11.47,10.834,10.978,1718330.0
2021-12-01 20:00:00,10.978,10.982,10.65,10.83,1424238.0
2021-12-02 00:00:00,10.829,10.852,10.413,10.627,1406522.0
2021-12-02 04:00:00,10.628,10.796,10.574,10.694,837103.0
2021-12-02 08:00:00,10.692,10.844,10.656,10.712,1111364.0
2021-12-02 12:00:00,10.712,10.719,10.373,10.538,1531941.0
2021-12-02 16:00:00,10.537,10.63,10.374,10.542,948036.0
2021-12-02 20:00:00,10.542,10.68,10.464,10.504,785084.0
2021-12-03 00:00:00,10.504,10.534,10.2,10.282,1078495.0
2021-12-03 04:00:00,10.282,10.53,10.251,10.525,796105.0
2021-12-03 08:00:00,10.524,10.591,10.317,10.489,1039792.0
2021-12-03 12:00:00,10.492,10.702,10.115,10.162,1800276.0
2021-12-03 16:00:00,10.161,10.164,9.7,9.771,2831435.0
2021-12-03 20:00:00,9.774,10.231,9.3,10.043,3454339.0
2021-12-04 00:00:00,10.042,10.118,8.974,8.979,2100899.0
2021-12-04 04:00:00,8.979,9.305,5.991,7.497,12001218.0
2021-12-04 08:00:00,7.488,8.026,7.373,7.714,4501475.0
2021-12-04 12:00:00,7.709,8.628,7.709,8.439,3826176.0
2021-12-04 16:00:00,8.445,8.682,8.13,8.629,2086815.0
2021-12-04 20:00:00,8.628,8.781,8.215,8.764,2169499.0
2021-12-05 00:00:00,8.759,8.892,8.064,8.679,2983467.0
2021-12-05 04:00:00,8.678,8.81,8.49,8.582,1174248.0
2021-12-05 08:00:00,8.583,8.72,8.23,8.415,1797652.0
2021-12-05 12:00:00,8.419,8.67,7.529,7.729,2878496.0
2021-12-05 16:00:00,7.723,7.92,7.564,7.766,2351551.0
2021-12-05 20:00:00,7.774,7.909,7.487,7.833,2249826.0
2021-12-06 00:00:00,7.835,7.86,7.243,7.658,2857862.0
2021-12-06 04:00:00,7.658,7.76,6.973,7.167,2152601.0
2021-12-06 08:00:00,7.165,7.479,6.547,7.043,5180189.0
2021-12-06 12:00:00,7.041,7.225,6.75,7.184,3248394.0
2021-12-06 16:00:00,7.186,7.274,7.02,7.219,2255053.0
2021-12-06 20:00:00,7.22,7.715,7.122,7.607,2887110.0
2021-12-07 00:00:00,7.605,7.738,7.364,7.46,1938375.0
2021-12-07 04:00:00,7.46,7.69,7.381,7.602,1696444.0
2021-12-07 08:00:00,7.602,7.822,7.476,7.748,2766228.0
2021-12-07 12:00:00,7.748,7.887,7.254,7.816,3421079.0
2021-12-07 16:00:00,7.813,7.842,7.368,7.453,2069300.0
2021-12-07 20:00:00,7.451,7.514,7.1,7.261,2263773.0
2021-12-08 00:00:00,7.259,7.37,7.056,7.096,1551140.0
2021-12-08 04:00:00,7.094,7.479,7.085,7.465,1219017.0
2021-12-08 08:00:00,7.46,7.555,7.02,7.209,2729599.0
2021-12-08 12:00:00,7.209,7.947,7.134,7.776,4739996.0
2021-12-08 16:00:00,7.773,7.805,7.525,7.754,1926927.0
2021-12-08 20:00:00,7.754,8.04,7.655,8.04,2146119.0
2021-12-09 00:00:00,8.038,8.367,7.652,7.696,2846650.0
2021-12-09 04:00:00,7.696,8.091,7.664,8.002,1716403.0
2021-12-09 08:00:00,8.003,8.029,7.501,7.688,2252845.0
2021-12-09 12:00:00,7.685,7.777,7.253,7.383,2138010.0
2021-12-09 16:00:00,7.383,7.442,7.023,7.044,2175487.0
2021-12-09 20:00:00,7.045,7.239,6.944,6.986,1972552.0
2021-12-10 00:00:00,6.98,7.262,6.971,7.099,1580432.0
2021-12-10 04:00:00,7.1,7.25,6.86,6.934,1765949.0
2021-12-10 08:00:00,6.935,7.23,6.907,7.215,1724466.0
2021-12-10 12:00:00,7.216,7.478,6.904,6.969,2788520.0
2021-12-10 16:00:00,6.968,6.971,6.645,6.829,2741537.0
2021-12-10 20:00:00,6.828,6.971,6.516,6.535,1728680.0
2021-12-11 00:00:00,6.534,6.738,6.376,6.651,2282219.0
2021-12-11 04:00:00,6.652,6.826,6.635,6.745,1213496.0
2021-12-11 08:00:00,6.745,6.866,6.677,6.786,1178321.0
2021-12-11 12:00:00,6.791,7.014,6.77,7.006,1335241.0
2021-12-11 16:00:00,7.009,7.09,6.751,6.785,1499533.0
2021-12-11 20:00:00,6.785,7.102,6.776,7.023,1243572.0
2021-12-12 00:00:00,7.021,7.223,6.874,6.91,1878087.0
2021-12-12 04:00:00,6.909,6.915,6.703,6.838,1163462.0
2021-12-12 08:00:00,6.838,6.838,6.639,6.747,1170660.0
2021-12-12 12:00:00,6.747,7.166,6.725,7.095,2704482.0
2021-12-12 16:00:00,7.095,7.235,7.051,7.121,1482007.0
2021-12-12 20:00:00,7.12,7.219,7.073,7.104,1030755.0
2021-12-13 00:00:00,7.105,7.232,6.806,6.965,1669831.0
2021-12-13 04:00:00,6.963,7.028,6.68,6.715,1507583.0
2021-12-13 08:00:00,6.716,6.865,6.667,6.754,1608998.0
2021-12-13 12:00:00,6.754,6.791,6.205,6.317,3042330.0
2021-12-13 16:00:00,6.318,6.454,6.005,6.169,3406997.0
2021-12-13 20:00:00,6.168,6.471,6.14,6.269,3007548.0
2021-12-14 00:00:00,6.269,6.367,6.147,6.242,1484052.0
2021-12-14 04:00:00,6.243,6.408,6.103,6.371,1733461.0
2021-12-14 08:00:00,6.371,6.446,6.183,6.398,1624054.0
2021-12-14 12:00:00,6.4,6.452,6.097,6.154,2402631.0
2021-12-14 16:00:00,6.154,6.234,6.011,6.078,1994140.0
2021-12-14 20:00:00,6.079,6.339,6.048,6.25,1850026.0
2021-12-15 00:00:00,6.25,6.322,6.121,6.24,1204653.0
2021-12-15 04:00:00,6.237,6.295,6.155,6.251,1323003.0
2021-12-15 08:00:00,6.252,6.374,6.2,6.218,1571124.0
2021-12-15 12:00:00,6.219,6.266,5.76,5.781,2635098.0
2021-12-15 16:00:00,5.78,6.488,5.764,6.392,4089891.0
2021-12-15 20:00:00,6.393,6.894,6.349,6.616,2871356.0
2021-12-16 00:00:00,6.616,6.74,6.563,6.591,1250426.0
2021-12-16 04:00:00,6.591,6.797,6.464,6.699,1417944.0
2021-12-16 08:00:00,6.699,7.12,6.694,7.052,2711831.0
2021-12-16 12:00:00,7.051,7.209,6.865,7.055,3039264.0
2021-12-16 16:00:00,7.055,7.063,6.563,6.602,2116414.0
2021-12-16 20:00:00,6.598,6.736,6.468,6.502,1929632.0
2021-12-17 00:00:00,6.506,6.629,6.442,6.535,1130327.0
2021-12-17 04:00:00,6.535,6.58,6.259,6.327,1829757.0
2021-12-17 08:00:00,6.327,6.438,6.246,6.286,1311032.0
2021-12-17 12:00:00,6.285,6.486,6.025,6.307,3307902.0
2021-12-17 16:00:00,6.309,6.479,6.189,6.217,1794690.0
2021-12-17 20:00:00,6.216,6.311,6.08,6.235,1528700.0
2021-12-18 00:00:00,6.237,6.319,6.057,6.277,1570926.0
2021-12-18 04:00:00,6.277,6.343,6.209,6.307,820775.0
2021-12-18 08:00:00,6.304,6.532,6.276,6.487,1092197.0
2021-12-18 12:00:00,6.49,6.544,6.348,6.46,1415264.0
2021-12-18 16:00:00,6.459,6.485,6.322,6.371,898090.0
2021-12-18 20:00:00,6.371,6.495,6.348,6.46,880886.0
2021-12-19 00:00:00,6.459,6.515,6.28,6.481,959227.0
2021-12-19 04:00:00,6.487,6.528,6.366,6.406,745907.0
2021-12-19 08:00:00,6.405,6.421,6.306,6.356,825275.0
2021-12-19 12:00:00,6.357,6.418,6.258,6.277,1168464.0
2021-12-19 16:00:00,6.277,6.331,6.127,6.164,760062.0
2021-12-19 20:00:00,6.165,6.305,6.131,6.164,841613.0
2021-12-20 00:00:00,6.163,6.378,6.066,6.242,1428525.0
2021-12-20 04:00:00,6.242,6.318,5.986,6.127,1294192.0
2021-12-20 08:00:00,6.126,6.169,5.921,6.026,1206145.0
2021-12-20 12:00:00,6.026,6.072,5.835,5.904,1522444.0
2021-12-20 16:00:00,5.906,6.229,5.877,6.219,1464586.0
2021-12-20 20:00:00,6.218,6.613,6.216,6.357,4213906.0
2021-12-21 00:00:00,6.36,6.501,6.262,6.479,2326667.0
2021-12-21 04:00:00,6.478,6.868,6.477,6.799,3754865.0
2021-12-21 08:00:00,6.801,7.046,6.746,6.92,4391893.0
2021-12-21 12:00:00,6.923,6.944,6.661,6.737,3854700.0
2021-12-21 16:00:00,6.737,6.817,6.669,6.782,1986312.0
2021-12-21 20:00:00,6.782,6.904,6.69,6.855,2110661.0
2021-12-22 00:00:00,6.853,7.476,6.833,7.401,2915518.0
2021-12-22 04:00:00,7.401,7.525,7.336,7.452,2146424.0
2021-12-22 08:00:00,7.451,7.507,7.254,7.402,2150643.0
2021-12-22 12:00:00,7.403,7.478,7.077,7.375,2241171.0
2021-12-22 16:00:00,7.374,7.715,7.312,7.52,2883830.0
2021-12-22 20:00:00,7.52,7.552,7.172,7.212,1464921.0
2021-12-23 00:00:00,7.215,7.279,7.01,7.242,2107526.0
2021-12-23 04:00:00,7.243,7.253,6.96,7.007,2129259.0
2021-12-23 08:00:00,7.008,7.164,6.991,7.062,1482345.0
2021-12-23 12:00:00,7.062,7.375,7.015,7.347,1944307.0
2021-12-23 16:00:00,7.348,7.854,7.224,7.823,3691670.0
2021-12-23 20:00:00,7.825,7.87,7.61,7.798,1954342.0
2021-12-24 00:00:00,7.797,7.981,7.71,7.856,1884994.0
2021-12-24 04:00:00,7.854,7.946,7.667,7.944,1070332.0
2021-12-24 08:00:00,7.945,8.178,7.71,7.752,2146159.0
2021-12-24 12:00:00,7.751,7.783,7.337,7.659,2548588.0
2021-12-24 16:00:00,7.659,7.944,7.569,7.695,2048574.0
2021-12-24 20:00:00,7.695,7.898,7.437,7.611,1731876.0
2021-12-25 00:00:00,7.612,7.999,7.533,7.671,1456291.0
2021-12-25 04:00:00,7.67,8.097,7.661,7.899,1304824.0
2021-12-25 08:00:00,7.898,8.055,7.738,7.78,1075951.0
2021-12-25 12:00:00,7.782,7.853,7.71,7.726,923673.0
2021-12-25 16:00:00,7.726,7.894,7.642,7.814,1436569.0
2021-12-25 20:00:00,7.811,7.97,7.767,7.882,1027916.0
2021-12-26 00:00:00,7.887,7.932,7.481,7.508,1634483.0
2021-12-26 04:00:00,7.504,7.652,7.437,7.641,1154997.0
2021-12-26 08:00:00,7.634,7.765,7.553,7.64,994582.0
2021-12-26 12:00:00,7.631,7.707,7.581,7.65,706766.0
2021-12-26 16:00:00,7.65,7.907,7.645,7.861,1156198.0
2021-12-26 20:00:00,7.86,7.874,7.652,7.768,1031325.0
2021-12-27 00:00:00,7.771,7.831,7.69,7.787,788721.0
2021-12-27 04:00:00,7.786,8.004,7.728,7.94,1450348.0
2021-12-27 08:00:00,7.936,8.197,7.932,8.089,2218206.0
2021-12-27 12:00:00,8.089,8.7,8.0,8.663,4488553.0
2021-12-27 16:00:00,8.663,8.867,8.608,8.649,5399212.0
2021-12-27 20:00:00,8.649,8.68,8.213,8.278,2769751.0
2021-12-28 00:00:00,8.28,8.285,7.62,7.741,3464049.0
2021-12-28 04:00:00,7.739,7.739,7.482,7.566,2411824.0
2021-12-28 08:00:00,7.565,7.829,7.507,7.8,2161506.0
2021-12-28 12:00:00,7.803,7.993,7.5,7.669,3128627.0
2021-12-28 16:00:00,7.669,7.715,7.127,7.29,3992424.0
2021-12-28 20:00:00,7.29,7.423,7.153,7.194,2022252.0
2021-12-29 00:00:00,7.197,7.51,7.143,7.49,1554367.0
2021-12-29 04:00:00,7.491,7.502,7.195,7.259,1074191.0
2021-12-29 08:00:00,7.262,7.423,7.15,7.291,1744859.0
2021-12-29 12:00:00,7.29,7.291,6.806,7.247,4178430.0
2021-12-29 16:00:00,7.247,7.273,6.941,6.971,1668486.0
2021-12-29 20:00:00,6.965,7.071,6.688,6.804,2732877.0
2021-12-30 00:00:00,6.804,6.823,6.625,6.686,1868031.0
2021-12-30 04:00:00,6.687,6.995,6.683,6.967,1150444.0
2021-12-30 08:00:00,6.967,7.074,6.832,7.018,1451465.0
2021-12-30 12:00:00,7.02,7.12,6.88,6.913,2100588.0
2021-12-30 16:00:00,6.914,7.043,6.902,6.965,1165739.0
2021-12-30 20:00:00,6.965,6.992,6.721,6.854,1276933.0
2021-12-31 00:00:00,6.852,6.892,6.739,6.781,1237111.0
2021-12-31 04:00:00,6.782,6.913,6.743,6.849,958660.0
2021-12-31 08:00:00,6.85,7.302,6.803,7.124,2246707.0
2021-12-31 12:00:00,7.123,7.216,7.085,7.128,1024433.0
2021-12-31 16:00:00,7.127,7.21,6.651,6.659,2024232.0
2021-12-31 20:00:00,6.658,6.857,6.621,6.793,1362321.0
2022-01-01 00:00:00,6.793,7.03,6.793,7.009,942638.0
2022-01-01 04:00:00,7.003,7.04,6.909,6.966,900976.0
2022-01-01 08:00:00,6.964,7.02,6.821,6.861,941645.0
2022-01-01 12:00:00,6.861,7.089,6.854,7.077,949409.0
2022-01-01 16:00:00,7.075,7.463,7.043,7.326,3196239.0
2022-01-01 20:00:00,7.327,7.399,7.248,7.352,1292265.0
2022-01-02 00:00:00,7.353,7.585,7.306,7.483,2136633.0
2022-01-02 04:00:00,7.484,7.577,7.351,7.39,1838714.0
2022-01-02 08:00:00,7.391,7.723,7.329,7.529,3777977.0
2022-01-02 12:00:00,7.53,7.662,7.37,7.446,2945425.0
2022-01-02 16:00:00,7.444,7.653,7.337,7.408,2466633.0
2022-01-02 20:00:00,7.407,7.435,7.316,7.381,1128559.0
2022-01-03 00:00:00,7.382,7.41,7.105,7.154,1559094.0
2022-01-03 04:00:00,7.154,7.211,7.115,7.154,1047411.0
2022-01-03 08:00:00,7.154,7.439,7.137,7.396,1845830.0
2022-01-03 12:00:00,7.397,7.414,7.178,7.205,2064385.0
2022-01-03 16:00:00,7.205,7.297,6.956,7.174,2637616.0
2022-01-03 20:00:00,7.176,7.35,7.035,7.304,1804612.0
2022-01-04 00:00:00,7.302,7.347,7.092,7.298,1476123.0
2022-01-04 04:00:00,7.297,7.6,7.234,7.481,2192122.0
2022-01-04 08:00:00,7.483,8.02,7.442,8.0,4110912.0
2022-01-04 12:00:00,8.0,8.273,7.82,8.157,4596823.0
2022-01-04 16:00:00,8.157,8.198,7.665,7.917,5043330.0
2022-01-04 20:00:00,7.917,8.019,7.751,7.766,2435527.0
2022-01-05 00:00:00,7.768,7.949,7.694,7.786,2030491.0
2022-01-05 04:00:00,7.783,8.139,7.741,8.057,2253908.0
2022-01-05 08:00:00,8.057,8.212,7.867,7.92,3140000.0
2022-01-05 12:00:00,7.919,8.068,7.777,8.028,2832035.0
2022-01-05 16:00:00,8.03,8.046,7.13,7.202,4756007.0
2022-01-05 20:00:00,7.206,7.309,6.7,7.093,6576974.0
2022-01-06 00:00:00,7.09,7.136,6.73,6.735,2734223.0
2022-01-06 04:00:00,6.739,6.864,6.625,6.839,2310072.0
2022-01-06 08:00:00,6.839,6.849,6.527,6.655,2817794.0
2022-01-06 12:00:00,6.652,7.21,6.601,7.091,5569863.0
2022-01-06 16:00:00,7.089,7.198,6.999,7.09,1859309.0
2022-01-06 20:00:00,7.09,7.151,6.955,6.959,1493041.0
2022-01-07 00:00:00,6.961,7.036,6.564,6.637,2909889.0
2022-01-07 04:00:00,6.641,6.685,6.333,6.631,2944012.0
2022-01-07 08:00:00,6.632,6.902,6.593,6.721,2272609.0
2022-01-07 12:00:00,6.721,7.016,6.567,6.723,3295910.0
2022-01-07 16:00:00,6.722,6.896,6.543,6.666,2210611.0
2022-01-07 20:00:00,6.667,6.721,6.464,6.519,1336329.0
2022-01-08 00:00:00,6.519,6.707,6.447,6.582,1360681.0
2022-01-08 04:00:00,6.586,6.679,6.564,6.643,837862.0
2022-01-08 08:00:00,6.645,6.779,6.586,6.631,1405504.0
2022-01-08 12:00:00,6.631,6.686,6.337,6.358,1495719.0
2022-01-08 16:00:00,6.359,6.395,5.81,5.918,4297401.0
2022-01-08 20:00:00,5.917,6.271,5.859,6.063,2097406.0
2022-01-09 00:00:00,6.061,6.223,5.99,6.125,1278683.0
2022-01-09 04:00:00,6.125,6.198,6.034,6.046,1016480.0
2022-01-09 08:00:00,6.046,6.211,5.901,6.164,1539185.0
2022-01-09 12:00:00,6.164,6.186,5.956,6.093,1451624.0
2022-01-09 16:00:00,6.09,6.401,6.062,6.377,1700003.0
2022-01-09 20:00:00,6.378,6.397,6.158,6.204,1004001.0
2022-01-10 00:00:00,6.204,6.431,6.064,6.115,1853556.0
2022-01-10 04:00:00,6.115,6.208,6.084,6.189,1155356.0
2022-01-10 08:00:00,6.188,6.205,5.947,5.989,1351368.0
2022-01-10 12:00:00,5.985,6.013,5.458,5.723,4875141.0
2022-01-10 16:00:00,5.723,5.897,5.586,5.625,2708693.0
2022-01-10 20:00:00,5.629,5.735,5.586,5.712,1536509.0
2022-01-11 00:00:00,5.711,5.869,5.643,5.856,1121137.0
2022-01-11 04:00:00,5.857,5.885,5.757,5.849,1160615.0
2022-01-11 08:00:00,5.852,5.94,5.775,5.912,1767748.0
2022-01-11 12:00:00,5.912,6.21,5.908,6.163,3355017.0
2022-01-11 16:00:00,6.163,6.423,6.135,6.206,3689892.0
2022-01-11 20:00:00,6.209,6.337,6.129,6.173,2619842.0
2022-01-12 00:00:00,6.176,6.276,6.041,6.242,2416839.0
2022-01-12 04:00:00,6.241,6.342,6.203,6.251,1681372.0
2022-01-12 08:00:00,6.251,6.617,6.241,6.512,3125610.0
2022-01-12 12:00:00,6.513,6.805,6.5,6.724,3049423.0
2022-01-12 16:00:00,6.725,6.832,6.681,6.809,1799365.0
2022-01-12 20:00:00,6.81,7.019,6.697,6.976,2086853.0
2022-01-13 00:00:00,6.977,7.129,6.768,6.801,3165436.0
2022-01-13 04:00:00,6.803,6.927,6.697,6.73,1329932.0
2022-01-13 08:00:00,6.729,6.845,6.623,6.645,1988712.0
2022-01-13 12:00:00,6.648,6.914,6.461,6.606,2775937.0
2022-01-13 16:00:00,6.609,6.683,6.412,6.452,2231583.0
2022-01-13 20:00:00,6.451,6.488,6.281,6.319,1758548.0
2022-01-14 00:00:00,6.318,6.395,6.243,6.359,1492679.0
2022-01-14 04:00:00,6.359,6.468,6.316,6.361,1387397.0
2022-01-14 08:00:00,6.363,6.369,6.104,6.147,2083500.0
2022-01-14 12:00:00,6.149,6.379,6.1,6.321,1907383.0
2022-01-14 16:00:00,6.321,6.414,6.239,6.349,1267935.0
2022-01-14 20:00:00,6.349,6.442,6.342,6.387,906685.0
2022-01-15 00:00:00,6.387,6.451,6.334,6.415,1031602.0
2022-01-15 04:00:00,6.414,6.419,6.303,6.391,884011.0
2022-01-15 08:00:00,6.39,6.395,6.314,6.373,734926.0
2022-01-15 12:00:00,6.376,6.66,6.275,6.636,2180426.0
2022-01-15 16:00:00,6.635,6.647,6.521,6.566,940135.0
2022-01-15 20:00:00,6.566,6.625,6.507,6.512,850887.0
2022-01-16 00:00:00,6.512,6.566,6.354,6.377,1085296.0
2022-01-16 04:00:00,6.378,6.421,6.353,6.402,596624.0
2022-01-16 08:00:00,6.403,6.548,6.223,6.282,1803312.0
2022-01-16 12:00:00,6.283,6.398,6.195,6.352,1382458.0
2022-01-16 16:00:00,6.356,6.468,6.253,6.266,1294741.0
2022-01-16 20:00:00,6.263,6.328,6.231,6.292,1002653.0
2022-01-17 00:00:00,6.292,6.319,6.033,6.041,1213575.0
2022-01-17 04:00:00,6.041,6.11,5.981,6.073,1218715.0
2022-01-17 08:00:00,6.072,6.117,6.015,6.03,1008929.0
2022-01-17 12:00:00,6.03,6.066,5.8,5.83,2398428.0
2022-01-17 16:00:00,5.831,5.916,5.764,5.89,1765208.0
2022-01-17 20:00:00,5.891,5.923,5.755,5.874,1425767.0
2022-01-18 00:00:00,5.875,5.963,5.8,5.82,1413079.0
2022-01-18 04:00:00,5.821,5.911,5.725,5.889,1367619.0
2022-01-18 08:00:00,5.888,5.894,5.64,5.813,1917782.0
2022-01-18 12:00:00,5.81,5.826,5.572,5.657,2567731.0
2022-01-18 16:00:00,5.658,5.75,5.613,5.686,1851567.0
2022-01-18 20:00:00,5.686,5.881,5.554,5.808,2187738.0
2022-01-19 00:00:00,5.808,5.825,5.549,5.587,1503334.0
2022-01-19 04:00:00,5.587,5.655,5.39,5.424,2143836.0
2022-01-19 08:00:00,5.424,5.517,5.333,5.478,2065353.0
2022-01-19 12:00:00,5.478,5.575,5.438,5.501,2112146.0
2022-01-19 16:00:00,5.498,5.525,5.42,5.482,1579808.0
2022-01-19 20:00:00,5.482,5.497,5.363,5.375,1513555.0
2022-01-20 00:00:00,5.374,5.42,5.226,5.385,2001102.0
2022-01-20 04:00:00,5.385,5.482,5.35,5.462,925793.0
2022-01-20 08:00:00,5.462,5.699,5.453,5.639,3164700.0
2022-01-20 12:00:00,5.638,5.876,5.526,5.854,3654123.0
2022-01-20 16:00:00,5.857,5.893,5.701,5.768,2562510.0
2022-01-20 20:00:00,5.765,5.782,5.017,5.068,4853834.0
2022-01-21 00:00:00,5.067,5.12,4.662,4.734,5496790.0
2022-01-21 04:00:00,4.733,4.996,4.727,4.865,3386608.0
2022-01-21 08:00:00,4.865,4.971,4.801,4.863,2769144.0
2022-01-21 12:00:00,4.866,4.88,4.53,4.765,5615480.0
2022-01-21 16:00:00,4.767,4.938,4.704,4.727,4579879.0
2022-01-21 20:00:00,4.729,4.779,4.146,4.247,8655878.0
2022-01-22 00:00:00,4.25,4.344,4.16,4.215,2886356.0
2022-01-22 04:00:00,4.217,4.247,3.842,3.877,6092349.0
2022-01-22 08:00:00,3.876,4.017,3.524,3.951,7505217.0
2022-01-22 12:00:00,3.952,4.159,3.788,3.805,4964151.0
2022-01-22 16:00:00,3.805,3.944,3.666,3.733,5091514.0
2022-01-22 20:00:00,3.732,4.025,3.694,3.892,3786928.0
2022-01-23 00:00:00,3.893,4.017,3.8,3.859,2153184.0
2022-01-23 04:00:00,3.859,4.096,3.824,4.048,2417101.0
2022-01-23 08:00:00,4.045,4.226,4.016,4.107,3095776.0
2022-01-23 12:00:00,4.107,4.172,3.924,3.997,2600030.0
2022-01-23 16:00:00,3.994,4.044,3.75,3.781,3328888.0
2022-01-23 20:00:00,3.781,3.937,3.734,3.923,3399107.0
2022-01-24 00:00:00,3.923,3.923,3.735,3.792,2087075.0
2022-01-24 04:00:00,3.79,3.815,3.623,3.637,2509629.0
2022-01-24 08:00:00,3.638,3.728,3.316,3.358,6316095.0
2022-01-24 12:00:00,3.357,3.495,3.251,3.468,7711322.0
2022-01-24 16:00:00,3.467,3.729,3.371,3.644,5265327.0
2022-01-24 20:00:00,3.644,3.815,3.611,3.777,2933024.0
2022-01-25 00:00:00,3.773,3.865,3.65,3.828,3097843.0
2022-01-25 04:00:00,3.828,3.86,3.701,3.793,2204961.0
2022-01-25 08:00:00,3.792,4.113,3.767,3.92,4677897.0
2022-01-25 12:00:00,3.921,4.003,3.807,3.984,4593056.0
2022-01-25 16:00:00,3.985,4.235,3.95,4.183,4865422.0
2022-01-25 20:00:00,4.183,4.319,4.066,4.178,5863054.0
2022-01-26 00:00:00,4.178,4.197,4.035,4.167,2798620.0
2022-01-26 04:00:00,4.167,4.228,4.114,4.217,2134558.0
2022-01-26 08:00:00,4.217,4.352,4.215,4.316,2998655.0
2022-01-26 12:00:00,4.317,4.429,4.252,4.387,3093104.0
2022-01-26 16:00:00,4.382,4.6,4.2,4.356,6592727.0
2022-01-26 20:00:00,4.356,4.356,3.952,4.078,5643609.0
2022-01-27 00:00:00,4.075,4.127,3.852,3.904,3203231.0
2022-01-27 04:00:00,3.903,3.994,3.88,3.959,1712475.0
2022-01-27 08:00:00,3.96,4.044,3.909,4.032,1992727.0
2022-01-27 12:00:00,4.032,4.123,3.981,4.026,2062547.0
2022-01-27 16:00:00,4.027,4.081,3.899,3.937,2237424.0
2022-01-27 20:00:00,3.938,4.01,3.785,3.986,3021237.0
2022-01-28 00:00:00,3.986,4.122,3.88,4.054,2523931.0
2022-01-28 04:00:00,4.055,4.076,3.92,3.931,1707524.0
2022-01-28 08:00:00,3.93,3.959,3.853,3.883,1801762.0
2022-01-28 12:00:00,3.885,3.924,3.812,3.898,2077589.0
2022-01-28 16:00:00,3.899,3.979,3.866,3.928,2112073.0
2022-01-28 20:00:00,3.928,4.081,3.915,4.031,1701894.0
2022-01-29 00:00:00,4.031,4.192,4.016,4.129,1338288.0
2022-01-29 04:00:00,4.128,4.215,4.114,4.208,1268420.0
2022-01-29 08:00:00,4.207,4.225,4.146,4.182,965608.0
2022-01-29 12:00:00,4.181,4.243,4.031,4.086,2005178.0
2022-01-29 16:00:00,4.087,4.217,4.039,4.181,1760201.0
2022-01-29 20:00:00,4.179,4.33,4.15,4.232,2229880.0
2022-01-30 00:00:00,4.232,4.273,4.146,4.154,1275984.0
2022-01-30 04:00:00,4.153,4.251,4.151,4.244,1192113.0
2022-01-30 08:00:00,4.245,4.267,4.164,4.232,1135649.0
2022-01-30 12:00:00,4.232,4.247,4.064,4.139,1679213.0
2022-01-30 16:00:00,4.139,4.156,3.995,4.018,1393974.0
2022-01-30 20:00:00,4.018,4.067,3.93,4.01,1815264.0
2022-01-31 00:00:00,4.01,4.026,3.82,3.865,1888568.0
2022-01-31 04:00:00,3.864,3.881,3.806,3.877,1073279.0
2022-01-31 08:00:00,3.877,3.917,3.84,3.887,1217474.0
2022-01-31 12:00:00,3.889,4.02,3.81,3.992,2723454.0
2022-01-31 16:00:00,3.997,4.142,3.972,4.085,2735016.0
2022-01-31 20:00:00,4.085,4.142,4.043,4.121,1356902.0
2022-02-01 00:00:00,4.121,4.197,4.09,4.178,1231522.0
2022-02-01 04:00:00,4.177,4.199,4.101,4.169,1435591.0
2022-02-01 08:00:00,4.171,4.258,4.056,4.188,2320663.0
2022-02-01 12:00:00,4.184,4.266,4.145,4.203,2653913.0
2022-02-01 16:00:00,4.205,4.28,4.145,4.147,1818437.0
2022-02-01 20:00:00,4.147,4.228,4.136,4.144,1140072.0
2022-02-02 00:00:00,4.144,4.177,4.098,4.14,1271365.0
2022-02-02 04:00:00,4.139,4.186,4.114,4.128,1069592.0
2022-02-02 08:00:00,4.13,4.161,4.113,4.149,947583.0
2022-02-02 12:00:00,4.149,4.278,3.92,3.928,3349798.0
2022-02-02 16:00:00,3.928,4.01,3.871,3.976,2278029.0
2022-02-02 20:00:00,3.976,3.996,3.803,3.825,2513997.0
2022-02-03 00:00:00,3.828,3.87,3.758,3.813,1730069.0
2022-02-03 04:00:00,3.813,3.852,3.796,3.846,1156212.0
2022-02-03 08:00:00,3.845,3.97,3.7,3.828,3122449.0
2022-02-03 12:00:00,3.829,3.849,3.74,3.825,2654893.0
2022-02-03 16:00:00,3.824,3.853,3.734,3.764,1757130.0
2022-02-03 20:00:00,3.764,3.864,3.729,3.854,1674062.0
2022-02-04 00:00:00,3.851,3.859,3.8,3.839,1406055.0
2022-02-04 04:00:00,3.839,3.943,3.819,3.906,2040625.0
2022-02-04 08:00:00,3.906,3.994,3.903,3.952,2529296.0
2022-02-04 12:00:00,3.952,4.102,3.854,4.057,3801913.0
2022-02-04 16:00:00,4.055,4.207,4.049,4.192,3300010.0
2022-02-04 20:00:00,4.191,4.299,4.161,4.288,1996554.0
2022-02-05 00:00:00,4.289,4.425,4.265,4.417,2124300.0
2022-02-05 04:00:00,4.416,4.586,4.38,4.432,2545834.0
2022-02-05 08:00:00,4.432,4.638,4.43,4.629,2803385.0
2022-02-05 12:00:00,4.63,4.785,4.564,4.775,5659638.0
2022-02-05 16:00:00,4.775,4.78,4.462,4.624,6130856.0
2022-02-05 20:00:00,4.625,4.843,4.571,4.674,4807562.0
2022-02-06 00:00:00,4.674,5.06,4.648,4.823,3772986.0
2022-02-06 04:00:00,4.822,5.0,4.711,4.776,3420718.0
2022-02-06 08:00:00,4.775,4.926,4.742,4.847,2975106.0
2022-02-06 12:00:00,4.848,4.977,4.624,4.715,3875860.0
2022-02-06 16:00:00,4.715,4.809,4.666,4.766,2157735.0
2022-02-06 20:00:00,4.766,4.902,4.698,4.866,2263082.0
2022-02-07 00:00:00,4.866,4.993,4.699,4.967,2131670.0
2022-02-07 04:00:00,4.966,5.02,4.912,4.951,1853153.0
2022-02-07 08:00:00,4.95,4.965,4.801,4.885,1783005.0
2022-02-07 12:00:00,4.885,5.218,4.83,5.173,3470005.0
2022-02-07 16:00:00,5.171,5.21,5.03,5.037,2784265.0
2022-02-07 20:00:00,5.037,5.086,4.918,5.013,3002080.0
2022-02-08 00:00:00,5.016,5.036,4.893,4.955,1621181.0
2022-02-08 04:00:00,4.956,5.113,4.892,4.918,2341563.0
2022-02-08 08:00:00,4.916,4.944,4.657,4.797,4084863.0
2022-02-08 12:00:00,4.798,4.821,4.578,4.646,3323186.0
2022-02-08 16:00:00,4.649,4.677,4.577,4.602,2404387.0
2022-02-08 20:00:00,4.602,4.835,4.588,4.805,2556011.0
2022-02-09 00:00:00,4.806,4.889,4.7,4.756,1689806.0
2022-02-09 04:00:00,4.754,4.782,4.643,4.743,1344510.0
2022-02-09 08:00:00,4.744,4.768,4.66,4.762,1515396.0
2022-02-09 12:00:00,4.761,4.883,4.745,4.822,2233154.0
2022-02-09 16:00:00,4.821,4.956,4.781,4.915,1862192.0
2022-02-09 20:00:00,4.914,4.947,4.858,4.911,1518956.0
2022-02-10 00:00:00,4.908,4.923,4.748,4.801,1477195.0
2022-02-10 04:00:00,4.801,4.863,4.782,4.834,1077234.0
2022-02-10 08:00:00,4.834,4.986,4.814,4.932,1883491.0
2022-02-10 12:00:00,4.932,4.957,4.516,4.83,5326411.0
2022-02-10 16:00:00,4.832,4.882,4.622,4.635,3058942.0
2022-02-10 20:00:00,4.635,4.667,4.486,4.526,2276018.0
2022-02-11 00:00:00,4.526,4.559,4.403,4.48,2710657.0
2022-02-11 04:00:00,4.48,4.548,4.456,4.545,1685031.0
2022-02-11 08:00:00,4.545,4.574,4.462,4.475,1606980.0
2022-02-11 12:00:00,4.479,4.567,4.464,4.513,1688481.0
2022-02-11 16:00:00,4.512,4.529,4.23,4.254,3926860.0
2022-02-11 20:00:00,4.253,4.269,3.998,4.092,3710532.0
2022-02-12 00:00:00,4.092,4.164,4.041,4.101,1462540.0
2022-02-12 04:00:00,4.102,4.16,3.94,4.072,1926830.0
2022-02-12 08:00:00,4.073,4.134,4.0,4.107,1778738.0
2022-02-12 12:00:00,4.107,4.118,3.963,4.04,1692602.0
2022-02-12 16:00:00,4.043,4.219,4.018,4.117,2041766.0
2022-02-12 20:00:00,4.117,4.148,3.994,4.062,1787455.0
2022-02-13 00:00:00,4.063,4.15,4.024,4.049,1321562.0
2022-02-13 04:00:00,4.05,4.083,4.013,4.061,967677.0
2022-02-13 08:00:00,4.059,4.113,4.03,4.085,1237941.0
2022-02-13 12:00:00,4.085,4.129,4.03,4.067,1394084.0
2022-02-13 16:00:00,4.068,4.074,3.862,3.901,2402053.0
2022-02-13 20:00:00,3.901,3.991,3.888,3.914,1129401.0
2022-02-14 00:00:00,3.915,3.963,3.814,3.898,1353876.0
2022-02-14 04:00:00,3.898,3.94,3.837,3.922,773032.0
2022-02-14 08:00:00,3.923,3.949,3.859,3.906,968187.0
2022-02-14 12:00:00,3.909,4.065,3.87,4.001,1658174.0
2022-02-14 16:00:00,4.001,4.115,3.909,3.974,2356673.0
2022-02-14 20:00:00,3.974,4.116,3.945,4.107,1406544.0
2022-02-15 00:00:00,4.107,4.285,4.091,4.252,1908196.0
2022-02-15 04:00:00,4.251,4.32,4.219,4.304,1766576.0
2022-02-15 08:00:00,4.303,4.487,4.295,4.466,3563530.0
2022-02-15 12:00:00,4.465,4.51,4.388,4.463,2781387.0
2022-02-15 16:00:00,4.463,4.469,4.321,4.374,2223203.0
2022-02-15 20:00:00,4.374,4.498,4.369,4.463,1393037.0
2022-02-16 00:00:00,4.463,4.467,4.377,4.39,1110119.0
2022-02-16 04:00:00,4.392,4.516,4.282,4.496,2028164.0
2022-02-16 08:00:00,4.496,4.533,4.383,4.399,1871183.0
2022-02-16 12:00:00,4.4,4.424,4.264,4.36,2268041.0
2022-02-16 16:00:00,4.361,4.56,4.308,4.545,2289186.0
2022-02-16 20:00:00,4.547,4.593,4.483,4.583,1970257.0
2022-02-17 00:00:00,4.579,4.667,4.538,4.544,2298550.0
2022-02-17 04:00:00,4.545,4.62,4.47,4.582,2306794.0
2022-02-17 08:00:00,4.583,4.6,4.401,4.446,2473131.0
2022-02-17 12:00:00,4.446,4.555,4.286,4.321,3307789.0
2022-02-17 16:00:00,4.321,4.397,4.165,4.25,3066248.0
2022-02-17 20:00:00,4.252,4.252,4.056,4.153,2217834.0
2022-02-18 00:00:00,4.153,4.2,4.089,4.179,1571531.0
2022-02-18 04:00:00,4.179,4.243,4.142,4.219,1016407.0
2022-02-18 08:00:00,4.221,4.279,4.059,4.077,1861246.0
2022-02-18 12:00:00,4.078,4.137,3.954,3.997,2550036.0
2022-02-18 16:00:00,3.997,4.064,3.93,4.038,2259043.0
2022-02-18 20:00:00,4.04,4.08,3.982,4.036,1265650.0
2022-02-19 00:00:00,4.036,4.172,4.024,4.137,1372625.0
2022-02-19 04:00:00,4.136,4.201,4.125,4.186,1093431.0
2022-02-19 08:00:00,4.188,4.19,3.941,3.965,1923738.0
2022-02-19 12:00:00,3.963,3.982,3.884,3.971,2582092.0
2022-02-19 16:00:00,3.972,4.082,3.954,3.967,1642527.0
2022-02-19 20:00:00,3.967,4.029,3.945,4.018,598139.0
2022-02-20 00:00:00,4.019,4.029,3.881,3.9,1261495.0
2022-02-20 04:00:00,3.9,3.933,3.767,3.834,2027446.0
2022-02-20 08:00:00,3.834,3.851,3.75,3.85,1437284.0
2022-02-20 12:00:00,3.851,3.88,3.716,3.821,1405220.0
2022-02-20 16:00:00,3.821,3.865,3.799,3.834,958720.0
2022-02-20 20:00:00,3.833,3.906,3.771,3.808,1311672.0
2022-02-21 00:00:00,3.808,3.999,3.781,3.901,1695512.0
2022-02-21 04:00:00,3.901,3.97,3.893,3.966,1288280.0
2022-02-21 08:00:00,3.965,3.98,3.671,3.693,2948840.0
2022-02-21 12:00:00,3.692,3.899,3.575,3.811,4683013.0
2022-02-21 16:00:00,3.81,3.86,3.672,3.733,2999316.0
2022-02-21 20:00:00,3.732,3.754,3.47,3.493,2840243.0
2022-02-22 00:00:00,3.491,3.558,3.379,3.413,2528958.0
2022-02-22 04:00:00,3.412,3.511,3.403,3.46,1603078.0
2022-02-22 08:00:00,3.46,3.615,3.458,3.573,1879895.0
2022-02-22 12:00:00,3.573,3.656,3.512,3.599,2151386.0
2022-02-22 16:00:00,3.6,3.626,3.521,3.614,1872734.0
2022-02-22 20:00:00,3.615,3.668,3.568,3.64,1088845.0
2022-02-23 00:00:00,3.642,3.686,3.562,3.586,1094106.0
2022-02-23 04:00:00,3.587,3.663,3.574,3.653,993260.0
2022-02-23 08:00:00,3.654,3.859,3.641,3.818,2422647.0
2022-02-23 12:00:00,3.818,3.867,3.702,3.72,1968031.0
2022-02-23 16:00:00,3.72,3.8,3.588,3.609,2180245.0
2022-02-23 20:00:00,3.609,3.637,3.466,3.477,1605515.0
2022-02-24 00:00:00,3.479,3.485,3.147,3.163,3674928.0
2022-02-24 04:00:00,3.164,3.186,3.007,3.114,4677896.0
2022-02-24 08:00:00,3.115,3.182,3.025,3.096,2769542.0
2022-02-24 12:00:00,3.095,3.193,3.038,3.171,3037184.0
2022-02-24 16:00:00,3.171,3.342,3.111,3.335,3258473.0
2022-02-24 20:00:00,3.336,3.515,3.336,3.458,3628853.0
2022-02-25 00:00:00,3.458,3.581,3.42,3.534,1896383.0
2022-02-25 04:00:00,3.535,3.609,3.442,3.527,1939494.0
2022-02-25 08:00:00,3.526,3.536,3.419,3.52,2272882.0
2022-02-25 12:00:00,3.522,3.64,3.481,3.59,2734069.0
2022-02-25 16:00:00,3.59,3.606,3.473,3.495,1388804.0
2022-02-25 20:00:00,3.495,3.707,3.478,3.666,1868198.0
2022-02-26 00:00:00,3.667,3.803,3.652,3.769,1543002.0
2022-02-26 04:00:00,3.767,3.829,3.673,3.75,1241553.0
2022-02-26 08:00:00,3.751,3.784,3.663,3.707,1308401.0
2022-02-26 12:00:00,3.707,3.829,3.671,3.795,1481858.0
2022-02-26 16:00:00,3.795,3.859,3.719,3.852,1661802.0
2022-02-26 20:00:00,3.852,3.949,3.76,3.819,3676034.0
2022-02-27 00:00:00,3.819,3.855,3.627,3.672,1774840.0
2022-02-27 04:00:00,3.671,3.741,3.626,3.728,1357236.0
2022-02-27 08:00:00,3.729,3.868,3.682,3.86,2110244.0
2022-02-27 12:00:00,3.862,3.945,3.707,3.729,3640658.0
2022-02-27 16:00:00,3.724,3.728,3.467,3.488,2921744.0
2022-02-27 20:00:00,3.486,3.564,3.419,3.476,3037292.0
2022-02-28 00:00:00,3.477,3.514,3.422,3.433,1724688.0
2022-02-28 04:00:00,3.434,3.51,3.377,3.489,1739014.0
2022-02-28 08:00:00,3.49,3.538,3.463,3.494,1450863.0
2022-02-28 12:00:00,3.493,3.743,3.437,3.735,3896351.0
2022-02-28 16:00:00,3.736,3.76,3.659,3.727,2564430.0
2022-02-28 20:00:00,3.727,4.023,3.721,3.997,3106565.0
2022-03-01 00:00:00,3.999,4.13,3.997,4.098,2644568.0
2022-03-01 04:00:00,4.098,4.4,4.069,4.38,6123768.0
2022-03-01 08:00:00,4.38,4.915,4.256,4.853,17607005.0
2022-03-01 12:00:00,4.853,5.191,4.751,5.003,26218580.0
2022-03-01 16:00:00,5.004,5.092,4.7,4.933,13718226.0
2022-03-01 20:00:00,4.933,5.582,4.869,5.506,21492956.0
2022-03-02 00:00:00,5.506,5.836,5.266,5.811,18055424.0
2022-03-02 04:00:00,5.81,5.94,5.529,5.608,17438483.0
2022-03-02 08:00:00,5.606,5.733,5.331,5.383,15188166.0
2022-03-02 12:00:00,5.382,5.639,5.25,5.27,17455199.0
2022-03-02 16:00:00,5.269,5.477,5.229,5.371,8790172.0
2022-03-02 20:00:00,5.371,5.5,5.277,5.437,6149476.0
2022-03-03 00:00:00,5.438,5.627,5.316,5.579,7052842.0
2022-03-03 04:00:00,5.58,5.798,5.344,5.439,9136591.0
2022-03-03 08:00:00,5.439,5.697,5.43,5.594,6804488.0
2022-03-03 12:00:00,5.594,6.055,5.517,5.778,21884899.0
2022-03-03 16:00:00,5.778,5.788,5.249,5.396,17250839.0
2022-03-03 20:00:00,5.395,5.416,5.168,5.318,6838607.0
2022-03-04 00:00:00,5.318,5.78,5.202,5.678,9692781.0
2022-03-04 04:00:00,5.678,5.929,5.553,5.639,9690199.0
2022-03-04 08:00:00,5.639,5.746,5.435,5.741,9721497.0
2022-03-04 12:00:00,5.74,6.05,5.57,5.984,15775479.0
2022-03-04 16:00:00,5.983,6.016,5.61,5.644,12622865.0
2022-03-04 20:00:00,5.645,5.78,5.206,5.259,12970064.0
2022-03-05 00:00:00,5.259,5.26,4.936,5.004,9312517.0
2022-03-05 04:00:00,5.006,5.08,4.89,5.044,5818450.0
2022-03-05 08:00:00,5.045,5.085,4.922,4.971,4678084.0
2022-03-05 12:00:00,4.97,5.024,4.795,4.847,7659048.0
2022-03-05 16:00:00,4.847,5.017,4.829,4.89,5890271.0
2022-03-05 20:00:00,4.89,4.929,4.715,4.788,6110382.0
2022-03-06 00:00:00,4.788,4.873,4.71,4.762,3703082.0
2022-03-06 04:00:00,4.76,4.864,4.65,4.752,4128052.0
2022-03-06 08:00:00,4.753,4.986,4.53,4.639,10116897.0
2022-03-06 12:00:00,4.639,4.914,4.631,4.824,7664822.0
2022-03-06 16:00:00,4.826,5.039,4.751,4.814,9168277.0
2022-03-06 20:00:00,4.816,4.847,4.606,4.691,5193225.0
2022-03-07 00:00:00,4.692,4.884,4.454,4.488,8288164.0
2022-03-07 04:00:00,4.488,4.634,4.473,4.535,3982922.0
2022-03-07 08:00:00,4.536,4.635,4.424,4.444,5251983.0
2022-03-07 12:00:00,4.444,4.707,4.443,4.575,7502853.0
2022-03-07 16:00:00,4.576,4.656,4.194,4.225,8733398.0
2022-03-07 20:00:00,4.224,4.336,4.182,4.266,5759994.0
2022-03-08 00:00:00,4.267,4.396,4.236,4.335,4115888.0
2022-03-08 04:00:00,4.335,4.365,4.137,4.244,5163432.0
2022-03-08 08:00:00,4.244,4.374,4.212,4.32,4947941.0
2022-03-08 12:00:00,4.319,4.33,4.078,4.125,7307321.0
2022-03-08 16:00:00,4.124,4.329,4.087,4.21,6717341.0
2022-03-08 20:00:00,4.209,4.235,4.02,4.087,3757621.0
2022-03-09 00:00:00,4.087,4.414,4.079,4.376,6491927.0
2022-03-09 04:00:00,4.378,4.69,4.355,4.631,8699075.0
2022-03-09 08:00:00,4.63,4.814,4.567,4.732,9559360.0
2022-03-09 12:00:00,4.732,4.849,4.574,4.826,8482983.0
2022-03-09 16:00:00,4.825,5.411,4.728,5.297,18070256.0
2022-03-09 20:00:00,5.299,5.617,5.24,5.481,18701811.0
2022-03-10 00:00:00,5.481,5.521,5.19,5.309,12681804.0
2022-03-10 04:00:00,5.308,5.408,4.806,4.916,13730475.0
2022-03-10 08:00:00,4.915,5.084,4.834,4.907,10967271.0
2022-03-10 12:00:00,4.907,5.39,4.846,5.258,20175006.0
2022-03-10 16:00:00,5.257,5.36,5.025,5.168,13659889.0
2022-03-10 20:00:00,5.168,5.387,5.109,5.331,6817797.0
2022-03-11 00:00:00,5.331,5.446,5.03,5.083,10066406.0
2022-03-11 04:00:00,5.083,5.737,5.038,5.63,13115897.0
2022-03-11 08:00:00,5.63,5.966,5.624,5.89,32084802.0
2022-03-11 12:00:00,5.889,6.287,5.887,5.945,45088674.0
2022-03-11 16:00:00,5.949,6.1,5.68,5.69,27569964.0
2022-03-11 20:00:00,5.69,5.864,5.584,5.671,14656521.0
2022-03-12 00:00:00,5.671,6.14,5.604,5.84,16053756.0
2022-03-12 04:00:00,5.841,6.093,5.782,5.931,13854938.0
2022-03-12 08:00:00,5.932,6.145,5.863,6.067,13191700.0
2022-03-12 12:00:00,6.067,6.128,5.869,5.968,12380301.0
2022-03-12 16:00:00,5.968,6.28,5.946,6.179,16204288.0
2022-03-12 20:00:00,6.178,6.74,6.085,6.515,21051960.0
2022-03-13 00:00:00,6.514,6.667,6.205,6.427,16576955.0
2022-03-13 04:00:00,6.427,6.494,6.283,6.391,8295929.0
2022-03-13 08:00:00,6.392,6.666,6.348,6.373,16921062.0
2022-03-13 12:00:00,6.374,6.488,6.256,6.27,13740576.0
2022-03-13 16:00:00,6.269,6.58,6.258,6.518,10342028.0
2022-03-13 20:00:00,6.52,6.52,6.066,6.361,14603319.0
2022-03-14 00:00:00,6.362,6.746,6.275,6.48,15498418.0
2022-03-14 04:00:00,6.48,7.207,6.48,6.917,22021571.0
2022-03-14 08:00:00,6.915,7.094,6.812,7.032,15544920.0
2022-03-14 12:00:00,7.03,7.672,6.85,7.503,39412542.0
2022-03-14 16:00:00,7.501,7.58,7.251,7.257,34207944.0
2022-03-14 20:00:00,7.257,7.5,7.158,7.252,20998139.0
2022-03-15 00:00:00,7.25,7.626,7.17,7.44,17482635.0
2022-03-15 04:00:00,7.44,7.89,7.406,7.815,23045221.0
2022-03-15 08:00:00,7.812,7.987,7.657,7.87,25912416.0
2022-03-15 12:00:00,7.87,7.911,7.528,7.591,22158581.0
2022-03-15 16:00:00,7.591,7.862,7.537,7.692,12530276.0
2022-03-15 20:00:00,7.691,7.807,7.324,7.379,8892460.0
2022-03-16 00:00:00,7.377,7.67,7.142,7.2,13505621.0
2022-03-16 04:00:00,7.201,7.264,6.97,7.106,10684434.0
2022-03-16 08:00:00,7.106,7.127,6.901,6.975,10454947.0
2022-03-16 12:00:00,6.974,7.1,6.824,6.967,11653724.0
2022-03-16 16:00:00,6.968,7.463,6.72,7.231,15940961.0
2022-03-16 20:00:00,7.233,7.77,7.159,7.673,13684328.0
2022-03-17 00:00:00,7.675,8.499,7.646,8.341,20529493.0
2022-03-17 04:00:00,8.339,8.598,8.23,8.362,13996946.0
2022-03-17 08:00:00,8.361,8.48,8.157,8.24,13117198.0
2022-03-17 12:00:00,8.239,8.465,8.054,8.113,16651611.0
2022-03-17 16:00:00,8.113,8.154,7.92,8.029,11254235.0
2022-03-17 20:00:00,8.029,8.123,7.838,7.894,6542511.0
2022-03-18 00:00:00,7.895,8.299,7.763,8.077,10495187.0
2022-03-18 04:00:00,8.077,8.18,7.765,7.809,5882716.0
2022-03-18 08:00:00,7.809,7.834,7.46,7.539,10694579.0
2022-03-18 12:00:00,7.539,7.779,7.36,7.728,9874633.0
2022-03-18 16:00:00,7.728,8.198,7.65,8.129,11525474.0
2022-03-18 20:00:00,8.13,8.894,8.108,8.81,13670141.0
2022-03-19 00:00:00,8.808,9.22,8.722,9.182,12578534.0
2022-03-19 04:00:00,9.183,9.327,8.8,8.856,10328812.0
2022-03-19 08:00:00,8.855,8.953,8.611,8.638,8398090.0
2022-03-19 12:00:00,8.638,8.933,8.434,8.629,12264202.0
2022-03-19 16:00:00,8.629,8.751,8.35,8.54,7749574.0
2022-03-19 20:00:00,8.538,8.899,8.46,8.804,6917510.0
2022-03-20 00:00:00,8.801,9.446,8.711,9.238,9693856.0
2022-03-20 04:00:00,9.239,9.592,9.077,9.318,10379063.0
2022-03-20 08:00:00,9.317,9.515,9.105,9.145,10417836.0
2022-03-20 12:00:00,9.147,9.419,8.92,9.175,12568943.0
2022-03-20 16:00:00,9.176,9.387,8.753,8.778,12818199.0
2022-03-20 20:00:00,8.778,9.034,8.538,8.602,7411467.0
2022-03-21 00:00:00,8.602,8.642,8.224,8.416,7717368.0
2022-03-21 04:00:00,8.416,8.81,8.391,8.74,8169959.0
2022-03-21 08:00:00,8.736,9.063,8.563,8.93,11161549.0
2022-03-21 12:00:00,8.929,9.062,8.573,8.796,12546259.0
2022-03-21 16:00:00,8.794,8.871,8.503,8.812,7758700.0
2022-03-21 20:00:00,8.811,8.999,8.64,8.682,5959852.0
2022-03-22 00:00:00,8.681,8.855,8.401,8.841,8453148.0
2022-03-22 04:00:00,8.841,9.128,8.82,8.901,7812998.0
2022-03-22 08:00:00,8.901,8.944,8.743,8.808,4995697.0
2022-03-22 12:00:00,8.809,8.841,8.65,8.652,5921067.0
2022-03-22 16:00:00,8.652,8.74,8.532,8.586,5218710.0
2022-03-22 20:00:00,8.587,8.797,8.544,8.564,3843866.0
2022-03-23 00:00:00,8.564,8.615,8.346,8.358,3765210.0
2022-03-23 04:00:00,8.359,8.441,8.27,8.323,4115717.0
2022-03-23 08:00:00,8.323,8.399,8.25,8.324,3811950.0
2022-03-23 12:00:00,8.324,8.61,8.197,8.566,7417719.0
2022-03-23 16:00:00,8.565,8.605,8.266,8.365,4027788.0
2022-03-23 20:00:00,8.364,8.475,8.264,8.414,2237023.0
2022-03-24 00:00:00,8.415,8.485,8.07,8.125,3906391.0
2022-03-24 04:00:00,8.126,8.4,8.107,8.319,4081440.0
2022-03-24 08:00:00,8.319,8.596,8.256,8.421,4752024.0
2022-03-24 12:00:00,8.421,8.492,8.212,8.414,5434247.0
2022-03-24 16:00:00,8.414,8.443,7.906,8.059,6224318.0
2022-03-24 20:00:00,8.06,8.225,7.981,8.214,4446993.0
2022-03-25 00:00:00,8.214,8.305,8.051,8.274,3752089.0
2022-03-25 04:00:00,8.274,8.378,8.18,8.215,3120371.0
2022-03-25 08:00:00,8.215,9.247,8.158,9.189,14713148.0
2022-03-25 12:00:00,9.189,9.548,9.106,9.43,17504510.0
2022-03-25 16:00:00,9.431,9.897,9.266,9.741,21268408.0
2022-03-25 20:00:00,9.741,9.85,9.45,9.507,10169939.0
2022-03-26 00:00:00,9.508,10.173,9.41,10.096,14337608.0
2022-03-26 04:00:00,10.096,10.225,9.875,10.006,13963088.0
2022-03-26 08:00:00,10.006,10.3,9.915,10.003,14585320.0
2022-03-26 12:00:00,10.002,10.188,9.861,10.097,9624510.0
2022-03-26 16:00:00,10.096,10.196,9.966,10.095,6673411.0
2022-03-26 20:00:00,10.095,10.67,10.078,10.623,9784089.0
2022-03-27 00:00:00,10.622,11.0,10.259,10.326,8210393.0
2022-03-27 04:00:00,10.328,10.633,10.208,10.509,3752379.0
2022-03-27 08:00:00,10.51,10.631,10.418,10.471,2962161.0
2022-03-27 12:00:00,10.473,10.625,10.259,10.356,4995822.0
2022-03-27 16:00:00,10.356,10.399,10.15,10.165,3248854.0
2022-03-27 20:00:00,10.164,10.457,10.06,10.403,5223109.0
2022-03-28 00:00:00,10.4,10.9,10.273,10.811,4652371.0
2022-03-28 04:00:00,10.812,10.976,10.565,10.608,3940014.0
2022-03-28 08:00:00,10.609,10.664,10.407,10.57,3763872.0
2022-03-28 12:00:00,10.572,10.65,10.312,10.313,4016701.0
2022-03-28 16:00:00,10.314,10.63,10.131,10.47,4278058.0
2022-03-28 20:00:00,10.469,10.598,9.916,10.051,4055424.0
2022-03-29 00:00:00,10.052,10.617,10.016,10.355,3442531.0
2022-03-29 04:00:00,10.355,11.883,10.28,11.798,13141232.0
2022-03-29 08:00:00,11.797,12.2,11.747,12.058,10511764.0
2022-03-29 12:00:00,12.059,12.89,12.022,12.544,14936547.0
2022-03-29 16:00:00,12.546,12.668,12.065,12.258,8994836.0
2022-03-29 20:00:00,12.258,12.492,11.8,11.871,6537760.0
2022-03-30 00:00:00,11.871,12.441,11.673,12.152,7709662.0
2022-03-30 04:00:00,12.154,12.578,11.96,12.221,5888687.0
2022-03-30 08:00:00,12.22,12.59,12.069,12.216,5635552.0
2022-03-30 12:00:00,12.217,12.233,11.793,11.965,4572190.0
2022-03-30 16:00:00,11.965,12.284,11.813,11.951,4550884.0
2022-03-30 20:00:00,11.953,12.15,11.783,11.944,3179006.0
2022-03-31 00:00:00,11.944,12.339,11.841,11.988,3725308.0
2022-03-31 04:00:00,11.99,13.22,11.923,12.813,9142928.0
2022-03-31 08:00:00,12.814,12.917,12.173,12.268,5810241.0
2022-03-31 12:00:00,12.269,12.8,11.497,12.105,9845234.0
2022-03-31 16:00:00,12.105,12.359,11.811,11.86,7663471.0
2022-03-31 20:00:00,11.861,11.994,11.32,11.489,4121514.0
2022-04-01 00:00:00,11.489,11.597,11.051,11.395,4282093.0
2022-04-01 04:00:00,11.396,12.059,11.288,11.867,3706419.0
2022-04-01 08:00:00,11.867,12.05,11.338,11.366,3910696.0
2022-04-01 12:00:00,11.366,11.96,11.054,11.752,5934795.0
2022-04-01 16:00:00,11.753,12.289,11.601,12.21,3847984.0
2022-04-01 20:00:00,12.209,12.576,11.94,12.363,3619735.0
2022-04-02 00:00:00,12.365,12.407,12.03,12.23,2397151.0
2022-04-02 04:00:00,12.23,12.239,12.006,12.149,1765654.0
2022-04-02 08:00:00,12.15,12.35,11.88,11.922,2458225.0
2022-04-02 12:00:00,11.922,12.14,11.603,11.814,3345179.0
2022-04-02 16:00:00,11.814,12.053,11.614,11.643,2653674.0
2022-04-02 20:00:00,11.643,11.799,11.349,11.438,2289670.0
2022-04-03 00:00:00,11.438,11.63,11.196,11.465,2436895.0
2022-04-03 04:00:00,11.466,11.772,11.382,11.618,1772429.0
2022-04-03 08:00:00,11.619,11.71,11.33,11.411,2186358.0
2022-04-03 12:00:00,11.409,11.5,11.257,11.302,1907682.0
2022-04-03 16:00:00,11.302,11.322,11.064,11.206,2302047.0
2022-04-03 20:00:00,11.208,11.649,11.159,11.218,2763869.0
2022-04-04 00:00:00,11.218,11.218,10.875,10.922,3078745.0
2022-04-04 04:00:00,10.922,11.092,10.839,10.986,1970936.0
2022-04-04 08:00:00,10.987,11.108,10.656,10.827,2992476.0
2022-04-04 12:00:00,10.824,10.916,10.338,10.491,4512187.0
2022-04-04 16:00:00,10.49,10.714,10.175,10.679,3743680.0
2022-04-04 20:00:00,10.679,11.184,10.562,11.071,3215919.0
2022-04-05 00:00:00,11.072,11.64,11.043,11.497,5739709.0
2022-04-05 04:00:00,11.497,11.788,11.42,11.73,4097312.0
2022-04-05 08:00:00,11.731,11.789,11.459,11.594,3617477.0
2022-04-05 12:00:00,11.595,11.984,11.227,11.472,7867755.0
2022-04-05 16:00:00,11.471,11.689,10.927,11.178,5476791.0
2022-04-05 20:00:00,11.178,11.225,10.7,10.84,3069375.0
2022-04-06 00:00:00,10.842,10.869,10.255,10.298,5408603.0
2022-04-06 04:00:00,10.298,10.402,10.06,10.19,4357488.0
2022-04-06 08:00:00,10.188,10.278,9.713,9.759,7267902.0
2022-04-06 12:00:00,9.758,9.987,9.296,9.473,10199522.0
2022-04-06 16:00:00,9.473,9.729,9.222,9.533,7113075.0
2022-04-06 20:00:00,9.533,9.67,9.11,9.218,3864898.0
2022-04-07 00:00:00,9.216,9.449,8.952,9.003,5862507.0
2022-04-07 04:00:00,9.004,9.385,8.972,9.317,3422653.0
2022-04-07 08:00:00,9.317,9.679,9.109,9.59,5440825.0
2022-04-07 12:00:00,9.59,9.661,9.025,9.282,7136660.0
2022-04-07 16:00:00,9.281,9.892,9.26,9.664,6263136.0
2022-04-07 20:00:00,9.665,9.941,9.532,9.826,3504998.0
2022-04-08 00:00:00,9.824,10.0,9.619,9.669,5311926.0
2022-04-08 04:00:00,9.671,9.763,9.385,9.607,3109233.0
2022-04-08 08:00:00,9.609,9.789,9.32,9.365,3847693.0
2022-04-08 12:00:00,9.367,9.523,9.102,9.412,6337680.0
2022-04-08 16:00:00,9.412,9.485,8.945,9.008,3362019.0
2022-04-08 20:00:00,9.009,9.062,8.55,8.653,3914752.0
2022-04-09 00:00:00,8.652,8.898,8.619,8.712,3102890.0
2022-04-09 04:00:00,8.713,8.767,8.631,8.721,2760050.0
2022-04-09 08:00:00,8.719,8.847,8.651,8.77,1944238.0
2022-04-09 12:00:00,8.77,9.05,8.74,8.801,2997356.0
2022-04-09 16:00:00,8.803,9.389,8.784,9.091,4661702.0
2022-04-09 20:00:00,9.092,9.421,9.059,9.378,3502754.0
2022-04-10 00:00:00,9.38,9.4,9.205,9.248,2426338.0
2022-04-10 04:00:00,9.247,9.363,9.122,9.174,2016277.0
2022-04-10 08:00:00,9.174,9.243,9.018,9.185,2867049.0
2022-04-10 12:00:00,9.184,9.296,9.138,9.258,2948370.0
2022-04-10 16:00:00,9.258,9.495,9.197,9.377,2582502.0
2022-04-10 20:00:00,9.376,9.458,8.826,8.886,2936955.0
2022-04-11 00:00:00,8.886,8.906,8.496,8.568,3129242.0
2022-04-11 04:00:00,8.568,8.732,8.509,8.691,1805825.0
2022-04-11 08:00:00,8.691,8.723,8.045,8.101,5481784.0
2022-04-11 12:00:00,8.099,8.225,7.885,7.9,4908718.0
2022-04-11 16:00:00,7.899,8.012,7.731,7.829,6462344.0
2022-04-11 20:00:00,7.83,7.9,7.523,7.724,5928390.0
2022-04-12 00:00:00,7.724,7.791,7.529,7.614,2867762.0
2022-04-12 04:00:00,7.615,8.085,7.607,7.909,4211003.0
2022-04-12 08:00:00,7.91,8.052,7.812,8.048,2843792.0
2022-04-12 12:00:00,8.047,8.271,7.776,7.92,6686011.0
2022-04-12 16:00:00,7.92,8.096,7.509,7.545,4084189.0
2022-04-12 20:00:00,7.546,7.846,7.53,7.809,2637551.0
2022-04-13 00:00:00,7.811,7.898,7.601,7.822,2354142.0
2022-04-13 04:00:00,7.823,7.933,7.782,7.854,1502779.0
2022-04-13 08:00:00,7.855,7.925,7.555,7.571,2814165.0
2022-04-13 12:00:00,7.57,8.2,7.403,8.188,8198352.0
2022-04-13 16:00:00,8.188,8.531,8.102,8.416,7111575.0
2022-04-13 20:00:00,8.416,8.692,8.386,8.675,5013461.0
2022-04-14 00:00:00,8.675,8.979,8.551,8.85,5771961.0
2022-04-14 04:00:00,8.851,9.373,8.832,9.245,9332566.0
2022-04-14 08:00:00,9.243,9.274,8.831,8.847,10052249.0
2022-04-14 12:00:00,8.848,9.079,8.365,8.408,11441523.0
2022-04-14 16:00:00,8.408,8.85,8.336,8.413,8132734.0
2022-04-14 20:00:00,8.413,8.5,8.278,8.34,3723613.0
2022-04-15 00:00:00,8.34,8.605,8.305,8.583,3873042.0
2022-04-15 04:00:00,8.583,8.713,8.33,8.485,4064386.0
2022-04-15 08:00:00,8.487,8.518,8.353,8.442,2890732.0
2022-04-15 12:00:00,8.442,8.507,8.2,8.423,4577728.0
2022-04-15 16:00:00,8.423,8.555,8.34,8.387,3169444.0
2022-04-15 20:00:00,8.386,8.507,8.367,8.479,1493700.0
2022-04-16 00:00:00,8.478,8.494,8.303,8.329,1485709.0
2022-04-16 04:00:00,8.328,8.432,8.251,8.339,1567001.0
2022-04-16 08:00:00,8.338,8.408,8.12,8.15,2570687.0
2022-04-16 12:00:00,8.149,8.173,7.8,7.848,5881339.0
2022-04-16 16:00:00,7.848,7.969,7.822,7.857,3322891.0
2022-04-16 20:00:00,7.856,8.016,7.852,7.982,2458799.0
2022-04-17 00:00:00,7.982,7.993,7.81,7.864,1924978.0
2022-04-17 04:00:00,7.863,8.148,7.857,8.105,2999220.0
2022-04-17 08:00:00,8.105,8.17,8.007,8.071,2198573.0
2022-04-17 12:00:00,8.071,8.199,7.998,8.151,2956060.0
2022-04-17 16:00:00,8.151,8.17,7.867,7.995,2802081.0
2022-04-17 20:00:00,7.997,8.088,7.584,7.612,4203196.0
2022-04-18 00:00:00,7.612,7.831,7.552,7.775,3002801.0
2022-04-18 04:00:00,7.772,7.795,7.175,7.321,6925824.0
2022-04-18 08:00:00,7.321,7.516,7.301,7.411,2855596.0
2022-04-18 12:00:00,7.411,7.682,7.407,7.548,4158688.0
2022-04-18 16:00:00,7.548,8.275,7.45,8.213,9519479.0
2022-04-18 20:00:00,8.214,8.467,8.116,8.232,5506307.0
2022-04-19 00:00:00,8.235,8.57,8.226,8.336,4253077.0
2022-04-19 04:00:00,8.336,8.669,8.272,8.462,4416397.0
2022-04-19 08:00:00,8.462,8.7,8.441,8.536,4833083.0
2022-04-19 12:00:00,8.536,9.235,8.533,9.082,13715782.0
2022-04-19 16:00:00,9.082,9.129,8.78,9.069,6740365.0
2022-04-19 20:00:00,9.068,9.2,8.911,9.189,3957145.0
2022-04-20 00:00:00,9.19,9.459,9.044,9.178,6941645.0
2022-04-20 04:00:00,9.178,9.256,8.941,9.067,3719692.0
2022-04-20 08:00:00,9.067,9.324,8.946,9.307,4068658.0
2022-04-20 12:00:00,9.309,9.649,8.84,9.007,11021847.0
2022-04-20 16:00:00,9.008,9.191,8.829,8.923,4528330.0
2022-04-20 20:00:00,8.922,9.4,8.859,9.088,4501528.0
2022-04-21 00:00:00,9.087,9.339,9.032,9.207,2910208.0
2022-04-21 04:00:00,9.208,9.357,8.931,9.183,3877752.0
2022-04-21 08:00:00,9.183,9.745,8.947,9.682,6442252.0
2022-04-21 12:00:00,9.683,9.89,9.509,9.602,9662980.0
2022-04-21 16:00:00,9.605,9.615,8.88,8.898,6982899.0
2022-04-21 20:00:00,8.898,8.932,8.478,8.618,6338687.0
2022-04-22 00:00:00,8.619,8.817,8.521,8.747,2928229.0
2022-04-22 04:00:00,8.747,9.317,8.744,9.07,5856726.0
2022-04-22 08:00:00,9.071,9.113,8.667,8.903,5984886.0
2022-04-22 12:00:00,8.902,8.996,8.559,8.617,6923210.0
2022-04-22 16:00:00,8.617,8.767,8.526,8.583,4122455.0
2022-04-22 20:00:00,8.582,8.648,8.317,8.477,4021690.0
2022-04-23 00:00:00,8.477,8.546,8.202,8.262,2601757.0
2022-04-23 04:00:00,8.263,8.436,8.165,8.431,2505723.0
2022-04-23 08:00:00,8.431,8.475,8.283,8.324,2068535.0
2022-04-23 12:00:00,8.323,8.449,8.203,8.417,2404208.0
2022-04-23 16:00:00,8.418,8.525,8.302,8.354,2174342.0
2022-04-23 20:00:00,8.354,8.403,8.111,8.188,1750153.0
2022-04-24 00:00:00,8.187,8.279,8.042,8.227,2258876.0
2022-04-24 04:00:00,8.227,8.303,8.118,8.152,1666432.0
2022-04-24 08:00:00,8.153,8.176,8.061,8.086,2083812.0
2022-04-24 12:00:00,8.086,8.159,7.872,7.996,3591625.0
2022-04-24 16:00:00,7.997,8.046,7.797,7.971,4116764.0
2022-04-24 20:00:00,7.972,7.988,7.783,7.809,1623823.0
2022-04-25 00:00:00,7.809,7.825,7.46,7.731,4666260.0
2022-04-25 04:00:00,7.731,7.778,7.396,7.417,4286292.0
2022-04-25 08:00:00,7.418,7.725,7.332,7.712,4957021.0
2022-04-25 12:00:00,7.712,8.149,7.656,7.967,10923390.0
2022-04-25 16:00:00,7.966,8.415,7.921,8.33,8776289.0
2022-04-25 20:00:00,8.329,8.47,8.322,8.46,4157974.0
2022-04-26 00:00:00,8.461,8.493,8.319,8.364,3430230.0
2022-04-26 04:00:00,8.364,8.663,8.259,8.405,5111609.0
2022-04-26 08:00:00,8.406,8.461,8.09,8.212,4558692.0
2022-04-26 12:00:00,8.213,8.276,7.61,7.635,8265847.0
2022-04-26 16:00:00,7.635,7.812,7.439,7.553,7483315.0
2022-04-26 20:00:00,7.553,7.832,7.434,7.709,5464146.0
2022-04-27 00:00:00,7.71,7.795,7.5,7.7,3144330.0
2022-04-27 04:00:00,7.698,8.048,7.674,8.017,3428798.0
2022-04-27 08:00:00,8.019,8.046,7.553,7.667,5597589.0
2022-04-27 12:00:00,7.668,7.988,7.557,7.695,7385099.0
2022-04-27 16:00:00,7.694,7.802,7.513,7.567,3362446.0
2022-04-27 20:00:00,7.567,7.711,7.547,7.675,2293593.0
2022-04-28 00:00:00,7.675,7.778,7.581,7.606,2119856.0
2022-04-28 04:00:00,7.607,7.732,7.546,7.665,2076111.0
2022-04-28 08:00:00,7.664,7.895,7.641,7.83,3593941.0
2022-04-28 12:00:00,7.83,7.877,7.405,7.527,7441879.0
2022-04-28 16:00:00,7.527,7.694,7.444,7.525,4154341.0
2022-04-28 20:00:00,7.525,7.592,7.405,7.53,2628468.0
2022-04-29 00:00:00,7.53,7.647,7.113,7.206,3936078.0
2022-04-29 04:00:00,7.207,7.353,7.137,7.344,2505076.0
2022-04-29 08:00:00,7.344,7.376,6.945,7.01,4875605.0
2022-04-29 12:00:00,7.011,7.203,6.955,7.073,4305398.0
2022-04-29 16:00:00,7.074,7.075,6.689,6.771,5676231.0
2022-04-29 20:00:00,6.771,6.868,6.731,6.821,2457606.0
2022-04-30 00:00:00,6.822,7.18,6.785,7.169,2880904.0
2022-04-30 04:00:00,7.169,7.179,6.924,6.992,3010528.0
2022-04-30 08:00:00,6.991,7.036,6.85,6.882,3056924.0
2022-04-30 12:00:00,6.882,6.939,6.605,6.674,4165130.0
2022-04-30 16:00:00,6.675,6.747,6.317,6.505,4882024.0
2022-04-30 20:00:00,6.506,6.511,5.822,6.05,7131851.0
2022-05-01 00:00:00,6.05,6.173,5.901,6.073,5193876.0
2022-05-01 04:00:00,6.074,6.283,5.985,6.196,3347335.0
2022-05-01 08:00:00,6.197,6.312,6.148,6.148,2523709.0
2022-05-01 12:00:00,6.148,6.472,6.074,6.446,4349396.0
2022-05-01 16:00:00,6.447,6.657,6.153,6.236,6111886.0
2022-05-01 20:00:00,6.235,6.468,6.211,6.399,3724243.0
2022-05-02 00:00:00,6.395,6.591,6.363,6.433,3327721.0
2022-05-02 04:00:00,6.434,6.603,6.408,6.442,2473457.0
2022-05-02 08:00:00,6.442,6.493,6.236,6.279,3531845.0
2022-05-02 12:00:00,6.278,6.685,6.243,6.37,9977976.0
2022-05-02 16:00:00,6.371,6.419,6.061,6.251,5960865.0
2022-05-02 20:00:00,6.251,6.401,6.13,6.33,2745442.0
2022-05-03 00:00:00,6.329,6.416,6.214,6.358,2148943.0
2022-05-03 04:00:00,6.358,6.467,6.333,6.357,1911447.0
2022-05-03 08:00:00,6.357,6.427,6.236,6.4,2482585.0
2022-05-03 12:00:00,6.398,6.43,6.269,6.332,2745439.0
2022-05-03 16:00:00,6.332,6.408,6.082,6.121,3470865.0
2022-05-03 20:00:00,6.122,6.249,6.093,6.213,1957648.0
2022-05-04 00:00:00,6.214,6.424,6.191,6.348,1943642.0
2022-05-04 04:00:00,6.349,6.521,6.248,6.492,2343862.0
2022-05-04 08:00:00,6.493,6.903,6.477,6.817,7000016.0
2022-05-04 12:00:00,6.817,6.846,6.5,6.594,5781436.0
2022-05-04 16:00:00,6.594,7.4,6.539,7.336,11021504.0
2022-05-04 20:00:00,7.337,7.46,7.089,7.447,5519323.0
2022-05-05 00:00:00,7.448,7.503,7.319,7.44,3505216.0
2022-05-05 04:00:00,7.441,7.77,7.256,7.338,6725563.0
2022-05-05 08:00:00,7.336,7.363,7.11,7.142,4157891.0
2022-05-05 12:00:00,7.142,7.333,6.335,6.438,11404860.0
2022-05-05 16:00:00,6.44,6.711,6.25,6.447,9388029.0
2022-05-05 20:00:00,6.447,6.765,6.384,6.668,4414765.0
2022-05-06 00:00:00,6.667,6.797,6.551,6.736,3456865.0
2022-05-06 04:00:00,6.737,6.741,6.389,6.501,4147700.0
2022-05-06 08:00:00,6.501,6.686,6.239,6.306,5461267.0
2022-05-06 12:00:00,6.306,6.577,6.12,6.364,9432744.0
2022-05-06 16:00:00,6.363,6.474,6.247,6.327,4117933.0
2022-05-06 20:00:00,6.328,6.404,6.217,6.289,2254290.0
2022-05-07 00:00:00,6.288,6.359,6.141,6.15,2125505.0
2022-05-07 04:00:00,6.149,6.211,5.976,6.194,3992587.0
2022-05-07 08:00:00,6.195,6.291,6.154,6.236,2696287.0
2022-05-07 12:00:00,6.237,6.246,6.061,6.201,3325994.0
2022-05-07 16:00:00,6.203,6.207,6.078,6.095,2523425.0
2022-05-07 20:00:00,6.095,6.096,5.63,5.885,6967668.0
2022-05-08 00:00:00,5.885,5.973,5.738,5.933,4995950.0
2022-05-08 04:00:00,5.933,6.15,5.848,5.921,3937787.0
2022-05-08 08:00:00,5.921,6.092,5.903,6.045,3526595.0
2022-05-08 12:00:00,6.045,6.075,5.682,5.816,6086906.0
2022-05-08 16:00:00,5.815,5.945,5.635,5.874,5118523.0
2022-05-08 20:00:00,5.875,5.926,5.705,5.758,2886882.0
2022-05-09 00:00:00,5.759,5.898,5.504,5.611,4379328.0
2022-05-09 04:00:00,5.611,5.7,5.485,5.553,3340043.0
2022-05-09 08:00:00,5.552,5.591,5.181,5.347,8397350.0
2022-05-09 12:00:00,5.349,5.42,5.039,5.074,8660535.0
2022-05-09 16:00:00,5.073,5.145,4.601,4.759,15562050.0
2022-05-09 20:00:00,4.76,5.06,4.481,4.54,11249223.0
2022-05-10 00:00:00,4.539,4.896,4.391,4.589,14645546.0
2022-05-10 04:00:00,4.588,5.461,4.571,5.05,12654186.0
2022-05-10 08:00:00,5.05,5.252,4.947,5.138,8491238.0
2022-05-10 12:00:00,5.138,5.319,4.779,4.988,11591639.0
2022-05-10 16:00:00,4.99,5.115,4.805,4.814,7800260.0
2022-05-10 20:00:00,4.815,4.827,4.194,4.399,13149022.0
2022-05-11 00:00:00,4.4,4.544,4.231,4.333,8677735.0
2022-05-11 04:00:00,4.333,4.431,3.767,3.902,15251435.0
2022-05-11 08:00:00,3.902,4.225,3.837,3.903,13996087.0
2022-05-11 12:00:00,3.904,4.014,3.076,3.63,33093538.0
2022-05-11 16:00:00,3.631,3.691,3.177,3.224,13872092.0
2022-05-11 20:00:00,3.225,3.301,2.846,3.144,18081376.0
2022-05-12 00:00:00,3.143,3.392,2.901,2.906,16457711.0
2022-05-12 04:00:00,2.906,2.948,2.455,2.793,28093629.0
2022-05-12 08:00:00,2.796,3.06,2.671,2.895,15589319.0
2022-05-12 12:00:00,2.895,3.176,2.792,2.986,14284967.0
2022-05-12 16:00:00,2.985,3.185,2.832,2.948,10108728.0
2022-05-12 20:00:00,2.949,3.018,2.756,2.948,5972035.0
2022-05-13 00:00:00,2.946,3.47,2.904,3.397,10047170.0
2022-05-13 04:00:00,3.398,3.621,3.292,3.368,9777475.0
2022-05-13 08:00:00,3.369,3.699,3.369,3.64,9154947.0
2022-05-13 12:00:00,3.641,3.714,3.329,3.347,8519205.0
2022-05-13 16:00:00,3.347,3.432,3.198,3.262,8162925.0
2022-05-13 20:00:00,3.262,3.385,3.187,3.222,3738903.0
2022-05-14 00:00:00,3.223,3.428,3.205,3.243,4631926.0
2022-05-14 04:00:00,3.243,3.259,3.14,3.191,3491212.0
2022-05-14 08:00:00,3.193,3.29,3.041,3.119,5465206.0
2022-05-14 12:00:00,3.119,3.149,2.984,3.08,5838093.0
2022-05-14 16:00:00,3.081,3.373,3.038,3.177,8387945.0
2022-05-14 20:00:00,3.178,3.522,3.168,3.426,5572953.0
2022-05-15 00:00:00,3.426,3.487,3.2,3.252,4736872.0
2022-05-15 04:00:00,3.253,3.44,3.229,3.338,4569381.0
2022-05-15 08:00:00,3.337,3.497,3.242,3.44,4343535.0
2022-05-15 12:00:00,3.441,3.53,3.325,3.375,5161579.0
2022-05-15 16:00:00,3.376,3.612,3.357,3.538,7520729.0
2022-05-15 20:00:00,3.538,3.82,3.51,3.774,7849179.0
2022-05-16 00:00:00,3.775,3.775,3.502,3.522,4575819.0
2022-05-16 04:00:00,3.522,3.527,3.278,3.31,6101576.0
2022-05-16 08:00:00,3.31,3.405,3.22,3.311,6345292.0
2022-05-16 12:00:00,3.311,3.381,3.14,3.262,7424181.0
2022-05-16 16:00:00,3.263,3.386,3.182,3.295,5215607.0
2022-05-16 20:00:00,3.295,3.37,3.152,3.197,5141676.0
2022-05-17 00:00:00,3.197,3.341,3.17,3.319,4516459.0
2022-05-17 04:00:00,3.321,3.451,3.298,3.345,4149880.0
2022-05-17 08:00:00,3.345,3.437,3.342,3.362,3307222.0
2022-05-17 12:00:00,3.362,3.542,3.29,3.331,7817284.0
2022-05-17 16:00:00,3.331,3.384,3.201,3.311,6576510.0
2022-05-17 20:00:00,3.312,3.476,3.304,3.402,3511611.0
2022-05-18 00:00:00,3.402,3.496,3.299,3.311,3759896.0
2022-05-18 04:00:00,3.31,3.367,3.273,3.318,2953179.0
2022-05-18 08:00:00,3.318,3.365,3.264,3.315,3598073.0
2022-05-18 12:00:00,3.315,3.339,3.025,3.048,7690123.0
2022-05-18 16:00:00,3.048,3.144,3.02,3.108,5818963.0
2022-05-18 20:00:00,3.107,3.11,2.935,2.964,4186405.0
2022-05-19 00:00:00,2.964,3.051,2.868,3.016,6279493.0
2022-05-19 04:00:00,3.017,3.048,2.935,2.973,3504243.0
2022-05-19 08:00:00,2.973,3.005,2.84,2.999,6544275.0
2022-05-19 12:00:00,2.997,3.19,2.951,3.145,9262627.0
2022-05-19 16:00:00,3.144,3.159,2.988,2.991,5376111.0
2022-05-19 20:00:00,2.99,3.079,2.955,3.055,3381756.0
2022-05-20 00:00:00,3.055,3.154,3.008,3.02,3840821.0
2022-05-20 04:00:00,3.021,3.06,2.933,2.999,4049114.0
2022-05-20 08:00:00,2.998,3.107,2.976,3.087,4398276.0
2022-05-20 12:00:00,3.089,3.097,2.823,2.84,7974899.0
2022-05-20 16:00:00,2.84,2.896,2.775,2.885,6989312.0
2022-05-20 20:00:00,2.886,2.932,2.841,2.874,3357799.0
2022-05-21 00:00:00,2.875,2.903,2.791,2.879,3826329.0
2022-05-21 04:00:00,2.881,2.91,2.82,2.892,2926188.0
2022-05-21 08:00:00,2.893,2.914,2.818,2.857,4050063.0
2022-05-21 12:00:00,2.856,2.969,2.829,2.956,3932858.0
2022-05-21 16:00:00,2.956,3.012,2.923,2.947,3701900.0
2022-05-21 20:00:00,2.947,2.993,2.904,2.963,2397060.0
2022-05-22 00:00:00,2.963,2.989,2.916,2.946,2450133.0
2022-05-22 04:00:00,2.945,2.975,2.885,2.966,2618833.0
2022-05-22 08:00:00,2.965,3.103,2.952,2.998,5139442.0
2022-05-22 12:00:00,2.998,3.076,2.961,2.994,4256350.0
2022-05-22 16:00:00,2.993,3.049,2.933,2.998,3488712.0
2022-05-22 20:00:00,2.997,3.145,2.993,3.094,3748725.0
2022-05-23 00:00:00,3.093,3.173,3.044,3.102,2930682.0
2022-05-23 04:00:00,3.103,3.273,3.092,3.229,5815917.0
2022-05-23 08:00:00,3.23,3.35,3.21,3.33,7038229.0
2022-05-23 12:00:00,3.331,3.34,3.178,3.283,14762599.0
2022-05-23 16:00:00,3.284,3.4,3.023,3.03,10730378.0
2022-05-23 20:00:00,3.033,3.15,2.92,2.955,7590366.0
2022-05-24 00:00:00,2.955,3.064,2.941,3.04,3590985.0
2022-05-24 04:00:00,3.04,3.097,3.007,3.053,3767167.0
2022-05-24 08:00:00,3.053,3.059,2.948,2.997,7382868.0
2022-05-24 12:00:00,2.998,3.02,2.845,2.983,10202233.0
2022-05-24 16:00:00,2.982,3.02,2.909,2.974,5727196.0
2022-05-24 20:00:00,2.974,3.101,2.936,3.064,3825321.0
2022-05-25 00:00:00,3.063,3.171,3.0,3.105,4345950.0
2022-05-25 04:00:00,3.106,3.116,3.004,3.018,5281755.0
2022-05-25 08:00:00,3.018,3.049,2.935,2.954,4845102.0
2022-05-25 12:00:00,2.953,3.088,2.942,3.036,6752747.0
2022-05-25 16:00:00,3.037,3.163,2.996,3.12,8239775.0
2022-05-25 20:00:00,3.12,3.166,3.056,3.087,4753923.0
2022-05-26 00:00:00,3.087,3.197,3.049,3.09,5005587.0
2022-05-26 04:00:00,3.09,3.092,2.928,2.977,6137688.0
2022-05-26 08:00:00,2.976,2.977,2.737,2.78,7338553.0
2022-05-26 12:00:00,2.78,2.889,2.643,2.845,15087056.0
2022-05-26 16:00:00,2.846,2.928,2.683,2.686,8975282.0
2022-05-26 20:00:00,2.686,2.777,2.658,2.669,5563548.0
2022-05-27 00:00:00,2.669,2.705,2.549,2.62,9924571.0
2022-05-27 04:00:00,2.62,2.641,2.469,2.55,10901019.0
2022-05-27 08:00:00,2.55,2.58,2.432,2.488,9933323.0
2022-05-27 12:00:00,2.488,2.582,2.427,2.459,14012187.0
2022-05-27 16:00:00,2.458,2.507,2.36,2.468,15256699.0
2022-05-27 20:00:00,2.468,2.51,2.387,2.434,5472735.0
2022-05-28 00:00:00,2.434,2.521,2.397,2.475,6108768.0
2022-05-28 04:00:00,2.475,2.52,2.452,2.471,4486373.0
2022-05-28 08:00:00,2.471,2.517,2.427,2.499,4947533.0
2022-05-28 12:00:00,2.497,2.577,2.478,2.557,7851167.0
2022-05-28 16:00:00,2.556,2.583,2.51,2.57,4649763.0
2022-05-28 20:00:00,2.571,2.599,2.528,2.571,3469792.0
2022-05-29 00:00:00,2.571,2.595,2.442,2.491,5068117.0
2022-05-29 04:00:00,2.491,2.65,2.482,2.638,5156469.0
2022-05-29 08:00:00,2.638,2.689,2.595,2.676,10383521.0
2022-05-29 12:00:00,2.677,2.729,2.656,2.688,7985648.0
2022-05-29 16:00:00,2.688,2.761,2.617,2.626,7654231.0
2022-05-29 20:00:00,2.626,2.698,2.622,2.694,5275156.0
2022-05-30 00:00:00,2.693,2.863,2.656,2.846,8118462.0
2022-05-30 04:00:00,2.846,3.087,2.825,3.082,10125031.0
2022-05-30 08:00:00,3.082,3.145,3.022,3.06,10987544.0
2022-05-30 12:00:00,3.061,3.298,3.0,3.122,16040874.0
2022-05-30 16:00:00,3.122,3.257,3.109,3.176,8235975.0
2022-05-30 20:00:00,3.176,3.419,3.164,3.312,12994593.0
2022-05-31 00:00:00,3.312,3.377,3.183,3.254,7963370.0
2022-05-31 04:00:00,3.255,3.309,3.136,3.202,6718757.0
2022-05-31 08:00:00,3.202,3.455,3.167,3.365,9226922.0
2022-05-31 12:00:00,3.365,3.481,3.172,3.31,16024666.0
2022-05-31 16:00:00,3.309,3.374,3.084,3.104,10305182.0
2022-05-31 20:00:00,3.104,3.225,3.104,3.158,4480250.0
2022-06-01 00:00:00,3.158,3.243,3.021,3.029,6690859.0
2022-06-01 04:00:00,3.028,3.078,3.0,3.03,5506706.0
2022-06-01 08:00:00,3.03,3.133,3.02,3.057,5518595.0
2022-06-01 12:00:00,3.057,3.168,2.916,2.925,11952753.0
2022-06-01 16:00:00,2.924,2.931,2.802,2.862,10853252.0
2022-06-01 20:00:00,2.862,2.869,2.713,2.781,7026084.0
2022-06-02 00:00:00,2.78,2.782,2.694,2.708,5521180.0
2022-06-02 04:00:00,2.708,2.844,2.701,2.828,5015821.0
2022-06-02 08:00:00,2.828,2.93,2.799,2.925,7817621.0
2022-06-02 12:00:00,2.926,2.93,2.794,2.863,10203227.0
2022-06-02 16:00:00,2.863,2.892,2.802,2.845,5711621.0
2022-06-02 20:00:00,2.845,2.923,2.829,2.902,3910703.0
2022-06-03 00:00:00,2.902,2.935,2.845,2.902,3694287.0
2022-06-03 04:00:00,2.902,2.914,2.821,2.841,3547686.0
2022-06-03 08:00:00,2.841,2.855,2.69,2.728,7285898.0
2022-06-03 12:00:00,2.728,2.762,2.652,2.691,7510728.0
2022-06-03 16:00:00,2.692,2.747,2.672,2.709,4408153.0
2022-06-03 20:00:00,2.71,2.78,2.7,2.727,3575932.0
2022-06-04 00:00:00,2.727,2.74,2.666,2.699,3050759.0
2022-06-04 04:00:00,2.698,2.784,2.691,2.764,2644673.0
2022-06-04 08:00:00,2.765,2.913,2.757,2.879,9730208.0
2022-06-04 12:00:00,2.878,2.974,2.826,2.916,11445476.0
2022-06-04 16:00:00,2.915,2.998,2.887,2.959,12802185.0
2022-06-04 20:00:00,2.959,3.026,2.931,2.956,9646998.0
2022-06-05 00:00:00,2.956,2.996,2.891,2.912,7128652.0
2022-06-05 04:00:00,2.912,2.975,2.895,2.93,6592775.0
2022-06-05 08:00:00,2.93,2.953,2.89,2.907,5079541.0
2022-06-05 12:00:00,2.907,2.918,2.8,2.862,7426297.0
2022-06-05 16:00:00,2.861,2.914,2.823,2.878,5313452.0
2022-06-05 20:00:00,2.878,2.896,2.807,2.82,3867298.0
2022-06-06 00:00:00,2.82,3.146,2.806,3.142,10673733.0
2022-06-06 04:00:00,3.142,3.253,3.119,3.208,8108401.0
2022-06-06 08:00:00,3.208,3.294,3.207,3.22,7846329.0
2022-06-06 12:00:00,3.221,3.248,3.068,3.139,17876114.0
2022-06-06 16:00:00,3.139,3.142,3.036,3.072,8017546.0
2022-06-06 20:00:00,3.072,3.157,3.013,3.119,8101119.0
2022-06-07 00:00:00,3.119,3.124,2.857,2.902,12066023.0
2022-06-07 04:00:00,2.902,2.908,2.866,2.876,4620542.0
2022-06-07 08:00:00,2.875,2.953,2.869,2.918,6893728.0
2022-06-07 12:00:00,2.918,2.957,2.87,2.91,7680874.0
2022-06-07 16:00:00,2.91,3.048,2.876,3.003,8075196.0
2022-06-07 20:00:00,3.003,3.057,2.805,2.892,11716639.0
2022-06-08 00:00:00,2.893,2.984,2.814,2.836,7661332.0
2022-06-08 04:00:00,2.837,2.95,2.822,2.934,4896675.0
2022-06-08 08:00:00,2.935,2.955,2.877,2.915,3886868.0
2022-06-08 12:00:00,2.915,2.952,2.863,2.9,13108276.0
2022-06-08 16:00:00,2.901,2.919,2.822,2.859,4510222.0
2022-06-08 20:00:00,2.858,2.917,2.835,2.851,2631453.0
2022-06-09 00:00:00,2.852,2.889,2.802,2.886,3711314.0
2022-06-09 04:00:00,2.886,2.929,2.87,2.926,2656085.0
2022-06-09 08:00:00,2.927,2.967,2.872,2.878,4024628.0
2022-06-09 12:00:00,2.877,2.902,2.846,2.896,4107902.0
2022-06-09 16:00:00,2.896,2.925,2.822,2.829,4168983.0
2022-06-09 20:00:00,2.828,2.882,2.763,2.814,4674020.0
2022-06-10 00:00:00,2.814,2.848,2.734,2.833,4363311.0
2022-06-10 04:00:00,2.833,2.855,2.809,2.821,2349079.0
2022-06-10 08:00:00,2.821,2.839,2.765,2.804,3417920.0
2022-06-10 12:00:00,2.804,2.827,2.663,2.717,9500340.0
2022-06-10 16:00:00,2.716,2.726,2.59,2.622,6992475.0
2022-06-10 20:00:00,2.622,2.685,2.602,2.625,2936805.0
2022-06-11 00:00:00,2.625,2.683,2.618,2.676,1831922.0
2022-06-11 04:00:00,2.676,2.707,2.658,2.698,1827145.0
2022-06-11 08:00:00,2.699,2.703,2.552,2.57,6574566.0
2022-06-11 12:00:00,2.57,2.599,2.428,2.458,8361243.0
2022-06-11 16:00:00,2.457,2.52,2.429,2.485,5009544.0
2022-06-11 20:00:00,2.485,2.514,2.445,2.467,2776832.0
2022-06-12 00:00:00,2.468,2.5,2.314,2.366,8115159.0
2022-06-12 04:00:00,2.366,2.389,2.267,2.375,5988150.0
2022-06-12 08:00:00,2.375,2.397,2.307,2.348,5423676.0
2022-06-12 12:00:00,2.347,2.464,2.262,2.432,10792190.0
2022-06-12 16:00:00,2.432,2.446,2.362,2.366,4094912.0
2022-06-12 20:00:00,2.366,2.388,2.21,2.217,6609936.0
2022-06-13 00:00:00,2.216,2.243,2.001,2.071,20466826.0
2022-06-13 04:00:00,2.07,2.145,1.932,1.969,12932672.0
2022-06-13 08:00:00,1.97,1.983,1.805,1.859,20286097.0
2022-06-13 12:00:00,1.858,1.915,1.785,1.873,21118393.0
2022-06-13 16:00:00,1.874,1.968,1.849,1.875,13128101.0
2022-06-13 20:00:00,1.876,1.946,1.769,1.821,9927956.0
2022-06-14 00:00:00,1.822,1.888,1.675,1.878,17590813.0
2022-06-14 04:00:00,1.879,1.98,1.826,1.975,14606426.0
2022-06-14 08:00:00,1.975,1.979,1.835,1.857,9523215.0
2022-06-14 12:00:00,1.858,1.948,1.825,1.936,11713320.0
2022-06-14 16:00:00,1.935,1.955,1.881,1.909,6925746.0
2022-06-14 20:00:00,1.909,1.958,1.834,1.927,6702837.0
2022-06-15 00:00:00,1.926,1.947,1.846,1.852,5312792.0
2022-06-15 04:00:00,1.852,1.856,1.738,1.747,9859647.0
2022-06-15 08:00:00,1.748,1.771,1.653,1.752,15157050.0
2022-06-15 12:00:00,1.752,1.809,1.726,1.758,9201427.0
2022-06-15 16:00:00,1.759,1.896,1.655,1.849,23729152.0
2022-06-15 20:00:00,1.849,2.053,1.829,2.045,12247848.0
2022-06-16 00:00:00,2.045,2.097,1.99,2.028,7582430.0
2022-06-16 04:00:00,2.027,2.037,1.918,1.928,6785858.0
2022-06-16 08:00:00,1.928,1.953,1.805,1.829,9197233.0
2022-06-16 12:00:00,1.829,1.883,1.779,1.816,12121415.0
2022-06-16 16:00:00,1.816,1.837,1.741,1.757,8069824.0
2022-06-16 20:00:00,1.756,1.778,1.647,1.679,8655917.0
2022-06-17 00:00:00,1.679,1.754,1.656,1.693,9204694.0
2022-06-17 04:00:00,1.694,1.779,1.689,1.76,6799703.0
2022-06-17 08:00:00,1.76,1.784,1.725,1.737,6661344.0
2022-06-17 12:00:00,1.738,1.746,1.694,1.725,7764930.0
2022-06-17 16:00:00,1.724,1.739,1.7,1.712,4888890.0
2022-06-17 20:00:00,1.711,1.748,1.701,1.718,4320752.0
2022-06-18 00:00:00,1.717,1.753,1.674,1.693,5095390.0
2022-06-18 04:00:00,1.693,1.706,1.548,1.563,11520488.0
2022-06-18 08:00:00,1.564,1.587,1.525,1.561,9467749.0
2022-06-18 12:00:00,1.561,1.568,1.532,1.537,4415874.0
2022-06-18 16:00:00,1.537,1.566,1.475,1.479,11491737.0
2022-06-18 20:00:00,1.48,1.611,1.432,1.571,15624866.0
2022-06-19 00:00:00,1.57,1.597,1.505,1.52,7236193.0
2022-06-19 04:00:00,1.52,1.554,1.493,1.522,7303038.0
2022-06-19 08:00:00,1.523,1.672,1.515,1.63,9452398.0
2022-06-19 12:00:00,1.63,1.669,1.602,1.661,6167225.0
2022-06-19 16:00:00,1.661,1.708,1.62,1.683,6656697.0
2022-06-19 20:00:00,1.684,1.796,1.677,1.78,9203923.0
2022-06-20 00:00:00,1.781,1.799,1.685,1.722,6400803.0
2022-06-20 04:00:00,1.722,1.778,1.697,1.75,5560763.0
2022-06-20 08:00:00,1.751,1.92,1.745,1.901,10190859.0
2022-06-20 12:00:00,1.901,1.906,1.836,1.858,6712513.0
2022-06-20 16:00:00,1.858,1.861,1.772,1.806,6915838.0
2022-06-20 20:00:00,1.805,1.86,1.782,1.84,5915632.0
2022-06-21 00:00:00,1.839,1.856,1.805,1.847,4808089.0
2022-06-21 04:00:00,1.846,1.956,1.823,1.914,6166598.0
2022-06-21 08:00:00,1.914,1.996,1.901,1.925,6079443.0
2022-06-21 12:00:00,1.924,2.037,1.906,1.976,8168864.0
2022-06-21 16:00:00,1.977,2.017,1.863,1.878,7353788.0
2022-06-21 20:00:00,1.878,1.888,1.822,1.844,4950556.0
2022-06-22 00:00:00,1.845,1.85,1.776,1.782,4525658.0
2022-06-22 04:00:00,1.781,1.826,1.742,1.748,4660987.0
2022-06-22 08:00:00,1.748,1.833,1.741,1.81,4590306.0
2022-06-22 12:00:00,1.81,1.87,1.766,1.795,7021967.0
2022-06-22 16:00:00,1.794,1.812,1.761,1.778,5780962.0
2022-06-22 20:00:00,1.777,1.799,1.747,1.768,4262949.0
2022-06-23 00:00:00,1.767,1.862,1.76,1.826,4417536.0
2022-06-23 04:00:00,1.826,2.01,1.82,1.959,11577696.0
2022-06-23 08:00:00,1.958,2.026,1.948,1.995,13978059.0
2022-06-23 12:00:00,1.995,2.065,1.91,1.932,23837371.0
2022-06-23 16:00:00,1.933,2.08,1.906,2.066,15129187.0
2022-06-23 20:00:00,2.066,2.191,2.038,2.173,19367058.0
2022-06-24 00:00:00,2.173,2.277,2.168,2.206,12208867.0
2022-06-24 04:00:00,2.206,2.215,2.125,2.149,8153215.0
2022-06-24 08:00:00,2.15,2.262,2.149,2.229,8591878.0
2022-06-24 12:00:00,2.23,2.299,2.175,2.193,10723511.0
2022-06-24 16:00:00,2.193,2.27,2.165,2.267,7819022.0
2022-06-24 20:00:00,2.268,2.325,2.249,2.284,8028254.0
2022-06-25 00:00:00,2.284,2.324,2.242,2.32,6425993.0
2022-06-25 04:00:00,2.319,2.398,2.294,2.395,6727126.0
2022-06-25 08:00:00,2.396,2.452,2.374,2.409,9329268.0
2022-06-25 12:00:00,2.409,2.429,2.29,2.307,10056526.0
2022-06-25 16:00:00,2.307,2.387,2.293,2.354,7056874.0
2022-06-25 20:00:00,2.354,2.441,2.338,2.422,5167026.0
2022-06-26 00:00:00,2.421,2.43,2.328,2.349,4872878.0
2022-06-26 04:00:00,2.349,2.384,2.324,2.364,3469981.0
2022-06-26 08:00:00,2.364,2.409,2.338,2.407,5014972.0
2022-06-26 12:00:00,2.407,2.43,2.269,2.296,7796651.0
2022-06-26 16:00:00,2.297,2.312,2.197,2.235,5620530.0
2022-06-26 20:00:00,2.234,2.276,2.14,2.153,5530531.0
2022-06-27 00:00:00,2.152,2.185,2.135,2.181,4763698.0
2022-06-27 04:00:00,2.182,2.211,2.152,2.201,4219392.0
2022-06-27 08:00:00,2.202,2.235,2.142,2.143,5819879.0
2022-06-27 12:00:00,2.144,2.159,2.041,2.089,12858186.0
2022-06-27 16:00:00,2.089,2.108,2.024,2.069,8504947.0
2022-06-27 20:00:00,2.069,2.112,2.035,2.044,5455021.0
2022-06-28 00:00:00,2.044,2.075,1.944,1.992,8590373.0
2022-06-28 04:00:00,1.992,2.068,1.989,2.06,6397340.0
2022-06-28 08:00:00,2.059,2.13,2.051,2.106,7762578.0
2022-06-28 12:00:00,2.106,2.156,2.023,2.025,9199761.0
2022-06-28 16:00:00,2.025,2.056,1.964,1.976,7842228.0
2022-06-28 20:00:00,1.976,2.038,1.951,1.961,6039305.0
2022-06-29 00:00:00,1.961,2.003,1.944,1.976,5241392.0
2022-06-29 04:00:00,1.976,1.988,1.88,1.916,8875522.0
2022-06-29 08:00:00,1.916,1.948,1.88,1.915,6839050.0
2022-06-29 12:00:00,1.915,1.956,1.865,1.931,8421765.0
2022-06-29 16:00:00,1.931,1.949,1.888,1.945,5500998.0
2022-06-29 20:00:00,1.945,1.977,1.911,1.941,4976484.0
2022-06-30 00:00:00,1.94,1.948,1.886,1.924,4002818.0
2022-06-30 04:00:00,1.924,1.934,1.803,1.808,6337577.0
2022-06-30 08:00:00,1.809,1.809,1.724,1.754,9076538.0
2022-06-30 12:00:00,1.754,1.811,1.726,1.787,11161874.0
2022-06-30 16:00:00,1.788,1.814,1.755,1.779,6109467.0
2022-06-30 20:00:00,1.779,1.876,1.746,1.867,8033044.0
2022-07-01 00:00:00,1.867,1.944,1.817,1.822,10877648.0
2022-07-01 04:00:00,1.822,1.872,1.787,1.86,6738368.0
2022-07-01 08:00:00,1.86,1.887,1.766,1.798,7071057.0
2022-07-01 12:00:00,1.799,1.845,1.776,1.798,7562719.0
2022-07-01 16:00:00,1.798,1.841,1.794,1.831,4010533.0
2022-07-01 20:00:00,1.831,1.877,1.791,1.811,4681497.0
2022-07-02 00:00:00,1.81,1.821,1.749,1.76,5334583.0
2022-07-02 04:00:00,1.759,1.794,1.756,1.77,3096085.0
2022-07-02 08:00:00,1.771,1.787,1.745,1.778,3572310.0
2022-07-02 12:00:00,1.779,1.831,1.771,1.81,6152977.0
2022-07-02 16:00:00,1.811,1.848,1.8,1.816,4924470.0
2022-07-02 20:00:00,1.816,1.838,1.803,1.82,2611681.0
2022-07-03 00:00:00,1.82,1.833,1.79,1.812,2927930.0
2022-07-03 04:00:00,1.812,1.838,1.763,1.8,5390006.0
2022-07-03 08:00:00,1.801,1.806,1.768,1.805,3318045.0
2022-07-03 12:00:00,1.803,1.814,1.78,1.801,4159072.0
2022-07-03 16:00:00,1.802,1.897,1.795,1.89,5647082.0
2022-07-03 20:00:00,1.89,1.961,1.884,1.953,11548845.0
2022-07-04 00:00:00,1.953,2.013,1.935,1.976,13492014.0
2022-07-04 04:00:00,1.975,2.028,1.957,1.966,16652502.0
2022-07-04 08:00:00,1.966,2.123,1.94,2.07,25674498.0
2022-07-04 12:00:00,2.069,2.12,2.017,2.08,23653792.0
2022-07-04 16:00:00,2.079,2.18,2.051,2.117,18568980.0
2022-07-04 20:00:00,2.116,2.177,2.104,2.157,12254932.0
2022-07-05 00:00:00,2.157,2.221,2.133,2.16,12235798.0
2022-07-05 04:00:00,2.16,2.209,2.135,2.142,8991029.0
2022-07-05 08:00:00,2.142,2.15,2.041,2.047,11979644.0
2022-07-05 12:00:00,2.047,2.069,1.993,2.041,12407231.0
2022-07-05 16:00:00,2.041,2.155,2.026,2.133,10526122.0
2022-07-05 20:00:00,2.133,2.18,2.091,2.091,8643690.0
2022-07-06 00:00:00,2.091,2.112,2.055,2.084,6503774.0
2022-07-06 04:00:00,2.085,2.196,2.08,2.163,9746986.0
2022-07-06 08:00:00,2.162,2.231,2.149,2.197,11679267.0
2022-07-06 12:00:00,2.197,2.249,2.152,2.165,12869265.0
2022-07-06 16:00:00,2.165,2.313,2.16,2.269,15189917.0
2022-07-06 20:00:00,2.27,2.31,2.232,2.288,9020517.0
2022-07-07 00:00:00,2.288,2.3,2.233,2.256,5967288.0
2022-07-07 04:00:00,2.257,2.275,2.224,2.266,5343126.0
2022-07-07 08:00:00,2.266,2.304,2.26,2.299,6716427.0
2022-07-07 12:00:00,2.299,2.396,2.256,2.369,15110903.0
2022-07-07 16:00:00,2.37,2.449,2.354,2.428,11771928.0
2022-07-07 20:00:00,2.429,2.434,2.356,2.367,6018348.0
2022-07-08 00:00:00,2.368,2.451,2.359,2.408,6776321.0
2022-07-08 04:00:00,2.408,2.421,2.309,2.316,7343580.0
2022-07-08 08:00:00,2.315,2.32,2.218,2.25,11742554.0
2022-07-08 12:00:00,2.249,2.302,2.187,2.282,15146860.0
2022-07-08 16:00:00,2.282,2.299,2.236,2.281,7671286.0
2022-07-08 20:00:00,2.281,2.309,2.232,2.237,5579166.0
2022-07-09 00:00:00,2.237,2.284,2.237,2.259,4954544.0
2022-07-09 04:00:00,2.259,2.331,2.254,2.326,4162136.0
2022-07-09 08:00:00,2.326,2.411,2.321,2.368,8595329.0
2022-07-09 12:00:00,2.368,2.394,2.33,2.381,8450206.0
2022-07-09 16:00:00,2.381,2.496,2.379,2.477,13676107.0
2022-07-09 20:00:00,2.476,2.529,2.44,2.485,9235408.0
2022-07-10 00:00:00,2.485,2.492,2.357,2.368,11314699.0
2022-07-10 04:00:00,2.367,2.414,2.343,2.385,7644813.0
2022-07-10 08:00:00,2.384,2.394,2.308,2.331,6146944.0
2022-07-10 12:00:00,2.332,2.339,2.26,2.268,7233742.0
2022-07-10 16:00:00,2.269,2.317,2.238,2.317,5855484.0
2022-07-10 20:00:00,2.316,2.332,2.263,2.269,5009759.0
2022-07-11 00:00:00,2.27,2.27,2.188,2.2,6282290.0
2022-07-11 04:00:00,2.199,2.201,2.127,2.136,6043567.0
2022-07-11 08:00:00,2.136,2.184,2.132,2.155,6152404.0
2022-07-11 12:00:00,2.155,2.175,2.096,2.135,8184580.0
2022-07-11 16:00:00,2.135,2.159,2.1,2.108,5239499.0
2022-07-11 20:00:00,2.107,2.124,1.987,2.008,10275246.0
2022-07-12 00:00:00,2.007,2.033,1.993,2.005,5930956.0
2022-07-12 04:00:00,2.004,2.054,1.982,2.006,6662096.0
2022-07-12 08:00:00,2.005,2.025,1.966,2.016,8396799.0
2022-07-12 12:00:00,2.016,2.084,2.015,2.056,12972772.0
2022-07-12 16:00:00,2.056,2.104,1.952,1.982,12611779.0
2022-07-12 20:00:00,1.982,2.011,1.957,1.96,7364668.0
2022-07-13 00:00:00,1.96,1.999,1.925,1.974,6907331.0
2022-07-13 04:00:00,1.974,2.032,1.97,2.028,6564186.0
2022-07-13 08:00:00,2.028,2.048,2.013,2.042,6411130.0
2022-07-13 12:00:00,2.042,2.081,1.869,1.956,25005713.0
2022-07-13 16:00:00,1.955,2.03,1.933,1.991,10381588.0
2022-07-13 20:00:00,1.991,2.107,1.978,2.102,7436338.0
2022-07-14 00:00:00,2.103,2.158,2.085,2.122,10151226.0
2022-07-14 04:00:00,2.123,2.146,2.087,2.105,6002226.0
2022-07-14 08:00:00,2.105,2.113,2.054,2.075,7578055.0
2022-07-14 12:00:00,2.074,2.2,2.054,2.19,12832594.0
2022-07-14 16:00:00,2.19,2.308,2.173,2.265,15363559.0
2022-07-14 20:00:00,2.266,2.302,2.234,2.249,5778099.0
2022-07-15 00:00:00,2.249,2.285,2.208,2.254,5640167.0
2022-07-15 04:00:00,2.254,2.351,2.237,2.337,6947025.0
2022-07-15 08:00:00,2.337,2.349,2.272,2.274,6494904.0
2022-07-15 12:00:00,2.274,2.346,2.266,2.267,7659991.0
2022-07-15 16:00:00,2.268,2.275,2.201,2.267,8226704.0
2022-07-15 20:00:00,2.268,2.276,2.169,2.171,5964726.0
2022-07-16 00:00:00,2.171,2.194,2.157,2.18,4092930.0
2022-07-16 04:00:00,2.179,2.182,2.122,2.129,4986110.0
2022-07-16 08:00:00,2.129,2.143,2.106,2.112,4782804.0
2022-07-16 12:00:00,2.112,2.212,2.102,2.21,9738076.0
2022-07-16 16:00:00,2.211,2.332,2.209,2.25,16205203.0
2022-07-16 20:00:00,2.25,2.272,2.211,2.266,5565862.0
2022-07-17 00:00:00,2.266,2.295,2.223,2.248,5138077.0
2022-07-17 04:00:00,2.247,2.313,2.242,2.286,4710251.0
2022-07-17 08:00:00,2.286,2.296,2.23,2.265,4696013.0
2022-07-17 12:00:00,2.264,2.271,2.19,2.2,6748823.0
2022-07-17 16:00:00,2.2,2.239,2.152,2.186,6795110.0
2022-07-17 20:00:00,2.186,2.208,2.14,2.157,3746996.0
2022-07-18 00:00:00,2.157,2.272,2.153,2.265,5631625.0
2022-07-18 04:00:00,2.265,2.597,2.249,2.587,15839941.0
2022-07-18 08:00:00,2.588,2.644,2.505,2.529,14620482.0
2022-07-18 12:00:00,2.529,2.64,2.488,2.613,13430242.0
2022-07-18 16:00:00,2.614,2.642,2.467,2.505,13643505.0
2022-07-18 20:00:00,2.506,2.682,2.484,2.647,12930873.0
2022-07-19 00:00:00,2.647,2.712,2.563,2.585,13638822.0
2022-07-19 04:00:00,2.585,2.643,2.541,2.585,9887276.0
2022-07-19 08:00:00,2.585,2.869,2.575,2.829,14725738.0
2022-07-19 12:00:00,2.83,2.885,2.747,2.825,15899952.0
2022-07-19 16:00:00,2.824,2.909,2.815,2.833,11872966.0
2022-07-19 20:00:00,2.833,2.912,2.783,2.807,7042716.0
2022-07-20 00:00:00,2.806,2.816,2.748,2.793,6097861.0
2022-07-20 04:00:00,2.793,2.843,2.72,2.73,7998300.0
2022-07-20 08:00:00,2.729,2.8,2.662,2.768,9062950.0
2022-07-20 12:00:00,2.768,2.838,2.729,2.812,8821648.0
2022-07-20 16:00:00,2.812,2.822,2.653,2.677,9441354.0
2022-07-20 20:00:00,2.677,2.709,2.572,2.635,10270910.0
2022-07-21 00:00:00,2.636,2.711,2.571,2.584,8213484.0
2022-07-21 04:00:00,2.585,2.695,2.554,2.668,7436744.0
2022-07-21 08:00:00,2.669,2.83,2.652,2.762,17776368.0
2022-07-21 12:00:00,2.762,2.876,2.717,2.855,17184028.0
2022-07-21 16:00:00,2.856,3.042,2.853,3.013,19911276.0
2022-07-21 20:00:00,3.013,3.029,2.93,2.976,12527065.0
2022-07-22 00:00:00,2.977,3.05,2.933,2.951,7268136.0
2022-07-22 04:00:00,2.95,2.962,2.88,2.9,7364264.0
2022-07-22 08:00:00,2.9,2.958,2.879,2.938,9082881.0
2022-07-22 12:00:00,2.937,2.968,2.792,2.808,11569669.0
2022-07-22 16:00:00,2.808,2.827,2.683,2.696,8926383.0
2022-07-22 20:00:00,2.695,2.711,2.651,2.655,5885506.0
2022-07-23 00:00:00,2.656,2.712,2.622,2.695,6341216.0
2022-07-23 04:00:00,2.695,2.753,2.678,2.691,6442387.0
2022-07-23 08:00:00,2.69,2.718,2.541,2.544,8713950.0
2022-07-23 12:00:00,2.544,2.6,2.518,2.561,8019752.0
2022-07-23 16:00:00,2.56,2.576,2.49,2.561,8171532.0
2022-07-23 20:00:00,2.561,2.636,2.557,2.618,5317829.0
2022-07-24 00:00:00,2.617,2.653,2.556,2.56,4847105.0
2022-07-24 04:00:00,2.56,2.695,2.548,2.675,6532860.0
2022-07-24 08:00:00,2.675,2.727,2.645,2.695,7744723.0
2022-07-24 12:00:00,2.695,2.744,2.638,2.718,7705447.0
2022-07-24 16:00:00,2.719,2.723,2.661,2.666,4761449.0
2022-07-24 20:00:00,2.666,2.719,2.613,2.628,6398824.0
2022-07-25 00:00:00,2.629,2.646,2.464,2.484,8146113.0
2022-07-25 04:00:00,2.484,2.512,2.467,2.493,4367842.0
2022-07-25 08:00:00,2.492,2.522,2.471,2.49,4654528.0
2022-07-25 12:00:00,2.491,2.492,2.422,2.463,8741106.0
2022-07-25 16:00:00,2.463,2.478,2.365,2.416,8257910.0
2022-07-25 20:00:00,2.416,2.474,2.34,2.346,10083903.0
2022-07-26 00:00:00,2.346,2.358,2.283,2.354,8191411.0
2022-07-26 04:00:00,2.353,2.372,2.33,2.333,5100084.0
2022-07-26 08:00:00,2.333,2.35,2.291,2.318,4424218.0
2022-07-26 12:00:00,2.317,2.336,2.222,2.227,9068649.0
2022-07-26 16:00:00,2.227,2.277,2.208,2.227,5495099.0
2022-07-26 20:00:00,2.227,2.326,2.213,2.32,6808601.0
2022-07-27 00:00:00,2.321,2.329,2.261,2.266,4300340.0
2022-07-27 04:00:00,2.267,2.359,2.264,2.342,5761047.0
2022-07-27 08:00:00,2.342,2.364,2.3,2.308,5437324.0
2022-07-27 12:00:00,2.309,2.373,2.298,2.351,6818968.0
2022-07-27 16:00:00,2.35,2.652,2.312,2.594,24122730.0
2022-07-27 20:00:00,2.595,2.741,2.588,2.722,11403114.0
2022-07-28 00:00:00,2.721,2.795,2.686,2.753,10056886.0
2022-07-28 04:00:00,2.753,2.802,2.711,2.715,7690043.0
2022-07-28 08:00:00,2.714,2.799,2.678,2.796,9363706.0
2022-07-28 12:00:00,2.796,2.926,2.68,2.882,21827175.0
2022-07-28 16:00:00,2.882,2.923,2.828,2.854,8363617.0
2022-07-28 20:00:00,2.855,2.969,2.84,2.847,8245147.0
2022-07-29 00:00:00,2.847,2.869,2.802,2.852,5347368.0
2022-07-29 04:00:00,2.852,2.941,2.821,2.84,5832715.0
2022-07-29 08:00:00,2.84,2.863,2.707,2.74,7417450.0
2022-07-29 12:00:00,2.741,2.841,2.684,2.785,11732607.0
2022-07-29 16:00:00,2.786,2.788,2.656,2.706,8576165.0
2022-07-29 20:00:00,2.706,2.753,2.67,2.695,4951873.0
2022-07-30 00:00:00,2.695,2.742,2.67,2.704,5848736.0
2022-07-30 04:00:00,2.703,2.74,2.669,2.733,4071833.0
2022-07-30 08:00:00,2.733,2.765,2.689,2.724,5880176.0
2022-07-30 12:00:00,2.724,2.856,2.713,2.843,8533654.0
2022-07-30 16:00:00,2.844,2.854,2.712,2.716,5257232.0
2022-07-30 20:00:00,2.717,2.732,2.603,2.64,7484025.0
2022-07-31 00:00:00,2.64,2.684,2.619,2.649,4027542.0
2022-07-31 04:00:00,2.648,2.705,2.647,2.678,3181659.0
2022-07-31 08:00:00,2.677,2.732,2.632,2.709,5991621.0
2022-07-31 12:00:00,2.71,2.726,2.664,2.702,4804406.0
2022-07-31 16:00:00,2.703,2.787,2.653,2.705,10321177.0
2022-07-31 20:00:00,2.704,2.713,2.574,2.595,5943941.0
2022-08-01 00:00:00,2.596,2.648,2.584,2.627,3574194.0
2022-08-01 04:00:00,2.626,2.646,2.573,2.614,3952811.0
2022-08-01 08:00:00,2.614,2.618,2.521,2.571,5503304.0
2022-08-01 12:00:00,2.571,2.624,2.52,2.596,7494900.0
2022-08-01 16:00:00,2.596,2.601,2.506,2.526,6526503.0
2022-08-01 20:00:00,2.525,2.585,2.512,2.558,4276813.0
2022-08-02 00:00:00,2.558,2.594,2.45,2.456,6597625.0
2022-08-02 04:00:00,2.455,2.493,2.435,2.491,3660150.0
2022-08-02 08:00:00,2.49,2.531,2.452,2.503,4521795.0
2022-08-02 12:00:00,2.504,2.567,2.467,2.56,10146696.0
2022-08-02 16:00:00,2.561,2.688,2.553,2.609,13386064.0
2022-08-02 20:00:00,2.61,2.64,2.584,2.593,6505453.0
2022-08-03 00:00:00,2.593,2.611,2.523,2.589,7577325.0
2022-08-03 04:00:00,2.589,2.716,2.583,2.685,7988126.0
2022-08-03 08:00:00,2.685,2.78,2.684,2.754,11509101.0
2022-08-03 12:00:00,2.753,2.794,2.692,2.73,9314941.0
2022-08-03 16:00:00,2.729,2.776,2.717,2.752,5870506.0
2022-08-03 20:00:00,2.752,2.756,2.645,2.667,6710087.0
2022-08-04 00:00:00,2.667,2.749,2.658,2.731,5568572.0
2022-08-04 04:00:00,2.732,2.795,2.707,2.727,6764098.0
2022-08-04 08:00:00,2.726,2.727,2.681,2.698,4159553.0
2022-08-04 12:00:00,2.697,2.73,2.606,2.623,11507575.0
2022-08-04 16:00:00,2.623,2.64,2.54,2.565,7647642.0
2022-08-04 20:00:00,2.565,2.588,2.54,2.58,3738913.0
2022-08-05 00:00:00,2.58,2.684,2.566,2.674,5665375.0
2022-08-05 04:00:00,2.674,2.729,2.659,2.714,4971359.0
2022-08-05 08:00:00,2.714,2.775,2.696,2.766,5864163.0
2022-08-05 12:00:00,2.765,2.779,2.662,2.691,10826772.0
2022-08-05 16:00:00,2.69,2.708,2.652,2.686,4581135.0
2022-08-05 20:00:00,2.686,2.753,2.671,2.745,5005847.0
2022-08-06 00:00:00,2.745,2.801,2.729,2.765,5277923.0
2022-08-06 04:00:00,2.765,2.77,2.73,2.748,3408305.0
2022-08-06 08:00:00,2.749,2.759,2.704,2.707,3336103.0
2022-08-06 12:00:00,2.707,2.735,2.706,2.716,2649453.0
2022-08-06 16:00:00,2.716,2.73,2.667,2.711,3860987.0
2022-08-06 20:00:00,2.711,2.716,2.652,2.673,2705507.0
2022-08-07 00:00:00,2.673,2.691,2.621,2.667,3945969.0
2022-08-07 04:00:00,2.666,2.711,2.653,2.707,2951706.0
2022-08-07 08:00:00,2.707,2.712,2.666,2.704,3203315.0
2022-08-07 12:00:00,2.704,2.796,2.704,2.747,7641078.0
2022-08-07 16:00:00,2.747,2.829,2.746,2.803,7115500.0
2022-08-07 20:00:00,2.804,2.845,2.76,2.777,4833141.0
2022-08-08 00:00:00,2.777,2.87,2.761,2.865,7061452.0
2022-08-08 04:00:00,2.866,2.982,2.85,2.955,12514864.0
2022-08-08 08:00:00,2.956,3.009,2.94,3.005,11145393.0
2022-08-08 12:00:00,3.005,3.038,2.93,2.944,10891180.0
2022-08-08 16:00:00,2.944,2.95,2.901,2.93,5677184.0
2022-08-08 20:00:00,2.93,2.968,2.857,2.883,6573905.0
2022-08-09 00:00:00,2.883,2.895,2.822,2.859,6127893.0
2022-08-09 04:00:00,2.859,2.896,2.844,2.889,5843713.0
2022-08-09 08:00:00,2.89,2.891,2.73,2.75,10690570.0
2022-08-09 12:00:00,2.75,2.783,2.643,2.691,9982780.0
2022-08-09 16:00:00,2.692,2.706,2.673,2.692,4128961.0
2022-08-09 20:00:00,2.691,2.737,2.686,2.691,3907791.0
2022-08-10 00:00:00,2.69,2.695,2.61,2.62,7689361.0
2022-08-10 04:00:00,2.62,2.661,2.618,2.654,3667035.0
2022-08-10 08:00:00,2.653,2.685,2.643,2.672,5039204.0
2022-08-10 12:00:00,2.673,2.895,2.648,2.841,18053756.0
2022-08-10 16:00:00,2.842,2.926,2.836,2.859,9503100.0
2022-08-10 20:00:00,2.859,2.948,2.841,2.933,7294207.0
2022-08-11 00:00:00,2.934,3.005,2.93,2.959,8507299.0
2022-08-11 04:00:00,2.958,3.141,2.958,3.077,18174433.0
2022-08-11 08:00:00,3.077,3.15,3.062,3.106,10519434.0
2022-08-11 12:00:00,3.107,3.116,2.958,2.977,15002996.0
2022-08-11 16:00:00,2.977,3.002,2.911,2.922,6139531.0
2022-08-11 20:00:00,2.923,2.927,2.83,2.855,5365421.0
2022-08-12 00:00:00,2.855,2.908,2.814,2.906,6357238.0
2022-08-12 04:00:00,2.905,2.917,2.86,2.887,4214533.0
2022-08-12 08:00:00,2.886,2.944,2.802,2.833,9785830.0
2022-08-12 12:00:00,2.833,2.901,2.827,2.88,9954026.0
2022-08-12 16:00:00,2.879,2.958,2.861,2.923,6235323.0
2022-08-12 20:00:00,2.922,2.977,2.903,2.966,5034294.0
2022-08-13 00:00:00,2.965,3.003,2.934,2.996,5371838.0
2022-08-13 04:00:00,2.995,3.009,2.916,2.919,5498704.0
2022-08-13 08:00:00,2.92,2.94,2.876,2.896,5729863.0
2022-08-13 12:00:00,2.896,2.923,2.845,2.905,5753976.0
2022-08-13 16:00:00,2.904,2.944,2.882,2.898,6143400.0
2022-08-13 20:00:00,2.897,2.933,2.892,2.912,3454427.0
2022-08-14 00:00:00,2.912,2.974,2.891,2.958,4889900.0
2022-08-14 04:00:00,2.958,3.025,2.94,2.971,6274892.0
2022-08-14 08:00:00,2.971,2.972,2.907,2.921,6305476.0
2022-08-14 12:00:00,2.92,2.92,2.861,2.909,5142807.0
2022-08-14 16:00:00,2.909,2.913,2.782,2.809,7442935.0
2022-08-14 20:00:00,2.81,2.836,2.783,2.798,3475338.0
2022-08-15 00:00:00,2.799,2.955,2.782,2.872,7787313.0
2022-08-15 04:00:00,2.872,2.885,2.725,2.748,8901673.0
2022-08-15 08:00:00,2.747,2.752,2.689,2.7,6574228.0
2022-08-15 12:00:00,2.7,2.746,2.664,2.741,8112469.0
2022-08-15 16:00:00,2.74,2.745,2.691,2.702,5229873.0
2022-08-15 20:00:00,2.703,2.722,2.642,2.701,5742086.0
2022-08-16 00:00:00,2.7,2.743,2.651,2.703,6189441.0
2022-08-16 04:00:00,2.704,2.711,2.648,2.689,3975907.0
2022-08-16 08:00:00,2.688,2.732,2.666,2.704,4632398.0
2022-08-16 12:00:00,2.703,2.713,2.623,2.671,7819843.0
2022-08-16 16:00:00,2.672,2.674,2.587,2.614,7268257.0
2022-08-16 20:00:00,2.614,2.65,2.612,2.634,3693424.0
2022-08-17 00:00:00,2.634,2.694,2.63,2.685,4879873.0
2022-08-17 04:00:00,2.685,2.796,2.66,2.67,9492288.0
2022-08-17 08:00:00,2.669,2.696,2.623,2.635,5061471.0
2022-08-17 12:00:00,2.635,2.637,2.502,2.515,12323363.0
2022-08-17 16:00:00,2.516,2.578,2.505,2.524,7204945.0
2022-08-17 20:00:00,2.524,2.548,2.465,2.487,5943527.0
2022-08-18 00:00:00,2.488,2.527,2.469,2.512,4397592.0
2022-08-18 04:00:00,2.512,2.528,2.484,2.513,3414066.0
2022-08-18 08:00:00,2.512,2.555,2.49,2.554,4579989.0
2022-08-18 12:00:00,2.553,2.576,2.526,2.553,5682380.0
2022-08-18 16:00:00,2.554,2.557,2.475,2.509,6042641.0
2022-08-18 20:00:00,2.509,2.521,2.38,2.388,8099604.0
2022-08-19 00:00:00,2.388,2.394,2.26,2.285,11955021.0
2022-08-19 04:00:00,2.284,2.306,2.135,2.185,13898710.0
2022-08-19 08:00:00,2.185,2.186,2.117,2.158,9416917.0
2022-08-19 12:00:00,2.158,2.195,2.124,2.172,7503782.0
2022-08-19 16:00:00,2.171,2.219,2.13,2.17,7794488.0
2022-08-19 20:00:00,2.17,2.178,2.075,2.082,9497796.0
2022-08-20 00:00:00,2.083,2.146,2.082,2.132,6351210.0
2022-08-20 04:00:00,2.133,2.195,2.128,2.183,6660000.0
2022-08-20 08:00:00,2.182,2.19,2.15,2.159,3984538.0
2022-08-20 12:00:00,2.158,2.166,2.121,2.138,4629580.0
2022-08-20 16:00:00,2.138,2.145,2.034,2.044,8632819.0
2022-08-20 20:00:00,2.044,2.105,2.021,2.086,8090318.0
2022-08-21 00:00:00,2.087,2.121,2.082,2.1,3573023.0
2022-08-21 04:00:00,2.101,2.129,2.076,2.129,4262384.0
2022-08-21 08:00:00,2.13,2.169,2.127,2.158,6231681.0
2022-08-21 12:00:00,2.157,2.176,2.132,2.155,3715536.0
2022-08-21 16:00:00,2.154,2.18,2.139,2.164,4645825.0
2022-08-21 20:00:00,2.164,2.199,2.12,2.167,7980727.0
2022-08-22 00:00:00,2.167,2.171,2.13,2.135,4653845.0
2022-08-22 04:00:00,2.134,2.147,2.058,2.063,6779556.0
2022-08-22 08:00:00,2.062,2.098,2.03,2.084,7715858.0
2022-08-22 12:00:00,2.084,2.107,2.042,2.104,7564152.0
2022-08-22 16:00:00,2.104,2.117,2.039,2.064,5077788.0
2022-08-22 20:00:00,2.064,2.129,2.063,2.125,5286680.0
2022-08-23 00:00:00,2.125,2.146,2.113,2.119,4790754.0
2022-08-23 04:00:00,2.119,2.136,2.046,2.107,7011517.0
2022-08-23 08:00:00,2.107,2.153,2.096,2.15,6322690.0
2022-08-23 12:00:00,2.15,2.195,2.125,2.174,9624477.0
2022-08-23 16:00:00,2.174,2.185,2.14,2.153,5499736.0
2022-08-23 20:00:00,2.153,2.183,2.136,2.17,4032432.0
2022-08-24 00:00:00,2.171,2.174,2.091,2.1,5805465.0
2022-08-24 04:00:00,2.099,2.148,2.093,2.118,4221071.0
2022-08-24 08:00:00,2.119,2.164,2.117,2.162,4098126.0
2022-08-24 12:00:00,2.161,2.252,2.153,2.245,9821841.0
2022-08-24 16:00:00,2.244,2.258,2.214,2.23,6248684.0
2022-08-24 20:00:00,2.23,2.245,2.176,2.181,6102069.0
2022-08-25 00:00:00,2.181,2.234,2.175,2.206,5600314.0
2022-08-25 04:00:00,2.207,2.282,2.203,2.27,5991330.0
2022-08-25 08:00:00,2.269,2.275,2.224,2.24,4680759.0
2022-08-25 12:00:00,2.239,2.247,2.156,2.18,8006710.0
2022-08-25 16:00:00,2.179,2.191,2.153,2.183,4808090.0
2022-08-25 20:00:00,2.184,2.194,2.162,2.182,3400504.0
2022-08-26 00:00:00,2.182,2.199,2.154,2.19,4104433.0
2022-08-26 04:00:00,2.19,2.2,2.124,2.138,6518450.0
2022-08-26 08:00:00,2.139,2.154,2.082,2.094,7230232.0
2022-08-26 12:00:00,2.093,2.185,2.019,2.043,23094273.0
2022-08-26 16:00:00,2.041,2.048,1.985,2.006,8246235.0
2022-08-26 20:00:00,2.006,2.021,1.923,1.949,6891753.0
2022-08-27 00:00:00,1.948,1.961,1.924,1.942,4325874.0
2022-08-27 04:00:00,1.942,1.968,1.899,1.966,5199960.0
2022-08-27 08:00:00,1.967,1.977,1.947,1.967,3613702.0
2022-08-27 12:00:00,1.967,1.969,1.914,1.94,6090203.0
2022-08-27 16:00:00,1.941,1.954,1.915,1.944,5160598.0
2022-08-27 20:00:00,1.944,1.957,1.918,1.947,3650571.0
2022-08-28 00:00:00,1.947,1.965,1.926,1.94,2911730.0
2022-08-28 04:00:00,1.941,1.971,1.931,1.963,2716289.0
2022-08-28 08:00:00,1.962,1.971,1.934,1.948,3092493.0
2022-08-28 12:00:00,1.948,1.955,1.916,1.949,4376717.0
2022-08-28 16:00:00,1.95,1.968,1.916,1.917,4061641.0
2022-08-28 20:00:00,1.917,1.932,1.837,1.843,8505829.0
2022-08-29 00:00:00,1.842,1.885,1.823,1.873,6459065.0
2022-08-29 04:00:00,1.872,1.884,1.848,1.877,3120627.0
2022-08-29 08:00:00,1.877,1.88,1.856,1.866,3479738.0
2022-08-29 12:00:00,1.866,1.957,1.863,1.936,9542603.0
2022-08-29 16:00:00,1.936,1.958,1.922,1.927,4365376.0
2022-08-29 20:00:00,1.926,1.968,1.924,1.96,3365052.0
2022-08-30 00:00:00,1.961,1.965,1.932,1.954,3054391.0
2022-08-30 04:00:00,1.955,1.991,1.954,1.972,4936089.0
2022-08-30 08:00:00,1.973,1.991,1.957,1.967,3572154.0
2022-08-30 12:00:00,1.967,1.975,1.868,1.894,9405738.0
2022-08-30 16:00:00,1.893,1.925,1.84,1.901,7621255.0
2022-08-30 20:00:00,1.901,1.921,1.876,1.888,4103240.0
2022-08-31 00:00:00,1.887,1.97,1.886,1.96,4916714.0
2022-08-31 04:00:00,1.96,1.986,1.942,1.945,4012903.0
2022-08-31 08:00:00,1.945,1.97,1.92,1.97,5058469.0
2022-08-31 12:00:00,1.969,1.986,1.915,1.95,6905656.0
2022-08-31 16:00:00,1.95,1.968,1.904,1.952,4858670.0
2022-08-31 20:00:00,1.953,1.958,1.904,1.912,2980615.0
2022-09-01 00:00:00,1.912,1.931,1.89,1.904,3751720.0
2022-09-01 04:00:00,1.903,1.92,1.868,1.876,3349458.0
2022-09-01 08:00:00,1.877,1.919,1.866,1.915,3078780.0
2022-09-01 12:00:00,1.914,1.917,1.844,1.867,6317412.0
2022-09-01 16:00:00,1.867,1.894,1.85,1.882,3780898.0
2022-09-01 20:00:00,1.883,1.94,1.88,1.935,3689332.0
2022-09-02 00:00:00,1.935,1.955,1.91,1.948,2770577.0
2022-09-02 04:00:00,1.947,1.961,1.928,1.941,2268993.0
2022-09-02 08:00:00,1.94,1.943,1.901,1.92,2577587.0
2022-09-02 12:00:00,1.919,1.98,1.912,1.965,7173794.0
2022-09-02 16:00:00,1.966,1.973,1.873,1.893,6357214.0
2022-09-02 20:00:00,1.892,1.911,1.882,1.902,2425417.0
2022-09-03 00:00:00,1.902,1.917,1.881,1.888,2223402.0
2022-09-03 04:00:00,1.888,1.907,1.858,1.875,2362010.0
2022-09-03 08:00:00,1.875,1.891,1.864,1.879,2817678.0
2022-09-03 12:00:00,1.879,1.899,1.876,1.879,2407561.0
2022-09-03 16:00:00,1.879,1.895,1.865,1.877,2895675.0
2022-09-03 20:00:00,1.877,1.893,1.872,1.891,1341118.0
2022-09-04 00:00:00,1.892,1.904,1.887,1.899,1674496.0
2022-09-04 04:00:00,1.899,1.93,1.889,1.891,3450296.0
2022-09-04 08:00:00,1.891,1.917,1.878,1.916,2855126.0
2022-09-04 12:00:00,1.917,1.938,1.897,1.917,3701316.0
2022-09-04 16:00:00,1.916,1.937,1.908,1.928,2089905.0
2022-09-04 20:00:00,1.929,1.946,1.916,1.942,2242263.0
2022-09-05 00:00:00,1.943,1.964,1.932,1.944,2495838.0
2022-09-05 04:00:00,1.944,1.949,1.886,1.889,4023257.0
2022-09-05 08:00:00,1.89,1.894,1.855,1.868,3932037.0
2022-09-05 12:00:00,1.868,1.903,1.859,1.891,3908872.0
2022-09-05 16:00:00,1.891,1.899,1.865,1.875,2489114.0
2022-09-05 20:00:00,1.875,1.927,1.873,1.912,3937219.0
2022-09-06 00:00:00,1.913,1.975,1.912,1.939,7236450.0
2022-09-06 04:00:00,1.938,1.967,1.937,1.947,3884376.0
2022-09-06 08:00:00,1.947,1.969,1.932,1.959,5442358.0
2022-09-06 12:00:00,1.958,1.977,1.906,1.944,7940490.0
2022-09-06 16:00:00,1.944,1.947,1.762,1.772,15106322.0
2022-09-06 20:00:00,1.772,1.792,1.744,1.754,4464480.0
2022-09-07 00:00:00,1.753,1.764,1.721,1.75,3896441.0
2022-09-07 04:00:00,1.75,1.762,1.74,1.76,1981628.0
2022-09-07 08:00:00,1.759,1.768,1.751,1.759,2914313.0
2022-09-07 12:00:00,1.759,1.799,1.746,1.795,6546048.0
2022-09-07 16:00:00,1.795,1.827,1.785,1.808,3185011.0
2022-09-07 20:00:00,1.808,1.861,1.807,1.833,4783293.0
2022-09-08 00:00:00,1.832,1.849,1.817,1.838,2380053.0
2022-09-08 04:00:00,1.838,1.855,1.805,1.826,4122112.0
2022-09-08 08:00:00,1.825,1.861,1.818,1.844,4089272.0
2022-09-08 12:00:00,1.843,1.886,1.801,1.861,11807623.0
2022-09-08 16:00:00,1.861,1.863,1.826,1.855,5758977.0
2022-09-08 20:00:00,1.855,1.866,1.831,1.843,3003639.0
2022-09-09 00:00:00,1.842,1.914,1.838,1.912,4803185.0
2022-09-09 04:00:00,1.913,1.945,1.91,1.939,5848298.0
2022-09-09 08:00:00,1.939,1.98,1.933,1.968,6405207.0
2022-09-09 12:00:00,1.968,2.027,1.966,2.005,9118520.0
2022-09-09 16:00:00,2.005,2.013,1.974,2.003,5145040.0
2022-09-09 20:00:00,2.003,2.035,1.986,2.005,4157860.0
2022-09-10 00:00:00,2.006,2.037,1.986,2.016,4528538.0
2022-09-10 04:00:00,2.016,2.047,1.984,1.99,5593549.0
2022-09-10 08:00:00,1.99,2.016,1.989,1.998,3803375.0
2022-09-10 12:00:00,1.999,2.014,1.97,1.984,5128528.0
2022-09-10 16:00:00,1.984,2.03,1.975,2.021,4410691.0
2022-09-10 20:00:00,2.021,2.072,2.001,2.029,5420074.0
2022-09-11 00:00:00,2.029,2.042,2.015,2.022,2555168.0
2022-09-11 04:00:00,2.023,2.032,1.975,2.01,3290949.0
2022-09-11 08:00:00,2.01,2.027,2.0,2.015,2544928.0
2022-09-11 12:00:00,2.016,2.034,1.997,2.019,3096840.0
2022-09-11 16:00:00,2.019,2.047,2.001,2.007,3834852.0
2022-09-11 20:00:00,2.007,2.014,1.971,2.008,4567033.0
2022-09-12 00:00:00,2.007,2.059,1.972,1.994,9065407.0
2022-09-12 04:00:00,1.993,2.037,1.984,2.033,3812411.0
2022-09-12 08:00:00,2.034,2.09,2.025,2.073,7342133.0
2022-09-12 12:00:00,2.073,2.08,1.994,2.005,6496943.0
2022-09-12 16:00:00,2.005,2.011,1.973,1.999,5726565.0
2022-09-12 20:00:00,1.999,2.006,1.922,1.945,6512736.0
2022-09-13 00:00:00,1.944,1.95,1.905,1.945,5704466.0
2022-09-13 04:00:00,1.946,1.97,1.93,1.946,4703425.0
2022-09-13 08:00:00,1.945,1.951,1.922,1.937,6305006.0
2022-09-13 12:00:00,1.936,1.968,1.796,1.811,16284608.0
2022-09-13 16:00:00,1.811,1.832,1.767,1.795,8884194.0
2022-09-13 20:00:00,1.795,1.81,1.765,1.777,4814339.0
2022-09-14 00:00:00,1.777,1.816,1.758,1.809,4641592.0
2022-09-14 04:00:00,1.809,1.824,1.774,1.793,3896267.0
2022-09-14 08:00:00,1.793,1.808,1.775,1.794,4924126.0
2022-09-14 12:00:00,1.795,1.81,1.77,1.785,7298585.0
2022-09-14 16:00:00,1.785,1.791,1.728,1.779,7439491.0
2022-09-14 20:00:00,1.778,1.819,1.768,1.799,4073860.0
2022-09-15 00:00:00,1.799,1.802,1.733,1.743,6953324.0
2022-09-15 04:00:00,1.744,1.808,1.704,1.8,12732789.0
2022-09-15 08:00:00,1.8,1.8,1.724,1.745,7921733.0
2022-09-15 12:00:00,1.746,1.756,1.665,1.705,12854114.0
2022-09-15 16:00:00,1.705,1.729,1.694,1.719,4620626.0
2022-09-15 20:00:00,1.72,1.728,1.691,1.706,3255233.0
2022-09-16 00:00:00,1.705,1.725,1.684,1.72,5114319.0
2022-09-16 04:00:00,1.719,1.734,1.716,1.719,2914032.0
2022-09-16 08:00:00,1.719,1.73,1.691,1.729,4049559.0
2022-09-16 12:00:00,1.729,1.731,1.68,1.706,7429528.0
2022-09-16 16:00:00,1.706,1.707,1.672,1.695,6393949.0
2022-09-16 20:00:00,1.695,1.726,1.695,1.724,3318159.0
2022-09-17 00:00:00,1.724,1.757,1.723,1.749,3874437.0
2022-09-17 04:00:00,1.749,1.759,1.74,1.75,2671941.0
2022-09-17 08:00:00,1.751,1.762,1.745,1.745,2527075.0
2022-09-17 12:00:00,1.746,1.778,1.742,1.774,3845699.0
2022-09-17 16:00:00,1.774,1.82,1.773,1.792,6527585.0
2022-09-17 20:00:00,1.792,1.802,1.784,1.797,2710274.0
2022-09-18 00:00:00,1.797,1.798,1.767,1.773,3484516.0
2022-09-18 04:00:00,1.773,1.78,1.77,1.774,2525438.0
2022-09-18 08:00:00,1.774,1.791,1.741,1.753,5093712.0
2022-09-18 12:00:00,1.752,1.762,1.728,1.734,4617667.0
2022-09-18 16:00:00,1.734,1.74,1.703,1.716,6396886.0
2022-09-18 20:00:00,1.716,1.718,1.59,1.643,9338084.0
2022-09-19 00:00:00,1.643,1.666,1.6,1.612,6874361.0
2022-09-19 04:00:00,1.611,1.628,1.583,1.61,5717494.0
2022-09-19 08:00:00,1.61,1.639,1.593,1.631,4528166.0
2022-09-19 12:00:00,1.631,1.695,1.629,1.655,6749143.0
2022-09-19 16:00:00,1.656,1.681,1.632,1.675,4853894.0
2022-09-19 20:00:00,1.676,1.696,1.669,1.681,2969432.0
2022-09-20 00:00:00,1.681,1.693,1.657,1.676,3273679.0
2022-09-20 04:00:00,1.677,1.697,1.666,1.675,3272072.0
2022-09-20 08:00:00,1.675,1.684,1.644,1.645,4454495.0
2022-09-20 12:00:00,1.644,1.66,1.614,1.658,7759834.0
2022-09-20 16:00:00,1.658,1.664,1.607,1.627,5845835.0
2022-09-20 20:00:00,1.628,1.634,1.597,1.607,3439654.0
2022-09-21 00:00:00,1.608,1.631,1.6,1.628,3271099.0
2022-09-21 04:00:00,1.627,1.64,1.587,1.599,5131392.0
2022-09-21 08:00:00,1.599,1.639,1.59,1.635,4231698.0
2022-09-21 12:00:00,1.635,1.653,1.61,1.616,5589110.0
2022-09-21 16:00:00,1.616,1.703,1.557,1.622,22337647.0
2022-09-21 20:00:00,1.621,1.627,1.525,1.551,10782440.0
2022-09-22 00:00:00,1.551,1.593,1.544,1.583,5081121.0
2022-09-22 04:00:00,1.583,1.611,1.581,1.608,3922730.0
2022-09-22 08:00:00,1.609,1.638,1.606,1.636,5977150.0
2022-09-22 12:00:00,1.636,1.639,1.585,1.603,6452253.0
2022-09-22 16:00:00,1.604,1.65,1.585,1.632,5994063.0
2022-09-22 20:00:00,1.633,1.657,1.616,1.639,3157797.0
2022-09-23 00:00:00,1.639,1.658,1.628,1.649,3907746.0
2022-09-23 04:00:00,1.65,1.665,1.626,1.629,4354561.0
2022-09-23 08:00:00,1.63,1.638,1.582,1.587,6234580.0
2022-09-23 12:00:00,1.587,1.618,1.564,1.589,7243871.0
2022-09-23 16:00:00,1.589,1.601,1.571,1.597,5485674.0
2022-09-23 20:00:00,1.597,1.66,1.596,1.646,4480381.0
2022-09-24 00:00:00,1.647,1.656,1.629,1.646,3687154.0
2022-09-24 04:00:00,1.647,1.662,1.639,1.639,3384538.0
2022-09-24 08:00:00,1.639,1.652,1.634,1.647,3018066.0
2022-09-24 12:00:00,1.646,1.672,1.646,1.663,5007955.0
2022-09-24 16:00:00,1.664,1.674,1.647,1.652,3404801.0
2022-09-24 20:00:00,1.652,1.668,1.614,1.624,5761089.0
2022-09-25 00:00:00,1.624,1.645,1.621,1.645,2146091.0
2022-09-25 04:00:00,1.645,1.651,1.627,1.648,2135272.0
2022-09-25 08:00:00,1.648,1.656,1.629,1.639,2559186.0
2022-09-25 12:00:00,1.639,1.645,1.603,1.62,3745961.0
2022-09-25 16:00:00,1.621,1.634,1.6,1.611,3998314.0
2022-09-25 20:00:00,1.611,1.612,1.572,1.586,4348343.0
2022-09-26 00:00:00,1.586,1.6,1.565,1.584,4493091.0
2022-09-26 04:00:00,1.583,1.592,1.552,1.575,5007508.0
2022-09-26 08:00:00,1.575,1.618,1.562,1.574,6209489.0
2022-09-26 12:00:00,1.573,1.617,1.566,1.598,6325312.0
2022-09-26 16:00:00,1.597,1.601,1.575,1.592,4811088.0
2022-09-26 20:00:00,1.592,1.602,1.575,1.6,2182589.0
2022-09-27 00:00:00,1.601,1.667,1.596,1.656,6360262.0
2022-09-27 04:00:00,1.656,1.68,1.647,1.666,3760910.0
2022-09-27 08:00:00,1.665,1.673,1.649,1.65,3695428.0
2022-09-27 12:00:00,1.65,1.671,1.616,1.619,6075827.0
2022-09-27 16:00:00,1.618,1.622,1.536,1.559,10302876.0
2022-09-27 20:00:00,1.559,1.572,1.55,1.565,2803736.0
2022-09-28 00:00:00,1.565,1.576,1.502,1.532,7868032.0
2022-09-28 04:00:00,1.531,1.536,1.507,1.527,3308610.0
2022-09-28 08:00:00,1.526,1.549,1.506,1.537,5151128.0
2022-09-28 12:00:00,1.537,1.569,1.534,1.567,6102017.0
2022-09-28 16:00:00,1.566,1.577,1.548,1.557,5102969.0
2022-09-28 20:00:00,1.558,1.576,1.557,1.565,2631080.0
2022-09-29 00:00:00,1.565,1.584,1.552,1.578,3648118.0
2022-09-29 04:00:00,1.577,1.585,1.548,1.555,5082864.0
2022-09-29 08:00:00,1.555,1.578,1.55,1.569,3554592.0
2022-09-29 12:00:00,1.569,1.571,1.531,1.564,6987058.0
2022-09-29 16:00:00,1.563,1.581,1.547,1.567,5058076.0
2022-09-29 20:00:00,1.567,1.583,1.563,1.579,3012317.0
2022-09-30 00:00:00,1.58,1.601,1.573,1.581,4964407.0
2022-09-30 04:00:00,1.582,1.608,1.58,1.598,2926940.0
2022-09-30 08:00:00,1.599,1.607,1.57,1.571,3790082.0
2022-09-30 12:00:00,1.571,1.612,1.556,1.581,10386597.0
2022-09-30 16:00:00,1.58,1.594,1.559,1.562,6511427.0
2022-09-30 20:00:00,1.561,1.577,1.545,1.569,3388434.0
2022-10-01 00:00:00,1.57,1.583,1.566,1.578,2319456.0
2022-10-01 04:00:00,1.578,1.579,1.561,1.565,2009684.0
2022-10-01 08:00:00,1.565,1.57,1.551,1.561,2313181.0
2022-10-01 12:00:00,1.56,1.565,1.551,1.556,2296192.0
2022-10-01 16:00:00,1.556,1.558,1.532,1.543,3324525.0
2022-10-01 20:00:00,1.543,1.548,1.535,1.543,1584957.0
2022-10-02 00:00:00,1.542,1.551,1.536,1.547,1780023.0
2022-10-02 04:00:00,1.547,1.561,1.545,1.552,2357595.0
2022-10-02 08:00:00,1.551,1.553,1.506,1.517,4428105.0
2022-10-02 12:00:00,1.518,1.523,1.51,1.518,2154494.0
2022-10-02 16:00:00,1.519,1.541,1.514,1.533,2503968.0
2022-10-02 20:00:00,1.534,1.537,1.488,1.498,4692228.0
2022-10-03 00:00:00,1.498,1.518,1.474,1.51,5051379.0
2022-10-03 04:00:00,1.511,1.518,1.496,1.512,3466346.0
2022-10-03 08:00:00,1.512,1.532,1.507,1.532,3024050.0
2022-10-03 12:00:00,1.531,1.574,1.524,1.555,6801494.0
2022-10-03 16:00:00,1.556,1.586,1.555,1.569,5810986.0
2022-10-03 20:00:00,1.569,1.602,1.569,1.599,3819346.0
2022-10-04 00:00:00,1.599,1.644,1.598,1.634,7531576.0
2022-10-04 04:00:00,1.635,1.667,1.613,1.664,8877623.0
2022-10-04 08:00:00,1.664,1.677,1.637,1.65,9417956.0
2022-10-04 12:00:00,1.65,1.677,1.642,1.651,7006821.0
2022-10-04 16:00:00,1.65,1.658,1.623,1.648,6100172.0
2022-10-04 20:00:00,1.649,1.674,1.641,1.648,4462087.0
2022-10-05 00:00:00,1.648,1.65,1.627,1.635,3395521.0
2022-10-05 04:00:00,1.635,1.649,1.627,1.629,2935717.0
2022-10-05 08:00:00,1.628,1.629,1.603,1.612,4815367.0
2022-10-05 12:00:00,1.612,1.625,1.592,1.624,6251532.0
2022-10-05 16:00:00,1.625,1.654,1.619,1.641,5669825.0
2022-10-05 20:00:00,1.642,1.679,1.633,1.669,4030309.0
2022-10-06 00:00:00,1.669,1.694,1.664,1.676,5024912.0
2022-10-06 04:00:00,1.676,1.684,1.643,1.652,3478192.0
2022-10-06 08:00:00,1.652,1.661,1.635,1.658,3417971.0
2022-10-06 12:00:00,1.658,1.666,1.617,1.63,8921547.0
2022-10-06 16:00:00,1.63,1.647,1.622,1.627,4497018.0
2022-10-06 20:00:00,1.627,1.631,1.609,1.625,2359468.0
2022-10-07 00:00:00,1.624,1.635,1.623,1.626,1823239.0
2022-10-07 04:00:00,1.626,1.63,1.605,1.616,2338516.0
2022-10-07 08:00:00,1.616,1.62,1.601,1.604,2372683.0
2022-10-07 12:00:00,1.603,1.609,1.569,1.584,7740425.0
2022-10-07 16:00:00,1.584,1.588,1.565,1.581,4085671.0
2022-10-07 20:00:00,1.581,1.593,1.577,1.588,1542694.0
2022-10-08 00:00:00,1.589,1.599,1.585,1.596,1768432.0
2022-10-08 04:00:00,1.597,1.606,1.587,1.598,1758327.0
2022-10-08 08:00:00,1.599,1.604,1.592,1.601,1927011.0
2022-10-08 12:00:00,1.601,1.602,1.574,1.576,2206896.0
2022-10-08 16:00:00,1.576,1.584,1.561,1.561,2211735.0
2022-10-08 20:00:00,1.561,1.569,1.542,1.558,2876154.0
2022-10-09 00:00:00,1.558,1.563,1.549,1.553,1290579.0
2022-10-09 04:00:00,1.552,1.572,1.549,1.565,1609943.0
2022-10-09 08:00:00,1.566,1.577,1.556,1.574,2189693.0
2022-10-09 12:00:00,1.574,1.592,1.574,1.592,2499491.0
2022-10-09 16:00:00,1.592,1.602,1.582,1.601,3629746.0
2022-10-09 20:00:00,1.6,1.608,1.591,1.605,3119824.0
2022-10-10 00:00:00,1.605,1.649,1.602,1.623,8506472.0
2022-10-10 04:00:00,1.623,1.627,1.588,1.598,4858786.0
2022-10-10 08:00:00,1.599,1.6,1.562,1.574,7303522.0
2022-10-10 12:00:00,1.573,1.585,1.562,1.569,6049742.0
2022-10-10 16:00:00,1.57,1.573,1.551,1.56,4421653.0
2022-10-10 20:00:00,1.561,1.567,1.506,1.52,5485655.0
2022-10-11 00:00:00,1.52,1.521,1.471,1.507,5612526.0
2022-10-11 04:00:00,1.507,1.524,1.504,1.517,2960896.0
2022-10-11 08:00:00,1.518,1.525,1.507,1.524,2336941.0
2022-10-11 12:00:00,1.525,1.538,1.494,1.529,6381129.0
2022-10-11 16:00:00,1.529,1.535,1.5,1.511,4099576.0
2022-10-11 20:00:00,1.512,1.522,1.503,1.512,1974306.0
2022-10-12 00:00:00,1.511,1.527,1.504,1.512,2126716.0
2022-10-12 04:00:00,1.512,1.537,1.512,1.522,2325790.0
2022-10-12 08:00:00,1.522,1.534,1.516,1.518,2171863.0
2022-10-12 12:00:00,1.518,1.525,1.495,1.512,5376602.0
2022-10-12 16:00:00,1.512,1.517,1.485,1.509,3877513.0
2022-10-12 20:00:00,1.51,1.517,1.505,1.508,1595040.0
2022-10-13 00:00:00,1.508,1.51,1.453,1.475,4241026.0
2022-10-13 04:00:00,1.475,1.476,1.415,1.431,5610097.0
2022-10-13 08:00:00,1.431,1.441,1.374,1.415,7966899.0
2022-10-13 12:00:00,1.416,1.464,1.355,1.454,14609554.0
2022-10-13 16:00:00,1.454,1.496,1.447,1.481,6241298.0
2022-10-13 20:00:00,1.481,1.502,1.48,1.481,3102729.0
2022-10-14 00:00:00,1.481,1.54,1.476,1.528,4434606.0
2022-10-14 04:00:00,1.528,1.531,1.501,1.506,2755188.0
2022-10-14 08:00:00,1.506,1.521,1.502,1.506,3189254.0
2022-10-14 12:00:00,1.505,1.523,1.469,1.472,6118776.0
2022-10-14 16:00:00,1.471,1.475,1.446,1.453,4743707.0
2022-10-14 20:00:00,1.453,1.46,1.436,1.458,1622764.0
2022-10-15 00:00:00,1.458,1.462,1.447,1.457,1305985.0
2022-10-15 04:00:00,1.458,1.46,1.447,1.459,1554790.0
2022-10-15 08:00:00,1.459,1.46,1.437,1.456,2069009.0
2022-10-15 12:00:00,1.456,1.466,1.45,1.461,2096314.0
2022-10-15 16:00:00,1.462,1.467,1.453,1.456,1250350.0
2022-10-15 20:00:00,1.456,1.457,1.421,1.434,3212021.0
2022-10-16 00:00:00,1.434,1.453,1.431,1.448,2108930.0
2022-10-16 04:00:00,1.449,1.463,1.448,1.46,1462269.0
2022-10-16 08:00:00,1.461,1.473,1.454,1.465,1749575.0
2022-10-16 12:00:00,1.465,1.471,1.458,1.468,1423520.0
2022-10-16 16:00:00,1.469,1.488,1.457,1.487,2632711.0
2022-10-16 20:00:00,1.487,1.494,1.462,1.476,2994785.0
2022-10-17 00:00:00,1.476,1.485,1.461,1.472,1814551.0
2022-10-17 04:00:00,1.471,1.496,1.464,1.494,2364742.0
2022-10-17 08:00:00,1.494,1.533,1.481,1.519,5550678.0
2022-10-17 12:00:00,1.519,1.55,1.511,1.535,7382010.0
2022-10-17 16:00:00,1.535,1.542,1.513,1.526,4735135.0
2022-10-17 20:00:00,1.526,1.559,1.526,1.546,4954995.0
2022-10-18 00:00:00,1.546,1.558,1.526,1.54,3874433.0
2022-10-18 04:00:00,1.54,1.548,1.53,1.545,2854302.0
2022-10-18 08:00:00,1.546,1.547,1.501,1.516,4931799.0
2022-10-18 12:00:00,1.517,1.532,1.492,1.503,5067643.0
2022-10-18 16:00:00,1.503,1.511,1.464,1.487,5474255.0
2022-10-18 20:00:00,1.487,1.516,1.486,1.503,3622826.0
2022-10-19 00:00:00,1.503,1.509,1.478,1.484,2309684.0
2022-10-19 04:00:00,1.483,1.487,1.457,1.47,2659515.0
2022-10-19 08:00:00,1.471,1.482,1.456,1.469,2557159.0
2022-10-19 12:00:00,1.468,1.494,1.459,1.491,4068424.0
2022-10-19 16:00:00,1.49,1.493,1.461,1.482,3397874.0
2022-10-19 20:00:00,1.482,1.487,1.424,1.44,5292774.0
2022-10-20 00:00:00,1.441,1.456,1.425,1.452,2736197.0
2022-10-20 04:00:00,1.452,1.478,1.449,1.472,2889517.0
2022-10-20 08:00:00,1.472,1.478,1.462,1.474,2246729.0
2022-10-20 12:00:00,1.475,1.482,1.459,1.47,3636249.0
2022-10-20 16:00:00,1.471,1.471,1.426,1.44,4561363.0
2022-10-20 20:00:00,1.44,1.444,1.414,1.428,4081023.0
2022-10-21 00:00:00,1.428,1.429,1.396,1.412,3083626.0
2022-10-21 04:00:00,1.412,1.417,1.4,1.407,1958407.0
2022-10-21 08:00:00,1.407,1.409,1.384,1.397,4020903.0
2022-10-21 12:00:00,1.398,1.429,1.371,1.428,7984555.0
2022-10-21 16:00:00,1.429,1.442,1.421,1.435,5501181.0
2022-10-21 20:00:00,1.435,1.442,1.427,1.43,1484970.0
2022-10-22 00:00:00,1.431,1.437,1.414,1.423,1878238.0
2022-10-22 04:00:00,1.423,1.433,1.411,1.43,1826015.0
2022-10-22 08:00:00,1.43,1.437,1.424,1.433,1912518.0
2022-10-22 12:00:00,1.432,1.445,1.425,1.435,2308768.0
2022-10-22 16:00:00,1.435,1.437,1.417,1.429,1962585.0
2022-10-22 20:00:00,1.429,1.44,1.424,1.435,1708223.0
2022-10-23 00:00:00,1.436,1.45,1.428,1.448,1605205.0
2022-10-23 04:00:00,1.447,1.448,1.431,1.431,1444382.0
2022-10-23 08:00:00,1.432,1.438,1.41,1.416,2042830.0
2022-10-23 12:00:00,1.416,1.429,1.413,1.428,2250584.0
2022-10-23 16:00:00,1.427,1.467,1.42,1.465,4529162.0
2022-10-23 20:00:00,1.465,1.49,1.457,1.484,3378096.0
2022-10-24 00:00:00,1.484,1.49,1.453,1.459,2976138.0
2022-10-24 04:00:00,1.458,1.462,1.441,1.45,2920376.0
2022-10-24 08:00:00,1.449,1.465,1.442,1.46,2889820.0
2022-10-24 12:00:00,1.46,1.463,1.425,1.447,6224101.0
2022-10-24 16:00:00,1.447,1.452,1.434,1.445,3513171.0
2022-10-24 20:00:00,1.445,1.455,1.436,1.44,2202422.0
2022-10-25 00:00:00,1.441,1.458,1.436,1.457,2639734.0
2022-10-25 04:00:00,1.457,1.463,1.451,1.456,2162019.0
2022-10-25 08:00:00,1.457,1.458,1.434,1.448,3090166.0
2022-10-25 12:00:00,1.447,1.495,1.44,1.485,6584009.0
2022-10-25 16:00:00,1.485,1.545,1.485,1.513,12021285.0
2022-10-25 20:00:00,1.513,1.519,1.49,1.501,4367079.0
2022-10-26 00:00:00,1.501,1.535,1.492,1.527,3373884.0
2022-10-26 04:00:00,1.527,1.55,1.518,1.544,4540094.0
2022-10-26 08:00:00,1.543,1.564,1.533,1.535,7267034.0
2022-10-26 12:00:00,1.534,1.557,1.507,1.54,10038279.0
2022-10-26 16:00:00,1.541,1.55,1.525,1.539,5157194.0
2022-10-26 20:00:00,1.54,1.554,1.528,1.539,3537356.0
2022-10-27 00:00:00,1.539,1.562,1.533,1.558,4245644.0
2022-10-27 04:00:00,1.558,1.605,1.554,1.569,7410585.0
2022-10-27 08:00:00,1.569,1.583,1.543,1.562,7072598.0
2022-10-27 12:00:00,1.561,1.579,1.531,1.538,9494085.0
2022-10-27 16:00:00,1.538,1.578,1.528,1.566,5156077.0
2022-10-27 20:00:00,1.566,1.568,1.5,1.505,7389737.0
2022-10-28 00:00:00,1.505,1.529,1.488,1.503,5522786.0
2022-10-28 04:00:00,1.503,1.523,1.48,1.487,4936640.0
2022-10-28 08:00:00,1.487,1.515,1.48,1.496,4446838.0
2022-10-28 12:00:00,1.496,1.55,1.476,1.532,10809260.0
2022-10-28 16:00:00,1.533,1.562,1.527,1.558,6199242.0
2022-10-28 20:00:00,1.559,1.576,1.554,1.563,3179411.0
2022-10-29 00:00:00,1.562,1.593,1.559,1.586,3467408.0
2022-10-29 04:00:00,1.585,1.592,1.573,1.589,2130651.0
2022-10-29 08:00:00,1.589,1.623,1.57,1.576,5616051.0
2022-10-29 12:00:00,1.576,1.603,1.57,1.594,4044740.0
2022-10-29 16:00:00,1.595,1.609,1.564,1.573,6123696.0
2022-10-29 20:00:00,1.574,1.584,1.553,1.571,2212407.0
2022-10-30 00:00:00,1.571,1.58,1.556,1.579,1771989.0
2022-10-30 04:00:00,1.578,1.616,1.571,1.612,3449878.0
2022-10-30 08:00:00,1.611,1.62,1.57,1.585,4535263.0
2022-10-30 12:00:00,1.584,1.59,1.556,1.558,3650435.0
2022-10-30 16:00:00,1.557,1.568,1.54,1.56,2892186.0
2022-10-30 20:00:00,1.56,1.567,1.534,1.554,2777065.0
2022-10-31 00:00:00,1.555,1.563,1.539,1.559,2936553.0
2022-10-31 04:00:00,1.56,1.573,1.549,1.563,2033640.0
2022-10-31 08:00:00,1.564,1.6,1.545,1.593,5508920.0
2022-10-31 12:00:00,1.593,1.606,1.546,1.565,7084548.0
2022-10-31 16:00:00,1.565,1.578,1.554,1.561,3434557.0
2022-10-31 20:00:00,1.562,1.582,1.556,1.575,2020472.0
2022-11-01 00:00:00,1.576,1.609,1.573,1.586,3698430.0
2022-11-01 04:00:00,1.586,1.603,1.581,1.591,2002657.0
2022-11-01 08:00:00,1.591,1.611,1.58,1.589,3028596.0
2022-11-01 12:00:00,1.589,1.598,1.562,1.569,3875556.0
2022-11-01 16:00:00,1.568,1.575,1.557,1.569,2403313.0
2022-11-01 20:00:00,1.569,1.574,1.561,1.561,1622342.0
2022-11-02 00:00:00,1.562,1.562,1.542,1.552,2577026.0
2022-11-02 04:00:00,1.551,1.556,1.514,1.523,3515816.0
2022-11-02 08:00:00,1.522,1.546,1.491,1.505,4747181.0
2022-11-02 12:00:00,1.506,1.508,1.481,1.484,4417699.0
2022-11-02 16:00:00,1.485,1.53,1.456,1.477,13768328.0
2022-11-02 20:00:00,1.477,1.482,1.445,1.473,4463971.0
2022-11-03 00:00:00,1.474,1.52,1.465,1.513,2969992.0
2022-11-03 04:00:00,1.514,1.528,1.504,1.505,2861689.0
2022-11-03 08:00:00,1.506,1.524,1.482,1.492,4175178.0
2022-11-03 12:00:00,1.491,1.517,1.469,1.505,5779132.0
2022-11-03 16:00:00,1.504,1.522,1.498,1.514,3291806.0
2022-11-03 20:00:00,1.515,1.519,1.484,1.493,3261545.0
2022-11-04 00:00:00,1.494,1.536,1.492,1.535,3411163.0
2022-11-04 04:00:00,1.534,1.574,1.527,1.568,4482025.0
2022-11-04 08:00:00,1.568,1.592,1.556,1.564,4731335.0
2022-11-04 12:00:00,1.564,1.633,1.548,1.585,11068085.0
2022-11-04 16:00:00,1.584,1.641,1.584,1.64,6092823.0
2022-11-04 20:00:00,1.64,1.663,1.634,1.661,4137638.0
2022-11-05 00:00:00,1.661,1.703,1.661,1.676,7275015.0
2022-11-05 04:00:00,1.675,1.685,1.654,1.683,2967921.0
2022-11-05 08:00:00,1.682,1.687,1.645,1.68,4116329.0
2022-11-05 12:00:00,1.679,1.682,1.638,1.666,3950164.0
2022-11-05 16:00:00,1.667,1.723,1.667,1.677,9033239.0
2022-11-05 20:00:00,1.677,1.684,1.643,1.665,3875600.0
2022-11-06 00:00:00,1.665,1.677,1.646,1.665,2990152.0
2022-11-06 04:00:00,1.665,1.667,1.635,1.65,2647937.0
2022-11-06 08:00:00,1.651,1.672,1.643,1.656,2462033.0
2022-11-06 12:00:00,1.656,1.729,1.646,1.696,9412966.0
2022-11-06 16:00:00,1.696,1.707,1.657,1.667,9241764.0
2022-11-06 20:00:00,1.666,1.678,1.603,1.606,6481791.0
2022-11-07 00:00:00,1.606,1.653,1.602,1.643,4749094.0
2022-11-07 04:00:00,1.644,1.652,1.576,1.577,5504282.0
2022-11-07 08:00:00,1.577,1.633,1.572,1.625,3935570.0
2022-11-07 12:00:00,1.625,1.652,1.596,1.651,5020488.0
2022-11-07 16:00:00,1.651,1.684,1.633,1.678,4915428.0
2022-11-07 20:00:00,1.679,1.686,1.589,1.621,5863584.0
2022-11-08 00:00:00,1.621,1.64,1.532,1.54,8419647.0
2022-11-08 04:00:00,1.539,1.554,1.461,1.521,12590741.0
2022-11-08 08:00:00,1.521,1.522,1.493,1.5,5092481.0
2022-11-08 12:00:00,1.501,1.51,1.453,1.498,6713799.0
2022-11-08 16:00:00,1.498,1.593,1.219,1.348,35592059.0
2022-11-08 20:00:00,1.348,1.378,1.307,1.362,11003190.0
2022-11-09 00:00:00,1.362,1.371,1.301,1.335,6637474.0
2022-11-09 04:00:00,1.335,1.349,1.304,1.317,6077193.0
2022-11-09 08:00:00,1.318,1.321,1.211,1.269,14284049.0
2022-11-09 12:00:00,1.269,1.296,1.193,1.209,12884410.0
2022-11-09 16:00:00,1.209,1.229,1.113,1.153,13503549.0
2022-11-09 20:00:00,1.153,1.167,1.0,1.03,20161292.0
2022-11-10 00:00:00,1.031,1.108,1.016,1.087,9439210.0
2022-11-10 04:00:00,1.087,1.139,1.079,1.123,7171794.0
2022-11-10 08:00:00,1.122,1.133,1.088,1.11,6737079.0
2022-11-10 12:00:00,1.11,1.227,1.107,1.208,12285916.0
2022-11-10 16:00:00,1.207,1.241,1.174,1.213,7105475.0
2022-11-10 20:00:00,1.213,1.254,1.202,1.226,4927049.0
2022-11-11 00:00:00,1.226,1.235,1.159,1.173,3913220.0
2022-11-11 04:00:00,1.172,1.209,1.165,1.2,2941709.0
2022-11-11 08:00:00,1.2,1.213,1.182,1.194,2921367.0
2022-11-11 12:00:00,1.193,1.214,1.1,1.143,9362327.0
2022-11-11 16:00:00,1.143,1.156,1.117,1.144,3891783.0
2022-11-11 20:00:00,1.144,1.162,1.118,1.155,2238018.0
2022-11-12 00:00:00,1.156,1.159,1.127,1.134,1664415.0
2022-11-12 04:00:00,1.134,1.137,1.093,1.121,3916113.0
2022-11-12 08:00:00,1.121,1.131,1.106,1.117,2459906.0
2022-11-12 12:00:00,1.118,1.125,1.097,1.121,2344034.0
2022-11-12 16:00:00,1.121,1.129,1.111,1.118,1842413.0
2022-11-12 20:00:00,1.117,1.122,1.1,1.111,1931197.0
2022-11-13 00:00:00,1.111,1.138,1.104,1.135,1899000.0
2022-11-13 04:00:00,1.134,1.14,1.1,1.118,2567412.0
2022-11-13 08:00:00,1.117,1.12,1.087,1.11,2945870.0
2022-11-13 12:00:00,1.109,1.158,1.099,1.145,6766555.0
2022-11-13 16:00:00,1.145,1.153,1.131,1.152,3739549.0
2022-11-13 20:00:00,1.152,1.157,1.11,1.13,4521214.0
2022-11-14 00:00:00,1.131,1.141,1.068,1.095,6720293.0
2022-11-14 04:00:00,1.095,1.145,1.074,1.143,5572308.0
2022-11-14 08:00:00,1.144,1.169,1.137,1.158,5561738.0
2022-11-14 12:00:00,1.157,1.215,1.148,1.174,10412562.0
2022-11-14 16:00:00,1.175,1.185,1.143,1.154,4632556.0
2022-11-14 20:00:00,1.153,1.196,1.152,1.191,2965756.0
2022-11-15 00:00:00,1.192,1.216,1.183,1.209,3657151.0
2022-11-15 04:00:00,1.209,1.224,1.192,1.218,2546304.0
2022-11-15 08:00:00,1.218,1.26,1.207,1.227,6642088.0
2022-11-15 12:00:00,1.228,1.283,1.221,1.261,9062670.0
2022-11-15 16:00:00,1.26,1.269,1.192,1.213,8658096.0
2022-11-15 20:00:00,1.213,1.238,1.2,1.231,2849296.0
2022-11-16 00:00:00,1.231,1.253,1.225,1.246,2669051.0
2022-11-16 04:00:00,1.246,1.248,1.221,1.227,2360204.0
2022-11-16 08:00:00,1.228,1.231,1.197,1.201,3567702.0
2022-11-16 12:00:00,1.201,1.205,1.171,1.18,5041439.0
2022-11-16 16:00:00,1.181,1.198,1.174,1.19,2613191.0
2022-11-16 20:00:00,1.19,1.211,1.183,1.194,2448918.0
2022-11-17 00:00:00,1.195,1.207,1.18,1.187,1848051.0
2022-11-17 04:00:00,1.187,1.197,1.168,1.19,2841338.0
2022-11-17 08:00:00,1.19,1.195,1.171,1.183,1913262.0
2022-11-17 12:00:00,1.184,1.2,1.163,1.181,3942737.0
2022-11-17 16:00:00,1.181,1.198,1.179,1.19,2917707.0
2022-11-17 20:00:00,1.189,1.198,1.182,1.189,1441069.0
2022-11-18 00:00:00,1.189,1.217,1.187,1.205,2261236.0
2022-11-18 04:00:00,1.205,1.211,1.199,1.202,1079507.0
2022-11-18 08:00:00,1.203,1.214,1.194,1.207,1515631.0
2022-11-18 12:00:00,1.206,1.218,1.19,1.199,2727848.0
2022-11-18 16:00:00,1.2,1.204,1.183,1.192,2032831.0
2022-11-18 20:00:00,1.192,1.201,1.191,1.199,988184.0
2022-11-19 00:00:00,1.199,1.201,1.178,1.188,1082883.0
2022-11-19 04:00:00,1.189,1.191,1.17,1.184,1274597.0
2022-11-19 08:00:00,1.185,1.197,1.179,1.195,1101113.0
2022-11-19 12:00:00,1.195,1.212,1.189,1.21,1625902.0
2022-11-19 16:00:00,1.211,1.224,1.205,1.212,2153370.0
2022-11-19 20:00:00,1.212,1.235,1.208,1.224,2212700.0
2022-11-20 00:00:00,1.223,1.232,1.219,1.223,1455024.0
2022-11-20 04:00:00,1.222,1.236,1.222,1.231,1342893.0
2022-11-20 08:00:00,1.231,1.234,1.187,1.191,3549041.0
2022-11-20 12:00:00,1.191,1.205,1.182,1.196,2017285.0
2022-11-20 16:00:00,1.195,1.199,1.183,1.194,1652613.0
2022-11-20 20:00:00,1.194,1.194,1.137,1.152,4862950.0
2022-11-21 00:00:00,1.152,1.153,1.109,1.124,6054916.0
2022-11-21 04:00:00,1.125,1.146,1.12,1.127,2910161.0
2022-11-21 08:00:00,1.128,1.134,1.114,1.126,3371431.0
2022-11-21 12:00:00,1.127,1.144,1.118,1.133,2887280.0
2022-11-21 16:00:00,1.134,1.137,1.085,1.099,6500351.0
2022-11-21 20:00:00,1.098,1.122,1.094,1.106,4162773.0
2022-11-22 00:00:00,1.107,1.121,1.104,1.113,2272476.0
2022-11-22 04:00:00,1.112,1.113,1.066,1.078,3494746.0
2022-11-22 08:00:00,1.078,1.08,1.052,1.069,3261297.0
2022-11-22 12:00:00,1.068,1.124,1.06,1.118,6234895.0
2022-11-22 16:00:00,1.118,1.124,1.103,1.114,3121884.0
2022-11-22 20:00:00,1.114,1.136,1.11,1.131,2649570.0
2022-11-23 00:00:00,1.131,1.158,1.121,1.157,3259802.0
2022-11-23 04:00:00,1.158,1.166,1.15,1.163,1774156.0
2022-11-23 08:00:00,1.163,1.169,1.151,1.162,2527237.0
2022-11-23 12:00:00,1.162,1.164,1.138,1.154,3059931.0
2022-11-23 16:00:00,1.154,1.179,1.141,1.168,3641681.0
2022-11-23 20:00:00,1.168,1.181,1.16,1.179,1895029.0
2022-11-24 00:00:00,1.178,1.193,1.166,1.189,2626338.0
2022-11-24 04:00:00,1.189,1.198,1.182,1.186,2213688.0
2022-11-24 08:00:00,1.186,1.189,1.165,1.18,3383258.0
2022-11-24 12:00:00,1.179,1.188,1.17,1.179,2707277.0
2022-11-24 16:00:00,1.179,1.192,1.175,1.18,2534192.0
2022-11-24 20:00:00,1.18,1.184,1.172,1.181,1534667.0
2022-11-25 00:00:00,1.181,1.182,1.153,1.16,2897425.0
2022-11-25 04:00:00,1.16,1.164,1.149,1.164,1982081.0
2022-11-25 08:00:00,1.164,1.182,1.156,1.177,2669818.0
2022-11-25 12:00:00,1.178,1.185,1.172,1.18,2229456.0
2022-11-25 16:00:00,1.18,1.191,1.171,1.187,2442750.0
2022-11-25 20:00:00,1.187,1.193,1.18,1.19,1480694.0
2022-11-26 00:00:00,1.19,1.213,1.19,1.208,2911095.0
2022-11-26 04:00:00,1.207,1.213,1.198,1.205,1392104.0
2022-11-26 08:00:00,1.205,1.219,1.202,1.214,1524644.0
2022-11-26 12:00:00,1.214,1.228,1.199,1.203,2584260.0
2022-11-26 16:00:00,1.204,1.207,1.181,1.188,2033925.0
2022-11-26 20:00:00,1.188,1.195,1.178,1.187,1219202.0
2022-11-27 00:00:00,1.188,1.201,1.186,1.197,1193720.0
2022-11-27 04:00:00,1.197,1.206,1.196,1.2,1267099.0
2022-11-27 08:00:00,1.199,1.204,1.193,1.203,1308500.0
2022-11-27 12:00:00,1.204,1.208,1.199,1.207,1167377.0
2022-11-27 16:00:00,1.207,1.209,1.195,1.201,1197769.0
2022-11-27 20:00:00,1.2,1.205,1.172,1.18,2880293.0
2022-11-28 00:00:00,1.18,1.188,1.134,1.153,6562803.0
2022-11-28 04:00:00,1.153,1.163,1.145,1.162,1674689.0
2022-11-28 08:00:00,1.163,1.166,1.143,1.151,2910434.0
2022-11-28 12:00:00,1.15,1.164,1.135,1.138,3705620.0
2022-11-28 16:00:00,1.139,1.17,1.13,1.16,4036844.0
2022-11-28 20:00:00,1.16,1.174,1.157,1.166,1889318.0
2022-11-29 00:00:00,1.167,1.19,1.151,1.186,2498218.0
2022-11-29 04:00:00,1.186,1.246,1.186,1.235,5632642.0
2022-11-29 08:00:00,1.235,1.242,1.226,1.23,3555153.0
2022-11-29 12:00:00,1.23,1.234,1.216,1.225,5061497.0
2022-11-29 16:00:00,1.224,1.234,1.212,1.227,3525129.0
2022-11-29 20:00:00,1.228,1.241,1.225,1.227,2764373.0
2022-11-30 00:00:00,1.228,1.288,1.226,1.256,7565548.0
2022-11-30 04:00:00,1.257,1.271,1.255,1.267,2238077.0
2022-11-30 08:00:00,1.268,1.272,1.256,1.27,2232543.0
2022-11-30 12:00:00,1.269,1.277,1.253,1.272,4908539.0
2022-11-30 16:00:00,1.272,1.289,1.247,1.287,8178687.0
2022-11-30 20:00:00,1.287,1.296,1.278,1.291,2748533.0
2022-12-01 00:00:00,1.291,1.295,1.276,1.285,1924584.0
2022-12-01 04:00:00,1.284,1.289,1.271,1.275,1864133.0
2022-12-01 08:00:00,1.275,1.281,1.272,1.281,1848709.0
2022-12-01 12:00:00,1.281,1.295,1.256,1.287,6918045.0
2022-12-01 16:00:00,1.288,1.316,1.28,1.307,5349605.0
2022-12-01 20:00:00,1.306,1.338,1.299,1.325,4132273.0
2022-12-02 00:00:00,1.325,1.346,1.312,1.318,4850168.0
2022-12-02 04:00:00,1.318,1.332,1.308,1.329,2143145.0
2022-12-02 08:00:00,1.329,1.374,1.326,1.366,7768901.0
2022-12-02 12:00:00,1.365,1.372,1.328,1.339,11221727.0
2022-12-02 16:00:00,1.339,1.362,1.332,1.362,4697374.0
2022-12-02 20:00:00,1.362,1.38,1.35,1.377,4014319.0
2022-12-03 00:00:00,1.378,1.393,1.361,1.364,6908503.0
2022-12-03 04:00:00,1.364,1.373,1.339,1.342,2706042.0
2022-12-03 08:00:00,1.341,1.355,1.338,1.344,2242822.0
2022-12-03 12:00:00,1.344,1.354,1.34,1.347,1684278.0
2022-12-03 16:00:00,1.348,1.349,1.338,1.343,1406639.0
2022-12-03 20:00:00,1.343,1.343,1.318,1.324,2180597.0
2022-12-04 00:00:00,1.324,1.337,1.324,1.328,1526885.0
2022-12-04 04:00:00,1.329,1.356,1.328,1.335,2989459.0
2022-12-04 08:00:00,1.336,1.353,1.332,1.339,5752373.0
2022-12-04 12:00:00,1.339,1.36,1.336,1.355,2454035.0
2022-12-04 16:00:00,1.356,1.376,1.352,1.372,3014622.0
2022-12-04 20:00:00,1.373,1.382,1.37,1.376,2448712.0
2022-12-05 00:00:00,1.375,1.395,1.371,1.387,2831046.0
2022-12-05 04:00:00,1.388,1.41,1.383,1.403,3991215.0
2022-12-05 08:00:00,1.404,1.419,1.39,1.4,3582105.0
2022-12-05 12:00:00,1.4,1.401,1.358,1.371,4197327.0
2022-12-05 16:00:00,1.371,1.384,1.346,1.356,4814832.0
2022-12-05 20:00:00,1.355,1.378,1.351,1.375,2005419.0
2022-12-06 00:00:00,1.376,1.399,1.375,1.393,2302137.0
2022-12-06 04:00:00,1.393,1.396,1.377,1.382,2288920.0
2022-12-06 08:00:00,1.382,1.393,1.373,1.391,3652494.0
2022-12-06 12:00:00,1.391,1.394,1.363,1.37,3965593.0
2022-12-06 16:00:00,1.37,1.379,1.361,1.37,2559871.0
2022-12-06 20:00:00,1.37,1.39,1.366,1.388,2082108.0
2022-12-07 00:00:00,1.388,1.393,1.381,1.388,1765321.0
2022-12-07 04:00:00,1.387,1.388,1.324,1.331,4839420.0
2022-12-07 08:00:00,1.331,1.362,1.322,1.35,3927929.0
2022-12-07 12:00:00,1.351,1.39,1.35,1.377,6007077.0
2022-12-07 16:00:00,1.376,1.386,1.358,1.366,5285533.0
2022-12-07 20:00:00,1.365,1.379,1.354,1.373,3202834.0
2022-12-08 00:00:00,1.374,1.386,1.359,1.364,3371267.0
2022-12-08 04:00:00,1.364,1.381,1.356,1.376,2889210.0
2022-12-08 08:00:00,1.375,1.395,1.362,1.382,5921944.0
2022-12-08 12:00:00,1.382,1.418,1.375,1.403,9649217.0
2022-12-08 16:00:00,1.402,1.438,1.398,1.427,7904572.0
2022-12-08 20:00:00,1.426,1.435,1.418,1.427,3439442.0
2022-12-09 00:00:00,1.427,1.432,1.412,1.416,2712768.0
2022-12-09 04:00:00,1.416,1.436,1.413,1.433,2778756.0
2022-12-09 08:00:00,1.433,1.436,1.411,1.42,4029742.0
2022-12-09 12:00:00,1.42,1.429,1.392,1.407,5412753.0
2022-12-09 16:00:00,1.408,1.413,1.384,1.385,3568150.0
2022-12-09 20:00:00,1.386,1.395,1.373,1.379,3481397.0
2022-12-10 00:00:00,1.379,1.408,1.376,1.404,2199453.0
2022-12-10 04:00:00,1.404,1.415,1.399,1.401,2435656.0
2022-12-10 08:00:00,1.4,1.402,1.387,1.398,2540529.0
2022-12-10 12:00:00,1.397,1.411,1.39,1.407,2205454.0
2022-12-10 16:00:00,1.408,1.427,1.407,1.415,4460600.0
2022-12-10 20:00:00,1.415,1.418,1.408,1.414,2002269.0
2022-12-11 00:00:00,1.413,1.421,1.411,1.417,1330294.0
2022-12-11 04:00:00,1.416,1.428,1.413,1.427,1854987.0
2022-12-11 08:00:00,1.427,1.428,1.418,1.421,2028376.0
2022-12-11 12:00:00,1.421,1.429,1.4,1.406,4822293.0
2022-12-11 16:00:00,1.405,1.417,1.398,1.409,3941596.0
2022-12-11 20:00:00,1.409,1.409,1.373,1.377,5072557.0
2022-12-12 00:00:00,1.376,1.377,1.351,1.361,4956675.0
2022-12-12 04:00:00,1.362,1.388,1.357,1.38,3257712.0
2022-12-12 08:00:00,1.38,1.395,1.375,1.39,3029011.0
2022-12-12 12:00:00,1.391,1.393,1.362,1.375,5564690.0
2022-12-12 16:00:00,1.375,1.384,1.368,1.376,2686752.0
2022-12-12 20:00:00,1.375,1.393,1.371,1.39,3176033.0
2022-12-13 00:00:00,1.391,1.396,1.372,1.375,2077669.0
2022-12-13 04:00:00,1.375,1.379,1.333,1.349,5138733.0
2022-12-13 08:00:00,1.349,1.381,1.345,1.375,4203908.0
2022-12-13 12:00:00,1.376,1.431,1.366,1.413,8885357.0
2022-12-13 16:00:00,1.413,1.433,1.405,1.408,4156693.0
2022-12-13 20:00:00,1.408,1.419,1.405,1.418,1857962.0
2022-12-14 00:00:00,1.418,1.443,1.416,1.432,2683805.0
2022-12-14 04:00:00,1.432,1.486,1.426,1.447,7544342.0
2022-12-14 08:00:00,1.448,1.471,1.443,1.463,4440835.0
2022-12-14 12:00:00,1.463,1.479,1.455,1.474,5812376.0
2022-12-14 16:00:00,1.475,1.498,1.434,1.464,11725050.0
2022-12-14 20:00:00,1.465,1.487,1.454,1.464,5665573.0
2022-12-15 00:00:00,1.464,1.476,1.435,1.461,5687041.0
2022-12-15 04:00:00,1.46,1.462,1.444,1.451,2545337.0
2022-12-15 08:00:00,1.452,1.468,1.437,1.462,3245027.0
2022-12-15 12:00:00,1.463,1.473,1.455,1.471,7625525.0
2022-12-15 16:00:00,1.471,1.489,1.467,1.482,5781045.0
2022-12-15 20:00:00,1.481,1.484,1.438,1.45,5447156.0
2022-12-16 00:00:00,1.45,1.467,1.447,1.461,3035695.0
2022-12-16 04:00:00,1.461,1.485,1.46,1.479,3778538.0
2022-12-16 08:00:00,1.479,1.482,1.403,1.434,12909480.0
2022-12-16 12:00:00,1.434,1.438,1.406,1.418,6577711.0
2022-12-16 16:00:00,1.418,1.418,1.39,1.4,5954642.0
2022-12-16 20:00:00,1.4,1.407,1.302,1.319,8952913.0
2022-12-17 00:00:00,1.318,1.328,1.292,1.315,4223104.0
2022-12-17 04:00:00,1.315,1.326,1.304,1.325,2933160.0
2022-12-17 08:00:00,1.325,1.332,1.315,1.318,2757105.0
2022-12-17 12:00:00,1.318,1.322,1.294,1.301,3580187.0
2022-12-17 16:00:00,1.302,1.302,1.271,1.279,4367932.0
2022-12-17 20:00:00,1.278,1.312,1.277,1.306,3133382.0
2022-12-18 00:00:00,1.305,1.309,1.295,1.303,1789189.0
2022-12-18 04:00:00,1.302,1.316,1.296,1.305,1937087.0
2022-12-18 08:00:00,1.304,1.308,1.289,1.305,1850393.0
2022-12-18 12:00:00,1.304,1.31,1.295,1.299,2051922.0
2022-12-18 16:00:00,1.298,1.319,1.296,1.308,2231259.0
2022-12-18 20:00:00,1.308,1.328,1.307,1.318,2689991.0
2022-12-19 00:00:00,1.319,1.345,1.31,1.32,4335943.0
2022-12-19 04:00:00,1.321,1.336,1.318,1.329,2486509.0
2022-12-19 08:00:00,1.33,1.345,1.328,1.337,3082523.0
2022-12-19 12:00:00,1.337,1.354,1.335,1.34,5859529.0
2022-12-19 16:00:00,1.339,1.342,1.302,1.314,9291273.0
2022-12-19 20:00:00,1.314,1.333,1.293,1.298,6127758.0
2022-12-20 00:00:00,1.297,1.339,1.285,1.328,6341412.0
2022-12-20 04:00:00,1.328,1.353,1.325,1.347,3965628.0
2022-12-20 08:00:00,1.346,1.353,1.339,1.346,3043638.0
2022-12-20 12:00:00,1.347,1.374,1.336,1.36,7635096.0
2022-12-20 16:00:00,1.36,1.364,1.348,1.359,4019170.0
2022-12-20 20:00:00,1.359,1.364,1.35,1.359,2425551.0
2022-12-21 00:00:00,1.358,1.366,1.347,1.352,3133511.0
2022-12-21 04:00:00,1.352,1.358,1.341,1.355,2899407.0
2022-12-21 08:00:00,1.354,1.376,1.347,1.373,4289455.0
2022-12-21 12:00:00,1.373,1.388,1.365,1.387,6474470.0
2022-12-21 16:00:00,1.387,1.39,1.369,1.373,3737106.0
2022-12-21 20:00:00,1.373,1.382,1.367,1.376,2952256.0
2022-12-22 00:00:00,1.376,1.388,1.374,1.385,2151614.0
2022-12-22 04:00:00,1.386,1.386,1.372,1.379,2520798.0
2022-12-22 08:00:00,1.378,1.382,1.361,1.369,3493277.0
2022-12-22 12:00:00,1.368,1.373,1.334,1.339,7088216.0
2022-12-22 16:00:00,1.339,1.352,1.337,1.351,3894160.0
2022-12-22 20:00:00,1.351,1.389,1.348,1.387,5998029.0
2022-12-23 00:00:00,1.388,1.41,1.379,1.4,4642801.0
2022-12-23 04:00:00,1.4,1.401,1.389,1.396,2337428.0
2022-12-23 08:00:00,1.396,1.414,1.387,1.407,3735066.0
2022-12-23 12:00:00,1.407,1.419,1.393,1.407,7754527.0
2022-12-23 16:00:00,1.408,1.412,1.401,1.41,3259861.0
2022-12-23 20:00:00,1.41,1.413,1.392,1.394,2846931.0
2022-12-24 00:00:00,1.395,1.399,1.387,1.398,2000910.0
2022-12-24 04:00:00,1.398,1.405,1.396,1.4,3004377.0
2022-12-24 08:00:00,1.4,1.403,1.392,1.401,2384560.0
2022-12-24 12:00:00,1.4,1.408,1.396,1.398,2979491.0
2022-12-24 16:00:00,1.398,1.404,1.394,1.398,2604288.0
2022-12-24 20:00:00,1.398,1.399,1.389,1.394,2275974.0
2022-12-25 00:00:00,1.394,1.402,1.392,1.395,1800386.0
2022-12-25 04:00:00,1.394,1.4,1.392,1.396,1812288.0
2022-12-25 08:00:00,1.396,1.402,1.376,1.376,3225129.0
2022-12-25 12:00:00,1.376,1.382,1.362,1.372,5741248.0
2022-12-25 16:00:00,1.372,1.377,1.365,1.376,2652551.0
2022-12-25 20:00:00,1.377,1.391,1.369,1.384,3567221.0
2022-12-26 00:00:00,1.385,1.392,1.379,1.39,2266108.0
2022-12-26 04:00:00,1.39,1.392,1.372,1.375,2494321.0
2022-12-26 08:00:00,1.375,1.381,1.368,1.379,2857055.0
2022-12-26 12:00:00,1.378,1.38,1.369,1.371,2355381.0
2022-12-26 16:00:00,1.371,1.376,1.363,1.37,2636263.0
2022-12-26 20:00:00,1.37,1.391,1.369,1.388,2900699.0
2022-12-27 00:00:00,1.389,1.397,1.385,1.394,3282262.0
2022-12-27 04:00:00,1.393,1.396,1.389,1.394,2063633.0
2022-12-27 08:00:00,1.394,1.394,1.38,1.384,2995962.0
2022-12-27 12:00:00,1.385,1.399,1.382,1.394,4742229.0
2022-12-27 16:00:00,1.393,1.395,1.37,1.378,3512555.0
2022-12-27 20:00:00,1.378,1.381,1.369,1.38,1746620.0
2022-12-28 00:00:00,1.381,1.385,1.362,1.37,3357057.0
2022-12-28 04:00:00,1.37,1.372,1.341,1.354,4366736.0
2022-12-28 08:00:00,1.355,1.359,1.346,1.351,2541396.0
2022-12-28 12:00:00,1.35,1.366,1.34,1.34,4865709.0
2022-12-28 16:00:00,1.34,1.348,1.329,1.331,2876343.0
2022-12-28 20:00:00,1.332,1.333,1.311,1.316,3700415.0
2022-12-29 00:00:00,1.315,1.327,1.303,1.306,2852375.0
2022-12-29 04:00:00,1.307,1.307,1.292,1.294,2799003.0
2022-12-29 08:00:00,1.294,1.304,1.279,1.301,5119863.0
2022-12-29 12:00:00,1.301,1.309,1.298,1.302,2832928.0
2022-12-29 16:00:00,1.302,1.304,1.282,1.289,2648234.0
2022-12-29 20:00:00,1.288,1.31,1.27,1.299,4892802.0
2022-12-30 00:00:00,1.298,1.303,1.286,1.287,2475615.0
2022-12-30 04:00:00,1.287,1.289,1.251,1.255,4663690.0
2022-12-30 08:00:00,1.256,1.267,1.255,1.26,2142177.0
2022-12-30 12:00:00,1.26,1.279,1.256,1.275,4650659.0
2022-12-30 16:00:00,1.276,1.278,1.267,1.271,2027596.0
2022-12-30 20:00:00,1.27,1.279,1.268,1.273,1631730.0
2022-12-31 00:00:00,1.274,1.275,1.266,1.268,1489812.0
2022-12-31 04:00:00,1.267,1.274,1.262,1.273,1348517.0
2022-12-31 08:00:00,1.273,1.285,1.272,1.283,1634169.0
2022-12-31 12:00:00,1.283,1.292,1.276,1.288,2086345.0
2022-12-31 16:00:00,1.288,1.289,1.278,1.283,1436746.0
2022-12-31 20:00:00,1.282,1.285,1.269,1.273,1686769.0
2023-01-01 00:00:00,1.274,1.275,1.266,1.269,1311958.0
2023-01-01 04:00:00,1.269,1.273,1.265,1.268,1358519.0
2023-01-01 08:00:00,1.269,1.278,1.264,1.276,1518567.0
2023-01-01 12:00:00,1.277,1.277,1.268,1.272,1312609.0
2023-01-01 16:00:00,1.272,1.284,1.27,1.282,1532139.0
2023-01-01 20:00:00,1.281,1.287,1.28,1.286,1172530.0
2023-01-02 00:00:00,1.287,1.293,1.272,1.289,1982021.0
2023-01-02 04:00:00,1.29,1.319,1.285,1.305,4076989.0
2023-01-02 08:00:00,1.306,1.319,1.304,1.318,3064583.0
2023-01-02 12:00:00,1.318,1.332,1.314,1.324,4281030.0
2023-01-02 16:00:00,1.324,1.325,1.315,1.319,1427685.0
2023-01-02 20:00:00,1.318,1.33,1.31,1.315,2165551.0
2023-01-03 00:00:00,1.316,1.321,1.308,1.316,1800243.0
2023-01-03 04:00:00,1.316,1.332,1.316,1.319,1638711.0
2023-01-03 08:00:00,1.32,1.325,1.314,1.317,1286605.0
2023-01-03 12:00:00,1.318,1.33,1.306,1.314,2547061.0
2023-01-03 16:00:00,1.314,1.318,1.302,1.305,2324916.0
2023-01-03 20:00:00,1.304,1.324,1.303,1.323,2497792.0
2023-01-04 00:00:00,1.323,1.362,1.32,1.359,4447117.0
2023-01-04 04:00:00,1.36,1.367,1.347,1.354,3022904.0
2023-01-04 08:00:00,1.354,1.362,1.348,1.352,2033751.0
2023-01-04 12:00:00,1.351,1.357,1.336,1.354,2947768.0
2023-01-04 16:00:00,1.354,1.371,1.343,1.352,4776022.0
2023-01-04 20:00:00,1.351,1.358,1.336,1.356,2102565.0
2023-01-05 00:00:00,1.355,1.366,1.349,1.356,2120225.0
2023-01-05 04:00:00,1.355,1.362,1.341,1.35,1980201.0
2023-01-05 08:00:00,1.349,1.353,1.335,1.352,1875266.0
2023-01-05 12:00:00,1.352,1.354,1.34,1.349,2615256.0
2023-01-05 16:00:00,1.348,1.358,1.341,1.356,1872052.0
2023-01-05 20:00:00,1.356,1.359,1.342,1.347,2041188.0
2023-01-06 00:00:00,1.347,1.358,1.345,1.346,1954631.0
2023-01-06 04:00:00,1.347,1.348,1.33,1.341,2661332.0
2023-01-06 08:00:00,1.34,1.345,1.328,1.336,2068706.0
2023-01-06 12:00:00,1.335,1.358,1.326,1.358,4862914.0
2023-01-06 16:00:00,1.357,1.371,1.351,1.37,3214287.0
2023-01-06 20:00:00,1.37,1.378,1.364,1.374,2432245.0
2023-01-07 00:00:00,1.374,1.385,1.372,1.378,1784463.0
2023-01-07 04:00:00,1.378,1.378,1.37,1.375,1090402.0
2023-01-07 08:00:00,1.376,1.378,1.361,1.362,1785819.0
2023-01-07 12:00:00,1.361,1.374,1.357,1.37,2131449.0
2023-01-07 16:00:00,1.37,1.375,1.36,1.373,1756445.0
2023-01-07 20:00:00,1.374,1.379,1.367,1.372,1480501.0
2023-01-08 00:00:00,1.372,1.375,1.355,1.363,1563174.0
2023-01-08 04:00:00,1.364,1.368,1.359,1.361,907130.0
2023-01-08 08:00:00,1.361,1.368,1.357,1.361,1296416.0
2023-01-08 12:00:00,1.36,1.387,1.354,1.385,3275958.0
2023-01-08 16:00:00,1.386,1.389,1.367,1.376,2279553.0
2023-01-08 20:00:00,1.375,1.429,1.374,1.421,5013146.0
2023-01-09 00:00:00,1.421,1.457,1.416,1.449,6318403.0
2023-01-09 04:00:00,1.45,1.477,1.449,1.466,3796131.0
2023-01-09 08:00:00,1.467,1.487,1.462,1.465,3514241.0
2023-01-09 12:00:00,1.466,1.491,1.453,1.479,4920165.0
2023-01-09 16:00:00,1.48,1.495,1.441,1.453,6765064.0
2023-01-09 20:00:00,1.453,1.457,1.426,1.437,4573122.0
2023-01-10 00:00:00,1.438,1.458,1.414,1.434,3529763.0
2023-01-10 04:00:00,1.435,1.444,1.427,1.431,1680989.0
2023-01-10 08:00:00,1.432,1.452,1.428,1.437,2447447.0
2023-01-10 12:00:00,1.437,1.456,1.421,1.45,4818168.0
2023-01-10 16:00:00,1.451,1.465,1.44,1.463,2530738.0
2023-01-10 20:00:00,1.464,1.476,1.457,1.464,2409604.0
2023-01-11 00:00:00,1.464,1.471,1.43,1.441,2794614.0
2023-01-11 04:00:00,1.44,1.458,1.436,1.45,1821741.0
2023-01-11 08:00:00,1.45,1.452,1.423,1.429,2120847.0
2023-01-11 12:00:00,1.43,1.433,1.403,1.408,3725673.0
2023-01-11 16:00:00,1.408,1.443,1.401,1.439,4136699.0
2023-01-11 20:00:00,1.44,1.472,1.428,1.47,4544929.0
2023-01-12 00:00:00,1.471,1.525,1.465,1.521,7438629.0
2023-01-12 04:00:00,1.522,1.529,1.502,1.52,2747886.0
2023-01-12 08:00:00,1.521,1.522,1.497,1.503,4129644.0
2023-01-12 12:00:00,1.504,1.546,1.481,1.514,12944579.0
2023-01-12 16:00:00,1.514,1.59,1.508,1.577,9955484.0
2023-01-12 20:00:00,1.578,1.583,1.555,1.564,4863306.0
2023-01-13 00:00:00,1.565,1.569,1.543,1.566,2639110.0
2023-01-13 04:00:00,1.565,1.569,1.549,1.558,1773165.0
2023-01-13 08:00:00,1.558,1.572,1.544,1.555,2960976.0
2023-01-13 12:00:00,1.555,1.579,1.536,1.569,4256844.0
2023-01-13 16:00:00,1.569,1.586,1.547,1.586,5111262.0
2023-01-13 20:00:00,1.586,1.7,1.583,1.687,10316454.0
2023-01-14 00:00:00,1.687,1.827,1.68,1.749,14747889.0
2023-01-14 04:00:00,1.748,1.796,1.739,1.769,6178513.0
2023-01-14 08:00:00,1.768,1.82,1.613,1.712,14391888.0
2023-01-14 12:00:00,1.712,1.741,1.682,1.71,6485516.0
2023-01-14 16:00:00,1.71,1.716,1.688,1.698,3404116.0
2023-01-14 20:00:00,1.697,1.775,1.688,1.766,4069063.0
2023-01-15 00:00:00,1.766,1.821,1.702,1.725,8692522.0
2023-01-15 04:00:00,1.724,1.767,1.711,1.724,3854726.0
2023-01-15 08:00:00,1.725,1.729,1.696,1.723,3005198.0
2023-01-15 12:00:00,1.722,1.76,1.712,1.753,4295581.0
2023-01-15 16:00:00,1.753,1.773,1.727,1.752,4699580.0
2023-01-15 20:00:00,1.752,1.772,1.738,1.752,3203282.0
2023-01-16 00:00:00,1.752,1.811,1.732,1.768,5708272.0
2023-01-16 04:00:00,1.769,1.802,1.761,1.789,3254512.0
2023-01-16 08:00:00,1.79,1.79,1.703,1.735,5235835.0
2023-01-16 12:00:00,1.736,1.746,1.674,1.72,5233648.0
2023-01-16 16:00:00,1.72,1.794,1.71,1.786,4702119.0
2023-01-16 20:00:00,1.785,1.831,1.756,1.766,7472048.0
2023-01-17 00:00:00,1.767,1.782,1.724,1.744,5161152.0
2023-01-17 04:00:00,1.744,1.753,1.733,1.741,1858192.0
2023-01-17 08:00:00,1.741,1.76,1.741,1.757,2077890.0
2023-01-17 12:00:00,1.758,1.784,1.726,1.743,5839443.0
2023-01-17 16:00:00,1.743,1.755,1.723,1.748,2746756.0
2023-01-17 20:00:00,1.749,1.757,1.697,1.701,2997007.0
2023-01-18 00:00:00,1.702,1.743,1.7,1.728,2934477.0
2023-01-18 04:00:00,1.728,1.737,1.721,1.731,1543930.0
2023-01-18 08:00:00,1.732,1.732,1.696,1.704,2485068.0
2023-01-18 12:00:00,1.703,1.757,1.61,1.662,7681415.0
2023-01-18 16:00:00,1.662,1.668,1.582,1.635,10114765.0
2023-01-18 20:00:00,1.636,1.641,1.592,1.596,3013089.0
2023-01-19 00:00:00,1.596,1.62,1.593,1.612,1349857.0
2023-01-19 04:00:00,1.612,1.63,1.611,1.623,980725.0
2023-01-19 08:00:00,1.623,1.631,1.606,1.611,1329834.0
2023-01-19 12:00:00,1.611,1.628,1.591,1.618,2407898.0
2023-01-19 16:00:00,1.619,1.653,1.614,1.646,2273617.0
2023-01-19 20:00:00,1.647,1.659,1.632,1.644,1915275.0
2023-01-20 00:00:00,1.645,1.669,1.634,1.655,1527217.0
2023-01-20 04:00:00,1.656,1.663,1.627,1.637,1535026.0
2023-01-20 08:00:00,1.637,1.651,1.627,1.643,1007427.0
2023-01-20 12:00:00,1.643,1.664,1.637,1.66,1744949.0
2023-01-20 16:00:00,1.66,1.712,1.659,1.71,2685545.0
2023-01-20 20:00:00,1.711,1.799,1.71,1.792,4925279.0
2023-01-21 00:00:00,1.793,1.813,1.77,1.798,3220490.0
2023-01-21 04:00:00,1.798,1.837,1.796,1.825,2059842.0
2023-01-21 08:00:00,1.825,1.85,1.749,1.792,6595888.0
2023-01-21 12:00:00,1.792,1.805,1.765,1.773,3185200.0
2023-01-21 16:00:00,1.773,1.829,1.772,1.811,3583826.0
2023-01-21 20:00:00,1.81,1.815,1.748,1.754,3040107.0
2023-01-22 00:00:00,1.755,1.777,1.743,1.753,1792131.0
2023-01-22 04:00:00,1.752,1.769,1.749,1.757,1203802.0
2023-01-22 08:00:00,1.757,1.778,1.746,1.771,2246466.0
2023-01-22 12:00:00,1.77,1.834,1.762,1.807,4898362.0
2023-01-22 16:00:00,1.806,1.833,1.792,1.804,3043130.0
2023-01-22 20:00:00,1.804,1.806,1.724,1.759,5288917.0
2023-01-23 00:00:00,1.758,1.797,1.757,1.76,2589733.0
2023-01-23 04:00:00,1.76,1.781,1.75,1.754,1845775.0
2023-01-23 08:00:00,1.755,1.796,1.749,1.792,2961083.0
2023-01-23 12:00:00,1.792,1.795,1.704,1.734,6955258.0
2023-01-23 16:00:00,1.734,1.762,1.707,1.724,3959823.0
2023-01-23 20:00:00,1.724,1.759,1.718,1.733,2372335.0
2023-01-24 00:00:00,1.733,1.762,1.714,1.759,2609892.0
2023-01-24 04:00:00,1.759,1.78,1.748,1.777,1936427.0
2023-01-24 08:00:00,1.777,1.881,1.774,1.827,10960724.0
2023-01-24 12:00:00,1.827,1.875,1.805,1.84,9037083.0
2023-01-24 16:00:00,1.839,1.84,1.789,1.812,4156217.0
2023-01-24 20:00:00,1.812,1.815,1.664,1.681,8704454.0
2023-01-25 00:00:00,1.681,1.692,1.641,1.675,4555082.0
2023-01-25 04:00:00,1.676,1.71,1.67,1.708,2560423.0
2023-01-25 08:00:00,1.708,1.719,1.665,1.673,3866457.0
2023-01-25 12:00:00,1.672,1.713,1.652,1.675,5975351.0
2023-01-25 16:00:00,1.675,1.708,1.668,1.706,3030674.0
2023-01-25 20:00:00,1.705,1.811,1.705,1.762,8321014.0
2023-01-26 00:00:00,1.763,1.785,1.753,1.773,2350374.0
2023-01-26 04:00:00,1.773,1.8,1.755,1.757,4172237.0
2023-01-26 08:00:00,1.757,1.769,1.734,1.749,2729137.0
2023-01-26 12:00:00,1.749,1.802,1.738,1.744,6954001.0
2023-01-26 16:00:00,1.744,1.766,1.722,1.754,3793434.0
2023-01-26 20:00:00,1.753,1.779,1.742,1.767,3733495.0
2023-01-27 00:00:00,1.768,1.784,1.704,1.738,4283885.0
2023-01-27 04:00:00,1.739,1.782,1.735,1.78,3000311.0
2023-01-27 08:00:00,1.781,1.82,1.76,1.815,5186246.0
2023-01-27 12:00:00,1.815,1.877,1.77,1.84,10998985.0
2023-01-27 16:00:00,1.84,1.92,1.839,1.898,10869670.0
2023-01-27 20:00:00,1.899,1.922,1.865,1.889,7881232.0
2023-01-28 00:00:00,1.889,1.905,1.879,1.895,2614645.0
2023-01-28 04:00:00,1.896,1.915,1.872,1.881,3210506.0
2023-01-28 08:00:00,1.882,1.9,1.87,1.888,2999147.0
2023-01-28 12:00:00,1.888,1.889,1.834,1.856,4815177.0
2023-01-28 16:00:00,1.856,1.859,1.826,1.838,2304065.0
2023-01-28 20:00:00,1.839,1.842,1.812,1.835,2245810.0
2023-01-29 00:00:00,1.836,1.877,1.821,1.856,3436580.0
2023-01-29 04:00:00,1.855,1.868,1.853,1.864,1391998.0
2023-01-29 08:00:00,1.863,1.9,1.858,1.882,2328674.0
2023-01-29 12:00:00,1.883,1.922,1.877,1.913,3955651.0
2023-01-29 16:00:00,1.913,1.944,1.896,1.931,4794515.0
2023-01-29 20:00:00,1.931,1.932,1.909,1.914,2968380.0
2023-01-30 00:00:00,1.914,1.922,1.871,1.889,3147243.0
2023-01-30 04:00:00,1.889,1.895,1.857,1.867,2394709.0
2023-01-30 08:00:00,1.866,1.874,1.786,1.8,8345226.0
2023-01-30 12:00:00,1.8,1.832,1.786,1.81,4502791.0
2023-01-30 16:00:00,1.809,1.828,1.71,1.747,6583153.0
2023-01-30 20:00:00,1.747,1.759,1.715,1.757,3228773.0
2023-01-31 00:00:00,1.757,1.77,1.744,1.764,2323072.0
2023-01-31 04:00:00,1.765,1.784,1.751,1.783,1767050.0
2023-01-31 08:00:00,1.782,1.785,1.749,1.762,1871621.0
2023-01-31 12:00:00,1.762,1.799,1.752,1.791,2472085.0
2023-01-31 16:00:00,1.791,1.805,1.781,1.788,2096997.0
2023-01-31 20:00:00,1.788,1.793,1.747,1.769,3308364.0
2023-02-01 00:00:00,1.77,1.781,1.759,1.776,1939126.0
2023-02-01 04:00:00,1.775,1.779,1.737,1.745,1974843.0
2023-02-01 08:00:00,1.744,1.745,1.72,1.741,2183584.0
2023-02-01 12:00:00,1.74,1.747,1.702,1.708,3910537.0
2023-02-01 16:00:00,1.708,1.779,1.683,1.766,9222659.0
2023-02-01 20:00:00,1.766,1.846,1.76,1.834,7418446.0
2023-02-02 00:00:00,1.833,1.869,1.833,1.855,3825569.0
2023-02-02 04:00:00,1.855,1.88,1.849,1.857,2270549.0
2023-02-02 08:00:00,1.858,1.899,1.857,1.896,2199712.0
2023-02-02 12:00:00,1.895,1.954,1.869,1.937,9365453.0
2023-02-02 16:00:00,1.937,1.975,1.906,1.92,6544435.0
2023-02-02 20:00:00,1.921,1.936,1.843,1.854,6690236.0
2023-02-03 00:00:00,1.854,1.873,1.83,1.854,3193184.0
2023-02-03 04:00:00,1.854,1.866,1.84,1.843,2136126.0
2023-02-03 08:00:00,1.843,1.876,1.83,1.875,2958796.0
2023-02-03 12:00:00,1.875,1.921,1.843,1.904,6657083.0
2023-02-03 16:00:00,1.904,1.922,1.872,1.873,4454603.0
2023-02-03 20:00:00,1.874,1.909,1.861,1.901,2367372.0
2023-02-04 00:00:00,1.901,1.908,1.879,1.884,1701199.0
2023-02-04 04:00:00,1.885,1.889,1.868,1.885,1243128.0
2023-02-04 08:00:00,1.885,1.896,1.872,1.894,1999070.0
2023-02-04 12:00:00,1.894,1.925,1.891,1.909,2470518.0
2023-02-04 16:00:00,1.909,1.917,1.897,1.906,2150733.0
2023-02-04 20:00:00,1.905,1.913,1.866,1.877,1786938.0
2023-02-05 00:00:00,1.876,1.882,1.85,1.865,1950730.0
2023-02-05 04:00:00,1.865,1.872,1.858,1.865,954331.0
2023-02-05 08:00:00,1.866,1.869,1.842,1.845,1694039.0
2023-02-05 12:00:00,1.846,1.852,1.761,1.787,5994874.0
2023-02-05 16:00:00,1.787,1.791,1.739,1.754,5374927.0
2023-02-05 20:00:00,1.754,1.783,1.738,1.778,2842942.0
2023-02-06 00:00:00,1.778,1.799,1.762,1.769,2489434.0
2023-02-06 04:00:00,1.77,1.794,1.743,1.792,3103322.0
2023-02-06 08:00:00,1.793,1.802,1.768,1.798,2420293.0
2023-02-06 12:00:00,1.798,1.831,1.788,1.83,5204034.0
2023-02-06 16:00:00,1.83,1.844,1.809,1.821,4055520.0
2023-02-06 20:00:00,1.822,1.824,1.755,1.766,3441930.0
2023-02-07 00:00:00,1.767,1.791,1.761,1.783,2279988.0
2023-02-07 04:00:00,1.784,1.797,1.78,1.789,1864190.0
2023-02-07 08:00:00,1.789,1.883,1.778,1.866,4641896.0
2023-02-07 12:00:00,1.867,1.902,1.854,1.872,6069691.0
2023-02-07 16:00:00,1.873,1.924,1.834,1.884,9745504.0
2023-02-07 20:00:00,1.884,1.961,1.88,1.953,5117854.0
2023-02-08 00:00:00,1.953,1.975,1.947,1.968,2865698.0
2023-02-08 04:00:00,1.968,1.971,1.924,1.931,2653156.0
2023-02-08 08:00:00,1.932,1.944,1.9,1.926,3220263.0
2023-02-08 12:00:00,1.927,1.951,1.891,1.907,5374399.0
2023-02-08 16:00:00,1.906,1.911,1.84,1.875,7043681.0
2023-02-08 20:00:00,1.874,1.897,1.853,1.889,2340003.0
2023-02-09 00:00:00,1.889,1.898,1.775,1.797,5899104.0
2023-02-09 04:00:00,1.798,1.841,1.785,1.836,2622736.0
2023-02-09 08:00:00,1.836,1.855,1.828,1.834,2337344.0
2023-02-09 12:00:00,1.835,1.863,1.816,1.831,4178528.0
2023-02-09 16:00:00,1.831,1.834,1.69,1.725,8130920.0
2023-02-09 20:00:00,1.725,1.725,1.618,1.665,7053313.0
2023-02-10 00:00:00,1.664,1.679,1.654,1.667,2229855.0
2023-02-10 04:00:00,1.667,1.689,1.643,1.689,2256745.0
2023-02-10 08:00:00,1.69,1.707,1.666,1.668,2908141.0
2023-02-10 12:00:00,1.668,1.692,1.644,1.663,2984238.0
2023-02-10 16:00:00,1.662,1.689,1.643,1.686,2619562.0
2023-02-10 20:00:00,1.686,1.689,1.649,1.667,2395597.0
2023-02-11 00:00:00,1.666,1.687,1.656,1.679,1224546.0
2023-02-11 04:00:00,1.68,1.688,1.673,1.682,983291.0
2023-02-11 08:00:00,1.681,1.691,1.676,1.68,1270659.0
2023-02-11 12:00:00,1.68,1.706,1.677,1.698,1780885.0
2023-02-11 16:00:00,1.698,1.7,1.677,1.688,1400975.0
2023-02-11 20:00:00,1.688,1.725,1.685,1.716,1633353.0
2023-02-12 00:00:00,1.715,1.719,1.698,1.699,914796.0
2023-02-12 04:00:00,1.699,1.709,1.692,1.704,800106.0
2023-02-12 08:00:00,1.704,1.73,1.702,1.727,1220355.0
2023-02-12 12:00:00,1.726,1.732,1.704,1.726,1646328.0
2023-02-12 16:00:00,1.727,1.74,1.715,1.722,1312396.0
2023-02-12 20:00:00,1.722,1.73,1.658,1.683,3258755.0
2023-02-13 00:00:00,1.683,1.694,1.646,1.673,2536331.0
2023-02-13 04:00:00,1.673,1.694,1.669,1.685,1796635.0
2023-02-13 08:00:00,1.685,1.685,1.595,1.624,6541236.0
2023-02-13 12:00:00,1.625,1.642,1.616,1.621,2905055.0
2023-02-13 16:00:00,1.62,1.633,1.59,1.632,3729997.0
2023-02-13 20:00:00,1.632,1.648,1.619,1.644,1897037.0
2023-02-14 00:00:00,1.644,1.652,1.626,1.629,1204968.0
2023-02-14 04:00:00,1.63,1.642,1.624,1.638,858583.0
2023-02-14 08:00:00,1.638,1.651,1.62,1.64,1963436.0
2023-02-14 12:00:00,1.64,1.699,1.623,1.676,8298948.0
2023-02-14 16:00:00,1.676,1.703,1.661,1.699,2939140.0
2023-02-14 20:00:00,1.7,1.707,1.687,1.701,1592990.0
2023-02-15 00:00:00,1.702,1.705,1.685,1.699,1414565.0
2023-02-15 04:00:00,1.698,1.71,1.694,1.698,1115065.0
2023-02-15 08:00:00,1.698,1.722,1.69,1.718,2108922.0
2023-02-15 12:00:00,1.718,1.739,1.712,1.733,3586190.0
2023-02-15 16:00:00,1.734,1.779,1.723,1.774,4182793.0
2023-02-15 20:00:00,1.773,1.817,1.77,1.812,5895702.0
2023-02-16 00:00:00,1.812,1.836,1.795,1.82,3071458.0
2023-02-16 04:00:00,1.82,1.829,1.796,1.804,2241195.0
2023-02-16 08:00:00,1.805,1.825,1.793,1.803,1956790.0
2023-02-16 12:00:00,1.802,1.814,1.759,1.805,5684952.0
2023-02-16 16:00:00,1.804,1.819,1.767,1.782,6022712.0
2023-02-16 20:00:00,1.781,1.782,1.66,1.667,7712982.0
2023-02-17 00:00:00,1.666,1.708,1.657,1.702,2807953.0
2023-02-17 04:00:00,1.701,1.715,1.688,1.7,2160339.0
2023-02-17 08:00:00,1.7,1.722,1.691,1.719,2767516.0
2023-02-17 12:00:00,1.719,1.745,1.704,1.729,5347421.0
2023-02-17 16:00:00,1.73,1.765,1.711,1.76,4460016.0
2023-02-17 20:00:00,1.76,1.779,1.713,1.743,4905236.0
2023-02-18 00:00:00,1.743,1.776,1.742,1.767,2005414.0
2023-02-18 04:00:00,1.767,1.776,1.757,1.761,1573044.0
2023-02-18 08:00:00,1.762,1.773,1.744,1.758,2035568.0
2023-02-18 12:00:00,1.758,1.792,1.753,1.784,2878529.0
2023-02-18 16:00:00,1.783,1.792,1.761,1.768,2390079.0
2023-02-18 20:00:00,1.769,1.781,1.756,1.773,1763004.0
2023-02-19 00:00:00,1.773,1.814,1.772,1.795,3054898.0
2023-02-19 04:00:00,1.796,1.798,1.765,1.776,3337319.0
2023-02-19 08:00:00,1.775,1.794,1.774,1.789,1712656.0
2023-02-19 12:00:00,1.789,1.825,1.789,1.813,3397175.0
2023-02-19 16:00:00,1.813,1.822,1.738,1.747,6555699.0
2023-02-19 20:00:00,1.747,1.757,1.722,1.737,3431497.0
2023-02-20 00:00:00,1.736,1.752,1.69,1.749,3331390.0
2023-02-20 04:00:00,1.749,1.767,1.746,1.764,2059347.0
2023-02-20 08:00:00,1.765,1.824,1.749,1.814,4277529.0
2023-02-20 12:00:00,1.814,1.832,1.78,1.822,5484525.0
2023-02-20 16:00:00,1.821,1.827,1.789,1.827,4567148.0
2023-02-20 20:00:00,1.826,1.829,1.809,1.823,2689026.0
2023-02-21 00:00:00,1.824,1.839,1.807,1.823,3582903.0
2023-02-21 04:00:00,1.824,1.85,1.812,1.843,3186660.0
2023-02-21 08:00:00,1.844,1.856,1.772,1.784,8137372.0
2023-02-21 12:00:00,1.784,1.798,1.763,1.783,4862699.0
2023-02-21 16:00:00,1.782,1.804,1.757,1.789,3968829.0
2023-02-21 20:00:00,1.79,1.793,1.735,1.767,4648057.0
2023-02-22 00:00:00,1.766,1.775,1.711,1.746,4762104.0
2023-02-22 04:00:00,1.746,1.748,1.71,1.724,3271145.0
2023-02-22 08:00:00,1.724,1.725,1.68,1.703,5191278.0
2023-02-22 12:00:00,1.703,1.711,1.657,1.668,5089925.0
2023-02-22 16:00:00,1.667,1.697,1.658,1.682,4680421.0
2023-02-22 20:00:00,1.682,1.716,1.677,1.711,2723706.0
2023-02-23 00:00:00,1.712,1.748,1.707,1.744,2641686.0
2023-02-23 04:00:00,1.745,1.758,1.733,1.747,4848129.0
2023-02-23 08:00:00,1.746,1.768,1.692,1.707,4556201.0
2023-02-23 12:00:00,1.706,1.746,1.694,1.725,4352775.0
2023-02-23 16:00:00,1.724,1.729,1.698,1.722,3526256.0
2023-02-23 20:00:00,1.721,1.731,1.704,1.721,1604861.0
2023-02-24 00:00:00,1.721,1.739,1.713,1.722,1812134.0
2023-02-24 04:00:00,1.722,1.729,1.705,1.72,2388511.0
2023-02-24 08:00:00,1.719,1.727,1.694,1.716,2116104.0
2023-02-24 12:00:00,1.715,1.726,1.653,1.659,4463089.0
2023-02-24 16:00:00,1.658,1.659,1.617,1.649,5862496.0
2023-02-24 20:00:00,1.649,1.663,1.616,1.642,2337188.0
2023-02-25 00:00:00,1.642,1.642,1.621,1.626,1308439.0
2023-02-25 04:00:00,1.625,1.631,1.612,1.631,1087311.0
2023-02-25 08:00:00,1.63,1.636,1.619,1.629,1291007.0
2023-02-25 12:00:00,1.628,1.633,1.611,1.621,1857528.0
2023-02-25 16:00:00,1.621,1.63,1.59,1.603,2745082.0
2023-02-25 20:00:00,1.602,1.607,1.557,1.604,3673765.0
2023-02-26 00:00:00,1.604,1.619,1.594,1.615,1337453.0
2023-02-26 04:00:00,1.614,1.617,1.604,1.613,994216.0
2023-02-26 08:00:00,1.613,1.62,1.605,1.618,1028671.0
2023-02-26 12:00:00,1.618,1.626,1.608,1.623,1422486.0
2023-02-26 16:00:00,1.624,1.648,1.612,1.646,1688270.0
2023-02-26 20:00:00,1.646,1.655,1.63,1.651,2049413.0
2023-02-27 00:00:00,1.65,1.653,1.636,1.646,1096189.0
2023-02-27 04:00:00,1.646,1.647,1.615,1.623,1619299.0
2023-02-27 08:00:00,1.622,1.628,1.613,1.623,1616018.0
2023-02-27 12:00:00,1.623,1.659,1.615,1.637,4107441.0
2023-02-27 16:00:00,1.637,1.642,1.586,1.606,4548455.0
2023-02-27 20:00:00,1.605,1.618,1.592,1.615,1790138.0
2023-02-28 00:00:00,1.616,1.621,1.604,1.62,1428585.0
2023-02-28 04:00:00,1.62,1.622,1.59,1.591,1717429.0
2023-02-28 08:00:00,1.591,1.611,1.583,1.611,1722035.0
2023-02-28 12:00:00,1.611,1.621,1.599,1.614,2250740.0
2023-02-28 16:00:00,1.615,1.622,1.591,1.596,2082988.0
2023-02-28 20:00:00,1.597,1.602,1.56,1.568,2816060.0
2023-03-01 00:00:00,1.568,1.598,1.556,1.596,2145233.0
2023-03-01 04:00:00,1.596,1.632,1.593,1.628,3422875.0
2023-03-01 08:00:00,1.628,1.682,1.622,1.67,6928159.0
2023-03-01 12:00:00,1.671,1.682,1.654,1.669,4970984.0
2023-03-01 16:00:00,1.67,1.67,1.633,1.641,3100599.0
2023-03-01 20:00:00,1.64,1.684,1.636,1.683,2377522.0
2023-03-02 00:00:00,1.683,1.698,1.637,1.651,4398643.0
2023-03-02 04:00:00,1.652,1.66,1.625,1.636,3560145.0
2023-03-02 08:00:00,1.637,1.641,1.621,1.628,3025421.0
2023-03-02 12:00:00,1.629,1.635,1.6,1.626,5145575.0
2023-03-02 16:00:00,1.627,1.637,1.608,1.628,3210775.0
2023-03-02 20:00:00,1.629,1.64,1.623,1.634,2244631.0
2023-03-03 00:00:00,1.635,1.637,1.456,1.497,13453886.0
2023-03-03 04:00:00,1.496,1.514,1.492,1.506,3612181.0
2023-03-03 08:00:00,1.506,1.517,1.503,1.513,2112419.0
2023-03-03 12:00:00,1.512,1.522,1.492,1.506,4600078.0
2023-03-03 16:00:00,1.506,1.512,1.492,1.504,2154706.0
2023-03-03 20:00:00,1.504,1.511,1.483,1.508,2081871.0
2023-03-04 00:00:00,1.508,1.517,1.5,1.502,1669232.0
2023-03-04 04:00:00,1.501,1.51,1.477,1.496,3020548.0
2023-03-04 08:00:00,1.495,1.497,1.484,1.494,1320106.0
2023-03-04 12:00:00,1.493,1.497,1.475,1.478,1651191.0
2023-03-04 16:00:00,1.477,1.483,1.457,1.467,2119878.0
2023-03-04 20:00:00,1.467,1.468,1.434,1.462,4692482.0
2023-03-05 00:00:00,1.463,1.498,1.452,1.481,3459226.0
2023-03-05 04:00:00,1.482,1.491,1.479,1.482,926574.0
2023-03-05 08:00:00,1.481,1.495,1.474,1.487,990177.0
2023-03-05 12:00:00,1.488,1.496,1.486,1.491,1445056.0
2023-03-05 16:00:00,1.492,1.494,1.484,1.489,842650.0
2023-03-05 20:00:00,1.488,1.504,1.47,1.479,2131436.0
2023-03-06 00:00:00,1.478,1.487,1.45,1.472,3526897.0
2023-03-06 04:00:00,1.473,1.48,1.459,1.473,1463868.0
2023-03-06 08:00:00,1.474,1.481,1.464,1.469,1838582.0
2023-03-06 12:00:00,1.469,1.506,1.463,1.501,3021203.0
2023-03-06 16:00:00,1.501,1.506,1.483,1.487,1942175.0
2023-03-06 20:00:00,1.486,1.498,1.481,1.494,1371820.0
2023-03-07 00:00:00,1.493,1.518,1.484,1.505,2139220.0
2023-03-07 04:00:00,1.504,1.511,1.501,1.501,1077769.0
2023-03-07 08:00:00,1.501,1.508,1.475,1.477,2498036.0
2023-03-07 12:00:00,1.476,1.488,1.439,1.472,5597589.0
2023-03-07 16:00:00,1.472,1.478,1.455,1.459,3025841.0
2023-03-07 20:00:00,1.459,1.466,1.436,1.464,2474315.0
2023-03-08 00:00:00,1.465,1.472,1.453,1.458,1487550.0
2023-03-08 04:00:00,1.458,1.462,1.427,1.429,2072783.0
2023-03-08 08:00:00,1.429,1.447,1.426,1.44,1473885.0
2023-03-08 12:00:00,1.44,1.446,1.393,1.427,5453520.0
2023-03-08 16:00:00,1.427,1.434,1.394,1.403,2251836.0
2023-03-08 20:00:00,1.402,1.415,1.357,1.364,4285555.0
2023-03-09 00:00:00,1.365,1.382,1.353,1.377,2346601.0
2023-03-09 04:00:00,1.377,1.379,1.355,1.357,1676490.0
2023-03-09 08:00:00,1.357,1.371,1.351,1.369,2450909.0
2023-03-09 12:00:00,1.369,1.393,1.356,1.373,2785175.0
2023-03-09 16:00:00,1.372,1.377,1.305,1.313,6831141.0
2023-03-09 20:00:00,1.313,1.314,1.247,1.271,11450655.0
2023-03-10 00:00:00,1.272,1.273,1.235,1.255,5758797.0
2023-03-10 04:00:00,1.255,1.259,1.23,1.25,4040673.0
2023-03-10 08:00:00,1.251,1.252,1.196,1.22,6978593.0
2023-03-10 12:00:00,1.221,1.258,1.208,1.235,8191250.0
2023-03-10 16:00:00,1.236,1.254,1.213,1.231,6007826.0
2023-03-10 20:00:00,1.231,1.239,1.211,1.231,3529671.0
2023-03-11 00:00:00,1.232,1.268,1.23,1.239,4862570.0
2023-03-11 04:00:00,1.239,1.242,1.17,1.174,5872959.0
2023-03-11 08:00:00,1.174,1.191,1.164,1.174,5664728.0
2023-03-11 12:00:00,1.174,1.188,1.159,1.166,3662598.0
2023-03-11 16:00:00,1.166,1.19,1.159,1.18,3808680.0
2023-03-11 20:00:00,1.181,1.213,1.181,1.209,2726350.0
2023-03-12 00:00:00,1.21,1.222,1.198,1.214,2582260.0
2023-03-12 04:00:00,1.214,1.22,1.203,1.209,1594204.0
2023-03-12 08:00:00,1.209,1.226,1.206,1.217,2035221.0
2023-03-12 12:00:00,1.218,1.218,1.193,1.198,2763758.0
2023-03-12 16:00:00,1.198,1.261,1.196,1.24,7183790.0
2023-03-12 20:00:00,1.241,1.337,1.239,1.33,6851595.0
2023-03-13 00:00:00,1.33,1.358,1.325,1.336,5600594.0
2023-03-13 04:00:00,1.336,1.351,1.336,1.346,2633143.0
2023-03-13 08:00:00,1.347,1.351,1.292,1.31,5133357.0
2023-03-13 12:00:00,1.31,1.421,1.295,1.392,12962450.0
2023-03-13 16:00:00,1.393,1.423,1.382,1.415,5190345.0
2023-03-13 20:00:00,1.415,1.424,1.395,1.408,2987337.0
2023-03-14 00:00:00,1.409,1.416,1.396,1.405,3363872.0
2023-03-14 04:00:00,1.406,1.423,1.382,1.391,3222827.0
2023-03-14 08:00:00,1.391,1.405,1.373,1.399,3375179.0
2023-03-14 12:00:00,1.4,1.524,1.392,1.508,14811431.0
2023-03-14 16:00:00,1.508,1.521,1.425,1.468,7901472.0
2023-03-14 20:00:00,1.468,1.473,1.406,1.453,4368123.0
2023-03-15 00:00:00,1.453,1.469,1.434,1.453,4078689.0
2023-03-15 04:00:00,1.452,1.463,1.441,1.461,2771559.0
2023-03-15 08:00:00,1.46,1.462,1.403,1.429,4726908.0
2023-03-15 12:00:00,1.43,1.457,1.357,1.364,10213489.0
2023-03-15 16:00:00,1.365,1.367,1.317,1.343,8633341.0
2023-03-15 20:00:00,1.343,1.358,1.331,1.338,3844731.0
2023-03-16 00:00:00,1.338,1.353,1.322,1.341,4944245.0
2023-03-16 04:00:00,1.34,1.361,1.324,1.355,3636723.0
2023-03-16 08:00:00,1.354,1.375,1.337,1.362,3939342.0
2023-03-16 12:00:00,1.363,1.368,1.326,1.361,5557193.0
2023-03-16 16:00:00,1.361,1.374,1.342,1.365,3705168.0
2023-03-16 20:00:00,1.364,1.367,1.34,1.358,2169728.0
2023-03-17 00:00:00,1.357,1.4,1.343,1.393,3749493.0
2023-03-17 04:00:00,1.393,1.424,1.384,1.408,2923933.0
2023-03-17 08:00:00,1.408,1.456,1.402,1.453,3059635.0
2023-03-17 12:00:00,1.453,1.455,1.391,1.406,5604253.0
2023-03-17 16:00:00,1.405,1.435,1.399,1.434,3639926.0
2023-03-17 20:00:00,1.435,1.472,1.416,1.469,4448884.0
2023-03-18 00:00:00,1.469,1.491,1.446,1.481,4667837.0
2023-03-18 04:00:00,1.481,1.488,1.469,1.484,2409159.0
2023-03-18 08:00:00,1.484,1.487,1.456,1.486,3197108.0
2023-03-18 12:00:00,1.485,1.495,1.436,1.446,5553675.0
2023-03-18 16:00:00,1.447,1.463,1.407,1.45,6123884.0
2023-03-18 20:00:00,1.449,1.458,1.412,1.421,3294045.0
2023-03-19 00:00:00,1.421,1.45,1.421,1.447,2556191.0
2023-03-19 04:00:00,1.446,1.456,1.42,1.434,2336763.0
2023-03-19 08:00:00,1.434,1.451,1.424,1.446,2539963.0
2023-03-19 12:00:00,1.446,1.468,1.437,1.459,3111398.0
2023-03-19 16:00:00,1.46,1.492,1.457,1.475,4403588.0
2023-03-19 20:00:00,1.474,1.481,1.44,1.452,3503651.0
2023-03-20 00:00:00,1.452,1.46,1.413,1.429,4806312.0
2023-03-20 04:00:00,1.428,1.459,1.409,1.453,3073797.0
2023-03-20 08:00:00,1.453,1.464,1.436,1.445,3360337.0
2023-03-20 12:00:00,1.446,1.452,1.42,1.427,3681769.0
2023-03-20 16:00:00,1.427,1.437,1.391,1.402,5971863.0
2023-03-20 20:00:00,1.402,1.422,1.39,1.399,2572499.0
2023-03-21 00:00:00,1.399,1.416,1.393,1.405,2203222.0
2023-03-21 04:00:00,1.405,1.412,1.364,1.38,2579154.0
2023-03-21 08:00:00,1.379,1.417,1.371,1.413,2727510.0
2023-03-21 12:00:00,1.413,1.455,1.406,1.437,4986499.0
2023-03-21 16:00:00,1.437,1.46,1.419,1.435,3832862.0
2023-03-21 20:00:00,1.435,1.451,1.433,1.447,2034788.0
2023-03-22 00:00:00,1.447,1.451,1.429,1.445,1914642.0
2023-03-22 04:00:00,1.445,1.445,1.421,1.431,1802859.0
2023-03-22 08:00:00,1.431,1.437,1.414,1.425,2059945.0
2023-03-22 12:00:00,1.424,1.45,1.419,1.429,3407020.0
2023-03-22 16:00:00,1.428,1.44,1.334,1.338,11015639.0
2023-03-22 20:00:00,1.338,1.368,1.33,1.361,3252641.0
2023-03-23 00:00:00,1.362,1.374,1.355,1.364,1744933.0
2023-03-23 04:00:00,1.364,1.392,1.362,1.391,1978686.0
2023-03-23 08:00:00,1.391,1.409,1.386,1.402,2182938.0
2023-03-23 12:00:00,1.401,1.452,1.382,1.444,4784777.0
2023-03-23 16:00:00,1.445,1.45,1.409,1.432,3576532.0
2023-03-23 20:00:00,1.431,1.446,1.416,1.443,1424286.0
2023-03-24 00:00:00,1.442,1.445,1.43,1.435,1329293.0
2023-03-24 04:00:00,1.435,1.446,1.426,1.44,1242677.0
2023-03-24 08:00:00,1.44,1.444,1.384,1.396,3566441.0
2023-03-24 12:00:00,1.395,1.432,1.391,1.405,5484240.0
2023-03-24 16:00:00,1.405,1.408,1.358,1.387,5014840.0
2023-03-24 20:00:00,1.387,1.392,1.36,1.38,2597101.0
2023-03-25 00:00:00,1.381,1.398,1.376,1.38,1751713.0
2023-03-25 04:00:00,1.38,1.383,1.372,1.375,1298487.0
2023-03-25 08:00:00,1.375,1.383,1.365,1.377,1311348.0
2023-03-25 12:00:00,1.376,1.399,1.369,1.392,1906265.0
2023-03-25 16:00:00,1.393,1.395,1.361,1.364,2250092.0
2023-03-25 20:00:00,1.365,1.383,1.359,1.379,1399475.0
2023-03-26 00:00:00,1.379,1.389,1.372,1.386,1404344.0
2023-03-26 04:00:00,1.386,1.391,1.377,1.384,1366935.0
2023-03-26 08:00:00,1.385,1.406,1.378,1.405,1933891.0
2023-03-26 12:00:00,1.405,1.42,1.392,1.399,2505580.0
2023-03-26 16:00:00,1.399,1.405,1.387,1.4,1284582.0
2023-03-26 20:00:00,1.4,1.409,1.388,1.401,1439793.0
2023-03-27 00:00:00,1.401,1.407,1.387,1.391,1612663.0
2023-03-27 04:00:00,1.391,1.394,1.373,1.383,2074656.0
2023-03-27 08:00:00,1.382,1.391,1.377,1.387,1553374.0
2023-03-27 12:00:00,1.386,1.392,1.312,1.332,6580614.0
2023-03-27 16:00:00,1.332,1.352,1.319,1.32,4034899.0
2023-03-27 20:00:00,1.32,1.335,1.313,1.332,2239314.0
2023-03-28 00:00:00,1.331,1.344,1.31,1.311,3566705.0
2023-03-28 04:00:00,1.311,1.325,1.291,1.306,4590461.0
2023-03-28 08:00:00,1.306,1.327,1.302,1.323,2717950.0
2023-03-28 12:00:00,1.324,1.329,1.31,1.319,3088623.0
2023-03-28 16:00:00,1.32,1.355,1.305,1.346,4171737.0
2023-03-28 20:00:00,1.346,1.351,1.33,1.338,1953056.0
2023-03-29 00:00:00,1.339,1.356,1.337,1.347,1589557.0
2023-03-29 04:00:00,1.348,1.386,1.346,1.382,3184328.0
2023-03-29 08:00:00,1.383,1.408,1.38,1.403,3665154.0
2023-03-29 12:00:00,1.404,1.42,1.391,1.406,4439499.0
2023-03-29 16:00:00,1.406,1.429,1.395,1.426,3002947.0
2023-03-29 20:00:00,1.427,1.427,1.407,1.418,2182850.0
2023-03-30 00:00:00,1.418,1.45,1.393,1.414,5552658.0
2023-03-30 04:00:00,1.414,1.425,1.411,1.421,2341492.0
2023-03-30 08:00:00,1.421,1.422,1.403,1.413,1624808.0
2023-03-30 12:00:00,1.414,1.418,1.396,1.4,2678870.0
2023-03-30 16:00:00,1.401,1.403,1.373,1.388,4427002.0
2023-03-30 20:00:00,1.389,1.404,1.386,1.397,1945997.0
2023-03-31 00:00:00,1.398,1.415,1.392,1.399,2138580.0
2023-03-31 04:00:00,1.4,1.409,1.375,1.388,2094870.0
2023-03-31 08:00:00,1.388,1.4,1.385,1.395,1556203.0
2023-03-31 12:00:00,1.395,1.431,1.39,1.419,4675553.0
2023-03-31 16:00:00,1.419,1.426,1.412,1.424,1689252.0
2023-03-31 20:00:00,1.424,1.438,1.415,1.432,1559320.0
2023-04-01 00:00:00,1.433,1.454,1.428,1.441,2150498.0
2023-04-01 04:00:00,1.441,1.468,1.44,1.455,3117016.0
2023-04-01 08:00:00,1.456,1.469,1.45,1.462,1701540.0
2023-04-01 12:00:00,1.462,1.463,1.447,1.452,1700780.0
2023-04-01 16:00:00,1.452,1.463,1.445,1.454,1621016.0
2023-04-01 20:00:00,1.455,1.474,1.454,1.466,1487277.0
2023-04-02 00:00:00,1.467,1.485,1.457,1.475,2475606.0
2023-04-02 04:00:00,1.476,1.479,1.463,1.468,1582655.0
2023-04-02 08:00:00,1.469,1.473,1.459,1.465,1085035.0
2023-04-02 12:00:00,1.465,1.465,1.422,1.438,2859459.0
2023-04-02 16:00:00,1.438,1.444,1.414,1.423,1746211.0
2023-04-02 20:00:00,1.424,1.437,1.416,1.435,1361660.0
2023-04-03 00:00:00,1.436,1.438,1.394,1.414,2387563.0
2023-04-03 04:00:00,1.415,1.443,1.412,1.442,1981306.0
2023-04-03 08:00:00,1.443,1.464,1.442,1.457,2856469.0
2023-04-03 12:00:00,1.457,1.474,1.444,1.455,2727078.0
2023-04-03 16:00:00,1.456,1.505,1.448,1.494,4414008.0
2023-04-03 20:00:00,1.493,1.496,1.436,1.486,5690514.0
2023-04-04 00:00:00,1.486,1.508,1.479,1.496,2235747.0
2023-04-04 04:00:00,1.496,1.555,1.492,1.531,4785258.0
2023-04-04 08:00:00,1.532,1.58,1.529,1.563,8271094.0
2023-04-04 12:00:00,1.563,1.568,1.547,1.559,4857477.0
2023-04-04 16:00:00,1.559,1.577,1.554,1.577,2601601.0
2023-04-04 20:00:00,1.577,1.596,1.571,1.587,4195968.0
2023-04-05 00:00:00,1.587,1.646,1.587,1.628,6740884.0
2023-04-05 04:00:00,1.628,1.647,1.617,1.643,2662335.0
2023-04-05 08:00:00,1.643,1.659,1.635,1.65,4053360.0
2023-04-05 12:00:00,1.65,1.663,1.601,1.616,8019918.0
2023-04-05 16:00:00,1.616,1.625,1.6,1.616,4059399.0
2023-04-05 20:00:00,1.615,1.617,1.594,1.602,2417163.0
2023-04-06 00:00:00,1.602,1.605,1.576,1.587,2483125.0
2023-04-06 04:00:00,1.587,1.589,1.565,1.567,1930795.0
2023-04-06 08:00:00,1.567,1.572,1.548,1.563,3112138.0
2023-04-06 12:00:00,1.563,1.584,1.552,1.581,3206204.0
2023-04-06 16:00:00,1.581,1.587,1.552,1.567,2108107.0
2023-04-06 20:00:00,1.567,1.578,1.557,1.573,1526904.0
2023-04-07 00:00:00,1.572,1.584,1.562,1.57,1558128.0
2023-04-07 04:00:00,1.571,1.579,1.542,1.548,2316254.0
2023-04-07 08:00:00,1.547,1.557,1.53,1.535,2409750.0
2023-04-07 12:00:00,1.535,1.547,1.532,1.544,2290016.0
2023-04-07 16:00:00,1.544,1.555,1.536,1.552,1875199.0
2023-04-07 20:00:00,1.553,1.561,1.545,1.558,1376304.0
2023-04-08 00:00:00,1.558,1.567,1.549,1.561,1299967.0
2023-04-08 04:00:00,1.561,1.575,1.557,1.563,1269657.0
2023-04-08 08:00:00,1.563,1.567,1.558,1.563,1124518.0
2023-04-08 12:00:00,1.564,1.566,1.554,1.556,1058607.0
2023-04-08 16:00:00,1.556,1.569,1.547,1.552,1650897.0
2023-04-08 20:00:00,1.552,1.558,1.547,1.554,933254.0
2023-04-09 00:00:00,1.554,1.569,1.553,1.559,940573.0
2023-04-09 04:00:00,1.558,1.563,1.537,1.541,1484693.0
2023-04-09 08:00:00,1.542,1.546,1.537,1.544,801241.0
2023-04-09 12:00:00,1.545,1.558,1.536,1.551,1611322.0
2023-04-09 16:00:00,1.551,1.589,1.547,1.576,2569356.0
2023-04-09 20:00:00,1.576,1.605,1.574,1.587,2685874.0
2023-04-10 00:00:00,1.588,1.599,1.578,1.588,2008755.0
2023-04-10 04:00:00,1.588,1.592,1.575,1.583,1216002.0
2023-04-10 08:00:00,1.583,1.609,1.583,1.598,2112555.0
2023-04-10 12:00:00,1.599,1.609,1.586,1.602,2319680.0
2023-04-10 16:00:00,1.601,1.639,1.597,1.622,4210723.0
2023-04-10 20:00:00,1.623,1.649,1.615,1.645,2771365.0
2023-04-11 00:00:00,1.646,1.674,1.635,1.665,4030745.0
2023-04-11 04:00:00,1.665,1.669,1.643,1.648,2416209.0
2023-04-11 08:00:00,1.649,1.65,1.632,1.643,2233164.0
2023-04-11 12:00:00,1.642,1.653,1.629,1.644,3396087.0
2023-04-11 16:00:00,1.644,1.655,1.631,1.636,3051241.0
2023-04-11 20:00:00,1.635,1.636,1.618,1.628,2652832.0
2023-04-12 00:00:00,1.628,1.634,1.576,1.586,4582373.0
2023-04-12 04:00:00,1.585,1.606,1.582,1.601,2206917.0
2023-04-12 08:00:00,1.601,1.605,1.592,1.603,1928784.0
2023-04-12 12:00:00,1.602,1.631,1.59,1.61,6618016.0
2023-04-12 16:00:00,1.611,1.616,1.586,1.59,3237216.0
2023-04-12 20:00:00,1.591,1.605,1.59,1.597,2002811.0
2023-04-13 00:00:00,1.598,1.608,1.588,1.607,1854853.0
2023-04-13 04:00:00,1.606,1.61,1.595,1.608,1657773.0
2023-04-13 08:00:00,1.608,1.635,1.605,1.62,3696650.0
2023-04-13 12:00:00,1.62,1.636,1.618,1.632,3318387.0
2023-04-13 16:00:00,1.632,1.641,1.623,1.633,2100495.0
2023-04-13 20:00:00,1.634,1.634,1.621,1.629,1326378.0
2023-04-14 00:00:00,1.63,1.676,1.628,1.67,4519248.0
2023-04-14 04:00:00,1.67,1.697,1.67,1.674,3962514.0
2023-04-14 08:00:00,1.675,1.687,1.672,1.682,1738919.0
2023-04-14 12:00:00,1.682,1.688,1.624,1.631,5555881.0
2023-04-14 16:00:00,1.631,1.655,1.619,1.654,3324146.0
2023-04-14 20:00:00,1.655,1.69,1.65,1.676,3738965.0
2023-04-15 00:00:00,1.675,1.687,1.657,1.669,2352057.0
2023-04-15 04:00:00,1.668,1.676,1.658,1.673,1301651.0
2023-04-15 08:00:00,1.672,1.691,1.668,1.684,1685096.0
2023-04-15 12:00:00,1.685,1.693,1.674,1.684,1918923.0
2023-04-15 16:00:00,1.683,1.693,1.671,1.686,1967683.0
2023-04-15 20:00:00,1.685,1.686,1.655,1.665,1839305.0
2023-04-16 00:00:00,1.666,1.672,1.641,1.656,1996003.0
2023-04-16 04:00:00,1.656,1.671,1.653,1.671,1013497.0
2023-04-16 08:00:00,1.67,1.681,1.654,1.655,1688101.0
2023-04-16 12:00:00,1.655,1.671,1.643,1.664,1999778.0
2023-04-16 16:00:00,1.664,1.693,1.658,1.675,2533306.0
2023-04-16 20:00:00,1.676,1.694,1.663,1.683,2348352.0
2023-04-17 00:00:00,1.683,1.687,1.632,1.662,3666107.0
2023-04-17 04:00:00,1.663,1.665,1.647,1.651,1801783.0
2023-04-17 08:00:00,1.651,1.659,1.625,1.637,2648446.0
2023-04-17 12:00:00,1.638,1.651,1.62,1.642,3801968.0
2023-04-17 16:00:00,1.641,1.656,1.639,1.651,1874606.0
2023-04-17 20:00:00,1.651,1.654,1.637,1.644,1187389.0
2023-04-18 00:00:00,1.644,1.652,1.619,1.647,2007527.0
2023-04-18 04:00:00,1.648,1.678,1.646,1.675,2107894.0
2023-04-18 08:00:00,1.674,1.706,1.667,1.705,2368046.0
2023-04-18 12:00:00,1.705,1.714,1.691,1.702,4034561.0
2023-04-18 16:00:00,1.703,1.71,1.676,1.686,3044108.0
2023-04-18 20:00:00,1.686,1.703,1.683,1.695,1609721.0
2023-04-19 00:00:00,1.695,1.697,1.671,1.672,2037779.0
2023-04-19 04:00:00,1.672,1.679,1.653,1.655,2426346.0
2023-04-19 08:00:00,1.656,1.657,1.535,1.57,10291737.0
2023-04-19 12:00:00,1.57,1.594,1.551,1.561,3563679.0
2023-04-19 16:00:00,1.561,1.568,1.542,1.55,2885339.0
2023-04-19 20:00:00,1.549,1.56,1.498,1.52,4619116.0
2023-04-20 00:00:00,1.519,1.552,1.517,1.539,2247504.0
2023-04-20 04:00:00,1.539,1.559,1.537,1.54,1731940.0
2023-04-20 08:00:00,1.54,1.556,1.529,1.529,2142464.0
2023-04-20 12:00:00,1.53,1.569,1.522,1.529,4256499.0
2023-04-20 16:00:00,1.529,1.532,1.457,1.473,6496894.0
2023-04-20 20:00:00,1.472,1.503,1.459,1.49,2599969.0
2023-04-21 00:00:00,1.489,1.505,1.475,1.501,1843519.0
2023-04-21 04:00:00,1.501,1.503,1.467,1.495,2198395.0
2023-04-21 08:00:00,1.494,1.5,1.46,1.467,2057114.0
2023-04-21 12:00:00,1.467,1.48,1.442,1.445,5390384.0
2023-04-21 16:00:00,1.444,1.446,1.35,1.367,9433581.0
2023-04-21 20:00:00,1.366,1.373,1.354,1.367,3591902.0
2023-04-22 00:00:00,1.368,1.375,1.36,1.374,1622544.0
2023-04-22 04:00:00,1.374,1.378,1.363,1.367,1534749.0
2023-04-22 08:00:00,1.368,1.389,1.362,1.375,2175290.0
2023-04-22 12:00:00,1.375,1.394,1.374,1.389,2448959.0
2023-04-22 16:00:00,1.389,1.402,1.386,1.388,2502829.0
2023-04-22 20:00:00,1.388,1.399,1.385,1.397,1329476.0
2023-04-23 00:00:00,1.398,1.399,1.371,1.383,1934574.0
2023-04-23 04:00:00,1.384,1.392,1.38,1.392,1087196.0
2023-04-23 08:00:00,1.392,1.395,1.379,1.387,1192758.0
2023-04-23 12:00:00,1.387,1.394,1.36,1.367,2311685.0
2023-04-23 16:00:00,1.366,1.376,1.336,1.356,4589423.0
2023-04-23 20:00:00,1.356,1.383,1.349,1.375,2606598.0
2023-04-24 00:00:00,1.375,1.396,1.362,1.385,3018133.0
2023-04-24 04:00:00,1.384,1.388,1.359,1.371,1922957.0
2023-04-24 08:00:00,1.372,1.38,1.357,1.38,2714959.0
2023-04-24 12:00:00,1.38,1.386,1.355,1.358,3701804.0
2023-04-24 16:00:00,1.358,1.371,1.334,1.36,3791675.0
2023-04-24 20:00:00,1.36,1.366,1.351,1.359,1954027.0
2023-04-25 00:00:00,1.36,1.368,1.346,1.35,2500050.0
2023-04-25 04:00:00,1.349,1.358,1.341,1.345,2187798.0
2023-04-25 08:00:00,1.346,1.356,1.331,1.345,3429799.0
2023-04-25 12:00:00,1.346,1.349,1.318,1.328,3563999.0
2023-04-25 16:00:00,1.328,1.347,1.323,1.335,3638658.0
2023-04-25 20:00:00,1.335,1.378,1.333,1.372,4194933.0
2023-04-26 00:00:00,1.372,1.378,1.364,1.37,2320458.0
2023-04-26 04:00:00,1.371,1.384,1.368,1.374,1871270.0
2023-04-26 08:00:00,1.373,1.419,1.371,1.414,3881660.0
2023-04-26 12:00:00,1.414,1.454,1.414,1.433,6130078.0
2023-04-26 16:00:00,1.432,1.433,1.305,1.329,7351035.0
2023-04-26 20:00:00,1.329,1.358,1.285,1.348,7355878.0
2023-04-27 00:00:00,1.349,1.398,1.346,1.367,5200636.0
2023-04-27 04:00:00,1.368,1.385,1.35,1.362,2363353.0
2023-04-27 08:00:00,1.362,1.367,1.351,1.356,2059142.0
2023-04-27 12:00:00,1.355,1.382,1.34,1.371,3705472.0
2023-04-27 16:00:00,1.371,1.401,1.363,1.39,4385693.0
2023-04-27 20:00:00,1.39,1.397,1.371,1.382,2139051.0
2023-04-28 00:00:00,1.382,1.383,1.365,1.368,2265518.0
2023-04-28 04:00:00,1.367,1.379,1.365,1.375,1825787.0
2023-04-28 08:00:00,1.376,1.377,1.349,1.349,2613558.0
2023-04-28 12:00:00,1.349,1.362,1.333,1.343,3605051.0
2023-04-28 16:00:00,1.343,1.357,1.341,1.346,2070290.0
2023-04-28 20:00:00,1.347,1.354,1.346,1.352,1362617.0
2023-04-29 00:00:00,1.351,1.363,1.345,1.356,1496117.0
2023-04-29 04:00:00,1.356,1.364,1.355,1.358,1205350.0
2023-04-29 08:00:00,1.358,1.363,1.351,1.363,1446776.0
2023-04-29 12:00:00,1.363,1.372,1.36,1.362,1738679.0
2023-04-29 16:00:00,1.361,1.371,1.349,1.368,1805917.0
2023-04-29 20:00:00,1.369,1.371,1.358,1.369,1128220.0
2023-04-30 00:00:00,1.368,1.369,1.346,1.352,1686445.0
2023-04-30 04:00:00,1.352,1.367,1.351,1.364,1286007.0
2023-04-30 08:00:00,1.365,1.373,1.355,1.356,2202124.0
2023-04-30 12:00:00,1.356,1.384,1.352,1.372,3310155.0
2023-04-30 16:00:00,1.372,1.382,1.344,1.355,4046551.0
2023-04-30 20:00:00,1.354,1.355,1.336,1.341,2977493.0
2023-05-01 00:00:00,1.34,1.348,1.3,1.317,3659113.0
2023-05-01 04:00:00,1.317,1.327,1.308,1.323,1859460.0
2023-05-01 08:00:00,1.323,1.325,1.316,1.318,1147352.0
2023-05-01 12:00:00,1.318,1.326,1.301,1.306,3090377.0
2023-05-01 16:00:00,1.306,1.317,1.282,1.291,3776427.0
2023-05-01 20:00:00,1.29,1.304,1.284,1.3,1976799.0
2023-05-02 00:00:00,1.3,1.301,1.289,1.297,1406927.0
2023-05-02 04:00:00,1.297,1.303,1.286,1.296,1198892.0
2023-05-02 08:00:00,1.297,1.3,1.288,1.297,1266993.0
2023-05-02 12:00:00,1.296,1.316,1.286,1.31,4446148.0
2023-05-02 16:00:00,1.309,1.317,1.296,1.311,2331360.0
2023-05-02 20:00:00,1.312,1.315,1.302,1.305,1373571.0
2023-05-03 00:00:00,1.304,1.305,1.288,1.294,1903940.0
2023-05-03 04:00:00,1.295,1.306,1.29,1.3,1470833.0
2023-05-03 08:00:00,1.301,1.305,1.287,1.29,1502354.0
2023-05-03 12:00:00,1.29,1.29,1.273,1.287,4611500.0
2023-05-03 16:00:00,1.287,1.31,1.283,1.298,6329935.0
2023-05-03 20:00:00,1.298,1.334,1.295,1.326,3903588.0
2023-05-04 00:00:00,1.327,1.334,1.322,1.33,1800399.0
2023-05-04 04:00:00,1.33,1.337,1.325,1.329,2346469.0
2023-05-04 08:00:00,1.328,1.338,1.324,1.329,1578774.0
2023-05-04 12:00:00,1.329,1.333,1.309,1.314,3398224.0
2023-05-04 16:00:00,1.314,1.323,1.307,1.314,2001246.0
2023-05-04 20:00:00,1.314,1.317,1.308,1.315,1220955.0
2023-05-05 00:00:00,1.316,1.333,1.309,1.322,2277840.0
2023-05-05 04:00:00,1.323,1.332,1.314,1.319,1663244.0
2023-05-05 08:00:00,1.319,1.327,1.316,1.322,1057951.0
2023-05-05 12:00:00,1.323,1.343,1.296,1.338,4865847.0
2023-05-05 16:00:00,1.338,1.356,1.335,1.344,3705844.0
2023-05-05 20:00:00,1.345,1.349,1.339,1.341,1652264.0
2023-05-06 00:00:00,1.341,1.356,1.325,1.327,2732693.0
2023-05-06 04:00:00,1.328,1.331,1.318,1.326,1646343.0
2023-05-06 08:00:00,1.326,1.326,1.306,1.318,2822058.0
2023-05-06 12:00:00,1.319,1.319,1.273,1.28,4726431.0
2023-05-06 16:00:00,1.281,1.299,1.276,1.293,2745746.0
2023-05-06 20:00:00,1.293,1.296,1.288,1.293,1355418.0
2023-05-07 00:00:00,1.293,1.302,1.283,1.288,2070664.0
2023-05-07 04:00:00,1.289,1.304,1.288,1.299,1468973.0
2023-05-07 08:00:00,1.298,1.302,1.293,1.296,1341010.0
2023-05-07 12:00:00,1.297,1.308,1.296,1.299,1453087.0
2023-05-07 16:00:00,1.3,1.305,1.289,1.293,1502090.0
2023-05-07 20:00:00,1.292,1.303,1.276,1.28,2116178.0
2023-05-08 00:00:00,1.28,1.29,1.211,1.248,5312793.0
2023-05-08 04:00:00,1.248,1.249,1.22,1.232,2179015.0
2023-05-08 08:00:00,1.233,1.248,1.223,1.244,2482729.0
2023-05-08 12:00:00,1.245,1.248,1.228,1.236,2591857.0
2023-05-08 16:00:00,1.236,1.239,1.15,1.194,8238913.0
2023-05-08 20:00:00,1.195,1.212,1.192,1.206,2290236.0
2023-05-09 00:00:00,1.207,1.217,1.202,1.206,1853497.0
2023-05-09 04:00:00,1.206,1.21,1.196,1.208,1944743.0
2023-05-09 08:00:00,1.207,1.208,1.195,1.205,1455352.0
2023-05-09 12:00:00,1.205,1.21,1.191,1.193,1808969.0
2023-05-09 16:00:00,1.194,1.207,1.188,1.2,1995797.0
2023-05-09 20:00:00,1.2,1.204,1.19,1.197,1285907.0
2023-05-10 00:00:00,1.197,1.207,1.183,1.187,1530409.0
2023-05-10 04:00:00,1.188,1.193,1.18,1.182,1394965.0
2023-05-10 08:00:00,1.183,1.191,1.178,1.189,1289813.0
2023-05-10 12:00:00,1.19,1.223,1.185,1.215,4662278.0
2023-05-10 16:00:00,1.215,1.226,1.145,1.208,8224449.0
2023-05-10 20:00:00,1.208,1.22,1.201,1.209,2911626.0
2023-05-11 00:00:00,1.208,1.209,1.19,1.193,2119039.0
2023-05-11 04:00:00,1.193,1.199,1.187,1.19,1285064.0
2023-05-11 08:00:00,1.19,1.192,1.177,1.188,1509208.0
2023-05-11 12:00:00,1.189,1.198,1.168,1.177,4416916.0
2023-05-11 16:00:00,1.177,1.181,1.15,1.162,3710499.0
2023-05-11 20:00:00,1.162,1.177,1.159,1.169,1757077.0
2023-05-12 00:00:00,1.17,1.175,1.146,1.149,2532178.0
2023-05-12 04:00:00,1.149,1.158,1.135,1.155,2610862.0
2023-05-12 08:00:00,1.156,1.169,1.151,1.162,1848257.0
2023-05-12 12:00:00,1.162,1.172,1.152,1.158,2226602.0
2023-05-12 16:00:00,1.158,1.172,1.136,1.169,2842428.0
2023-05-12 20:00:00,1.17,1.187,1.165,1.187,2684740.0
2023-05-13 00:00:00,1.186,1.189,1.175,1.185,1684634.0
2023-05-13 04:00:00,1.186,1.187,1.172,1.181,1470716.0
2023-05-13 08:00:00,1.182,1.187,1.177,1.178,1186872.0
2023-05-13 12:00:00,1.179,1.184,1.169,1.176,1865866.0
2023-05-13 16:00:00,1.176,1.192,1.172,1.184,2266067.0
2023-05-13 20:00:00,1.183,1.192,1.181,1.181,1465565.0
2023-05-14 00:00:00,1.181,1.187,1.17,1.183,1717295.0
2023-05-14 04:00:00,1.184,1.19,1.18,1.183,1036568.0
2023-05-14 08:00:00,1.184,1.185,1.177,1.18,925008.0
2023-05-14 12:00:00,1.179,1.197,1.173,1.194,2137214.0
2023-05-14 16:00:00,1.195,1.199,1.178,1.18,1759545.0
2023-05-14 20:00:00,1.18,1.184,1.176,1.181,1315711.0
2023-05-15 00:00:00,1.181,1.194,1.166,1.192,4147582.0
2023-05-15 04:00:00,1.192,1.198,1.183,1.196,2196446.0
2023-05-15 08:00:00,1.196,1.202,1.189,1.19,1582403.0
2023-05-15 12:00:00,1.189,1.194,1.179,1.189,2002614.0
2023-05-15 16:00:00,1.189,1.199,1.18,1.187,2664303.0
2023-05-15 20:00:00,1.186,1.189,1.175,1.179,1396543.0
2023-05-16 00:00:00,1.179,1.183,1.159,1.17,3769562.0
2023-05-16 04:00:00,1.169,1.173,1.161,1.172,1490735.0
2023-05-16 08:00:00,1.172,1.173,1.161,1.165,1671379.0
2023-05-16 12:00:00,1.165,1.167,1.151,1.155,4049711.0
2023-05-16 16:00:00,1.156,1.159,1.146,1.149,2602529.0
2023-05-16 20:00:00,1.149,1.163,1.145,1.161,2172229.0
2023-05-17 00:00:00,1.162,1.174,1.157,1.168,3402484.0
2023-05-17 04:00:00,1.169,1.172,1.148,1.151,2626778.0
2023-05-17 08:00:00,1.151,1.159,1.138,1.141,3201509.0
2023-05-17 12:00:00,1.14,1.147,1.126,1.135,5181770.0
2023-05-17 16:00:00,1.135,1.215,1.13,1.2,7100299.0
2023-05-17 20:00:00,1.201,1.206,1.181,1.197,4736154.0
2023-05-18 00:00:00,1.196,1.206,1.185,1.2,2993642.0
2023-05-18 04:00:00,1.2,1.204,1.186,1.199,2714128.0
2023-05-18 08:00:00,1.199,1.201,1.192,1.196,4278359.0
2023-05-18 12:00:00,1.195,1.208,1.187,1.19,6106772.0
2023-05-18 16:00:00,1.19,1.196,1.148,1.161,10517393.0
2023-05-18 20:00:00,1.162,1.179,1.16,1.173,3310116.0
2023-05-19 00:00:00,1.173,1.175,1.16,1.163,2450453.0
2023-05-19 04:00:00,1.164,1.17,1.162,1.164,1756041.0
2023-05-19 08:00:00,1.163,1.171,1.161,1.161,1669034.0
2023-05-19 12:00:00,1.16,1.172,1.15,1.164,5286139.0
2023-05-19 16:00:00,1.163,1.17,1.154,1.159,3098191.0
2023-05-19 20:00:00,1.16,1.163,1.157,1.161,1328382.0
2023-05-20 00:00:00,1.161,1.162,1.15,1.161,1651166.0
2023-05-20 04:00:00,1.16,1.161,1.152,1.156,1045885.0
2023-05-20 08:00:00,1.157,1.17,1.155,1.16,3256550.0
2023-05-20 12:00:00,1.16,1.164,1.158,1.159,1709339.0
2023-05-20 16:00:00,1.16,1.162,1.142,1.156,4337692.0
2023-05-20 20:00:00,1.156,1.159,1.149,1.15,1745130.0
2023-05-21 00:00:00,1.151,1.157,1.145,1.149,2156309.0
2023-05-21 04:00:00,1.149,1.153,1.136,1.14,2653595.0
2023-05-21 08:00:00,1.14,1.145,1.135,1.138,2769922.0
2023-05-21 12:00:00,1.138,1.143,1.12,1.126,4423050.0
2023-05-21 16:00:00,1.126,1.129,1.114,1.12,4106632.0
2023-05-21 20:00:00,1.12,1.121,1.103,1.112,3759465.0
2023-05-22 00:00:00,1.112,1.114,1.09,1.101,7040534.0
2023-05-22 04:00:00,1.101,1.113,1.099,1.108,2230168.0
2023-05-22 08:00:00,1.109,1.12,1.108,1.115,3171330.0
2023-05-22 12:00:00,1.116,1.118,1.105,1.111,5056116.0
2023-05-22 16:00:00,1.111,1.117,1.108,1.111,2853942.0
2023-05-22 20:00:00,1.111,1.117,1.105,1.111,2345097.0
2023-05-23 00:00:00,1.111,1.14,1.106,1.137,4743064.0
2023-05-23 04:00:00,1.138,1.141,1.124,1.131,3397047.0
2023-05-23 08:00:00,1.132,1.14,1.128,1.138,2299587.0
2023-05-23 12:00:00,1.139,1.143,1.131,1.142,2548984.0
2023-05-23 16:00:00,1.142,1.143,1.127,1.13,2558464.0
2023-05-23 20:00:00,1.131,1.141,1.131,1.138,1527210.0
2023-05-24 00:00:00,1.139,1.14,1.104,1.116,4340178.0
2023-05-24 04:00:00,1.115,1.117,1.104,1.108,4125756.0
2023-05-24 08:00:00,1.109,1.119,1.107,1.114,2811540.0
2023-05-24 12:00:00,1.114,1.115,1.081,1.091,6813542.0
2023-05-24 16:00:00,1.092,1.093,1.08,1.086,3348794.0
2023-05-24 20:00:00,1.086,1.097,1.085,1.093,2691202.0
2023-05-25 00:00:00,1.094,1.096,1.064,1.083,4505659.0
2023-05-25 04:00:00,1.084,1.09,1.081,1.084,2647877.0
2023-05-25 08:00:00,1.085,1.108,1.084,1.101,3553060.0
2023-05-25 12:00:00,1.102,1.11,1.097,1.1,5099916.0
2023-05-25 16:00:00,1.1,1.127,1.1,1.119,4273292.0
2023-05-25 20:00:00,1.119,1.125,1.115,1.12,2822053.0
2023-05-26 00:00:00,1.12,1.125,1.115,1.119,3137530.0
2023-05-26 04:00:00,1.119,1.124,1.109,1.121,3091369.0
2023-05-26 08:00:00,1.122,1.125,1.118,1.122,2262118.0
2023-05-26 12:00:00,1.123,1.144,1.117,1.138,4925545.0
2023-05-26 16:00:00,1.139,1.143,1.131,1.138,2739863.0
2023-05-26 20:00:00,1.137,1.14,1.134,1.136,1414205.0
2023-05-27 00:00:00,1.136,1.147,1.133,1.144,1754753.0
2023-05-27 04:00:00,1.145,1.148,1.137,1.138,1425577.0
2023-05-27 08:00:00,1.138,1.139,1.129,1.134,2293094.0
2023-05-27 12:00:00,1.133,1.137,1.125,1.133,2063427.0
2023-05-27 16:00:00,1.133,1.138,1.129,1.132,1575691.0
2023-05-27 20:00:00,1.132,1.141,1.131,1.139,1276841.0
2023-05-28 00:00:00,1.139,1.151,1.133,1.145,2814944.0
2023-05-28 04:00:00,1.144,1.149,1.14,1.144,1419279.0
2023-05-28 08:00:00,1.144,1.148,1.137,1.142,2197292.0
2023-05-28 12:00:00,1.142,1.144,1.13,1.136,2951956.0
2023-05-28 16:00:00,1.137,1.157,1.131,1.15,4902347.0
2023-05-28 20:00:00,1.149,1.176,1.145,1.168,4929921.0
2023-05-29 00:00:00,1.167,1.177,1.162,1.164,2580135.0
2023-05-29 04:00:00,1.164,1.171,1.156,1.163,2622935.0
2023-05-29 08:00:00,1.164,1.171,1.158,1.169,2112014.0
2023-05-29 12:00:00,1.169,1.171,1.158,1.159,2795168.0
2023-05-29 16:00:00,1.159,1.169,1.152,1.163,3159815.0
2023-05-29 20:00:00,1.164,1.171,1.159,1.165,1546939.0
2023-05-30 00:00:00,1.164,1.171,1.155,1.167,1812964.0
2023-05-30 04:00:00,1.167,1.169,1.158,1.161,1457236.0
2023-05-30 08:00:00,1.16,1.173,1.158,1.172,2723065.0
2023-05-30 12:00:00,1.171,1.173,1.148,1.151,4732900.0
2023-05-30 16:00:00,1.152,1.158,1.146,1.157,3087745.0
2023-05-30 20:00:00,1.158,1.16,1.15,1.151,1648872.0
2023-05-31 00:00:00,1.151,1.158,1.142,1.149,2197050.0
2023-05-31 04:00:00,1.15,1.15,1.113,1.122,5312145.0
2023-05-31 08:00:00,1.122,1.126,1.119,1.12,2265089.0
2023-05-31 12:00:00,1.12,1.127,1.113,1.12,3334047.0
2023-05-31 16:00:00,1.119,1.124,1.115,1.119,1860286.0
2023-05-31 20:00:00,1.12,1.129,1.117,1.126,1225416.0
2023-06-01 00:00:00,1.126,1.132,1.103,1.118,4382029.0
2023-06-01 04:00:00,1.119,1.126,1.118,1.122,1559114.0
2023-06-01 08:00:00,1.122,1.131,1.121,1.129,1391159.0
2023-06-01 12:00:00,1.128,1.133,1.124,1.13,2224622.0
2023-06-01 16:00:00,1.13,1.146,1.127,1.138,3617536.0
2023-06-01 20:00:00,1.138,1.142,1.13,1.136,1608547.0
2023-06-02 00:00:00,1.136,1.147,1.124,1.147,2306967.0
2023-06-02 04:00:00,1.147,1.158,1.145,1.154,1808348.0
2023-06-02 08:00:00,1.154,1.166,1.154,1.165,1756908.0
2023-06-02 12:00:00,1.165,1.167,1.152,1.163,4024403.0
2023-06-02 16:00:00,1.164,1.176,1.16,1.174,2709531.0
2023-06-02 20:00:00,1.174,1.179,1.169,1.175,1222314.0
2023-06-03 00:00:00,1.175,1.176,1.168,1.173,1213022.0
2023-06-03 04:00:00,1.174,1.175,1.169,1.174,1123127.0
2023-06-03 08:00:00,1.173,1.185,1.173,1.183,1177116.0
2023-06-03 12:00:00,1.183,1.184,1.174,1.181,1665790.0
2023-06-03 16:00:00,1.182,1.182,1.162,1.165,2522134.0
2023-06-03 20:00:00,1.164,1.169,1.157,1.165,1613866.0
2023-06-04 00:00:00,1.165,1.17,1.157,1.169,1396880.0
2023-06-04 04:00:00,1.168,1.176,1.165,1.175,1166807.0
2023-06-04 08:00:00,1.175,1.188,1.175,1.185,1195362.0
2023-06-04 12:00:00,1.186,1.188,1.179,1.179,1547360.0
2023-06-04 16:00:00,1.179,1.182,1.174,1.18,1090727.0
2023-06-04 20:00:00,1.181,1.187,1.167,1.174,2144947.0
2023-06-05 00:00:00,1.173,1.175,1.153,1.157,3163251.0
2023-06-05 04:00:00,1.157,1.162,1.154,1.162,1344113.0
2023-06-05 08:00:00,1.162,1.163,1.142,1.142,2213883.0
2023-06-05 12:00:00,1.142,1.145,1.071,1.078,7195804.0
2023-06-05 16:00:00,1.078,1.093,1.036,1.072,9598229.0
2023-06-05 20:00:00,1.072,1.084,1.064,1.079,2165641.0
2023-06-06 00:00:00,1.079,1.08,1.068,1.078,1739986.0
2023-06-06 04:00:00,1.078,1.083,1.077,1.078,1057565.0
2023-06-06 08:00:00,1.078,1.088,1.075,1.083,1596775.0
2023-06-06 12:00:00,1.082,1.097,1.057,1.092,7828731.0
2023-06-06 16:00:00,1.093,1.126,1.092,1.122,3908294.0
2023-06-06 20:00:00,1.123,1.126,1.112,1.121,2173910.0
2023-06-07 00:00:00,1.12,1.128,1.107,1.114,2257999.0
2023-06-07 04:00:00,1.114,1.12,1.111,1.113,1274781.0
2023-06-07 08:00:00,1.114,1.122,1.094,1.116,3550662.0
2023-06-07 12:00:00,1.117,1.118,1.082,1.087,4729922.0
2023-06-07 16:00:00,1.086,1.09,1.076,1.088,2537508.0
2023-06-07 20:00:00,1.088,1.089,1.065,1.071,1977889.0
2023-06-08 00:00:00,1.072,1.079,1.06,1.065,1695692.0
2023-06-08 04:00:00,1.066,1.075,1.063,1.073,1279490.0
2023-06-08 08:00:00,1.073,1.082,1.071,1.081,1304511.0
2023-06-08 12:00:00,1.081,1.091,1.075,1.088,2183003.0
2023-06-08 16:00:00,1.087,1.088,1.075,1.08,1321973.0
2023-06-08 20:00:00,1.08,1.082,1.076,1.077,843033.0
2023-06-09 00:00:00,1.078,1.082,1.066,1.076,1507730.0
2023-06-09 04:00:00,1.076,1.078,1.071,1.078,921619.0
2023-06-09 08:00:00,1.077,1.089,1.075,1.085,1153054.0
2023-06-09 12:00:00,1.086,1.096,1.076,1.079,2036895.0
2023-06-09 16:00:00,1.079,1.082,1.066,1.067,2090329.0
2023-06-09 20:00:00,1.067,1.077,1.066,1.073,1327991.0
2023-06-10 00:00:00,1.074,1.075,1.041,1.041,4821416.0
2023-06-10 04:00:00,1.041,1.045,0.914,0.939,26410540.0
2023-06-10 08:00:00,0.94,0.951,0.931,0.946,5193626.0
2023-06-10 12:00:00,0.946,0.946,0.929,0.933,3131158.0
2023-06-10 16:00:00,0.934,0.957,0.924,0.943,5614813.0
2023-06-10 20:00:00,0.944,0.954,0.937,0.944,1632276.0
2023-06-11 00:00:00,0.945,0.946,0.933,0.935,1502819.0
2023-06-11 04:00:00,0.935,0.941,0.926,0.935,1123456.0
2023-06-11 08:00:00,0.935,0.944,0.931,0.936,1442673.0
2023-06-11 12:00:00,0.935,0.937,0.919,0.924,2706323.0
2023-06-11 16:00:00,0.923,0.936,0.922,0.931,3156817.0
2023-06-11 20:00:00,0.931,0.94,0.909,0.919,3031998.0
2023-06-12 00:00:00,0.918,0.919,0.878,0.893,5423259.0
2023-06-12 04:00:00,0.894,0.896,0.864,0.869,4775975.0
2023-06-12 08:00:00,0.869,0.888,0.865,0.882,8960227.0
2023-06-12 12:00:00,0.882,0.883,0.861,0.866,7488090.0
2023-06-12 16:00:00,0.867,0.87,0.832,0.839,16367368.0
2023-06-12 20:00:00,0.84,0.855,0.832,0.845,7052289.0
2023-06-13 00:00:00,0.845,0.871,0.841,0.868,7053204.0
2023-06-13 04:00:00,0.869,0.875,0.859,0.868,4433265.0
2023-06-13 08:00:00,0.869,0.874,0.859,0.869,5242429.0
2023-06-13 12:00:00,0.87,0.879,0.833,0.835,12797198.0
2023-06-13 16:00:00,0.835,0.853,0.834,0.847,4703486.0
2023-06-13 20:00:00,0.846,0.852,0.839,0.844,2929559.0
2023-06-14 00:00:00,0.845,0.857,0.842,0.857,2432888.0
2023-06-14 04:00:00,0.857,0.859,0.846,0.851,2682868.0
2023-06-14 08:00:00,0.852,0.857,0.843,0.844,2848140.0
2023-06-14 12:00:00,0.843,0.853,0.837,0.839,4150225.0
2023-06-14 16:00:00,0.839,0.84,0.813,0.825,10055910.0
2023-06-14 20:00:00,0.826,0.827,0.773,0.796,16203931.0
2023-06-15 00:00:00,0.796,0.802,0.787,0.795,3191437.0
2023-06-15 04:00:00,0.795,0.799,0.788,0.789,3971336.0
2023-06-15 08:00:00,0.79,0.799,0.781,0.795,4825653.0
2023-06-15 12:00:00,0.795,0.806,0.789,0.795,3943953.0
2023-06-15 16:00:00,0.795,0.824,0.789,0.821,6631025.0
2023-06-15 20:00:00,0.822,0.83,0.813,0.821,3681325.0
2023-06-16 00:00:00,0.821,0.826,0.816,0.824,1941402.0
2023-06-16 04:00:00,0.825,0.828,0.82,0.823,1860679.0
2023-06-16 08:00:00,0.823,0.831,0.809,0.814,3102418.0
2023-06-16 12:00:00,0.813,0.83,0.807,0.828,4834779.0
2023-06-16 16:00:00,0.828,0.85,0.826,0.841,5714512.0
2023-06-16 20:00:00,0.841,0.845,0.837,0.839,1738556.0
2023-06-17 00:00:00,0.838,0.841,0.829,0.839,1602308.0
2023-06-17 04:00:00,0.838,0.862,0.836,0.853,4105070.0
2023-06-17 08:00:00,0.853,0.855,0.844,0.846,2240273.0
2023-06-17 12:00:00,0.846,0.85,0.836,0.84,2811458.0
2023-06-17 16:00:00,0.84,0.844,0.837,0.842,1454483.0
2023-06-17 20:00:00,0.841,0.842,0.829,0.835,2626428.0
2023-06-18 00:00:00,0.835,0.838,0.824,0.837,2010937.0
2023-06-18 04:00:00,0.837,0.848,0.833,0.836,2490312.0
2023-06-18 08:00:00,0.836,0.846,0.833,0.841,2151419.0
2023-06-18 12:00:00,0.84,0.847,0.838,0.845,1854170.0
2023-06-18 16:00:00,0.845,0.852,0.844,0.845,1645761.0
2023-06-18 20:00:00,0.846,0.847,0.818,0.83,4360506.0
2023-06-19 00:00:00,0.831,0.835,0.824,0.832,1781944.0
2023-06-19 04:00:00,0.831,0.836,0.828,0.834,1583570.0
2023-06-19 08:00:00,0.834,0.842,0.829,0.831,3831871.0
2023-06-19 12:00:00,0.832,0.84,0.825,0.831,2932355.0
2023-06-19 16:00:00,0.831,0.852,0.821,0.843,8110831.0
2023-06-19 20:00:00,0.843,0.848,0.84,0.846,2500068.0
2023-06-20 00:00:00,0.846,0.853,0.842,0.844,2863097.0
2023-06-20 04:00:00,0.845,0.85,0.838,0.841,2036808.0
2023-06-20 08:00:00,0.841,0.843,0.835,0.843,2133689.0
2023-06-20 12:00:00,0.843,0.845,0.827,0.841,2954042.0
2023-06-20 16:00:00,0.842,0.875,0.838,0.871,6563787.0
2023-06-20 20:00:00,0.871,0.88,0.866,0.877,3464399.0
2023-06-21 00:00:00,0.878,0.899,0.875,0.892,4012585.0
2023-06-21 04:00:00,0.893,0.901,0.887,0.891,2788446.0
2023-06-21 08:00:00,0.891,0.9,0.884,0.894,3522530.0
2023-06-21 12:00:00,0.895,0.915,0.887,0.904,5049285.0
2023-06-21 16:00:00,0.905,0.935,0.902,0.923,7068047.0
2023-06-21 20:00:00,0.924,0.937,0.914,0.93,3213499.0
2023-06-22 00:00:00,0.93,0.956,0.928,0.949,2589750.0
2023-06-22 04:00:00,0.95,0.95,0.934,0.947,2062100.0
2023-06-22 08:00:00,0.946,0.958,0.926,0.928,5357646.0
2023-06-22 12:00:00,0.928,0.947,0.902,0.926,4764971.0
2023-06-22 16:00:00,0.927,0.941,0.925,0.941,2852594.0
2023-06-22 20:00:00,0.94,0.941,0.924,0.924,1489276.0
2023-06-23 00:00:00,0.924,0.937,0.924,0.935,1506989.0
2023-06-23 04:00:00,0.936,0.942,0.931,0.937,1342242.0
2023-06-23 08:00:00,0.937,0.946,0.935,0.944,1766808.0
2023-06-23 12:00:00,0.944,0.985,0.933,0.98,5276179.0
2023-06-23 16:00:00,0.98,0.988,0.967,0.976,4460220.0
2023-06-23 20:00:00,0.977,0.985,0.961,0.972,2321491.0
2023-06-24 00:00:00,0.971,0.978,0.963,0.976,1717468.0
2023-06-24 04:00:00,0.976,0.984,0.969,0.971,1448318.0
2023-06-24 08:00:00,0.971,0.981,0.969,0.977,1464667.0
2023-06-24 12:00:00,0.977,0.985,0.95,0.96,3910565.0
2023-06-24 16:00:00,0.96,0.973,0.949,0.971,2318893.0
2023-06-24 20:00:00,0.971,0.973,0.958,0.97,1086433.0
2023-06-25 00:00:00,0.97,0.995,0.967,0.994,1870185.0
2023-06-25 04:00:00,0.993,1.031,0.991,1.027,7737385.0
2023-06-25 08:00:00,1.027,1.04,1.014,1.023,4950597.0
2023-06-25 12:00:00,1.023,1.03,0.996,1.006,6102214.0
2023-06-25 16:00:00,1.007,1.015,0.998,1.004,3143847.0
2023-06-25 20:00:00,1.004,1.015,0.998,1.005,1899900.0
2023-06-26 00:00:00,1.004,1.007,0.976,0.986,4810447.0
2023-06-26 04:00:00,0.986,1.007,0.977,1.002,2695836.0
2023-06-26 08:00:00,1.001,1.015,0.995,1.006,3707020.0
2023-06-26 12:00:00,1.007,1.03,0.999,1.016,4751213.0
2023-06-26 16:00:00,1.016,1.019,0.979,1.001,4309283.0
2023-06-26 20:00:00,1.001,1.003,0.967,0.987,2980589.0
2023-06-27 00:00:00,0.986,1.001,0.984,0.998,1681366.0
2023-06-27 04:00:00,0.997,1.002,0.986,0.999,1237928.0
2023-06-27 08:00:00,0.999,1.012,0.991,1.012,1986461.0
2023-06-27 12:00:00,1.011,1.025,0.992,0.997,5893765.0
2023-06-27 16:00:00,0.997,1.012,0.994,1.003,2999825.0
2023-06-27 20:00:00,1.003,1.011,0.999,1.006,1206354.0
2023-06-28 00:00:00,1.005,1.007,0.975,0.99,3417347.0
2023-06-28 04:00:00,0.99,0.992,0.958,0.968,3021994.0
2023-06-28 08:00:00,0.968,0.981,0.959,0.971,3102708.0
2023-06-28 12:00:00,0.97,0.981,0.961,0.975,2721629.0
2023-06-28 16:00:00,0.975,0.978,0.921,0.945,5488699.0
2023-06-28 20:00:00,0.946,0.958,0.938,0.95,2006488.0
2023-06-29 00:00:00,0.95,0.961,0.948,0.958,1724299.0
2023-06-29 04:00:00,0.959,0.972,0.956,0.968,1590781.0
2023-06-29 08:00:00,0.969,1.001,0.967,0.99,3757353.0
2023-06-29 12:00:00,0.991,0.995,0.974,0.977,3668588.0
2023-06-29 16:00:00,0.978,0.988,0.97,0.988,2038818.0
2023-06-29 20:00:00,0.987,0.989,0.971,0.975,1706728.0
2023-06-30 00:00:00,0.976,1.002,0.969,1.001,3663469.0
2023-06-30 04:00:00,1.0,1.018,0.993,1.007,6873699.0
2023-06-30 08:00:00,1.006,1.036,1.005,1.031,7237270.0
2023-06-30 12:00:00,1.03,1.04,0.93,0.978,15651145.0
2023-06-30 16:00:00,0.978,1.022,0.971,1.02,7030053.0
2023-06-30 20:00:00,1.019,1.035,1.013,1.031,2276976.0
2023-07-01 00:00:00,1.031,1.047,1.026,1.044,3792588.0
2023-07-01 04:00:00,1.043,1.053,1.035,1.05,3364981.0
2023-07-01 08:00:00,1.05,1.056,1.043,1.053,2444498.0
2023-07-01 12:00:00,1.052,1.058,1.049,1.053,2056132.0
2023-07-01 16:00:00,1.054,1.056,1.044,1.053,1384015.0
2023-07-01 20:00:00,1.052,1.065,1.052,1.065,1612301.0
2023-07-02 00:00:00,1.065,1.065,1.045,1.051,2822386.0
2023-07-02 04:00:00,1.051,1.065,1.048,1.06,2294811.0
2023-07-02 08:00:00,1.059,1.066,1.056,1.066,1306174.0
2023-07-02 12:00:00,1.066,1.073,1.043,1.061,3334300.0
2023-07-02 16:00:00,1.062,1.068,1.05,1.062,1912895.0
2023-07-02 20:00:00,1.061,1.079,1.057,1.071,2627327.0
2023-07-03 00:00:00,1.07,1.085,1.067,1.08,2194580.0
2023-07-03 04:00:00,1.081,1.087,1.069,1.084,2013627.0
2023-07-03 08:00:00,1.083,1.087,1.076,1.082,2010272.0
2023-07-03 12:00:00,1.083,1.103,1.075,1.099,3781564.0
2023-07-03 16:00:00,1.1,1.107,1.087,1.102,2698005.0
2023-07-03 20:00:00,1.102,1.106,1.089,1.097,1548639.0
2023-07-04 00:00:00,1.097,1.103,1.089,1.1,2568678.0
2023-07-04 04:00:00,1.1,1.104,1.09,1.094,2490163.0
2023-07-04 08:00:00,1.094,1.096,1.072,1.087,4017343.0
2023-07-04 12:00:00,1.087,1.107,1.068,1.074,6673280.0
2023-07-04 16:00:00,1.074,1.082,1.051,1.054,4831222.0
2023-07-04 20:00:00,1.054,1.064,1.052,1.056,1407256.0
2023-07-05 00:00:00,1.055,1.068,1.055,1.063,2151127.0
2023-07-05 04:00:00,1.063,1.07,1.057,1.066,1704884.0
2023-07-05 08:00:00,1.066,1.071,1.019,1.032,6212262.0
2023-07-05 12:00:00,1.033,1.041,1.022,1.029,4424279.0
2023-07-05 16:00:00,1.028,1.04,1.025,1.031,2207900.0
2023-07-05 20:00:00,1.03,1.038,1.026,1.032,1563938.0
2023-07-06 00:00:00,1.033,1.034,1.019,1.029,1839809.0
2023-07-06 04:00:00,1.03,1.049,1.022,1.044,2192729.0
2023-07-06 08:00:00,1.044,1.067,1.038,1.046,3790683.0
2023-07-06 12:00:00,1.046,1.049,1.003,1.024,6375349.0
2023-07-06 16:00:00,1.023,1.028,1.01,1.014,2808368.0
2023-07-06 20:00:00,1.014,1.019,0.993,0.994,2770647.0
2023-07-07 00:00:00,0.993,1.011,0.981,1.009,2646413.0
2023-07-07 04:00:00,1.009,1.012,0.996,1.0,1799030.0
2023-07-07 08:00:00,1.0,1.008,0.997,1.001,1610942.0
2023-07-07 12:00:00,1.002,1.023,0.998,1.014,3996048.0
2023-07-07 16:00:00,1.015,1.018,0.999,1.008,1924400.0
2023-07-07 20:00:00,1.009,1.014,1.006,1.01,945251.0
2023-07-08 00:00:00,1.011,1.016,1.003,1.006,1048126.0
2023-07-08 04:00:00,1.005,1.01,1.0,1.008,981279.0
2023-07-08 08:00:00,1.009,1.018,1.006,1.011,1975276.0
2023-07-08 12:00:00,1.012,1.02,1.003,1.005,3497121.0
2023-07-08 16:00:00,1.006,1.007,0.991,0.993,2240810.0
2023-07-08 20:00:00,0.994,1.005,0.988,1.005,1368171.0
2023-07-09 00:00:00,1.005,1.015,1.001,1.009,1485639.0
2023-07-09 04:00:00,1.008,1.01,0.997,1.003,1027571.0
2023-07-09 08:00:00,1.003,1.008,1.001,1.005,822597.0
2023-07-09 12:00:00,1.004,1.008,0.994,1.003,1569964.0
2023-07-09 16:00:00,1.004,1.006,0.998,1.002,978226.0
2023-07-09 20:00:00,1.002,1.003,0.992,0.997,1345825.0
2023-07-10 00:00:00,0.997,0.998,0.971,0.985,3754797.0
2023-07-10 04:00:00,0.986,0.99,0.977,0.981,1795561.0
2023-07-10 08:00:00,0.982,0.991,0.971,0.989,3403898.0
2023-07-10 12:00:00,0.989,1.0,0.985,0.996,2583140.0
2023-07-10 16:00:00,0.996,1.019,0.99,1.017,3474184.0
2023-07-10 20:00:00,1.017,1.024,1.005,1.013,3117029.0
2023-07-11 00:00:00,1.014,1.02,1.006,1.015,1586998.0
2023-07-11 04:00:00,1.016,1.018,1.01,1.014,1233206.0
2023-07-11 08:00:00,1.013,1.015,0.998,1.004,1980805.0
2023-07-11 12:00:00,1.003,1.004,0.984,0.988,4322690.0
2023-07-11 16:00:00,0.987,0.991,0.98,0.989,1829085.0
2023-07-11 20:00:00,0.989,0.994,0.984,0.991,1245083.0
2023-07-12 00:00:00,0.991,0.993,0.984,0.985,1269749.0
2023-07-12 04:00:00,0.986,1.006,0.984,1.001,1869641.0
2023-07-12 08:00:00,1.001,1.002,0.991,0.994,1132774.0
2023-07-12 12:00:00,0.994,1.005,0.982,0.987,3860644.0
2023-07-12 16:00:00,0.987,0.992,0.969,0.971,3451257.0
2023-07-12 20:00:00,0.971,0.984,0.969,0.981,1001587.0
2023-07-13 00:00:00,0.98,0.984,0.967,0.972,1623298.0
2023-07-13 04:00:00,0.971,0.987,0.969,0.982,1235492.0
2023-07-13 08:00:00,0.982,1.002,0.979,0.999,2210588.0
2023-07-13 12:00:00,0.998,1.029,0.988,1.019,5838428.0
2023-07-13 16:00:00,1.02,1.067,1.016,1.065,11082040.0
2023-07-13 20:00:00,1.064,1.07,1.046,1.068,3232639.0
2023-07-14 00:00:00,1.069,1.081,1.061,1.076,4026931.0
2023-07-14 04:00:00,1.076,1.079,1.062,1.065,2359999.0
2023-07-14 08:00:00,1.065,1.074,1.056,1.066,3512198.0
2023-07-14 12:00:00,1.065,1.085,1.057,1.083,4159007.0
2023-07-14 16:00:00,1.083,1.088,0.99,1.015,13107310.0
2023-07-14 20:00:00,1.015,1.033,1.008,1.03,2194833.0
2023-07-15 00:00:00,1.031,1.032,1.014,1.018,2071694.0
2023-07-15 04:00:00,1.018,1.033,1.016,1.031,1385449.0
2023-07-15 08:00:00,1.032,1.04,1.027,1.035,1628259.0
2023-07-15 12:00:00,1.036,1.039,1.028,1.034,1753173.0
2023-07-15 16:00:00,1.034,1.038,1.027,1.034,1566593.0
2023-07-15 20:00:00,1.035,1.036,1.029,1.035,845715.0
2023-07-16 00:00:00,1.036,1.04,1.014,1.022,2387403.0
2023-07-16 04:00:00,1.023,1.031,1.022,1.028,821099.0
2023-07-16 08:00:00,1.029,1.035,1.027,1.032,1092332.0
2023-07-16 12:00:00,1.032,1.038,1.028,1.035,1285019.0
2023-07-16 16:00:00,1.035,1.036,1.018,1.02,1528937.0
2023-07-16 20:00:00,1.02,1.025,1.006,1.013,1791325.0
2023-07-17 00:00:00,1.012,1.023,1.008,1.023,2224505.0
2023-07-17 04:00:00,1.023,1.033,1.021,1.025,3094745.0
2023-07-17 08:00:00,1.026,1.032,0.997,1.011,5156032.0
2023-07-17 12:00:00,1.011,1.023,1.003,1.014,3267608.0
2023-07-17 16:00:00,1.015,1.019,0.99,1.003,4880910.0
2023-07-17 20:00:00,1.002,1.017,0.999,1.013,1586392.0
2023-07-18 00:00:00,1.013,1.023,1.011,1.016,1808566.0
2023-07-18 04:00:00,1.016,1.018,0.994,0.999,2464866.0
2023-07-18 08:00:00,0.999,1.006,0.984,0.987,2686491.0
2023-07-18 12:00:00,0.986,0.994,0.981,0.989,3511126.0
2023-07-18 16:00:00,0.988,0.993,0.97,0.982,2944684.0
2023-07-18 20:00:00,0.981,0.988,0.979,0.987,976218.0
2023-07-19 00:00:00,0.986,1.005,0.984,1.003,2390148.0
2023-07-19 04:00:00,1.004,1.006,0.995,0.997,1651478.0
2023-07-19 08:00:00,0.998,1.0,0.989,1.0,1997838.0
2023-07-19 12:00:00,0.999,1.004,0.987,0.997,2639943.0
2023-07-19 16:00:00,0.996,1.008,0.993,1.004,2452839.0
2023-07-19 20:00:00,1.004,1.005,0.993,0.995,1595093.0
2023-07-20 00:00:00,0.996,1.005,0.992,1.0,1684195.0
2023-07-20 04:00:00,0.999,1.012,0.998,1.011,2024112.0
2023-07-20 08:00:00,1.011,1.022,1.01,1.018,2968258.0
2023-07-20 12:00:00,1.019,1.021,0.988,0.995,4583352.0
2023-07-20 16:00:00,0.994,0.998,0.979,0.989,3006751.0
2023-07-20 20:00:00,0.99,0.998,0.983,0.995,1490888.0
2023-07-21 00:00:00,0.996,1.002,0.989,0.997,2282780.0
2023-07-21 04:00:00,0.998,0.999,0.988,0.991,1528745.0
2023-07-21 08:00:00,0.99,0.996,0.988,0.991,1550394.0
2023-07-21 12:00:00,0.991,1.006,0.983,0.991,4609485.0
2023-07-21 16:00:00,0.991,1.006,0.988,0.998,3111720.0
2023-07-21 20:00:00,0.999,0.999,0.99,0.991,1442106.0
2023-07-22 00:00:00,0.991,1.0,0.988,0.996,1601719.0
2023-07-22 04:00:00,0.996,1.0,0.992,0.994,894839.0
2023-07-22 08:00:00,0.995,0.997,0.981,0.985,1428310.0
2023-07-22 12:00:00,0.985,0.988,0.982,0.986,1214516.0
2023-07-22 16:00:00,0.987,0.99,0.975,0.987,1477766.0
2023-07-22 20:00:00,0.987,0.992,0.97,0.978,2125676.0
2023-07-23 00:00:00,0.978,0.986,0.973,0.986,1502399.0
2023-07-23 04:00:00,0.985,0.995,0.985,0.991,1553037.0
2023-07-23 08:00:00,0.99,0.996,0.988,0.989,1067726.0
2023-07-23 12:00:00,0.99,0.992,0.986,0.989,1064182.0
2023-07-23 16:00:00,0.989,1.005,0.988,0.996,2372058.0
2023-07-23 20:00:00,0.996,0.999,0.987,0.991,1053434.0
2023-07-24 00:00:00,0.992,0.995,0.971,0.973,2323303.0
2023-07-24 04:00:00,0.973,0.983,0.967,0.981,1991175.0
2023-07-24 08:00:00,0.981,0.984,0.933,0.963,5383218.0
2023-07-24 12:00:00,0.963,0.965,0.945,0.957,3406980.0
2023-07-24 16:00:00,0.957,0.961,0.952,0.956,1611160.0
2023-07-24 20:00:00,0.957,0.963,0.953,0.962,971724.0
2023-07-25 00:00:00,0.961,0.966,0.958,0.962,1419407.0
2023-07-25 04:00:00,0.961,0.963,0.955,0.958,2320739.0
2023-07-25 08:00:00,0.958,0.965,0.957,0.959,2039230.0
2023-07-25 12:00:00,0.959,0.963,0.952,0.957,3201309.0
2023-07-25 16:00:00,0.957,0.96,0.946,0.947,2458563.0
2023-07-25 20:00:00,0.946,0.952,0.943,0.95,1740075.0
2023-07-26 00:00:00,0.95,0.952,0.937,0.947,2441649.0
2023-07-26 04:00:00,0.946,0.948,0.938,0.938,1603271.0
2023-07-26 08:00:00,0.939,0.941,0.932,0.933,1503011.0
2023-07-26 12:00:00,0.933,0.946,0.932,0.944,2199731.0
2023-07-26 16:00:00,0.945,0.956,0.935,0.949,5260625.0
2023-07-26 20:00:00,0.948,0.958,0.94,0.941,2159890.0
2023-07-27 00:00:00,0.941,0.952,0.937,0.947,1512230.0
2023-07-27 04:00:00,0.948,0.955,0.947,0.949,1447857.0
2023-07-27 08:00:00,0.949,0.959,0.946,0.952,1603266.0
2023-07-27 12:00:00,0.953,0.953,0.936,0.937,2510451.0
2023-07-27 16:00:00,0.937,0.939,0.92,0.926,2846370.0
2023-07-27 20:00:00,0.925,0.931,0.924,0.928,1339030.0
2023-07-28 00:00:00,0.928,0.933,0.925,0.931,1551576.0
2023-07-28 04:00:00,0.931,0.933,0.923,0.925,1348627.0
2023-07-28 08:00:00,0.925,0.931,0.921,0.924,1743686.0
2023-07-28 12:00:00,0.924,0.933,0.922,0.927,2992804.0
2023-07-28 16:00:00,0.927,0.928,0.915,0.924,2086641.0
2023-07-28 20:00:00,0.923,0.938,0.922,0.936,1973446.0
2023-07-29 00:00:00,0.936,0.942,0.935,0.938,1818841.0
2023-07-29 04:00:00,0.938,0.941,0.936,0.937,1294029.0
2023-07-29 08:00:00,0.938,0.941,0.934,0.935,1206250.0
2023-07-29 12:00:00,0.935,0.941,0.935,0.937,1283764.0
2023-07-29 16:00:00,0.938,0.944,0.936,0.941,1310434.0
2023-07-29 20:00:00,0.941,0.946,0.938,0.938,1448206.0
2023-07-30 00:00:00,0.938,0.942,0.937,0.94,1136549.0
2023-07-30 04:00:00,0.939,0.941,0.931,0.933,975065.0
2023-07-30 08:00:00,0.934,0.938,0.933,0.936,1088580.0
2023-07-30 12:00:00,0.935,0.942,0.931,0.938,1594332.0
2023-07-30 16:00:00,0.939,0.942,0.918,0.925,3201721.0
2023-07-30 20:00:00,0.924,0.927,0.9,0.927,4225380.0
2023-07-31 00:00:00,0.926,0.94,0.923,0.935,2609342.0
2023-07-31 04:00:00,0.935,0.942,0.929,0.939,2179595.0
2023-07-31 08:00:00,0.938,0.942,0.937,0.94,1867502.0
2023-07-31 12:00:00,0.939,0.944,0.932,0.935,3044844.0
2023-07-31 16:00:00,0.935,0.938,0.926,0.929,2051699.0
2023-07-31 20:00:00,0.93,0.939,0.926,0.936,2113427.0
2023-08-01 00:00:00,0.936,0.942,0.907,0.917,4566919.0
2023-08-01 04:00:00,0.918,0.927,0.916,0.924,2143915.0
2023-08-01 08:00:00,0.924,0.93,0.923,0.929,1575936.0
2023-08-01 12:00:00,0.929,0.934,0.917,0.932,3463964.0
2023-08-01 16:00:00,0.932,0.943,0.928,0.942,2416255.0
2023-08-01 20:00:00,0.941,0.955,0.938,0.955,2227358.0
2023-08-02 00:00:00,0.955,0.96,0.949,0.949,2759793.0
2023-08-02 04:00:00,0.949,0.952,0.941,0.943,1512562.0
2023-08-02 08:00:00,0.943,0.947,0.937,0.946,1735138.0
2023-08-02 12:00:00,0.946,0.947,0.929,0.938,3122379.0
2023-08-02 16:00:00,0.938,0.939,0.919,0.93,4411508.0
2023-08-02 20:00:00,0.93,0.932,0.925,0.928,1513928.0
2023-08-03 00:00:00,0.928,0.934,0.925,0.93,1639721.0
2023-08-03 04:00:00,0.929,0.931,0.92,0.923,1982920.0
2023-08-03 08:00:00,0.923,0.931,0.918,0.931,2209524.0
2023-08-03 12:00:00,0.93,0.939,0.925,0.931,2420571.0
2023-08-03 16:00:00,0.931,0.938,0.928,0.933,1800776.0
2023-08-03 20:00:00,0.932,0.938,0.925,0.929,1853432.0
2023-08-04 00:00:00,0.928,0.934,0.927,0.93,1598388.0
2023-08-04 04:00:00,0.93,0.935,0.927,0.932,1269982.0
2023-08-04 08:00:00,0.933,0.934,0.928,0.93,1273025.0
2023-08-04 12:00:00,0.93,0.94,0.929,0.935,3053461.0
2023-08-04 16:00:00,0.935,0.937,0.921,0.927,2379351.0
2023-08-04 20:00:00,0.926,0.93,0.917,0.93,1842464.0
2023-08-05 00:00:00,0.93,0.931,0.922,0.928,1506871.0
2023-08-05 04:00:00,0.929,0.929,0.923,0.924,891519.0
2023-08-05 08:00:00,0.924,0.928,0.923,0.923,1171237.0
2023-08-05 12:00:00,0.924,0.924,0.918,0.921,1846311.0
2023-08-05 16:00:00,0.921,0.927,0.92,0.926,940974.0
2023-08-05 20:00:00,0.926,0.931,0.924,0.928,955211.0
2023-08-06 00:00:00,0.927,0.937,0.926,0.936,1603773.0
2023-08-06 04:00:00,0.936,0.938,0.932,0.932,777650.0
2023-08-06 08:00:00,0.933,0.937,0.931,0.936,1019497.0
2023-08-06 12:00:00,0.935,0.937,0.929,0.932,1762783.0
2023-08-06 16:00:00,0.932,0.939,0.931,0.933,1204243.0
2023-08-06 20:00:00,0.933,0.938,0.93,0.932,1670125.0
2023-08-07 00:00:00,0.933,0.943,0.93,0.938,2734015.0
2023-08-07 04:00:00,0.939,0.943,0.931,0.936,1590456.0
2023-08-07 08:00:00,0.936,0.944,0.931,0.943,1539490.0
2023-08-07 12:00:00,0.943,0.95,0.935,0.941,5622462.0
2023-08-07 16:00:00,0.941,0.951,0.928,0.947,6111435.0
2023-08-07 20:00:00,0.947,0.957,0.945,0.955,2537008.0
2023-08-08 00:00:00,0.955,0.963,0.95,0.956,2892736.0
2023-08-08 04:00:00,0.957,0.959,0.95,0.952,2324853.0
2023-08-08 08:00:00,0.951,0.966,0.949,0.965,2437468.0
2023-08-08 12:00:00,0.965,0.984,0.961,0.984,7917142.0
2023-08-08 16:00:00,0.983,1.013,0.981,1.011,14766570.0
2023-08-08 20:00:00,1.011,1.019,0.995,1.001,11585952.0
2023-08-09 00:00:00,1.001,1.033,0.992,0.995,15075861.0
2023-08-09 04:00:00,0.995,1.004,0.991,0.998,4363297.0
2023-08-09 08:00:00,0.999,1.007,0.994,1.005,3522606.0
2023-08-09 12:00:00,1.006,1.018,0.993,0.996,7731773.0
2023-08-09 16:00:00,0.997,1.009,0.991,0.991,5706200.0
2023-08-09 20:00:00,0.992,1.014,0.99,1.013,2673546.0
2023-08-10 00:00:00,1.014,1.035,1.012,1.03,4964402.0
2023-08-10 04:00:00,1.03,1.045,1.025,1.032,12798073.0
2023-08-10 08:00:00,1.032,1.054,1.03,1.041,23766322.0
2023-08-10 12:00:00,1.041,1.059,1.04,1.052,29787537.0
2023-08-10 16:00:00,1.053,1.063,1.043,1.053,21747156.0
2023-08-10 20:00:00,1.052,1.057,1.046,1.052,7604452.0
2023-08-11 00:00:00,1.052,1.069,1.049,1.066,11313494.0
2023-08-11 04:00:00,1.065,1.1,1.065,1.093,24421324.0
2023-08-11 08:00:00,1.092,1.098,1.073,1.078,14341822.0
2023-08-11 12:00:00,1.078,1.093,1.075,1.083,12142894.0
2023-08-11 16:00:00,1.083,1.099,1.077,1.097,7975519.0
2023-08-11 20:00:00,1.097,1.15,1.094,1.141,27821459.0
2023-08-12 00:00:00,1.141,1.157,1.131,1.151,25601601.0
2023-08-12 04:00:00,1.15,1.159,1.113,1.115,26240282.0
2023-08-12 08:00:00,1.115,1.135,1.105,1.132,17168719.0
2023-08-12 12:00:00,1.133,1.179,1.132,1.173,33422877.0
2023-08-12 16:00:00,1.174,1.294,1.173,1.255,90271215.0
2023-08-12 20:00:00,1.255,1.281,1.225,1.269,33898996.0
2023-08-13 00:00:00,1.27,1.343,1.264,1.335,62668053.0
2023-08-13 04:00:00,1.335,1.367,1.3,1.343,61623965.0
2023-08-13 08:00:00,1.342,1.361,1.317,1.351,40539530.0
2023-08-13 12:00:00,1.35,1.455,1.323,1.347,108462638.0
2023-08-13 16:00:00,1.347,1.41,1.326,1.406,32597745.0
2023-08-13 20:00:00,1.406,1.407,1.363,1.38,28841179.0
2023-08-14 00:00:00,1.38,1.45,1.378,1.408,41012649.0
2023-08-14 04:00:00,1.408,1.411,1.36,1.364,24320737.0
2023-08-14 08:00:00,1.364,1.41,1.347,1.375,30329613.0
2023-08-14 12:00:00,1.376,1.42,1.36,1.408,26692872.0
2023-08-14 16:00:00,1.407,1.438,1.385,1.407,25181290.0
2023-08-14 20:00:00,1.406,1.5,1.398,1.47,29750495.0
2023-08-15 00:00:00,1.47,1.594,1.459,1.562,86577751.0
2023-08-15 04:00:00,1.562,1.615,1.505,1.58,98897835.0
2023-08-15 08:00:00,1.581,1.59,1.531,1.552,91023594.0
2023-08-15 12:00:00,1.553,1.57,1.446,1.458,117391240.0
2023-08-15 16:00:00,1.459,1.599,1.426,1.554,133851593.0
2023-08-15 20:00:00,1.554,1.635,1.443,1.506,160109576.0
2023-08-16 00:00:00,1.505,1.644,1.473,1.575,123536757.0
2023-08-16 04:00:00,1.576,1.597,1.515,1.575,86436749.0
2023-08-16 08:00:00,1.575,1.614,1.541,1.587,76418427.0
2023-08-16 12:00:00,1.587,1.595,1.414,1.439,132491001.0
2023-08-16 16:00:00,1.438,1.505,1.412,1.483,83630441.0
2023-08-16 20:00:00,1.483,1.492,1.42,1.448,57709903.0
2023-08-17 00:00:00,1.448,1.578,1.38,1.525,78490367.0
2023-08-17 04:00:00,1.524,1.555,1.5,1.516,41878451.0
2023-08-17 08:00:00,1.515,1.607,1.511,1.578,77922853.0
2023-08-17 12:00:00,1.578,1.629,1.513,1.534,124219692.0
2023-08-17 16:00:00,1.535,1.617,1.482,1.581,111322552.0
2023-08-17 20:00:00,1.581,1.591,1.432,1.5,160993229.0
2023-08-18 00:00:00,1.499,1.502,1.434,1.458,72119642.0
2023-08-18 04:00:00,1.457,1.496,1.441,1.457,48317061.0
2023-08-18 08:00:00,1.456,1.488,1.42,1.473,59356920.0
2023-08-18 12:00:00,1.473,1.555,1.452,1.52,74954086.0
2023-08-18 16:00:00,1.52,1.593,1.519,1.574,69108227.0
2023-08-18 20:00:00,1.575,1.666,1.57,1.606,52313864.0
2023-08-19 00:00:00,1.606,1.609,1.564,1.589,38567344.0
2023-08-19 04:00:00,1.588,1.607,1.563,1.584,26149366.0
2023-08-19 08:00:00,1.583,2.052,1.443,1.697,212851753.0
2023-08-19 12:00:00,1.698,1.75,1.649,1.732,106160836.0
2023-08-19 16:00:00,1.732,1.799,1.702,1.747,76056333.0
2023-08-19 20:00:00,1.746,1.75,1.679,1.725,39109223.0
2023-08-20 00:00:00,1.726,1.784,1.719,1.745,49170463.0
2023-08-20 04:00:00,1.746,1.759,1.704,1.753,34561701.0
2023-08-20 08:00:00,1.753,1.86,1.723,1.819,98086579.0
2023-08-20 12:00:00,1.819,1.871,1.805,1.834,104579103.0
2023-08-20 16:00:00,1.833,1.863,1.793,1.858,71178747.0
2023-08-20 20:00:00,1.859,1.9,1.741,1.767,87396512.0
2023-08-21 00:00:00,1.766,1.766,1.694,1.708,48606942.0
2023-08-21 04:00:00,1.709,1.713,1.65,1.666,60485960.0
2023-08-21 08:00:00,1.666,1.666,1.601,1.642,73387441.0
2023-08-21 12:00:00,1.641,1.689,1.605,1.639,82192406.0
2023-08-21 16:00:00,1.639,1.758,1.637,1.746,60298337.0
2023-08-21 20:00:00,1.746,1.767,1.707,1.736,47292728.0
2023-08-22 00:00:00,1.736,1.79,1.711,1.734,44930459.0
2023-08-22 04:00:00,1.734,1.737,1.686,1.735,48147696.0
2023-08-22 08:00:00,1.736,1.737,1.666,1.673,36357708.0
2023-08-22 12:00:00,1.673,1.677,1.611,1.633,52822429.0
2023-08-22 16:00:00,1.633,1.647,1.59,1.609,63955829.0
2023-08-22 20:00:00,1.609,1.615,1.526,1.566,56574225.0
2023-08-23 00:00:00,1.566,1.633,1.545,1.566,38688846.0
2023-08-23 04:00:00,1.566,1.6,1.557,1.595,28600845.0
2023-08-23 08:00:00,1.594,1.618,1.583,1.585,28801378.0
2023-08-23 12:00:00,1.586,1.616,1.563,1.611,35901390.0
2023-08-23 16:00:00,1.611,1.677,1.61,1.629,50853327.0
2023-08-23 20:00:00,1.63,1.63,1.59,1.597,23267670.0
2023-08-24 00:00:00,1.598,1.624,1.595,1.612,11933246.0
2023-08-24 04:00:00,1.611,1.615,1.583,1.585,13896847.0
2023-08-24 08:00:00,1.585,1.589,1.514,1.516,30972398.0
2023-08-24 12:00:00,1.516,1.526,1.478,1.481,36370736.0
2023-08-24 16:00:00,1.482,1.51,1.476,1.493,25351758.0
2023-08-24 20:00:00,1.494,1.502,1.479,1.497,12871950.0
2023-08-25 00:00:00,1.497,1.501,1.449,1.465,18755312.0
2023-08-25 04:00:00,1.466,1.52,1.465,1.5,33564071.0
2023-08-25 08:00:00,1.5,1.573,1.499,1.51,51990819.0
2023-08-25 12:00:00,1.51,1.552,1.479,1.485,50537555.0
2023-08-25 16:00:00,1.485,1.496,1.463,1.467,23257805.0
2023-08-25 20:00:00,1.467,1.484,1.462,1.481,11288192.0
2023-08-26 00:00:00,1.481,1.484,1.458,1.473,9833885.0
2023-08-26 04:00:00,1.473,1.477,1.452,1.458,10710050.0
2023-08-26 08:00:00,1.458,1.464,1.404,1.411,24313879.0
2023-08-26 12:00:00,1.411,1.438,1.392,1.417,36006443.0
2023-08-26 16:00:00,1.417,1.421,1.373,1.382,26992874.0
2023-08-26 20:00:00,1.382,1.408,1.372,1.395,16148642.0
2023-08-27 00:00:00,1.395,1.447,1.395,1.409,32059638.0
2023-08-27 04:00:00,1.41,1.434,1.408,1.43,12777879.0
2023-08-27 08:00:00,1.429,1.442,1.407,1.414,15124305.0
2023-08-27 12:00:00,1.414,1.5,1.411,1.458,46729611.0
2023-08-27 16:00:00,1.459,1.484,1.452,1.469,20606370.0
2023-08-27 20:00:00,1.468,1.475,1.455,1.466,10841136.0
2023-08-28 00:00:00,1.466,1.48,1.432,1.44,19478931.0
2023-08-28 04:00:00,1.44,1.442,1.406,1.416,17061010.0
2023-08-28 08:00:00,1.416,1.433,1.41,1.421,17031107.0
2023-08-28 12:00:00,1.421,1.469,1.42,1.443,25669521.0
2023-08-28 16:00:00,1.444,1.454,1.428,1.432,11785540.0
2023-08-28 20:00:00,1.432,1.457,1.43,1.452,8411123.0
2023-08-29 00:00:00,1.452,1.477,1.445,1.463,12117078.0
2023-08-29 04:00:00,1.463,1.475,1.451,1.466,13841926.0
2023-08-29 08:00:00,1.467,1.472,1.446,1.45,15079176.0
2023-08-29 12:00:00,1.45,1.74,1.447,1.55,90761440.0
2023-08-29 16:00:00,1.55,1.604,1.545,1.585,36580985.0
2023-08-29 20:00:00,1.584,1.629,1.581,1.614,25650821.0
2023-08-30 00:00:00,1.614,1.649,1.558,1.57,22675159.0
2023-08-30 04:00:00,1.57,1.586,1.563,1.581,7365009.0
2023-08-30 08:00:00,1.58,1.592,1.538,1.539,11910560.0
2023-08-30 12:00:00,1.539,1.553,1.513,1.528,19516927.0
2023-08-30 16:00:00,1.528,1.549,1.519,1.535,7951387.0
2023-08-30 20:00:00,1.535,1.544,1.531,1.537,4709281.0
2023-08-31 00:00:00,1.536,1.538,1.525,1.53,4313934.0
2023-08-31 04:00:00,1.531,1.563,1.529,1.556,7565464.0
2023-08-31 08:00:00,1.556,1.578,1.547,1.566,11283134.0
2023-08-31 12:00:00,1.566,1.568,1.502,1.517,18706950.0
2023-08-31 16:00:00,1.517,1.519,1.455,1.497,26345758.0
2023-08-31 20:00:00,1.496,1.508,1.468,1.501,11388863.0
2023-09-01 00:00:00,1.5,1.567,1.498,1.554,15687693.0
2023-09-01 04:00:00,1.553,1.585,1.553,1.578,14338189.0
2023-09-01 08:00:00,1.577,1.597,1.575,1.585,13877194.0
2023-09-01 12:00:00,1.585,1.594,1.542,1.552,20873085.0
2023-09-01 16:00:00,1.552,1.566,1.528,1.543,20223061.0
2023-09-01 20:00:00,1.542,1.566,1.538,1.558,9353437.0
2023-09-02 00:00:00,1.558,1.568,1.553,1.566,4608865.0
2023-09-02 04:00:00,1.565,1.596,1.564,1.587,8263146.0
2023-09-02 08:00:00,1.588,1.596,1.571,1.588,8980638.0
2023-09-02 12:00:00,1.589,1.615,1.551,1.561,17760452.0
2023-09-02 16:00:00,1.561,1.566,1.545,1.558,6676576.0
2023-09-02 20:00:00,1.557,1.564,1.554,1.559,3792209.0
2023-09-03 00:00:00,1.559,1.563,1.548,1.555,3647845.0
2023-09-03 04:00:00,1.555,1.556,1.534,1.544,5020396.0
2023-09-03 08:00:00,1.543,1.544,1.528,1.531,5018132.0
2023-09-03 12:00:00,1.531,1.533,1.486,1.49,13670362.0
2023-09-03 16:00:00,1.49,1.499,1.462,1.47,25547695.0
2023-09-03 20:00:00,1.47,1.473,1.451,1.459,7119209.0
2023-09-04 00:00:00,1.46,1.482,1.456,1.468,7060531.0
2023-09-04 04:00:00,1.468,1.471,1.437,1.458,8415733.0
2023-09-04 08:00:00,1.458,1.462,1.434,1.437,7071132.0
2023-09-04 12:00:00,1.436,1.448,1.423,1.438,10853092.0
2023-09-04 16:00:00,1.438,1.457,1.435,1.455,6926955.0
2023-09-04 20:00:00,1.455,1.459,1.432,1.457,5584956.0
2023-09-05 00:00:00,1.457,1.465,1.443,1.456,6871837.0
2023-09-05 04:00:00,1.457,1.468,1.451,1.467,4401359.0
2023-09-05 08:00:00,1.467,1.5,1.465,1.494,10064879.0
2023-09-05 12:00:00,1.495,1.519,1.487,1.503,14316726.0
2023-09-05 16:00:00,1.502,1.522,1.495,1.497,8808456.0
2023-09-05 20:00:00,1.496,1.509,1.492,1.5,4030788.0
2023-09-06 00:00:00,1.5,1.512,1.491,1.494,4587120.0
2023-09-06 04:00:00,1.494,1.501,1.487,1.491,5496371.0
2023-09-06 08:00:00,1.49,1.542,1.487,1.54,9316770.0
2023-09-06 12:00:00,1.54,1.572,1.535,1.544,18284333.0
2023-09-06 16:00:00,1.545,1.604,1.527,1.556,17052084.0
2023-09-06 20:00:00,1.556,1.567,1.55,1.564,3916832.0
2023-09-07 00:00:00,1.563,1.608,1.563,1.605,8901910.0
2023-09-07 04:00:00,1.605,1.619,1.574,1.579,13323306.0
2023-09-07 08:00:00,1.579,1.596,1.568,1.57,9718038.0
2023-09-07 12:00:00,1.571,1.589,1.568,1.577,8687286.0
2023-09-07 16:00:00,1.577,1.59,1.571,1.575,6313030.0
2023-09-07 20:00:00,1.575,1.609,1.573,1.607,10617464.0
2023-09-08 00:00:00,1.607,1.631,1.596,1.604,6921223.0
2023-09-08 04:00:00,1.604,1.614,1.589,1.598,6224153.0
2023-09-08 08:00:00,1.598,1.598,1.553,1.566,10486416.0
2023-09-08 12:00:00,1.566,1.584,1.564,1.574,4973674.0
2023-09-08 16:00:00,1.575,1.579,1.566,1.579,3925182.0
2023-09-08 20:00:00,1.579,1.592,1.575,1.587,2564096.0
2023-09-09 00:00:00,1.588,1.588,1.58,1.583,2198306.0
2023-09-09 04:00:00,1.583,1.584,1.571,1.573,2056131.0
2023-09-09 08:00:00,1.573,1.585,1.57,1.581,2492209.0
2023-09-09 12:00:00,1.58,1.581,1.565,1.568,4088010.0
2023-09-09 16:00:00,1.568,1.573,1.532,1.546,6949599.0
2023-09-09 20:00:00,1.546,1.549,1.539,1.544,2754942.0
2023-09-10 00:00:00,1.544,1.554,1.53,1.551,4173422.0
2023-09-10 04:00:00,1.551,1.558,1.508,1.549,10742498.0
2023-09-10 08:00:00,1.549,1.561,1.54,1.547,5514633.0
2023-09-10 12:00:00,1.547,1.553,1.521,1.537,6452843.0
2023-09-10 16:00:00,1.537,1.538,1.509,1.526,9407161.0
2023-09-10 20:00:00,1.527,1.554,1.522,1.54,5693544.0
2023-09-11 00:00:00,1.539,1.546,1.525,1.534,4531063.0
2023-09-11 04:00:00,1.534,1.535,1.506,1.51,4817845.0
2023-09-11 08:00:00,1.51,1.512,1.457,1.468,12339970.0
2023-09-11 12:00:00,1.468,1.487,1.448,1.458,17277315.0
2023-09-11 16:00:00,1.458,1.468,1.441,1.45,7706394.0
2023-09-11 20:00:00,1.45,1.466,1.443,1.46,4590343.0
2023-09-12 00:00:00,1.46,1.519,1.457,1.512,17059150.0
2023-09-12 04:00:00,1.512,1.522,1.486,1.495,5711009.0
2023-09-12 08:00:00,1.494,1.54,1.49,1.514,8639556.0
2023-09-12 12:00:00,1.514,1.519,1.493,1.499,8856960.0
2023-09-12 16:00:00,1.499,1.519,1.474,1.497,9320885.0
2023-09-12 20:00:00,1.497,1.505,1.481,1.482,2576276.0
2023-09-13 00:00:00,1.482,1.492,1.476,1.479,4003239.0
2023-09-13 04:00:00,1.479,1.522,1.471,1.494,8909279.0
2023-09-13 08:00:00,1.493,1.569,1.49,1.559,13563918.0
2023-09-13 12:00:00,1.558,1.578,1.536,1.564,15147696.0
2023-09-13 16:00:00,1.563,1.585,1.553,1.577,12536474.0
2023-09-13 20:00:00,1.576,1.614,1.573,1.598,8889057.0
2023-09-14 00:00:00,1.599,1.631,1.598,1.609,11604579.0
2023-09-14 04:00:00,1.608,1.619,1.588,1.609,9198616.0
2023-09-14 08:00:00,1.61,1.619,1.598,1.616,7605422.0
2023-09-14 12:00:00,1.615,1.653,1.609,1.649,18269109.0
2023-09-14 16:00:00,1.649,1.675,1.646,1.669,14729266.0
2023-09-14 20:00:00,1.669,1.684,1.637,1.639,9789171.0
2023-09-15 00:00:00,1.64,1.717,1.634,1.716,12409551.0
2023-09-15 04:00:00,1.716,1.743,1.71,1.726,15608435.0
2023-09-15 08:00:00,1.725,1.764,1.723,1.725,19637943.0
2023-09-15 12:00:00,1.725,1.738,1.696,1.705,15380439.0
2023-09-15 16:00:00,1.706,1.738,1.698,1.728,9565015.0
2023-09-15 20:00:00,1.728,1.844,1.727,1.82,23085804.0
2023-09-16 00:00:00,1.82,1.924,1.802,1.887,23021034.0
2023-09-16 04:00:00,1.888,1.913,1.871,1.884,13916769.0
2023-09-16 08:00:00,1.883,1.906,1.867,1.898,12283673.0
2023-09-16 12:00:00,1.899,1.929,1.866,1.868,21255413.0
2023-09-16 16:00:00,1.869,1.929,1.867,1.901,17042177.0
2023-09-16 20:00:00,1.901,1.956,1.896,1.933,13734875.0
2023-09-17 00:00:00,1.933,1.934,1.877,1.892,14964820.0
2023-09-17 04:00:00,1.893,1.916,1.884,1.886,9694086.0
2023-09-17 08:00:00,1.887,1.935,1.866,1.912,15969540.0
2023-09-17 12:00:00,1.913,1.928,1.872,1.887,14745963.0
2023-09-17 16:00:00,1.887,1.895,1.838,1.855,18935533.0
2023-09-17 20:00:00,1.855,1.864,1.821,1.834,11970629.0
2023-09-18 00:00:00,1.834,1.9,1.814,1.878,16354686.0
2023-09-18 04:00:00,1.879,1.88,1.853,1.868,8378146.0
2023-09-18 08:00:00,1.867,1.973,1.861,1.971,22713645.0
2023-09-18 12:00:00,1.97,1.985,1.932,1.944,23023478.0
2023-09-18 16:00:00,1.943,1.956,1.89,1.901,17859989.0
2023-09-18 20:00:00,1.901,1.902,1.867,1.871,6939375.0
2023-09-19 00:00:00,1.871,1.889,1.852,1.883,10413158.0
2023-09-19 04:00:00,1.883,1.906,1.863,1.902,11543232.0
2023-09-19 08:00:00,1.902,1.953,1.901,1.919,15741635.0
2023-09-19 12:00:00,1.918,1.937,1.88,1.932,14582754.0
2023-09-19 16:00:00,1.932,1.933,1.885,1.895,10314583.0
2023-09-19 20:00:00,1.894,1.915,1.88,1.909,6557870.0
2023-09-20 00:00:00,1.908,1.945,1.902,1.918,11030681.0
2023-09-20 04:00:00,1.918,1.931,1.856,1.873,13272421.0
2023-09-20 08:00:00,1.873,1.888,1.852,1.867,9909443.0
2023-09-20 12:00:00,1.866,1.87,1.791,1.801,19431204.0
2023-09-20 16:00:00,1.801,1.804,1.751,1.765,19765343.0
2023-09-20 20:00:00,1.765,1.794,1.762,1.785,6335188.0
2023-09-21 00:00:00,1.786,1.803,1.759,1.767,7965742.0
2023-09-21 04:00:00,1.768,1.791,1.759,1.778,10492818.0
2023-09-21 08:00:00,1.778,1.791,1.741,1.786,16534695.0
2023-09-21 12:00:00,1.787,1.823,1.773,1.803,19422076.0
2023-09-21 16:00:00,1.803,1.808,1.757,1.764,7845751.0
2023-09-21 20:00:00,1.764,1.773,1.749,1.768,5981837.0
2023-09-22 00:00:00,1.767,1.792,1.761,1.792,6895211.0
2023-09-22 04:00:00,1.792,1.8,1.775,1.785,8076647.0
2023-09-22 08:00:00,1.785,1.788,1.759,1.768,4913759.0
2023-09-22 12:00:00,1.767,1.771,1.745,1.756,7022994.0
2023-09-22 16:00:00,1.756,1.758,1.726,1.728,7525551.0
2023-09-22 20:00:00,1.728,1.743,1.718,1.737,4830349.0
2023-09-23 00:00:00,1.737,1.755,1.726,1.733,6028262.0
2023-09-23 04:00:00,1.733,1.746,1.73,1.734,3522972.0
2023-09-23 08:00:00,1.735,1.739,1.719,1.72,3419693.0
2023-09-23 12:00:00,1.72,1.723,1.7,1.708,6152370.0
2023-09-23 16:00:00,1.708,1.742,1.703,1.738,6755267.0
2023-09-23 20:00:00,1.738,1.743,1.709,1.716,4462719.0
2023-09-24 00:00:00,1.716,1.72,1.656,1.671,8088172.0
2023-09-24 04:00:00,1.671,1.678,1.665,1.677,3473664.0
2023-09-24 08:00:00,1.677,1.694,1.675,1.685,3657642.0
2023-09-24 12:00:00,1.684,1.686,1.673,1.675,3716637.0
2023-09-24 16:00:00,1.674,1.693,1.659,1.674,8244412.0
2023-09-24 20:00:00,1.674,1.685,1.654,1.67,5122498.0
2023-09-25 00:00:00,1.671,1.686,1.647,1.672,6825710.0
2023-09-25 04:00:00,1.672,1.704,1.668,1.699,5563186.0
2023-09-25 08:00:00,1.699,1.711,1.693,1.698,6354170.0
2023-09-25 12:00:00,1.699,1.715,1.692,1.709,6566014.0
2023-09-25 16:00:00,1.709,1.726,1.707,1.713,5179906.0
2023-09-25 20:00:00,1.713,1.722,1.7,1.708,3200630.0
2023-09-26 00:00:00,1.709,1.72,1.705,1.715,2979224.0
2023-09-26 04:00:00,1.715,1.722,1.693,1.701,5987718.0
2023-09-26 08:00:00,1.701,1.72,1.7,1.716,5126207.0
2023-09-26 12:00:00,1.715,1.717,1.684,1.694,6503187.0
2023-09-26 16:00:00,1.695,1.733,1.692,1.731,7072002.0
2023-09-26 20:00:00,1.73,1.746,1.712,1.744,5408884.0
2023-09-27 00:00:00,1.745,1.753,1.735,1.741,4143183.0
2023-09-27 04:00:00,1.741,1.744,1.721,1.729,3474369.0
2023-09-27 08:00:00,1.729,1.77,1.719,1.763,9852408.0
2023-09-27 12:00:00,1.762,1.781,1.704,1.715,12565958.0
2023-09-27 16:00:00,1.716,1.737,1.702,1.731,5261928.0
2023-09-27 20:00:00,1.731,1.732,1.696,1.728,6288821.0
2023-09-28 00:00:00,1.728,1.749,1.721,1.737,4824584.0
2023-09-28 04:00:00,1.738,1.804,1.737,1.8,14469879.0
2023-09-28 08:00:00,1.801,1.87,1.789,1.857,15754359.0
2023-09-28 12:00:00,1.857,1.945,1.856,1.941,24157762.0
2023-09-28 16:00:00,1.941,1.967,1.903,1.931,22135378.0
2023-09-28 20:00:00,1.931,1.935,1.909,1.928,6880089.0
2023-09-29 00:00:00,1.928,1.947,1.911,1.924,11847961.0
2023-09-29 04:00:00,1.924,1.946,1.906,1.94,8365407.0
2023-09-29 08:00:00,1.94,1.984,1.92,1.957,17209781.0
2023-09-29 12:00:00,1.957,2.007,1.929,1.95,26780408.0
2023-09-29 16:00:00,1.951,1.973,1.938,1.966,6540318.0
2023-09-29 20:00:00,1.966,2.004,1.958,1.996,7016243.0
2023-09-30 00:00:00,1.996,2.03,1.976,1.983,12848943.0
2023-09-30 04:00:00,1.982,1.985,1.939,1.939,7441408.0
2023-09-30 08:00:00,1.939,1.953,1.93,1.949,6405441.0
2023-09-30 12:00:00,1.949,1.958,1.91,1.941,13174954.0
2023-09-30 16:00:00,1.941,1.942,1.909,1.921,7929956.0
2023-09-30 20:00:00,1.921,1.926,1.9,1.923,4794174.0
2023-10-01 00:00:00,1.924,1.954,1.922,1.947,4352233.0
2023-10-01 04:00:00,1.948,1.994,1.873,1.937,20054136.0
2023-10-01 08:00:00,1.938,1.974,1.93,1.961,6743869.0
2023-10-01 12:00:00,1.962,1.963,1.895,1.919,15644479.0
2023-10-01 16:00:00,1.92,2.026,1.913,2.012,12881545.0
2023-10-01 20:00:00,2.012,2.268,1.999,2.149,48121120.0
2023-10-02 00:00:00,2.149,2.195,2.122,2.19,14344534.0
2023-10-02 04:00:00,2.19,2.218,2.131,2.199,23459257.0
2023-10-02 08:00:00,2.2,2.218,2.156,2.164,18721156.0
2023-10-02 12:00:00,2.164,2.187,2.07,2.079,22489722.0
2023-10-02 16:00:00,2.079,2.091,1.911,1.985,44545410.0
2023-10-02 20:00:00,1.985,2.031,1.969,2.022,13040836.0
2023-10-03 00:00:00,2.022,2.045,1.957,1.99,20618062.0
2023-10-03 04:00:00,1.991,2.053,1.964,2.049,16516634.0
2023-10-03 08:00:00,2.05,2.062,2.008,2.022,8035105.0
2023-10-03 12:00:00,2.022,2.059,1.972,2.018,17088123.0
2023-10-03 16:00:00,2.018,2.041,1.906,1.937,19493440.0
2023-10-03 20:00:00,1.937,1.998,1.923,1.994,9658962.0
2023-10-04 00:00:00,1.994,1.997,1.937,1.986,12443683.0
2023-10-04 04:00:00,1.986,1.995,1.968,1.979,7195980.0
2023-10-04 08:00:00,1.979,2.008,1.954,1.978,11055365.0
2023-10-04 12:00:00,1.977,2.029,1.928,1.931,28255605.0
2023-10-04 16:00:00,1.93,1.978,1.862,1.916,24752889.0
2023-10-04 20:00:00,1.916,2.077,1.909,2.046,23883157.0
2023-10-05 00:00:00,2.045,2.063,1.956,1.98,25363032.0
2023-10-05 04:00:00,1.98,2.067,1.979,2.037,16662962.0
2023-10-05 08:00:00,2.037,2.112,2.023,2.023,48226147.0
2023-10-05 12:00:00,2.023,2.032,1.963,2.002,22531641.0
2023-10-05 16:00:00,2.001,2.084,1.956,1.96,45638707.0
2023-10-05 20:00:00,1.96,2.026,1.921,2.017,22005267.0
2023-10-06 00:00:00,2.017,2.053,2.012,2.032,13427117.0
2023-10-06 04:00:00,2.032,2.035,1.925,1.952,18371136.0
2023-10-06 08:00:00,1.951,1.954,1.821,1.836,33900884.0
2023-10-06 12:00:00,1.835,1.861,1.758,1.819,55046406.0
2023-10-06 16:00:00,1.819,1.827,1.731,1.746,39954135.0
2023-10-06 20:00:00,1.746,1.794,1.738,1.762,23284900.0
2023-10-07 00:00:00,1.761,1.784,1.742,1.769,19316259.0
2023-10-07 04:00:00,1.768,1.805,1.763,1.789,17906686.0
2023-10-07 08:00:00,1.789,1.8,1.762,1.765,12892588.0
2023-10-07 12:00:00,1.765,1.802,1.75,1.773,18474922.0
2023-10-07 16:00:00,1.773,1.777,1.693,1.713,33138464.0
2023-10-07 20:00:00,1.712,1.755,1.703,1.74,16369513.0
2023-10-08 00:00:00,1.74,1.742,1.679,1.722,17390624.0
2023-10-08 04:00:00,1.723,1.743,1.713,1.735,10431050.0
2023-10-08 08:00:00,1.734,1.736,1.68,1.705,11168603.0
2023-10-08 12:00:00,1.705,1.728,1.698,1.724,9931540.0
2023-10-08 16:00:00,1.723,1.736,1.715,1.72,6557497.0
2023-10-08 20:00:00,1.721,1.747,1.719,1.732,7440068.0
2023-10-09 00:00:00,1.732,1.732,1.713,1.72,6041219.0
2023-10-09 04:00:00,1.719,1.725,1.69,1.697,6461057.0
2023-10-09 08:00:00,1.698,1.706,1.61,1.627,22927340.0
2023-10-09 12:00:00,1.626,1.647,1.617,1.621,11618175.0
2023-10-09 16:00:00,1.62,1.629,1.588,1.621,14490056.0
2023-10-09 20:00:00,1.621,1.629,1.6,1.617,7639575.0
2023-10-10 00:00:00,1.616,1.66,1.612,1.649,9820036.0
2023-10-10 04:00:00,1.649,1.689,1.647,1.681,9050580.0
2023-10-10 08:00:00,1.681,1.697,1.672,1.677,8922696.0
2023-10-10 12:00:00,1.676,1.688,1.66,1.663,12337477.0
2023-10-10 16:00:00,1.662,1.687,1.654,1.681,10789515.0
2023-10-10 20:00:00,1.681,1.691,1.666,1.682,5376305.0
2023-10-11 00:00:00,1.681,1.683,1.631,1.651,8376912.0
2023-10-11 04:00:00,1.651,1.666,1.648,1.65,4828386.0
2023-10-11 08:00:00,1.649,1.674,1.641,1.663,7915484.0
2023-10-11 12:00:00,1.663,1.671,1.614,1.62,13012037.0
2023-10-11 16:00:00,1.62,1.626,1.609,1.62,6549554.0
2023-10-11 20:00:00,1.62,1.637,1.615,1.632,3575971.0
2023-10-12 00:00:00,1.632,1.633,1.526,1.535,21482903.0
2023-10-12 04:00:00,1.534,1.549,1.507,1.512,10446293.0
2023-10-12 08:00:00,1.512,1.52,1.496,1.517,14954207.0
2023-10-12 12:00:00,1.517,1.519,1.492,1.493,11494985.0
2023-10-12 16:00:00,1.493,1.504,1.466,1.495,17819733.0
2023-10-12 20:00:00,1.494,1.646,1.489,1.644,27927795.0
2023-10-13 00:00:00,1.644,1.685,1.639,1.677,19150303.0
2023-10-13 04:00:00,1.677,1.712,1.663,1.69,24480632.0
2023-10-13 08:00:00,1.69,1.704,1.633,1.674,33907664.0
2023-10-13 12:00:00,1.673,1.687,1.654,1.656,17670955.0
2023-10-13 16:00:00,1.656,1.674,1.641,1.65,13969898.0
2023-10-13 20:00:00,1.649,1.692,1.644,1.661,22851982.0
2023-10-14 00:00:00,1.662,1.673,1.655,1.668,5449487.0
2023-10-14 04:00:00,1.668,1.67,1.646,1.653,5078909.0
2023-10-14 08:00:00,1.653,1.659,1.636,1.637,7375962.0
2023-10-14 12:00:00,1.638,1.644,1.626,1.641,8655868.0
2023-10-14 16:00:00,1.641,1.655,1.634,1.638,6195719.0
2023-10-14 20:00:00,1.638,1.648,1.63,1.632,3674687.0
2023-10-15 00:00:00,1.632,1.673,1.631,1.661,12658557.0
2023-10-15 04:00:00,1.661,1.666,1.648,1.654,10671895.0
2023-10-15 08:00:00,1.654,1.662,1.647,1.647,3472732.0
2023-10-15 12:00:00,1.647,1.656,1.634,1.648,7737214.0
2023-10-15 16:00:00,1.648,1.66,1.621,1.631,8858696.0
2023-10-15 20:00:00,1.631,1.673,1.627,1.657,10559382.0
2023-10-16 00:00:00,1.656,1.67,1.649,1.669,4433782.0
2023-10-16 04:00:00,1.669,1.735,1.656,1.707,38296557.0
2023-10-16 08:00:00,1.707,1.711,1.673,1.678,11446441.0
2023-10-16 12:00:00,1.677,1.783,1.642,1.646,31633496.0
2023-10-16 16:00:00,1.646,1.671,1.64,1.656,8921892.0
2023-10-16 20:00:00,1.655,1.663,1.635,1.635,5647766.0
2023-10-17 00:00:00,1.636,1.639,1.589,1.591,9023777.0
2023-10-17 04:00:00,1.591,1.598,1.571,1.586,11771821.0
2023-10-17 08:00:00,1.587,1.594,1.552,1.554,9669330.0
2023-10-17 12:00:00,1.555,1.558,1.516,1.542,13976026.0
2023-10-17 16:00:00,1.542,1.546,1.523,1.533,7928439.0
2023-10-17 20:00:00,1.533,1.539,1.524,1.539,4589523.0
2023-10-18 00:00:00,1.538,1.57,1.532,1.569,7059814.0
2023-10-18 04:00:00,1.569,1.589,1.552,1.561,10620841.0
2023-10-18 08:00:00,1.561,1.588,1.558,1.572,9169222.0
2023-10-18 12:00:00,1.571,1.572,1.548,1.56,7872191.0
2023-10-18 16:00:00,1.559,1.576,1.555,1.564,6262884.0
2023-10-18 20:00:00,1.564,1.581,1.561,1.571,4135715.0
2023-10-19 00:00:00,1.571,1.574,1.534,1.547,7590558.0
2023-10-19 04:00:00,1.548,1.554,1.545,1.554,3485638.0
2023-10-19 08:00:00,1.554,1.563,1.545,1.561,4403693.0
2023-10-19 12:00:00,1.561,1.575,1.55,1.569,11405131.0
2023-10-19 16:00:00,1.57,1.586,1.553,1.571,8341741.0
2023-10-19 20:00:00,1.571,1.579,1.5,1.521,14104752.0
2023-10-20 00:00:00,1.521,1.529,1.5,1.511,16400628.0
2023-10-20 04:00:00,1.512,1.601,1.5,1.587,16370312.0
2023-10-20 08:00:00,1.587,1.654,1.586,1.641,14503321.0
2023-10-20 12:00:00,1.642,1.648,1.618,1.63,9266467.0
2023-10-20 16:00:00,1.629,1.632,1.607,1.615,5721731.0
2023-10-20 20:00:00,1.616,1.643,1.612,1.635,5055538.0
2023-10-21 00:00:00,1.635,1.641,1.627,1.639,3801802.0
2023-10-21 04:00:00,1.639,1.679,1.635,1.676,7459689.0
2023-10-21 08:00:00,1.675,1.718,1.672,1.718,9776501.0
2023-10-21 12:00:00,1.718,1.76,1.713,1.757,14577494.0
2023-10-21 16:00:00,1.757,1.762,1.732,1.752,12978612.0
2023-10-21 20:00:00,1.753,1.809,1.735,1.747,22891223.0
2023-10-22 00:00:00,1.748,1.816,1.739,1.811,18670957.0
2023-10-22 04:00:00,1.812,1.838,1.777,1.797,14215142.0
2023-10-22 08:00:00,1.798,1.821,1.792,1.801,8620325.0
2023-10-22 12:00:00,1.802,1.819,1.797,1.802,6215642.0
2023-10-22 16:00:00,1.801,1.837,1.798,1.827,9048883.0
2023-10-22 20:00:00,1.828,1.835,1.798,1.83,8399289.0
2023-10-23 00:00:00,1.83,1.925,1.815,1.913,20685026.0
2023-10-23 04:00:00,1.914,1.987,1.91,1.959,25689023.0
2023-10-23 08:00:00,1.959,1.961,1.916,1.953,14036830.0
2023-10-23 12:00:00,1.953,2.013,1.942,1.99,21359814.0
2023-10-23 16:00:00,1.991,2.096,1.978,2.062,41512918.0
2023-10-23 20:00:00,2.061,2.189,2.055,2.155,29299610.0
2023-10-24 00:00:00,2.156,2.249,2.13,2.171,27413510.0
2023-10-24 04:00:00,2.171,2.235,2.114,2.141,18968337.0
2023-10-24 08:00:00,2.14,2.207,2.133,2.194,12162767.0
2023-10-24 12:00:00,2.193,2.209,2.046,2.085,23927152.0
2023-10-24 16:00:00,2.085,2.179,2.071,2.154,15136489.0
2023-10-24 20:00:00,2.154,2.233,2.136,2.202,13567225.0
2023-10-25 00:00:00,2.201,2.22,2.158,2.187,12005544.0
2023-10-25 04:00:00,2.188,2.296,2.185,2.208,22276578.0
2023-10-25 08:00:00,2.209,2.247,2.168,2.225,12747306.0
2023-10-25 12:00:00,2.226,2.246,2.186,2.221,15218023.0
2023-10-25 16:00:00,2.22,2.242,2.158,2.173,13686644.0
2023-10-25 20:00:00,2.173,2.208,2.161,2.205,8231835.0
2023-10-26 00:00:00,2.205,2.27,2.197,2.269,7615683.0
2023-10-26 04:00:00,2.269,2.34,2.231,2.331,13235193.0
2023-10-26 08:00:00,2.331,2.378,2.241,2.264,22378434.0
2023-10-26 12:00:00,2.263,2.275,2.155,2.198,13494029.0
2023-10-26 16:00:00,2.198,2.277,2.173,2.274,9912447.0
2023-10-26 20:00:00,2.273,2.391,2.271,2.374,11994252.0
2023-10-27 00:00:00,2.373,2.377,2.282,2.314,11156496.0
2023-10-27 04:00:00,2.313,2.324,2.284,2.289,5821735.0
2023-10-27 08:00:00,2.29,2.336,2.287,2.324,5024645.0
2023-10-27 12:00:00,2.323,2.414,2.318,2.389,14790658.0
2023-10-27 16:00:00,2.389,2.402,2.333,2.364,8931476.0
2023-10-27 20:00:00,2.364,2.435,2.36,2.413,6053023.0
2023-10-28 00:00:00,2.414,2.518,2.41,2.503,8520653.0
2023-10-28 04:00:00,2.504,2.521,2.483,2.495,8291427.0
2023-10-28 08:00:00,2.495,2.573,2.489,2.55,13241814.0
2023-10-28 12:00:00,2.55,2.559,2.494,2.534,9103326.0
2023-10-28 16:00:00,2.534,2.535,2.485,2.488,4812590.0
2023-10-28 20:00:00,2.487,2.527,2.477,2.494,3867233.0
2023-10-29 00:00:00,2.495,2.527,2.402,2.433,18401673.0
2023-10-29 04:00:00,2.434,2.448,2.417,2.436,3685382.0
2023-10-29 08:00:00,2.435,2.468,2.425,2.445,4376048.0
2023-10-29 12:00:00,2.445,2.486,2.445,2.467,4760800.0
2023-10-29 16:00:00,2.466,2.528,2.433,2.434,6778474.0
2023-10-29 20:00:00,2.434,2.458,2.427,2.437,4153980.0
2023-10-30 00:00:00,2.436,2.463,2.423,2.445,3832162.0
2023-10-30 04:00:00,2.445,2.474,2.422,2.438,4620740.0
2023-10-30 08:00:00,2.438,2.635,2.425,2.63,11046968.0
2023-10-30 12:00:00,2.631,2.726,2.616,2.704,13232566.0
2023-10-30 16:00:00,2.704,2.798,2.637,2.792,13169499.0
2023-10-30 20:00:00,2.792,2.829,2.747,2.748,11452944.0
2023-10-31 00:00:00,2.749,2.797,2.738,2.785,6222247.0
2023-10-31 04:00:00,2.786,2.917,2.778,2.846,19782965.0
2023-10-31 08:00:00,2.845,2.966,2.829,2.902,19107068.0
2023-10-31 12:00:00,2.902,2.937,2.798,2.844,18273545.0
2023-10-31 16:00:00,2.844,2.905,2.832,2.901,8076680.0
2023-10-31 20:00:00,2.902,2.961,2.892,2.934,7418030.0
2023-11-01 00:00:00,2.934,2.984,2.906,2.911,7365078.0
2023-11-01 04:00:00,2.911,2.968,2.867,2.962,7352964.0
2023-11-01 08:00:00,2.962,2.99,2.936,2.975,7139176.0
2023-11-01 12:00:00,2.975,3.116,2.865,2.904,23671864.0
2023-11-01 16:00:00,2.903,3.02,2.895,2.979,11406068.0
2023-11-01 20:00:00,2.98,3.067,2.941,2.96,8462388.0
2023-11-02 00:00:00,2.96,3.035,2.936,3.003,5776195.0
2023-11-02 04:00:00,3.004,3.006,2.871,2.895,8910825.0
2023-11-02 08:00:00,2.895,2.948,2.883,2.917,4866137.0
2023-11-02 12:00:00,2.917,2.928,2.787,2.794,11229855.0
2023-11-02 16:00:00,2.793,2.842,2.752,2.842,6961920.0
2023-11-02 20:00:00,2.842,2.846,2.79,2.806,3339790.0
2023-11-03 00:00:00,2.806,2.929,2.759,2.914,7978026.0
2023-11-03 04:00:00,2.914,2.99,2.884,2.955,7205192.0
2023-11-03 08:00:00,2.954,2.986,2.862,2.882,6362060.0
2023-11-03 12:00:00,2.882,3.22,2.878,3.195,19238688.0
2023-11-03 16:00:00,3.194,3.236,3.123,3.229,11274805.0
2023-11-03 20:00:00,3.228,3.48,3.207,3.364,23342561.0
2023-11-04 00:00:00,3.365,3.423,3.28,3.416,9767696.0
2023-11-04 04:00:00,3.417,3.445,3.342,3.424,7513869.0
2023-11-04 08:00:00,3.425,3.492,3.36,3.377,9037392.0
2023-11-04 12:00:00,3.377,3.4,3.286,3.347,7872582.0
2023-11-04 16:00:00,3.347,3.385,3.336,3.364,4076824.0
2023-11-04 20:00:00,3.364,3.444,3.357,3.408,3967327.0
2023-11-05 00:00:00,3.407,3.488,3.375,3.485,5931841.0
2023-11-05 04:00:00,3.484,3.557,3.316,3.373,12060778.0
2023-11-05 08:00:00,3.372,3.428,3.365,3.413,3936157.0
2023-11-05 12:00:00,3.413,3.441,3.303,3.325,6870641.0
2023-11-05 16:00:00,3.325,3.376,3.313,3.319,4307800.0
2023-11-05 20:00:00,3.32,3.374,3.227,3.352,4428289.0
2023-11-06 00:00:00,3.353,3.411,3.338,3.405,3182870.0
2023-11-06 04:00:00,3.406,3.416,3.298,3.35,3464613.0
2023-11-06 08:00:00,3.351,3.506,3.333,3.479,6039055.0
2023-11-06 12:00:00,3.48,3.579,3.463,3.548,9455091.0
2023-11-06 16:00:00,3.549,3.597,3.452,3.577,9666191.0
2023-11-06 20:00:00,3.577,3.578,3.5,3.555,4801690.0
2023-11-07 00:00:00,3.555,3.613,3.456,3.509,5967729.0
2023-11-07 04:00:00,3.509,3.562,3.401,3.446,7096929.0
2023-11-07 08:00:00,3.445,3.453,3.256,3.292,8193394.0
2023-11-07 12:00:00,3.291,3.32,3.156,3.219,8281776.0
2023-11-07 16:00:00,3.219,3.491,3.18,3.466,12334593.0
2023-11-07 20:00:00,3.465,3.506,3.375,3.387,7650396.0
2023-11-08 00:00:00,3.387,3.42,3.364,3.373,3117927.0
2023-11-08 04:00:00,3.373,3.379,3.299,3.324,4282700.0
2023-11-08 08:00:00,3.324,3.378,3.302,3.34,3166007.0
2023-11-08 12:00:00,3.34,3.355,3.275,3.307,3334204.0
2023-11-08 16:00:00,3.308,3.412,3.283,3.314,6091500.0
2023-11-08 20:00:00,3.315,3.365,3.3,3.332,3976745.0
2023-11-09 00:00:00,3.332,3.458,3.287,3.417,4466819.0
2023-11-09 04:00:00,3.417,3.544,3.372,3.499,6269302.0
2023-11-09 08:00:00,3.5,3.716,3.499,3.709,10238951.0
2023-11-09 12:00:00,3.709,4.033,3.678,3.914,24193578.0
2023-11-09 16:00:00,3.913,3.973,3.151,3.853,24163707.0
2023-11-09 20:00:00,3.852,3.945,3.688,3.931,7949885.0
2023-11-10 00:00:00,3.931,3.987,3.841,3.903,5642431.0
2023-11-10 04:00:00,3.904,3.932,3.803,3.818,4392177.0
2023-11-10 08:00:00,3.818,3.963,3.772,3.944,5484665.0
2023-11-10 12:00:00,3.945,4.089,3.845,4.0,11183128.0
2023-11-10 16:00:00,4.001,4.073,3.89,4.028,9403234.0
2023-11-10 20:00:00,4.029,4.082,4.011,4.015,3377432.0
2023-11-11 00:00:00,4.015,4.064,3.898,3.943,6679507.0
2023-11-11 04:00:00,3.943,4.077,3.908,4.036,3615616.0
2023-11-11 08:00:00,4.036,4.412,4.036,4.36,10546340.0
2023-11-11 12:00:00,4.36,4.73,4.325,4.649,15080613.0
2023-11-11 16:00:00,4.65,4.673,4.344,4.559,14062479.0
2023-11-11 20:00:00,4.557,4.84,4.506,4.73,12352547.0
2023-11-12 00:00:00,4.729,5.012,4.689,4.991,16671716.0
2023-11-12 04:00:00,4.991,5.396,4.89,5.361,15856349.0
2023-11-12 08:00:00,5.362,5.399,5.047,5.333,12972644.0
2023-11-12 12:00:00,5.333,5.395,4.924,5.176,15016727.0
2023-11-12 16:00:00,5.176,5.327,5.134,5.256,7652318.0
2023-11-12 20:00:00,5.257,5.359,5.107,5.143,7524163.0
2023-11-13 00:00:00,5.142,5.245,5.033,5.068,6589754.0
2023-11-13 04:00:00,5.068,5.27,5.041,5.233,4715752.0
2023-11-13 08:00:00,5.233,5.309,5.05,5.105,5397084.0
2023-11-13 12:00:00,5.104,5.109,4.804,4.934,11338955.0
2023-11-13 16:00:00,4.933,4.992,4.754,4.913,5249926.0
2023-11-13 20:00:00,4.912,4.941,4.755,4.825,4901597.0
2023-11-14 00:00:00,4.826,4.89,4.681,4.85,5493854.0
2023-11-14 04:00:00,4.85,5.061,4.79,5.029,4537087.0
2023-11-14 08:00:00,5.03,5.137,4.855,4.887,6531251.0
2023-11-14 12:00:00,4.886,5.224,4.802,5.011,11569977.0
2023-11-14 16:00:00,5.012,5.114,4.536,4.804,9006015.0
2023-11-14 20:00:00,4.803,4.952,4.792,4.906,3923725.0
2023-11-15 00:00:00,4.905,5.152,4.884,5.113,5495445.0
2023-11-15 04:00:00,5.113,5.6,5.113,5.575,10036500.0
2023-11-15 08:00:00,5.575,5.865,5.575,5.796,13526552.0
2023-11-15 12:00:00,5.795,5.983,5.702,5.951,9942908.0
2023-11-15 16:00:00,5.95,6.089,5.834,6.013,11429902.0
2023-11-15 20:00:00,6.012,6.198,5.874,6.086,15412267.0
2023-11-16 00:00:00,6.087,6.315,5.905,5.974,14373604.0
2023-11-16 04:00:00,5.974,6.68,5.917,6.376,10195443.0
2023-11-16 08:00:00,6.375,6.487,6.27,6.411,8574270.0
2023-11-16 12:00:00,6.411,6.679,6.157,6.545,15878087.0
2023-11-16 16:00:00,6.545,6.613,6.116,6.319,11934874.0
2023-11-16 20:00:00,6.319,6.366,5.703,5.879,12247182.0
2023-11-17 00:00:00,5.879,6.449,5.768,6.298,10694426.0
2023-11-17 04:00:00,6.299,6.4,6.06,6.099,6290040.0
2023-11-17 08:00:00,6.1,6.15,5.885,5.985,5937895.0
2023-11-17 12:00:00,5.985,6.279,5.784,5.866,11015491.0
2023-11-17 16:00:00,5.865,6.344,5.838,6.207,8532859.0
2023-11-17 20:00:00,6.207,6.53,6.171,6.449,5367620.0
2023-11-18 00:00:00,6.449,6.45,6.088,6.116,4929864.0
2023-11-18 04:00:00,6.116,6.179,5.851,5.966,5919801.0
2023-11-18 08:00:00,5.965,6.285,5.837,6.169,7867289.0
2023-11-18 12:00:00,6.169,6.274,6.036,6.25,6227919.0
2023-11-18 16:00:00,6.249,6.363,6.015,6.049,7016824.0
2023-11-18 20:00:00,6.05,6.054,5.628,5.764,8681000.0
2023-11-19 00:00:00,5.764,5.767,5.097,5.238,22542270.0
2023-11-19 04:00:00,5.239,5.661,5.189,5.596,11313164.0
2023-11-19 08:00:00,5.596,5.618,5.384,5.45,6997887.0
2023-11-19 12:00:00,5.45,5.466,5.344,5.418,5589319.0
2023-11-19 16:00:00,5.418,5.577,5.369,5.553,5579073.0
2023-11-19 20:00:00,5.554,5.608,5.443,5.559,5258486.0
2023-11-20 00:00:00,5.56,5.566,5.385,5.406,4416332.0
2023-11-20 04:00:00,5.407,5.443,5.283,5.377,4261770.0
2023-11-20 08:00:00,5.378,5.516,5.368,5.414,5070184.0
2023-11-20 12:00:00,5.413,5.521,5.25,5.469,6714035.0
2023-11-20 16:00:00,5.47,5.53,5.308,5.368,6087382.0
2023-11-20 20:00:00,5.369,5.412,5.257,5.265,4438056.0
2023-11-21 00:00:00,5.265,5.325,5.124,5.172,5679274.0
2023-11-21 04:00:00,5.172,5.291,5.153,5.247,3840297.0
2023-11-21 08:00:00,5.247,5.542,5.247,5.444,6950921.0
2023-11-21 12:00:00,5.444,5.599,5.217,5.377,14116460.0
2023-11-21 16:00:00,5.377,5.442,5.001,5.199,13664022.0
2023-11-21 20:00:00,5.2,5.366,4.884,4.885,9116781.0
2023-11-22 00:00:00,4.884,5.464,4.861,5.426,8645800.0
2023-11-22 04:00:00,5.426,5.69,5.366,5.623,8241882.0
2023-11-22 08:00:00,5.622,5.838,5.58,5.703,8329283.0
2023-11-22 12:00:00,5.702,5.894,5.679,5.846,7654758.0
2023-11-22 16:00:00,5.846,6.0,5.712,5.963,8009693.0
2023-11-22 20:00:00,5.962,6.0,5.786,5.787,5040484.0
2023-11-23 00:00:00,5.788,5.941,5.778,5.904,4241246.0
2023-11-23 04:00:00,5.905,5.929,5.812,5.861,2285202.0
2023-11-23 08:00:00,5.861,6.096,5.821,5.922,6464521.0
2023-11-23 12:00:00,5.923,5.975,5.66,5.669,5703416.0
2023-11-23 16:00:00,5.669,5.725,5.641,5.663,3407753.0
2023-11-23 20:00:00,5.664,5.712,5.462,5.474,3550857.0
2023-11-24 00:00:00,5.475,5.75,5.409,5.636,5715902.0
2023-11-24 04:00:00,5.637,5.656,5.563,5.634,2648763.0
2023-11-24 08:00:00,5.634,5.727,5.522,5.538,6281371.0
2023-11-24 12:00:00,5.539,5.546,5.338,5.491,8086072.0
2023-11-24 16:00:00,5.491,5.563,5.364,5.406,4487618.0
2023-11-24 20:00:00,5.406,5.466,5.369,5.437,2515674.0
2023-11-25 00:00:00,5.437,5.523,5.352,5.443,3941292.0
2023-11-25 04:00:00,5.443,5.445,5.37,5.392,2223286.0
2023-11-25 08:00:00,5.392,5.468,5.251,5.291,3413512.0
2023-11-25 12:00:00,5.292,5.369,5.221,5.365,3209879.0
2023-11-25 16:00:00,5.366,5.44,5.348,5.413,1917613.0
2023-11-25 20:00:00,5.412,5.455,5.382,5.444,1329794.0
2023-11-26 00:00:00,5.444,5.562,5.372,5.397,3053842.0
2023-11-26 04:00:00,5.398,5.529,5.347,5.384,2572472.0
2023-11-26 08:00:00,5.385,5.409,5.338,5.342,2354814.0
2023-11-26 12:00:00,5.342,5.415,5.228,5.252,3896420.0
2023-11-26 16:00:00,5.253,5.339,5.15,5.335,3564433.0
2023-11-26 20:00:00,5.335,5.363,5.256,5.258,1675840.0
2023-11-27 00:00:00,5.259,5.303,5.216,5.25,2118354.0
2023-11-27 04:00:00,5.25,5.43,5.246,5.372,4651786.0
2023-11-27 08:00:00,5.373,5.478,5.297,5.408,4880744.0
2023-11-27 12:00:00,5.408,5.514,5.232,5.242,6382065.0
2023-11-27 16:00:00,5.242,5.439,5.225,5.27,5003381.0
2023-11-27 20:00:00,5.269,5.509,5.168,5.475,6307845.0
2023-11-28 00:00:00,5.475,5.629,5.453,5.54,7003525.0
2023-11-28 04:00:00,5.54,5.596,5.267,5.358,7415377.0
2023-11-28 08:00:00,5.358,5.531,5.319,5.51,3904947.0
2023-11-28 12:00:00,5.511,5.814,5.484,5.782,7765340.0
2023-11-28 16:00:00,5.782,6.15,5.782,6.09,13022385.0
2023-11-28 20:00:00,6.09,6.121,5.928,5.998,4240655.0
2023-11-29 00:00:00,5.997,6.142,5.96,6.091,4429215.0
2023-11-29 04:00:00,6.092,6.208,6.031,6.175,4164289.0
2023-11-29 08:00:00,6.175,6.49,6.151,6.406,10443720.0
2023-11-29 12:00:00,6.406,6.44,6.167,6.318,9926026.0
2023-11-29 16:00:00,6.317,6.487,6.265,6.399,6012390.0
2023-11-29 20:00:00,6.4,6.411,6.268,6.369,4140156.0
2023-11-30 00:00:00,6.368,6.549,6.295,6.463,6103877.0
2023-11-30 04:00:00,6.462,6.519,6.295,6.334,5755230.0
2023-11-30 08:00:00,6.334,6.53,6.286,6.527,4894246.0
2023-11-30 12:00:00,6.527,6.678,6.433,6.484,8259526.0
2023-11-30 16:00:00,6.484,6.65,6.254,6.63,10928190.0
2023-11-30 20:00:00,6.631,6.652,6.423,6.456,4707784.0
2023-12-01 00:00:00,6.456,6.524,6.36,6.464,3858302.0
2023-12-01 04:00:00,6.465,6.566,6.361,6.404,3973174.0
2023-12-01 08:00:00,6.405,6.668,6.395,6.526,5422182.0
2023-12-01 12:00:00,6.526,6.539,6.287,6.302,6261869.0
2023-12-01 16:00:00,6.303,6.471,6.276,6.433,4584830.0
2023-12-01 20:00:00,6.434,6.502,6.399,6.453,2039221.0
2023-12-02 00:00:00,6.454,6.641,6.423,6.492,4988317.0
2023-12-02 04:00:00,6.491,6.629,6.403,6.612,4335287.0
2023-12-02 08:00:00,6.613,7.087,6.612,7.012,11119404.0
2023-12-02 12:00:00,7.012,7.299,6.994,7.141,9135090.0
2023-12-02 16:00:00,7.14,7.286,7.098,7.192,5658603.0
2023-12-02 20:00:00,7.192,7.222,6.977,7.095,5926744.0
2023-12-03 00:00:00,7.094,7.211,7.065,7.108,3595565.0
2023-12-03 04:00:00,7.108,7.186,7.055,7.121,2441358.0
2023-12-03 08:00:00,7.12,7.14,7.0,7.019,2630295.0
2023-12-03 12:00:00,7.019,7.019,6.85,6.88,4746898.0
2023-12-03 16:00:00,6.879,6.99,6.877,6.963,1942368.0
2023-12-03 20:00:00,6.963,7.104,6.933,6.974,3442851.0
2023-12-04 00:00:00,6.975,7.196,6.95,7.142,4274049.0
2023-12-04 04:00:00,7.142,7.313,6.891,6.938,6218694.0
2023-12-04 08:00:00,6.938,6.99,6.469,6.706,12692393.0
2023-12-04 12:00:00,6.707,6.804,6.456,6.52,8664299.0
2023-12-04 16:00:00,6.521,6.67,6.519,6.659,3610296.0
2023-12-04 20:00:00,6.658,6.73,6.607,6.711,2336922.0
2023-12-05 00:00:00,6.711,6.79,6.519,6.563,4876125.0
2023-12-05 04:00:00,6.564,6.641,6.35,6.436,4099756.0
2023-12-05 08:00:00,6.436,6.463,6.224,6.331,5782407.0
2023-12-05 12:00:00,6.331,6.426,6.217,6.396,4494603.0
2023-12-05 16:00:00,6.395,6.594,6.34,6.483,5932710.0
2023-12-05 20:00:00,6.483,6.576,6.411,6.561,2772797.0
2023-12-06 00:00:00,6.562,6.727,6.522,6.647,4192222.0
2023-12-06 04:00:00,6.647,6.877,6.509,6.827,7220827.0
2023-12-06 08:00:00,6.827,6.882,6.555,6.704,6463743.0
2023-12-06 12:00:00,6.705,6.774,6.46,6.478,4942129.0
2023-12-06 16:00:00,6.477,6.582,6.451,6.525,2931595.0
2023-12-06 20:00:00,6.526,6.561,6.314,6.357,2822914.0
2023-12-07 00:00:00,6.358,6.45,6.352,6.392,2058883.0
2023-12-07 04:00:00,6.392,6.524,6.385,6.461,2459714.0
2023-12-07 08:00:00,6.461,6.476,6.188,6.279,4814711.0
2023-12-07 12:00:00,6.279,6.566,6.245,6.538,3477677.0
2023-12-07 16:00:00,6.538,6.613,6.4,6.431,2903712.0
2023-12-07 20:00:00,6.43,6.546,6.423,6.526,1603918.0
2023-12-08 00:00:00,6.526,6.653,6.526,6.604,2607908.0
2023-12-08 04:00:00,6.606,6.722,6.524,6.559,3153697.0
2023-12-08 08:00:00,6.559,6.708,6.488,6.684,2524784.0
2023-12-08 12:00:00,6.683,6.7,6.321,6.378,5511888.0
2023-12-08 16:00:00,6.378,6.446,6.358,6.424,1962010.0
2023-12-08 20:00:00,6.423,6.561,6.418,6.498,2089220.0
2023-12-09 00:00:00,6.498,6.623,6.493,6.581,2820355.0
2023-12-09 04:00:00,6.581,6.676,6.531,6.65,2351585.0
2023-12-09 08:00:00,6.649,6.669,6.406,6.484,4060938.0
2023-12-09 12:00:00,6.484,6.514,6.33,6.4,3417146.0
2023-12-09 16:00:00,6.401,6.42,6.263,6.304,2870439.0
2023-12-09 20:00:00,6.303,6.378,6.069,6.143,4705539.0
2023-12-10 00:00:00,6.143,6.38,6.138,6.374,2674888.0
2023-12-10 04:00:00,6.374,6.498,6.352,6.429,4423958.0
2023-12-10 08:00:00,6.428,6.437,6.25,6.349,4402237.0
2023-12-10 12:00:00,6.35,6.45,6.33,6.421,2066588.0
2023-12-10 16:00:00,6.42,6.673,6.362,6.61,4820431.0
2023-12-10 20:00:00,6.611,6.688,6.535,6.605,2407159.0
2023-12-11 00:00:00,6.605,6.642,5.41,6.142,11540002.0
2023-12-11 04:00:00,6.142,6.174,5.941,5.974,4974894.0
2023-12-11 08:00:00,5.974,6.045,5.892,5.955,3802122.0
2023-12-11 12:00:00,5.955,5.995,5.768,5.841,4381468.0
2023-12-11 16:00:00,5.841,5.934,5.626,5.805,7142960.0
2023-12-11 20:00:00,5.805,5.891,5.728,5.871,2048620.0
2023-12-12 00:00:00,5.872,6.121,5.854,6.027,2900706.0
2023-12-12 04:00:00,6.028,6.049,5.869,6.003,2672028.0
2023-12-12 08:00:00,6.002,6.064,5.883,5.896,3030840.0
2023-12-12 12:00:00,5.896,5.974,5.748,5.795,4609649.0
2023-12-12 16:00:00,5.794,5.812,5.568,5.685,3862182.0
2023-12-12 20:00:00,5.685,5.748,5.608,5.722,2141570.0
2023-12-13 00:00:00,5.721,5.727,5.419,5.429,4519000.0
2023-12-13 04:00:00,5.43,5.479,5.355,5.441,3260865.0
2023-12-13 08:00:00,5.441,5.547,5.435,5.476,2023023.0
2023-12-13 12:00:00,5.475,5.798,5.463,5.77,4985263.0
2023-12-13 16:00:00,5.77,5.976,5.631,5.969,4280269.0
2023-12-13 20:00:00,5.969,6.291,5.805,5.856,9533030.0
2023-12-14 00:00:00,5.857,5.88,5.763,5.793,2184344.0
2023-12-14 04:00:00,5.793,5.888,5.774,5.846,1835134.0
2023-12-14 08:00:00,5.845,6.174,5.799,6.166,4275111.0
2023-12-14 12:00:00,6.166,6.174,5.75,5.895,5999832.0
2023-12-14 16:00:00,5.894,6.047,5.893,5.947,3128485.0
2023-12-14 20:00:00,5.946,5.959,5.866,5.887,2156013.0
2023-12-15 00:00:00,5.888,6.048,5.87,5.89,3082330.0
2023-12-15 04:00:00,5.889,5.91,5.805,5.829,2321175.0
2023-12-15 08:00:00,5.829,6.009,5.806,6.003,2733593.0
2023-12-15 12:00:00,6.004,6.044,5.815,5.865,4207106.0
2023-12-15 16:00:00,5.865,5.969,5.845,5.919,2432953.0
2023-12-15 20:00:00,5.919,5.931,5.655,5.693,3568069.0
2023-12-16 00:00:00,5.692,5.812,5.619,5.798,1999698.0
2023-12-16 04:00:00,5.797,5.827,5.745,5.785,1324716.0
2023-12-16 08:00:00,5.784,5.829,5.739,5.821,1299476.0
2023-12-16 12:00:00,5.821,5.859,5.785,5.834,1497718.0
2023-12-16 16:00:00,5.835,5.856,5.635,5.643,2592496.0
2023-12-16 20:00:00,5.644,5.681,5.591,5.626,1642063.0
2023-12-17 00:00:00,5.626,5.682,5.556,5.663,1911277.0
2023-12-17 04:00:00,5.662,5.678,5.575,5.585,1553145.0
2023-12-17 08:00:00,5.586,5.677,5.564,5.645,1424263.0
2023-12-17 12:00:00,5.645,5.667,5.551,5.642,2149196.0
2023-12-17 16:00:00,5.643,5.749,5.618,5.697,2399152.0
2023-12-17 20:00:00,5.698,5.738,5.48,5.5,2004765.0
2023-12-18 00:00:00,5.5,5.552,5.381,5.424,2553809.0
2023-12-18 04:00:00,5.424,5.471,5.359,5.381,1542046.0
2023-12-18 08:00:00,5.381,5.4,5.151,5.225,4310884.0
2023-12-18 12:00:00,5.225,5.363,5.134,5.287,3321129.0
2023-12-18 16:00:00,5.288,5.401,5.275,5.38,1611163.0
2023-12-18 20:00:00,5.381,5.53,5.342,5.524,1693490.0
2023-12-19 00:00:00,5.524,5.636,5.501,5.578,1448388.0
2023-12-19 04:00:00,5.579,5.599,5.539,5.554,984336.0
2023-12-19 08:00:00,5.555,5.572,5.369,5.418,1934663.0
2023-12-19 12:00:00,5.419,5.437,5.188,5.233,3181926.0
2023-12-19 16:00:00,5.233,5.275,5.052,5.159,3989312.0
2023-12-19 20:00:00,5.159,5.173,5.081,5.132,1940448.0
2023-12-20 00:00:00,5.131,5.178,5.107,5.16,1647533.0
2023-12-20 04:00:00,5.161,5.318,5.151,5.316,2746598.0
2023-12-20 08:00:00,5.316,5.356,5.257,5.279,1813835.0
2023-12-20 12:00:00,5.28,5.607,5.25,5.58,4786098.0
2023-12-20 16:00:00,5.58,5.596,5.45,5.489,2945229.0
2023-12-20 20:00:00,5.489,5.51,5.363,5.485,2567464.0
2023-12-21 00:00:00,5.484,5.507,5.421,5.479,1481285.0
2023-12-21 04:00:00,5.478,5.545,5.418,5.536,1477855.0
2023-12-21 08:00:00,5.537,5.587,5.283,5.426,4417241.0
2023-12-21 12:00:00,5.426,5.518,5.324,5.379,2907966.0
2023-12-21 16:00:00,5.379,5.415,5.3,5.337,2145285.0
2023-12-21 20:00:00,5.337,5.452,5.325,5.415,1844966.0
2023-12-22 00:00:00,5.416,5.529,5.381,5.46,1883821.0
2023-12-22 04:00:00,5.461,5.558,5.4,5.417,2695952.0
2023-12-22 08:00:00,5.416,5.501,5.347,5.488,2763863.0
2023-12-22 12:00:00,5.487,5.496,5.329,5.373,2478181.0
2023-12-22 16:00:00,5.373,5.426,5.262,5.318,2392688.0
2023-12-22 20:00:00,5.318,5.374,5.301,5.339,1196379.0
2023-12-23 00:00:00,5.34,5.365,5.152,5.174,2249188.0
2023-12-23 04:00:00,5.173,5.251,5.157,5.207,1197346.0
2023-12-23 08:00:00,5.207,5.226,5.126,5.14,2034108.0
2023-12-23 12:00:00,5.139,5.216,5.135,5.206,1731394.0
2023-12-23 16:00:00,5.207,5.269,5.193,5.243,1444949.0
2023-12-23 20:00:00,5.243,5.72,5.241,5.586,5684778.0
2023-12-24 00:00:00,5.586,6.063,5.388,6.029,8435170.0
2023-12-24 04:00:00,6.029,6.095,5.83,6.063,6254769.0
2023-12-24 08:00:00,6.063,6.328,5.985,6.312,10119206.0
2023-12-24 12:00:00,6.311,6.507,6.196,6.322,7952727.0
2023-12-24 16:00:00,6.322,6.472,6.281,6.396,4237399.0
2023-12-24 20:00:00,6.396,6.399,6.01,6.059,4833610.0
2023-12-25 00:00:00,6.058,6.152,5.951,6.111,3975708.0
2023-12-25 04:00:00,6.111,6.315,6.11,6.126,4257787.0
2023-12-25 08:00:00,6.126,6.179,6.002,6.016,3343651.0
2023-12-25 12:00:00,6.017,6.11,5.904,5.915,4958431.0
2023-12-25 16:00:00,5.915,5.93,5.556,5.738,8598610.0
2023-12-25 20:00:00,5.737,5.957,5.7,5.862,4591648.0
2023-12-26 00:00:00,5.861,5.87,5.69,5.716,2874799.0
2023-12-26 04:00:00,5.717,5.758,5.57,5.659,4607995.0
2023-12-26 08:00:00,5.659,5.676,5.502,5.619,4489290.0
2023-12-26 12:00:00,5.62,5.639,5.503,5.515,4108734.0
2023-12-26 16:00:00,5.515,5.535,5.18,5.381,7254347.0
2023-12-26 20:00:00,5.381,5.496,5.366,5.435,2145513.0
2023-12-27 00:00:00,5.434,5.455,5.246,5.282,2575066.0
2023-12-27 04:00:00,5.282,5.443,5.278,5.415,2265107.0
2023-12-27 08:00:00,5.415,5.714,5.402,5.711,3499609.0
2023-12-27 12:00:00,5.711,5.783,5.654,5.686,4594955.0
2023-12-27 16:00:00,5.686,5.719,5.581,5.616,2801928.0
2023-12-27 20:00:00,5.615,5.681,5.557,5.656,1830475.0
2023-12-28 00:00:00,5.656,5.82,5.645,5.697,3113759.0
2023-12-28 04:00:00,5.696,5.767,5.532,5.549,2830709.0
2023-12-28 08:00:00,5.55,5.622,5.484,5.608,2102262.0
2023-12-28 12:00:00,5.608,5.612,5.366,5.466,4071522.0
2023-12-28 16:00:00,5.466,5.539,5.447,5.529,1690755.0
2023-12-28 20:00:00,5.528,5.606,5.458,5.552,1737403.0
2023-12-29 00:00:00,5.553,5.59,5.415,5.516,2221535.0
2023-12-29 04:00:00,5.516,5.532,5.403,5.415,1184893.0
2023-12-29 08:00:00,5.415,5.642,5.403,5.571,2125854.0
2023-12-29 12:00:00,5.571,5.629,5.4,5.438,2602495.0
2023-12-29 16:00:00,5.438,5.461,5.288,5.365,3258092.0
2023-12-29 20:00:00,5.365,5.368,5.173,5.331,2016981.0
2023-12-30 00:00:00,5.331,5.384,5.276,5.314,1046031.0
2023-12-30 04:00:00,5.313,5.364,5.309,5.323,717989.0
2023-12-30 08:00:00,5.322,5.33,5.207,5.261,1567997.0
2023-12-30 12:00:00,5.261,5.33,5.251,5.322,1311993.0
2023-12-30 16:00:00,5.321,5.36,5.002,5.103,6337785.0
2023-12-30 20:00:00,5.102,5.277,5.092,5.245,4164595.0
2023-12-31 00:00:00,5.244,5.318,5.167,5.198,1941085.0
2023-12-31 04:00:00,5.198,5.305,5.186,5.28,1243317.0
2023-12-31 08:00:00,5.279,5.347,5.254,5.283,1383337.0
2023-12-31 12:00:00,5.283,5.343,5.247,5.257,1479081.0
2023-12-31 16:00:00,5.258,5.265,5.007,5.197,6598263.0
2023-12-31 20:00:00,5.197,5.251,5.0,5.163,4491066.0
2024-01-01 00:00:00,5.163,5.225,5.121,5.125,1241567.0
2024-01-01 04:00:00,5.125,5.166,5.053,5.136,1641953.0
2024-01-01 08:00:00,5.136,5.162,5.114,5.143,897517.0
2024-01-01 12:00:00,5.144,5.237,5.137,5.227,1582469.0
2024-01-01 16:00:00,5.228,5.363,5.226,5.316,2256119.0
2024-01-01 20:00:00,5.316,5.379,5.102,5.358,6546636.0
2024-01-02 00:00:00,5.357,5.839,5.357,5.83,5377927.0
2024-01-02 04:00:00,5.83,5.891,5.733,5.8,4932636.0
2024-01-02 08:00:00,5.8,5.95,5.773,5.826,4771129.0
2024-01-02 12:00:00,5.827,5.848,5.497,5.535,5164477.0
2024-01-02 16:00:00,5.534,5.646,5.422,5.599,4504875.0
2024-01-02 20:00:00,5.6,5.766,5.553,5.721,4174642.0
2024-01-03 00:00:00,5.721,5.906,5.695,5.896,2980589.0
2024-01-03 04:00:00,5.896,6.071,5.878,5.921,4955433.0
2024-01-03 08:00:00,5.922,6.177,5.716,5.806,6940152.0
2024-01-03 12:00:00,5.807,5.809,4.155,5.426,18349308.0
2024-01-03 16:00:00,5.426,5.605,5.282,5.374,5330244.0
2024-01-03 20:00:00,5.374,5.431,5.301,5.353,1801407.0
2024-01-04 00:00:00,5.353,5.375,5.22,5.346,2048184.0
2024-01-04 04:00:00,5.347,5.368,5.261,5.265,1866721.0
2024-01-04 08:00:00,5.266,5.302,5.18,5.278,2475027.0
2024-01-04 12:00:00,5.278,5.462,5.253,5.444,3013250.0
2024-01-04 16:00:00,5.443,5.453,5.338,5.401,2540961.0
2024-01-04 20:00:00,5.401,5.549,5.391,5.397,3115135.0
2024-01-05 00:00:00,5.397,5.435,5.1,5.186,3398596.0
2024-01-05 04:00:00,5.186,5.233,5.126,5.208,1936367.0
2024-01-05 08:00:00,5.208,5.27,5.084,5.105,2713278.0
2024-01-05 12:00:00,5.106,5.175,5.025,5.11,4077849.0
2024-01-05 16:00:00,5.109,5.166,5.007,5.129,2658261.0
2024-01-05 20:00:00,5.13,5.244,5.127,5.224,1808739.0
2024-01-06 00:00:00,5.225,5.238,5.113,5.161,1125728.0
2024-01-06 04:00:00,5.161,5.168,4.826,4.845,4093740.0
2024-01-06 08:00:00,4.845,4.933,4.792,4.923,2537678.0
2024-01-06 12:00:00,4.924,4.978,4.835,4.905,2634967.0
2024-01-06 16:00:00,4.905,4.99,4.896,4.917,1792975.0
2024-01-06 20:00:00,4.918,4.947,4.862,4.918,1371253.0
2024-01-07 00:00:00,4.917,4.966,4.876,4.908,1283484.0
2024-01-07 04:00:00,4.909,4.963,4.834,4.886,1505137.0
2024-01-07 08:00:00,4.886,4.909,4.821,4.879,1968892.0
2024-01-07 12:00:00,4.88,4.939,4.813,4.829,1976686.0
2024-01-07 16:00:00,4.829,4.844,4.753,4.817,1875131.0
2024-01-07 20:00:00,4.817,4.817,4.532,4.566,4342131.0
2024-01-08 00:00:00,4.567,4.58,4.27,4.459,9629572.0
2024-01-08 04:00:00,4.458,4.532,4.289,4.408,8221423.0
2024-01-08 08:00:00,4.408,4.67,4.393,4.629,4526926.0
2024-01-08 12:00:00,4.629,4.741,4.6,4.712,3651499.0
2024-01-08 16:00:00,4.712,4.968,4.659,4.961,3805970.0
2024-01-08 20:00:00,4.962,4.974,4.743,4.907,5555316.0
2024-01-09 00:00:00,4.908,5.022,4.811,4.944,3976823.0
2024-01-09 04:00:00,4.943,4.989,4.872,4.925,1903921.0
2024-01-09 08:00:00,4.924,4.981,4.844,4.906,2593302.0
2024-01-09 12:00:00,4.906,4.945,4.672,4.806,4457880.0
2024-01-09 16:00:00,4.806,4.828,4.749,4.783,1885763.0
2024-01-09 20:00:00,4.783,4.885,4.618,4.742,5716424.0
2024-01-10 00:00:00,4.741,4.802,4.73,4.781,1728631.0
2024-01-10 04:00:00,4.78,4.798,4.705,4.708,1112105.0
2024-01-10 08:00:00,4.709,4.779,4.641,4.702,2210755.0
2024-01-10 12:00:00,4.701,4.713,4.472,4.603,4250049.0
2024-01-10 16:00:00,4.602,4.818,4.563,4.795,3115368.0
2024-01-10 20:00:00,4.795,5.205,4.605,5.052,7361083.0
2024-01-11 00:00:00,5.051,5.095,4.971,5.077,2178250.0
2024-01-11 04:00:00,5.077,5.083,4.918,5.033,1853283.0
2024-01-11 08:00:00,5.032,5.365,5.016,5.355,5990864.0
2024-01-11 12:00:00,5.354,5.498,5.111,5.176,7463294.0
2024-01-11 16:00:00,5.176,5.213,5.064,5.168,2983724.0
2024-01-11 20:00:00,5.168,5.223,5.039,5.106,2354171.0
2024-01-12 00:00:00,5.106,5.127,4.812,4.96,5552335.0
2024-01-12 04:00:00,4.96,5.113,4.952,5.025,3104349.0
2024-01-12 08:00:00,5.024,5.063,4.935,5.035,2366172.0
2024-01-12 12:00:00,5.035,5.071,4.713,4.733,5525691.0
2024-01-12 16:00:00,4.732,4.772,4.428,4.66,11374557.0
2024-01-12 20:00:00,4.661,4.695,4.366,4.566,5128506.0
2024-01-13 00:00:00,4.565,4.584,4.44,4.505,2221584.0
2024-01-13 04:00:00,4.506,4.628,4.455,4.506,3087552.0
2024-01-13 08:00:00,4.507,4.554,4.48,4.502,2312476.0
2024-01-13 12:00:00,4.501,4.633,4.473,4.589,3664006.0
2024-01-13 16:00:00,4.589,4.675,4.558,4.634,2083284.0
2024-01-13 20:00:00,4.634,4.673,4.474,4.584,6743179.0
2024-01-14 00:00:00,4.583,4.676,4.577,4.593,3272390.0
2024-01-14 04:00:00,4.592,4.657,4.533,4.577,2062295.0
2024-01-14 08:00:00,4.577,4.633,4.544,4.597,1782444.0
2024-01-14 12:00:00,4.596,4.63,4.568,4.617,1607003.0
2024-01-14 16:00:00,4.618,4.631,4.509,4.52,1888307.0
2024-01-14 20:00:00,4.52,4.56,4.421,4.437,2320765.0
2024-01-15 00:00:00,4.437,4.586,4.428,4.569,1628239.0
2024-01-15 04:00:00,4.57,4.626,4.565,4.615,1238958.0
2024-01-15 08:00:00,4.614,4.624,4.56,4.615,1334219.0
2024-01-15 12:00:00,4.615,4.65,4.509,4.533,2218546.0
2024-01-15 16:00:00,4.533,4.649,4.519,4.607,1542986.0
2024-01-15 20:00:00,4.606,4.642,4.488,4.559,2438479.0
2024-01-16 00:00:00,4.558,4.595,4.533,4.594,956307.0
2024-01-16 04:00:00,4.593,4.597,4.553,4.584,873016.0
2024-01-16 08:00:00,4.585,4.719,4.573,4.697,2322458.0
2024-01-16 12:00:00,4.698,4.738,4.578,4.716,3503972.0
2024-01-16 16:00:00,4.716,4.736,4.653,4.705,1643423.0
2024-01-16 20:00:00,4.704,4.788,4.697,4.758,1675180.0
2024-01-17 00:00:00,4.758,4.843,4.75,4.76,1700204.0
2024-01-17 04:00:00,4.759,4.764,4.642,4.647,1803548.0
2024-01-17 08:00:00,4.648,4.725,4.616,4.678,1946992.0
2024-01-17 12:00:00,4.678,4.732,4.655,4.66,2160805.0
2024-01-17 16:00:00,4.661,4.687,4.604,4.61,1710760.0
2024-01-17 20:00:00,4.61,4.619,4.27,4.288,8010507.0
2024-01-18 00:00:00,4.287,4.29,4.18,4.269,6733500.0
2024-01-18 04:00:00,4.269,4.275,4.169,4.259,4259161.0
2024-01-18 08:00:00,4.26,4.266,4.111,4.151,5247486.0
2024-01-18 12:00:00,4.151,4.225,4.075,4.193,5447497.0
2024-01-18 16:00:00,4.193,4.195,3.928,3.959,8027588.0
2024-01-18 20:00:00,3.959,4.064,3.916,4.06,3997961.0
2024-01-19 00:00:00,4.061,4.069,3.984,4.047,3672853.0
2024-01-19 04:00:00,4.046,4.172,4.033,4.052,3807138.0
2024-01-19 08:00:00,4.052,4.164,4.047,4.161,2771207.0
2024-01-19 12:00:00,4.161,4.197,4.056,4.079,4115939.0
2024-01-19 16:00:00,4.079,4.226,3.919,4.197,7925174.0
2024-01-19 20:00:00,4.198,4.241,4.161,4.196,2436347.0
2024-01-20 00:00:00,4.197,4.209,4.113,4.133,1459113.0
2024-01-20 04:00:00,4.133,4.173,4.083,4.085,1629478.0
2024-01-20 08:00:00,4.086,4.151,4.064,4.084,2779951.0
2024-01-20 12:00:00,4.085,4.132,4.056,4.06,1967810.0
2024-01-20 16:00:00,4.06,4.097,4.041,4.077,1426820.0
2024-01-20 20:00:00,4.076,4.139,4.076,4.118,1369865.0
2024-01-21 00:00:00,4.118,4.195,4.095,4.175,1787823.0
2024-01-21 04:00:00,4.175,4.189,4.142,4.189,867049.0
2024-01-21 08:00:00,4.189,4.346,4.167,4.292,3902597.0
2024-01-21 12:00:00,4.292,4.343,4.232,4.25,3830229.0
2024-01-21 16:00:00,4.25,4.288,4.233,4.268,1450615.0
2024-01-21 20:00:00,4.269,4.285,4.199,4.206,1458408.0
2024-01-22 00:00:00,4.206,4.225,4.1,4.115,2905826.0
2024-01-22 04:00:00,4.114,4.168,4.052,4.141,2324257.0
2024-01-22 08:00:00,4.141,4.141,3.983,4.028,3427697.0
2024-01-22 12:00:00,4.027,4.099,3.949,4.017,3471638.0
2024-01-22 16:00:00,4.018,4.031,3.88,3.939,4016227.0
2024-01-22 20:00:00,3.94,4.03,3.916,3.936,2505928.0
2024-01-23 00:00:00,3.937,4.054,3.924,4.051,1690476.0
2024-01-23 04:00:00,4.051,4.088,3.971,4.012,2896753.0
2024-01-23 08:00:00,4.011,4.039,3.787,3.855,6267545.0
2024-01-23 12:00:00,3.856,3.918,3.745,3.875,5490533.0
2024-01-23 16:00:00,3.875,3.924,3.799,3.861,3098737.0
2024-01-23 20:00:00,3.861,3.984,3.852,3.982,1943893.0
2024-01-24 00:00:00,3.982,4.012,3.921,3.93,1575470.0
2024-01-24 04:00:00,3.93,4.036,3.925,4.02,1513993.0
2024-01-24 08:00:00,4.021,4.112,4.0,4.091,2477142.0
2024-01-24 12:00:00,4.091,4.108,4.02,4.069,2788443.0
2024-01-24 16:00:00,4.069,4.124,4.023,4.04,2375806.0
2024-01-24 20:00:00,4.04,4.092,4.007,4.081,1562192.0
2024-01-25 00:00:00,4.081,4.084,4.025,4.039,1326175.0
2024-01-25 04:00:00,4.039,4.05,3.984,4.048,1588216.0
2024-01-25 08:00:00,4.049,4.11,4.034,4.089,2388892.0
2024-01-25 12:00:00,4.09,4.107,3.975,4.001,2482072.0
2024-01-25 16:00:00,4.0,4.051,3.955,4.042,2268902.0
2024-01-25 20:00:00,4.043,4.06,4.021,4.033,1197897.0
2024-01-26 00:00:00,4.032,4.095,4.001,4.073,1635400.0
2024-01-26 04:00:00,4.073,4.136,4.073,4.089,1827636.0
2024-01-26 08:00:00,4.088,4.34,4.088,4.327,4632187.0
2024-01-26 12:00:00,4.326,4.34,4.251,4.32,3043592.0
2024-01-26 16:00:00,4.32,4.398,4.315,4.372,2892690.0
2024-01-26 20:00:00,4.371,4.394,4.315,4.33,1860388.0
2024-01-27 00:00:00,4.329,4.382,4.323,4.352,1161469.0
2024-01-27 04:00:00,4.352,4.384,4.27,4.295,1600437.0
2024-01-27 08:00:00,4.295,4.328,4.27,4.289,1599627.0
2024-01-27 12:00:00,4.29,4.314,4.259,4.301,1198127.0
2024-01-27 16:00:00,4.301,4.321,4.261,4.287,1211519.0
2024-01-27 20:00:00,4.287,4.311,4.283,4.308,972980.0
2024-01-28 00:00:00,4.309,4.398,4.306,4.396,1776875.0
2024-01-28 04:00:00,4.396,4.433,4.338,4.352,1687906.0
2024-01-28 08:00:00,4.353,4.43,4.344,4.379,1696994.0
2024-01-28 12:00:00,4.378,4.382,4.278,4.323,2506087.0
2024-01-28 16:00:00,4.323,4.345,4.221,4.239,1757511.0
2024-01-28 20:00:00,4.239,4.286,4.21,4.259,1418497.0
2024-01-29 00:00:00,4.258,4.318,4.236,4.295,1244929.0
2024-01-29 04:00:00,4.295,4.297,4.224,4.228,1368470.0
2024-01-29 08:00:00,4.228,4.321,4.223,4.286,1352584.0
2024-01-29 12:00:00,4.285,4.307,4.173,4.294,2355147.0
2024-01-29 16:00:00,4.294,4.402,4.277,4.383,3042295.0
2024-01-29 20:00:00,4.383,4.485,4.382,4.469,1965262.0
2024-01-30 00:00:00,4.469,4.6,4.435,4.58,3083232.0
2024-01-30 04:00:00,4.58,4.66,4.554,4.642,3597765.0
2024-01-30 08:00:00,4.641,4.738,4.614,4.727,4259814.0
2024-01-30 12:00:00,4.727,4.784,4.619,4.73,5883274.0
2024-01-30 16:00:00,4.729,4.75,4.662,4.725,3257887.0
2024-01-30 20:00:00,4.725,4.852,4.685,4.728,6023839.0
2024-01-31 00:00:00,4.729,4.752,4.605,4.653,4463782.0
2024-01-31 04:00:00,4.654,4.772,4.644,4.738,3663508.0
2024-01-31 08:00:00,4.739,4.752,4.62,4.705,4250434.0
2024-01-31 12:00:00,4.705,4.798,4.619,4.772,4775125.0
2024-01-31 16:00:00,4.773,4.947,4.756,4.863,7907951.0
2024-01-31 20:00:00,4.863,4.868,4.614,4.645,4487279.0
2024-02-01 00:00:00,4.644,4.668,4.456,4.512,3884199.0
2024-02-01 04:00:00,4.511,4.581,4.482,4.55,2215199.0
2024-02-01 08:00:00,4.55,4.566,4.434,4.443,2597551.0
2024-02-01 12:00:00,4.443,4.597,4.429,4.52,3144638.0
2024-02-01 16:00:00,4.521,4.615,4.477,4.609,2836438.0
2024-02-01 20:00:00,4.609,4.622,4.556,4.586,1536983.0
2024-02-02 00:00:00,4.586,4.655,4.57,4.579,1439091.0
2024-02-02 04:00:00,4.579,4.604,4.528,4.588,1717382.0
2024-02-02 08:00:00,4.587,4.603,4.541,4.571,1458537.0
2024-02-02 12:00:00,4.572,4.58,4.451,4.54,2762993.0
2024-02-02 16:00:00,4.541,4.567,4.367,4.398,3681615.0
2024-02-02 20:00:00,4.398,4.419,4.36,4.403,1360518.0
2024-02-03 00:00:00,4.403,4.428,4.387,4.412,1298145.0
2024-02-03 04:00:00,4.412,4.419,4.355,4.366,922023.0
2024-02-03 08:00:00,4.367,4.409,4.353,4.384,1029165.0
2024-02-03 12:00:00,4.383,4.394,4.303,4.335,1450061.0
2024-02-03 16:00:00,4.335,4.39,4.329,4.369,1247357.0
2024-02-03 20:00:00,4.369,4.395,4.341,4.351,921543.0
2024-02-04 00:00:00,4.351,4.421,4.32,4.389,1717671.0
2024-02-04 04:00:00,4.389,4.391,4.308,4.331,1310582.0
2024-02-04 08:00:00,4.332,4.378,4.308,4.369,1139117.0
2024-02-04 12:00:00,4.37,4.39,4.344,4.382,1398149.0
2024-02-04 16:00:00,4.383,4.405,4.312,4.323,1536546.0
2024-02-04 20:00:00,4.323,4.372,4.253,4.299,1752075.0
2024-02-05 00:00:00,4.299,4.312,4.225,4.309,1317841.0
2024-02-05 04:00:00,4.31,4.396,4.296,4.387,1114851.0
2024-02-05 08:00:00,4.388,4.438,4.361,4.438,1819341.0
2024-02-05 12:00:00,4.438,4.551,4.402,4.411,3584304.0
2024-02-05 16:00:00,4.411,4.458,4.386,4.443,1832030.0
2024-02-05 20:00:00,4.442,4.449,4.33,4.423,1719326.0
2024-02-06 00:00:00,4.423,4.448,4.384,4.418,1137929.0
2024-02-06 04:00:00,4.417,4.435,4.364,4.394,1092687.0
2024-02-06 08:00:00,4.394,4.433,4.359,4.392,2458691.0
2024-02-06 12:00:00,4.391,4.504,4.383,4.501,2802074.0
2024-02-06 16:00:00,4.5,4.524,4.459,4.489,1677739.0
2024-02-06 20:00:00,4.488,4.501,4.44,4.445,909987.0
2024-02-07 00:00:00,4.445,4.466,4.384,4.389,1223787.0
2024-02-07 04:00:00,4.388,4.4,4.356,4.386,1324874.0
2024-02-07 08:00:00,4.387,4.409,4.331,4.36,1495683.0
2024-02-07 12:00:00,4.359,4.43,4.355,4.415,2067885.0
2024-02-07 16:00:00,4.415,4.509,4.406,4.478,2016905.0
2024-02-07 20:00:00,4.478,4.582,4.478,4.576,1933432.0
2024-02-08 00:00:00,4.576,4.67,4.574,4.642,1807515.0
2024-02-08 04:00:00,4.642,4.667,4.608,4.627,1489360.0
2024-02-08 08:00:00,4.627,4.659,4.573,4.594,1770065.0
2024-02-08 12:00:00,4.594,4.778,4.577,4.764,2913687.0
2024-02-08 16:00:00,4.764,4.777,4.651,4.704,2795821.0
2024-02-08 20:00:00,4.704,4.863,4.7,4.791,3822350.0
2024-02-09 00:00:00,4.792,4.92,4.779,4.905,2581077.0
2024-02-09 04:00:00,4.906,5.096,4.901,5.08,4305594.0
2024-02-09 08:00:00,5.079,5.438,5.079,5.437,11229257.0
2024-02-09 12:00:00,5.437,5.505,5.313,5.376,13818816.0
2024-02-09 16:00:00,5.377,5.412,5.267,5.298,6745582.0
2024-02-09 20:00:00,5.299,5.318,5.234,5.257,2974818.0
2024-02-10 00:00:00,5.256,5.378,5.256,5.282,2809386.0
2024-02-10 04:00:00,5.282,5.292,5.172,5.182,2115503.0
2024-02-10 08:00:00,5.182,5.215,5.079,5.129,3919088.0
2024-02-10 12:00:00,5.13,5.131,5.069,5.098,2597174.0
2024-02-10 16:00:00,5.099,5.292,5.058,5.235,4443313.0
2024-02-10 20:00:00,5.236,5.258,5.096,5.109,2791149.0
2024-02-11 00:00:00,5.109,5.278,5.091,5.275,2121551.0
2024-02-11 04:00:00,5.275,5.291,5.221,5.271,2066694.0
2024-02-11 08:00:00,5.27,5.301,5.183,5.236,2278959.0
2024-02-11 12:00:00,5.236,5.251,5.138,5.188,2055513.0
2024-02-11 16:00:00,5.187,5.254,5.132,5.183,2859742.0
2024-02-11 20:00:00,5.182,5.204,5.136,5.174,1478315.0
2024-02-12 00:00:00,5.174,5.378,5.118,5.174,4863152.0
2024-02-12 04:00:00,5.175,5.236,5.078,5.2,2300629.0
2024-02-12 08:00:00,5.201,5.224,5.032,5.066,2650199.0
2024-02-12 12:00:00,5.065,5.341,5.042,5.316,3132975.0
2024-02-12 16:00:00,5.317,5.44,5.269,5.323,3971954.0
2024-02-12 20:00:00,5.323,5.474,5.323,5.417,2025042.0
2024-02-13 00:00:00,5.417,5.488,5.337,5.348,2050501.0
2024-02-13 04:00:00,5.348,5.418,5.322,5.344,1578363.0
2024-02-13 08:00:00,5.345,5.435,5.33,5.365,1457338.0
2024-02-13 12:00:00,5.365,5.377,5.105,5.154,4104509.0
2024-02-13 16:00:00,5.154,5.218,5.1,5.178,1853643.0
2024-02-13 20:00:00,5.179,5.244,5.168,5.221,1601125.0
2024-02-14 00:00:00,5.221,5.228,5.165,5.213,956888.0
2024-02-14 04:00:00,5.214,5.311,5.181,5.308,1120542.0
2024-02-14 08:00:00,5.308,5.617,5.289,5.611,4331706.0
2024-02-14 12:00:00,5.611,5.692,5.509,5.564,4094172.0
2024-02-14 16:00:00,5.564,5.573,5.469,5.554,2558282.0
2024-02-14 20:00:00,5.553,5.608,5.517,5.525,1520441.0
2024-02-15 00:00:00,5.524,5.631,5.519,5.599,2326393.0
2024-02-15 04:00:00,5.598,5.608,5.459,5.54,1882089.0
2024-02-15 08:00:00,5.539,5.588,5.5,5.551,1907958.0
2024-02-15 12:00:00,5.551,5.704,5.528,5.657,4440717.0
2024-02-15 16:00:00,5.658,5.797,5.586,5.732,4220087.0
2024-02-15 20:00:00,5.732,5.736,5.589,5.72,2515370.0
2024-02-16 00:00:00,5.72,5.894,5.72,5.892,2968452.0
2024-02-16 04:00:00,5.891,6.094,5.874,5.958,4644231.0
2024-02-16 08:00:00,5.959,6.066,5.802,5.923,5296995.0
2024-02-16 12:00:00,5.923,5.951,5.644,5.723,4752389.0
2024-02-16 16:00:00,5.723,5.78,5.645,5.661,1873222.0
2024-02-16 20:00:00,5.661,5.77,5.647,5.728,1189046.0
2024-02-17 00:00:00,5.729,5.873,5.701,5.807,2155735.0
2024-02-17 04:00:00,5.807,5.84,5.714,5.753,1561356.0
2024-02-17 08:00:00,5.753,5.785,5.485,5.55,3530427.0
2024-02-17 12:00:00,5.55,5.569,5.37,5.417,2857658.0
2024-02-17 16:00:00,5.416,5.514,5.39,5.408,1905282.0
2024-02-17 20:00:00,5.408,5.486,5.395,5.423,1417918.0
2024-02-18 00:00:00,5.423,5.493,5.389,5.48,1685433.0
2024-02-18 04:00:00,5.48,5.486,5.322,5.404,3083650.0
2024-02-18 08:00:00,5.404,5.506,5.378,5.502,2018442.0
2024-02-18 12:00:00,5.501,5.527,5.435,5.495,1816636.0
2024-02-18 16:00:00,5.496,5.555,5.48,5.526,1349785.0
2024-02-18 20:00:00,5.526,5.563,5.418,5.529,2097244.0
2024-02-19 00:00:00,5.528,5.575,5.477,5.519,1148136.0
2024-02-19 04:00:00,5.518,5.621,5.501,5.608,2121944.0
2024-02-19 08:00:00,5.607,5.618,5.48,5.515,1725983.0
2024-02-19 12:00:00,5.514,5.543,5.421,5.467,1829676.0
2024-02-19 16:00:00,5.467,5.493,5.375,5.402,2014892.0
2024-02-19 20:00:00,5.402,5.508,5.391,5.471,1578908.0
2024-02-20 00:00:00,5.472,5.499,5.351,5.355,1930469.0
2024-02-20 04:00:00,5.355,5.471,5.323,5.398,1691574.0
2024-02-20 08:00:00,5.399,5.415,5.22,5.403,3393954.0
2024-02-20 12:00:00,5.403,5.495,4.969,5.118,6261723.0
2024-02-20 16:00:00,5.118,5.202,4.952,5.201,3516751.0
2024-02-20 20:00:00,5.201,5.291,5.169,5.236,1345656.0
2024-02-21 00:00:00,5.236,5.251,5.152,5.196,1065069.0
2024-02-21 04:00:00,5.197,5.218,5.08,5.089,1207814.0
2024-02-21 08:00:00,5.09,5.139,4.966,4.988,2435309.0
2024-02-21 12:00:00,4.988,5.064,4.92,5.026,2834557.0
2024-02-21 16:00:00,5.026,5.104,4.921,5.018,2424344.0
2024-02-21 20:00:00,5.019,5.185,4.996,5.169,1332966.0
2024-02-22 00:00:00,5.169,5.177,5.027,5.103,1353084.0
2024-02-22 04:00:00,5.103,5.218,5.043,5.218,1235523.0
2024-02-22 08:00:00,5.218,5.278,5.173,5.203,1949283.0
2024-02-22 12:00:00,5.204,5.223,5.04,5.17,2580016.0
2024-02-22 16:00:00,5.17,5.182,5.1,5.137,1411233.0
2024-02-22 20:00:00,5.136,5.212,5.078,5.084,1463036.0
2024-02-23 00:00:00,5.084,5.139,5.014,5.054,1261996.0
2024-02-23 04:00:00,5.054,5.107,5.019,5.038,949513.0
2024-02-23 08:00:00,5.038,5.066,4.967,5.059,1350097.0
2024-02-23 12:00:00,5.059,5.173,5.001,5.053,2953394.0
2024-02-23 16:00:00,5.054,5.144,4.95,5.138,2540760.0
2024-02-23 20:00:00,5.138,5.235,5.129,5.182,1991991.0
2024-02-24 00:00:00,5.182,5.291,5.167,5.256,2708582.0
2024-02-24 04:00:00,5.257,5.343,5.256,5.336,1279143.0
2024-02-24 08:00:00,5.336,5.404,5.322,5.401,1509515.0
2024-02-24 12:00:00,5.401,5.445,5.392,5.396,1719636.0
2024-02-24 16:00:00,5.396,5.478,5.396,5.447,1442559.0
2024-02-24 20:00:00,5.447,5.458,5.405,5.411,879948.0
2024-02-25 00:00:00,5.412,5.46,5.402,5.417,1002675.0
2024-02-25 04:00:00,5.418,5.435,5.4,5.427,945922.0
2024-02-25 08:00:00,5.427,5.43,5.339,5.393,2141609.0
2024-02-25 12:00:00,5.393,5.424,5.363,5.367,1156453.0
2024-02-25 16:00:00,5.367,5.412,5.362,5.388,909034.0
2024-02-25 20:00:00,5.388,5.439,5.379,5.4,738342.0
2024-02-26 00:00:00,5.401,5.474,5.384,5.474,1233916.0
2024-02-26 04:00:00,5.474,5.55,5.441,5.505,1297895.0
2024-02-26 08:00:00,5.505,5.525,5.349,5.409,2240614.0
2024-02-26 12:00:00,5.41,5.634,5.357,5.628,2390136.0
2024-02-26 16:00:00,5.627,5.763,5.616,5.762,3132505.0
2024-02-26 20:00:00,5.761,5.825,5.736,5.791,1504245.0
2024-02-27 00:00:00,5.791,5.972,5.761,5.865,2601814.0
2024-02-27 04:00:00,5.863,5.998,5.854,5.918,1993024.0
2024-02-27 08:00:00,5.917,6.075,5.913,5.974,1977860.0
2024-02-27 12:00:00,5.974,6.074,5.816,5.854,3574179.0
2024-02-27 16:00:00,5.854,5.986,5.778,5.938,2304019.0
2024-02-27 20:00:00,5.937,6.007,5.89,5.987,1264340.0
2024-02-28 00:00:00,5.988,6.048,5.915,5.938,1315042.0
2024-02-28 04:00:00,5.938,6.281,5.93,6.253,2724973.0
2024-02-28 08:00:00,6.253,6.466,6.133,6.197,5353470.0
2024-02-28 12:00:00,6.197,6.277,6.077,6.144,3875956.0
2024-02-28 16:00:00,6.144,6.395,5.487,5.929,7925319.0
2024-02-28 20:00:00,5.929,6.125,5.831,6.12,2213305.0
2024-02-29 00:00:00,6.12,6.128,5.921,5.976,1911108.0
2024-02-29 04:00:00,5.976,6.152,5.943,6.081,1976280.0
2024-02-29 08:00:00,6.082,6.228,6.075,6.163,2708416.0
2024-02-29 12:00:00,6.162,6.2,6.058,6.105,2733547.0
2024-02-29 16:00:00,6.105,6.119,5.8,5.951,4926175.0
2024-02-29 20:00:00,5.95,5.998,5.623,5.75,3062369.0
2024-03-01 00:00:00,5.75,5.809,5.691,5.731,1783322.0
2024-03-01 04:00:00,5.732,5.784,5.705,5.717,1392316.0
2024-03-01 08:00:00,5.717,5.856,5.708,5.773,1877431.0
2024-03-01 12:00:00,5.773,5.875,5.633,5.656,2930951.0
2024-03-01 16:00:00,5.657,5.812,5.653,5.804,1987466.0
2024-03-01 20:00:00,5.805,5.847,5.78,5.793,1401470.0
2024-03-02 00:00:00,5.794,5.851,5.712,5.828,1814856.0
2024-03-02 04:00:00,5.827,5.85,5.743,5.801,1725364.0
2024-03-02 08:00:00,5.801,5.818,5.667,5.688,2379299.0
2024-03-02 12:00:00,5.689,5.737,5.637,5.695,2456317.0
2024-03-02 16:00:00,5.695,5.775,5.677,5.728,1666833.0
2024-03-02 20:00:00,5.728,5.772,5.648,5.768,1703089.0
2024-03-03 00:00:00,5.769,5.803,5.724,5.762,1703835.0
2024-03-03 04:00:00,5.762,5.865,5.26,5.52,5564304.0
2024-03-03 08:00:00,5.521,5.635,5.483,5.632,2500074.0
2024-03-03 12:00:00,5.632,5.702,5.622,5.666,1860407.0
2024-03-03 16:00:00,5.666,5.764,5.648,5.694,1746644.0
2024-03-03 20:00:00,5.693,5.752,5.624,5.648,1489293.0
2024-03-04 00:00:00,5.649,5.776,5.579,5.649,2438753.0
2024-03-04 04:00:00,5.649,5.695,5.6,5.684,1380836.0
2024-03-04 08:00:00,5.683,5.821,5.544,5.604,4234861.0
2024-03-04 12:00:00,5.603,5.679,5.515,5.564,3147045.0
2024-03-04 16:00:00,5.565,5.588,5.362,5.502,3872358.0
2024-03-04 20:00:00,5.503,5.639,5.45,5.577,2210912.0
2024-03-05 00:00:00,5.577,5.657,5.532,5.649,2183375.0
2024-03-05 04:00:00,5.649,5.77,5.455,5.602,4673712.0
2024-03-05 08:00:00,5.602,5.816,5.538,5.76,3536185.0
2024-03-05 12:00:00,5.76,5.932,5.627,5.675,6342359.0
2024-03-05 16:00:00,5.675,5.708,4.107,4.879,10502943.0
2024-03-05 20:00:00,4.881,5.15,4.772,5.102,6450681.0
2024-03-06 00:00:00,5.101,5.17,4.923,4.987,2917889.0
2024-03-06 04:00:00,4.987,5.343,4.987,5.338,3265942.0
2024-03-06 08:00:00,5.338,5.421,5.264,5.357,2612006.0
2024-03-06 12:00:00,5.358,5.382,5.103,5.202,5011638.0
2024-03-06 16:00:00,5.202,5.322,5.171,5.28,2639474.0
2024-03-06 20:00:00,5.28,5.336,5.249,5.291,1880888.0
2024-03-07 00:00:00,5.291,5.444,5.268,5.368,2989370.0
2024-03-07 04:00:00,5.368,5.486,5.295,5.45,3448649.0
2024-03-07 08:00:00,5.45,6.099,5.445,6.059,9695749.0
2024-03-07 12:00:00,6.06,6.219,5.895,6.216,8032983.0
2024-03-07 16:00:00,6.216,6.645,6.146,6.55,8891004.0
2024-03-07 20:00:00,6.551,7.0,6.484,6.976,8742560.0
2024-03-08 00:00:00,6.976,7.17,6.751,7.078,12579700.0
2024-03-08 04:00:00,7.079,7.991,7.072,7.772,21246219.0
2024-03-08 08:00:00,7.772,8.028,7.555,7.703,19447962.0
2024-03-08 12:00:00,7.704,7.729,7.056,7.321,13664422.0
2024-03-08 16:00:00,7.323,7.709,7.169,7.346,9573985.0
2024-03-08 20:00:00,7.347,7.389,7.153,7.266,4017874.0
2024-03-09 00:00:00,7.266,7.336,7.215,7.281,2901966.0
2024-03-09 04:00:00,7.281,7.488,7.208,7.429,4442484.0
2024-03-09 08:00:00,7.428,7.524,7.282,7.476,4727336.0
2024-03-09 12:00:00,7.477,7.671,7.375,7.536,4425799.0
2024-03-09 16:00:00,7.536,7.742,7.466,7.671,5036428.0
2024-03-09 20:00:00,7.67,8.388,7.666,8.271,6547732.0
2024-03-10 00:00:00,8.272,8.649,8.044,8.47,8151247.0
2024-03-10 04:00:00,8.47,8.928,8.401,8.783,6305028.0
2024-03-10 08:00:00,8.784,8.9,8.579,8.681,5103502.0
2024-03-10 12:00:00,8.68,8.697,8.188,8.292,5670794.0
2024-03-10 16:00:00,8.293,8.629,8.271,8.515,3541506.0
2024-03-10 20:00:00,8.515,8.645,8.3,8.591,2824255.0
2024-03-11 00:00:00,8.592,8.691,8.013,8.57,5838325.0
2024-03-11 04:00:00,8.569,9.307,8.558,9.259,6092660.0
2024-03-11 08:00:00,9.259,9.432,9.071,9.117,4479387.0
2024-03-11 12:00:00,9.114,9.335,8.941,9.008,4103500.0
2024-03-11 16:00:00,9.009,9.255,8.954,9.151,3902579.0
2024-03-11 20:00:00,9.151,10.041,9.123,9.966,6059808.0
2024-03-12 00:00:00,9.967,10.058,9.472,9.543,5672813.0
2024-03-12 04:00:00,9.543,9.783,9.467,9.735,3967979.0
2024-03-12 08:00:00,9.736,9.798,9.409,9.713,4667075.0
2024-03-12 12:00:00,9.715,10.45,9.56,9.899,11167963.0
2024-03-12 16:00:00,9.899,9.927,9.159,9.765,7435901.0
2024-03-12 20:00:00,9.765,10.492,9.672,10.462,4821703.0
2024-03-13 00:00:00,10.463,11.307,10.393,11.262,7846498.0
2024-03-13 04:00:00,11.261,11.404,10.972,10.976,6084406.0
2024-03-13 08:00:00,10.976,11.49,10.942,11.289,5525534.0
2024-03-13 12:00:00,11.29,11.358,10.745,10.793,6830187.0
2024-03-13 16:00:00,10.793,10.908,10.512,10.574,4369822.0
2024-03-13 20:00:00,10.576,10.727,10.442,10.61,2655641.0
2024-03-14 00:00:00,10.611,11.18,10.539,11.145,4310857.0
2024-03-14 04:00:00,11.145,11.202,10.463,10.487,4722983.0
2024-03-14 08:00:00,10.488,10.729,10.384,10.699,3722999.0
2024-03-14 12:00:00,10.7,10.764,10.011,10.059,6475393.0
2024-03-14 16:00:00,10.059,10.272,9.461,9.656,6253119.0
2024-03-14 20:00:00,9.655,10.346,9.651,10.29,4056473.0
2024-03-15 00:00:00,10.291,10.415,9.165,9.639,6667002.0
2024-03-15 04:00:00,9.639,9.698,9.321,9.456,4741501.0
2024-03-15 08:00:00,9.457,9.49,8.62,9.258,6971060.0
2024-03-15 12:00:00,9.257,9.365,9.104,9.276,3455886.0
2024-03-15 16:00:00,9.277,9.595,9.028,9.171,3920696.0
2024-03-15 20:00:00,9.167,9.353,8.838,9.323,3646653.0
2024-03-16 00:00:00,9.323,9.388,9.195,9.228,1906667.0
2024-03-16 04:00:00,9.228,9.298,8.995,9.29,2633375.0
2024-03-16 08:00:00,9.29,9.542,9.059,9.135,4610435.0
2024-03-16 12:00:00,9.136,9.15,8.645,9.024,5553111.0
2024-03-16 16:00:00,9.025,9.064,8.119,8.141,7566570.0
2024-03-16 20:00:00,8.142,8.322,7.998,8.181,3831730.0
2024-03-17 00:00:00,8.182,8.645,8.18,8.615,4380688.0
2024-03-17 04:00:00,8.615,8.617,7.874,8.122,4237825.0
2024-03-17 08:00:00,8.121,8.66,8.101,8.576,3380477.0
2024-03-17 12:00:00,8.575,8.942,8.269,8.876,5211699.0
2024-03-17 16:00:00,8.875,9.008,8.75,8.947,3103571.0
2024-03-17 20:00:00,8.947,9.066,8.874,8.974,2018979.0
2024-03-18 00:00:00,8.975,8.977,8.391,8.814,4503743.0
2024-03-18 04:00:00,8.815,9.006,8.735,8.772,2596560.0
2024-03-18 08:00:00,8.773,8.862,8.534,8.798,3373210.0
2024-03-18 12:00:00,8.797,8.915,8.19,8.354,5506958.0
2024-03-18 16:00:00,8.354,8.488,8.074,8.136,4047318.0
2024-03-18 20:00:00,8.137,8.35,8.137,8.233,1783992.0
2024-03-19 00:00:00,8.232,8.329,7.545,7.761,4882864.0
2024-03-19 04:00:00,7.761,7.842,7.329,7.673,5306073.0
2024-03-19 08:00:00,7.673,7.674,7.249,7.491,6181504.0
2024-03-19 12:00:00,7.491,8.0,7.386,7.993,6166419.0
2024-03-19 16:00:00,7.994,8.133,7.833,7.993,4943114.0
2024-03-19 20:00:00,7.993,8.009,7.266,7.408,4832772.0
2024-03-20 00:00:00,7.408,7.762,7.291,7.481,4591704.0
2024-03-20 04:00:00,7.482,7.924,7.167,7.811,6155574.0
2024-03-20 08:00:00,7.811,7.996,7.616,7.849,6397543.0
2024-03-20 12:00:00,7.849,8.029,7.469,7.609,6835262.0
2024-03-20 16:00:00,7.609,9.237,7.221,8.95,14423260.0
2024-03-20 20:00:00,8.946,9.484,8.925,9.388,7490725.0
2024-03-21 00:00:00,9.389,9.536,8.88,9.061,8685551.0
2024-03-21 04:00:00,9.061,9.08,8.644,8.662,4480838.0
2024-03-21 08:00:00,8.663,8.797,8.583,8.67,2982388.0
2024-03-21 12:00:00,8.671,8.71,8.45,8.565,3085948.0
2024-03-21 16:00:00,8.566,8.654,8.287,8.402,3738923.0
2024-03-21 20:00:00,8.4,8.541,8.308,8.417,2039393.0
2024-03-22 00:00:00,8.418,8.603,8.278,8.55,2443562.0
2024-03-22 04:00:00,8.55,8.818,8.514,8.656,3087992.0
2024-03-22 08:00:00,8.657,8.692,8.266,8.323,2905920.0
2024-03-22 12:00:00,8.322,8.405,7.841,8.096,4996301.0
2024-03-22 16:00:00,8.097,8.128,7.91,8.058,2617404.0
2024-03-22 20:00:00,8.06,8.104,7.845,8.099,2052912.0
2024-03-23 00:00:00,8.099,8.27,8.007,8.067,2045086.0
2024-03-23 04:00:00,8.066,8.339,8.049,8.298,1830763.0
2024-03-23 08:00:00,8.298,8.424,8.227,8.4,2062798.0
2024-03-23 12:00:00,8.4,8.569,8.288,8.388,2662703.0
2024-03-23 16:00:00,8.387,8.431,8.28,8.339,1814127.0
2024-03-23 20:00:00,8.338,8.362,8.062,8.078,1264612.0
2024-03-24 00:00:00,8.077,8.258,8.063,8.094,1438852.0
2024-03-24 04:00:00,8.095,8.224,8.045,8.223,1052568.0
2024-03-24 08:00:00,8.223,8.353,8.206,8.348,1238760.0
2024-03-24 12:00:00,8.349,8.543,8.327,8.474,1950576.0
2024-03-24 16:00:00,8.472,8.559,8.292,8.501,1825608.0
2024-03-24 20:00:00,8.501,8.8,8.472,8.748,1764525.0
2024-03-25 00:00:00,8.748,8.806,8.645,8.74,1496206.0
2024-03-25 04:00:00,8.74,8.849,8.657,8.68,1465732.0
2024-03-25 08:00:00,8.68,8.825,8.547,8.592,2137875.0
2024-03-25 12:00:00,8.592,9.196,8.583,9.143,3485388.0
2024-03-25 16:00:00,9.144,9.316,9.04,9.292,2738822.0
2024-03-25 20:00:00,9.292,9.328,9.014,9.066,1848148.0
2024-03-26 00:00:00,9.066,9.171,9.026,9.149,1369697.0
2024-03-26 04:00:00,9.15,9.383,9.109,9.242,2622036.0
2024-03-26 08:00:00,9.242,9.87,9.177,9.673,3878997.0
2024-03-26 12:00:00,9.672,9.88,9.377,9.636,4311922.0
2024-03-26 16:00:00,9.636,9.676,9.324,9.383,3059361.0
2024-03-26 20:00:00,9.383,9.599,9.282,9.515,1839272.0
2024-03-27 00:00:00,9.515,9.831,9.478,9.824,2259795.0
2024-03-27 04:00:00,9.824,9.936,9.541,9.574,3500005.0
2024-03-27 08:00:00,9.576,9.73,9.361,9.455,3500602.0
2024-03-27 12:00:00,9.454,9.788,9.085,9.177,5681537.0
2024-03-27 16:00:00,9.177,9.268,8.839,8.946,3306048.0
2024-03-27 20:00:00,8.946,9.023,8.866,8.909,1298780.0
2024-03-28 00:00:00,8.91,9.047,8.807,8.998,2401989.0
2024-03-28 04:00:00,8.997,9.27,8.901,9.216,2145955.0
2024-03-28 08:00:00,9.217,9.542,9.211,9.398,3215815.0
2024-03-28 12:00:00,9.398,9.585,9.242,9.378,3770104.0
2024-03-28 16:00:00,9.379,9.455,9.25,9.367,1458392.0
2024-03-28 20:00:00,9.367,9.432,9.224,9.286,1228170.0
2024-03-29 00:00:00,9.285,9.293,9.133,9.222,1467160.0
2024-03-29 04:00:00,9.222,9.274,9.034,9.058,1529367.0
2024-03-29 08:00:00,9.058,9.243,9.024,9.134,1586322.0
2024-03-29 12:00:00,9.134,9.169,8.775,8.831,2360168.0
2024-03-29 16:00:00,8.832,8.909,8.755,8.807,1335567.0
2024-03-29 20:00:00,8.808,8.811,8.668,8.757,1096356.0
2024-03-30 00:00:00,8.757,8.796,8.679,8.728,1082332.0
2024-03-30 04:00:00,8.728,8.853,8.72,8.721,1100452.0
2024-03-30 08:00:00,8.721,8.761,8.621,8.725,1208610.0
2024-03-30 12:00:00,8.726,8.733,8.568,8.582,1004101.0
2024-03-30 16:00:00,8.581,8.622,8.39,8.434,1621374.0
2024-03-30 20:00:00,8.433,8.442,8.36,8.392,854907.0
2024-03-31 00:00:00,8.391,8.528,8.384,8.485,747499.0
2024-03-31 04:00:00,8.484,8.652,8.471,8.65,831144.0
2024-03-31 08:00:00,8.65,8.666,8.581,8.636,579322.0
2024-03-31 12:00:00,8.635,8.659,8.558,8.566,596956.0
2024-03-31 16:00:00,8.567,8.714,8.553,8.708,707801.0
2024-03-31 20:00:00,8.709,8.748,8.615,8.723,840363.0
2024-04-01 00:00:00,8.723,8.723,8.616,8.652,732944.0
2024-04-01 04:00:00,8.652,8.692,8.082,8.434,3244310.0
2024-04-01 08:00:00,8.435,8.438,8.274,8.315,1324896.0
2024-04-01 12:00:00,8.315,8.427,7.967,7.991,2322321.0
2024-04-01 16:00:00,7.992,8.205,7.911,8.188,1801600.0
2024-04-01 20:00:00,8.188,8.246,8.148,8.202,804078.0
2024-04-02 00:00:00,8.201,8.204,7.561,7.781,2940034.0
2024-04-02 04:00:00,7.781,7.815,7.635,7.667,1865164.0
2024-04-02 08:00:00,7.667,7.695,7.354,7.452,3035908.0
2024-04-02 12:00:00,7.452,7.761,7.292,7.5,3752381.0
2024-04-02 16:00:00,7.501,7.686,7.46,7.646,1964190.0
2024-04-02 20:00:00,7.647,7.683,7.523,7.622,1045946.0
2024-04-03 00:00:00,7.622,7.661,7.289,7.646,2658970.0
2024-04-03 04:00:00,7.645,7.662,7.55,7.579,1137623.0
2024-04-03 08:00:00,7.579,7.781,7.533,7.666,2241086.0
2024-04-03 12:00:00,7.667,7.714,7.373,7.395,3155234.0
2024-04-03 16:00:00,7.395,7.475,7.214,7.255,2585213.0
2024-04-03 20:00:00,7.256,7.405,7.122,7.328,2126029.0
2024-04-04 00:00:00,7.328,7.464,7.293,7.312,1720690.0
2024-04-04 04:00:00,7.313,7.452,7.111,7.449,2608381.0
2024-04-04 08:00:00,7.449,7.61,7.442,7.543,2166697.0
2024-04-04 12:00:00,7.543,7.804,7.523,7.755,2609741.0
2024-04-04 16:00:00,7.756,7.948,7.697,7.795,2819532.0
2024-04-04 20:00:00,7.794,7.813,7.469,7.563,2838896.0
2024-04-05 00:00:00,7.564,7.565,7.26,7.363,1912124.0
2024-04-05 04:00:00,7.362,7.387,7.11,7.192,2093627.0
2024-04-05 08:00:00,7.191,7.299,7.018,7.029,3020796.0
2024-04-05 12:00:00,7.03,7.427,6.981,7.422,3252711.0
2024-04-05 16:00:00,7.421,7.514,7.35,7.431,1677940.0
2024-04-05 20:00:00,7.43,7.565,7.409,7.444,1541315.0
2024-04-06 00:00:00,7.443,7.503,7.388,7.439,1332441.0
2024-04-06 04:00:00,7.438,7.479,7.374,7.404,1203840.0
2024-04-06 08:00:00,7.403,7.515,7.314,7.332,1401253.0
2024-04-06 12:00:00,7.332,7.404,7.293,7.361,1214516.0
2024-04-06 16:00:00,7.36,7.488,7.344,7.452,1087606.0
2024-04-06 20:00:00,7.451,7.674,7.423,7.553,1487275.0
2024-04-07 00:00:00,7.552,7.643,7.508,7.522,1232220.0
2024-04-07 04:00:00,7.521,7.582,7.459,7.559,878939.0
2024-04-07 08:00:00,7.56,7.581,7.488,7.564,858557.0
2024-04-07 12:00:00,7.565,7.627,7.485,7.507,1437222.0
2024-04-07 16:00:00,7.507,7.592,7.366,7.396,2066809.0
2024-04-07 20:00:00,7.395,7.446,7.326,7.435,889126.0
2024-04-08 00:00:00,7.435,7.437,7.242,7.287,1322214.0
2024-04-08 04:00:00,7.288,7.592,7.241,7.547,1516380.0
2024-04-08 08:00:00,7.548,7.896,7.535,7.777,3218856.0
2024-04-08 12:00:00,7.777,7.871,7.616,7.662,2592942.0
2024-04-08 16:00:00,7.661,7.734,7.602,7.697,1107804.0
2024-04-08 20:00:00,7.697,7.895,7.672,7.787,1111993.0
2024-04-09 00:00:00,7.787,7.819,7.654,7.692,1198619.0
2024-04-09 04:00:00,7.692,7.779,7.522,7.579,1819211.0
2024-04-09 08:00:00,7.58,7.633,7.42,7.58,2115527.0
2024-04-09 12:00:00,7.58,7.769,7.238,7.378,3815566.0
2024-04-09 16:00:00,7.379,7.44,7.252,7.421,1582182.0
2024-04-09 20:00:00,7.42,7.462,7.318,7.365,958327.0
2024-04-10 00:00:00,7.365,7.441,7.122,7.32,2660314.0
2024-04-10 04:00:00,7.32,7.483,7.293,7.383,1345948.0
2024-04-10 08:00:00,7.384,7.386,7.154,7.26,1803841.0
2024-04-10 12:00:00,7.261,7.28,6.873,7.15,4097735.0
2024-04-10 16:00:00,7.15,7.46,7.14,7.458,2405890.0
2024-04-10 20:00:00,7.459,7.614,7.389,7.568,2022892.0
2024-04-11 00:00:00,7.568,7.683,7.517,7.526,2040322.0
2024-04-11 04:00:00,7.527,7.53,7.384,7.427,1813534.0
2024-04-11 08:00:00,7.427,7.438,7.124,7.144,2363047.0
2024-04-11 12:00:00,7.144,7.211,6.956,7.003,3325387.0
2024-04-11 16:00:00,7.003,7.227,6.95,7.215,2503465.0
2024-04-11 20:00:00,7.215,7.266,7.144,7.188,1165827.0
2024-04-12 00:00:00,7.188,7.28,7.178,7.276,933650.0
2024-04-12 04:00:00,7.277,7.306,7.178,7.195,1014331.0
2024-04-12 08:00:00,7.195,7.244,7.149,7.19,1026569.0
2024-04-12 12:00:00,7.19,7.19,6.801,6.828,3390959.0
2024-04-12 16:00:00,6.829,6.849,4.68,5.878,12311623.0
2024-04-12 20:00:00,5.878,5.974,5.757,5.841,2874365.0
2024-04-13 00:00:00,5.841,5.841,5.53,5.559,3671685.0
2024-04-13 04:00:00,5.559,5.69,5.482,5.633,3004101.0
2024-04-13 08:00:00,5.633,5.66,5.553,5.584,2058648.0
2024-04-13 12:00:00,5.584,5.684,5.523,5.573,2747353.0
2024-04-13 16:00:00,5.572,5.585,4.653,4.878,10662597.0
2024-04-13 20:00:00,4.879,5.035,4.12,4.949,13544384.0
2024-04-14 00:00:00,4.948,4.978,4.755,4.89,3914455.0
2024-04-14 04:00:00,4.89,5.293,4.883,5.275,3891349.0
2024-04-14 08:00:00,5.276,5.33,5.088,5.125,3465082.0
2024-04-14 12:00:00,5.125,5.188,5.0,5.125,3864214.0
2024-04-14 16:00:00,5.125,5.235,4.951,5.17,4896937.0
2024-04-14 20:00:00,5.17,5.441,5.045,5.401,3803785.0
2024-04-15 00:00:00,5.401,5.417,5.288,5.352,2419147.0
2024-04-15 04:00:00,5.351,5.636,5.26,5.585,3868303.0
2024-04-15 08:00:00,5.585,5.671,5.479,5.484,2874727.0
2024-04-15 12:00:00,5.484,5.565,5.201,5.342,5404604.0
2024-04-15 16:00:00,5.341,5.377,4.928,5.158,5583421.0
2024-04-15 20:00:00,5.159,5.205,5.032,5.171,2116895.0
2024-04-16 00:00:00,5.172,5.237,5.068,5.097,2721052.0
2024-04-16 04:00:00,5.097,5.267,4.961,5.217,3339533.0
2024-04-16 08:00:00,5.217,5.227,4.919,5.16,3924213.0
2024-04-16 12:00:00,5.161,5.162,4.884,4.908,4226863.0
2024-04-16 16:00:00,4.908,5.104,4.862,5.009,4019320.0
2024-04-16 20:00:00,5.008,5.168,4.996,5.092,1781774.0
2024-04-17 00:00:00,5.093,5.128,5.019,5.087,1833983.0
2024-04-17 04:00:00,5.087,5.203,5.062,5.092,2213456.0
2024-04-17 08:00:00,5.09,5.113,4.894,4.9,2165245.0
2024-04-17 12:00:00,4.9,4.941,4.617,4.669,5967073.0
2024-04-17 16:00:00,4.669,4.917,4.597,4.789,5054635.0
2024-04-17 20:00:00,4.79,4.85,4.735,4.759,2423018.0
2024-04-18 00:00:00,4.76,4.785,4.586,4.653,4608318.0
2024-04-18 04:00:00,4.653,4.668,4.375,4.399,4259282.0
2024-04-18 08:00:00,4.399,4.657,4.357,4.613,5024494.0
2024-04-18 12:00:00,4.613,4.789,4.488,4.749,6400311.0
2024-04-18 16:00:00,4.749,4.901,4.686,4.845,5823872.0
2024-04-18 20:00:00,4.845,4.926,4.816,4.888,2397891.0
2024-04-19 00:00:00,4.889,4.89,4.438,4.678,6884155.0
2024-04-19 04:00:00,4.678,5.253,4.672,5.088,8266525.0
2024-04-19 08:00:00,5.088,5.283,5.041,5.244,4770292.0
2024-04-19 12:00:00,5.243,5.39,5.171,5.34,5814631.0
2024-04-19 16:00:00,5.339,5.506,5.235,5.487,5872991.0
2024-04-19 20:00:00,5.487,5.488,5.267,5.377,3722474.0
2024-04-20 00:00:00,5.376,5.432,5.232,5.345,3726630.0
2024-04-20 04:00:00,5.344,5.422,5.314,5.319,2555498.0
2024-04-20 08:00:00,5.32,5.347,5.253,5.326,2521930.0
2024-04-20 12:00:00,5.325,5.614,5.317,5.574,2762571.0
2024-04-20 16:00:00,5.573,5.683,5.503,5.606,3719841.0
2024-04-20 20:00:00,5.606,5.67,5.585,5.642,1752948.0
2024-04-21 00:00:00,5.642,5.685,5.535,5.653,2368242.0
2024-04-21 04:00:00,5.652,5.862,5.622,5.831,2711503.0
2024-04-21 08:00:00,5.83,5.884,5.714,5.771,2761186.0
2024-04-21 12:00:00,5.77,5.8,5.589,5.696,3046870.0
2024-04-21 16:00:00,5.696,5.706,5.503,5.541,2880573.0
2024-04-21 20:00:00,5.54,5.673,5.525,5.61,1909560.0
2024-04-22 00:00:00,5.611,5.833,5.575,5.791,3430173.0
2024-04-22 04:00:00,5.791,5.985,5.778,5.825,3867392.0
2024-04-22 08:00:00,5.825,5.9,5.762,5.798,2750181.0
2024-04-22 12:00:00,5.798,5.863,5.676,5.738,3177327.0
2024-04-22 16:00:00,5.739,5.81,5.673,5.697,2550588.0
2024-04-22 20:00:00,5.697,5.763,5.662,5.683,1757926.0
2024-04-23 00:00:00,5.682,5.731,5.572,5.582,2414147.0
2024-04-23 04:00:00,5.582,5.638,5.482,5.525,2651719.0
2024-04-23 08:00:00,5.525,5.573,5.462,5.507,2549571.0
2024-04-23 12:00:00,5.506,5.753,5.472,5.673,4613824.0
2024-04-23 16:00:00,5.675,5.762,5.65,5.722,2748813.0
2024-04-23 20:00:00,5.723,5.723,5.601,5.687,2063065.0
2024-04-24 00:00:00,5.686,5.858,5.68,5.788,2865019.0
2024-04-24 04:00:00,5.788,5.866,5.773,5.807,2214996.0
2024-04-24 08:00:00,5.807,5.871,5.735,5.864,2186245.0
2024-04-24 12:00:00,5.863,5.892,5.516,5.552,4971554.0
2024-04-24 16:00:00,5.551,5.62,5.42,5.47,3228910.0
2024-04-24 20:00:00,5.47,5.493,5.312,5.386,2660648.0
2024-04-25 00:00:00,5.385,5.444,5.283,5.338,2372671.0
2024-04-25 04:00:00,5.339,5.419,5.257,5.328,2515890.0
2024-04-25 08:00:00,5.329,5.409,5.23,5.34,3325810.0
2024-04-25 12:00:00,5.34,5.544,5.264,5.53,4644428.0
2024-04-25 16:00:00,5.53,5.575,5.488,5.52,2792833.0
2024-04-25 20:00:00,5.52,5.603,5.493,5.505,1462845.0
2024-04-26 00:00:00,5.505,5.525,5.364,5.448,2836891.0
2024-04-26 04:00:00,5.449,5.498,5.393,5.414,1688321.0
2024-04-26 08:00:00,5.414,5.472,5.33,5.36,1802206.0
2024-04-26 12:00:00,5.36,5.489,5.287,5.363,3953415.0
2024-04-26 16:00:00,5.363,5.446,5.326,5.408,1455726.0
2024-04-26 20:00:00,5.407,5.444,5.308,5.321,1384771.0
2024-04-27 00:00:00,5.321,5.346,5.002,5.091,4088426.0
2024-04-27 04:00:00,5.09,5.131,5.004,5.006,1754508.0
2024-04-27 08:00:00,5.006,5.03,4.925,5.007,2812889.0
2024-04-27 12:00:00,5.008,5.087,4.989,5.01,2151348.0
2024-04-27 16:00:00,5.009,5.182,4.992,5.136,2907598.0
2024-04-27 20:00:00,5.136,5.193,5.071,5.131,2053781.0
2024-04-28 00:00:00,5.131,5.304,5.131,5.265,1762863.0
2024-04-28 04:00:00,5.265,5.271,5.195,5.222,1290970.0
2024-04-28 08:00:00,5.222,5.236,5.14,5.152,1554558.0
2024-04-28 12:00:00,5.153,5.235,5.147,5.201,1228771.0
2024-04-28 16:00:00,5.201,5.273,5.187,5.205,1233707.0
2024-04-28 20:00:00,5.205,5.232,5.08,5.109,1665800.0
2024-04-29 00:00:00,5.109,5.171,5.024,5.026,1924270.0
2024-04-29 04:00:00,5.026,5.089,4.932,4.979,2294905.0
2024-04-29 08:00:00,4.979,5.014,4.938,4.947,1627673.0
2024-04-29 12:00:00,4.947,5.049,4.903,5.04,3137903.0
2024-04-29 16:00:00,5.039,5.057,4.962,5.006,1836650.0
2024-04-29 20:00:00,5.006,5.145,4.959,5.105,2374619.0
2024-04-30 00:00:00,5.105,5.193,5.0,5.058,2548465.0
2024-04-30 04:00:00,5.058,5.069,4.975,4.991,1755800.0
2024-04-30 08:00:00,4.991,4.999,4.733,4.756,4407480.0
2024-04-30 12:00:00,4.756,4.795,4.671,4.727,3794566.0
2024-04-30 16:00:00,4.727,4.734,4.6,4.622,3858418.0
2024-04-30 20:00:00,4.622,4.86,4.622,4.832,2726349.0
2024-05-01 00:00:00,4.831,4.873,4.756,4.872,2921928.0
2024-05-01 04:00:00,4.871,4.889,4.571,4.616,4618860.0
2024-05-01 08:00:00,4.616,4.797,4.501,4.797,4357537.0
2024-05-01 12:00:00,4.796,4.848,4.691,4.727,3518998.0
2024-05-01 16:00:00,4.727,5.006,4.639,4.75,6782373.0
2024-05-01 20:00:00,4.75,4.875,4.717,4.848,2908824.0
2024-05-02 00:00:00,4.847,4.885,4.686,4.743,2778974.0
2024-05-02 04:00:00,4.744,4.845,4.716,4.817,2312225.0
2024-05-02 08:00:00,4.818,4.998,4.807,4.997,3831489.0
2024-05-02 12:00:00,4.996,5.065,4.904,5.029,4439004.0
2024-05-02 16:00:00,5.029,5.034,4.925,4.969,3056609.0
2024-05-02 20:00:00,4.969,5.015,4.892,4.939,2182926.0
2024-05-03 00:00:00,4.939,5.066,4.895,5.027,2533407.0
2024-05-03 04:00:00,5.027,5.041,4.883,4.9,1905036.0
2024-05-03 08:00:00,4.902,4.971,4.877,4.931,1873040.0
2024-05-03 12:00:00,4.931,5.335,4.916,5.314,5623545.0
2024-05-03 16:00:00,5.314,5.36,5.209,5.238,2336278.0
2024-05-03 20:00:00,5.238,5.368,5.223,5.312,1986880.0
2024-05-04 00:00:00,5.311,5.412,5.293,5.325,2156732.0
2024-05-04 04:00:00,5.324,5.354,5.277,5.296,1429628.0
2024-05-04 08:00:00,5.295,5.448,5.273,5.35,2338657.0
2024-05-04 12:00:00,5.351,5.373,5.247,5.283,2359250.0
2024-05-04 16:00:00,5.284,5.346,5.236,5.337,1914822.0
2024-05-04 20:00:00,5.338,5.358,5.264,5.277,1087733.0
2024-05-05 00:00:00,5.278,5.302,5.161,5.208,2038189.0
2024-05-05 04:00:00,5.208,5.277,5.182,5.257,1102500.0
2024-05-05 08:00:00,5.258,5.301,5.22,5.258,1096829.0
2024-05-05 12:00:00,5.257,5.339,5.222,5.32,1852876.0
2024-05-05 16:00:00,5.32,5.338,5.223,5.253,1471457.0
2024-05-05 20:00:00,5.253,5.253,5.194,5.215,1089262.0
2024-05-06 00:00:00,5.215,5.277,5.164,5.235,1400589.0
2024-05-06 04:00:00,5.235,5.474,5.228,5.444,4061597.0
2024-05-06 08:00:00,5.444,5.606,5.402,5.491,4914967.0
2024-05-06 12:00:00,5.49,5.516,5.225,5.363,4978574.0
2024-05-06 16:00:00,5.365,5.387,5.289,5.347,2521746.0
2024-05-06 20:00:00,5.347,5.419,5.325,5.365,1590609.0
2024-05-07 00:00:00,5.365,5.529,5.329,5.391,3542564.0
2024-05-07 04:00:00,5.39,5.429,5.28,5.344,2865224.0
2024-05-07 08:00:00,5.344,5.57,5.256,5.264,5702558.0
2024-05-07 12:00:00,5.265,5.431,5.201,5.367,7021891.0
2024-05-07 16:00:00,5.366,5.385,5.231,5.286,2286604.0
2024-05-07 20:00:00,5.286,5.355,5.248,5.289,2860958.0
2024-05-08 00:00:00,5.288,5.464,5.285,5.459,3419824.0
2024-05-08 04:00:00,5.458,5.512,5.338,5.444,4622609.0
2024-05-08 08:00:00,5.444,5.712,5.411,5.656,8573032.0
2024-05-08 12:00:00,5.655,5.925,5.537,5.853,15247082.0
2024-05-08 16:00:00,5.852,5.955,5.783,5.792,6609856.0
2024-05-08 20:00:00,5.792,5.824,5.63,5.713,4574258.0
2024-05-09 00:00:00,5.713,5.909,5.698,5.891,3697261.0
2024-05-09 04:00:00,5.891,6.084,5.849,6.018,6538657.0
2024-05-09 08:00:00,6.018,6.107,5.887,5.989,8230329.0
2024-05-09 12:00:00,5.99,6.306,5.918,6.254,7637805.0
2024-05-09 16:00:00,6.255,6.376,6.066,6.221,7278807.0
2024-05-09 20:00:00,6.221,6.332,6.141,6.291,2917413.0
2024-05-10 00:00:00,6.291,6.391,6.271,6.343,3914505.0
2024-05-10 04:00:00,6.342,6.586,6.329,6.474,4743065.0
2024-05-10 08:00:00,6.473,6.492,6.36,6.408,3445092.0
2024-05-10 12:00:00,6.408,6.423,5.988,6.032,7442588.0
2024-05-10 16:00:00,6.031,6.077,5.94,5.998,3794898.0
2024-05-10 20:00:00,5.999,6.034,5.915,5.941,1688117.0
2024-05-11 00:00:00,5.942,6.061,5.914,5.976,2221673.0
2024-05-11 04:00:00,5.976,6.019,5.817,5.853,2516199.0
2024-05-11 08:00:00,5.853,5.86,5.714,5.769,4420918.0
2024-05-11 12:00:00,5.769,5.884,5.743,5.82,2783663.0
2024-05-11 16:00:00,5.82,5.859,5.781,5.851,1772739.0
2024-05-11 20:00:00,5.852,5.859,5.794,5.821,1290969.0
2024-05-12 00:00:00,5.821,5.984,5.812,5.884,2710976.0
2024-05-12 04:00:00,5.885,5.897,5.773,5.788,2047679.0
2024-05-12 08:00:00,5.788,6.201,5.77,6.195,5977255.0
2024-05-12 12:00:00,6.195,6.244,6.103,6.159,5205351.0
2024-05-12 16:00:00,6.159,6.263,6.096,6.133,3054890.0
2024-05-12 20:00:00,6.134,6.174,6.08,6.1,2107949.0
2024-05-13 00:00:00,6.1,6.193,5.823,5.877,5200691.0
2024-05-13 04:00:00,5.878,6.118,5.777,6.081,5897958.0
2024-05-13 08:00:00,6.08,6.136,5.971,6.076,4821073.0
2024-05-13 12:00:00,6.076,6.086,5.95,6.022,3117547.0
2024-05-13 16:00:00,6.023,6.035,5.848,5.933,3458595.0
2024-05-13 20:00:00,5.932,5.941,5.781,5.803,1610905.0
2024-05-14 00:00:00,5.803,5.822,5.691,5.7,2896556.0
2024-05-14 04:00:00,5.7,5.725,5.457,5.558,3966039.0
2024-05-14 08:00:00,5.558,5.65,5.488,5.642,3044867.0
2024-05-14 12:00:00,5.642,5.72,5.517,5.583,5310043.0
2024-05-14 16:00:00,5.584,5.586,5.426,5.487,3652147.0
2024-05-14 20:00:00,5.488,5.569,5.475,5.526,1533597.0
2024-05-15 00:00:00,5.526,5.626,5.464,5.602,2364401.0
2024-05-15 04:00:00,5.602,5.659,5.534,5.641,2797631.0
2024-05-15 08:00:00,5.641,5.691,5.534,5.617,3739693.0
2024-05-15 12:00:00,5.616,6.086,5.595,6.024,6855871.0
2024-05-15 16:00:00,6.024,6.312,6.006,6.298,4630235.0
2024-05-15 20:00:00,6.298,6.313,6.214,6.256,2476233.0
2024-05-16 00:00:00,6.256,6.399,6.253,6.388,3071820.0
2024-05-16 04:00:00,6.388,6.586,6.354,6.547,2965272.0
2024-05-16 08:00:00,6.546,6.679,6.416,6.665,5154146.0
2024-05-16 12:00:00,6.665,6.68,6.315,6.409,7354127.0
2024-05-16 16:00:00,6.408,6.498,6.303,6.479,3688251.0
2024-05-16 20:00:00,6.478,6.5,6.375,6.422,1959747.0
2024-05-17 00:00:00,6.423,6.591,6.405,6.542,2612640.0
2024-05-17 04:00:00,6.542,7.036,6.533,6.994,6524192.0
2024-05-17 08:00:00,6.993,7.088,6.877,6.898,4609556.0
2024-05-17 12:00:00,6.897,7.012,6.817,6.964,4106350.0
2024-05-17 16:00:00,6.962,6.979,6.692,6.798,3723557.0
2024-05-17 20:00:00,6.797,6.891,6.765,6.815,1661580.0
2024-05-18 00:00:00,6.815,6.887,6.792,6.821,1621575.0
2024-05-18 04:00:00,6.821,6.89,6.778,6.851,1817766.0
2024-05-18 08:00:00,6.85,6.912,6.779,6.803,1728617.0
2024-05-18 12:00:00,6.803,6.839,6.734,6.802,2616936.0
2024-05-18 16:00:00,6.801,6.878,6.771,6.875,1732406.0
2024-05-18 20:00:00,6.875,6.886,6.813,6.835,1053921.0
2024-05-19 00:00:00,6.835,6.846,6.76,6.777,1268286.0
2024-05-19 04:00:00,6.778,6.78,6.681,6.73,1250282.0
2024-05-19 08:00:00,6.729,6.792,6.651,6.766,2119556.0
2024-05-19 12:00:00,6.767,6.77,6.609,6.695,2859772.0
2024-05-19 16:00:00,6.695,6.722,6.587,6.609,2075365.0
2024-05-19 20:00:00,6.608,6.66,6.536,6.592,1121437.0
2024-05-20 00:00:00,6.592,6.815,6.48,6.748,4106440.0
2024-05-20 04:00:00,6.748,7.009,6.739,6.896,5320388.0
2024-05-20 08:00:00,6.895,6.968,6.78,6.807,2862683.0
2024-05-20 12:00:00,6.808,6.974,6.739,6.94,2624947.0
2024-05-20 16:00:00,6.939,7.271,6.907,7.161,4397892.0
2024-05-20 20:00:00,7.161,7.329,7.066,7.291,3666038.0
2024-05-21 00:00:00,7.29,7.347,7.019,7.058,2802929.0
2024-05-21 04:00:00,7.057,7.092,6.94,7.02,2023283.0
2024-05-21 08:00:00,7.02,7.02,6.916,6.924,2256654.0
2024-05-21 12:00:00,6.924,6.963,6.747,6.776,3424389.0
2024-05-21 16:00:00,6.776,6.869,6.609,6.669,2634745.0
2024-05-21 20:00:00,6.669,6.868,6.664,6.816,1962562.0
2024-05-22 00:00:00,6.815,6.837,6.725,6.737,1182349.0
2024-05-22 04:00:00,6.736,6.748,6.571,6.641,2325935.0
2024-05-22 08:00:00,6.641,6.71,6.574,6.576,1838193.0
2024-05-22 12:00:00,6.576,6.632,6.447,6.61,2902534.0
2024-05-22 16:00:00,6.611,6.658,6.482,6.544,1858539.0
2024-05-22 20:00:00,6.544,6.602,6.474,6.517,1270821.0
2024-05-23 00:00:00,6.517,6.595,6.512,6.572,1097694.0
2024-05-23 04:00:00,6.572,6.613,6.504,6.539,1113590.0
2024-05-23 08:00:00,6.538,6.551,6.366,6.493,1968128.0
2024-05-23 12:00:00,6.494,6.53,6.074,6.237,5412598.0
2024-05-23 16:00:00,6.237,6.257,6.106,6.195,2024747.0
2024-05-23 20:00:00,6.195,6.339,5.902,6.291,4184843.0
2024-05-24 00:00:00,6.29,6.331,6.253,6.273,1143678.0
2024-05-24 04:00:00,6.274,6.31,6.089,6.189,1826521.0
2024-05-24 08:00:00,6.188,6.27,6.085,6.255,1587276.0
2024-05-24 12:00:00,6.255,6.599,6.245,6.491,4888640.0
2024-05-24 16:00:00,6.492,6.68,6.44,6.588,2953836.0
2024-05-24 20:00:00,6.587,6.607,6.503,6.537,1045915.0
2024-05-25 00:00:00,6.536,6.639,6.516,6.637,1315284.0
2024-05-25 04:00:00,6.637,6.792,6.628,6.758,2216920.0
2024-05-25 08:00:00,6.758,6.819,6.702,6.703,1884066.0
2024-05-25 12:00:00,6.704,6.736,6.617,6.718,1680662.0
2024-05-25 16:00:00,6.718,6.759,6.701,6.726,770938.0
2024-05-25 20:00:00,6.727,6.736,6.607,6.656,1250324.0
2024-05-26 00:00:00,6.657,6.703,6.575,6.694,1347940.0
2024-05-26 04:00:00,6.694,6.758,6.641,6.731,1189478.0
2024-05-26 08:00:00,6.73,6.767,6.666,6.703,1102830.0
2024-05-26 12:00:00,6.703,6.764,6.63,6.659,1536907.0
2024-05-26 16:00:00,6.659,6.728,6.633,6.723,907518.0
2024-05-26 20:00:00,6.723,6.758,6.631,6.699,1146991.0
2024-05-27 00:00:00,6.699,6.951,6.692,6.93,1765130.0
2024-05-27 04:00:00,6.93,6.959,6.76,6.897,1835795.0
2024-05-27 08:00:00,6.897,6.969,6.822,6.934,1465471.0
2024-05-27 12:00:00,6.934,7.102,6.89,7.064,2028304.0
2024-05-27 16:00:00,7.064,7.089,6.852,6.889,1503711.0
2024-05-27 20:00:00,6.889,6.97,6.869,6.902,1095056.0
2024-05-28 00:00:00,6.902,6.905,6.603,6.636,2746612.0
2024-05-28 04:00:00,6.636,6.708,6.514,6.651,2343227.0
2024-05-28 08:00:00,6.651,6.864,6.636,6.794,1478204.0
2024-05-28 12:00:00,6.794,6.813,6.622,6.696,2061448.0
2024-05-28 16:00:00,6.697,6.799,6.624,6.785,1641847.0
2024-05-28 20:00:00,6.785,6.829,6.717,6.729,977924.0
2024-05-29 00:00:00,6.73,6.773,6.661,6.747,982495.0
2024-05-29 04:00:00,6.747,6.768,6.681,6.682,967915.0
2024-05-29 08:00:00,6.682,6.729,6.614,6.659,1516375.0
2024-05-29 12:00:00,6.66,6.737,6.615,6.632,1923918.0
2024-05-29 16:00:00,6.632,6.68,6.535,6.602,1514864.0
2024-05-29 20:00:00,6.603,6.69,6.576,6.615,861646.0
2024-05-30 00:00:00,6.615,6.726,6.602,6.704,761945.0
2024-05-30 04:00:00,6.703,6.722,6.363,6.398,3102101.0
2024-05-30 08:00:00,6.398,6.483,6.315,6.438,1541116.0
2024-05-30 12:00:00,6.437,6.587,6.423,6.538,1678907.0
2024-05-30 16:00:00,6.538,6.638,6.512,6.534,1294415.0
2024-05-30 20:00:00,6.533,6.534,6.395,6.402,1148728.0
2024-05-31 00:00:00,6.402,6.416,6.304,6.311,1212705.0
2024-05-31 04:00:00,6.311,6.33,6.133,6.213,2198916.0
2024-05-31 08:00:00,6.214,6.269,6.157,6.264,1132453.0
2024-05-31 12:00:00,6.264,6.334,6.067,6.078,3042679.0
2024-05-31 16:00:00,6.078,6.136,6.003,6.116,1853010.0
2024-05-31 20:00:00,6.117,6.139,6.065,6.081,774749.0
2024-06-01 00:00:00,6.081,6.085,6.012,6.053,1099291.0
2024-06-01 04:00:00,6.052,6.054,5.979,5.983,829720.0
2024-06-01 08:00:00,5.983,6.05,5.982,6.017,807059.0
2024-06-01 12:00:00,6.018,6.078,6.014,6.04,761768.0
2024-06-01 16:00:00,6.041,6.061,6.021,6.041,490854.0
2024-06-01 20:00:00,6.041,6.069,5.997,6.015,566485.0
2024-06-02 00:00:00,6.015,6.073,5.983,6.036,848669.0
2024-06-02 04:00:00,6.036,6.059,6.007,6.009,691903.0
2024-06-02 08:00:00,6.009,6.158,6.002,6.146,1507268.0
2024-06-02 12:00:00,6.146,6.173,6.039,6.113,1438275.0
2024-06-02 16:00:00,6.112,6.13,5.8,5.912,3184071.0
2024-06-02 20:00:00,5.912,5.944,5.872,5.914,770699.0
2024-06-03 00:00:00,5.914,6.042,5.856,5.969,1554179.0
2024-06-03 04:00:00,5.969,6.069,5.926,6.024,1313451.0
2024-06-03 08:00:00,6.024,6.072,5.959,5.971,921662.0
2024-06-03 12:00:00,5.971,6.091,5.936,6.04,1727507.0
2024-06-03 16:00:00,6.041,6.053,5.943,6.029,1195432.0
2024-06-03 20:00:00,6.029,6.06,5.974,5.99,618728.0
2024-06-04 00:00:00,5.99,6.049,5.954,6.041,767964.0
2024-06-04 04:00:00,6.041,6.052,5.971,6.011,751598.0
2024-06-04 08:00:00,6.013,6.114,5.955,6.079,1385587.0
2024-06-04 12:00:00,6.078,6.199,6.024,6.179,1623726.0
2024-06-04 16:00:00,6.18,6.251,6.142,6.177,1603525.0
2024-06-04 20:00:00,6.178,6.203,6.147,6.2,725450.0
2024-06-05 00:00:00,6.2,6.319,6.196,6.245,1429903.0
2024-06-05 04:00:00,6.244,6.349,6.235,6.324,982387.0
2024-06-05 08:00:00,6.324,6.338,6.24,6.247,993141.0
2024-06-05 12:00:00,6.246,6.3,6.16,6.293,1474135.0
2024-06-05 16:00:00,6.293,6.334,6.241,6.291,1077653.0
2024-06-05 20:00:00,6.292,6.301,6.201,6.251,600266.0
2024-06-06 00:00:00,6.251,6.267,6.21,6.213,702236.0
2024-06-06 04:00:00,6.214,6.222,6.096,6.15,902064.0
2024-06-06 08:00:00,6.151,6.159,6.088,6.127,990136.0
2024-06-06 12:00:00,6.126,6.2,6.088,6.168,1263149.0
2024-06-06 16:00:00,6.169,6.181,6.004,6.019,1121430.0
2024-06-06 20:00:00,6.019,6.057,5.958,6.02,868998.0
2024-06-07 00:00:00,6.021,6.024,5.978,6.02,599896.0
2024-06-07 04:00:00,6.02,6.153,6.015,6.129,896276.0
2024-06-07 08:00:00,6.13,6.288,6.129,6.286,1075866.0
2024-06-07 12:00:00,6.287,6.336,6.137,6.225,2977513.0
2024-06-07 16:00:00,6.225,6.238,4.911,5.612,9229742.0
2024-06-07 20:00:00,5.613,5.623,5.551,5.557,1129176.0
2024-06-08 00:00:00,5.557,5.566,5.484,5.5,1265289.0
2024-06-08 04:00:00,5.499,5.618,5.464,5.613,1139499.0
2024-06-08 08:00:00,5.614,5.618,5.405,5.425,1241787.0
2024-06-08 12:00:00,5.425,5.462,5.337,5.408,2044017.0
2024-06-08 16:00:00,5.408,5.433,5.331,5.375,1421518.0
2024-06-08 20:00:00,5.376,5.391,5.313,5.365,717393.0
2024-06-09 00:00:00,5.364,5.388,5.301,5.306,806217.0
2024-06-09 04:00:00,5.306,5.352,5.284,5.288,922026.0
2024-06-09 08:00:00,5.287,5.322,5.271,5.292,502464.0
2024-06-09 12:00:00,5.291,5.34,5.261,5.32,1270521.0
2024-06-09 16:00:00,5.319,5.382,5.307,5.366,534899.0
2024-06-09 20:00:00,5.366,5.373,5.314,5.329,443327.0
2024-06-10 00:00:00,5.329,5.332,5.236,5.277,1123350.0
2024-06-10 04:00:00,5.277,5.3,5.158,5.166,1033997.0
2024-06-10 08:00:00,5.166,5.254,5.16,5.232,988398.0
2024-06-10 12:00:00,5.232,5.353,5.167,5.326,1398975.0
2024-06-10 16:00:00,5.327,5.339,5.211,5.221,1086318.0
2024-06-10 20:00:00,5.221,5.236,5.161,5.209,799534.0
2024-06-11 00:00:00,5.209,5.235,5.034,5.136,1832335.0
2024-06-11 04:00:00,5.135,5.141,4.992,5.012,1320672.0
2024-06-11 08:00:00,5.012,5.078,4.996,5.001,1498642.0
2024-06-11 12:00:00,5.002,5.039,4.825,4.873,2999921.0
2024-06-11 16:00:00,4.873,4.973,4.786,4.93,3646824.0
2024-06-11 20:00:00,4.93,4.955,4.877,4.894,1725638.0
2024-06-12 00:00:00,4.895,4.92,4.794,4.91,1251877.0
2024-06-12 04:00:00,4.91,4.942,4.876,4.933,885082.0
2024-06-12 08:00:00,4.932,4.996,4.876,4.943,1636120.0
2024-06-12 12:00:00,4.943,5.401,4.936,5.366,4743626.0
2024-06-12 16:00:00,5.367,5.419,5.002,5.034,4430044.0
2024-06-12 20:00:00,5.033,5.169,5.01,5.089,1254714.0
2024-06-13 00:00:00,5.089,5.102,4.861,4.906,2176456.0
2024-06-13 04:00:00,4.905,4.956,4.824,4.919,1554912.0
2024-06-13 08:00:00,4.92,4.981,4.877,4.948,1192301.0
2024-06-13 12:00:00,4.948,5.03,4.728,4.768,3424581.0
2024-06-13 16:00:00,4.768,4.825,4.661,4.776,3403344.0
2024-06-13 20:00:00,4.775,4.797,4.733,4.754,718291.0
2024-06-14 00:00:00,4.754,4.833,4.736,4.793,1348607.0
2024-06-14 04:00:00,4.793,4.882,4.776,4.855,901310.0
2024-06-14 08:00:00,4.855,4.886,4.839,4.866,743584.0
2024-06-14 12:00:00,4.866,4.889,4.723,4.74,2108551.0
2024-06-14 16:00:00,4.741,4.749,4.487,4.554,2949223.0
2024-06-14 20:00:00,4.554,4.719,4.549,4.674,1100030.0
2024-06-15 00:00:00,4.675,4.689,4.642,4.675,636690.0
2024-06-15 04:00:00,4.674,4.753,4.66,4.707,800540.0
2024-06-15 08:00:00,4.708,4.726,4.678,4.705,480815.0
2024-06-15 12:00:00,4.705,4.772,4.681,4.746,685134.0
2024-06-15 16:00:00,4.746,4.756,4.664,4.677,679054.0
2024-06-15 20:00:00,4.678,4.683,4.632,4.663,598372.0
2024-06-16 00:00:00,4.663,4.663,4.591,4.596,709261.0
2024-06-16 04:00:00,4.596,4.663,4.573,4.649,544606.0
2024-06-16 08:00:00,4.65,4.691,4.616,4.662,586513.0
2024-06-16 12:00:00,4.662,4.711,4.657,4.681,704328.0
2024-06-16 16:00:00,4.68,4.685,4.634,4.659,606806.0
2024-06-16 20:00:00,4.659,4.722,4.648,4.701,662745.0
2024-06-17 00:00:00,4.7,4.724,4.567,4.578,1167798.0
2024-06-17 04:00:00,4.578,4.629,4.469,4.484,1613645.0
2024-06-17 08:00:00,4.484,4.499,4.331,4.393,2141780.0
2024-06-17 12:00:00,4.392,4.399,4.287,4.305,2303403.0
2024-06-17 16:00:00,4.304,4.486,4.185,4.433,3059719.0
2024-06-17 20:00:00,4.434,4.439,4.315,4.33,1186328.0
2024-06-18 00:00:00,4.33,4.342,3.8,4.042,6319130.0
2024-06-18 04:00:00,4.042,4.08,3.996,4.027,1298846.0
2024-06-18 08:00:00,4.026,4.054,3.917,3.956,1584770.0
2024-06-18 12:00:00,3.957,4.024,3.868,3.99,3758789.0
2024-06-18 16:00:00,3.99,3.996,3.907,3.954,2376719.0
2024-06-18 20:00:00,3.953,4.062,3.922,4.049,1505781.0
2024-06-19 00:00:00,4.049,4.177,3.983,4.163,2549769.0
2024-06-19 04:00:00,4.163,4.202,4.128,4.186,1185794.0
2024-06-19 08:00:00,4.187,4.194,4.079,4.1,1538600.0
2024-06-19 12:00:00,4.099,4.148,4.051,4.084,1510149.0
2024-06-19 16:00:00,4.083,4.157,4.066,4.086,901434.0
2024-06-19 20:00:00,4.086,4.142,4.058,4.086,853901.0
2024-06-20 00:00:00,4.086,4.19,4.062,4.134,1299157.0
2024-06-20 04:00:00,4.134,4.375,4.111,4.375,2237335.0
2024-06-20 08:00:00,4.376,4.469,4.312,4.404,2021580.0
2024-06-20 12:00:00,4.405,4.428,4.178,4.237,2873966.0
2024-06-20 16:00:00,4.237,4.298,4.175,4.281,1621205.0
2024-06-20 20:00:00,4.281,4.364,4.236,4.242,1293123.0
2024-06-21 00:00:00,4.242,4.34,4.213,4.286,1751673.0
2024-06-21 04:00:00,4.287,4.315,4.192,4.204,1351112.0
2024-06-21 08:00:00,4.205,4.291,4.132,4.236,2189263.0
2024-06-21 12:00:00,4.235,4.288,4.141,4.227,2527424.0
2024-06-21 16:00:00,4.228,4.267,4.155,4.241,1518388.0
2024-06-21 20:00:00,4.242,4.275,4.201,4.21,917258.0
2024-06-22 00:00:00,4.21,4.213,4.126,4.169,1074990.0
2024-06-22 04:00:00,4.17,4.184,4.133,4.176,561570.0
2024-06-22 08:00:00,4.176,4.226,4.132,4.203,796297.0
2024-06-22 12:00:00,4.203,4.264,4.168,4.261,1209872.0
2024-06-22 16:00:00,4.262,4.27,4.195,4.208,570885.0
2024-06-22 20:00:00,4.208,4.216,4.181,4.196,481771.0
2024-06-23 00:00:00,4.197,4.323,4.193,4.282,1349486.0
2024-06-23 04:00:00,4.281,4.285,4.255,4.266,336344.0
2024-06-23 08:00:00,4.265,4.281,4.224,4.257,576885.0
2024-06-23 12:00:00,4.257,4.261,4.127,4.145,1049118.0
2024-06-23 16:00:00,4.145,4.161,4.097,4.154,767048.0
2024-06-23 20:00:00,4.155,4.166,4.057,4.121,1249675.0
2024-06-24 00:00:00,4.121,4.161,4.046,4.097,1289468.0
2024-06-24 04:00:00,4.098,4.107,3.971,4.028,1588455.0
2024-06-24 08:00:00,4.027,4.101,3.874,4.033,3358878.0
2024-06-24 12:00:00,4.033,4.093,3.956,3.987,1658465.0
2024-06-24 16:00:00,3.986,4.031,3.9,3.917,3040920.0
2024-06-24 20:00:00,3.916,4.137,3.869,4.116,2168408.0
2024-06-25 00:00:00,4.116,4.206,4.074,4.166,1545847.0
2024-06-25 04:00:00,4.166,4.182,4.091,4.096,997442.0
2024-06-25 08:00:00,4.098,4.174,4.066,4.12,1415124.0
2024-06-25 12:00:00,4.119,4.243,4.078,4.203,2195083.0
2024-06-25 16:00:00,4.203,4.231,4.137,4.191,1674746.0
2024-06-25 20:00:00,4.19,4.197,4.121,4.141,900813.0
2024-06-26 00:00:00,4.14,4.253,4.125,4.226,1571318.0
2024-06-26 04:00:00,4.227,4.24,4.149,4.184,1208719.0
2024-06-26 08:00:00,4.182,4.187,4.117,4.158,1198930.0
2024-06-26 12:00:00,4.157,4.207,4.103,4.11,1786883.0
2024-06-26 16:00:00,4.11,4.122,4.016,4.115,1822864.0
2024-06-26 20:00:00,4.115,4.145,4.042,4.051,829546.0
2024-06-27 00:00:00,4.051,4.061,4.015,4.03,929706.0
2024-06-27 04:00:00,4.03,4.049,3.955,3.975,1305275.0
2024-06-27 08:00:00,3.975,4.055,3.96,4.021,1000539.0
2024-06-27 12:00:00,4.021,4.167,4.021,4.061,2450215.0
2024-06-27 16:00:00,4.062,4.102,4.027,4.076,1039215.0
2024-06-27 20:00:00,4.077,4.187,4.069,4.161,1122497.0
2024-06-28 00:00:00,4.162,4.185,4.086,4.129,1441103.0
2024-06-28 04:00:00,4.128,4.146,4.065,4.08,960426.0
2024-06-28 08:00:00,4.08,4.139,4.056,4.121,800062.0
2024-06-28 12:00:00,4.121,4.171,4.023,4.06,2296180.0
2024-06-28 16:00:00,4.06,4.065,3.942,3.969,1826625.0
2024-06-28 20:00:00,3.968,3.992,3.91,3.927,1013893.0
2024-06-29 00:00:00,3.927,3.982,3.921,3.977,701926.0
2024-06-29 04:00:00,3.977,4.023,3.948,4.008,620310.0
2024-06-29 08:00:00,4.008,4.024,3.99,4.011,524037.0
2024-06-29 12:00:00,4.011,4.018,3.967,4.011,674586.0
2024-06-29 16:00:00,4.011,4.013,3.913,3.94,983669.0
2024-06-29 20:00:00,3.94,3.954,3.92,3.927,516194.0
2024-06-30 00:00:00,3.927,3.956,3.871,3.9,1005922.0
2024-06-30 04:00:00,3.9,4.01,3.881,3.999,964335.0
2024-06-30 08:00:00,3.999,4.027,3.987,3.999,720651.0
2024-06-30 12:00:00,4.0,4.042,3.967,4.033,851645.0
2024-06-30 16:00:00,4.034,4.072,4.005,4.057,811274.0
2024-06-30 20:00:00,4.057,4.178,4.025,4.154,1303980.0
2024-07-01 00:00:00,4.154,4.277,4.138,4.247,1703262.0
2024-07-01 04:00:00,4.247,4.263,4.174,4.191,1017037.0
2024-07-01 08:00:00,4.191,4.206,4.084,4.107,1200924.0
2024-07-01 12:00:00,4.107,4.159,4.083,4.134,1287741.0
2024-07-01 16:00:00,4.135,4.197,4.117,4.166,1096816.0
2024-07-01 20:00:00,4.165,4.189,4.106,4.113,911501.0
2024-07-02 00:00:00,4.113,4.156,4.086,4.137,773947.0
2024-07-02 04:00:00,4.137,4.154,4.088,4.099,631335.0
2024-07-02 08:00:00,4.098,4.241,4.052,4.213,2381402.0
2024-07-02 12:00:00,4.214,4.355,4.203,4.265,3165376.0
2024-07-02 16:00:00,4.266,4.336,4.22,4.281,1614239.0
2024-07-02 20:00:00,4.282,4.289,4.239,4.26,794194.0
2024-07-03 00:00:00,4.26,4.319,4.073,4.117,2463384.0
2024-07-03 04:00:00,4.117,4.147,4.086,4.089,1188238.0
2024-07-03 08:00:00,4.088,4.089,3.939,3.975,2753279.0
2024-07-03 12:00:00,3.976,4.004,3.904,3.945,2170453.0
2024-07-03 16:00:00,3.943,3.98,3.873,3.89,1577157.0
2024-07-03 20:00:00,3.889,3.91,3.846,3.888,1511891.0
2024-07-04 00:00:00,3.888,3.935,3.636,3.787,3801411.0
2024-07-04 04:00:00,3.786,3.788,3.656,3.668,1377922.0
2024-07-04 08:00:00,3.668,3.695,3.61,3.653,1899949.0
2024-07-04 12:00:00,3.653,3.653,3.514,3.62,3156460.0
2024-07-04 16:00:00,3.619,3.668,3.581,3.623,1892670.0
2024-07-04 20:00:00,3.622,3.668,3.472,3.506,1813285.0
2024-07-05 00:00:00,3.505,3.512,3.08,3.19,10044592.0
2024-07-05 04:00:00,3.188,3.253,3.096,3.196,4419223.0
2024-07-05 08:00:00,3.196,3.335,3.109,3.322,3781614.0
2024-07-05 12:00:00,3.321,3.413,3.256,3.381,3811409.0
2024-07-05 16:00:00,3.381,3.417,3.342,3.356,2652915.0
2024-07-05 20:00:00,3.357,3.383,3.337,3.355,1189589.0
2024-07-06 00:00:00,3.355,3.425,3.309,3.346,1908421.0
2024-07-06 04:00:00,3.347,3.397,3.306,3.376,1584292.0
2024-07-06 08:00:00,3.377,3.421,3.315,3.375,1743456.0
2024-07-06 12:00:00,3.373,3.463,3.316,3.434,2773539.0
2024-07-06 16:00:00,3.435,3.544,3.413,3.523,1840037.0
2024-07-06 20:00:00,3.523,3.566,3.521,3.547,865158.0
2024-07-07 00:00:00,3.547,3.552,3.462,3.519,1476051.0
2024-07-07 04:00:00,3.518,3.53,3.434,3.467,1275060.0
2024-07-07 08:00:00,3.468,3.541,3.466,3.506,1052539.0
2024-07-07 12:00:00,3.505,3.525,3.364,3.413,2060472.0
2024-07-07 16:00:00,3.413,3.479,3.401,3.43,1085195.0
2024-07-07 20:00:00,3.43,3.441,3.313,3.333,1460882.0
2024-07-08 00:00:00,3.333,3.363,3.164,3.335,3982603.0
2024-07-08 04:00:00,3.335,3.431,3.321,3.386,1834567.0
2024-07-08 08:00:00,3.385,3.63,3.378,3.544,3465988.0
2024-07-08 12:00:00,3.544,3.561,3.333,3.429,3814804.0
2024-07-08 16:00:00,3.429,3.471,3.39,3.458,1424097.0
2024-07-08 20:00:00,3.458,3.537,3.422,3.51,1740140.0
2024-07-09 00:00:00,3.509,3.57,3.463,3.545,1542603.0
2024-07-09 04:00:00,3.545,3.621,3.538,3.563,1339117.0
2024-07-09 08:00:00,3.562,3.624,3.54,3.564,1025808.0
2024-07-09 12:00:00,3.563,3.611,3.464,3.53,2042524.0
2024-07-09 16:00:00,3.53,3.567,3.499,3.537,1087855.0
2024-07-09 20:00:00,3.535,3.568,3.511,3.557,677464.0
2024-07-10 00:00:00,3.556,3.561,3.479,3.549,917815.0
2024-07-10 04:00:00,3.549,3.67,3.549,3.626,1726984.0
2024-07-10 08:00:00,3.625,3.665,3.579,3.639,1352312.0
2024-07-10 12:00:00,3.638,3.649,3.569,3.614,1414954.0
2024-07-10 16:00:00,3.613,3.659,3.588,3.612,750524.0
2024-07-10 20:00:00,3.613,3.628,3.582,3.619,516151.0
2024-07-11 00:00:00,3.618,3.661,3.534,3.56,1280967.0
2024-07-11 04:00:00,3.56,3.62,3.549,3.613,627218.0
2024-07-11 08:00:00,3.614,3.695,3.605,3.681,1093096.0
2024-07-11 12:00:00,3.681,3.768,3.57,3.578,3117113.0
2024-07-11 16:00:00,3.578,3.624,3.546,3.555,1232242.0
2024-07-11 20:00:00,3.554,3.554,3.468,3.485,1239339.0
2024-07-12 00:00:00,3.485,3.544,3.424,3.505,1494286.0
2024-07-12 04:00:00,3.505,3.541,3.47,3.504,829159.0
2024-07-12 08:00:00,3.503,3.515,3.441,3.473,982139.0
2024-07-12 12:00:00,3.472,3.611,3.472,3.59,1747691.0
2024-07-12 16:00:00,3.589,3.643,3.567,3.575,1104771.0
2024-07-12 20:00:00,3.575,3.611,3.54,3.604,721688.0
2024-07-13 00:00:00,3.605,3.637,3.583,3.62,673032.0
2024-07-13 04:00:00,3.62,3.65,3.606,3.641,445577.0
2024-07-13 08:00:00,3.642,3.685,3.619,3.655,658744.0
2024-07-13 12:00:00,3.655,3.684,3.628,3.654,646960.0
2024-07-13 16:00:00,3.655,3.68,3.634,3.665,516495.0
2024-07-13 20:00:00,3.666,3.73,3.615,3.681,1160851.0
2024-07-14 00:00:00,3.681,3.756,3.681,3.704,1095801.0
2024-07-14 04:00:00,3.703,3.782,3.701,3.757,968889.0
2024-07-14 08:00:00,3.758,3.806,3.745,3.753,749673.0
2024-07-14 12:00:00,3.752,3.752,3.679,3.716,991390.0
2024-07-14 16:00:00,3.716,3.747,3.704,3.739,545574.0
2024-07-14 20:00:00,3.739,3.853,3.732,3.82,1017451.0
2024-07-15 00:00:00,3.82,3.982,3.811,3.971,1478205.0
2024-07-15 04:00:00,3.972,3.985,3.904,3.956,1003026.0
2024-07-15 08:00:00,3.956,3.993,3.87,3.885,1091756.0
2024-07-15 12:00:00,3.884,3.954,3.881,3.925,1173254.0
2024-07-15 16:00:00,3.925,4.092,3.913,4.061,2005028.0
2024-07-15 20:00:00,4.061,4.179,4.056,4.162,1431172.0
2024-07-16 00:00:00,4.161,4.196,4.129,4.147,1161201.0
2024-07-16 04:00:00,4.147,4.167,3.965,3.987,2041748.0
2024-07-16 08:00:00,3.986,4.036,3.896,4.022,1792006.0
2024-07-16 12:00:00,4.022,4.136,3.966,4.124,1784336.0
2024-07-16 16:00:00,4.124,4.167,4.072,4.126,1862051.0
2024-07-16 20:00:00,4.125,4.131,4.03,4.097,958110.0
2024-07-17 00:00:00,4.097,4.228,4.093,4.177,1385293.0
2024-07-17 04:00:00,4.176,4.289,4.167,4.264,1533060.0
2024-07-17 08:00:00,4.264,4.35,4.181,4.238,3014880.0
2024-07-17 12:00:00,4.238,4.319,4.201,4.208,1930579.0
2024-07-17 16:00:00,4.207,4.336,4.124,4.311,2165193.0
2024-07-17 20:00:00,4.312,4.344,4.231,4.234,1826832.0
2024-07-18 00:00:00,4.233,4.392,4.233,4.346,1735751.0
2024-07-18 04:00:00,4.346,4.479,4.341,4.419,3681900.0
2024-07-18 08:00:00,4.42,4.546,4.413,4.545,2510562.0
2024-07-18 12:00:00,4.545,4.656,4.417,4.434,4095498.0
2024-07-18 16:00:00,4.434,4.53,4.375,4.488,2599352.0
2024-07-18 20:00:00,4.488,4.55,4.461,4.526,1590753.0
2024-07-19 00:00:00,4.526,4.587,4.38,4.576,2368769.0
2024-07-19 04:00:00,4.575,4.613,4.429,4.446,2213583.0
2024-07-19 08:00:00,4.444,4.492,4.394,4.452,1794545.0
2024-07-19 12:00:00,4.452,4.678,4.43,4.678,2783727.0
2024-07-19 16:00:00,4.677,4.741,4.645,4.675,2266728.0
2024-07-19 20:00:00,4.675,4.679,4.592,4.636,1283915.0
2024-07-20 00:00:00,4.635,4.651,4.571,4.603,827190.0
2024-07-20 04:00:00,4.603,4.743,4.588,4.69,1227565.0
2024-07-20 08:00:00,4.69,4.69,4.604,4.609,930823.0
2024-07-20 12:00:00,4.609,4.689,4.572,4.682,1174712.0
2024-07-20 16:00:00,4.682,4.851,4.642,4.837,2393491.0
2024-07-20 20:00:00,4.837,4.948,4.812,4.873,2229571.0
2024-07-21 00:00:00,4.874,4.903,4.82,4.846,1060186.0
2024-07-21 04:00:00,4.846,4.866,4.786,4.806,1054130.0
2024-07-21 08:00:00,4.806,4.855,4.763,4.787,1168053.0
2024-07-21 12:00:00,4.787,4.86,4.707,4.817,1611853.0
2024-07-21 16:00:00,4.816,4.848,4.588,4.809,3391968.0
2024-07-21 20:00:00,4.808,4.911,4.796,4.897,1561650.0
2024-07-22 00:00:00,4.896,4.939,4.825,4.835,1098947.0
2024-07-22 04:00:00,4.835,4.864,4.727,4.764,1075697.0
2024-07-22 08:00:00,4.764,4.82,4.69,4.81,1570515.0
2024-07-22 12:00:00,4.809,4.819,4.637,4.685,1728954.0
2024-07-22 16:00:00,4.685,4.773,4.664,4.771,766628.0
2024-07-22 20:00:00,4.772,4.783,4.597,4.635,1256728.0
2024-07-23 00:00:00,4.633,4.732,4.628,4.678,935641.0
2024-07-23 04:00:00,4.678,4.689,4.491,4.552,2341192.0
2024-07-23 08:00:00,4.552,4.83,4.547,4.772,2541433.0
2024-07-23 12:00:00,4.773,4.784,4.585,4.678,3984900.0
2024-07-23 16:00:00,4.678,4.699,4.522,4.638,2360038.0
2024-07-23 20:00:00,4.638,4.696,4.618,4.674,1163321.0
2024-07-24 00:00:00,4.673,4.766,4.626,4.759,1375345.0
2024-07-24 04:00:00,4.759,4.77,4.661,4.75,1221333.0
2024-07-24 08:00:00,4.752,4.824,4.668,4.69,1997958.0
2024-07-24 12:00:00,4.69,4.852,4.632,4.715,3104051.0
2024-07-24 16:00:00,4.717,4.745,4.563,4.589,1970428.0
2024-07-24 20:00:00,4.589,4.602,4.5,4.525,1348115.0
2024-07-25 00:00:00,4.525,4.552,4.311,4.368,3267890.0
2024-07-25 04:00:00,4.368,4.428,4.327,4.372,1135618.0
2024-07-25 08:00:00,4.374,4.376,4.229,4.309,2235493.0
2024-07-25 12:00:00,4.308,4.366,4.22,4.325,1788773.0
2024-07-25 16:00:00,4.325,4.377,4.232,4.3,1314647.0
2024-07-25 20:00:00,4.3,4.519,4.243,4.454,2005785.0
2024-07-26 00:00:00,4.454,4.528,4.45,4.484,1291313.0
2024-07-26 04:00:00,4.485,4.67,4.483,4.652,1337245.0
2024-07-26 08:00:00,4.652,4.801,4.652,4.782,2916112.0
2024-07-26 12:00:00,4.782,4.854,4.702,4.777,2955464.0
2024-07-26 16:00:00,4.776,4.795,4.695,4.735,1547202.0
2024-07-26 20:00:00,4.736,4.738,4.66,4.664,1030502.0
2024-07-27 00:00:00,4.664,4.734,4.651,4.67,1096146.0
2024-07-27 04:00:00,4.67,4.726,4.644,4.693,943627.0
2024-07-27 08:00:00,4.693,4.759,4.672,4.716,1018594.0
2024-07-27 12:00:00,4.717,4.783,4.627,4.675,1752891.0
2024-07-27 16:00:00,4.674,4.693,4.568,4.622,1321149.0
2024-07-27 20:00:00,4.621,4.706,4.5,4.611,2225477.0
2024-07-28 00:00:00,4.611,4.665,4.556,4.578,1102577.0
2024-07-28 04:00:00,4.578,4.592,4.516,4.567,653208.0
2024-07-28 08:00:00,4.567,4.589,4.541,4.569,508734.0
2024-07-28 12:00:00,4.57,4.596,4.537,4.546,516176.0
2024-07-28 16:00:00,4.547,4.631,4.543,4.567,664776.0
2024-07-28 20:00:00,4.567,4.574,4.472,4.534,854129.0
2024-07-29 00:00:00,4.534,4.737,4.519,4.708,1796372.0
2024-07-29 04:00:00,4.708,4.982,4.708,4.977,3673116.0
2024-07-29 08:00:00,4.978,5.032,4.888,4.94,4083413.0
2024-07-29 12:00:00,4.94,4.986,4.696,4.758,3641454.0
2024-07-29 16:00:00,4.758,4.767,4.652,4.73,2782165.0
2024-07-29 20:00:00,4.73,4.758,4.682,4.711,1039385.0
2024-07-30 00:00:00,4.712,4.817,4.638,4.793,2349531.0
2024-07-30 04:00:00,4.792,4.805,4.684,4.792,2081397.0
2024-07-30 08:00:00,4.791,4.793,4.7,4.718,1116727.0
2024-07-30 12:00:00,4.718,4.742,4.59,4.655,2013992.0
2024-07-30 16:00:00,4.656,4.667,4.544,4.577,1423760.0
2024-07-30 20:00:00,4.576,4.613,4.508,4.564,1179677.0
2024-07-31 00:00:00,4.564,4.588,4.517,4.552,975512.0
2024-07-31 04:00:00,4.552,4.608,4.462,4.561,1478314.0
2024-07-31 08:00:00,4.562,4.575,4.429,4.454,1247001.0
2024-07-31 12:00:00,4.455,4.572,4.441,4.48,2033035.0
2024-07-31 16:00:00,4.481,4.511,4.325,4.36,2304662.0
2024-07-31 20:00:00,4.359,4.363,4.234,4.239,2421419.0
2024-08-01 00:00:00,4.239,4.264,4.191,4.209,1867632.0
2024-08-01 04:00:00,4.209,4.23,4.081,4.105,2599154.0
2024-08-01 08:00:00,4.104,4.139,4.001,4.04,2235003.0
2024-08-01 12:00:00,4.039,4.102,3.894,3.908,3547471.0
2024-08-01 16:00:00,3.909,3.912,3.762,3.828,4282189.0
2024-08-01 20:00:00,3.827,4.045,3.799,4.003,2478915.0
2024-08-02 00:00:00,4.003,4.035,3.847,3.917,1862458.0
2024-08-02 04:00:00,3.917,3.924,3.805,3.882,1285790.0
2024-08-02 08:00:00,3.88,3.931,3.845,3.892,1195682.0
2024-08-02 12:00:00,3.893,4.027,3.688,3.828,5187608.0
2024-08-02 16:00:00,3.829,3.845,3.734,3.759,1825321.0
2024-08-02 20:00:00,3.76,3.813,3.648,3.708,2029151.0
2024-08-03 00:00:00,3.71,3.729,3.592,3.713,1649294.0
2024-08-03 04:00:00,3.712,3.726,3.675,3.683,896313.0
2024-08-03 08:00:00,3.683,3.72,3.645,3.699,763044.0
2024-08-03 12:00:00,3.7,3.74,3.54,3.545,1580933.0
2024-08-03 16:00:00,3.545,3.576,3.429,3.438,2907709.0
2024-08-03 20:00:00,3.439,3.507,3.425,3.484,1272438.0
2024-08-04 00:00:00,3.485,3.579,3.48,3.537,928215.0
2024-08-04 04:00:00,3.536,3.546,3.474,3.483,528960.0
2024-08-04 08:00:00,3.483,3.513,3.426,3.431,1689429.0
2024-08-04 12:00:00,3.431,3.487,3.288,3.294,3124430.0
2024-08-04 16:00:00,3.295,3.339,3.147,3.316,4994721.0
2024-08-04 20:00:00,3.315,3.344,3.192,3.201,1670535.0
2024-08-05 00:00:00,3.201,3.231,2.657,2.824,12787476.0
2024-08-05 04:00:00,2.824,2.889,2.523,2.813,11076326.0
2024-08-05 08:00:00,2.813,2.831,2.617,2.721,5615390.0
2024-08-05 12:00:00,2.721,2.983,2.587,2.961,9144631.0
2024-08-05 16:00:00,2.961,3.033,2.854,2.905,4299333.0
2024-08-05 20:00:00,2.904,3.003,2.903,2.937,2538166.0
2024-08-06 00:00:00,2.938,3.11,2.931,3.035,2952736.0
2024-08-06 04:00:00,3.036,3.14,3.014,3.132,2217593.0
2024-08-06 08:00:00,3.131,3.136,3.022,3.043,2139635.0
2024-08-06 12:00:00,3.043,3.182,2.991,3.151,3654422.0
2024-08-06 16:00:00,3.152,3.196,3.135,3.15,1781143.0
2024-08-06 20:00:00,3.149,3.182,3.102,3.116,1433855.0
2024-08-07 00:00:00,3.116,3.241,3.084,3.199,2216078.0
2024-08-07 04:00:00,3.199,3.225,3.142,3.162,1281581.0
2024-08-07 08:00:00,3.163,3.215,3.123,3.133,1652357.0
2024-08-07 12:00:00,3.133,3.184,2.99,3.017,3406224.0
2024-08-07 16:00:00,3.017,3.025,2.902,2.927,2512951.0
2024-08-07 20:00:00,2.927,2.971,2.905,2.936,1846013.0
2024-08-08 00:00:00,2.935,3.12,2.88,3.064,2697423.0
2024-08-08 04:00:00,3.062,3.105,3.051,3.076,1111314.0
2024-08-08 08:00:00,3.078,3.108,3.065,3.084,910584.0
2024-08-08 12:00:00,3.084,3.198,3.047,3.195,3331905.0
2024-08-08 16:00:00,3.195,3.256,3.18,3.189,2050153.0
2024-08-08 20:00:00,3.189,3.391,3.184,3.37,2321136.0
2024-08-09 00:00:00,3.37,3.372,3.268,3.282,1278043.0
2024-08-09 04:00:00,3.282,3.285,3.219,3.263,1062129.0
2024-08-09 08:00:00,3.263,3.295,3.224,3.25,1098033.0
2024-08-09 12:00:00,3.25,3.281,3.164,3.173,2135919.0
2024-08-09 16:00:00,3.173,3.23,3.17,3.224,1047931.0
2024-08-09 20:00:00,3.224,3.248,3.184,3.234,1161963.0
2024-08-10 00:00:00,3.234,3.282,3.193,3.211,1018179.0
2024-08-10 04:00:00,3.211,3.247,3.188,3.246,509683.0
2024-08-10 08:00:00,3.247,3.332,3.233,3.329,1126376.0
2024-08-10 12:00:00,3.328,3.378,3.293,3.311,1344888.0
2024-08-10 16:00:00,3.31,3.36,3.301,3.33,986486.0
2024-08-10 20:00:00,3.33,3.358,3.308,3.319,639064.0
2024-08-11 00:00:00,3.319,3.398,3.31,3.379,922701.0
2024-08-11 04:00:00,3.378,3.42,3.359,3.415,787657.0
2024-08-11 08:00:00,3.416,3.444,3.324,3.337,1531469.0
2024-08-11 12:00:00,3.337,3.338,3.236,3.255,1706442.0
2024-08-11 16:00:00,3.255,3.269,3.178,3.18,1412015.0
2024-08-11 20:00:00,3.18,3.183,3.077,3.092,1990107.0
2024-08-12 00:00:00,3.092,3.133,3.066,3.106,1183614.0
2024-08-12 04:00:00,3.106,3.182,3.078,3.171,1897043.0
2024-08-12 08:00:00,3.171,3.313,3.149,3.307,1789530.0
2024-08-12 12:00:00,3.307,3.339,3.136,3.307,3671198.0
2024-08-12 16:00:00,3.307,3.324,3.2,3.235,1594534.0
2024-08-12 20:00:00,3.236,3.318,3.206,3.296,1148551.0
2024-08-13 00:00:00,3.296,3.33,3.23,3.237,1187616.0
2024-08-13 04:00:00,3.236,3.276,3.213,3.253,869972.0
2024-08-13 08:00:00,3.253,3.264,3.207,3.256,1028983.0
2024-08-13 12:00:00,3.257,3.44,3.256,3.374,4833716.0
2024-08-13 16:00:00,3.375,3.644,3.373,3.628,7273618.0
2024-08-13 20:00:00,3.628,3.694,3.594,3.674,4416719.0
2024-08-14 00:00:00,3.674,3.7,3.617,3.658,3804035.0
2024-08-14 04:00:00,3.658,3.72,3.645,3.68,3472599.0
2024-08-14 08:00:00,3.681,3.692,3.627,3.672,3860461.0
2024-08-14 12:00:00,3.672,3.736,3.531,3.638,9561553.0
2024-08-14 16:00:00,3.637,3.646,3.584,3.601,2398769.0
2024-08-14 20:00:00,3.6,3.673,3.599,3.618,2119714.0
2024-08-15 00:00:00,3.619,3.698,3.593,3.655,2985815.0
2024-08-15 04:00:00,3.655,3.668,3.575,3.642,2075009.0
2024-08-15 08:00:00,3.641,3.728,3.618,3.717,4446934.0
2024-08-15 12:00:00,3.717,3.838,3.61,3.639,11193804.0
2024-08-15 16:00:00,3.639,3.727,3.503,3.586,7545135.0
2024-08-15 20:00:00,3.585,3.659,3.549,3.589,3973905.0
2024-08-16 00:00:00,3.589,3.817,3.574,3.706,8887549.0
2024-08-16 04:00:00,3.706,3.92,3.69,3.842,6142940.0
2024-08-16 08:00:00,3.843,3.912,3.789,3.813,6342750.0
2024-08-16 12:00:00,3.813,3.827,3.61,3.664,12380754.0
2024-08-16 16:00:00,3.665,3.775,3.655,3.746,5429390.0
2024-08-16 20:00:00,3.747,3.806,3.706,3.706,2687149.0
2024-08-17 00:00:00,3.706,3.757,3.66,3.744,3059780.0
2024-08-17 04:00:00,3.745,3.8,3.701,3.774,2246926.0
2024-08-17 08:00:00,3.775,3.783,3.657,3.722,3462075.0
2024-08-17 12:00:00,3.722,3.951,3.704,3.862,6512689.0
2024-08-17 16:00:00,3.861,3.934,3.812,3.927,3333326.0
2024-08-17 20:00:00,3.927,4.049,3.927,4.029,4995325.0
2024-08-18 00:00:00,4.029,4.128,4.029,4.066,3549334.0
2024-08-18 04:00:00,4.065,4.068,3.984,4.002,2413867.0
2024-08-18 08:00:00,4.002,4.026,3.93,3.941,2897709.0
2024-08-18 12:00:00,3.941,4.082,3.916,4.067,2678347.0
2024-08-18 16:00:00,4.068,4.077,3.948,3.95,2304641.0
2024-08-18 20:00:00,3.949,3.971,3.898,3.904,2456961.0
2024-08-19 00:00:00,3.905,3.939,3.858,3.929,2771755.0
2024-08-19 04:00:00,3.929,3.933,3.854,3.854,1266544.0
2024-08-19 08:00:00,3.855,3.923,3.815,3.914,2949337.0
2024-08-19 12:00:00,3.914,3.93,3.79,3.87,3092436.0
2024-08-19 16:00:00,3.871,3.997,3.828,3.937,2872329.0
2024-08-19 20:00:00,3.937,4.025,3.935,3.996,1670456.0
2024-08-20 00:00:00,3.996,4.11,3.974,4.057,2473520.0
2024-08-20 04:00:00,4.057,4.105,4.003,4.021,1438324.0
2024-08-20 08:00:00,4.022,4.034,3.935,3.943,1676087.0
2024-08-20 12:00:00,3.943,4.064,3.864,3.894,3183766.0
2024-08-20 16:00:00,3.894,3.954,3.846,3.936,1718485.0
2024-08-20 20:00:00,3.936,3.94,3.865,3.912,1205590.0
2024-08-21 00:00:00,3.912,3.928,3.855,3.888,1016217.0
2024-08-21 04:00:00,3.888,3.934,3.878,3.917,906723.0
2024-08-21 08:00:00,3.917,3.93,3.842,3.852,1097460.0
2024-08-21 12:00:00,3.852,3.889,3.784,3.815,2812361.0
2024-08-21 16:00:00,3.816,3.991,3.788,3.981,3181997.0
2024-08-21 20:00:00,3.981,4.088,3.895,3.914,3575656.0
2024-08-22 00:00:00,3.914,3.921,3.787,3.834,1789152.0
2024-08-22 04:00:00,3.834,3.951,3.821,3.928,1458046.0
2024-08-22 08:00:00,3.929,3.981,3.875,3.975,1796290.0
2024-08-22 12:00:00,3.974,3.992,3.892,3.917,1851188.0
2024-08-22 16:00:00,3.916,3.936,3.873,3.894,1032703.0
2024-08-22 20:00:00,3.894,3.942,3.894,3.94,672411.0
2024-08-23 00:00:00,3.94,4.193,3.94,4.137,3624895.0
2024-08-23 04:00:00,4.137,4.257,4.137,4.186,2830496.0
2024-08-23 08:00:00,4.186,4.267,4.177,4.211,2007118.0
2024-08-23 12:00:00,4.212,4.435,4.211,4.32,5841648.0
2024-08-23 16:00:00,4.318,4.46,4.3,4.406,2751716.0
2024-08-23 20:00:00,4.405,4.475,4.382,4.445,2274469.0
2024-08-24 00:00:00,4.445,4.46,4.373,4.385,1106273.0
2024-08-24 04:00:00,4.384,4.468,4.371,4.451,818977.0
2024-08-24 08:00:00,4.451,4.544,4.425,4.485,3306897.0
2024-08-24 12:00:00,4.486,4.544,4.474,4.483,1052908.0
2024-08-24 16:00:00,4.483,4.573,4.473,4.531,1324880.0
2024-08-24 20:00:00,4.531,4.548,4.393,4.467,1373625.0
2024-08-25 00:00:00,4.467,4.49,4.36,4.431,2190971.0
2024-08-25 04:00:00,4.431,4.433,4.241,4.261,1607589.0
2024-08-25 08:00:00,4.261,4.332,4.243,4.305,1079009.0
2024-08-25 12:00:00,4.305,4.486,4.287,4.444,2154590.0
2024-08-25 16:00:00,4.445,4.515,4.381,4.401,1474946.0
2024-08-25 20:00:00,4.402,4.459,4.383,4.404,887182.0
2024-08-26 00:00:00,4.402,4.444,4.289,4.325,1596474.0
2024-08-26 04:00:00,4.324,4.363,4.277,4.294,807801.0
2024-08-26 08:00:00,4.294,4.382,4.265,4.351,1352445.0
2024-08-26 12:00:00,4.35,4.358,4.259,4.283,1735186.0
2024-08-26 16:00:00,4.283,4.322,4.19,4.233,1656342.0
2024-08-26 20:00:00,4.232,4.274,4.2,4.204,753746.0
2024-08-27 00:00:00,4.204,4.275,4.192,4.253,892058.0
2024-08-27 04:00:00,4.253,4.422,4.239,4.354,1921607.0
2024-08-27 08:00:00,4.353,4.374,4.167,4.229,2192948.0
2024-08-27 12:00:00,4.229,4.269,4.145,4.176,2260827.0
2024-08-27 16:00:00,4.174,4.23,4.126,4.181,1375973.0
2024-08-27 20:00:00,4.18,4.183,3.837,3.961,4448251.0
2024-08-28 00:00:00,3.961,3.964,3.882,3.95,1342115.0
2024-08-28 04:00:00,3.949,3.95,3.855,3.865,962029.0
2024-08-28 08:00:00,3.866,4.116,3.84,4.095,2404862.0
2024-08-28 12:00:00,4.096,4.161,3.946,4.0,3195080.0
2024-08-28 16:00:00,3.999,4.159,3.875,4.029,3949206.0
2024-08-28 20:00:00,4.029,4.111,3.98,4.013,2073668.0
2024-08-29 00:00:00,4.012,4.075,4.001,4.051,1189591.0
2024-08-29 04:00:00,4.052,4.117,4.032,4.094,1262200.0
2024-08-29 08:00:00,4.095,4.244,4.089,4.22,1651401.0
2024-08-29 12:00:00,4.22,4.295,4.193,4.242,2421172.0
2024-08-29 16:00:00,4.242,4.283,4.12,4.176,3030806.0
2024-08-29 20:00:00,4.175,4.2,4.114,4.165,1151847.0
2024-08-30 00:00:00,4.164,4.168,4.045,4.068,2017684.0
2024-08-30 04:00:00,4.067,4.175,4.047,4.128,1804732.0
2024-08-30 08:00:00,4.127,4.162,4.099,4.1,1214554.0
2024-08-30 12:00:00,4.099,4.135,3.894,3.934,4592590.0
2024-08-30 16:00:00,3.935,4.096,3.908,3.998,2519194.0
2024-08-30 20:00:00,3.998,4.051,3.997,4.034,850273.0
2024-08-31 00:00:00,4.035,4.063,3.998,4.01,768923.0
2024-08-31 04:00:00,4.009,4.026,3.962,3.964,650987.0
2024-08-31 08:00:00,3.964,3.969,3.89,3.922,1610588.0
2024-08-31 12:00:00,3.923,3.947,3.898,3.919,808710.0
2024-08-31 16:00:00,3.919,3.928,3.861,3.891,1248756.0
2024-08-31 20:00:00,3.891,3.93,3.881,3.922,507973.0
2024-09-01 00:00:00,3.922,3.928,3.847,3.882,952809.0
2024-09-01 04:00:00,3.883,3.892,3.821,3.863,1031515.0
2024-09-01 08:00:00,3.863,3.864,3.805,3.836,1004604.0
2024-09-01 12:00:00,3.837,3.886,3.776,3.877,1577094.0
2024-09-01 16:00:00,3.877,3.964,3.841,3.958,1914292.0
2024-09-01 20:00:00,3.958,4.038,3.795,3.818,3488603.0
2024-09-02 00:00:00,3.818,3.866,3.801,3.851,1583068.0
2024-09-02 04:00:00,3.85,3.86,3.737,3.754,2577565.0
2024-09-02 08:00:00,3.753,3.954,3.741,3.895,3823872.0
2024-09-02 12:00:00,3.895,3.912,3.802,3.868,1892638.0
2024-09-02 16:00:00,3.867,3.882,3.824,3.851,1146773.0
2024-09-02 20:00:00,3.851,3.967,3.84,3.911,1803109.0
2024-09-03 00:00:00,3.911,4.023,3.891,3.992,2156637.0
2024-09-03 04:00:00,3.992,4.08,3.974,4.05,2212697.0
2024-09-03 08:00:00,4.05,4.151,4.001,4.147,3092230.0
2024-09-03 12:00:00,4.147,4.182,3.892,3.909,6011703.0
2024-09-03 16:00:00,3.91,3.988,3.88,3.912,3507867.0
2024-09-03 20:00:00,3.913,3.956,3.844,3.857,1872316.0
2024-09-04 00:00:00,3.857,3.896,3.673,3.778,4893079.0
2024-09-04 04:00:00,3.778,3.796,3.714,3.778,1721707.0
2024-09-04 08:00:00,3.777,3.787,3.622,3.622,2579683.0
2024-09-04 12:00:00,3.622,3.882,3.591,3.875,6966351.0
2024-09-04 16:00:00,3.875,3.933,3.673,3.698,4964529.0
2024-09-04 20:00:00,3.699,3.766,3.638,3.734,2851574.0
2024-09-05 00:00:00,3.735,3.765,3.61,3.617,2452205.0
2024-09-05 04:00:00,3.617,3.672,3.576,3.669,1778895.0
2024-09-05 08:00:00,3.668,3.674,3.606,3.611,1309509.0
2024-09-05 12:00:00,3.61,3.673,3.536,3.559,2985451.0
2024-09-05 16:00:00,3.559,3.62,3.524,3.548,1953675.0
2024-09-05 20:00:00,3.547,3.585,3.539,3.576,852427.0
2024-09-06 00:00:00,3.576,3.627,3.547,3.606,1641149.0
2024-09-06 04:00:00,3.606,3.616,3.516,3.56,1750620.0
2024-09-06 08:00:00,3.56,3.62,3.552,3.6,1308029.0
2024-09-06 12:00:00,3.601,3.689,3.474,3.519,5213303.0
2024-09-06 16:00:00,3.52,3.529,3.385,3.413,2975495.0
2024-09-06 20:00:00,3.413,3.449,3.296,3.443,2559939.0
2024-09-07 00:00:00,3.443,3.498,3.441,3.486,978104.0
2024-09-07 04:00:00,3.486,3.577,3.486,3.573,1409114.0
2024-09-07 08:00:00,3.573,3.59,3.549,3.563,893080.0
2024-09-07 12:00:00,3.563,3.624,3.555,3.592,1225230.0
2024-09-07 16:00:00,3.592,3.601,3.522,3.564,1189404.0
2024-09-07 20:00:00,3.563,3.566,3.481,3.513,864327.0
2024-09-08 00:00:00,3.512,3.555,3.495,3.555,829202.0
2024-09-08 04:00:00,3.555,3.586,3.542,3.579,798220.0
2024-09-08 08:00:00,3.578,3.613,3.573,3.585,1128178.0
2024-09-08 12:00:00,3.585,3.595,3.504,3.509,1185167.0
2024-09-08 16:00:00,3.508,3.569,3.463,3.54,1489620.0
2024-09-08 20:00:00,3.542,3.615,3.505,3.567,1825397.0
2024-09-09 00:00:00,3.566,3.636,3.554,3.605,1609706.0
2024-09-09 04:00:00,3.606,3.634,3.569,3.62,1019346.0
2024-09-09 08:00:00,3.621,3.736,3.619,3.729,2361289.0
2024-09-09 12:00:00,3.73,3.768,3.661,3.732,2701178.0
2024-09-09 16:00:00,3.733,3.83,3.733,3.823,3585508.0
2024-09-09 20:00:00,3.823,3.915,3.807,3.837,1623915.0
2024-09-10 00:00:00,3.837,3.854,3.788,3.797,1249031.0
2024-09-10 04:00:00,3.798,3.91,3.787,3.902,1197859.0
2024-09-10 08:00:00,3.902,3.947,3.876,3.918,1611148.0
2024-09-10 12:00:00,3.917,3.953,3.843,3.892,2566484.0
2024-09-10 16:00:00,3.892,4.094,3.889,4.077,3056605.0
2024-09-10 20:00:00,4.076,4.109,4.024,4.037,1305943.0
2024-09-11 00:00:00,4.038,4.065,3.972,4.015,1859454.0
2024-09-11 04:00:00,4.016,4.124,3.929,4.113,2716112.0
2024-09-11 08:00:00,4.113,4.125,3.98,4.052,3322202.0
2024-09-11 12:00:00,4.051,4.096,3.855,3.983,7047238.0
2024-09-11 16:00:00,3.982,4.055,3.958,3.971,3015221.0
2024-09-11 20:00:00,3.971,3.984,3.947,3.957,1100447.0
2024-09-12 00:00:00,3.956,4.091,3.956,4.012,2331721.0
2024-09-12 04:00:00,4.013,4.034,3.937,3.951,1751315.0
2024-09-12 08:00:00,3.951,4.085,3.894,3.922,3495371.0
2024-09-12 12:00:00,3.921,3.968,3.79,3.817,5155642.0
2024-09-12 16:00:00,3.816,3.936,3.806,3.93,2393371.0
2024-09-12 20:00:00,3.931,3.937,3.885,3.915,1209555.0
2024-09-13 00:00:00,3.915,3.934,3.868,3.87,1235771.0
2024-09-13 04:00:00,3.871,3.892,3.824,3.846,1811368.0
2024-09-13 08:00:00,3.846,3.919,3.826,3.868,1826890.0
2024-09-13 12:00:00,3.869,4.071,3.833,4.064,4198059.0
2024-09-13 16:00:00,4.064,4.15,4.063,4.091,3788942.0
2024-09-13 20:00:00,4.091,4.187,4.089,4.129,1723653.0
2024-09-14 00:00:00,4.129,4.174,4.123,4.124,931451.0
2024-09-14 04:00:00,4.124,4.13,4.043,4.056,1381898.0
2024-09-14 08:00:00,4.056,4.06,3.982,3.993,1260311.0
2024-09-14 12:00:00,3.994,4.041,3.985,4.009,1336518.0
2024-09-14 16:00:00,4.008,4.02,3.955,3.979,1370618.0
2024-09-14 20:00:00,3.98,4.009,3.978,3.994,666702.0
2024-09-15 00:00:00,3.994,4.024,3.994,4.007,682754.0
2024-09-15 04:00:00,4.006,4.022,3.977,4.022,760456.0
2024-09-15 08:00:00,4.023,4.142,4.021,4.108,2984150.0
2024-09-15 12:00:00,4.108,4.168,4.081,4.163,2075691.0
2024-09-15 16:00:00,4.164,4.184,4.06,4.076,2280605.0
2024-09-15 20:00:00,4.076,4.078,3.889,3.945,2998425.0
2024-09-16 00:00:00,3.944,3.946,3.831,3.877,2398230.0
2024-09-16 04:00:00,3.876,4.04,3.847,4.023,2892288.0
2024-09-16 08:00:00,4.023,4.056,3.957,3.998,2898977.0
2024-09-16 12:00:00,3.997,4.009,3.889,3.911,2846918.0
2024-09-16 16:00:00,3.911,3.928,3.851,3.87,2069264.0
2024-09-16 20:00:00,3.87,3.89,3.788,3.856,1819917.0
2024-09-17 00:00:00,3.856,3.883,3.795,3.836,1361243.0
2024-09-17 04:00:00,3.835,4.037,3.83,4.001,3500918.0
2024-09-17 08:00:00,4.002,4.104,3.996,4.012,2946792.0
2024-09-17 12:00:00,4.011,4.151,3.995,4.113,3746386.0
2024-09-17 16:00:00,4.113,4.13,3.972,4.018,2379651.0
2024-09-17 20:00:00,4.018,4.06,4.008,4.037,1144015.0
2024-09-18 00:00:00,4.036,4.072,3.985,4.053,1228183.0
2024-09-18 04:00:00,4.053,4.07,4.005,4.024,901751.0
2024-09-18 08:00:00,4.024,4.024,3.913,3.953,1891010.0
2024-09-18 12:00:00,3.953,3.969,3.838,3.841,2010796.0
2024-09-18 16:00:00,3.841,4.057,3.808,3.975,5827649.0
2024-09-18 20:00:00,3.973,4.313,3.921,4.309,5235349.0
2024-09-19 00:00:00,4.309,4.418,4.309,4.352,3827576.0
2024-09-19 04:00:00,4.352,4.458,4.33,4.434,2128865.0
2024-09-19 08:00:00,4.435,4.459,4.368,4.446,1599480.0
2024-09-19 12:00:00,4.446,4.563,4.432,4.535,3709699.0
2024-09-19 16:00:00,4.535,4.59,4.469,4.488,2697094.0
2024-09-19 20:00:00,4.487,4.503,4.431,4.45,1570441.0
2024-09-20 00:00:00,4.45,4.526,4.397,4.524,1896090.0
2024-09-20 04:00:00,4.524,4.608,4.498,4.532,3203131.0
2024-09-20 08:00:00,4.533,4.536,4.428,4.452,1965074.0
2024-09-20 12:00:00,4.453,4.472,4.342,4.413,2773987.0
2024-09-20 16:00:00,4.414,4.437,4.342,4.411,1398738.0
2024-09-20 20:00:00,4.412,4.474,4.405,4.461,765077.0
2024-09-21 00:00:00,4.461,4.469,4.396,4.43,1066636.0
2024-09-21 04:00:00,4.431,4.494,4.395,4.477,944549.0
2024-09-21 08:00:00,4.476,4.523,4.466,4.516,933328.0
2024-09-21 12:00:00,4.516,4.706,4.515,4.63,4079649.0
2024-09-21 16:00:00,4.63,4.696,4.614,4.647,931108.0
2024-09-21 20:00:00,4.647,4.705,4.597,4.686,1011648.0
2024-09-22 00:00:00,4.686,4.696,4.564,4.625,1293475.0
2024-09-22 04:00:00,4.625,4.698,4.594,4.598,1429507.0
2024-09-22 08:00:00,4.598,4.613,4.459,4.479,1871291.0
2024-09-22 12:00:00,4.48,4.518,4.413,4.463,1738133.0
2024-09-22 16:00:00,4.463,4.595,4.419,4.55,2292897.0
2024-09-22 20:00:00,4.55,4.573,4.374,4.503,2424655.0
2024-09-23 00:00:00,4.503,4.745,4.407,4.724,2771229.0
2024-09-23 04:00:00,4.724,4.799,4.632,4.654,2454331.0
2024-09-23 08:00:00,4.654,4.658,4.524,4.527,2529127.0
2024-09-23 12:00:00,4.527,4.655,4.513,4.592,2046960.0
2024-09-23 16:00:00,4.592,4.64,4.538,4.594,1132189.0
2024-09-23 20:00:00,4.594,4.623,4.554,4.622,798833.0
2024-09-24 00:00:00,4.623,4.628,4.514,4.603,1655441.0
2024-09-24 04:00:00,4.603,4.708,4.541,4.671,1513307.0
2024-09-24 08:00:00,4.671,4.753,4.634,4.65,2153586.0
2024-09-24 12:00:00,4.651,4.727,4.571,4.636,2158155.0
2024-09-24 16:00:00,4.636,4.862,4.619,4.827,2124565.0
2024-09-24 20:00:00,4.829,4.899,4.773,4.89,3356431.0
2024-09-25 00:00:00,4.889,5.106,4.85,5.083,5202632.0
2024-09-25 04:00:00,5.083,5.091,4.92,4.942,1568176.0
2024-09-25 08:00:00,4.942,4.99,4.896,4.985,1105197.0
2024-09-25 12:00:00,4.984,5.134,4.932,5.035,2546240.0
2024-09-25 16:00:00,5.035,5.093,4.979,5.017,1838006.0
2024-09-25 20:00:00,5.017,5.15,4.99,5.016,2196261.0
2024-09-26 00:00:00,5.017,5.144,4.931,5.105,3250425.0
2024-09-26 04:00:00,5.106,5.296,5.024,5.268,6835101.0
2024-09-26 08:00:00,5.268,5.772,5.231,5.591,11256984.0
2024-09-26 12:00:00,5.592,5.715,5.481,5.59,6609337.0
2024-09-26 16:00:00,5.59,5.638,5.421,5.425,3422095.0
2024-09-26 20:00:00,5.426,5.439,5.332,5.38,1744307.0
2024-09-27 00:00:00,5.381,5.479,5.338,5.476,1908892.0
2024-09-27 04:00:00,5.477,5.526,5.417,5.443,2044664.0
2024-09-27 08:00:00,5.444,5.547,5.346,5.392,2625528.0
2024-09-27 12:00:00,5.392,5.453,5.298,5.398,3000806.0
2024-09-27 16:00:00,5.397,5.452,5.294,5.364,2955251.0
2024-09-27 20:00:00,5.361,5.407,5.331,5.358,703936.0
2024-09-28 00:00:00,5.357,5.457,5.35,5.404,1144762.0
2024-09-28 04:00:00,5.404,5.411,5.314,5.337,1160153.0
2024-09-28 08:00:00,5.338,5.385,5.257,5.373,1727654.0
2024-09-28 12:00:00,5.374,5.487,5.31,5.454,2819715.0
2024-09-28 16:00:00,5.455,5.477,5.366,5.404,1460107.0
2024-09-28 20:00:00,5.404,5.407,5.279,5.386,1263823.0
2024-09-29 00:00:00,5.386,5.441,5.34,5.35,1231535.0
2024-09-29 04:00:00,5.351,5.431,5.3,5.314,1851673.0
2024-09-29 08:00:00,5.315,5.453,5.283,5.453,1657750.0
2024-09-29 12:00:00,5.452,5.488,5.2,5.274,3882806.0
2024-09-29 16:00:00,5.272,5.447,5.216,5.434,1766385.0
2024-09-29 20:00:00,5.436,5.448,5.285,5.293,1397112.0
2024-09-30 00:00:00,5.294,5.308,5.019,5.149,3427888.0
2024-09-30 04:00:00,5.148,5.295,5.094,5.268,2003087.0
2024-09-30 08:00:00,5.268,5.283,5.111,5.189,1736099.0
2024-09-30 12:00:00,5.189,5.24,5.083,5.085,2391880.0
2024-09-30 16:00:00,5.085,5.157,5.059,5.135,1651467.0
2024-09-30 20:00:00,5.135,5.197,5.009,5.064,1705510.0
2024-10-01 00:00:00,5.061,5.196,5.035,5.188,1727161.0
2024-10-01 04:00:00,5.188,5.378,5.148,5.256,2326900.0
2024-10-01 08:00:00,5.256,5.267,5.165,5.17,1452717.0
2024-10-01 12:00:00,5.171,5.179,4.653,4.814,6286853.0
2024-10-01 16:00:00,4.818,4.846,4.482,4.656,6068279.0
2024-10-01 20:00:00,4.657,4.665,4.49,4.572,2469504.0
2024-10-02 00:00:00,4.572,4.748,4.553,4.741,1679421.0
2024-10-02 04:00:00,4.74,4.851,4.688,4.835,1884301.0
2024-10-02 08:00:00,4.835,4.912,4.696,4.733,1993103.0
2024-10-02 12:00:00,4.733,4.835,4.607,4.789,2695191.0
2024-10-02 16:00:00,4.788,4.856,4.514,4.57,3030261.0
2024-10-02 20:00:00,4.57,4.716,4.542,4.59,1725667.0
2024-10-03 00:00:00,4.591,4.7,4.559,4.688,1443983.0
2024-10-03 04:00:00,4.687,4.693,4.57,4.585,1229801.0
2024-10-03 08:00:00,4.585,4.612,4.42,4.56,2492882.0
2024-10-03 12:00:00,4.559,4.64,4.432,4.538,3095146.0
2024-10-03 16:00:00,4.538,4.548,4.42,4.514,1871445.0
2024-10-03 20:00:00,4.514,4.531,4.44,4.512,1094462.0
2024-10-04 00:00:00,4.513,4.606,4.477,4.528,1031759.0
2024-10-04 04:00:00,4.527,4.681,4.527,4.667,1356188.0
2024-10-04 08:00:00,4.667,4.777,4.656,4.724,1876579.0
2024-10-04 12:00:00,4.723,4.795,4.603,4.74,2676114.0
2024-10-04 16:00:00,4.741,4.832,4.727,4.809,1745259.0
2024-10-04 20:00:00,4.809,4.815,4.761,4.801,704332.0
2024-10-05 00:00:00,4.8,4.825,4.707,4.758,1004412.0
2024-10-05 04:00:00,4.757,4.879,4.751,4.83,1075016.0
2024-10-05 08:00:00,4.83,4.862,4.78,4.781,783050.0
2024-10-05 12:00:00,4.781,4.832,4.765,4.811,721314.0
2024-10-05 16:00:00,4.81,4.826,4.713,4.73,882566.0
2024-10-05 20:00:00,4.731,4.828,4.691,4.826,778455.0
2024-10-06 00:00:00,4.826,4.838,4.782,4.785,612976.0
2024-10-06 04:00:00,4.785,4.828,4.768,4.815,375725.0
2024-10-06 08:00:00,4.816,4.942,4.798,4.914,1078756.0
2024-10-06 12:00:00,4.913,4.968,4.872,4.913,1704062.0
2024-10-06 16:00:00,4.913,4.945,4.851,4.863,1369926.0
2024-10-06 20:00:00,4.863,4.925,4.827,4.921,732421.0
2024-10-07 00:00:00,4.92,5.08,4.879,5.019,1824165.0
2024-10-07 04:00:00,5.019,5.178,5.014,5.137,1547173.0
2024-10-07 08:00:00,5.138,5.22,5.021,5.168,2842539.0
2024-10-07 12:00:00,5.168,5.305,5.042,5.208,3103285.0
2024-10-07 16:00:00,5.209,5.345,5.139,5.256,2410320.0
2024-10-07 20:00:00,5.256,5.262,5.06,5.075,1831208.0
2024-10-08 00:00:00,5.076,5.145,5.043,5.099,1575807.0
2024-10-08 04:00:00,5.098,5.116,4.878,4.919,2143791.0
2024-10-08 08:00:00,4.919,4.976,4.895,4.976,1249608.0
2024-10-08 12:00:00,4.976,5.125,4.856,5.026,4147560.0
2024-10-08 16:00:00,5.026,5.087,4.965,5.026,2339573.0
2024-10-08 20:00:00,5.026,5.09,4.982,5.047,1105613.0
2024-10-09 00:00:00,5.047,5.086,4.942,4.981,1222711.0
2024-10-09 04:00:00,4.98,5.07,4.786,4.831,3229014.0
2024-10-09 08:00:00,4.831,4.873,4.811,4.85,1632528.0
2024-10-09 12:00:00,4.851,5.058,4.772,5.045,2830013.0
2024-10-09 16:00:00,5.047,5.067,4.789,4.819,2499631.0
2024-10-09 20:00:00,4.819,4.821,4.59,4.607,3828263.0
2024-10-10 00:00:00,4.606,4.663,4.546,4.642,1669398.0
2024-10-10 04:00:00,4.641,4.696,4.621,4.65,1086091.0
2024-10-10 08:00:00,4.651,4.691,4.556,4.685,1788995.0
2024-10-10 12:00:00,4.685,4.692,4.582,4.687,2316395.0
2024-10-10 16:00:00,4.687,4.765,4.567,4.722,3710684.0
2024-10-10 20:00:00,4.722,4.747,4.675,4.689,1064347.0
2024-10-11 00:00:00,4.689,4.789,4.676,4.767,1423953.0
2024-10-11 04:00:00,4.767,4.798,4.721,4.734,969231.0
2024-10-11 08:00:00,4.733,4.844,4.731,4.821,1131386.0
2024-10-11 12:00:00,4.822,5.037,4.821,5.012,2630176.0
2024-10-11 16:00:00,5.012,5.084,4.974,5.028,1345820.0
2024-10-11 20:00:00,5.028,5.055,4.942,4.969,1091195.0
2024-10-12 00:00:00,4.969,5.009,4.888,4.901,1111561.0
2024-10-12 04:00:00,4.902,5.003,4.902,4.996,1008724.0
2024-10-12 08:00:00,4.995,5.092,4.976,5.055,1687088.0
2024-10-12 12:00:00,5.055,5.123,5.0,5.016,1787707.0
2024-10-12 16:00:00,5.016,5.057,4.953,5.022,1523291.0
2024-10-12 20:00:00,5.022,5.051,4.989,5.001,656891.0
2024-10-13 00:00:00,5.002,5.03,4.94,4.955,1044985.0
2024-10-13 04:00:00,4.955,5.058,4.944,4.972,1113348.0
2024-10-13 08:00:00,4.973,4.983,4.695,4.762,2600049.0
2024-10-13 12:00:00,4.762,4.846,4.664,4.698,3280619.0
2024-10-13 16:00:00,4.698,4.768,4.684,4.746,1452773.0
2024-10-13 20:00:00,4.747,4.852,4.728,4.809,1267147.0
2024-10-14 00:00:00,4.808,5.022,4.751,5.021,2129055.0
2024-10-14 04:00:00,5.021,5.096,4.952,5.07,2281066.0
2024-10-14 08:00:00,5.071,5.094,5.009,5.062,1176905.0
2024-10-14 12:00:00,5.063,5.264,5.025,5.225,3173072.0
2024-10-14 16:00:00,5.224,5.254,5.156,5.204,1288347.0
2024-10-14 20:00:00,5.203,5.306,5.167,5.251,2978579.0
2024-10-15 00:00:00,5.252,5.39,5.232,5.234,2339932.0
2024-10-15 04:00:00,5.234,5.292,5.186,5.224,1550225.0
2024-10-15 08:00:00,5.224,5.27,5.053,5.076,2256492.0
2024-10-15 12:00:00,5.077,5.399,4.96,5.123,5860749.0
2024-10-15 16:00:00,5.125,5.242,5.096,5.138,2006701.0
2024-10-15 20:00:00,5.138,5.182,5.037,5.177,1448510.0
2024-10-16 00:00:00,5.176,5.243,5.125,5.194,1263380.0
2024-10-16 04:00:00,5.194,5.227,5.052,5.072,1515491.0
2024-10-16 08:00:00,5.072,5.254,5.069,5.197,1580504.0
2024-10-16 12:00:00,5.197,5.284,5.125,5.163,3253239.0
2024-10-16 16:00:00,5.164,5.183,5.056,5.132,1491202.0
2024-10-16 20:00:00,5.131,5.217,5.093,5.096,832211.0
2024-10-17 00:00:00,5.097,5.157,5.075,5.105,1195582.0
2024-10-17 04:00:00,5.104,5.115,4.98,5.022,1499257.0
2024-10-17 08:00:00,5.021,5.069,4.872,4.896,1975897.0
2024-10-17 12:00:00,4.898,5.012,4.871,4.974,2295171.0
2024-10-17 16:00:00,4.974,4.978,4.627,4.792,8937266.0
2024-10-17 20:00:00,4.792,4.812,4.748,4.799,2019115.0
2024-10-18 00:00:00,4.798,4.975,4.765,4.884,2000634.0
2024-10-18 04:00:00,4.886,4.969,4.866,4.917,1253839.0
2024-10-18 08:00:00,4.917,4.929,4.852,4.872,950202.0
2024-10-18 12:00:00,4.872,4.979,4.829,4.958,1547586.0
2024-10-18 16:00:00,4.958,5.103,4.919,5.046,2237989.0
2024-10-18 20:00:00,5.047,5.067,5.009,5.05,868834.0
2024-10-19 00:00:00,5.051,5.153,5.036,5.109,902595.0
2024-10-19 04:00:00,5.11,5.133,5.061,5.073,559446.0
2024-10-19 08:00:00,5.073,5.084,4.952,4.955,1008180.0
2024-10-19 12:00:00,4.954,5.009,4.949,4.985,766019.0
2024-10-19 16:00:00,4.985,4.985,4.909,4.936,921450.0
2024-10-19 20:00:00,4.935,5.003,4.922,4.93,824364.0
2024-10-20 00:00:00,4.93,4.945,4.857,4.887,953272.0
2024-10-20 04:00:00,4.888,4.963,4.875,4.939,622879.0
2024-10-20 08:00:00,4.939,4.979,4.859,4.908,1377739.0
2024-10-20 12:00:00,4.907,5.051,4.863,4.996,1802429.0
2024-10-20 16:00:00,4.997,5.024,4.955,4.958,723484.0
2024-10-20 20:00:00,4.958,5.211,4.945,5.189,2242062.0
2024-10-21 00:00:00,5.189,5.298,5.128,5.149,2184744.0
2024-10-21 04:00:00,5.149,5.232,5.115,5.127,1207150.0
2024-10-21 08:00:00,5.126,5.158,4.98,5.009,1662346.0
2024-10-21 12:00:00,5.009,5.079,4.888,4.969,3251398.0
2024-10-21 16:00:00,4.969,5.082,4.874,5.067,1884166.0
2024-10-21 20:00:00,5.066,5.109,4.993,5.0,1328228.0
2024-10-22 00:00:00,5.0,5.078,4.916,5.033,1609061.0
2024-10-22 04:00:00,5.033,5.222,4.996,5.191,1818001.0
2024-10-22 08:00:00,5.191,5.253,5.02,5.193,3880610.0
2024-10-22 12:00:00,5.193,5.291,5.096,5.188,5181015.0
2024-10-22 16:00:00,5.187,5.244,5.107,5.206,3352020.0
2024-10-22 20:00:00,5.206,5.327,5.144,5.32,2554699.0
2024-10-23 00:00:00,5.32,5.362,5.126,5.173,2821821.0
2024-10-23 04:00:00,5.173,5.285,5.102,5.111,2972578.0
2024-10-23 08:00:00,5.111,5.154,5.04,5.105,2541468.0
2024-10-23 12:00:00,5.104,5.269,5.062,5.098,3278629.0
2024-10-23 16:00:00,5.098,5.169,4.92,5.167,4680995.0
2024-10-23 20:00:00,5.168,5.203,5.098,5.136,1578826.0
2024-10-24 00:00:00,5.136,5.392,5.123,5.263,4804775.0
2024-10-24 04:00:00,5.263,5.333,5.188,5.201,1751794.0
2024-10-24 08:00:00,5.201,5.252,5.095,5.241,2202403.0
2024-10-24 12:00:00,5.242,5.48,5.197,5.422,8357337.0
2024-10-24 16:00:00,5.421,5.455,5.346,5.429,2717007.0
2024-10-24 20:00:00,5.428,5.523,5.379,5.42,1766960.0
2024-10-25 00:00:00,5.421,5.444,5.319,5.343,1659081.0
2024-10-25 04:00:00,5.342,5.348,5.14,5.184,2114461.0
2024-10-25 08:00:00,5.184,5.29,5.124,5.279,2280389.0
2024-10-25 12:00:00,5.279,5.321,5.104,5.133,2950401.0
2024-10-25 16:00:00,5.134,5.155,4.939,5.088,4111585.0
2024-10-25 20:00:00,5.087,5.147,4.655,4.894,4711451.0
2024-10-26 00:00:00,4.895,4.91,4.806,4.875,2015701.0
2024-10-26 04:00:00,4.876,5.063,4.858,5.044,2373819.0
2024-10-26 08:00:00,5.044,5.069,5.011,5.05,1524887.0
2024-10-26 12:00:00,5.05,5.089,4.917,4.936,1691985.0
2024-10-26 16:00:00,4.936,5.022,4.922,4.998,1109668.0
2024-10-26 20:00:00,4.999,5.054,4.965,5.03,1090347.0
2024-10-27 00:00:00,5.031,5.118,5.022,5.117,1153963.0
2024-10-27 04:00:00,5.118,5.26,5.117,5.181,2743362.0
2024-10-27 08:00:00,5.182,5.258,5.176,5.202,1581678.0
2024-10-27 12:00:00,5.202,5.358,5.199,5.298,2164961.0
2024-10-27 16:00:00,5.298,5.364,5.264,5.311,1388050.0
2024-10-27 20:00:00,5.312,5.406,5.304,5.313,1880976.0
2024-10-28 00:00:00,5.312,5.365,5.257,5.268,1525711.0
2024-10-28 04:00:00,5.268,5.487,5.253,5.473,2793902.0
2024-10-28 08:00:00,5.473,5.634,5.376,5.597,7962549.0
2024-10-28 12:00:00,5.596,5.761,5.537,5.58,10329260.0
2024-10-28 16:00:00,5.581,5.758,5.549,5.714,4400947.0
2024-10-28 20:00:00,5.804,6.0,5.765,5.97,7915859.0
2024-10-29 00:00:00,5.97,6.232,5.953,6.132,11414011.0
2024-10-29 04:00:00,6.132,6.187,6.051,6.078,3872242.0
2024-10-29 08:00:00,6.077,6.095,5.952,6.055,3211079.0
2024-10-29 12:00:00,6.055,6.319,6.045,6.206,7569953.0
2024-10-29 16:00:00,6.205,6.205,6.03,6.049,3675594.0
2024-10-29 20:00:00,6.05,6.098,5.991,6.067,2072763.0
2024-10-30 00:00:00,6.068,6.119,6.004,6.047,2182305.0
2024-10-30 04:00:00,6.047,6.167,6.044,6.084,1614484.0
2024-10-30 08:00:00,6.086,6.192,5.927,5.969,2713809.0
2024-10-30 12:00:00,5.968,5.999,5.802,5.814,5269375.0
2024-10-30 16:00:00,5.815,5.879,5.806,5.848,1387757.0
2024-10-30 20:00:00,5.847,5.956,5.821,5.875,1503876.0
2024-10-31 00:00:00,5.875,5.942,5.825,5.872,1652672.0
2024-10-31 04:00:00,5.873,5.906,5.76,5.78,1607740.0
2024-10-31 08:00:00,5.781,5.868,5.745,5.839,2036838.0
2024-10-31 12:00:00,5.839,5.843,5.661,5.679,2781176.0
2024-10-31 16:00:00,5.679,5.714,5.563,5.569,2104582.0
2024-10-31 20:00:00,5.568,5.661,5.552,5.617,1553228.0
2024-11-01 00:00:00,5.618,5.664,5.514,5.62,1853346.0
2024-11-01 04:00:00,5.619,5.633,5.469,5.516,1284141.0
2024-11-01 08:00:00,5.515,5.663,5.502,5.632,1517230.0
2024-11-01 12:00:00,5.632,5.835,5.507,5.561,3898381.0
2024-11-01 16:00:00,5.559,5.786,5.544,5.687,5449743.0
2024-11-01 20:00:00,5.688,5.709,5.595,5.699,1230146.0
2024-11-02 00:00:00,5.699,5.832,5.697,5.784,1604449.0
2024-11-02 04:00:00,5.784,5.873,5.553,5.557,3875001.0
2024-11-02 08:00:00,5.557,5.625,5.489,5.539,3200321.0
2024-11-02 12:00:00,5.539,5.565,5.412,5.433,2115839.0
2024-11-02 16:00:00,5.434,5.513,5.417,5.447,1375565.0
2024-11-02 20:00:00,5.448,5.534,5.439,5.522,997245.0
2024-11-03 00:00:00,5.522,5.539,5.318,5.334,2928484.0
2024-11-03 04:00:00,5.333,5.457,5.326,5.403,1223641.0
2024-11-03 08:00:00,5.403,5.411,5.292,5.297,1098490.0
2024-11-03 12:00:00,5.297,5.305,4.994,5.074,4029359.0
2024-11-03 16:00:00,5.073,5.113,4.943,5.035,2443144.0
2024-11-03 20:00:00,5.035,5.16,5.024,5.079,2309498.0
2024-11-04 00:00:00,5.078,5.122,4.962,5.034,2121613.0
2024-11-04 04:00:00,5.034,5.082,4.923,4.931,1609771.0
2024-11-04 08:00:00,4.931,5.049,4.859,4.986,3085259.0
2024-11-04 12:00:00,4.987,5.031,4.851,4.894,2371471.0
2024-11-04 16:00:00,4.895,4.904,4.472,4.573,8979434.0
2024-11-04 20:00:00,4.574,4.574,4.219,4.266,9373347.0
2024-11-05 00:00:00,4.266,4.405,4.23,4.395,4842920.0
2024-11-05 04:00:00,4.394,4.542,4.383,4.491,4481173.0
2024-11-05 08:00:00,4.491,4.538,4.423,4.509,4138472.0
2024-11-05 12:00:00,4.509,4.769,4.489,4.685,6490135.0
2024-11-05 16:00:00,4.684,4.743,4.526,4.555,3601148.0
2024-11-05 20:00:00,4.554,4.711,4.539,4.665,2606277.0
2024-11-06 00:00:00,4.664,5.29,4.663,5.205,7753692.0
2024-11-06 04:00:00,5.205,5.468,5.162,5.242,6841201.0
2024-11-06 08:00:00,5.243,5.394,5.14,5.371,3480208.0
2024-11-06 12:00:00,5.371,5.45,5.285,5.394,3077937.0
2024-11-06 16:00:00,5.394,5.5,5.346,5.489,2991306.0
2024-11-06 20:00:00,5.488,5.642,5.453,5.561,2602744.0
2024-11-07 00:00:00,5.56,5.658,5.482,5.505,2922328.0
2024-11-07 04:00:00,5.506,5.529,5.367,5.441,1750311.0
2024-11-07 08:00:00,5.44,5.516,5.386,5.389,1588096.0
2024-11-07 12:00:00,5.389,5.592,5.357,5.582,2347083.0
2024-11-07 16:00:00,5.583,5.641,5.505,5.602,2805618.0
2024-11-07 20:00:00,5.603,5.702,5.551,5.601,2204713.0
2024-11-08 00:00:00,5.602,5.696,5.417,5.467,2112681.0
2024-11-08 04:00:00,5.466,5.533,5.424,5.524,1401052.0
2024-11-08 08:00:00,5.525,5.577,5.438,5.529,1314495.0
2024-11-08 12:00:00,5.53,5.604,5.455,5.514,2448680.0
2024-11-08 16:00:00,5.515,5.557,5.362,5.499,2853781.0
2024-11-08 20:00:00,5.498,5.555,5.425,5.534,1238968.0
2024-11-09 00:00:00,5.535,5.595,5.474,5.48,1263814.0
2024-11-09 04:00:00,5.481,5.616,5.451,5.559,1339784.0
2024-11-09 08:00:00,5.56,5.746,5.553,5.719,2155956.0
2024-11-09 12:00:00,5.72,5.738,5.431,5.483,3051000.0
2024-11-09 16:00:00,5.483,5.526,5.335,5.457,2525501.0
2024-11-09 20:00:00,5.458,5.757,5.445,5.698,2064098.0
2024-11-10 00:00:00,5.698,5.794,5.569,5.717,2300943.0
2024-11-10 04:00:00,5.717,5.981,5.692,5.917,3368437.0
2024-11-10 08:00:00,5.917,6.015,5.883,5.957,2500870.0
2024-11-10 12:00:00,5.957,6.038,5.812,5.99,3533691.0
2024-11-10 16:00:00,5.991,6.162,5.753,5.838,8538467.0
2024-11-10 20:00:00,5.838,5.954,5.498,5.845,4913323.0
2024-11-11 00:00:00,5.846,6.129,5.818,6.111,3144945.0
2024-11-11 04:00:00,6.111,6.122,5.781,5.99,3273891.0
2024-11-11 08:00:00,5.991,6.368,5.96,6.326,5243819.0
2024-11-11 12:00:00,6.327,6.532,6.175,6.398,9846062.0
2024-11-11 16:00:00,6.397,6.598,6.386,6.515,6563568.0
2024-11-11 20:00:00,6.514,6.678,6.371,6.583,4111636.0
2024-11-12 00:00:00,6.583,6.611,6.316,6.53,3198870.0
2024-11-12 04:00:00,6.53,6.549,6.356,6.389,2378154.0
2024-11-12 08:00:00,6.389,6.538,5.83,6.017,6724323.0
2024-11-12 12:00:00,6.018,6.072,5.702,5.754,4861579.0
2024-11-12 16:00:00,5.755,5.975,5.641,5.891,3891528.0
2024-11-12 20:00:00,5.891,5.999,5.804,5.845,2662863.0
2024-11-13 00:00:00,5.845,5.965,5.619,5.624,3787507.0
2024-11-13 04:00:00,5.624,5.758,5.451,5.633,3957733.0
2024-11-13 08:00:00,5.634,5.682,5.458,5.633,3408648.0
2024-11-13 12:00:00,5.632,6.077,5.576,6.034,6400461.0
2024-11-13 16:00:00,6.033,6.059,5.535,5.562,5238764.0
2024-11-13 20:00:00,5.562,5.668,5.404,5.614,4399956.0
2024-11-14 00:00:00,5.615,5.629,5.479,5.611,2554229.0
2024-11-14 04:00:00,5.612,5.799,5.573,5.767,2607685.0
2024-11-14 08:00:00,5.769,5.827,5.51,5.611,2922145.0
2024-11-14 12:00:00,5.61,5.675,5.364,5.485,4322164.0
2024-11-14 16:00:00,5.484,5.68,5.423,5.598,2791912.0
2024-11-14 20:00:00,5.597,5.625,5.321,5.425,3288897.0
2024-11-15 00:00:00,5.425,5.513,5.33,5.472,2307608.0
2024-11-15 04:00:00,5.472,5.477,5.237,5.391,2038470.0
2024-11-15 08:00:00,5.391,5.565,5.328,5.56,1701413.0
2024-11-15 12:00:00,5.559,5.635,5.337,5.363,2892181.0
2024-11-15 16:00:00,5.363,5.53,5.335,5.489,2178396.0
2024-11-15 20:00:00,5.49,5.627,5.488,5.552,1880226.0
2024-11-16 00:00:00,5.552,5.687,5.499,5.679,1353093.0
2024-11-16 04:00:00,5.679,5.719,5.579,5.593,1515096.0
2024-11-16 08:00:00,5.593,5.767,5.572,5.766,1612605.0
2024-11-16 12:00:00,5.766,5.806,5.452,5.513,3353462.0
2024-11-16 16:00:00,5.513,5.719,5.467,5.658,2539262.0
2024-11-16 20:00:00,5.659,5.676,5.523,5.62,1794132.0
2024-11-17 00:00:00,5.621,5.705,5.321,5.53,3309194.0
2024-11-17 04:00:00,5.531,5.777,5.521,5.747,2760553.0
2024-11-17 08:00:00,5.747,5.803,5.49,5.497,2231469.0
2024-11-17 12:00:00,5.496,5.587,5.457,5.483,1720155.0
2024-11-17 16:00:00,5.483,5.504,5.311,5.37,1746492.0
2024-11-17 20:00:00,5.371,5.41,5.193,5.325,2551229.0
2024-11-18 00:00:00,5.324,5.532,5.287,5.531,1978448.0
2024-11-18 04:00:00,5.53,5.609,5.456,5.517,1468495.0
2024-11-18 08:00:00,5.518,5.523,5.268,5.295,2406500.0
2024-11-18 12:00:00,5.296,5.47,5.149,5.449,5172294.0
2024-11-18 16:00:00,5.449,5.49,5.248,5.335,2878614.0
2024-11-18 20:00:00,5.334,5.439,5.291,5.408,1942958.0
2024-11-19 00:00:00,5.407,5.427,5.347,5.397,1058720.0
2024-11-19 04:00:00,5.397,5.444,5.325,5.365,1074591.0
2024-11-19 08:00:00,5.366,5.391,5.26,5.325,1369959.0
2024-11-19 12:00:00,5.326,5.4,5.186,5.289,2598390.0
2024-11-19 16:00:00,5.289,5.391,5.261,5.327,1822520.0
2024-11-19 20:00:00,5.328,5.343,5.104,5.208,2696884.0
2024-11-20 00:00:00,5.209,5.209,5.018,5.101,2128916.0
2024-11-20 04:00:00,5.101,5.192,5.062,5.174,1044142.0
2024-11-20 08:00:00,5.173,5.353,5.165,5.23,2344935.0
2024-11-20 12:00:00,5.23,5.345,5.138,5.284,2573000.0
2024-11-20 16:00:00,5.284,5.29,4.95,5.013,3686967.0
2024-11-20 20:00:00,5.012,5.147,4.97,5.048,1689025.0
2024-11-21 00:00:00,5.048,5.129,4.903,5.04,2330153.0
2024-11-21 04:00:00,5.041,5.282,5.038,5.274,2713431.0
2024-11-21 08:00:00,5.274,5.318,5.164,5.195,2925273.0
2024-11-21 12:00:00,5.194,5.458,5.144,5.284,5839053.0
2024-11-21 16:00:00,5.284,5.431,5.267,5.313,2922924.0
2024-11-21 20:00:00,5.314,5.394,5.297,5.36,1333031.0
2024-11-22 00:00:00,5.362,5.387,5.221,5.352,1832492.0
2024-11-22 04:00:00,5.352,5.432,5.308,5.325,1584911.0
2024-11-22 08:00:00,5.324,5.422,5.253,5.325,1936787.0
2024-11-22 12:00:00,5.325,5.325,5.05,5.282,4381775.0
2024-11-22 16:00:00,5.282,5.327,5.189,5.227,1715915.0
2024-11-22 20:00:00,5.226,5.478,5.21,5.477,1931297.0
2024-11-23 00:00:00,5.477,5.691,5.43,5.614,3695546.0
2024-11-23 04:00:00,5.614,5.776,5.571,5.77,2239039.0
2024-11-23 08:00:00,5.77,5.828,5.653,5.737,2353212.0
2024-11-23 12:00:00,5.736,5.944,5.705,5.888,2275210.0
2024-11-23 16:00:00,5.889,5.943,5.53,5.567,5348997.0
2024-11-23 20:00:00,5.567,5.642,5.379,5.583,3191543.0
2024-11-24 00:00:00,5.584,5.878,5.561,5.877,2270342.0
2024-11-24 04:00:00,5.877,5.899,5.722,5.801,2423678.0
2024-11-24 08:00:00,5.8,5.833,5.455,5.459,3214414.0
2024-11-24 12:00:00,5.459,5.535,5.256,5.308,5076133.0
2024-11-24 16:00:00,5.308,5.519,5.274,5.49,2386457.0
2024-11-24 20:00:00,5.489,5.786,5.471,5.738,2371784.0
2024-11-25 00:00:00,5.739,5.832,5.539,5.638,2644306.0
2024-11-25 04:00:00,5.638,5.75,5.599,5.709,1969223.0
2024-11-25 08:00:00,5.709,5.949,5.683,5.76,4333401.0
2024-11-25 12:00:00,5.759,5.821,5.359,5.621,6279673.0
2024-11-25 16:00:00,5.621,5.702,5.414,5.511,3033566.0
2024-11-25 20:00:00,5.511,5.62,5.295,5.436,3141548.0
2024-11-26 00:00:00,5.434,5.651,5.386,5.577,1862533.0
2024-11-26 04:00:00,5.577,5.632,5.43,5.458,1423203.0
2024-11-26 08:00:00,5.459,5.466,5.056,5.196,5855220.0
2024-11-26 12:00:00,5.195,5.339,5.086,5.218,4248567.0
2024-11-26 16:00:00,5.217,5.325,5.119,5.202,3244159.0
2024-11-26 20:00:00,5.201,5.302,5.189,5.254,2337090.0
2024-11-27 00:00:00,5.254,5.353,5.174,5.287,1885306.0
2024-11-27 04:00:00,5.286,5.486,5.278,5.467,2222564.0
2024-11-27 08:00:00,5.466,5.569,5.401,5.491,1970421.0
2024-11-27 12:00:00,5.491,5.63,5.412,5.587,2882980.0
2024-11-27 16:00:00,5.587,5.664,5.543,5.634,2257780.0
2024-11-27 20:00:00,5.634,5.678,5.56,5.59,1802049.0
2024-11-28 00:00:00,5.59,5.656,5.445,5.511,2211987.0
2024-11-28 04:00:00,5.512,5.589,5.473,5.494,1385977.0
2024-11-28 08:00:00,5.495,5.51,5.341,5.413,2376589.0
2024-11-28 12:00:00,5.412,5.463,5.312,5.33,1940746.0
2024-11-28 16:00:00,5.331,5.515,5.324,5.493,1997382.0
2024-11-28 20:00:00,5.494,5.6,5.438,5.594,1371684.0
2024-11-29 00:00:00,5.595,5.64,5.538,5.6,1491607.0
2024-11-29 04:00:00,5.6,5.632,5.449,5.453,1286352.0
2024-11-29 08:00:00,5.453,5.688,5.45,5.668,1744522.0
2024-11-29 12:00:00,5.668,5.806,5.62,5.754,3058448.0
2024-11-29 16:00:00,5.754,5.953,5.716,5.911,4999492.0
2024-11-29 20:00:00,5.912,6.314,5.864,6.185,4480407.0
2024-11-30 00:00:00,6.185,6.211,5.985,6.057,2390921.0
2024-11-30 04:00:00,6.057,6.132,6.015,6.078,1819570.0
2024-11-30 08:00:00,6.077,6.21,6.056,6.127,2420416.0
2024-11-30 12:00:00,6.126,6.377,6.078,6.356,2958707.0
2024-11-30 16:00:00,6.357,6.383,6.223,6.297,2156897.0
2024-11-30 20:00:00,6.296,6.336,6.174,6.184,2067338.0
2024-12-01 00:00:00,6.184,6.26,6.011,6.101,2210818.0
2024-12-01 04:00:00,6.102,6.137,6.023,6.114,1170045.0
2024-12-01 08:00:00,6.113,6.185,6.033,6.093,1294866.0
2024-12-01 12:00:00,6.093,6.175,6.038,6.129,1574758.0
2024-12-01 16:00:00,6.13,6.163,6.028,6.063,1704311.0
2024-12-01 20:00:00,6.063,6.168,5.943,6.069,2501184.0
2024-12-02 00:00:00,6.068,6.275,5.939,5.96,3190136.0
2024-12-02 04:00:00,5.96,6.018,5.817,5.865,3301901.0
2024-12-02 08:00:00,5.867,5.89,5.579,5.688,6296639.0
2024-12-02 12:00:00,5.689,6.155,5.669,6.104,4285843.0
2024-12-02 16:00:00,6.104,6.215,5.79,6.032,3991778.0
2024-12-02 20:00:00,6.033,6.502,5.997,6.488,6212805.0
2024-12-03 00:00:00,6.488,6.575,6.355,6.528,3708042.0
2024-12-03 04:00:00,6.526,6.825,6.416,6.545,6383757.0
2024-12-03 08:00:00,6.546,6.627,6.402,6.57,3448662.0
2024-12-03 12:00:00,6.569,6.845,6.264,6.662,11578974.0
2024-12-03 16:00:00,6.663,6.851,6.51,6.76,4340857.0
2024-12-03 20:00:00,6.76,7.164,6.719,6.934,5783579.0
2024-12-04 00:00:00,6.934,6.995,6.748,6.846,3582802.0
2024-12-04 04:00:00,6.846,7.197,6.843,7.027,2905599.0
2024-12-04 08:00:00,7.028,7.186,6.951,7.059,3028305.0
2024-12-04 12:00:00,7.059,7.194,6.874,7.1,5188707.0
2024-12-04 16:00:00,7.1,7.126,6.659,7.087,5202047.0
2024-12-04 20:00:00,7.089,7.235,6.914,7.065,4103045.0
2024-12-05 00:00:00,7.065,7.277,6.666,7.192,6129272.0
2024-12-05 04:00:00,7.191,7.413,7.081,7.256,4263579.0
2024-12-05 08:00:00,7.257,7.379,7.17,7.255,2197436.0
2024-12-05 12:00:00,7.255,7.31,7.035,7.144,3978951.0
2024-12-05 16:00:00,7.145,7.219,6.922,6.964,3069892.0
2024-12-05 20:00:00,6.965,6.978,6.583,6.769,6830629.0
2024-12-06 00:00:00,6.769,7.016,6.715,6.959,2578893.0
2024-12-06 04:00:00,6.959,7.108,6.952,7.045,1631436.0
2024-12-06 08:00:00,7.046,7.141,6.777,6.817,2646864.0
2024-12-06 12:00:00,6.816,7.074,6.737,7.001,2865556.0
2024-12-06 16:00:00,7.001,7.413,6.953,7.363,3403589.0
2024-12-06 20:00:00,7.364,7.494,7.238,7.289,2528069.0
2024-12-07 00:00:00,7.289,7.382,7.19,7.23,1461783.0
2024-12-07 04:00:00,7.23,7.337,7.21,7.313,1033906.0
2024-12-07 08:00:00,7.312,7.321,7.076,7.195,1819738.0
2024-12-07 12:00:00,7.194,7.287,7.15,7.273,1572779.0
2024-12-07 16:00:00,7.273,7.279,7.085,7.148,1276661.0
2024-12-07 20:00:00,7.149,7.23,7.118,7.137,1159367.0
2024-12-08 00:00:00,7.138,7.297,7.11,7.285,1568997.0
2024-12-08 04:00:00,7.285,7.309,7.038,7.183,1893623.0
2024-12-08 08:00:00,7.183,7.266,6.936,7.226,2217444.0
2024-12-08 12:00:00,7.225,7.399,7.124,7.34,2997294.0
2024-12-08 16:00:00,7.341,7.444,7.17,7.3,2471252.0
2024-12-08 20:00:00,7.299,7.586,7.181,7.556,2640809.0
2024-12-09 00:00:00,7.556,7.575,7.244,7.347,4441577.0
2024-12-09 04:00:00,7.347,7.528,7.034,7.239,4586946.0
2024-12-09 08:00:00,7.239,7.243,6.786,6.914,5944357.0
2024-12-09 12:00:00,6.914,7.172,6.794,6.856,4454322.0
2024-12-09 16:00:00,6.857,7.082,6.798,6.967,3123315.0
2024-12-09 20:00:00,6.967,7.046,5.623,6.345,16037091.0
2024-12-10 00:00:00,6.347,6.512,5.93,6.165,5404972.0
2024-12-10 04:00:00,6.165,6.354,6.032,6.333,2489532.0
2024-12-10 08:00:00,6.333,6.519,6.247,6.346,2359688.0
2024-12-10 12:00:00,6.347,6.371,5.805,5.813,5930252.0
2024-12-10 16:00:00,5.814,5.916,5.569,5.889,6858883.0
2024-12-10 20:00:00,5.888,6.12,5.852,6.076,2431741.0
2024-12-11 00:00:00,6.076,6.125,5.815,6.095,2639494.0
2024-12-11 04:00:00,6.095,6.139,6.034,6.038,1112678.0
2024-12-11 08:00:00,6.039,6.233,6.036,6.15,1892245.0
2024-12-11 12:00:00,6.15,6.478,6.15,6.421,3292463.0
2024-12-11 16:00:00,6.42,6.476,6.28,6.381,1866987.0
2024-12-11 20:00:00,6.381,6.412,6.314,6.346,1420085.0
2024-12-12 00:00:00,6.346,6.537,6.276,6.459,2214262.0
2024-12-12 04:00:00,6.458,6.609,6.427,6.544,2205876.0
2024-12-12 08:00:00,6.545,6.689,6.4,6.419,2556036.0
2024-12-12 12:00:00,6.419,6.607,6.418,6.532,2867464.0
2024-12-12 16:00:00,6.531,6.643,6.255,6.277,2820882.0
2024-12-12 20:00:00,6.276,6.461,6.233,6.365,2610866.0
2024-12-13 00:00:00,6.365,6.564,6.31,6.519,2495239.0
2024-12-13 04:00:00,6.518,6.545,6.288,6.358,1683846.0
2024-12-13 08:00:00,6.358,6.555,6.325,6.475,1614636.0
2024-12-13 12:00:00,6.476,6.693,6.424,6.489,3285378.0
2024-12-13 16:00:00,6.488,6.707,6.412,6.484,3923294.0
2024-12-13 20:00:00,6.486,6.586,6.411,6.569,1283229.0
2024-12-14 00:00:00,6.569,6.683,6.463,6.49,1469331.0
2024-12-14 04:00:00,6.491,6.499,6.38,6.387,1135800.0
2024-12-14 08:00:00,6.387,6.438,6.3,6.305,1247275.0
2024-12-14 12:00:00,6.307,6.321,6.13,6.233,2134055.0
2024-12-14 16:00:00,6.232,6.232,6.077,6.132,1434934.0
2024-12-14 20:00:00,6.132,6.209,6.039,6.204,1075573.0
2024-12-15 00:00:00,6.204,6.273,6.136,6.185,1035756.0
2024-12-15 04:00:00,6.185,6.302,6.084,6.145,1095673.0
2024-12-15 08:00:00,6.145,6.264,6.119,6.261,958901.0
2024-12-15 12:00:00,6.26,6.504,6.24,6.421,2110842.0
2024-12-15 16:00:00,6.421,6.481,6.362,6.368,886546.0
2024-12-15 20:00:00,6.368,6.497,6.151,6.454,2488482.0
2024-12-16 00:00:00,6.455,6.839,6.433,6.52,4286177.0
2024-12-16 04:00:00,6.52,6.75,6.501,6.517,2058067.0
2024-12-16 08:00:00,6.517,6.558,6.25,6.268,2804370.0
2024-12-16 12:00:00,6.269,6.85,6.261,6.822,4455582.0
2024-12-16 16:00:00,6.822,7.084,6.791,7.05,8350267.0
2024-12-16 20:00:00,7.051,7.125,6.888,6.941,5626179.0
2024-12-17 00:00:00,6.941,6.987,6.807,6.924,3456783.0
2024-12-17 04:00:00,6.925,6.925,6.73,6.815,2362524.0
2024-12-17 08:00:00,6.815,6.942,6.722,6.922,3869282.0
2024-12-17 12:00:00,6.921,6.999,6.68,6.748,4425866.0
2024-12-17 16:00:00,6.748,6.909,6.684,6.758,3161400.0
2024-12-17 20:00:00,6.757,6.847,6.598,6.674,2382178.0
2024-12-18 00:00:00,6.673,6.864,6.67,6.692,2785992.0
2024-12-18 04:00:00,6.691,6.697,6.376,6.445,3555157.0
2024-12-18 08:00:00,6.444,6.568,6.379,6.528,1729918.0
2024-12-18 12:00:00,6.527,6.57,6.319,6.406,3365755.0
2024-12-18 16:00:00,6.407,6.54,6.256,6.256,3066430.0
2024-12-18 20:00:00,6.257,6.294,5.716,5.832,9324051.0
2024-12-19 00:00:00,5.833,5.92,5.508,5.808,6192670.0
2024-12-19 04:00:00,5.808,5.822,5.72,5.769,1734434.0
2024-12-19 08:00:00,5.768,5.811,5.674,5.719,2241043.0
2024-12-19 12:00:00,5.72,5.729,5.44,5.525,4562122.0
2024-12-19 16:00:00,5.524,5.552,5.017,5.178,9468700.0
2024-12-19 20:00:00,5.179,5.319,5.02,5.193,5885293.0
2024-12-20 00:00:00,5.193,5.38,5.129,5.283,3156733.0
2024-12-20 04:00:00,5.283,5.345,5.145,5.229,2543589.0
2024-12-20 08:00:00,5.229,5.231,4.51,4.521,10018854.0
2024-12-20 12:00:00,4.522,5.153,4.513,5.093,5440833.0
2024-12-20 16:00:00,5.094,5.324,5.063,5.27,2440702.0
2024-12-20 20:00:00,5.271,5.298,5.128,5.276,2298550.0
2024-12-21 00:00:00,5.276,5.333,5.202,5.275,1631126.0
2024-12-21 04:00:00,5.275,5.549,5.272,5.489,1923873.0
2024-12-21 08:00:00,5.49,5.514,5.297,5.346,1963690.0
2024-12-21 12:00:00,5.346,5.35,5.027,5.142,4061544.0
2024-12-21 16:00:00,5.143,5.147,4.915,5.002,3315994.0
2024-12-21 20:00:00,5.001,5.053,4.903,4.971,1824786.0
2024-12-22 00:00:00,4.971,5.022,4.883,4.959,2377885.0
2024-12-22 04:00:00,4.959,4.988,4.812,4.95,1723482.0
2024-12-22 08:00:00,4.95,5.107,4.947,5.054,1470649.0
2024-12-22 12:00:00,5.055,5.102,4.922,4.96,2310370.0
2024-12-22 16:00:00,4.96,5.041,4.864,4.879,1329670.0
2024-12-22 20:00:00,4.88,5.02,4.827,4.945,1877530.0
2024-12-23 00:00:00,4.946,5.122,4.825,5.101,2548889.0
2024-12-23 04:00:00,5.1,5.142,4.92,4.999,1558726.0
2024-12-23 08:00:00,5.0,5.118,4.981,5.047,1244858.0
2024-12-23 12:00:00,5.046,5.082,4.925,4.933,1980071.0
2024-12-23 16:00:00,4.933,5.109,4.879,5.052,3034561.0
2024-12-23 20:00:00,5.051,5.308,5.048,5.241,2449047.0
2024-12-24 00:00:00,5.24,5.259,5.09,5.216,1872640.0
2024-12-24 04:00:00,5.216,5.331,5.181,5.272,1179801.0
2024-12-24 08:00:00,5.272,5.346,5.205,5.289,1270584.0
2024-12-24 12:00:00,5.288,5.51,5.241,5.476,1858712.0
2024-12-24 16:00:00,5.476,5.513,5.357,5.357,1401928.0
2024-12-24 20:00:00,5.357,5.425,5.305,5.403,890756.0
2024-12-25 00:00:00,5.403,5.405,5.316,5.34,731331.0
2024-12-25 04:00:00,5.342,5.367,5.249,5.26,1141925.0
2024-12-25 08:00:00,5.259,5.385,5.213,5.221,1312778.0
2024-12-25 12:00:00,5.221,5.285,5.181,5.199,1089663.0
2024-12-25 16:00:00,5.2,5.213,5.124,5.173,1206190.0
2024-12-25 20:00:00,5.173,5.187,5.094,5.17,1131269.0
2024-12-26 00:00:00,5.171,5.219,5.06,5.072,1331214.0
2024-12-26 04:00:00,5.072,5.072,4.934,4.97,1780645.0
2024-12-26 08:00:00,4.971,4.983,4.778,4.837,3166333.0
2024-12-26 12:00:00,4.837,4.874,4.79,4.805,1558432.0
2024-12-26 16:00:00,4.805,4.909,4.734,4.902,1836762.0
2024-12-26 20:00:00,4.902,4.906,4.803,4.846,1555734.0
2024-12-27 00:00:00,4.845,4.925,4.807,4.908,1193175.0
2024-12-27 04:00:00,4.907,4.969,4.827,4.865,1332084.0
2024-12-27 08:00:00,4.865,5.128,4.864,5.081,2576456.0
2024-12-27 12:00:00,5.082,5.091,4.87,4.912,3540895.0
2024-12-27 16:00:00,4.912,4.964,4.824,4.828,2578418.0
2024-12-27 20:00:00,4.828,4.832,4.665,4.743,2571749.0
2024-12-28 00:00:00,4.743,4.777,4.702,4.735,1259092.0
2024-12-28 04:00:00,4.735,4.751,4.635,4.649,1120088.0
2024-12-28 08:00:00,4.65,4.729,4.639,4.714,1061340.0
2024-12-28 12:00:00,4.713,4.815,4.666,4.735,2049653.0
2024-12-28 16:00:00,4.735,4.835,4.723,4.747,1152776.0
2024-12-28 20:00:00,4.747,4.83,4.686,4.76,1424949.0
2024-12-29 00:00:00,4.76,4.766,4.705,4.745,748280.0
2024-12-29 04:00:00,4.745,4.752,4.666,4.74,858145.0
2024-12-29 08:00:00,4.74,4.747,4.639,4.643,1027426.0
2024-12-29 12:00:00,4.644,4.663,4.57,4.603,2221625.0
2024-12-29 16:00:00,4.604,4.611,4.555,4.581,1224021.0
2024-12-29 20:00:00,4.58,4.614,4.524,4.579,1513709.0
2024-12-30 00:00:00,4.58,4.705,4.559,4.632,1358070.0
2024-12-30 04:00:00,4.632,4.708,4.61,4.685,947936.0
2024-12-30 08:00:00,4.685,4.727,4.611,4.652,1072629.0
2024-12-30 12:00:00,4.652,4.695,4.36,4.407,3757532.0
2024-12-30 16:00:00,4.406,4.679,4.386,4.641,2982302.0
2024-12-30 20:00:00,4.641,4.682,4.487,4.539,1676146.0
2024-12-31 00:00:00,4.54,4.548,4.451,4.471,1223296.0
2024-12-31 04:00:00,4.471,4.498,4.428,4.473,846294.0
2024-12-31 08:00:00,4.474,4.614,4.474,4.556,1267886.0
2024-12-31 12:00:00,4.557,4.665,4.544,4.63,2853636.0
2024-12-31 16:00:00,4.631,4.669,4.504,4.566,2103726.0
2024-12-31 20:00:00,4.566,4.581,4.463,4.481,1527638.0
2025-01-01 00:00:00,4.481,4.558,4.471,4.478,983786.0
2025-01-01 04:00:00,4.478,4.483,4.431,4.454,854505.0
2025-01-01 08:00:00,4.454,4.463,4.369,4.441,1319742.0
2025-01-01 12:00:00,4.441,4.526,4.435,4.524,1190554.0
2025-01-01 16:00:00,4.524,4.618,4.484,4.593,1697326.0
2025-01-01 20:00:00,4.594,4.639,4.587,4.594,860580.0
2025-01-02 00:00:00,4.595,4.75,4.576,4.711,2191996.0
2025-01-02 04:00:00,4.712,4.785,4.694,4.781,1287442.0
2025-01-02 08:00:00,4.782,4.876,4.751,4.871,1309922.0
2025-01-02 12:00:00,4.871,4.94,4.815,4.852,1908674.0
2025-01-02 16:00:00,4.851,4.904,4.811,4.831,1485612.0
2025-01-02 20:00:00,4.832,4.855,4.753,4.813,1258516.0
2025-01-03 00:00:00,4.814,4.87,4.775,4.866,1300691.0
2025-01-03 04:00:00,4.866,4.867,4.747,4.76,854216.0
2025-01-03 08:00:00,4.76,4.918,4.743,4.914,1391454.0
2025-01-03 12:00:00,4.914,5.084,4.903,5.065,2273190.0
2025-01-03 16:00:00,5.066,5.147,5.065,5.13,1934158.0
2025-01-03 20:00:00,5.13,5.138,5.085,5.113,719050.0
2025-01-04 00:00:00,5.114,5.132,5.045,5.102,794237.0
2025-01-04 04:00:00,5.101,5.126,5.065,5.101,652450.0
2025-01-04 08:00:00,5.101,5.101,5.003,5.055,890311.0
2025-01-04 12:00:00,5.055,5.2,5.045,5.077,2019637.0
2025-01-04 16:00:00,5.077,5.119,5.064,5.092,945242.0
2025-01-04 20:00:00,5.092,5.19,5.088,5.165,970432.0
2025-01-05 00:00:00,5.166,5.187,5.087,5.114,713938.0
2025-01-05 04:00:00,5.114,5.165,5.101,5.127,544352.0
2025-01-05 08:00:00,5.128,5.132,5.043,5.079,971900.0
2025-01-05 12:00:00,5.078,5.118,4.849,4.878,2992447.0
2025-01-05 16:00:00,4.878,4.964,4.82,4.879,2948268.0
2025-01-05 20:00:00,4.88,4.972,4.874,4.931,1454445.0
2025-01-06 00:00:00,4.932,5.015,4.847,5.007,1820982.0
2025-01-06 04:00:00,5.008,5.094,5.0,5.023,1335462.0
2025-01-06 08:00:00,5.023,5.063,4.833,4.935,3159022.0
2025-01-06 12:00:00,4.936,5.076,4.856,5.073,3014981.0
2025-01-06 16:00:00,5.073,5.129,4.937,4.995,2649105.0
2025-01-06 20:00:00,4.995,5.042,4.919,4.956,1546703.0
2025-01-07 00:00:00,4.957,4.958,4.849,4.888,1528802.0
2025-01-07 04:00:00,4.889,4.93,4.864,4.893,754805.0
2025-01-07 08:00:00,4.893,4.932,4.76,4.804,2067384.0
2025-01-07 12:00:00,4.805,4.828,4.5,4.587,5995453.0
2025-01-07 16:00:00,4.586,4.615,4.414,4.438,2966969.0
2025-01-07 20:00:00,4.438,4.495,4.394,4.399,1675086.0
2025-01-08 00:00:00,4.399,4.454,4.307,4.354,2016393.0
2025-01-08 04:00:00,4.354,4.37,4.125,4.192,3927320.0
2025-01-08 08:00:00,4.191,4.236,4.086,4.132,2127154.0
2025-01-08 12:00:00,4.132,4.185,4.071,4.122,2368616.0
2025-01-08 16:00:00,4.122,4.125,3.846,3.974,5687194.0
2025-01-08 20:00:00,3.973,4.02,3.926,3.981,1969436.0
2025-01-09 00:00:00,3.981,4.012,3.906,3.913,2249445.0
2025-01-09 04:00:00,3.912,3.927,3.728,3.748,3258834.0
2025-01-09 08:00:00,3.748,3.828,3.714,3.783,2529809.0
2025-01-09 12:00:00,3.783,3.805,3.515,3.663,8239155.0
2025-01-09 16:00:00,3.662,3.683,3.356,3.365,8910114.0
2025-01-09 20:00:00,3.365,3.445,3.319,3.329,8796378.0
2025-01-10 00:00:00,3.329,3.411,3.221,3.254,11086643.0
2025-01-10 04:00:00,3.255,3.326,3.16,3.293,13225855.0
2025-01-10 08:00:00,3.292,3.519,3.289,3.519,12546263.0
2025-01-10 12:00:00,3.518,3.546,3.341,3.442,18852702.0
2025-01-10 16:00:00,3.442,3.622,3.407,3.565,8950074.0
2025-01-10 20:00:00,3.565,3.567,3.464,3.48,3463776.0
2025-01-11 00:00:00,3.481,3.483,3.377,3.397,4191816.0
2025-01-11 04:00:00,3.396,3.45,3.367,3.403,4360956.0
2025-01-11 08:00:00,3.403,3.515,3.379,3.506,4380381.0
2025-01-11 12:00:00,3.505,3.515,3.344,3.347,4629769.0
2025-01-11 16:00:00,3.347,3.433,3.31,3.423,6096141.0
2025-01-11 20:00:00,3.422,3.57,3.4,3.444,6645072.0
2025-01-12 00:00:00,3.445,3.477,3.42,3.441,2620814.0
2025-01-12 04:00:00,3.44,3.455,3.406,3.42,2320806.0
2025-01-12 08:00:00,3.42,3.457,3.356,3.441,3700905.0
2025-01-12 12:00:00,3.44,3.474,3.415,3.466,3161520.0
2025-01-12 16:00:00,3.466,3.488,3.384,3.397,2808328.0
2025-01-12 20:00:00,3.397,3.421,3.316,3.371,3370503.0
2025-01-13 00:00:00,3.371,3.502,3.31,3.331,6353629.0
2025-01-13 04:00:00,3.331,3.394,3.259,3.299,4287512.0
2025-01-13 08:00:00,3.299,3.308,3.059,3.065,8547805.0
2025-01-13 12:00:00,3.066,3.279,3.047,3.217,13278035.0
2025-01-13 16:00:00,3.218,3.237,3.017,3.108,11156639.0
2025-01-13 20:00:00,3.107,3.256,3.081,3.22,6544374.0
2025-01-14 00:00:00,3.221,3.255,3.184,3.189,3743146.0
2025-01-14 04:00:00,3.19,3.258,3.181,3.205,2990258.0
2025-01-14 08:00:00,3.205,3.342,3.204,3.235,6029818.0
2025-01-14 12:00:00,3.236,3.287,3.167,3.204,7130170.0
2025-01-14 16:00:00,3.204,3.304,3.149,3.257,8499098.0
2025-01-14 20:00:00,3.257,3.29,3.197,3.206,3173574.0
2025-01-15 00:00:00,3.205,3.232,3.175,3.218,3769665.0
2025-01-15 04:00:00,3.219,3.251,3.157,3.228,4160842.0
2025-01-15 08:00:00,3.228,3.24,3.1,3.127,5218002.0
2025-01-15 12:00:00,3.127,3.481,3.095,3.446,13695655.0
2025-01-15 16:00:00,3.446,3.526,3.41,3.518,5975993.0
2025-01-15 20:00:00,3.517,3.573,3.467,3.518,4835944.0
2025-01-16 00:00:00,3.518,3.525,3.392,3.422,4065008.0
2025-01-16 04:00:00,3.422,3.455,3.401,3.432,1816555.0
2025-01-16 08:00:00,3.431,3.438,3.34,3.432,4415112.0
2025-01-16 12:00:00,3.432,3.537,3.352,3.476,8657915.0
2025-01-16 16:00:00,3.477,3.589,3.472,3.566,5170759.0
2025-01-16 20:00:00,3.565,3.582,3.443,3.486,3707621.0
2025-01-17 00:00:00,3.486,3.653,3.456,3.592,4852957.0
2025-01-17 04:00:00,3.592,3.735,3.563,3.698,4953685.0
2025-01-17 08:00:00,3.697,3.894,3.675,3.858,6193130.0
2025-01-17 12:00:00,3.859,4.092,3.822,4.044,13678468.0
2025-01-17 16:00:00,4.043,4.139,3.984,4.021,10103799.0
2025-01-17 20:00:00,4.021,4.1,4.011,4.041,3839954.0
2025-01-18 00:00:00,4.042,4.096,3.901,3.922,4694617.0
2025-01-18 04:00:00,3.921,3.975,3.803,3.834,6192620.0
2025-01-18 08:00:00,3.834,3.866,3.732,3.855,5677489.0
2025-01-18 12:00:00,3.855,3.891,3.784,3.823,3512483.0
2025-01-18 16:00:00,3.824,3.846,3.746,3.813,3811396.0
2025-01-18 20:00:00,3.813,3.821,3.712,3.759,2873893.0
2025-01-19 00:00:00,3.76,3.851,3.732,3.753,3607532.0
2025-01-19 04:00:00,3.754,3.768,3.627,3.659,3396764.0
2025-01-19 08:00:00,3.66,3.66,3.38,3.404,8246034.0
2025-01-19 12:00:00,3.405,3.685,3.397,3.614,5386795.0
2025-01-19 16:00:00,3.613,3.638,3.535,3.636,4048703.0
2025-01-19 20:00:00,3.637,3.669,3.225,3.29,13295617.0
2025-01-20 00:00:00,3.29,3.292,3.155,3.248,10640943.0
2025-01-20 04:00:00,3.248,3.656,3.215,3.507,9877660.0
2025-01-20 08:00:00,3.507,3.573,3.44,3.475,4006487.0
2025-01-20 12:00:00,3.474,3.482,3.33,3.379,5759540.0
2025-01-20 16:00:00,3.379,3.45,3.172,3.329,11606114.0
2025-01-20 20:00:00,3.328,3.367,3.238,3.27,3074812.0
2025-01-21 00:00:00,3.269,3.278,3.138,3.2,4545685.0
2025-01-21 04:00:00,3.201,3.233,3.13,3.214,2783254.0
2025-01-21 08:00:00,3.214,3.371,3.19,3.361,3223882.0
2025-01-21 12:00:00,3.361,3.419,3.293,3.34,3758721.0
2025-01-21 16:00:00,3.339,3.506,3.329,3.463,4352956.0
2025-01-21 20:00:00,3.462,3.503,3.42,3.462,2293287.0
2025-01-22 00:00:00,3.462,3.479,3.425,3.439,1610768.0
2025-01-22 04:00:00,3.438,3.479,3.387,3.394,1852877.0
2025-01-22 08:00:00,3.395,3.406,3.352,3.386,1666302.0
2025-01-22 12:00:00,3.386,3.397,3.285,3.307,2949177.0
2025-01-22 16:00:00,3.308,3.309,3.195,3.219,4524252.0
2025-01-22 20:00:00,3.22,3.264,3.174,3.195,3192591.0
2025-01-23 00:00:00,3.195,3.231,3.094,3.205,4932433.0
2025-01-23 04:00:00,3.206,3.351,2.921,3.102,18135275.0
2025-01-23 08:00:00,3.102,3.129,2.991,3.024,5179111.0
2025-01-23 12:00:00,3.024,3.154,2.976,3.103,8921096.0
2025-01-23 16:00:00,3.103,3.172,2.925,2.94,7104612.0
2025-01-23 20:00:00,2.939,3.058,2.923,3.036,6256911.0
2025-01-24 00:00:00,3.035,3.05,2.023,2.24,52153558.0
2025-01-24 04:00:00,2.241,2.356,1.915,2.12,113345155.0
2025-01-24 08:00:00,2.12,2.553,2.092,2.414,64911825.0
2025-01-24 12:00:00,2.414,2.461,2.23,2.259,38192816.0
2025-01-24 16:00:00,2.259,2.261,2.017,2.057,62428269.0
2025-01-24 20:00:00,2.057,2.196,1.964,2.096,48728681.0
2025-01-25 00:00:00,2.096,2.277,2.084,2.229,41541699.0
2025-01-25 04:00:00,2.229,2.252,2.135,2.166,25977877.0
2025-01-25 08:00:00,2.166,2.304,2.1,2.277,26316741.0
2025-01-25 12:00:00,2.278,2.598,2.238,2.565,54524711.0
2025-01-25 16:00:00,2.564,2.836,2.562,2.823,81639733.0
2025-01-25 20:00:00,2.822,2.872,2.687,2.717,43880977.0
2025-01-26 00:00:00,2.716,2.769,2.649,2.684,24809995.0
2025-01-26 04:00:00,2.685,2.71,2.545,2.557,21201927.0
2025-01-26 08:00:00,2.556,2.652,2.538,2.628,30748472.0
2025-01-26 12:00:00,2.629,2.68,2.538,2.573,23010743.0
2025-01-26 16:00:00,2.574,2.593,2.516,2.563,13843069.0
2025-01-26 20:00:00,2.562,2.614,2.511,2.517,16972955.0
2025-01-27 00:00:00,2.518,2.613,2.5,2.532,20926117.0
2025-01-27 04:00:00,2.531,2.534,2.33,2.394,22016953.0
2025-01-27 08:00:00,2.393,2.426,2.327,2.344,14767125.0
2025-01-27 12:00:00,2.344,2.446,2.343,2.371,17142747.0
2025-01-27 16:00:00,2.371,2.396,2.291,2.31,11793215.0
2025-01-27 20:00:00,2.31,2.464,2.308,2.403,10877671.0
2025-01-28 00:00:00,2.403,2.427,2.338,2.358,8611634.0
2025-01-28 04:00:00,2.357,2.387,2.265,2.273,9345758.0
2025-01-28 08:00:00,2.274,2.275,2.22,2.232,10065667.0
2025-01-28 12:00:00,2.232,2.255,2.174,2.186,15868175.0
2025-01-28 16:00:00,2.186,2.192,2.137,2.16,11645523.0
2025-01-28 20:00:00,2.159,2.163,2.033,2.053,15967198.0
2025-01-29 00:00:00,2.053,2.107,2.039,2.101,10037265.0
2025-01-29 04:00:00,2.1,2.138,2.063,2.123,9271745.0
2025-01-29 08:00:00,2.123,2.134,2.061,2.081,7978779.0
2025-01-29 12:00:00,2.081,2.082,1.992,2.03,16697124.0
2025-01-29 16:00:00,2.03,2.128,2.008,2.1,19371011.0
2025-01-29 20:00:00,2.099,2.152,2.043,2.051,14966532.0
2025-01-30 00:00:00,2.051,2.123,2.019,2.116,10241747.0
2025-01-30 04:00:00,2.115,2.23,2.1,2.165,16153668.0
2025-01-30 08:00:00,2.166,2.278,2.155,2.225,18741238.0
2025-01-30 12:00:00,2.225,2.416,2.19,2.347,25829499.0
2025-01-30 16:00:00,2.347,2.359,2.218,2.258,18337586.0
2025-01-30 20:00:00,2.257,2.267,2.195,2.203,7497619.0
2025-01-31 00:00:00,2.202,2.271,2.157,2.185,14805549.0
2025-01-31 04:00:00,2.184,2.22,2.161,2.166,9228295.0
2025-01-31 08:00:00,2.166,2.242,2.146,2.241,10732189.0
2025-01-31 12:00:00,2.241,2.287,2.203,2.265,16460550.0
2025-01-31 16:00:00,2.264,2.276,2.119,2.142,18179801.0
2025-01-31 20:00:00,2.141,2.158,2.092,2.123,11373156.0
2025-02-01 00:00:00,2.123,2.127,1.944,1.949,24667283.0
2025-02-01 04:00:00,1.948,2.004,1.873,1.926,28964437.0
2025-02-01 08:00:00,1.926,1.939,1.772,1.789,33242764.0
2025-02-01 12:00:00,1.788,1.795,1.385,1.47,314133562.0
2025-02-01 16:00:00,1.471,1.475,1.17,1.268,372329439.0
2025-02-01 20:00:00,1.268,1.331,1.125,1.165,200595976.0
2025-02-02 00:00:00,1.165,1.209,0.95,1.037,355718879.0
2025-02-02 04:00:00,1.036,1.343,1.032,1.261,325521232.0
2025-02-02 08:00:00,1.26,1.436,1.253,1.331,212974761.0
2025-02-02 12:00:00,1.331,1.41,1.287,1.349,153817097.0
2025-02-02 16:00:00,1.35,1.36,1.235,1.328,171050720.0
2025-02-02 20:00:00,1.328,1.382,1.251,1.333,117502984.0
2025-02-03 00:00:00,1.333,1.347,1.018,1.172,189876148.0
2025-02-03 04:00:00,1.172,1.3,1.167,1.249,101719274.0
2025-02-03 08:00:00,1.25,1.271,1.195,1.263,72491233.0
2025-02-03 12:00:00,1.264,1.438,1.189,1.414,134594274.0
2025-02-03 16:00:00,1.413,1.573,1.404,1.495,114061456.0
2025-02-03 20:00:00,1.495,1.5,1.423,1.494,50696723.0
2025-02-04 00:00:00,1.495,1.525,1.426,1.462,38906603.0
2025-02-04 04:00:00,1.462,1.485,1.354,1.359,50756005.0
2025-02-04 08:00:00,1.36,1.389,1.343,1.354,39206634.0
2025-02-04 12:00:00,1.354,1.39,1.322,1.331,47659415.0
2025-02-04 16:00:00,1.33,1.416,1.31,1.349,52286379.0
2025-02-04 20:00:00,1.349,1.378,1.305,1.361,45356012.0
2025-02-05 00:00:00,1.361,1.452,1.346,1.413,32032160.0
2025-02-05 04:00:00,1.412,1.419,1.358,1.365,22122255.0
2025-02-05 08:00:00,1.365,1.444,1.364,1.415,24835528.0
2025-02-05 12:00:00,1.415,1.432,1.364,1.37,25117776.0
2025-02-05 16:00:00,1.37,1.374,1.301,1.347,29865168.0
2025-02-05 20:00:00,1.348,1.351,1.303,1.314,15268115.0
2025-02-06 00:00:00,1.313,1.329,1.29,1.31,16483449.0
2025-02-06 04:00:00,1.31,1.32,1.281,1.286,17904433.0
2025-02-06 08:00:00,1.286,1.306,1.259,1.293,25194155.0
2025-02-06 12:00:00,1.293,1.308,1.232,1.242,47033160.0
2025-02-06 16:00:00,1.242,1.29,1.218,1.259,26444610.0
2025-02-06 20:00:00,1.26,1.288,1.24,1.253,15936161.0
2025-02-07 00:00:00,1.253,1.296,1.239,1.258,20621095.0
2025-02-07 04:00:00,1.258,1.301,1.227,1.287,20652341.0
2025-02-07 08:00:00,1.288,1.323,1.274,1.286,18817740.0
2025-02-07 12:00:00,1.285,1.324,1.257,1.261,25938234.0
2025-02-07 16:00:00,1.261,1.263,1.216,1.22,21423133.0
2025-02-07 20:00:00,1.22,1.221,1.163,1.196,23024679.0
2025-02-08 00:00:00,1.196,1.212,1.178,1.179,11253487.0
2025-02-08 04:00:00,1.179,1.211,1.145,1.189,16788699.0
2025-02-08 08:00:00,1.189,1.205,1.169,1.204,12365847.0
2025-02-08 12:00:00,1.204,1.233,1.192,1.214,14259907.0
2025-02-08 16:00:00,1.213,1.256,1.199,1.238,12960020.0
2025-02-08 20:00:00,1.238,1.253,1.224,1.235,6629501.0
2025-02-09 00:00:00,1.236,1.268,1.212,1.253,10455865.0
2025-02-09 04:00:00,1.253,1.261,1.225,1.256,9108305.0
2025-02-09 08:00:00,1.256,1.279,1.238,1.242,9357886.0
2025-02-09 12:00:00,1.242,1.247,1.215,1.218,7350302.0
2025-02-09 16:00:00,1.219,1.228,1.199,1.201,6809138.0
2025-02-09 20:00:00,1.202,1.264,1.163,1.253,25055626.0
2025-02-10 00:00:00,1.254,1.296,1.236,1.266,17178885.0
2025-02-10 04:00:00,1.267,1.319,1.261,1.306,9984265.0
2025-02-10 08:00:00,1.305,1.355,1.299,1.352,22614707.0
2025-02-10 12:00:00,1.352,1.435,1.349,1.401,31462878.0
2025-02-10 16:00:00,1.401,1.485,1.401,1.418,28876686.0
2025-02-10 20:00:00,1.418,1.421,1.372,1.388,9696332.0
2025-02-11 00:00:00,1.389,1.419,1.374,1.406,10578069.0
2025-02-11 04:00:00,1.406,1.451,1.391,1.429,12600280.0
2025-02-11 08:00:00,1.428,1.463,1.409,1.418,10197032.0
2025-02-11 12:00:00,1.418,1.42,1.364,1.376,11526293.0
2025-02-11 16:00:00,1.376,1.378,1.328,1.337,10473424.0
2025-02-11 20:00:00,1.337,1.365,1.332,1.344,7715984.0
2025-02-12 00:00:00,1.344,1.364,1.324,1.334,7077066.0
2025-02-12 04:00:00,1.334,1.357,1.322,1.35,5645082.0
2025-02-12 08:00:00,1.35,1.361,1.33,1.341,5132519.0
2025-02-12 12:00:00,1.341,1.385,1.301,1.379,21315549.0
2025-02-12 16:00:00,1.378,1.407,1.352,1.403,12204900.0
2025-02-12 20:00:00,1.404,1.453,1.401,1.45,8499412.0
2025-02-13 00:00:00,1.449,1.591,1.441,1.586,15172923.0
2025-02-13 04:00:00,1.585,1.6,1.492,1.494,18682222.0
2025-02-13 08:00:00,1.493,1.508,1.468,1.489,10542165.0
2025-02-13 12:00:00,1.489,1.505,1.438,1.47,14763406.0
2025-02-13 16:00:00,1.47,1.474,1.439,1.456,9627783.0
2025-02-13 20:00:00,1.456,1.476,1.43,1.447,6789403.0
2025-02-14 00:00:00,1.447,1.487,1.44,1.484,5647392.0
2025-02-14 04:00:00,1.484,1.485,1.446,1.45,5128666.0
2025-02-14 08:00:00,1.451,1.492,1.436,1.441,10232000.0
2025-02-14 12:00:00,1.441,1.458,1.412,1.432,14195608.0
2025-02-14 16:00:00,1.432,1.457,1.393,1.403,20732576.0
2025-02-14 20:00:00,1.404,1.407,1.342,1.365,12814635.0
2025-02-15 00:00:00,1.364,1.389,1.35,1.377,6324495.0
2025-02-15 04:00:00,1.377,1.387,1.362,1.369,5456998.0
2025-02-15 08:00:00,1.368,1.383,1.343,1.354,7750148.0
2025-02-15 12:00:00,1.354,1.36,1.318,1.338,13217425.0
2025-02-15 16:00:00,1.337,1.359,1.326,1.337,7977804.0
2025-02-15 20:00:00,1.337,1.349,1.331,1.336,3597308.0
2025-02-16 00:00:00,1.336,1.346,1.315,1.322,4215070.0
2025-02-16 04:00:00,1.322,1.331,1.302,1.31,4891767.0
2025-02-16 08:00:00,1.31,1.345,1.303,1.338,6527423.0
2025-02-16 12:00:00,1.338,1.349,1.318,1.329,11593929.0
2025-02-16 16:00:00,1.328,1.337,1.306,1.315,6180523.0
2025-02-16 20:00:00,1.314,1.329,1.247,1.256,11926663.0
2025-02-17 00:00:00,1.257,1.27,1.214,1.245,19123451.0
2025-02-17 04:00:00,1.245,1.255,1.219,1.236,8181062.0
2025-02-17 08:00:00,1.235,1.259,1.228,1.245,6238992.0
2025-02-17 12:00:00,1.244,1.282,1.211,1.214,10026295.0
2025-02-17 16:00:00,1.213,1.223,1.178,1.194,13965662.0
2025-02-17 20:00:00,1.194,1.228,1.192,1.208,4649022.0
2025-02-18 00:00:00,1.209,1.217,1.197,1.2,3937932.0
2025-02-18 04:00:00,1.2,1.202,1.162,1.168,8089636.0
2025-02-18 08:00:00,1.168,1.188,1.157,1.175,6456034.0
2025-02-18 12:00:00,1.176,1.191,1.136,1.145,9168576.0
2025-02-18 16:00:00,1.145,1.173,1.102,1.161,14893713.0
2025-02-18 20:00:00,1.161,1.194,1.157,1.189,6446367.0
2025-02-19 00:00:00,1.19,1.205,1.18,1.186,4671298.0
2025-02-19 04:00:00,1.186,1.193,1.161,1.184,6417901.0
2025-02-19 08:00:00,1.183,1.205,1.182,1.201,5851537.0
2025-02-19 12:00:00,1.202,1.206,1.155,1.166,8579362.0
2025-02-19 16:00:00,1.166,1.187,1.15,1.161,6964042.0
2025-02-19 20:00:00,1.161,1.178,1.141,1.166,5283916.0
2025-02-20 00:00:00,1.166,1.186,1.159,1.164,5583707.0
2025-02-20 04:00:00,1.164,1.178,1.15,1.158,5092784.0
2025-02-20 08:00:00,1.158,1.218,1.153,1.217,8049775.0
2025-02-20 12:00:00,1.217,1.23,1.183,1.185,10700907.0
2025-02-20 16:00:00,1.185,1.229,1.182,1.225,6712934.0
2025-02-20 20:00:00,1.225,1.246,1.212,1.243,5822583.0
2025-02-21 00:00:00,1.242,1.254,1.201,1.204,5320586.0
2025-02-21 04:00:00,1.204,1.25,1.204,1.247,5729566.0
2025-02-21 08:00:00,1.246,1.295,1.245,1.248,10165930.0
2025-02-21 12:00:00,1.247,1.278,1.196,1.217,16171430.0
2025-02-21 16:00:00,1.218,1.249,1.173,1.183,14772399.0
2025-02-21 20:00:00,1.182,1.212,1.179,1.199,6368709.0
2025-02-22 00:00:00,1.199,1.215,1.193,1.206,3686823.0
2025-02-22 04:00:00,1.206,1.285,1.203,1.264,10979830.0
2025-02-22 08:00:00,1.264,1.438,1.264,1.433,24011269.0
2025-02-22 12:00:00,1.433,1.533,1.408,1.445,58180394.0
2025-02-22 16:00:00,1.446,1.481,1.375,1.383,34466354.0
2025-02-22 20:00:00,1.382,1.383,1.349,1.358,9999613.0
2025-02-23 00:00:00,1.358,1.37,1.343,1.347,7975105.0
2025-02-23 04:00:00,1.346,1.386,1.34,1.381,9602909.0
2025-02-23 08:00:00,1.382,1.382,1.32,1.33,10855311.0
2025-02-23 12:00:00,1.33,1.344,1.305,1.309,10691484.0
2025-02-23 16:00:00,1.31,1.365,1.307,1.345,12079038.0
2025-02-23 20:00:00,1.344,1.414,1.338,1.408,8107375.0
2025-02-24 00:00:00,1.407,1.445,1.375,1.409,20267083.0
2025-02-24 04:00:00,1.41,1.443,1.389,1.431,16648136.0
2025-02-24 08:00:00,1.43,1.49,1.388,1.464,37922024.0
2025-02-24 12:00:00,1.465,1.466,1.397,1.416,25921756.0
2025-02-24 16:00:00,1.417,1.459,1.385,1.394,16363949.0
2025-02-24 20:00:00,1.395,1.431,1.338,1.361,19700014.0
2025-02-25 00:00:00,1.361,1.43,1.341,1.387,20052492.0
2025-02-25 04:00:00,1.387,1.415,1.289,1.316,30701581.0
2025-02-25 08:00:00,1.315,1.355,1.245,1.31,24330678.0
2025-02-25 12:00:00,1.31,1.354,1.265,1.344,19824157.0
2025-02-25 16:00:00,1.345,1.429,1.327,1.425,20812008.0
2025-02-25 20:00:00,1.424,1.485,1.411,1.463,13605845.0
2025-02-26 00:00:00,1.464,1.568,1.454,1.554,11386517.0
2025-02-26 04:00:00,1.554,1.587,1.54,1.551,12009591.0
2025-02-26 08:00:00,1.551,1.573,1.529,1.537,12512001.0
2025-02-26 12:00:00,1.537,1.664,1.498,1.627,27370369.0
2025-02-26 16:00:00,1.627,1.653,1.552,1.57,26113448.0
2025-02-26 20:00:00,1.57,1.655,1.551,1.594,13360496.0
2025-02-27 00:00:00,1.593,1.615,1.552,1.583,10345773.0
2025-02-27 04:00:00,1.584,1.612,1.538,1.594,9740987.0
2025-02-27 08:00:00,1.594,1.664,1.485,1.503,23585990.0
2025-02-27 12:00:00,1.504,1.548,1.418,1.428,27208796.0
2025-02-27 16:00:00,1.428,1.456,1.272,1.292,33942990.0
2025-02-27 20:00:00,1.292,1.302,1.24,1.242,24053549.0
2025-02-28 00:00:00,1.242,1.322,1.194,1.289,54496890.0
2025-02-28 04:00:00,1.289,1.346,1.285,1.316,25035956.0
2025-02-28 08:00:00,1.316,1.344,1.281,1.306,18511273.0
2025-02-28 12:00:00,1.307,1.324,1.291,1.31,15557741.0
2025-02-28 16:00:00,1.309,1.382,1.299,1.317,19393485.0
2025-02-28 20:00:00,1.316,1.34,1.282,1.291,9392073.0
2025-03-01 00:00:00,1.29,1.302,1.263,1.278,9101815.0
2025-03-01 04:00:00,1.277,1.313,1.274,1.308,9989789.0
2025-03-01 08:00:00,1.307,1.321,1.228,1.249,14643874.0
2025-03-01 12:00:00,1.249,1.284,1.246,1.257,11629715.0
2025-03-01 16:00:00,1.257,1.272,1.238,1.239,7765825.0
2025-03-01 20:00:00,1.239,1.256,1.218,1.244,9134606.0
2025-03-02 00:00:00,1.244,1.258,1.219,1.236,10285608.0
2025-03-02 04:00:00,1.236,1.274,1.234,1.258,9489474.0
2025-03-02 08:00:00,1.257,1.31,1.257,1.293,10919833.0
2025-03-02 12:00:00,1.293,1.326,1.267,1.308,16401519.0
2025-03-02 16:00:00,1.309,1.429,1.304,1.413,28631090.0
2025-03-02 20:00:00,1.413,1.445,1.387,1.397,10366467.0
2025-03-03 00:00:00,1.397,1.432,1.386,1.426,10293077.0
2025-03-03 04:00:00,1.426,1.462,1.344,1.371,13031879.0
2025-03-03 08:00:00,1.372,1.388,1.341,1.356,8045625.0
2025-03-03 12:00:00,1.357,1.404,1.351,1.361,13484551.0
2025-03-03 16:00:00,1.361,1.374,1.283,1.295,15253053.0
2025-03-03 20:00:00,1.295,1.319,1.269,1.272,8882188.0
2025-03-04 00:00:00,1.272,1.277,1.158,1.21,23805574.0
2025-03-04 04:00:00,1.21,1.223,1.172,1.177,9178455.0
2025-03-04 08:00:00,1.178,1.191,1.128,1.135,11398070.0
2025-03-04 12:00:00,1.134,1.186,1.108,1.162,23009378.0
2025-03-04 16:00:00,1.163,1.227,1.106,1.218,14917969.0
2025-03-04 20:00:00,1.218,1.24,1.194,1.199,6724784.0
2025-03-05 00:00:00,1.198,1.211,1.181,1.184,6375141.0
2025-03-05 04:00:00,1.183,1.239,1.183,1.217,5521258.0
2025-03-05 08:00:00,1.217,1.233,1.195,1.2,7335328.0
2025-03-05 12:00:00,1.201,1.223,1.191,1.21,7029022.0
2025-03-05 16:00:00,1.209,1.238,1.191,1.233,6320332.0
2025-03-05 20:00:00,1.232,1.295,1.232,1.284,7174920.0
2025-03-06 00:00:00,1.283,1.292,1.24,1.25,6303507.0
2025-03-06 04:00:00,1.25,1.268,1.234,1.245,4569787.0
2025-03-06 08:00:00,1.244,1.26,1.228,1.258,4141966.0
2025-03-06 12:00:00,1.259,1.263,1.216,1.244,6587017.0
2025-03-06 16:00:00,1.243,1.247,1.2,1.213,5067192.0
2025-03-06 20:00:00,1.213,1.249,1.21,1.235,4253188.0
2025-03-07 00:00:00,1.236,1.254,1.177,1.218,13814907.0
2025-03-07 04:00:00,1.217,1.236,1.201,1.206,4603776.0
2025-03-07 08:00:00,1.206,1.252,1.192,1.242,6072583.0
2025-03-07 12:00:00,1.242,1.296,1.228,1.236,10045294.0
2025-03-07 16:00:00,1.235,1.263,1.197,1.248,10924176.0
2025-03-07 20:00:00,1.248,1.268,1.21,1.221,8398965.0
2025-03-08 00:00:00,1.221,1.227,1.192,1.204,4864244.0
2025-03-08 04:00:00,1.204,1.214,1.155,1.156,5188214.0
2025-03-08 08:00:00,1.157,1.192,1.155,1.162,7593818.0
2025-03-08 12:00:00,1.162,1.184,1.156,1.178,4028835.0
2025-03-08 16:00:00,1.178,1.252,1.159,1.241,7588081.0
2025-03-08 20:00:00,1.241,1.309,1.236,1.308,12526017.0
2025-03-09 00:00:00,1.308,1.323,1.272,1.275,8975486.0
2025-03-09 04:00:00,1.275,1.289,1.253,1.267,6901656.0
2025-03-09 08:00:00,1.266,1.267,1.191,1.211,9002809.0
2025-03-09 12:00:00,1.211,1.248,1.197,1.217,12686895.0
2025-03-09 16:00:00,1.216,1.225,1.173,1.193,13541264.0
2025-03-09 20:00:00,1.193,1.232,1.185,1.215,8829948.0
2025-03-10 00:00:00,1.215,1.301,1.213,1.268,12782018.0
2025-03-10 04:00:00,1.269,1.283,1.159,1.177,12639915.0
2025-03-10 08:00:00,1.177,1.181,1.047,1.097,45741021.0
2025-03-10 12:00:00,1.098,1.099,1.025,1.043,28468103.0
2025-03-10 16:00:00,1.042,1.046,0.989,1.034,22393233.0
2025-03-10 20:00:00,1.033,1.043,1.017,1.019,11335532.0
2025-03-11 00:00:00,1.019,1.111,1.012,1.078,22550003.0
2025-03-11 04:00:00,1.077,1.109,1.066,1.091,11310200.0
2025-03-11 08:00:00,1.092,1.126,1.074,1.081,12534256.0
2025-03-11 12:00:00,1.08,1.105,1.056,1.095,17354573.0
2025-03-11 16:00:00,1.095,1.151,1.074,1.133,11677953.0
2025-03-11 20:00:00,1.134,1.16,1.122,1.128,7917330.0
2025-03-12 00:00:00,1.129,1.132,1.083,1.086,6717438.0
2025-03-12 04:00:00,1.086,1.123,1.073,1.119,5670155.0
2025-03-12 08:00:00,1.119,1.147,1.103,1.121,7963691.0
2025-03-12 12:00:00,1.121,1.153,1.104,1.126,9788647.0
2025-03-12 16:00:00,1.126,1.151,1.108,1.119,6388834.0
2025-03-12 20:00:00,1.118,1.182,1.115,1.179,6644186.0
2025-03-13 00:00:00,1.178,1.194,1.146,1.158,9010674.0
2025-03-13 04:00:00,1.157,1.166,1.132,1.135,4160029.0
2025-03-13 08:00:00,1.134,1.168,1.122,1.15,5204343.0
2025-03-13 12:00:00,1.151,1.172,1.126,1.128,6380854.0
2025-03-13 16:00:00,1.128,1.13,1.092,1.095,5541174.0
2025-03-13 20:00:00,1.094,1.109,1.085,1.099,3539881.0
2025-03-14 00:00:00,1.1,1.152,1.094,1.139,4784725.0
2025-03-14 04:00:00,1.139,1.179,1.137,1.169,5398104.0
2025-03-14 08:00:00,1.169,1.227,1.168,1.21,8935802.0
2025-03-14 12:00:00,1.21,1.232,1.183,1.227,9861204.0
2025-03-14 16:00:00,1.227,1.231,1.18,1.19,5163446.0
2025-03-14 20:00:00,1.19,1.191,1.168,1.176,3656438.0
2025-03-15 00:00:00,1.176,1.187,1.157,1.184,4118123.0
2025-03-15 04:00:00,1.183,1.189,1.158,1.177,3751196.0
2025-03-15 08:00:00,1.177,1.193,1.169,1.191,2390201.0
2025-03-15 12:00:00,1.191,1.194,1.173,1.176,2006740.0
2025-03-15 16:00:00,1.176,1.189,1.165,1.178,2900529.0
2025-03-15 20:00:00,1.178,1.194,1.172,1.185,2322284.0
2025-03-16 00:00:00,1.184,1.203,1.175,1.198,2875755.0
2025-03-16 04:00:00,1.198,1.208,1.165,1.195,3739480.0
2025-03-16 08:00:00,1.196,1.204,1.164,1.17,5329330.0
2025-03-16 12:00:00,1.17,1.18,1.132,1.149,6354284.0
2025-03-16 16:00:00,1.148,1.192,1.137,1.139,6928659.0
2025-03-16 20:00:00,1.139,1.148,1.114,1.129,6189383.0
2025-03-17 00:00:00,1.129,1.167,1.116,1.144,6419819.0
2025-03-17 04:00:00,1.144,1.188,1.143,1.185,4316249.0
2025-03-17 08:00:00,1.185,1.206,1.171,1.203,3933366.0
2025-03-17 12:00:00,1.203,1.225,1.191,1.202,6334802.0
2025-03-17 16:00:00,1.202,1.218,1.19,1.208,3166111.0
2025-03-17 20:00:00,1.207,1.212,1.191,1.197,1915183.0
2025-03-18 00:00:00,1.196,1.202,1.159,1.176,4676770.0
2025-03-18 04:00:00,1.175,1.183,1.159,1.173,2980570.0
2025-03-18 08:00:00,1.173,1.214,1.171,1.186,5141228.0
2025-03-18 12:00:00,1.186,1.209,1.164,1.168,7093551.0
2025-03-18 16:00:00,1.167,1.18,1.148,1.17,3752623.0
2025-03-18 20:00:00,1.171,1.198,1.155,1.187,3419132.0
2025-03-19 00:00:00,1.187,1.209,1.183,1.198,4333966.0
2025-03-19 04:00:00,1.198,1.203,1.171,1.177,3027379.0
2025-03-19 08:00:00,1.177,1.208,1.177,1.2,4048722.0
2025-03-19 12:00:00,1.199,1.244,1.185,1.243,6211938.0
2025-03-19 16:00:00,1.243,1.266,1.222,1.264,8368144.0
2025-03-19 20:00:00,1.265,1.272,1.25,1.268,3177812.0
2025-03-20 00:00:00,1.267,1.276,1.232,1.242,3112157.0
2025-03-20 04:00:00,1.242,1.248,1.233,1.237,2029656.0
2025-03-20 08:00:00,1.236,1.248,1.219,1.234,3635721.0
2025-03-20 12:00:00,1.234,1.273,1.231,1.257,4208701.0
2025-03-20 16:00:00,1.257,1.262,1.227,1.236,3080204.0
2025-03-20 20:00:00,1.237,1.239,1.218,1.232,2224375.0
2025-03-21 00:00:00,1.231,1.243,1.22,1.222,4250008.0
2025-03-21 04:00:00,1.222,1.232,1.188,1.188,3987159.0
2025-03-21 08:00:00,1.188,1.194,1.167,1.186,8863339.0
2025-03-21 12:00:00,1.185,1.216,1.179,1.211,4798558.0
2025-03-21 16:00:00,1.212,1.221,1.205,1.207,10188858.0
2025-03-21 20:00:00,1.207,1.213,1.188,1.205,2716874.0
2025-03-22 00:00:00,1.206,1.249,1.203,1.234,5438985.0
2025-03-22 04:00:00,1.235,1.253,1.226,1.24,5254279.0
2025-03-22 08:00:00,1.239,1.253,1.233,1.242,2620694.0
2025-03-22 12:00:00,1.243,1.255,1.237,1.245,2277175.0
2025-03-22 16:00:00,1.245,1.255,1.243,1.252,1480960.0
2025-03-22 20:00:00,1.252,1.258,1.226,1.233,2566775.0
2025-03-23 00:00:00,1.234,1.243,1.226,1.24,1363113.0
2025-03-23 04:00:00,1.241,1.249,1.224,1.24,1476960.0
2025-03-23 08:00:00,1.241,1.278,1.237,1.276,2746819.0
2025-03-23 12:00:00,1.276,1.285,1.253,1.261,3467630.0
2025-03-23 16:00:00,1.261,1.279,1.254,1.272,5841802.0
2025-03-23 20:00:00,1.272,1.282,1.264,1.28,1696132.0
2025-03-24 00:00:00,1.281,1.287,1.25,1.276,3354633.0
2025-03-24 04:00:00,1.276,1.288,1.273,1.282,3937739.0
2025-03-24 08:00:00,1.281,1.312,1.275,1.296,4785341.0
2025-03-24 12:00:00,1.297,1.302,1.269,1.282,4676701.0
2025-03-24 16:00:00,1.282,1.288,1.267,1.277,5242814.0
2025-03-24 20:00:00,1.278,1.284,1.259,1.271,2490953.0
2025-03-25 00:00:00,1.271,1.275,1.24,1.242,2797571.0
2025-03-25 04:00:00,1.242,1.247,1.229,1.238,3388076.0
2025-03-25 08:00:00,1.238,1.26,1.236,1.251,2462776.0
2025-03-25 12:00:00,1.251,1.262,1.238,1.248,2698949.0
2025-03-25 16:00:00,1.247,1.258,1.242,1.254,2270232.0
2025-03-25 20:00:00,1.254,1.259,1.241,1.25,2089667.0
2025-03-26 00:00:00,1.251,1.265,1.238,1.242,3956941.0
2025-03-26 04:00:00,1.243,1.319,1.235,1.318,4575915.0
2025-03-26 08:00:00,1.318,1.347,1.306,1.307,8957421.0
2025-03-26 12:00:00,1.308,1.314,1.251,1.259,6789022.0
2025-03-26 16:00:00,1.259,1.276,1.244,1.263,3912279.0
2025-03-26 20:00:00,1.263,1.294,1.252,1.263,3943348.0
2025-03-27 00:00:00,1.263,1.298,1.26,1.29,4509553.0
2025-03-27 04:00:00,1.29,1.292,1.268,1.273,2074056.0
2025-03-27 08:00:00,1.273,1.283,1.26,1.262,2266210.0
2025-03-27 12:00:00,1.261,1.284,1.246,1.269,4064365.0
2025-03-27 16:00:00,1.269,1.272,1.25,1.264,2751677.0
2025-03-27 20:00:00,1.263,1.275,1.258,1.261,1451445.0
2025-03-28 00:00:00,1.26,1.268,1.234,1.243,2681625.0
2025-03-28 04:00:00,1.243,1.245,1.173,1.174,7325052.0
2025-03-28 08:00:00,1.174,1.186,1.165,1.182,4278535.0
2025-03-28 12:00:00,1.181,1.203,1.169,1.17,4517010.0
2025-03-28 16:00:00,1.17,1.182,1.165,1.172,2070074.0
2025-03-28 20:00:00,1.172,1.18,1.156,1.172,2231545.0
2025-03-29 00:00:00,1.172,1.174,1.138,1.15,3236974.0
2025-03-29 04:00:00,1.15,1.157,1.132,1.136,2287324.0
2025-03-29 08:00:00,1.136,1.148,1.112,1.118,3541192.0
2025-03-29 12:00:00,1.119,1.134,1.116,1.125,2197378.0
2025-03-29 16:00:00,1.125,1.133,1.107,1.126,2916547.0
2025-03-29 20:00:00,1.126,1.128,1.109,1.125,1622277.0
2025-03-30 00:00:00,1.125,1.147,1.119,1.138,2276943.0
2025-03-30 04:00:00,1.139,1.146,1.13,1.136,1578370.0
2025-03-30 08:00:00,1.136,1.146,1.127,1.137,2208815.0
2025-03-30 12:00:00,1.137,1.157,1.118,1.125,4865912.0
2025-03-30 16:00:00,1.125,1.135,1.109,1.131,2316512.0
2025-03-30 20:00:00,1.131,1.133,1.102,1.127,2335476.0
2025-03-31 00:00:00,1.127,1.131,1.104,1.111,2056345.0
2025-03-31 04:00:00,1.111,1.127,1.104,1.112,2027606.0
2025-03-31 08:00:00,1.112,1.125,1.097,1.12,3078937.0
2025-03-31 12:00:00,1.119,1.155,1.115,1.152,5198818.0
2025-03-31 16:00:00,1.152,1.164,1.131,1.141,4222588.0
2025-03-31 20:00:00,1.142,1.148,1.132,1.139,2100474.0
2025-04-01 00:00:00,1.139,1.187,1.137,1.186,3482121.0
2025-04-01 04:00:00,1.186,1.198,1.18,1.187,4366033.0
2025-04-01 08:00:00,1.186,1.219,1.185,1.191,4510693.0
2025-04-01 12:00:00,1.192,1.222,1.168,1.213,5028229.0
2025-04-01 16:00:00,1.213,1.219,1.186,1.194,3033397.0
2025-04-01 20:00:00,1.194,1.199,1.181,1.189,1417823.0
2025-04-02 00:00:00,1.188,1.189,1.157,1.164,2616881.0
2025-04-02 04:00:00,1.164,1.168,1.137,1.145,2799825.0
2025-04-02 08:00:00,1.145,1.164,1.138,1.146,2210533.0
2025-04-02 12:00:00,1.145,1.209,1.141,1.199,4545079.0
2025-04-02 16:00:00,1.199,1.219,1.178,1.19,4002136.0
2025-04-02 20:00:00,1.19,1.22,1.105,1.116,8784528.0
2025-04-03 00:00:00,1.117,1.147,1.107,1.138,2841960.0
2025-04-03 04:00:00,1.138,1.148,1.122,1.13,1685925.0
2025-04-03 08:00:00,1.13,1.141,1.106,1.109,2561857.0
2025-04-03 12:00:00,1.109,1.112,1.075,1.092,5164236.0
2025-04-03 16:00:00,1.093,1.11,1.087,1.1,2177463.0
2025-04-03 20:00:00,1.1,1.12,1.098,1.118,1593756.0
2025-04-04 00:00:00,1.118,1.121,1.103,1.109,1860206.0
2025-04-04 04:00:00,1.109,1.139,1.103,1.138,2477242.0
2025-04-04 08:00:00,1.138,1.153,1.091,1.104,4647409.0
2025-04-04 12:00:00,1.104,1.136,1.093,1.12,6523726.0
2025-04-04 16:00:00,1.119,1.141,1.113,1.127,3028533.0
2025-04-04 20:00:00,1.127,1.135,1.122,1.128,1317808.0
2025-04-05 00:00:00,1.128,1.134,1.117,1.119,1170520.0
2025-04-05 04:00:00,1.119,1.13,1.115,1.128,1130919.0
2025-04-05 08:00:00,1.127,1.131,1.118,1.119,1069696.0
2025-04-05 12:00:00,1.12,1.12,1.098,1.101,2329420.0
2025-04-05 16:00:00,1.101,1.106,1.094,1.101,2157132.0
2025-04-05 20:00:00,1.1,1.115,1.099,1.113,1169538.0
2025-04-06 00:00:00,1.113,1.119,1.106,1.109,1182832.0
2025-04-06 04:00:00,1.109,1.11,1.095,1.096,1142149.0
2025-04-06 08:00:00,1.096,1.097,1.082,1.087,1958495.0
2025-04-06 12:00:00,1.087,1.089,1.052,1.058,4581957.0
2025-04-06 16:00:00,1.058,1.06,0.991,1.011,10672293.0
2025-04-06 20:00:00,1.011,1.046,0.991,1.041,8253051.0
2025-04-07 00:00:00,1.041,1.063,1.015,1.029,5664770.0
2025-04-07 04:00:00,1.029,1.034,0.958,0.966,9590324.0
2025-04-07 08:00:00,0.966,1.012,0.957,0.98,5815687.0
2025-04-07 12:00:00,0.979,1.076,0.974,1.023,13147277.0
2025-04-07 16:00:00,1.023,1.049,1.006,1.025,5220925.0
2025-04-07 20:00:00,1.025,1.056,1.025,1.036,2148452.0
2025-04-08 00:00:00,1.036,1.073,1.029,1.055,2353983.0
2025-04-08 04:00:00,1.054,1.063,1.036,1.043,1649487.0
2025-04-08 08:00:00,1.042,1.082,1.031,1.082,2473681.0
2025-04-08 12:00:00,1.083,1.092,1.046,1.054,5854138.0
2025-04-08 16:00:00,1.053,1.054,0.993,0.996,6301746.0
2025-04-08 20:00:00,0.996,1.008,0.984,0.993,3097281.0
2025-04-09 00:00:00,0.993,1.014,0.966,0.997,5204473.0
2025-04-09 04:00:00,0.996,1.035,0.995,1.03,3004410.0
2025-04-09 08:00:00,1.03,1.034,1.001,1.008,3117957.0
2025-04-09 12:00:00,1.007,1.04,1.0,1.024,5192492.0
2025-04-09 16:00:00,1.023,1.12,1.021,1.111,10270976.0
2025-04-09 20:00:00,1.111,1.146,1.111,1.115,4001097.0
2025-04-10 00:00:00,1.116,1.118,1.091,1.098,1806926.0
2025-04-10 04:00:00,1.097,1.107,1.09,1.095,1324426.0
2025-04-10 08:00:00,1.096,1.097,1.083,1.092,1518223.0
2025-04-10 12:00:00,1.091,1.111,1.048,1.051,4363984.0
2025-04-10 16:00:00,1.052,1.076,1.046,1.071,2805995.0
2025-04-10 20:00:00,1.071,1.078,1.068,1.071,865052.0
2025-04-11 00:00:00,1.071,1.096,1.063,1.096,3065724.0
2025-04-11 04:00:00,1.096,1.111,1.088,1.109,2554947.0
2025-04-11 08:00:00,1.108,1.119,1.099,1.106,2259703.0
2025-04-11 12:00:00,1.107,1.123,1.096,1.121,4189142.0
2025-04-11 16:00:00,1.12,1.132,1.114,1.125,1970400.0
2025-04-11 20:00:00,1.126,1.133,1.112,1.115,1306196.0
2025-04-12 00:00:00,1.115,1.118,1.103,1.103,1544295.0
2025-04-12 04:00:00,1.103,1.128,1.099,1.128,1655267.0
2025-04-12 08:00:00,1.127,1.15,1.125,1.14,3761839.0
2025-04-12 12:00:00,1.141,1.189,1.134,1.185,3873798.0
2025-04-12 16:00:00,1.184,1.195,1.167,1.175,2844120.0
2025-04-12 20:00:00,1.176,1.194,1.176,1.187,1724933.0
2025-04-13 00:00:00,1.188,1.189,1.164,1.172,1949804.0
2025-04-13 04:00:00,1.172,1.172,1.159,1.163,1322300.0
2025-04-13 08:00:00,1.162,1.173,1.154,1.16,1758571.0
2025-04-13 12:00:00,1.161,1.165,1.141,1.149,1938592.0
2025-04-13 16:00:00,1.148,1.179,1.138,1.144,3819930.0
2025-04-13 20:00:00,1.145,1.154,1.127,1.138,2922510.0
2025-04-14 00:00:00,1.138,1.186,1.137,1.165,3855146.0
2025-04-14 04:00:00,1.166,1.167,1.146,1.157,2630604.0
2025-04-14 08:00:00,1.157,1.184,1.155,1.183,2344098.0
2025-04-14 12:00:00,1.183,1.185,1.143,1.144,4510614.0
2025-04-14 16:00:00,1.145,1.165,1.133,1.157,3358055.0
2025-04-14 20:00:00,1.157,1.159,1.142,1.145,1238123.0
2025-04-15 00:00:00,1.145,1.153,1.134,1.15,2038923.0
2025-04-15 04:00:00,1.151,1.156,1.142,1.155,1481997.0
2025-04-15 08:00:00,1.156,1.161,1.135,1.138,2032843.0
2025-04-15 12:00:00,1.139,1.155,1.124,1.129,2545310.0
2025-04-15 16:00:00,1.13,1.132,1.11,1.116,2119167.0
2025-04-15 20:00:00,1.115,1.121,1.101,1.103,1397522.0
2025-04-16 00:00:00,1.103,1.114,1.092,1.109,1845808.0
2025-04-16 04:00:00,1.109,1.112,1.091,1.093,1650939.0
2025-04-16 08:00:00,1.092,1.11,1.084,1.108,2004090.0
2025-04-16 12:00:00,1.108,1.148,1.1,1.138,3182478.0
2025-04-16 16:00:00,1.138,1.152,1.094,1.129,6082173.0
2025-04-16 20:00:00,1.129,1.141,1.117,1.119,1896048.0
2025-04-17 00:00:00,1.119,1.128,1.11,1.116,1515578.0
2025-04-17 04:00:00,1.116,1.141,1.113,1.135,1844096.0
2025-04-17 08:00:00,1.136,1.136,1.118,1.129,1276315.0
2025-04-17 12:00:00,1.129,1.14,1.106,1.124,2636822.0
2025-04-17 16:00:00,1.124,1.16,1.119,1.134,3764609.0
2025-04-17 20:00:00,1.134,1.143,1.126,1.131,1413650.0
2025-04-18 00:00:00,1.131,1.135,1.12,1.126,1674515.0
2025-04-18 04:00:00,1.126,1.132,1.12,1.131,1314648.0
2025-04-18 08:00:00,1.132,1.142,1.13,1.135,1867983.0
2025-04-18 12:00:00,1.135,1.153,1.135,1.139,3098920.0
2025-04-18 16:00:00,1.139,1.151,1.137,1.143,1765979.0
2025-04-18 20:00:00,1.142,1.148,1.137,1.142,898438.0
2025-04-19 00:00:00,1.142,1.153,1.137,1.147,940825.0
2025-04-19 04:00:00,1.147,1.156,1.144,1.153,1180520.0
2025-04-19 08:00:00,1.153,1.155,1.144,1.146,851214.0
2025-04-19 12:00:00,1.146,1.164,1.14,1.154,1368424.0
2025-04-19 16:00:00,1.153,1.19,1.146,1.187,3492563.0
2025-04-19 20:00:00,1.187,1.19,1.169,1.172,1722103.0
2025-04-20 00:00:00,1.172,1.183,1.171,1.179,1156379.0
2025-04-20 04:00:00,1.179,1.188,1.168,1.173,1705510.0
2025-04-20 08:00:00,1.173,1.174,1.161,1.167,2039436.0
2025-04-20 12:00:00,1.166,1.179,1.165,1.169,1059174.0
2025-04-20 16:00:00,1.169,1.195,1.167,1.195,1284106.0
2025-04-20 20:00:00,1.194,1.223,1.193,1.209,3014341.0
2025-04-21 00:00:00,1.209,1.243,1.203,1.233,4320227.0
2025-04-21 04:00:00,1.232,1.241,1.224,1.226,2337624.0
2025-04-21 08:00:00,1.227,1.249,1.226,1.236,1923711.0
2025-04-21 12:00:00,1.236,1.252,1.229,1.243,2157575.0
2025-04-21 16:00:00,1.242,1.243,1.204,1.223,3044291.0
2025-04-21 20:00:00,1.222,1.228,1.215,1.224,1007282.0
2025-04-22 00:00:00,1.224,1.241,1.204,1.228,1849525.0
2025-04-22 04:00:00,1.228,1.259,1.217,1.259,1584276.0
2025-04-22 08:00:00,1.258,1.264,1.24,1.248,1843102.0
2025-04-22 12:00:00,1.247,1.29,1.241,1.286,3672086.0
2025-04-22 16:00:00,1.286,1.297,1.269,1.287,2490007.0
2025-04-22 20:00:00,1.287,1.319,1.281,1.31,2598219.0
2025-04-23 00:00:00,1.311,1.326,1.295,1.323,2338219.0
2025-04-23 04:00:00,1.323,1.334,1.306,1.319,1795933.0
2025-04-23 08:00:00,1.319,1.327,1.299,1.306,1557223.0
2025-04-23 12:00:00,1.306,1.317,1.277,1.295,3878930.0
2025-04-23 16:00:00,1.295,1.308,1.285,1.29,1920884.0
2025-04-23 20:00:00,1.29,1.306,1.289,1.297,1163217.0
2025-04-24 00:00:00,1.298,1.31,1.28,1.282,1415994.0
2025-04-24 04:00:00,1.281,1.305,1.275,1.277,1569581.0
2025-04-24 08:00:00,1.277,1.292,1.263,1.29,1629725.0
2025-04-24 12:00:00,1.291,1.375,1.289,1.364,6032257.0
2025-04-24 16:00:00,1.364,1.37,1.331,1.358,3620311.0
2025-04-24 20:00:00,1.359,1.398,1.358,1.396,3110222.0
2025-04-25 00:00:00,1.396,1.397,1.351,1.368,2015570.0
2025-04-25 04:00:00,1.368,1.379,1.359,1.375,1313361.0
2025-04-25 08:00:00,1.374,1.377,1.355,1.368,1889363.0
2025-04-25 12:00:00,1.369,1.396,1.348,1.37,2921160.0
2025-04-25 16:00:00,1.37,1.379,1.354,1.369,1794782.0
2025-04-25 20:00:00,1.368,1.376,1.357,1.367,718635.0
2025-04-26 00:00:00,1.367,1.442,1.366,1.424,3464488.0
2025-04-26 04:00:00,1.424,1.429,1.404,1.404,996252.0
2025-04-26 08:00:00,1.403,1.414,1.378,1.381,1763268.0
2025-04-26 12:00:00,1.382,1.394,1.366,1.39,1237981.0
2025-04-26 16:00:00,1.39,1.391,1.378,1.385,608329.0
2025-04-26 20:00:00,1.386,1.393,1.376,1.387,888489.0
2025-04-27 00:00:00,1.387,1.397,1.358,1.372,1778830.0
2025-04-27 04:00:00,1.372,1.375,1.348,1.359,1098728.0
2025-04-27 08:00:00,1.359,1.364,1.342,1.344,976859.0
2025-04-27 12:00:00,1.345,1.348,1.328,1.331,1493447.0
2025-04-27 16:00:00,1.332,1.34,1.319,1.339,1085411.0
2025-04-27 20:00:00,1.339,1.34,1.322,1.323,818454.0
2025-04-28 00:00:00,1.324,1.337,1.297,1.331,2492228.0
2025-04-28 04:00:00,1.332,1.391,1.332,1.385,3487953.0
2025-04-28 08:00:00,1.384,1.403,1.368,1.394,3290300.0
2025-04-28 12:00:00,1.395,1.398,1.34,1.357,3217997.0
2025-04-28 16:00:00,1.357,1.392,1.341,1.385,1444767.0
2025-04-28 20:00:00,1.385,1.395,1.379,1.389,1207766.0
2025-04-29 00:00:00,1.389,1.397,1.377,1.392,1497704.0
2025-04-29 04:00:00,1.392,1.401,1.355,1.392,3073236.0
2025-04-29 08:00:00,1.392,1.395,1.37,1.377,948500.0
2025-04-29 12:00:00,1.376,1.389,1.363,1.374,1114933.0
2025-04-29 16:00:00,1.374,1.392,1.373,1.38,830540.0
2025-04-29 20:00:00,1.38,1.383,1.332,1.336,2287467.0
2025-04-30 00:00:00,1.337,1.367,1.332,1.353,2190214.0
2025-04-30 04:00:00,1.353,1.358,1.338,1.343,1175772.0
2025-04-30 08:00:00,1.343,1.376,1.34,1.374,1216889.0
2025-04-30 12:00:00,1.374,1.379,1.284,1.314,4926995.0
2025-04-30 16:00:00,1.313,1.345,1.306,1.329,1389273.0
2025-04-30 20:00:00,1.33,1.347,1.328,1.335,1099064.0
2025-05-01 00:00:00,1.334,1.359,1.331,1.34,1176023.0
2025-05-01 04:00:00,1.34,1.359,1.328,1.355,1705321.0
2025-05-01 08:00:00,1.355,1.395,1.354,1.39,2093794.0
2025-05-01 12:00:00,1.391,1.446,1.371,1.412,3389489.0
2025-05-01 16:00:00,1.411,1.481,1.388,1.393,6211280.0
2025-05-01 20:00:00,1.393,1.413,1.385,1.394,1324077.0
2025-05-02 00:00:00,1.394,1.431,1.384,1.412,2290257.0
2025-05-02 04:00:00,1.413,1.418,1.39,1.391,1034040.0
2025-05-02 08:00:00,1.391,1.425,1.3,1.306,7088443.0
2025-05-02 12:00:00,1.307,1.339,1.295,1.326,3873711.0
2025-05-02 16:00:00,1.327,1.344,1.311,1.314,1942022.0
2025-05-02 20:00:00,1.313,1.323,1.297,1.308,1705849.0
2025-05-03 00:00:00,1.309,1.31,1.288,1.297,2259827.0
2025-05-03 04:00:00,1.297,1.304,1.281,1.282,1951075.0
2025-05-03 08:00:00,1.283,1.283,1.246,1.26,3220518.0
2025-05-03 12:00:00,1.261,1.279,1.26,1.27,2074649.0
2025-05-03 16:00:00,1.27,1.271,1.247,1.27,2114863.0
2025-05-03 20:00:00,1.27,1.287,1.264,1.264,1516316.0
2025-05-04 00:00:00,1.265,1.343,1.258,1.336,4726443.0
2025-05-04 04:00:00,1.336,1.352,1.31,1.322,3598860.0
2025-05-04 08:00:00,1.323,1.324,1.303,1.308,2020771.0
2025-05-04 12:00:00,1.307,1.312,1.263,1.273,4374433.0
2025-05-04 16:00:00,1.272,1.277,1.252,1.264,2065523.0
2025-05-04 20:00:00,1.263,1.273,1.243,1.257,1832405.0
2025-05-05 00:00:00,1.256,1.265,1.23,1.251,1762550.0
2025-05-05 04:00:00,1.252,1.265,1.249,1.262,998327.0
2025-05-05 08:00:00,1.262,1.267,1.228,1.239,1841610.0
2025-05-05 12:00:00,1.239,1.259,1.233,1.237,2273924.0
2025-05-05 16:00:00,1.238,1.308,1.237,1.262,3340427.0
2025-05-05 20:00:00,1.262,1.266,1.246,1.249,1647959.0
2025-05-06 00:00:00,1.248,1.257,1.221,1.244,1942559.0
2025-05-06 04:00:00,1.245,1.248,1.23,1.234,1419048.0
2025-05-06 08:00:00,1.234,1.235,1.195,1.199,2559595.0
2025-05-06 12:00:00,1.2,1.212,1.184,1.204,2943125.0
2025-05-06 16:00:00,1.203,1.232,1.193,1.224,2219296.0
2025-05-06 20:00:00,1.224,1.294,1.213,1.293,3496221.0
2025-05-07 00:00:00,1.292,1.319,1.26,1.271,6041575.0
2025-05-07 04:00:00,1.272,1.278,1.256,1.268,1721880.0
2025-05-07 08:00:00,1.268,1.272,1.252,1.255,1440824.0
2025-05-07 12:00:00,1.255,1.258,1.233,1.234,2453976.0
2025-05-07 16:00:00,1.234,1.243,1.22,1.23,2707988.0
2025-05-07 20:00:00,1.23,1.254,1.228,1.246,1183062.0
2025-05-08 00:00:00,1.245,1.295,1.243,1.295,3124991.0
2025-05-08 04:00:00,1.295,1.314,1.294,1.306,2297833.0
2025-05-08 08:00:00,1.307,1.322,1.305,1.31,2086574.0
2025-05-08 12:00:00,1.311,1.353,1.302,1.342,3564628.0
2025-05-08 16:00:00,1.342,1.359,1.336,1.355,2711698.0
2025-05-08 20:00:00,1.355,1.392,1.352,1.38,2914602.0
2025-05-09 00:00:00,1.38,1.407,1.369,1.393,3306217.0
2025-05-09 04:00:00,1.393,1.462,1.392,1.45,3872880.0
2025-05-09 08:00:00,1.449,1.491,1.435,1.472,6752541.0
2025-05-09 12:00:00,1.473,1.493,1.454,1.481,4921161.0
2025-05-09 16:00:00,1.48,1.507,1.458,1.491,2959863.0
2025-05-09 20:00:00,1.491,1.5,1.481,1.495,1148861.0
2025-05-10 00:00:00,1.494,1.544,1.493,1.536,3432012.0
2025-05-10 04:00:00,1.535,1.664,1.527,1.641,8321382.0
2025-05-10 08:00:00,1.641,1.755,1.627,1.659,14093829.0
2025-05-10 12:00:00,1.659,1.694,1.654,1.668,4208547.0
2025-05-10 16:00:00,1.667,1.715,1.667,1.696,2626344.0
2025-05-10 20:00:00,1.695,1.745,1.677,1.742,4696100.0
2025-05-11 00:00:00,1.741,1.799,1.669,1.785,7508564.0
2025-05-11 04:00:00,1.784,1.821,1.673,1.691,12691025.0
2025-05-11 08:00:00,1.692,1.756,1.687,1.744,3422920.0
2025-05-11 12:00:00,1.743,1.763,1.694,1.713,4297652.0
2025-05-11 16:00:00,1.712,1.749,1.692,1.739,1662147.0
2025-05-11 20:00:00,1.739,1.759,1.717,1.757,2259588.0
2025-05-12 00:00:00,1.757,1.815,1.731,1.8,5225219.0
2025-05-12 04:00:00,1.8,2.031,1.796,2.011,12415411.0
2025-05-12 08:00:00,2.011,2.085,1.944,1.964,8156611.0
2025-05-12 12:00:00,1.963,2.002,1.885,1.89,6434728.0
2025-05-12 16:00:00,1.889,1.958,1.836,1.919,6343942.0
2025-05-12 20:00:00,1.918,1.965,1.913,1.93,2822437.0
2025-05-13 00:00:00,1.93,1.949,1.86,1.872,3719276.0
2025-05-13 04:00:00,1.872,1.963,1.866,1.93,2881562.0
2025-05-13 08:00:00,1.93,2.014,1.93,2.005,3949630.0
2025-05-13 12:00:00,2.005,2.036,1.954,2.023,5447590.0
2025-05-13 16:00:00,2.023,2.108,2.006,2.076,4926405.0
2025-05-13 20:00:00,2.075,2.081,2.028,2.069,2976387.0
2025-05-14 00:00:00,2.068,2.079,2.012,2.026,2728584.0
2025-05-14 04:00:00,2.026,2.03,1.985,2.004,2830346.0
2025-05-14 08:00:00,2.004,2.024,1.952,2.003,3759123.0
2025-05-14 12:00:00,2.002,2.016,1.954,1.972,2798925.0
2025-05-14 16:00:00,1.973,1.982,1.938,1.974,1465045.0
2025-05-14 20:00:00,1.974,1.98,1.935,1.951,1353145.0
2025-05-15 00:00:00,1.951,1.972,1.893,1.931,3472317.0
2025-05-15 04:00:00,1.931,1.942,1.844,1.845,3934675.0
2025-05-15 08:00:00,1.846,1.904,1.844,1.871,3226477.0
2025-05-15 12:00:00,1.871,1.924,1.829,1.92,4056361.0
2025-05-15 16:00:00,1.921,1.968,1.886,1.91,3088242.0
2025-05-15 20:00:00,1.91,1.929,1.858,1.889,2695477.0
2025-05-16 00:00:00,1.89,1.967,1.88,1.927,2811571.0
2025-05-16 04:00:00,1.928,1.94,1.875,1.879,2224438.0
2025-05-16 08:00:00,1.879,1.915,1.824,1.891,3822545.0
2025-05-16 12:00:00,1.892,1.922,1.844,1.87,4914095.0
2025-05-16 16:00:00,1.871,1.888,1.826,1.859,1860023.0
2025-05-16 20:00:00,1.859,1.859,1.771,1.774,2827351.0
2025-05-17 00:00:00,1.773,1.781,1.721,1.74,2740330.0
2025-05-17 04:00:00,1.74,1.755,1.703,1.712,1705656.0
2025-05-17 08:00:00,1.712,1.716,1.668,1.682,3530156.0
2025-05-17 12:00:00,1.682,1.694,1.648,1.681,2291698.0
2025-05-17 16:00:00,1.681,1.696,1.655,1.671,1761263.0
2025-05-17 20:00:00,1.671,1.693,1.653,1.685,1365114.0
2025-05-18 00:00:00,1.686,1.704,1.673,1.679,1444602.0
2025-05-18 04:00:00,1.679,1.748,1.678,1.748,2286803.0
2025-05-18 08:00:00,1.749,1.844,1.742,1.826,5157838.0
2025-05-18 12:00:00,1.826,1.935,1.811,1.925,4073352.0
2025-05-18 16:00:00,1.926,1.935,1.79,1.79,5491996.0
2025-05-18 20:00:00,1.791,1.899,1.75,1.891,4546169.0
2025-05-19 00:00:00,1.893,1.918,1.801,1.802,3135648.0
2025-05-19 04:00:00,1.802,1.816,1.697,1.727,4685478.0
2025-05-19 08:00:00,1.726,1.746,1.708,1.735,2006834.0
2025-05-19 12:00:00,1.734,1.799,1.71,1.776,3616051.0
2025-05-19 16:00:00,1.777,1.832,1.764,1.804,2538510.0
2025-05-19 20:00:00,1.804,1.818,1.756,1.787,2180277.0
2025-05-20 00:00:00,1.786,1.846,1.774,1.791,2205946.0
2025-05-20 04:00:00,1.791,1.813,1.755,1.761,1986092.0
2025-05-20 08:00:00,1.76,1.766,1.731,1.744,2729606.0
2025-05-20 12:00:00,1.745,1.747,1.721,1.738,2018339.0
2025-05-20 16:00:00,1.738,1.792,1.726,1.787,3103416.0
2025-05-20 20:00:00,1.786,1.81,1.773,1.798,2512527.0
2025-05-21 00:00:00,1.797,1.828,1.775,1.815,1770469.0
2025-05-21 04:00:00,1.816,1.86,1.804,1.83,3167747.0
2025-05-21 08:00:00,1.831,1.871,1.815,1.851,2106419.0
2025-05-21 12:00:00,1.851,1.939,1.84,1.922,4213191.0
2025-05-21 16:00:00,1.922,1.966,1.853,1.925,7792724.0
2025-05-21 20:00:00,1.924,1.988,1.898,1.959,3191597.0
2025-05-22 00:00:00,1.959,2.04,1.921,2.022,5297866.0
2025-05-22 04:00:00,2.022,2.111,2.017,2.073,5312886.0
2025-05-22 08:00:00,2.074,2.189,2.067,2.145,6445190.0
2025-05-22 12:00:00,2.146,2.176,2.1,2.111,5215148.0
2025-05-22 16:00:00,2.111,2.146,2.095,2.118,2417252.0
2025-05-22 20:00:00,2.119,2.148,2.096,2.138,2303987.0
2025-05-23 00:00:00,2.137,2.189,2.114,2.169,3347848.0
2025-05-23 04:00:00,2.168,2.171,2.07,2.076,3427979.0
2025-05-23 08:00:00,2.077,2.107,1.93,2.008,5548304.0
2025-05-23 12:00:00,2.008,2.053,1.952,2.022,8952049.0
2025-05-23 16:00:00,2.022,2.041,1.986,2.01,2131163.0
2025-05-23 20:00:00,2.01,2.011,1.9,1.91,3225717.0
2025-05-24 00:00:00,1.911,1.975,1.891,1.954,3899828.0
2025-05-24 04:00:00,1.955,1.963,1.916,1.92,1569689.0
2025-05-24 08:00:00,1.921,1.952,1.903,1.91,1891590.0
2025-05-24 12:00:00,1.911,1.923,1.878,1.891,1764327.0
2025-05-24 16:00:00,1.892,1.907,1.87,1.888,1124383.0
2025-05-24 20:00:00,1.887,1.899,1.856,1.877,1373544.0
2025-05-25 00:00:00,1.876,1.884,1.846,1.871,1412495.0
2025-05-25 04:00:00,1.871,1.879,1.822,1.835,2206564.0
2025-05-25 08:00:00,1.835,1.871,1.806,1.859,1917903.0
2025-05-25 12:00:00,1.859,1.896,1.848,1.883,2043803.0
2025-05-25 16:00:00,1.883,1.897,1.849,1.887,1291336.0
2025-05-25 20:00:00,1.888,2.01,1.875,1.993,3197018.0
2025-05-26 00:00:00,1.994,2.034,1.973,2.027,2474470.0
2025-05-26 04:00:00,2.028,2.03,1.961,1.995,2388033.0
2025-05-26 08:00:00,1.994,1.999,1.961,1.979,1569274.0
2025-05-26 12:00:00,1.978,1.998,1.943,1.964,2281674.0
2025-05-26 16:00:00,1.964,1.971,1.908,1.93,2296884.0
2025-05-26 20:00:00,1.929,1.945,1.906,1.924,1222780.0
2025-05-27 00:00:00,1.925,1.944,1.873,1.917,2072266.0
2025-05-27 04:00:00,1.918,1.975,1.905,1.969,3106174.0
2025-05-27 08:00:00,1.97,1.984,1.942,1.953,1990323.0
2025-05-27 12:00:00,1.953,1.986,1.921,1.956,2795468.0
2025-05-27 16:00:00,1.957,1.976,1.93,1.938,2079892.0
2025-05-27 20:00:00,1.938,1.962,1.906,1.96,1827375.0
2025-05-28 00:00:00,1.961,2.012,1.936,1.984,2917084.0
2025-05-28 04:00:00,1.983,1.995,1.938,1.948,2035644.0
2025-05-28 08:00:00,1.947,1.984,1.934,1.957,1055728.0
2025-05-28 12:00:00,1.957,1.997,1.893,1.895,3003225.0
2025-05-28 16:00:00,1.895,1.953,1.861,1.868,2168458.0
2025-05-28 20:00:00,1.868,1.929,1.859,1.928,3659283.0
2025-05-29 00:00:00,1.927,1.979,1.908,1.953,2182061.0
2025-05-29 04:00:00,1.952,1.955,1.891,1.895,1722079.0
2025-05-29 08:00:00,1.896,1.912,1.873,1.877,1965783.0
2025-05-29 12:00:00,1.876,1.886,1.83,1.839,2557874.0
2025-05-29 16:00:00,1.839,1.887,1.831,1.867,1757079.0
2025-05-29 20:00:00,1.868,1.879,1.831,1.839,945074.0
2025-05-30 00:00:00,1.838,1.872,1.775,1.789,4831922.0
2025-05-30 04:00:00,1.789,1.796,1.749,1.758,1696438.0
2025-05-30 08:00:00,1.758,1.776,1.723,1.741,2856681.0
2025-05-30 12:00:00,1.74,1.752,1.707,1.727,2027808.0
2025-05-30 16:00:00,1.728,1.734,1.657,1.706,3130337.0
2025-05-30 20:00:00,1.706,1.707,1.642,1.648,1976469.0
2025-05-31 00:00:00,1.648,1.652,1.573,1.583,3875257.0
2025-05-31 04:00:00,1.583,1.621,1.573,1.601,1608638.0
2025-05-31 08:00:00,1.6,1.64,1.588,1.632,1396894.0
2025-05-31 12:00:00,1.633,1.691,1.63,1.674,2221742.0
2025-05-31 16:00:00,1.674,1.706,1.651,1.657,1923889.0
2025-05-31 20:00:00,1.658,1.673,1.65,1.659,815148.0
2025-06-01 00:00:00,1.659,1.678,1.64,1.658,1231734.0
2025-06-01 04:00:00,1.659,1.689,1.641,1.646,1195199.0
2025-06-01 08:00:00,1.647,1.648,1.618,1.63,1409871.0
2025-06-01 12:00:00,1.631,1.67,1.617,1.652,1319937.0
2025-06-01 16:00:00,1.652,1.693,1.649,1.684,1978108.0
2025-06-01 20:00:00,1.683,1.722,1.677,1.711,1671005.0
2025-06-02 00:00:00,1.711,1.713,1.667,1.669,1599855.0
2025-06-02 04:00:00,1.669,1.714,1.664,1.687,1345976.0
2025-06-02 08:00:00,1.687,1.693,1.612,1.62,2305739.0
2025-06-02 12:00:00,1.62,1.662,1.607,1.646,2528358.0
2025-06-02 16:00:00,1.646,1.673,1.633,1.647,1430856.0
2025-06-02 20:00:00,1.647,1.736,1.647,1.721,2492425.0
2025-06-03 00:00:00,1.722,1.752,1.698,1.707,2000559.0
2025-06-03 04:00:00,1.706,1.709,1.686,1.692,1095020.0
2025-06-03 08:00:00,1.692,1.699,1.668,1.678,1596992.0
2025-06-03 12:00:00,1.679,1.768,1.673,1.753,3201522.0
2025-06-03 16:00:00,1.753,1.763,1.726,1.73,2086626.0
2025-06-03 20:00:00,1.731,1.733,1.669,1.672,2033860.0
2025-06-04 00:00:00,1.672,1.718,1.669,1.685,1411171.0
2025-06-04 04:00:00,1.686,1.697,1.663,1.675,1253006.0
2025-06-04 08:00:00,1.675,1.703,1.648,1.65,1728560.0
2025-06-04 12:00:00,1.649,1.698,1.643,1.688,2392907.0
2025-06-04 16:00:00,1.688,1.689,1.648,1.648,1166787.0
2025-06-04 20:00:00,1.648,1.65,1.61,1.615,2205039.0
2025-06-05 00:00:00,1.615,1.65,1.606,1.639,1396976.0
2025-06-05 04:00:00,1.638,1.644,1.612,1.624,1597822.0
2025-06-05 08:00:00,1.624,1.642,1.609,1.619,1117515.0
2025-06-05 12:00:00,1.619,1.685,1.6,1.625,4804503.0
2025-06-05 16:00:00,1.625,1.626,1.55,1.565,3791421.0
2025-06-05 20:00:00,1.565,1.573,1.507,1.532,3979386.0
2025-06-06 00:00:00,1.533,1.553,1.52,1.55,1347221.0
2025-06-06 04:00:00,1.55,1.591,1.537,1.575,2227013.0
2025-06-06 08:00:00,1.575,1.589,1.572,1.587,1146261.0
2025-06-06 12:00:00,1.586,1.622,1.586,1.61,2509435.0
2025-06-06 16:00:00,1.61,1.616,1.567,1.575,1506141.0
2025-06-06 20:00:00,1.575,1.592,1.568,1.572,814781.0
2025-06-07 00:00:00,1.573,1.615,1.564,1.611,1208023.0
2025-06-07 04:00:00,1.611,1.635,1.602,1.618,1541693.0
2025-06-07 08:00:00,1.619,1.627,1.61,1.621,743195.0
2025-06-07 12:00:00,1.622,1.638,1.617,1.633,1262054.0
2025-06-07 16:00:00,1.633,1.637,1.61,1.627,1012838.0
2025-06-07 20:00:00,1.627,1.656,1.621,1.626,1545837.0
2025-06-08 00:00:00,1.627,1.629,1.605,1.609,812496.0
2025-06-08 04:00:00,1.61,1.617,1.59,1.594,826374.0
2025-06-08 08:00:00,1.594,1.63,1.585,1.627,1434839.0
2025-06-08 12:00:00,1.628,1.642,1.617,1.627,1183784.0
2025-06-08 16:00:00,1.626,1.657,1.624,1.654,1334018.0
2025-06-08 20:00:00,1.654,1.66,1.625,1.629,984332.0
2025-06-09 00:00:00,1.629,1.629,1.592,1.606,1429345.0
2025-06-09 04:00:00,1.606,1.612,1.59,1.606,1051346.0
2025-06-09 08:00:00,1.606,1.674,1.601,1.668,2721314.0
2025-06-09 12:00:00,1.669,1.694,1.653,1.68,2531991.0
2025-06-09 16:00:00,1.681,1.702,1.68,1.689,1546429.0
2025-06-09 20:00:00,1.689,1.741,1.689,1.735,2149892.0
2025-06-10 00:00:00,1.736,1.747,1.727,1.732,1298338.0
2025-06-10 04:00:00,1.733,1.738,1.699,1.728,1837648.0
2025-06-10 08:00:00,1.729,1.765,1.707,1.758,2124036.0
2025-06-10 12:00:00,1.757,1.778,1.696,1.719,3694025.0
2025-06-10 16:00:00,1.72,1.764,1.708,1.742,1842434.0
2025-06-10 20:00:00,1.742,1.765,1.726,1.763,1619640.0
2025-06-11 00:00:00,1.763,1.773,1.729,1.743,1678192.0
2025-06-11 04:00:00,1.743,1.748,1.728,1.741,1267362.0
2025-06-11 08:00:00,1.741,1.743,1.706,1.737,1936059.0
2025-06-11 12:00:00,1.737,1.792,1.731,1.761,4403983.0
2025-06-11 16:00:00,1.761,1.778,1.716,1.725,2611262.0
2025-06-11 20:00:00,1.724,1.74,1.681,1.685,2473789.0
2025-06-12 00:00:00,1.686,1.694,1.653,1.656,2124738.0
2025-06-12 04:00:00,1.656,1.665,1.635,1.637,1869745.0
2025-06-12 08:00:00,1.637,1.649,1.619,1.621,1520679.0
2025-06-12 12:00:00,1.622,1.668,1.619,1.632,2697063.0
2025-06-12 16:00:00,1.633,1.661,1.593,1.598,2375400.0
2025-06-12 20:00:00,1.598,1.623,1.569,1.572,2384445.0
2025-06-13 00:00:00,1.572,1.574,1.474,1.515,6665128.0
2025-06-13 04:00:00,1.514,1.516,1.478,1.49,2395669.0
2025-06-13 08:00:00,1.491,1.511,1.469,1.478,2655940.0
2025-06-13 12:00:00,1.478,1.517,1.455,1.504,4361967.0
2025-06-13 16:00:00,1.504,1.541,1.473,1.483,4011353.0
2025-06-13 20:00:00,1.484,1.516,1.48,1.513,1405870.0
2025-06-14 00:00:00,1.513,1.513,1.49,1.5,1517173.0
2025-06-14 04:00:00,1.501,1.509,1.487,1.502,952252.0
2025-06-14 08:00:00,1.502,1.504,1.485,1.494,798495.0
2025-06-14 12:00:00,1.493,1.5,1.463,1.473,1918916.0
2025-06-14 16:00:00,1.472,1.477,1.456,1.464,1408981.0
2025-06-14 20:00:00,1.464,1.485,1.456,1.48,898610.0
2025-06-15 00:00:00,1.481,1.504,1.479,1.496,966766.0
2025-06-15 04:00:00,1.497,1.514,1.483,1.485,1295405.0
2025-06-15 08:00:00,1.485,1.491,1.473,1.489,1843453.0
2025-06-15 12:00:00,1.49,1.518,1.476,1.508,2238987.0
2025-06-15 16:00:00,1.507,1.518,1.487,1.495,1501686.0
2025-06-15 20:00:00,1.495,1.52,1.477,1.511,1662587.0
2025-06-16 00:00:00,1.51,1.538,1.488,1.521,1560384.0
2025-06-16 04:00:00,1.521,1.56,1.52,1.556,1633105.0
2025-06-16 08:00:00,1.556,1.565,1.54,1.552,1301555.0
2025-06-16 12:00:00,1.551,1.585,1.538,1.565,1898702.0
2025-06-16 16:00:00,1.565,1.582,1.561,1.58,976338.0
2025-06-16 20:00:00,1.58,1.588,1.505,1.508,2363146.0
2025-06-17 00:00:00,1.509,1.541,1.479,1.521,2946701.0
2025-06-17 04:00:00,1.522,1.524,1.497,1.5,1058687.0
2025-06-17 08:00:00,1.5,1.502,1.475,1.481,1550896.0
2025-06-17 12:00:00,1.48,1.486,1.43,1.441,2688659.0
2025-06-17 16:00:00,1.441,1.468,1.417,1.458,2253941.0
2025-06-17 20:00:00,1.459,1.461,1.429,1.44,1083779.0
2025-06-18 00:00:00,1.44,1.472,1.436,1.464,1529654.0
2025-06-18 04:00:00,1.464,1.477,1.446,1.454,1129410.0
2025-06-18 08:00:00,1.454,1.46,1.385,1.404,2905366.0
2025-06-18 12:00:00,1.405,1.423,1.375,1.412,2941204.0
2025-06-18 16:00:00,1.412,1.421,1.388,1.401,2210745.0
2025-06-18 20:00:00,1.401,1.442,1.397,1.43,1689144.0
2025-06-19 00:00:00,1.43,1.443,1.416,1.431,1175446.0
2025-06-19 04:00:00,1.43,1.44,1.419,1.419,1102209.0
2025-06-19 08:00:00,1.42,1.433,1.412,1.415,1108569.0
2025-06-19 12:00:00,1.415,1.423,1.395,1.399,1634625.0
2025-06-19 16:00:00,1.399,1.424,1.391,1.401,1495408.0
2025-06-19 20:00:00,1.401,1.417,1.396,1.401,1224369.0
2025-06-20 00:00:00,1.4,1.406,1.383,1.396,1356799.0
2025-06-20 04:00:00,1.395,1.433,1.381,1.43,1764972.0
2025-06-20 08:00:00,1.43,1.439,1.414,1.419,1699313.0
2025-06-20 12:00:00,1.42,1.427,1.358,1.364,3803966.0
2025-06-20 16:00:00,1.365,1.365,1.298,1.346,6272808.0
2025-06-20 20:00:00,1.345,1.365,1.324,1.335,2062846.0
2025-06-21 00:00:00,1.336,1.348,1.333,1.339,905566.0
2025-06-21 04:00:00,1.339,1.348,1.333,1.343,845013.0
2025-06-21 08:00:00,1.343,1.371,1.34,1.349,1869484.0
2025-06-21 12:00:00,1.348,1.352,1.311,1.324,1946601.0
2025-06-21 16:00:00,1.323,1.329,1.282,1.282,2264321.0
2025-06-21 20:00:00,1.283,1.307,1.246,1.282,3611530.0
2025-06-22 00:00:00,1.282,1.306,1.267,1.282,2566579.0
2025-06-22 04:00:00,1.283,1.301,1.28,1.286,1769284.0
2025-06-22 08:00:00,1.285,1.289,1.256,1.264,1598059.0
2025-06-22 12:00:00,1.264,1.27,1.19,1.199,7236289.0
2025-06-22 16:00:00,1.199,1.235,1.196,1.201,3335991.0
2025-06-22 20:00:00,1.202,1.243,1.169,1.243,3408166.0
2025-06-23 00:00:00,1.243,1.258,1.237,1.245,1470821.0
2025-06-23 04:00:00,1.246,1.274,1.244,1.266,1571583.0
2025-06-23 08:00:00,1.265,1.27,1.247,1.256,1281834.0
2025-06-23 12:00:00,1.255,1.297,1.246,1.261,3052493.0
2025-06-23 16:00:00,1.26,1.31,1.223,1.308,4947054.0
2025-06-23 20:00:00,1.308,1.38,1.303,1.367,4480243.0
2025-06-24 00:00:00,1.367,1.376,1.358,1.374,1681684.0
2025-06-24 04:00:00,1.373,1.403,1.366,1.372,2381101.0
2025-06-24 08:00:00,1.373,1.384,1.355,1.361,2337181.0
2025-06-24 12:00:00,1.36,1.388,1.355,1.375,2276741.0
2025-06-24 16:00:00,1.376,1.394,1.358,1.371,2078816.0
2025-06-24 20:00:00,1.371,1.381,1.365,1.38,922067.0
2025-06-25 00:00:00,1.381,1.39,1.373,1.38,1390379.0
2025-06-25 04:00:00,1.379,1.393,1.366,1.387,1437461.0
2025-06-25 08:00:00,1.387,1.39,1.365,1.385,1618311.0
2025-06-25 12:00:00,1.384,1.395,1.34,1.341,2522681.0
2025-06-25 16:00:00,1.341,1.356,1.329,1.35,1878261.0
2025-06-25 20:00:00,1.351,1.364,1.327,1.334,1199422.0
2025-06-26 00:00:00,1.335,1.382,1.333,1.361,2494139.0
2025-06-26 04:00:00,1.362,1.363,1.338,1.347,1408755.0
2025-06-26 08:00:00,1.347,1.354,1.323,1.328,1036601.0
2025-06-26 12:00:00,1.328,1.33,1.294,1.316,2148845.0
2025-06-26 16:00:00,1.315,1.337,1.306,1.327,1291006.0
2025-06-26 20:00:00,1.326,1.344,1.303,1.308,1367701.0
2025-06-27 00:00:00,1.307,1.325,1.23,1.323,3142406.0
2025-06-27 04:00:00,1.323,1.337,1.308,1.311,1219505.0
2025-06-27 08:00:00,1.312,1.331,1.31,1.327,2047171.0
2025-06-27 12:00:00,1.328,1.342,1.317,1.335,2090934.0
2025-06-27 16:00:00,1.335,1.352,1.298,1.313,2251094.0
2025-06-27 20:00:00,1.314,1.328,1.312,1.318,1455832.0
2025-06-28 00:00:00,1.318,1.323,1.311,1.314,884302.0
2025-06-28 04:00:00,1.313,1.318,1.307,1.316,704536.0
2025-06-28 08:00:00,1.316,1.32,1.307,1.309,741744.0
2025-06-28 12:00:00,1.309,1.329,1.3,1.325,1152952.0
2025-06-28 16:00:00,1.326,1.35,1.325,1.341,1687676.0
2025-06-28 20:00:00,1.34,1.356,1.335,1.345,1212668.0
2025-06-29 00:00:00,1.345,1.352,1.333,1.333,839592.0
2025-06-29 04:00:00,1.333,1.351,1.332,1.346,922617.0
2025-06-29 08:00:00,1.347,1.368,1.344,1.366,1345984.0
2025-06-29 12:00:00,1.366,1.369,1.334,1.338,1375014.0
2025-06-29 16:00:00,1.337,1.34,1.324,1.338,1692905.0
2025-06-29 20:00:00,1.338,1.43,1.325,1.411,4313684.0
2025-06-30 00:00:00,1.411,1.418,1.377,1.382,2402429.0
2025-06-30 04:00:00,1.383,1.392,1.366,1.377,1881853.0
2025-06-30 08:00:00,1.378,1.381,1.351,1.352,1742316.0
2025-06-30 12:00:00,1.353,1.368,1.33,1.352,3577172.0
2025-06-30 16:00:00,1.352,1.364,1.338,1.362,1881437.0
2025-06-30 20:00:00,1.362,1.364,1.334,1.336,1180541.0
2025-07-01 00:00:00,1.336,1.343,1.315,1.322,2012700.0
2025-07-01 04:00:00,1.322,1.323,1.299,1.315,1724608.0
2025-07-01 08:00:00,1.315,1.316,1.3,1.306,1110786.0
2025-07-01 12:00:00,1.306,1.316,1.293,1.302,1655864.0
2025-07-01 16:00:00,1.301,1.308,1.286,1.286,930142.0
2025-07-01 20:00:00,1.286,1.307,1.283,1.299,1243067.0
2025-07-02 00:00:00,1.299,1.317,1.289,1.308,1298505.0
2025-07-02 04:00:00,1.307,1.333,1.304,1.321,1400040.0
2025-07-02 08:00:00,1.322,1.33,1.318,1.321,954575.0
2025-07-02 12:00:00,1.32,1.357,1.314,1.352,1742419.0
2025-07-02 16:00:00,1.352,1.398,1.351,1.394,3978229.0
2025-07-02 20:00:00,1.394,1.404,1.38,1.381,1598838.0
2025-07-03 00:00:00,1.381,1.393,1.377,1.381,1128370.0
2025-07-03 04:00:00,1.381,1.419,1.379,1.415,1753006.0
2025-07-03 08:00:00,1.415,1.42,1.39,1.394,1525195.0
2025-07-03 12:00:00,1.395,1.417,1.361,1.363,4538054.0
2025-07-03 16:00:00,1.363,1.391,1.362,1.386,1832744.0
2025-07-03 20:00:00,1.387,1.403,1.385,1.395,1147629.0
2025-07-04 00:00:00,1.394,1.409,1.376,1.381,1953151.0
2025-07-04 04:00:00,1.381,1.386,1.352,1.353,1675714.0
2025-07-04 08:00:00,1.353,1.367,1.342,1.358,1625301.0
2025-07-04 12:00:00,1.359,1.362,1.328,1.33,2010350.0
2025-07-04 16:00:00,1.329,1.332,1.31,1.312,2059772.0
2025-07-04 20:00:00,1.313,1.321,1.297,1.302,2469375.0
2025-07-05 00:00:00,1.303,1.316,1.296,1.311,1453113.0
2025-07-05 04:00:00,1.311,1.32,1.299,1.311,1461350.0
2025-07-05 08:00:00,1.311,1.315,1.3,1.306,1601197.0
2025-07-05 12:00:00,1.307,1.311,1.298,1.301,1048816.0
2025-07-05 16:00:00,1.301,1.306,1.286,1.299,1390475.0
2025-07-05 20:00:00,1.298,1.31,1.295,1.307,885576.0
2025-07-06 00:00:00,1.306,1.307,1.291,1.295,823211.0
2025-07-06 04:00:00,1.296,1.304,1.292,1.297,642178.0
2025-07-06 08:00:00,1.297,1.309,1.29,1.308,891301.0
2025-07-06 12:00:00,1.308,1.348,1.304,1.342,2788451.0
2025-07-06 16:00:00,1.342,1.346,1.317,1.33,1412342.0
2025-07-06 20:00:00,1.33,1.36,1.33,1.336,1434236.0
2025-07-07 00:00:00,1.335,1.352,1.331,1.344,817578.0
2025-07-07 04:00:00,1.344,1.351,1.333,1.35,834157.0
2025-07-07 08:00:00,1.35,1.353,1.328,1.333,887708.0
2025-07-07 12:00:00,1.333,1.344,1.316,1.32,1745095.0
2025-07-07 16:00:00,1.32,1.329,1.306,1.32,1543324.0
2025-07-07 20:00:00,1.321,1.324,1.307,1.322,801717.0
2025-07-08 00:00:00,1.322,1.329,1.309,1.319,1571052.0
2025-07-08 04:00:00,1.319,1.332,1.311,1.321,1088088.0
2025-07-08 08:00:00,1.322,1.346,1.32,1.341,1740819.0
2025-07-08 12:00:00,1.341,1.347,1.318,1.324,1913894.0
2025-07-08 16:00:00,1.325,1.363,1.321,1.357,2224108.0
2025-07-08 20:00:00,1.357,1.36,1.347,1.35,935312.0
2025-07-09 00:00:00,1.35,1.357,1.342,1.344,1175838.0
2025-07-09 04:00:00,1.344,1.371,1.343,1.366,1779913.0
2025-07-09 08:00:00,1.366,1.373,1.351,1.369,1404517.0
2025-07-09 12:00:00,1.369,1.382,1.353,1.363,1894088.0
2025-07-09 16:00:00,1.363,1.416,1.36,1.409,2410383.0
2025-07-09 20:00:00,1.409,1.419,1.393,1.408,2381629.0
2025-07-10 00:00:00,1.409,1.42,1.4,1.412,1036089.0
2025-07-10 04:00:00,1.412,1.42,1.401,1.413,1143553.0
2025-07-10 08:00:00,1.412,1.423,1.406,1.413,1438562.0
2025-07-10 12:00:00,1.413,1.427,1.4,1.408,2122228.0
2025-07-10 16:00:00,1.409,1.461,1.407,1.449,3274374.0
2025-07-10 20:00:00,1.448,1.522,1.448,1.517,3378654.0
2025-07-11 00:00:00,1.518,1.548,1.493,1.547,3041176.0
2025-07-11 04:00:00,1.546,1.588,1.535,1.543,3786667.0
2025-07-11 08:00:00,1.544,1.572,1.536,1.541,1784992.0
2025-07-11 12:00:00,1.542,1.575,1.521,1.526,3422627.0
2025-07-11 16:00:00,1.527,1.571,1.52,1.566,3057652.0
2025-07-11 20:00:00,1.566,1.566,1.493,1.509,3291266.0
2025-07-12 00:00:00,1.508,1.525,1.485,1.514,1963463.0
2025-07-12 04:00:00,1.514,1.517,1.482,1.508,1919237.0
2025-07-12 08:00:00,1.507,1.52,1.494,1.512,1587572.0
2025-07-12 12:00:00,1.512,1.517,1.446,1.455,4219266.0
2025-07-12 16:00:00,1.456,1.482,1.451,1.479,1195604.0
2025-07-12 20:00:00,1.48,1.482,1.458,1.478,690246.0
2025-07-13 00:00:00,1.477,1.487,1.47,1.484,1165528.0
2025-07-13 04:00:00,1.483,1.523,1.478,1.514,2016579.0
2025-07-13 08:00:00,1.515,1.519,1.492,1.518,1241450.0
2025-07-13 12:00:00,1.519,1.558,1.512,1.537,2648484.0
2025-07-13 16:00:00,1.537,1.554,1.519,1.539,1373354.0
2025-07-13 20:00:00,1.539,1.549,1.513,1.529,1514266.0
2025-07-14 00:00:00,1.529,1.578,1.526,1.568,2600248.0
2025-07-14 04:00:00,1.568,1.602,1.556,1.583,3399712.0
2025-07-14 08:00:00,1.585,1.6,1.573,1.583,2521097.0
2025-07-14 12:00:00,1.582,1.611,1.535,1.545,3626528.0
2025-07-14 16:00:00,1.545,1.563,1.537,1.549,1840032.0
2025-07-14 20:00:00,1.55,1.557,1.527,1.545,1571156.0
2025-07-15 00:00:00,1.546,1.554,1.492,1.503,3167388.0
2025-07-15 04:00:00,1.503,1.528,1.49,1.515,1524380.0
2025-07-15 08:00:00,1.516,1.52,1.495,1.512,1336776.0
2025-07-15 12:00:00,1.512,1.545,1.479,1.519,4016712.0
2025-07-15 16:00:00,1.52,1.555,1.498,1.504,4683860.0
2025-07-15 20:00:00,1.503,1.567,1.497,1.567,2524295.0
2025-07-16 00:00:00,1.566,1.585,1.547,1.556,2893189.0
2025-07-16 04:00:00,1.556,1.58,1.545,1.575,1542951.0
2025-07-16 08:00:00,1.575,1.585,1.564,1.568,1674437.0
2025-07-16 12:00:00,1.569,1.599,1.556,1.581,3340634.0
2025-07-16 16:00:00,1.581,1.639,1.578,1.623,3535428.0
2025-07-16 20:00:00,1.623,1.656,1.609,1.612,3110002.0
2025-07-17 00:00:00,1.612,1.64,1.583,1.595,2560260.0
2025-07-17 04:00:00,1.595,1.646,1.59,1.632,2229189.0
2025-07-17 08:00:00,1.632,1.661,1.623,1.628,2291403.0
2025-07-17 12:00:00,1.629,1.653,1.604,1.644,3483595.0
2025-07-17 16:00:00,1.644,1.657,1.604,1.618,3381228.0
2025-07-17 20:00:00,1.619,1.665,1.602,1.652,3869419.0
2025-07-18 00:00:00,1.652,1.7,1.648,1.692,3536689.0
2025-07-18 04:00:00,1.692,1.737,1.682,1.692,4291155.0
2025-07-18 08:00:00,1.693,1.709,1.644,1.657,6459857.0
2025-07-18 12:00:00,1.657,1.696,1.622,1.637,5350642.0
2025-07-18 16:00:00,1.636,1.658,1.606,1.613,2678431.0
2025-07-18 20:00:00,1.614,1.631,1.571,1.622,3637455.0
2025-07-19 00:00:00,1.622,1.643,1.594,1.642,1521168.0
2025-07-19 04:00:00,1.642,1.655,1.622,1.625,1267827.0
2025-07-19 08:00:00,1.626,1.637,1.608,1.616,1573118.0
2025-07-19 12:00:00,1.616,1.623,1.592,1.611,1492396.0
2025-07-19 16:00:00,1.611,1.673,1.604,1.665,2277467.0
2025-07-19 20:00:00,1.664,1.68,1.628,1.656,1862791.0
2025-07-20 00:00:00,1.656,1.684,1.655,1.672,1329305.0
2025-07-20 04:00:00,1.673,1.688,1.663,1.681,1133138.0
2025-07-20 08:00:00,1.682,1.717,1.681,1.707,1837230.0
2025-07-20 12:00:00,1.708,1.733,1.683,1.732,2173456.0
2025-07-20 16:00:00,1.732,1.745,1.694,1.717,2950592.0
2025-07-20 20:00:00,1.717,1.727,1.669,1.705,2429990.0
2025-07-21 00:00:00,1.705,1.717,1.669,1.712,2210353.0
2025-07-21 04:00:00,1.713,1.732,1.695,1.726,1378154.0
2025-07-21 08:00:00,1.727,1.737,1.702,1.716,1755219.0
2025-07-21 12:00:00,1.716,1.758,1.699,1.725,3456349.0
2025-07-21 16:00:00,1.725,1.732,1.683,1.689,3401651.0
2025-07-21 20:00:00,1.689,1.703,1.663,1.678,2441182.0
2025-07-22 00:00:00,1.679,1.691,1.628,1.642,4231891.0
2025-07-22 04:00:00,1.643,1.65,1.608,1.624,2980825.0
2025-07-22 08:00:00,1.624,1.635,1.595,1.628,2497225.0
2025-07-22 12:00:00,1.628,1.641,1.594,1.628,3346180.0
2025-07-22 16:00:00,1.629,1.647,1.607,1.614,3599895.0
2025-07-22 20:00:00,1.613,1.673,1.609,1.665,2866254.0
2025-07-23 00:00:00,1.665,1.667,1.629,1.635,2607145.0
2025-07-23 04:00:00,1.635,1.654,1.602,1.609,2142866.0
2025-07-23 08:00:00,1.609,1.624,1.585,1.598,2546316.0
2025-07-23 12:00:00,1.599,1.599,1.524,1.553,5897952.0
2025-07-23 16:00:00,1.553,1.553,1.5,1.518,4266148.0
2025-07-23 20:00:00,1.517,1.523,1.471,1.504,3989683.0
2025-07-24 00:00:00,1.504,1.523,1.497,1.501,2071313.0
2025-07-24 04:00:00,1.501,1.504,1.386,1.422,8296280.0
2025-07-24 08:00:00,1.422,1.46,1.41,1.459,3769368.0
2025-07-24 12:00:00,1.459,1.5,1.429,1.476,6444974.0
2025-07-24 16:00:00,1.477,1.488,1.446,1.465,3045469.0
2025-07-24 20:00:00,1.466,1.48,1.446,1.453,1890550.0
2025-07-25 00:00:00,1.453,1.454,1.394,1.414,4351182.0
2025-07-25 04:00:00,1.413,1.458,1.405,1.442,3344433.0
2025-07-25 08:00:00,1.443,1.476,1.439,1.458,2407518.0
2025-07-25 12:00:00,1.457,1.466,1.416,1.433,3108594.0
2025-07-25 16:00:00,1.432,1.453,1.423,1.444,1591177.0
2025-07-25 20:00:00,1.443,1.49,1.442,1.482,1847679.0
2025-07-26 00:00:00,1.482,1.5,1.476,1.491,1230299.0
2025-07-26 04:00:00,1.491,1.493,1.481,1.485,796548.0
2025-07-26 08:00:00,1.484,1.5,1.484,1.487,882687.0
2025-07-26 12:00:00,1.487,1.496,1.482,1.492,819237.0
2025-07-26 16:00:00,1.491,1.497,1.472,1.495,1460906.0
2025-07-26 20:00:00,1.495,1.496,1.473,1.474,767177.0
2025-07-27 00:00:00,1.474,1.495,1.473,1.48,1193713.0
2025-07-27 04:00:00,1.48,1.507,1.478,1.502,1261266.0
2025-07-27 08:00:00,1.502,1.505,1.478,1.487,2015678.0
2025-07-27 12:00:00,1.486,1.493,1.456,1.47,3045666.0
2025-07-27 16:00:00,1.47,1.498,1.469,1.482,2340939.0
2025-07-27 20:00:00,1.482,1.515,1.471,1.501,1953409.0
2025-07-28 00:00:00,1.501,1.525,1.479,1.504,2869974.0
2025-07-28 04:00:00,1.505,1.531,1.494,1.505,2415992.0
2025-07-28 08:00:00,1.505,1.512,1.487,1.494,1467552.0
2025-07-28 12:00:00,1.493,1.496,1.424,1.436,5219077.0
2025-07-28 16:00:00,1.436,1.445,1.411,1.422,2546566.0
2025-07-28 20:00:00,1.422,1.424,1.403,1.411,1926070.0
2025-07-29 00:00:00,1.411,1.425,1.39,1.422,2664699.0
2025-07-29 04:00:00,1.423,1.472,1.415,1.469,2714359.0
2025-07-29 08:00:00,1.47,1.474,1.421,1.424,2409567.0
2025-07-29 12:00:00,1.425,1.443,1.393,1.399,4131760.0
2025-07-29 16:00:00,1.399,1.417,1.374,1.389,3442758.0
2025-07-29 20:00:00,1.389,1.406,1.373,1.396,2271290.0
2025-07-30 00:00:00,1.397,1.414,1.382,1.401,1773381.0
2025-07-30 04:00:00,1.4,1.408,1.384,1.389,1370973.0
2025-07-30 08:00:00,1.389,1.404,1.348,1.356,3133371.0
2025-07-30 12:00:00,1.356,1.395,1.349,1.38,3049920.0
2025-07-30 16:00:00,1.38,1.402,1.323,1.38,4706329.0
2025-07-30 20:00:00,1.379,1.391,1.36,1.381,1698898.0
2025-07-31 00:00:00,1.381,1.406,1.375,1.401,1401664.0
2025-07-31 04:00:00,1.402,1.41,1.394,1.402,1212407.0
2025-07-31 08:00:00,1.402,1.417,1.392,1.397,1531181.0
2025-07-31 12:00:00,1.397,1.398,1.353,1.369,3117029.0
2025-07-31 16:00:00,1.369,1.4,1.352,1.357,2456173.0
2025-07-31 20:00:00,1.356,1.358,1.311,1.315,2883649.0
2025-08-01 00:00:00,1.315,1.331,1.282,1.323,4171043.0
2025-08-01 04:00:00,1.324,1.324,1.297,1.308,2219225.0
2025-08-01 08:00:00,1.308,1.31,1.281,1.306,3059432.0
2025-08-01 12:00:00,1.306,1.326,1.281,1.316,4197391.0
2025-08-01 16:00:00,1.316,1.327,1.287,1.306,3967250.0
2025-08-01 20:00:00,1.307,1.312,1.247,1.279,5329336.0
2025-08-02 00:00:00,1.279,1.295,1.275,1.289,1333791.0
2025-08-02 04:00:00,1.29,1.298,1.264,1.287,1864054.0
2025-08-02 08:00:00,1.288,1.29,1.258,1.273,2113984.0
2025-08-02 12:00:00,1.272,1.278,1.246,1.249,2362189.0
2025-08-02 16:00:00,1.249,1.263,1.222,1.24,4952150.0
2025-08-02 20:00:00,1.24,1.261,1.236,1.247,1732151.0
2025-08-03 00:00:00,1.247,1.272,1.234,1.268,1904714.0
2025-08-03 04:00:00,1.268,1.277,1.262,1.276,1068945.0
2025-08-03 08:00:00,1.276,1.287,1.27,1.278,1217436.0
2025-08-03 12:00:00,1.278,1.283,1.267,1.279,1609226.0
2025-08-03 16:00:00,1.278,1.288,1.275,1.282,1187808.0
2025-08-03 20:00:00,1.282,1.3,1.278,1.291,1469413.0
2025-08-04 00:00:00,1.291,1.32,1.29,1.305,2193164.0
2025-08-04 04:00:00,1.305,1.313,1.293,1.31,1310342.0
2025-08-04 08:00:00,1.309,1.314,1.291,1.297,1222266.0
2025-08-04 12:00:00,1.298,1.336,1.298,1.325,2495382.0
2025-08-04 16:00:00,1.325,1.351,1.323,1.329,1651282.0
2025-08-04 20:00:00,1.33,1.35,1.326,1.344,1173842.0
2025-08-05 00:00:00,1.344,1.346,1.32,1.321,1318795.0
2025-08-05 04:00:00,1.321,1.329,1.296,1.298,2017504.0
2025-08-05 08:00:00,1.298,1.34,1.298,1.333,1823205.0
2025-08-05 12:00:00,1.333,1.334,1.281,1.287,3443975.0
2025-08-05 16:00:00,1.287,1.299,1.276,1.281,1413414.0
2025-08-05 20:00:00,1.281,1.297,1.269,1.294,1278652.0
2025-08-06 00:00:00,1.293,1.295,1.272,1.275,1412558.0
2025-08-06 04:00:00,1.274,1.304,1.261,1.302,2657096.0
2025-08-06 08:00:00,1.302,1.306,1.286,1.289,1765446.0
2025-08-06 12:00:00,1.29,1.318,1.276,1.315,3670587.0
2025-08-06 16:00:00,1.316,1.32,1.292,1.305,2117784.0
2025-08-06 20:00:00,1.306,1.309,1.296,1.299,1160816.0
2025-08-07 00:00:00,1.3,1.32,1.294,1.298,1779782.0
2025-08-07 04:00:00,1.298,1.313,1.296,1.306,1370852.0
2025-08-07 08:00:00,1.306,1.344,1.297,1.338,2773471.0
2025-08-07 12:00:00,1.339,1.345,1.327,1.337,2287274.0
2025-08-07 16:00:00,1.337,1.34,1.303,1.34,2735357.0
2025-08-07 20:00:00,1.34,1.363,1.338,1.359,2933098.0
2025-08-08 00:00:00,1.359,1.373,1.346,1.359,3414280.0
2025-08-08 04:00:00,1.359,1.374,1.35,1.37,1609270.0
2025-08-08 08:00:00,1.371,1.381,1.364,1.376,2238280.0
2025-08-08 12:00:00,1.377,1.403,1.359,1.368,4403519.0
2025-08-08 16:00:00,1.368,1.414,1.367,1.414,2925025.0
2025-08-08 20:00:00,1.414,1.417,1.399,1.402,1272114.0
2025-08-09 00:00:00,1.403,1.405,1.392,1.399,1414705.0
2025-08-09 04:00:00,1.398,1.434,1.395,1.432,2374006.0
2025-08-09 08:00:00,1.433,1.447,1.425,1.436,1658505.0
2025-08-09 12:00:00,1.436,1.448,1.418,1.429,1944260.0
2025-08-09 16:00:00,1.429,1.438,1.425,1.434,1121743.0
2025-08-09 20:00:00,1.433,1.452,1.427,1.431,2435357.0
2025-08-10 00:00:00,1.431,1.461,1.43,1.456,1873633.0
2025-08-10 04:00:00,1.456,1.462,1.401,1.405,2856975.0
2025-08-10 08:00:00,1.405,1.418,1.39,1.398,1962961.0
2025-08-10 12:00:00,1.398,1.435,1.388,1.422,2095011.0
2025-08-10 16:00:00,1.422,1.425,1.409,1.418,1290124.0
2025-08-10 20:00:00,1.418,1.422,1.399,1.419,1136717.0
2025-08-11 00:00:00,1.42,1.478,1.414,1.464,3625536.0
2025-08-11 04:00:00,1.464,1.472,1.442,1.448,1885827.0
2025-08-11 08:00:00,1.448,1.46,1.401,1.404,3569036.0
2025-08-11 12:00:00,1.404,1.436,1.391,1.434,3352298.0
2025-08-11 16:00:00,1.435,1.453,1.393,1.402,2792071.0
2025-08-11 20:00:00,1.401,1.406,1.356,1.37,2720176.0
2025-08-12 00:00:00,1.369,1.398,1.367,1.378,1483970.0
2025-08-12 04:00:00,1.378,1.388,1.361,1.381,1464078.0
2025-08-12 08:00:00,1.381,1.382,1.347,1.362,1569972.0
2025-08-12 12:00:00,1.363,1.451,1.355,1.445,5385836.0
2025-08-12 16:00:00,1.445,1.47,1.443,1.459,3149849.0
2025-08-12 20:00:00,1.459,1.475,1.459,1.466,1845405.0
2025-08-13 00:00:00,1.466,1.487,1.456,1.479,2367278.0
2025-08-13 04:00:00,1.48,1.49,1.451,1.474,2090601.0
2025-08-13 08:00:00,1.474,1.5,1.471,1.496,3269963.0
2025-08-13 12:00:00,1.496,1.513,1.465,1.482,5746805.0
2025-08-13 16:00:00,1.482,1.498,1.475,1.495,2039985.0
2025-08-13 20:00:00,1.495,1.51,1.482,1.498,2009051.0
2025-08-14 00:00:00,1.499,1.519,1.486,1.502,2694365.0
2025-08-14 04:00:00,1.501,1.507,1.451,1.461,3524662.0
2025-08-14 08:00:00,1.461,1.462,1.427,1.433,3231057.0
2025-08-14 12:00:00,1.432,1.442,1.354,1.385,11667517.0
2025-08-14 16:00:00,1.385,1.386,1.352,1.366,3384509.0
2025-08-14 20:00:00,1.366,1.39,1.349,1.387,2625568.0
2025-08-15 00:00:00,1.386,1.413,1.38,1.41,1846256.0
2025-08-15 04:00:00,1.411,1.422,1.397,1.408,1474632.0
2025-08-15 08:00:00,1.408,1.413,1.389,1.394,1233275.0
2025-08-15 12:00:00,1.393,1.407,1.336,1.343,4625500.0
2025-08-15 16:00:00,1.343,1.368,1.334,1.349,2370297.0
2025-08-15 20:00:00,1.349,1.377,1.346,1.364,1346835.0
2025-08-16 00:00:00,1.365,1.373,1.359,1.362,1862537.0
2025-08-16 04:00:00,1.362,1.373,1.354,1.361,1188161.0
2025-08-16 08:00:00,1.36,1.366,1.342,1.347,1466006.0
2025-08-16 12:00:00,1.347,1.37,1.343,1.367,1514975.0
2025-08-16 16:00:00,1.366,1.372,1.356,1.362,1086622.0
2025-08-16 20:00:00,1.362,1.379,1.36,1.369,1385386.0
2025-08-17 00:00:00,1.37,1.377,1.356,1.372,1392279.0
2025-08-17 04:00:00,1.373,1.39,1.367,1.373,1927388.0
2025-08-17 08:00:00,1.374,1.39,1.369,1.383,1507552.0
2025-08-17 12:00:00,1.384,1.404,1.374,1.403,2398485.0
2025-08-17 16:00:00,1.403,1.41,1.358,1.37,2547154.0
2025-08-17 20:00:00,1.37,1.389,1.367,1.373,1018848.0
2025-08-18 00:00:00,1.372,1.374,1.315,1.327,4654008.0
2025-08-18 04:00:00,1.327,1.341,1.307,1.315,2404197.0
2025-08-18 08:00:00,1.316,1.326,1.304,1.322,2011681.0
2025-08-18 12:00:00,1.322,1.334,1.308,1.326,2547679.0
2025-08-18 16:00:00,1.325,1.342,1.316,1.332,1678934.0
2025-08-18 20:00:00,1.333,1.352,1.323,1.331,1709399.0
2025-08-19 00:00:00,1.331,1.348,1.302,1.307,2205505.0
2025-08-19 04:00:00,1.306,1.317,1.293,1.302,1549482.0
2025-08-19 08:00:00,1.301,1.32,1.289,1.319,1589776.0
2025-08-19 12:00:00,1.32,1.324,1.278,1.284,3240924.0
2025-08-19 16:00:00,1.285,1.287,1.262,1.273,2111170.0
2025-08-19 20:00:00,1.272,1.284,1.26,1.265,1456443.0
2025-08-20 00:00:00,1.264,1.295,1.257,1.286,1996985.0
2025-08-20 04:00:00,1.286,1.303,1.285,1.294,1462500.0
2025-08-20 08:00:00,1.295,1.309,1.281,1.295,1407111.0
2025-08-20 12:00:00,1.296,1.316,1.266,1.303,3616152.0
2025-08-20 16:00:00,1.304,1.32,1.296,1.319,1797229.0
2025-08-20 20:00:00,1.32,1.323,1.31,1.313,1024911.0
2025-08-21 00:00:00,1.312,1.322,1.3,1.308,1291487.0
2025-08-21 04:00:00,1.307,1.311,1.296,1.304,1105275.0
2025-08-21 08:00:00,1.304,1.306,1.283,1.286,1232608.0
2025-08-21 12:00:00,1.287,1.3,1.272,1.273,2184723.0
2025-08-21 16:00:00,1.274,1.285,1.268,1.272,1638510.0
2025-08-21 20:00:00,1.272,1.288,1.268,1.274,1412903.0
2025-08-22 00:00:00,1.275,1.295,1.27,1.275,1441813.0
2025-08-22 04:00:00,1.276,1.287,1.272,1.283,1321463.0
2025-08-22 08:00:00,1.284,1.291,1.256,1.257,1473514.0
2025-08-22 12:00:00,1.257,1.343,1.236,1.329,9955689.0
2025-08-22 16:00:00,1.329,1.392,1.329,1.386,4485506.0
2025-08-22 20:00:00,1.387,1.395,1.382,1.388,1915002.0
2025-08-23 00:00:00,1.389,1.39,1.341,1.351,2182975.0
2025-08-23 04:00:00,1.35,1.381,1.35,1.365,1679598.0
2025-08-23 08:00:00,1.365,1.37,1.353,1.356,975176.0
2025-08-23 12:00:00,1.356,1.362,1.349,1.354,1002374.0
2025-08-23 16:00:00,1.353,1.365,1.348,1.364,978083.0
2025-08-23 20:00:00,1.364,1.366,1.348,1.356,720227.0
2025-08-24 00:00:00,1.356,1.362,1.335,1.343,1463583.0
2025-08-24 04:00:00,1.342,1.345,1.325,1.325,1188347.0
2025-08-24 08:00:00,1.325,1.332,1.308,1.316,1445697.0
2025-08-24 12:00:00,1.317,1.332,1.314,1.317,1021877.0
2025-08-24 16:00:00,1.317,1.389,1.306,1.338,6350297.0
2025-08-24 20:00:00,1.339,1.346,1.312,1.33,3231779.0
2025-08-25 00:00:00,1.329,1.344,1.301,1.334,2593288.0
2025-08-25 04:00:00,1.335,1.339,1.283,1.287,2736711.0
2025-08-25 08:00:00,1.286,1.295,1.265,1.279,2199674.0
2025-08-25 12:00:00,1.278,1.289,1.266,1.271,2279810.0
2025-08-25 16:00:00,1.271,1.28,1.243,1.245,2323804.0
2025-08-25 20:00:00,1.244,1.248,1.193,1.212,6244249.0
2025-08-26 00:00:00,1.213,1.229,1.199,1.221,2514892.0
2025-08-26 04:00:00,1.222,1.238,1.218,1.231,1362214.0
2025-08-26 08:00:00,1.232,1.236,1.215,1.22,1378703.0
2025-08-26 12:00:00,1.221,1.253,1.215,1.236,4144351.0
2025-08-26 16:00:00,1.237,1.267,1.232,1.264,1534312.0
2025-08-26 20:00:00,1.265,1.268,1.253,1.257,1562588.0
2025-08-27 00:00:00,1.258,1.264,1.241,1.257,1581630.0
2025-08-27 04:00:00,1.257,1.268,1.242,1.247,1235787.0
2025-08-27 08:00:00,1.247,1.255,1.239,1.248,1295308.0
2025-08-27 12:00:00,1.247,1.26,1.23,1.253,2758431.0
2025-08-27 16:00:00,1.254,1.266,1.237,1.243,2383022.0
2025-08-27 20:00:00,1.243,1.265,1.23,1.24,4123722.0
2025-08-28 00:00:00,1.24,1.254,1.23,1.251,1329707.0
2025-08-28 04:00:00,1.252,1.265,1.248,1.26,1490698.0
2025-08-28 08:00:00,1.261,1.28,1.255,1.264,2390664.0
2025-08-28 12:00:00,1.265,1.274,1.248,1.252,2691082.0
2025-08-28 16:00:00,1.253,1.261,1.237,1.239,1635862.0
2025-08-28 20:00:00,1.239,1.262,1.237,1.258,1471290.0
2025-08-29 00:00:00,1.258,1.26,1.234,1.247,2376218.0
2025-08-29 04:00:00,1.247,1.249,1.205,1.208,2602494.0
2025-08-29 08:00:00,1.208,1.213,1.189,1.2,3343845.0
2025-08-29 12:00:00,1.2,1.23,1.173,1.181,7024183.0
2025-08-29 16:00:00,1.181,1.188,1.166,1.176,3021649.0
2025-08-29 20:00:00,1.176,1.186,1.164,1.182,1698224.0
2025-08-30 00:00:00,1.182,1.195,1.162,1.188,1927072.0
2025-08-30 04:00:00,1.189,1.207,1.188,1.204,1564553.0
2025-08-30 08:00:00,1.204,1.209,1.199,1.207,1062915.0
2025-08-30 12:00:00,1.208,1.208,1.187,1.202,1775966.0
2025-08-30 16:00:00,1.202,1.203,1.191,1.197,984464.0
2025-08-30 20:00:00,1.198,1.213,1.191,1.213,1046591.0
2025-08-31 00:00:00,1.213,1.231,1.212,1.226,2292886.0
2025-08-31 04:00:00,1.226,1.227,1.214,1.216,949021.0
2025-08-31 08:00:00,1.215,1.221,1.206,1.217,1412685.0
2025-08-31 12:00:00,1.216,1.223,1.21,1.216,1644102.0
2025-08-31 16:00:00,1.216,1.22,1.209,1.212,1303643.0
2025-08-31 20:00:00,1.212,1.215,1.185,1.187,2095606.0
2025-09-01 00:00:00,1.187,1.194,1.165,1.171,3548615.0
2025-09-01 04:00:00,1.17,1.211,1.153,1.211,4042226.0
2025-09-01 08:00:00,1.211,1.219,1.186,1.188,3081537.0
2025-09-01 12:00:00,1.187,1.195,1.171,1.174,2190626.0
2025-09-01 16:00:00,1.174,1.179,1.163,1.178,1978884.0
2025-09-01 20:00:00,1.178,1.179,1.118,1.14,7697891.0
2025-09-02 00:00:00,1.141,1.178,1.136,1.177,3194097.0
2025-09-02 04:00:00,1.177,1.188,1.174,1.177,1782351.0
2025-09-02 08:00:00,1.178,1.189,1.176,1.179,1287752.0
2025-09-02 12:00:00,1.178,1.202,1.155,1.174,5320420.0
2025-09-02 16:00:00,1.174,1.194,1.169,1.176,2630114.0
2025-09-02 20:00:00,1.177,1.205,1.174,1.203,1952088.0
2025-09-03 00:00:00,1.202,1.209,1.191,1.2,1597044.0
2025-09-03 04:00:00,1.2,1.202,1.184,1.195,1417094.0
2025-09-03 08:00:00,1.195,1.204,1.187,1.197,1181156.0
2025-09-03 12:00:00,1.198,1.231,1.192,1.217,2842608.0
2025-09-03 16:00:00,1.218,1.226,1.208,1.223,1562704.0
2025-09-03 20:00:00,1.223,1.224,1.209,1.21,897428.0
2025-09-04 00:00:00,1.211,1.217,1.192,1.196,1652354.0
2025-09-04 04:00:00,1.195,1.201,1.175,1.183,2217019.0
2025-09-04 08:00:00,1.184,1.189,1.179,1.182,961814.0
2025-09-04 12:00:00,1.182,1.19,1.168,1.174,1846005.0
2025-09-04 16:00:00,1.173,1.177,1.163,1.165,1682003.0
2025-09-04 20:00:00,1.165,1.19,1.163,1.175,1192542.0
2025-09-05 00:00:00,1.175,1.202,1.173,1.195,1796722.0
2025-09-05 04:00:00,1.195,1.22,1.191,1.219,1084402.0
2025-09-05 08:00:00,1.219,1.221,1.207,1.213,1405602.0
2025-09-05 12:00:00,1.213,1.241,1.179,1.183,8405825.0
2025-09-05 16:00:00,1.183,1.198,1.18,1.197,1373620.0
2025-09-05 20:00:00,1.197,1.204,1.187,1.19,1194410.0
2025-09-06 00:00:00,1.191,1.2,1.19,1.195,730402.0
2025-09-06 04:00:00,1.195,1.195,1.184,1.19,907865.0
2025-09-06 08:00:00,1.19,1.191,1.177,1.185,1165338.0
2025-09-06 12:00:00,1.184,1.188,1.173,1.174,1121434.0
2025-09-06 16:00:00,1.174,1.192,1.17,1.179,1768768.0
2025-09-06 20:00:00,1.179,1.197,1.178,1.197,1324183.0
2025-09-07 00:00:00,1.198,1.21,1.197,1.203,1955971.0
2025-09-07 04:00:00,1.203,1.207,1.198,1.202,1100998.0
2025-09-07 08:00:00,1.203,1.209,1.196,1.208,1456210.0
2025-09-07 12:00:00,1.208,1.218,1.201,1.214,2243156.0
2025-09-07 16:00:00,1.214,1.216,1.196,1.204,1518711.0
2025-09-07 20:00:00,1.203,1.226,1.201,1.215,1461167.0
2025-09-08 00:00:00,1.215,1.24,1.206,1.228,2634847.0
2025-09-08 04:00:00,1.228,1.23,1.214,1.221,1698227.0
2025-09-08 08:00:00,1.221,1.247,1.221,1.237,2099940.0
2025-09-08 12:00:00,1.238,1.267,1.235,1.267,2366748.0
2025-09-08 16:00:00,1.266,1.269,1.243,1.248,1744323.0
2025-09-08 20:00:00,1.248,1.254,1.24,1.246,1426455.0
2025-09-09 00:00:00,1.246,1.259,1.223,1.247,3741053.0
2025-09-09 04:00:00,1.247,1.285,1.243,1.275,3318152.0
2025-09-09 08:00:00,1.275,1.286,1.271,1.274,1806679.0
2025-09-09 12:00:00,1.275,1.283,1.228,1.235,4965579.0
2025-09-09 16:00:00,1.235,1.246,1.229,1.243,1094530.0
2025-09-09 20:00:00,1.243,1.253,1.238,1.246,950352.0
2025-09-10 00:00:00,1.246,1.258,1.236,1.258,1104846.0
2025-09-10 04:00:00,1.258,1.269,1.247,1.258,1368551.0
2025-09-10 08:00:00,1.257,1.26,1.243,1.247,1457316.0
2025-09-10 12:00:00,1.246,1.278,1.246,1.267,3145727.0
2025-09-10 16:00:00,1.267,1.274,1.245,1.252,1499705.0
2025-09-10 20:00:00,1.252,1.271,1.251,1.269,1017220.0
2025-09-11 00:00:00,1.269,1.282,1.263,1.281,815256.0
2025-09-11 04:00:00,1.281,1.282,1.271,1.279,1042597.0
2025-09-11 08:00:00,1.278,1.282,1.267,1.268,961640.0
2025-09-11 12:00:00,1.268,1.293,1.253,1.264,6759217.0
2025-09-11 16:00:00,1.265,1.284,1.264,1.282,891854.0
2025-09-11 20:00:00,1.281,1.299,1.278,1.296,1118964.0
2025-09-12 00:00:00,1.296,1.313,1.286,1.288,1679634.0
2025-09-12 04:00:00,1.288,1.301,1.281,1.286,1711487.0
2025-09-12 08:00:00,1.286,1.288,1.271,1.273,1367259.0
2025-09-12 12:00:00,1.273,1.286,1.263,1.276,2194187.0
2025-09-12 16:00:00,1.276,1.318,1.275,1.317,2671273.0
2025-09-12 20:00:00,1.317,1.33,1.307,1.329,1829218.0
2025-09-13 00:00:00,1.328,1.335,1.317,1.333,1725323.0
2025-09-13 04:00:00,1.334,1.335,1.32,1.322,1205830.0
2025-09-13 08:00:00,1.321,1.341,1.318,1.338,1769917.0
2025-09-13 12:00:00,1.339,1.345,1.309,1.325,3510315.0
2025-09-13 16:00:00,1.325,1.33,1.306,1.319,1960878.0
2025-09-13 20:00:00,1.32,1.337,1.318,1.326,1466619.0
2025-09-14 00:00:00,1.327,1.341,1.313,1.326,2085579.0
2025-09-14 04:00:00,1.325,1.341,1.309,1.333,2229746.0
2025-09-14 08:00:00,1.333,1.349,1.313,1.315,2299006.0
2025-09-14 12:00:00,1.315,1.324,1.291,1.299,2740881.0
2025-09-14 16:00:00,1.299,1.321,1.297,1.312,1265531.0
2025-09-14 20:00:00,1.311,1.33,1.306,1.313,1154245.0
2025-09-15 00:00:00,1.313,1.32,1.295,1.317,1142325.0
2025-09-15 04:00:00,1.317,1.327,1.286,1.289,2593342.0
2025-09-15 08:00:00,1.288,1.289,1.256,1.266,3965107.0
2025-09-15 12:00:00,1.265,1.27,1.244,1.253,2545750.0
2025-09-15 16:00:00,1.253,1.26,1.242,1.255,1692689.0
2025-09-15 20:00:00,1.255,1.267,1.252,1.261,981834.0
2025-09-16 00:00:00,1.261,1.27,1.253,1.255,1163861.0
2025-09-16 04:00:00,1.255,1.269,1.243,1.262,1048169.0
2025-09-16 08:00:00,1.263,1.276,1.256,1.258,2330713.0
2025-09-16 12:00:00,1.258,1.282,1.244,1.265,3883450.0
2025-09-16 16:00:00,1.264,1.283,1.258,1.279,1750027.0
2025-09-16 20:00:00,1.279,1.284,1.273,1.276,747429.0
2025-09-17 00:00:00,1.277,1.294,1.273,1.274,1326545.0
2025-09-17 04:00:00,1.274,1.284,1.261,1.281,1294800.0
2025-09-17 08:00:00,1.281,1.281,1.256,1.263,1256062.0
2025-09-17 12:00:00,1.263,1.267,1.253,1.258,1195406.0
2025-09-17 16:00:00,1.257,1.298,1.249,1.297,4668904.0
2025-09-17 20:00:00,1.298,1.34,1.291,1.339,3396214.0
2025-09-18 00:00:00,1.34,1.361,1.332,1.357,2347690.0
2025-09-18 04:00:00,1.357,1.361,1.331,1.341,1960029.0
2025-09-18 08:00:00,1.341,1.352,1.337,1.341,1399314.0
2025-09-18 12:00:00,1.341,1.368,1.336,1.361,2468472.0
2025-09-18 16:00:00,1.361,1.37,1.353,1.359,1817449.0
2025-09-18 20:00:00,1.36,1.369,1.351,1.361,1121317.0
2025-09-19 00:00:00,1.361,1.391,1.335,1.339,2711050.0
2025-09-19 04:00:00,1.339,1.342,1.322,1.327,1409768.0
2025-09-19 08:00:00,1.326,1.333,1.302,1.306,1724564.0
2025-09-19 12:00:00,1.306,1.315,1.284,1.291,2505279.0
2025-09-19 16:00:00,1.292,1.297,1.277,1.278,1385365.0
2025-09-19 20:00:00,1.278,1.285,1.264,1.276,1537636.0
2025-09-20 00:00:00,1.277,1.28,1.265,1.273,1126496.0
2025-09-20 04:00:00,1.273,1.281,1.269,1.28,796174.0
2025-09-20 08:00:00,1.279,1.28,1.26,1.268,1514943.0
2025-09-20 12:00:00,1.269,1.289,1.262,1.28,1926343.0
2025-09-20 16:00:00,1.28,1.283,1.265,1.268,1142985.0
2025-09-20 20:00:00,1.268,1.278,1.266,1.269,808426.0
2025-09-21 00:00:00,1.269,1.275,1.264,1.275,1090193.0
2025-09-21 04:00:00,1.274,1.276,1.266,1.27,884423.0
2025-09-21 08:00:00,1.271,1.272,1.245,1.258,1852371.0
2025-09-21 12:00:00,1.258,1.273,1.257,1.26,1188942.0
2025-09-21 16:00:00,1.261,1.265,1.251,1.26,1048263.0
2025-09-21 20:00:00,1.26,1.265,1.249,1.25,1206255.0
2025-09-22 00:00:00,1.25,1.254,1.199,1.213,5331521.0
2025-09-22 04:00:00,1.213,1.219,1.116,1.178,7036892.0
2025-09-22 08:00:00,1.177,1.185,1.167,1.175,1910867.0
2025-09-22 12:00:00,1.175,1.188,1.169,1.173,2088756.0
2025-09-22 16:00:00,1.172,1.185,1.169,1.172,1705720.0
2025-09-22 20:00:00,1.171,1.185,1.168,1.184,1095464.0
2025-09-23 00:00:00,1.184,1.187,1.16,1.181,1902738.0
2025-09-23 04:00:00,1.181,1.196,1.172,1.193,1390524.0
2025-09-23 08:00:00,1.194,1.205,1.187,1.191,1548606.0
2025-09-23 12:00:00,1.191,1.201,1.187,1.196,1359905.0
2025-09-23 16:00:00,1.196,1.201,1.17,1.174,2284767.0
2025-09-23 20:00:00,1.173,1.185,1.169,1.173,1074775.0
2025-09-24 00:00:00,1.173,1.188,1.161,1.168,1402756.0
2025-09-24 04:00:00,1.167,1.189,1.151,1.188,2006031.0
2025-09-24 08:00:00,1.189,1.199,1.182,1.197,1459207.0
2025-09-24 12:00:00,1.197,1.204,1.185,1.192,1385377.0
2025-09-24 16:00:00,1.191,1.199,1.188,1.191,764795.0
2025-09-24 20:00:00,1.192,1.194,1.181,1.185,875338.0
2025-09-25 00:00:00,1.184,1.187,1.159,1.167,1744542.0
2025-09-25 04:00:00,1.166,1.169,1.141,1.147,2364179.0
2025-09-25 08:00:00,1.148,1.161,1.132,1.137,2195042.0
2025-09-25 12:00:00,1.136,1.151,1.12,1.137,4324269.0
2025-09-25 16:00:00,1.137,1.14,1.093,1.116,4971932.0
2025-09-25 20:00:00,1.117,1.122,1.096,1.105,2023434.0
2025-09-26 00:00:00,1.105,1.131,1.104,1.127,1499514.0
2025-09-26 04:00:00,1.127,1.129,1.115,1.124,1246295.0
2025-09-26 08:00:00,1.125,1.131,1.104,1.115,1412582.0
2025-09-26 12:00:00,1.114,1.131,1.105,1.123,2459985.0
2025-09-26 16:00:00,1.123,1.152,1.122,1.141,2700457.0
2025-09-26 20:00:00,1.141,1.148,1.139,1.147,862497.0
2025-09-27 00:00:00,1.148,1.148,1.136,1.136,1044132.0
2025-09-27 04:00:00,1.136,1.14,1.131,1.133,564591.0
2025-09-27 08:00:00,1.132,1.134,1.122,1.13,981263.0
2025-09-27 12:00:00,1.131,1.138,1.128,1.136,795911.0
2025-09-27 16:00:00,1.137,1.138,1.124,1.127,947669.0
2025-09-27 20:00:00,1.128,1.136,1.122,1.124,931191.0
2025-09-28 00:00:00,1.124,1.126,1.115,1.12,890844.0
2025-09-28 04:00:00,1.12,1.121,1.111,1.118,834321.0
2025-09-28 08:00:00,1.118,1.121,1.109,1.115,972771.0
2025-09-28 12:00:00,1.116,1.135,1.11,1.13,1356351.0
2025-09-28 16:00:00,1.131,1.146,1.13,1.141,1386864.0
2025-09-28 20:00:00,1.142,1.166,1.14,1.163,2061812.0
2025-09-29 00:00:00,1.163,1.166,1.158,1.162,1190331.0
2025-09-29 04:00:00,1.163,1.165,1.146,1.151,1175285.0
2025-09-29 08:00:00,1.151,1.156,1.135,1.142,1488490.0
2025-09-29 12:00:00,1.141,1.18,1.128,1.162,3998480.0
2025-09-29 16:00:00,1.162,1.166,1.141,1.163,1833753.0
2025-09-29 20:00:00,1.162,1.177,1.157,1.158,1259668.0
2025-09-30 00:00:00,1.157,1.161,1.142,1.145,1572661.0
2025-09-30 04:00:00,1.144,1.148,1.131,1.133,1174204.0
2025-09-30 08:00:00,1.134,1.135,1.12,1.132,1617161.0
2025-09-30 12:00:00,1.132,1.138,1.105,1.115,2372283.0
2025-09-30 16:00:00,1.115,1.139,1.109,1.137,1963556.0
2025-09-30 20:00:00,1.137,1.15,1.132,1.141,1601841.0
2025-10-01 00:00:00,1.141,1.153,1.134,1.139,1296083.0
2025-10-01 04:00:00,1.139,1.152,1.138,1.146,1092114.0
2025-10-01 08:00:00,1.146,1.193,1.145,1.191,3446008.0
2025-10-01 12:00:00,1.191,1.198,1.183,1.194,2574762.0
2025-10-01 16:00:00,1.193,1.202,1.187,1.199,1361170.0
2025-10-01 20:00:00,1.199,1.202,1.189,1.201,1134683.0
2025-10-02 00:00:00,1.202,1.213,1.196,1.205,1688895.0
2025-10-02 04:00:00,1.206,1.218,1.199,1.201,4053038.0
2025-10-02 08:00:00,1.201,1.227,1.197,1.204,4782450.0
2025-10-02 12:00:00,1.204,1.213,1.188,1.209,2375207.0
2025-10-02 16:00:00,1.21,1.228,1.205,1.224,3021565.0
2025-10-02 20:00:00,1.224,1.226,1.21,1.216,2008933.0
2025-10-03 00:00:00,1.217,1.218,1.198,1.205,1820701.0
2025-10-03 04:00:00,1.205,1.213,1.191,1.197,1361454.0
2025-10-03 08:00:00,1.196,1.203,1.188,1.199,983828.0
2025-10-03 12:00:00,1.198,1.231,1.187,1.23,2807080.0
2025-10-03 16:00:00,1.23,1.249,1.202,1.226,5282564.0
2025-10-03 20:00:00,1.226,1.231,1.219,1.222,1079332.0
2025-10-04 00:00:00,1.222,1.225,1.197,1.204,1164884.0
2025-10-04 04:00:00,1.204,1.213,1.198,1.204,1359367.0
2025-10-04 08:00:00,1.203,1.204,1.176,1.18,2343353.0
2025-10-04 12:00:00,1.181,1.19,1.161,1.167,2033580.0
2025-10-04 16:00:00,1.168,1.179,1.164,1.177,950642.0
2025-10-04 20:00:00,1.176,1.187,1.176,1.182,825523.0
2025-10-05 00:00:00,1.183,1.209,1.175,1.202,2056224.0
2025-10-05 04:00:00,1.202,1.222,1.199,1.221,1737920.0
2025-10-05 08:00:00,1.22,1.224,1.193,1.202,1754640.0
2025-10-05 12:00:00,1.202,1.204,1.19,1.198,1196800.0
2025-10-05 16:00:00,1.197,1.202,1.175,1.177,1610426.0
2025-10-05 20:00:00,1.176,1.184,1.172,1.178,1035751.0
2025-10-06 00:00:00,1.179,1.193,1.173,1.187,1264977.0
2025-10-06 04:00:00,1.186,1.199,1.177,1.187,1229818.0
2025-10-06 08:00:00,1.187,1.201,1.186,1.195,1134821.0
2025-10-06 12:00:00,1.196,1.22,1.195,1.213,1991771.0
2025-10-06 16:00:00,1.214,1.22,1.208,1.217,1395415.0
2025-10-06 20:00:00,1.216,1.221,1.201,1.204,1459584.0
2025-10-07 00:00:00,1.205,1.209,1.193,1.196,1167932.0
2025-10-07 04:00:00,1.197,1.207,1.181,1.186,1774489.0
2025-10-07 08:00:00,1.186,1.197,1.176,1.195,1669092.0
2025-10-07 12:00:00,1.194,1.199,1.13,1.134,7483947.0
2025-10-07 16:00:00,1.134,1.153,1.124,1.145,3887217.0
2025-10-07 20:00:00,1.144,1.166,1.144,1.149,1977271.0
2025-10-08 00:00:00,1.149,1.164,1.143,1.149,1469371.0
2025-10-08 04:00:00,1.149,1.156,1.141,1.155,973863.0
2025-10-08 08:00:00,1.156,1.165,1.153,1.158,1322737.0
2025-10-08 12:00:00,1.159,1.172,1.149,1.155,2385551.0
2025-10-08 16:00:00,1.155,1.186,1.154,1.18,2533078.0
2025-10-08 20:00:00,1.181,1.184,1.17,1.173,997444.0
2025-10-09 00:00:00,1.173,1.175,1.141,1.15,1630250.0
2025-10-09 04:00:00,1.15,1.157,1.146,1.15,1253604.0
2025-10-09 08:00:00,1.151,1.154,1.132,1.15,1806742.0
2025-10-09 12:00:00,1.149,1.162,1.132,1.138,2645692.0
2025-10-09 16:00:00,1.137,1.155,1.126,1.152,2416793.0
2025-10-09 20:00:00,1.151,1.166,1.149,1.158,1122638.0
2025-10-10 00:00:00,1.158,1.171,1.15,1.159,1924210.0
2025-10-10 04:00:00,1.158,1.168,1.151,1.152,1134813.0
2025-10-10 08:00:00,1.151,1.165,1.151,1.161,906537.0
2025-10-10 12:00:00,1.161,1.169,1.091,1.113,5612402.0
2025-10-10 16:00:00,1.113,1.121,1.068,1.084,5115176.0
2025-10-10 20:00:00,1.084,1.087,0.501,0.861,41573243.0
2025-10-11 00:00:00,0.861,0.901,0.848,0.881,6497779.0
2025-10-11 04:00:00,0.881,0.894,0.875,0.882,3122333.0
2025-10-11 08:00:00,0.882,0.908,0.879,0.903,3466517.0
2025-10-11 12:00:00,0.903,0.904,0.881,0.891,4385612.0
2025-10-11 16:00:00,0.89,0.897,0.86,0.867,4019490.0
2025-10-11 20:00:00,0.867,0.87,0.839,0.861,5049340.0
2025-10-12 00:00:00,0.861,0.862,0.829,0.847,3946544.0
2025-10-12 04:00:00,0.846,0.866,0.845,0.863,2152809.0
2025-10-12 08:00:00,0.862,0.87,0.852,0.862,2453126.0
2025-10-12 12:00:00,0.863,0.91,0.857,0.904,5872778.0
2025-10-12 16:00:00,0.905,0.936,0.904,0.935,3793256.0
2025-10-12 20:00:00,0.934,0.941,0.913,0.921,2819465.0
2025-10-13 00:00:00,0.921,0.93,0.911,0.916,3424846.0
2025-10-13 04:00:00,0.916,0.94,0.91,0.931,2773977.0
2025-10-13 08:00:00,0.932,0.946,0.904,0.926,5129096.0
2025-10-13 12:00:00,0.925,0.952,0.919,0.936,10397412.0
2025-10-13 16:00:00,0.936,0.956,0.93,0.953,3186713.0
2025-10-13 20:00:00,0.952,0.961,0.95,0.952,2024712.0
2025-10-14 00:00:00,0.952,0.956,0.923,0.928,2539397.0
2025-10-14 04:00:00,0.927,0.929,0.869,0.884,7247490.0
2025-10-14 08:00:00,0.885,0.895,0.868,0.887,4058465.0
2025-10-14 12:00:00,0.888,0.917,0.868,0.916,5439118.0
2025-10-14 16:00:00,0.916,0.928,0.902,0.913,5198793.0
2025-10-14 20:00:00,0.913,0.923,0.909,0.916,1463501.0
2025-10-15 00:00:00,0.917,0.927,0.909,0.913,2185425.0
2025-10-15 04:00:00,0.913,0.921,0.909,0.92,2008120.0
2025-10-15 08:00:00,0.92,0.935,0.902,0.908,2633000.0
2025-10-15 12:00:00,0.908,0.911,0.88,0.886,5726451.0
2025-10-15 16:00:00,0.886,0.891,0.875,0.878,2527842.0
2025-10-15 20:00:00,0.878,0.883,0.865,0.88,2612032.0
2025-10-16 00:00:00,0.88,0.895,0.877,0.889,1439626.0
2025-10-16 04:00:00,0.889,0.901,0.884,0.893,2033635.0
2025-10-16 08:00:00,0.894,0.903,0.866,0.9,4525297.0
2025-10-16 12:00:00,0.9,0.905,0.857,0.862,5090778.0
2025-10-16 16:00:00,0.861,0.879,0.848,0.855,4502917.0
2025-10-16 20:00:00,0.854,0.861,0.843,0.856,2227563.0
2025-10-17 00:00:00,0.855,0.869,0.854,0.867,1303183.0
2025-10-17 04:00:00,0.868,0.868,0.814,0.816,4833752.0
2025-10-17 08:00:00,0.816,0.842,0.8,0.831,7022797.0
2025-10-17 12:00:00,0.831,0.839,0.815,0.838,8030243.0
2025-10-17 16:00:00,0.839,0.849,0.832,0.837,4851851.0
2025-10-17 20:00:00,0.838,0.85,0.836,0.839,1509165.0
2025-10-18 00:00:00,0.838,0.849,0.835,0.846,1641639.0
2025-10-18 04:00:00,0.846,0.854,0.837,0.844,1486239.0
2025-10-18 08:00:00,0.844,0.848,0.839,0.845,1186580.0
2025-10-18 12:00:00,0.845,0.848,0.83,0.832,1914633.0
2025-10-18 16:00:00,0.833,0.838,0.824,0.837,1749051.0
2025-10-18 20:00:00,0.836,0.841,0.832,0.838,1103232.0
2025-10-19 00:00:00,0.837,0.845,0.83,0.844,1163038.0
2025-10-19 04:00:00,0.844,0.845,0.83,0.833,1058917.0
2025-10-19 08:00:00,0.833,0.857,0.823,0.849,4419464.0
2025-10-19 12:00:00,0.85,0.862,0.845,0.856,2528889.0
2025-10-19 16:00:00,0.856,0.865,0.852,0.856,1822374.0
2025-10-19 20:00:00,0.856,0.862,0.854,0.856,1024845.0
2025-10-20 00:00:00,0.856,0.875,0.84,0.872,1949849.0
2025-10-20 04:00:00,0.873,0.884,0.872,0.876,1837603.0
2025-10-20 08:00:00,0.876,0.88,0.869,0.874,1864880.0
2025-10-20 12:00:00,0.874,0.877,0.866,0.867,1545956.0
2025-10-20 16:00:00,0.866,0.872,0.853,0.869,2494345.0
2025-10-20 20:00:00,0.869,0.875,0.864,0.866,1081284.0
2025-10-21 00:00:00,0.865,0.867,0.851,0.853,1456591.0
2025-10-21 04:00:00,0.853,0.853,0.837,0.847,2081359.0
2025-10-21 08:00:00,0.847,0.847,0.836,0.844,1552214.0
2025-10-21 12:00:00,0.843,0.894,0.841,0.89,4484602.0
2025-10-21 16:00:00,0.89,0.897,0.872,0.877,3851593.0
2025-10-21 20:00:00,0.878,0.879,0.842,0.846,2926633.0
2025-10-22 00:00:00,0.846,0.85,0.839,0.847,2120163.0
2025-10-22 04:00:00,0.847,0.851,0.833,0.841,1750467.0
2025-10-22 08:00:00,0.841,0.843,0.825,0.837,2386601.0
2025-10-22 12:00:00,0.838,0.849,0.83,0.842,3516558.0
2025-10-22 16:00:00,0.842,0.846,0.827,0.833,2193463.0
2025-10-22 20:00:00,0.832,0.835,0.809,0.83,2904878.0
2025-10-23 00:00:00,0.83,0.838,0.828,0.833,1821648.0
2025-10-23 04:00:00,0.832,0.861,0.831,0.842,4614644.0
2025-10-23 08:00:00,0.842,0.846,0.834,0.836,1577360.0
2025-10-23 12:00:00,0.835,0.85,0.83,0.844,2429534.0
2025-10-23 16:00:00,0.845,0.855,0.841,0.846,1585743.0
2025-10-23 20:00:00,0.845,0.845,0.835,0.843,929024.0
2025-10-24 00:00:00,0.843,0.847,0.84,0.843,900798.0
2025-10-24 04:00:00,0.844,0.861,0.842,0.853,1471733.0
2025-10-24 08:00:00,0.854,0.858,0.843,0.851,1601710.0
2025-10-24 12:00:00,0.852,0.881,0.842,0.848,3853320.0
2025-10-24 16:00:00,0.847,0.858,0.844,0.857,1013208.0
2025-10-24 20:00:00,0.857,0.869,0.856,0.864,978482.0
2025-10-25 00:00:00,0.864,0.867,0.858,0.859,646836.0
2025-10-25 04:00:00,0.86,0.865,0.855,0.86,704263.0
2025-10-25 08:00:00,0.859,0.864,0.854,0.859,645996.0
2025-10-25 12:00:00,0.859,0.864,0.857,0.859,703772.0
2025-10-25 16:00:00,0.859,0.865,0.854,0.859,1015536.0
2025-10-25 20:00:00,0.86,0.864,0.855,0.86,1001037.0
2025-10-26 00:00:00,0.859,0.872,0.855,0.859,1433524.0
2025-10-26 04:00:00,0.86,0.87,0.859,0.868,758788.0
2025-10-26 08:00:00,0.868,0.891,0.868,0.888,1742301.0
2025-10-26 12:00:00,0.889,0.893,0.884,0.892,1417241.0
2025-10-26 16:00:00,0.891,0.954,0.888,0.926,11307938.0
2025-10-26 20:00:00,0.926,0.946,0.922,0.928,3162785.0
2025-10-27 00:00:00,0.929,0.938,0.926,0.929,1306794.0
2025-10-27 04:00:00,0.928,0.932,0.915,0.921,2605823.0
2025-10-27 08:00:00,0.921,0.922,0.904,0.911,1837838.0
2025-10-27 12:00:00,0.911,0.912,0.896,0.901,2135848.0
2025-10-27 16:00:00,0.9,0.915,0.9,0.903,1692831.0
2025-10-27 20:00:00,0.903,0.904,0.884,0.889,2434035.0
2025-10-28 00:00:00,0.889,0.894,0.879,0.884,1505334.0
2025-10-28 04:00:00,0.883,0.893,0.876,0.887,1263084.0
2025-10-28 08:00:00,0.886,0.892,0.883,0.884,997903.0
2025-10-28 12:00:00,0.883,0.901,0.867,0.88,4075230.0
2025-10-28 16:00:00,0.881,0.892,0.861,0.865,2733381.0
2025-10-28 20:00:00,0.864,0.874,0.842,0.86,4701501.0
2025-10-29 00:00:00,0.86,0.864,0.856,0.861,999482.0
2025-10-29 04:00:00,0.861,0.88,0.859,0.877,1756882.0
2025-10-29 08:00:00,0.878,0.891,0.873,0.879,2374089.0
2025-10-29 12:00:00,0.878,0.883,0.863,0.869,1906624.0
2025-10-29 16:00:00,0.868,0.889,0.845,0.878,4825451.0
2025-10-29 20:00:00,0.878,0.894,0.865,0.87,2476607.0
2025-10-30 00:00:00,0.869,0.877,0.861,0.873,1843322.0
2025-10-30 04:00:00,0.874,0.881,0.849,0.878,2319854.0
2025-10-30 08:00:00,0.877,0.879,0.859,0.859,1617521.0
2025-10-30 12:00:00,0.859,0.861,0.827,0.829,3719068.0
2025-10-30 16:00:00,0.829,0.834,0.809,0.811,2833896.0
2025-10-30 20:00:00,0.811,0.831,0.809,0.83,1588699.0
2025-10-31 00:00:00,0.831,0.841,0.828,0.837,1387922.0
2025-10-31 04:00:00,0.837,0.846,0.836,0.841,1001897.0
2025-10-31 08:00:00,0.841,0.847,0.837,0.846,1049628.0
2025-10-31 12:00:00,0.845,0.854,0.838,0.848,1660281.0
2025-10-31 16:00:00,0.847,0.851,0.831,0.847,1938301.0
2025-10-31 20:00:00,0.848,0.848,0.841,0.846,1004944.0
2025-11-01 00:00:00,0.846,0.85,0.841,0.848,777576.0
2025-11-01 04:00:00,0.848,0.851,0.842,0.851,888817.0
2025-11-01 08:00:00,0.851,0.869,0.849,0.86,1851770.0
2025-11-01 12:00:00,0.86,0.863,0.85,0.859,1166743.0
2025-11-01 16:00:00,0.859,0.863,0.855,0.859,4529268.0
2025-11-01 20:00:00,0.858,0.862,0.848,0.854,9937185.0
2025-11-02 00:00:00,0.854,0.855,0.848,0.85,950549.0
2025-11-02 04:00:00,0.85,0.865,0.849,0.863,1219401.0
2025-11-02 08:00:00,0.863,0.878,0.86,0.871,3074481.0
2025-11-02 12:00:00,0.87,0.872,0.85,0.851,1656382.0
2025-11-02 16:00:00,0.85,0.853,0.841,0.849,8969812.0
2025-11-02 20:00:00,0.849,0.865,0.846,0.863,1414223.0
2025-11-03 00:00:00,0.863,0.864,0.821,0.823,2481859.0
2025-11-03 04:00:00,0.822,0.825,0.798,0.808,2802336.0
2025-11-03 08:00:00,0.808,0.816,0.8,0.81,1726017.0
2025-11-03 12:00:00,0.811,0.823,0.753,0.781,6274483.0
2025-11-03 16:00:00,0.781,0.802,0.775,0.786,3770849.0
2025-11-03 20:00:00,0.786,0.787,0.773,0.781,2510967.0
2025-11-04 00:00:00,0.781,0.794,0.774,0.793,2067005.0
2025-11-04 04:00:00,0.793,0.796,0.76,0.764,4579940.0
2025-11-04 08:00:00,0.764,0.775,0.759,0.77,2421876.0
2025-11-04 12:00:00,0.77,0.783,0.757,0.765,2787803.0
2025-11-04 16:00:00,0.765,0.77,0.725,0.745,5679949.0
2025-11-04 20:00:00,0.745,0.772,0.715,0.762,7154550.0
2025-11-05 00:00:00,0.762,0.766,0.723,0.752,3766451.0
2025-11-05 04:00:00,0.753,0.755,0.739,0.745,1255055.0
2025-11-05 08:00:00,0.745,0.751,0.731,0.748,1815877.0
2025-11-05 12:00:00,0.749,0.759,0.742,0.758,1901641.0
2025-11-05 16:00:00,0.758,0.766,0.748,0.757,2075790.0
2025-11-05 20:00:00,0.757,0.764,0.751,0.756,1286970.0
2025-11-06 00:00:00,0.757,0.757,0.745,0.754,1773793.0
2025-11-06 04:00:00,0.755,0.759,0.74,0.744,1453207.0
2025-11-06 08:00:00,0.743,0.747,0.737,0.741,1526590.0
2025-11-06 12:00:00,0.741,0.752,0.723,0.727,3116428.0
2025-11-06 16:00:00,0.727,0.746,0.716,0.737,2949134.0
2025-11-06 20:00:00,0.737,0.742,0.729,0.736,1843621.0
2025-11-07 00:00:00,0.735,0.76,0.734,0.756,2963028.0
2025-11-07 04:00:00,0.756,0.7685,0.75,0.7682,1720489.0
2025-11-07 08:00:00,0.7683,0.7686,0.7346,0.7419,2757111.0
2025-11-07 12:00:00,0.742,0.7904,0.7271,0.782,4387736.0
2025-11-07 16:00:00,0.7819,0.8155,0.7777,0.811,5643562.0
2025-11-07 20:00:00,0.811,0.821,0.8043,0.8084,2564776.0
2025-11-08 00:00:00,0.8083,0.826,0.804,0.8094,3821099.0
2025-11-08 04:00:00,0.8094,0.8189,0.7972,0.812,2225422.0
2025-11-08 08:00:00,0.812,0.8247,0.8049,0.8121,2119363.0
2025-11-08 12:00:00,0.8121,0.8125,0.7889,0.7919,3072182.0
2025-11-08 16:00:00,0.792,0.8021,0.7878,0.7972,1600026.0
2025-11-08 20:00:00,0.7973,0.8075,0.7931,0.8043,780837.0
2025-11-09 00:00:00,0.8044,0.8063,0.7801,0.791,1873737.0
2025-11-09 04:00:00,0.791,0.8598,0.7909,0.8021,11838494.0
2025-11-09 08:00:00,0.8021,0.8089,0.7873,0.8013,2511907.0
2025-11-09 12:00:00,0.8014,0.8185,0.7977,0.8139,2351529.0
2025-11-09 16:00:00,0.8139,0.8252,0.8073,0.8252,1402586.0
2025-11-09 20:00:00,0.8252,0.8299,0.8152,0.823,1603792.0
2025-11-10 00:00:00,0.8229,0.8425,0.819,0.8393,2263675.0
2025-11-10 04:00:00,0.8392,0.842,0.8318,0.8368,1233757.0
2025-11-10 08:00:00,0.8368,0.8399,0.8216,0.8308,2299346.0
2025-11-10 12:00:00,0.8306,0.8373,0.8136,0.8177,2289244.0
2025-11-10 16:00:00,0.8176,0.83,0.8133,0.8242,1767712.0
2025-11-10 20:00:00,0.8243,0.8333,0.8164,0.8265,2809779.0
2025-11-11 00:00:00,0.8266,0.8417,0.8169,0.8239,4648087.0
2025-11-11 04:00:00,0.8239,0.8263,0.7915,0.7922,3880792.0
2025-11-11 08:00:00,0.7922,0.8018,0.7913,0.7969,2422672.0
2025-11-11 12:00:00,0.797,0.8012,0.7855,0.7898,4540740.0
2025-11-11 16:00:00,0.7897,0.794,0.7774,0.7786,3335959.0
2025-11-11 20:00:00,0.7786,0.78,0.7687,0.7708,4798331.0
2025-11-12 00:00:00,0.7709,0.7799,0.7679,0.7778,4716044.0
2025-11-12 04:00:00,0.7778,0.7954,0.7767,0.7871,3830329.0
2025-11-12 08:00:00,0.7872,0.8087,0.7872,0.8035,3140761.0
2025-11-12 12:00:00,0.8035,0.8117,0.776,0.7781,4481271.0
2025-11-12 16:00:00,0.7783,0.7795,0.7603,0.7669,5710177.0
2025-11-12 20:00:00,0.7668,0.776,0.7643,0.7704,2394921.0
2025-11-13 00:00:00,0.7704,0.7943,0.7692,0.7882,3808118.0
2025-11-13 04:00:00,0.7882,0.8007,0.7836,0.7961,2558564.0
2025-11-13 08:00:00,0.7961,0.8005,0.7889,0.7903,1863254.0
2025-11-13 12:00:00,0.7904,0.7941,0.7734,0.777,2866426.0
2025-11-13 16:00:00,0.7769,0.7779,0.7392,0.7434,5447317.0
2025-11-13 20:00:00,0.7434,0.7591,0.7353,0.7516,2734210.0
2025-11-14 00:00:00,0.7516,0.7583,0.7455,0.7523,2677653.0
2025-11-14 04:00:00,0.7523,0.7542,0.7273,0.7482,7282424.0
2025-11-14 08:00:00,0.7483,0.7496,0.7269,0.7305,3712498.0
2025-11-14 12:00:00,0.7304,0.7494,0.7174,0.7423,5941455.0
2025-11-14 16:00:00,0.7423,0.7504,0.7331,0.7423,2827954.0
2025-11-14 20:00:00,0.7423,0.7438,0.706,0.7168,3253882.0
2025-11-15 00:00:00,0.7169,0.7457,0.7156,0.7425,1894760.0
2025-11-15 04:00:00,0.7425,0.7435,0.7353,0.7386,1176076.0
2025-11-15 08:00:00,0.7386,0.739,0.7296,0.7328,1205915.0
2025-11-15 12:00:00,0.7328,0.7407,0.7312,0.7353,1126599.0
2025-11-15 16:00:00,0.7353,0.7479,0.7316,0.7403,1347094.0
2025-11-15 20:00:00,0.7404,0.741,0.7261,0.7328,999371.0
2025-11-16 00:00:00,0.7326,0.7406,0.7258,0.7376,1216299.0
2025-11-16 04:00:00,0.7377,0.7428,0.7347,0.7418,743183.0
2025-11-16 08:00:00,0.7415,0.7465,0.726,0.7282,1313983.0
2025-11-16 12:00:00,0.7283,0.7312,0.7136,0.715,1912841.0
2025-11-16 16:00:00,0.7151,0.7218,0.702,0.7081,2944876.0
2025-11-16 20:00:00,0.7081,0.7218,0.7023,0.7176,2432996.0
2025-11-17 00:00:00,0.7177,0.7402,0.7121,0.74,3051602.0
2025-11-17 04:00:00,0.7401,0.7533,0.737,0.7487,2846893.0
2025-11-17 08:00:00,0.7487,0.7535,0.746,0.7496,1904641.0
2025-11-17 12:00:00,0.7495,0.7572,0.7255,0.7307,4881457.0
2025-11-17 16:00:00,0.7308,0.7309,0.7058,0.7078,5613755.0
2025-11-17 20:00:00,0.7077,0.7181,0.7036,0.7123,4043892.0
2025-11-18 00:00:00,0.7123,0.7203,0.6996,0.7154,4638850.0
2025-11-18 04:00:00,0.7154,0.7188,0.6898,0.6905,4538316.0
2025-11-18 08:00:00,0.6904,0.7173,0.6895,0.7141,3294897.0
2025-11-18 12:00:00,0.7141,0.7347,0.7084,0.7301,4294628.0
2025-11-18 16:00:00,0.73,0.7448,0.7281,0.7402,2564399.0
2025-11-18 20:00:00,0.7402,0.7417,0.727,0.7323,1284944.0
2025-11-19 00:00:00,0.7323,0.7341,0.721,0.7227,1275676.0
2025-11-19 04:00:00,0.7226,0.723,0.7005,0.7184,2848686.0
2025-11-19 08:00:00,0.7183,0.7204,0.7102,0.7156,1229824.0
2025-11-19 12:00:00,0.7156,0.7239,0.6991,0.7,2769275.0
2025-11-19 16:00:00,0.6999,0.7039,0.678,0.6818,4822843.0
2025-11-19 20:00:00,0.6818,0.7038,0.6791,0.7012,2598893.0
2025-11-20 00:00:00,0.7013,0.7195,0.6992,0.7189,2683373.0
2025-11-20 04:00:00,0.7189,0.7261,0.7066,0.7135,3098450.0
2025-11-20 08:00:00,0.7135,0.715,0.7039,0.7091,1321215.0
2025-11-20 12:00:00,0.7091,0.7186,0.6954,0.6963,3943521.0
2025-11-20 16:00:00,0.6962,0.697,0.651,0.6676,9198691.0
2025-11-20 20:00:00,0.6676,0.686,0.6609,0.6649,2784323.0
2025-11-21 00:00:00,0.665,0.6728,0.6535,0.6606,2391059.0
2025-11-21 04:00:00,0.6605,0.6631,0.5972,0.6238,5742416.0
2025-11-21 08:00:00,0.6238,0.6325,0.6112,0.6143,6314025.0
2025-11-21 12:00:00,0.6143,0.6316,0.5999,0.6106,7806949.0
2025-11-21 16:00:00,0.6105,0.639,0.6017,0.6312,6055955.0
2025-11-21 20:00:00,0.6311,0.6352,0.6163,0.6265,3541044.0
2025-11-22 00:00:00,0.6266,0.6296,0.6192,0.6216,1677520.0
2025-11-22 04:00:00,0.6216,0.6218,0.6027,0.6118,2642684.0
2025-11-22 08:00:00,0.6118,0.6139,0.6007,0.6097,2311010.0
2025-11-22 12:00:00,0.6097,0.6118,0.5983,0.6059,1946335.0
2025-11-22 16:00:00,0.6059,0.6144,0.6011,0.603,1459681.0
2025-11-22 20:00:00,0.603,0.6137,0.5977,0.6055,1359154.0
2025-11-23 00:00:00,0.6055,0.6179,0.6049,0.6163,1801847.0
2025-11-23 04:00:00,0.6165,0.6219,0.6085,0.6132,1533988.0
2025-11-23 08:00:00,0.6132,0.6195,0.6127,0.618,898900.0
2025-11-23 12:00:00,0.618,0.6303,0.6176,0.6282,2049730.0
2025-11-23 16:00:00,0.6282,0.6343,0.6221,0.6322,1875023.0
2025-11-23 20:00:00,0.6323,0.6383,0.6264,0.6267,1651284.0
2025-11-24 00:00:00,0.6268,0.6415,0.6194,0.6344,2652508.0
2025-11-24 04:00:00,0.6345,0.6411,0.6244,0.6314,2270134.0
2025-11-24 08:00:00,0.6314,0.6335,0.6205,0.6253,1487366.0
2025-11-24 12:00:00,0.6252,0.6375,0.6182,0.6348,3282071.0
2025-11-24 16:00:00,0.6348,0.6554,0.6348,0.648,3175428.0
2025-11-24 20:00:00,0.6481,0.652,0.6423,0.6425,1163592.0
2025-11-25 00:00:00,0.6426,0.6435,0.6322,0.6334,1659327.0
2025-11-25 04:00:00,0.6333,0.6371,0.6264,0.6269,1422350.0
2025-11-25 08:00:00,0.627,0.6301,0.6217,0.6279,1782839.0
2025-11-25 12:00:00,0.6279,0.6335,0.6155,0.6283,2346410.0
2025-11-25 16:00:00,0.6283,0.6397,0.6236,0.632,2018389.0
2025-11-25 20:00:00,0.6321,0.6471,0.6296,0.6415,1409385.0
2025-11-26 00:00:00,0.6415,0.6442,0.6342,0.6352,1184252.0
2025-11-26 04:00:00,0.6352,0.639,0.6294,0.6382,1703641.0
2025-11-26 08:00:00,0.6382,0.6388,0.6235,0.6249,1685994.0
2025-11-26 12:00:00,0.6249,0.6321,0.6204,0.6239,2358637.0
2025-11-26 16:00:00,0.6239,0.6592,0.6239,0.6544,3757876.0
2025-11-26 20:00:00,0.6544,0.6572,0.6501,0.6543,1000090.0
2025-11-27 00:00:00,0.6544,0.6592,0.6517,0.6535,1473676.0
2025-11-27 04:00:00,0.6533,0.6553,0.6488,0.6523,961813.0
2025-11-27 08:00:00,0.6523,0.6543,0.6471,0.6488,973260.0
2025-11-27 12:00:00,0.6488,0.6505,0.6435,0.6505,1260417.0
2025-11-27 16:00:00,0.6505,0.6578,0.6493,0.6551,1369008.0
2025-11-27 20:00:00,0.6551,0.657,0.6417,0.6441,1790207.0
2025-11-28 00:00:00,0.644,0.6456,0.6354,0.6412,1665081.0
2025-11-28 04:00:00,0.6412,0.644,0.6386,0.6399,1123129.0
2025-11-28 08:00:00,0.6399,0.6538,0.6398,0.6452,2213619.0
2025-11-28 12:00:00,0.6451,0.6637,0.643,0.6614,3312501.0
2025-11-28 16:00:00,0.6615,0.6631,0.6404,0.6488,2703554.0
2025-11-28 20:00:00,0.6488,0.6514,0.6452,0.6475,817960.0
2025-11-29 00:00:00,0.6475,0.6487,0.643,0.643,1068228.0
2025-11-29 04:00:00,0.643,0.6461,0.6364,0.6378,1401119.0
2025-11-29 08:00:00,0.6378,0.6406,0.6336,0.6401,1214601.0
2025-11-29 12:00:00,0.6401,0.6436,0.6365,0.6422,946858.0
2025-11-29 16:00:00,0.6423,0.6424,0.6312,0.6371,1426204.0
2025-11-29 20:00:00,0.637,0.641,0.6345,0.6362,719475.0
2025-11-30 00:00:00,0.6361,0.6381,0.6312,0.6373,666673.0
2025-11-30 04:00:00,0.6373,0.638,0.6316,0.6369,574243.0
2025-11-30 08:00:00,0.6368,0.646,0.6343,0.6421,1327789.0
2025-11-30 12:00:00,0.6422,0.6474,0.6368,0.6393,1351350.0
2025-11-30 16:00:00,0.6393,0.6449,0.639,0.6403,655137.0
2025-11-30 20:00:00,0.6403,0.6437,0.6321,0.6332,1136530.0
2025-12-01 00:00:00,0.6331,0.6332,0.5909,0.592,5823113.0
2025-12-01 04:00:00,0.5919,0.5919,0.5853,0.591,2206236.0
2025-12-01 08:00:00,0.5909,0.5982,0.5905,0.5962,1572114.0
2025-12-01 12:00:00,0.5962,0.609,0.5726,0.5857,6094273.0
2025-12-01 16:00:00,0.5857,0.591,0.5801,0.5889,3029888.0
2025-12-01 20:00:00,0.589,0.615,0.589,0.6104,2757285.0
2025-12-02 00:00:00,0.6104,0.6142,0.6016,0.6058,1828030.0
2025-12-02 04:00:00,0.6059,0.6115,0.6038,0.611,1106155.0
2025-12-02 08:00:00,0.6109,0.6169,0.6049,0.6157,1174016.0
2025-12-02 12:00:00,0.6158,0.6546,0.6143,0.654,2942429.0
2025-12-02 16:00:00,0.6541,0.6651,0.6505,0.6608,2514204.0
2025-12-02 20:00:00,0.6608,0.6632,0.6524,0.6582,1536772.0
2025-12-03 00:00:00,0.6582,0.6694,0.6555,0.6658,1242782.0
2025-12-03 04:00:00,0.6657,0.6773,0.6657,0.671,1295424.0
2025-12-03 08:00:00,0.6711,0.6725,0.6639,0.6681,1358877.0
2025-12-03 12:00:00,0.6681,0.6848,0.6612,0.676,2785736.0
2025-12-03 16:00:00,0.6761,0.6848,0.6714,0.6807,1309828.0
2025-12-03 20:00:00,0.6808,0.6924,0.6794,0.686,1118710.0
2025-12-04 00:00:00,0.686,0.6913,0.6817,0.6844,1230385.0
2025-12-04 04:00:00,0.6844,0.686,0.68,0.6828,897700.0
2025-12-04 08:00:00,0.6829,0.6858,0.6801,0.6821,709139.0
2025-12-04 12:00:00,0.6822,0.6878,0.6714,0.6837,1596352.0
2025-12-04 16:00:00,0.6837,0.687,0.6606,0.6718,1472005.0
2025-12-04 20:00:00,0.6718,0.6765,0.6691,0.6696,773449.0
2025-12-05 00:00:00,0.6697,0.6755,0.6692,0.6701,968993.0
2025-12-05 04:00:00,0.6702,0.6728,0.6632,0.6712,886429.0
2025-12-05 08:00:00,0.6711,0.6713,0.6553,0.6592,1072954.0
2025-12-05 12:00:00,0.6592,0.6673,0.6531,0.6581,2418815.0
2025-12-05 16:00:00,0.6581,0.6584,0.6388,0.651,3012073.0
2025-12-05 20:00:00,0.6508,0.6527,0.6459,0.6488,626457.0
2025-12-06 00:00:00,0.6489,0.6543,0.6459,0.6534,702217.0
2025-12-06 04:00:00,0.6535,0.6544,0.6492,0.6522,597807.0
2025-12-06 08:00:00,0.6523,0.6543,0.6484,0.6528,691543.0
2025-12-06 12:00:00,0.6528,0.6648,0.6528,0.6579,1262201.0
2025-12-06 16:00:00,0.6579,0.6637,0.6538,0.6556,966621.0
2025-12-06 20:00:00,0.6557,0.6621,0.6533,0.6573,795908.0
2025-12-07 00:00:00,0.6573,0.6791,0.6573,0.6659,2368618.0
2025-12-07 04:00:00,0.6659,0.6672,0.6583,0.659,1082032.0
2025-12-07 08:00:00,0.659,0.6615,0.651,0.6522,1216704.0
2025-12-07 12:00:00,0.6522,0.6581,0.6349,0.6537,4167731.0
2025-12-07 16:00:00,0.6537,0.6869,0.649,0.6856,5365646.0
2025-12-07 20:00:00,0.6856,0.6913,0.6539,0.6632,5062327.0
2025-12-08 00:00:00,0.6632,0.6753,0.6604,0.6693,1559524.0
2025-12-08 04:00:00,0.6694,0.6782,0.6694,0.6745,1092571.0
2025-12-08 08:00:00,0.6746,0.6845,0.6739,0.6805,1269322.0
2025-12-08 12:00:00,0.6805,0.6898,0.6679,0.6723,2597835.0
2025-12-08 16:00:00,0.6722,0.6771,0.6648,0.6703,1998733.0
2025-12-08 20:00:00,0.6704,0.6815,0.6697,0.6769,954652.0
2025-12-09 00:00:00,0.677,0.6795,0.6673,0.6749,907075.0
2025-12-09 04:00:00,0.675,0.6752,0.6655,0.6736,1264708.0
2025-12-09 08:00:00,0.6737,0.6744,0.6637,0.6694,1241054.0
2025-12-09 12:00:00,0.6694,0.7037,0.6691,0.7024,2762692.0
2025-12-09 16:00:00,0.7024,0.7195,0.7024,0.7095,4115777.0
2025-12-09 20:00:00,0.7096,0.7104,0.692,0.6976,1651587.0
2025-12-10 00:00:00,0.6976,0.6993,0.6913,0.6945,1043079.0
2025-12-10 04:00:00,0.6944,0.6974,0.6925,0.6967,806574.0
2025-12-10 08:00:00,0.6967,0.7025,0.6901,0.6935,1224202.0
2025-12-10 12:00:00,0.6934,0.6956,0.6855,0.6883,1194419.0
2025-12-10 16:00:00,0.6882,0.7071,0.6875,0.7036,2570483.0
2025-12-10 20:00:00,0.7036,0.7239,0.6891,0.6906,3895527.0
2025-12-11 00:00:00,0.6905,0.6916,0.6563,0.6584,3072625.0
2025-12-11 04:00:00,0.6585,0.6648,0.6565,0.6614,1359808.0
2025-12-11 08:00:00,0.6615,0.6625,0.6579,0.6602,877888.0
2025-12-11 12:00:00,0.6602,0.6627,0.6527,0.6565,1690348.0
2025-12-11 16:00:00,0.6564,0.672,0.6511,0.6658,2626697.0
2025-12-11 20:00:00,0.6658,0.6821,0.6655,0.6724,1744004.0
2025-12-12 00:00:00,0.6724,0.6762,0.6632,0.6736,1234266.0
2025-12-12 04:00:00,0.6736,0.6754,0.6684,0.6708,583463.0
2025-12-12 08:00:00,0.6709,0.6751,0.6674,0.6719,775622.0
2025-12-12 12:00:00,0.6718,0.675,0.6355,0.641,2491070.0
2025-12-12 16:00:00,0.6409,0.6459,0.6331,0.64,3261449.0
2025-12-12 20:00:00,0.64,0.6451,0.6388,0.6432,846264.0
2025-12-13 00:00:00,0.6433,0.6479,0.643,0.6467,496722.0
2025-12-13 04:00:00,0.6468,0.6491,0.6443,0.6452,502652.0
2025-12-13 08:00:00,0.6452,0.6513,0.645,0.6463,999768.0
2025-12-13 12:00:00,0.6465,0.6527,0.6454,0.6505,892865.0
2025-12-13 16:00:00,0.6504,0.6523,0.6451,0.6468,750091.0
2025-12-13 20:00:00,0.6471,0.6509,0.6448,0.6499,644747.0
2025-12-14 00:00:00,0.65,0.6558,0.6484,0.6534,947830.0
2025-12-14 04:00:00,0.6534,0.654,0.643,0.6478,917589.0
2025-12-14 08:00:00,0.6478,0.6479,0.6358,0.6412,756903.0
2025-12-14 12:00:00,0.6412,0.6453,0.6367,0.638,744309.0
2025-12-14 16:00:00,0.638,0.6423,0.6312,0.6337,1510194.0
2025-12-14 20:00:00,0.6337,0.6372,0.6249,0.6318,1230126.0
2025-12-15 00:00:00,0.6318,0.6525,0.6313,0.6451,1574280.0
2025-12-15 04:00:00,0.6452,0.6491,0.6425,0.6446,806303.0
2025-12-15 08:00:00,0.6447,0.6486,0.6418,0.6438,550782.0
2025-12-15 12:00:00,0.6438,0.6464,0.6147,0.6204,3080509.0
2025-12-15 16:00:00,0.6205,0.6226,0.597,0.607,4288293.0
2025-12-15 20:00:00,0.6069,0.6069,0.5952,0.5987,1835976.0
2025-12-16 00:00:00,0.5986,0.6003,0.5925,0.5972,1782363.0
2025-12-16 04:00:00,0.5973,0.6014,0.5881,0.5957,1309489.0
2025-12-16 08:00:00,0.5957,0.6129,0.5951,0.6127,1707678.0
2025-12-16 12:00:00,0.6127,0.6221,0.6025,0.6202,2851932.0
2025-12-16 16:00:00,0.6203,0.6211,0.609,0.6133,1570903.0
2025-12-16 20:00:00,0.6132,0.6142,0.6095,0.6115,605460.0
2025-12-17 00:00:00,0.6116,0.6137,0.6063,0.607,1009973.0
2025-12-17 04:00:00,0.607,0.6078,0.6003,0.606,803862.0
2025-12-17 08:00:00,0.6059,0.6059,0.5987,0.6036,814940.0
2025-12-17 12:00:00,0.6036,0.6257,0.5985,0.5994,3670744.0
2025-12-17 16:00:00,0.5994,0.6025,0.5767,0.5816,4394820.0
2025-12-17 20:00:00,0.5817,0.5852,0.5774,0.5835,1719797.0
2025-12-18 00:00:00,0.5834,0.5837,0.5757,0.578,1226368.0
2025-12-18 04:00:00,0.578,0.5817,0.5713,0.5799,1751343.0
2025-12-18 08:00:00,0.5798,0.5842,0.5762,0.5781,1997781.0
2025-12-18 12:00:00,0.5782,0.6033,0.577,0.5979,3749249.0
2025-12-18 16:00:00,0.598,0.5988,0.5546,0.5562,6769661.0
2025-12-18 20:00:00,0.5561,0.5706,0.5544,0.565,1901965.0
2025-12-19 00:00:00,0.565,0.5821,0.5591,0.5771,2032514.0
2025-12-19 04:00:00,0.5771,0.5869,0.5733,0.5822,1744433.0
2025-12-19 08:00:00,0.5822,0.5848,0.5807,0.5829,848396.0
2025-12-19 12:00:00,0.583,0.5973,0.5804,0.5889,2419535.0
2025-12-19 16:00:00,0.5888,0.5948,0.5787,0.5882,2307244.0
2025-12-19 20:00:00,0.5883,0.5915,0.5832,0.5835,929081.0
2025-12-20 00:00:00,0.5835,0.5837,0.5778,0.5793,806036.0
2025-12-20 04:00:00,0.5793,0.5821,0.5772,0.5802,752223.0
2025-12-20 08:00:00,0.5802,0.5823,0.5756,0.5781,986595.0
2025-12-20 12:00:00,0.5781,0.5788,0.5728,0.5749,1031004.0
2025-12-20 16:00:00,0.5751,0.5773,0.574,0.5754,629366.0
2025-12-20 20:00:00,0.5754,0.5762,0.5733,0.5738,614060.0
2025-12-21 00:00:00,0.5739,0.5748,0.5664,0.5697,1217353.0
2025-12-21 04:00:00,0.5698,0.5723,0.5686,0.5697,865929.0
2025-12-21 08:00:00,0.5697,0.5768,0.5681,0.5695,1016373.0
2025-12-21 12:00:00,0.5696,0.572,0.5546,0.5607,2516662.0
2025-12-21 16:00:00,0.5607,0.5677,0.5597,0.5655,1598075.0
2025-12-21 20:00:00,0.5655,0.5702,0.5608,0.5674,836167.0
2025-12-22 00:00:00,0.5674,0.5845,0.5674,0.5763,3187318.0
2025-12-22 04:00:00,0.5762,0.5819,0.5751,0.5816,1226825.0
2025-12-22 08:00:00,0.5816,0.5915,0.5816,0.5901,1840710.0
2025-12-22 12:00:00,0.5901,0.5984,0.5847,0.5875,3468507.0
2025-12-22 16:00:00,0.5876,0.5901,0.5738,0.5748,2251763.0
2025-12-22 20:00:00,0.5748,0.5781,0.5715,0.5769,1282600.0
2025-12-23 00:00:00,0.5769,0.5796,0.5674,0.5715,1750460.0
2025-12-23 04:00:00,0.5714,0.5726,0.5638,0.5665,1228965.0
2025-12-23 08:00:00,0.5665,0.5702,0.5646,0.5685,837890.0
2025-12-23 12:00:00,0.5686,0.5693,0.5579,0.5643,2285222.0
2025-12-23 16:00:00,0.5643,0.5725,0.5616,0.5634,2055269.0
2025-12-23 20:00:00,0.5633,0.5685,0.5529,0.5571,1853087.0
2025-12-24 00:00:00,0.5572,0.5599,0.5479,0.5524,1627474.0
2025-12-24 04:00:00,0.5524,0.5546,0.5454,0.5458,1101026.0
2025-12-24 08:00:00,0.5458,0.5502,0.5451,0.5481,920403.0
2025-12-24 12:00:00,0.548,0.5506,0.5411,0.5474,1482024.0
2025-12-24 16:00:00,0.5474,0.5546,0.5466,0.5508,1652733.0
2025-12-24 20:00:00,0.5508,0.5538,0.5499,0.551,676366.0
2025-12-25 00:00:00,0.5509,0.5537,0.5476,0.5537,1285707.0
2025-12-25 04:00:00,0.5536,0.5631,0.5493,0.5543,3721528.0
2025-12-25 08:00:00,0.5544,0.5561,0.5465,0.5498,1110460.0
2025-12-25 12:00:00,0.5497,0.5584,0.5483,0.556,1370627.0
2025-12-25 16:00:00,0.5561,0.5603,0.5538,0.5581,1111188.0
2025-12-25 20:00:00,0.5581,0.559,0.5411,0.5432,1966432.0
2025-12-26 00:00:00,0.5431,0.5626,0.5386,0.5588,2931659.0
2025-12-26 04:00:00,0.559,0.5618,0.5541,0.555,978834.0
2025-12-26 08:00:00,0.5549,0.5593,0.5546,0.5572,775887.0
2025-12-26 12:00:00,0.5572,0.5607,0.5447,0.5473,1833989.0
2025-12-26 16:00:00,0.5474,0.5515,0.5442,0.55,1102089.0
2025-12-26 20:00:00,0.55,0.5514,0.5466,0.5491,734053.0
2025-12-27 00:00:00,0.5491,0.552,0.5472,0.5512,803628.0
2025-12-27 04:00:00,0.5513,0.5517,0.549,0.5494,565418.0
2025-12-27 08:00:00,0.5494,0.551,0.5467,0.5491,851371.0
2025-12-27 12:00:00,0.5492,0.5535,0.5474,0.5519,947750.0
2025-12-27 16:00:00,0.5519,0.5548,0.5519,0.5532,832731.0
2025-12-27 20:00:00,0.5532,0.5613,0.5529,0.5594,1000805.0
2025-12-28 00:00:00,0.5595,0.5614,0.5568,0.5584,1065318.0
2025-12-28 04:00:00,0.5584,0.5593,0.5554,0.5577,805874.0
2025-12-28 08:00:00,0.5577,0.559,0.5545,0.5562,629200.0
2025-12-28 12:00:00,0.5561,0.5579,0.5531,0.5558,863494.0
2025-12-28 16:00:00,0.5558,0.5575,0.5487,0.5497,1938886.0
2025-12-28 20:00:00,0.5496,0.5544,0.548,0.5542,1135835.0
2025-12-29 00:00:00,0.5543,0.5718,0.5538,0.5713,3289315.0
2025-12-29 04:00:00,0.5714,0.5727,0.5648,0.5681,1590136.0
2025-12-29 08:00:00,0.5681,0.5695,0.5534,0.5546,2419398.0
2025-12-29 12:00:00,0.5546,0.5556,0.5453,0.5534,3271954.0
2025-12-29 16:00:00,0.5533,0.5547,0.5482,0.5494,1098532.0
2025-12-29 20:00:00,0.5494,0.5517,0.5473,0.5483,852120.0
2025-12-30 00:00:00,0.5483,0.5495,0.5422,0.5473,981153.0
2025-12-30 04:00:00,0.5472,0.5504,0.5452,0.5491,788018.0
2025-12-30 08:00:00,0.5491,0.5564,0.549,0.555,1298644.0
2025-12-30 12:00:00,0.555,0.5622,0.5524,0.562,2360657.0
2025-12-30 16:00:00,0.562,0.5635,0.5531,0.5573,1270595.0
2025-12-30 20:00:00,0.5572,0.5572,0.5527,0.5566,752255.0
2025-12-31 00:00:00,0.5565,0.5607,0.5542,0.5583,995450.0
2025-12-31 04:00:00,0.5584,0.5596,0.5558,0.5593,804631.0
2025-12-31 08:00:00,0.5593,0.5662,0.5572,0.5645,1977893.0
2025-12-31 12:00:00,0.5645,0.5748,0.5621,0.5622,2211980.0
2025-12-31 16:00:00,0.5623,0.5635,0.5503,0.5554,2378032.0
2025-12-31 20:00:00,0.5554,0.5606,0.5518,0.5577,988923.0
2026-01-01 00:00:00,0.5577,0.5634,0.557,0.5591,925301.0
2026-01-01 04:00:00,0.5591,0.5591,0.5542,0.5567,862813.0
2026-01-01 08:00:00,0.5566,0.5619,0.5565,0.561,600715.0
2026-01-01 12:00:00,0.561,0.5692,0.5575,0.5654,1758461.0
2026-01-01 16:00:00,0.5655,0.5702,0.5621,0.5697,1429194.0
2026-01-01 20:00:00,0.5696,0.5721,0.5641,0.5692,1361253.0
2026-01-02 00:00:00,0.5693,0.5727,0.5654,0.5722,1167156.0
2026-01-02 04:00:00,0.5723,0.5765,0.5686,0.5697,1685516.0
2026-01-02 08:00:00,0.5698,0.5801,0.5695,0.5726,2038926.0
2026-01-02 12:00:00,0.5726,0.5784,0.5653,0.5729,4443380.0
2026-01-02 16:00:00,0.573,0.5807,0.5711,0.5772,3579038.0
2026-01-02 20:00:00,0.5772,0.5854,0.5735,0.5796,2299149.0
2026-01-03 00:00:00,0.5796,0.5858,0.579,0.5852,1989848.0
2026-01-03 04:00:00,0.585,0.5855,0.5678,0.5699,2479528.0
2026-01-03 08:00:00,0.5699,0.5758,0.5679,0.5715,1547477.0
2026-01-03 12:00:00,0.5714,0.5775,0.5704,0.5734,1152011.0
2026-01-03 16:00:00,0.5736,0.5778,0.5721,0.5762,1013892.0
2026-01-03 20:00:00,0.5762,0.5794,0.574,0.578,739403.0
2026-01-04 00:00:00,0.578,0.5851,0.5777,0.5832,1687784.0
2026-01-04 04:00:00,0.5832,0.5899,0.5826,0.5866,1646039.0
2026-01-04 08:00:00,0.5866,0.5929,0.583,0.5907,1375905.0
2026-01-04 12:00:00,0.5907,0.5937,0.5862,0.5913,1310362.0
2026-01-04 16:00:00,0.5912,0.5972,0.5857,0.5887,1927860.0
2026-01-04 20:00:00,0.5886,0.5939,0.5873,0.593,963476.0
2026-01-05 00:00:00,0.593,0.6058,0.5927,0.6015,2156782.0
2026-01-05 04:00:00,0.6014,0.6027,0.5885,0.593,1805908.0
2026-01-05 08:00:00,0.593,0.5947,0.5861,0.592,1464603.0
2026-01-05 12:00:00,0.592,0.6007,0.5881,0.5994,1803818.0
2026-01-05 16:00:00,0.5994,0.6079,0.5936,0.6051,2109542.0
2026-01-05 20:00:00,0.6051,0.6118,0.6038,0.6061,1298885.0
2026-01-06 00:00:00,0.606,0.6101,0.601,0.606,1717423.0
2026-01-06 04:00:00,0.6061,0.608,0.5961,0.5967,1861501.0
2026-01-06 08:00:00,0.5966,0.6039,0.5965,0.6035,927251.0
2026-01-06 12:00:00,0.6034,0.6135,0.5992,0.6028,3180381.0
2026-01-06 16:00:00,0.6027,0.604,0.5801,0.5884,4534677.0
2026-01-06 20:00:00,0.5884,0.6063,0.5882,0.6057,1998368.0
2026-01-07 00:00:00,0.6057,0.6063,0.5912,0.5971,1903229.0
2026-01-07 04:00:00,0.5972,0.5994,0.5924,0.5991,976521.0
2026-01-07 08:00:00,0.5992,0.6019,0.5876,0.5927,2101334.0
2026-01-07 12:00:00,0.5927,0.5938,0.5784,0.5819,3270438.0
2026-01-07 16:00:00,0.5819,0.587,0.5763,0.5813,2228672.0
2026-01-07 20:00:00,0.5814,0.5858,0.5782,0.5844,1127669.0
2026-01-08 00:00:00,0.5844,0.5907,0.5814,0.5819,1842172.0
2026-01-08 04:00:00,0.582,0.5876,0.5711,0.5822,2476643.0
2026-01-08 08:00:00,0.5822,0.5841,0.5701,0.5765,2963540.0
2026-01-08 12:00:00,0.5766,0.585,0.5681,0.5845,2845184.0
2026-01-08 16:00:00,0.5844,0.5879,0.5809,0.583,1838959.0
2026-01-08 20:00:00,0.5829,0.5861,0.5783,0.5819,1146509.0
2026-01-09 00:00:00,0.582,0.5889,0.5797,0.5883,1909637.0
2026-01-09 04:00:00,0.5883,0.5916,0.5862,0.5868,1513202.0
2026-01-09 08:00:00,0.5869,0.5872,0.5757,0.5822,2913589.0
2026-01-09 12:00:00,0.5823,0.5989,0.5783,0.5922,3309156.0
2026-01-09 16:00:00,0.5923,0.5984,0.5806,0.5827,2385569.0
2026-01-09 20:00:00,0.5826,0.586,0.5807,0.5835,1037282.0
2026-01-10 00:00:00,0.5836,0.5843,0.58,0.5828,1370147.0
2026-01-10 04:00:00,0.5828,0.5829,0.5776,0.5803,1349125.0
2026-01-10 08:00:00,0.5803,0.5815,0.5789,0.5812,650128.0
2026-01-10 12:00:00,0.5812,0.584,0.5786,0.5802,1086488.0
2026-01-10 16:00:00,0.5802,0.5805,0.5722,0.5752,1525226.0
2026-01-10 20:00:00,0.5751,0.5756,0.5668,0.5698,1278698.0
2026-01-11 00:00:00,0.5699,0.5712,0.5683,0.57,1313098.0
2026-01-11 04:00:00,0.5701,0.5728,0.5689,0.5724,924517.0
2026-01-11 08:00:00,0.5724,0.5739,0.5704,0.5709,895688.0
2026-01-11 12:00:00,0.5709,0.5789,0.5684,0.5722,1853964.0
2026-01-11 16:00:00,0.5719,0.5794,0.5714,0.5725,1476227.0
2026-01-11 20:00:00,0.5724,0.5726,0.5631,0.5714,1972874.0
2026-01-12 00:00:00,0.5714,0.5878,0.5661,0.582,2883560.0
2026-01-12 04:00:00,0.582,0.5902,0.5783,0.5785,2279069.0
2026-01-12 08:00:00,0.5784,0.5807,0.5685,0.5739,2277496.0
2026-01-12 12:00:00,0.574,0.5876,0.5646,0.5872,3274495.0
2026-01-12 16:00:00,0.5872,0.607,0.5854,0.5905,7618937.0
2026-01-12 20:00:00,0.5905,0.5936,0.5773,0.5802,2824245.0
2026-01-13 00:00:00,0.5801,0.5946,0.5793,0.5914,3314340.0
2026-01-13 04:00:00,0.5914,0.6039,0.5908,0.5962,2445040.0
2026-01-13 08:00:00,0.5962,0.6047,0.5962,0.5987,2189608.0
2026-01-13 12:00:00,0.5987,0.6114,0.5964,0.6102,4667995.0
2026-01-13 16:00:00,0.6102,0.6233,0.6072,0.6209,4774314.0
2026-01-13 20:00:00,0.621,0.6382,0.6152,0.6304,3318657.0
2026-01-14 00:00:00,0.6303,0.6362,0.629,0.633,1937997.0
2026-01-14 04:00:00,0.6331,0.6376,0.6254,0.6357,2141550.0
2026-01-14 08:00:00,0.6357,0.6514,0.6351,0.6453,3957331.0
2026-01-14 12:00:00,0.6453,0.6805,0.6453,0.6704,9506528.0
2026-01-14 16:00:00,0.6703,0.682,0.6562,0.6703,6815214.0
2026-01-14 20:00:00,0.6702,0.676,0.6662,0.6688,2702908.0
2026-01-15 00:00:00,0.6687,0.6757,0.659,0.6626,4553674.0
2026-01-15 04:00:00,0.6625,0.6844,0.6611,0.6775,7362518.0
2026-01-15 08:00:00,0.6775,0.6814,0.6708,0.6721,2777809.0
2026-01-15 12:00:00,0.6721,0.6855,0.6617,0.672,4292003.0
2026-01-15 16:00:00,0.6719,0.6819,0.6618,0.6683,3806370.0
2026-01-15 20:00:00,0.6682,0.6756,0.6589,0.6743,2126156.0
2026-01-16 00:00:00,0.6744,0.6815,0.6651,0.6657,3160973.0
2026-01-16 04:00:00,0.6657,0.6741,0.6607,0.6712,2835019.0
2026-01-16 08:00:00,0.6713,0.68,0.6671,0.675,2125652.0
2026-01-16 12:00:00,0.675,0.6805,0.6569,0.6624,3486876.0
2026-01-16 16:00:00,0.6623,0.6753,0.6593,0.6705,2691663.0
2026-01-16 20:00:00,0.6704,0.6836,0.6673,0.6765,2143080.0
2026-01-17 00:00:00,0.6765,0.681,0.6732,0.6792,1194272.0
2026-01-17 04:00:00,0.6791,0.6829,0.671,0.6737,1408759.0
2026-01-17 08:00:00,0.6737,0.6792,0.6712,0.6727,1215486.0
2026-01-17 12:00:00,0.6727,0.6879,0.6714,0.6873,1883824.0
2026-01-17 16:00:00,0.6874,0.6875,0.6725,0.6748,2142868.0
2026-01-17 20:00:00,0.6748,0.6767,0.6619,0.6664,1914891.0
2026-01-18 00:00:00,0.6664,0.6708,0.6584,0.6626,1870122.0
2026-01-18 04:00:00,0.6627,0.6647,0.6583,0.6619,1010642.0
2026-01-18 08:00:00,0.6619,0.6714,0.661,0.6701,1417053.0
2026-01-18 12:00:00,0.6702,0.6702,0.6613,0.6655,1130389.0
2026-01-18 16:00:00,0.6655,0.6705,0.6634,0.6659,1069103.0
2026-01-18 20:00:00,0.6657,0.6695,0.6405,0.6422,2807824.0
2026-01-19 00:00:00,0.6421,0.6424,0.5996,0.6308,7496066.0
2026-01-19 04:00:00,0.6308,0.633,0.6271,0.6302,1410003.0
2026-01-19 08:00:00,0.6302,0.6397,0.6296,0.6355,1133889.0
2026-01-19 12:00:00,0.6355,0.6355,0.628,0.6295,1139353.0
2026-01-19 16:00:00,0.6294,0.6387,0.6288,0.637,1139873.0
2026-01-19 20:00:00,0.637,0.6408,0.6307,0.6345,1157555.0
2026-01-20 00:00:00,0.6344,0.6367,0.6311,0.6333,934119.0
2026-01-20 04:00:00,0.6333,0.6334,0.6194,0.6199,1688609.0
2026-01-20 08:00:00,0.62,0.6213,0.6122,0.6132,2072522.0
2026-01-20 12:00:00,0.6132,0.6163,0.5992,0.6047,2661922.0
2026-01-20 16:00:00,0.6047,0.6076,0.5923,0.5955,2403288.0
2026-01-20 20:00:00,0.5954,0.5986,0.5835,0.5898,1696682.0
2026-01-21 00:00:00,0.5899,0.6084,0.589,0.6079,1355390.0
2026-01-21 04:00:00,0.6079,0.608,0.6014,0.6024,1087276.0
2026-01-21 08:00:00,0.6023,0.6028,0.5878,0.5887,1934527.0
2026-01-21 12:00:00,0.5886,0.6199,0.5791,0.6183,4014723.0
2026-01-21 16:00:00,0.6184,0.6192,0.5842,0.6175,5040971.0
2026-01-21 20:00:00,0.6176,0.6185,0.5962,0.5983,1679802.0
2026-01-22 00:00:00,0.5984,0.6107,0.5982,0.6023,1310169.0
2026-01-22 04:00:00,0.6023,0.6066,0.5972,0.5988,1029883.0
2026-01-22 08:00:00,0.5988,0.6031,0.5922,0.5932,1086842.0
2026-01-22 12:00:00,0.5932,0.5993,0.5815,0.5879,2089998.0
2026-01-22 16:00:00,0.5879,0.5953,0.5868,0.5932,1252895.0
2026-01-22 20:00:00,0.5931,0.594,0.587,0.5894,849869.0
2026-01-23 00:00:00,0.5893,0.6,0.5882,0.5984,1051624.0
2026-01-23 04:00:00,0.5983,0.6019,0.5869,0.5891,1556259.0
2026-01-23 08:00:00,0.589,0.5904,0.5836,0.5877,959153.0
2026-01-23 12:00:00,0.5877,0.5899,0.5775,0.588,1844207.0
2026-01-23 16:00:00,0.5882,0.6005,0.583,0.5849,2136698.0
2026-01-23 20:00:00,0.5848,0.587,0.5789,0.5861,1015268.0
2026-01-24 00:00:00,0.586,0.5875,0.583,0.5865,519018.0
2026-01-24 04:00:00,0.5865,0.5896,0.5858,0.5865,691923.0
2026-01-24 08:00:00,0.5865,0.5886,0.5859,0.5878,392430.0
2026-01-24 12:00:00,0.5878,0.5886,0.5795,0.5801,765933.0
2026-01-24 16:00:00,0.58,0.5804,0.5727,0.5787,1682407.0
2026-01-24 20:00:00,0.5787,0.5821,0.578,0.5794,319324.0
2026-01-25 00:00:00,0.5793,0.5807,0.5751,0.5783,903498.0
2026-01-25 04:00:00,0.5782,0.581,0.5753,0.5765,582479.0
2026-01-25 08:00:00,0.5765,0.5803,0.5719,0.5758,711936.0
2026-01-25 12:00:00,0.5758,0.5777,0.5715,0.5747,872442.0
2026-01-25 16:00:00,0.5746,0.5746,0.5445,0.5485,3874429.0
2026-01-25 20:00:00,0.5484,0.5538,0.5452,0.5527,2162723.0
2026-01-26 00:00:00,0.5526,0.562,0.5508,0.5548,1443271.0
2026-01-26 04:00:00,0.5549,0.5632,0.5544,0.5622,775971.0
2026-01-26 08:00:00,0.5623,0.5669,0.5579,0.5607,830246.0
2026-01-26 12:00:00,0.5607,0.5713,0.5576,0.5629,1568076.0
2026-01-26 16:00:00,0.563,0.5674,0.5588,0.5637,1154438.0
2026-01-26 20:00:00,0.5636,0.5666,0.5581,0.5641,898749.0
2026-01-27 00:00:00,0.564,0.5693,0.5626,0.5667,812345.0
2026-01-27 04:00:00,0.5667,0.5692,0.5628,0.5655,561321.0
2026-01-27 08:00:00,0.5654,0.5663,0.5618,0.5631,519893.0
2026-01-27 12:00:00,0.563,0.5652,0.5589,0.564,1020385.0
2026-01-27 16:00:00,0.5643,0.5725,0.5584,0.5671,1784341.0
2026-01-27 20:00:00,0.5671,0.5754,0.5669,0.5716,1183304.0
2026-01-28 00:00:00,0.5715,0.5729,0.5659,0.5674,924067.0
2026-01-28 04:00:00,0.5674,0.5687,0.56,0.5627,1347822.0
2026-01-28 08:00:00,0.5627,0.5676,0.5566,0.5673,1981774.0
2026-01-28 12:00:00,0.5671,0.5699,0.5583,0.56,1670895.0
2026-01-28 16:00:00,0.5601,0.5663,0.5566,0.5614,1510823.0
2026-01-28 20:00:00,0.5613,0.5662,0.5575,0.5611,1078476.0
2026-01-29 00:00:00,0.5611,0.5626,0.5453,0.547,1884721.0
2026-01-29 04:00:00,0.547,0.55,0.5453,0.5479,695422.0
2026-01-29 08:00:00,0.5478,0.5501,0.5434,0.5442,819765.0
2026-01-29 12:00:00,0.5441,0.5477,0.5146,0.5208,4485795.0
2026-01-29 16:00:00,0.5208,0.5299,0.5124,0.5186,3145081.0
2026-01-29 20:00:00,0.5187,0.5262,0.5176,0.5256,1171903.0
2026-01-30 00:00:00,0.5254,0.5267,0.5027,0.5128,2993101.0
2026-01-30 04:00:00,0.5126,0.5187,0.5061,0.5146,1850574.0
2026-01-30 08:00:00,0.5145,0.5181,0.508,0.5163,1143115.0
2026-01-30 12:00:00,0.5162,0.5196,0.5076,0.5175,2457004.0
2026-01-30 16:00:00,0.5174,0.5232,0.5039,0.5188,3212599.0
2026-01-30 20:00:00,0.5188,0.519,0.5095,0.5152,1973652.0
2026-01-31 00:00:00,0.5153,0.5154,0.5102,0.5116,750466.0
2026-01-31 04:00:00,0.5116,0.5126,0.5029,0.5058,963562.0
2026-01-31 08:00:00,0.5058,0.5062,0.4938,0.4986,2382824.0
2026-01-31 12:00:00,0.4986,0.4994,0.4758,0.4815,4591479.0
2026-01-31 16:00:00,0.4815,0.4883,0.4412,0.4629,9433847.0
2026-01-31 20:00:00,0.4629,0.4771,0.4581,0.4746,2453824.0
2026-02-01 00:00:00,0.4747,0.4798,0.472,0.4763,1704015.0
2026-02-01 04:00:00,0.4763,0.4782,0.4699,0.473,1217212.0
2026-02-01 08:00:00,0.473,0.4781,0.4678,0.4733,1356649.0
2026-02-01 12:00:00,0.4733,0.4748,0.4554,0.4615,2475069.0
2026-02-01 16:00:00,0.4616,0.4693,0.4571,0.4612,2388120.0
2026-02-01 20:00:00,0.4612,0.4667,0.4516,0.4601,3181132.0
2026-02-02 00:00:00,0.4602,0.4722,0.4445,0.4578,4534754.0
2026-02-02 04:00:00,0.4579,0.4637,0.4459,0.4596,3924201.0
2026-02-02 08:00:00,0.4596,0.4673,0.4595,0.463,2203991.0
2026-02-02 12:00:00,0.463,0.4774,0.4625,0.475,3095365.0
2026-02-02 16:00:00,0.475,0.4761,0.4658,0.4659,2659795.0
2026-02-02 20:00:00,0.4658,0.469,0.4622,0.4671,1454085.0
2026-02-03 00:00:00,0.4672,0.4691,0.4598,0.4684,1338777.0
2026-02-03 04:00:00,0.4685,0.4721,0.464,0.4707,1332722.0
2026-02-03 08:00:00,0.4706,0.474,0.4634,0.4651,1726942.0
2026-02-03 12:00:00,0.465,0.469,0.457,0.4659,2849545.0
2026-02-03 16:00:00,0.4659,0.4659,0.4343,0.4505,5413639.0
2026-02-03 20:00:00,0.4504,0.467,0.4469,0.4533,4433324.0
2026-02-04 00:00:00,0.453,0.4628,0.4518,0.4618,1930132.0
2026-02-04 04:00:00,0.4618,0.4631,0.457,0.4596,1306664.0
2026-02-04 08:00:00,0.4598,0.4606,0.4507,0.4551,1772795.0
2026-02-04 12:00:00,0.4551,0.4558,0.4364,0.4413,4174243.0
2026-02-04 16:00:00,0.4413,0.4453,0.4291,0.4441,6637263.0
2026-02-04 20:00:00,0.4444,0.4455,0.4302,0.4378,2168942.0
2026-02-05 00:00:00,0.4378,0.441,0.4312,0.4322,2793281.0
2026-02-05 04:00:00,0.4323,0.4349,0.4239,0.4282,2901430.0
2026-02-05 08:00:00,0.4282,0.435,0.4206,0.4232,3572967.0
2026-02-05 12:00:00,0.4232,0.4251,0.394,0.4025,8803595.0
2026-02-05 16:00:00,0.4026,0.4091,0.3902,0.3917,8052381.0
2026-02-05 20:00:00,0.3917,0.3951,0.374,0.3784,12655401.0
2026-02-06 00:00:00,0.3785,0.3936,0.3473,0.385,11700959.0
2026-02-06 04:00:00,0.385,0.4009,0.3835,0.3896,3477198.0
2026-02-06 08:00:00,0.3896,0.4009,0.3864,0.4004,2975454.0
2026-02-06 12:00:00,0.4002,0.413,0.3975,0.4113,4624425.0
2026-02-06 16:00:00,0.4113,0.4285,0.4099,0.4213,4208328.0
2026-02-06 20:00:00,0.4213,0.4255,0.4164,0.4203,2010482.0
2026-02-07 00:00:00,0.4203,0.422,0.4138,0.4214,2290582.0
2026-02-07 04:00:00,0.4214,0.4259,0.4036,0.4086,2898869.0
2026-02-07 08:00:00,0.4085,0.4122,0.405,0.408,1682790.0
2026-02-07 12:00:00,0.4079,0.4193,0.4074,0.4153,2668405.0
2026-02-07 16:00:00,0.4154,0.4253,0.4141,0.4179,5405928.0
2026-02-07 20:00:00,0.4178,0.4208,0.4147,0.418,1058417.0
2026-02-08 00:00:00,0.4181,0.4194,0.4155,0.416,1015555.0
2026-02-08 04:00:00,0.416,0.4177,0.4142,0.4168,947244.0
2026-02-08 08:00:00,0.4168,0.4239,0.4152,0.4231,1723113.0
2026-02-08 12:00:00,0.4231,0.4242,0.4191,0.4207,1599085.0
2026-02-08 16:00:00,0.4207,0.4226,0.4136,0.4221,1776978.0
2026-02-08 20:00:00,0.4221,0.4266,0.4141,0.4169,1539047.0
2026-02-09 00:00:00,0.4168,0.422,0.4137,0.4215,1459996.0
2026-02-09 04:00:00,0.4214,0.4222,0.4144,0.415,1083768.0
2026-02-09 08:00:00,0.4149,0.4153,0.4015,0.4042,2045834.0
2026-02-09 12:00:00,0.4043,0.4128,0.404,0.4118,2482516.0
2026-02-09 16:00:00,0.4117,0.4198,0.4092,0.4171,2124682.0
2026-02-09 20:00:00,0.4171,0.418,0.4101,0.4112,1719145.0
2026-02-10 00:00:00,0.4112,0.4127,0.4028,0.4047,1723848.0
2026-02-10 04:00:00,0.4047,0.4077,0.3975,0.401,1503521.0
2026-02-10 08:00:00,0.401,0.4041,0.397,0.3973,1700928.0
2026-02-10 12:00:00,0.3973,0.4009,0.3934,0.3994,2468847.0
2026-02-10 16:00:00,0.3995,0.4033,0.3955,0.398,2009953.0
2026-02-10 20:00:00,0.398,0.3988,0.3951,0.3983,1174340.0
2026-02-11 00:00:00,0.3984,0.4003,0.393,0.3958,1248797.0
2026-02-11 04:00:00,0.3958,0.3964,0.3847,0.386,2241364.0
2026-02-11 08:00:00,0.3859,0.3879,0.3838,0.3867,1546123.0
2026-02-11 12:00:00,0.3867,0.3965,0.3785,0.3831,5108134.0
2026-02-11 16:00:00,0.3832,0.3918,0.3798,0.3889,3932642.0
2026-02-11 20:00:00,0.3889,0.3946,0.3856,0.3871,2291292.0
2026-02-12 00:00:00,0.3871,0.3919,0.387,0.3912,1507002.0
2026-02-12 04:00:00,0.3911,0.3937,0.3868,0.392,1344442.0
2026-02-12 08:00:00,0.392,0.3982,0.3895,0.3963,2247021.0
2026-02-12 12:00:00,0.3962,0.3976,0.3889,0.39,2625265.0
2026-02-12 16:00:00,0.39,0.3911,0.3811,0.388,4033464.0
2026-02-12 20:00:00,0.3881,0.392,0.3847,0.3911,1475628.0
2026-02-13 00:00:00,0.3912,0.3924,0.3878,0.3903,924014.0
2026-02-13 04:00:00,0.3904,0.3904,0.3827,0.3881,1753390.0
2026-02-13 08:00:00,0.388,0.3947,0.3879,0.3932,1649385.0
2026-02-13 12:00:00,0.3931,0.4093,0.3906,0.4041,3843349.0
2026-02-13 16:00:00,0.4042,0.4171,0.4041,0.4157,5750707.0
2026-02-13 20:00:00,0.4157,0.4205,0.4152,0.4171,2215435.0
2026-02-14 00:00:00,0.4171,0.4195,0.4152,0.4169,1677323.0
2026-02-14 04:00:00,0.4168,0.4174,0.4136,0.4171,988712.0
2026-02-14 08:00:00,0.417,0.4236,0.4168,0.4236,1719093.0
2026-02-14 12:00:00,0.4235,0.4236,0.4164,0.4211,1733094.0
2026-02-14 16:00:00,0.4211,0.4264,0.419,0.4253,1874020.0
2026-02-14 20:00:00,0.4254,0.4275,0.4203,0.4208,1871752.0
2026-02-15 00:00:00,0.4208,0.4219,0.4125,0.4184,2179652.0
2026-02-15 04:00:00,0.4184,0.4257,0.4183,0.4246,1868390.0
2026-02-15 08:00:00,0.4246,0.4252,0.414,0.4153,1661080.0
2026-02-15 12:00:00,0.4153,0.416,0.4047,0.409,2787515.0
2026-02-15 16:00:00,0.4089,0.409,0.3996,0.4018,2722333.0
2026-02-15 20:00:00,0.4017,0.4061,0.4001,0.4059,1021451.0
2026-02-16 00:00:00,0.406,0.4082,0.4025,0.4049,1052921.0
2026-02-16 04:00:00,0.4048,0.4084,0.4015,0.4038,1050710.0
2026-02-16 08:00:00,0.4038,0.4073,0.3993,0.4037,1644562.0
2026-02-16 12:00:00,0.4038,0.4109,0.3918,0.394,4811847.0
2026-02-16 16:00:00,0.394,0.3992,0.3927,0.398,2929985.0
2026-02-16 20:00:00,0.398,0.4073,0.3969,0.4068,1927595.0
2026-02-17 00:00:00,0.4069,0.4107,0.4051,0.4071,1711411.0
2026-02-17 04:00:00,0.407,0.4091,0.4029,0.4067,1280221.0
2026-02-17 08:00:00,0.4067,0.4084,0.4012,0.4032,1657552.0
2026-02-17 12:00:00,0.4032,0.4079,0.3967,0.4029,2918338.0
2026-02-17 16:00:00,0.403,0.4121,0.4005,0.4058,3489643.0
2026-02-17 20:00:00,0.4057,0.4064,0.4022,0.4033,1164572.0
2026-02-18 00:00:00,0.4033,0.4047,0.4002,0.404,984670.0
2026-02-18 04:00:00,0.404,0.407,0.4021,0.4067,1199865.0
2026-02-18 08:00:00,0.4066,0.4084,0.3987,0.4001,1501967.0
2026-02-18 12:00:00,0.4002,0.4077,0.3947,0.404,2904616.0
2026-02-18 16:00:00,0.404,0.4043,0.3931,0.3958,2917223.0
2026-02-18 20:00:00,0.3957,0.3988,0.3945,0.3975,1435601.0
2026-02-19 00:00:00,0.3975,0.3997,0.3956,0.3992,1052541.0
2026-02-19 04:00:00,0.3991,0.4027,0.3966,0.4011,1144179.0
2026-02-19 08:00:00,0.401,0.4012,0.3959,0.3963,1275990.0
2026-02-19 12:00:00,0.3962,0.3973,0.3906,0.3934,2634916.0
2026-02-19 16:00:00,0.3934,0.3975,0.3906,0.3954,2637932.0
2026-02-19 20:00:00,0.3954,0.3967,0.3933,0.3967,1083351.0
2026-02-20 00:00:00,0.3967,0.4,0.3961,0.3992,1587332.0
2026-02-20 04:00:00,0.3993,0.4027,0.396,0.4005,1476551.0
2026-02-20 08:00:00,0.4005,0.4019,0.3962,0.3965,1571888.0
2026-02-20 12:00:00,0.3966,0.4051,0.3891,0.4048,4698465.0
2026-02-20 16:00:00,0.4049,0.4191,0.4045,0.4133,7139737.0
2026-02-20 20:00:00,0.4132,0.4161,0.412,0.4143,1442769.0
2026-02-21 00:00:00,0.4143,0.4172,0.4122,0.4139,1748602.0
2026-02-21 04:00:00,0.4139,0.415,0.4121,0.4141,759911.0
2026-02-21 08:00:00,0.4141,0.4182,0.4134,0.4155,1562497.0
2026-02-21 12:00:00,0.4155,0.4182,0.413,0.4153,921572.0
2026-02-21 16:00:00,0.4153,0.4158,0.4109,0.4117,1574051.0
2026-02-21 20:00:00,0.4117,0.4124,0.4081,0.4082,1131099.0
2026-02-22 00:00:00,0.4081,0.4083,0.4038,0.4059,1271582.0
2026-02-22 04:00:00,0.4058,0.4066,0.4041,0.4058,775303.0
2026-02-22 08:00:00,0.4057,0.4058,0.4032,0.4049,838006.0
2026-02-22 12:00:00,0.4048,0.4048,0.399,0.4002,1718550.0
2026-02-22 16:00:00,0.4002,0.4005,0.3971,0.3999,684024.0
2026-02-22 20:00:00,0.3999,0.4028,0.3979,0.4019,733296.0
2026-02-23 00:00:00,0.4019,0.402,0.3774,0.3812,4742786.0
2026-02-23 04:00:00,0.3812,0.3896,0.3791,0.3889,1845827.0
2026-02-23 08:00:00,0.3888,0.3969,0.3863,0.3943,1706795.0
2026-02-23 12:00:00,0.3943,0.3978,0.3905,0.3919,1919337.0
2026-02-23 16:00:00,0.3918,0.392,0.3819,0.3838,2422663.0
2026-02-23 20:00:00,0.3838,0.3882,0.3834,0.3852,1336915.0
2026-02-24 00:00:00,0.3851,0.3879,0.3772,0.3809,2152282.0
2026-02-24 04:00:00,0.3809,0.3825,0.3776,0.381,1812104.0
2026-02-24 08:00:00,0.381,0.3847,0.3797,0.3836,1268770.0
2026-02-24 12:00:00,0.3836,0.3876,0.3789,0.3865,1870807.0
2026-02-24 16:00:00,0.3865,0.3901,0.3851,0.387,1152659.0
2026-02-24 20:00:00,0.387,0.3897,0.386,0.3878,788090.0
2026-02-25 00:00:00,0.3878,0.4062,0.3869,0.3964,4386712.0
2026-02-25 04:00:00,0.3964,0.3993,0.3906,0.3963,2176916.0
2026-02-25 08:00:00,0.3962,0.4009,0.3956,0.4001,1531760.0
2026-02-25 12:00:00,0.4,0.4166,0.3996,0.4162,3123945.0
2026-02-25 16:00:00,0.4163,0.4246,0.4163,0.4235,4829381.0
2026-02-25 20:00:00,0.4235,0.4303,0.4111,0.4147,4004909.0
2026-02-26 00:00:00,0.4146,0.4174,0.4094,0.4126,2172024.0
2026-02-26 04:00:00,0.4125,0.4164,0.4115,0.4143,1759261.0
2026-02-26 08:00:00,0.4143,0.4163,0.4085,0.4098,2358064.0
2026-02-26 12:00:00,0.4098,0.4149,0.4021,0.4068,3986854.0
2026-02-26 16:00:00,0.4068,0.4074,0.3964,0.4049,3679291.0
2026-02-26 20:00:00,0.4048,0.4065,0.402,0.405,978216.0
2026-02-27 00:00:00,0.405,0.4078,0.4019,0.4071,1180975.0
2026-02-27 04:00:00,0.407,0.4127,0.4058,0.4088,1669169.0
2026-02-27 08:00:00,0.4088,0.4108,0.3941,0.3966,2715498.0
2026-02-27 12:00:00,0.3965,0.3987,0.3927,0.3973,2514443.0
2026-02-27 16:00:00,0.3973,0.3982,0.3923,0.3952,1673588.0
2026-02-27 20:00:00,0.3952,0.3978,0.3907,0.3971,1101237.0
2026-02-28 00:00:00,0.3971,0.4009,0.3969,0.398,956497.0
2026-02-28 04:00:00,0.398,0.3987,0.3786,0.3834,4024652.0
2026-02-28 08:00:00,0.3833,0.3833,0.3737,0.3778,3849492.0
2026-02-28 12:00:00,0.3778,0.3889,0.3761,0.3841,3639733.0
2026-02-28 16:00:00,0.3841,0.3972,0.3822,0.3942,2353512.0
2026-02-28 20:00:00,0.3942,0.403,0.3936,0.3989,2175579.0
2026-03-01 00:00:00,0.399,0.4092,0.3949,0.4052,2600604.0
2026-03-01 04:00:00,0.4053,0.4063,0.401,0.4041,1007893.0
2026-03-01 08:00:00,0.4041,0.4045,0.3963,0.3983,1091058.0
2026-03-01 12:00:00,0.3982,0.4032,0.395,0.3987,1206975.0
2026-03-01 16:00:00,0.3988,0.4023,0.3922,0.3935,1960478.0
2026-03-01 20:00:00,0.3935,0.3964,0.3868,0.3919,1999341.0
2026-03-02 00:00:00,0.392,0.3998,0.3918,0.3978,1639159.0
2026-03-02 04:00:00,0.3978,0.3994,0.3881,0.3912,1120687.0
2026-03-02 08:00:00,0.3912,0.395,0.3882,0.393,1414742.0
2026-03-02 12:00:00,0.393,0.4143,0.3881,0.4106,3884281.0
2026-03-02 16:00:00,0.4107,0.4163,0.406,0.4099,3147288.0
2026-03-02 20:00:00,0.41,0.4121,0.406,0.4063,1752302.0
2026-03-03 00:00:00,0.4063,0.4103,0.4019,0.4069,1797874.0
2026-03-03 04:00:00,0.4069,0.4099,0.4048,0.4075,1214209.0
2026-03-03 08:00:00,0.4075,0.4079,0.3982,0.4023,2616870.0
2026-03-03 12:00:00,0.4024,0.4077,0.3913,0.4046,4349476.0
2026-03-03 16:00:00,0.4046,0.4135,0.4035,0.4099,2899771.0
2026-03-03 20:00:00,0.4099,0.4117,0.4051,0.4078,1154663.0
2026-03-04 00:00:00,0.4077,0.4119,0.4034,0.4068,1573856.0
2026-03-04 04:00:00,0.4067,0.4144,0.4042,0.4139,1331509.0
2026-03-04 08:00:00,0.4139,0.4273,0.413,0.4218,3475988.0
2026-03-04 12:00:00,0.4217,0.4444,0.4182,0.4442,4207792.0
2026-03-04 16:00:00,0.4443,0.45,0.4392,0.4471,3062196.0
2026-03-04 20:00:00,0.4472,0.448,0.4337,0.4372,2398288.0
2026-03-05 00:00:00,0.4373,0.4408,0.4345,0.4358,1443151.0
2026-03-05 04:00:00,0.4357,0.4392,0.4303,0.4325,1477105.0
2026-03-05 08:00:00,0.4325,0.4435,0.4309,0.4394,2591011.0
2026-03-05 12:00:00,0.4394,0.4419,0.433,0.4361,3367861.0
2026-03-05 16:00:00,0.436,0.4399,0.4309,0.4347,2505822.0
2026-03-05 20:00:00,0.4349,0.4409,0.4345,0.4386,1165673.0
2026-03-06 00:00:00,0.4386,0.4481,0.4386,0.448,1960397.0
2026-03-06 04:00:00,0.4479,0.451,0.4436,0.4504,1633317.0
2026-03-06 08:00:00,0.4504,0.4519,0.4334,0.4339,2743912.0
2026-03-06 12:00:00,0.4338,0.4342,0.4142,0.4159,4787283.0
2026-03-06 16:00:00,0.4159,0.42,0.4122,0.4181,3888634.0
2026-03-06 20:00:00,0.418,0.425,0.4136,0.4224,2557836.0
2026-03-07 00:00:00,0.4223,0.4253,0.4204,0.4219,951997.0
2026-03-07 04:00:00,0.4218,0.4237,0.4187,0.4205,979620.0
2026-03-07 08:00:00,0.4204,0.4256,0.4199,0.4232,809334.0
2026-03-07 12:00:00,0.4231,0.4246,0.4201,0.4229,1123433.0
2026-03-07 16:00:00,0.4228,0.4249,0.4178,0.4189,1090319.0
2026-03-07 20:00:00,0.4189,0.4221,0.4167,0.419,1003090.0
2026-03-08 00:00:00,0.419,0.4202,0.4128,0.4145,978983.0
2026-03-08 04:00:00,0.4145,0.4193,0.4112,0.4178,999615.0
2026-03-08 08:00:00,0.4178,0.4233,0.4162,0.4181,1120871.0
2026-03-08 12:00:00,0.418,0.4187,0.4118,0.414,1376458.0
2026-03-08 16:00:00,0.4138,0.4185,0.4112,0.4174,922827.0
2026-03-08 20:00:00,0.4174,0.4191,0.4058,0.4097,2014337.0
2026-03-09 00:00:00,0.4096,0.4207,0.4084,0.4162,1993095.0
2026-03-09 04:00:00,0.4163,0.4224,0.4121,0.4128,2325986.0
2026-03-09 08:00:00,0.4129,0.4156,0.4077,0.4089,2624068.0
2026-03-09 12:00:00,0.4089,0.4244,0.4083,0.4213,3265165.0
2026-03-09 16:00:00,0.4212,0.426,0.4166,0.4227,2362495.0
2026-03-09 20:00:00,0.4227,0.4236,0.417,0.418,1305612.0
2026-03-10 00:00:00,0.4181,0.4294,0.4171,0.4244,2244876.0
2026-03-10 04:00:00,0.4244,0.4299,0.4243,0.4287,1251094.0
2026-03-10 08:00:00,0.4288,0.436,0.4288,0.4311,2085710.0
2026-03-10 12:00:00,0.4311,0.4396,0.4237,0.4377,3355274.0
2026-03-10 16:00:00,0.4378,0.4403,0.4253,0.4269,2832251.0
2026-03-10 20:00:00,0.4269,0.4302,0.4246,0.4281,1157863.0
2026-03-11 00:00:00,0.4282,0.4287,0.4241,0.425,1663670.0
2026-03-11 04:00:00,0.425,0.4282,0.4221,0.4224,2118773.0
2026-03-11 08:00:00,0.4224,0.4251,0.4214,0.4233,1310532.0
2026-03-11 12:00:00,0.4232,0.4344,0.4213,0.4279,3422016.0
2026-03-11 16:00:00,0.4279,0.4351,0.4275,0.4327,2693070.0
2026-03-11 20:00:00,0.4328,0.4357,0.4304,0.4315,2010740.0
2026-03-12 00:00:00,0.4315,0.4323,0.4243,0.4256,1343178.0
2026-03-12 04:00:00,0.4256,0.4286,0.4238,0.4278,976644.0
2026-03-12 08:00:00,0.4277,0.4338,0.4273,0.431,1426557.0
2026-03-12 12:00:00,0.431,0.4344,0.426,0.4325,1993539.0
2026-03-12 16:00:00,0.4324,0.4348,0.4294,0.4333,1664014.0
2026-03-12 20:00:00,0.4332,0.4362,0.4311,0.4342,841193.0
2026-03-13 00:00:00,0.4341,0.4467,0.4332,0.4454,2750591.0
2026-03-13 04:00:00,0.4454,0.4461,0.4405,0.4426,1182920.0
2026-03-13 08:00:00,0.4426,0.4536,0.4413,0.4516,2753049.0
2026-03-13 12:00:00,0.4516,0.4621,0.4499,0.4503,4129309.0
2026-03-13 16:00:00,0.4503,0.454,0.4467,0.4492,2691163.0
2026-03-13 20:00:00,0.4493,0.4549,0.4487,0.4524,1352121.0
2026-03-14 00:00:00,0.4523,0.4548,0.449,0.4547,1419963.0
2026-03-14 04:00:00,0.4547,0.456,0.4475,0.4483,1264954.0
2026-03-14 08:00:00,0.4483,0.4488,0.4418,0.4455,1364230.0
2026-03-14 12:00:00,0.4454,0.4457,0.4404,0.4425,1333342.0
2026-03-14 16:00:00,0.4424,0.443,0.4406,0.4421,543634.0
2026-03-14 20:00:00,0.442,0.4454,0.4412,0.4445,837141.0
2026-03-15 00:00:00,0.4446,0.4475,0.442,0.445,1043994.0
2026-03-15 04:00:00,0.445,0.4474,0.4421,0.4447,1073295.0
2026-03-15 08:00:00,0.4447,0.4485,0.4445,0.4478,849180.0
2026-03-15 12:00:00,0.4478,0.448,0.443,0.4437,927441.0
2026-03-15 16:00:00,0.4437,0.4464,0.4415,0.4447,1062615.0
2026-03-15 20:00:00,0.4445,0.4513,0.4426,0.4486,2092617.0
2026-03-16 00:00:00,0.4487,0.4569,0.4434,0.4528,2091823.0
2026-03-16 04:00:00,0.4529,0.4592,0.4524,0.453,1863849.0
2026-03-16 08:00:00,0.453,0.4548,0.4485,0.4517,1391341.0
2026-03-16 12:00:00,0.4518,0.4574,0.4485,0.4506,2014069.0
2026-03-16 16:00:00,0.4506,0.4563,0.4499,0.4541,1280993.0
2026-03-16 20:00:00,0.4541,0.4607,0.4533,0.4584,1773261.0
2026-03-17 00:00:00,0.4584,0.4616,0.4503,0.4529,2019101.0
2026-03-17 04:00:00,0.453,0.4533,0.4465,0.4502,1533470.0
2026-03-17 08:00:00,0.4502,0.4517,0.4473,0.4501,1263648.0
2026-03-17 12:00:00,0.4502,0.4536,0.4432,0.4485,2284180.0
2026-03-17 16:00:00,0.4484,0.4525,0.4464,0.4474,1090521.0
2026-03-17 20:00:00,0.4473,0.449,0.4428,0.4429,904979.0
2026-03-18 00:00:00,0.4429,0.4484,0.441,0.4467,1383997.0
2026-03-18 04:00:00,0.4468,0.4469,0.4411,0.4429,904863.0
2026-03-18 08:00:00,0.4428,0.4445,0.4331,0.4344,1956874.0
2026-03-18 12:00:00,0.4343,0.4343,0.4199,0.4242,3037037.0
2026-03-18 16:00:00,0.4241,0.4277,0.4216,0.4221,1589423.0
2026-03-18 20:00:00,0.4222,0.4255,0.4194,0.4241,959154.0
2026-03-19 00:00:00,0.4242,0.4271,0.4212,0.4245,981463.0
2026-03-19 04:00:00,0.4246,0.4248,0.4162,0.4202,1518197.0
2026-03-19 08:00:00,0.4202,0.4216,0.4176,0.4185,1097144.0
2026-03-19 12:00:00,0.4185,0.4202,0.413,0.4159,1887216.0
2026-03-19 16:00:00,0.4158,0.4257,0.4142,0.4227,2389412.0
2026-03-19 20:00:00,0.4227,0.4241,0.4204,0.4221,976199.0
2026-03-20 00:00:00,0.4221,0.4249,0.4194,0.4227,2321655.0
2026-03-20 04:00:00,0.4227,0.4243,0.4179,0.4216,960632.0
2026-03-20 08:00:00,0.4216,0.4247,0.4188,0.4198,1044807.0
2026-03-20 12:00:00,0.4199,0.4209,0.4157,0.4184,1231206.0
2026-03-20 16:00:00,0.4183,0.42,0.4152,0.4189,1041264.0
2026-03-20 20:00:00,0.419,0.4237,0.4173,0.4224,859110.0
2026-03-21 00:00:00,0.4223,0.4244,0.4214,0.4227,757814.0
2026-03-21 04:00:00,0.4227,0.4255,0.4224,0.4232,575362.0
2026-03-21 08:00:00,0.4232,0.4245,0.4215,0.4218,439094.0
2026-03-21 12:00:00,0.4219,0.4247,0.4212,0.4228,631334.0
2026-03-21 16:00:00,0.4228,0.4231,0.4195,0.4199,508888.0
2026-03-21 20:00:00,0.4198,0.4213,0.4084,0.4105,1754622.0
2026-03-22 00:00:00,0.4105,0.4139,0.4041,0.4114,2007536.0
2026-03-22 04:00:00,0.4114,0.4134,0.4087,0.409,551527.0
2026-03-22 08:00:00,0.409,0.4091,0.4018,0.4019,1798822.0
2026-03-22 12:00:00,0.4019,0.4055,0.4009,0.4035,1269722.0
2026-03-22 16:00:00,0.4034,0.4039,0.3987,0.3999,1283000.0
2026-03-22 20:00:00,0.3999,0.4041,0.3965,0.4013,2051822.0
2026-03-23 00:00:00,0.4014,0.4038,0.3967,0.4015,1787509.0
2026-03-23 04:00:00,0.4015,0.4051,0.3977,0.4011,996769.0
2026-03-23 08:00:00,0.4012,0.4251,0.3987,0.4146,4870676.0
2026-03-23 12:00:00,0.4147,0.4235,0.4123,0.4139,2640335.0
2026-03-23 16:00:00,0.414,0.4215,0.4137,0.4168,1418119.0
2026-03-23 20:00:00,0.4167,0.4194,0.4151,0.4175,673169.0
2026-03-24 00:00:00,0.4174,0.4185,0.413,0.4156,812521.0
2026-03-24 04:00:00,0.4157,0.4206,0.4127,0.4199,1005056.0
2026-03-24 08:00:00,0.4201,0.4208,0.4164,0.4181,1487032.0
2026-03-24 12:00:00,0.4182,0.4183,0.4113,0.4149,1540770.0
2026-03-24 16:00:00,0.4148,0.416,0.4113,0.4141,1138851.0
2026-03-24 20:00:00,0.4141,0.4219,0.4139,0.4212,958665.0
2026-03-25 00:00:00,0.4212,0.4231,0.4183,0.4209,1137098.0
2026-03-25 04:00:00,0.4208,0.4231,0.4197,0.4206,648175.0
2026-03-25 08:00:00,0.4207,0.428,0.4207,0.4263,1637402.0
2026-03-25 12:00:00,0.4264,0.4272,0.4197,0.4217,1940588.0
2026-03-25 16:00:00,0.4217,0.4259,0.4213,0.4234,907242.0
2026-03-25 20:00:00,0.4234,0.4254,0.4205,0.4241,898378.0
2026-03-26 00:00:00,0.4241,0.4285,0.4195,0.4212,2051127.0
2026-03-26 04:00:00,0.4211,0.4211,0.4138,0.415,1132403.0
2026-03-26 08:00:00,0.415,0.4151,0.4082,0.4085,1139614.0
2026-03-26 12:00:00,0.4085,0.4115,0.4053,0.4075,1171107.0
2026-03-26 16:00:00,0.4073,0.4077,0.403,0.4042,860046.0
2026-03-26 20:00:00,0.4042,0.4099,0.403,0.4066,1239878.0
2026-03-27 00:00:00,0.4066,0.4084,0.4054,0.4058,522439.0
2026-03-27 04:00:00,0.4059,0.4072,0.403,0.4055,698828.0
2026-03-27 08:00:00,0.4055,0.4062,0.3931,0.3953,3086013.0
2026-03-27 12:00:00,0.3954,0.3975,0.3906,0.3935,2088506.0
2026-03-27 16:00:00,0.3935,0.3946,0.3904,0.3928,1083568.0
2026-03-27 20:00:00,0.3927,0.3946,0.3918,0.3944,512299.0
2026-03-28 00:00:00,0.3944,0.3951,0.3919,0.393,626811.0
2026-03-28 04:00:00,0.3931,0.397,0.3925,0.397,526207.0
2026-03-28 08:00:00,0.397,0.3974,0.3935,0.3946,693668.0
2026-03-28 12:00:00,0.3945,0.4008,0.3935,0.3987,1240152.0
2026-03-28 16:00:00,0.3988,0.4005,0.3983,0.399,711126.0
2026-03-28 20:00:00,0.3991,0.4012,0.3937,0.3948,1049498.0
2026-03-29 00:00:00,0.3947,0.4,0.3936,0.4,1175780.0
2026-03-29 04:00:00,0.4,0.4006,0.397,0.3976,679174.0
2026-03-29 08:00:00,0.3977,0.3993,0.3959,0.3983,543075.0
2026-03-29 12:00:00,0.3982,0.3989,0.3933,0.3946,1168769.0
2026-03-29 16:00:00,0.3947,0.3959,0.3926,0.394,630315.0
2026-03-29 20:00:00,0.3939,0.3968,0.3854,0.3926,1868527.0
2026-03-30 00:00:00,0.3926,0.4039,0.391,0.4026,2159986.0
2026-03-30 04:00:00,0.4026,0.4086,0.4026,0.4077,1211660.0
2026-03-30 08:00:00,0.4077,0.4099,0.4045,0.4068,1269011.0
2026-03-30 12:00:00,0.4069,0.4084,0.4017,0.4047,1584862.0
2026-03-30 16:00:00,0.4048,0.405,0.396,0.3973,1541685.0
2026-03-30 20:00:00,0.3973,0.3992,0.3945,0.3969,1268301.0
2026-03-31 00:00:00,0.397,0.4073,0.3962,0.4041,2579737.0
2026-03-31 04:00:00,0.4041,0.4045,0.3999,0.4019,1105975.0
2026-03-31 08:00:00,0.402,0.4021,0.3944,0.3993,1836676.0
2026-03-31 12:00:00,0.3994,0.4074,0.3981,0.4031,2520765.0
2026-03-31 16:00:00,0.4032,0.4155,0.4032,0.4134,3175835.0
2026-03-31 20:00:00,0.4135,0.4161,0.4122,0.413,1110685.0
2026-04-01 00:00:00,0.4129,0.4159,0.4095,0.4117,1226713.0
2026-04-01 04:00:00,0.4117,0.4177,0.4112,0.414,1082043.0
2026-04-01 08:00:00,0.414,0.4143,0.4094,0.4112,1810996.0
2026-04-01 12:00:00,0.4111,0.4133,0.4065,0.4101,1949230.0
2026-04-01 16:00:00,0.4101,0.4142,0.4058,0.4111,2301535.0
2026-04-01 20:00:00,0.4111,0.4123,0.4083,0.4093,858737.0
2026-04-02 00:00:00,0.4094,0.4115,0.3994,0.4,2826784.0
2026-04-02 04:00:00,0.4001,0.4025,0.3983,0.4021,1023230.0
2026-04-02 08:00:00,0.4021,0.4027,0.3934,0.3938,1772203.0
2026-04-02 12:00:00,0.3938,0.3991,0.3912,0.396,1673732.0
2026-04-02 16:00:00,0.3959,0.3988,0.3939,0.3958,1101674.0
2026-04-02 20:00:00,0.3957,0.3969,0.3939,0.3949,689704.0
2026-04-03 00:00:00,0.395,0.3961,0.3924,0.3951,1150171.0
2026-04-03 04:00:00,0.3953,0.3989,0.395,0.3985,1025473.0
2026-04-03 08:00:00,0.3986,0.4004,0.396,0.3989,1164627.0
2026-04-03 12:00:00,0.3991,0.403,0.3962,0.3974,1418504.0
2026-04-03 16:00:00,0.3973,0.3992,0.3958,0.3968,713882.0
2026-04-03 20:00:00,0.3968,0.3979,0.3956,0.3967,474872.0
2026-04-04 00:00:00,0.3967,0.3973,0.3935,0.3938,626117.0
2026-04-04 04:00:00,0.3938,0.3952,0.393,0.3935,616556.0
2026-04-04 08:00:00,0.3935,0.3935,0.385,0.3875,2357527.0
2026-04-04 12:00:00,0.3876,0.3877,0.3781,0.3799,3980520.0
2026-04-04 16:00:00,0.3799,0.3832,0.3772,0.3825,2884963.0
2026-04-04 20:00:00,0.3824,0.3835,0.375,0.3782,2670128.0
2026-04-05 00:00:00,0.3783,0.38,0.377,0.3781,1530764.0
2026-04-05 04:00:00,0.3782,0.3794,0.3748,0.3758,1596810.0
2026-04-05 08:00:00,0.3759,0.3779,0.3754,0.376,1019733.0
2026-04-05 12:00:00,0.3759,0.3825,0.3735,0.3783,1994282.0
2026-04-05 16:00:00,0.3783,0.382,0.378,0.3805,1374030.0
2026-04-05 20:00:00,0.3804,0.3862,0.3769,0.386,2240859.0
2026-04-06 00:00:00,0.3861,0.3935,0.3857,0.3919,2636907.0
2026-04-06 04:00:00,0.392,0.3938,0.3905,0.3923,1407742.0
2026-04-06 08:00:00,0.3923,0.3974,0.3914,0.3944,2059029.0
2026-04-06 12:00:00,0.3944,0.3948,0.391,0.3939,1682747.0
2026-04-06 16:00:00,0.3939,0.3951,0.3903,0.3909,1185911.0
2026-04-06 20:00:00,0.3909,0.3927,0.3833,0.3863,1487303.0
2026-04-07 00:00:00,0.3862,0.3877,0.3829,0.385,1302688.0
2026-04-07 04:00:00,0.385,0.3857,0.3803,0.3827,1164956.0
2026-04-07 08:00:00,0.3826,0.3864,0.3795,0.3808,1274602.0
2026-04-07 12:00:00,0.3808,0.3838,0.378,0.3816,2100430.0
2026-04-07 16:00:00,0.3817,0.3867,0.3811,0.3858,1963644.0
2026-04-07 20:00:00,0.3859,0.4066,0.3859,0.4032,3729901.0
2026-04-08 00:00:00,0.4032,0.4059,0.3986,0.4005,1776457.0
2026-04-08 04:00:00,0.4006,0.4058,0.4004,0.4045,1644877.0
2026-04-08 08:00:00,0.4045,0.4049,0.3999,0.4016,990614.0
2026-04-08 12:00:00,0.4017,0.4051,0.395,0.3987,1973631.0
2026-04-08 16:00:00,0.3987,0.401,0.3956,0.3973,906324.0
2026-04-08 20:00:00,0.3972,0.3995,0.3942,0.3956,1111857.0
2026-04-09 00:00:00,0.3956,0.3957,0.3918,0.394,1335128.0
2026-04-09 04:00:00,0.394,0.3975,0.3935,0.3961,1059888.0
2026-04-09 08:00:00,0.3961,0.3971,0.3941,0.3941,850396.0
2026-04-09 12:00:00,0.3941,0.4019,0.3909,0.4005,3251015.0
2026-04-09 16:00:00,0.4007,0.4023,0.3966,0.3982,1344873.0
2026-04-09 20:00:00,0.3983,0.4034,0.3959,0.398,1366884.0
2026-04-10 00:00:00,0.398,0.4003,0.3961,0.3981,1509031.0
2026-04-10 04:00:00,0.398,0.4001,0.3946,0.3951,1617538.0
2026-04-10 08:00:00,0.395,0.3986,0.3943,0.3974,1772876.0
2026-04-10 12:00:00,0.3973,0.4041,0.3961,0.4002,3002041.0
2026-04-10 16:00:00,0.4002,0.4034,0.4,0.4033,1664037.0
2026-04-10 20:00:00,0.4033,0.4053,0.4014,0.4023,1021133.0
2026-04-11 00:00:00,0.4023,0.4027,0.3991,0.4005,1017430.0
2026-04-11 04:00:00,0.4005,0.4015,0.3982,0.3993,1076089.0
2026-04-11 08:00:00,0.3992,0.4015,0.3975,0.3987,1544056.0
2026-04-11 12:00:00,0.3986,0.4007,0.3971,0.3984,1813202.0
2026-04-11 16:00:00,0.3985,0.4062,0.3982,0.4044,2056123.0
2026-04-11 20:00:00,0.4045,0.4048,0.3972,0.3989,1671441.0
2026-04-12 00:00:00,0.3989,0.3997,0.3882,0.39,3530017.0
2026-04-12 04:00:00,0.39,0.3918,0.3891,0.39,1198738.0
2026-04-12 08:00:00,0.39,0.3907,0.3876,0.3886,861506.0
2026-04-12 12:00:00,0.3886,0.3894,0.3824,0.3847,2067879.0
2026-04-12 16:00:00,0.3847,0.3881,0.3841,0.3869,850519.0
2026-04-12 20:00:00,0.387,0.3893,0.3832,0.3835,1137332.0
2026-04-13 00:00:00,0.3836,0.3875,0.3832,0.3861,803014.0
2026-04-13 04:00:00,0.386,0.3879,0.3839,0.3845,800235.0
2026-04-13 08:00:00,0.3846,0.3882,0.3843,0.3878,727589.0
2026-04-13 12:00:00,0.3877,0.3969,0.3863,0.3937,2262894.0
2026-04-13 16:00:00,0.3937,0.3991,0.3916,0.3988,1496337.0
2026-04-13 20:00:00,0.3988,0.4082,0.397,0.4064,3414035.0
2026-04-14 00:00:00,0.4065,0.4082,0.4027,0.4048,1179091.0
2026-04-14 04:00:00,0.4048,0.4056,0.4023,0.4033,870653.0
2026-04-14 08:00:00,0.4034,0.4056,0.4012,0.4019,967604.0
2026-04-14 12:00:00,0.4019,0.4103,0.4011,0.407,2359709.0
2026-04-14 16:00:00,0.4069,0.4085,0.3985,0.4008,1739238.0
2026-04-14 20:00:00,0.4009,0.4019,0.3991,0.4004,782992.0
2026-04-15 00:00:00,0.4005,0.4032,0.3993,0.3998,728168.0
2026-04-15 04:00:00,0.3997,0.4013,0.3971,0.3979,931209.0
2026-04-15 08:00:00,0.398,0.4035,0.3977,0.4018,1112016.0
2026-04-15 12:00:00,0.4019,0.4066,0.4013,0.405,1895118.0
2026-04-15 16:00:00,0.4051,0.4136,0.4046,0.4126,1575518.0
2026-04-15 20:00:00,0.4127,0.4138,0.4086,0.4109,1498271.0
2026-04-16 00:00:00,0.4109,0.4129,0.409,0.412,1231299.0
2026-04-16 04:00:00,0.4119,0.4133,0.4099,0.4108,1057490.0
2026-04-16 08:00:00,0.4109,0.4118,0.4061,0.4092,1390503.0
2026-04-16 12:00:00,0.4093,0.4129,0.4027,0.4109,3641753.0
2026-04-16 16:00:00,0.4109,0.4182,0.4063,0.4177,2679421.0
2026-04-16 20:00:00,0.4178,0.4193,0.4139,0.4189,2086047.0
2026-04-17 00:00:00,0.419,0.4199,0.4133,0.414,1921561.0
2026-04-17 04:00:00,0.4141,0.4198,0.4122,0.4196,1833859.0
2026-04-17 08:00:00,0.4196,0.4234,0.4176,0.4209,2635350.0
2026-04-17 12:00:00,0.421,0.4393,0.4203,0.4354,5251313.0
2026-04-17 16:00:00,0.4354,0.4399,0.4317,0.4372,3314059.0
2026-04-17 20:00:00,0.4372,0.4387,0.4297,0.4306,1635475.0
2026-04-18 00:00:00,0.4306,0.433,0.428,0.4287,1537366.0
2026-04-18 04:00:00,0.4288,0.4322,0.4278,0.4309,1279757.0
2026-04-18 08:00:00,0.431,0.4323,0.4204,0.423,2935685.0
2026-04-18 12:00:00,0.4231,0.4251,0.4219,0.4223,1137546.0
2026-04-18 16:00:00,0.4223,0.4233,0.4179,0.4221,1859475.0
2026-04-18 20:00:00,0.422,0.4262,0.4209,0.4228,1009106.0
2026-04-19 00:00:00,0.4228,0.4241,0.4202,0.421,1055596.0
2026-04-19 04:00:00,0.4211,0.4228,0.4153,0.4168,1584276.0
2026-04-19 08:00:00,0.4168,0.4193,0.4144,0.418,1186388.0
2026-04-19 12:00:00,0.4181,0.4233,0.4175,0.4217,1453735.0
2026-04-19 16:00:00,0.4217,0.4219,0.4164,0.4195,1448391.0
2026-04-19 20:00:00,0.4194,0.421,0.4122,0.4124,1636427.0
2026-04-20 00:00:00,0.4124,0.4168,0.4112,0.4163,1191192.0
2026-04-20 04:00:00,0.4163,0.422,0.412,0.418,1360342.0
2026-04-20 08:00:00,0.4181,0.4205,0.4165,0.4181,1232775.0
2026-04-20 12:00:00,0.4182,0.4227,0.4165,0.4215,1815819.0
2026-04-20 16:00:00,0.4215,0.4264,0.4195,0.4251,1598320.0
2026-04-20 20:00:00,0.4251,0.4262,0.4212,0.4225,1071974.0
2026-04-21 00:00:00,0.4227,0.4242,0.419,0.4209,736560.0
2026-04-21 04:00:00,0.4209,0.4255,0.4203,0.4242,836841.0
2026-04-21 08:00:00,0.4241,0.4541,0.4238,0.4503,20756110.0
2026-04-21 12:00:00,0.4504,0.4594,0.4463,0.4529,12666493.0
2026-04-21 16:00:00,0.453,0.4608,0.4463,0.4508,8528041.0
2026-04-21 20:00:00,0.4509,0.4627,0.4492,0.4576,9163011.0
2026-04-22 00:00:00,0.4578,0.4885,0.4574,0.4834,18567174.0
2026-04-22 04:00:00,0.4835,0.5071,0.4801,0.5012,22456375.0
2026-04-22 08:00:00,0.501,0.5117,0.4885,0.493,19100760.0
2026-04-22 12:00:00,0.4931,0.4985,0.4833,0.4951,8991458.0
2026-04-22 16:00:00,0.4951,0.5054,0.4849,0.4894,8782165.0
2026-04-22 20:00:00,0.4894,0.4939,0.4856,0.487,4227930.0
2026-04-23 00:00:00,0.487,0.4926,0.4761,0.4776,7681030.0
2026-04-23 04:00:00,0.4777,0.4817,0.4766,0.4785,3884428.0
2026-04-23 08:00:00,0.4785,0.4813,0.4706,0.4784,5618148.0
2026-04-23 12:00:00,0.4783,0.4885,0.4747,0.4847,5637329.0
2026-04-23 16:00:00,0.4846,0.4853,0.4726,0.4762,3301524.0
2026-04-23 20:00:00,0.4763,0.4817,0.4758,0.4803,1293650.0
2026-04-24 00:00:00,0.4804,0.481,0.4684,0.4699,2919125.0
2026-04-24 04:00:00,0.4699,0.4787,0.4673,0.4738,3182031.0
2026-04-24 08:00:00,0.4738,0.4917,0.4729,0.4903,4382230.0
2026-04-24 12:00:00,0.4902,0.4917,0.4813,0.4843,3540154.0
2026-04-24 16:00:00,0.4842,0.4848,0.4735,0.4753,2836586.0
2026-04-24 20:00:00,0.4753,0.4771,0.4731,0.4748,1297223.0
2026-04-25 00:00:00,0.4747,0.4844,0.4736,0.481,2568509.0
2026-04-25 04:00:00,0.481,0.4817,0.4776,0.4787,1580727.0
2026-04-25 08:00:00,0.4786,0.4834,0.4782,0.481,1573066.0
2026-04-25 12:00:00,0.4812,0.4816,0.4761,0.4768,1271991.0
2026-04-25 16:00:00,0.4767,0.4782,0.4723,0.4758,1790007.0
2026-04-25 20:00:00,0.4759,0.4826,0.4751,0.4817,958618.0
2026-04-26 00:00:00,0.4816,0.4854,0.4779,0.4784,2141757.0
2026-04-26 04:00:00,0.4783,0.4867,0.4769,0.4864,1659007.0
2026-04-26 08:00:00,0.4866,0.488,0.4822,0.4837,1855629.0
2026-04-26 12:00:00,0.4837,0.4938,0.481,0.493,2549924.0
2026-04-26 16:00:00,0.493,0.5124,0.4911,0.5122,5884552.0
2026-04-26 20:00:00,0.5122,0.5124,0.5042,0.5099,2759169.0
2026-04-27 00:00:00,0.5099,0.5309,0.5077,0.5258,5453504.0
2026-04-27 04:00:00,0.526,0.5285,0.5072,0.5084,6404623.0
2026-04-27 08:00:00,0.5084,0.5123,0.5018,0.505,3560130.0
2026-04-27 12:00:00,0.5048,0.5114,0.4969,0.4987,3979897.0
2026-04-27 16:00:00,0.4986,0.5009,0.4954,0.4976,1608726.0
2026-04-27 20:00:00,0.4977,0.5068,0.4961,0.5062,1592921.0
2026-04-28 00:00:00,0.5061,0.5134,0.5032,0.5035,2555402.0
2026-04-28 04:00:00,0.5035,0.5072,0.4991,0.5025,1437943.0
2026-04-28 08:00:00,0.5024,0.505,0.4988,0.5003,1505368.0
2026-04-28 12:00:00,0.5004,0.5069,0.4996,0.5031,2504913.0
2026-04-28 16:00:00,0.5031,0.5063,0.5011,0.5041,1330535.0
2026-04-28 20:00:00,0.5042,0.5106,0.5022,0.5056,1979810.0
2026-04-29 00:00:00,0.5056,0.5411,0.5047,0.538,8692566.0
2026-04-29 04:00:00,0.5381,0.5413,0.5224,0.5233,4781101.0
2026-04-29 08:00:00,0.5233,0.5234,0.5074,0.5097,4586708.0
2026-04-29 12:00:00,0.5097,0.5097,0.4906,0.4917,5096289.0
2026-04-29 16:00:00,0.4916,0.4983,0.4847,0.4898,2812500.0
2026-04-29 20:00:00,0.4899,0.4979,0.4893,0.4956,1260901.0
2026-04-30 00:00:00,0.4957,0.5037,0.4945,0.4983,2383265.0
2026-04-30 04:00:00,0.4983,0.4991,0.4906,0.499,1534248.0
2026-04-30 08:00:00,0.499,0.5031,0.4967,0.5004,2322204.0
2026-04-30 12:00:00,0.5004,0.5043,0.4983,0.5027,1582490.0
2026-04-30 16:00:00,0.5028,0.5038,0.4984,0.4993,1154251.0
2026-04-30 20:00:00,0.4992,0.5008,0.4953,0.4975,1035124.0
2026-05-01 00:00:00,0.4976,0.5078,0.4969,0.5055,1800502.0
2026-05-01 04:00:00,0.5055,0.5073,0.502,0.5034,1900055.0
2026-05-01 08:00:00,0.5036,0.5063,0.4993,0.5025,1285420.0
2026-05-01 12:00:00,0.5025,0.5139,0.502,0.5116,2352297.0
2026-05-01 16:00:00,0.5115,0.5132,0.5075,0.5108,1484941.0
2026-05-01 20:00:00,0.5109,0.5116,0.5057,0.5075,979279.0
2026-05-02 00:00:00,0.5076,0.5099,0.5072,0.508,694850.0
2026-05-02 04:00:00,0.508,0.5087,0.5041,0.506,921266.0
2026-05-02 08:00:00,0.5061,0.5079,0.5051,0.5058,802710.0
2026-05-02 12:00:00,0.5057,0.5113,0.5056,0.5113,941089.0
2026-05-02 16:00:00,0.5113,0.5125,0.5065,0.51,1378520.0
2026-05-02 20:00:00,0.5101,0.5126,0.507,0.5099,977231.0
2026-05-03 00:00:00,0.5099,0.5106,0.5039,0.5048,1075232.0
2026-05-03 04:00:00,0.5048,0.5087,0.5041,0.5074,886538.0
2026-05-03 08:00:00,0.5074,0.5125,0.5048,0.5109,1705111.0
2026-05-03 12:00:00,0.511,0.5202,0.5108,0.5166,2006542.0
2026-05-03 16:00:00,0.5167,0.5175,0.5141,0.5164,972679.0
2026-05-03 20:00:00,0.5164,0.5214,0.5139,0.5144,1474505.0
2026-05-04 00:00:00,0.5144,0.5359,0.5119,0.5356,3433103.0
2026-05-04 04:00:00,0.5356,0.5379,0.5288,0.5298,2095706.0
2026-05-04 08:00:00,0.5297,0.5304,0.5151,0.5174,3897361.0
2026-05-04 12:00:00,0.5174,0.5271,0.5134,0.5205,4038711.0
2026-05-04 16:00:00,0.5205,0.526,0.5181,0.5214,1541278.0
2026-05-04 20:00:00,0.5214,0.5261,0.5197,0.5232,1001598.0
2026-05-05 00:00:00,0.5232,0.5314,0.5232,0.5285,1905725.0
2026-05-05 04:00:00,0.5284,0.5451,0.5283,0.5444,3193253.0
2026-05-05 08:00:00,0.5443,0.5573,0.543,0.5544,4891107.0
2026-05-05 12:00:00,0.5543,0.5644,0.5445,0.5482,5090270.0
2026-05-05 16:00:00,0.5483,0.5508,0.5403,0.5463,2609545.0
2026-05-05 20:00:00,0.5463,0.5495,0.5432,0.5474,1501281.0
2026-05-06 00:00:00,0.5473,0.5533,0.5444,0.5526,1781649.0
2026-05-06 04:00:00,0.5527,0.5545,0.5479,0.5527,1956342.0
2026-05-06 08:00:00,0.5526,0.5666,0.552,0.564,2744634.0
2026-05-06 12:00:00,0.5639,0.5645,0.5541,0.5602,3954572.0
2026-05-06 16:00:00,0.5602,0.5617,0.5543,0.5559,1390775.0
2026-05-06 20:00:00,0.5559,0.5571,0.5463,0.5512,2300817.0
2026-05-07 00:00:00,0.5513,0.5525,0.543,0.5458,1743300.0
2026-05-07 04:00:00,0.5459,0.5548,0.5456,0.5535,1187510.0
2026-05-07 08:00:00,0.5534,0.5546,0.547,0.5539,1113731.0
2026-05-07 12:00:00,0.5538,0.5639,0.5512,0.5557,3570432.0
2026-05-07 16:00:00,0.5557,0.5665,0.5534,0.5637,2678019.0
2026-05-07 20:00:00,0.5638,0.5674,0.5587,0.5628,1236467.0
2026-05-08 00:00:00,0.5629,0.5639,0.5517,0.5548,1140154.0
2026-05-08 04:00:00,0.5547,0.559,0.5523,0.556,1071377.0
2026-05-08 08:00:00,0.556,0.5979,0.5556,0.5975,7572036.0
2026-05-08 12:00:00,0.5975,0.6085,0.5752,0.5842,10112639.0
2026-05-08 16:00:00,0.5842,0.5976,0.582,0.5963,2783192.0
2026-05-08 20:00:00,0.5964,0.6003,0.594,0.5959,1077913.0
2026-05-09 00:00:00,0.5959,0.6054,0.5952,0.6025,1476836.0
2026-05-09 04:00:00,0.6025,0.6047,0.5911,0.5925,1545612.0
2026-05-09 08:00:00,0.5925,0.5952,0.5873,0.5922,1390787.0
2026-05-09 12:00:00,0.5921,0.5921,0.5873,0.5895,1038926.0
2026-05-09 16:00:00,0.5896,0.5973,0.5892,0.596,1158010.0
2026-05-09 20:00:00,0.596,0.5974,0.5919,0.5943,696983.0
2026-05-10 00:00:00,0.5942,0.5969,0.59,0.5938,1487528.0
2026-05-10 04:00:00,0.594,0.5978,0.5892,0.591,2092528.0
2026-05-10 08:00:00,0.5909,0.5961,0.5897,0.5924,925636.0
2026-05-10 12:00:00,0.5924,0.6122,0.5904,0.6094,3015876.0
2026-05-10 16:00:00,0.6094,0.6173,0.6066,0.613,3037425.0
2026-05-10 20:00:00,0.613,0.6155,0.5959,0.6106,2919551.0
2026-05-11 00:00:00,0.6107,0.6117,0.5912,0.5941,3038616.0
2026-05-11 04:00:00,0.5941,0.5999,0.5918,0.5959,1063813.0
2026-05-11 08:00:00,0.5959,0.6009,0.594,0.6007,1221983.0
2026-05-11 12:00:00,0.6008,0.6045,0.5922,0.6033,2640730.0
2026-05-11 16:00:00,0.6034,0.6372,0.6012,0.6162,5362603.0
2026-05-11 20:00:00,0.6161,0.6313,0.6146,0.6282,3096819.0
2026-05-12 00:00:00,0.6282,0.6295,0.6107,0.6191,2245733.0
2026-05-12 04:00:00,0.6191,0.6262,0.6055,0.6071,2080406.0
2026-05-12 08:00:00,0.607,0.6134,0.6035,0.6124,1641957.0
2026-05-12 12:00:00,0.6124,0.6129,0.5996,0.6021,2404218.0
2026-05-12 16:00:00,0.602,0.6066,0.5917,0.6001,1974198.0
2026-05-12 20:00:00,0.6001,0.601,0.5864,0.5984,2472679.0
2026-05-13 00:00:00,0.5983,0.619,0.5957,0.6143,2210110.0
2026-05-13 04:00:00,0.6143,0.6191,0.6055,0.6089,2003314.0
2026-05-13 08:00:00,0.609,0.6129,0.6003,0.6023,1277884.0
2026-05-13 12:00:00,0.602,0.6036,0.5804,0.5805,3213994.0
2026-05-13 16:00:00,0.5804,0.5834,0.5768,0.5791,1505293.0
2026-05-13 20:00:00,0.5791,0.586,0.5744,0.5796,1240305.0
2026-05-14 00:00:00,0.5796,0.5838,0.5747,0.576,835591.0
2026-05-14 04:00:00,0.576,0.5832,0.5753,0.5817,875202.0
2026-05-14 08:00:00,0.5818,0.5869,0.578,0.5785,1003077.0
2026-05-14 12:00:00,0.5784,0.5957,0.5773,0.5945,1750907.0
2026-05-14 16:00:00,0.5945,0.5985,0.5912,0.5935,1515218.0
2026-05-14 20:00:00,0.5936,0.5949,0.5873,0.588,1080325.0
2026-05-15 00:00:00,0.5881,0.5934,0.5833,0.5855,1066537.0
2026-05-15 04:00:00,0.5854,0.5862,0.5778,0.5828,872232.0
2026-05-15 08:00:00,0.5828,0.5829,0.4976,0.5356,40788882.0
2026-05-15 12:00:00,0.5355,0.5357,0.4964,0.5106,14695177.0
2026-05-15 16:00:00,0.5105,0.5297,0.5074,0.5081,6756265.0
2026-05-15 20:00:00,0.5082,0.509,0.4935,0.4952,3504218.0
2026-05-16 00:00:00,0.4952,0.4955,0.4777,0.48,12852273.0
2026-05-16 04:00:00,0.4799,0.4819,0.4492,0.4507,11190517.0
2026-05-16 08:00:00,0.4508,0.4568,0.4145,0.4174,17389317.0
2026-05-16 12:00:00,0.4174,0.4485,0.4081,0.4317,35895118.0
2026-05-16 16:00:00,0.4316,0.4518,0.4296,0.4362,12205484.0
2026-05-16 20:00:00,0.4362,0.4428,0.434,0.4366,3778356.0
2026-05-17 00:00:00,0.4366,0.4499,0.4324,0.4439,7242667.0
2026-05-17 04:00:00,0.4437,0.4657,0.4413,0.4544,14732860.0
2026-05-17 08:00:00,0.4544,0.4656,0.452,0.4637,8669984.0
2026-05-17 12:00:00,0.4638,0.4642,0.438,0.4468,11670132.0
2026-05-17 16:00:00,0.4467,0.4569,0.4447,0.4524,4306960.0
2026-05-17 20:00:00,0.4525,0.456,0.4299,0.443,4159233.0
2026-05-18 00:00:00,0.4429,0.4487,0.4359,0.447,3444335.0
2026-05-18 04:00:00,0.4471,0.4478,0.4337,0.4397,3365668.0
2026-05-18 08:00:00,0.4397,0.4621,0.4395,0.4566,7488864.0
2026-05-18 12:00:00,0.4566,0.4633,0.4378,0.4432,5152627.0
2026-05-18 16:00:00,0.4432,0.4586,0.4407,0.4581,3285997.0
2026-05-18 20:00:00,0.4582,0.4613,0.4502,0.4532,1865935.0
2026-05-19 00:00:00,0.4532,0.4575,0.4406,0.4472,2180678.0
2026-05-19 04:00:00,0.4472,0.4651,0.4467,0.4639,2657476.0
2026-05-19 08:00:00,0.4639,0.4654,0.4474,0.4487,2459986.0
2026-05-19 12:00:00,0.4486,0.4562,0.4422,0.4441,3407502.0
2026-05-19 16:00:00,0.4442,0.449,0.4408,0.4435,2405576.0
2026-05-19 20:00:00,0.4436,0.4516,0.4429,0.4491,1164744.0
2026-05-20 00:00:00,0.449,0.4551,0.447,0.4504,1375746.0
2026-05-20 04:00:00,0.4504,0.4538,0.4466,0.4507,1271425.0
2026-05-20 08:00:00,0.4508,0.4519,0.4421,0.4464,1822992.0
2026-05-20 12:00:00,0.4465,0.4546,0.441,0.4422,3466654.0
2026-05-20 16:00:00,0.4422,0.4441,0.4369,0.4387,2544216.0
2026-05-20 20:00:00,0.4387,0.4422,0.4326,0.4352,1487478.0
2026-05-21 00:00:00,0.4352,0.4454,0.4311,0.4388,2662793.0
2026-05-21 04:00:00,0.4388,0.4394,0.4201,0.4265,3519219.0
2026-05-21 08:00:00,0.4266,0.4339,0.4217,0.424,2900749.0
2026-05-21 12:00:00,0.424,0.4296,0.4163,0.4208,2726829.0
2026-05-21 16:00:00,0.4206,0.4337,0.4198,0.4295,2741168.0
2026-05-21 20:00:00,0.4297,0.4356,0.4285,0.4316,2063942.0
2026-05-22 00:00:00,0.4317,0.4404,0.4243,0.4404,1684926.0
2026-05-22 04:00:00,0.4404,0.4512,0.4333,0.4489,3817777.0
2026-05-22 08:00:00,0.4488,0.4521,0.4362,0.451,3528434.0
2026-05-22 12:00:00,0.451,0.459,0.4406,0.4492,3842579.0
2026-05-22 16:00:00,0.4491,0.452,0.4214,0.4249,3825986.0
2026-05-22 20:00:00,0.4249,0.431,0.4192,0.4224,1715574.0
2026-05-23 00:00:00,0.4225,0.4333,0.4185,0.4295,1457529.0
2026-05-23 04:00:00,0.4295,0.4345,0.4181,0.4218,2474624.0
2026-05-23 08:00:00,0.4219,0.4307,0.4185,0.4253,2286894.0
2026-05-23 12:00:00,0.4251,0.4383,0.4232,0.4356,2549671.0
2026-05-23 16:00:00,0.4356,0.4464,0.434,0.4464,1753443.0
2026-05-23 20:00:00,0.4465,0.458,0.4423,0.4428,2369500.0
2026-05-24 00:00:00,0.4429,0.4467,0.4408,0.4409,836110.0
2026-05-24 04:00:00,0.4409,0.4453,0.4363,0.4406,1270872.0
2026-05-24 08:00:00,0.4407,0.4576,0.439,0.4562,3135100.0
2026-05-24 12:00:00,0.4561,0.4637,0.4464,0.4484,4445511.0
2026-05-24 16:00:00,0.4485,0.4584,0.4454,0.4519,2077103.0
2026-05-24 20:00:00,0.452,0.4577,0.4369,0.4518,2607338.0
2026-05-25 00:00:00,0.4519,0.4541,0.4423,0.4438,1468968.0
2026-05-25 04:00:00,0.4439,0.4556,0.443,0.4522,1273571.0
2026-05-25 08:00:00,0.4522,0.4596,0.4514,0.4572,2121171.0
2026-05-25 12:00:00,0.4571,0.4643,0.4565,0.4607,2105125.0
2026-05-25 16:00:00,0.4603,0.4604,0.4542,0.4556,1745824.0
2026-05-25 20:00:00,0.4555,0.4576,0.4453,0.448,1279619.0
2026-05-26 00:00:00,0.448,0.4482,0.4371,0.4393,1602317.0
2026-05-26 04:00:00,0.4393,0.4496,0.4369,0.4392,2335043.0
2026-05-26 08:00:00,0.4392,0.4509,0.4387,0.4481,1701524.0
2026-05-26 12:00:00,0.4482,0.4552,0.4441,0.4466,2482771.0
2026-05-26 16:00:00,0.4466,0.4479,0.437,0.4467,1629995.0
2026-05-26 20:00:00,0.4468,0.4519,0.4444,0.4485,1016640.0
2026-05-27 00:00:00,0.4485,0.4495,0.4349,0.4408,1895105.0
2026-05-27 04:00:00,0.4407,0.4435,0.435,0.4417,940161.0
2026-05-27 08:00:00,0.4417,0.4443,0.4371,0.4373,1346941.0
2026-05-27 12:00:00,0.4373,0.4433,0.4294,0.4412,1904237.0
2026-05-27 16:00:00,0.4413,0.4428,0.4325,0.4346,1227913.0
2026-05-27 20:00:00,0.4347,0.4368,0.4214,0.4231,1689339.0
2026-05-28 00:00:00,0.4231,0.4272,0.4071,0.4089,2579540.0
2026-05-28 04:00:00,0.409,0.4109,0.4017,0.4104,2299280.0
2026-05-28 08:00:00,0.4105,0.4188,0.4091,0.4115,1718522.0
2026-05-28 12:00:00,0.4115,0.4199,0.4094,0.4124,2080950.0
2026-05-28 16:00:00,0.4123,0.4356,0.4108,0.4322,2354695.0
2026-05-28 20:00:00,0.4323,0.433,0.4246,0.4256,809413.0
2026-05-29 00:00:00,0.4256,0.4264,0.4181,0.422,1288038.0
2026-05-29 04:00:00,0.422,0.4338,0.4199,0.4291,1449272.0
2026-05-29 08:00:00,0.429,0.43,0.4165,0.4188,1258679.0
2026-05-29 12:00:00,0.4188,0.4312,0.4079,0.4263,2938258.0
2026-05-29 16:00:00,0.4264,0.4291,0.4175,0.4214,1612112.0
2026-05-29 20:00:00,0.4215,0.4254,0.4173,0.4215,860870.0
2026-05-30 00:00:00,0.4215,0.428,0.4197,0.4205,887670.0
2026-05-30 04:00:00,0.4205,0.4258,0.4149,0.4223,1841159.0
2026-05-30 08:00:00,0.4223,0.4274,0.4202,0.4257,705549.0
2026-05-30 12:00:00,0.4258,0.4297,0.4238,0.4277,911816.0
2026-05-30 16:00:00,0.4278,0.432,0.4256,0.429,913709.0
2026-05-30 20:00:00,0.429,0.4356,0.4253,0.4278,1069489.0
2026-05-31 00:00:00,0.4279,0.4336,0.4275,0.4318,874339.0
2026-05-31 04:00:00,0.4318,0.4323,0.4178,0.4199,1936678.0
2026-05-31 08:00:00,0.4199,0.4239,0.4154,0.4173,1092294.0
2026-05-31 12:00:00,0.4172,0.4212,0.4122,0.4146,1194557.0
2026-05-31 16:00:00,0.4146,0.4153,0.407,0.4115,1316919.0
2026-05-31 20:00:00,0.4115,0.4201,0.4101,0.4168,1556638.0
2026-06-01 00:00:00,0.4169,0.4301,0.4142,0.4278,1630636.0
2026-06-01 04:00:00,0.4278,0.4303,0.4141,0.4153,1410434.0
2026-06-01 08:00:00,0.4152,0.4162,0.3981,0.4005,3732866.0
2026-06-01 12:00:00,0.4006,0.4094,0.3965,0.4052,3211800.0
2026-06-01 16:00:00,0.4052,0.4171,0.4043,0.4153,2130216.0
2026-06-01 20:00:00,0.4154,0.4157,0.4058,0.4123,1182640.0
2026-06-02 00:00:00,0.4124,0.4127,0.3965,0.4062,1728393.0
2026-06-02 04:00:00,0.4063,0.4094,0.3947,0.4082,2665824.0
2026-06-02 08:00:00,0.4083,0.4095,0.4002,0.4031,1545987.0
2026-06-02 12:00:00,0.403,0.407,0.3835,0.3864,3524783.0
2026-06-02 16:00:00,0.3864,0.3959,0.3823,0.3893,2479300.0
2026-06-02 20:00:00,0.3894,0.4009,0.3788,0.3877,2647448.0
2026-06-03 00:00:00,0.3877,0.3945,0.3832,0.3845,1980424.0
2026-06-03 04:00:00,0.3846,0.4064,0.3844,0.4049,1581553.0
2026-06-03 08:00:00,0.4049,0.4134,0.4,0.4047,1808498.0
2026-06-03 12:00:00,0.4046,0.4099,0.4014,0.4052,1783905.0
2026-06-03 16:00:00,0.4053,0.4056,0.3949,0.3964,1664987.0
2026-06-03 20:00:00,0.3963,0.4035,0.3881,0.394,1667349.0
2026-06-04 00:00:00,0.3939,0.3978,0.3598,0.3808,6369763.0
2026-06-04 04:00:00,0.3808,0.3816,0.3619,0.3636,3778026.0
2026-06-04 08:00:00,0.3636,0.3659,0.3493,0.3548,4805434.0
2026-06-04 12:00:00,0.3548,0.3736,0.3504,0.3683,3353479.0
2026-06-04 16:00:00,0.3684,0.3699,0.3603,0.3666,2015230.0
2026-06-04 20:00:00,0.3667,0.3675,0.3564,0.3671,2079121.0
2026-06-05 00:00:00,0.367,0.369,0.3486,0.3506,2346351.0
2026-06-05 04:00:00,0.3507,0.3584,0.3217,0.3336,7241059.0
2026-06-05 08:00:00,0.3335,0.3376,0.3273,0.333,2576718.0
2026-06-05 12:00:00,0.3329,0.3377,0.3233,0.3255,4305449.0
2026-06-05 16:00:00,0.3254,0.332,0.3075,0.3188,6040954.0
2026-06-05 20:00:00,0.3188,0.3315,0.3156,0.3212,2828711.0
2026-06-06 00:00:00,0.3212,0.3268,0.3139,0.3146,2430497.0
2026-06-06 04:00:00,0.3145,0.3165,0.2939,0.3159,6120786.0
2026-06-06 08:00:00,0.3159,0.3204,0.3092,0.314,2106132.0
2026-06-06 12:00:00,0.3141,0.3197,0.312,0.3153,1392208.0
2026-06-06 16:00:00,0.3152,0.3185,0.3129,0.314,1325700.0
2026-06-06 20:00:00,0.314,0.3219,0.3129,0.3216,1489170.0
2026-06-07 00:00:00,0.3217,0.3413,0.3217,0.3378,2929764.0
2026-06-07 04:00:00,0.3378,0.3463,0.3368,0.3395,4315330.0
2026-06-07 08:00:00,0.3394,0.3475,0.3379,0.342,1919546.0
2026-06-07 12:00:00,0.342,0.3422,0.3344,0.3411,3086606.0
2026-06-07 16:00:00,0.3411,0.3428,0.3284,0.3305,2330729.0
2026-06-07 20:00:00,0.3305,0.3537,0.3297,0.3454,2303411.0
2026-06-08 00:00:00,0.3453,0.3486,0.3375,0.3407,1475419.0
2026-06-08 04:00:00,0.3408,0.342,0.335,0.3414,1169446.0
2026-06-08 08:00:00,0.3414,0.3475,0.3359,0.3447,1842860.0
2026-06-08 12:00:00,0.3448,0.353,0.3423,0.3495,2555584.0
2026-06-08 16:00:00,0.3496,0.3547,0.3468,0.3487,1453920.0
2026-06-08 20:00:00,0.3488,0.3538,0.3441,0.3464,1501985.0
2026-06-09 00:00:00,0.3464,0.3494,0.3391,0.3494,1847071.0
2026-06-09 04:00:00,0.3495,0.3753,0.3471,0.3695,5113368.0
2026-06-09 08:00:00,0.3696,0.3834,0.3611,0.383,5494795.0
2026-06-09 12:00:00,0.383,0.3908,0.3651,0.3738,9827323.0
2026-06-09 16:00:00,0.3738,0.3811,0.3663,0.3803,5158581.0
2026-06-09 20:00:00,0.3803,0.3925,0.3773,0.3908,5815399.0
2026-06-10 00:00:00,0.3908,0.4089,0.3846,0.3858,13097088.0
2026-06-10 04:00:00,0.3858,0.3923,0.3802,0.3893,4766956.0
2026-06-10 08:00:00,0.3892,0.4014,0.3754,0.3776,9869785.0
2026-06-10 12:00:00,0.3776,0.3926,0.3762,0.3881,5344381.0
2026-06-10 16:00:00,0.3882,0.3923,0.3776,0.3804,3860550.0
2026-06-10 20:00:00,0.3803,0.3873,0.3701,0.3779,2902470.0
2026-06-11 00:00:00,0.378,0.3932,0.378,0.3894,3189568.0
2026-06-11 04:00:00,0.3894,0.404,0.3872,0.3966,3864081.0
2026-06-11 08:00:00,0.3964,0.4147,0.3941,0.4103,4316655.0
2026-06-11 12:00:00,0.4102,0.4118,0.3967,0.4063,6861666.0
2026-06-11 16:00:00,0.4062,0.4111,0.3939,0.398,5085679.0
2026-06-11 20:00:00,0.398,0.4044,0.396,0.4011,1800679.0
2026-06-12 00:00:00,0.4011,0.4058,0.3921,0.3994,2365601.0
2026-06-12 04:00:00,0.3994,0.4016,0.3881,0.3902,1678875.0
2026-06-12 08:00:00,0.3902,0.3986,0.3895,0.3919,1976018.0
2026-06-12 12:00:00,0.392,0.4055,0.3851,0.3956,4701002.0
2026-06-12 16:00:00,0.3955,0.4131,0.3949,0.3982,3975790.0
2026-06-12 20:00:00,0.3982,0.4015,0.3907,0.3929,1923044.0
2026-06-13 00:00:00,0.3929,0.3933,0.3862,0.3887,2388043.0
2026-06-13 04:00:00,0.3886,0.3981,0.3876,0.3958,1948870.0
2026-06-13 08:00:00,0.3959,0.3994,0.3917,0.395,1535545.0
2026-06-13 12:00:00,0.3951,0.3957,0.3899,0.3943,1341785.0
2026-06-13 16:00:00,0.3942,0.3947,0.3876,0.3912,1301081.0
2026-06-13 20:00:00,0.3912,0.3923,0.3863,0.387,824054.0
2026-06-14 00:00:00,0.3869,0.3873,0.3747,0.3755,3090785.0
2026-06-14 04:00:00,0.3755,0.3804,0.3718,0.3795,1375904.0
2026-06-14 08:00:00,0.3796,0.3829,0.3755,0.3757,1607825.0
2026-06-14 12:00:00,0.3758,0.3771,0.3675,0.3685,1731891.0
2026-06-14 16:00:00,0.3684,0.3731,0.3657,0.3702,1674182.0
2026-06-14 20:00:00,0.3701,0.3946,0.3696,0.3929,2656815.0
2026-06-15 00:00:00,0.3928,0.3947,0.3881,0.3933,1260669.0
2026-06-15 04:00:00,0.3934,0.4022,0.3891,0.3964,2612392.0
2026-06-15 08:00:00,0.3965,0.4068,0.3958,0.4053,1517305.0
2026-06-15 12:00:00,0.4054,0.4094,0.3983,0.4019,2075132.0
2026-06-15 16:00:00,0.4021,0.4041,0.39,0.3911,1448061.0
2026-06-15 20:00:00,0.3912,0.3929,0.3854,0.3914,1166129.0
2026-06-16 00:00:00,0.3914,0.3982,0.3872,0.3964,1243851.0
2026-06-16 04:00:00,0.3963,0.4235,0.3924,0.4179,4816601.0
2026-06-16 08:00:00,0.4178,0.4253,0.4076,0.4136,4199212.0
2026-06-16 12:00:00,0.4136,0.4209,0.4006,0.4073,3838671.0
2026-06-16 16:00:00,0.4073,0.4215,0.407,0.4104,2487945.0
2026-06-16 20:00:00,0.4104,0.4149,0.4091,0.4109,989604.0
2026-06-17 00:00:00,0.4108,0.416,0.4086,0.4146,1057491.0
2026-06-17 04:00:00,0.4147,0.419,0.4089,0.4157,1119139.0
2026-06-17 08:00:00,0.4158,0.4198,0.4085,0.4143,2771472.0
2026-06-17 12:00:00,0.4142,0.4293,0.4116,0.4225,3263263.0
2026-06-17 16:00:00,0.4225,0.4302,0.4124,0.4182,3701870.0
2026-06-17 20:00:00,0.4182,0.4218,0.4128,0.4176,3307229.0
2026-06-18 00:00:00,0.4177,0.4203,0.4121,0.4139,1336492.0
2026-06-18 04:00:00,0.4139,0.4372,0.4058,0.434,3481766.0
2026-06-18 08:00:00,0.4339,0.4357,0.4186,0.4249,4305273.0
2026-06-18 12:00:00,0.4249,0.4265,0.4034,0.4049,3137378.0
2026-06-18 16:00:00,0.4049,0.4183,0.404,0.4119,2740611.0
2026-06-18 20:00:00,0.4119,0.4211,0.4117,0.4211,1125598.0
2026-06-19 00:00:00,0.421,0.4239,0.3994,0.4027,2922562.0
2026-06-19 04:00:00,0.4028,0.4164,0.3963,0.3978,3468066.0
2026-06-19 08:00:00,0.3979,0.4001,0.3901,0.3925,1929660.0
2026-06-19 12:00:00,0.3926,0.3997,0.3885,0.398,1869026.0
2026-06-19 16:00:00,0.398,0.3984,0.3869,0.3898,1169148.0
2026-06-19 20:00:00,0.3899,0.3947,0.3885,0.3937,858163.0
2026-06-20 00:00:00,0.3937,0.3945,0.3848,0.3889,1643700.0
2026-06-20 04:00:00,0.3888,0.4001,0.3888,0.3975,1403596.0
2026-06-20 08:00:00,0.3976,0.4023,0.3946,0.3948,1241633.0
2026-06-20 12:00:00,0.3948,0.4051,0.3904,0.4048,1609804.0
2026-06-20 16:00:00,0.4048,0.4058,0.3971,0.4005,1008308.0
2026-06-20 20:00:00,0.4005,0.4083,0.3985,0.4083,1032449.0
2026-06-21 00:00:00,0.4082,0.4206,0.4032,0.4066,1808952.0
2026-06-21 04:00:00,0.4065,0.4072,0.4011,0.4038,846512.0
2026-06-21 08:00:00,0.4037,0.4112,0.4007,0.4094,1453675.0
2026-06-21 12:00:00,0.4094,0.4238,0.4094,0.4214,3302861.0
2026-06-21 16:00:00,0.4214,0.4247,0.4158,0.4202,1113257.0
2026-06-21 20:00:00,0.4202,0.421,0.4094,0.4105,1310025.0
2026-06-22 00:00:00,0.4106,0.4271,0.4104,0.4147,1591233.0
2026-06-22 04:00:00,0.4148,0.4206,0.4137,0.4188,764783.0
2026-06-22 08:00:00,0.4187,0.4245,0.4164,0.4228,1071212.0
2026-06-22 12:00:00,0.4228,0.4244,0.4034,0.404,2361801.0
2026-06-22 16:00:00,0.404,0.4049,0.3977,0.4018,2037183.0
2026-06-22 20:00:00,0.4018,0.41,0.3895,0.4096,1841095.0
2026-06-23 00:00:00,0.4096,0.4259,0.4083,0.4223,7078543.0
2026-06-23 04:00:00,0.4224,0.4286,0.4129,0.4216,3246196.0
2026-06-23 08:00:00,0.4217,0.4283,0.4113,0.4217,3346206.0
2026-06-23 12:00:00,0.4218,0.4248,0.4112,0.4169,3930674.0
2026-06-23 16:00:00,0.4169,0.4209,0.4152,0.4166,1267333.0
2026-06-23 20:00:00,0.4166,0.4201,0.4159,0.4187,845776.0
2026-06-24 00:00:00,0.4188,0.424,0.417,0.4191,1447256.0
2026-06-24 04:00:00,0.4191,0.4214,0.4156,0.4174,843703.0
2026-06-24 08:00:00,0.4174,0.4226,0.4144,0.4199,1174999.0
2026-06-24 12:00:00,0.4199,0.4208,0.3992,0.4029,3242983.0
2026-06-24 16:00:00,0.4028,0.4055,0.3949,0.4,1910808.0
2026-06-24 20:00:00,0.4,0.4087,0.3976,0.4047,1264119.0
2026-06-25 00:00:00,0.4048,0.4193,0.4022,0.418,3520965.0
2026-06-25 04:00:00,0.418,0.4194,0.4098,0.4112,3358410.0
2026-06-25 08:00:00,0.4111,0.4117,0.4064,0.408,843785.0
2026-06-25 12:00:00,0.4081,0.4105,0.385,0.3969,3475174.0
2026-06-25 16:00:00,0.397,0.4012,0.3913,0.3929,1287613.0
2026-06-25 20:00:00,0.393,0.3975,0.3918,0.3958,772224.0
2026-06-26 00:00:00,0.3958,0.3975,0.3839,0.3944,2163918.0
2026-06-26 04:00:00,0.3946,0.3995,0.3917,0.3986,1014987.0
2026-06-26 08:00:00,0.3986,0.3988,0.3914,0.3932,1019234.0
2026-06-26 12:00:00,0.3932,0.4032,0.3892,0.4011,1757500.0
2026-06-26 16:00:00,0.4011,0.4047,0.3987,0.4009,1469816.0
2026-06-26 20:00:00,0.4011,0.4043,0.3977,0.3991,976438.0
2026-06-27 00:00:00,0.3991,0.4012,0.397,0.399,492876.0
2026-06-27 04:00:00,0.399,0.4023,0.3976,0.4013,612112.0
2026-06-27 08:00:00,0.4014,0.4017,0.3988,0.4005,781554.0
2026-06-27 12:00:00,0.4004,0.403,0.3989,0.4018,662290.0
2026-06-27 16:00:00,0.4018,0.4021,0.3938,0.3946,1111180.0
2026-06-27 20:00:00,0.3945,0.3959,0.3913,0.3929,817739.0
2026-06-28 00:00:00,0.3929,0.3952,0.3919,0.3942,752501.0
2026-06-28 04:00:00,0.3942,0.3946,0.3908,0.3943,395307.0
2026-06-28 08:00:00,0.3942,0.3968,0.3916,0.3934,630152.0
2026-06-28 12:00:00,0.3933,0.3939,0.3868,0.3874,1334360.0
2026-06-28 16:00:00,0.3875,0.3882,0.3827,0.3847,1274853.0
2026-06-28 20:00:00,0.3846,0.3881,0.382,0.387,998763.0
2026-06-29 00:00:00,0.387,0.391,0.3827,0.3895,1189724.0
2026-06-29 04:00:00,0.3895,0.3906,0.3837,0.3878,922435.0
2026-06-29 08:00:00,0.3877,0.3889,0.3852,0.3861,1000349.0
2026-06-29 12:00:00,0.3859,0.3907,0.379,0.384,1862518.0
2026-06-29 16:00:00,0.384,0.3918,0.3823,0.3886,923328.0
2026-06-29 20:00:00,0.3886,0.3894,0.385,0.3862,444667.0
2026-06-30 00:00:00,0.3862,0.387,0.3819,0.3838,646971.0
2026-06-30 04:00:00,0.3838,0.3846,0.3813,0.3821,682785.0
2026-06-30 08:00:00,0.3822,0.3837,0.3796,0.38,1048131.0
2026-06-30 12:00:00,0.38,0.3829,0.3746,0.3792,1574921.0
2026-06-30 16:00:00,0.3792,0.3815,0.3759,0.38,914978.0
2026-06-30 20:00:00,0.38,0.3813,0.3774,0.3783,398870.0
2026-07-01 00:00:00,0.3784,0.3853,0.3726,0.3839,1504635.0
2026-07-01 04:00:00,0.384,0.3857,0.3781,0.38,740793.0
2026-07-01 08:00:00,0.3801,0.383,0.3783,0.3808,523545.0
2026-07-01 12:00:00,0.3808,0.3935,0.3785,0.3913,1748505.0
2026-07-01 16:00:00,0.3913,0.392,0.3873,0.3878,846775.0
2026-07-01 20:00:00,0.3879,0.3967,0.3872,0.389,938777.0
2026-07-02 00:00:00,0.3891,0.396,0.3875,0.3956,736305.0
2026-07-02 04:00:00,0.3957,0.3963,0.3918,0.3926,927808.0
2026-07-02 08:00:00,0.3925,0.3996,0.3921,0.3985,805722.0
2026-07-02 12:00:00,0.3985,0.4019,0.3953,0.3956,1538185.0
2026-07-02 16:00:00,0.3957,0.3979,0.3938,0.3954,997686.0
2026-07-02 20:00:00,0.3955,0.4008,0.3946,0.4002,681380.0
2026-07-03 00:00:00,0.4002,0.4084,0.3993,0.4008,1256931.0
2026-07-03 04:00:00,0.4009,0.4106,0.3995,0.4071,1269987.0
2026-07-03 08:00:00,0.4071,0.409,0.4038,0.4078,979105.0
2026-07-03 12:00:00,0.4077,0.4094,0.4052,0.4069,1037209.0
2026-07-03 16:00:00,0.4069,0.4101,0.4057,0.4092,571836.0
2026-07-03 20:00:00,0.4092,0.4135,0.4086,0.411,862409.0
2026-07-04 00:00:00,0.411,0.4124,0.4075,0.4101,431799.0
2026-07-04 04:00:00,0.4101,0.4106,0.4054,0.408,818152.0
2026-07-04 08:00:00,0.4079,0.4091,0.4057,0.4075,627712.0
2026-07-04 12:00:00,0.4077,0.4152,0.4077,0.4142,1021059.0
2026-07-04 16:00:00,0.4142,0.4203,0.4136,0.4177,948382.0
2026-07-04 20:00:00,0.4179,0.4191,0.4121,0.4142,788540.0
2026-07-05 00:00:00,0.4142,0.4149,0.4103,0.4121,556407.0
2026-07-05 04:00:00,0.4121,0.4138,0.4097,0.4128,588307.0
2026-07-05 08:00:00,0.4127,0.4148,0.408,0.4106,1234300.0
2026-07-05 12:00:00,0.4106,0.4145,0.4092,0.4129,611781.0
2026-07-05 16:00:00,0.4129,0.4136,0.4111,0.4125,340076.0
2026-07-05 20:00:00,0.4124,0.428,0.4101,0.4153,3985157.0
2026-07-06 00:00:00,0.4151,0.4181,0.4118,0.414,1927444.0
2026-07-06 04:00:00,0.414,0.4145,0.4083,0.4107,999440.0
2026-07-06 08:00:00,0.4107,0.4129,0.4065,0.4079,901593.0
2026-07-06 12:00:00,0.4078,0.4078,0.3933,0.4048,2666979.0
2026-07-06 16:00:00,0.4049,0.4092,0.4009,0.4016,1567116.0
2026-07-06 20:00:00,0.4017,0.4091,0.4004,0.4028,746419.0
2026-07-07 00:00:00,0.4027,0.4043,0.3952,0.3959,1012405.0
2026-07-07 04:00:00,0.3958,0.4054,0.3951,0.399,4421662.0
2026-07-07 08:00:00,0.3991,0.4008,0.3973,0.3996,571046.0
2026-07-07 12:00:00,0.3996,0.4024,0.3807,0.3873,3380999.0
2026-07-07 16:00:00,0.3874,0.3912,0.3835,0.3871,1610195.0
2026-07-07 20:00:00,0.3871,0.3904,0.3846,0.3874,950486.0
2026-07-08 00:00:00,0.3874,0.39,0.3801,0.3837,1231116.0
2026-07-08 04:00:00,0.3838,0.3846,0.3796,0.3812,1241010.0
2026-07-08 08:00:00,0.3811,0.382,0.3718,0.377,1616507.0
2026-07-08 12:00:00,0.377,0.3784,0.3739,0.3766,935904.0
2026-07-08 16:00:00,0.3766,0.384,0.3766,0.3838,978604.0
2026-07-08 20:00:00,0.3839,0.3847,0.3804,0.3842,578253.0
2026-07-09 00:00:00,0.3843,0.3892,0.3814,0.3833,1730010.0
2026-07-09 04:00:00,0.3834,0.3918,0.383,0.3902,789171.0
2026-07-09 08:00:00,0.3902,0.3913,0.3878,0.3898,555658.0
2026-07-09 12:00:00,0.3897,0.3921,0.3881,0.3902,767725.0
2026-07-09 16:00:00,0.3902,0.4023,0.39,0.3966,1982068.0
2026-07-09 20:00:00,0.3967,0.398,0.394,0.3956,646179.0
2026-07-10 00:00:00,0.3954,0.4021,0.394,0.4012,770194.0
2026-07-10 04:00:00,0.4013,0.4074,0.4011,0.4026,1617625.0
2026-07-10 08:00:00,0.4027,0.4054,0.4018,0.4027,874471.0
2026-07-10 12:00:00,0.4028,0.4048,0.3974,0.4015,1075804.0
2026-07-10 16:00:00,0.4015,0.4034,0.3975,0.3997,712253.0
2026-07-10 20:00:00,0.3996,0.4019,0.3979,0.4015,490763.0
2026-07-11 00:00:00,0.4015,0.4021,0.399,0.4009,377400.0
2026-07-11 04:00:00,0.4008,0.4021,0.3994,0.4001,358125.0
2026-07-11 08:00:00,0.4001,0.408,0.3999,0.4032,948885.0
2026-07-11 12:00:00,0.4032,0.4119,0.4021,0.4098,1604951.0
2026-07-11 16:00:00,0.4098,0.4115,0.4082,0.4109,571730.0
2026-07-11 20:00:00,0.4109,0.4114,0.403,0.4037,572596.0
2026-07-12 00:00:00,0.4036,0.4062,0.4023,0.4051,650390.0
2026-07-12 04:00:00,0.405,0.4056,0.4009,0.4032,479515.0
2026-07-12 08:00:00,0.4031,0.4054,0.4028,0.4045,380766.0
2026-07-12 12:00:00,0.4046,0.4059,0.4033,0.4044,539096.0
2026-07-12 16:00:00,0.4044,0.4061,0.4034,0.4055,371900.0
2026-07-12 20:00:00,0.4055,0.4059,0.3995,0.4019,690431.0
2026-07-13 00:00:00,0.4019,0.4074,0.3977,0.3991,1324641.0
2026-07-13 04:00:00,0.3991,0.4015,0.3977,0.4004,583394.0
2026-07-13 08:00:00,0.4003,0.4159,0.3999,0.4046,3582009.0
2026-07-13 12:00:00,0.4046,0.4121,0.4025,0.4044,2221973.0
2026-07-13 16:00:00,0.4045,0.407,0.3995,0.4044,975460.0
2026-07-13 20:00:00,0.4043,0.4053,0.4005,0.4037,703409.0
2026-07-14 00:00:00,0.4038,0.406,0.4004,0.4032,681301.0
2026-07-14 04:00:00,0.4029,0.4044,0.4015,0.4021,358411.0
2026-07-14 08:00:00,0.402,0.4062,0.4014,0.4049,536623.0
2026-07-14 12:00:00,0.4049,0.4177,0.4045,0.4155,1960594.0
2026-07-14 16:00:00,0.4156,0.4182,0.4132,0.4172,666918.0
2026-07-14 20:00:00,0.4173,0.4215,0.4154,0.4211,875414.0
2026-07-15 00:00:00,0.4212,0.424,0.4185,0.4235,1116220.0
2026-07-15 04:00:00,0.4235,0.427,0.4203,0.4222,903854.0
2026-07-15 08:00:00,0.4223,0.4235,0.419,0.4217,618035.0
2026-07-15 12:00:00,0.4218,0.4288,0.4207,0.4231,1296656.0
2026-07-15 16:00:00,0.4232,0.4234,0.4176,0.4182,902317.0
2026-07-15 20:00:00,0.4183,0.4206,0.4171,0.4183,477726.0
2026-07-16 00:00:00,0.4183,0.4237,0.4172,0.4203,985518.0
2026-07-16 04:00:00,0.4203,0.4247,0.4198,0.4225,429020.0
