datetime,sum_open_interest_last,sum_open_interest_value_last,sum_open_interest_mean,sum_open_interest_value_mean,count_toptrader_long_short_ratio_last,sum_toptrader_long_short_ratio_last,count_long_short_ratio_last,sum_taker_long_short_vol_ratio_last,observations
2025-01-01 00:00:00,3506485.0,124974631.885,3516017.0425531915,125960029.94626983,3.76342824,1.850924,3.49702198,2.182142,47
2025-01-01 04:00:00,3509217.0,125233431.81644297,3502804.6875,124485842.09645103,3.80955189,1.837236,3.53930041,3.216556,48
2025-01-01 08:00:00,3540131.0,125727752.465,3517476.7916666665,124237105.57327266,3.70842825,1.829966,3.48604698,0.886775,48
2025-01-01 12:00:00,3527293.0,128326481.34156312,3535454.3958333335,127046715.7948517,3.78718401,1.829229,3.5274409,0.485949,48
2025-01-01 16:00:00,3515332.0,130429363.196,3511751.7083333335,128294864.77393639,3.90410959,1.820029,3.5475891,0.349702,48
2025-01-01 20:00:00,3490293.0,131618965.22495952,3499115.125,131593942.88607615,4.03128951,1.735511,3.61416309,2.442173,48
2025-01-02 00:00:00,3461206.0,133328303.66944326,3473253.255319149,133525730.00988561,4.4454607,1.927697,3.77319588,0.841226,47
2025-01-02 04:00:00,3404800.0,132135883.414528,3426305.625,132908915.76157081,4.24379896,1.970797,3.47318087,0.920449,48
2025-01-02 08:00:00,3544648.0,142944539.45441008,3479829.9791666665,138228645.45342264,3.85530643,1.992846,3.17784534,0.946445,48
2025-01-02 12:00:00,3623269.0,142716931.59002954,3590843.625,143148626.2819427,4.21676958,2.030638,3.43373249,1.017818,48
2025-01-02 16:00:00,3580546.0,140088829.8460587,3599903.6458333335,141808080.78687456,4.6201469,2.012988,3.86520584,1.347612,48
2025-01-02 20:00:00,3562871.0,139862810.41546735,3565090.0833333335,139514477.2803253,4.68471678,2.010191,3.89821029,1.275096,48
2025-01-03 00:00:00,3562867.0,139936114.22359955,3562867.0,139936114.22359955,4.71280029,2.009566,3.91814707,1.371727,1
2025-01-03 04:00:00,3526553.0,139015062.94385248,3531561.875,140429825.88770133,4.64745167,2.08068,3.86824324,1.303498,48
2025-01-03 08:00:00,3612859.0,149128234.99924487,3567540.8125,144820824.89909577,3.99146602,2.092138,3.18950328,1.592923,48
2025-01-03 12:00:00,3549520.0,149058542.88,3577635.375,148239867.4908615,4.25702015,2.126844,3.38830645,0.875366,48
2025-01-03 16:00:00,3597333.0,150831292.69194552,3586602.3125,150327800.3035582,4.30464886,2.149999,3.443755,0.663695,48
2025-01-03 20:00:00,3601823.0,150772402.05019483,3594877.1458333335,150213371.5688443,4.32187707,2.158272,3.45266747,1.066003,48
2025-01-04 00:00:00,3602651.0,151126338.80995405,3602651.0,151126338.80995405,4.31989425,2.159676,3.44820677,1.844488,1
2025-01-04 04:00:00,3615102.0,151626401.174592,3610698.4375,151002570.71334153,4.63199451,2.303143,3.52360427,0.881272,48
2025-01-04 08:00:00,3682824.0,152670402.26368487,3648112.7291666665,151602954.28956056,4.75973343,2.315075,3.56983701,1.931795,48
2025-01-04 12:00:00,3638382.0,149711083.87598947,3681713.4583333335,153581888.57415852,5.09836066,2.358102,3.99735508,2.248647,48
2025-01-04 16:00:00,3694361.0,154937805.979,3666983.2291666665,152213216.0079029,4.62632479,2.382492,3.53209358,1.291084,48
2025-01-04 20:00:00,3696955.0,157775958.2473496,3687236.4583333335,156997463.1512095,4.50975118,2.37133,3.47175815,0.828992,48
2025-01-05 00:00:00,3689418.0,155602175.4261827,3695219.3829787234,156076314.89423046,4.60933745,2.238603,3.51046535,0.793027,47
2025-01-05 04:00:00,3685369.0,155969052.74334872,3678203.7291666665,156259153.9162077,4.65890934,2.285326,3.50878627,1.457712,48
2025-01-05 08:00:00,3678074.0,153519805.20799083,3674117.6875,153412057.98634198,4.67270195,2.319494,3.58735751,1.621713,48
2025-01-05 12:00:00,3635744.0,151873610.10807776,3655713.4166666665,152541968.16029552,4.60646715,2.352239,3.55211095,1.292636,48
2025-01-05 16:00:00,3638446.0,153960842.49,3636115.625,152804357.1797344,4.5973666,2.365123,3.52846028,0.686056,48
2025-01-05 20:00:00,3709711.0,159910802.366,3663452.9375,156560351.20795715,4.59861352,2.388031,3.53132729,0.846604,48
2025-01-06 00:00:00,3709688.0,159922933.3557499,3709688.0,159922933.3557499,4.60646058,2.387513,3.52884219,0.489556,1
2025-01-06 04:00:00,3761761.0,162698088.1807213,3759541.6458333335,164133199.39654163,4.58959732,2.310582,3.54728493,0.669223,48
2025-01-06 08:00:00,3782430.0,168068653.8224787,3765024.0208333335,165267481.0784014,3.93613847,2.303026,3.08080808,0.942583,48
2025-01-06 12:00:00,3833826.0,171676617.9504783,3817550.0625,168561473.29309687,4.10895429,2.316484,3.18316739,1.526697,48
2025-01-06 16:00:00,3820112.0,169337448.63544145,3836393.1458333335,170285698.50486147,4.2072716,2.391343,3.16959913,0.846165,48
2025-01-06 20:00:00,3816940.0,168162925.58,3813613.7291666665,167983823.02790004,4.1825495,2.446868,3.14187726,1.762675,48
2025-01-07 00:00:00,3834511.0,168801346.2489056,3815499.8085106383,167848056.9265968,4.24140088,2.42719,3.17148501,1.510005,47
2025-01-07 04:00:00,3833889.0,167828490.975,3839461.7916666665,168342993.79985192,4.25819544,2.421471,3.21396356,1.163479,48
2025-01-07 08:00:00,3791811.0,163403613.20023423,3836527.75,167356752.7917748,4.89321429,2.454577,3.97545474,1.621146,48
2025-01-07 12:00:00,3700973.0,151888872.89238524,3772922.75,160624999.89287362,5.54098966,2.44113,4.56475973,1.467525,48
2025-01-07 16:00:00,3705721.0,147584044.546,3689796.5,149598128.56952396,5.36441894,2.419052,4.42000891,1.257463,48
2025-01-07 20:00:00,3730253.0,146360206.708,3726976.875,148037006.79664522,5.10989011,2.430867,4.337426,0.502356,48
2025-01-08 00:00:00,3707821.0,145298381.527,3707821.0,145298381.527,5.16920943,2.410842,4.37632509,0.463777,1
2025-01-08 04:00:00,3690445.0,141735230.67,3685459.3333333335,141569005.09190083,4.53562176,2.252746,3.90822785,2.201017,48
2025-01-08 08:00:00,3662093.0,139699136.11598492,3677591.625,141807378.68672642,4.26634304,2.220649,3.67830998,0.748268,48
2025-01-08 12:00:00,3641073.0,138757650.957,3655573.5833333335,139433017.35735616,4.09871514,2.200067,3.63272429,1.26134,48
2025-01-08 16:00:00,3533549.0,131603498.956,3291643.4375,123347591.94979538,4.52692177,2.142019,4.02178353,0.830617,48
2025-01-08 20:00:00,3549424.0,132748457.6,3547373.2708333335,132194930.62376213,4.34051583,2.134542,3.89649857,0.437757,48
2025-01-09 00:00:00,3536976.0,131087404.512,3546150.744680851,132449313.41069338,3.99142945,2.095822,3.57744424,0.351956,47
2025-01-09 04:00:00,3515628.0,127160808.1003074,3535770.625,130430637.95092185,4.00328358,2.071234,3.57041396,0.908307,48
2025-01-09 08:00:00,3519376.0,129202897.63216417,3516035.2291666665,128951059.32874407,3.82141815,2.137324,3.43042453,1.597737,48
2025-01-09 12:00:00,3506841.0,131122428.54117148,3517628.125,128204121.6907198,3.96764439,2.131037,3.6010671,1.065028,48
2025-01-09 16:00:00,3481768.0,125322682.533988,3480905.1666666665,127852459.39307702,3.98897497,2.168215,3.48478218,1.476381,48
2025-01-09 20:00:00,3464496.0,125253683.57480831,3468639.4583333335,125276696.29570757,3.97642495,2.135022,3.49539816,0.984671,48
2025-01-10 00:00:00,3463558.0,125304763.21070091,3463558.0,125304763.21070091,3.97702178,2.135752,3.49060751,1.351324,1
2025-01-10 04:00:00,3461076.0,130337200.008,3459711.9375,128381655.68571065,3.68925905,2.02536,3.4011893,0.717405,48
2025-01-10 08:00:00,3474627.0,130110882.642,3460922.7291666665,130195865.81757492,3.67076308,2.06428,3.37473108,0.400053,48
2025-01-10 12:00:00,3454052.0,126812065.128,3458153.8333333335,128067519.81045043,4.01060928,2.150906,3.6251806,0.465381,48
2025-01-10 16:00:00,3486920.0,128756590.3824124,3486155.2916666665,127789189.5712894,3.84716027,2.196924,3.515543,1.120744,48
2025-01-10 20:00:00,3502675.0,128283480.49918224,3493577.0,128087544.96543968,3.77832799,2.146477,3.47052987,1.254863,48
2025-01-11 00:00:00,3496163.0,126389788.613,3495649.0212765955,127264933.3675975,4.04355772,2.278039,3.59537927,1.109,47
2025-01-11 04:00:00,3494514.0,127151386.404,3499491.2083333335,127289930.23748441,4.01479469,2.281262,3.56629667,0.437977,48
2025-01-11 08:00:00,3490811.0,128588311.15759996,3497346.9166666665,127691893.51765443,3.95694774,2.286082,3.5554672,0.841746,48
2025-01-11 12:00:00,3494986.0,127173990.96544737,3483950.7083333335,127162438.47324795,4.01916742,2.266594,3.61754105,1.128387,48
2025-01-11 16:00:00,3507613.0,127757788.299,3504916.9375,127685664.92968397,3.9761692,2.243819,3.62389381,1.755345,48
2025-01-11 20:00:00,3482676.0,129172452.84,3493763.0208333335,129886276.58891381,3.84222805,2.21125,3.49625984,1.554537,48
2025-01-12 00:00:00,3487013.0,129092708.273,3481570.425531915,128983424.26027511,3.93965263,2.195441,3.55919746,1.734391,47
2025-01-12 04:00:00,3501344.0,128900539.53732032,3481569.2916666665,128576520.33439378,3.96784661,2.177726,3.474201,0.545884,48
2025-01-12 08:00:00,3533339.0,129770939.76820484,3514277.0833333335,128741637.19512217,3.89892223,2.148847,3.45203906,1.586088,48
2025-01-12 12:00:00,3497716.0,130741126.364,3524862.125,130600602.93893768,3.84559676,2.175501,3.35652501,0.846647,48
2025-01-12 16:00:00,3464966.0,127500353.902,3474292.3541666665,128873166.3615784,3.97369208,2.183379,3.42772125,1.636255,48
2025-01-12 20:00:00,3489797.0,127436917.049,3467345.6041666665,126569067.46884745,4.06723934,2.148549,3.54445303,1.537386,48
2025-01-13 00:00:00,3491283.0,127571480.82,3491283.0,127571480.82,4.06005917,2.146921,3.54036307,0.727158,1
2025-01-13 04:00:00,3590791.0,125688457.373,3575019.0416666665,126117836.54491739,3.76123443,2.148096,3.48944666,0.884437,48
2025-01-13 08:00:00,3573480.0,119661551.28,3552658.9375,121695778.99238293,3.85497277,2.256518,3.39285714,0.570998,48
2025-01-13 12:00:00,3511073.0,120715547.41482767,3557067.2083333335,120830234.93796259,3.73775626,2.297115,3.36209947,0.652219,48
2025-01-13 16:00:00,3528393.0,118998582.318,3521714.1666666665,118892398.11318396,3.70569977,2.355517,3.31814657,0.734411,48
2025-01-13 20:00:00,3463661.0,122215278.385,3498132.3125,121720952.14749902,3.69931857,2.407273,3.33739678,1.116115,48
2025-01-14 00:00:00,3468807.0,121997942.19,3450077.3829787234,121561087.09748548,3.64896336,2.354482,3.27733912,1.261461,47
2025-01-14 04:00:00,3502604.0,123344199.86,3489058.2291666665,123517823.87255603,3.58954175,2.356933,3.22571873,0.862862,48
2025-01-14 08:00:00,3473916.0,124744849.644,3491732.2708333335,125099908.67320079,3.60285307,2.387399,3.25483682,1.807788,48
2025-01-14 12:00:00,3504119.0,127217040.295,3485393.0208333335,125618842.21533273,3.68262108,2.401671,3.36227078,1.005362,48
2025-01-14 16:00:00,3460642.0,126066751.10167895,3477481.5208333335,126387133.13264392,3.7589338,2.441104,3.40352266,0.485755,48
2025-01-14 20:00:00,3427315.0,125047657.77044056,3443148.2916666665,125489564.9033065,3.89153359,2.424842,3.48646465,0.549305,48
2025-01-15 00:00:00,3418399.0,125738970.417,3420545.8723404254,125244803.16960241,3.9575062,2.561141,3.36696501,2.094365,47
2025-01-15 04:00:00,3398043.0,126607815.5393228,3416172.3333333335,125903437.6237167,4.04104359,2.645604,3.45242557,1.057677,48
2025-01-15 08:00:00,3408522.0,125847755.5894182,3385913.7916666665,124767942.59642579,4.13258786,2.634828,3.48129676,1.110229,48
2025-01-15 12:00:00,3434516.0,135082575.15500435,3427304.0208333335,131171142.92953293,4.20804254,2.574597,3.49978778,0.506837,48
2025-01-15 16:00:00,3430340.0,135124522.94,3429393.5208333335,134315734.99201378,4.35247593,2.65082,3.64348206,0.728371,48
2025-01-15 20:00:00,3511963.0,139913093.957,3445964.1875,135767365.00231782,4.56328433,2.575461,3.8224555,1.747677,48
2025-01-16 00:00:00,3492779.0,136045600.94191158,3503694.1063829786,137847740.91735044,4.95732839,2.696806,3.82594937,0.967341,47
2025-01-16 04:00:00,3483288.0,136663321.392,3492082.8333333335,136933335.12764204,4.97232472,2.658804,3.79278282,0.655334,48
2025-01-16 08:00:00,3499436.0,137506838.184,3487725.625,135153098.14704755,5.07106038,2.640033,3.96600952,2.429231,48
2025-01-16 12:00:00,3580149.0,141666495.93,3591055.1875,142251673.9141796,4.98457017,2.579924,4.00068934,2.253119,48
2025-01-16 16:00:00,3615255.0,145090758.0600954,3601145.9375,143836371.93727538,4.93982169,2.598282,3.81864823,0.869066,48
2025-01-16 20:00:00,3615390.0,144731292.48,3603022.4166666665,143917626.16193342,4.92967281,2.693729,3.74075734,1.055183,48
2025-01-17 00:00:00,3614264.0,144747658.936,3614264.0,144747658.936,4.93938253,2.693952,3.74607799,0.730488,1
2025-01-17 04:00:00,3611368.0,148830475.31513625,3596364.6666666665,146667371.68514082,4.97677847,2.693001,3.9571754,0.336141,48
2025-01-17 08:00:00,3655224.0,150481916.856,3626903.9166666665,149530609.94372568,5.01507353,2.615398,3.91485104,0.843419,48
2025-01-17 12:00:00,3619223.0,148084128.268,3650785.6875,149930735.03403872,4.89532778,2.546925,3.86336502,1.303434,48
2025-01-17 16:00:00,3542080.0,145058802.24,3588012.4583333335,147049294.18267426,5.00919794,2.912867,3.89583333,0.756733,48
2025-01-17 20:00:00,3535269.0,146218725.84,3526508.0625,145912269.49023584,4.90390173,2.941819,3.86322722,1.028005,48
2025-01-18 00:00:00,3536370.0,143740572.003207,3534572.8936170214,146011737.7316598,5.20022753,3.078382,3.89612157,1.238038,47
2025-01-18 04:00:00,3535192.0,139096477.38475233,3548736.8125,142453849.9311408,5.49599038,3.103136,4.0992092,2.549509,48
2025-01-18 08:00:00,3500356.0,137802015.008,3531903.7291666665,138250021.35077277,5.46993865,3.219328,4.1628948,1.181938,48
2025-01-18 12:00:00,3478317.0,136745849.86575896,3474208.0416666665,136262242.2714601,5.36044657,3.303398,4.14723175,0.88143,48
2025-01-18 16:00:00,3480194.0,135724085.806,3475644.0416666665,134835678.38253823,5.28718354,3.400686,4.07501206,1.021754,48
2025-01-18 20:00:00,3450044.0,135614329.552,3457271.7291666665,134647345.37783977,5.41162325,3.440984,4.27100271,0.598088,48
2025-01-19 00:00:00,3447242.0,136407365.94,3470248.489361702,137806065.82143807,5.38843648,3.389497,4.22283702,1.845352,47
2025-01-19 04:00:00,3440160.0,132844096.5174144,3441236.6041666665,134859433.37068662,5.44656172,3.393105,4.27557037,0.820984,48
2025-01-19 08:00:00,3435421.0,125434587.55808398,3463900.8125,129753452.38464577,5.92698548,3.252269,4.58815755,0.448069,48
2025-01-19 12:00:00,3447627.0,132767772.86901858,3455516.125,130664500.61824583,4.95988113,3.076041,4.03976048,0.822858,48
2025-01-19 16:00:00,3466820.0,134024654.1166918,3462818.7291666665,133938519.8040394,4.83034078,3.032522,4.02685361,0.85256,48
2025-01-19 20:00:00,3363453.0,119732199.894,3410453.1041666665,127028824.90417354,5.12579558,3.121313,4.13893612,0.88154,48
2025-01-20 00:00:00,3368027.0,120063426.496,3368027.0,120063426.496,5.07193178,3.095938,4.09677419,0.755906,1
2025-01-20 04:00:00,3226622.0,125309837.43848066,3357170.1875,122998669.65671788,3.85517673,2.476561,3.44273128,1.281445,48
2025-01-20 08:00:00,3176753.0,121211897.17631088,3187483.9583333335,122554461.01792859,3.96523179,2.580351,3.51512395,1.713314,48
2025-01-20 12:00:00,3112153.0,116567084.61057176,3129604.2291666665,117733499.84820487,4.20135823,2.643164,3.73336436,0.804884,48
2025-01-20 16:00:00,3212650.0,117383184.9838935,3168787.125,116220267.33631654,4.10856769,2.597894,3.52673913,1.879555,48
2025-01-20 20:00:00,3218797.0,115531282.0248548,3227360.7708333335,117198843.77727292,4.16127957,2.58979,3.54603384,0.749136,48
2025-01-21 00:00:00,3273917.0,115395881.52406897,3231498.063829787,114321828.09367163,4.6721902,2.499647,4.08077304,0.641042,47
2025-01-21 04:00:00,3308889.0,116823686.05706838,3295788.5416666665,115497656.75090319,4.56992639,2.375667,4.00433422,0.560938,48
2025-01-21 08:00:00,3296268.0,120059969.364,3316999.3333333335,118634183.28829028,4.31228669,2.338062,3.84304511,1.305922,48
2025-01-21 12:00:00,3276093.0,118349437.626088,3298547.2291666665,120048907.72307229,4.33845104,2.462636,3.80962152,0.874293,48
2025-01-21 16:00:00,3253886.0,120833056.61,3260010.8125,120296880.7570082,4.16705725,2.566184,3.4936078,1.581874,48
2025-01-21 20:00:00,3249596.0,119894101.85299513,3242452.7708333335,120041083.5047689,4.17203219,2.663161,3.50882161,1.331187,48
2025-01-22 00:00:00,3301932.0,122673377.664,3278366.489361702,121316668.9977174,4.24335106,2.693829,3.47391024,0.527462,47
2025-01-22 04:00:00,3282236.0,121042299.208,3289739.1458333335,121855910.02102186,4.27230204,2.729798,3.44524465,0.742881,48
2025-01-22 08:00:00,3319432.0,124529090.40511575,3305891.3125,121985528.18894826,4.24412835,2.689699,3.45248584,1.402023,48
2025-01-22 12:00:00,3311378.0,122518850.69101048,3305577.75,122732463.27309819,3.83592349,2.674959,3.09704009,2.307263,48
2025-01-22 16:00:00,3288532.0,122521026.43941107,3311714.875,122776970.02821285,4.21805509,2.777156,3.35900596,0.816837,48
2025-01-22 20:00:00,3264197.0,119931413.61304396,3275739.5625,121348924.56044962,4.29634641,2.805826,3.46451885,0.999652,48
2025-01-23 00:00:00,3245442.0,116930029.818,3243389.5531914895,117813045.06625867,4.52815468,2.768708,3.81644868,1.018686,47
2025-01-23 04:00:00,3311274.0,117810479.62640208,3282720.5625,117136079.38921356,4.52310784,2.72868,3.80937774,0.686183,48
2025-01-23 08:00:00,3342415.0,117717245.2722503,3327725.9166666665,117289419.76615094,4.28826779,2.626171,3.64620939,0.381602,48
2025-01-23 12:00:00,3339821.0,119626579.53652038,3353967.2083333335,118553857.66989952,4.35466238,2.589747,3.85958005,1.115115,48
2025-01-23 16:00:00,3352936.0,116400526.176,3320507.1666666665,118312458.50062205,4.57209769,2.623843,4.04882459,0.485962,48
2025-01-23 20:00:00,3367487.0,119834356.57667369,3370347.8333333335,118945188.17719068,4.34332248,2.537696,3.80241228,1.390836,48
2025-01-24 00:00:00,3387005.0,118531358.96629436,3383661.170212766,118384003.8002932,4.20326223,2.560436,3.69525431,0.6644,47
2025-01-24 04:00:00,3373988.0,120893364.028,3384579.9583333335,120742386.70979808,4.0965239,2.627206,3.48050623,1.746634,48
2025-01-24 08:00:00,3352129.0,121447633.67,3361682.5,121430048.84077984,3.95143555,2.672312,3.38005982,1.264024,48
2025-01-24 12:00:00,3315079.0,119992803.52711244,3342251.7916666665,121389725.51919498,4.13602823,2.694127,3.43315074,1.605506,48
2025-01-24 16:00:00,3323541.0,120804656.8671111,3327015.875,121184062.46667945,4.12068966,2.684544,3.39106928,0.970029,48
2025-01-24 20:00:00,3340227.0,118110426.72,3338192.9166666665,118951045.40806673,4.32828449,2.647603,3.67490862,0.905773,48
2025-01-25 00:00:00,3341054.0,118016050.442,3341054.0,118016050.442,4.32828449,2.644774,3.67189514,0.798541,1
2025-01-25 04:00:00,3363243.0,118661939.526,3360934.1666666665,119475951.18619998,3.94169991,2.601664,3.27605799,1.169645,48
2025-01-25 08:00:00,3368361.0,119620604.193,3363953.2291666665,118639852.78615816,3.88426763,2.58991,3.27514048,1.143456,48
2025-01-25 12:00:00,3416684.0,124145213.14,3381608.125,120057104.01466449,3.92595978,2.415414,3.31068151,1.44162,48
2025-01-25 16:00:00,3450151.0,127403725.977,3438635.0,126039867.80078894,3.86063348,2.330741,3.0593343,1.537055,48
2025-01-25 20:00:00,3472861.0,127214064.9846598,3463413.5208333335,127847703.18339695,3.61204955,2.342939,2.87131915,0.472207,48
2025-01-26 00:00:00,3488030.0,130368609.28,3483038.255319149,128967117.89991908,3.64071856,2.339782,2.8397403,1.318107,47
2025-01-26 04:00:00,3493555.0,131411144.99925816,3490198.6041666665,131570075.89570634,3.70209751,2.317341,2.81587197,1.176494,48
2025-01-26 08:00:00,3521630.0,132124514.34,3503888.8125,131233828.25668544,3.71657754,2.314173,2.781245,0.826135,48
2025-01-26 12:00:00,3567946.0,133473249.17000692,3541061.0208333335,133010152.84862743,3.82901554,2.269445,2.83462407,1.691413,48
2025-01-26 16:00:00,3582659.0,135676269.7384503,3570796.9791666665,134678698.71510634,3.8349768,2.315332,2.84726083,0.40415,48
2025-01-26 20:00:00,3508087.0,125922782.865,3551301.8333333335,131778963.78973056,5.51584078,2.498758,4.40866951,0.957115,48
2025-01-27 00:00:00,3501695.0,123133602.98,3491021.404255319,123262384.86969706,5.26550316,2.393189,4.50559339,0.61264,47
2025-01-27 04:00:00,3707712.0,125608621.41892225,3571915.375,123086699.822419,4.89799508,2.276232,4.23783656,1.297407,48
2025-01-27 08:00:00,3647562.0,120853469.94727224,3678543.875,122921965.64132726,4.75245846,2.182603,4.20358045,1.150138,48
2025-01-27 12:00:00,3595974.0,121511557.434,3601086.3333333335,120968711.8621108,4.05004522,2.007986,3.61948342,0.959415,48
2025-01-27 16:00:00,3588536.0,119183208.3537312,3593722.0,119974581.08832856,4.11883614,2.014115,3.70138745,1.188248,48
2025-01-27 20:00:00,3573731.0,122199271.67166124,3574916.9583333335,121523561.07538368,4.05203762,1.951975,3.66225166,1.10521,48
2025-01-28 00:00:00,3558421.0,121524259.54012236,3559429.829787234,120973177.79337591,3.97371601,2.078482,3.54189133,0.790657,47
2025-01-28 04:00:00,3576217.0,122181059.09792972,3572785.0833333335,122290246.74697016,3.92353115,2.106265,3.4973822,0.981599,48
2025-01-28 08:00:00,3624503.0,122903247.54413456,3600179.3333333335,122369064.17559452,3.90020486,2.088177,3.46994427,1.67654,48
2025-01-28 12:00:00,3624634.0,122349520.67,3619215.5,122554780.40260907,4.04279211,2.111895,3.54420114,0.724566,48
2025-01-28 16:00:00,3641519.0,120751700.08888742,3632332.3541666665,121445357.87858613,3.92001181,2.045231,3.53407482,0.824406,48
2025-01-28 20:00:00,3676952.0,118327992.312,3633634.5625,117844769.7663122,3.8736103,1.998866,3.42269076,0.88377,48
2025-01-29 00:00:00,3660152.0,117282250.536,3660152.0,117282250.536,3.89078097,2.006915,3.44549859,0.706836,1
2025-01-29 04:00:00,3601000.0,120592916.29788,3651377.4791666665,121155035.36676264,3.39346513,2.040208,3.22580645,0.817527,48
2025-01-29 08:00:00,3570573.0,118660852.509,3572461.75,118817852.93553065,3.37684729,2.02784,3.14929631,1.399552,48
2025-01-29 12:00:00,3537922.0,115309702.05277708,3550470.1875,115903064.35187256,3.54444752,2.061279,3.35478807,1.084271,48
2025-01-29 16:00:00,3572035.0,118169482.485923,3542783.7708333335,115498949.68883125,3.45202902,2.06235,3.15350877,1.113886,48
2025-01-29 20:00:00,3542188.0,116027648.891635,3557690.75,118315949.68771152,3.33629749,2.045159,3.00543183,0.852745,48
2025-01-30 00:00:00,3529423.0,119415700.53876996,3535696.063829787,117314397.7395712,3.42197624,2.108534,2.98340175,1.445442,47
2025-01-30 04:00:00,3527662.0,118494054.9294977,3524864.5416666665,118974269.23402031,3.41934612,2.132257,2.94189765,1.050974,48
2025-01-30 08:00:00,3546918.0,120673172.22903378,3537974.6666666665,119671888.47439949,3.65972024,2.143181,3.15892692,0.445497,48
2025-01-30 12:00:00,3507842.0,120915578.4066789,3527356.2708333335,120583475.8338692,3.81855915,2.194662,3.2290566,0.816335,48
2025-01-30 16:00:00,3504383.0,120974620.05600782,3503177.1458333335,120550024.06029125,3.76524033,2.208798,3.1461027,1.424124,48
2025-01-30 20:00:00,3521793.0,120755312.16556334,3513448.875,120853393.83893059,3.86686747,2.253616,3.20989052,0.651988,48
2025-01-31 00:00:00,3511505.0,119268574.1603069,3517421.936170213,120502392.8233688,4.08180404,2.44835,3.19345634,0.593179,47
2025-01-31 04:00:00,3533020.0,122344949.58,3514632.6666666665,120964655.7060402,4.46508564,2.418305,3.47687747,1.029793,48
2025-01-31 08:00:00,3506383.0,122798081.52572972,3508558.7708333335,121440118.62902047,4.34454051,2.439538,3.44200931,0.559245,48
2025-01-31 12:00:00,3514096.0,126097544.01091968,3523787.3958333335,124501857.8402782,4.21655844,2.39475,3.31604793,1.162682,48
2025-01-31 16:00:00,3495891.0,121031242.311,3506414.8125,123865980.97802569,4.85781138,2.494613,3.74165583,1.071699,48
2025-01-31 20:00:00,3531290.0,121460973.4664683,3500824.4583333335,120323755.94805376,4.7574893,2.538311,3.71320673,0.837079,48
2025-02-01 00:00:00,3536972.0,122144115.65510304,3536055.6808510637,122849312.68676366,4.47926581,2.580238,3.59032597,1.227482,47
2025-02-01 04:00:00,3548355.0,122107570.46185336,3544465.3541666665,122652896.11938258,4.39056225,2.57315,3.5334715,0.920832,48
2025-02-01 08:00:00,3572199.0,120954658.14,3566263.9583333335,121207787.15822452,4.26484018,2.545221,3.44471545,1.878318,48
2025-02-01 12:00:00,3587430.0,120820610.0928057,3573799.3541666665,120725538.05997813,4.35935441,2.524834,3.4437046,0.53093,48
2025-02-01 16:00:00,3607537.0,118591275.35159788,3599963.1041666665,120552662.5487141,4.30052493,2.494119,3.56602578,1.815914,48
2025-02-01 20:00:00,3657888.0,117611801.4487104,3641298.1041666665,118255517.38118225,4.36430162,2.397217,3.72877408,0.325103,48
2025-02-02 00:00:00,3706118.0,114993429.304,3656507.829787234,117220755.27478856,3.92262256,2.247236,3.57948718,1.634659,47
2025-02-02 04:00:00,3626157.0,113339163.192,3665075.6041666665,114350370.40762174,3.69970454,2.230665,3.37063981,0.74847,48
2025-02-02 08:00:00,3679211.0,112416533.0742209,3639409.5,113403047.75958322,3.96549774,2.133343,3.63584272,0.69451,48
2025-02-02 12:00:00,3713730.0,114218592.0385689,3716098.3125,114251946.0114686,4.0227656,2.065147,3.72266615,1.252869,48
2025-02-02 16:00:00,3767667.0,107992639.221,3762488.7083333335,109066705.77379543,3.97883598,1.935043,3.6153373,0.460035,48
2025-02-02 20:00:00,3619853.0,99451874.7332432,3721099.9583333335,103402019.00970262,4.05583281,1.856024,3.57521935,1.261284,48
2025-02-03 00:00:00,3295232.0,79115937.45125376,3523110.829787234,87859461.46723412,3.09616678,1.94079,2.71128107,0.879699,47
2025-02-03 04:00:00,3112462.0,79131233.888,3181949.3958333335,76745671.97058447,2.93234056,1.881086,2.77006354,0.986543,48
2025-02-03 08:00:00,3054587.0,77102798.93450041,3106264.5416666665,77942103.8392325,3.12504306,1.943499,2.95793593,1.286376,48
2025-02-03 12:00:00,3038912.0,81658604.352,3036569.625,77304362.50212617,3.05623722,1.798794,2.84203002,0.659962,48
2025-02-03 16:00:00,3067686.0,86263631.44405776,3070931.9375,84140235.66973825,3.07779349,1.674102,2.93189083,1.086273,48
2025-02-03 20:00:00,3029279.0,85858854.697,3059292.4166666665,85908508.61409529,3.0854487,1.668897,2.98596139,0.645659,48
2025-02-04 00:00:00,3028796.0,85983383.77000448,3028796.0,85983383.77000448,3.09694794,1.669957,2.99321608,0.661997,1
2025-02-04 04:00:00,3013303.0,77161649.921,2996386.1875,79575918.94143657,3.53349531,1.834813,3.04229829,0.952513,48
2025-02-04 08:00:00,3014726.0,79845880.44222504,3013333.7916666665,78433081.82190374,3.27598073,1.786237,2.84920251,0.569863,48
2025-02-04 12:00:00,3014854.0,81455524.14132422,3006044.1666666665,80727407.01789376,3.16160267,1.785155,2.77020379,0.820638,48
2025-02-04 16:00:00,2945241.0,79421368.806,2997987.7916666665,81483517.90159708,3.15833896,1.780534,2.81299449,0.651581,48
2025-02-04 20:00:00,2923150.0,77662249.2,2925779.7916666665,76956886.72913437,3.38656349,1.817835,2.99950187,1.012508,48
2025-02-05 00:00:00,2970516.0,79223661.72,2944546.4468085105,78507625.72668478,2.86032643,1.783782,2.62393556,0.702065,47
2025-02-05 04:00:00,2965685.0,79682024.58,2973856.5208333335,79354048.67440167,2.75459753,1.768951,2.4333899,2.581687,48
2025-02-05 08:00:00,2962942.0,80781120.76582329,2969213.4791666665,80058237.35836294,2.75793889,1.759118,2.45456462,1.726509,48
2025-02-05 12:00:00,2966677.0,78756365.7156367,2965256.8333333335,79956483.52484588,3.0262568,1.804241,2.67765075,0.961696,48
2025-02-05 16:00:00,2909948.0,76124239.68,2951018.125,76820008.0693645,3.18675283,1.725399,2.82446689,2.02487,48
2025-02-05 20:00:00,2909275.0,75296047.69742225,2913621.1666666665,75574429.83107784,3.10657812,1.727852,2.7749004,0.465941,48
2025-02-06 00:00:00,2910487.0,75200056.56794749,2910487.0,75200056.56794749,3.09444093,1.72859,2.76591512,1.039461,1
2025-02-06 04:00:00,2932632.0,77754810.30450982,2938159.875,77596365.27931052,2.73261425,1.667611,2.49200243,0.451378,48
2025-02-06 08:00:00,2915182.0,77208609.20456997,2931123.7291666665,77743398.33679895,2.71954674,1.681629,2.475,0.730571,48
2025-02-06 12:00:00,2897698.0,72178759.482,2913384.3125,75412595.29564069,2.83425094,1.693688,2.49104448,0.899525,48
2025-02-06 16:00:00,2974817.0,73356515.83128093,2968682.875,73664827.78124072,2.64158305,1.649986,2.40236453,0.724347,48
2025-02-06 20:00:00,3006114.0,73598689.062,2992746.5,73861140.53984451,2.81997774,1.597413,2.54424866,1.353046,48
2025-02-07 00:00:00,3007287.0,73654215.93059716,3007287.0,73654215.93059716,2.81977716,1.598818,2.54027311,0.768218,1
2025-02-07 04:00:00,2963274.0,73564292.4158361,2994727.2083333335,74559414.793533,2.6263553,1.67024,2.44564781,0.738763,48
2025-02-07 08:00:00,2950210.0,75058973.31831649,2970722.8958333335,74834465.0774558,2.88017032,1.665739,2.67247766,1.03909,48
2025-02-07 12:00:00,2945438.0,74543144.904,2943217.4375,75258333.41571322,2.58999717,1.654844,2.46767594,0.946673,48
2025-02-07 16:00:00,2988488.0,74361934.29384488,2974111.1875,74641883.38184963,2.6410544,1.614357,2.47652348,0.778478,48
2025-02-07 20:00:00,3063246.0,74914744.176,3058801.8333333335,73682063.39255899,2.67959074,1.535675,2.50195771,0.937085,48
2025-02-08 00:00:00,3072751.0,74525312.00153248,3068890.744680851,75024081.68785605,2.63407742,1.533271,2.42296748,0.768958,47
2025-02-08 04:00:00,3048204.0,74276390.34409235,3075280.0833333335,74257337.85772263,2.46553101,1.560775,2.31142471,1.989759,48
2025-02-08 08:00:00,3109229.0,74773683.61841674,3075273.9791666665,74152422.36375897,2.60574777,1.552226,2.40242689,1.098909,48
2025-02-08 12:00:00,3099238.0,74990228.25900154,3108839.2083333335,75194660.89340758,2.58034971,1.563275,2.42214257,0.905864,48
2025-02-08 16:00:00,3113777.0,76451408.82302254,3111914.6875,76077379.07616921,2.67199543,1.55982,2.53183214,1.346656,48
2025-02-08 20:00:00,3120913.0,76727646.105,3113381.5,76258758.1290639,2.65025612,1.561168,2.50050761,0.892177,48
2025-02-09 00:00:00,3126116.0,78637447.98,3122370.063829787,77045503.11645961,2.69285109,1.665294,2.49888416,0.578743,47
2025-02-09 04:00:00,3135372.0,79450326.48,3127057.6041666665,78429027.77318347,2.79572378,1.627219,2.60576524,1.594072,48
2025-02-09 08:00:00,3068710.0,76774428.03033859,3111340.6041666665,78530172.56835318,2.99437324,1.725273,2.75845304,0.336379,48
2025-02-09 12:00:00,3009160.0,75572575.7479308,3038193.0833333335,75594968.5734718,3.05015576,1.745287,2.78065781,0.69051,48
2025-02-09 16:00:00,2990291.0,73704692.568,2993684.9375,74658055.5219292,2.96757094,1.736702,2.66365786,0.904897,48
2025-02-09 20:00:00,2987976.0,74411922.46659504,2987905.6041666665,73417870.30684651,3.02937461,1.733317,2.74706794,1.17281,48
2025-02-10 00:00:00,2960135.0,73683680.42,2971808.7021276597,73081228.80622809,2.79346254,1.729113,2.52271338,0.868712,47
2025-02-10 04:00:00,2906040.0,73667296.095042,2940137.1666666665,73834738.09028913,2.9345851,1.777915,2.61642977,2.300397,48
2025-02-10 08:00:00,2863857.0,72888024.507,2867500.4375,73223988.18823732,2.9697157,1.789352,2.60903361,0.887688,48
2025-02-10 12:00:00,2890451.0,73485138.37404306,2879122.4791666665,73357136.72332463,3.05876777,1.779663,2.70107066,0.965891,48
2025-02-10 16:00:00,2918304.0,74161342.79267904,2902347.6458333335,74016751.86591096,3.1431316,1.804726,2.80923212,0.883577,48
2025-02-10 20:00:00,2883999.0,73856330.391,2899999.2291666665,74001643.82780784,3.17878001,1.844465,2.81668134,0.918693,48
2025-02-11 00:00:00,2884791.0,74031977.7539706,2884791.0,74031977.7539706,3.17960377,1.848712,2.8182419,0.793252,1
2025-02-11 04:00:00,2855437.0,76245878.774,2860848.7916666665,75921610.61058323,3.11264947,1.832051,2.7835772,1.058878,48
2025-02-11 08:00:00,2864546.0,75833126.258,2854727.0208333335,76059517.40668406,3.1287349,1.80209,2.79555946,0.926487,48
2025-02-11 12:00:00,2814046.0,73725191.154,2830312.0416666665,74353253.48081398,3.484375,1.796277,3.0405468,0.854577,48
2025-02-11 16:00:00,2798442.0,70150091.92111152,2811791.1666666665,71782635.17171021,3.33833834,1.871452,2.95625144,1.351755,48
2025-02-11 20:00:00,2797652.0,71006735.71420573,2793461.0833333335,70764497.45364274,3.08205449,1.835563,2.7807979,0.696396,48
2025-02-12 00:00:00,2797896.0,71002206.792,2797896.0,71002206.792,3.08179254,1.834442,2.77943433,0.48943,1
2025-02-12 04:00:00,2840044.0,71316961.0315458,2840536.8125,71367882.78803791,2.93958908,1.794618,2.57860717,0.810548,48
2025-02-12 08:00:00,2870018.0,72341673.708,2859715.5833333335,71807226.45342183,2.92563243,1.794455,2.58507772,0.796015,48
2025-02-12 12:00:00,2870308.0,71895868.70506991,2873793.8125,71956247.62248458,3.01355514,1.823492,2.7635383,1.162645,48
2025-02-12 16:00:00,2861675.0,74503708.625,2860889.5625,72897513.95473658,2.97378395,1.846061,2.70620478,0.736295,48
2025-02-12 20:00:00,2899039.0,76705686.58446406,2871649.75,75794404.9607295,3.11266234,1.945915,2.84570002,0.952054,48
2025-02-13 00:00:00,2971736.0,78361706.584,2937455.7021276597,77441680.99737762,3.68345838,1.870011,3.11503795,1.053587,47
2025-02-13 04:00:00,2959111.0,75581278.39777258,2968224.5833333335,76817262.62168485,3.83728566,1.909968,3.22645146,1.402922,48
2025-02-13 08:00:00,2942290.0,75340001.4295461,2947835.6458333335,75512696.98883663,3.66355811,1.877185,3.13125749,0.634296,48
2025-02-13 12:00:00,2930544.0,74727440.63439408,2937317.0833333335,74802850.13487662,3.88944147,1.862149,3.31269113,0.511673,48
2025-02-13 16:00:00,2947866.0,75208905.258,2943635.4166666665,74708697.25578643,3.51550388,1.851411,3.06443114,0.597573,48
2025-02-13 20:00:00,2967306.0,75311498.39375526,2960221.8125,75311452.33420026,3.52653779,1.825398,3.09405586,0.77467,48
2025-02-14 00:00:00,2954657.0,76744880.65730575,2961193.1276595746,75806471.72497857,3.42344828,1.845525,3.03627312,1.010552,47
2025-02-14 04:00:00,2974969.0,76453581.24853264,2964334.8333333335,76185039.62272577,3.45549013,1.868489,3.07589817,0.676259,48
2025-02-14 08:00:00,2942148.0,76629245.72585699,2953299.4166666665,77029673.69709882,3.43519164,1.987655,3.07686782,1.491244,48
2025-02-14 12:00:00,2969423.0,79005956.37525378,2921555.75,76360999.19223411,3.35570934,1.996295,2.96505629,1.909012,48
2025-02-14 16:00:00,2950641.0,78245098.038,2955105.6041666665,79103024.6047736,3.76926055,2.071262,3.32069056,0.479075,48
2025-02-14 20:00:00,2920140.0,77042053.62,2943342.0208333335,77518751.43369445,3.78374173,2.093068,3.34317825,0.605971,48
2025-02-15 00:00:00,2914367.0,77819427.634,2912855.8936170214,77620016.45335355,3.92025266,2.121647,3.38168343,0.342814,47
2025-02-15 04:00:00,2905448.0,76777877.85924986,2911150.6041666665,77394693.58014724,3.64658041,2.140427,3.19426271,0.722274,48
2025-02-15 08:00:00,2891648.0,75532096.56097026,2900296.6041666665,76173158.68939038,3.74145058,2.138384,3.25722983,1.336821,48
2025-02-15 12:00:00,2890687.0,74091198.497,2899754.2291666665,75126047.95577167,3.86879699,2.087852,3.40696794,0.927502,48
2025-02-15 16:00:00,2903467.0,74216969.92035046,2898714.25,74529352.98975271,3.68591394,2.064429,3.24300223,0.230815,48
2025-02-15 20:00:00,2921105.0,74383017.72,2904690.3333333335,74172631.90896334,3.54756871,1.949565,3.18888354,1.50982,48
2025-02-16 00:00:00,2961300.0,75237749.1,2944774.4680851065,74558916.90029441,3.35498995,1.900734,3.01923958,1.805791,47
2025-02-16 04:00:00,3006160.0,75628973.28,2991752.9791666665,75939343.62098362,3.35149502,1.855731,3.04641638,0.558694,48
2025-02-16 08:00:00,3104126.0,78931715.928,3052387.1041666665,77282967.22323911,3.06715507,1.786023,2.88964927,2.190941,48
2025-02-16 12:00:00,3135923.0,78869630.70325907,3111355.5833333335,78372842.79572971,3.18156851,1.763567,2.93481013,0.169765,48
2025-02-16 16:00:00,3183355.0,79399240.41,3157229.9375,78924837.74160469,3.09206631,1.698953,2.84194467,0.927313,48
2025-02-16 20:00:00,3204270.0,79462691.73,3192697.9791666665,79567214.16410245,3.03125939,1.678034,2.78886835,0.852107,48
2025-02-17 00:00:00,3230291.0,80728202.381,3227547.3191489363,80736726.96085446,2.94841735,1.664641,2.7796194,1.553394,47
2025-02-17 04:00:00,3233434.0,80418499.09792627,3220394.8958333335,80209472.36326618,2.87399077,1.661271,2.71976461,1.453864,48
2025-02-17 08:00:00,3252673.0,82546335.394,3242216.9166666665,81882858.13945965,2.89612269,1.687456,2.73006628,1.339769,48
2025-02-17 12:00:00,3189008.0,80048519.0111336,3245707.5,83048120.26212825,3.0786447,1.681643,2.89761905,0.670602,48
2025-02-17 16:00:00,3158309.0,78386735.98979376,3178084.9166666665,78899529.97717586,2.94900932,1.772482,2.75550616,0.820715,48
2025-02-17 20:00:00,3141478.0,78683920.84392244,3150236.6875,78952771.94333537,2.9417106,1.775871,2.79502467,3.573578,48
2025-02-18 00:00:00,3140605.0,78575014.23314466,3140605.0,78575014.23314466,2.9506318,1.774874,2.80606561,0.742011,1
2025-02-18 04:00:00,3243696.0,77801260.7291952,3178524.7916666665,76958192.97747304,2.84290447,1.542608,2.73486056,1.836549,48
2025-02-18 08:00:00,3278827.0,78443501.6754704,3262751.0,78243140.37323621,2.8442577,1.525945,2.77872861,0.595676,48
2025-02-18 12:00:00,3320159.0,77757733.89372863,3306832.1666666665,79161927.4995829,2.96072508,1.515125,2.84095427,0.708566,48
2025-02-18 16:00:00,3365769.0,78125879.51681633,3346052.5208333335,77564819.36592636,2.85760518,1.540885,2.74127907,1.576138,48
2025-02-18 20:00:00,3376727.0,79342412.92836009,3359945.4166666665,78254219.7478701,2.73431242,1.523571,2.64964485,3.159471,48
2025-02-19 00:00:00,3379129.0,79453460.177,3379129.0,79453460.177,2.74610843,1.521329,2.66255065,1.155587,1
2025-02-19 04:00:00,3350700.0,79659541.8,3345801.8125,78108339.40729567,2.71072646,1.533883,2.73231837,0.661837,48
2025-02-19 08:00:00,3348317.0,80326124.83,3347136.9583333335,79680077.33031608,2.6848564,1.559274,2.66394377,1.479581,48
2025-02-19 12:00:00,3276649.0,77182959.44648759,3308935.1875,78492222.31000875,2.77094972,1.610481,2.72123552,1.347891,48
2025-02-19 16:00:00,3286883.0,77649323.992,3283065.8333333335,77771580.3630311,2.95579183,1.632566,2.8661986,0.896873,48
2025-02-19 20:00:00,3302697.0,78247497.324,3309417.75,78235556.42741542,3.00084579,1.628029,2.89395161,0.934791,48
2025-02-20 00:00:00,3320288.0,80460539.104,3304634.574468085,79189204.1866386,2.81748634,1.677271,2.74642573,1.08396,47
2025-02-20 04:00:00,3265774.0,78417765.288,3297154.6041666665,79693667.83146548,3.00818474,1.728206,2.92695321,0.704899,48
2025-02-20 08:00:00,3254785.0,79622317.92089824,3275360.1666666665,79425218.56013645,3.04255944,1.701144,2.87217734,1.086768,48
2025-02-20 12:00:00,3144191.0,76356678.435,3226942.2916666665,79369751.8733126,3.06650689,1.798594,2.85508156,0.792765,48
2025-02-20 16:00:00,3127018.0,78772710.438,3130579.625,77656372.88717023,3.11971831,1.899575,2.8934322,0.643988,48
2025-02-20 20:00:00,3066510.0,77120209.9072383,3079713.7083333335,77216003.3689323,3.19376181,2.059561,2.9603123,1.060651,48
2025-02-21 00:00:00,3007374.0,74699486.69825105,3032477.9574468085,75616035.88638382,3.35849663,2.137664,2.94951246,0.710241,47
2025-02-21 04:00:00,3025302.0,76175120.24593632,3023299.75,75899819.06256168,3.62930757,2.064879,3.19177489,1.787411,48
2025-02-21 08:00:00,3052361.0,78324484.98848662,3027187.1041666665,77354670.23219647,3.72666432,2.055432,3.24307334,1.538489,48
2025-02-21 12:00:00,3153655.0,80446505.03987059,3119204.6041666665,81110777.08892582,3.99292892,2.239586,3.46243491,1.380447,48
2025-02-21 16:00:00,3337118.0,79636983.952,3263634.1041666665,81103043.95280743,4.15064103,2.27974,3.69968591,1.061707,48
2025-02-21 20:00:00,3389485.0,83113561.685,3368879.6041666665,81716509.39756168,3.73613963,2.269025,3.43403756,0.747912,48
2025-02-22 00:00:00,3381540.0,84822549.36,3391086.6170212766,84666814.7065592,3.48942701,2.102791,3.22303863,1.994673,47
2025-02-22 04:00:00,3420903.0,85269688.06400089,3384967.0208333335,84940923.18483962,3.57433598,2.103046,3.32207045,0.587102,48
2025-02-22 08:00:00,3462138.0,87609402.09,3442133.0625,86477536.92062907,3.48215488,2.098303,3.24338747,1.183726,48
2025-02-22 12:00:00,3476745.0,89341916.265,3477876.7916666665,88948213.25311705,3.5165812,1.971478,3.2195405,0.774633,48
2025-02-22 16:00:00,3540865.0,92208506.4204375,3518034.375,91383431.90873297,3.58893977,1.914529,3.20122238,0.939087,48
2025-02-22 20:00:00,3550553.0,91597166.294,3550832.0416666665,91833054.46885659,3.73838273,1.974884,3.2461502,2.637835,48
2025-02-23 00:00:00,3548168.0,91624342.264,3548168.0,91624342.264,3.74596182,1.970508,3.27261876,0.390539,1
2025-02-23 04:00:00,3537245.0,91397995.71690835,3543883.75,90783237.96520765,3.43301356,2.022255,2.9420758,0.835755,48
2025-02-23 08:00:00,3550330.0,89224963.1035658,3550879.2083333335,90411641.247266,3.58151261,2.083255,3.06120242,0.410838,48
2025-02-23 12:00:00,3571538.0,87727202.164832,3556239.875,88739778.40172775,3.5986755,2.078079,3.08892689,0.860434,48
2025-02-23 16:00:00,3583515.0,87731614.23,3597559.0833333335,88334336.9185964,3.71640806,2.060235,3.29382121,1.649396,48
2025-02-23 20:00:00,3566187.0,88949433.05687673,3568363.8541666665,87853583.44250466,3.36857234,1.989058,3.11468988,1.643099,48
2025-02-24 00:00:00,3522990.0,84867573.99958259,3548943.936170213,87138275.08017136,3.47867906,2.007101,3.17107001,0.498473,47
2025-02-24 04:00:00,3559699.0,85404298.408,3560335.5208333335,85353992.62703916,3.41790123,1.920552,3.17012182,1.502169,48
2025-02-24 08:00:00,3587987.0,85589367.83299123,3583043.7916666665,84993552.64874452,2.99098338,1.834191,2.85427435,0.509865,48
2025-02-24 12:00:00,3642028.0,83891757.60453644,3603119.4583333335,84734040.11548404,3.38408408,1.781313,3.19554613,0.92243,48
2025-02-24 16:00:00,3647911.0,83628359.675,3649466.7291666665,84691231.0881005,2.97392259,1.712247,2.90292606,1.083158,48
2025-02-24 20:00:00,3598450.0,78733519.53200099,3636096.9791666665,82138458.86903082,3.07358053,1.634974,2.91204669,1.044796,48
2025-02-25 00:00:00,3546483.0,77547397.278,3561668.659574468,77331144.03758684,2.92370796,1.608981,2.93857494,0.784534,47
2025-02-25 04:00:00,3651359.0,76306100.382,3580270.75,76994992.85307707,2.88038943,1.608252,2.81549587,1.023933,48
2025-02-25 08:00:00,3632959.0,77698094.133,3635123.9166666665,76153545.93638195,2.87862069,1.591476,2.78979876,0.948719,48
2025-02-25 12:00:00,3658803.0,77290714.7292912,3609273.8958333335,76288549.04538752,2.94680265,1.607996,2.81273262,1.493861,48
2025-02-25 16:00:00,3564695.0,77047317.73,3618357.2083333335,76798593.77702749,2.83465211,1.586777,2.76532604,1.005952,48
2025-02-25 20:00:00,3569228.0,78257995.32438888,3558999.5416666665,78274675.64969416,2.62489981,1.581564,2.62540968,1.131405,48
2025-02-26 00:00:00,3577484.0,79531046.804,3566643.0425531915,78277072.42432791,2.76859283,1.612163,2.629594,1.220264,47
2025-02-26 04:00:00,3650910.0,80790987.39,3608711.0208333335,79873532.92338966,2.75914553,1.548445,2.64339441,1.384594,48
2025-02-26 08:00:00,3637370.0,80709602.93,3632714.7083333335,80707545.84142034,2.87531381,1.498776,2.7162938,0.767749,48
2025-02-26 12:00:00,3564022.0,79156928.62,3593518.5625,78870876.5804164,2.88034188,1.575475,2.76416208,0.46415,48
2025-02-26 16:00:00,3588655.0,76376612.8535648,3581684.7708333335,78028012.25697911,3.10609481,1.625447,2.93302401,1.030747,48
2025-02-26 20:00:00,3574587.0,77765140.185,3580779.1666666665,77929999.14769769,3.00412314,1.642939,2.85420782,1.074486,48
2025-02-27 00:00:00,3615482.0,80811815.20833148,3598223.361702128,79488360.14161913,2.76655897,1.681412,2.64256639,2.031282,47
2025-02-27 04:00:00,3618178.0,83593744.4563118,3624438.5625,81831424.06112765,2.37136628,1.67141,2.35485602,1.227895,48
2025-02-27 08:00:00,3620042.0,83333366.84,3614952.8541666665,83476148.74897139,2.52723987,1.680832,2.4327942,0.682146,48
2025-02-27 12:00:00,3657326.0,83705220.162,3644863.625,83797588.46771011,2.63407602,1.734962,2.49513655,0.966746,48
2025-02-27 16:00:00,3689849.0,82195025.47788079,3679903.25,82988369.08218403,2.75107527,1.756847,2.58595688,1.386114,48
2025-02-27 20:00:00,3696788.0,83240575.396,3702879.3333333335,82636779.58266765,2.7383752,1.725579,2.64429917,1.378501,48
2025-02-28 00:00:00,3696280.0,83225440.48,3696280.0,83225440.48,2.73397436,1.723915,2.63996158,1.172128,1
2025-02-28 04:00:00,3751785.0,77027715.3481776,3722775.5208333335,76342164.92404278,3.21298405,1.690446,2.99108951,1.202032,48
2025-02-28 08:00:00,3716243.0,77896169.523,3736614.1666666665,78448261.87412934,2.87707822,1.708505,2.73984375,0.479848,48
2025-02-28 12:00:00,3674380.0,80002275.74,3704479.5,78827491.78327583,2.81652623,1.705028,2.73816539,1.071679,48
2025-02-28 16:00:00,3709649.0,81902882.48015153,3687106.3333333335,80837324.58505128,2.76291463,1.678618,2.68203217,1.649073,48
2025-02-28 20:00:00,3679617.0,82305673.056,3703372.4166666665,81786065.97524808,2.77987771,1.756488,2.66087986,1.620092,48
2025-03-01 00:00:00,3680891.0,82334169.888,3680891.0,82334169.888,2.77858136,1.755906,2.65222529,0.869437,1
2025-03-01 04:00:00,3670921.0,80398740.37578066,3661592.4166666665,81106174.72179104,2.96684613,1.830385,2.70708661,2.62007,48
2025-03-01 08:00:00,3632069.0,77951575.2928976,3677276.2708333335,80018264.1191435,2.67224759,1.848608,2.47230687,2.073788,48
2025-03-01 12:00:00,3677800.0,78274617.4,3658978.9791666665,77913868.98029043,2.91192711,1.779435,2.66417768,1.488411,48
2025-03-01 16:00:00,3742390.0,81061952.0709432,3708019.8958333335,79519199.72085723,2.73529412,1.730778,2.57485929,1.388853,48
2025-03-01 20:00:00,3713533.0,81196873.41170542,3741244.8541666665,81390669.96605718,2.87636669,1.741287,2.69118517,1.137898,48
2025-03-02 00:00:00,3742926.0,81936393.066,3734729.9574468085,81559778.89734559,2.88199276,1.804722,2.70839065,0.666848,47
2025-03-02 04:00:00,3725073.0,81574867.09157346,3736731.375,81948868.09913898,2.90979739,1.798733,2.69815713,0.616466,48
2025-03-02 08:00:00,3700546.0,81619242.576,3721838.7916666665,81720261.79988058,2.87338997,1.801198,2.64501425,0.328745,48
2025-03-02 12:00:00,3612602.0,81464175.1,3672209.25,80583894.66042493,2.96821728,1.804649,2.76825785,1.024865,48
2025-03-02 16:00:00,3801430.0,93469226.4662172,3702165.7916666665,89565032.58374901,3.21857233,1.862711,2.88000857,0.499335,48
2025-03-02 20:00:00,3775709.0,94243291.80153832,3805761.2291666665,93934323.2967455,3.61696211,1.891064,3.12952424,1.120756,48
2025-03-03 00:00:00,3788429.0,92557503.03459086,3782478.170212766,92595038.7688737,4.28267595,1.954226,3.26449788,1.021296,47
2025-03-03 04:00:00,3825773.0,91090498.75185302,3809202.2291666665,92164135.3884394,4.34143473,1.972298,3.31503237,1.003614,48
2025-03-03 08:00:00,3863427.0,90524315.82897449,3856688.9791666665,90480709.61160691,4.07222636,2.027286,3.19017836,2.046928,48
2025-03-03 12:00:00,3878443.0,90933974.578,3851019.9166666665,90826822.4865823,4.23269231,1.96999,3.29985822,1.056218,48
2025-03-03 16:00:00,3973496.0,84503098.707874,3892659.3333333335,88192007.65883602,4.477842,1.859523,3.71635818,0.803745,48
2025-03-03 20:00:00,3982554.0,83527070.45291515,4039854.5416666665,84942764.23227322,3.9748189,1.875966,3.34960452,0.818621,48
2025-03-04 00:00:00,4054778.0,81097035.89864422,4045729.3191489363,82013520.48674865,3.41986879,1.700803,3.17130669,1.169351,47
2025-03-04 04:00:00,4072132.0,81651256.9512128,4064827.5416666665,81377129.53770413,3.29695886,1.660709,3.09914163,1.076388,48
2025-03-04 08:00:00,4094115.0,81774403.48858425,4069429.1666666665,81303445.29153268,3.14482178,1.581612,3.05273959,2.937902,48
2025-03-04 12:00:00,4181063.0,82939746.731,4185040.0416666665,82680703.88256548,3.15316642,1.501031,3.09542231,0.729593,48
2025-03-04 16:00:00,4088431.0,82823435.198,4154238.7291666665,82732110.13133313,3.18568434,1.499116,3.10110414,1.151417,48
2025-03-04 20:00:00,3997449.0,80020934.082,4017153.625,80827467.81638137,2.89069172,1.515131,2.84795201,0.780668,48
2025-03-05 00:00:00,3966774.0,79071169.60393181,3996684.2978723403,79863764.85532849,3.04217926,1.553636,2.9194574,0.36984,47
2025-03-05 04:00:00,3967909.0,79820476.7922483,3975543.6875,79187720.61855154,3.07459618,1.521053,2.97196857,1.241963,48
2025-03-05 08:00:00,4096088.0,85735409.74780104,4093068.3333333335,84955339.99749024,2.84927619,1.478798,2.85001049,0.421341,48
2025-03-05 12:00:00,4018885.0,82001329.54,4079823.1666666665,84888066.92538886,3.01568511,1.619704,2.95017182,0.93681,48
2025-03-05 16:00:00,4135144.0,87554579.20262766,4056170.7916666665,83606698.96695869,2.89770774,1.644645,2.87041261,1.353254,48
2025-03-05 20:00:00,4020099.0,87313237.15561014,4106512.2291666665,89086880.47250208,2.95965589,1.734271,2.90422595,0.894959,48
2025-03-06 00:00:00,3959268.0,88287717.132,3971834.4468085105,86885713.31516966,3.11879114,1.716977,2.93415463,3.322698,47
2025-03-06 04:00:00,3953973.0,85749812.451,3947110.75,87434326.07642575,3.22720295,1.721892,2.99590429,0.595409,48
2025-03-06 08:00:00,4046765.0,89069297.65,4009921.5208333335,88055776.76324065,3.08137536,1.699813,2.90639594,0.388842,48
2025-03-06 12:00:00,4073314.0,89172990.088,4055841.7916666665,87912629.37965064,3.0573337,1.748849,2.81837817,1.204061,48
2025-03-06 16:00:00,4117242.0,87105273.0162738,4017643.9791666665,85626220.38729817,3.51887092,1.803675,3.22773369,0.738112,48
2025-03-06 20:00:00,4064280.0,85510485.714192,4082465.2916666665,86445392.66443114,3.55141675,1.820295,3.27792553,0.294463,48
2025-03-07 00:00:00,4061827.0,82471574.36528242,4065093.7021276597,82702744.55309875,3.56358561,1.75552,3.31412804,0.932629,47
2025-03-07 04:00:00,4080126.0,84440867.6081457,4075179.6666666665,83646884.41701084,3.36991627,1.731014,3.17347808,2.321099,48
2025-03-07 08:00:00,4065819.0,84418599.897,4071225.8333333335,84174920.7519387,3.46706587,1.72354,3.25807814,1.28199,48
2025-03-07 12:00:00,4008417.0,83254821.09,4037579.4791666665,83662444.29315431,3.33627797,1.715296,3.1639413,0.851863,48
2025-03-07 16:00:00,3958045.0,82078183.43970245,3994525.3333333335,82297063.82740287,3.14281525,1.753233,3.01211362,1.196444,48
2025-03-07 20:00:00,4010701.0,80679261.316,3990582.0,81310252.82232507,3.15815582,1.781023,3.03524505,0.704967,48
2025-03-08 00:00:00,4006854.0,80657971.02,4006854.0,80657971.02,3.13862249,1.791789,3.00434693,1.451858,1
2025-03-08 04:00:00,4097646.0,80907044.70244032,4105996.8125,81713116.48095848,3.29591545,1.780485,3.16220086,0.469678,48
2025-03-08 08:00:00,4205791.0,81972875.99076606,4148401.3333333335,81644025.32917608,3.17430419,1.746911,3.06874242,0.915927,48
2025-03-08 12:00:00,4207316.0,85977258.34639256,4202799.895833333,84638837.10982314,2.83759557,1.570778,2.77105213,0.960583,48
2025-03-08 16:00:00,4166571.0,86818839.927,4195770.375,86110052.47856654,2.78697001,1.611486,2.71708218,0.847893,48
2025-03-08 20:00:00,4102314.0,83880014.358,4141372.9583333335,85523256.92882173,2.90478738,1.698792,2.76042841,1.017092,48
2025-03-09 00:00:00,4029702.0,81932969.25740616,4049343.425531915,82658697.64625144,2.77523413,1.725964,2.67387656,1.178415,47
2025-03-09 04:00:00,4062973.0,81690135.138,4047584.8541666665,81827831.36481415,2.72501281,1.721551,2.67235938,0.599868,48
2025-03-09 08:00:00,4221415.0,83081591.3631055,4126363.9791666665,82095291.28480303,2.94869215,1.786728,2.78395837,0.584811,48
2025-03-09 12:00:00,4297978.0,82160147.448,4264941.666666667,83023075.45023258,3.14071541,1.667023,2.96671681,0.413384,48
2025-03-09 16:00:00,4418399.0,80869778.3936804,4381914.645833333,80884932.05858079,2.98372151,1.497933,2.86793851,0.802859,48
2025-03-09 20:00:00,4402114.0,79006212.5531753,4404378.020833333,79606413.34749262,2.75112267,1.454229,2.64604692,1.110861,48
2025-03-10 00:00:00,4311548.0,78669159.7321412,4356208.531914894,79150139.3297588,2.64825442,1.511553,2.67096189,0.965151,47
2025-03-10 04:00:00,4371979.0,80269534.44,4344229.854166667,79434687.99034424,2.49564193,1.496375,2.57857015,1.788866,48
2025-03-10 08:00:00,4285312.0,80744312.1604928,4304342.875,79257749.65982828,2.69265092,1.519004,2.74716243,2.025664,48
2025-03-10 12:00:00,4367247.0,78167788.17658815,4313212.958333333,78579672.92303538,2.70856102,1.528212,2.70094358,1.066885,48
2025-03-10 16:00:00,4449157.0,74870413.996,4475038.291666667,76279467.43356626,2.71818912,1.560051,2.64163217,1.140796,48
2025-03-10 20:00:00,4392602.0,71592264.38698734,4412951.541666667,73256827.54800797,2.72828685,1.528214,2.66822795,0.786054,48
2025-03-11 00:00:00,4444154.0,73364094.232,4402839.255319149,70842668.62830825,2.41530864,1.576063,2.36996473,1.178774,47
2025-03-11 04:00:00,4380369.0,74448751.524,4401118.6875,74181528.41705112,2.4839599,1.466357,2.46319535,0.787902,48
2025-03-11 08:00:00,4312046.0,74890851.95458075,4348950.979166667,74783874.7330278,2.44486122,1.50545,2.38184148,0.883608,48
2025-03-11 12:00:00,4359329.0,75942665.1109382,4316366.375,73510562.1567709,2.33485248,1.602614,2.24063703,1.179684,48
2025-03-11 16:00:00,4176082.0,74150603.94932564,4224736.833333333,73898105.20129709,2.33925097,1.666908,2.21963105,0.947789,48
2025-03-11 20:00:00,4213665.0,73665305.49332339,4205559.083333333,74478671.3978846,2.40959041,1.667364,2.28415789,1.123153,48
2025-03-12 00:00:00,4211295.0,73697662.5,4211295.0,73697662.5,2.41437156,1.667024,2.28842369,0.702083,1
2025-03-12 04:00:00,4069366.0,71474344.424,4128270.3125,71052866.26511751,2.45947919,1.69086,2.23679608,1.123609,48
2025-03-12 08:00:00,4028489.0,73302385.844,4051252.9375,72292878.26351044,2.41360744,1.659694,2.22523315,1.327944,48
2025-03-12 12:00:00,3990471.0,71808525.645,4031410.2291666665,73639809.03085811,2.47879548,1.698375,2.27831715,1.124227,48
2025-03-12 16:00:00,4005883.0,73865085.33092184,3976586.9583333335,72879034.53823207,2.71685937,1.679676,2.42934681,0.959457,48
2025-03-12 20:00:00,4076750.0,76993500.5,4049291.6458333335,75441974.18674085,2.7594108,1.630919,2.45559117,1.048538,48
2025-03-13 00:00:00,4073607.0,77019687.549,4073607.0,77019687.549,2.76908345,1.628061,2.46438693,0.84778,1
2025-03-13 04:00:00,4186241.0,78846957.31449254,4166916.8958333335,78477536.83442248,2.80240964,1.582987,2.42720939,0.537075,48
2025-03-13 08:00:00,4174054.0,79126575.4679801,4204212.3125,79766966.64679761,2.82792208,1.565346,2.42616959,0.776027,48
2025-03-13 12:00:00,4200785.0,77037550.45434551,4173293.4583333335,77789721.27286756,2.92735746,1.580496,2.50583225,0.705279,48
2025-03-13 16:00:00,4182392.0,75977333.072,4199878.791666667,76502004.5179084,2.98067768,1.605644,2.56393692,1.269116,48
2025-03-13 20:00:00,4119320.0,76211281.244602,4148660.4166666665,75443168.9376827,2.98417814,1.674723,2.55667258,0.576382,48
2025-03-14 00:00:00,4145934.0,77762058.37696998,4136638.4468085105,77288214.97672863,2.94286543,1.648213,2.56194252,2.880068,47
2025-03-14 04:00:00,4112016.0,76801761.92269774,4125440.0,76857217.41629536,2.91093929,1.631049,2.5,1.312395,48
2025-03-14 08:00:00,4065559.0,76205348.28627686,4086193.5208333335,76636290.93216111,3.00321449,1.636395,2.56049718,0.869002,48
2025-03-14 12:00:00,4047383.0,76732527.99044093,4071455.7291666665,76498342.0924003,2.89576912,1.597855,2.4651467,1.050902,48
2025-03-14 16:00:00,4099147.0,77850999.824,4074512.7916666665,77201798.20008956,2.9214123,1.580846,2.49867875,1.6604,48
2025-03-14 20:00:00,4181950.0,77545898.85,4236027.458333333,79490006.45199172,2.87737962,1.626191,2.51395915,0.654171,48
2025-03-15 00:00:00,4110343.0,76514034.945,4137410.255319149,76633083.71035863,3.03416856,1.660814,2.55913777,2.219855,47
2025-03-15 04:00:00,4254717.0,79456839.975,4134535.5833333335,77327913.18504526,2.95740535,1.543231,2.53052164,2.173202,48
2025-03-15 08:00:00,4192496.0,77923271.27250512,4226426.0,78296502.60488987,2.99944828,1.629955,2.57636729,1.117937,48
2025-03-15 12:00:00,4177978.0,77516137.92721833,4186094.7083333335,77693268.84960641,2.96521739,1.55845,2.55437904,0.597552,48
2025-03-15 16:00:00,4171015.0,77451577.535,4183136.2083333335,77785899.00280063,2.92785462,1.559453,2.52269478,0.966914,48
2025-03-15 20:00:00,4242770.0,82254581.99,4245860.166666667,81358880.0298482,2.94985091,1.54144,2.53608432,1.472394,48
2025-03-16 00:00:00,4187208.0,81964596.6,4187862.2978723403,80638836.22043547,3.05327077,1.588918,2.59624931,1.968515,47
2025-03-16 04:00:00,4114058.0,79731850.0193215,4153980.5416666665,81201090.57528542,3.09157925,1.595831,2.62193982,2.177721,48
2025-03-16 08:00:00,4187063.0,76960196.91345632,4139748.0833333335,78576788.50690316,3.43699732,1.519321,2.78541186,1.268344,48
2025-03-16 12:00:00,4167012.0,77085554.988,4178882.4791666665,77108321.44433288,3.08021978,1.431565,2.68364662,1.412687,48
2025-03-16 16:00:00,4120492.0,75586833.45386948,4110532.8125,76625129.64721353,2.94202899,1.449749,2.59683198,1.1778,48
2025-03-16 20:00:00,4109604.0,75201643.596,4121435.5,75467942.96274213,2.97975596,1.478648,2.66389319,0.90195,48
2025-03-17 00:00:00,4117785.0,76727352.14489837,4111338.170212766,76189512.44636624,2.8807093,1.364407,2.6626946,1.895699,47
2025-03-17 04:00:00,4164120.0,77434261.1101548,4152182.6875,76940105.66413675,2.81729502,1.368819,2.60778781,1.035839,48
2025-03-17 08:00:00,4214258.0,78359913.252,4176069.5833333335,77597252.39117071,2.86633139,1.345811,2.66440678,0.346737,48
2025-03-17 12:00:00,4351930.0,80446702.8627427,4277835.145833333,78852453.34460992,2.75607903,1.278864,2.60370505,1.119096,48
2025-03-17 16:00:00,4186862.0,79387090.382,4280422.958333333,80149041.80721551,2.67921648,1.335304,2.53162019,0.640888,48
2025-03-17 20:00:00,4020446.0,75612527.922,4081679.1666666665,76874510.20869617,2.96029983,1.376824,2.71968075,0.411237,48
2025-03-18 00:00:00,4020723.0,75621758.184,4020723.0,75621758.184,2.96498054,1.376432,2.7242253,0.987662,1
2025-03-18 04:00:00,3965958.0,74682955.098,3983209.0416666665,74587938.00185017,3.04639321,1.597472,2.74544013,0.856409,48
2025-03-18 08:00:00,4002634.0,75085411.206,3996574.0,75959741.17794093,2.85841664,1.640923,2.47491396,1.006366,48
2025-03-18 12:00:00,4066150.0,75024533.65,4014996.0208333335,74784591.83501202,2.85203812,1.556619,2.5655588,1.155364,48
2025-03-18 16:00:00,4143012.0,77068309.224,4114850.3958333335,75989351.453735,2.70090863,1.533084,2.48750665,1.173746,48
2025-03-18 20:00:00,4074483.0,77452021.00146545,4124766.25,77020958.86515908,2.69679226,1.568274,2.46431121,1.155193,48
2025-03-19 00:00:00,4063121.0,77979829.58237004,4055667.4468085105,77201013.51281872,2.83173333,1.635385,2.52263907,0.688789,47
2025-03-19 04:00:00,4084537.0,77246763.744,4065610.9166666665,77773648.65825592,3.06320862,1.689447,2.67473847,0.718821,48
2025-03-19 08:00:00,4050090.0,79146858.78,4078095.25,78109965.89784214,2.96297327,1.636812,2.6316497,0.838004,48
2025-03-19 12:00:00,4110687.0,81844341.82740144,4087988.1041666665,80090148.67192553,2.86327373,1.647957,2.51967029,1.640264,48
2025-03-19 16:00:00,4260268.0,83262677.792,4131648.25,81351571.72476985,3.13521207,1.677624,2.73753894,0.743072,48
2025-03-19 20:00:00,4129201.0,81553384.2722151,4166806.125,81435984.2590688,3.03897582,1.706091,2.66082097,0.407368,48
2025-03-20 00:00:00,4038487.0,77829369.79255204,4078358.8723404254,79183778.66993497,3.31261207,1.767295,2.83383564,0.766724,47
2025-03-20 04:00:00,4058340.0,77716576.6408746,4044037.3958333335,77573448.5545518,3.29678582,1.796654,2.83065165,1.306976,48
2025-03-20 08:00:00,4016690.0,75598067.2605125,4015932.2708333335,76358321.16797549,3.23284024,1.750338,2.83032129,0.505231,48
2025-03-20 12:00:00,4087036.0,76832189.764,4051951.0208333335,76672226.21283205,3.08034433,1.661895,2.71258769,1.15428,48
2025-03-20 16:00:00,4185127.0,78299541.043,4132719.5833333335,77018878.31005406,2.98928571,1.636601,2.75749952,0.54643,48
2025-03-20 20:00:00,4243786.0,79469136.636,4218554.604166667,78899009.41296156,2.88785047,1.59773,2.6567892,1.86746,48
2025-03-21 00:00:00,4242225.0,79486569.825,4242225.0,79486569.825,2.88728632,1.599612,2.64851207,1.410577,1
2025-03-21 04:00:00,4101533.0,76906405.76796299,4141966.8541666665,78187558.16268393,2.91856946,1.660119,2.71378505,2.899877,48
2025-03-21 08:00:00,4120215.0,76378480.7830506,4090880.3125,76146251.03354818,2.72586873,1.639278,2.55101667,1.337213,48
2025-03-21 12:00:00,4156072.0,76779274.128,4149072.8958333335,76801634.34015661,2.74518366,1.623748,2.59323583,1.279167,48
2025-03-21 16:00:00,4174083.0,78693986.799,4183354.6666666665,78185897.40955083,2.60478304,1.595143,2.46394104,1.644251,48
2025-03-21 20:00:00,4038932.0,77329776.09365456,4099432.5625,78549639.35095021,2.51469856,1.666854,2.38596178,1.189701,48
2025-03-22 00:00:00,3998260.0,77208196.8982702,4023100.6170212766,77440483.20654772,2.60156447,1.674006,2.43586506,0.63956,47
2025-03-22 04:00:00,3994691.0,77381159.361,3982745.9583333335,77285233.68988472,2.78514589,1.688801,2.57856204,0.990179,48
2025-03-22 08:00:00,4002775.0,77709873.85,3995579.0833333335,77814031.03554977,2.84971568,1.707438,2.62411888,0.524684,48
2025-03-22 12:00:00,4089455.0,79922648.97826645,4035592.4791666665,78264162.23623237,2.8293928,1.706779,2.5300738,1.558583,48
2025-03-22 16:00:00,4106491.0,80610932.09308901,4099300.375,80166757.42832418,2.85909713,1.689281,2.58468809,2.200152,48
2025-03-22 20:00:00,4135241.0,80260892.569,4128614.6666666665,80706460.68794549,2.90287469,1.726265,2.62524085,1.216037,48
2025-03-23 00:00:00,4133996.0,80273933.04646125,4133996.0,80273933.04646125,2.90094866,1.726272,2.62656642,1.314394,1
2025-03-23 04:00:00,4113171.0,80659283.31,4118093.0,80565804.92950572,2.95047833,1.748305,2.6675122,1.897132,48
2025-03-23 08:00:00,4118474.0,80730327.348,4126078.8125,80722208.82602592,2.91940881,1.802821,2.61837048,0.916727,48
2025-03-23 12:00:00,4092159.0,79784669.58491933,4103365.625,80246834.45386608,2.9960216,1.785002,2.6905461,0.62228,48
2025-03-23 16:00:00,4074214.0,79422727.716,4088076.9375,79538524.52098654,3.00172563,1.784942,2.71261172,2.336481,48
2025-03-23 20:00:00,4041475.0,80037370.9,4049333.0,79021181.31948863,2.97923277,1.838568,2.69593787,1.433068,48
2025-03-24 00:00:00,4041131.0,80039269.54762883,4041131.0,80039269.54762883,2.97118986,1.832944,2.69454401,1.03669,1
2025-03-24 04:00:00,4330943.0,93183519.50756022,4248423.5625,91452723.20395313,2.47097242,1.649808,2.23180235,0.535514,48
2025-03-24 08:00:00,4490265.0,97556041.78972861,4418259.083333333,96279125.41900128,2.40266417,1.610404,2.10247625,1.064914,48
2025-03-24 12:00:00,4468807.0,96128210.02258222,4457827.0625,96918022.30258776,2.44903846,1.621029,2.09853382,1.793835,48
2025-03-24 16:00:00,4394503.0,94007208.176,4425093.625,94706892.96135114,2.69747462,1.652918,2.25634603,1.440499,48
2025-03-24 20:00:00,4301270.0,92273475.1698717,4357524.104166667,92990954.8747908,2.75252257,1.655532,2.34385183,1.217318,48
2025-03-25 00:00:00,4238547.0,90511366.49606463,4231260.44680851,90875974.88798653,2.61647655,1.660864,2.2257849,0.509408,47
2025-03-25 04:00:00,4201835.0,91793287.41,4222201.625,91532185.58363332,2.62688442,1.64734,2.28221065,1.191195,48
2025-03-25 08:00:00,4271691.0,95374435.68857576,4235293.791666667,93388053.30174263,2.5204978,1.581659,2.23032598,0.960927,48
2025-03-25 12:00:00,4376959.0,98323036.69172888,4344989.458333333,97607632.68834865,2.46968305,1.63398,2.07582516,0.954594,48
2025-03-25 16:00:00,4411499.0,101993856.88,4392594.291666667,100299235.64451672,2.35953325,1.646057,2.01578192,1.218719,48
2025-03-25 20:00:00,4440272.0,101659987.52195472,4422782.479166667,101982000.69744353,2.34250495,1.667767,1.98144448,1.724485,48
2025-03-26 00:00:00,4457488.0,100658994.016,4437282.957446809,101648791.16011192,2.44643257,1.672899,2.04371506,0.588354,47
2025-03-26 04:00:00,4306849.0,98428727.046,4378386.416666667,99261227.25818539,2.62485401,1.691975,2.25030618,1.165034,48
2025-03-26 08:00:00,4271802.0,97567957.68,4289111.75,97662819.6789105,2.67050529,1.661275,2.2793849,0.743058,48
2025-03-26 12:00:00,4323460.0,95803550.14,4295316.479166667,96239076.1522258,3.03865502,1.830697,2.48264771,1.324022,48
2025-03-26 16:00:00,4376179.0,96656665.573,4348387.520833333,96179495.56533818,3.00296736,1.914332,2.46642437,0.843048,48
2025-03-26 20:00:00,4365583.0,96409534.972,4367903.541666667,96421462.86638765,3.18546791,1.944026,2.62973071,1.134005,48
2025-03-27 00:00:00,4262861.0,94656828.505,4307317.127659574,95607272.3807383,3.26634034,1.921936,2.76678646,1.901349,47
2025-03-27 04:00:00,4271952.0,94264892.832,4270108.9375,94152267.51389396,3.09991742,1.906468,2.61431127,1.791041,48
2025-03-27 08:00:00,4274487.0,93303502.236,4296964.041666667,94485395.8674403,3.18578767,1.914586,2.6715949,0.490972,48
2025-03-27 12:00:00,4151586.0,91239405.522,4238074.375,93038708.87488687,3.38208685,1.834864,2.81428294,2.1613,48
2025-03-27 16:00:00,4162069.0,91572895.47540595,4155201.0625,91297464.60720511,3.15724534,1.844679,2.72213798,0.4323,48
2025-03-27 20:00:00,4126051.0,90806130.408,4140697.9166666665,91310740.88327406,3.16138329,1.831356,2.70118846,1.611383,48
2025-03-28 00:00:00,4125375.0,90770626.125,4125375.0,90770626.125,3.16459717,1.830517,2.7044037,0.827077,1
2025-03-28 04:00:00,3994881.0,82767691.75915416,4043474.6458333335,86055316.81262343,3.04599709,1.989866,2.67437226,0.786961,48
2025-03-28 08:00:00,4006933.0,82367151.36951506,4016712.7916666665,82417090.32054794,3.19235329,1.962743,2.8808387,0.947088,48
2025-03-28 12:00:00,3992222.0,79794394.66275239,4009236.25,81248894.87482397,3.04863052,1.91087,2.79964469,0.363474,48
2025-03-28 16:00:00,4013535.0,79624520.865,4016389.8333333335,79863505.58219156,2.95434664,1.91687,2.70068545,1.270621,48
2025-03-28 20:00:00,3969018.0,80872710.768,3977578.9583333335,80247089.71038844,2.8381877,1.762023,2.68826923,0.998257,48
2025-03-29 00:00:00,3932103.0,80303231.64722376,3964221.1914893617,80565060.7762066,2.78196286,1.773357,2.66347443,0.68398,47
2025-03-29 04:00:00,3974308.0,78882065.184,3951897.375,79722023.16020621,2.76200528,1.786453,2.57572362,0.890863,48
2025-03-29 08:00:00,3999036.0,79100932.08,3986915.1666666665,79585631.3700353,2.86766334,1.827196,2.60467791,2.649747,48
2025-03-29 12:00:00,4101719.0,82034925.69269578,4044384.6458333335,81194603.50573629,2.89784053,1.68631,2.69261978,0.877793,48
2025-03-29 16:00:00,4119389.0,81765752.261,4114230.1875,81719841.51770009,2.8700471,1.656056,2.70598523,1.203923,48
2025-03-29 20:00:00,4105915.0,80841360.435,4113027.1458333335,80785778.57029283,3.18415668,1.647721,2.84554612,0.714329,48
2025-03-30 00:00:00,4090687.0,80452522.42118382,4102937.7021276597,80752498.79918545,2.92497893,1.511704,2.82428888,0.538989,47
2025-03-30 04:00:00,4145740.0,80565652.9529694,4121063.0,80576573.84522693,2.87938173,1.507756,2.73752202,1.028178,48
2025-03-30 08:00:00,4130644.0,79961006.552,4139611.5208333335,80526448.50966863,2.79146538,1.471481,2.64606106,0.733243,48
2025-03-30 12:00:00,4133303.0,79772747.9,4134683.2708333335,79789743.20783402,2.73790747,1.465594,2.5692111,0.415319,48
2025-03-30 16:00:00,4145789.0,79251737.23715727,4133435.0625,79247006.86274886,2.76310217,1.480491,2.59819787,0.77283,48
2025-03-30 20:00:00,4152537.0,78350068.116,4129639.3958333335,78348805.02022423,2.8233703,1.44759,2.72591298,1.398322,48
2025-03-31 00:00:00,4181826.0,77859744.05814266,4163837.8085106383,78225291.61916761,2.90702193,1.471133,2.83222558,0.383721,47
2025-03-31 04:00:00,4137615.0,76341996.520875,4175392.6666666665,78024436.33805095,2.9480592,1.480516,2.87355857,0.65779,48
2025-03-31 08:00:00,4089484.0,76367024.216,4112580.1458333335,75918082.61346628,2.83419689,1.560459,2.74467666,1.367159,48
2025-03-31 12:00:00,3959366.0,75378409.908,4021409.5,75607768.79504944,2.67782101,1.51911,2.67752937,0.865167,48
2025-03-31 16:00:00,3922972.0,73355653.428,3932877.25,74095156.99518618,2.7011041,1.557609,2.66393911,1.482461,48
2025-03-31 20:00:00,3921313.0,73567753.193,3923827.3333333335,73509087.17574124,2.65885417,1.568148,2.57778602,0.59666,48
2025-04-01 00:00:00,3914223.0,74315437.878,3908130.425531915,73801923.05577177,2.65190365,1.571642,2.56901983,0.736066,47
2025-04-01 04:00:00,3959067.0,76462494.96052839,3947373.8125,75867406.48019795,2.65216258,1.517744,2.55933148,0.532316,48
2025-04-01 08:00:00,3844900.0,74484810.110298,3882839.3958333335,75759153.65338863,2.58245161,1.501,2.49926117,0.493118,48
2025-04-01 12:00:00,3739263.0,74261763.18,3822254.7083333335,74311602.68231577,2.61003757,1.574016,2.5226968,0.84847,48
2025-04-01 16:00:00,3712620.0,72213946.263966,3721902.125,72825715.4206582,2.70558102,1.60478,2.57200153,2.078271,48
2025-04-01 20:00:00,3880148.0,76787487.57033709,3729079.4375,72997614.27929014,2.65457914,1.587064,2.55671078,0.544991,48
2025-04-02 00:00:00,3883352.0,76915448.59788416,3883352.0,76915448.59788416,2.65175972,1.587404,2.55624882,1.934631,1
2025-04-02 04:00:00,3753774.0,71488213.20437472,3734980.7291666665,71018142.93746978,2.72473295,1.708982,2.54568478,1.501563,48
2025-04-02 08:00:00,3771909.0,72541072.5035886,3760752.9375,72626265.11380903,2.65134409,1.649017,2.49466056,0.402223,48
2025-04-02 12:00:00,3747357.0,73328281.776,3762381.0,72425850.05797662,2.67586969,1.704766,2.47873163,0.961341,48
2025-04-02 16:00:00,3760912.0,72840909.75719166,3745664.5,73015782.04699515,2.84186576,1.81248,2.61656076,0.706901,48
2025-04-02 20:00:00,3881529.0,69871403.529,3806150.4791666665,70990029.90023185,2.86255656,1.617234,2.63947211,1.652822,48
2025-04-03 00:00:00,3811557.0,71486473.29143351,3842328.3191489363,71140480.05781215,2.40718105,1.579619,2.3502888,0.696625,47
2025-04-03 04:00:00,3850928.0,70564404.672,3828141.8125,71335064.90108003,2.42743386,1.687394,2.32995765,3.64611,48
2025-04-03 08:00:00,3885509.0,70207262.121,3854522.1666666665,70424316.16630109,2.33,1.62535,2.21638438,1.191152,48
2025-04-03 12:00:00,4001434.0,71857751.772,3931626.0208333335,70514189.85253406,2.52141919,1.604958,2.39341229,1.26586,48
2025-04-03 16:00:00,3988054.0,71792948.108,3986729.5833333335,71692519.40320347,2.38627354,1.575161,2.31764915,1.476969,48
2025-04-03 20:00:00,3938386.0,71430506.882,3959783.0,71573655.76212096,2.38325123,1.5362,2.33475253,0.58092,48
2025-04-04 00:00:00,3942399.0,71511175.461,3942399.0,71511175.461,2.38987654,1.53514,2.33860366,0.754198,1
2025-04-04 04:00:00,4011770.0,74498568.9,4004382.4791666665,73177232.35203978,2.39456443,1.520202,2.31195233,0.756026,48
2025-04-04 08:00:00,4065983.0,72341453.64407696,4021645.0625,73596690.67420864,2.4990005,1.533082,2.39469439,0.927597,48
2025-04-04 12:00:00,4012456.0,72517117.288,4061683.0833333335,73220424.17324804,2.35394054,1.538018,2.2466443,0.728032,48
2025-04-04 16:00:00,4036077.0,72984380.391,4054134.0208333335,73051929.7881107,2.35717647,1.561128,2.2392424,0.737238,48
2025-04-04 20:00:00,4015465.0,72981076.375,4031482.4791666665,73310237.42220713,2.32313799,1.58401,2.19442623,0.602808,48
2025-04-05 00:00:00,3981534.0,72085673.07,3996207.425531915,72719770.96761051,2.42087379,1.644557,2.23510602,0.503087,47
2025-04-05 04:00:00,3993348.0,72631013.424,3982719.7083333335,72162062.9500207,2.53185111,1.620368,2.3182364,0.787955,48
2025-04-05 08:00:00,3987837.0,72669289.61633167,3998063.9791666665,72907893.3379096,2.50357583,1.601271,2.31220177,1.486279,48
2025-04-05 12:00:00,4052933.0,72202047.94251174,4024989.7083333335,72436206.49874108,2.5057359,1.640951,2.3521487,0.897806,48
2025-04-05 16:00:00,4057767.0,72394621.047,4069874.0833333335,72824556.33938858,2.54554455,1.639925,2.40733691,0.832521,48
2025-04-05 20:00:00,4067590.0,72879010.03,4058951.7083333335,72303479.54323114,2.56998272,1.627799,2.44225108,1.441418,48
2025-04-06 00:00:00,4330033.0,75247313.474,4182012.9574468085,73581775.08615611,2.59577084,1.469303,2.54024217,1.208838,47
2025-04-06 04:00:00,4505043.0,77634093.24946979,4425429.541666667,76732696.29955228,2.64165241,1.401064,2.57887349,1.668966,48
2025-04-06 08:00:00,4573795.0,78559502.92,4554802.770833333,78466275.50839178,2.62539072,1.419723,2.52846914,4.921971,48
2025-04-06 12:00:00,4686694.0,80970827.6760915,4654482.0625,79493243.69163717,2.53237579,1.422435,2.49311107,0.730814,48
2025-04-06 16:00:00,4479434.0,73238745.9,4580436.875,76649342.39017482,2.57426726,1.484586,2.45926716,1.109896,48
2025-04-06 20:00:00,4449337.0,71127101.282,4430475.604166667,71405966.46805179,2.69547002,1.490037,2.54900488,0.848716,48
2025-04-07 00:00:00,4446009.0,71278416.288,4446009.0,71278416.288,2.69114189,1.486934,2.54845361,1.202005,1
2025-04-07 04:00:00,4375679.0,64681286.978,4388870.104166667,68016066.05992715,2.59268036,1.449197,2.54529307,0.885086,48
2025-04-07 08:00:00,4365751.0,67344330.02264032,4347869.229166667,66888585.08513662,2.51849935,1.415337,2.47299635,1.314665,48
2025-04-07 12:00:00,4315993.0,70754775.66485703,4338755.708333333,69580367.95013939,2.45469299,1.352323,2.4017111,0.852848,48
2025-04-07 16:00:00,4224962.0,70586440.134,4248684.395833333,70913080.59784263,2.35910878,1.44084,2.29066207,0.730487,48
2025-04-07 20:00:00,4220952.0,70506304.98716688,4213430.791666667,70740677.71838497,2.41451054,1.397307,2.32806172,1.219918,48
2025-04-08 00:00:00,4230616.0,72385107.69420736,4234741.936170213,72187732.47082517,2.55201072,1.391331,2.37745483,0.405288,47
2025-04-08 04:00:00,4249040.0,72159323.074712,4252581.75,73165042.77834755,2.52649709,1.35204,2.30760478,1.493005,48
2025-04-08 08:00:00,4226377.0,73684394.9268601,4230605.041666667,71895364.45787908,2.53054239,1.342521,2.31860902,0.830328,48
2025-04-08 12:00:00,4235137.0,72436619.60175788,4185296.6458333335,72692154.2312604,2.49655903,1.337758,2.2426647,1.207226,48
2025-04-08 16:00:00,4257737.0,68685726.4261652,4231157.416666667,69782344.70636973,2.61602715,1.388062,2.4892638,1.44906,48
2025-04-08 20:00:00,4194895.0,67638486.98,4192948.9166666665,67460797.91872232,2.77191558,1.391927,2.64766634,1.154497,48
2025-04-09 00:00:00,4223235.0,67939450.84516065,4223992.14893617,67899845.92954771,2.70083626,1.344891,2.628734,1.260746,47
2025-04-09 04:00:00,4201295.0,69943011.48448075,4234657.395833333,69945112.73483995,2.74875622,1.308543,2.67379124,0.806723,48
2025-04-09 08:00:00,4197577.0,67891610.398,4180505.1458333335,68962999.11932813,2.76201055,1.342658,2.65261209,0.887703,48
2025-04-09 12:00:00,4172828.0,70333015.94,4187668.2708333335,68804851.5361863,2.65864214,1.310974,2.52379072,0.84045,48
2025-04-09 16:00:00,4174156.0,77183227.72207096,4181632.8125,75272079.93749285,2.38932456,1.360685,2.25847846,1.547984,48
2025-04-09 20:00:00,4139352.0,76297666.35545714,4144083.5208333335,76852914.23627,2.43011862,1.394736,2.24184436,1.011515,48
2025-04-10 00:00:00,4138189.0,76272223.77217256,4138189.0,76272223.77217256,2.4369509,1.393437,2.24648787,1.807593,1
2025-04-10 04:00:00,4024544.0,72773457.36748448,4029021.75,73205612.75774635,2.89837869,1.446513,2.49910555,0.897734,48
2025-04-10 08:00:00,3942782.0,70875449.232,3966093.8125,71410705.48003896,2.93319779,1.452585,2.53536152,1.064991,48
2025-04-10 12:00:00,4007880.0,71165747.077614,3971371.1666666665,71862309.72148342,2.89659157,1.464039,2.5080405,1.804,48
2025-04-10 16:00:00,4015149.0,72947227.032,3998680.8541666665,71770872.80773456,2.92318841,1.456242,2.66707416,2.251182,48
2025-04-10 20:00:00,4056060.0,74365264.4649636,4033739.5208333335,73631779.44137184,3.16574586,1.445096,2.83494728,0.763381,48
2025-04-11 00:00:00,4115624.0,75940977.16678184,4073815.212765957,75264587.86765555,3.04946043,1.435199,2.82666955,0.424081,47
2025-04-11 04:00:00,4141862.0,76674606.81265791,4125431.0625,76360036.11941928,2.82112912,1.434024,2.59764377,1.353158,48
2025-04-11 08:00:00,4162442.0,78483899.2971691,4151946.1875,77521188.02942404,2.59026688,1.377352,2.41456111,0.613293,48
2025-04-11 12:00:00,4292715.0,82583251.17,3892573.5625,74572058.03482176,2.41094179,1.290909,2.27702336,0.592664,48
2025-04-11 16:00:00,4286486.0,82443309.67644429,4294859.354166667,82854288.79079808,2.4049049,1.298224,2.27897696,2.55434,48
2025-04-11 20:00:00,4189837.0,80398782.193,4253010.833333333,81585009.09667638,2.55419169,1.338275,2.34325323,2.806222,48
2025-04-12 00:00:00,4142701.0,78375130.36273997,4157562.6808510637,78884968.9908866,2.79175824,1.341501,2.5356025,0.940402,47
2025-04-12 04:00:00,4115556.0,78779972.952,4118389.25,78658728.49895754,2.92517781,1.362747,2.69692025,2.281808,48
2025-04-12 08:00:00,4156626.0,79520412.006,4144095.1458333335,79079108.81929527,2.89517937,1.31668,2.68417899,0.784054,48
2025-04-12 12:00:00,4366658.0,89730455.242,4238267.1875,83217625.70214571,2.78969714,1.306263,2.60516076,0.61436,48
2025-04-12 16:00:00,4285303.0,86528838.176,4270220.708333333,86911283.661607,2.88892128,1.340187,2.70473596,1.445185,48
2025-04-12 20:00:00,4349589.0,89046220.85041931,4340299.166666667,88661655.94191597,2.93859389,1.329052,2.731299,1.260082,48
2025-04-13 00:00:00,4284055.0,86720049.99739581,4324902.914893617,88185769.67720616,2.81285073,1.375301,2.58782961,1.683016,47
2025-04-13 04:00:00,4091911.0,81510867.12,4245553.9375,85095227.2129051,2.80922904,1.387774,2.57480793,0.442797,48
2025-04-13 08:00:00,4104114.0,81860854.841472,4110245.1666666665,82425948.53823115,2.8708025,1.372063,2.64971405,0.606212,48
2025-04-13 12:00:00,4065378.0,80099170.0923135,4092855.8125,80849288.47440071,3.04959905,1.408293,2.75073069,1.054771,48
2025-04-13 16:00:00,4000037.0,78900729.825,4056015.9375,81460726.74228184,3.10565111,1.442137,2.83245729,1.050132,48
2025-04-13 20:00:00,3993458.0,78107277.55924156,4002202.0416666665,78207095.7168298,3.091303,1.488884,2.81707855,1.846612,48
2025-04-14 00:00:00,3999162.0,78283596.15,3999162.0,78283596.15,3.09984496,1.483834,2.80963908,1.431485,1
2025-04-14 04:00:00,4155143.0,83329147.1348628,4117931.625,82296432.5857435,2.60905025,1.442044,2.41389671,1.564462,48
2025-04-14 08:00:00,4217311.0,86416919.701,4185773.7916666665,84696921.32484335,2.52405063,1.384753,2.3227882,2.19266,48
2025-04-14 12:00:00,4168505.0,82543055.268784,4237738.145833333,86059915.7079703,2.66455362,1.371868,2.5263755,0.497172,48
2025-04-14 16:00:00,4130880.0,84000338.5916448,4135348.9166666665,83562098.67584915,2.69940152,1.459459,2.56319377,1.106865,48
2025-04-14 20:00:00,4106632.0,82473490.456,4103159.6041666665,82843842.68847494,2.70347089,1.471705,2.5885939,1.226868,48
2025-04-15 00:00:00,4111704.0,82748517.65510976,4122713.9787234045,82625281.56213485,2.69303621,1.474488,2.63777279,1.358636,47
2025-04-15 04:00:00,4204976.0,84112134.928,4162915.6808510637,83352216.0133082,2.7706448,1.441979,2.71011513,0.402223,47
2025-04-15 08:00:00,4308486.0,85527755.586,4263989.045454546,85085434.29785024,2.76463964,1.411263,2.69489465,1.050644,44
2025-04-15 12:00:00,4275329.0,83604058.595,3884303.113207547,77107235.86187114,3.10184317,1.418374,2.98616071,0.435557,53
2025-04-15 16:00:00,4187525.0,80929342.464869,4245261.666666667,82588285.28004839,2.93903151,1.50938,2.80178128,1.049695,48
2025-04-15 20:00:00,4122284.0,78457919.89534856,4152232.3333333335,79796764.80733018,2.92157434,1.611717,2.80087664,2.229327,48
2025-04-16 00:00:00,4129204.0,78466666.3226414,4129204.0,78466666.3226414,2.92583942,1.618379,2.79533139,0.907185,1
2025-04-16 04:00:00,4118656.0,76844201.09465088,4110332.0833333335,77217262.64826187,2.82721626,1.622271,2.81130903,1.258262,48
2025-04-16 08:00:00,4050417.0,76504276.296,4064018.625,76495086.7021179,2.55487966,1.596433,2.61411765,0.570554,48
2025-04-16 12:00:00,4099512.0,78014633.2904928,4075206.5208333335,77176621.13435724,2.51630577,1.554995,2.59181309,1.153503,48
2025-04-16 16:00:00,4063494.0,77259211.422,4080017.9583333335,77040744.60250852,2.70943827,1.543705,2.68321318,1.314887,48
2025-04-16 20:00:00,4022755.0,75458838.29,4025124.1041666665,76091246.6907769,2.5674082,1.543776,2.58153665,0.481968,48
2025-04-17 00:00:00,4012873.0,76031904.731,4024462.9787234045,75893575.30175868,2.51630577,1.57632,2.53025937,0.829009,47
2025-04-17 04:00:00,3944902.0,76458760.06690246,3986371.3541666665,76723800.13696761,2.43476045,1.616177,2.49346467,0.514132,48
2025-04-17 08:00:00,3936250.0,75816111.25,3928668.4791666665,75716986.21287042,2.52308098,1.625529,2.49588201,1.104001,48
2025-04-17 12:00:00,3947027.0,75411897.862,3968028.875,76095545.2839662,2.54854239,1.627848,2.52123703,0.823565,48
2025-04-17 16:00:00,3931775.0,75037925.875,3937160.9166666665,76050812.87306459,2.98883994,1.681401,2.87401407,1.117733,48
2025-04-17 20:00:00,3931187.0,74872498.68199556,3943917.9375,75300011.9334042,2.74059841,1.658782,2.67647059,1.043271,48
2025-04-18 00:00:00,3935117.0,74935460.07332174,3935117.0,74935460.07332174,2.74046639,1.653507,2.67983075,0.503036,1
2025-04-18 04:00:00,3949295.0,75585849.5687736,3949040.1875,75168901.88456123,2.79189485,1.659921,2.70702034,0.503598,48
2025-04-18 08:00:00,3982435.0,76044596.325,3963910.3125,75851737.66349898,2.70821153,1.652618,2.62944359,1.641571,48
2025-04-18 12:00:00,4044117.0,76506605.406,4001532.6041666665,76111380.64191128,2.64793814,1.586656,2.5548315,0.999617,48
2025-04-18 16:00:00,4008242.0,76560616.24780254,4043586.1666666665,76947427.29217257,2.57389538,1.594021,2.47642544,1.11971,48
2025-04-18 20:00:00,3941217.0,75159554.0485545,3969084.5208333335,75986819.2542725,2.55329433,1.619406,2.43989071,1.007122,48
2025-04-19 00:00:00,3940878.0,75117641.50748958,3940878.0,75117641.50748958,2.56042835,1.620622,2.44570177,0.682591,1
2025-04-19 04:00:00,3925858.0,76357064.51807784,3942599.1875,76072406.53922592,2.81104092,1.655423,2.64287107,0.537765,48
2025-04-19 08:00:00,3949898.0,76932163.346,3942763.7916666665,77020290.06221944,2.83442623,1.659305,2.57377969,1.122172,48
2025-04-19 12:00:00,3955737.0,77813302.527,3954094.0625,77673101.82444823,2.77181208,1.626323,2.50292077,1.044955,48
2025-04-19 16:00:00,4035201.0,80799257.07886557,3979744.3958333335,79118010.12487175,2.79799349,1.63306,2.52745424,0.637234,48
2025-04-19 20:00:00,4120635.0,82033601.58,4093982.75,82305796.01440595,2.97832053,1.696942,2.76182336,2.007477,48
2025-04-20 00:00:00,4112271.0,81654611.7114611,4119868.425531915,82137583.60578655,3.1670461,1.672812,2.86906615,3.416626,47
2025-04-20 04:00:00,4063014.0,79719945.8868432,4110119.4166666665,81431091.79148665,3.24022512,1.686323,2.90238525,2.315894,48
2025-04-20 08:00:00,4064145.0,78255111.975,4074068.3125,79600890.07338984,3.42852807,1.747656,3.07852004,1.273092,48
2025-04-20 12:00:00,4073094.0,78787475.64516996,4090932.1041666665,79349027.22012135,3.41186997,1.726721,3.06324031,0.316453,48
2025-04-20 16:00:00,4086748.0,79859142.668,4079021.8125,79261649.61566083,3.30518909,1.728082,3.0568159,0.907386,48
2025-04-20 20:00:00,4052817.0,78982708.19790049,4057391.0625,79073905.05420968,3.09270977,1.714448,2.89879241,0.893619,48
2025-04-21 00:00:00,4052481.0,79013299.60190946,4052481.0,79013299.60190946,3.09388767,1.712615,2.90531976,0.933366,1
2025-04-21 04:00:00,4071243.0,83823013.190434,3919552.0833333335,79216961.68916716,3.01041373,1.63945,2.80196464,0.955872,48
2025-04-21 08:00:00,4184883.0,85974236.352,4158899.8333333335,85843039.56425212,2.97799718,1.630806,2.71802326,0.951158,48
2025-04-21 12:00:00,4232219.0,87022887.078,4192540.4583333335,86019626.67010535,3.13115693,1.576915,2.87549174,0.610978,48
2025-04-21 16:00:00,4173119.0,83836287.7483241,4175143.0833333335,84161709.66016042,3.20854649,1.66338,2.95655789,1.176172,48
2025-04-21 20:00:00,4113667.0,81927004.28704284,4155455.0833333335,82739234.97883184,3.04633867,1.721655,2.85584494,2.362063,48
2025-04-22 00:00:00,4032423.0,80186239.03763549,4058229.765957447,80588597.0423001,3.13038383,1.671338,3.00959079,2.502438,47
2025-04-22 04:00:00,4068708.0,82110596.148,4033706.5625,80007307.58830969,3.05288598,1.641402,2.93072165,0.421113,48
2025-04-22 08:00:00,4065245.0,82894872.1190026,4052685.2083333335,82092331.8754486,2.9932641,1.621556,2.85140562,0.429389,48
2025-04-22 12:00:00,4298212.0,92415747.38127217,4127272.2708333335,86051281.2413861,2.61667982,1.564102,2.43945349,0.508082,48
2025-04-22 16:00:00,4479692.0,96504538.37362072,4411702.4375,95454168.41089995,2.9350723,1.564769,2.68563525,3.220043,48
2025-04-22 20:00:00,4518752.0,99611369.088,4514376.645833333,98737508.73965846,2.99134449,1.571657,2.78178484,1.200197,48
2025-04-23 00:00:00,4523941.0,99893141.221,4523941.0,99893141.221,2.95689409,1.571024,2.70416667,1.077521,1
2025-04-23 04:00:00,4246937.0,96931400.89506365,4268891.791666667,96586009.60778855,2.96200056,1.699506,2.67110758,1.333519,48
2025-04-23 08:00:00,4329182.0,98142297.0549164,4298087.8125,98202076.79402994,2.83436076,1.722376,2.43685637,0.539654,48
2025-04-23 12:00:00,4189711.0,92795328.28650953,4258174.645833333,95896630.0588715,3.31295844,1.976925,2.70817585,1.822718,48
2025-04-23 16:00:00,4090945.0,90814048.79763325,4109550.125,91624450.66828497,3.4229798,2.046693,2.81553597,1.596444,48
2025-04-23 20:00:00,4051697.0,90385256.676,4077647.3125,91269349.16139944,3.43276515,2.091542,2.85078318,0.816962,48
2025-04-24 00:00:00,4052649.0,90487546.872,4052649.0,90487546.872,3.43850775,2.09467,2.84916546,1.131563,1
2025-04-24 04:00:00,4131148.0,90216924.08180648,4145837.2916666665,91152187.20446028,3.32634823,2.119875,2.75588952,0.536529,48
2025-04-24 08:00:00,4190574.0,92230343.166,4161219.7083333335,91081427.05312358,3.42137974,2.115889,2.87459283,1.279833,48
2025-04-24 12:00:00,4134889.0,92692404.41120496,4153493.0,92058820.97297372,3.59165329,2.133054,3.04719388,1.090082,48
2025-04-24 16:00:00,4139354.0,92183612.84850156,4138478.3958333335,92056976.24288283,3.59095284,2.324615,3.008195,1.817553,48
2025-04-24 20:00:00,4115201.0,91902917.97741055,4130293.0625,91898315.24148704,3.65383371,2.354373,3.06371719,2.188077,48
2025-04-25 00:00:00,4114174.0,92029958.206,4114174.0,92029958.206,3.65576425,2.353685,3.07279287,0.982363,1
2025-04-25 04:00:00,4111817.0,91746972.721,4114536.3125,91325377.19918813,3.59711538,2.386844,3.0033557,1.205942,48
2025-04-25 08:00:00,4097651.0,92270905.218,4114100.2708333335,92108343.90405633,3.44162592,2.312796,2.89872153,0.52585,48
2025-04-25 12:00:00,4061884.0,91875754.196,4075738.2083333335,91739086.89082949,3.39312861,2.253863,2.86362727,0.725644,48
2025-04-25 16:00:00,4087704.0,91180325.424,4082732.0833333335,91734591.42308234,3.44064138,2.226707,2.92244898,2.295321,48
2025-04-25 20:00:00,4094270.0,90835474.22,4091794.9583333335,91183540.56137018,3.38973732,2.213657,2.87939394,1.306356,48
2025-04-26 00:00:00,4018724.0,90863349.64,4076313.936170213,92139124.66725579,3.45320197,2.0005,2.93979381,0.671425,47
2025-04-26 04:00:00,4053674.0,91248201.74,4047332.1041666665,90986653.50596981,3.50900062,1.950437,2.98737583,0.556536,48
2025-04-26 08:00:00,4123506.0,90379004.508,4091622.6458333335,91148578.22368686,3.31994048,1.842316,2.79415828,0.499107,48
2025-04-26 12:00:00,4049277.0,89200948.92650694,4074284.5833333335,89271618.91983111,3.17277487,1.847383,2.71182837,0.900259,48
2025-04-26 16:00:00,4056156.0,89568036.792,4048324.4583333335,89038335.17617045,2.91019868,1.750244,2.55,1.493539,48
2025-04-26 20:00:00,4015180.0,90017593.99494419,4042636.125,89953717.55851717,2.90343915,1.752151,2.57510419,0.709117,48
2025-04-27 00:00:00,4014986.0,89927656.428,4014986.0,89927656.428,2.90701987,1.754603,2.57611453,0.437878,1
2025-04-27 04:00:00,3895687.0,86741366.742,3886347.8333333335,86447359.57712965,3.0471859,1.826128,2.63243762,0.395412,48
2025-04-27 08:00:00,3928580.0,86782332.2,3915784.125,87326367.10477568,3.11888313,1.81286,2.67115644,0.57719,48
2025-04-27 12:00:00,3997529.0,87490148.43260938,3938373.3125,86635246.2392592,3.00225861,1.839816,2.60451014,1.421614,48
2025-04-27 16:00:00,3994884.0,88358844.312,3999422.0416666665,87397948.10172729,2.88849509,1.812605,2.58938285,1.938535,48
2025-04-27 20:00:00,3952204.0,85976245.816,3954015.0625,86733004.72146256,2.86325481,1.798719,2.55014859,0.664937,48
2025-04-28 00:00:00,3985312.0,86688506.624,3968080.744680851,85004872.84924282,2.8812101,1.875619,2.53315599,0.597573,47
2025-04-28 04:00:00,3937929.0,87681927.114,3970336.125,87398836.2852415,2.95988701,1.789485,2.64803272,0.478098,48
2025-04-28 08:00:00,3918007.0,87197544.36216669,3921342.9583333335,87185047.15667133,3.05243553,1.790886,2.72863831,0.477779,48
2025-04-28 12:00:00,3891642.0,83027690.47778256,3929027.4375,85789971.40391754,3.16242318,1.776306,2.79813047,0.945978,48
2025-04-28 16:00:00,3847671.0,84579503.922,3871030.6875,83890195.51605472,3.06914286,1.685985,2.78622047,1.257732,48
2025-04-28 20:00:00,3863600.0,84377160.4,3860752.9375,84293143.89784044,3.07745267,1.737737,2.77308448,0.664739,48
2025-04-29 00:00:00,3862682.0,84303034.65,3862682.0,84303034.65,3.08740656,1.739015,2.78388495,0.735327,1
2025-04-29 04:00:00,3954381.0,87544604.84645224,3875732.7916666665,84943590.2602984,3.0502809,1.770581,2.7335001,1.718239,48
2025-04-29 08:00:00,3960016.0,87589987.48390944,3950447.1875,87493232.05986597,3.0721386,1.815818,2.72457951,0.472381,48
2025-04-29 12:00:00,3996727.0,87970198.39797097,3967762.1666666665,87423359.18537286,3.11559216,1.911697,2.7975024,0.36916,48
2025-04-29 16:00:00,3907009.0,85399402.722,3937966.2916666665,86907736.89212157,3.22588167,1.913142,2.92189349,1.004634,48
2025-04-29 20:00:00,3845055.0,82784034.15,3841700.4375,82915082.22698222,2.91639522,1.879749,2.6828169,2.022521,48
2025-04-30 00:00:00,3847656.0,84101707.51618728,3837368.404255319,83495353.08281521,3.19210155,1.804741,2.9124031,1.250447,47
2025-04-30 04:00:00,3856389.0,83128321.284,3856163.0,83640810.65383546,3.11139312,1.809183,2.84381026,1.076466,48
2025-04-30 08:00:00,3907263.0,84600086.84272937,3898362.75,84194082.8581642,3.14,1.793923,2.88456376,0.895389,48
2025-04-30 12:00:00,4016944.0,84155294.2590843,3957454.7083333335,83082303.00599511,3.05684455,1.726423,2.79301449,0.761125,48
2025-04-30 16:00:00,4070092.0,85356384.24526876,4060525.6458333335,84852723.33438121,2.72843367,1.76585,2.5654393,1.239286,48
2025-04-30 20:00:00,4057278.0,84752565.9534297,4056383.2708333335,85283869.6830752,2.74863103,1.789436,2.57824116,0.548593,48
2025-05-01 00:00:00,4075205.0,85330717.495,4079322.723404255,86006689.7100994,2.84047109,1.820822,2.5455036,0.8151,47
2025-05-01 04:00:00,4139146.0,87801242.25813359,4140084.5208333335,87126753.58638828,2.8584583,1.830844,2.54598411,1.314193,48
2025-05-01 08:00:00,4118716.0,88399397.86898306,4137475.625,88421051.59116612,2.73061328,1.86447,2.46603099,0.5868,48
2025-05-01 12:00:00,4048094.0,86353185.67173584,4090720.8125,87387167.03821914,2.76633613,1.798477,2.51218681,0.536411,48
2025-05-01 16:00:00,3999393.0,87299471.29458825,4037149.1875,86898225.44800782,2.7582756,1.784218,2.50821636,0.46367,48
2025-05-01 20:00:00,3996464.0,86463498.64,3995584.4166666665,86539390.55332077,2.78549061,1.844099,2.53844816,1.450704,48
2025-05-02 00:00:00,3994666.0,86402285.46471053,3994666.0,86402285.46471053,2.78948745,1.846002,2.54244379,1.052952,1
2025-05-02 04:00:00,4068484.0,86764489.784,4091792.2291666665,88662377.26095729,3.11304348,1.806419,2.7217682,1.577229,48
2025-05-02 08:00:00,4064226.0,86527371.54,4084818.6458333335,87232395.07606201,3.12319677,1.785003,2.79052416,0.55854,48
2025-05-02 12:00:00,4006245.0,85706228.70615195,4015848.9166666665,85755181.04418859,3.02790304,1.764602,2.76073279,0.522419,48
2025-05-02 16:00:00,4049979.0,85128705.14761043,4019798.6666666665,85762124.09516697,2.78767848,1.739284,2.58386299,1.876368,48
2025-05-02 20:00:00,4022774.0,85380388.66572963,4040609.9166666665,85471604.34050938,2.73677352,1.713284,2.54608696,1.776684,48
2025-05-03 00:00:00,4011725.0,84559139.55,4009544.9787234045,84695492.92389238,2.6932891,1.738238,2.51154438,1.173944,47
2025-05-03 04:00:00,4045249.0,84630654.329,4030412.4583333335,84719670.93162556,2.64198149,1.722409,2.48960973,0.662526,48
2025-05-03 08:00:00,4118093.0,85228653.22832125,4080519.375,85035270.82054491,2.55914501,1.678474,2.42656534,1.307788,48
2025-05-03 12:00:00,4150748.0,86497437.572,4133759.3541666665,86138375.31633641,2.53967873,1.604737,2.42838478,0.7233,48
2025-05-03 16:00:00,4201773.0,87583863.97931907,4182705.7916666665,86625294.05695042,2.45670588,1.568354,2.34274711,1.872075,48
2025-05-03 20:00:00,4193778.0,86148587.676,4194043.625,86839093.37863441,2.4965435,1.562389,2.39160953,1.419009,48
2025-05-04 00:00:00,4269066.0,86747421.12,4230438.361702127,86435912.35693675,2.36626562,1.534227,2.33495303,1.567493,47
2025-05-04 04:00:00,4277422.0,86343799.92978674,4272914.104166667,86614303.63481422,2.40605918,1.536867,2.36208872,1.128858,48
2025-05-04 08:00:00,4290877.0,86037095.20815709,4277060.208333333,85946473.19493629,2.43244507,1.56563,2.34884095,0.421142,48
2025-05-04 12:00:00,4432434.0,88511274.546,4372759.145833333,87485168.9122429,2.42321924,1.485037,2.35067837,2.101941,48
2025-05-04 16:00:00,4456234.0,89035054.26104906,4452303.979166667,88903663.70352401,2.37588815,1.470776,2.3293594,0.98741,48
2025-05-04 20:00:00,4461892.0,88791650.8,4472372.458333333,89556213.56020217,2.3837963,1.448133,2.35350267,1.630847,48
2025-05-05 00:00:00,4442727.0,88685367.39779416,4463991.489361702,89244343.04810135,2.32801418,1.431024,2.37722196,0.688153,47
2025-05-05 04:00:00,4492088.0,89826114.77623008,4456113.104166667,89249357.31015901,2.56549749,1.433784,2.57436657,1.04773,48
2025-05-05 08:00:00,4553445.0,88791227.3781663,4494276.895833333,88948438.35655104,2.64968308,1.482235,2.63413405,0.702346,48
2025-05-05 12:00:00,4713907.0,91298950.776,4684188.979166667,91322518.93100566,2.47402005,1.458178,2.48425573,0.846446,48
2025-05-05 16:00:00,4677897.0,91701019.73610963,4695799.708333333,92129507.77241312,2.44124319,1.446581,2.45758964,1.806446,48
2025-05-05 20:00:00,4636641.0,91147088.778,4655452.75,91497510.07169189,2.4474646,1.451916,2.47549098,0.489635,48
2025-05-06 00:00:00,4596287.0,90666357.362,4606195.510638298,90357453.72940175,2.48161765,1.454471,2.4802115,1.21288,47
2025-05-06 04:00:00,4556989.0,90069213.36414361,4587812.0625,90700421.2263595,2.76584638,1.478462,2.67480222,0.526132,48
2025-05-06 08:00:00,4433315.0,85540812.925,4493346.270833333,88026899.68513556,2.65512948,1.552836,2.54145121,0.404718,48
2025-05-06 12:00:00,4593912.0,89991253.57313016,4533613.25,88632945.68702818,2.63535503,1.477794,2.50383799,0.671109,48
2025-05-06 16:00:00,4630841.0,91760114.415,4609212.958333333,90767531.3103383,2.35849899,1.479628,2.33093415,0.762423,48
2025-05-06 20:00:00,4662850.0,93415536.9,4588071.583333333,90738230.27978946,2.49555182,1.541317,2.40048348,0.655546,48
2025-05-07 00:00:00,4595768.0,91657275.73217008,4633296.957446809,92672016.96809989,2.69171049,1.607738,2.50635452,2.304187,47
2025-05-07 04:00:00,4593512.0,91443043.384,4598085.479166667,91186117.11865593,2.84800209,1.600833,2.67512161,1.063033,48
2025-05-07 08:00:00,4594469.0,90681034.653,4598094.291666667,91239062.72178644,2.85228453,1.565015,2.65929734,0.606016,48
2025-05-07 12:00:00,4738819.0,91437080.86975986,4666588.458333333,91042160.50893755,2.80077922,1.569868,2.70450576,0.90381,48
2025-05-07 16:00:00,4798929.0,92268410.99221097,4762987.583333333,91521070.62582384,2.2945162,1.605044,2.32951635,0.857555,48
2025-05-07 20:00:00,4721221.0,92131043.41680461,4761796.291666667,92603301.64666174,2.28181042,1.574773,2.32006684,0.851473,48
2025-05-08 00:00:00,4604195.0,93033753.39375734,4712050.765957447,93509699.28268148,2.474888,1.638464,2.44757075,0.489893,47
2025-05-08 04:00:00,4633319.0,96285002.139,4630958.104166667,95438023.08746861,2.38961039,1.768309,2.33091748,0.559513,48
2025-05-08 08:00:00,4786343.0,100092369.63106346,4732875.583333333,99413527.5746199,2.75865772,1.863021,2.45129363,0.946117,48
2025-05-08 12:00:00,4653456.0,98434210.59839424,4779495.1875,99938508.960464,2.90924658,1.908091,2.63003938,0.760557,48
2025-05-08 16:00:00,4642573.0,99699510.0522577,4636782.25,98707926.53539623,2.97927461,1.870234,2.71684588,2.641588,48
2025-05-08 20:00:00,4644276.0,102524625.38924424,4634638.333333333,101068362.3584019,2.93678665,1.976839,2.70906972,0.827861,48
2025-05-09 00:00:00,4589969.0,102015548.57524556,4628604.191489362,103072533.87995149,3.00171772,2.26735,2.65810315,1.330027,47
2025-05-09 04:00:00,4622976.0,106801275.1212864,4540851.916666667,101607498.06552981,2.9011925,2.410387,2.53847605,0.810562,48
2025-05-09 08:00:00,4583196.0,107854558.7508846,4548351.520833333,105926189.9831586,3.05317324,2.632977,2.68118166,0.615591,48
2025-05-09 12:00:00,4698193.0,108574758.57125364,4639751.354166667,108037545.80663468,3.39614148,2.99129,2.87815997,1.760251,48
2025-05-09 16:00:00,4731083.0,109164030.65941392,4729876.333333333,109471507.11442862,3.43752008,2.955059,2.9535124,1.225073,48
2025-05-09 20:00:00,4755595.0,110539448.698861,4747419.770833333,109792524.56893314,3.48685492,2.959126,2.98169717,1.755812,48
2025-05-10 00:00:00,4754660.0,110636183.54,4754660.0,110636183.54,3.48701299,2.959324,2.9808692,1.688958,1
2025-05-10 04:00:00,4986702.0,120254550.71137704,4883637.395833333,115797356.86568809,3.12088863,2.75467,2.74673579,1.359508,48
2025-05-10 08:00:00,5025600.0,121255094.14416,5011596.729166667,121877510.98064561,3.08754695,2.801449,2.70629906,0.646956,48
2025-05-10 12:00:00,5097558.0,124560349.0571619,5077119.854166667,124225570.70776987,3.05719188,2.76762,2.6664794,1.211519,48
2025-05-10 16:00:00,5164761.0,126939735.91609128,5117913.1875,125598858.7282712,3.16097705,2.783356,2.80486855,0.723312,48
2025-05-10 20:00:00,5194146.0,134605905.5872938,5217320.0625,131984337.75138229,3.22846108,2.781495,2.90445733,0.491956,48
2025-05-11 00:00:00,5195510.0,134116895.14,5195510.0,134116895.14,3.34138342,2.77357,3.04199317,0.898341,1
2025-05-11 04:00:00,5077689.0,124550633.481,5056213.458333333,126901840.17513569,3.56724028,3.01239,3.08101157,0.796825,48
2025-05-11 08:00:00,5072396.0,125871506.74,5087617.291666667,125704290.54240711,4.2012987,2.973349,3.4967305,0.609289,48
2025-05-11 12:00:00,5082757.0,123119622.811,5091059.895833333,125329459.60505544,4.08241953,3.001243,3.39221077,0.709395,48
2025-05-11 16:00:00,5104033.0,126299641.31138882,5123507.145833333,126036187.96515153,4.17564655,2.996081,3.50280636,0.418341,48
2025-05-11 20:00:00,5082063.0,125513409.55614972,5085861.854166667,125591610.60845363,4.1681736,3.01444,3.48464964,0.645383,48
2025-05-12 00:00:00,5021167.0,125841976.23043884,5046987.574468086,125814471.23785418,4.08709563,3.006907,3.51577699,0.686882,47
2025-05-12 04:00:00,5152665.0,134453640.51,5046318.6875,128408866.40783618,3.92356464,3.136184,3.43298229,1.129962,48
2025-05-12 08:00:00,4993879.0,124931870.943,5046664.125,128683574.31517033,3.70019659,2.846699,3.36975742,0.397215,48
2025-05-12 12:00:00,4969925.0,123086365.91794024,4994962.0,125816695.13248265,3.47345545,2.900559,3.07413613,1.070658,48
2025-05-12 16:00:00,4979653.0,121519839.87049298,4993377.041666667,122988379.52501719,3.60089532,2.920309,3.06683168,0.6129,48
2025-05-12 20:00:00,4933051.0,122562405.8651928,4945125.979166667,122525771.1692841,3.20682237,2.877751,2.88267452,1.048523,48
2025-05-13 00:00:00,4928270.0,122339374.48,4928270.0,122339374.48,3.22003082,2.863447,2.90202703,0.837232,1
2025-05-13 04:00:00,4850728.0,117799929.48,4882722.25,117733492.0800801,3.69214947,2.768915,3.18953648,1.189671,48
2025-05-13 08:00:00,4799084.0,117716731.436,4806451.979166667,117633050.14015274,3.50771294,2.822092,3.08318305,0.318205,48
2025-05-13 12:00:00,4778252.0,118629685.86521731,4792262.5625,118173656.17173521,3.10913931,2.813587,2.76267789,0.492648,48
2025-05-13 16:00:00,4911346.0,126909502.92252453,4833899.541666667,122586753.18384069,3.06443985,2.842052,2.77297626,0.967152,48
2025-05-13 20:00:00,4942618.0,127316897.062,4932089.458333333,127264368.97173041,3.67051239,2.880164,3.13778567,1.079481,48
2025-05-14 00:00:00,4891356.0,127273083.12,4912781.425531914,127343974.1019595,3.79675895,2.942658,3.17219416,0.742232,47
2025-05-14 04:00:00,5258637.0,137294825.10840017,5141613.583333333,135074878.48463485,3.64314115,3.057483,3.13396922,1.25345,48
2025-05-14 08:00:00,5182621.0,134172875.069,5213779.020833333,134349235.04118145,3.73472776,2.955429,3.24036778,0.577692,48
2025-05-14 12:00:00,5134940.0,129970466.34,5142833.604166667,131361260.6024528,3.80738967,2.993779,3.16899563,0.757423,48
2025-05-14 16:00:00,5196250.0,131230570.22415,5179688.541666667,130633944.82313444,3.80142809,3.059858,3.20608182,1.523466,48
2025-05-14 20:00:00,5177505.0,129334697.80562656,5167173.083333333,129365110.97677936,3.8699412,3.017399,3.25788538,1.459979,48
2025-05-15 00:00:00,5150044.0,125547772.632,5162530.44680851,127675146.84951629,3.83304882,3.105811,3.37935748,0.564113,47
2025-05-15 04:00:00,5094056.0,120726206.82863577,5139678.166666667,124627543.97386871,3.56573834,2.942342,3.17766497,1.186821,48
2025-05-15 08:00:00,4978417.0,119137839.67768264,5053321.604166667,120461386.75778417,3.51139962,2.938562,3.17660944,1.968065,48
2025-05-15 12:00:00,5127680.0,122073859.9975936,5086743.1875,120212357.9099708,3.52871729,2.819398,3.20541958,1.44019,48
2025-05-15 16:00:00,5038701.0,118097074.038,5081617.9375,120568855.59156288,3.4778402,2.867074,3.16680906,0.60026,48
2025-05-15 20:00:00,4932021.0,115381569.69364405,5002701.291666667,117000271.0043642,3.35965718,2.926308,3.07630522,0.647241,48
2025-05-16 00:00:00,4931180.0,115858074.1,4931180.0,115858074.1,3.3153753,2.922185,3.01913876,1.819382,1
2025-05-16 04:00:00,4798417.0,114077565.758,4824846.833333333,115177507.27686685,2.84360822,3.084541,2.75720243,0.781645,48
2025-05-16 08:00:00,4786865.0,113951321.325,4786531.104166667,113423184.57051146,3.15227676,3.160175,2.95435266,0.638096,48
2025-05-16 12:00:00,4777774.0,113318171.121737,4772034.270833333,113223533.58261673,2.81155978,3.172814,2.70024025,1.003373,48
2025-05-16 16:00:00,4804777.0,113013159.817,4791675.708333333,112731956.7486089,2.98412698,3.22429,2.80790635,1.113856,48
2025-05-16 20:00:00,4807885.0,111057335.615,4804198.291666667,111337385.13122644,3.00906002,3.332912,2.78715095,1.354159,48
2025-05-17 00:00:00,4761399.0,108283736.058,4796891.191489362,108483627.80763586,3.40975915,3.136362,3.01476793,2.257709,47
2025-05-17 04:00:00,4731164.0,107589747.64454496,4742384.145833333,108515572.58489312,3.37356143,3.094049,2.96586678,1.508033,48
2025-05-17 08:00:00,4752012.0,108547899.78280585,4747828.770833333,108074233.97234029,3.22855392,3.053678,2.82137129,1.385972,48
2025-05-17 12:00:00,4714810.0,105955925.13,4734687.958333333,107009253.97763236,3.4419585,2.958588,3.017701,0.628748,48
2025-05-17 16:00:00,4659596.0,103404474.48757476,4668110.166666667,104291853.92924555,3.40609952,2.881064,3.01772747,0.70609,48
2025-05-17 20:00:00,4641856.0,102892652.98575231,4641408.9375,103228554.87705518,3.35968254,2.828587,2.99893753,1.473564,48
2025-05-18 00:00:00,4591239.0,101908133.4698718,4615240.425531914,102476045.14679466,3.24439127,2.869531,2.86213747,0.518511,47
2025-05-18 04:00:00,4574347.0,105301467.94,4576985.625,103742055.59021783,2.97797475,2.744224,2.60804899,1.579791,48
2025-05-18 08:00:00,4554517.0,104355571.70779005,4542667.895833333,104917320.44459601,2.65388422,2.679574,2.40023087,0.342862,48
2025-05-18 12:00:00,4638267.0,110206362.89284451,4603436.979166667,106959959.39478286,2.67769639,2.336325,2.46075606,0.642754,48
2025-05-18 16:00:00,4498905.0,99294588.5860035,4586947.5625,105393417.2654093,2.76172076,2.445985,2.49139878,0.374108,48
2025-05-18 20:00:00,4436620.0,102140237.1181926,4466498.708333333,99664929.85985868,2.76371308,2.371295,2.55270758,1.185569,48
2025-05-19 00:00:00,4369562.0,95758951.23,4393612.0,98154208.57066396,2.92975871,2.331667,2.52624088,0.863595,47
2025-05-19 04:00:00,4471863.0,97008754.72583888,4415013.208333333,95686973.66257745,3.38482063,2.255303,2.83029372,1.005144,48
2025-05-19 08:00:00,4508098.0,97753597.032,4493447.604166667,97236936.00250633,3.29432014,2.188943,2.8042836,0.537991,48
2025-05-19 12:00:00,4471566.0,98517542.112,4492091.479166667,97876869.62286218,3.31358885,2.20679,2.7928079,0.595184,48
2025-05-19 16:00:00,4432587.0,98709279.903,4442142.645833333,98743071.44822235,3.21734137,2.279546,2.66794241,1.133904,48
2025-05-19 20:00:00,4455841.0,99260015.62344426,4441900.770833333,98439951.67149563,3.22531573,2.323442,2.6684268,0.99503,48
2025-05-20 00:00:00,4448377.0,99394535.688,4455018.063829787,99842483.63333017,3.16068907,2.302042,2.66987296,0.917923,47
2025-05-20 04:00:00,4449798.0,98972407.116,4447159.8125,99707655.73445193,3.06631666,2.35334,2.57415591,2.271631,48
2025-05-20 08:00:00,4391842.0,97086059.252,4424859.958333333,98187817.8383653,3.06983163,2.341696,2.56683647,0.401721,48
2025-05-20 12:00:00,4409589.0,97445518.89503224,4401991.791666667,96893522.52630062,3.13541376,2.312576,2.64161336,0.641982,48
2025-05-20 16:00:00,4427072.0,98865845.99914049,4422002.833333333,97699560.14838557,3.07868667,2.243954,2.63958371,0.907214,48
2025-05-20 20:00:00,4455295.0,100480268.135,4449805.666666667,100354260.8134254,3.29165447,2.185743,2.79108113,0.338391,48
2025-05-21 00:00:00,4443261.0,100237224.75736076,4443314.595744681,99860533.24747838,3.4245142,2.286165,2.82739106,0.72335,47
2025-05-21 04:00:00,4474926.0,100948931.87502582,4447807.791666667,100938558.57555288,3.47782503,2.210308,2.86788851,1.423079,48
2025-05-21 08:00:00,4490460.0,102171436.38,4473008.854166667,100944393.89958768,3.40277368,2.186818,2.80513291,0.764539,48
2025-05-21 12:00:00,4450727.0,103457149.115,4463832.645833333,101876032.11211659,3.30370154,2.165277,2.68902003,1.485329,48
2025-05-21 16:00:00,4356505.0,99162766.81,4407944.395833333,101049176.70533498,3.56520356,2.252536,2.83438516,0.865025,48
2025-05-21 20:00:00,4314501.0,100221825.72478536,4328091.583333333,98931818.71588098,3.51707929,2.354097,2.91083543,0.72624,48
2025-05-22 00:00:00,4312610.0,99897298.04,4312610.0,99897298.04,3.52357008,2.354711,2.92369087,0.895949,1
2025-05-22 04:00:00,4347587.0,104694242.547,4341268.833333333,103917731.60774611,3.48906009,2.290322,2.68903437,1.475014,48
2025-05-22 08:00:00,4627680.0,116962923.9611664,4486171.666666667,110628328.87554298,3.15501691,2.197759,2.51569355,1.063568,48
2025-05-22 12:00:00,4508232.0,112836582.81850895,4562273.958333333,114568748.65081759,3.33479276,2.287389,2.62487065,1.600978,48
2025-05-22 16:00:00,4490538.0,112653471.68141118,4499922.5,113415499.68861549,3.30075188,2.268396,2.63111948,1.091138,48
2025-05-22 20:00:00,4575774.0,115361514.37425846,4557831.625,113904543.7549104,3.4118705,2.405618,2.65810173,0.586126,48
2025-05-23 00:00:00,4606295.0,118735363.9286065,4574286.063829787,116505157.42922434,3.25517437,2.347266,2.60828854,1.28102,47
2025-05-23 04:00:00,4699382.0,117945089.436,4661134.541666667,118167655.8455553,3.27465596,2.506926,2.58691881,0.862464,48
2025-05-23 08:00:00,4732696.0,116552987.37109272,4744389.395833333,121185020.46800442,3.73723118,2.545342,2.8585481,0.886783,48
2025-05-23 12:00:00,4858523.0,119475939.093,4810910.208333333,118161945.90811498,4.16170809,2.700677,3.1161667,0.72673,48
2025-05-23 16:00:00,4948680.0,118827704.16,4927243.395833333,119878830.73479138,4.20566372,2.753599,3.16956433,0.473924,48
2025-05-23 20:00:00,4881387.0,112530920.37870942,4907487.125,116069346.73248881,4.11304348,2.841004,3.15340426,0.925361,48
2025-05-24 00:00:00,4790773.0,111447752.299,4829450.510638298,112076201.0696902,3.70775348,2.741047,3.24305259,0.777479,47
2025-05-24 04:00:00,4767722.0,110023986.93693864,4770588.6875,110630016.14994441,3.64789186,2.653715,3.16783073,0.970855,48
2025-05-24 08:00:00,4697299.0,109123684.62634626,4729613.854166667,109580053.55497967,3.54184884,2.514945,3.12135146,0.494071,48
2025-05-24 12:00:00,4707309.0,108719434.46644816,4695930.520833333,108549687.02651025,3.30753138,2.425367,2.99827156,0.726391,48
2025-05-24 16:00:00,4686180.0,107713648.5738684,4697933.395833333,108025310.5345941,2.94399786,2.44252,2.75450169,1.556594,48
2025-05-24 20:00:00,4677392.0,107290017.696,4674498.0,107168505.95759533,2.59719915,2.414338,2.49853133,1.125674,48
2025-05-25 00:00:00,4630536.0,106162358.58480528,4636033.787234043,105674709.76409498,2.62374582,2.468905,2.4904511,0.733779,47
2025-05-25 04:00:00,4655040.0,104532793.86576,4643528.25,105550909.14182942,2.62591977,2.430429,2.49942614,0.971703,48
2025-05-25 08:00:00,4670954.0,104277198.44563508,4680858.354166667,104245836.43667732,2.55970149,2.369916,2.44041451,0.806158,48
2025-05-25 12:00:00,4656807.0,103651210.206,4682835.125,104644228.85613346,2.54882312,2.293622,2.39214736,1.357207,48
2025-05-25 16:00:00,4720898.0,105995722.9954714,4678548.208333333,104302642.0505193,2.58671673,2.214965,2.43325223,2.166314,48
2025-05-25 20:00:00,4688763.0,109635970.3430255,4718260.895833333,107422579.32769735,2.91043572,2.215234,2.64959276,0.804959,48
2025-05-26 00:00:00,4571149.0,107106274.1584526,4627092.659574468,108504298.75389132,3.17141277,2.26446,2.81794538,1.168435,47
2025-05-26 04:00:00,4499792.0,107203044.608,4548899.75,106984591.71626149,3.22862767,2.268807,2.8790049,1.541569,48
2025-05-26 08:00:00,4514454.0,106806801.43946862,4511642.395833333,106931705.96476878,3.2957265,2.335751,2.88536221,0.875483,48
2025-05-26 12:00:00,4464688.0,104897844.56,4491084.416666667,105527170.61724281,3.39590044,2.405556,2.99691537,1.243606,48
2025-05-26 16:00:00,4469540.0,102817438.6823376,4476640.604166667,103418512.52660064,3.46860048,2.443687,3.01560976,1.274649,48
2025-05-26 20:00:00,4465380.0,102998455.08,4469436.5625,102968638.14084744,3.43545509,2.433765,3.00446775,1.176683,48
2025-05-27 00:00:00,4483297.0,103285297.11595368,4471095.957446809,102280637.99969725,3.23053047,2.492168,2.84821429,0.389143,47
2025-05-27 04:00:00,4472991.0,105200275.329,4484677.583333333,105207468.86853813,3.35757751,2.583396,2.94762715,0.885952,48
2025-05-27 08:00:00,4480391.0,105504247.268,4457736.583333333,105050486.46649356,3.66783217,2.568234,3.11668332,0.622343,48
2025-05-27 12:00:00,4507999.0,105789212.533,4491437.791666667,105590873.77287926,3.87704655,2.591537,3.32236977,0.742666,48
2025-05-27 16:00:00,4519532.0,105837507.63284405,4507046.041666667,105991910.27617814,3.77566303,2.505019,3.27430972,0.681587,48
2025-05-27 20:00:00,4494454.0,104912000.7230538,4507092.583333333,105247074.95972826,3.63483146,2.48924,3.15844156,1.822401,48
2025-05-28 00:00:00,4496342.0,106068778.68731332,4493959.531914894,105752644.9460896,3.34682899,2.462579,2.95385188,0.930739,47
2025-05-28 04:00:00,4517913.0,105574590.984,4498423.166666667,105114371.06245708,3.33071969,2.448206,2.96650629,1.009547,48
2025-05-28 08:00:00,4506142.0,106105390.31668702,4511938.645833333,105369362.60433327,3.37895637,2.427663,2.96706364,1.680192,48
2025-05-28 12:00:00,4535971.0,103911882.4635561,4511634.041666667,105154817.77348906,3.28116343,2.46978,2.89024169,1.280656,48
2025-05-28 16:00:00,4504257.0,102692555.343,4510768.833333333,103970991.5597871,3.2139726,2.444335,2.88264192,0.806742,48
2025-05-28 20:00:00,4486817.0,105459942.88571326,4494793.520833333,103971075.75222416,3.14700298,2.42325,2.83131222,0.639729,48
2025-05-29 00:00:00,4531538.0,109699471.904,4503029.808510638,107456015.02320056,3.2639083,2.527887,2.86993683,1.261086,47
2025-05-29 04:00:00,4581592.0,108647872.688,4574809.854166667,108658329.39837606,3.44289451,2.555103,3.04897406,2.518343,48
2025-05-29 08:00:00,4680500.0,109585428.58703,4613507.25,108508990.59259324,3.47712797,2.600963,3.03038936,0.978011,48
2025-05-29 12:00:00,4755562.0,108588502.708,4699275.145833333,108369432.62637703,3.44114318,2.548884,3.03166573,1.141245,48
2025-05-29 16:00:00,4919596.0,111276341.924,4843797.104166667,110024141.4624259,3.14495462,2.372407,2.82879168,1.221074,48
2025-05-29 20:00:00,4933138.0,109791919.328,4936933.770833333,111494044.84669901,3.04114168,2.240131,2.80074126,1.136588,48
2025-05-30 00:00:00,4930487.0,109636033.07399905,4930487.0,109636033.07399905,3.02765685,2.246443,2.78154062,0.941485,1
2025-05-30 04:00:00,4887320.0,105106703.92,4905921.395833333,106220065.09112002,2.66345203,2.005171,2.50741107,1.941798,48
2025-05-30 08:00:00,4921816.0,107423893.50492312,4910951.770833333,105712057.17687918,2.63096997,1.914362,2.45257235,1.688494,48
2025-05-30 12:00:00,4917474.0,105755195.844,4916095.708333333,106327031.05324422,2.63366822,1.918124,2.43031552,1.117883,48
2025-05-30 16:00:00,4834184.0,102813425.312,4860826.270833333,103012234.32183754,2.60993262,1.965344,2.39332791,0.709829,48
2025-05-30 20:00:00,4794616.0,98617491.7531964,4829627.166666667,101297378.35151087,2.57533216,1.911275,2.36286089,0.930411,48
2025-05-31 00:00:00,4787373.0,98334709.99599954,4787373.0,98334709.99599954,2.56856857,1.908522,2.35922648,0.589553,1
2025-05-31 04:00:00,4735014.0,95710999.89469212,4696955.520833333,94389336.58090025,2.32454308,1.808984,2.30549666,1.660296,48
2025-05-31 08:00:00,4746718.0,95741302.06,4749712.208333333,95766880.66555192,2.31656728,1.773935,2.27548253,0.939993,48
2025-05-31 12:00:00,4753134.0,98351848.728,4757070.145833333,97871418.16269018,2.31187226,1.698508,2.28607435,1.631822,48
2025-05-31 16:00:00,4742314.0,98858277.644,4751181.229166667,99058346.4767447,2.34318598,1.718572,2.32700965,1.240184,48
2025-05-31 20:00:00,4699621.0,97639325.896,4727487.833333333,98824326.74393295,2.29955947,1.73275,2.28821935,1.611592,48
2025-06-01 00:00:00,4658025.0,96340319.025708,4663506.510638298,96441440.31038384,2.35803432,1.800448,2.265196,0.423634,47
2025-06-01 04:00:00,4701891.0,97141068.06,4682982.854166667,97127406.35325713,2.41467939,1.771269,2.30363142,0.771458,48
2025-06-01 08:00:00,4726314.0,96439538.60318232,4706556.229166667,96208949.6436279,2.41860465,1.801201,2.29228816,0.599265,48
2025-06-01 12:00:00,4756517.0,98336232.458,4729781.166666667,96912891.16923462,2.37196068,1.772931,2.2327256,1.200499,48
2025-06-01 16:00:00,4777237.0,98573508.258,4788228.9375,99047378.99350075,2.35488025,1.753143,2.24347959,1.076302,48
2025-06-01 20:00:00,4787535.0,99784370.92388745,4781511.1875,99416850.46665001,2.3770109,1.760215,2.24556304,0.867628,48
2025-06-02 00:00:00,4776652.0,98107655.428,4779455.382978723,99098140.15730847,2.35294118,1.79291,2.18996093,0.921514,47
2025-06-02 04:00:00,4773504.0,98790207.12314495,4777904.229166667,98578431.6659833,2.35073867,1.771872,2.19589021,0.58204,48
2025-06-02 08:00:00,4817016.0,97910196.06366505,4797426.104166667,98074628.16014557,2.3599593,1.774106,2.21782178,0.811059,48
2025-06-02 12:00:00,4872316.0,100295275.4720838,4849179.625,99285035.57052477,2.31613226,1.731793,2.19777283,1.817087,48
2025-06-02 16:00:00,4854177.0,99468704.04116994,4856964.9375,99824333.29260373,2.31004257,1.726953,2.17850288,1.472361,48
2025-06-02 20:00:00,4740732.0,100304407.656,4780699.395833333,100043646.67667413,2.35040984,1.798998,2.21391831,0.685219,48
2025-06-03 00:00:00,4719406.0,100465909.04223144,4732188.957446809,101378097.16836682,2.50457728,1.815067,2.25692617,0.639836,47
2025-06-03 04:00:00,4715238.0,100552285.41097476,4721941.708333333,100559638.3446917,2.51735358,1.817149,2.24746232,0.689825,48
2025-06-03 08:00:00,4705831.0,99711853.059,4708867.916666667,99883889.58645828,2.8321657,1.830265,2.47915966,2.034233,48
2025-06-03 12:00:00,4736397.0,101237199.57330552,4730227.291666667,100822610.42655885,2.59446618,1.80896,2.36914468,1.006216,48
2025-06-03 16:00:00,4729993.0,101618448.2880675,4726884.1875,101192649.29687683,2.64650499,1.801305,2.3706855,0.557882,48
2025-06-03 20:00:00,4682704.0,98974610.94423345,4700940.791666667,99566204.5231791,2.69259688,1.824786,2.3934373,1.489771,48
2025-06-04 00:00:00,4684221.0,98972905.509,4684221.0,98972905.509,2.69542559,1.822683,2.39321098,0.341334,1
2025-06-04 04:00:00,4626331.0,98984978.076,4648280.875,99452460.62327127,2.58849436,1.780335,2.32967203,0.872308,48
2025-06-04 08:00:00,4656657.0,98078509.734,4633643.854166667,98634837.32826841,2.69991499,1.76863,2.45527157,0.743351,48
2025-06-04 12:00:00,4645466.0,98000750.736,4645546.3125,97284970.7660986,2.70841598,1.732214,2.48163526,0.927761,48
2025-06-04 16:00:00,4677183.0,96864459.93,4670216.833333333,97559372.38898157,2.66610972,1.752119,2.45177823,0.874387,48
2025-06-04 20:00:00,4781693.0,96348626.60893528,4739200.0625,95928875.49490131,2.66777685,1.717097,2.55359435,1.040531,48
2025-06-05 00:00:00,4773651.0,95831043.825,4773651.0,95831043.825,2.68569042,1.710516,2.58686509,0.376397,1
2025-06-05 04:00:00,4879906.0,98727117.28930216,4853449.354166667,97993179.35387152,2.44409857,1.652292,2.45692826,0.977945,48
2025-06-05 08:00:00,4912299.0,98948438.757,4887917.416666667,98685504.5100298,2.43198152,1.651818,2.43553744,1.838624,48
2025-06-05 12:00:00,4921784.0,98553802.816,4893628.604166667,98755771.02257909,2.43179487,1.647276,2.49799445,1.331356,48
2025-06-05 16:00:00,4950051.0,95572656.20832787,4958337.5625,97432356.8007804,2.51839201,1.637631,2.50007988,1.032084,48
2025-06-05 20:00:00,4883104.0,91735535.00018816,4922914.0,92484800.51082581,2.50712777,1.535,2.47132935,1.30617,48
2025-06-06 00:00:00,4898694.0,93579751.482,4887050.170212766,92158313.62642221,2.36487529,1.422812,2.49530864,0.538353,47
2025-06-06 04:00:00,4895840.0,94548462.08,4896266.645833333,94538383.19321917,2.36509997,1.394774,2.46823453,0.634923,48
2025-06-06 08:00:00,4971788.0,96228956.74,4929667.145833333,95508548.3354022,2.39338714,1.403324,2.45974984,0.708,48
2025-06-06 12:00:00,4842641.0,95363845.32665156,4889906.708333333,95911249.35196836,2.29539642,1.403303,2.29513514,1.638396,48
2025-06-06 16:00:00,4847630.0,94149355.90988849,4849459.979166667,94821708.88842107,2.29594456,1.427849,2.25769879,1.453964,48
2025-06-06 20:00:00,4770622.0,93666392.348,4801654.625,94159702.66066603,2.26571647,1.376626,2.27816412,0.801467,48
2025-06-07 00:00:00,4654986.0,93321647.76094608,4708873.936170213,93196135.3376365,2.39658793,1.489749,2.33779691,0.549723,47
2025-06-07 04:00:00,4535552.0,93482262.272,4604514.916666667,93259298.78273118,2.31298701,1.537374,2.26927939,0.918151,48
2025-06-07 08:00:00,4513769.0,94712414.927,4505504.416666667,93616924.074349,2.34725104,1.617649,2.31542304,0.650996,48
2025-06-07 12:00:00,4447878.0,92881424.99737298,4472330.708333333,93584392.2800834,2.80902881,1.697814,2.48278103,1.003631,48
2025-06-07 16:00:00,4427081.0,92031733.21258739,4429728.166666667,92021250.6466133,2.86845311,1.700659,2.52617584,1.188533,48
2025-06-07 20:00:00,4404599.0,90994610.741,4419550.9375,91941975.28210147,2.9899276,1.695322,2.62835052,1.907134,48
2025-06-08 00:00:00,4390126.0,89352234.478,4391500.191489362,89824457.89350514,3.13426528,1.736834,2.6850115,1.140033,47
2025-06-08 04:00:00,4342160.0,88158874.48,4365236.9375,88651599.22522639,3.13235294,1.71988,2.67752789,0.638935,48
2025-06-08 08:00:00,4346648.0,89050201.8088448,4352633.791666667,88492995.5179451,2.99686225,1.722115,2.65686789,1.010313,48
2025-06-08 12:00:00,4375171.0,90385946.94247106,4362750.875,89779437.0365429,2.95793082,1.757582,2.65490128,1.218963,48
2025-06-08 16:00:00,4472103.0,95188712.355,4420525.0,92766654.8614517,2.90718471,1.717901,2.61634783,0.998204,48
2025-06-08 20:00:00,4443966.0,93550175.39494926,4466695.6875,95149077.92712413,2.9730757,1.714075,2.6097561,2.598037,48
2025-06-09 00:00:00,4445318.0,93525045.402,4445318.0,93525045.402,2.99617956,1.707925,2.62293061,0.754531,1
2025-06-09 04:00:00,4392033.0,89290030.89,4398210.291666667,89696546.55889095,3.19565932,1.675066,2.96606902,0.607296,48
2025-06-09 08:00:00,4537541.0,94313555.6219208,4463687.895833333,91944606.06007677,2.94493953,1.621027,2.8730189,0.643221,48
2025-06-09 12:00:00,4509532.0,95066295.13087904,4517517.729166667,94264907.85082722,2.55882353,1.595805,2.53985014,1.564605,48
2025-06-09 16:00:00,4521906.0,96434651.24516106,4504125.6875,96009413.09006809,2.56410256,1.652444,2.46026435,0.870656,48
2025-06-09 20:00:00,4567005.0,100200089.7,4548141.5625,98592419.7843868,2.64903565,1.735615,2.57847853,1.091734,48
2025-06-10 00:00:00,4568856.0,100249838.352,4568856.0,100249838.352,2.64573598,1.736235,2.5706918,1.058805,1
2025-06-10 04:00:00,4529026.0,98281529.9757628,4574430.291666667,99206857.51122165,2.98400251,1.862789,2.63326653,2.271829,48
2025-06-10 08:00:00,4576915.0,101734095.7312337,4557400.104166667,98936801.36563106,3.02424242,1.788697,2.81010955,1.06555,48
2025-06-10 12:00:00,4618371.0,101218492.4600433,4615331.395833333,101820233.94849674,3.01386649,1.844102,2.76425418,2.500055,48
2025-06-10 16:00:00,4621540.0,102553508.8461114,4614107.9375,101549429.80183704,3.00802053,1.875391,2.76793572,0.707186,48
2025-06-10 20:00:00,4731339.0,106498383.7194941,4653727.5625,103790620.48408268,3.07997378,1.934687,2.83940752,1.086415,48
2025-06-11 00:00:00,4753116.0,106072975.76500656,4748614.489361702,105567576.84257556,3.19490404,1.914673,2.882794,1.063248,47
2025-06-11 04:00:00,4779699.0,107074816.998,4779358.875,106390827.12514336,3.24540288,1.903666,2.9329653,1.693592,48
2025-06-11 08:00:00,4786760.0,105078667.2134452,4789699.916666667,105942898.20899539,3.29008152,1.927168,2.90544525,1.702697,48
2025-06-11 12:00:00,4823530.0,108945025.9400948,4802141.520833333,107422111.58253986,3.28571429,2.001078,2.92852889,0.960379,48
2025-06-11 16:00:00,4825441.0,104948516.309,4843579.354166667,107023087.0062867,3.38701923,2.0303,2.99322439,1.372047,48
2025-06-11 20:00:00,4820036.0,104059866.28141467,4816875.541666667,104149055.70449789,3.27315279,2.052444,2.87134276,0.779862,48
2025-06-12 00:00:00,4788756.0,101810931.32186677,4812727.957446809,103075623.67172138,3.05070603,2.027446,2.8209414,0.873003,47
2025-06-12 04:00:00,4723012.0,99060453.688,4758074.9375,100626336.77894722,2.99558499,2.03571,2.81722889,0.608001,48
2025-06-12 08:00:00,4702112.0,97879163.392,4727248.375,99071841.2686892,2.82748275,1.971529,2.70096874,1.475526,48
2025-06-12 12:00:00,4636447.0,96678671.75372168,4674181.229166667,98466455.03299284,2.76159718,1.839793,2.71945205,0.684585,48
2025-06-12 16:00:00,4555694.0,93482840.88,4616426.3125,96907417.16613586,2.81005418,1.855272,2.69455757,0.747478,48
2025-06-12 20:00:00,4507700.0,91677602.6,4537534.083333333,92463981.38489665,2.8574931,1.892552,2.76666034,0.511753,48
2025-06-13 00:00:00,4625384.0,88576614.65867816,4623811.255319149,87682571.20164463,2.85942392,1.773941,2.90572938,2.223717,47
2025-06-13 04:00:00,4613088.0,88321590.7581552,4611647.979166667,87574561.99558003,2.41371096,1.659251,2.57932137,1.171187,48
2025-06-13 08:00:00,4600194.0,88462627.15180865,4593031.625,88013246.08446252,2.28093306,1.58927,2.43851703,2.786358,48
2025-06-13 12:00:00,4563728.0,88225214.59243648,4611702.270833333,88221917.2665957,2.18490474,1.608542,2.34592413,0.832077,48
2025-06-13 16:00:00,4575305.0,86976548.05,4566849.416666667,87579448.42538835,2.23310895,1.583167,2.36186137,1.05606,48
2025-06-13 20:00:00,4554641.0,88241297.13888307,4562378.854166667,87698194.00968078,2.29305059,1.592842,2.40341937,0.302647,48
2025-06-14 00:00:00,4550317.0,88298195.44882062,4550317.0,88298195.44882062,2.29027317,1.58914,2.40032841,1.243848,1
2025-06-14 04:00:00,4623271.0,88826905.723,4603458.895833333,88647772.26897842,2.23794291,1.594325,2.26024845,0.851392,48
2025-06-14 08:00:00,4663697.0,89214593.25917473,4647621.041666667,88844397.19406982,2.19575187,1.585016,2.22089687,1.681496,48
2025-06-14 12:00:00,4649262.0,87926842.944,4665838.875,88880410.40908976,2.22292222,1.570898,2.21997891,1.285818,48
2025-06-14 16:00:00,4593603.0,86809909.494,4624731.854166667,87344914.83038571,2.24072709,1.631688,2.26851852,1.131932,48
2025-06-14 20:00:00,4645077.0,87990164.17294697,4616849.75,87428177.28017311,2.31545821,1.663791,2.35671215,0.842769,48
2025-06-15 00:00:00,4658700.0,88343439.62526,4655996.680851064,88310477.73120445,2.30969031,1.641268,2.4043742,1.049187,47
2025-06-15 04:00:00,4648845.0,88301315.91279435,4652161.041666667,88790110.80344301,2.22597908,1.554292,2.30634675,1.056879,48
2025-06-15 08:00:00,4743334.0,90047452.656,4693297.520833333,88601525.43831737,2.19411202,1.518888,2.29368598,3.781121,48
2025-06-15 12:00:00,4742762.0,90563040.39,4743626.916666667,90248792.53171732,2.19798658,1.510929,2.29813854,0.937371,48
2025-06-15 16:00:00,4769828.0,90747916.87357341,4747585.229166667,90553458.55282424,2.20153551,1.430009,2.31264333,1.300825,48
2025-06-15 20:00:00,4761077.0,90882731.822344,4766102.25,90453376.68306454,2.21027249,1.432848,2.32609365,0.513925,48
2025-06-16 00:00:00,4761916.0,91724025.992,4755209.234042553,91339202.30834615,2.23168077,1.429584,2.33749026,1.440965,47
2025-06-16 04:00:00,4757145.0,94035348.20867443,4751105.333333333,92977981.9301768,2.20746486,1.431048,2.31653666,0.973085,48
2025-06-16 08:00:00,4683053.0,91872133.754,4710882.5625,92642143.98251303,2.28329599,1.438766,2.37755102,0.631815,48
2025-06-16 12:00:00,4671804.0,92387604.40739088,4693031.0,92286748.35576813,2.17786278,1.397052,2.26395631,0.559814,48
2025-06-16 16:00:00,4684892.0,92582835.704,4683620.520833333,92574800.97050051,2.27793052,1.420879,2.37438813,1.07715,48
2025-06-16 20:00:00,4530626.0,86657283.502,4608322.270833333,90682953.06113108,2.30416986,1.478679,2.3628993,0.649442,48
2025-06-17 00:00:00,4532407.0,87412001.402,4539624.382978723,87070362.03866002,2.29147641,1.494666,2.38227642,1.124621,47
2025-06-17 04:00:00,4553410.0,87318600.7807881,4537485.270833333,87083044.46236852,2.2666165,1.509593,2.34989648,1.648385,48
2025-06-17 08:00:00,4573327.0,86427729.62515406,4566440.729166667,86583342.31608044,2.2496289,1.483453,2.33432977,0.59674,48
2025-06-17 12:00:00,4678935.0,87210669.465,4607368.479166667,86898873.94810241,2.23242188,1.427483,2.32330006,1.433332,48
2025-06-17 16:00:00,4664493.0,88130275.75389294,4714171.104166667,87107927.32649238,2.27427854,1.450109,2.40402553,0.686466,48
2025-06-17 20:00:00,4652483.0,86605971.045,4665103.666666667,86668712.58322951,2.2624718,1.443435,2.35029892,0.976428,48
2025-06-18 00:00:00,4646053.0,86913713.471,4650662.957446809,86792600.55763917,2.2221947,1.45335,2.36625648,1.065319,47
2025-06-18 04:00:00,4660825.0,87142365.81097125,4651382.291666667,87217982.94351636,2.60714286,1.447749,2.64235869,3.106872,48
2025-06-18 08:00:00,4728438.0,87504473.628,4690545.854166667,86886410.10692604,2.51980598,1.447254,2.56087179,1.224401,48
2025-06-18 12:00:00,4709480.0,86582089.4893408,4721710.604166667,86810896.41750959,2.60568087,1.424058,2.67861579,0.758573,48
2025-06-18 16:00:00,4744060.0,86708479.03677101,4737008.791666667,86419799.17962487,2.15789474,1.421313,2.31100031,1.081536,48
2025-06-18 20:00:00,4909022.0,89138021.476,4844192.625,88583517.212244,2.22487805,1.495474,2.40440013,0.865524,48
2025-06-19 00:00:00,4958501.0,89360344.95248504,4956715.14893617,89602990.39318863,2.61695279,1.498414,2.65263334,0.729653,47
2025-06-19 04:00:00,4960580.0,88888928.32332739,4966738.6875,89019469.74502507,2.61599576,1.453045,2.65944784,0.858211,48
2025-06-19 08:00:00,4967339.0,88954689.10846351,4966622.270833333,89208089.68536353,2.64319746,1.446792,2.67332684,0.882981,48
2025-06-19 12:00:00,5349260.0,94833028.27716061,5181763.541666667,92368905.31563132,2.41675205,1.387858,2.49534186,0.632012,48
2025-06-19 16:00:00,5311567.0,95167345.939,5344594.895833333,95458504.7804895,2.14272623,1.413995,2.29642124,1.290655,48
2025-06-19 20:00:00,5219938.0,94281494.38598362,5272822.395833333,95099617.43557407,2.14124684,1.46119,2.30818168,1.388261,48
2025-06-20 00:00:00,5104060.0,91852663.76,5161636.85106383,93234415.96742705,2.2189986,1.55723,2.3480018,0.945437,47
2025-06-20 04:00:00,5107286.0,93473548.372,5116919.083333333,92125209.57252185,2.19008841,1.523939,2.33543354,1.122936,48
2025-06-20 08:00:00,5140424.0,93889844.36,5116369.25,93347274.54481016,2.1917363,1.524945,2.33933353,0.841737,48
2025-06-20 12:00:00,5097213.0,90597966.21403705,5124602.875,92866200.92650084,2.23296808,1.497206,2.36420222,0.45719,48
2025-06-20 16:00:00,5076975.0,88217517.6,5104174.5,88821789.5405684,2.25302663,1.557541,2.37364536,0.644163,48
2025-06-20 20:00:00,5067236.0,87785045.51864941,5069105.291666667,88179244.05171962,2.22243437,1.543065,2.29794989,0.853511,48
2025-06-21 00:00:00,5028745.0,88555152.01270397,5049032.042553191,88345759.95766215,2.11520737,1.537522,2.28884191,0.420456,47
2025-06-21 04:00:00,5010078.0,87811877.74004634,5006376.4375,87842887.36216724,2.09128346,1.581366,2.25805489,0.846783,48
2025-06-21 08:00:00,5040240.0,88713093.6782784,5024126.1875,88163550.19596653,2.08916324,1.597503,2.24948179,1.0696,48
2025-06-21 12:00:00,5105703.0,87308456.25633338,5076365.395833333,87616752.86571299,2.15946072,1.574224,2.31353235,2.870803,48
2025-06-21 16:00:00,5167922.0,86659291.7812318,5146621.520833333,87261379.96858047,2.14572161,1.678956,2.28389638,0.544419,48
2025-06-21 20:00:00,4949387.0,82570958.83994474,5037902.041666667,84450448.01470499,2.21520838,1.700466,2.28557979,0.917963,48
2025-06-22 00:00:00,4913330.0,81708677.9,4890721.404255319,82344701.88074142,2.17327817,1.676675,2.33018717,1.460454,47
2025-06-22 04:00:00,4910768.0,82525456.24,4921192.145833333,83180961.27873577,2.16812652,1.641764,2.3358962,0.698476,48
2025-06-22 08:00:00,4894561.0,81386760.308,4898650.583333333,81932081.14715874,2.22294103,1.626982,2.35469329,2.180463,48
2025-06-22 12:00:00,4871913.0,78048046.26,4901138.9375,79979992.04355237,2.33263598,1.594561,2.42968485,1.302863,48
2025-06-22 16:00:00,4873774.0,77722073.978,4851851.125,78069868.843127,2.32905423,1.53625,2.42008439,0.805661,48
2025-06-22 20:00:00,4900786.0,80799258.782,4897309.3125,78999922.52383418,2.2501288,1.531471,2.34873524,0.988816,48
2025-06-23 00:00:00,4897549.0,80901438.72313705,4897549.0,80901438.72313705,2.24197277,1.529371,2.34163581,0.681457,1
2025-06-23 04:00:00,4787919.0,81063342.28798774,4841254.208333333,81197409.26937236,2.27608142,1.548796,2.36942039,0.916473,48
2025-06-23 08:00:00,4723580.0,79728211.18561901,4760663.5,80775865.29560073,2.59465738,1.583496,2.55460385,1.303251,48
2025-06-23 12:00:00,4691789.0,78545746.59680144,4717209.083333333,79919481.07822888,2.66628863,1.662867,2.70761584,0.59923,48
2025-06-23 16:00:00,4648663.0,80357255.76214486,4672698.75,78905441.09584072,2.60062625,1.698941,2.57236609,0.978242,48
2025-06-23 20:00:00,4535086.0,81882585.6447413,4605664.625,81718018.3512804,2.56686391,1.728721,2.66579243,0.82964,48
2025-06-24 00:00:00,4455485.0,80470514.585,4453973.680851064,80472944.94929297,2.43633458,1.747769,2.36446352,0.570037,47
2025-06-24 04:00:00,4395288.0,79525481.89320312,4451414.020833333,81090944.20402615,2.4987634,1.663937,2.43129636,1.038786,48
2025-06-24 08:00:00,4636680.0,83923908.0,4486420.770833333,81119535.45116834,2.29987294,1.759156,2.18235015,0.526616,48
2025-06-24 12:00:00,4669265.0,84838962.6360915,4649434.229166667,84253726.86200286,2.58052541,1.721235,2.33064109,1.252242,48
2025-06-24 16:00:00,4659436.0,83810574.98848347,4680118.8125,84852138.74569888,2.43795036,1.759768,2.21036779,1.411801,48
2025-06-24 20:00:00,4638042.0,84440192.652,4641979.458333333,84076638.49375615,2.82791705,1.756548,2.46521434,0.674978,48
2025-06-25 00:00:00,4638458.0,84076689.708,4630627.404255319,84387802.10166778,2.86703601,1.776786,2.49002296,0.786664,47
2025-06-25 04:00:00,4691361.0,84463263.444,4652730.5625,84021018.23562504,2.88793103,1.847229,2.52774331,0.563949,48
2025-06-25 08:00:00,4716592.0,84770883.38122222,4699710.625,84011876.61884631,3.10087995,1.847419,2.6440344,0.588491,48
2025-06-25 12:00:00,4722305.0,83173515.5794676,4721982.3125,84305876.2246749,2.95235205,1.867068,2.60216966,2.125546,48
2025-06-25 16:00:00,4708980.0,83104079.04,4716153.979166667,83233286.83235769,2.89913459,1.92926,2.58680739,0.654379,48
2025-06-25 20:00:00,4724169.0,82828855.077,4719980.708333333,83082083.52756847,2.86562315,1.926616,2.59100529,0.649316,48
2025-06-26 00:00:00,4725110.0,83006007.37,4725110.0,83006007.37,2.85617448,1.923189,2.58072459,1.834746,1
2025-06-26 04:00:00,4596218.0,81546099.756,4613716.520833333,81468587.34868824,2.82477612,1.834775,2.69620949,0.882732,48
2025-06-26 08:00:00,4603602.0,80262697.06434846,4602431.520833333,80610186.14186038,2.69897959,1.81365,2.56106011,3.244428,48
2025-06-26 12:00:00,4622931.0,79721734.73542254,4602275.083333333,79511777.37365128,2.74008683,1.831398,2.58717541,1.015999,48
2025-06-26 16:00:00,4615200.0,80032183.2,4614786.8125,79522248.35800658,2.70105443,1.792799,2.55298819,0.530033,48
2025-06-26 20:00:00,4542123.0,78246455.02380104,4555000.833333333,78814065.1549326,2.59983245,1.847324,2.52886957,1.323332,48
2025-06-27 00:00:00,4542241.0,78235558.984,4542241.0,78235558.984,2.60357842,1.848974,2.53123369,1.238733,1
2025-06-27 04:00:00,4575698.0,79392935.998,4567267.541666667,79694654.28337397,2.57981803,1.756644,2.50265547,1.110109,48
2025-06-27 08:00:00,4708658.0,82128412.836,4637377.604166667,81070664.9478048,2.56502732,1.644826,2.49280758,1.047265,48
2025-06-27 12:00:00,4807147.0,84451958.496,4763747.270833333,82968410.29491521,2.62017887,1.556689,2.50900442,1.555456,48
2025-06-27 16:00:00,4754578.0,82458646.254,4784899.979166667,83226454.02294573,2.6687661,1.54298,2.59186561,1.190294,48
2025-06-27 20:00:00,4721764.0,82910407.49458688,4724304.104166667,82633926.53034809,2.69887185,1.532694,2.61604278,0.701936,48
2025-06-28 00:00:00,4719541.0,82912896.288,4719541.0,82912896.288,2.69976838,1.531188,2.6163309,1.392521,1
2025-06-28 04:00:00,4768333.0,83960807.464,4741849.458333333,83215070.0698752,2.69565217,1.512476,2.55944909,0.628274,48
2025-06-28 08:00:00,4858413.0,85911317.079,4843549.208333333,85537628.36607282,2.63870968,1.471223,2.46347986,0.481966,48
2025-06-28 12:00:00,4858552.0,85937503.74669832,4837654.5625,85295965.52885717,2.61497625,1.498789,2.42493386,1.200181,48
2025-06-28 16:00:00,4913360.0,88199725.36,4906702.208333333,87855851.41190134,2.76294357,1.477401,2.55530591,1.79147,48
2025-06-28 20:00:00,4904460.0,88177286.34,4904349.6875,88057975.38263746,2.81734754,1.47771,2.59013814,2.211782,48
2025-06-29 00:00:00,4857473.0,86497837.37786616,4881847.829787234,87322702.49504015,2.92406577,1.524953,2.57959112,0.608713,47
2025-06-29 04:00:00,4888515.0,87890611.185,4855508.458333333,86816661.1287882,2.88138094,1.544131,2.54645751,4.884442,48
2025-06-29 08:00:00,4887816.0,88153622.74257648,4905789.8125,88577485.331819,2.88009451,1.50685,2.55725848,1.117036,48
2025-06-29 12:00:00,4831356.0,86157571.548,4846018.666666667,86992045.09789199,2.90446429,1.52608,2.53361775,1.430251,48
2025-06-29 16:00:00,4854248.0,87547615.70703624,4835978.833333333,86817028.45665555,2.86404922,1.533001,2.49480215,1.092436,48
2025-06-29 20:00:00,4979774.0,93251247.924,4891185.625,89843134.72874242,2.94930876,1.61829,2.59095821,0.913686,48
2025-06-30 00:00:00,4927862.0,90240770.85177949,4971013.574468086,91992573.28354326,3.16634799,1.667396,2.75364214,1.764318,47
2025-06-30 04:00:00,4875183.0,88931773.3028894,4892188.3125,89017762.03530492,2.54304813,1.682847,2.36357659,1.283706,48
2025-06-30 08:00:00,4921428.0,89046000.33784056,4886709.645833333,88513611.66154887,2.56945946,1.635921,2.39678861,1.120777,48
2025-06-30 12:00:00,4857127.0,87489689.75096273,4905899.229166667,88149615.07517484,2.56953821,1.673823,2.41608275,0.789691,48
2025-06-30 16:00:00,4975854.0,90430251.3069735,4931374.125,88730404.93171823,2.65627586,1.682011,2.51153716,0.629512,48
2025-06-30 20:00:00,4968015.0,89220581.385,4973810.708333333,89635380.79438864,2.68473728,1.720587,2.53561108,0.515851,48
2025-07-01 00:00:00,4967810.0,89211931.98,4967810.0,89211931.98,2.68988576,1.72161,2.53776795,0.906176,1
2025-07-01 04:00:00,4897919.0,86462964.107,4902691.458333333,86116581.41319026,2.35762082,1.665176,2.33249132,1.005126,48
2025-07-01 08:00:00,4931582.0,86095558.556,4910908.104166667,86239410.89804693,2.35650668,1.636294,2.28882035,0.631306,48
2025-07-01 12:00:00,5008827.0,86407274.577,4949547.125,85887452.68365738,2.41712986,1.654739,2.3420681,1.777975,48
2025-07-01 16:00:00,5032655.0,86164086.255,5039725.666666667,86711352.64227498,2.29505814,1.662247,2.25007624,0.813987,48
2025-07-01 20:00:00,5185992.0,88601504.34554328,5133025.5,87512097.03726397,2.30402132,1.598805,2.26283619,0.921729,48
2025-07-02 00:00:00,5222186.0,90233084.06140672,5194105.085106383,89100033.91853766,2.10152057,1.499811,2.15968093,1.933122,47
2025-07-02 04:00:00,5199552.0,91469671.41301057,5207451.4375,91071361.7791238,2.16204889,1.44192,2.23441283,1.32457,48
2025-07-02 08:00:00,5222153.0,91607007.926,5217551.625,91781521.96519439,2.15395284,1.446843,2.20155039,0.877883,48
2025-07-02 12:00:00,5117693.0,92108238.614,5181270.125,91517597.73393466,2.10271903,1.47203,2.12581313,1.580112,48
2025-07-02 16:00:00,5497923.0,102190445.91280152,5282083.1875,98044765.2332898,2.74318841,1.520421,2.47004921,1.919305,48
2025-07-02 20:00:00,5626122.0,104188057.41877134,5587917.229166667,104235165.53052741,2.8805564,1.560084,2.53552197,0.637815,48
2025-07-03 00:00:00,5651938.0,104968165.50738862,5650202.042553191,104895231.35538426,2.99777778,1.617579,2.5574806,1.069657,47
2025-07-03 04:00:00,5684663.0,108588432.626,5684460.854166667,107528492.96369691,2.55751015,1.601456,2.35521746,0.805216,48
2025-07-03 08:00:00,5695900.0,106849388.1,5683847.083333333,107485499.02692543,2.6655537,1.600651,2.42751925,2.964821,48
2025-07-03 12:00:00,5644769.0,103875039.138,5698458.541666667,106596569.70693208,3.29397507,1.616876,2.83467663,1.176653,48
2025-07-03 16:00:00,5620576.0,104166135.008,5621313.395833333,104016644.8425871,3.31245836,1.700739,2.86518999,1.133164,48
2025-07-03 20:00:00,5579506.0,103343610.132,5605500.4375,104199932.80012034,3.34150437,1.700777,2.86406101,3.552123,48
2025-07-04 00:00:00,5486549.0,102900226.495,5530720.085106383,103249942.6094083,3.23485825,1.58231,2.80037037,0.884185,47
2025-07-04 04:00:00,5394817.0,97808032.21,5453623.729166667,101182032.93354946,3.36812081,1.643134,2.91295938,0.701143,48
2025-07-04 08:00:00,5182807.0,93648139.683,5234533.8125,94751574.06940597,3.36014686,1.688136,2.97117257,0.347864,48
2025-07-04 12:00:00,5168650.0,91588478.0,5175902.729166667,92930795.11136657,3.22096042,1.689989,2.92670157,0.813635,48
2025-07-04 16:00:00,5161746.0,91241515.05799578,5162181.666666667,91127398.94748078,3.13123028,1.654464,2.90396341,0.73801,48
2025-07-04 20:00:00,5122376.0,91091212.408,5132192.125,91052109.29291944,2.52987083,1.622495,2.53513795,3.261263,48
2025-07-05 00:00:00,5117621.0,91260648.73319456,5123340.680851064,91102073.2962099,2.43443918,1.601462,2.50908156,0.805073,47
2025-07-05 04:00:00,5119993.0,91185668.30472368,5114062.0625,91072978.43546903,2.44679166,1.587998,2.52117264,1.154528,48
2025-07-05 08:00:00,5151806.0,92140050.31,5175540.0625,92105753.66799086,2.3193426,1.573088,2.40295082,0.390589,48
2025-07-05 12:00:00,5191437.0,92657377.25836128,5186081.75,92607976.05452426,2.2932293,1.55257,2.35016129,0.814462,48
2025-07-05 16:00:00,5195069.0,92307665.35000494,5184670.458333333,91947611.69425525,2.28303303,1.529845,2.36434234,0.368139,48
2025-07-05 20:00:00,5149842.0,92151272.748,5182127.041666667,92575973.0939949,2.28116378,1.527673,2.35424114,0.206608,48
2025-07-06 00:00:00,5152189.0,92244791.856,5152189.0,92244791.856,2.2756635,1.528602,2.34961064,1.271818,1
2025-07-06 04:00:00,5121299.0,91358852.861,5120376.625,91281015.59898157,2.4579464,1.534805,2.45993266,0.696754,48
2025-07-06 08:00:00,5117815.0,91296030.22531569,5118699.208333333,91164262.13365215,2.48132337,1.534077,2.49473863,0.823418,48
2025-07-06 12:00:00,5082502.0,92062853.4543752,5118036.4375,92534660.82251793,2.47647217,1.499283,2.49674435,0.742314,48
2025-07-06 16:00:00,5049284.0,91457681.092,5066564.416666667,92009794.69366062,2.52773202,1.509087,2.49466988,3.482304,48
2025-07-06 20:00:00,4938891.0,90320872.33749714,5017317.479166667,92017599.52112465,2.59764165,1.582334,2.60273473,0.526496,48
2025-07-07 00:00:00,4936977.0,90247939.56,4936977.0,90247939.56,2.57815174,1.583412,2.59788745,1.176247,1
2025-07-07 04:00:00,5006378.0,91530378.60654272,4960956.229166667,90696322.27703972,2.73134769,1.614713,2.57342407,0.87258,48
2025-07-07 08:00:00,5063206.0,91975062.07155326,5032799.041666667,91665061.14155532,2.74800591,1.585976,2.57617188,2.129764,48
2025-07-07 12:00:00,5016047.0,90510361.85862768,5027371.395833333,90913343.919123,2.85266362,1.615852,2.68676686,1.277884,48
2025-07-07 16:00:00,5017484.0,90409124.34065828,5029033.583333333,90360668.53181213,2.77044306,1.637993,2.64550746,1.49749,48
2025-07-07 20:00:00,5030715.0,90532747.14,5022644.916666667,89905008.24283469,2.70536756,1.626209,2.61697909,1.382993,48
2025-07-08 00:00:00,5059163.0,90053101.4,5041403.468085106,89984905.83048277,2.72447796,1.62109,2.67143116,2.541603,47
2025-07-08 04:00:00,5098206.0,91155923.28,5087177.9375,90515694.33467543,2.7403011,1.6125,2.70807678,1.112244,48
2025-07-08 08:00:00,5123190.0,92893681.08,5130622.3125,92310852.85002704,2.54030922,1.554651,2.54032399,0.548043,48
2025-07-08 12:00:00,5149616.0,92708536.848,5143369.458333333,93201568.44701457,2.70357454,1.545995,2.62189677,0.800206,48
2025-07-08 16:00:00,5197124.0,95235373.064839,5178421.583333333,94595892.49352677,2.68333818,1.558066,2.56541807,0.875616,48
2025-07-08 20:00:00,5302710.0,97331242.05,5249498.041666667,96268810.12681901,2.81684211,1.60316,2.66400291,0.948448,48
2025-07-09 00:00:00,5301114.0,97323151.926,5301114.0,97323151.926,2.82218204,1.602759,2.66751546,0.706321,1
2025-07-09 04:00:00,5263842.0,96807318.222,5258501.458333333,96377560.16239624,2.96166924,1.581384,2.75658509,0.798245,48
2025-07-09 08:00:00,5371883.0,99498177.16926989,5297514.354166667,97516516.45943171,2.94016039,1.549602,2.74011509,0.330283,48
2025-07-09 12:00:00,5482834.0,101481774.506,5453775.520833333,101372071.73105018,2.80270112,1.528345,2.6865101,0.781287,48
2025-07-09 16:00:00,5662126.0,108429712.9,5501703.604166667,102746410.62288503,3.38894682,1.509404,3.0709571,1.346696,48
2025-07-09 20:00:00,5752206.0,112087486.116,5737429.6875,111332021.24625488,3.23217303,1.544099,2.92098914,0.662081,48
2025-07-10 00:00:00,5687502.0,110821801.27154005,5718422.489361702,111515352.88883732,3.48862443,1.572233,2.91948728,1.946956,47
2025-07-10 04:00:00,5637592.0,109915922.29484048,5655058.708333333,110035913.63124762,3.60711718,1.573605,2.94997991,0.719706,48
2025-07-10 08:00:00,5691500.0,111331431.5,5672908.270833333,110766463.86986975,3.54212196,1.548867,2.70385952,1.187289,48
2025-07-10 12:00:00,5696825.0,110700703.4,5694096.958333333,111155497.74232225,3.67816092,1.530086,2.96698762,1.299538,48
2025-07-10 16:00:00,5698445.0,112566990.15820657,5704912.375,112749987.65406077,3.54885877,1.580157,2.94088276,1.906461,48
2025-07-10 20:00:00,5526104.0,114400508.56340912,5606378.958333333,114096930.65874298,3.53462099,1.734888,3.10427461,1.253444,48
2025-07-11 00:00:00,5459516.0,113847287.148,5506454.574468086,114308462.72214647,3.81308763,1.807443,3.16819572,0.434213,47
2025-07-11 04:00:00,5408403.0,112301085.854958,5464308.9375,114424700.40941818,3.77735991,1.805405,3.18676698,0.51735,48
2025-07-11 08:00:00,5423691.0,113922978.21227504,5433510.729166667,114087063.00487113,3.79194883,1.76667,3.17342048,3.480847,48
2025-07-11 12:00:00,5501623.0,116540880.009,5469488.875,116056699.61271094,3.86785309,1.704054,3.17070555,0.743729,48
2025-07-11 16:00:00,5591880.0,118994833.2538476,5539837.5625,117480063.48665117,3.95449287,1.827684,3.24354804,0.827935,48
2025-07-11 20:00:00,5558925.0,115003118.22495,5549070.9375,115764518.46728605,3.79310345,1.900351,3.10926006,0.85833,48
2025-07-12 00:00:00,5555067.0,114848318.62838648,5555067.0,114848318.62838648,3.78576836,1.897244,3.10618512,0.9797,1
2025-07-12 04:00:00,5575699.0,116455130.60930708,5593824.958333333,116116239.8472699,3.7864875,1.876295,3.19524543,1.703091,48
2025-07-12 08:00:00,5544424.0,116477493.0894716,5575117.291666667,116462172.40372634,3.84939302,1.873983,3.23526815,1.010835,48
2025-07-12 12:00:00,5475236.0,110868985.04689124,5493686.270833333,113349344.32752855,3.80667172,1.955464,3.18726426,0.595208,48
2025-07-12 16:00:00,5480165.0,113426106.64528926,5467307.729166667,112904784.24910957,3.84083969,1.962945,3.18307692,0.485516,48
2025-07-12 20:00:00,5471638.0,113180832.03,5454507.1875,112388234.73304588,3.85139793,1.99326,3.19951392,0.739029,48
2025-07-13 00:00:00,5457257.0,115153579.957,5449804.893617021,114186865.85698909,3.84583175,1.84636,3.27940192,0.666506,47
2025-07-13 04:00:00,5489442.0,116744119.02394164,5475867.354166667,115609031.82311994,3.87898579,1.80919,3.33048753,0.628876,48
2025-07-13 08:00:00,5415454.0,114976660.39835624,5444914.875,115573525.19671948,3.8840745,1.815648,3.23073602,1.067781,48
2025-07-13 12:00:00,5328946.0,113474576.124,5375606.520833333,114585148.62204303,3.98525417,1.840557,3.41395664,0.534649,48
2025-07-13 16:00:00,5202405.0,112423972.05,5292433.541666667,113419229.84658073,3.82415094,1.789154,3.28411092,0.89168,48
2025-07-13 20:00:00,5106664.0,108184612.08750048,5173465.9375,110006177.59047514,3.94291262,1.851574,3.39804279,2.093648,48
2025-07-14 00:00:00,4965553.0,108233985.39354476,5071558.787234043,108981328.69187017,3.9399924,1.856067,3.33863026,1.162813,47
2025-07-14 04:00:00,4885245.0,107058435.6094137,4905335.75,107099906.54889204,3.92411721,1.909981,3.3585825,1.314939,48
2025-07-14 08:00:00,4953711.0,107454114.73483492,4918092.145833333,107077315.58100039,3.95972902,1.841103,3.3499781,0.776409,48
2025-07-14 12:00:00,4973248.0,106158951.808,4962731.0625,107715837.25466226,3.79992617,1.894601,3.13756614,0.675402,48
2025-07-14 16:00:00,4967749.0,105761843.95749845,4952236.1875,105973694.00189449,3.81579919,1.975212,3.13125789,1.340789,48
2025-07-14 20:00:00,4927020.0,104879257.9258914,4948676.770833333,105242429.97955282,3.84521158,1.929957,3.20286447,1.155165,48
2025-07-15 00:00:00,4865627.0,99764842.37969834,4907762.021276596,102652719.07145078,3.75979495,1.900052,3.19452293,0.594446,47
2025-07-15 04:00:00,4846793.0,100726052.126,4857779.958333333,100870679.19463827,3.69628025,1.888574,3.15970884,0.761583,48
2025-07-15 08:00:00,4744042.0,99791360.6334703,4801784.770833333,101249978.89729004,3.69884309,1.734496,3.18688595,0.657959,48
2025-07-15 12:00:00,4622583.0,98280737.163,4685202.229166667,98566764.45851678,3.64130834,1.845314,3.18340611,0.933534,48
2025-07-15 16:00:00,4578545.0,97129757.04102275,4647121.375,99653502.87840217,3.8304769,1.870321,3.34355556,1.213284,48
2025-07-15 20:00:00,4765160.0,107110598.7381292,4679795.229166667,102691367.03183818,3.54178273,1.727737,3.17757009,0.508711,48
2025-07-16 00:00:00,4779363.0,107559564.315,4779363.0,107559564.315,3.53004515,1.72298,3.17394994,1.393563,1
2025-07-16 04:00:00,4768034.0,105178062.006,4755586.729166667,104130474.78689158,3.84336918,1.755961,3.38184562,1.058262,48
2025-07-16 08:00:00,4750995.0,104585788.032153,4756941.208333333,104731957.47022803,3.21761978,1.751586,3.01648773,0.627058,48
2025-07-16 12:00:00,4749289.0,104453964.54510136,4797148.25,105958603.4182095,3.21629997,1.774747,2.9081537,1.06776,48
2025-07-16 16:00:00,4783465.0,107948454.655,4778468.625,107289548.78433903,3.80854093,1.722746,3.29253112,0.928727,48
2025-07-16 20:00:00,4777275.0,108358151.55,4803620.354166667,109424848.16529101,3.77678571,1.74571,3.27428452,0.720885,48
2025-07-17 00:00:00,4681905.0,103589916.95679796,4713668.127659574,105750503.09438135,3.83477011,1.811876,3.21649699,0.717271,47
2025-07-17 04:00:00,4760199.0,108080916.6520143,4710371.083333333,105709050.63200992,3.93158661,1.812831,3.31147884,1.192668,48
2025-07-17 08:00:00,4827281.0,110679631.57799666,4803379.375,110122274.82636915,3.77493875,1.754839,3.16732752,1.057046,48
2025-07-17 12:00:00,4855014.0,110618577.53454006,4848609.4375,110528120.88540764,3.82940556,1.747736,3.22689076,1.561911,48
2025-07-17 16:00:00,4786554.0,107908073.376,4830126.0,109474354.65891324,3.77314165,1.75864,3.21415644,1.344181,48
2025-07-17 20:00:00,5421000.0,129667619.31201,4829126.833333333,110749750.39167853,3.42484308,1.485211,2.92912321,0.886866,48
2025-07-18 00:00:00,5344509.0,129804675.48922876,5342570.638297873,129221943.54959092,3.95178506,1.55056,3.35570033,0.676003,47
2025-07-18 04:00:00,5324811.0,130025762.20556033,5346444.1875,131676651.42690004,3.91566265,1.567985,3.28977895,0.785789,48
2025-07-18 08:00:00,5317771.0,128129804.48947272,5352153.0625,130031608.69201131,4.24180166,1.547616,3.64027096,0.440553,48
2025-07-18 12:00:00,5409592.0,128685410.88281249,5363951.104166667,129442265.94858354,4.18908382,1.741025,3.55781536,0.985241,48
2025-07-18 16:00:00,5346467.0,126124629.00047646,5379926.395833333,128149891.69407338,4.16802168,1.885877,3.54000904,1.658292,48
2025-07-18 20:00:00,5288660.0,124357547.537938,5322671.4375,124776952.54805313,4.18206842,1.950253,3.52702703,2.41313,48
2025-07-19 00:00:00,5287241.0,124309324.71306264,5287241.0,124309324.71306264,4.21140143,1.95134,3.55079475,0.709704,1
2025-07-19 04:00:00,5305446.0,125962952.69968452,5304820.520833333,126551424.04086673,4.21606864,1.918146,3.6669787,1.304178,48
2025-07-19 08:00:00,5293677.0,125113441.61261354,5307930.708333333,125183312.1875248,4.22918288,1.927106,3.66751563,0.593238,48
2025-07-19 12:00:00,5251487.0,124148281.35841,5268383.25,124417254.23401089,4.1869195,1.910638,3.66160571,0.580696,48
2025-07-19 16:00:00,5442626.0,135217736.27447245,5268391.395833333,126810286.4861291,3.82095915,1.832602,3.17697142,0.791616,48
2025-07-19 20:00:00,5318128.0,130286523.57839952,5437430.291666667,133646077.9535027,4.113371,1.841204,3.38644572,0.906174,48
2025-07-20 00:00:00,5315241.0,130136409.52533372,5315241.0,130136409.52533372,4.10863825,1.840732,3.39364876,0.752914,1
2025-07-20 04:00:00,5337635.0,131703645.7185727,5320310.0,130892982.81157412,3.45405233,1.711518,3.08853354,0.613502,48
2025-07-20 08:00:00,5487387.0,137896284.72379926,5404553.708333333,134975649.40412682,3.35362047,1.669182,3.02559694,0.754493,48
2025-07-20 12:00:00,5577125.0,141670309.8373075,5514098.125,138535534.41892102,3.17357432,1.64862,2.94417984,1.165316,48
2025-07-20 16:00:00,5582230.0,141625337.7130887,5601428.625,141507293.25153768,3.67415354,1.757284,3.31441224,0.683818,48
2025-07-20 20:00:00,5473292.0,137044290.61528435,5506609.791666667,138017644.3646439,4.51665998,1.789851,3.81454965,1.281107,48
2025-07-21 00:00:00,5384801.0,136738700.6927988,5403054.404255319,135514772.5342633,3.78012465,1.814941,3.35458917,1.50618,47
2025-07-21 04:00:00,5517504.0,142390225.728,5440718.708333333,139189410.38098276,3.74389417,1.751717,3.38166356,0.29682,48
2025-07-21 08:00:00,5689233.0,148677058.29709953,5601619.020833333,144817694.38591287,3.64511829,1.680229,3.28909276,1.06892,48
2025-07-21 12:00:00,5720863.0,148891180.438,5690785.541666667,148013204.62267938,3.72959184,1.754465,3.33751543,2.671446,48
2025-07-21 16:00:00,5743284.0,144431864.06744507,4524832.0625,115710165.29081155,4.48672216,1.896412,3.80409017,0.723689,48
2025-07-21 20:00:00,5748310.0,146282992.88,5774485.875,146564902.6717657,4.52248309,1.893623,3.89411765,0.720434,48
2025-07-22 00:00:00,5925434.0,153459291.25114587,5795439.638297873,148689978.02619502,4.36981567,1.972045,3.72990868,1.152131,47
2025-07-22 04:00:00,6081977.0,156872432.761,6030034.395833333,154615606.57447132,3.99594545,1.992392,3.42180095,0.851994,48
2025-07-22 08:00:00,6043685.0,154348276.39293885,6026326.0,152664626.05395445,4.13109978,2.098332,3.48651496,0.83641,48
2025-07-22 12:00:00,5999616.0,150096430.6136064,6011078.75,151983995.54603812,4.08669065,2.112944,3.80145921,1.325508,48
2025-07-22 16:00:00,5953677.0,147765851.465343,6015219.791666667,150564145.82193413,4.18878299,2.037408,3.53763667,1.065052,48
2025-07-22 20:00:00,5934948.0,153450966.23041657,5917503.375,150122303.73767605,4.08575581,2.002186,3.6318408,0.790457,48
2025-07-23 00:00:00,5946281.0,153984114.64566833,5946281.0,153984114.64566833,4.06809127,1.992922,3.63030303,0.615642,1
2025-07-23 04:00:00,5780170.0,146377025.08,5822419.75,148767562.49241906,4.50879878,2.022823,3.79805568,0.835743,48
2025-07-23 08:00:00,5792240.0,144866432.756816,5797642.270833333,145891337.26846418,4.48875334,2.03067,3.82828059,0.400953,48
2025-07-23 12:00:00,5603872.0,135738156.71981537,5720530.833333333,139279054.30287635,4.17681801,2.039032,3.53429681,1.163653,48
2025-07-23 16:00:00,5394638.0,128975005.304,5472320.875,130755943.58390765,3.91025186,2.071207,3.28934325,0.863769,48
2025-07-23 20:00:00,5289875.0,126480911.25,5340351.041666667,127047024.44065787,3.97073884,1.996383,3.36611553,1.157237,48
2025-07-24 00:00:00,5277184.0,126595762.42176512,5293466.659574468,127375260.31710333,3.86626248,1.951275,3.46010112,0.448247,47
2025-07-24 04:00:00,5296821.0,122631999.792,5319946.3125,124203106.48489265,3.82270774,1.92831,3.30806205,1.234942,48
2025-07-24 08:00:00,5211332.0,124264211.54,5220404.458333333,122769228.84555519,3.73504274,2.05918,3.19315982,1.716167,48
2025-07-24 12:00:00,5142705.0,124463746.41,5175745.479166667,123654609.05712812,3.81994866,1.946607,3.2161402,1.109003,48
2025-07-24 16:00:00,5108556.0,123076228.2144336,5102451.104166667,123057461.22962852,4.10708723,1.923056,3.47955903,0.594482,48
2025-07-24 20:00:00,5028930.0,118994541.66,5098179.020833333,122021735.4163258,4.07192575,1.895611,3.42248062,2.024267,48
2025-07-25 00:00:00,4939222.0,114021939.87,4981549.29787234,116410059.94936724,4.07647516,1.915559,3.52420503,0.806798,47
2025-07-25 04:00:00,4904963.0,112284412.996,4922113.4375,113769430.15739304,4.06746338,1.846187,3.5360509,0.637019,48
2025-07-25 08:00:00,5029949.0,119317430.54871684,4942542.375,116238125.77689575,3.2690583,1.864046,3.0077173,1.334628,48
2025-07-25 12:00:00,4894196.0,113555221.7298496,4990195.229166667,117277710.81015748,3.34335185,1.913585,3.10870934,1.078499,48
2025-07-25 16:00:00,4940810.0,115739682.278045,4926100.25,115019190.47400378,3.97408937,1.930707,3.49541495,0.713302,48
2025-07-25 20:00:00,5170753.0,124078730.53986584,5090981.3125,121508977.85325013,3.87559285,1.972781,3.44568369,0.834648,48
2025-07-26 00:00:00,5188878.0,124878016.05235524,5190093.255319149,124543430.39643057,4.04781472,2.065686,3.50994126,0.875192,47
2025-07-26 04:00:00,5157196.0,124288577.64544453,5167466.5625,124586687.22667581,3.99557196,2.03422,3.48034837,0.723248,48
2025-07-26 08:00:00,5212653.0,126745335.34453848,5179475.4375,125613793.14054887,3.91280555,1.95768,3.40934006,0.849882,48
2025-07-26 12:00:00,5616980.0,139570719.04,5372181.291666667,131547634.07009411,3.99232456,2.003342,3.33968254,1.102035,48
2025-07-26 16:00:00,6073608.0,154340518.62193128,5749775.020833333,143431057.03250298,3.8484957,1.836309,3.30759494,1.087468,48
2025-07-26 20:00:00,6091188.0,151944684.66,6079242.958333333,152470210.2293689,4.08511436,1.870837,3.51029798,0.98357,48
2025-07-27 00:00:00,6092100.0,151882145.1,6092100.0,151882145.1,4.08667917,1.871037,3.51513822,0.601496,1
2025-07-27 04:00:00,5962884.0,148848070.03558585,5973531.395833333,149727881.0951714,3.99852507,1.81211,3.51767016,0.339178,48
2025-07-27 08:00:00,5964194.0,148651571.256,5965365.520833333,148800458.33066756,3.48144594,1.804466,3.21881795,1.181791,48
2025-07-27 12:00:00,6000455.0,150011375.0,5992796.770833333,149720809.90726134,4.13741034,1.770912,3.62731686,0.263494,48
2025-07-27 16:00:00,6521450.0,165788301.9,6374452.9375,161638877.47883222,4.13605948,1.688238,3.5569044,1.2824,48
2025-07-27 20:00:00,6786464.0,176264784.0026912,6622806.041666667,170308679.55223465,4.21808511,1.696272,3.59699182,1.062419,48
2025-07-28 00:00:00,6793243.0,176967890.27273837,6793243.0,176967890.27273837,4.22522866,1.697264,3.60066519,1.850706,1
2025-07-28 04:00:00,6966663.0,184839502.716,6920751.5,183091133.68231797,4.22782037,1.782867,3.54631779,0.941371,48
2025-07-28 08:00:00,7118019.0,193925027.9969668,7074934.729166667,190205221.69131073,3.91622481,1.721684,3.22920812,1.118801,48
2025-07-28 12:00:00,7166054.0,186664661.159346,7231524.229166667,193653497.67437196,4.16302766,1.997005,3.29387019,0.729653,48
2025-07-28 16:00:00,6997600.0,178601394.554176,7069546.5625,182355481.9088774,4.33924441,2.077804,3.32267442,1.400819,48
2025-07-28 20:00:00,6895673.0,172667651.92,6954161.6875,175686644.02803266,4.33657966,2.064614,3.38946015,0.437062,48
2025-07-29 00:00:00,6562083.0,163639917.91630295,6667823.191489362,165686054.84272173,4.22402472,2.009651,3.4734375,1.27143,47
2025-07-29 04:00:00,6582920.0,167397072.68,6554281.333333333,164587075.88013682,3.44227006,1.97383,3.15704998,1.299329,48
2025-07-29 08:00:00,6597495.0,162859164.075,6598157.229166667,164775123.49379477,3.52341959,1.947746,3.2032635,0.746006,48
2025-07-29 12:00:00,6431027.0,156937129.97095674,6500534.770833333,160918574.69581655,3.41428571,1.935731,3.03680253,0.636948,48
2025-07-29 16:00:00,6548735.0,157646552.1502738,6517080.375,158110388.7031978,3.30191643,1.853018,2.9546851,0.706782,48
2025-07-29 20:00:00,6473062.0,157619059.7,6475213.041666667,156759450.2355209,3.25561798,1.827594,2.9569684,2.497296,48
2025-07-30 00:00:00,6456929.0,157316618.156,6446071.680851064,156534479.735774,3.23411474,1.819178,2.98701802,0.948576,47
2025-07-30 04:00:00,6370902.0,152879529.24760032,6427136.979166667,155132548.77129892,3.19378428,1.786862,2.98189174,2.197811,48
2025-07-30 08:00:00,6375755.0,149128909.45,6331346.645833333,150539751.03271958,3.35679374,1.777062,2.96800477,1.201351,48
2025-07-30 12:00:00,6465521.0,150045345.847,6419732.020833333,149553647.94239795,3.65534466,1.810539,3.26229175,1.015379,48
2025-07-30 16:00:00,6550027.0,152261927.642,6496686.25,150993545.40068218,3.01052332,1.797648,2.86074101,0.961515,48
2025-07-30 20:00:00,6464953.0,150728676.3263798,6500894.479166667,150802657.332243,2.8734773,1.774582,2.69082553,1.15146,48
2025-07-31 00:00:00,6464335.0,150617082.55426756,6464335.0,150617082.55426756,2.88861111,1.779081,2.70686292,0.586144,1
2025-07-31 04:00:00,6640038.0,158364906.3,6625528.875,158302575.40956804,2.82674607,1.724469,2.65274688,0.498242,48
2025-07-31 08:00:00,6650439.0,156817351.62,6657557.666666667,159301929.72010088,2.86681223,1.687161,2.66461538,0.522732,48
2025-07-31 12:00:00,6752003.0,155539141.108,6672687.583333333,154731694.7302849,2.8566879,1.621365,2.68858994,1.136735,48
2025-07-31 16:00:00,6678637.0,152639172.7065793,6728137.083333333,155205859.10929886,2.79496021,1.611733,2.57617637,1.063051,48
2025-07-31 20:00:00,6593328.0,148013620.272,6592253.645833333,149437009.48015213,2.74239244,1.592398,2.52901749,2.080034,48
2025-08-01 00:00:00,6687588.0,149822033.964,6632901.14893617,147986255.63446963,2.64492197,1.640766,2.48090362,0.796567,47
2025-08-01 04:00:00,6760051.0,148971243.887,6698783.1875,147630581.11704078,2.57289322,1.608264,2.41491547,1.851294,48
2025-08-01 08:00:00,6836176.0,151226075.19258288,6811109.708333333,149421735.3051822,2.49975586,1.635371,2.39728803,0.788029,48
2025-08-01 12:00:00,6816989.0,150795094.6711083,6808322.854166667,150483094.85697153,2.50653837,1.673758,2.37763548,0.798932,48
2025-08-01 16:00:00,6848739.0,150785792.42287338,6854431.604166667,149814397.01198497,2.42316898,1.740635,2.33665644,0.879901,48
2025-08-01 20:00:00,6863538.0,148143555.34109604,6823243.604166667,147230549.243687,2.47090597,1.622531,2.29353694,0.996957,48
2025-08-02 00:00:00,6898963.0,149562716.01439905,6899221.255319149,149481827.46355852,2.71699648,1.590776,2.48599533,0.721324,47
2025-08-02 04:00:00,6857100.0,148526183.682693,6892429.0625,148823352.1938894,2.35035294,1.596504,2.25706514,1.345794,48
2025-08-02 08:00:00,6845477.0,147013464.052,6843574.25,146815463.55608693,2.36002835,1.553625,2.28040079,0.719292,48
2025-08-02 12:00:00,6785903.0,143880517.1494879,6826131.958333333,146295000.18285987,2.32436857,1.576318,2.23221757,0.861501,48
2025-08-02 16:00:00,6878295.0,143687582.55,6833228.708333333,143620587.3820202,2.33981503,1.655835,2.24847654,1.634436,48
2025-08-02 20:00:00,6785318.0,141572864.79039672,6842597.854166667,143271562.4072416,2.34378712,1.67752,2.22650348,0.643915,48
2025-08-03 00:00:00,6845047.0,144837452.74350792,6824966.872340426,143566273.63950357,2.32150411,1.702202,2.25443968,0.756633,47
2025-08-03 04:00:00,6917738.0,146247899.058,6866670.729166667,145131308.86802298,2.32034531,1.683582,2.25113259,1.272168,48
2025-08-03 08:00:00,6983072.0,149456163.33105823,6967156.145833333,148219295.02903834,2.31688192,1.647872,2.2880084,0.795611,48
2025-08-03 12:00:00,7050414.0,150788415.40862107,7019091.75,149845172.01079947,2.29129541,1.669677,2.23721612,1.121587,48
2025-08-03 16:00:00,7041515.0,150578427.11373344,7048093.666666667,150779243.13857576,2.31006865,1.60178,2.2773208,0.768044,48
2025-08-03 20:00:00,7010799.0,149638493.856,7019154.229166667,150029473.36869296,2.29145843,1.599715,2.25981961,0.48356,48
2025-08-04 00:00:00,6891468.0,149965235.148,6997415.085106383,151947693.76891768,2.4808834,1.485429,2.37609815,0.847915,47
2025-08-04 04:00:00,6781549.0,148692243.374,6829931.9375,149229706.05481476,2.5377928,1.491798,2.46108618,0.732615,48
2025-08-04 08:00:00,6763967.0,147421767.41764086,6767756.0625,148173879.70516053,2.52689988,1.481949,2.42673207,0.479645,48
2025-08-04 12:00:00,6818062.0,152104145.158,6786505.770833333,149869418.87034878,2.47759036,1.479078,2.38598922,1.156529,48
2025-08-04 16:00:00,6724583.0,149870781.321,6760222.5625,152143366.83448914,2.60707965,1.503133,2.47725459,1.219447,48
2025-08-04 20:00:00,6654395.0,153663289.34,6706518.958333333,152892612.08450505,2.63495294,1.571909,2.50983871,1.425211,48
2025-08-05 00:00:00,6522949.0,148275355.47520545,6587682.872340426,150874016.1807689,2.88389513,1.564111,2.56827243,1.458499,47
2025-08-05 04:00:00,6457121.0,143511027.7741624,6485959.083333333,146742222.07448035,2.9850998,1.619524,2.62430748,0.640721,48
2025-08-05 08:00:00,6517119.0,147521505.684,6527930.541666667,147107165.3913063,3.02843332,1.577942,2.68212848,0.501046,48
2025-08-05 12:00:00,6518394.0,141393300.5261277,6546846.625,145118243.92858195,3.03445306,1.575065,2.70801493,1.572838,48
2025-08-05 16:00:00,6481188.0,140434381.584,6505725.125,141776376.42113674,2.87503426,1.586048,2.64505002,0.374777,48
2025-08-05 20:00:00,6484402.0,141963486.86609817,6479369.395833333,140808800.48845798,2.76177585,1.549258,2.53221096,1.094851,48
2025-08-06 00:00:00,6486763.0,142035075.3355541,6486763.0,142035075.3355541,2.75635479,1.54949,2.53021978,1.034365,1
2025-08-06 04:00:00,6418290.0,142421855.1,6437384.354166667,141454480.95679176,2.64891935,1.583875,2.52974359,0.655171,48
2025-08-06 08:00:00,6480625.0,142205977.1235,6440502.416666667,141915453.37771052,2.70213333,1.560282,2.59108062,0.897688,48
2025-08-06 12:00:00,6513347.0,145065264.384,6484991.291666667,142525120.30548623,2.67329621,1.540346,2.5771663,1.419109,48
2025-08-06 16:00:00,6545242.0,145134196.108,6533919.625,145009022.97002587,2.63702738,1.590535,2.51498003,1.239662,48
2025-08-06 20:00:00,6475946.0,143778953.092,6496833.395833333,144262496.41410178,2.62181818,1.610773,2.50140845,0.415199,48
2025-08-07 00:00:00,6488258.0,142809400.1125911,6485164.510638298,143505080.66351703,2.69984326,1.647082,2.48837209,0.498219,47
2025-08-07 04:00:00,6505736.0,144427339.2,6495825.416666667,143697213.99596494,2.70487106,1.655945,2.46283129,1.321065,48
2025-08-07 08:00:00,6653025.0,151422849.0,6556829.354166667,147522723.78722754,2.74200426,1.623913,2.51768222,1.038692,48
2025-08-07 12:00:00,6539234.0,148073143.40351805,6577073.125,149117390.54748607,2.85679546,1.605966,2.58888149,2.757759,48
2025-08-07 16:00:00,6458137.0,147096986.449,6480663.1875,146062287.182079,2.85863299,1.599249,2.62047271,0.695731,48
2025-08-07 20:00:00,6557915.0,152963367.375,6509079.270833333,150353501.13535196,3.60852459,1.597977,3.07280719,1.28693,48
2025-08-08 00:00:00,6604194.0,153596806.38340002,6591810.638297873,153165554.75506464,3.16793446,1.669115,2.79924583,1.128796,47
2025-08-08 04:00:00,6561619.0,153968389.835,6592519.4375,153103945.8900951,3.07808924,1.627551,2.71466014,1.042068,48
2025-08-08 08:00:00,6634826.0,155938315.478,6612625.041666667,155310973.20882615,3.09919954,1.606546,2.72515528,1.270378,48
2025-08-08 12:00:00,6681284.0,154714587.17487088,6668542.3125,155788611.7682101,3.12659698,1.705656,2.76591629,1.000148,48
2025-08-08 16:00:00,6725269.0,159698237.674,6737265.75,158602074.24493808,3.07860011,1.762601,2.71093075,1.131752,48
2025-08-08 20:00:00,6716743.0,159804749.456,6730301.416666667,159996300.5716648,3.1047619,1.750351,2.74258807,0.569241,48
2025-08-09 00:00:00,6749310.0,161614897.6395705,6741468.829787234,161557474.40198097,3.20641399,1.778944,2.74908008,0.971277,47
2025-08-09 04:00:00,6852152.0,167165462.6708408,6800001.916666667,165137300.19072834,3.28596908,1.78806,2.89989099,1.166977,48
2025-08-09 08:00:00,6894728.0,169708614.31445497,6884655.0,169245189.77264014,3.35835866,1.748294,2.93416468,1.782452,48
2025-08-09 12:00:00,7084888.0,171140216.08986673,6960278.625,169921635.23896816,3.39539812,1.876147,2.96888726,1.001727,48
2025-08-09 16:00:00,7089947.0,173427193.567,7100572.291666667,172928845.84455445,3.36720624,1.885282,2.96159394,0.790875,48
2025-08-09 20:00:00,7269579.0,176446284.14848375,7138934.3125,175167085.5945058,3.91719521,2.008415,3.25559814,1.067004,48
2025-08-10 00:00:00,7220832.0,176130534.144,7246636.191489362,176075711.73858938,3.92491349,2.041843,3.18562757,0.909755,47
2025-08-10 04:00:00,7157120.0,168063758.8721472,7200705.770833333,173741547.29559073,4.04917469,2.022531,3.2345967,0.631777,48
2025-08-10 08:00:00,7131418.0,168154531.5595243,7107072.729166667,167456422.11270127,3.67381703,2.055568,3.00886397,0.888334,48
2025-08-10 12:00:00,7061977.0,169038732.5237317,7095672.333333333,168207015.49627742,3.66927409,2.054313,3.04080896,0.454459,48
2025-08-10 16:00:00,7125265.0,170487529.62511864,7103748.208333333,169653444.91658676,3.69768894,2.053464,3.0694718,0.90069,48
2025-08-10 20:00:00,7123214.0,169938516.398,7094803.166666667,168432217.9285441,3.75824873,2.055381,3.07632624,0.971983,48
2025-08-11 00:00:00,7282438.0,177800723.77,7221161.042553191,174018439.9226485,3.80490956,2.100806,3.12407407,2.91584,47
2025-08-11 04:00:00,7162782.0,172637371.764,7244979.666666667,177211811.1269316,3.78012342,2.11707,3.05105601,1.562737,48
2025-08-11 08:00:00,7137077.0,166807763.644,7182663.625,172159188.9783083,3.58685446,2.011763,2.94970147,1.047323,48
2025-08-11 12:00:00,7110412.0,168317130.55287677,7110294.6875,166413329.1198323,2.85992723,1.946806,2.49669187,1.075298,48
2025-08-11 16:00:00,6903925.0,159745198.08318225,7005929.4375,165037375.63950798,2.87133124,2.062546,2.47776905,0.732265,48
2025-08-11 20:00:00,6650431.0,151929096.195,6755835.145833333,155138447.16793838,2.76082527,2.101641,2.42382142,0.923488,48
2025-08-12 00:00:00,6743009.0,155203838.153,6707317.170212766,154425542.47065625,2.6915958,2.03508,2.43588948,0.421181,47
2025-08-12 04:00:00,6687506.0,154501451.118,6720518.6875,154856180.7836769,2.61585218,2.038375,2.38817481,1.177244,48
2025-08-12 08:00:00,6622241.0,151873459.9044547,6664625.0,153086889.21243176,2.5898985,2.015474,2.35506923,0.695355,48
2025-08-12 12:00:00,6913135.0,167171963.39535895,6766750.520833333,159991386.1280199,2.79157839,1.984474,2.57754535,1.720505,48
2025-08-12 16:00:00,7172449.0,176141002.542,7050460.375,171794555.20062232,3.6,1.908052,3.05152567,1.047656,48
2025-08-12 20:00:00,7418431.0,183167584.86148417,7329833.791666667,181143921.68736342,3.88229342,1.909677,3.27039128,0.745975,48
2025-08-13 00:00:00,7447288.0,186115174.408,7424693.191489362,183486065.35119256,4.44924812,2.011398,3.49821166,1.34576,47
2025-08-13 04:00:00,7502307.0,185149434.453,7480214.916666667,185009872.05579183,4.33846718,2.034319,3.49676477,1.365624,48
2025-08-13 08:00:00,7538173.0,188823695.477,7565397.458333333,190082640.60277334,4.2810481,1.958981,3.55765635,0.885623,48
2025-08-13 12:00:00,7447750.0,185866952.85894,7520183.5,188672975.09563935,4.29782609,2.026161,3.55279114,0.644718,48
2025-08-13 16:00:00,7708313.0,195191223.45334697,7561998.708333333,190317447.09293616,4.30295389,2.203965,3.58106705,1.428662,48
2025-08-13 20:00:00,7570705.0,193379453.4027239,7656246.270833333,194803313.46786293,4.38382353,2.275932,3.67959923,0.607683,48
2025-08-14 00:00:00,7656064.0,198598300.16,7607612.510638298,194834873.95939904,4.24446086,2.300057,3.52447104,0.482954,47
2025-08-14 04:00:00,7616894.0,192242787.666,7631558.895833333,194735937.64157328,4.49109131,2.226438,3.67001067,1.478571,48
2025-08-14 08:00:00,7526671.0,188254558.33807287,7546049.833333333,189258089.7769011,4.34435162,2.299983,3.4660773,0.777713,48
2025-08-14 12:00:00,7166457.0,171610904.23975998,7337409.520833333,176946079.44442877,4.39825029,2.267166,3.55108291,1.084744,48
2025-08-14 16:00:00,7130724.0,168712506.70283785,7167375.0625,169586718.73820832,4.31928385,2.356084,3.55092291,0.882954,48
2025-08-14 20:00:00,6973924.0,164997880.02041215,7055897.979166667,165754754.21830872,4.19275362,2.295168,3.49637836,0.383678,48
2025-08-15 00:00:00,6957451.0,172045531.47454593,6930238.0,166427469.2911458,3.82531559,2.160197,3.47048832,0.481661,47
2025-08-15 04:00:00,7100655.0,179447753.16,7047802.125,176888387.89689097,3.72432617,1.931069,3.36158776,0.995758,48
2025-08-15 08:00:00,7034734.0,173244996.53192508,7067904.104166667,176310812.63993356,4.06768249,1.906997,3.55873213,1.482016,48
2025-08-15 12:00:00,6607165.0,156900047.35578066,6904570.875,166916235.19575015,3.7107299,2.039076,3.34335636,1.104014,48
2025-08-15 16:00:00,6596051.0,155162300.28587133,6584883.5,156448546.67252356,3.74214705,2.087149,3.44039388,0.708087,48
2025-08-15 20:00:00,6641863.0,157345734.47,6620385.229166667,156950213.9986029,3.21378299,2.050487,3.20579821,1.42763,48
2025-08-16 00:00:00,6690649.0,159786079.418,6670698.212765957,159574245.17658186,3.21860599,2.05019,3.17365269,1.036946,47
2025-08-16 04:00:00,6684182.0,160059422.172,6677428.145833333,158875648.3447967,3.13070423,2.057338,3.07877462,0.717571,48
2025-08-16 08:00:00,6741251.0,159149938.63535613,6728223.729166667,160315067.73739207,3.13357809,2.077999,3.02987223,0.481389,48
2025-08-16 12:00:00,6819932.0,165244343.0540168,6750071.666666667,160910010.21822116,3.04380165,2.097481,2.95167809,1.122422,48
2025-08-16 16:00:00,6817634.0,164877660.656,6821298.291666667,164080777.175607,2.93263833,2.042304,2.88431877,0.575909,48
2025-08-16 20:00:00,6802474.0,165222599.72321138,6810387.583333333,164985710.4183809,3.44866562,2.020385,3.30206708,0.942385,48
2025-08-17 00:00:00,6778128.0,165792427.55430433,6776180.55319149,163839455.57513547,3.2398736,2.088735,3.10887097,3.203663,47
2025-08-17 04:00:00,6784106.0,166521148.74637523,6798318.3125,166940942.6595616,3.33560225,2.116241,3.13706346,1.478026,48
2025-08-17 08:00:00,6907997.0,171207797.648,6845762.416666667,169123880.05973768,3.33950617,2.067836,3.17843797,0.669132,48
2025-08-17 12:00:00,6948228.0,176429405.376,6896416.895833333,171690252.56239676,3.4764668,2.046114,3.23169291,1.444876,48
2025-08-17 16:00:00,7283201.0,182830194.703,7134454.125,180309476.16026688,3.6969599,1.996385,3.28406872,1.187494,48
2025-08-17 20:00:00,7301104.0,183011573.82968703,7304656.145833333,183460397.53822926,3.79688535,1.971586,3.3957583,0.955573,48
2025-08-18 00:00:00,7297682.0,182912374.87730747,7297682.0,182912374.87730747,3.78137384,1.971811,3.37460191,1.68851,1
2025-08-18 04:00:00,7079002.0,166720802.64032158,7123999.4375,169367672.65645978,4.29275469,1.899255,3.70752831,0.475794,48
2025-08-18 08:00:00,7106397.0,167988118.683,7070052.458333333,167075150.82093206,3.34180622,1.859072,3.10759855,0.778815,48
2025-08-18 12:00:00,7122411.0,168573223.548,7115575.3125,168783375.9238939,3.42262443,1.833945,3.23391137,0.93144,48
2025-08-18 16:00:00,7131847.0,169671532.00649425,7138576.333333333,169212791.48390207,3.28729927,1.88621,3.08368586,1.142299,48
2025-08-18 20:00:00,7083917.0,167784694.3613581,7088661.625,168971118.74013472,3.24630542,1.958439,3.03131828,2.781658,48
2025-08-19 00:00:00,7080209.0,163474945.601,7064066.425531914,166555015.19872835,3.15996602,1.912554,2.99054717,0.89256,47
2025-08-19 04:00:00,6980823.0,160726468.752,7051800.416666667,162972934.83499315,3.70673837,1.859386,3.3626525,1.368441,48
2025-08-19 08:00:00,7009914.0,163176778.092,6997163.5625,162002230.58408627,2.98963593,1.797957,2.95580208,0.602422,48
2025-08-19 12:00:00,7064753.0,161019850.376,7037374.166666667,162299355.0343152,2.90662493,1.739051,2.7887561,1.315097,48
2025-08-19 16:00:00,7118616.0,160254283.392,7075322.375,160315186.01279324,2.90667362,1.724503,2.73667555,0.528547,48
2025-08-19 20:00:00,7080379.0,158226054.94358382,7097381.958333333,160203263.01871517,2.81344411,1.722744,2.65448666,1.139566,48
2025-08-20 00:00:00,7073399.0,158135657.82786125,7073399.0,158135657.82786125,2.81077001,1.727146,2.65803528,1.080182,1
2025-08-20 04:00:00,7075599.0,161214177.58876884,7049978.0625,160955340.2449083,2.92607419,1.684334,2.76607502,0.518918,48
2025-08-20 08:00:00,7038670.0,160042211.9226411,7062294.458333333,161570461.9115586,2.57186761,1.698413,2.50306466,1.52927,48
2025-08-20 12:00:00,6958224.0,160491092.4758232,7013156.958333333,160452091.94230205,2.53187441,1.707583,2.46280864,0.772904,48
2025-08-20 16:00:00,6855181.0,161179015.672,6946615.854166667,161539017.75082704,2.64838152,1.686175,2.58970259,1.534695,48
2025-08-20 20:00:00,6877454.0,161014979.3198743,6870815.958333333,161269701.67542288,2.67695783,1.695914,2.61486158,0.524956,48
2025-08-21 00:00:00,6877104.0,161277195.87374303,6877104.0,161277195.87374303,2.67193378,1.693511,2.6067216,1.611914,1
2025-08-21 04:00:00,6905175.0,161581095.0,6898186.9375,161356418.05713025,2.90385119,1.809042,2.6247147,1.704921,48
2025-08-21 08:00:00,6931833.0,159882804.32584468,6914589.479166667,160149811.70317647,2.84720786,1.794493,2.58931445,1.667528,48
2025-08-21 12:00:00,6906990.0,158404908.66,6924341.395833333,160222366.08785838,2.83149242,1.775498,2.59367475,0.580915,48
2025-08-21 16:00:00,6938430.0,158265588.3,6936968.666666667,158837186.3209548,2.79421467,1.809081,2.52772977,1.798591,48
2025-08-21 20:00:00,6948652.0,158300838.39016736,6933899.895833333,158813749.82313862,2.77772177,1.801674,2.53504783,3.213068,48
2025-08-22 00:00:00,6934201.0,158363282.438,6933872.021276596,159041667.41849223,3.01385042,1.904743,2.76305906,1.852275,47
2025-08-22 04:00:00,6895043.0,159440416.31617,6907115.145833333,158816922.4090814,2.95848033,1.860485,2.76184874,1.683748,48
2025-08-22 08:00:00,6952623.0,157278520.21658683,6931116.3125,158669116.18550113,2.60090433,1.790216,2.50899939,0.550086,48
2025-08-22 12:00:00,7036699.0,171700107.84317687,6939536.145833333,161307116.5386447,2.75966342,2.022818,2.65328343,0.786336,48
2025-08-22 16:00:00,7123170.0,178812936.51,7135240.791666667,178079277.9832808,3.53762058,2.017594,3.08813297,1.380556,48
2025-08-22 20:00:00,7252878.0,182997257.76552072,7185764.145833333,181030974.36742795,3.68618968,2.067143,3.17852217,0.573802,48
2025-08-23 00:00:00,7372056.0,183753805.37589288,7339568.85106383,182985593.43321553,3.84492704,2.105011,3.1374,1.104369,47
2025-08-23 04:00:00,7518416.0,190262629.9520336,7470884.666666667,188994457.30342993,3.79288136,2.059922,3.11126537,1.221899,48
2025-08-23 08:00:00,7929777.0,206031466.014,7670872.666666667,196415599.1547911,3.3988006,2.116203,2.86517254,1.067182,48
2025-08-23 12:00:00,8747596.0,223894719.62,8391355.9375,220110966.26771334,3.40776699,2.104707,2.90181818,0.685453,48
2025-08-23 16:00:00,8624702.0,223854140.41,8672411.666666666,222491294.7725558,4.11924119,2.096016,3.43626395,0.521324,48
2025-08-23 20:00:00,8674374.0,227511481.272,8613866.541666666,223767976.62859818,4.07562189,2.087042,3.36915177,0.701671,48
2025-08-24 00:00:00,8666178.0,225008645.592,8682513.978723405,226304210.8461325,4.05722695,2.176598,3.3082848,2.041803,47
2025-08-24 04:00:00,8496158.0,216345536.21738377,8565482.416666666,219963383.28656843,4.05356556,2.178768,3.20054895,0.283001,48
2025-08-24 08:00:00,8326536.0,208862829.024,8440622.1875,213811282.64771876,4.28387321,2.306125,3.32819128,1.908403,48
2025-08-24 12:00:00,8154208.0,208052680.1694317,8257712.729166667,208719167.31659675,4.38865248,2.321368,3.48549285,0.624237,48
2025-08-24 16:00:00,8150202.0,209142085.59285516,8182600.375,212412225.90296105,4.57142857,2.352651,3.73395467,0.906371,48
2025-08-24 20:00:00,8088021.0,207881102.38875535,8113913.5,208246983.2991518,4.48469571,2.305181,3.73690825,0.903153,48
2025-08-25 00:00:00,8099822.0,208639061.11448023,8099822.0,208639061.11448023,4.34264757,2.297499,3.60563666,1.973281,1
2025-08-25 04:00:00,7885916.0,190712992.544,7998739.083333333,200314944.23481762,4.7791411,2.321446,3.96062992,0.483428,48
2025-08-25 08:00:00,7663732.0,185570274.1590572,7764597.333333333,187985358.8098946,4.69651555,2.160283,4.01069042,1.028464,48
2025-08-25 12:00:00,7704789.0,186480789.12897736,7667668.666666667,186298400.06813064,4.03813281,2.009762,3.69275124,1.366913,48
2025-08-25 16:00:00,7631100.0,180411077.075868,7708184.354166667,184994703.9764986,3.7720403,2.134243,3.45177263,0.806864,48
2025-08-25 20:00:00,7718237.0,180150342.9055671,7660752.333333333,178448365.90536618,3.64294516,2.071479,3.3485936,1.090563,48
2025-08-26 00:00:00,7738023.0,180297249.04250312,7702240.106382979,179919882.32700077,3.46866647,2.020693,3.38767975,0.664812,47
2025-08-26 04:00:00,7743642.0,180715356.1135341,7736872.520833333,180807529.20206225,3.48720964,1.95377,3.46968817,0.709436,48
2025-08-26 08:00:00,7828855.0,182725475.7,7774237.708333333,181464318.34665123,3.43245589,1.843477,3.40188501,2.141873,48
2025-08-26 12:00:00,7799124.0,184769046.684,7806227.625,184050784.82921228,3.37572088,1.85357,3.36676703,1.296937,48
2025-08-26 16:00:00,7631927.0,185013174.334,7714328.3125,184012518.29801476,3.27984122,1.817283,3.32807215,0.932912,48
2025-08-26 20:00:00,7559636.0,182747935.85643587,7581353.479166667,183285586.5212799,3.35678976,1.823091,3.38882511,0.777191,48
2025-08-27 00:00:00,7510697.0,183403710.043,7509742.361702127,180768649.4695534,3.55229248,1.850506,3.38813494,1.069364,47
2025-08-27 04:00:00,7527312.0,182913446.3715,7515635.854166667,183715776.02280363,3.5882532,1.876611,3.41091618,1.400876,48
2025-08-27 08:00:00,7627299.0,186807807.108,7572687.708333333,184939697.57547525,3.64511233,1.847384,3.46721626,1.302111,48
2025-08-27 12:00:00,7753084.0,193478211.22,7725196.125,191916330.60743245,3.59792872,1.981242,3.38293803,0.669337,48
2025-08-27 16:00:00,7758503.0,191480015.8823726,7726891.208333333,192931718.80019045,3.67340591,2.058154,3.36949023,1.02881,48
2025-08-27 20:00:00,7702956.0,188244838.728,7702234.25,189806223.85431746,4.03121748,2.172781,3.58591315,0.948879,48
2025-08-28 00:00:00,7703373.0,188139188.20777044,7703373.0,188139188.20777044,4.02635229,2.170652,3.58122144,0.628971,1
2025-08-28 04:00:00,7638400.0,188278921.6,7638507.8125,188670575.00627485,3.90849886,2.18186,3.64461133,2.264827,48
2025-08-28 08:00:00,7724913.0,189206294.109,7680404.729166667,188794448.8783066,3.80982567,2.14214,3.59473372,0.939716,48
2025-08-28 12:00:00,7795061.0,190854273.524,7766986.354166667,191314822.51803043,3.83699459,2.154048,3.59920714,1.090242,48
2025-08-28 16:00:00,7727647.0,187140427.399,7747178.375,189300396.4274485,3.89451613,2.138771,3.59440143,1.056755,48
2025-08-28 20:00:00,7655527.0,190547270.09606805,7672989.354166667,188226315.57375062,4.27225131,2.162344,3.85153115,0.674991,48
2025-08-29 00:00:00,7699190.0,193787878.79816872,7657977.765957447,190807841.52405405,4.1353772,2.262503,3.61239517,0.800686,47
2025-08-29 04:00:00,7560249.0,183139471.776,7674707.911111111,189917180.24337083,3.95746753,2.305699,3.50373428,0.501719,45
2025-08-29 08:00:00,7365418.0,174486752.42,7398938.25,176095450.035624,3.86465683,2.131867,3.51696607,0.539507,48
2025-08-29 12:00:00,7396760.0,174793485.365366,7378206.5,175675046.74435428,3.67023882,2.063537,3.31691608,0.971498,48
2025-08-29 16:00:00,7406132.0,173626786.16211113,7415497.166666667,173688661.81388378,3.62628089,2.028146,3.27828689,0.616483,48
2025-08-29 20:00:00,7462751.0,175893425.14325798,7437700.145833333,174464781.56934583,3.81357523,1.997155,3.39523356,0.962853,48
2025-08-30 00:00:00,7439904.0,175126361.90704992,7468408.829787234,174710001.41310728,3.54483373,2.045769,3.26614987,2.730883,47
2025-08-30 04:00:00,7370347.0,175582608.8969248,7416550.416666667,175776931.54689425,3.55717256,2.010906,3.28513761,0.239306,48
2025-08-30 08:00:00,7446420.0,176664011.694615,7419690.625,175395033.76175293,3.5119813,1.956876,3.25847152,0.704629,48
2025-08-30 12:00:00,7434108.0,177533933.148,7441971.645833333,175788013.2124665,3.41152968,1.988621,3.19135365,0.785646,48
2025-08-30 16:00:00,7417792.0,175918604.91815552,7422781.979166667,176068984.4385334,3.40593777,1.934239,3.19861922,0.823964,48
2025-08-30 20:00:00,7417092.0,176356196.484,7412884.166666667,175623168.81302813,3.46184971,1.936243,3.23345818,1.024935,48
2025-08-31 00:00:00,7418119.0,176329399.21161902,7418119.0,176329399.21161902,3.46111593,1.935425,3.23203139,0.626685,1
2025-08-31 04:00:00,7395028.0,176319652.604,7407524.854166667,176849227.05073556,3.54337632,1.984004,3.25013438,0.279897,48
2025-08-31 08:00:00,7314802.0,175277408.48582163,7333708.333333333,175964950.04052338,3.53905099,2.018235,3.26758521,1.566647,48
2025-08-31 12:00:00,7317343.0,175662541.2686441,7301002.520833333,175075082.0032836,3.42931634,2.059847,3.19230084,0.734084,48
2025-08-31 16:00:00,7317791.0,174339052.784,7300046.208333333,174812273.26503816,3.52397869,2.036063,3.2912108,0.88238,48
2025-08-31 20:00:00,7375896.0,172636915.7518949,7355433.125,174638701.31496593,3.51195748,1.945278,3.27832013,0.645275,48
2025-09-01 00:00:00,7375523.0,172454478.786,7375523.0,172454478.786,3.50442217,1.947994,3.26068611,0.947927,1
2025-09-01 04:00:00,7480996.0,177475416.3114259,7600183.0625,175465957.45778757,3.25549451,1.814166,3.01193724,1.261183,48
2025-09-01 08:00:00,7563779.0,179742599.43240133,7487756.583333333,179816604.193302,3.16284847,2.10418,2.74857793,3.312616,48
2025-09-01 12:00:00,7644438.0,180538692.246,7594469.416666667,180682344.1619842,3.41735782,2.047507,2.90329708,0.568673,48
2025-09-01 16:00:00,7544360.0,177767754.68,7576387.270833333,178346881.69226333,3.56901322,1.975735,3.08646818,1.280558,48
2025-09-01 20:00:00,7636740.0,176678690.560863,7613832.354166667,175359614.42646548,3.22409972,1.791434,2.88491263,0.467953,48
2025-09-02 00:00:00,7397875.0,175181680.0,7514102.957446809,175200591.17805883,3.19988895,1.849814,2.90722706,1.68554,47
2025-09-02 04:00:00,7426421.0,177101417.65443164,7413010.625,177481663.1625929,3.15552448,1.939441,2.81913633,0.633925,48
2025-09-02 08:00:00,7572394.0,181941424.33885732,7465815.625,179859920.80995893,3.23716864,1.939248,2.8186649,0.62886,48
2025-09-02 12:00:00,7581006.0,179061544.24962157,7570563.625,180586352.15155104,3.66709306,2.003044,3.1687128,0.656932,48
2025-09-02 16:00:00,7489924.0,178679626.944,7494625.083333333,178252264.55341864,3.6199688,2.155519,3.168357,0.986785,48
2025-09-02 20:00:00,7777297.0,190224351.63512936,7658916.416666667,185761030.39872217,3.72387097,2.166221,3.20617399,1.006392,48
2025-09-03 00:00:00,7826751.0,190706157.6272066,7820577.723404256,191204595.50670958,4.08288043,2.283904,3.37935735,2.418173,47
2025-09-03 04:00:00,7843873.0,193623910.61247027,7828199.541666667,191912313.2582806,3.79114533,2.233802,3.13769834,2.499701,48
2025-09-03 08:00:00,8396167.0,209904175.0,8304468.958333333,208038830.83803216,3.67096774,2.225102,3.16099406,1.222574,48
2025-09-03 12:00:00,8478977.0,215928912.1050023,8419268.583333334,212088138.1941603,3.51659193,2.228579,3.05305692,1.298186,48
2025-09-03 16:00:00,8565697.0,217243207.314,8529496.791666666,215962379.1460545,3.63755326,2.205592,3.0687664,1.089402,48
2025-09-03 20:00:00,8546786.0,215002948.616,8558791.0625,215889978.78005466,3.72253433,2.206491,3.11920884,0.702826,48
2025-09-04 00:00:00,8548599.0,215399049.003,8548599.0,215399049.003,3.70177074,2.197815,3.10145442,1.479688,1
2025-09-04 04:00:00,8501231.0,210672160.9829349,8539701.916666666,212286470.02084807,3.97889182,2.270179,3.26437209,1.371252,48
2025-09-04 08:00:00,8529194.0,209962412.67024383,8501690.25,210425596.94676313,4.1560477,2.200247,3.43041635,0.427328,48
2025-09-04 12:00:00,8511871.0,211174921.48240447,8502401.1875,209705247.76490855,4.00917732,2.122067,3.20003575,0.632493,48
2025-09-04 16:00:00,8265651.0,200309786.334,8381237.604166667,205058611.83147955,4.30796212,2.12996,3.42798913,2.216345,48
2025-09-04 20:00:00,8139841.0,197317885.681,8176090.375,199556109.93208468,4.41574635,2.149445,3.56082968,0.565623,48
2025-09-05 00:00:00,7880515.0,191547258.79099315,7987731.042553191,192564189.17224386,4.18941217,2.091636,3.54435163,1.414188,47
2025-09-05 04:00:00,7934565.0,197237416.77,7898443.770833333,193044457.22617117,4.18122645,2.097468,3.59643858,1.584164,48
2025-09-05 08:00:00,7912242.0,195938760.888,7889591.604166667,195216347.7721639,3.94098361,2.059582,3.41737288,1.65712,48
2025-09-05 12:00:00,8052951.0,196007257.2561435,8057911.354166667,198938090.0253847,3.81647583,2.003393,3.42603322,0.786649,48
2025-09-05 16:00:00,8080811.0,197107141.912,8064077.520833333,196185024.69396588,3.73036487,1.99355,3.38302277,0.633865,48
2025-09-05 20:00:00,8077997.0,197680663.59941489,8093111.895833333,197375873.03568614,3.70819059,1.968021,3.36135721,2.750081,48
2025-09-06 00:00:00,8084095.0,197203413.43,8085196.957446809,197327129.057984,3.78667501,2.020172,3.402011,0.141404,47
2025-09-06 04:00:00,8132277.0,197141490.91373172,8118451.25,196886956.15833482,3.86890437,1.995725,3.41033377,1.447606,48
2025-09-06 08:00:00,8129315.0,196184758.895,8127696.0625,196348454.7775102,3.77578752,1.997716,3.28202798,2.216317,48
2025-09-06 12:00:00,8175812.0,197838298.776,8144247.104166667,197394448.99093202,3.71384804,1.978633,3.23383174,0.736822,48
2025-09-06 16:00:00,8261068.0,200669602.04450387,8222732.083333333,200817447.05012345,3.73196517,2.011917,3.24642988,0.743229,48
2025-09-06 20:00:00,8243896.0,200804818.768,8239879.75,200842248.82686487,3.77857814,1.966098,3.26686217,0.730225,48
2025-09-07 00:00:00,8243806.0,200880933.6368134,8243806.0,200880933.6368134,3.79408991,1.966477,3.27438017,1.608284,1
2025-09-07 04:00:00,8194760.0,200981062.5775036,8196103.1875,201492416.2869344,3.65442302,2.035211,3.19649946,0.126858,48
2025-09-07 08:00:00,8221333.0,201193403.7518285,8207870.770833333,201135677.39293826,3.64378986,2.016347,3.20532662,5.971697,48
2025-09-07 12:00:00,8192761.0,201394450.902,8232034.854166667,202067299.93529567,3.61636364,2.056484,3.1890102,0.768873,48
2025-09-07 16:00:00,8226170.0,201483581.81,8225359.270833333,200669832.86015186,3.54794521,1.990863,3.11598029,0.87727,48
2025-09-07 20:00:00,8275565.0,204383727.73655096,8207403.666666667,201892381.29610908,3.5504779,2.014043,3.15048197,0.409499,48
2025-09-08 00:00:00,8278290.0,204338834.24067807,8278290.0,204338834.24067807,3.56240647,2.017635,3.15211569,1.200423,1
2025-09-08 04:00:00,8312930.0,206617875.15,8298825.208333333,205864513.24410284,3.91816431,2.227659,3.28294931,0.802833,48
2025-09-08 08:00:00,8513070.0,214537877.07,8435163.208333334,212320092.74273464,3.43744532,2.221392,2.94101602,2.253082,48
2025-09-08 12:00:00,8757629.0,224974944.01623213,8573221.479166666,217363747.51557577,3.58248848,2.227989,2.93745693,0.97113,48
2025-09-08 16:00:00,8725926.0,221305004.1645762,8723488.75,223101244.33001268,3.8869281,2.201106,3.17029052,0.720396,48
2025-09-08 20:00:00,8761870.0,221386169.29,8742250.0625,221742997.23033127,4.00568372,2.214159,3.28761726,0.711075,48
2025-09-09 00:00:00,8609820.0,216344826.1833906,8665518.148936171,217817498.86221975,4.25841515,2.192431,3.40596195,1.40078,47
2025-09-09 04:00:00,8822927.0,228105470.65113243,8657437.0625,220797609.92071423,3.75259679,2.19303,3.14020581,1.424078,48
2025-09-09 08:00:00,9024870.0,234532288.7051511,8937978.104166666,232446206.6450921,3.64149804,2.152076,2.99153567,1.336437,48
2025-09-09 12:00:00,9149676.0,237691067.16373643,9085822.270833334,235840819.22364286,3.95224172,2.191371,3.18794262,1.853358,48
2025-09-09 16:00:00,9239522.0,239285140.756,9201158.291666666,239009066.39085472,4.1814204,2.141663,3.30880469,1.220528,48
2025-09-09 20:00:00,9218941.0,239047140.13,9234011.708333334,239495768.59344384,4.30044689,2.108216,3.39676339,0.343435,48
2025-09-10 00:00:00,9202010.0,240991439.89,9191310.59574468,238996645.24127778,3.98288431,2.056854,3.29459459,1.185604,47
2025-09-10 04:00:00,9407895.0,253797712.82094705,9269924.666666666,245779047.80668855,3.69585387,2.009044,3.12815824,1.100887,48
2025-09-10 08:00:00,9356413.0,251593945.57,9402231.333333334,251094696.38273427,3.67982709,1.982671,3.07002437,1.514566,48
2025-09-10 12:00:00,9841787.0,281713139.29835314,9602360.958333334,270756066.7640106,3.38054914,2.210729,2.81925652,1.239366,48
2025-09-10 16:00:00,9901391.0,281862897.597,9916702.041666666,284435822.8210962,3.3984456,2.301464,2.71418714,1.269168,48
2025-09-10 20:00:00,9940110.0,292378395.54,9912574.354166666,287751033.9355605,3.38717883,2.332393,2.82139366,1.304606,48
2025-09-11 00:00:00,9908523.0,291977187.14577997,9908523.0,291977187.14577997,3.32302581,2.325278,2.8135689,1.003125,1
2025-09-11 04:00:00,10115871.0,291852994.221,10047299.458333334,290643837.6932043,3.68061441,2.246768,2.95459191,0.542846,48
2025-09-11 08:00:00,10275380.0,297586507.2658796,10191668.333333334,294806613.2968803,3.63316845,2.203631,2.87535093,0.733074,48
2025-09-11 12:00:00,9860095.0,285099200.10992104,9959562.520833334,287762709.0373273,3.693362,2.261851,2.93531114,1.238013,48
2025-09-11 16:00:00,9909934.0,287332290.8913945,9871329.5,286091289.05748206,3.71186896,2.282124,2.92684669,0.394176,48
2025-09-11 20:00:00,9903710.0,288905105.6023829,9891415.291666666,286628872.2358765,3.8181565,2.201095,3.04144305,1.384917,48
2025-09-12 00:00:00,9907490.0,288637786.8717924,9907490.0,288637786.8717924,3.82543224,2.201894,3.04837987,0.52484,1
2025-09-12 04:00:00,9797165.0,280992138.13663477,9783474.145833334,281501443.70662004,4.16072472,2.202642,3.28267381,1.372835,48
2025-09-12 08:00:00,10008118.0,283610047.884,9912113.333333334,282579638.58871907,4.20512066,2.17323,3.29660484,0.735081,48
2025-09-12 12:00:00,9795814.0,279249269.698,9942605.666666666,283184930.97054994,4.24035608,2.293226,3.32624564,1.679341,48
2025-09-12 16:00:00,9610779.0,274696332.952911,9714652.0625,277439687.30275184,4.41757908,2.376996,3.54107231,0.431664,48
2025-09-12 20:00:00,9568319.0,276591397.333,9611228.3125,275375504.0840375,4.3623232,2.387057,3.50482578,2.0465,48
2025-09-13 00:00:00,9559545.0,288965681.1532662,9543562.659574468,278706409.5284319,4.20529412,2.288152,3.46138348,0.961179,47
2025-09-13 04:00:00,9573349.0,295108056.274,9598488.666666666,295625435.76596624,3.96399437,2.373128,3.29269851,0.64884,48
2025-09-13 08:00:00,9639031.0,293296435.268,9628178.020833334,294275605.1023558,4.21457845,2.35599,3.56283602,1.46975,48
2025-09-13 12:00:00,9395210.0,279732982.54,9539497.895833334,287284560.69630796,4.13944687,2.409046,3.52540667,1.412433,48
2025-09-13 16:00:00,9313261.0,276053581.026589,9375073.770833334,277546273.24604696,4.13966966,2.51797,3.48214286,1.581837,48
2025-09-13 20:00:00,9239877.0,277418067.048,9258088.25,276377869.98763436,3.95607735,2.38689,3.48382353,2.157836,48
2025-09-14 00:00:00,9209472.0,274377799.296,9226660.40425532,276241483.2960212,3.94794222,2.340258,3.48279817,0.504638,47
2025-09-14 04:00:00,9023379.0,270223130.913,9121202.958333334,275292008.2314747,3.82277121,2.394988,3.46260297,0.348841,48
2025-09-14 08:00:00,8859530.0,262693437.1988265,8969681.916666666,269066151.36388373,4.08604585,2.470986,3.59777665,2.897482,48
2025-09-14 12:00:00,8522135.0,247915111.0938373,8701814.9375,255398527.39488837,4.1292853,2.625306,3.58242134,0.267788,48
2025-09-14 16:00:00,8453811.0,250138957.3924838,8458117.5,249776204.66767406,4.02472293,2.68354,3.52566044,0.481753,48
2025-09-14 20:00:00,8751175.0,258133408.975,8526469.770833334,252709981.85790375,3.69734043,2.642279,3.27640449,0.734706,48
2025-09-15 00:00:00,8808813.0,261293031.2368923,8739464.042553192,258490818.14312804,3.57859008,2.602339,3.3295935,1.200003,47
2025-09-15 04:00:00,8814983.0,256507190.317,8898648.3125,264540309.63439605,3.61325967,2.492872,3.34587201,0.897252,48
2025-09-15 08:00:00,8738424.0,252147224.52,8686602.770833334,248729630.21114767,3.84133148,2.400015,3.52652226,1.694685,48
2025-09-15 12:00:00,8835416.0,251744429.03387815,8842339.333333334,253801592.6169521,3.60686016,2.323813,3.3002906,1.632351,48
2025-09-15 16:00:00,8726546.0,253680692.22,8793863.291666666,252455254.56214,3.47770374,2.197365,3.21849674,1.094938,48
2025-09-15 20:00:00,9172808.0,273542068.69153583,9015184.083333334,268965460.3838814,3.73811487,2.13016,3.23520877,2.447261,48
2025-09-16 00:00:00,9181753.0,269264088.478,9196125.638297873,271455524.90163857,3.76069302,2.076047,3.25519667,0.397358,47
2025-09-16 04:00:00,9388341.0,286272963.39284664,9196945.020833334,272729638.9148064,3.43669447,2.094079,3.03817253,0.902835,48
2025-09-16 08:00:00,9505298.0,288818479.73,9540037.979166666,292094945.74654824,3.47182924,2.060081,2.89508743,0.540791,48
2025-09-16 12:00:00,9438843.0,283250239.587,9506106.791666666,286453859.99658674,3.84374155,2.014896,3.29920771,2.015236,48
2025-09-16 16:00:00,9488743.0,284581558.8256817,9467546.979166666,284966820.2993317,3.68814365,2.139384,3.25650558,1.735689,48
2025-09-16 20:00:00,9454412.0,284113532.65523976,9483390.0,284880758.9117704,3.759284,2.164952,3.32102628,0.883246,48
2025-09-17 00:00:00,9453036.0,284171854.11328226,9453036.0,284171854.11328226,3.75614316,2.165375,3.3204005,1.200949,1
2025-09-17 04:00:00,9395608.0,282875098.34559727,9505738.895833334,283626468.8867556,3.81803456,2.212656,3.37562875,0.603317,48
2025-09-17 08:00:00,9214664.0,275324945.656,9254431.583333334,277563214.37370664,3.78639198,2.23012,3.30019243,2.357194,48
2025-09-17 12:00:00,9228673.0,272356812.7886544,9234776.833333334,274486149.80648977,3.92329149,2.123746,3.43826751,2.418937,48
2025-09-17 16:00:00,8975839.0,269795768.662,9038035.020833334,269167707.1893592,3.87503471,2.455493,3.50773109,1.213978,48
2025-09-17 20:00:00,9782217.0,310834495.27541536,9169791.875,280588569.4897844,3.71547779,2.747611,3.3691065,0.819821,48
2025-09-18 00:00:00,10151489.0,334098021.29866034,9998168.723404255,323673598.71885127,3.69189328,2.839142,3.25613545,0.501751,47
2025-09-18 04:00:00,10167201.0,333146464.6141586,10209087.833333334,333762316.22803456,3.42396654,2.771038,2.91944162,0.739611,48
2025-09-18 08:00:00,10339578.0,338641858.656,10299204.104166666,338567491.46080077,3.42843373,2.799174,2.8128226,0.676434,48
2025-09-18 12:00:00,10235131.0,339468589.877,10310230.354166666,341143526.41840893,3.37358223,2.60718,2.77508925,0.749298,48
2025-09-18 16:00:00,10627857.0,367394388.633,10535610.291666666,358406015.75202775,3.0087089,2.699002,2.54763682,1.730448,48
2025-09-18 20:00:00,10610126.0,373756172.97571135,10767917.1875,375963523.3954455,2.87382494,2.770478,2.37897568,0.835276,48
2025-09-19 00:00:00,10515995.0,366228903.19806147,10628963.361702127,375268016.28153163,2.82378679,2.841052,2.25013744,0.602311,47
2025-09-19 04:00:00,10540339.0,362577121.261,10547102.729166666,362834116.57424265,3.00533163,2.92909,2.31307339,0.894574,48
2025-09-19 08:00:00,10468236.0,356328902.9346064,10512679.770833334,360171285.96434945,2.99336898,3.059403,2.2754627,1.862789,48
2025-09-19 12:00:00,10338382.0,350155038.3661608,10441649.354166666,355273322.55790645,3.09664694,3.163976,2.37187573,1.105784,48
2025-09-19 16:00:00,10371540.0,350885397.508326,10347650.979166666,351361795.0594049,3.14393435,3.248437,2.4152033,1.247537,48
2025-09-19 20:00:00,10077507.0,340025163.687,10268460.458333334,346512272.82598037,3.31889487,3.285942,2.56194077,0.848843,48
2025-09-20 00:00:00,10149980.0,341556976.98,10126719.787234042,342132574.17768943,3.17121419,3.166474,2.61311433,1.169081,47
2025-09-20 04:00:00,10197576.0,345483677.304,10180690.125,344511108.72599834,3.26467869,3.055692,2.73060742,1.269492,48
2025-09-20 08:00:00,10074757.0,333549785.1543512,10148447.791666666,340187581.0411553,3.4275627,2.986792,2.84804871,1.866299,48
2025-09-20 12:00:00,10148471.0,339855680.03258,10103186.791666666,336332964.2079857,3.41069229,2.963682,2.8953223,0.446507,48
2025-09-20 16:00:00,9994512.0,331937732.544,10082198.375,337000734.55397224,3.44948609,2.971528,2.94172494,0.758888,48
2025-09-20 20:00:00,9968325.0,330240638.925,9973598.958333334,331739541.54381716,3.48383813,2.925062,2.93755523,1.049913,48
2025-09-21 00:00:00,10176721.0,338300439.89669544,10070002.319148935,332520417.59137416,3.58467845,3.099346,3.03408408,1.461509,47
2025-09-21 04:00:00,10179088.0,335451845.04,10198290.708333334,336703146.8745305,3.50403226,3.130367,3.01086795,1.614847,48
2025-09-21 08:00:00,10113522.0,332820660.84014803,10147118.958333334,334606123.0322246,3.42828685,3.085474,2.95765713,0.347949,48
2025-09-21 12:00:00,10236766.0,338335353.066,10135393.604166666,334136926.9561178,3.48094283,3.117724,3.08627214,1.099679,48
2025-09-21 16:00:00,10240664.0,337982874.656,10237097.270833334,336473290.47755486,3.4774616,3.125382,3.0779733,1.488171,48
2025-09-21 20:00:00,10209408.0,337146414.3429466,10227844.020833334,338162558.39100343,3.43322476,3.147249,3.05548817,0.950651,48
2025-09-22 00:00:00,9995792.0,318086093.024,10049682.829787234,320802979.6470574,3.524046,3.212766,2.99273346,1.34105,47
2025-09-22 04:00:00,9832136.0,301010843.64,9912577.895833334,308976399.4188246,3.87141148,3.235233,3.29315903,0.653271,48
2025-09-22 08:00:00,9931942.0,308871515.710299,9856549.895833334,305194790.74833393,3.54286512,2.987101,3.07357689,1.736464,48
2025-09-22 12:00:00,10555682.0,336754633.58993196,10443695.25,329408876.187495,3.2553416,2.789,2.86557587,1.67661,48
2025-09-22 16:00:00,10596278.0,333719179.332,10549920.145833334,335975065.4763653,3.24336518,2.857646,2.77022348,0.640483,48
2025-09-22 20:00:00,11276329.0,378926392.49139726,10942687.166666666,357748717.5205672,3.07621483,2.739563,2.72284469,0.676126,48
2025-09-23 00:00:00,11277753.0,381875994.333,11277753.0,381875994.333,3.0715559,2.730128,2.6987525,1.860041,1
2025-09-23 04:00:00,11949703.0,417797465.989,11894790.875,412898015.9692237,2.7172696,2.838937,2.40874303,1.41054,48
2025-09-23 08:00:00,11862160.0,408900517.36,11920179.291666666,415479430.9516483,2.36111111,3.140081,2.05740283,1.314222,48
2025-09-23 12:00:00,12511523.0,440693789.26087224,12072230.458333334,420112880.94668436,2.39904123,3.127318,2.08897485,0.498327,48
2025-09-23 16:00:00,12078786.0,408432069.804,12282535.041666666,424029153.77889603,2.93057813,3.235254,2.48748299,1.007293,48
2025-09-23 20:00:00,11724376.0,394164949.8976814,11881800.1875,400210102.6808469,3.06539575,3.209558,2.59321318,1.549375,48
2025-09-24 00:00:00,11722566.0,393714101.676,11722566.0,393714101.676,3.05447096,3.211613,2.59106916,0.737417,1
2025-09-24 04:00:00,11801635.0,403049438.52,11825035.9375,401444898.7172911,2.72566762,3.16546,2.43242511,0.789603,48
2025-09-24 08:00:00,11957480.0,408634921.52,11921313.5,408031708.70751387,2.7712636,2.989866,2.47424776,0.679447,48
2025-09-24 12:00:00,12208621.0,420846717.2114298,12093801.0,415326780.73096484,2.72095051,3.042761,2.47744108,0.576514,48
2025-09-24 16:00:00,12024569.0,412647134.373,12126597.958333334,418865845.64599663,2.94052303,3.083728,2.5924993,2.077682,48
2025-09-24 20:00:00,11830586.0,382572874.6014838,11922591.645833334,394984112.35031027,3.12708948,2.992372,2.7196869,0.843001,48
2025-09-25 00:00:00,11981571.0,380960281.44026136,12026099.255319148,388633757.4334109,2.78065984,3.118142,2.46935348,1.096212,47
2025-09-25 04:00:00,12063918.0,370840539.01578975,12057718.104166666,376201885.3294916,3.11309082,2.681533,2.74077421,0.352032,48
2025-09-25 08:00:00,11915989.0,363866640.104,11927969.395833334,367090884.61556196,3.11835334,2.593756,2.77034062,0.966684,48
2025-09-25 12:00:00,11753748.0,354554024.001498,11840057.6875,359600583.08486587,3.24572004,2.773052,2.87936797,0.901175,48
2025-09-25 16:00:00,11948526.0,352003575.96,11893307.104166666,352365795.1706494,3.15866599,2.684222,2.83652201,0.487586,48
2025-09-25 20:00:00,11916233.0,341376242.984,11889127.145833334,345621336.2555501,3.21119134,2.808078,2.81764247,0.739601,48
2025-09-26 00:00:00,11598127.0,327195260.6762737,11748122.617021276,335687103.0713207,3.20372734,2.643297,2.86684484,1.701125,47
2025-09-26 04:00:00,11379801.0,320458049.9864948,11469183.020833334,323181096.2353539,3.33560209,2.750279,2.88163457,1.286329,48
2025-09-26 08:00:00,11119480.0,307709370.04,11242087.979166666,314857383.67689896,3.45813074,2.714908,2.99307903,1.969961,48
2025-09-26 12:00:00,11038865.0,306650961.24979013,11068069.229166666,304807346.5129403,3.43710191,2.73389,2.98982945,1.129754,48
2025-09-26 16:00:00,10778920.0,309690820.8214432,11154232.166666666,322338772.2285046,3.18096921,2.571836,2.97481621,1.56236,48
2025-09-26 20:00:00,10541254.0,306603311.88175106,10640068.4375,306282698.4936987,3.24191919,2.448127,3.08497246,1.480491,48
2025-09-27 00:00:00,10526843.0,306141648.126,10526843.0,306141648.126,3.24936709,2.4304,3.08824456,0.702661,1
2025-09-27 04:00:00,10488882.0,300465242.32974374,10447085.0625,300718090.8560563,3.3509519,2.399915,2.96952149,0.852301,48
2025-09-27 08:00:00,10571073.0,299476274.14766234,10524059.854166666,299291848.6508976,3.37206957,2.365084,2.94662836,0.706107,48
2025-09-27 12:00:00,10752000.0,308195328.0,10682051.145833334,304165350.61308795,3.39773014,2.319229,3.01491402,0.944848,48
2025-09-27 16:00:00,10647357.0,305850948.32881534,10710801.875,306258485.11676437,3.40690005,2.34201,3.04002463,1.786979,48
2025-09-27 20:00:00,10595541.0,304812523.488,10619626.25,305430109.23959523,3.39199797,2.355318,3.01792005,0.728797,48
2025-09-28 00:00:00,10594249.0,304436339.264,10594249.0,304436339.264,3.39563784,2.35714,3.02008586,0.830119,1
2025-09-28 04:00:00,10607192.0,300904822.656,10593275.604166666,299516220.01393396,3.28472222,2.366104,2.93593442,1.866458,48
2025-09-28 08:00:00,10694653.0,300159464.08660746,10663956.375,301447724.63833696,3.37828193,2.316761,2.97533701,1.605474,48
2025-09-28 12:00:00,10605785.0,305404184.86,10631460.916666666,302817159.1709232,3.35692464,2.323187,2.98620055,1.407145,48
2025-09-28 16:00:00,10776703.0,312243187.2556101,10739012.145833334,310772992.1179089,3.13408222,2.27991,2.89885977,0.664784,48
2025-09-28 20:00:00,11102987.0,332923065.195,10896482.583333334,320241386.7054792,3.16939624,2.200602,2.99737816,1.017898,48
2025-09-29 00:00:00,11070709.0,328561364.95375663,11076784.553191489,329764896.1073975,3.62405609,2.254699,3.14791837,1.050266,47
2025-09-29 04:00:00,11108247.0,329370631.797,11101619.104166666,327481788.1145399,3.42276004,2.255017,3.00645364,1.103135,48
2025-09-29 08:00:00,11045692.0,327684167.40073025,11138553.458333334,330376641.72767967,3.30747922,2.225518,2.8990178,0.650502,48
2025-09-29 12:00:00,11270259.0,342379198.161,11119765.770833334,331485198.9224352,3.21544916,2.363087,2.91545455,1.460512,48
2025-09-29 16:00:00,11278390.0,343766121.31143993,11267099.833333334,341753691.6390942,3.31733469,2.403059,3.02371295,0.853229,48
2025-09-29 20:00:00,11173377.0,339830704.4531998,11217889.3125,342867545.3908451,3.37773153,2.465988,3.02701005,1.45934,48
2025-09-30 00:00:00,11218651.0,334865513.699,11228308.085106382,338100285.12936294,3.56021505,2.210205,3.13758335,0.771206,47
2025-09-30 04:00:00,11182777.0,329625982.426402,11204474.166666666,333247142.4090534,3.57775378,2.187915,3.10349288,1.05357,48
2025-09-30 08:00:00,11097034.0,326674486.892,11123847.4375,327539862.0783849,3.47419695,2.277034,3.0200313,1.20624,48
2025-09-30 12:00:00,11030575.0,320052133.625,11096333.0625,323940125.8314082,3.29440204,2.12487,2.87461727,1.202235,48
2025-09-30 16:00:00,10842608.0,325778771.5417211,10944139.104166666,319632456.7076175,3.09068627,2.128556,2.69734331,1.094537,48
2025-09-30 20:00:00,10787432.0,323407211.36,10813492.708333334,324372009.081503,3.19197118,2.364607,2.74759652,0.909871,48
2025-10-01 00:00:00,10780982.0,323541310.5320536,10780982.0,323541310.5320536,3.18494734,2.365678,2.73079259,3.003041,1
2025-10-01 04:00:00,10905056.0,327282540.672,10874550.208333334,324914791.5657981,3.28122545,2.43015,2.75462542,1.133027,48
2025-10-01 08:00:00,10870390.0,334297103.67,10896684.9375,334638335.21306765,3.42144772,2.497932,3.06548873,0.490012,48
2025-10-01 12:00:00,11104112.0,338377090.15098,10950496.166666666,334821566.541539,3.48410366,2.498141,3.17381453,0.814195,48
2025-10-01 16:00:00,11240710.0,344704537.7389653,11193725.770833334,342106265.8877168,3.49655172,2.447268,3.1971246,1.41526,48
2025-10-01 20:00:00,11516241.0,353041000.10934085,11356868.6875,347066786.0547691,3.55966747,2.522771,3.22357658,0.891499,48
2025-10-02 00:00:00,11511245.0,353625446.4,11511245.0,353625446.4,3.55302013,2.518551,3.24274194,1.216924,1
2025-10-02 04:00:00,11864479.0,362844004.44950646,11861092.375,364504235.43839127,3.69833729,2.380163,3.29197776,0.802549,48
2025-10-02 08:00:00,12135075.0,370750811.4,12008781.270833334,366733264.3277249,3.76703809,2.314275,3.3971598,0.769415,48
2025-10-02 12:00:00,12072718.0,361817892.952762,12133795.083333334,366664734.5781273,3.57074762,2.402988,3.19516644,1.07054,48
2025-10-02 16:00:00,11950135.0,370274932.975,12043612.979166666,367263176.7794914,3.58556962,2.418821,3.31324926,0.930564,48
2025-10-02 20:00:00,11855982.0,367571009.946,11848366.666666666,366536989.8700778,3.59938446,2.5078,3.25379845,2.323549,48
2025-10-03 00:00:00,11789525.0,363400318.6,11833265.829787234,363558744.30895793,3.74350905,2.654624,3.24941103,0.516356,47
2025-10-03 04:00:00,11672600.0,351759593.52775,11739274.104166666,358444507.60128075,3.68570683,2.710115,3.16322731,1.127429,48
2025-10-03 08:00:00,11692728.0,352394122.55215466,11712198.770833334,354131554.90804654,3.5632012,2.525313,3.13065628,1.710629,48
2025-10-03 12:00:00,11476746.0,356915643.3666086,11670187.895833334,354420568.983536,3.52194514,2.460238,3.13885524,1.308679,48
2025-10-03 16:00:00,11241408.0,351311878.56011134,11290898.208333334,351887906.46732354,3.54723295,2.598711,3.08930218,0.722301,48
2025-10-03 20:00:00,11278797.0,353680348.7230766,11244880.770833334,351950647.96130246,3.52417498,2.61378,3.05117692,0.597851,48
2025-10-04 00:00:00,11236557.0,350805309.54,11251564.021276595,351089392.124425,3.63801262,2.717745,2.9793892,1.311767,47
2025-10-04 04:00:00,11140372.0,342878369.416,11198579.395833334,348725459.1465772,3.72465315,2.762216,3.0518111,0.907823,48
2025-10-04 08:00:00,11079572.0,335777509.032,11094103.270833334,338585302.2886357,3.86659347,2.642609,3.1418583,1.014615,48
2025-10-04 12:00:00,11222151.0,336442391.56092936,11137239.0,336405737.43700373,3.66814044,2.251701,3.00029678,0.971946,48
2025-10-04 16:00:00,11133964.0,334085723.784,11176694.020833334,335028436.16231364,3.53449144,2.233411,2.92846842,0.802941,48
2025-10-04 20:00:00,11164365.0,336052029.87104714,11153362.395833334,335791016.22454447,3.51567595,2.189185,2.94078567,0.859894,48
2025-10-05 00:00:00,11072922.0,337535881.326,11149316.042553192,335956024.8855557,3.29954029,2.179405,2.93894365,0.702194,47
2025-10-05 04:00:00,10879514.0,336662271.2640152,10941399.208333334,336750053.0582827,3.2311931,2.268608,2.91515771,1.178338,48
2025-10-05 08:00:00,10972067.0,333139546.0157676,10859588.979166666,332889237.6370166,3.36520029,2.18519,2.97525193,1.304859,48
2025-10-05 12:00:00,11148285.0,337175334.334757,11079989.854166666,334064456.1205181,3.17777778,2.125405,2.82742936,1.600885,48
2025-10-05 16:00:00,11113081.0,330474009.57384634,11125625.25,333830785.694302,3.10674791,2.120399,2.7350128,0.50011,48
2025-10-05 20:00:00,11196324.0,335352296.448,11117818.666666666,331545564.5562626,2.97967568,2.07909,2.64474708,0.867734,48
2025-10-06 00:00:00,11268235.0,338629287.5902145,11268235.0,338629287.5902145,2.97578378,2.096816,2.64203143,2.616808,1
2025-10-06 04:00:00,11102533.0,335554085.13582903,11170023.291666666,338083142.51637,3.09952392,2.167105,2.76005491,2.464404,48
2025-10-06 08:00:00,11043396.0,336392885.556,11046419.0,336531805.2747568,3.09249484,2.20204,2.7139732,0.454437,48
2025-10-06 12:00:00,10825673.0,334125158.1908916,10946917.291666666,335730680.9990919,3.1756086,2.211712,2.75805556,0.629784,48
2025-10-06 16:00:00,10598205.0,326277412.83414847,10704089.104166666,329848475.2871944,3.2239695,2.35156,2.76616022,1.069856,48
2025-10-06 20:00:00,10564235.0,324533299.2,10582178.604166666,324905265.31900626,3.20524434,2.401997,2.71493027,1.025393,48
2025-10-07 00:00:00,10555109.0,323091886.49,10555109.0,323091886.49,3.22498803,2.396119,2.73615501,0.372768,1
2025-10-07 04:00:00,10538721.0,317226040.821,10491519.895833334,317876244.33731914,3.1974359,2.344633,2.68598182,0.678783,48
2025-10-07 08:00:00,11099237.0,332904350.61673206,10983752.708333334,327657870.4594109,3.21835443,1.877862,2.79432432,0.881613,48
2025-10-07 12:00:00,11292045.0,321925004.74189395,11187232.416666666,327779704.2131022,3.23106402,1.901929,2.75697799,1.135531,48
2025-10-07 16:00:00,11538462.0,325061551.464,11397025.125,323803086.8664021,3.21547567,1.765116,2.78357717,1.508562,48
2025-10-07 20:00:00,11764532.0,328606907.824,11679175.729166666,329444626.71396774,3.21787587,1.712733,2.75186299,1.003935,48
2025-10-08 00:00:00,11878632.0,331984007.136,11874836.10638298,334236647.8038599,2.87422267,1.687265,2.58496611,0.875928,47
2025-10-08 04:00:00,11982352.0,338058096.976,11932051.895833334,335544586.89916307,2.84148265,1.664703,2.59368165,1.242205,48
2025-10-08 08:00:00,12135198.0,343156535.7521874,12091224.979166666,342087092.81395835,2.918,1.57751,2.72437725,0.589603,48
2025-10-08 12:00:00,12112823.0,342805003.723,12138835.145833334,344756432.0168962,2.9196844,1.596524,2.69205915,1.363908,48
2025-10-08 16:00:00,11285038.0,329229698.612,11667313.041666666,336438321.89106286,2.79572063,1.940157,2.58550255,0.847676,48
2025-10-08 20:00:00,11104778.0,319828711.178,11190234.8125,323839793.1581682,2.82731747,2.009049,2.59593793,1.351674,48
2025-10-09 00:00:00,11101182.0,319789397.31151056,11101182.0,319789397.31151056,2.83021967,2.008504,2.61051298,0.579486,1
2025-10-09 04:00:00,10879734.0,308940926.664,10876757.208333334,309300652.579263,2.77815093,2.114893,2.46965475,0.844292,48
2025-10-09 08:00:00,10798149.0,306041138.958,10810702.166666666,304556899.2301769,2.79547709,2.100087,2.4974409,0.847152,48
2025-10-09 12:00:00,10777511.0,301608645.335,10799548.104166666,305020478.1058483,2.83219453,2.119081,2.52823225,1.182604,48
2025-10-09 16:00:00,10815947.0,303939026.47819084,10771896.458333334,301258758.2846936,2.83766888,2.142513,2.52708385,0.97516,48
2025-10-09 20:00:00,10932884.0,310101781.8626582,10849337.1875,305697053.3308868,2.83414634,2.180102,2.52265111,1.509831,48
2025-10-10 00:00:00,10884532.0,308903018.16,10915199.553191489,309778108.17971724,3.00105887,2.281064,2.68114999,0.725081,47
2025-10-10 04:00:00,10932894.0,309280638.366,10917264.791666666,310010608.91597515,2.98281714,2.306337,2.63782878,0.882115,48
2025-10-10 08:00:00,11077281.0,312545483.415,10987914.625,310280614.5989261,3.02730159,2.274411,2.68480638,1.149699,48
2025-10-10 12:00:00,11110840.0,300456619.235162,11124544.333333334,311930507.4124823,3.07803406,2.273765,2.7039692,0.733632,48
2025-10-10 16:00:00,11025776.0,291234847.264,11067809.770833334,295314730.2716257,2.97116183,2.261229,2.62304337,0.623944,48
2025-10-10 20:00:00,8572796.0,179394481.263129,10422121.9375,233941214.76688397,1.64226058,1.256411,1.46173383,0.762462,48
2025-10-11 00:00:00,7969769.0,175171629.4675412,8228043.14893617,177369813.98133445,1.64027849,1.237696,1.4325133,1.162743,47
2025-10-11 04:00:00,7749215.0,172096026.28464526,7868982.479166667,174054207.5629233,1.76699029,1.198987,1.59482759,0.68533,48
2025-10-11 08:00:00,7539684.0,170783659.94713956,7592997.0625,172795685.14951512,1.90221972,1.138019,1.80039632,1.042812,48
2025-10-11 12:00:00,7039928.0,160716173.37025264,7307639.979166667,164969381.77913836,1.9461338,1.060907,1.84438306,0.605125,48
2025-10-11 16:00:00,6996940.0,152540288.94,6998013.541666667,158716538.84158623,1.99815385,1.03104,1.84076309,0.595551,48
2025-10-11 20:00:00,6884399.0,147865395.0882378,6910160.208333333,148330305.37588575,2.06455737,1.172975,1.92628337,0.77641,48
2025-10-12 00:00:00,6762976.0,142049547.904,6856964.531914894,144185381.79832175,2.22388535,1.516931,1.97004992,0.917387,47
2025-10-12 04:00:00,6621423.0,141423854.57083893,6666715.875,142320618.89724776,2.25707992,1.512147,2.04944146,1.502328,48
2025-10-12 08:00:00,6463930.0,136365074.3949043,6576124.916666667,138991336.86149874,2.28136646,1.476861,2.07639727,0.719004,48
2025-10-12 12:00:00,6140971.0,137123076.383276,6366934.020833333,136228344.30913916,2.32877138,1.597744,2.23637112,1.119104,48
2025-10-12 16:00:00,5959960.0,136929917.2202992,6095857.958333333,138414859.79910025,2.35548071,1.637704,2.31453232,1.042146,48
2025-10-12 20:00:00,5842821.0,131447381.83839168,5889223.5625,133676556.2692705,2.36344152,1.743286,2.34419263,1.082719,48
2025-10-13 00:00:00,5879492.0,130665830.208,5860685.085106383,129814027.94092317,2.57462458,1.807723,2.34416102,1.005532,47
2025-10-13 04:00:00,5778719.0,130697287.623,5817825.0,130508656.462381,2.57432024,1.669946,2.45423593,1.292169,48
2025-10-13 08:00:00,5730954.0,127842240.0849272,5776727.604166667,130920721.16960137,2.37747958,1.553407,2.224,2.098779,48
2025-10-13 12:00:00,5624896.0,128185175.579712,5676462.479166667,127892916.1788256,2.52581438,1.52253,2.35736863,0.728359,48
2025-10-13 16:00:00,5499442.0,131398167.706,5495114.729166667,127950745.54128884,2.40343602,1.482169,2.32847425,0.683049,48
2025-10-13 20:00:00,5451810.0,129791240.67,5466225.854166667,130264401.15311013,2.39988134,1.518299,2.34500876,0.58516,48
2025-10-14 00:00:00,5451390.0,129742883.5148901,5451390.0,129742883.5148901,2.4021384,1.519108,2.34761441,0.73105,1
2025-10-14 04:00:00,5281183.0,116693325.71817853,5324308.0625,121048486.93680453,2.40469571,1.776015,2.13630042,0.948698,48
2025-10-14 08:00:00,5253264.0,117757032.75882287,5258129.291666667,117645309.11585169,2.51360651,1.733324,2.2720129,0.784631,48
2025-10-14 12:00:00,5173089.0,117678092.12412605,5243207.270833333,116703856.04013504,2.61984536,1.524517,2.47514868,1.534511,48
2025-10-14 16:00:00,5007475.0,113252613.76300576,5110717.916666667,116588266.22533475,2.63600655,1.613558,2.46247335,1.131278,48
2025-10-14 20:00:00,4873948.0,110867695.156,4938698.708333333,112011793.11421408,2.68900627,1.613947,2.47605932,1.172621,48
2025-10-15 00:00:00,4890088.0,109885167.448,4880061.872340426,110352022.03804532,2.52600619,1.718261,2.36256598,2.645179,47
2025-10-15 04:00:00,4846382.0,111086699.13813274,4866374.145833333,110427301.82144761,2.57201002,1.720097,2.39902379,2.01307,48
2025-10-15 08:00:00,4899179.0,110632981.70866564,4858817.75,110827370.5538938,2.52257267,1.64678,2.36332528,0.705461,48
2025-10-15 12:00:00,5069297.0,110703307.886,4958326.625,110141457.92714584,2.47148521,1.622269,2.34399841,1.120808,48
2025-10-15 16:00:00,5154740.0,112950662.88,5121324.479166667,112200300.25628443,2.485343,1.555137,2.41234666,0.440505,48
2025-10-15 20:00:00,5113984.0,111881507.140992,5133994.916666667,112397953.8649441,2.4029315,1.548643,2.34903808,0.917484,48
2025-10-16 00:00:00,5112748.0,111897602.728,5112748.0,111897602.728,2.41014101,1.549707,2.35358899,1.103783,1
2025-10-16 04:00:00,5203347.0,113709801.18431532,5166664.895833333,113220318.52141862,2.52567237,1.686742,2.47887609,1.254159,48
2025-10-16 08:00:00,5152097.0,114320452.16424602,5207235.458333333,114311488.24752736,2.49308331,1.726073,2.42473227,1.225754,48
2025-10-16 12:00:00,5239811.0,111232159.12605456,5146194.791666667,112959393.98346727,2.46051033,1.739778,2.42499495,1.028987,48
2025-10-16 16:00:00,5123876.0,106858433.98,5190993.645833333,109291513.57113598,2.48347984,1.678191,2.40816737,1.451491,48
2025-10-16 20:00:00,5107749.0,106818354.837,5129757.333333333,106790242.94693737,2.47198082,1.656746,2.39917045,2.118856,48
2025-10-17 00:00:00,5106802.0,106768974.64182918,5092810.425531914,106910011.49654005,2.54279687,1.540362,2.50958241,1.781773,47
2025-10-17 04:00:00,5451361.0,106290636.778,5257533.895833333,107037713.46434093,2.38020214,1.600892,2.18775353,0.762007,48
2025-10-17 08:00:00,5447226.0,107712924.48055434,5408226.854166667,105174481.85293324,2.52955741,1.540622,2.37474707,0.908414,48
2025-10-17 12:00:00,5470779.0,108377280.36121988,5444799.291666667,107524051.3121003,2.51302482,1.494285,2.34525692,1.518275,48
2025-10-17 16:00:00,5384036.0,107275052.91601393,5403334.104166667,107929819.22285394,2.49194284,1.632447,2.34495666,1.141991,48
2025-10-17 20:00:00,5322306.0,106083448.38256308,5316022.25,106639362.1136164,2.52501544,1.743715,2.39042061,0.73624,48
2025-10-18 00:00:00,5329035.0,106815177.54,5298884.255319149,106208484.07131474,2.55498334,1.706155,2.38884494,0.706633,47
2025-10-18 04:00:00,5252674.0,106382406.522,5350185.875,107366172.37292452,2.55414781,1.689497,2.39307496,0.692318,48
2025-10-18 08:00:00,5264906.0,106184925.07722013,5232592.895833333,105783314.36015119,2.51968741,1.646188,2.35831563,1.191885,48
2025-10-18 12:00:00,5311323.0,106439102.26866496,5293335.041666667,106089656.83293027,2.45886814,1.649826,2.26848249,1.421246,48
2025-10-18 16:00:00,5252666.0,105828305.06505248,5274770.5,105759241.65618078,2.48511642,1.630773,2.28377625,1.455538,48
2025-10-18 20:00:00,5211874.0,105243371.682,5203433.333333333,105087636.47458309,2.45582624,1.690974,2.24296487,0.813943,48
2025-10-19 00:00:00,5211402.0,105296377.41,5211402.0,105296377.41,2.46072374,1.688553,2.2496773,4.301969,1
2025-10-19 04:00:00,5297903.0,105560717.275,5243740.1875,105485681.59470749,2.46326531,1.719897,2.22481618,1.071794,48
2025-10-19 08:00:00,5211495.0,106199845.11,5251126.75,105797195.52285874,2.55206761,1.729514,2.33821546,1.327755,48
2025-10-19 12:00:00,5237222.0,108494290.952,5219734.854166667,107413636.88922386,2.49404407,1.711853,2.32301223,1.88148,48
2025-10-19 16:00:00,5226140.0,108238585.54,5239900.020833333,108450722.80385603,2.45524146,1.647856,2.31399317,0.634901,48
2025-10-19 20:00:00,5263560.0,108356716.0312056,5239551.541666667,108445906.73335387,2.56282642,1.705937,2.34047068,1.572307,48
2025-10-20 00:00:00,5238140.0,110089721.7062926,5231925.29787234,106768284.9968401,2.65155807,1.729354,2.40642684,1.232189,47
2025-10-20 04:00:00,5256661.0,109727541.714,5251860.895833333,110229225.49676348,2.59066101,1.764604,2.39504487,0.756876,48
2025-10-20 08:00:00,5357837.0,111140048.13507324,5319452.3125,110428510.4079914,2.62397323,1.670226,2.43164214,1.755498,48
2025-10-20 12:00:00,5422505.0,112278388.53,5391576.291666667,111551975.67584115,2.74969059,1.677061,2.54633767,0.892221,48
2025-10-20 16:00:00,5456068.0,111985795.7,5480100.166666667,111731858.32933182,2.59910314,1.63724,2.43753565,1.2801,48
2025-10-20 20:00:00,5541121.0,112697057.48012497,5485158.520833333,112147944.30585897,2.52716121,1.600853,2.36873265,0.992277,48
2025-10-21 00:00:00,5743708.0,114036861.94867843,5666580.276595744,113897583.53332235,2.45475049,1.546558,2.2671604,0.853002,47
2025-10-21 04:00:00,5669597.0,111915703.25982116,5682363.875,111392870.30428581,2.45492257,1.531623,2.29557176,0.965258,48
2025-10-21 08:00:00,5677228.0,113615579.68107197,5662278.583333333,112146173.52933852,2.55114763,1.525114,2.36765236,1.703395,48
2025-10-21 12:00:00,5534936.0,114645129.368,5631420.895833333,113807538.2656079,2.57581967,1.61296,2.34965163,0.548076,48
2025-10-21 16:00:00,5521305.0,112965900.3,5520397.458333333,113260505.03885865,2.57843427,1.756481,2.31405415,1.035055,48
2025-10-21 20:00:00,5706845.0,111697424.70051244,5643860.0625,112746278.98045903,2.4046538,1.767347,2.16412556,1.348646,48
2025-10-22 00:00:00,5715749.0,111634293.719,5715749.0,111634293.719,2.4125,1.762167,2.17758186,0.955271,1
2025-10-22 04:00:00,5668178.0,110535139.178,5667151.729166667,110302944.04111807,2.3850528,1.543241,2.25209497,1.016164,48
2025-10-22 08:00:00,5723019.0,111973340.33827218,5707655.5625,111222261.06455614,2.40623321,1.442363,2.25763522,0.761703,48
2025-10-22 12:00:00,5788823.0,113153487.51034635,5771301.083333333,112587531.1601196,2.43184885,1.360938,2.29476395,1.649896,48
2025-10-22 16:00:00,5793925.0,111272329.625,5791497.791666667,112129007.35532911,2.53251807,1.367825,2.35724234,0.736018,48
2025-10-22 20:00:00,5977217.0,113595171.80803852,5938612.041666667,111795888.0918491,2.45267261,1.308644,2.17855906,1.664054,48
2025-10-23 00:00:00,5872751.0,112216526.108,5908270.085106383,112759686.4551593,2.52384961,1.360659,2.26826241,3.056188,47
2025-10-23 04:00:00,5863570.0,114509658.53,5834646.3125,112779609.72984998,2.55879828,1.305353,2.32886878,1.156282,48
2025-10-23 08:00:00,5799707.0,112598009.92179026,5833596.395833333,113878040.32017674,2.51621234,1.337493,2.26865939,0.866262,48
2025-10-23 12:00:00,5858542.0,114645285.34737024,5829374.354166667,113114388.45157701,2.54550725,1.339822,2.30299207,1.773282,48
2025-10-23 16:00:00,5985263.0,115970455.888,5935088.9375,116060394.74485105,2.45079186,1.418572,2.24857854,0.408988,48
2025-10-23 20:00:00,6045334.0,115508196.738,6032205.3125,115546336.17005055,2.42841226,1.439717,2.22175586,1.181006,48
2025-10-24 00:00:00,6039421.0,115473729.52,6039421.0,115473729.52,2.43052455,1.435894,2.2226501,1.938368,1
2025-10-24 04:00:00,6063969.0,118010900.709,6042358.875,118005216.27147788,2.33368311,1.437033,2.0609405,2.026244,48
2025-10-24 08:00:00,6075434.0,118270473.678,6066214.229166667,118485124.14603014,2.32397296,1.422101,2.05527399,0.746202,48
2025-10-24 12:00:00,5955913.0,114663237.076,5983877.583333333,116564139.71233399,2.36130228,1.481679,2.07488775,1.564512,48
2025-10-24 16:00:00,5894193.0,115072329.939,5921732.5,114465710.69442259,2.37975362,1.459036,2.09273021,0.676471,48
2025-10-24 20:00:00,5971190.0,116342428.6051975,5940186.375,116154758.86607634,2.41414687,1.527885,2.11552171,0.850744,48
2025-10-25 00:00:00,5973590.0,116437216.28,5973590.0,116437216.28,2.41844739,1.530299,2.12027268,1.13412,1
2025-10-25 04:00:00,6062082.0,117212344.07537928,6039449.708333333,116793199.13764173,2.48976844,1.567208,2.18030649,1.387339,48
2025-10-25 08:00:00,6074939.0,117504993.72411878,6075293.520833333,117522931.66512348,2.51316497,1.555994,2.19751893,2.077399,48
2025-10-25 12:00:00,6072838.0,118440562.9432562,6065882.395833333,118196546.64749664,2.55859269,1.562321,2.23829378,1.128534,48
2025-10-25 16:00:00,6063761.0,119693575.98895971,6057363.354166667,118656184.60225414,2.59462395,1.578971,2.28527458,0.863691,48
2025-10-25 20:00:00,6044345.0,119147055.17764506,6054487.270833333,119318320.30273944,2.59161448,1.634908,2.26977424,0.594224,48
2025-10-26 00:00:00,5997853.0,116208401.875,6012803.85106383,117503294.50445701,2.60307018,1.674098,2.2583347,1.022064,47
2025-10-26 04:00:00,6006432.0,118236613.92,5996558.229166667,117412480.62687789,2.6152575,1.681595,2.27003456,1.388687,48
2025-10-26 08:00:00,6154262.0,125192238.43233682,6191222.541666667,123814746.47246332,2.48646454,1.630156,2.21523342,0.574434,48
2025-10-26 12:00:00,6140178.0,125155223.9202969,6172355.541666667,126018929.01189089,2.54398907,1.682616,2.21938355,1.577671,48
2025-10-26 16:00:00,6055376.0,122784859.152,6086831.75,123461080.438255,2.66695353,1.690329,2.25209661,0.688806,48
2025-10-26 20:00:00,6017883.0,125542141.36785866,6028928.854166667,123237670.4610905,2.54910714,1.671025,2.22007722,1.013052,48
2025-10-27 00:00:00,6034929.0,125369615.046,6042928.234042553,126093720.22173175,2.63061054,1.739507,2.17639257,0.688981,47
2025-10-27 04:00:00,5918230.0,122744090.2,5985325.583333333,125173921.93629025,2.66912809,1.739433,2.20302775,1.097208,48
2025-10-27 08:00:00,5837524.0,119832692.672,5842502.666666667,120352015.83390123,2.65806821,1.813223,2.18226434,0.624081,48
2025-10-27 12:00:00,5848476.0,119600823.86198424,5835000.645833333,119203773.89900394,2.60180485,1.858735,2.14507513,0.558132,48
2025-10-27 16:00:00,5884706.0,121165207.6551587,5835204.6875,120476992.93056302,2.64717627,1.901435,2.16012034,0.818035,48
2025-10-27 20:00:00,5868069.0,119203953.666,5877345.020833333,120109197.33756472,2.6756126,1.846215,2.21261884,0.607881,48
2025-10-28 00:00:00,5818390.0,117332067.4032767,5850958.914893617,118916552.07043155,2.61229179,1.727132,2.24499739,1.4701,47
2025-10-28 04:00:00,5761588.0,116821958.288,5800176.916666667,117488730.77657402,2.67371512,1.806848,2.29269593,0.450102,48
2025-10-28 08:00:00,5740687.0,115834191.719388,5762396.541666667,117038924.40006126,2.75989289,1.814388,2.37133667,0.572253,48
2025-10-28 12:00:00,5853043.0,116990623.484,5792193.041666667,117126593.7420948,2.80256105,1.812569,2.41741151,0.680934,48
2025-10-28 16:00:00,5828404.0,114550354.4361066,5855058.25,117023113.76924224,2.74641288,1.825145,2.37402689,0.707156,48
2025-10-28 20:00:00,5808713.0,113251133.39907318,5799021.75,112681040.28257088,2.60744501,1.683593,2.26727713,0.399404,48
2025-10-29 00:00:00,5790748.0,112670583.836,5797904.340425532,112729478.18740049,2.52775521,1.646703,2.25892102,2.817344,47
2025-10-29 04:00:00,5806636.0,113949424.864,5796232.375,113144017.1874925,2.53360215,1.614742,2.30189317,3.032483,48
2025-10-29 08:00:00,5768350.0,113888077.432038,5793051.083333333,113402692.30861013,2.51928227,1.611831,2.28863218,1.461976,48
2025-10-29 12:00:00,5771845.0,112262385.25,5789691.083333333,113678005.45481096,2.47635586,1.607657,2.24303586,1.376614,48
2025-10-29 16:00:00,5746644.0,114716878.24851575,5737681.729166667,113272920.3918057,2.46597714,1.625096,2.25889023,2.188894,48
2025-10-29 20:00:00,5754671.0,112960354.86065744,5751327.041666667,114785215.8178429,2.51943365,1.640058,2.28870293,1.523146,48
2025-10-30 00:00:00,5733877.0,113341546.659,5707984.808510638,112881641.52840772,2.64132609,1.618322,2.36835533,0.443856,47
2025-10-30 04:00:00,5780526.0,114650813.25771289,5775279.729166667,112919385.79717062,2.6591825,1.591595,2.39259928,0.698569,48
2025-10-30 08:00:00,5927275.0,114121109.4038955,5852664.979166667,113912130.93307252,2.5806541,1.562987,2.36922269,0.621453,48
2025-10-30 12:00:00,6004558.0,109433069.55,5975726.3125,111188661.1502556,2.64855591,1.503245,2.38610315,0.740232,48
2025-10-30 16:00:00,6106448.0,107644823.85356209,5998174.083333333,108014371.7585215,2.58683834,1.488785,2.30830956,1.072079,48
2025-10-30 20:00:00,6205458.0,112429893.93345109,6072744.395833333,108878327.65084614,2.61115831,1.352162,2.41236743,1.664849,48
2025-10-31 00:00:00,6229750.0,113616236.693405,6249042.063829787,113969991.16519424,2.50628759,1.353709,2.32918928,0.854605,47
2025-10-31 04:00:00,6235046.0,113814529.684,6216429.25,114103219.36393277,2.48016304,1.355802,2.33304272,0.778381,48
2025-10-31 08:00:00,6209846.0,114391573.166,6246303.229166667,114089351.31561857,2.46238878,1.336578,2.3075346,1.685,48
2025-10-31 12:00:00,6241733.0,114504591.885,6212451.145833333,114375218.27298503,2.45158709,1.357062,2.30618452,0.766198,48
2025-10-31 16:00:00,6205060.0,113343565.5997054,6269535.354166667,113010077.55908056,2.38842326,1.389946,2.19794721,1.425303,48
2025-10-31 20:00:00,6176122.0,112313177.91804852,6194892.104166667,112553524.41696703,2.38630423,1.393035,2.21905073,2.532934,48
2025-11-01 00:00:00,6118384.0,112594492.41094176,6142868.957446809,112101930.14403282,2.44505495,1.398681,2.24438248,0.539882,47
2025-11-01 04:00:00,6113039.0,112950621.603,6104260.916666667,112217529.12956156,2.48169761,1.431302,2.27569629,1.79366,48
2025-11-01 08:00:00,6099572.0,113595604.826164,6106883.833333333,113396091.33401829,2.48993829,1.423181,2.2823804,0.459248,48
2025-11-01 12:00:00,6039566.0,112369472.37629022,6080669.104166667,113102819.31449436,2.48529808,1.489099,2.27118362,1.569936,48
2025-11-01 16:00:00,6061696.0,112938032.21458945,6055870.145833333,112734536.20008601,2.51210884,1.516268,2.30162998,1.83634,48
2025-11-01 20:00:00,6040392.0,112909184.94612384,6045370.520833333,112600427.04772621,2.50027115,1.541236,2.28932396,1.548266,48
2025-11-02 00:00:00,5965470.0,111285842.85,6007541.021276596,112267799.9731381,2.58622574,1.584391,2.32267343,0.912656,47
2025-11-02 04:00:00,5920697.0,112373056.817767,5943642.645833333,111919023.43693161,2.57476636,1.59959,2.32837352,1.187799,48
2025-11-02 08:00:00,5853936.0,110147969.62483248,5872628.916666667,110363502.55309778,2.68735763,1.64794,2.43714387,2.359563,48
2025-11-02 12:00:00,5891410.0,107918848.38,5870689.645833333,108725739.48874016,2.71583762,1.670593,2.43465153,0.774323,48
2025-11-02 16:00:00,6036793.0,109495351.434,5972653.333333333,108778320.45397602,2.65672058,1.652871,2.40850471,2.029216,48
2025-11-02 20:00:00,6061929.0,114212804.289,6071033.958333333,111318714.66089208,2.68735828,1.614402,2.45392978,1.225409,48
2025-11-03 00:00:00,5993389.0,105330588.37046193,5918668.0,108202718.12419048,2.59573289,1.726838,2.30391817,0.822089,47
2025-11-03 04:00:00,6101835.0,107015710.1476353,6088411.958333333,106397888.37991847,2.63739928,1.595638,2.34390709,1.411126,48
2025-11-03 08:00:00,6154053.0,107677465.341,6137160.5625,106838278.87788677,2.68688845,1.608567,2.37346904,0.725816,48
2025-11-03 12:00:00,6145042.0,100547114.18268882,6196926.625,107520491.23930414,2.51253964,1.655364,2.19125585,0.802888,48
2025-11-03 16:00:00,6000331.0,100895565.765,6086357.833333333,102377608.47785826,2.63010053,1.475694,2.28978102,0.635363,48
2025-11-03 20:00:00,5924204.0,98705865.64359091,5931842.333333333,98648510.45508291,2.70100273,1.416779,2.34142244,1.708244,48
2025-11-04 00:00:00,5881390.0,99495558.32217969,5922824.744680851,99589722.00477697,2.53788534,1.416465,2.34663944,0.849305,47
2025-11-04 04:00:00,6018120.0,97397254.08,5937524.625,97726410.88897951,2.42909605,1.388628,2.207919,0.893587,48
2025-11-04 08:00:00,6056254.0,100988035.45,6069950.083333333,100312943.68475425,2.47841105,1.389643,2.28219732,0.532099,48
2025-11-04 12:00:00,6031927.0,99223588.92708737,6058760.479166667,100311775.9525276,2.55499853,1.471142,2.36017267,0.432604,48
2025-11-04 16:00:00,5788406.0,90298140.83048694,5909415.6875,93828513.81485945,2.52047478,1.441108,2.29242624,0.770994,48
2025-11-04 20:00:00,5942485.0,95335286.855,5947138.708333333,93563533.35031581,2.464339,1.306546,2.23324498,0.99473,48
2025-11-05 00:00:00,6030613.0,98986481.782,5983511.106382979,95600000.87459728,2.50751547,1.376035,2.2466274,1.061356,47
2025-11-05 04:00:00,5899424.0,97895041.856,5969088.083333333,98311963.6751405,2.51723122,1.354361,2.25897242,1.700964,48
2025-11-05 08:00:00,5888975.0,97397757.525,5877259.854166667,96313406.9405464,2.52265324,1.37591,2.2763781,1.167055,48
2025-11-05 12:00:00,5767291.0,96645739.21516877,5789642.145833333,96375490.51230468,2.53128725,1.33481,2.31938368,0.503532,48
2025-11-05 16:00:00,5717481.0,95945048.661,5747627.520833333,96737418.65003853,2.63193798,1.353487,2.43138034,0.917511,48
2025-11-05 20:00:00,5630840.0,93635238.36,5678817.916666667,94600747.29696704,2.61325967,1.447225,2.4463895,0.87248,48
2025-11-06 00:00:00,5634309.0,93777438.996,5607179.44680851,92796143.93375604,2.72600619,1.55679,2.41000198,1.63982,47
2025-11-06 04:00:00,5488729.0,89349089.66365819,5558765.645833333,91383048.89735335,2.70223858,1.594815,2.39344584,1.572185,48
2025-11-06 08:00:00,5520884.0,89869434.65124173,5507085.770833333,89725050.76744556,2.65615616,1.571013,2.3953668,0.594338,48
2025-11-06 12:00:00,5584558.0,88616947.7572449,5555007.854166667,89784326.51966994,2.67795059,1.558512,2.48625152,0.715917,48
2025-11-06 16:00:00,5553005.0,89170284.7856175,5572674.875,88704957.10958388,2.70481381,1.552661,2.48682908,1.081546,48
2025-11-06 20:00:00,5598606.0,90087169.146,5586249.4375,89803032.61432154,2.63682332,1.519271,2.42743191,0.716108,48
2025-11-07 00:00:00,5599224.0,90270477.3973716,5599224.0,90270477.3973716,2.64835821,1.518253,2.44051573,0.964416,1
2025-11-07 04:00:00,5737548.0,97076630.83169316,5693464.625,94539185.43062548,2.71203217,1.442816,2.51486762,2.145827,48
2025-11-07 08:00:00,5516764.0,90644280.35255472,5623675.125,93771288.31294014,2.71514575,1.468402,2.49989629,1.713347,48
2025-11-07 12:00:00,5677087.0,95654645.75870034,5501316.520833333,90322940.23822749,2.83452536,1.466069,2.63162375,1.146614,48
2025-11-07 16:00:00,6024453.0,107376505.73667252,5902833.416666667,103720969.15314002,3.13575927,1.678057,2.89027654,0.929262,48
2025-11-07 20:00:00,6165270.0,109119676.2492348,6115528.520833333,109272613.92518145,3.15932323,1.801064,2.87319885,0.664229,48
2025-11-08 00:00:00,6143018.0,109898592.02,6170607.063829787,111099842.36875527,3.16037736,1.830187,2.75404531,0.556684,47
2025-11-08 04:00:00,6159986.0,110065323.25336954,6116390.333333333,108879161.44084288,3.20207612,1.826497,2.71657638,1.48299,48
2025-11-08 08:00:00,6141682.0,109078328.06379904,6164081.645833333,109931050.95729877,3.25303293,1.856391,2.80282916,1.029591,48
2025-11-08 12:00:00,6132258.0,105290869.86,6120678.270833333,106818903.53538018,3.34591873,1.86734,2.83809099,1.882195,48
2025-11-08 16:00:00,5922144.0,102129274.64355265,6001004.770833333,103216307.34620978,3.40201005,1.827469,2.94425638,1.262824,48
2025-11-08 20:00:00,5886874.0,102824053.58272292,5902684.833333333,102545919.98257972,3.50329429,1.818335,3.05501618,1.216876,48
2025-11-09 00:00:00,5906050.0,99826873.459003,5886035.872340426,100959615.18550207,3.34779516,1.859205,2.91146425,1.141109,47
2025-11-09 04:00:00,5822196.0,99582840.384,5870154.145833333,99784544.71574937,3.29920167,1.861886,2.89873418,1.314756,48
2025-11-09 08:00:00,5748008.0,99107153.936,5810567.208333333,99288505.04816602,3.18986486,1.819176,2.83235867,1.164435,48
2025-11-09 12:00:00,5565367.0,98462472.964,5669324.375,99327647.60831797,3.15647841,1.776369,2.8626267,1.158059,48
2025-11-09 16:00:00,5626377.0,100442082.204,5593179.583333333,98781292.576388,3.163368,1.729717,2.87097476,2.525417,48
2025-11-09 20:00:00,5631797.0,99979050.79842994,5609378.520833333,99545701.29211058,3.11846922,1.770106,2.79378591,1.584443,48
2025-11-10 00:00:00,5644379.0,101395624.356,5643965.106382979,101274707.58278012,3.24173972,1.821279,2.90759799,0.780555,47
2025-11-10 04:00:00,5691748.0,102324435.34046608,5669821.020833333,102011485.63366592,3.22381588,1.806062,2.86480137,0.612448,48
2025-11-10 08:00:00,5725195.0,103671831.06,5724027.8125,103385011.7638397,3.07413402,1.722532,2.7467167,0.445569,48
2025-11-10 12:00:00,5603151.0,100407283.59910747,5674404.875,102732937.62297475,3.05764821,1.744632,2.72049559,0.661108,48
2025-11-10 16:00:00,5618424.0,101530540.104,5626754.979166667,101026001.88563277,3.18228106,1.700647,2.82351672,0.513237,48
2025-11-10 20:00:00,5615577.0,101933953.704,5605560.333333333,101281850.64909728,3.25778843,1.685598,2.91208791,0.6985,48
2025-11-11 00:00:00,5651244.0,103683373.668,5622208.489361702,102610084.15614851,3.24779362,1.773282,2.90983789,4.149024,47
2025-11-11 04:00:00,5633334.0,98910078.372,5618661.8125,100403948.47290279,3.09827929,1.773377,2.76096823,1.252524,48
2025-11-11 08:00:00,5562242.0,98648576.53227472,5580436.770833333,98745996.78229998,3.25480769,1.76056,2.87995595,0.508763,48
2025-11-11 12:00:00,5567031.0,98113354.344,5558096.4375,98493766.29464646,3.24541128,1.736463,2.88193085,1.349995,48
2025-11-11 16:00:00,5627996.0,97386842.784,5596186.104166667,97931667.7462834,3.17895805,1.735803,2.83177975,0.869111,48
2025-11-11 20:00:00,5646214.0,95906591.004,5672829.0,97174074.84328085,3.1047683,1.722964,2.77332171,0.509397,48
2025-11-12 00:00:00,5600816.0,95953552.55832112,5615204.531914894,95766859.92324986,2.92253295,1.668682,2.77153316,1.988349,47
2025-11-12 04:00:00,5602063.0,96108992.828,5601144.0625,96504488.46602243,2.95190766,1.63951,2.78685386,0.43934,48
2025-11-12 08:00:00,5645861.0,99095686.09325725,5629505.541666667,98351885.6870849,3.01960144,1.573191,2.88361409,0.945228,48
2025-11-12 12:00:00,5663904.0,96312405.2498832,5626615.208333333,98574165.84465255,2.93238434,1.530085,2.80239913,0.881314,48
2025-11-12 16:00:00,5698981.0,95668794.047,5690941.354166667,95762869.57315765,2.70305939,1.479021,2.59565394,0.767127,48
2025-11-12 20:00:00,5808326.0,97639262.22860594,5753145.104166667,97037601.31667541,2.75526158,1.433077,2.64615072,1.421149,48
2025-11-13 00:00:00,5722812.0,100103427.504,5784209.340425532,98574451.34200579,2.74181818,1.468062,2.663125,0.580193,47
2025-11-13 04:00:00,5600505.0,97364779.425,5686005.791666667,99516876.53967685,2.80812151,1.519434,2.6893733,0.760976,48
2025-11-13 08:00:00,5619769.0,96980353.633,5598026.541666667,97042937.21139921,2.82722188,1.549175,2.68230897,1.133931,48
2025-11-13 12:00:00,5614089.0,94894946.367,5635645.770833333,96897034.58478004,2.82681388,1.533239,2.66511922,0.8289,48
2025-11-13 16:00:00,5872362.0,93948168.84294336,5736644.0625,94391322.84909214,2.83170808,1.424277,2.59227735,1.72359,48
2025-11-13 20:00:00,6256182.0,100941742.3365672,6075907.395833333,97170310.54774505,2.86423221,1.342517,2.67357513,0.633815,48
2025-11-14 00:00:00,6262467.0,100750569.096,6262467.0,100750569.096,2.86115445,1.347377,2.67046396,0.642857,1
2025-11-14 04:00:00,6246202.0,99477013.052,6215431.479166667,98339489.77728176,2.62002861,1.413376,2.42967864,0.452778,48
2025-11-14 08:00:00,6401342.0,98145375.544,6327233.291666667,98857342.234851,2.53757543,1.518801,2.35310071,0.591753,48
2025-11-14 12:00:00,6634000.0,103264844.0,6486828.229166667,99433582.02485172,2.50417227,1.555927,2.33068643,0.879274,48
2025-11-14 16:00:00,6846067.0,107119370.84218672,6807011.520833333,105702198.34451489,2.40051613,1.581876,2.27130198,0.831277,48
2025-11-14 20:00:00,6877258.0,103978259.73527612,6882611.333333333,105290354.0378476,2.34031681,1.646848,2.15248637,0.568301,48
2025-11-15 00:00:00,6894502.0,107308655.5885369,6871517.55319149,105987150.79258408,2.2797825,1.649089,2.11639107,0.548846,47
2025-11-15 04:00:00,6868562.0,107314412.688,6867540.104166667,107201231.59133588,2.32124874,1.686681,2.12393506,1.51977,48
2025-11-15 08:00:00,6856316.0,105724392.72,6850487.770833333,105939273.19782256,2.30397798,1.635901,2.09547978,0.740245,48
2025-11-15 12:00:00,6848380.0,106978543.98,6873037.291666667,107046949.24744238,2.34677829,1.588323,2.14457061,0.897311,48
2025-11-15 16:00:00,6744321.0,105748312.8783285,6778335.104166667,106024479.51766981,2.38279238,1.58668,2.2119227,1.274251,48
2025-11-15 20:00:00,6685359.0,103758402.10535292,6711267.1875,104484136.85924172,2.40345369,1.605414,2.21094396,1.074454,48
2025-11-16 00:00:00,6667767.0,104450570.65509903,6662361.021276596,103374511.99382456,2.46591505,1.613169,2.24444818,0.57446,47
2025-11-16 04:00:00,6722085.0,105441205.4712063,6697279.458333333,104902773.98424198,2.49392499,1.575009,2.28353141,2.243492,48
2025-11-16 08:00:00,6704795.0,103525400.8752818,6726287.229166667,105514656.1794657,2.49947118,1.596113,2.30119658,0.593662,48
2025-11-16 12:00:00,6881775.0,104096449.35974623,6807378.083333333,104769815.65012479,2.49102429,1.599553,2.28875277,0.514156,48
2025-11-16 16:00:00,7103201.0,106179944.38495845,7072780.4375,105380916.59220819,2.40385604,1.559679,2.19777112,0.539571,48
2025-11-16 20:00:00,7134770.0,108505582.16,7151390.0625,106859011.5849849,2.36907794,1.504801,2.16409076,1.234328,48
2025-11-17 00:00:00,7123928.0,107840637.02991824,7123928.0,107840637.02991824,2.36733656,1.508747,2.16579034,0.664174,1
2025-11-17 04:00:00,7022319.0,109786935.246,7072035.729166667,110483539.51898642,2.47487974,1.59532,2.23054804,0.510779,48
2025-11-17 08:00:00,7010560.0,109554021.12,7021850.291666667,109856107.2373101,2.5089141,1.674999,2.2096828,1.316351,48
2025-11-17 12:00:00,7084730.0,107960699.4089759,7031666.541666667,108444471.16355763,2.51066703,1.788413,2.25034083,0.966717,48
2025-11-17 16:00:00,7543969.0,108761082.18943036,7274770.416666667,107981813.19571008,2.54822888,1.846035,2.25683812,1.8696,48
2025-11-17 20:00:00,7826789.0,113537462.1058116,7700824.083333333,111273492.87414713,2.48219979,1.772399,2.25127508,1.548737,48
2025-11-18 00:00:00,7826250.0,113593647.9459,7826250.0,113593647.9459,2.4851143,1.768133,2.25493533,1.365718,1
2025-11-18 04:00:00,7604615.0,110553466.997815,7691940.833333333,111483882.56063862,2.32293214,1.902778,2.12156181,0.582949,48
2025-11-18 08:00:00,7511619.0,109467637.42068627,7549468.041666667,110259425.9348221,2.32344214,1.944197,2.11557083,1.235952,48
2025-11-18 12:00:00,7465918.0,110062667.678852,7459837.729166667,108708819.8764892,2.37046371,1.922712,2.19180723,1.24818,48
2025-11-18 16:00:00,7506219.0,110326406.862,7489228.270833333,110680804.71501528,2.43927384,1.942691,2.25757088,0.610061,48
2025-11-18 20:00:00,7516001.0,109457723.84937288,7494668.8125,109750399.68860377,2.36486149,1.974367,2.19620853,0.804538,48
2025-11-19 00:00:00,7515202.0,108323767.13592166,7511737.936170213,109242369.51658683,2.48807432,2.015111,2.21986377,1.515974,47
2025-11-19 04:00:00,7804897.0,112017732.5192256,7678118.291666667,109291688.89992666,2.49950075,1.766442,2.24058711,0.955188,48
2025-11-19 08:00:00,7627474.0,110130813.95420758,7724599.625,111205508.85132599,2.43731563,1.779828,2.1663563,1.967026,48
2025-11-19 12:00:00,7480022.0,105563270.12649308,7543770.145833333,108352080.41503459,2.50076336,1.818588,2.21762821,0.55399,48
2025-11-19 16:00:00,7456279.0,102805010.3687691,7469718.625,103656341.81795742,2.48596939,1.783961,2.16435959,0.924052,48
2025-11-19 20:00:00,7488492.0,106859649.47862864,7427777.916666667,104978372.49298763,2.53992198,1.699036,2.25331587,0.824129,48
2025-11-20 00:00:00,7496880.0,107063031.2184024,7496880.0,107063031.2184024,2.53231248,1.696182,2.24579455,2.288426,1
2025-11-20 04:00:00,7410650.0,106379880.75,7405509.75,105980546.6680059,2.48836032,1.744513,2.21928136,1.221539,48
2025-11-20 08:00:00,7311248.0,105055134.6129264,7340978.0,104991920.12473534,2.44794795,1.774699,2.16298039,2.124841,48
2025-11-20 12:00:00,7125114.0,101752610.5219701,7266190.145833333,104520630.46703,2.39835165,1.813288,2.11617348,0.775218,48
2025-11-20 16:00:00,7254899.0,99347046.47329533,7149596.1875,98144021.0905115,2.42546741,1.530115,2.17002093,0.963775,48
2025-11-20 20:00:00,7237232.0,100011309.008,7249127.875,100489951.06656921,2.43277096,1.519364,2.17510549,0.73834,48
2025-11-21 00:00:00,7310847.0,100838512.671,7249652.574468086,100554187.97078699,2.38966901,1.605953,2.18140516,1.014403,47
2025-11-21 04:00:00,7219463.0,94853232.06528813,7306256.333333333,99597050.89198321,2.4454343,1.679606,2.10523523,0.799968,48
2025-11-21 08:00:00,7303425.0,94234255.817544,7283215.770833333,95561800.0809325,2.5053733,1.732073,2.18961788,1.41822,48
2025-11-21 12:00:00,7309436.0,95061688.62004803,7303798.8125,95552697.56515156,2.52185164,1.815546,2.22658832,0.919162,48
2025-11-21 16:00:00,7264691.0,96286214.514,7283307.708333333,96449225.92449676,2.54572098,1.748426,2.2789039,0.613847,48
2025-11-21 20:00:00,7385122.0,98281203.576,7348834.895833333,97541124.46760799,2.55972797,1.689004,2.2847994,0.456933,48
2025-11-22 00:00:00,7380769.0,98009231.551,7380769.0,98009231.551,2.57338087,1.695902,2.30764851,0.688583,1
2025-11-22 04:00:00,7482329.0,99342882.133,7464430.645833333,99007931.45622754,2.58106127,1.67321,2.32587678,2.016619,48
2025-11-22 08:00:00,7549661.0,100070756.555,7503517.8125,99489057.40839253,2.62978345,1.677089,2.35914019,0.920419,48
2025-11-22 12:00:00,7645269.0,100604094.771,7587063.104166667,99914445.31176688,2.54516777,1.674801,2.32391996,0.598009,48
2025-11-22 16:00:00,7631438.0,100994450.492,7631802.5625,100984729.51369752,2.58267717,1.640828,2.38716475,0.530202,48
2025-11-22 20:00:00,7612401.0,100719677.631,7637038.229166667,101090639.91639322,2.58228954,1.686385,2.38037044,0.876573,48
2025-11-23 00:00:00,7556198.0,100769456.528,7577277.85106383,100693923.29830652,2.54987212,1.696678,2.34749251,2.010535,47
2025-11-23 04:00:00,7547370.0,100215347.1227073,7570315.291666667,100958405.36310454,2.564562,1.742156,2.35024245,1.445284,48
2025-11-23 08:00:00,7571271.0,100531187.71395028,7560109.375,100488568.41771543,2.52959327,1.751625,2.30030903,1.085587,48
2025-11-23 12:00:00,7677579.0,102802684.15310983,7616202.75,101505129.88135308,2.55348575,1.671335,2.32191408,0.782341,48
2025-11-23 16:00:00,7787710.0,104304326.3829651,7715446.4375,102983535.03774977,2.55389391,1.586035,2.34720203,0.626596,48
2025-11-23 20:00:00,7794550.0,103394705.75,7775212.770833333,103937409.75221193,2.52494395,1.649854,2.30127172,0.944171,48
2025-11-24 00:00:00,7831418.0,105184970.38901515,7833056.680851064,104280853.08137983,2.55975197,1.574705,2.30093931,0.832538,47
2025-11-24 04:00:00,7662482.0,103129345.238,7710138.958333333,103622802.6271494,2.59197513,1.594282,2.30900287,0.88944,48
2025-11-24 08:00:00,7618408.0,101932609.73421007,7593091.145833333,101407735.4415347,2.51041096,1.521325,2.23594534,1.476205,48
2025-11-24 12:00:00,7643612.0,103142900.328,7605165.625,101794931.00533928,2.53026568,1.495541,2.27331134,1.042099,48
2025-11-24 16:00:00,7566078.0,105176050.278,7666624.0625,105590612.131211,2.66289199,1.641635,2.38938701,0.543618,48
2025-11-24 20:00:00,7588301.0,105393912.589,7658402.479166667,106751129.90633166,2.65366705,1.680273,2.46171299,0.718528,48
2025-11-25 00:00:00,7583948.0,105325869.824,7583948.0,105325869.824,2.65104773,1.679158,2.45813646,1.306533,1
2025-11-25 04:00:00,7503488.0,104113053.10273024,7511662.979166667,104406370.34697963,2.92087438,1.694957,2.62172434,0.939605,48
2025-11-25 08:00:00,7514989.0,104361997.72663055,7507138.333333333,104218355.16692483,2.97285491,1.658427,2.59726895,0.711335,48
2025-11-25 12:00:00,7618843.0,105882573.07668084,7593077.8125,105354062.0662933,3.03709575,1.633421,2.6798219,0.550788,48
2025-11-25 16:00:00,7663427.0,106887188.2014242,7726690.541666667,107663702.28087367,3.141146,1.664447,2.76339011,2.808264,48
2025-11-25 20:00:00,7848800.0,111213509.908432,7784963.270833333,109746012.928798,3.27775903,1.723835,2.91873784,0.803771,48
2025-11-26 00:00:00,7835458.0,109782602.038,7874363.425531914,111677038.41513406,3.10420059,1.838457,2.78359474,1.259029,47
2025-11-26 04:00:00,7748770.0,108908962.35,7800802.708333333,109443509.11297955,3.1324633,1.763765,2.84649968,0.920514,48
2025-11-26 08:00:00,7697752.0,107727167.5936164,7715357.291666667,108060289.85666157,3.04955243,1.769479,2.74411336,2.381269,48
2025-11-26 12:00:00,7670491.0,106903633.067,7669884.979166667,106943557.28350514,3.09756888,1.699852,2.75192668,0.659802,48
2025-11-26 16:00:00,7616457.0,110791544.4033371,7684926.958333333,110076612.05753632,3.03166397,1.692168,2.670993,1.294754,48
2025-11-26 20:00:00,7641799.0,113962148.487,7658504.791666667,112547644.32275414,2.92041852,1.67913,2.6097561,0.932882,48
2025-11-27 00:00:00,7649729.0,114317550.176,7649729.0,114317550.176,2.92036802,1.671249,2.60324544,1.450339,1
2025-11-27 04:00:00,7607191.0,113605790.394,7609891.854166667,113519971.03002821,3.15948701,1.776292,2.75789254,1.144536,48
2025-11-27 08:00:00,7790382.0,116333774.406,7707974.958333333,115050063.66144639,3.16937581,1.735975,2.75225595,1.066645,48
2025-11-27 12:00:00,7924971.0,118430766.624,7868980.604166667,117543046.27101088,3.14404609,1.686915,2.7538834,1.351429,48
2025-11-27 16:00:00,7884563.0,118341186.9532448,7954307.104166667,120016292.6841761,3.24507227,1.742251,2.9225382,0.451058,48
2025-11-27 20:00:00,7918000.0,118857098.0,7920757.375,119028668.47937109,3.19033627,1.75985,2.83201334,0.617487,48
2025-11-28 00:00:00,7919388.0,118881545.22167292,7919388.0,118881545.22167292,3.1827957,1.757286,2.82421469,1.119597,1
2025-11-28 04:00:00,7982372.0,119783474.232,7990319.0,120056077.286804,3.13397436,1.751067,2.83059996,0.579288,48
2025-11-28 08:00:00,7992534.0,119951918.301864,8034166.145833333,120712117.1947,3.11714286,1.764319,2.80723888,0.905848,48
2025-11-28 12:00:00,8064889.0,121989511.014,7985212.6875,120337206.0627095,3.1419793,1.741882,2.89189765,0.460672,48
2025-11-28 16:00:00,7897071.0,117355576.40992458,7890628.416666667,117296063.70863251,3.05003228,1.633811,2.81752137,1.060334,48
2025-11-28 20:00:00,7907365.0,117375266.3040865,7926024.729166667,117666243.32167642,2.9936326,1.617188,2.79961588,0.616702,48
2025-11-29 00:00:00,7920330.0,117608980.17,7907181.744680851,117411474.82651992,2.85696709,1.621976,2.70431894,1.113699,47
2025-11-29 04:00:00,7945283.0,116525980.35098004,7943171.125,117625078.60849786,2.91083806,1.58875,2.73918602,1.462703,48
2025-11-29 08:00:00,7995241.0,118881238.429,7962383.104166667,117505904.94105373,2.88433066,1.565909,2.64781906,0.819135,48
2025-11-29 12:00:00,7951778.0,117914795.9384674,7987631.333333333,118384020.78724511,2.89887289,1.585314,2.67389957,2.034702,48
2025-11-29 16:00:00,7817284.0,112865946.392,7897337.25,115631447.75602673,2.97380485,1.588627,2.73919686,3.608553,48
2025-11-29 20:00:00,7896461.0,112387969.79252398,7856035.666666667,112474384.1494507,2.88643634,1.554764,2.66296692,1.254307,48
2025-11-30 00:00:00,7884931.0,111973905.131,7887455.255319149,112304673.57549483,2.78400992,1.585581,2.66172421,0.796537,47
2025-11-30 04:00:00,7955135.0,112302640.795,7908168.395833333,111425911.99924864,2.79606275,1.524226,2.67372615,1.222876,48
2025-11-30 08:00:00,8037490.0,113127671.75,7994919.041666667,112825492.95972426,2.72836609,1.487294,2.62194159,1.828615,48
2025-11-30 12:00:00,8022816.0,113592339.2299104,8023325.270833333,113745773.78058101,2.6989216,1.464584,2.65951103,1.260993,48
2025-11-30 16:00:00,8117134.0,113664227.402,8055882.541666667,113649263.92182302,2.58923034,1.449476,2.46013539,0.611165,48
2025-11-30 20:00:00,8182770.0,112914043.23,8143518.8125,113113448.36049642,2.4308384,1.470906,2.25527134,0.640517,48
2025-12-01 00:00:00,8075533.0,104658907.68,8058352.255319149,106010180.41103429,2.25025773,1.49346,2.0253995,0.451742,47
2025-12-01 04:00:00,8121536.0,106034774.016,8109317.041666667,105016482.84123082,2.26536385,1.443522,2.04572664,0.859605,48
2025-12-01 08:00:00,8185932.0,106032984.51029508,8161622.458333333,106144441.70147754,2.23386084,1.385929,2.02494331,1.063051,48
2025-12-01 12:00:00,8250944.0,105075771.84,8247977.395833333,105837654.55347474,2.17789292,1.391308,2.01385979,1.205892,48
2025-12-01 16:00:00,8194910.0,103706586.05,8200538.25,103831745.52724157,2.04997686,1.388603,1.89530686,1.062228,48
2025-12-01 20:00:00,8343365.0,106526646.67477684,8299353.916666667,105745515.55465235,2.09608624,1.307076,1.95112667,0.615918,48
2025-12-02 00:00:00,8169346.0,105490221.636491,8269166.936170213,106234039.05191378,2.01176737,1.365016,1.91249436,1.098188,47
2025-12-02 04:00:00,8062411.0,105021224.89251363,8081368.104166667,104573888.6662272,2.05131155,1.422093,1.9654751,1.044215,48
2025-12-02 08:00:00,8269221.0,106694349.57664277,8193612.041666667,106412201.26851828,2.13257576,1.432098,2.05496063,1.021568,48
2025-12-02 12:00:00,8720504.0,119274955.5111452,8402468.458333334,110316291.49740328,2.1770936,1.315291,2.14059144,0.772402,48
2025-12-02 16:00:00,8697522.0,118634200.08,8675040.3125,118356509.77535135,2.1439357,1.31714,2.09695787,1.016962,48
2025-12-02 20:00:00,8632825.0,117684969.23496924,8683956.0,118631557.37686346,2.17051951,1.344724,2.11112946,0.456114,48
2025-12-03 00:00:00,8625552.0,117505894.896,8625552.0,117505894.896,2.16919255,1.346843,2.10766694,0.810816,1
2025-12-03 04:00:00,8255458.0,116633110.624,8402097.729166666,117908940.33387463,2.39498433,1.45526,2.23749131,0.707593,48
2025-12-03 08:00:00,8116539.0,114102305.262,8160990.395833333,114874464.73778784,2.42728477,1.446652,2.26486581,1.697635,48
2025-12-03 12:00:00,7955601.0,112614105.71236748,8063479.895833333,113809487.6706785,2.47137405,1.479744,2.27445701,0.691578,48
2025-12-03 16:00:00,7990095.0,115552753.89,7995148.4375,114681906.95102014,2.55396692,1.496028,2.3679926,1.966494,48
2025-12-03 20:00:00,7934022.0,117593504.24600844,7998390.104166667,117497923.7678265,2.59394813,1.562273,2.42173747,1.170407,48
2025-12-04 00:00:00,7929484.0,117185113.06796108,7929484.0,117185113.06796108,2.59084365,1.565225,2.41797323,0.580157,1
2025-12-04 04:00:00,7724446.0,113680671.782,7762004.208333333,114259763.19048095,2.91286696,1.638546,2.66071803,0.670122,48
2025-12-04 08:00:00,7757147.0,114355861.074,7738941.75,113979348.30701555,3.09657423,1.691289,2.80271962,0.996336,48
2025-12-04 12:00:00,7751003.0,114172274.19,7737753.708333333,113954990.15489839,3.16246684,1.765509,2.86475858,1.364905,48
2025-12-04 16:00:00,7515082.0,108570389.654,7662564.083333333,111639878.67740022,3.12632298,1.789048,2.75128953,1.242477,48
2025-12-04 20:00:00,7529555.0,108310193.21181896,7527104.958333333,108626068.1331907,3.08223795,1.838115,2.71891652,1.574693,48
2025-12-05 00:00:00,7485440.0,108257358.1408256,7514881.361702127,108679615.59580943,2.99967073,1.840756,2.84159749,0.831574,47
2025-12-05 04:00:00,7528861.0,108130784.82578024,7507627.020833333,108013399.77604502,2.99606299,1.796401,2.82508324,1.051133,48
2025-12-05 08:00:00,7560477.0,104535235.1646226,7542989.5625,105854727.72302824,3.08085977,1.676123,2.81595793,0.574749,48
2025-12-05 12:00:00,7391150.0,101290823.7955315,7467345.5,102354397.04168965,2.92189501,1.666376,2.67717206,0.485073,48
2025-12-05 16:00:00,7610473.0,101957506.781,7599323.395833333,101828884.22445302,2.79081947,1.587339,2.47051769,1.498552,48
2025-12-05 20:00:00,7740661.0,102261872.471,7645703.666666667,101532664.29230994,2.6725844,1.532873,2.41889824,0.581413,48
2025-12-06 00:00:00,7773383.0,103495235.66104773,7758153.44680851,103036649.91184919,2.35423197,1.487883,2.23297554,1.403675,47
2025-12-06 04:00:00,7815505.0,103357100.22381556,7785928.125,103314716.59515132,2.26450641,1.490121,2.10492399,0.83365,48
2025-12-06 08:00:00,7873578.0,104038137.75070602,7850633.0,103807229.83760954,2.16940154,1.484722,2.03217585,0.669022,48
2025-12-06 12:00:00,8041041.0,107227281.735,7949207.104166667,105155172.96726894,2.14370406,1.431823,2.02064435,0.798941,48
2025-12-06 16:00:00,7966372.0,105944781.228,8037436.208333333,107522470.90572937,2.16654753,1.473605,2.1209036,1.474873,48
2025-12-06 20:00:00,8059520.0,107957270.4,8028517.291666667,107339134.64780526,2.09410669,1.436682,1.95294648,1.191885,48
2025-12-07 00:00:00,8047027.0,108490018.014,8077843.893617021,108826647.10486102,2.17538462,1.449917,2.01528485,0.404349,47
2025-12-07 04:00:00,7972187.0,106903934.30200024,8012285.270833333,107710443.61768377,2.20530593,1.476036,2.02864664,1.223839,48
2025-12-07 08:00:00,7945531.0,105958949.59502874,7943239.770833333,106096096.19369948,2.18590812,1.436814,2.01943245,0.653644,48
2025-12-07 12:00:00,7957566.0,105642622.52739054,7944008.270833333,105251012.74076533,2.12056404,1.369633,1.93481911,2.481172,48
2025-12-07 16:00:00,7819744.0,107430957.4704944,7919659.625,107706090.94285028,2.23834455,1.365718,2.12016529,0.515722,48
2025-12-07 20:00:00,7562525.0,101436147.825,7695530.666666667,104385055.6612568,2.26294102,1.366019,2.16462679,1.276918,48
2025-12-08 00:00:00,7678869.0,103856703.225,7644958.404255319,103186622.07016407,2.39758713,1.431462,2.33484409,0.975317,47
2025-12-08 04:00:00,7721656.0,105650286.15439056,7696408.375,105073462.29364711,2.48204988,1.362553,2.42292782,1.939753,48
2025-12-08 08:00:00,7730638.0,106136161.3237225,7753513.791666667,106771043.29209732,2.45947426,1.384041,2.38211085,0.757971,48
2025-12-08 12:00:00,7545188.0,102537007.357736,7661556.6875,104928820.29069708,2.47531891,1.376744,2.39101498,3.527023,48
2025-12-08 16:00:00,7539705.0,102585226.23,7562026.791666667,102946650.83405107,2.46210873,1.36491,2.41255523,3.521358,48
2025-12-08 20:00:00,7417331.0,101132912.60960694,7492920.020833333,102247474.94833928,2.44960393,1.434417,2.38983051,0.935664,48
2025-12-09 00:00:00,7417703.0,101147798.108,7417703.0,101147798.108,2.44838886,1.43498,2.38928376,0.863728,1
2025-12-09 04:00:00,7290796.0,100014203.7543334,7310654.4375,99741831.0507891,2.47169811,1.420558,2.35784492,1.060361,48
2025-12-09 08:00:00,7301444.0,99025894.486913,7281660.395833333,99120131.29799466,2.51160862,1.458735,2.42770308,0.764687,48
2025-12-09 12:00:00,7442385.0,105178854.8038125,7326959.6875,100221277.13982709,2.53756734,1.508827,2.43677944,1.135832,48
2025-12-09 16:00:00,7604234.0,111189109.548,7620540.791666667,111021915.00702941,2.50878709,1.528337,2.38122496,1.59335,48
2025-12-09 20:00:00,7596850.0,110944397.4,7602131.395833333,111009324.4173243,2.51014493,1.482787,2.36605278,0.777656,48
2025-12-10 00:00:00,7567531.0,110490355.01115926,7590595.212765957,110803374.10434061,2.74782609,1.512113,2.46020428,0.294776,47
2025-12-10 04:00:00,7453139.0,108847315.70742524,7488018.604166667,109267457.49411635,2.78019324,1.502805,2.46264644,0.637427,48
2025-12-10 08:00:00,7462790.0,106344757.5,7471051.166666667,108307940.59945084,2.9057377,1.504644,2.50716846,3.336377,48
2025-12-10 12:00:00,7298739.0,103722379.929,7377734.75,105071072.8950976,3.16780588,1.492994,2.80815877,0.566722,48
2025-12-10 16:00:00,7296704.0,105999219.008,7292970.3125,104918584.61509885,3.24868651,1.5892,3.0251824,1.137655,48
2025-12-10 20:00:00,7276679.0,102852947.93936826,7365608.375,105616316.44653946,3.2013986,1.665947,2.96793209,0.969891,48
2025-12-11 00:00:00,7100891.0,94491519.96741135,7149707.340425532,97260741.5837618,3.02663934,1.565067,2.83302152,1.114564,47
2025-12-11 04:00:00,7047601.0,94360329.789,7096617.166666667,94942346.33435942,2.83421627,1.61924,2.65417807,0.837084,48
2025-12-11 08:00:00,7239208.0,96375576.104,7130332.333333333,94968238.6992566,2.67981303,1.53228,2.51782217,2.85827,48
2025-12-11 12:00:00,7625087.0,98864594.63344698,7361345.083333333,97408501.78156962,2.55455537,1.445349,2.40808081,0.642063,48
2025-12-11 16:00:00,7855088.0,104489540.7724976,7803878.479166667,102438809.25817554,2.28540039,1.424623,2.19438551,0.556484,48
2025-12-11 20:00:00,7769844.0,104170298.508,7788200.0625,104428111.93179135,2.29008964,1.49428,2.1831405,0.370421,48
2025-12-12 00:00:00,7743119.0,105565055.99661776,7771084.106382979,105354641.01334523,2.15506102,1.470661,2.07866431,0.772267,47
2025-12-12 04:00:00,7606049.0,103921447.487,7692570.9375,105113213.45958842,2.18957926,1.449133,2.10213738,0.666448,48
2025-12-12 08:00:00,7403123.0,100327122.896,7468328.875,101354986.56171978,2.1615965,1.464918,2.04234841,4.085272,48
2025-12-12 12:00:00,7248314.0,94358551.652,7402775.291666667,99869096.35587557,2.18688363,1.436792,2.04220569,0.712561,48
2025-12-12 16:00:00,7513819.0,98258211.063,7450294.541666667,96935330.77022004,2.32224479,1.27388,2.15026596,3.679476,48
2025-12-12 20:00:00,7544079.0,98901637.7066361,7535404.708333333,98663796.19033094,2.28174603,1.247323,2.08920794,2.559898,48
2025-12-13 00:00:00,7458603.0,98569423.7765829,7471383.382978723,98313434.2270881,2.25585986,1.260188,2.12398042,1.970264,47
2025-12-13 04:00:00,7420478.0,98800517.9163041,7436751.958333333,98760095.2393539,2.21026775,1.28222,2.07415186,1.248658,48
2025-12-13 08:00:00,7288436.0,97501585.59332468,7356644.833333333,98570161.65093343,2.18560513,1.294108,2.0448098,0.69916,48
2025-12-13 12:00:00,7240988.0,96659948.812,7248107.083333333,96409182.06438066,2.18992344,1.285888,2.01388889,0.782817,48
2025-12-13 16:00:00,7181284.0,96128667.624,7200992.729166667,96205874.28266978,2.2815534,1.293677,2.10186561,0.664796,48
2025-12-13 20:00:00,7119202.0,95238679.16156468,7128019.854166667,94974991.89323668,2.27177522,1.316543,2.13664185,0.793325,48
2025-12-14 00:00:00,7089927.0,94274759.319,7109518.85106383,94880321.31875809,2.35930172,1.330957,2.19223597,0.383293,47
2025-12-14 04:00:00,7058219.0,93384260.34308344,7058516.583333333,93427677.17129584,2.28941356,1.32886,2.14997492,1.648662,48
2025-12-14 08:00:00,7058208.0,92113541.79867744,7051240.229166667,92764532.84492807,2.28042328,1.320448,2.11231172,0.785052,48
2025-12-14 12:00:00,7282913.0,94845375.999,7205012.645833333,93903582.93706065,2.1552795,1.285111,2.01508554,0.652347,48
2025-12-14 16:00:00,7323214.0,94908853.44,7298472.270833333,94748590.20241155,2.12385429,1.305356,1.97859233,1.105778,48
2025-12-14 20:00:00,7468043.0,96270542.313,7362956.895833333,95071567.56099392,2.150979,1.266612,1.95474497,1.156623,48
2025-12-15 00:00:00,7394997.0,96704375.769,7435159.425531914,96964440.95360918,2.06829837,1.285488,1.99702474,0.761969,47
2025-12-15 04:00:00,7265988.0,95664347.57468268,7356541.104166667,96971145.92794691,2.05555556,1.330661,1.97219218,0.818,48
2025-12-15 08:00:00,7134087.0,94205664.06511158,7211354.583333333,95405266.67396234,2.03795994,1.327617,1.95439137,1.058263,48
2025-12-15 12:00:00,7229483.0,90028751.799,7091615.979166667,92203488.03725629,2.10615056,1.386679,1.98029634,0.511173,48
2025-12-15 16:00:00,7615205.0,94413311.59,7445824.979166667,92206152.65266597,2.17256318,1.319189,2.07497172,0.952546,48
2025-12-15 20:00:00,7900486.0,97457078.90899177,7758608.770833333,95670107.47277145,2.17071429,1.314889,2.06647718,0.445261,48
2025-12-16 00:00:00,7814239.0,95811102.66384888,7828140.212765957,95982883.15345338,2.08547204,1.348976,1.94636988,1.897293,47
2025-12-16 04:00:00,7851094.0,95809530.19849,7818016.375,95562244.83357519,2.02561272,1.355007,1.9257126,1.852487,48
2025-12-16 08:00:00,7942036.0,98131796.816,7889106.8125,96500668.7645808,2.05406002,1.36218,1.96003513,1.307316,48
2025-12-16 12:00:00,8140594.0,100497637.22564876,8015942.6875,97743758.38818552,1.97246531,1.296985,1.8642585,1.844098,48
2025-12-16 16:00:00,8133666.0,100025542.24265708,8111747.708333333,99443065.53936297,1.97262032,1.28015,1.85662126,1.331159,48
2025-12-16 20:00:00,8021743.0,99057915.77075133,8096115.083333333,99723072.98531608,1.92188156,1.309507,1.81383492,2.95966,48
2025-12-17 00:00:00,7957058.0,97870037.7825073,7998695.234042553,98561388.38550496,1.97259983,1.386328,1.84365823,0.648981,47
2025-12-17 04:00:00,7875823.0,96234681.237,7886997.75,96223929.31432398,2.01886383,1.410178,1.82493406,1.043834,48
2025-12-17 08:00:00,7937142.0,96523583.862,7883888.3125,95567277.6930297,2.02102297,1.405072,1.84707688,1.914553,48
2025-12-17 12:00:00,7553148.0,92006326.20316824,7891957.9375,96805992.61544758,1.99799017,1.528025,1.88747785,0.460329,48
2025-12-17 16:00:00,7725783.0,91681866.861,7638789.541666667,90998588.48122954,2.02021109,1.397314,1.86627306,1.720474,48
2025-12-17 20:00:00,7656200.0,90588940.48083,7672123.708333333,91007159.72307348,2.02253775,1.402336,1.86423401,1.173988,48
2025-12-18 00:00:00,7656541.0,90813427.71571384,7656541.0,90813427.71571384,2.01641556,1.400119,1.86399882,4.536221,1
2025-12-18 04:00:00,7682237.0,90158733.432,7666246.604166667,89908857.15500729,1.94620811,1.356239,1.83581873,1.808604,48
2025-12-18 08:00:00,7733628.0,90634549.62128867,7720257.229166667,90604514.52252682,1.96591159,1.347331,1.90160554,0.915038,48
2025-12-18 12:00:00,7608674.0,92823668.32787016,7696602.041666667,92356058.46528868,1.9673516,1.331515,1.92012149,0.671916,48
2025-12-18 16:00:00,7484175.0,84952870.425,7522193.041666667,88197565.49021587,1.97523148,1.283173,1.83160147,0.744719,48
2025-12-18 20:00:00,7498926.0,85757717.736,7474144.6875,85588619.35264836,1.98069767,1.181689,1.85347478,4.125164,48
2025-12-19 00:00:00,7498809.0,85736113.66776086,7498809.0,85736113.66776086,1.98276665,1.181515,1.85340717,0.858119,1
2025-12-19 04:00:00,7431200.0,88560786.643504,7530176.520833333,88418490.07487994,1.87062542,1.256585,1.80787879,1.414548,48
2025-12-19 08:00:00,7380383.0,88512933.319,7399989.625,88425171.34830725,1.86159404,1.247202,1.79762263,0.410001,48
2025-12-19 12:00:00,7228452.0,88024309.27672538,7366768.333333333,88797062.60943533,1.86563425,1.402512,1.78925993,1.182754,48
2025-12-19 16:00:00,7072996.0,87132237.724,7099435.0,86992291.5840963,1.89803922,1.474362,1.82188024,0.495367,48
2025-12-19 20:00:00,7023498.0,85981662.516,7043492.75,86683207.2874075,1.91772885,1.504618,1.84282008,0.82936,48
2025-12-20 00:00:00,7019884.0,85993579.0,7019884.0,85993579.0,1.91560399,1.513007,1.83406911,1.961624,1
2025-12-20 04:00:00,6975809.0,85948942.689,6954483.625,85205063.5061052,2.1126487,1.515228,1.95235804,1.578915,48
2025-12-20 08:00:00,6910529.0,84999506.7,6970454.020833333,85828802.47468571,2.14487021,1.528767,1.97211866,2.255777,48
2025-12-20 12:00:00,6905493.0,84695871.645,6901969.625,84516225.11621164,2.12100344,1.551895,1.94792003,1.500987,48
2025-12-20 16:00:00,6864301.0,84156330.26,6886952.541666667,84450778.87165712,2.14204264,1.581408,1.95610779,0.865288,48
2025-12-20 20:00:00,6877380.0,83904036.0,6854423.375,83728237.3684781,2.16645839,1.637725,1.96759034,1.259095,48
2025-12-21 00:00:00,6872920.0,83726380.9291652,6868132.234042553,83610611.03192362,2.20978316,1.580912,1.98580519,0.719889,47
2025-12-21 04:00:00,6924167.0,83844738.203,6887066.520833333,83624505.00055416,2.17833126,1.593584,1.95629118,0.986741,48
2025-12-21 08:00:00,7024097.0,85946850.892,6993680.8125,85480508.23818368,2.21599195,1.581108,2.01616063,2.197558,48
2025-12-21 12:00:00,6911251.0,83687617.16995814,6970617.104166667,84328228.30496053,2.14391508,1.511583,1.91595711,3.680181,48
2025-12-21 16:00:00,6923416.0,83918725.336,6911189.3125,83570563.0296907,2.1640159,1.475496,1.95319217,1.171576,48
2025-12-21 20:00:00,6886237.0,83598917.18,6891274.104166667,83196129.95045824,2.17829262,1.527956,1.99474721,1.389034,48
2025-12-22 00:00:00,6894638.0,83962901.564,6899602.425531914,84091343.06088348,2.230868,1.467094,2.0597973,0.799524,47
2025-12-22 04:00:00,6907795.0,84060957.355,6898209.708333333,84081139.77974178,2.29774397,1.454065,2.11708155,1.919369,48
2025-12-22 08:00:00,6918190.0,85191207.37891,6919144.020833333,84728180.40139145,2.35695329,1.406495,2.19244166,0.402121,48
2025-12-22 12:00:00,6995980.0,86428420.80180019,7040306.9375,86974528.74400462,2.34521277,1.454551,2.15310676,2.165977,48
2025-12-22 16:00:00,6783710.0,82437779.2283967,6976947.833333333,86050139.25607951,2.36469316,1.408418,2.15352334,1.047229,48
2025-12-22 20:00:00,6715489.0,83245201.644,6661463.875,81769283.71247165,2.47337444,1.250582,2.26734471,1.058044,48
2025-12-23 00:00:00,6842772.0,84904404.08041693,6823516.382978723,84835623.09179716,2.37826908,1.286178,2.21028204,0.627966,47
2025-12-23 04:00:00,6692798.0,81578514.822,6790219.541666667,83313895.65900116,2.53744997,1.275076,2.35476551,0.89824,48
2025-12-23 08:00:00,6787083.0,83442429.57232942,6733435.666666667,82303741.73042084,2.59354088,1.239291,2.42655858,1.073218,48
2025-12-23 12:00:00,7075959.0,84515254.296,6890145.6875,83221640.2484094,2.54452347,1.16075,2.38521475,2.183797,48
2025-12-23 16:00:00,7209866.0,87299132.96002676,7185426.375,86652036.82382572,2.46970539,1.14459,2.30534492,1.715282,48
2025-12-23 20:00:00,7077226.0,86221844.358,7123639.0625,86896298.16738252,2.51564278,1.219124,2.35830804,1.135766,48
2025-12-24 00:00:00,7075259.0,86141278.325,7075259.0,86141278.325,2.51292981,1.218819,2.35646568,0.647793,1
2025-12-24 04:00:00,7114645.0,85386726.2925161,7053618.75,84711495.12398587,2.38092672,1.223906,2.22136722,1.612012,48
2025-12-24 08:00:00,7211360.0,87269484.6205936,7169881.0,86358643.40762472,2.38761777,1.200415,2.24727921,1.852635,48
2025-12-24 12:00:00,7245529.0,86949304.9003849,7205638.125,86810146.33698237,2.37459893,1.220114,2.23018535,1.102528,48
2025-12-24 16:00:00,7295098.0,87718970.96124032,7255467.625,86939253.12241025,2.34723315,1.25533,2.21104571,0.468455,48
2025-12-24 20:00:00,7227520.0,87555582.0930624,7237606.166666667,87371629.86082017,2.33455979,1.263636,2.18373338,1.555043,48
2025-12-25 00:00:00,7207587.0,87533675.94890772,7210161.170212766,87334817.17949983,2.44245871,1.32353,2.2875629,0.679996,47
2025-12-25 04:00:00,7175889.0,87664541.96467234,7191466.291666667,87587058.10118766,2.44117647,1.341116,2.27128889,3.744213,48
2025-12-25 08:00:00,7090856.0,86267354.096,7138371.020833333,87181012.14184688,2.43618475,1.403219,2.24919094,1.683225,48
2025-12-25 12:00:00,7143028.0,88158471.200191,7123158.458333333,86950994.57032675,2.49031008,1.352133,2.30176653,0.933484,48
2025-12-25 16:00:00,7305537.0,91092740.853,7277353.354166667,90438558.75841708,2.44662845,1.350544,2.27267819,3.348268,48
2025-12-25 20:00:00,6948122.0,83912469.394,7221828.104166667,89314128.42521921,2.49957082,1.394816,2.3349857,1.775345,48
2025-12-26 00:00:00,6943600.0,83817845.538232,6943600.0,83817845.538232,2.50932568,1.394665,2.33466667,0.868895,1
2025-12-26 04:00:00,7047017.0,87472522.08040418,7128079.875,89087043.45351844,2.55607477,1.396403,2.453294,0.692847,48
2025-12-26 08:00:00,7056758.0,87966219.09568429,7052822.916666667,87835054.63609293,2.64009589,1.35255,2.51614833,1.298252,48
2025-12-26 12:00:00,6760503.0,82545741.63,6974129.854166667,86413476.85514553,2.90304434,1.345962,2.75385293,0.834905,48
2025-12-26 16:00:00,6765878.0,83702048.99337597,6725674.104166667,82675837.1890304,2.90625,1.291704,2.75781421,1.120575,48
2025-12-26 20:00:00,6744190.0,83257025.55,6759516.4375,83495594.77075557,2.87191958,1.32314,2.74340113,1.777622,48
2025-12-27 00:00:00,6758250.0,83870235.8888925,6746778.340425532,83393269.13596876,2.92235522,1.328543,2.74157303,0.756474,47
2025-12-27 04:00:00,6788102.0,84586539.022,6769377.916666667,84061083.95569193,2.93863636,1.347305,2.71721487,1.031858,48
2025-12-27 08:00:00,6723488.0,83804785.53862816,6763158.020833333,84186317.539795,2.79053844,1.395553,2.58403448,1.153749,48
2025-12-27 12:00:00,6717673.0,84362767.46555233,6714135.854166667,83879584.65149932,2.76392736,1.46934,2.56693073,1.68068,48
2025-12-27 16:00:00,6683563.0,83770420.60883403,6703741.645833333,84136656.89420235,2.73751914,1.569209,2.54337715,0.73262,48
2025-12-27 20:00:00,6726704.0,85375327.168,6671625.0625,83972136.56042033,2.80485498,1.566965,2.63663158,2.161206,48
2025-12-28 00:00:00,6730275.0,85413793.96694925,6730275.0,85413793.96694925,2.80700095,1.564658,2.63470032,0.9654,1
2025-12-28 04:00:00,6784793.0,86736793.712,6810884.0625,87230848.52346577,2.98152949,1.663879,2.75467188,0.436577,48
2025-12-28 08:00:00,6770170.0,85974388.83,6780704.854166667,86606744.48401545,2.97702265,1.758506,2.73207385,1.595143,48
2025-12-28 12:00:00,6811956.0,86697298.47320856,6787737.104166667,86145782.82733002,3.03543307,1.783827,2.81431377,0.500646,48
2025-12-28 16:00:00,6763605.0,85147023.345,6787111.708333333,85916535.28259587,3.01409374,1.768738,2.83127753,1.628807,48
2025-12-28 20:00:00,6740441.0,85166915.70265338,6726676.645833333,84566210.80639614,3.08022636,1.658985,2.90574506,0.548408,48
2025-12-29 00:00:00,6991121.0,91324220.96970102,6852874.893617021,87724013.9016408,2.93426166,1.579139,2.80209494,0.56485,47
2025-12-29 04:00:00,6891200.0,89705577.17024,7009388.3125,91515267.59487711,2.84801003,1.595599,2.74692822,0.938613,48
2025-12-29 08:00:00,6649973.0,84723746.59495175,6721271.666666667,86107500.9307869,3.03196046,1.621678,2.92191379,1.952388,48
2025-12-29 12:00:00,6459268.0,81845384.828,6378306.020833333,80392252.59444252,3.07392607,1.558501,2.99862259,0.46551,48
2025-12-29 16:00:00,6468060.0,80811941.64,6443625.791666667,81174372.37711497,3.09879032,1.60274,3.01223453,0.325727,48
2025-12-29 20:00:00,6335315.0,78321595.51948935,6359326.75,79008988.86188205,3.08996307,1.613471,2.90255483,0.641312,48
2025-12-30 00:00:00,6339895.0,78600138.17753671,6326138.957446809,78266342.90138762,2.84057518,1.532367,2.67863894,1.773497,47
2025-12-30 04:00:00,6359321.0,79051377.53426899,6344666.375,78720051.4450581,2.82329317,1.511982,2.64658717,1.245559,48
2025-12-30 08:00:00,6281617.0,78457396.33,6342463.979166667,79288297.19284208,2.82454517,1.511692,2.64960228,1.127632,48
2025-12-30 12:00:00,6263344.0,78761868.47680768,6250290.333333333,78219768.63939919,2.83502616,1.5312,2.67836019,1.935006,48
2025-12-30 16:00:00,6124913.0,76580989.19192712,6180576.875,77573025.66148843,2.79458795,1.59319,2.59633212,0.661014,48
2025-12-30 20:00:00,6174126.0,77590241.442,6147277.645833333,76967223.48354524,2.78577996,1.518575,2.59589455,3.337974,48
2025-12-31 00:00:00,6080892.0,76560833.81337194,6119937.893617021,77110061.28442,2.9288425,1.590357,2.77186635,0.826023,47
2025-12-31 04:00:00,6071050.0,76118824.9,6081061.395833333,76418173.78959958,3.02627258,1.604893,2.85125958,0.664522,48
2025-12-31 08:00:00,6097457.0,76559670.092,6052400.041666667,75716417.14763561,3.03363815,1.518014,2.83520518,0.342276,48
2025-12-31 12:00:00,6069293.0,75668192.54083103,6095666.479166667,76461724.42286704,3.04428288,1.502649,2.86507937,0.656458,48
2025-12-31 16:00:00,6153900.0,75785278.5,6134057.729166667,75750300.84801365,3.02896643,1.467592,2.83943538,0.503461,48
2025-12-31 20:00:00,6120624.0,75385674.66448514,6131474.916666667,75610236.28954343,2.96460746,1.467299,2.75745228,0.874354,48
2026-01-01 00:00:00,6120222.0,75107364.384,6117098.744680851,75368548.88181227,2.85086634,1.486249,2.64595762,0.435189,47
2026-01-01 04:00:00,6166864.0,75735256.784,6132600.666666667,75191881.44719543,2.72662931,1.471634,2.54224936,0.744285,48
2026-01-01 08:00:00,6266609.0,77511686.721,6223001.729166667,76707037.46727577,2.66082711,1.416235,2.47578348,0.995916,48
2026-01-01 12:00:00,6241936.0,78065901.1260288,6232635.958333333,77285191.64592804,2.60874503,1.430707,2.44780323,0.985709,48
2026-01-01 16:00:00,7003750.0,94108281.80731249,6471655.541666667,82799550.8152468,2.37769978,1.399867,2.2302749,0.966903,48
2026-01-01 20:00:00,7426525.0,100688731.41033676,7292170.0625,98884648.8191415,2.52445427,1.495362,2.34789703,0.92596,48
2026-01-02 00:00:00,7493755.0,103157845.74302144,7517283.44680851,102537073.27003755,2.74686431,1.47979,2.43353138,0.602243,47
2026-01-02 04:00:00,7359751.0,98604716.80671576,7439917.020833333,100938433.94800933,2.80780603,1.524005,2.43182249,0.552729,48
2026-01-02 08:00:00,7243390.0,96914354.54346031,7314724.270833333,98520891.19040717,2.92907801,1.558449,2.57950672,1.02904,48
2026-01-02 12:00:00,7172075.0,95247457.375426,7237463.291666667,96498860.29938371,3.26932326,1.669733,2.83179012,1.2021,48
2026-01-02 16:00:00,7028389.0,95993836.41370435,7089241.208333333,95923293.23024236,3.24242424,1.614595,2.95338312,1.222393,48
2026-01-02 20:00:00,6855774.0,94513700.364,6941404.875,95347565.29099172,3.20067912,1.647257,2.94272727,1.477545,48
2026-01-03 00:00:00,6854921.0,94660862.7210448,6854921.0,94660862.7210448,3.20516304,1.644375,2.95379012,1.405815,1
2026-01-03 04:00:00,6836298.0,93759827.07,6893032.291666667,96402750.82597071,3.22035641,1.645421,2.86325177,1.279834,48
2026-01-03 08:00:00,6826328.0,95401570.93582168,6810612.541666667,94624699.27723658,3.22297526,1.616725,2.83779563,2.548632,48
2026-01-03 12:00:00,6810795.0,94704104.475,6841464.083333333,95970670.89829879,3.30249232,1.658463,2.97007481,0.877066,48
2026-01-03 16:00:00,6751027.0,93465305.26480742,6789023.3125,94284482.53444444,3.33655506,1.629284,2.99336233,2.112429,48
2026-01-03 20:00:00,6730612.0,94167097.92635907,6741239.479166667,93784824.30019657,3.2708121,1.589773,2.96854342,1.014532,48
2026-01-04 00:00:00,6731028.0,94087366.02077544,6731028.0,94087366.02077544,3.28454452,1.589954,2.99426211,0.444063,1
2026-01-04 04:00:00,6679830.0,93786428.382894,6691697.770833333,93852735.33245073,3.21861399,1.547329,2.92688414,0.371625,48
2026-01-04 08:00:00,6684821.0,94042061.828,6666485.833333333,93507009.9584524,3.15818838,1.501588,2.88269019,0.910064,48
2026-01-04 12:00:00,6665470.0,94476371.78,6669152.0625,94037081.71801221,3.13455858,1.425068,2.87530454,1.447719,48
2026-01-04 16:00:00,6590597.0,92917575.3024402,6635026.9375,93963518.38869172,3.05388635,1.436872,2.79775775,0.832074,48
2026-01-04 20:00:00,6681508.0,95037769.792,6679745.291666667,95324699.32732724,3.05593275,1.498543,2.82230042,2.241157,48
2026-01-05 00:00:00,6686492.0,96248719.39119768,6661758.255319149,95676322.72299403,3.14700066,1.512388,2.9020979,0.842857,47
2026-01-05 04:00:00,6661683.0,95122171.557,6643583.9375,94379674.65108196,3.09356533,1.49368,2.82229654,0.871566,48
2026-01-05 08:00:00,6674806.0,94748871.17,6663787.770833333,94795783.6667429,3.09522241,1.468339,2.79265324,1.992938,48
2026-01-05 12:00:00,6465946.0,91531107.03856608,6558648.5625,92680914.57896914,3.14219114,1.450647,2.8153573,1.542928,48
2026-01-05 16:00:00,6449623.0,91913955.19191533,6451968.9375,91422484.48170735,3.10297483,1.479145,2.78047722,0.777667,48
2026-01-05 20:00:00,6570999.0,94950935.55,6548046.645833333,94765015.76208758,3.09986816,1.454592,2.77337421,0.814472,48
2026-01-06 00:00:00,6342376.0,91355583.904,6462104.191489362,93240761.94830064,3.20711648,1.477927,2.82946946,0.636214,47
2026-01-06 04:00:00,6322260.0,90313484.1,6328460.395833333,91199060.81590714,3.16333999,1.485411,2.75419847,0.941692,48
2026-01-06 08:00:00,6359439.0,92217546.25966991,6348666.5,91383659.58599792,3.21143617,1.487852,2.78954164,1.046922,48
2026-01-06 12:00:00,6289707.0,91169302.965,6393847.666666667,93520614.31561804,3.09472656,1.511673,2.70305585,1.151854,48
2026-01-06 16:00:00,6214275.0,89957198.2425435,6256305.5625,90579384.9832493,3.09111543,1.448977,2.77204164,0.475124,48
2026-01-06 20:00:00,6381587.0,93158407.026,6339883.354166667,92217114.7887397,3.25437416,1.498557,2.92329797,0.934503,48
2026-01-07 00:00:00,6389350.0,93239022.7477995,6389350.0,93239022.7477995,3.26053252,1.501672,2.92372319,0.850939,1
2026-01-07 04:00:00,6095292.0,88302495.204,6135317.770833333,88796045.36532687,3.25887819,1.47927,2.98184671,1.063006,48
2026-01-07 08:00:00,6212112.0,89951381.76,6177582.375,89494952.21595842,3.05228346,1.412706,2.79516026,1.851663,48
2026-01-07 12:00:00,5955058.0,83412505.68353061,6132937.208333333,87586186.91612624,3.125,1.412995,2.89152092,1.579962,48
2026-01-07 16:00:00,5956089.0,84076152.324,5910121.916666667,83003862.14852692,2.92767005,1.387998,2.66536002,1.975074,48
2026-01-07 20:00:00,6009877.0,84825398.11528736,5984603.833333333,84229600.79531164,2.81442682,1.382832,2.53135644,3.440235,48
2026-01-08 00:00:00,6010120.0,84820823.56,6010120.0,84820823.56,2.82543491,1.383615,2.53974308,1.94824,1
2026-01-08 04:00:00,5932840.0,82460543.16,5903381.666666667,82554628.96951117,2.88663594,1.405056,2.58651452,1.765618,48
2026-01-08 08:00:00,6032343.0,83752075.74731179,5979126.4375,82761685.22686078,2.74613095,1.403801,2.45129741,1.510819,48
2026-01-08 12:00:00,6076094.0,84147668.13136071,6043681.145833333,83244320.1082275,2.80876979,1.429998,2.47956293,0.584816,48
2026-01-08 16:00:00,6093974.0,84541701.302,6087062.958333333,84801904.96309839,2.86050837,1.429167,2.50457224,1.206711,48
2026-01-08 20:00:00,6097361.0,84637965.76857843,6107189.3125,84772169.14521606,2.8328725,1.415065,2.50681587,0.86857,48
2026-01-09 00:00:00,6097486.0,84641281.55507796,6097486.0,84641281.55507796,2.82638037,1.414244,2.50213285,1.092878,1
2026-01-09 04:00:00,6095564.0,85087977.876,6106037.9375,85284107.48997644,2.83852259,1.416595,2.53267045,0.406138,48
2026-01-09 08:00:00,6074082.0,83655761.62412827,6065679.645833333,83715366.56447563,2.77624888,1.42585,2.46637572,1.855762,48
2026-01-09 12:00:00,6005392.0,83630253.22159536,6052950.791666667,83384895.39421383,2.59786065,1.426896,2.36413362,0.831917,48
2026-01-09 16:00:00,5986361.0,82348381.916,6011040.666666667,83829594.60762472,2.75045704,1.484857,2.46029173,0.47518,48
2026-01-09 20:00:00,5972793.0,82314978.30602421,5969032.083333333,82332647.07360603,2.72207167,1.483373,2.4462495,0.208613,48
2026-01-10 00:00:00,5970578.0,82323868.97753729,5970578.0,82323868.97753729,2.72013241,1.48501,2.44714142,0.582418,1
2026-01-10 04:00:00,5948592.0,82126261.152,5945439.270833333,81481416.64107767,2.59510086,1.485944,2.30244921,0.838352,48
2026-01-10 08:00:00,5959147.0,82465615.41607481,5950617.4375,82206655.08262137,2.6144752,1.486876,2.31988636,1.829978,48
2026-01-10 12:00:00,5952168.0,82276818.264,5963465.375,82526607.74953099,2.62373664,1.504792,2.33339637,2.61308,48
2026-01-10 16:00:00,5918255.0,81958608.03121741,5931315.520833333,82179564.60447066,2.60887097,1.544472,2.31215937,0.691415,48
2026-01-10 20:00:00,5891642.0,80933486.154,5895453.0,81216793.79096064,2.64638347,1.538997,2.36661671,0.49829,48
2026-01-11 00:00:00,5931366.0,81372745.51343364,5899881.914893617,80857922.34110798,2.63554046,1.53078,2.36343408,1.182768,47
2026-01-11 04:00:00,5963273.0,82336394.80818063,5951226.5625,81953736.54890798,2.58480022,1.49847,2.32545355,0.940914,48
2026-01-11 08:00:00,5960000.0,82196785.8392,5956581.791666667,82173701.8088599,2.58974359,1.517331,2.33363803,0.538517,48
2026-01-11 12:00:00,5920094.0,81586127.66203605,5968543.916666667,82674609.29459225,2.60247052,1.531475,2.39869159,0.750166,48
2026-01-11 16:00:00,5986488.0,82856730.20689054,5982620.333333333,83070578.95298405,2.55641593,1.549513,2.34541461,1.364245,48
2026-01-11 20:00:00,5980906.0,81921049.98873635,5984075.625,81841611.48524675,2.56414519,1.514994,2.34465571,1.027822,48
2026-01-12 00:00:00,6107967.0,85523753.934,5980696.489361702,83137929.26513042,2.5219901,1.586918,2.31845954,2.552241,47
2026-01-12 04:00:00,5969950.0,81966417.05564551,6110601.75,85325655.77423273,2.60681818,1.53864,2.40080199,0.566584,48
2026-01-12 08:00:00,6012549.0,82047243.654,5996973.458333333,81750588.66466436,2.58739894,1.47003,2.40842941,0.767505,48
2026-01-12 12:00:00,5894927.0,81872327.46205102,5997374.375,81736066.30253267,2.52223776,1.355614,2.35992403,1.159227,48
2026-01-12 16:00:00,5818932.0,79818907.3999279,5825554.541666667,80211516.68785688,2.61917173,1.48009,2.42851615,1.364608,48
2026-01-12 20:00:00,5852359.0,79026764.76976214,5843771.9375,79339407.35961546,2.60964409,1.512404,2.353265,1.387448,48
2026-01-13 00:00:00,5850442.0,79047978.60621662,5850442.0,79047978.60621662,2.60867069,1.511159,2.35512065,0.602676,1
2026-01-13 04:00:00,5771053.0,79075069.94966438,5835227.375,79935053.27450784,2.48863325,1.514989,2.28773585,1.051881,48
2026-01-13 08:00:00,5753557.0,79251194.75437807,5772001.145833333,79563264.01870073,2.5699888,1.524149,2.34741094,0.54303,48
2026-01-13 12:00:00,6114725.0,87453489.68719527,5844608.979166667,81356928.9813024,2.4173398,1.469729,2.22243954,1.080398,48
2026-01-13 16:00:00,6666660.0,96742431.1908054,6582421.666666667,95489051.20536096,2.45439695,1.59143,2.20700581,2.098471,48
2026-01-13 20:00:00,6953814.0,102464566.25315148,6805342.041666667,99473474.56328534,2.55328218,1.697784,2.28621842,1.72844,48
2026-01-14 00:00:00,6952291.0,102578070.89406936,6952291.0,102578070.89406936,2.56804565,1.694785,2.29873276,1.46851,1
2026-01-14 04:00:00,7080571.0,103982256.18010215,7077282.3125,104104266.46807684,2.86617782,1.731817,2.41521951,0.762709,48
2026-01-14 08:00:00,7096908.0,103073179.12259004,7099919.3125,104050061.00836277,2.94609079,1.763376,2.457776,0.266701,48
2026-01-14 12:00:00,7082639.0,104407661.34339309,7070985.729166667,102982201.64791636,3.14323696,1.710792,2.72458088,1.785019,48
2026-01-14 16:00:00,7026043.0,102868295.563,7143207.166666667,104989898.66010557,3.1515049,1.658316,2.72153301,0.431145,48
2026-01-14 20:00:00,7019404.0,102623686.48,7013894.5625,102673734.57438706,3.10248656,1.627367,2.66259808,3.298071,48
2026-01-15 00:00:00,6896232.0,97423069.464,6972267.531914894,100569882.68930027,3.17209954,1.670375,2.74449036,0.70091,47
2026-01-15 04:00:00,6880732.0,98621531.756,6856426.604166667,97675498.24832946,3.19943721,1.627604,2.78160388,1.165347,48
2026-01-15 08:00:00,6887250.0,98474034.801375,6901660.416666667,99204957.32132262,3.17968476,1.61199,2.74920273,0.644482,48
2026-01-15 12:00:00,6749023.0,93556809.56779395,6888577.583333333,98262842.9740203,3.44552968,1.601145,2.9847253,1.215409,48
2026-01-15 16:00:00,6516191.0,89454270.048,6567008.5,91095597.7920221,3.25335689,1.577375,2.7650534,1.772784,48
2026-01-15 20:00:00,6539917.0,90423470.2810839,6525149.291666667,89654899.02607445,2.89467045,1.538288,2.46577832,1.501596,48
2026-01-16 00:00:00,6576735.0,90432824.4145755,6558593.680851064,90415215.05034241,2.63544084,1.556725,2.30137244,0.877523,47
2026-01-16 04:00:00,6582902.0,90823275.18690996,6574882.0,90576007.0090083,2.59721036,1.526032,2.25357274,2.901668,48
2026-01-16 08:00:00,6615997.0,91200801.73556508,6609198.375,91102493.57194847,2.46564268,1.52753,2.14355062,1.011245,48
2026-01-16 12:00:00,6610807.0,88554451.42117812,6610369.479166667,90770942.16886234,2.45907377,1.473232,2.13328693,0.98669,48
2026-01-16 16:00:00,6700235.0,89804497.4227617,6663126.833333333,89029362.64377542,2.32612478,1.341139,1.98979592,1.406725,48
2026-01-16 20:00:00,6737045.0,91502545.19,6736356.958333333,91385855.4946949,2.34082959,1.312679,2.00467581,0.844746,48
2026-01-17 00:00:00,6680798.0,90608540.6690148,6709239.574468086,91058586.77249663,2.26012536,1.310616,1.91709145,1.603044,47
2026-01-17 04:00:00,6698984.0,91046225.62233208,6677400.958333333,90577333.02766813,2.20679953,1.311109,1.87091147,3.135915,48
2026-01-17 08:00:00,6747816.0,92104886.16697152,6743372.9375,92085662.73259354,2.18826803,1.334868,1.87344698,1.865999,48
2026-01-17 12:00:00,6690879.0,92856872.78579555,6741538.4375,92858322.65224595,2.21328919,1.314501,1.87842167,0.601431,48
2026-01-17 16:00:00,6646603.0,91745451.92563309,6623434.604166667,91490401.12751217,2.23830094,1.330677,1.92775212,0.377975,48
2026-01-17 20:00:00,6502211.0,89277135.83986327,6574022.375,90598245.77392174,2.22677662,1.356207,1.89110106,1.197988,48
2026-01-18 00:00:00,6500178.0,89300508.143103,6500178.0,89300508.143103,2.22545455,1.355761,1.88878843,1.452006,1
2026-01-18 04:00:00,6411516.0,87388437.84860928,6425116.791666667,87676376.92448352,2.33233007,1.37572,1.98073887,1.396052,48
2026-01-18 08:00:00,6430882.0,87348853.48183501,6411758.770833333,87262217.15003161,2.35214447,1.387001,1.99558986,0.933162,48
2026-01-18 12:00:00,6467549.0,87654691.597,6443220.583333333,87318931.4811198,2.30697216,1.348426,1.95940732,1.803944,48
2026-01-18 16:00:00,6560182.0,89474322.298,6524645.770833333,88834813.2058311,2.21631969,1.322541,1.91032814,1.684491,48
2026-01-18 20:00:00,6537737.0,85350296.4425718,6567620.375,89501726.28108227,2.37570913,1.324998,2.01122864,1.303104,48
2026-01-19 00:00:00,6526151.0,84676809.225,6526151.0,84676809.225,2.39302447,1.323262,2.01886174,0.541307,1
2026-01-19 04:00:00,6592191.0,83347439.3872263,6540488.729166667,82556530.23489435,2.19207921,1.184238,1.87065999,1.192588,48
2026-01-19 08:00:00,6713583.0,85175227.521,6652431.416666667,84788347.77356204,2.18500605,1.137873,1.91032149,1.22334,48
2026-01-19 12:00:00,6808298.0,86621183.03619577,6769958.958333333,86057785.56440735,2.19752187,1.106435,1.90591689,1.83865,48
2026-01-19 16:00:00,6806953.0,87157349.29117547,6818085.895833333,86809478.65674384,2.21775177,1.115838,1.91257503,1.945987,48
2026-01-19 20:00:00,6812719.0,86660841.32072587,6806716.166666667,86805343.25563337,2.17609008,1.162766,1.87316704,0.626659,48
2026-01-20 00:00:00,6765189.0,85877309.166,6785839.234042553,86067224.06816503,2.10560595,1.213166,1.78370909,0.578793,47
2026-01-20 04:00:00,6815211.0,85641870.13071299,6797663.583333333,86043040.09159108,2.09487179,1.227189,1.78041673,0.702709,48
2026-01-20 08:00:00,6918589.0,86192001.42720075,6886271.875,86126408.43767725,2.0581635,1.254095,1.73657838,0.340595,48
2026-01-20 12:00:00,7008882.0,86615763.756,6957149.208333333,86371001.88184175,2.12921218,1.254789,1.8543972,0.96172,48
2026-01-20 16:00:00,6878770.0,83776539.83,6926449.458333333,84489807.67334007,2.21632556,1.297533,1.90462812,2.660182,48
2026-01-20 20:00:00,6921022.0,83647471.892,6889380.291666667,83883661.98021622,2.19305754,1.284147,1.89754281,0.870721,48
2026-01-21 00:00:00,6887601.0,84662391.492,6913557.361702127,84723623.95911355,2.1471345,1.270597,1.91407297,0.293771,47
2026-01-21 04:00:00,6955087.0,84949432.618,6942803.083333333,85292688.1190562,2.16725393,1.272504,1.92917595,1.100057,48
2026-01-21 08:00:00,6966770.0,84677954.0248292,6957843.166666667,84958551.79189037,2.14071165,1.250308,1.92160304,0.39372,48
2026-01-21 12:00:00,7083994.0,87743606.10117584,7032860.6875,85577297.87260205,2.11549101,1.223345,1.82805623,1.416684,48
2026-01-21 16:00:00,7218719.0,90626883.75087498,7208237.791666667,87382757.66459762,2.07284007,1.174196,1.77581828,0.917968,48
2026-01-21 20:00:00,7179478.0,88975270.854,7200187.229166667,90177879.02732368,2.1068917,1.126346,1.81782665,1.129504,48
2026-01-22 00:00:00,7200830.0,89837555.08,7200349.808510638,90187041.32522728,2.12459397,1.142249,1.82623856,0.993809,47
2026-01-22 04:00:00,7241859.0,89965614.357,7211597.0625,90031605.88821226,2.17479867,1.14669,1.85102311,0.459657,48
2026-01-22 08:00:00,7281501.0,89868003.62072632,7286910.375,90583625.27955587,2.17178206,1.153413,1.84378698,0.601723,48
2026-01-22 12:00:00,7330912.0,89071583.6687616,7314559.395833333,89622677.6936451,2.25453654,1.14158,1.88265306,0.457974,48
2026-01-22 16:00:00,7405978.0,90150836.60579799,7378192.291666667,89748429.39598674,2.24884344,1.140503,1.90246468,4.192052,48
2026-01-22 20:00:00,7405537.0,90195903.18308584,7412139.666666667,90061070.84403057,2.21512888,1.141997,1.87063351,1.273069,48
2026-01-23 00:00:00,7436060.0,91093875.7673134,7428437.340425532,90876139.00380762,2.18078292,1.142855,1.86274798,0.403576,47
2026-01-23 04:00:00,7419463.0,89977537.91302687,7407073.729166667,90880556.32834828,2.19814683,1.207501,1.89515771,0.990011,48
2026-01-23 08:00:00,7360217.0,89743125.881,7382420.083333333,89588946.62527722,2.10498747,1.175554,1.80016935,1.699307,48
2026-01-23 12:00:00,7319023.0,89499667.3413105,7349014.75,89357994.41722667,2.11088107,1.170095,1.81374089,1.040148,48
2026-01-23 16:00:00,7138749.0,86735800.35,7228229.291666667,88892456.33911934,2.13879756,1.217387,1.85214975,1.244036,48
2026-01-23 20:00:00,7153605.0,86702604.61310145,7143413.083333333,86643145.43019523,2.16308201,1.222778,1.87547668,1.288204,48
2026-01-24 00:00:00,7164561.0,87017567.88521475,7161316.255319149,86860289.82561846,2.14448052,1.214546,1.84868137,1.203261,47
2026-01-24 04:00:00,7168376.0,86914090.42635688,7163421.4375,86988787.60328051,2.13537823,1.212623,1.84407216,0.761491,48
2026-01-24 08:00:00,7221487.0,87401657.161,7186680.333333333,86956879.92466521,2.15558113,1.207394,1.86251603,0.48035,48
2026-01-24 12:00:00,7260005.0,87284087.76136671,7241325.9375,87572767.90042512,2.12087664,1.218749,1.83792092,0.517608,48
2026-01-24 16:00:00,7322281.0,88105239.44686583,7294498.041666667,87747893.74052308,2.10705542,1.220356,1.81080711,1.630382,48
2026-01-24 20:00:00,7349728.0,88587673.69161056,7345903.791666667,88688086.2006227,2.09368771,1.209749,1.80743565,0.449568,48
2026-01-25 00:00:00,7381870.0,87940217.31,7371248.787234043,88499769.72698385,2.1341328,1.194295,1.82292523,1.546555,47
2026-01-25 04:00:00,7466260.0,89097439.1926394,7426518.6875,88698351.9457545,2.10297984,1.195297,1.8014567,2.188818,48
2026-01-25 08:00:00,7523778.0,89853072.15685266,7495029.583333333,89552509.10710466,2.16106037,1.193541,1.86306997,0.302385,48
2026-01-25 12:00:00,7565733.0,89468328.34334555,7540710.8125,89718300.23670779,2.18037195,1.192035,1.86835616,1.060078,48
2026-01-25 16:00:00,7499695.0,84581560.21,7513918.354166667,86917595.35528658,2.20260223,1.268928,1.81796525,0.752595,48
2026-01-25 20:00:00,7710871.0,88596682.76392423,7708619.291666667,87758737.64738597,2.13992239,1.280204,1.84665905,1.847578,48
2026-01-26 00:00:00,7707507.0,88566962.937,7707507.0,88566962.937,2.14109589,1.280973,1.84765848,1.218666,1
2026-01-26 04:00:00,7508042.0,87708935.30685657,7551038.3125,87683729.7969091,2.12820513,1.302854,1.92259928,1.279623,48
2026-01-26 08:00:00,7484685.0,87166641.51,7480057.375,87218047.4098015,2.14200505,1.307299,1.9170647,0.294756,48
2026-01-26 12:00:00,7518635.0,88313886.71,7552985.979166667,88534382.52915838,2.17506445,1.356568,1.96160119,1.185393,48
2026-01-26 16:00:00,7417040.0,86675529.44,7463575.291666667,87542502.30785671,2.23667377,1.359272,2.01959318,0.345416,48
2026-01-26 20:00:00,7492647.0,87806330.193,7491697.8125,87749826.86700486,2.21329575,1.310245,1.99082705,0.884431,48
2026-01-27 00:00:00,7511899.0,88460610.44672106,7509957.829787234,88329169.62499404,2.19708872,1.298663,1.9442747,1.017159,47
2026-01-27 04:00:00,7518130.0,88322991.24,7502250.0625,88247661.17106844,2.22772738,1.279827,1.99882698,0.378438,48
2026-01-27 08:00:00,7501416.0,87601536.048,7512267.916666667,87960812.72790667,2.21110079,1.268784,1.97261471,0.413513,48
2026-01-27 12:00:00,7582220.0,88643914.40101379,7527870.625,87760019.22216682,2.21461717,1.25812,1.96377861,1.232022,48
2026-01-27 16:00:00,7506049.0,89010981.59406096,7505887.6875,88328086.64971466,2.15551993,1.29352,1.9412876,0.584668,48
2026-01-27 20:00:00,7316307.0,88732171.296,7415412.645833333,89391777.35828285,2.14892624,1.316652,1.93406431,0.287684,48
2026-01-28 00:00:00,7230930.0,87250485.6955725,7250027.617021277,87647741.67007765,2.29361598,1.335413,2.02755293,0.524162,47
2026-01-28 04:00:00,7260151.0,87663817.0482733,7246636.625,87514372.48709048,2.32529528,1.33742,2.06201794,0.206244,48
2026-01-28 08:00:00,7267215.0,88824044.84194365,7263299.708333333,87989328.48037688,2.25485437,1.330596,1.98430702,1.762291,48
2026-01-28 12:00:00,7177007.0,86337069.36212249,7224979.520833333,87583023.45265503,2.35903308,1.388311,2.08413344,0.915129,48
2026-01-28 16:00:00,7185777.0,86739801.59808,7176468.229166667,86230702.83079381,2.42871954,1.401987,2.15653622,2.451203,48
2026-01-28 20:00:00,7180160.0,86599909.76,7178268.583333333,86673332.85417244,2.52373247,1.415713,2.23967513,1.219828,48
2026-01-29 00:00:00,7179563.0,86657325.41,7179563.0,86657325.41,2.52536427,1.415588,2.23799655,1.065526,1
2026-01-29 04:00:00,7179755.0,84929321.895,7132639.25,84150532.45277639,2.52339735,1.444817,2.21335871,1.888726,48
2026-01-29 08:00:00,7225164.0,84302552.66624893,7201437.729166667,84397707.59509434,2.50860215,1.477943,2.20535714,1.108844,48
2026-01-29 12:00:00,7537040.0,82899902.96,7343320.333333333,83815681.28988905,2.53077538,1.506132,2.22355153,1.385286,48
2026-01-29 16:00:00,7941210.0,87383488.0274178,7806324.25,85652089.9804569,2.36533201,1.462101,2.07599747,1.548729,48
2026-01-29 20:00:00,8047417.0,88843671.42623861,8006179.458333333,88228787.29679324,2.32313668,1.382458,2.05596899,1.324988,48
2026-01-30 00:00:00,8076780.0,88149976.92,8058231.829787234,88351750.09305155,2.10348758,1.347786,1.852822,1.238597,47
2026-01-30 04:00:00,8127568.0,89015141.2668965,8128132.4375,88760438.8757976,2.0912384,1.34153,1.85573865,1.348418,48
2026-01-30 08:00:00,8254134.0,91138374.33318323,8172696.375,89089022.23834312,2.14414,1.344476,1.9056272,2.429213,48
2026-01-30 12:00:00,8340040.0,91298417.88,8278659.0625,90511724.35036476,2.19138418,1.367982,1.93934911,1.590176,48
2026-01-30 16:00:00,8375311.0,92263083.94043216,8346752.979166667,91285051.17671746,2.29427593,1.4148,2.01254398,1.559365,48
2026-01-30 20:00:00,8364456.0,91009597.50658512,8299033.770833333,90380026.85536967,2.32928341,1.401735,2.12635092,0.929557,48
2026-01-31 00:00:00,8369448.0,90999153.60171217,8369448.0,90999153.60171217,2.32688971,1.401446,2.12734499,0.821847,1
2026-01-31 04:00:00,8392819.0,89236527.49661916,8418054.916666666,90640509.39133966,2.33415173,1.383782,2.14761981,2.727383,48
2026-01-31 08:00:00,8369846.0,88611559.602,8347633.583333333,88384880.14228737,2.21806482,1.401113,2.04339004,1.802139,48
2026-01-31 12:00:00,8339970.0,84912474.1479468,8361408.270833333,86748877.22189192,2.195116,1.376201,1.96296882,0.508339,48
2026-01-31 16:00:00,8250074.0,81275067.17868482,8330225.958333333,82448431.86614312,1.95197465,1.307563,1.73312203,0.736411,48
2026-01-31 20:00:00,8000895.0,80844226.7961384,8133803.645833333,80774183.04029082,2.07688352,1.307373,1.83996656,1.134298,48
2026-02-01 00:00:00,7991630.0,81499791.21714729,7997893.468085106,81364043.6573597,2.12455334,1.2805,1.89135634,1.485312,47
2026-02-01 04:00:00,8010651.0,81724661.502,8002526.208333333,81548592.73411334,2.14799483,1.261817,1.91964749,0.67029,48
2026-02-01 08:00:00,7928491.0,80252185.902,7919579.020833333,80264695.77192254,2.1626506,1.29622,1.91339672,0.877825,48
2026-02-01 12:00:00,7946944.0,78253557.568,7922831.833333333,79346777.34892114,2.19710378,1.31137,1.9386058,1.033879,48
2026-02-01 16:00:00,7953815.0,78392800.64,7977933.9375,79011897.98475794,2.19807538,1.311969,1.97771041,1.341901,48
2026-02-01 20:00:00,7977940.0,78949694.24,7962984.5,78951105.03047101,2.19389146,1.305225,1.97427889,0.661688,48
2026-02-02 00:00:00,7829055.0,76889149.155,7891807.574468086,78530772.29900338,2.27621985,1.484037,2.06346484,0.841861,47
2026-02-02 04:00:00,7751317.0,76697186.99909392,7755985.145833333,75864074.9382805,2.23261589,1.61728,1.99351732,1.215751,48
2026-02-02 08:00:00,7769855.0,77885026.52,7747888.833333333,77242028.54674876,2.34235261,1.622796,2.08767952,0.970241,48
2026-02-02 12:00:00,7795973.0,79859942.5216236,7767559.729166667,78547597.16976732,2.42865549,1.606664,2.17360977,0.582293,48
2026-02-02 16:00:00,7657037.0,77558127.773,7719111.833333333,78608246.40214746,2.42629717,1.647372,2.16060781,0.518941,48
2026-02-02 20:00:00,7632798.0,77427102.912,7633926.3125,77432942.3041175,2.42319011,1.622734,2.16817395,0.784611,48
2026-02-03 00:00:00,7635036.0,77426900.076,7635036.0,77426900.076,2.42335981,1.62658,2.16826923,0.732315,1
2026-02-03 04:00:00,7636174.0,77438440.534,7598333.520833333,76892998.27534217,2.58675175,1.609378,2.28118732,0.600802,48
2026-02-03 08:00:00,7636031.0,77053355.18087597,7609834.458333333,76675517.49472292,2.50713012,1.592157,2.19961052,0.894655,48
2026-02-03 12:00:00,7694223.0,78050289.98102263,7646108.354166667,77175739.45725411,2.54462935,1.635989,2.23987292,1.154865,48
2026-02-03 16:00:00,7708272.0,76565033.14622448,7654250.0,75301957.80990237,2.52789569,1.591088,2.21660362,1.285934,48
2026-02-03 20:00:00,7638442.0,75643491.126,7697504.270833333,77319082.1047046,2.52137011,1.623701,2.226664,1.591781,48
2026-02-04 00:00:00,7613998.0,76997308.63694198,7633556.808510638,76594140.19702111,2.53035337,1.649603,2.22324098,1.577155,47
2026-02-04 04:00:00,7634937.0,77431726.07854383,7614263.708333333,76890102.28530996,2.540157,1.622671,2.25915549,1.584823,48
2026-02-04 08:00:00,7516830.0,75266018.79,7595376.854166667,76425631.40606089,2.5306184,1.669774,2.22497522,0.729721,48
2026-02-04 12:00:00,7540572.0,73203872.976,7531783.4375,74521258.29294817,2.49058296,1.679645,2.18942818,0.734753,48
2026-02-04 16:00:00,7719634.0,76351615.88450007,7650514.020833333,74273348.99508835,2.51266011,1.628441,2.18292447,1.585629,48
2026-02-04 20:00:00,7878512.0,76815386.90064992,7772562.979166667,75849311.14069198,2.448146,1.602313,2.11003717,1.579689,48
2026-02-05 00:00:00,7940802.0,76295225.616,7884666.638297873,76590958.78597166,2.36939462,1.550917,2.072588,1.792774,47
2026-02-05 04:00:00,8086868.0,77108286.38,8077864.25,77144531.29312009,2.35573452,1.531436,2.04742231,0.703007,48
2026-02-05 08:00:00,7912762.0,73185135.738,8025334.8125,76126312.44829041,2.33212896,1.544614,2.02038975,0.492166,48
2026-02-05 12:00:00,7928264.0,70839038.84,7953974.666666667,72984075.98856767,2.29997173,1.523218,1.96560556,0.712882,48
2026-02-05 16:00:00,8106305.0,70484321.975,8004924.041666667,70841268.85078748,2.14043584,1.446079,1.86568214,0.999561,48
2026-02-05 20:00:00,8114662.0,67157688.20599793,8140253.229166667,68663535.90912718,2.18278666,1.478247,1.89180328,0.591926,48
2026-02-06 00:00:00,8092497.0,66593157.813,7993947.44680851,65974898.35168922,1.96653761,1.482874,1.72422728,1.177379,47
2026-02-06 04:00:00,8058210.0,67656731.16,8111396.583333333,68349996.62805621,1.99971973,1.377876,1.75356944,0.635151,48
2026-02-06 08:00:00,8055395.0,70188183.77678409,8077454.166666667,69107587.28936253,2.0025288,1.269885,1.77151887,1.142999,48
2026-02-06 12:00:00,8005312.0,72127861.12,8000796.416666667,70564257.0580589,2.04357931,1.205196,1.81847619,1.361213,48
2026-02-06 16:00:00,7943753.0,73437387.51820223,7936574.5,73335604.97443855,2.03595638,1.114531,1.82929665,0.74875,48
2026-02-06 20:00:00,7974779.0,73862403.098,7962664.020833333,73448241.86535938,2.03658896,1.094693,1.85552297,0.534484,48
2026-02-07 00:00:00,7866525.0,73024951.575,7912691.319148936,72976447.25554928,2.21921922,1.230778,1.88616116,0.801707,47
2026-02-07 04:00:00,7828622.0,70569744.26272953,7848219.041666667,72317395.04737824,2.26693599,1.333018,1.91205876,0.909122,48
2026-02-07 08:00:00,7715470.0,69169188.55,7756495.833333333,69816862.89887066,2.2503125,1.414296,1.86854839,1.121675,48
2026-02-07 12:00:00,7660307.0,70193931.28372446,7652162.458333333,69791865.01652896,2.26196474,1.411403,1.91430333,1.062127,48
2026-02-07 16:00:00,7625383.0,70611046.58,7636826.895833333,70659545.80107823,2.37324174,1.507398,1.96142619,1.007632,48
2026-02-07 20:00:00,7588611.0,70063850.96004294,7604100.0625,70361810.77318723,2.38945634,1.538866,2.00212359,0.374938,48
2026-02-08 00:00:00,7588836.0,70016551.57040544,7588836.0,70016551.57040544,2.39248021,1.540926,2.00191042,0.422648,1
2026-02-08 04:00:00,7535388.0,68813163.216,7537429.583333333,68784987.34359364,2.35979348,1.355471,1.95889558,1.651323,48
2026-02-08 08:00:00,7457647.0,69042573.97937901,7466326.416666667,68640112.30239286,2.41933355,1.346028,2.02919241,1.077899,48
2026-02-08 12:00:00,7512146.0,68874454.86577566,7498685.4375,69239354.90261266,2.4294702,1.323209,2.06582061,0.966999,48
2026-02-08 16:00:00,7451923.0,68656106.83696488,7473647.854166667,68271100.83309339,2.33558125,1.334411,1.99308756,1.36267,48
2026-02-08 20:00:00,7430977.0,67611870.84492297,7446075.041666667,67710436.85352956,2.37022654,1.351502,2.00545989,0.760442,48
2026-02-09 00:00:00,7429399.0,67451610.02889301,7429399.0,67451610.02889301,2.37240933,1.355612,2.00714736,0.424687,1
2026-02-09 04:00:00,7395595.0,66789618.445,7388341.541666667,67157047.12165734,2.34159517,1.307021,2.00229885,0.883475,48
2026-02-09 08:00:00,7427231.0,65244125.32048341,7397423.0625,65523348.36896661,2.29764521,1.360388,1.94505042,1.797525,48
2026-02-09 12:00:00,7435981.0,66776354.014499776,7419517.270833333,65657709.74117606,2.21748401,1.286121,1.87599364,0.605402,48
2026-02-09 16:00:00,7432418.0,67716760.398,7430427.729166667,67360504.80426487,2.26116625,1.354174,1.93901199,1.378008,48
2026-02-09 20:00:00,7362410.0,66622454.789793104,7391897.75,67052497.67587582,2.26320696,1.369916,1.92474206,0.69096,48
2026-02-10 00:00:00,7363540.0,66610582.84,7363540.0,66610582.84,2.26500778,1.369765,1.92787682,0.696125,1
2026-02-10 04:00:00,7566906.0,66687357.856475696,7490743.3125,66556429.07504258,2.23095673,1.296125,1.90183926,1.007047,48
2026-02-10 08:00:00,7596220.0,66679619.16,7579779.9375,67007045.05208997,2.21663152,1.267868,1.926362,0.740311,48
2026-02-10 12:00:00,7744327.0,68103611.638,7654969.625,67292854.21001142,2.22096148,1.200792,1.9366364,0.826927,48
2026-02-10 16:00:00,7750411.0,67568034.81293947,7760294.25,67990980.94941652,2.18691038,1.207379,1.90199884,0.235899,48
2026-02-10 20:00:00,7701325.0,67317281.825,7716132.895833333,67221334.44152428,2.14433583,1.261614,1.85800263,1.201535,48
2026-02-11 00:00:00,7722003.0,68464100.91409947,7683259.638297873,67593733.50679801,2.08024866,1.288115,1.81460152,0.297254,47
2026-02-11 04:00:00,7823278.0,67272367.522,7730933.5,67085494.76606513,2.09640616,1.291805,1.82741117,0.963352,48
2026-02-11 08:00:00,7934815.0,68079514.93967575,7872266.166666667,67214472.78691934,2.09968759,1.296262,1.8132519,1.132233,48
2026-02-11 12:00:00,7948936.0,67599813.14157288,7933077.041666667,68205588.67623936,2.14269108,1.278476,1.86129584,0.676758,48
2026-02-11 16:00:00,7954436.0,69226272.72883448,7912522.333333333,68350003.6443202,2.09190121,1.357595,1.81390135,0.281488,48
2026-02-11 20:00:00,7920035.0,68310301.875,7934550.979166667,68962634.2072347,2.1027417,1.319104,1.84389782,1.420586,48
2026-02-12 00:00:00,7991063.0,69869254.6567628,7964931.14893617,69500783.5504432,2.1497669,1.491793,1.86866184,2.285334,47
2026-02-12 04:00:00,8045086.0,70852294.36173294,8029134.8125,70450108.81216185,2.14033053,1.464186,1.87471439,0.538372,48
2026-02-12 08:00:00,8126414.0,72514651.4909815,8089441.625,71728804.83626147,2.13858222,1.443352,1.88596992,1.392308,48
2026-02-12 12:00:00,7996741.0,70557739.86658308,8062786.020833333,71609214.78246547,2.10878301,1.502246,1.8680136,1.252628,48
2026-02-12 16:00:00,8090138.0,71009334.62421456,7995276.8125,69730293.61935116,2.10248268,1.418218,1.86580498,0.345582,48
2026-02-12 20:00:00,8272928.0,73503310.6944,8134989.979166667,71405326.1318491,2.06246435,1.466044,1.8045463,1.106285,48
2026-02-13 00:00:00,8107431.0,71766979.212,8207335.361702127,72754391.78018655,2.16447561,1.590833,1.88204734,1.543389,47
2026-02-13 04:00:00,8049087.0,71085607.46365356,8073926.4375,71135965.82394065,2.23600605,1.597777,1.93117089,1.210617,48
2026-02-13 08:00:00,8026998.0,71215526.256,8029639.458333333,71231599.7337562,2.30092308,1.637843,1.98301698,0.99767,48
2026-02-13 12:00:00,7937851.0,72377325.418,7932094.729166667,70956499.83780979,2.34686811,1.731486,2.0756689,1.438303,48
2026-02-13 16:00:00,7864752.0,72254529.7142928,7888514.270833333,72373893.98723362,2.3559535,1.744341,2.10819328,2.16782,48
2026-02-13 20:00:00,7723180.0,70649411.4584226,7799064.145833333,71682468.79151669,2.37061611,1.788937,2.1320195,0.423012,48
2026-02-14 00:00:00,7719965.0,70594352.218434,7719965.0,70594352.218434,2.37168142,1.794932,2.13374311,0.341031,1
2026-02-14 04:00:00,7651163.0,70344792.622,7659692.833333333,70282352.07504962,2.44834123,1.795893,2.0822254,0.737631,48
2026-02-14 08:00:00,7738973.0,72560610.848,7675488.645833333,71064806.34954657,2.51505342,1.689121,2.19519966,2.11099,48
2026-02-14 12:00:00,7702600.0,72096336.0,7723633.375,72062117.46836913,2.537031,1.741134,2.23389685,0.562396,48
2026-02-14 16:00:00,7686734.0,73838082.22346996,7702526.9375,72971781.19231947,2.46315789,1.692802,2.18670886,2.295761,48
2026-02-14 20:00:00,7628198.0,73085765.038,7652974.354166667,73584462.59995376,2.43493478,1.762447,2.16705239,0.760489,48
2026-02-15 00:00:00,7601235.0,72842635.005,7608047.829787234,72719007.4014814,2.48102894,1.756186,2.11336966,1.722434,47
2026-02-15 04:00:00,7518995.0,72649028.27455845,7528379.916666667,72684970.01676947,2.63844857,1.745192,2.26306505,0.870624,48
2026-02-15 08:00:00,7527583.0,71687631.4176078,7562700.833333333,72442818.09968632,2.65209969,1.617929,2.25310009,0.366222,48
2026-02-15 12:00:00,7331936.0,68707572.256,7386110.6875,69341676.9022729,2.61469472,1.629844,2.22660099,0.405101,48
2026-02-15 16:00:00,7335092.0,67348093.27816616,7326039.25,67905950.85802446,2.72220223,1.659338,2.28238282,0.856732,48
2026-02-15 20:00:00,7437320.0,69050979.5091732,7401747.666666667,68364513.21182485,2.75881929,1.660823,2.3482122,2.669749,48
2026-02-16 00:00:00,7414244.0,68396732.46499167,7432017.914893617,68734284.85097474,2.65758211,1.637212,2.36331611,1.629148,47
2026-02-16 04:00:00,7378160.0,68278163.2409624,7393329.125,68363581.29396956,2.60637205,1.682022,2.30721649,1.769946,48
2026-02-16 08:00:00,7303089.0,67714241.208,7356096.25,68258848.32838134,2.5673207,1.670652,2.26018809,6.133064,48
2026-02-16 12:00:00,7119633.0,64688985.438,7231248.3125,66855765.41135565,2.55304054,1.785885,2.26672674,0.886035,48
2026-02-16 16:00:00,7269018.0,66516477.40396896,7237642.25,66115066.74745235,2.33685848,1.689266,2.01754386,0.491592,48
2026-02-16 20:00:00,7426577.0,68859971.06282198,7364794.854166667,67946613.044365,2.32186358,1.756896,1.98273833,1.16615,48
2026-02-17 00:00:00,7429102.0,68795132.74056973,7429102.0,68795132.74056973,2.3217656,1.756754,1.98215686,1.709267,1
2026-02-17 04:00:00,7345118.0,67611811.19,7320807.416666667,67307089.185528,2.24520628,1.840169,1.90509043,0.354861,48
2026-02-17 08:00:00,7316187.0,66676510.80528113,7304369.645833333,66655011.07845441,2.15124406,1.833177,1.84536082,0.469596,48
2026-02-17 12:00:00,7442650.0,67428217.288428,7377206.604166667,67368961.67345615,2.16005587,1.741607,1.78424477,1.786925,48
2026-02-17 16:00:00,7456907.0,68450096.83887564,7473018.4375,68453003.12480153,2.16134501,1.788487,1.82041554,0.304013,48
2026-02-17 20:00:00,7466446.0,68228844.07838929,7451564.020833333,68244958.3871286,2.18383608,1.752784,1.83481414,0.893543,48
2026-02-18 00:00:00,7436601.0,67732561.908,7434531.638297873,67760681.59624404,2.17735103,1.813481,1.82774775,0.203985,47
2026-02-18 04:00:00,7560148.0,69060515.02266964,7485747.708333333,67914932.50082861,2.1521259,1.767305,1.78777855,1.28382,48
2026-02-18 08:00:00,7521626.0,68112246.40925656,7543991.145833333,68735023.66608025,2.12838022,1.767252,1.77743271,0.752072,48
2026-02-18 12:00:00,7795358.0,71249572.12,7618237.979166667,68856741.58343545,2.09233685,1.588874,1.67841117,0.476897,48
2026-02-18 16:00:00,7780247.0,68884595.36146247,7745891.0,69612557.71448992,2.04365185,1.653542,1.65443728,0.775621,48
2026-02-18 20:00:00,7865727.0,69651137.96468839,7830473.666666667,69358436.0814309,1.99793175,1.528512,1.62429515,0.571205,48
2026-02-19 00:00:00,7865601.0,69629416.63908423,7865601.0,69629416.63908423,1.99741535,1.528612,1.62334944,0.630512,1
2026-02-19 04:00:00,7792092.0,69296655.950676,7795736.5625,69328431.01514575,1.92319277,1.547136,1.64267556,0.940053,48
2026-02-19 08:00:00,7772562.0,68266984.8838194,7766156.1875,68605038.8020538,1.85948592,1.503991,1.56404703,0.325378,48
2026-02-19 12:00:00,7920176.0,69760910.208,7890365.791666667,69189716.41101046,1.75851466,1.382174,1.49395039,0.564902,48
2026-02-19 16:00:00,7929938.0,70404576.15117684,7947088.354166667,70296020.20349163,1.79743776,1.315772,1.53125482,2.853115,48
2026-02-19 20:00:00,7867475.0,69989057.6,7880870.270833333,70060956.50039732,1.87194818,1.307879,1.59739641,1.138678,48
2026-02-20 00:00:00,7874165.0,70402909.265,7866327.234042553,70254597.79692353,1.89451265,1.345072,1.61507554,1.087987,47
2026-02-20 04:00:00,7765595.0,71249395.78382431,7830837.916666667,70585313.97411588,1.97985875,1.497875,1.70368492,0.934754,48
2026-02-20 08:00:00,7715781.0,70321628.034,7807032.479166667,72138631.83742112,2.16284275,1.623248,1.8434253,3.235277,48
2026-02-20 12:00:00,7606252.0,69414655.752,7668207.895833333,69500376.1172551,2.30228365,1.624037,2.03199052,0.844353,48
2026-02-20 16:00:00,7556286.0,69034228.896,7584357.5,69191794.16743444,2.43732328,1.726556,2.10728047,2.636179,48
2026-02-20 20:00:00,7512699.0,68879501.78376438,7531239.791666667,68835574.9679349,2.51003886,1.773083,2.16213411,3.926944,48
2026-02-21 00:00:00,7514129.0,68867934.70705917,7514129.0,68867934.70705917,2.51149984,1.765332,2.1649356,1.436103,1
2026-02-21 04:00:00,7518473.0,68794027.95,7507707.3125,68820253.00546363,2.63198138,1.747898,2.25503212,1.036695,48
2026-02-21 08:00:00,7638002.0,70831793.37288472,7588567.375,70023232.73780793,2.61843409,1.681216,2.22983449,0.702037,48
2026-02-21 12:00:00,7957295.0,73863700.40945216,7815600.3125,72823173.10116981,2.60885246,1.777429,2.27715197,1.434464,48
2026-02-21 16:00:00,7870582.0,72826495.246,7876860.0,72943091.15106615,2.58322454,1.829809,2.23981423,0.347721,48
2026-02-21 20:00:00,7761688.0,70780624.96814232,7834419.354166667,71935766.2030714,2.62280411,1.958601,2.2713858,1.404776,48
2026-02-22 00:00:00,7567085.0,68464004.70790191,7669894.29787234,69437976.73537982,2.3543923,1.94013,2.00096098,3.037888,47
2026-02-22 04:00:00,7404670.0,66769091.915799,7479283.979166667,67408124.76458141,2.32978094,1.930167,1.96815883,0.738056,48
2026-02-22 08:00:00,7360888.0,66247992.0,7396276.875,66595687.21212616,2.24900285,1.826024,1.91249322,0.238149,48
2026-02-22 12:00:00,7176910.0,63788376.08,7249269.416666667,64495855.6284596,2.11948332,1.592473,1.77068558,1.278401,48
2026-02-22 16:00:00,7296597.0,64310700.74300487,7242792.0625,63945595.865116276,2.03663571,1.530671,1.68898833,2.519393,48
2026-02-22 20:00:00,7421712.0,65783433.89353872,7360243.270833333,64949150.563043624,1.92222496,1.434738,1.60698958,1.217804,48
2026-02-23 00:00:00,7994743.0,67331725.546,7766635.44680851,66203227.41752616,1.80478649,1.295195,1.52772381,1.689233,47
2026-02-23 04:00:00,8260888.0,70798109.5781748,8177683.375,69216839.9518791,1.76756387,1.217622,1.49234547,0.402377,48
2026-02-23 08:00:00,8188910.0,70731874.5583128,8227330.625,70931676.96188538,1.71720575,1.211719,1.44450744,0.290083,48
2026-02-23 12:00:00,8243810.0,70644579.9380424,8260237.25,71573918.33264117,1.62852801,1.244659,1.35780568,0.425266,48
2026-02-23 16:00:00,8417451.0,70462371.88404287,8343172.5625,70632788.36292855,1.67473592,1.259035,1.39674213,0.788231,48
2026-02-23 20:00:00,8636116.0,72154749.18,8578645.270833334,71861678.05006334,1.64424514,1.250575,1.3805619,1.186358,48
2026-02-24 00:00:00,8684167.0,72165675.2687595,8659434.765957447,72437695.6768176,1.60376569,1.249831,1.34786617,1.533338,47
2026-02-24 04:00:00,8732791.0,71963077.11231543,8717822.291666666,72008120.57178172,1.58025963,1.226025,1.33628088,1.87203,48
2026-02-24 08:00:00,8672871.0,71993502.171,8726453.208333334,72243674.75314511,1.54951299,1.203998,1.31787824,1.078227,48
2026-02-24 12:00:00,8595573.0,71451482.24390861,8628614.1875,71570513.33806963,1.59044863,1.211902,1.34401349,0.87183,48
2026-02-24 16:00:00,8435281.0,70367114.102,8514143.166666666,71250084.79162233,1.6074922,1.244434,1.37250525,1.295714,48
2026-02-24 20:00:00,8355451.0,69208200.633,8389510.625,69760925.96785323,1.57738095,1.238609,1.36139711,0.888354,48
2026-02-25 00:00:00,8075441.0,68732539.09938152,8200887.14893617,69834164.68097427,1.55176689,1.284065,1.33628553,1.031604,47
2026-02-25 04:00:00,8166388.0,69961445.996,8124657.8125,69190055.85007934,1.57586494,1.232904,1.35855088,1.325208,48
2026-02-25 08:00:00,8068877.0,72313275.674,8109465.958333333,70745727.9424788,1.57397692,1.20405,1.3535367,2.304616,48
2026-02-25 12:00:00,8515174.0,81075399.15980394,8328058.5,78007161.30143541,1.67758847,1.435828,1.42482853,1.043906,48
2026-02-25 16:00:00,8805849.0,85889323.81761692,8686901.375,84101131.98536843,1.74195756,1.470282,1.48781187,1.914194,48
2026-02-25 20:00:00,8899537.0,84407629.21903253,8841400.8125,85307403.6807124,1.78314983,1.581713,1.48386142,2.035265,48
2026-02-26 00:00:00,9035187.0,85463833.833,8961438.872340426,85170143.11396445,1.99387911,1.684845,1.63116339,2.10643,47
2026-02-26 04:00:00,9122746.0,85096974.688,9048538.895833334,85321476.48577052,2.18073623,1.777679,1.78987031,0.561317,48
2026-02-26 08:00:00,8991346.0,83107655.75750819,9034827.604166666,84258874.41790779,2.35830816,1.830645,1.98917749,0.561957,48
2026-02-26 12:00:00,8859607.0,82412064.314,8920209.375,83066359.10419291,2.38567493,1.634864,2.03110576,0.801425,48
2026-02-26 16:00:00,8911767.0,82878384.80884777,8855598.020833334,81531136.55080436,2.49343159,1.645861,2.10879098,1.994648,48
2026-02-26 20:00:00,8879334.0,82581001.33954656,8902212.5,82613749.75469573,2.59259259,1.629642,2.16709292,1.140491,48
2026-02-27 00:00:00,8873870.0,83236900.6,8871295.40425532,82606219.72460708,2.60749507,1.578337,2.23477322,2.439038,47
2026-02-27 04:00:00,8797130.0,82569862.18,8825164.666666666,83016299.0109661,2.76551724,1.62995,2.39795222,3.689253,48
2026-02-27 08:00:00,8576285.0,77358090.7,8735636.729166666,80842324.52917354,2.75792812,1.740428,2.36788524,2.708719,48
2026-02-27 12:00:00,8374914.0,75425529.13193034,8461592.75,76132616.97839034,2.71743625,1.580857,2.31505618,2.003584,48
2026-02-27 16:00:00,8321848.0,74058617.66225752,8331036.208333333,74427626.27003524,2.61693548,1.598285,2.21745755,2.260429,48
2026-02-27 20:00:00,8163563.0,73123895.85455216,8218263.3125,73143416.5459347,2.53843627,1.538768,2.14898132,1.523922,48
2026-02-28 00:00:00,8104449.0,72059716.3799869,8125908.936170213,72533349.17654118,2.51673708,1.604306,2.16042328,3.976222,47
2026-02-28 04:00:00,8044511.0,69511725.0013768,8066800.1875,70806997.49857192,2.27950693,1.456317,1.94351759,0.687027,48
2026-02-28 08:00:00,8127931.0,69177586.71721745,8112729.270833333,69008799.86807966,2.18591795,1.500628,1.8390462,0.421869,48
2026-02-28 12:00:00,8009666.0,69148570.57442978,8072749.6875,69226687.2264628,2.16594766,1.423195,1.81571272,0.723064,48
2026-02-28 16:00:00,7887484.0,70459384.22700672,8000829.916666667,69983129.730331,2.13194047,1.329712,1.82035268,0.708486,48
2026-02-28 20:00:00,7959321.0,72866304.7717085,7946840.395833333,72576752.26080167,2.12844828,1.355237,1.81213127,0.817566,48
2026-03-01 00:00:00,8028033.0,74187052.953,7983790.340425532,73829954.37664491,2.31208054,1.335549,1.91394081,0.590969,47
2026-03-01 04:00:00,8210221.0,75648976.294,8118878.854166667,74955465.3307945,2.36087637,1.22757,1.93742598,1.287228,48
2026-03-01 08:00:00,8278943.0,75512239.103,8255299.5625,75659918.97762938,2.43892273,1.264757,2.01379031,0.749829,48
2026-03-01 12:00:00,8249364.0,75627959.8073335,8256573.4375,75351672.49072143,2.59742023,1.294247,2.17541197,0.707077,48
2026-03-01 16:00:00,8024379.0,71810167.671,8110925.854166667,73361535.2415695,2.58945908,1.339788,2.2085501,0.819773,48
2026-03-01 20:00:00,7992306.0,72136676.72316672,7990106.6875,71503970.23928757,2.61077844,1.317372,2.20747834,0.296282,48
2026-03-02 00:00:00,8086938.0,73852548.17345388,8045839.234042553,73068972.59031221,2.75556366,1.35803,2.39043729,1.800285,47
2026-03-02 04:00:00,8072870.0,72099331.7924581,8079404.041666667,72919436.08647902,2.73835517,1.386517,2.355,0.961676,48
2026-03-02 08:00:00,8027669.0,71968052.585,8060753.958333333,72153770.93961808,2.71521503,1.364616,2.34457547,0.368187,48
2026-03-02 12:00:00,8075985.0,75082627.0147188,8048862.9375,72802935.51790656,2.75773196,1.319326,2.34120983,0.611048,48
2026-03-02 16:00:00,8178157.0,75562763.6597938,8150693.770833333,75749339.28118457,2.77259368,1.331322,2.36501182,0.968878,48
2026-03-02 20:00:00,8223799.0,75413022.44951846,8215611.0,75751796.71844277,2.7805689,1.35048,2.35576015,1.003173,48
2026-03-03 00:00:00,8074063.0,73853454.261,8136954.55319149,74601451.58544774,2.86778399,1.297159,2.40128909,1.079255,47
2026-03-03 04:00:00,8024977.0,73123590.424,8057603.229166667,73507763.08153439,2.82212422,1.282732,2.36967271,1.141669,48
2026-03-03 08:00:00,7950857.0,71629290.27210823,7953196.3125,71638897.11009379,2.81365314,1.23056,2.39431574,0.457745,48
2026-03-03 12:00:00,8040926.0,73533506.3922615,7967360.479166667,71796262.7468069,2.72982709,1.193431,2.30869363,0.891563,48
2026-03-03 16:00:00,8215076.0,75505180.75971004,8183366.479166667,75461315.05892003,2.80184162,1.12981,2.40224665,1.573913,48
2026-03-03 20:00:00,8212021.0,75338990.27736335,8208486.541666667,75117161.66658992,2.83513614,1.161934,2.40019171,0.441498,48
2026-03-04 00:00:00,8151539.0,74445326.2761307,8188836.255319149,75151438.91001797,2.84108671,1.161676,2.42395758,1.250679,47
2026-03-04 04:00:00,8186837.0,75018582.08525042,8131334.854166667,73851389.40064561,2.85439052,1.195478,2.38736394,0.371318,48
2026-03-04 08:00:00,8295239.0,77176827.02586873,8293908.770833333,77412860.60521765,2.74892241,1.244159,2.31517241,1.548855,48
2026-03-04 12:00:00,8661916.0,83510358.93588221,8339356.708333333,78249056.303465,2.72158685,1.160934,2.33965318,2.037529,48
2026-03-04 16:00:00,8904190.0,86289822.7838365,8827517.479166666,84866847.00514948,2.66086351,1.186108,2.31669691,0.269766,48
2026-03-04 20:00:00,9027031.0,85684578.252,8984634.25,85877762.81492566,2.63671062,1.230529,2.28006329,0.638125,48
2026-03-05 00:00:00,8912801.0,84204372.12887283,8959680.148936171,84822095.3996551,2.90942563,1.175814,2.40705053,1.494752,47
2026-03-05 04:00:00,8766784.0,81908694.5587872,8835638.458333334,83286149.00766069,2.89047619,1.202428,2.38751747,0.42635,48
2026-03-05 08:00:00,8787847.0,82990386.17841272,8822870.395833334,83475904.37339965,2.90816327,1.187707,2.42307692,0.715426,48
2026-03-05 12:00:00,8797187.0,82905618.56717224,8796727.833333334,83061465.18550263,2.7764457,1.144487,2.33092714,1.849408,48
2026-03-05 16:00:00,8717438.0,81734698.688,8684969.270833334,81180803.72434534,2.86659357,1.166468,2.38427541,0.600421,48
2026-03-05 20:00:00,8755308.0,82129168.18240237,8758204.395833334,82609281.13862911,2.94975628,1.192645,2.50714459,1.653034,48
2026-03-06 00:00:00,8792688.0,82642474.512,8785841.361702127,82510726.8218854,2.94632874,1.239837,2.49565007,0.771808,47
2026-03-06 04:00:00,8748963.0,82671271.6119876,8756869.625,82076638.08671305,2.9094939,1.243466,2.44995234,1.814904,48
2026-03-06 08:00:00,8594047.0,79486701.05139071,8663029.0625,80974759.48812008,2.92461197,1.285531,2.46373365,0.301239,48
2026-03-06 12:00:00,8166187.0,73136370.772,8292637.8125,75463363.7020491,2.77691218,1.226854,2.28866442,0.53817,48
2026-03-06 16:00:00,8271268.0,74094018.744,8263510.9375,73991641.92542176,2.58218277,1.194932,2.14131563,0.697837,48
2026-03-06 20:00:00,8275057.0,74657365.07337801,8285664.166666667,74634166.4606254,2.38697789,1.161561,1.99108527,0.694352,48
2026-03-07 00:00:00,8321992.0,75047723.856,8295522.425531914,74933816.07609019,2.31221855,1.270759,1.97137918,0.470684,47
2026-03-07 04:00:00,8306563.0,74792293.252,8307539.125,74733011.21523614,2.30373692,1.281508,1.93708672,1.934707,48
2026-03-07 08:00:00,8273787.0,74613968.77410738,8299632.791666667,74799583.1878018,2.28135191,1.26106,1.93270677,1.557429,48
2026-03-07 12:00:00,8237947.0,73815036.02546024,8249754.8125,74126831.92835735,2.20466321,1.23645,1.87114437,1.228021,48
2026-03-07 16:00:00,8215774.0,72986177.3590908,8241527.75,73806121.70396812,2.2117885,1.215563,1.86865181,0.551036,48
2026-03-07 20:00:00,8201036.0,72993514.38043924,8210358.604166667,73120928.29278328,2.21110468,1.191596,1.86473694,1.761198,48
2026-03-08 00:00:00,8249307.0,72989868.336,8223271.574468086,72996052.56169139,2.11268387,1.183123,1.81115651,0.948736,47
2026-03-08 04:00:00,8285070.0,73549093.4192007,8276483.708333333,73307920.42923902,2.10722161,1.164475,1.80499824,0.697766,48
2026-03-08 08:00:00,8243458.0,73422273.30255507,8270404.645833333,73710383.42830844,2.12821933,1.144291,1.81776524,1.364729,48
2026-03-08 12:00:00,8238735.0,72990690.61997071,8248021.645833333,73393786.67810763,2.05799838,1.122741,1.75841924,0.66518,48
2026-03-08 16:00:00,8206947.0,73460382.597,8226054.854166667,72933125.69546396,2.01378214,1.077379,1.72807315,0.423681,48
2026-03-08 20:00:00,8076259.0,71159918.049,8154110.083333333,72316557.98045154,2.04380543,1.128052,1.74109589,0.978179,48
2026-03-09 00:00:00,8075118.0,72288456.336,8091085.276595744,72069057.96009979,2.07907609,1.131239,1.79820707,0.761892,47
2026-03-09 04:00:00,8117341.0,73644374.9124432,8136770.0,73966869.53506006,2.19856938,1.165112,1.88195461,0.861233,48
2026-03-09 08:00:00,8066568.0,73268637.144,8096223.770833333,73580375.89266668,2.25996483,1.168334,1.92985075,1.558014,48
2026-03-09 12:00:00,8102902.0,75033703.8777452,8101353.895833333,74605328.48606598,2.27157585,1.189903,1.94445487,0.648398,48
2026-03-09 16:00:00,8390097.0,78755171.98474817,8182570.145833333,76073406.71828997,2.33567716,1.206796,1.97034469,0.669465,48
2026-03-09 20:00:00,8459704.0,78115302.09934528,8461588.083333334,78916228.00054003,2.47980614,1.235712,2.10823578,0.908979,48
2026-03-10 00:00:00,8506641.0,79338386.89301382,8490844.574468086,79491046.79024689,2.71709845,1.241295,2.32674157,1.206243,47
2026-03-10 04:00:00,8518211.0,79977483.079,8529430.708333334,80080548.09870385,2.75756522,1.260504,2.36384181,1.355927,48
2026-03-10 08:00:00,8746856.0,83070147.83039582,8628965.8125,82013225.3382503,2.67164686,1.294318,2.29969013,0.461719,48
2026-03-10 12:00:00,9134881.0,88384359.05732167,8818498.625,83699877.04807813,2.5634501,1.398596,2.1991835,0.6908,48
2026-03-10 16:00:00,9253495.0,88683157.81434844,9257420.6875,90346691.4217952,2.52248463,1.645933,2.1810089,0.541582,48
2026-03-10 20:00:00,9173550.0,87355432.051737,9250906.708333334,88477731.11359613,2.59459459,1.670088,2.23267434,2.729736,48
2026-03-11 00:00:00,9083417.0,86664881.597,9099420.468085106,86764288.019463,2.61364393,1.571345,2.25010865,1.172779,47
2026-03-11 04:00:00,9008701.0,85645720.407,9065735.729166666,86831054.18806557,2.62886945,1.610468,2.23410718,0.813764,48
2026-03-11 08:00:00,9025754.0,86295279.48380016,9029408.416666666,86220159.59770839,2.56661211,1.592758,2.21089744,1.292246,48
2026-03-11 12:00:00,8930069.0,85639361.71,8987954.875,86724212.40611857,2.6314554,1.677312,2.25119513,3.684196,48
2026-03-11 16:00:00,8853045.0,85967571.99900915,8889558.6875,85998154.14023595,2.5520288,1.674455,2.19309029,3.129159,48
2026-03-11 20:00:00,8755693.0,83590601.071,8808154.25,84756705.89256698,2.61891983,1.694318,2.23784835,1.027273,48
2026-03-12 00:00:00,8648595.0,82082568.96894646,8727874.723404255,82946061.29922865,2.54607843,1.498052,2.15673057,2.266872,47
2026-03-12 04:00:00,8683972.0,83175083.816,8644672.541666666,82139064.04218511,2.49152542,1.449753,2.12543987,2.74605,48
2026-03-12 08:00:00,8642765.0,82586013.0381601,8697638.625,83356926.48778783,2.62961741,1.451932,2.25506937,0.395252,48
2026-03-12 12:00:00,8560857.0,81988962.78390415,8610024.4375,82351282.96878584,2.52419096,1.427658,2.1537037,0.923249,48
2026-03-12 16:00:00,8522260.0,81842116.7996514,8552364.458333334,81897671.91979359,2.54122554,1.435636,2.16379664,0.835976,48
2026-03-12 20:00:00,8590932.0,83159758.45103724,8537296.9375,82329340.63344683,2.55862512,1.489051,2.17807937,1.663511,48
2026-03-13 00:00:00,8832110.0,87941319.27,8704158.574468086,86048389.00873122,2.43666667,1.531896,2.06992188,3.924996,47
2026-03-13 04:00:00,8919309.0,87867809.29903577,8909434.520833334,88178444.07060164,2.50153657,1.549743,2.10899824,1.251237,48
2026-03-13 08:00:00,8982727.0,89862308.92320889,8930528.541666666,88683735.06078103,2.43998803,1.464002,2.06983883,0.916249,48
2026-03-13 12:00:00,8743783.0,86525085.37920128,8874940.958333334,89533891.89253633,2.48916797,1.578276,2.18412831,0.356542,48
2026-03-13 16:00:00,8492383.0,82953597.144,8583614.604166666,84267638.82991649,2.57305195,1.638018,2.25693399,1.173449,48
2026-03-13 20:00:00,8422773.0,81827821.87706976,8469750.645833334,82518577.30423306,2.57745098,1.66693,2.24870578,0.781054,48
2026-03-14 00:00:00,8478169.0,82577867.9676048,8445680.680851065,81905582.34107164,2.59172369,1.60827,2.25780745,2.650197,47
2026-03-14 04:00:00,8294731.0,79586980.26315242,8398543.5625,81136824.53748186,2.53530167,1.644991,2.21360458,1.025776,48
2026-03-14 08:00:00,8243013.0,78829567.6611875,8273961.3125,79177181.64282681,2.47131148,1.579419,2.14639686,2.453737,48
2026-03-14 12:00:00,8190106.0,78346553.996,8218490.458333333,78544210.15942128,2.44672897,1.564345,2.12340166,3.230979,48
2026-03-14 16:00:00,8181745.0,78314517.2047953,8195335.104166667,78440183.15488105,2.42456032,1.545032,2.12791405,1.091276,48
2026-03-14 20:00:00,8243673.0,80046064.83,8189413.229166667,78727322.49069025,2.43331266,1.474362,2.12231237,2.312835,48
2026-03-15 00:00:00,8140072.0,78981254.05110766,8175238.489361702,79430026.63948652,2.46840149,1.468142,2.072931,1.244743,47
2026-03-15 04:00:00,8091125.0,78540550.375,8101621.0625,78642888.13607474,2.4598338,1.508353,2.04530494,0.861448,48
2026-03-15 08:00:00,8198998.0,80410979.16777922,8156797.375,79881619.06715809,2.42961832,1.474341,2.00955657,0.692112,48
2026-03-15 12:00:00,8141392.0,79101764.672,8178129.6875,79850887.01996775,2.48730009,1.499584,2.05411213,1.475759,48
2026-03-15 16:00:00,8049000.0,78438697.94229,8113212.041666667,78936699.39491682,2.45179234,1.519477,2.04181252,1.691263,48
2026-03-15 20:00:00,8214237.0,81485231.04,8094435.729166667,79696017.5429322,2.42523795,1.559336,2.03831939,0.361065,48
2026-03-16 00:00:00,8522381.0,87766395.04454009,8271122.127659574,82692533.20650147,2.41445563,1.579248,2.06489617,2.599499,47
2026-03-16 04:00:00,8606016.0,89278600.5996307,8593352.416666666,89412340.21001951,2.31677382,1.557047,2.0268081,0.866029,48
2026-03-16 08:00:00,8669472.0,88419944.928,8642904.770833334,88834756.73728602,2.37458696,1.589127,2.05639913,0.44019,48
2026-03-16 12:00:00,8452816.0,85162121.2,8582680.770833334,87309514.47233687,2.48750781,1.573321,2.14300223,0.707442,48
2026-03-16 16:00:00,8526829.0,87562007.001,8482773.1875,86841574.33783604,2.48442907,1.540218,2.18249689,2.055183,48
2026-03-16 20:00:00,8631927.0,90505754.595,8535489.041666666,88734075.69488198,2.47471555,1.440931,2.21597633,0.51855,48
2026-03-17 00:00:00,8509329.0,87761817.53154567,8554964.063829787,89437671.60903916,2.65930497,1.559737,2.32182676,1.878341,47
2026-03-17 04:00:00,8546988.0,88127993.268,8536080.5625,88046147.26904707,2.71778735,1.554868,2.37060494,0.256313,48
2026-03-17 08:00:00,8565567.0,87916979.688,8532223.145833334,87728100.6953414,2.75695608,1.535368,2.36866159,0.195275,48
2026-03-17 12:00:00,8488368.0,87133097.52,8525682.5625,87426776.22618209,2.7581898,1.543192,2.38353458,1.791262,48
2026-03-17 16:00:00,8496395.0,87168913.69919619,8504438.708333334,87444938.37937394,2.83000688,1.547363,2.43917112,0.88444,48
2026-03-17 20:00:00,8404737.0,85678971.84431507,8466434.0625,86920501.08117504,2.73295264,1.589243,2.35922541,0.926427,48
2026-03-18 00:00:00,8406406.0,86664787.31679074,8393848.531914894,85939965.73524567,2.58813999,1.523046,2.28071672,0.53151,47
2026-03-18 04:00:00,8408949.0,86155045.73267218,8399704.041666666,86201771.8810343,2.55270747,1.490255,2.23212045,1.799748,48
2026-03-18 08:00:00,8096811.0,80757592.914,8417316.708333334,85973778.43530001,2.55331599,1.510015,2.23495519,1.05396,48
2026-03-18 12:00:00,7580183.0,72465161.32108721,7700833.104166667,74872654.59917973,2.44017495,1.351777,2.09953843,2.14536,48
2026-03-18 16:00:00,7669516.0,73770552.59044403,7674158.0,73627867.44697472,2.22683066,1.315311,1.92071376,1.074004,48
2026-03-18 20:00:00,7654113.0,74021132.4692894,7702739.854166667,74472702.81245585,2.17536476,1.303378,1.82908572,0.236758,48
2026-03-19 00:00:00,7648299.0,73956127.2323263,7690191.021276596,74304085.29673976,2.14014317,1.341596,1.84548364,1.899207,47
2026-03-19 04:00:00,7653047.0,72971803.145,7637393.583333333,73267256.94418003,2.10362837,1.295087,1.78438596,0.731765,48
2026-03-19 08:00:00,7748922.0,73932464.802,7732510.458333333,73786344.05014068,1.96434109,1.267491,1.68150116,0.659036,48
2026-03-19 12:00:00,7783896.0,73168622.4,7784068.479166667,73448885.1906149,1.96172872,1.293398,1.64890282,1.550457,48
2026-03-19 16:00:00,7855355.0,74688715.34,7822814.708333333,73794405.72799444,1.92333333,1.325957,1.64457237,0.544715,48
2026-03-19 20:00:00,7830973.0,74153636.3064069,7834722.895833333,74329282.1174133,1.94092072,1.365044,1.62754856,1.41644,48
2026-03-20 00:00:00,7833670.0,74889885.2,7836172.574468086,74672561.09934609,1.92272612,1.33184,1.62762378,2.199306,47
2026-03-20 04:00:00,7778441.0,74149761.92812595,7813058.958333333,74567185.06600823,1.89228457,1.341158,1.60269627,0.72951,48
2026-03-20 08:00:00,7808470.0,74209371.0970083,7783857.3125,74221050.03468736,1.86760703,1.315368,1.57583307,1.353827,48
2026-03-20 12:00:00,7858844.0,74525417.652,7832997.333333333,74274438.43163422,1.82291158,1.315596,1.53305722,1.630764,48
2026-03-20 16:00:00,7978159.0,75958608.66981849,7903162.3125,74840681.0498122,1.83762571,1.324262,1.55208494,2.267114,48
2026-03-20 20:00:00,7849922.0,75029554.476,7948426.625,75922345.68831691,1.89089541,1.286562,1.60355962,0.417357,48
2026-03-21 00:00:00,7855727.0,75154815.66848938,7855727.0,75154815.66848938,1.89374529,1.28719,1.60277209,1.028576,1
2026-03-21 04:00:00,7768297.0,74436563.95941241,7813093.645833333,74939162.2366267,1.9733743,1.327839,1.66795616,0.551683,48
2026-03-21 08:00:00,7720836.0,73332500.328,7727046.104166667,73663000.9668092,2.00675325,1.380013,1.67199354,0.481485,48
2026-03-21 12:00:00,7737792.0,73770837.29926272,7726220.958333333,73405915.5306158,1.97265525,1.385133,1.64299333,2.532934,48
2026-03-21 16:00:00,7740014.0,73421772.804,7721754.708333333,73330346.54025342,1.96402143,1.416699,1.64537096,1.136467,48
2026-03-21 20:00:00,7637124.0,70559388.636,7754406.479166667,73593596.93858205,1.95472186,1.399254,1.6205004,0.597192,48
2026-03-22 00:00:00,7892963.0,73228767.5377566,7862018.14893617,72665810.75013378,1.81756264,1.448796,1.52625153,1.28256,47
2026-03-22 04:00:00,7874779.0,72526714.59,7869264.333333333,72835071.77901508,1.77303956,1.455455,1.49310396,0.864027,48
2026-03-22 08:00:00,8106815.0,73528109.99982099,8070701.916666667,73601948.61200005,1.72938497,1.316374,1.45672872,0.633756,48
2026-03-22 12:00:00,8107463.0,73682655.96067558,8102297.520833333,73711534.17900479,1.70912761,1.332148,1.42600028,1.151736,48
2026-03-22 16:00:00,8244204.0,73942265.676,8142379.270833333,73681031.0761841,1.72163321,1.307194,1.42149675,1.197473,48
2026-03-22 20:00:00,8186863.0,73771822.493,8235303.166666667,74120084.72134866,1.68008004,1.253304,1.37814326,0.49215,48
2026-03-23 00:00:00,8112864.0,73773272.16459264,8162930.787234043,74111817.2599807,1.5997437,1.252061,1.32863225,1.95608,47
2026-03-23 04:00:00,8106432.0,73233506.688,8115801.416666667,73757435.26477179,1.6172466,1.251359,1.35312415,0.722653,48
2026-03-23 08:00:00,7899994.0,74777938.93858552,8073366.5,73375249.92954625,1.5618051,1.267329,1.30284858,1.523536,48
2026-03-23 12:00:00,7854712.0,74391977.352,7867197.4375,75032601.88322653,1.61958484,1.348705,1.34872229,0.547059,48
2026-03-23 16:00:00,7686133.0,72801247.14883293,7731833.708333333,73232530.69555084,1.68871232,1.358232,1.41812051,0.576962,48
2026-03-23 20:00:00,7696607.0,73377377.13331169,7700111.479166667,73352959.66790767,1.71411625,1.31809,1.44635386,1.356431,48
2026-03-24 00:00:00,7713011.0,73749013.6729103,7713011.0,73749013.6729103,1.71042654,1.310822,1.43951132,3.676132,1
2026-03-24 04:00:00,7832861.0,74889984.021,7811302.979166667,74474652.77150013,1.87006786,1.323066,1.56336681,1.631189,48
2026-03-24 08:00:00,7749617.0,73956007.86367527,7769824.916666667,74357991.50247444,2.01308761,1.255712,1.67443431,0.540864,48
2026-03-24 12:00:00,7695539.0,72807494.479,7719629.395833333,73252228.32991676,1.99839701,1.269763,1.65248108,0.9906,48
2026-03-24 16:00:00,7723224.0,72474734.016,7704092.75,72450903.04264429,1.98304187,1.347536,1.64253545,1.619196,48
2026-03-24 20:00:00,7901090.0,75976881.44,7831254.895833333,74752633.51728122,2.02229385,1.308332,1.68329092,1.169709,48
2026-03-25 00:00:00,7841183.0,75340318.33515279,7881558.787234043,75719811.25528131,2.19211268,1.366012,1.81106398,2.367097,47
2026-03-25 04:00:00,7902875.0,76273200.3600275,7877085.1875,75958888.86684398,2.20469989,1.375914,1.8407348,0.308775,48
2026-03-25 08:00:00,7950734.0,77343584.87182778,7924718.041666667,76861894.71322438,2.18834081,1.374757,1.85040071,1.485939,48
2026-03-25 12:00:00,7888909.0,76198972.031,7923633.208333333,76913718.22205369,2.14977477,1.45834,1.80333392,1.756648,48
2026-03-25 16:00:00,7903041.0,76485630.798,7898465.604166667,76444183.37412906,2.19493962,1.44271,1.83279103,1.17663,48
2026-03-25 20:00:00,7818723.0,75622688.856,7857955.416666667,75889562.35584669,2.23571008,1.475099,1.86167466,1.63281,48
2026-03-26 00:00:00,7706475.0,73748500.7569065,7762493.808510638,74725775.7278757,2.22650957,1.514605,1.82602312,1.817069,47
2026-03-26 04:00:00,7604909.0,71840726.37199043,7673454.625,72757338.51859385,2.25044723,1.493456,1.83005334,2.793171,48
2026-03-26 08:00:00,7550419.0,69767793.97218159,7577852.625,70587770.19265299,2.15690197,1.509346,1.72520553,2.248737,48
2026-03-26 12:00:00,7640070.0,70166402.88,7607355.833333333,70255148.13117112,2.08864569,1.524776,1.67346598,2.262914,48
2026-03-26 16:00:00,7916487.0,71395381.47633255,7796704.25,70829021.69876651,1.97705837,1.599386,1.5532144,0.692648,48
2026-03-26 20:00:00,7928035.0,72168902.605,7911026.645833333,71972248.31367652,1.93328373,1.54079,1.56806002,1.372528,48
2026-03-27 00:00:00,7876315.0,71603579.665,7912481.595744681,72017304.77915625,1.82807348,1.537049,1.50410437,1.245688,47
2026-03-27 04:00:00,7860512.0,71242629.36717343,7888989.791666667,71459409.92388846,1.76842345,1.509958,1.46035806,0.703354,48
2026-03-27 08:00:00,8145976.0,71285979.55697848,7967600.333333333,70816475.79495078,1.74418605,1.422215,1.41255543,2.909203,48
2026-03-27 12:00:00,8171029.0,72120304.04497498,8183649.375,71886121.00754307,1.71263617,1.327307,1.41141304,0.851059,48
2026-03-27 16:00:00,8206289.0,71781534.63697034,8177116.041666667,71514241.7816213,1.71119843,1.366671,1.39727506,1.059442,48
2026-03-27 20:00:00,8153146.0,71649847.048,8167808.3125,71588457.74272852,1.70678003,1.321017,1.4022384,3.387628,48
2026-03-28 00:00:00,8142401.0,71083160.73,8158649.14893617,71350137.21073352,1.64260004,1.324361,1.37801466,0.504833,47
2026-03-28 04:00:00,8129883.0,71664918.645,8137151.5,71299033.18176694,1.66417112,1.311974,1.39825386,1.075631,48
2026-03-28 08:00:00,8122118.0,71578225.78122132,8122580.854166667,71492200.37308328,1.68274221,1.289092,1.41902559,3.337841,48
2026-03-28 12:00:00,8139405.0,72684886.65,8129599.479166667,71999718.37969534,1.69039301,1.258131,1.42134909,2.358703,48
2026-03-28 16:00:00,8021739.0,71104694.496,8084293.770833333,71928241.53906012,1.72291297,1.285693,1.4501675,1.014193,48
2026-03-28 20:00:00,8020085.0,70159703.58,8030243.0625,70974851.04186365,1.68952673,1.327052,1.41660919,0.720838,48
2026-03-29 00:00:00,8047017.0,70757420.481,8036542.340425532,70418872.76984395,1.66421303,1.325166,1.39083266,0.813754,47
2026-03-29 04:00:00,8081416.0,70708105.71812177,8071015.4375,70711986.47978784,1.64962406,1.333053,1.38592233,1.926236,48
2026-03-29 08:00:00,8146450.0,71094069.15,8113651.3125,70772167.12706068,1.63758246,1.306752,1.38609883,0.457808,48
2026-03-29 12:00:00,8203559.0,71059228.058,8172840.333333333,70907348.76126772,1.60710532,1.283528,1.34429882,0.825234,48
2026-03-29 16:00:00,8326100.0,71662742.7,8284025.25,71426633.60677992,1.61785714,1.332689,1.35773209,0.719306,48
2026-03-29 20:00:00,8322890.0,71609559.0459417,8336520.875,71821646.24062626,1.60738685,1.279634,1.3491915,0.988191,48
2026-03-30 00:00:00,8278297.0,72940074.867,8319354.617021277,72575350.52316707,1.62583567,1.252129,1.35074024,1.503272,47
2026-03-30 04:00:00,8210520.0,73098259.56,8224913.645833333,72669796.51799993,1.634962,1.259861,1.35479951,1.113026,48
2026-03-30 08:00:00,8138283.0,73049228.208,8150776.541666667,72958671.65070465,1.61851453,1.201428,1.36782386,0.227196,48
2026-03-30 12:00:00,8062555.0,72232710.25753513,8116260.541666667,72727091.44354786,1.63910103,1.217206,1.35322387,0.969269,48
2026-03-30 16:00:00,8064125.0,70948171.75,8053473.479166667,71221735.14922896,1.64166481,1.248096,1.37130686,2.336683,48
2026-03-30 20:00:00,8053065.0,70794494.415,8070512.208333333,71120693.94306773,1.6621743,1.263306,1.41021324,0.696879,48
2026-03-31 00:00:00,7950918.0,71335636.296,8024110.425531914,71799541.58382316,1.68536036,1.262801,1.41564896,1.478172,47
2026-03-31 04:00:00,7921009.0,70692069.48222424,7942802.3125,70949125.30714181,1.72827841,1.277228,1.46530314,1.542599,48
2026-03-31 08:00:00,7862086.0,68813427.00578031,7867693.4375,69101576.27866757,1.75985165,1.297613,1.48786195,0.268359,48
2026-03-31 12:00:00,7772107.0,68225546.14892912,7799841.916666667,68746820.05593957,1.76231613,1.403779,1.49035204,1.613075,48
2026-03-31 16:00:00,7765989.0,69094004.133,7785047.229166667,68943901.05816787,1.78568064,1.418324,1.49146306,1.510461,48
2026-03-31 20:00:00,7772976.0,69275591.16434497,7760248.604166667,69084634.12944706,1.75371402,1.436302,1.44047959,2.653802,48
2026-04-01 00:00:00,7774193.0,69257980.31103358,7774193.0,69257980.31103358,1.7554007,1.435351,1.44304702,0.456226,1
2026-04-01 04:00:00,8358175.0,78087283.8437475,7977034.020833333,73164005.05939026,1.68989784,1.439102,1.40210437,0.483456,48
2026-04-01 08:00:00,8343843.0,76846794.03,8351659.083333333,76973875.76124924,1.7297361,1.499837,1.4408079,3.563851,48
2026-04-01 12:00:00,8382885.0,77097393.345,8384484.229166667,77138854.38154532,1.78764479,1.542324,1.49622585,0.776037,48
2026-04-01 16:00:00,8285702.0,75992034.179132,8360384.458333333,76818914.68979715,1.82238622,1.562106,1.54412451,0.436078,48
2026-04-01 20:00:00,8103400.0,73943525.0,8144672.1875,74427417.41112979,1.86334773,1.61449,1.60091146,1.134678,48
2026-04-02 00:00:00,7553044.0,66119347.176,7850285.468085106,70217327.1766978,2.05073063,1.604363,1.76223527,1.87645,47
2026-04-02 04:00:00,7400221.0,64611329.551,7444083.895833333,64810421.68198806,1.93429158,1.644741,1.63472177,1.075923,48
2026-04-02 08:00:00,7484955.0,64962851.6812254,7437670.229166667,64515755.775323175,1.79665072,1.575846,1.50748727,0.653659,48
2026-04-02 12:00:00,7620117.0,66523886.818675116,7541157.3125,65616499.50434616,1.77504144,1.586723,1.47847171,0.388825,48
2026-04-02 16:00:00,7768029.0,67612924.416,7690615.1875,66898998.73642078,1.78694727,1.598882,1.5027892,1.930415,48
2026-04-02 20:00:00,7784075.0,68079519.95,7788262.645833333,67905297.4789933,1.79524376,1.561564,1.53295386,0.790891,48
2026-04-03 00:00:00,7784920.0,68554005.52,7804283.425531914,68441778.59218517,1.72389094,1.488829,1.49529412,1.197285,47
2026-04-03 04:00:00,7780197.0,69224231.30748957,7785898.770833333,69022304.5373149,1.75182482,1.461393,1.51967091,0.651355,48
2026-04-03 08:00:00,7790250.0,69777269.25,7795415.1875,69544586.75883724,1.78925917,1.444609,1.55516664,3.470713,48
2026-04-03 12:00:00,7867830.0,70972271.84527169,7833696.125,70377044.65347935,1.83267813,1.475834,1.56542488,0.976089,48
2026-04-03 16:00:00,7926980.0,71134138.4465496,7926526.1875,71528538.0613503,1.87901797,1.502062,1.61421801,1.72642,48
2026-04-03 20:00:00,7889350.0,70276738.2814245,7920023.041666667,70730191.24274574,1.91328125,1.522555,1.64324061,1.17282,48
2026-04-04 00:00:00,7893750.0,70336167.037875,7893750.0,70336167.037875,1.92080502,1.524025,1.6482961,2.553965,1
2026-04-04 04:00:00,7784076.0,69099242.652,7820178.270833333,69459444.54547067,1.98947645,1.566242,1.69701987,2.729343,48
2026-04-04 08:00:00,7797920.0,69323741.3339744,7790479.416666667,69098865.05708034,1.92492954,1.533041,1.64186795,1.455524,48
2026-04-04 12:00:00,7814080.0,69865689.28,7795921.104166667,69316371.76332004,1.85465406,1.550076,1.58004061,2.887099,48
2026-04-04 16:00:00,7954319.0,71692277.147,7818541.020833333,70440026.55610357,1.94301186,1.542463,1.69550967,1.351865,48
2026-04-04 20:00:00,7958205.0,71476598.07324135,7958907.75,71574573.08488078,1.94432936,1.548185,1.69570935,2.226204,48
2026-04-05 00:00:00,8003476.0,71631110.2,7986557.127659574,71710134.58072636,2.0,1.560121,1.72929936,0.827893,47
2026-04-05 04:00:00,7783110.0,68491368.0,7915041.75,70220863.99967463,1.98283148,1.476312,1.6637715,2.391473,48
2026-04-05 08:00:00,7784944.0,68655421.136,7799407.333333333,68734630.88117409,1.95267649,1.507415,1.63336059,2.396235,48
2026-04-05 12:00:00,7760713.0,68907370.727,7760021.8125,68369857.3882137,1.9122491,1.437338,1.60860321,2.462009,48
2026-04-05 16:00:00,7788143.0,68802158.76251839,7778972.75,68835340.52881394,1.94343539,1.46003,1.63667763,1.974445,48
2026-04-05 20:00:00,7780341.0,70444615.88913123,7790073.729166667,69339455.89748411,1.92971164,1.455869,1.58507749,0.734581,48
2026-04-06 00:00:00,9110804.0,86240562.98845483,8697839.319148935,82332920.30869727,1.86391252,1.591186,1.55742984,0.406092,47
2026-04-06 04:00:00,9353461.0,87903826.478,9274086.166666666,87600067.81148766,1.91568381,1.686371,1.58380414,1.177651,48
2026-04-06 08:00:00,9416587.0,89042799.00745402,9387140.791666666,88622188.97176138,1.95680727,1.615427,1.65494435,0.94773,48
2026-04-06 12:00:00,9405187.0,88248347.82122524,9380822.354166666,88018675.89217742,2.02415966,1.642852,1.69458292,1.223368,48
2026-04-06 16:00:00,9336694.0,86970427.61433259,9367089.520833334,87413876.74699396,2.07581912,1.657786,1.72060575,1.879498,48
2026-04-06 20:00:00,8439746.0,75147498.384,9118177.8125,83873443.3843828,2.56618873,1.665587,2.24525834,1.323697,48
2026-04-07 00:00:00,8170157.0,70901461.5211239,8271087.723404256,72239752.28316317,2.16553779,1.659143,1.78898929,0.89877,47
2026-04-07 04:00:00,8148953.0,70415113.95557608,8139066.4375,70119477.21852922,2.06774272,1.513573,1.69164308,1.706781,48
2026-04-07 08:00:00,8258906.0,71104779.98452696,8188392.0625,70895067.6791144,1.93803076,1.404511,1.61987315,0.623383,48
2026-04-07 12:00:00,8632943.0,74011308.9531123,8458307.520833334,72684027.10909046,1.8197141,1.268101,1.53617077,1.012201,48
2026-04-07 16:00:00,8835506.0,77725946.282,8732756.0625,75327157.63309889,1.78182588,1.253724,1.51381071,0.689034,48
2026-04-07 20:00:00,8461408.0,80281839.104,8601783.666666666,78096856.08005163,1.65263615,1.457938,1.36427436,0.641926,48
2026-04-08 00:00:00,8413185.0,79325171.76787831,8413185.0,79325171.76787831,1.65933827,1.490892,1.37021785,0.53042,1
2026-04-08 04:00:00,8352471.0,78515707.74978818,8306603.729166667,78527699.07379848,1.85962877,1.509422,1.42724758,1.02426,48
2026-04-08 08:00:00,8125727.0,75739901.367,8274060.645833333,77493355.75087409,1.94032023,1.612419,1.48539618,2.396083,48
2026-04-08 12:00:00,8031601.0,73982488.39415677,8073743.395833333,74976786.2593169,1.96921922,1.706405,1.50638551,0.625342,48
2026-04-08 16:00:00,7998610.0,73371249.53,8038983.4375,74029479.95063908,2.09898341,1.660265,1.65347663,0.596226,48
2026-04-08 20:00:00,7948514.0,71928089.04273777,7975287.083333333,72908126.74728744,2.24664573,1.751461,1.79282448,0.54451,48
2026-04-09 00:00:00,7946388.0,71929356.54805908,7946388.0,71929356.54805908,2.24543379,1.748947,1.79380718,0.457188,1
2026-04-09 04:00:00,7637771.0,69341616.7073363,7673699.25,69400041.63365851,2.26402734,1.610883,1.82098441,1.907354,48
2026-04-09 08:00:00,7677219.0,69694388.91292812,7649802.916666667,69608823.03740378,2.29290026,1.590972,1.8675297,1.11324,48
2026-04-09 12:00:00,7985207.0,74591134.38940945,7808266.020833333,71269151.8253493,2.189506,1.551312,1.71840614,0.745726,48
2026-04-09 16:00:00,8042938.0,74892076.33046237,8049485.583333333,74932538.59892812,2.22589765,1.555132,1.82376619,0.505401,48
2026-04-09 20:00:00,8464595.0,79169357.035,8235329.854166667,77439100.12961285,2.10826134,1.573893,1.6985282,0.629463,48
2026-04-10 00:00:00,8457133.0,78752822.496,8486120.851063829,79199956.53516074,2.21634481,1.596655,1.77543253,0.365919,47
2026-04-10 04:00:00,8473982.0,78536865.176,8419450.729166666,78617937.5507337,2.24603624,1.569056,1.82800636,0.403007,48
2026-04-10 08:00:00,8482221.0,79045817.499,8466703.75,78655332.62736617,2.31716637,1.547296,1.97212677,1.048469,48
2026-04-10 12:00:00,8602870.0,80992406.124026,8550430.458333334,80288690.19494082,2.35345085,1.562898,2.04186228,1.582294,48
2026-04-10 16:00:00,8339750.0,79352721.25,8502999.0,80269544.34890296,2.31047675,1.44784,1.97917065,2.516554,48
2026-04-10 20:00:00,8435539.0,79277195.522,8411582.791666666,79437219.10819359,2.41907692,1.530021,2.08618962,1.221766,48
2026-04-11 00:00:00,8468468.0,79059102.36705805,8486722.553191489,79345213.48004581,2.51263424,1.578444,2.13404386,0.251846,47
2026-04-11 04:00:00,8479767.0,78641359.158,8454510.770833334,78493493.46812654,2.52191738,1.520702,2.14493944,0.814697,48
2026-04-11 08:00:00,8463574.0,78602445.21927476,8484858.0625,78691177.00559406,2.49906133,1.513682,2.12054295,4.538816,48
2026-04-11 12:00:00,8360865.0,77934475.392138,8413707.479166666,77976062.9948162,2.50376176,1.483688,2.14116687,1.642185,48
2026-04-11 16:00:00,8683224.0,83133186.576,8472241.1875,79971380.38182896,2.43626407,1.466177,2.12235862,0.504891,48
2026-04-11 20:00:00,8532099.0,79920222.18431003,8602902.458333334,81301249.16437735,2.52062992,1.554491,2.16945304,2.022055,48
2026-04-12 00:00:00,8529702.0,79936982.89943448,8529702.0,79936982.89943448,2.51825047,1.556609,2.1685231,0.739158,1
2026-04-12 04:00:00,8260713.0,74511631.26,8128021.416666667,73592840.35134768,2.4675684,1.50969,2.07482725,6.051717,48
2026-04-12 08:00:00,8234578.0,74341770.184,8265838.25,74583912.97268109,2.32527665,1.479413,1.93183078,2.259927,48
2026-04-12 12:00:00,8189721.0,73486366.533,8172942.416666667,73515341.73931323,2.23210777,1.50129,1.83942121,2.647009,48
2026-04-12 16:00:00,8209768.0,74544693.44,8210804.666666667,74384103.00232099,2.18030513,1.452171,1.78178664,0.834893,48
2026-04-12 20:00:00,8162454.0,73674309.804,8202267.916666667,74459261.36730945,2.1311251,1.434154,1.75278779,1.129701,48
2026-04-13 00:00:00,8128488.0,73741643.136,8125706.617021277,73830751.12569484,2.1102981,1.407425,1.78678886,0.940714,47
2026-04-13 04:00:00,8241686.0,74746473.99232125,8133789.666666667,73881888.33945566,2.08614637,1.357099,1.78018737,3.039306,48
2026-04-13 08:00:00,8225002.0,74617218.144,8229169.75,74451724.92282753,2.09700272,1.405961,1.76928423,1.034773,48
2026-04-13 12:00:00,8183715.0,75167422.275,8203669.395833333,75236296.99147202,2.0890183,1.515975,1.78367274,1.829779,48
2026-04-13 16:00:00,8121393.0,76295393.7409522,8168599.1875,75777659.31721221,2.0863029,1.456192,1.82378614,0.392555,48
2026-04-13 20:00:00,8597891.0,83108011.94636916,8279020.145833333,78151614.08133262,2.10659187,1.531771,1.83498532,0.678517,48
2026-04-14 00:00:00,8701152.0,82290548.40200736,8726380.957446808,82884158.57793903,2.31185643,1.518631,1.95715658,1.635751,47
2026-04-14 04:00:00,8610328.0,80965057.38074248,8654873.1875,81534194.29589826,2.3225327,1.510495,1.96885342,0.943568,48
2026-04-14 08:00:00,8671185.0,81426459.85800795,8640120.270833334,81277363.24775323,2.47753691,1.481747,2.09663521,2.507632,48
2026-04-14 12:00:00,8597507.0,81272233.671,8663139.041666666,81447625.29643972,2.59921156,1.475018,2.23365093,1.507322,48
2026-04-14 16:00:00,8456267.0,78913883.644,8620009.0,80705066.19838284,2.59182328,1.31178,2.199137,2.259106,48
2026-04-14 20:00:00,8484625.0,78881558.625,8467345.729166666,79007712.14556836,2.62209688,1.355662,2.22456064,0.781997,48
2026-04-15 00:00:00,8479748.0,78838962.22002256,8479748.0,78838962.22002256,2.61523179,1.350848,2.22236671,1.971332,1
2026-04-15 04:00:00,8548877.0,79338070.99486351,8508418.916666666,79455512.0530439,2.57545337,1.470282,2.24231348,1.401105,48
2026-04-15 08:00:00,8602723.0,81081268.96039966,8548968.25,79849277.3086205,2.5012747,1.452256,2.18637232,1.298167,48
2026-04-15 12:00:00,8652430.0,80876994.86867529,8639213.0625,81236064.65976132,2.56935951,1.515815,2.27987962,1.323154,48
2026-04-15 16:00:00,8811524.0,83920954.576,8718598.229166666,82428902.66829792,2.5150364,1.514013,2.24835212,0.451702,48
2026-04-15 20:00:00,8666462.0,81715781.51815078,8735613.333333334,82740362.78667645,2.53932946,1.45341,2.23791185,1.666964,48
2026-04-16 00:00:00,8651482.0,82078078.4095843,8664169.148936171,81522241.25615303,2.47308168,1.440979,2.07914673,1.601268,47
2026-04-16 04:00:00,8789769.0,83445038.69864355,8709564.166666666,82903820.57706766,2.50557967,1.436281,2.13840274,0.418326,48
2026-04-16 08:00:00,8824565.0,83445086.64,8794553.9375,82972139.35192767,2.47985235,1.344484,2.08433498,1.277303,48
2026-04-16 12:00:00,8819317.0,84321489.837,8805901.5,83424288.70012511,2.43849449,1.422166,2.01196911,0.796075,48
2026-04-16 16:00:00,9365769.0,92122876.38462111,9001467.604166666,86478493.49229522,2.42664671,1.509699,2.01041667,0.766896,48
2026-04-16 20:00:00,9588162.0,93215351.00627987,9525623.208333334,92632761.77773015,2.40922619,1.431462,2.03510111,0.884901,48
2026-04-17 00:00:00,9355713.0,89536410.17386404,9478968.531914894,91283361.5106359,2.51953245,1.543895,2.06393762,0.460481,47
2026-04-17 04:00:00,9255066.0,88870459.72959714,9351273.479166666,89099430.20931594,2.61651259,1.515594,2.10039526,0.82988,48
2026-04-17 08:00:00,9255950.0,89301405.6,9298308.979166666,89488293.63157241,2.61860614,1.556351,2.15203856,1.043138,48
2026-04-17 12:00:00,9579043.0,93958383.71307619,9435733.395833334,92598466.3565815,2.57991014,1.530639,2.16090779,1.196221,48
2026-04-17 16:00:00,9671076.0,94705806.39157331,9627573.979166666,94563469.12367107,2.62430759,1.543756,2.20211882,0.951225,48
2026-04-17 20:00:00,9734920.0,94721678.407798,9699180.083333334,94853735.749566,2.60084443,1.570638,2.19155978,0.564614,48
2026-04-18 00:00:00,9719171.0,93760842.637,9727347.10638298,94510230.38375607,2.64376425,1.614625,2.22613065,0.40765,47
2026-04-18 04:00:00,9608208.0,93218834.016,9631237.458333334,93259500.41895652,2.61804657,1.617963,2.23167402,0.488268,48
2026-04-18 08:00:00,9450290.0,88662620.78,9550893.083333334,90669967.7519238,2.5848085,1.597146,2.15094724,2.907654,48
2026-04-18 12:00:00,9377169.0,88060994.079,9396124.479166666,88310045.75294033,2.49645609,1.56056,2.04572412,0.467303,48
2026-04-18 16:00:00,9308747.0,87204341.896,9340162.479166666,87586806.18469082,2.32479627,1.54168,1.89885016,1.198107,48
2026-04-18 20:00:00,9357691.0,87307257.03,9319486.6875,87330776.78644934,2.36328928,1.516782,1.92481475,0.415101,48
2026-04-19 00:00:00,9256564.0,86160097.712,9372508.680851065,86963483.57398452,2.25926974,1.607233,1.83342091,1.730629,47
2026-04-19 04:00:00,9313259.0,85709922.577,9284677.0,85978479.78579846,2.24478873,1.626723,1.83035714,1.781699,48
2026-04-19 08:00:00,9391246.0,86793895.532,9405432.145833334,86472204.99996015,2.16653237,1.550815,1.74290897,0.547271,48
2026-04-19 12:00:00,9214870.0,85228332.63,9282529.229166666,86153327.48600899,2.24937794,1.511892,1.83018225,1.670652,48
2026-04-19 16:00:00,9178770.0,84288644.91,9188351.666666666,84516881.94406354,2.18142549,1.472183,1.78363061,0.706683,48
2026-04-19 20:00:00,8991384.0,80949430.152,9108910.791666666,82723770.24460636,2.09482759,1.510369,1.65136028,1.537502,48
2026-04-20 00:00:00,8990788.0,80892614.04022272,8990788.0,80892614.04022272,2.0926893,1.508869,1.65058158,0.38506,1
2026-04-20 04:00:00,8863849.0,81474512.64441569,8978256.833333334,81972382.90236403,1.91532847,1.524736,1.54004441,0.39535,48
2026-04-20 08:00:00,8876358.0,81761831.1414675,8887453.875,81835621.00785623,1.91979522,1.474166,1.56425912,1.54407,48
2026-04-20 12:00:00,9009473.0,82930756.72856216,8975242.145833334,82854086.27845384,1.9225335,1.542148,1.55889316,1.15476,48
2026-04-20 16:00:00,8955706.0,83383195.1002732,8985571.354166666,83191995.52701984,1.9404381,1.60225,1.55288391,1.027841,48
2026-04-20 20:00:00,8933197.0,82836703.56436747,8943850.166666666,83615094.07921623,1.97582473,1.572556,1.58569052,0.569201,48
2026-04-21 00:00:00,8914544.0,82922002.942268,8927400.680851065,83003570.8996435,2.02306717,1.572969,1.60395281,1.498797,47
2026-04-21 04:00:00,8923238.0,83405505.586,8925107.333333334,83240641.09734455,2.10031266,1.566027,1.66593095,0.502986,48
2026-04-21 08:00:00,8872541.0,83854384.991,8885777.125,83450074.89523323,2.07035306,1.539004,1.657716,1.097837,48
2026-04-21 12:00:00,8853284.0,82875591.524,8877314.354166666,83267368.92989157,2.08798736,1.615556,1.64678971,0.485966,48
2026-04-21 16:00:00,8778207.0,80671722.33,8810705.3125,82039285.9111241,2.1397937,1.632683,1.65948553,1.082056,48
2026-04-21 20:00:00,8799972.0,82560366.6670884,8762454.083333334,81556474.24376775,2.09215476,1.641204,1.62206985,0.834841,48
2026-04-22 00:00:00,8801725.0,82630594.3,8801725.0,82630594.3,2.09599355,1.64205,1.62322539,1.124683,1
2026-04-22 04:00:00,8902479.0,85187821.551,8870426.541666666,84994979.43884505,2.1786205,1.502921,1.70507294,0.522206,48
2026-04-22 08:00:00,8907654.0,85262020.04863663,8909332.083333334,85360494.63025355,2.2342921,1.486979,1.77532446,0.821729,48
2026-04-22 12:00:00,8871660.0,84839684.58,8877529.604166666,84760167.71518068,2.26732955,1.532249,1.78152542,0.864502,48
2026-04-22 16:00:00,8939695.0,84587942.0933035,8901609.416666666,84712773.07639693,2.32377049,1.564322,1.8195122,1.297472,48
2026-04-22 20:00:00,8868230.0,82847004.66,8908247.916666666,84060066.01677622,2.37484958,1.533669,1.91482301,0.413593,48
2026-04-23 00:00:00,8861595.0,82678681.35,8861595.0,82678681.35,2.40078883,1.533038,1.92808156,0.544026,1
2026-04-23 04:00:00,8709632.0,80780719.87679234,8723075.0625,81017386.7082086,2.24635241,1.539734,1.76513884,0.465933,48
2026-04-23 08:00:00,8752411.0,81292393.368,8764447.4375,81012678.07341535,2.10331126,1.506173,1.67063492,1.142424,48
2026-04-23 12:00:00,8809986.0,82602425.30010547,8753448.75,81502034.05364491,2.00281042,1.566303,1.57674135,0.285348,48
2026-04-23 16:00:00,8834878.0,81962546.12945335,8824533.770833334,82044758.51946558,2.0282631,1.62269,1.58522814,0.553632,48
2026-04-23 20:00:00,8825636.0,82823054.80259004,8823253.395833334,82380348.0940153,2.04174229,1.618359,1.59549869,1.195269,48
2026-04-24 00:00:00,8804857.0,82051138.39665289,8827336.382978724,82785926.90655594,2.07285639,1.63195,1.64676065,5.093935,47
2026-04-24 04:00:00,8778471.0,82102179.67607175,8792755.083333334,82155782.91978282,2.07045574,1.628937,1.63486584,0.276834,48
2026-04-24 08:00:00,8828606.0,83246239.93543097,8797452.854166666,82528866.5195126,2.07944049,1.57601,1.65525478,0.196599,48
2026-04-24 12:00:00,8828639.0,83377666.716,8815466.291666666,82982250.18644847,2.09791889,1.5934,1.68031598,0.877962,48
2026-04-24 16:00:00,8914416.0,84124264.16707824,8868502.979166666,83573841.67205833,2.15365653,1.646272,1.7054862,2.706115,48
2026-04-24 20:00:00,8954365.0,84106283.777558,8943569.770833334,84231080.14427067,2.17438314,1.659106,1.71901922,1.601714,48
2026-04-25 00:00:00,8974810.0,84744506.6488956,8953185.574468086,84320133.99081603,2.22994652,1.657211,1.7537226,1.443775,47
2026-04-25 04:00:00,8974013.0,84821201.02366531,8976720.291666666,84788566.48209526,2.29500713,1.661125,1.79264781,0.379527,48
2026-04-25 08:00:00,8973372.0,84284105.937366,8974617.625,84844800.12326719,2.37065186,1.715832,1.83207027,1.223159,48
2026-04-25 12:00:00,9008494.0,84121316.972,8974960.958333334,84306927.35036923,2.35803545,1.754048,1.83089878,0.456066,48
2026-04-25 16:00:00,8966838.0,83430230.78759496,8945036.3125,83331967.40782937,2.21918941,1.734391,1.72704998,1.719287,48
2026-04-25 20:00:00,8920676.0,83497527.36,8950988.875,83492363.39101328,2.19056707,1.705456,1.6981982,2.010761,48
2026-04-26 00:00:00,9049903.0,84400030.50019254,9047617.574468086,84478734.97665186,2.14625668,1.693135,1.67360229,5.622498,47
2026-04-26 04:00:00,9016774.0,85010435.16128409,9006132.4375,84581042.30375987,2.16414687,1.636941,1.69347861,0.604684,48
2026-04-26 08:00:00,9095822.0,86313616.95572765,9043128.020833334,85432134.07499442,2.16009719,1.602559,1.70222365,1.611695,48
2026-04-26 12:00:00,9162816.0,86781097.59106946,9124769.229166666,86263904.0247614,2.16961131,1.653833,1.7023406,2.12401,48
2026-04-26 16:00:00,9205267.0,87318332.4185555,9171992.041666666,86739683.70209268,2.18472906,1.710693,1.713221,1.684204,48
2026-04-26 20:00:00,9208502.0,87100823.72118446,9221863.104166666,87155280.62409694,2.28042177,1.746214,1.7845453,0.567252,48
2026-04-27 00:00:00,9144120.0,87024590.04,9189378.914893618,87373481.70749898,2.40932945,1.718797,1.90516185,0.271824,47
2026-04-27 04:00:00,9071393.0,83846885.499,9101442.625,84990949.0217024,2.29835792,1.602566,1.80069698,0.763921,48
2026-04-27 08:00:00,9153364.0,84688278.79200658,9110817.125,84253997.46183224,2.09761663,1.600412,1.65109599,0.481259,48
2026-04-27 12:00:00,9173429.0,83826794.202,9169485.229166666,84612964.21279573,2.04235177,1.570897,1.58155297,1.18582,48
2026-04-27 16:00:00,9325088.0,85520382.048,9261666.791666666,84877202.05153112,1.91465981,1.609253,1.49204152,1.839775,48
2026-04-27 20:00:00,9386042.0,86989837.256,9364905.645833334,86089499.48803934,1.88976015,1.551312,1.43977516,2.433402,48
2026-04-28 00:00:00,9485795.0,87402115.13,9443419.29787234,87194694.30374302,1.83971021,1.622451,1.42033585,1.372353,47
2026-04-28 04:00:00,9478760.0,86967623.0,9431187.395833334,86810241.48699084,1.83873144,1.553478,1.42003676,0.823253,48
2026-04-28 08:00:00,9500324.0,86910381.68535052,9545675.833333334,87511112.13497578,1.83594099,1.615794,1.40553175,1.184931,48
2026-04-28 12:00:00,9660520.0,88386314.4727348,9546403.125,87440029.07348888,1.79337574,1.638235,1.37706387,2.518666,48
2026-04-28 16:00:00,9554063.0,87629865.836,9576664.583333334,87702451.62006111,1.82467821,1.601541,1.40227361,0.789888,48
2026-04-28 20:00:00,9521115.0,87337187.895,9533792.75,87426202.62280734,1.81953385,1.597605,1.39293541,7.00103,48
2026-04-29 00:00:00,9448453.0,87427743.21577793,9497409.234042553,87167386.22971454,1.7980198,1.582009,1.37645256,0.940268,47
2026-04-29 04:00:00,9249848.0,85968087.312,9315314.541666666,86717863.79716994,1.80369619,1.611263,1.38468586,1.002388,48
2026-04-29 08:00:00,9265635.0,86681464.66297035,9248139.833333334,86340068.75809033,1.80375114,1.658053,1.3814638,0.681965,48
2026-04-29 12:00:00,9137228.0,83139637.572,9131123.125,84073889.01466355,1.82132167,1.641779,1.39471224,0.747861,48
2026-04-29 16:00:00,9344106.0,84534070.06394622,9243097.416666666,83934274.7212888,1.82206083,1.726716,1.38125164,0.508249,48
2026-04-29 20:00:00,9012671.0,82155765.51322687,9186136.3125,83685146.45877953,1.81225967,1.779583,1.37312459,4.225627,48
2026-04-30 00:00:00,8941457.0,81935459.85851674,8951856.638297873,82011093.88531154,1.79869252,1.742321,1.37526344,3.628496,47
2026-04-30 04:00:00,8912694.0,81435285.078,8951003.270833334,81519032.3179569,1.79007378,1.676319,1.36835245,0.444401,48
2026-04-30 08:00:00,8836541.0,80695292.412,8855146.3125,81072313.5302978,1.75754239,1.743826,1.35563017,1.164575,48
2026-04-30 12:00:00,8894345.0,81354221.51652129,8817403.5,80493622.39244717,1.76637168,1.720767,1.36263165,2.902025,48
2026-04-30 16:00:00,8949926.0,81473604.85092083,8936533.5,81372677.37172614,1.79387619,1.735959,1.39913374,0.602688,48
2026-04-30 20:00:00,8970395.0,81531920.155,8963008.854166666,81444572.74649651,1.77836412,1.732245,1.39023438,1.896924,48
2026-05-01 00:00:00,8889303.0,81426015.48,8941083.89361702,81550210.76545756,1.76533508,1.725577,1.3847557,0.584885,47
2026-05-01 04:00:00,8889547.0,80930435.888,8850823.458333334,80667518.13975099,1.78524374,1.693285,1.40847658,2.303665,48
2026-05-01 08:00:00,8976635.0,81785179.83598849,8930556.625,81337861.35523829,1.77607697,1.717908,1.3879668,1.068317,48
2026-05-01 12:00:00,8843839.0,81115166.9567857,8879457.708333334,81622378.30759804,1.77980022,1.772582,1.4110462,0.678669,48
2026-05-01 16:00:00,8851226.0,80971015.448,8837652.854166666,81014587.74994522,1.78934408,1.879489,1.41543383,0.481795,48
2026-05-01 20:00:00,8823822.0,80131197.2094501,8823174.9375,80284725.43837534,1.76734423,1.887566,1.39095675,1.557153,48
2026-05-02 00:00:00,8789424.0,80149338.22770672,8825981.765957447,80301577.53497629,1.77538934,1.806863,1.39557003,7.480692,47
2026-05-02 04:00:00,8825668.0,80242973.456,8822876.875,80179631.57048182,1.79550958,1.815486,1.39625585,2.373906,48
2026-05-02 08:00:00,8988133.0,81582332.52681743,8845108.104166666,80497619.96332113,1.81910885,1.749382,1.42990286,0.958238,48
2026-05-02 12:00:00,8855461.0,81046128.3774192,8883185.3125,80914195.7158355,1.81092437,1.678644,1.41785993,0.850255,48
2026-05-02 16:00:00,8837373.0,80943230.2832495,8836354.3125,80845468.83655448,1.83044749,1.708414,1.42857143,0.205514,48
2026-05-02 20:00:00,8843130.0,81200073.3632811,8847468.958333334,81282390.79148476,1.82724402,1.702329,1.41345646,1.551967,48
2026-05-03 00:00:00,8724834.0,78908591.64255282,8739945.276595745,79396124.42907155,1.85685393,1.744496,1.43711067,0.521194,47
2026-05-03 04:00:00,8762128.0,79317632.01240432,8759614.083333334,79148203.14083727,1.84674752,1.735514,1.41832772,1.249004,48
2026-05-03 08:00:00,8901810.0,80908074.75414689,8875360.854166666,80285447.40223391,1.84527221,1.680804,1.41733402,0.977544,48
2026-05-03 12:00:00,8856339.0,80530690.527,8880124.5625,80695036.03395231,1.85307213,1.662837,1.43107278,0.498693,48
2026-05-03 16:00:00,8827223.0,80583015.94350474,8834441.895833334,80373446.3962744,1.84668601,1.673412,1.4358637,1.937097,48
2026-05-03 20:00:00,8773114.0,79702487.97705193,8817508.0625,80484775.31806885,1.80474412,1.677767,1.40344069,1.104645,48
2026-05-04 00:00:00,8784851.0,79763581.11020976,8784851.0,79763581.11020976,1.8051406,1.680472,1.40437371,0.699881,1
2026-05-04 04:00:00,8814400.0,81457689.943952,8850373.791666666,82213513.63683546,1.76911281,1.622463,1.38117586,1.763891,48
2026-05-04 08:00:00,8735960.0,79782675.9800744,8774694.958333334,80483358.87462232,1.81101657,1.608414,1.40510852,1.647954,48
2026-05-04 12:00:00,8683745.0,79383705.11626765,8692030.979166666,79431235.96089776,1.8374373,1.641954,1.42814855,0.845242,48
2026-05-04 16:00:00,8791325.0,81046334.87751725,8780872.770833334,81011189.5860907,1.78530067,1.58558,1.39984175,1.157866,48
2026-05-04 20:00:00,8579332.0,78638157.112,8613260.9375,79146406.67647421,1.86249133,1.533547,1.47963425,1.060641,48
2026-05-05 00:00:00,8573463.0,78601508.784,8573463.0,78601508.784,1.86289017,1.530858,1.47983927,2.489101,1
2026-05-05 04:00:00,8604003.0,80368068.34000926,8566841.625,79643624.10464282,1.88546769,1.510501,1.51969288,1.367931,48
2026-05-05 08:00:00,8653758.0,81189557.556,8631285.416666666,80787769.27030706,1.92455061,1.528899,1.53884676,0.912242,48
2026-05-05 12:00:00,8818352.0,83078744.0168056,8773028.145833334,82800151.99294017,1.92671282,1.576306,1.56834215,0.510432,48
2026-05-05 16:00:00,8939989.0,84035896.6,8871876.791666666,83288485.19083162,2.01018381,1.575294,1.63512895,0.593617,48
2026-05-05 20:00:00,8942016.0,84072834.432,8971972.083333334,84593784.77659404,2.02466029,1.518778,1.66416979,0.499526,48
2026-05-06 00:00:00,8934377.0,85447011.89866215,8941675.255319148,84606822.83416155,2.10791367,1.63517,1.73383165,2.871335,47
2026-05-06 04:00:00,8931007.0,85335771.885,8922757.166666666,85098934.39645097,2.26165944,1.616085,1.88616341,0.709672,48
2026-05-06 08:00:00,8959544.0,87286493.74525256,8968209.729166666,86973644.1817666,2.31160438,1.674691,1.94549041,0.931032,48
2026-05-06 12:00:00,8966660.0,86294089.16177821,8956245.854166666,86243581.33217043,2.3633218,1.744923,1.99295121,1.497418,48
2026-05-06 16:00:00,9029614.0,86774590.54,8995749.895833334,86393871.7509443,2.39642543,1.765495,2.05452812,2.201699,48
2026-05-06 20:00:00,9009766.0,86638418.90777901,9033671.166666666,86761573.40734912,2.49424242,1.730044,2.15819884,2.2555,48
2026-05-07 00:00:00,9010458.0,86591415.31075494,9010458.0,86591415.31075494,2.49454545,1.72874,2.15929027,1.482954,1
2026-05-07 04:00:00,8975683.0,86774532.85587655,8901831.083333334,85347758.63524048,2.5424039,1.694237,2.23217588,0.534148,48
2026-05-07 08:00:00,8977906.0,85909582.514,8982934.895833334,86245752.21413866,2.60846724,1.760413,2.25199754,0.351034,48
2026-05-07 12:00:00,8854651.0,83490504.279,8955216.666666666,85378145.2443028,2.65800188,1.68587,2.2658046,1.0324,48
2026-05-07 16:00:00,8710836.0,82448062.74,8790011.729166666,83238417.25253294,2.54663447,1.715043,2.12754016,0.623383,48
2026-05-07 20:00:00,8657557.0,82263169.77975702,8684371.541666666,82187236.03556877,2.48733058,1.691526,2.06635338,0.91792,48
2026-05-08 00:00:00,8660881.0,82267431.24034105,8660881.0,82267431.24034105,2.48631145,1.690906,2.0674812,1.391772,1
2026-05-08 04:00:00,8688991.0,82662273.86952782,8677711.375,82335747.89894734,2.42227312,1.705817,2.02991924,1.290586,48
2026-05-08 08:00:00,8741858.0,83860643.794,8708347.291666666,83347844.07590441,2.39835554,1.738006,2.04101062,2.073546,48
2026-05-08 12:00:00,8886323.0,86648022.78744529,8789704.291666666,84507393.57563438,2.39830269,1.755548,2.0533945,1.604028,48
2026-05-08 16:00:00,9110061.0,90171383.778,9023513.166666666,88695647.24490853,2.41711686,1.868414,2.08036209,0.911786,48
2026-05-08 20:00:00,9168336.0,90665674.704,9167019.854166666,90967331.11673558,2.47700815,1.836101,2.16669867,0.592409,48
2026-05-09 00:00:00,9217481.0,92033240.92151645,9197851.680851065,92116621.27571762,2.84253247,1.838536,2.44965577,0.995373,47
2026-05-09 04:00:00,9227910.0,91749105.0475719,9237786.229166666,92154281.03725399,2.92835621,1.810568,2.54320713,0.607107,48
2026-05-09 08:00:00,9230353.0,91643505.0245067,9221589.0625,91513989.14560486,2.91733333,1.853119,2.55615454,0.785604,48
2026-05-09 12:00:00,9155813.0,89974174.351,9211025.625,91078994.18453896,2.89485981,1.928667,2.47962314,1.186912,48
2026-05-09 16:00:00,9223010.0,92117643.28568941,9200924.645833334,91248556.18885876,2.95799458,1.890702,2.54569713,0.438601,48
2026-05-09 20:00:00,9206143.0,91625645.43723197,9222144.104166666,91841870.64432265,2.97692569,1.909785,2.55708574,0.743934,48
2026-05-10 00:00:00,9148065.0,90629879.955,9163707.446808511,90835164.81605701,2.97492375,1.912913,2.54974405,0.379131,47
2026-05-10 04:00:00,9174028.0,91180664.292,9150828.541666666,90879072.15326118,3.03787879,1.899589,2.60845007,0.45812,48
2026-05-10 08:00:00,9266659.0,92437207.29311056,9261063.041666666,92561087.04281317,3.05521262,1.852036,2.64054054,2.199089,48
2026-05-10 12:00:00,9349558.0,94739071.214,9298400.5,93319938.3986742,3.08634812,1.815474,2.72954545,0.932357,48
2026-05-10 16:00:00,9402480.0,97983407.3070528,9387303.854166666,96951564.28282283,3.1536061,1.736858,2.8425731,0.431006,48
2026-05-10 20:00:00,9334365.0,95583897.6,9365515.791666666,95767149.33417813,3.15904217,1.812891,2.7739089,0.379747,48
2026-05-11 00:00:00,9399561.0,94193000.781,9369024.021276595,94704809.64929722,3.12008427,1.955749,2.65195167,0.694211,47
2026-05-11 04:00:00,9438392.0,95273227.09692553,9353904.479166666,94119595.16585773,3.12707182,1.842147,2.712,9.558312,48
2026-05-11 08:00:00,9412252.0,95157867.72,9424735.416666666,95313921.59387636,3.17687543,1.880966,2.78659652,0.370999,48
2026-05-11 12:00:00,9321195.0,95225328.12,9345357.479166666,94525562.11909352,3.11537133,1.864112,2.67675378,1.066879,48
2026-05-11 16:00:00,9289077.0,94702140.015,9288802.5625,94641693.58624233,3.19153366,1.888845,2.80858389,0.614797,48
2026-05-11 20:00:00,9201140.0,93244354.2321824,9264665.479166666,94182588.35343103,3.24840989,1.919113,2.8569762,0.817487,48
2026-05-12 00:00:00,9200197.0,93215874.26082814,9200197.0,93215874.26082814,3.24796892,1.918799,2.85431235,0.640247,1
2026-05-12 04:00:00,9168221.0,91847237.978,9171651.458333334,91962572.39092237,3.10922917,1.835494,2.66583258,1.67558,48
2026-05-12 08:00:00,8943729.0,88093733.24700242,9032030.291666666,89486679.87950914,3.10528157,1.873955,2.62215651,1.079218,48
2026-05-12 12:00:00,8812354.0,85805890.898,8895292.458333334,87304672.33216153,3.01348082,1.795872,2.51677102,2.831614,48
2026-05-12 16:00:00,8847570.0,87349741.6083684,8809491.229166666,86254284.88040058,3.01239669,1.762506,2.52296428,1.482614,48
2026-05-12 20:00:00,8848002.0,87046643.676,8852576.520833334,87297125.21916245,3.02666205,1.770702,2.55969479,0.495794,48
2026-05-13 00:00:00,8850504.0,87000454.32,8850504.0,87000454.32,3.02386717,1.768857,2.56036804,0.421441,1
2026-05-13 04:00:00,8879186.0,88617922.69531463,8875678.75,88823259.57495962,3.01863997,1.7852,2.5556553,0.724788,48
2026-05-13 08:00:00,8922141.0,88677159.399,8938703.8125,89851197.708888,3.01672474,1.722642,2.57224248,0.347519,48
2026-05-13 12:00:00,8659567.0,83876565.962,8753461.0625,85966869.74405174,2.86441821,1.768157,2.44410075,0.621585,48
2026-05-13 16:00:00,8610462.0,83672199.18516186,8634648.145833334,84146327.66007799,2.9137872,1.807243,2.48922317,0.482305,48
2026-05-13 20:00:00,8584330.0,83748723.48,8589982.25,83695459.42823721,2.8879046,1.734907,2.47927403,7.338363,48
2026-05-14 00:00:00,8483188.0,81837314.636,8537042.617021276,83330504.89031726,2.89637483,1.807625,2.53020595,0.640322,47
2026-05-14 04:00:00,8494978.0,82469246.424,8467984.6875,82395905.57687487,2.87406906,1.888904,2.51572754,0.48013,48
2026-05-14 08:00:00,8524312.0,82514485.597722,8536038.083333334,82707086.95312794,2.8218543,1.837862,2.44293835,1.505067,48
2026-05-14 12:00:00,8594894.0,86456038.746,8534033.895833334,84024770.61029813,2.84801088,1.847018,2.41513158,2.149694,48
2026-05-14 16:00:00,8531225.0,85491405.725,8562081.1875,85961548.23369293,2.91931624,2.009097,2.53377778,1.024441,48
2026-05-14 20:00:00,8481439.0,83908302.09615345,8481220.708333334,84551864.67495044,3.02410493,2.142656,2.61021998,0.439965,48
2026-05-15 00:00:00,8387180.0,82773573.34103021,8445161.170212766,83599110.21512146,3.08443649,2.082014,2.62546296,0.738749,47
2026-05-15 04:00:00,8227803.0,80780196.80541198,8332776.229166667,81544282.64037077,3.03186969,2.095884,2.56454192,1.792626,48
2026-05-15 08:00:00,8243075.0,80609030.425,8255519.666666667,80685351.44756886,3.0332508,2.099668,2.58575681,2.23996,48
2026-05-15 12:00:00,8309498.0,78786989.56454344,8282226.1875,79400893.99306011,3.03282739,1.754525,2.58667277,1.723444,48
2026-05-15 16:00:00,8256703.0,78766342.95127597,8286709.0625,79192095.67324495,2.8892584,1.732616,2.47811085,0.415082,48
2026-05-15 20:00:00,8212846.0,78309486.61,8229648.354166667,78440724.61615242,2.79057761,1.725907,2.35645194,1.085995,48
2026-05-16 00:00:00,8207034.0,78196619.952,8224375.234042553,78447324.36489049,2.61036992,1.76608,2.22939347,0.724195,47
2026-05-16 04:00:00,8103252.0,75607812.37238856,8176484.125,77093708.05008118,2.42675159,1.802936,2.01206361,1.178396,48
2026-05-16 08:00:00,8133789.0,75310752.351,8129210.791666667,75416817.64107765,2.35090656,1.835085,1.93915621,0.412689,48
2026-05-16 12:00:00,8093608.0,75343396.872,8128672.916666667,75439075.6023033,2.25506397,1.801193,1.86547085,0.356396,48
2026-05-16 16:00:00,8151205.0,75904020.96,8141802.5625,76001176.71899599,2.18271477,1.740248,1.78970164,1.252923,48
2026-05-16 20:00:00,8137295.0,75584589.11500715,8143139.1875,75772404.9473431,2.14839368,1.739511,1.7499217,0.818584,48
2026-05-17 00:00:00,8137769.0,75574211.96234696,8137769.0,75574211.96234696,2.151747,1.739846,1.75525243,0.528476,1
2026-05-17 04:00:00,8156652.0,76011839.988,8154301.6875,75996567.14228536,2.04367761,1.717572,1.67397423,0.420901,48
2026-05-17 08:00:00,8156899.0,76307790.145,8155071.5,76193202.24720502,2.04062878,1.669831,1.66671595,1.861288,48
2026-05-17 12:00:00,8101016.0,75258438.64,8122795.916666667,75713489.22050764,2.04193939,1.650615,1.67244701,1.432469,48
2026-05-17 16:00:00,8136609.0,75759966.399,8124573.25,75336587.9833167,2.04174757,1.666211,1.67625259,0.825361,48
2026-05-17 20:00:00,8044182.0,73845590.76,8120167.666666667,75222618.77593689,1.95595668,1.618824,1.58050723,2.446865,48
2026-05-18 00:00:00,8074399.0,74163354.815,8079715.191489362,74142493.70279852,1.88162791,1.674407,1.54384194,0.584523,47
2026-05-18 04:00:00,8061918.0,73436011.062,8058451.8125,73779412.41147186,1.93809298,1.682714,1.58997655,1.306485,48
2026-05-18 08:00:00,8087244.0,74075317.48097712,8086368.479166667,73549616.41906531,1.91192317,1.695401,1.56355261,0.480877,48
2026-05-18 12:00:00,8088369.0,73539649.67922632,8085267.416666667,73763246.15781368,1.95732575,1.696893,1.59550725,1.767523,48
2026-05-18 16:00:00,8062734.0,73967165.3431572,8100618.5,73718091.81212607,1.94861473,1.657508,1.59591423,1.651889,48
2026-05-18 20:00:00,8025252.0,74057025.456,8036354.333333333,74099689.2475379,1.98415747,1.655127,1.62419355,0.255731,48
2026-05-19 00:00:00,8034484.0,74240454.30062637,8017867.723404256,74124570.68085288,2.0404188,1.758813,1.64594796,1.405156,47
2026-05-19 04:00:00,8088315.0,74962503.42,8051980.416666667,74472974.42724021,2.07098993,1.768579,1.673848,1.417218,48
2026-05-19 08:00:00,8147239.0,74141934.92938115,8080968.083333333,74248349.80617094,2.08071305,1.744666,1.70369807,1.949811,48
2026-05-19 12:00:00,8200411.0,74590938.456,8151604.5625,74203888.03730422,2.04962296,1.883124,1.66651799,2.150947,48
2026-05-19 16:00:00,8135967.0,74106034.22048841,8176523.583333333,74697329.0888413,2.03696545,1.81932,1.65494311,0.487393,48
2026-05-19 20:00:00,8160166.0,74273830.932,8150170.291666667,74274761.63599114,2.02823359,1.842101,1.64343479,0.229929,48
2026-05-20 00:00:00,8095869.0,73733317.65617365,8137010.829787234,74024714.60518499,1.99786223,1.841654,1.62304348,0.769597,47
2026-05-20 04:00:00,8100847.0,74576397.482,8114229.270833333,74466967.96174096,2.04186834,1.852992,1.65139501,0.493266,48
2026-05-20 08:00:00,8081786.0,74298408.98639016,8102233.6875,74692450.6597163,2.04153586,1.827999,1.67098865,0.705427,48
2026-05-20 12:00:00,8136124.0,75926309.168,8118589.5625,75112119.23409523,2.09659796,1.766179,1.71591935,1.220398,48
2026-05-20 16:00:00,8117752.0,75608742.128,8139259.833333333,75883395.19896193,2.15684264,1.795522,1.75223973,0.562078,48
2026-05-20 20:00:00,8079248.0,75048134.672,8085501.5625,75008466.62440804,2.17287785,1.852931,1.76973479,2.131331,48
2026-05-21 00:00:00,8120210.0,76138062.82450831,8125251.127659574,75968811.75647484,2.28723122,1.988499,1.8140278,2.132542,47
2026-05-21 04:00:00,8115728.0,76743080.19153504,8126978.770833333,76188480.85581306,2.23526316,1.869549,1.81415216,2.166871,48
2026-05-21 08:00:00,8044971.0,74847493.23841481,8111198.979166667,76124915.98474762,2.33838523,2.02077,1.90425532,1.226207,48
2026-05-21 12:00:00,8117577.0,76027669.31190717,8078693.645833333,75302005.78918114,2.35323661,1.822416,1.9294158,0.460675,48
2026-05-21 16:00:00,8222681.0,77971990.04801437,8177353.416666667,77123475.56877811,2.40090857,1.916052,1.97685023,1.350072,48
2026-05-21 20:00:00,8212527.0,77577040.5720911,8216209.3125,77807586.61306714,2.49616293,1.977635,2.06179159,1.316378,48
2026-05-22 00:00:00,8225953.0,78130101.594,8194480.276595744,77360951.46910068,2.61269549,1.902797,2.14408397,2.116108,47
2026-05-22 04:00:00,8274048.0,78777211.008,8244046.708333333,78455763.33769836,2.65473225,1.850052,2.210413,0.561408,48
2026-05-22 08:00:00,8305918.0,79090287.03679194,8273365.5625,78619336.15219568,2.78467976,1.842936,2.32062462,2.404243,48
2026-05-22 12:00:00,8246002.0,77802255.62771754,8299134.291666667,78765815.33174792,2.87120454,1.955916,2.42109759,2.140758,48
2026-05-22 16:00:00,8208504.0,75762650.7525528,8227939.104166667,77027929.37766407,2.69198584,1.970443,2.26189986,1.942725,48
2026-05-22 20:00:00,8095225.0,74093396.73331699,8152091.520833333,75267091.72727329,2.61430793,1.980347,2.13607288,1.350009,48
2026-05-23 00:00:00,8107302.0,74161531.18151358,8107302.0,74161531.18151358,2.61280298,1.975723,2.13676869,0.795733,1
2026-05-23 04:00:00,8027765.0,71458327.38186513,8030462.9375,73283239.9581105,2.31028668,1.917769,1.84681436,0.724419,48
2026-05-23 08:00:00,8156830.0,72579473.34,8169397.5625,72611107.27553377,2.12162503,1.728144,1.68534877,1.21974,48
2026-05-23 12:00:00,8121756.0,74086658.232,8182725.083333333,73704679.52298145,2.03650715,1.726166,1.60675317,1.06768,48
2026-05-23 16:00:00,8020117.0,74362524.824,8083055.208333333,74330273.41977243,2.0054577,1.82475,1.59167905,0.579908,48
2026-05-23 20:00:00,7989779.0,75032014.589,8033035.375,75694855.17395958,2.05356228,1.934036,1.62221204,3.999246,48
2026-05-24 00:00:00,7992970.0,74550431.19,7993030.808510638,74943869.69620727,2.24274478,1.886736,1.72583763,1.208083,47
2026-05-24 04:00:00,8002828.0,74618585.46875192,7995775.020833333,74676979.88003217,2.28713693,1.847173,1.77581365,2.233246,48
2026-05-24 08:00:00,7977481.0,74565514.907,7984218.708333333,74580975.7123194,2.41087525,1.782228,1.91983647,1.585953,48
2026-05-24 12:00:00,7945262.0,73438056.666,7968527.75,73904852.82589386,2.42704626,1.840154,1.97492105,1.26367,48
2026-05-24 16:00:00,7897162.0,72910710.21476424,7906135.1875,73040036.09970205,2.41096698,1.889924,1.97275255,0.347657,48
2026-05-24 20:00:00,7925523.0,73025768.922,7897185.833333333,72497361.32083626,2.347876,1.923458,1.90055347,0.519031,48
2026-05-25 00:00:00,7925458.0,72979540.13861997,7925458.0,72979540.13861997,2.35125036,1.922046,1.90608229,1.006798,1
2026-05-25 04:00:00,7931151.0,73983781.12641525,7922280.875,73446133.6710065,2.21126761,1.954111,1.77809223,1.6879,48
2026-05-25 08:00:00,7964419.0,74653245.02045025,7959811.354166667,74616383.69235292,2.25663717,1.929761,1.82600577,0.49023,48
2026-05-25 12:00:00,7887137.0,74312604.814,7892590.125,74366745.46804446,2.34160959,1.860343,1.88914027,0.565048,48
2026-05-25 16:00:00,7807571.0,73242434.26550993,7848540.520833333,73972426.78943238,2.47294469,1.889119,1.98658448,0.928368,48
2026-05-25 20:00:00,7819920.0,72779995.44,7805310.458333333,72843875.9101767,2.46064053,1.951944,1.98653076,0.337385,48
2026-05-26 00:00:00,7675306.0,70766321.32,7741932.936170213,71391815.64929283,2.40403155,1.97357,1.92850744,4.224876,47
2026-05-26 04:00:00,7642861.0,70956321.524,7637708.729166667,70809590.96024366,2.47879331,1.936361,2.0205024,2.19187,48
2026-05-26 08:00:00,7698971.0,72326022.90148339,7662923.541666667,71531190.19073828,2.47206454,1.942876,2.00682783,3.109153,48
2026-05-26 12:00:00,7775571.0,71838500.469,7737052.083333333,72460638.43977141,2.56068111,2.06341,2.06757524,0.436998,48
2026-05-26 16:00:00,7855309.0,72091046.67873107,7821654.770833333,71923360.70834354,2.39036353,1.772249,1.94900143,2.580013,48
2026-05-26 20:00:00,7841046.0,71604432.072,7847158.416666667,71841451.30670308,2.32755245,1.746982,1.89202201,0.347566,48
2026-05-27 00:00:00,7842291.0,71635610.09799108,7842291.0,71635610.09799108,2.32708974,1.747509,1.8872877,1.475143,1
2026-05-27 04:00:00,7818313.0,71709566.836,7811430.395833333,71484215.06968454,2.32038567,1.677018,1.87159664,0.990735,48
2026-05-27 08:00:00,7781294.0,71262420.50858343,7782403.166666667,71316118.89716856,2.33626857,1.68947,1.87358428,1.648683,48
2026-05-27 12:00:00,7723604.0,71242523.296,7780912.270833333,71372868.32234928,2.32722731,1.821882,1.84068302,0.778379,48
2026-05-27 16:00:00,7701301.0,70805761.394,7718260.0625,70714930.57681261,2.26294498,1.851277,1.8102439,1.320557,48
2026-05-27 20:00:00,7826681.0,70790145.76620057,7775350.854166667,70766040.22274372,2.25643777,1.801947,1.79938621,0.978573,48
2026-05-28 00:00:00,7824005.0,70697709.18,7824005.0,70697709.18,2.25757982,1.800264,1.80122818,0.549588,1
2026-05-28 04:00:00,7941220.0,70084116.8420946,7919750.270833333,69637890.38710642,2.1360163,1.550334,1.68670449,0.359798,48
2026-05-28 08:00:00,7958136.0,70143010.704,7962915.375,70270027.55710456,2.10007506,1.480447,1.67305082,1.038027,48
2026-05-28 12:00:00,8067989.0,71337158.738,8033600.354166667,70970223.75925678,2.09829488,1.482123,1.66938529,0.554563,48
2026-05-28 16:00:00,7990381.0,71346111.949,8032274.104166667,71929269.96542713,2.17962048,1.553989,1.7093938,0.901038,48
2026-05-28 20:00:00,7992023.0,71272861.114,8001739.104166667,71531269.3735586,2.14604723,1.546577,1.68616697,0.443614,48
2026-05-29 00:00:00,8011508.0,71190260.088,8010415.70212766,71501602.97060202,2.15545896,1.553429,1.67624811,0.45423,47
2026-05-29 04:00:00,8052582.0,71747168.0861298,8033987.25,71606863.8075503,2.15496926,1.522286,1.678566,1.25748,48
2026-05-29 08:00:00,8060435.0,71342910.185,8080119.458333333,72136734.0978031,2.18479381,1.534364,1.71010271,0.63727,48
2026-05-29 12:00:00,8026188.0,71462811.4304682,8110203.958333333,71537053.69971447,2.16963594,1.658356,1.67479427,1.080677,48
2026-05-29 16:00:00,8060205.0,71260272.405,8035321.375,71537292.97759746,2.16495902,1.648234,1.66862568,1.016331,48
2026-05-29 20:00:00,8068348.0,71219307.796,8058031.395833333,71077112.28211202,2.12443665,1.653283,1.63597588,2.201752,48
2026-05-30 00:00:00,8064326.0,72356651.33743379,8122135.404255319,72563441.06170316,2.12409307,1.766933,1.6304187,0.853516,47
2026-05-30 04:00:00,7979646.0,71034808.692,8010970.458333333,71416464.5017426,2.16501398,1.779166,1.6620731,1.33441,48
2026-05-30 08:00:00,8029524.0,71623354.08,8011371.645833333,71401666.35867448,2.17132689,1.765781,1.66766288,0.544646,48
2026-05-30 12:00:00,8028442.0,71983010.972,8029919.875,71795436.23125546,2.18453292,1.756612,1.68753763,0.662155,48
2026-05-30 16:00:00,8011875.0,72026756.25,8030779.020833333,72088633.33482781,2.19722294,1.756647,1.69533021,1.285394,48
2026-05-30 20:00:00,7964269.0,71160743.515,7993582.395833333,71664454.35817634,2.19974093,1.788672,1.69635504,2.999044,48
2026-05-31 00:00:00,7947276.0,71621749.7515518,7956261.872340426,71502469.59101774,2.22844491,1.750827,1.71692877,0.728368,47
2026-05-31 04:00:00,8038057.0,72229980.202,8006413.9375,72213069.0757743,2.23498419,1.838315,1.72711653,1.255055,48
2026-05-31 08:00:00,8016897.0,72192157.485,8030313.479166667,72238983.84479484,2.25995751,1.819218,1.7479124,1.383531,48
2026-05-31 12:00:00,7873687.0,69968682.23762442,7963117.5,71390763.26223966,2.28795951,1.81119,1.77118375,0.48362,48
2026-05-31 16:00:00,7974906.0,70431449.46117187,7914979.645833333,69979574.95980816,2.24792316,1.739704,1.73247232,1.181805,48
2026-05-31 20:00:00,7955260.0,71287084.86,7968928.854166667,71063979.869662,2.24316584,1.73016,1.71739797,3.468595,48
2026-06-01 00:00:00,7931229.0,71405693.17652988,7917633.638297873,71248039.81407157,2.2913344,1.847148,1.75620874,0.339513,47
2026-06-01 04:00:00,7912121.0,69619090.5265667,7912241.0625,70329355.17684413,2.25774538,1.855667,1.72206875,0.622479,48
2026-06-01 08:00:00,7894837.0,69766764.72803853,7912046.5625,69957350.47076821,2.18369401,1.718531,1.66864168,0.551073,48
2026-06-01 12:00:00,8006401.0,69807810.319,7947812.979166667,69775506.93754224,2.16439375,1.663167,1.65654206,0.63724,48
2026-06-01 16:00:00,7945603.0,71176711.674,7977523.083333333,70785321.56174715,2.18488665,1.705715,1.67591631,0.825444,48
2026-06-01 20:00:00,7985794.0,71129467.158,7970263.875,71032916.2693132,2.21331972,1.749911,1.70996522,0.427818,48
2026-06-02 00:00:00,7982113.0,71296233.316,7982113.0,71296233.316,2.20764331,1.753296,1.7070997,0.483869,1
2026-06-02 04:00:00,8158781.0,71185364.225,8133242.625,71280382.95325725,2.26536807,1.66649,1.72968119,1.063614,48
2026-06-02 08:00:00,8265671.0,71962005.68463303,8222978.270833333,71565202.55583106,2.27018868,1.694014,1.73183032,0.990213,48
2026-06-02 12:00:00,8230851.0,68521834.575,8260220.1875,70880337.53751138,2.21003294,1.734551,1.66816143,1.141842,48
2026-06-02 16:00:00,8201914.0,68354751.276,8244124.6875,69192377.81090675,2.20632111,1.63076,1.68319808,1.470577,48
2026-06-02 20:00:00,8166738.0,66705915.984,8274615.6875,68345604.71502106,2.1835443,1.445497,1.65924376,1.126863,48
2026-06-03 00:00:00,8270361.0,66692191.104,8223480.340425532,67339238.8552133,2.15921152,1.456626,1.64504101,1.193901,47
2026-06-03 04:00:00,8307267.0,69108172.78127807,8291597.979166667,68378577.62084919,2.17820774,1.577969,1.67648385,0.625726,48
2026-06-03 08:00:00,8326278.0,68991539.508,8310106.145833333,69072912.65072493,2.18384615,1.589475,1.69609482,3.277148,48
2026-06-03 12:00:00,8238477.0,67431934.245,8260609.083333333,68305844.48560043,2.18233179,1.613492,1.69661557,0.497778,48
2026-06-03 16:00:00,8189640.0,66028482.9233208,8204221.604166667,66624642.03692544,2.1269722,1.594109,1.68195444,0.558709,48
2026-06-03 20:00:00,8126038.0,65422731.938,8127974.333333333,65584696.736150704,2.10673317,1.536712,1.67092796,0.982907,48
2026-06-04 00:00:00,7878018.0,63299874.63,8001637.319148936,63332669.19241661,2.02995684,1.72854,1.56434889,1.34419,47
2026-06-04 04:00:00,7868775.0,61769883.75,7865585.729166667,62442607.668106146,2.00425958,1.785364,1.55735227,0.614292,48
2026-06-04 08:00:00,7907312.0,60428922.20325072,7878933.0,60508489.855175175,2.05377166,1.860811,1.60878951,0.914844,48
2026-06-04 12:00:00,7981775.0,61956873.336636,7896393.375,61266760.762280285,2.08127572,1.680023,1.63987587,0.499927,48
2026-06-04 16:00:00,7953587.0,61803086.030951835,7975794.4375,61921723.763467245,2.10036307,1.710587,1.64544184,0.972357,48
2026-06-04 20:00:00,7963932.0,61284093.88550124,7945261.3125,60941027.62435231,2.09459459,1.739345,1.6566813,0.544039,48
2026-06-05 00:00:00,8028973.0,58964777.712,7955644.212765957,60222958.683176436,2.14899258,1.821869,1.66956382,1.037053,47
2026-06-05 04:00:00,8129254.0,59254132.406,8108530.625,59069469.372504584,2.06011809,1.615543,1.56774194,0.963117,48
2026-06-05 08:00:00,8184276.0,57871300.65433308,8174072.520833333,58716129.21878674,2.09774436,1.736382,1.61981604,0.660687,48
2026-06-05 12:00:00,8181978.0,56553831.936,8169528.5625,57610434.77138261,2.01639778,1.633067,1.56397575,1.238786,48
2026-06-05 16:00:00,8742043.0,58877659.605,8343404.020833333,57539089.20063609,2.04410564,1.567504,1.56757196,0.939449,48
2026-06-05 20:00:00,8444911.0,56614906.2896504,8536838.104166666,58370355.56255769,2.03954496,1.687006,1.58719791,1.346548,48
2026-06-06 00:00:00,8489871.0,55287487.22030937,8416922.319148935,56731846.966676936,2.03305563,1.793771,1.59695132,1.356099,47
2026-06-06 04:00:00,8846484.0,59191824.444,8752121.895833334,56968267.81102297,1.93276866,1.756817,1.52279734,0.759192,48
2026-06-06 08:00:00,8572283.0,57378592.5478377,8692917.791666666,58099589.76195135,1.94179894,1.6696,1.52443366,1.781424,48
2026-06-06 12:00:00,8416335.0,56162203.455,8566041.375,57703313.19077831,1.97249666,1.658583,1.55718714,0.867678,48
2026-06-06 16:00:00,8440047.0,55797150.717,8434605.145833334,56047201.87303189,1.92598425,1.616994,1.53203477,0.985494,48
2026-06-06 20:00:00,8448332.0,56308132.78,8451914.8125,55989964.25539296,1.91839412,1.624068,1.54245512,0.719099,48
2026-06-07 00:00:00,8443542.0,56934803.706,8463659.021276595,57052951.11837359,2.01273547,1.719995,1.59695631,1.338014,47
2026-06-07 04:00:00,8272305.0,56375758.575,8364415.083333333,56641704.28867883,2.0279831,1.798598,1.62209208,0.83677,48
2026-06-07 08:00:00,8333788.0,56186398.696,8254548.729166667,55908882.75668939,2.0220299,1.782946,1.62532175,1.17132,48
2026-06-07 12:00:00,8202486.0,54783287.2255311,8273666.416666667,55182729.364711404,2.01072456,1.770473,1.59146245,1.211255,48
2026-06-07 16:00:00,8170305.0,53417454.09,8200925.895833333,54680782.87552715,1.94435937,1.718502,1.54555315,0.980656,48
2026-06-07 20:00:00,8128132.0,55165925.06572124,8178779.104166667,54562332.27297907,1.92721193,1.807098,1.55393082,0.609079,48
2026-06-08 00:00:00,8126342.0,55348515.362,8126342.0,55348515.362,1.92770774,1.803102,1.55400094,1.036401,1
2026-06-08 04:00:00,8183225.0,54704859.125,8172903.916666667,54127430.031956285,2.02495498,1.806929,1.58142094,0.821799,48
2026-06-08 08:00:00,8227573.0,55807750.82576781,8204279.854166667,54957420.598035246,1.99108507,1.781998,1.56351436,1.530418,48
2026-06-08 12:00:00,8211733.0,56028654.259,8207953.708333333,55593051.89049704,1.97094492,1.781432,1.5561074,0.863876,48
2026-06-08 16:00:00,8202405.0,55892092.2312234,8186759.1875,55768407.241353445,1.97769328,1.776425,1.56241278,1.116574,48
2026-06-08 20:00:00,8183042.0,55252237.461804174,8216543.833333333,55853343.15350434,1.97172695,1.752497,1.54645401,1.683801,48
2026-06-09 00:00:00,8183906.0,55339572.372,8183906.0,55339572.372,1.96846389,1.753132,1.54257456,2.111943,1
2026-06-09 04:00:00,8086653.0,54568734.444,8082072.041666667,54533419.057155006,1.95894869,1.715294,1.52598498,1.452801,48
2026-06-09 08:00:00,8091136.0,54165290.48174592,8076734.645833333,54046985.90706336,1.9665997,1.718721,1.53761949,2.665722,48
2026-06-09 12:00:00,7978407.0,52197011.323018014,8044827.979166667,53500778.47042333,2.01873236,1.707483,1.57878168,1.126541,48
2026-06-09 16:00:00,8045185.0,53589690.168842845,8009543.4375,52811713.79269873,2.03543714,1.715029,1.57253111,1.349366,48
2026-06-09 20:00:00,8067997.0,53555364.086,8056001.25,53536534.09354042,2.01366684,1.757602,1.55311814,0.832627,48
2026-06-10 00:00:00,8069504.0,53541173.48441216,8069504.0,53541173.48441216,2.01081638,1.757004,1.55383169,0.769439,1
2026-06-10 04:00:00,8205540.0,53896372.3166442,8179122.1875,53484219.42501881,1.97491682,1.771018,1.5447995,1.06986,48
2026-06-10 08:00:00,8418258.0,54391952.032180734,8361398.9375,54104592.64872724,1.94313035,1.66199,1.52946621,2.804809,48
2026-06-10 12:00:00,8327242.0,54952276.11829802,8371906.708333333,54817719.96471094,1.98100616,1.67045,1.57602154,1.529918,48
2026-06-10 16:00:00,8256727.0,53391435.46109369,8309259.833333333,54010695.18890651,1.95087364,1.551721,1.56229483,1.024118,48
2026-06-10 20:00:00,8199843.0,52446195.828,8206144.854166667,52393029.445847,2.07175126,1.578346,1.60581246,2.54723,48
2026-06-11 00:00:00,8213411.0,52392430.83818664,8213411.0,52392430.83818664,2.07858284,1.58616,1.61039588,0.362517,1
2026-06-11 04:00:00,8137814.0,53522402.678,8124199.3125,53491207.723710984,1.93656908,1.736681,1.54849921,1.399113,48
2026-06-11 08:00:00,8152088.0,53828237.064,8141877.333333333,53582379.02431581,1.95367988,1.758343,1.571135,1.218849,48
2026-06-11 12:00:00,8183443.0,53396965.575,8153415.833333333,53438325.51147602,1.96212711,1.7622,1.57020873,0.787443,48
2026-06-11 16:00:00,8265988.0,55125873.972,8235495.666666667,54362935.87087541,2.01381509,1.79517,1.60338164,0.472218,48
2026-06-11 20:00:00,8266015.0,54927669.675,8259678.729166667,54869901.017463,2.02694052,1.742939,1.6117837,1.16021,48
2026-06-12 00:00:00,8249844.0,54861462.6,8255248.276595744,54838537.04995347,2.08829844,1.753843,1.6236246,1.641989,47
2026-06-12 04:00:00,8220800.0,53834553.392928,8234980.4375,54389074.679021835,2.09395973,1.808674,1.61004977,0.888067,48
2026-06-12 08:00:00,8224905.0,54588694.485,8221574.729166667,54491381.7840584,2.08593541,1.739352,1.61984,0.253863,48
2026-06-12 12:00:00,8221255.0,54194512.96,8221815.25,54329144.69979984,2.09376665,1.774432,1.62017851,1.281292,48
2026-06-12 16:00:00,8249673.0,54286263.787118725,8235486.6875,54297841.407521516,2.04087477,1.767508,1.59770837,0.866529,48
2026-06-12 20:00:00,8259038.0,54204066.394,8265834.625,54321271.3987692,2.05436487,1.785679,1.60575562,0.71194,48
2026-06-13 00:00:00,8279347.0,54668882.10029078,8277938.489361702,54580174.25605039,2.03843158,1.744518,1.61116352,1.279075,47
2026-06-13 04:00:00,8269895.0,55160204.446539104,8270076.729166667,54646285.78673458,2.01913628,1.684189,1.59856295,1.452352,48
2026-06-13 08:00:00,8292161.0,55220851.95631942,8261577.291666667,54980326.96905482,2.04656608,1.687029,1.62333176,0.756024,48
2026-06-13 12:00:00,8287359.0,55815362.865,8306310.520833333,55524415.495295025,2.05084746,1.642729,1.63746271,1.237142,48
2026-06-13 16:00:00,8201872.0,55114473.10715808,8225593.708333333,55148596.37935779,2.07661927,1.661438,1.65056056,0.578608,48
2026-06-13 20:00:00,8104575.0,54389802.825,8157401.083333333,54819289.49600791,2.07169215,1.653183,1.65977085,1.220729,48
2026-06-14 00:00:00,8078552.0,54255555.232,8087283.659574468,54250756.731849074,2.15526951,1.664829,1.68621465,2.538266,47
2026-06-14 04:00:00,8033082.0,53444094.546,8036509.708333333,53621000.279582016,2.15283374,1.67194,1.68884603,1.079569,48
2026-06-14 08:00:00,8061448.0,53592363.77759936,8047251.895833333,53535933.23969039,2.13175406,1.645277,1.67371938,1.209308,48
2026-06-14 12:00:00,8195721.0,53517543.4387212,8085953.770833333,53130954.523231365,2.11857708,1.616205,1.66682502,1.189116,48
2026-06-14 16:00:00,8638667.0,55563906.144,8380920.0,54227547.150824904,2.09247367,1.455581,1.64123902,1.271325,48
2026-06-14 20:00:00,8600530.0,58251389.69,8622452.041666666,57109490.17923019,2.08006239,1.505455,1.60971112,1.769585,48
2026-06-15 00:00:00,8594646.0,58330868.68902948,8594646.0,58330868.68902948,2.07822245,1.507126,1.61026587,1.055449,1
2026-06-15 04:00:00,8525659.0,57684608.794,8542549.625,57829469.060031235,2.17633105,1.497361,1.66223116,2.869092,48
2026-06-15 08:00:00,8512430.0,58740179.5032148,8522341.520833334,57936238.3534179,2.18837085,1.539579,1.68332806,1.186998,48
2026-06-15 12:00:00,8743702.0,61367950.18697552,8618272.895833334,59837762.29153388,2.19799838,1.561261,1.69824841,2.074223,48
2026-06-15 16:00:00,8639394.0,59637736.782,8725023.791666666,61065812.07474319,2.20645874,1.572281,1.68573731,0.931361,48
2026-06-15 20:00:00,8445622.0,57737117.91324534,8563443.479166666,58786070.37130687,2.2328844,1.546688,1.69066275,2.214409,48
2026-06-16 00:00:00,8303026.0,56661273.72508004,8371821.404255319,57081865.18083873,2.28752464,1.523799,1.73841555,0.553485,47
2026-06-16 04:00:00,8342295.0,57641496.32522385,8262200.229166667,56401666.82463839,2.30047739,1.504484,1.77443609,0.71208,48
2026-06-16 08:00:00,8258488.0,57230184.89395704,8304744.604166667,57819774.92756721,2.29127858,1.475014,1.77631801,0.778518,48
2026-06-16 12:00:00,8244285.0,55995183.72,8242181.875,56495921.56776521,2.33543217,1.490607,1.7836425,2.01839,48
2026-06-16 16:00:00,8274470.0,56903407.8933334,8266383.791666667,56455590.026940666,2.27694906,1.47159,1.75658992,0.903553,48
2026-06-16 20:00:00,8462363.0,58182138.186326705,8435052.5,58188778.86865816,2.27427932,1.569918,1.74076517,0.788812,48
2026-06-17 00:00:00,8452406.0,58747271.41260886,8483168.659574468,58816189.9933751,2.26661083,1.571876,1.75202647,1.695899,47
2026-06-17 04:00:00,8338676.0,57279525.85415216,8410380.208333334,58287919.183277406,2.31471506,1.627926,1.78161495,0.595572,48
2026-06-17 08:00:00,8286485.0,56437008.08940205,8276201.166666667,56487242.23646572,2.27785614,1.563561,1.7626019,1.58681,48
2026-06-17 12:00:00,8226136.0,57163419.064,8257297.25,56508065.29397121,2.30407524,1.530375,1.7996613,1.244138,48
2026-06-17 16:00:00,8070356.0,54228748.50671908,8115147.708333333,55888186.86657619,2.37609842,1.564285,1.83871525,1.463055,48
2026-06-17 20:00:00,8120131.0,54924566.084,8102710.354166667,54680314.744565964,2.40661593,1.584843,1.85985175,0.625958,48
2026-06-18 00:00:00,8166686.0,54880129.92,8136191.723404256,55062104.60553265,2.33163554,1.610085,1.81588691,1.406665,47
2026-06-18 04:00:00,8383488.0,55917864.96,8283055.354166667,54931282.45700956,2.280837,1.554262,1.79183808,1.223982,48
2026-06-18 08:00:00,8382887.0,55410883.07,8386636.1875,55782936.9765484,2.20910308,1.528698,1.74299888,0.742816,48
2026-06-18 12:00:00,8821047.0,55034512.233,8488742.208333334,55784996.934817374,2.19005001,1.597845,1.67618901,0.942856,48
2026-06-18 16:00:00,9092716.0,57802395.612,8973395.020833334,56532494.58760488,2.0617404,1.511775,1.6193901,3.681929,48
2026-06-18 20:00:00,9345408.0,59006906.112,9238605.666666666,58331822.10382187,2.00424628,1.503317,1.59385953,1.959483,48
2026-06-19 00:00:00,9371503.0,57644114.953,9432690.59574468,59132791.2828738,1.93510738,1.459015,1.52008836,0.776849,47
2026-06-19 04:00:00,9681232.0,57942173.52,9518625.75,57600244.215823114,1.9493003,1.472975,1.58378229,1.168787,48
2026-06-19 08:00:00,9909201.0,59984184.02147451,9783407.4375,59089170.9106932,1.90144284,1.452806,1.55527302,1.203508,48
2026-06-19 12:00:00,10125889.0,61940368.8148478,10047647.1875,61410206.194351435,1.9066044,1.412666,1.56873243,2.283952,48
2026-06-19 16:00:00,12060093.0,70925406.933,10635217.333333334,63555427.11708489,1.878662,1.649194,1.55294586,1.885488,48
2026-06-19 20:00:00,12126586.0,71405949.74485822,12142724.833333334,71690926.05072923,1.87756849,1.661376,1.55587281,1.144116,48
2026-06-20 00:00:00,12125960.0,72025430.5268036,12157960.382978724,72115825.38150197,1.81467662,1.751497,1.51213623,1.157384,47
2026-06-20 04:00:00,11379306.0,69813675.240411,11975833.895833334,71974797.7683356,1.80253432,1.437805,1.50220036,1.087417,48
2026-06-20 08:00:00,11307614.0,69530518.486,11306431.75,69746542.79858668,1.77593448,1.424143,1.47776496,0.49805,48
2026-06-20 12:00:00,11393203.0,69885907.202,11353264.375,69560839.97444728,1.80754393,1.513802,1.502079,0.556445,48
2026-06-20 16:00:00,11330343.0,69211945.65821202,11366140.833333334,69432697.19802104,1.85925436,1.497307,1.53228159,1.288494,48
2026-06-20 20:00:00,11081999.0,69158241.83916733,11217987.125,69387216.52075787,1.84308511,1.420766,1.49438054,0.610359,48
2026-06-21 00:00:00,10940115.0,68384582.6499753,10964665.063829787,68470337.98259874,1.9368231,1.421644,1.53462679,0.78811,47
2026-06-21 04:00:00,10947331.0,68727344.018,10963772.458333334,68417820.70743608,1.94051704,1.388636,1.55596759,0.429445,48
2026-06-21 08:00:00,10878105.0,68162205.93,10920780.416666666,68672536.00651793,1.9706499,1.430436,1.57565193,0.434447,48
2026-06-21 12:00:00,10809294.0,68307261.72371195,10829321.854166666,68137025.77181739,1.97000234,1.420154,1.57435466,1.284792,48
2026-06-21 16:00:00,10800714.0,67634071.068,10791096.8125,67580974.67588694,1.97978373,1.419842,1.58234963,0.855696,48
2026-06-21 20:00:00,10674116.0,65186826.412,10715299.4375,66076630.8547656,1.97659021,1.462567,1.56981505,0.870099,48
2026-06-22 00:00:00,10417377.0,64869006.579,10521634.744680852,65476880.05053694,1.92183799,1.418895,1.55114852,0.767254,47
2026-06-22 04:00:00,10163347.0,63866472.548,10317098.5625,64707333.33988584,1.9558011,1.391606,1.56986617,1.03686,48
2026-06-22 08:00:00,10134513.0,64458578.20066011,10160631.916666666,63737920.6640685,1.95631068,1.373018,1.56815213,0.816851,48
2026-06-22 12:00:00,10030056.0,63109112.352,10062428.645833334,64044463.72075629,2.01209068,1.38042,1.58984666,0.521605,48
2026-06-22 16:00:00,10084604.0,63109451.832,10115755.541666666,63640024.05016089,2.00249314,1.349535,1.60969463,3.774678,48
2026-06-22 20:00:00,10036167.0,62546611.33539714,10063872.833333334,62810443.013634056,1.98386696,1.349671,1.59394387,1.487495,48
2026-06-23 00:00:00,10025882.0,62521400.152,10025882.0,62521400.152,1.97819623,1.348117,1.59229179,1.280276,1
