datetime,sum_open_interest_last,sum_open_interest_value_last,sum_open_interest_mean,sum_open_interest_value_mean,count_toptrader_long_short_ratio_last,sum_toptrader_long_short_ratio_last,count_long_short_ratio_last,sum_taker_long_short_vol_ratio_last,observations
2025-01-01 00:00:00,5761900.5,11088742.47989496,5744202.308510638,11103361.065079799,3.16236559,2.642236,2.37521917,0.420447,47
2025-01-01 04:00:00,5782801.1,11166588.9241,5762612.035416666,11083323.348057546,3.00825593,2.628587,2.25996631,3.678397,48
2025-01-01 08:00:00,5820871.0,11228612.49119407,5806488.654166666,11110273.5211573,3.02178423,2.660305,2.29344729,0.797348,48
2025-01-01 12:00:00,5797493.4,11389432.20743308,5828433.585416667,11332925.633966945,3.14652406,2.656465,2.39064327,0.584343,48
2025-01-01 16:00:00,5779023.2,11592319.24382899,5793496.489583333,11441561.367417976,3.06533193,2.694057,2.34338747,0.67411,48
2025-01-01 20:00:00,5791894.6,11647500.0406,5788342.056249999,11670871.613155445,3.18933624,2.6702,2.41434499,1.397615,48
2025-01-02 00:00:00,5773875.9,11815588.56534767,5785070.4553191485,11817357.639344435,3.2593819,2.618571,2.34912281,0.804521,47
2025-01-02 04:00:00,5809623.1,12085621.36305499,5798801.587499999,11984676.755379917,3.22063666,2.60174,2.32847991,0.41329,48
2025-01-02 08:00:00,5844079.3,12288594.91097373,5825893.197916667,12186132.553215288,3.13548387,2.579319,2.293272,0.86198,48
2025-01-02 12:00:00,5805831.7,12139994.0847,5837283.829166667,12304406.918338614,3.48970252,2.665637,2.52213463,0.710193,48
2025-01-02 16:00:00,5842726.2,12122477.45228927,5830450.2375,12155648.43590436,3.65411765,2.617506,2.59864782,0.720664,48
2025-01-02 20:00:00,5828639.9,12065012.04579828,5839143.212499999,12066411.215678694,3.69880952,2.644104,2.59778598,1.048533,48
2025-01-03 00:00:00,5842369.8,12152129.184,5833697.338297872,12036743.621834312,3.60924855,2.875113,2.56014581,2.63406,47
2025-01-03 04:00:00,5851087.3,11919237.06643794,5852715.993749999,12012863.469515376,3.74970203,2.896232,2.63399504,0.748587,48
2025-01-03 08:00:00,5894812.0,12420368.884,5878644.28125,12151437.482006138,3.8288835,2.854105,2.69458438,1.339826,48
2025-01-03 12:00:00,5990438.4,13137031.4112,5974772.802083333,12802297.710071793,3.43575419,2.854223,2.51703878,0.63813,48
2025-01-03 16:00:00,5982490.1,13226280.97153751,5981119.352083333,13201216.168658815,3.47446084,2.836943,2.57623049,1.255097,48
2025-01-03 20:00:00,6020603.8,13185088.48620664,6017816.006250001,13214115.77910041,3.60368664,2.855781,2.6302521,0.319838,48
2025-01-04 00:00:00,6006140.8,13231528.1824,5997433.097872341,13107721.148205154,3.78179697,3.180856,2.60059524,1.751951,47
2025-01-04 04:00:00,6025656.0,13194797.96731824,6012058.462499999,13150461.048871374,3.90595238,3.131865,2.71619163,1.078528,48
2025-01-04 08:00:00,6026571.4,13038890.03993238,6011790.527083334,12991081.261157213,3.92271106,3.171711,2.71583384,3.217963,48
2025-01-04 12:00:00,6015231.9,13137266.4696,6058975.466666666,13349326.383686438,3.80908033,3.244246,2.6161194,0.65303,48
2025-01-04 16:00:00,6055190.9,13259722.9738489,6036183.952083333,13223404.127728255,3.88242142,3.265312,2.77005988,1.563769,48
2025-01-04 20:00:00,6057826.0,13425034.18856546,6047776.277083334,13348040.446743466,3.66555556,3.261082,2.67483946,0.83693,48
2025-01-05 00:00:00,6027415.9,13092722.74117466,6040785.908510638,13184137.072804926,3.8667426,3.303139,2.75851763,9.162989,47
2025-01-05 04:00:00,6127767.4,13340149.6298,6099782.791666667,13300173.19596377,3.89840183,3.293152,2.79927885,2.388473,48
2025-01-05 08:00:00,6115044.1,13187095.47572073,6103996.964583334,13194974.313474717,4.02181401,3.201865,2.98749256,0.369407,48
2025-01-05 12:00:00,6102882.1,13232809.19634349,6117773.439583334,13233307.395063126,3.99885584,3.260925,2.98808105,1.000768,48
2025-01-05 16:00:00,6150973.9,13292254.5979,6127897.402083334,13205709.978431327,4.02178899,3.242199,2.99046484,3.530798,48
2025-01-05 20:00:00,6131737.5,13391714.7,6137950.302083333,13380741.765045775,3.97146119,3.345118,2.98144823,0.461355,48
2025-01-06 00:00:00,6102280.9,13406711.1373,6132879.438297872,13379948.057192767,3.84180791,3.205804,2.89808153,1.60851,47
2025-01-06 04:00:00,6083871.0,13346184.95328063,6097134.297916667,13413355.178857245,3.76318743,3.239744,2.79776602,0.83656,48
2025-01-06 08:00:00,6070376.9,13385181.0645,6073359.274999999,13259727.072463008,3.70731707,3.140363,2.76815805,0.734954,48
2025-01-06 12:00:00,6047007.8,13599433.79309012,6067835.877083334,13326286.889598688,3.65082873,3.154397,2.68492344,1.628027,48
2025-01-06 16:00:00,6025223.3,13369970.5027,6029492.614583333,13391046.45040113,3.71088435,3.157995,2.71445783,0.600149,48
2025-01-06 20:00:00,6021525.4,13241334.3546,6027544.314583334,13261375.405250853,3.73606371,3.150752,2.67957117,1.07413,48
2025-01-07 00:00:00,6020784.5,13039001.30086698,6017597.031914894,13102949.707815975,3.95848161,3.235266,2.7745098,1.138509,47
2025-01-07 04:00:00,6052743.6,13048860.49367624,6032805.589583334,13011717.316030873,3.97044917,3.238144,2.79926561,4.794963,48
2025-01-07 08:00:00,6016542.4,12749053.3456,6035627.537500001,12979156.672730044,4.30798005,3.137196,2.99555556,2.294497,48
2025-01-07 12:00:00,5997469.1,12096895.1747,6003785.85625,12671407.89616027,4.48891786,3.115641,2.95317511,0.974776,48
2025-01-07 16:00:00,6023788.1,11764458.1593,6063783.118749999,12069472.028791673,4.15487805,2.815173,2.86912962,0.661535,48
2025-01-07 20:00:00,5938787.1,11458533.67916336,5969773.6875,11623591.614734204,3.93187067,2.743444,2.79720704,1.775282,48
2025-01-08 00:00:00,5934214.6,11441165.7488,5934214.6,11441165.7488,3.90470723,2.738092,2.78800727,1.010577,1
2025-01-08 04:00:00,5972689.2,11144689.95887343,5908373.279166666,11035708.71415612,3.70687711,2.404689,2.78051788,6.160742,48
2025-01-08 08:00:00,5983625.7,11147406.36078467,5975707.935416666,11213569.218282506,3.62278761,2.320433,2.70125975,0.096062,48
2025-01-08 12:00:00,5969798.9,11153576.6461869,5976928.314583334,11166757.590890022,3.51779935,2.322786,2.72563177,2.651654,48
2025-01-08 16:00:00,5930877.4,10776404.2358,5469276.170833333,10006993.821384715,3.63055872,2.157467,2.79602309,0.529418,48
2025-01-08 20:00:00,5867281.4,10889674.2784,5902693.193750001,10801715.474739728,3.5451505,2.137981,2.75615919,0.858041,48
2025-01-09 00:00:00,5867277.9,10872065.9487,5867277.9,10872065.9487,3.54120267,2.136436,2.75805433,0.642618,1
2025-01-09 04:00:00,5943544.2,10630997.53996916,5911739.210416667,10833441.931667972,3.56886898,1.633035,2.76190476,1.084263,48
2025-01-09 08:00:00,5969807.2,10877877.8017863,5973173.372916666,10842481.044947281,3.5752809,1.631374,2.77460317,0.690791,48
2025-01-09 12:00:00,6004645.0,11058164.4398965,5980275.197916667,10750914.695886398,3.84670659,1.606362,2.92866667,1.466463,48
2025-01-09 16:00:00,6094576.9,10727098.93132064,6063634.389583333,10946268.8163501,3.95,1.575977,2.99333777,1.49876,48
2025-01-09 20:00:00,6090203.1,10846543.68089701,6089893.96875,10781095.913591152,3.78066038,1.568932,2.92777413,1.079082,48
2025-01-10 00:00:00,6090136.7,10847342.84186743,6090136.7,10847342.84186743,3.7863046,1.568748,2.92262295,0.522194,1
2025-01-10 04:00:00,6070597.7,11297382.3197,6044552.722916666,11040586.287447816,3.66361556,1.516597,2.81640379,1.160298,48
2025-01-10 08:00:00,6150765.9,11298956.9583,6116348.966666666,11319397.699776156,3.90865955,1.497201,2.95137556,1.547046,48
2025-01-10 12:00:00,6141389.5,11036076.9315,6164287.397916667,11145530.976628264,3.93020457,1.497254,2.95213454,0.36648,48
2025-01-10 16:00:00,6228738.4,11415427.42732043,6156453.752083334,11132808.578697572,3.83216783,1.536317,2.93116635,1.879216,48
2025-01-10 20:00:00,6229691.2,11357830.46050534,6230174.818750001,11335632.24741584,3.69117647,1.517074,2.84701493,1.394322,48
2025-01-11 00:00:00,6244334.2,11240311.47233077,6229850.012765958,11293466.409693,3.89084507,1.536134,2.90718373,0.657361,47
2025-01-11 04:00:00,6223716.6,11177703.40049165,6232070.070833333,11243937.989569379,3.99640288,1.55168,2.9767141,0.656593,48
2025-01-11 08:00:00,6270470.8,11390971.55475528,6252786.652083334,11282647.984358432,3.94103774,1.532994,2.94083969,0.768747,48
2025-01-11 12:00:00,6250371.2,11201679.75065318,6269246.70625,11291452.693567567,3.94929245,1.542204,2.95286624,0.622275,48
2025-01-11 16:00:00,6265836.4,11218689.46470777,6217508.477083333,11128323.537145628,3.59046587,1.560136,2.68683901,0.650248,48
2025-01-11 20:00:00,6285130.7,11432652.7433,6259405.15625,11429944.266777014,3.66409692,1.562589,2.73791045,0.151772,48
2025-01-12 00:00:00,6256336.0,11396395.38446432,6255494.189361702,11398194.72049868,3.64647577,1.615188,2.71335312,3.381067,47
2025-01-12 04:00:00,6210315.6,11206513.81706528,6237839.510416667,11336193.71712443,3.79524887,1.621517,2.82467929,2.131395,48
2025-01-12 08:00:00,6301863.3,11362259.5299,6246897.7375,11221302.69360894,3.62813522,1.59976,2.72646007,1.034524,48
2025-01-12 12:00:00,6321399.2,11441732.552,6319770.545833333,11365775.742973072,3.67978142,1.644451,2.77185629,1.687388,48
2025-01-12 16:00:00,6386370.0,11468706.0240171,6361268.941666666,11476440.798942355,3.48125,1.642687,2.64695752,2.583905,48
2025-01-12 20:00:00,6381665.6,11382532.32007765,6393186.712499999,11357690.059021654,3.7172949,1.635619,2.7826087,0.618237,48
2025-01-13 00:00:00,6246516.1,10852719.99685409,6326597.772340426,11290159.591812687,3.77172654,1.606166,2.81675063,1.633262,47
2025-01-13 04:00:00,6170388.5,10520512.3925,6215055.29375,10745595.755531153,3.76318875,1.611317,2.77601523,1.2171,48
2025-01-13 08:00:00,6031504.7,9535808.9307,6058238.368749999,9949798.092135083,3.91921665,1.750977,2.83311518,0.881827,48
2025-01-13 12:00:00,5899290.8,9704333.366,5958354.412500001,9639353.087372912,3.90161893,1.743157,2.84284755,1.130078,48
2025-01-13 16:00:00,5798187.9,9352477.0827,5858730.122916666,9476137.175850092,3.87515451,1.753275,2.77099738,0.606423,48
2025-01-13 20:00:00,5859517.4,9873286.819,5832729.720833334,9706103.022668833,3.61484919,1.763601,2.61907731,0.791033,48
2025-01-14 00:00:00,6001605.1,10232736.6955,5934579.963829787,10070134.674796086,4.03521878,1.820452,3.02723505,0.519295,47
2025-01-14 04:00:00,5944461.7,10147196.1219,5970989.118749999,10238478.724307774,4.13304253,1.805987,3.10036276,1.110377,48
2025-01-14 08:00:00,5875224.2,10087759.9514,5886287.583333333,10138745.592085289,4.23258427,1.782135,3.22481108,7.854308,48
2025-01-14 12:00:00,5929785.0,10305966.33,5910142.097916666,10180052.215405887,4.19196429,1.734603,3.19240349,0.834772,48
2025-01-14 16:00:00,5964161.5,10466083.73980835,5942459.212499999,10356418.307275107,4.19,1.765584,3.19565217,0.592886,48
2025-01-14 20:00:00,6058587.5,10798855.86532113,6021319.675,10658264.361830235,4.11653718,1.819679,3.1278567,0.679833,48
2025-01-15 00:00:00,6068366.4,10772463.11634677,6062175.040425532,10799754.629842006,4.15418994,1.80046,3.13510179,1.420538,47
2025-01-15 04:00:00,6053945.5,10885142.87551985,6046384.114583333,10779676.792108398,4.15168539,1.818856,3.17030568,0.372797,48
2025-01-15 08:00:00,6083227.3,10560884.81578908,6094154.741666667,10748061.524384458,4.2357631,1.813022,3.18215845,1.372511,48
2025-01-15 12:00:00,5948046.2,11060445.9171595,6014832.035416666,10848454.161789102,4.09615385,1.916705,3.13149656,1.067458,48
2025-01-15 16:00:00,5992118.7,11295143.7495,5981325.158333334,11132834.467331247,4.06285714,1.92182,3.09296482,0.698662,48
2025-01-15 20:00:00,5939267.4,11349713.89349008,5949951.364583333,11244075.646849902,4.13048499,2.004296,3.16040738,1.033419,48
2025-01-16 00:00:00,5959673.6,11224120.28425728,5918395.519148936,11167728.392655859,4.18539977,2.742441,3.09565765,0.91028,47
2025-01-16 04:00:00,6003287.2,11364222.6696,5990025.441666666,11326288.152414568,4.19102417,2.711425,3.09289277,1.451362,48
2025-01-16 08:00:00,5949474.9,11248806.11611,5971449.1375,11141809.289775083,4.19605568,2.658212,3.06625387,3.835092,48
2025-01-16 12:00:00,6054821.2,11267876.99803941,5998729.39375,11237613.726781048,4.69433962,2.559541,3.33903884,0.651328,48
2025-01-16 16:00:00,6070541.0,11477445.84426884,6066666.604166667,11410800.014738599,4.7566879,2.579571,3.3516193,0.808422,48
2025-01-16 20:00:00,6182501.3,11437627.405,6122330.339583334,11404057.766941255,4.72418136,2.585995,3.31506849,1.681719,48
2025-01-17 00:00:00,6222233.2,11635333.35468287,6156679.855319149,11556828.53403658,4.70646766,2.541883,3.3893631,0.416912,47
2025-01-17 04:00:00,6084597.5,11635670.59727905,6166128.916666667,11644533.994498225,4.43230404,2.626852,3.28507937,1.536914,48
2025-01-17 08:00:00,5913064.8,11438281.03625136,6012672.868749999,11578737.97670575,3.89403167,2.62017,2.83043198,0.584438,48
2025-01-17 12:00:00,5761709.2,11223809.5216,5879154.622916666,11399447.469077861,3.69322235,2.630351,2.68690702,1.924836,48
2025-01-17 16:00:00,5822588.3,11336651.21261374,5783548.410416666,11260612.04244264,3.86046512,2.567541,2.85488127,0.57361,48
2025-01-17 20:00:00,5874853.1,11624965.91411595,5854261.935416666,11567992.115339948,3.77710843,2.555497,2.78401032,0.37094,48
2025-01-18 00:00:00,5944483.4,11348018.8106,5998617.0,11823687.888845993,3.78622328,2.700256,2.65824384,0.646805,47
2025-01-18 04:00:00,6007918.4,10941498.90917811,5952581.75,11087421.562555363,4.07224335,2.737693,2.79202658,0.634383,48
2025-01-18 08:00:00,6047513.6,11060902.3744,6075158.329166667,11004469.317056773,4.1190781,2.771788,2.81245814,0.359785,48
2025-01-18 12:00:00,6062472.2,11030022.02961293,6055311.354166667,11057304.789541945,4.05653266,2.803624,2.74804688,0.722957,48
2025-01-18 16:00:00,6185502.0,11010193.56,6147571.702083333,10935317.057748592,4.16410256,2.764389,2.80713342,1.477449,48
2025-01-18 20:00:00,6126615.2,11113679.9728,6151071.352083333,10966337.037378501,3.59003398,2.821009,2.53743153,0.470196,48
2025-01-19 00:00:00,6180700.8,11429795.19922138,6189088.140425532,11408616.64083067,3.46171171,2.09463,2.56720099,1.055053,47
2025-01-19 04:00:00,6275708.5,11166699.74248714,6227619.435416666,11235406.191908628,3.52974828,2.084314,2.55132145,0.428495,48
2025-01-19 08:00:00,6636775.4,10919710.88862852,6552433.752083334,11132994.885060078,3.67913148,1.908165,2.60384615,2.056335,48
2025-01-19 12:00:00,6589015.4,11676825.90262901,6573957.645833333,11342283.109256962,3.82857143,1.91149,2.67924528,1.246865,48
2025-01-19 16:00:00,6817108.2,12293504.66071774,6676334.995833334,11849119.043459013,3.73237754,1.806531,2.64895636,0.542857,48
2025-01-19 20:00:00,6789619.1,10949877.81443486,6794377.404166666,11662859.857534468,4.04347826,1.75395,2.75117687,0.808319,48
2025-01-20 00:00:00,6661584.7,10503597.91826106,6718844.4,10565928.604397144,4.05802969,1.695643,2.87144886,1.313784,47
2025-01-20 04:00:00,6593787.0,11287594.58481396,6657718.172916667,10832447.558945527,3.94659546,1.705255,2.75295755,1.024833,48
2025-01-20 08:00:00,6593557.5,11159010.09929498,6632729.310416666,11293000.116489442,3.65491184,1.726519,2.7158545,1.042601,48
2025-01-20 12:00:00,6506267.1,10891491.1254,6569591.195833333,10949439.673519643,3.56234719,1.71515,2.66107383,1.430309,48
2025-01-20 16:00:00,6648379.6,11060727.9056921,6598773.712499999,10954880.425484048,3.57649939,1.650437,2.61294584,0.705417,48
2025-01-20 20:00:00,6717593.6,10862348.8512,6669341.975000001,10934679.277772525,3.79411765,1.633559,2.72320217,0.774745,48
2025-01-21 00:00:00,6572930.4,10398511.82100067,6635488.144680851,10542279.281711394,3.80934343,1.573961,2.72045915,0.833448,47
2025-01-21 04:00:00,6503468.8,10309577.93567558,6512433.429166667,10264489.42652052,3.78661616,1.585623,2.75975359,2.034102,48
2025-01-21 08:00:00,6525110.2,10870833.5932,6507144.0125,10544639.399582645,3.40138408,1.593965,2.50948167,0.687216,48
2025-01-21 12:00:00,6336539.8,10645386.864,6483041.589583334,10881841.845031708,3.24209378,1.527156,2.43499392,0.594843,48
2025-01-21 16:00:00,6292381.0,10907249.90998123,6298864.952083333,10904573.839953782,3.25663717,1.519748,2.51066499,1.459266,48
2025-01-21 20:00:00,6284947.9,10829486.69382726,6320720.466666666,10969453.114724612,3.28253615,1.509639,2.53089533,1.509649,48
2025-01-22 00:00:00,6292012.3,10782282.21320679,6290272.293617021,10828928.875833906,3.49158249,2.265242,2.62492094,1.433699,47
2025-01-22 04:00:00,6243856.6,10641902.56362815,6260735.202083333,10694929.56741817,3.66512167,2.336142,2.73320413,0.792377,48
2025-01-22 08:00:00,6235771.5,10723198.10641789,6252840.899999999,10637467.128680427,3.71645274,2.420063,2.74612403,4.02644,48
2025-01-22 12:00:00,6250819.0,10570214.18938492,6239479.545833333,10574602.222549135,3.57757644,2.422622,2.66624446,0.479006,48
2025-01-22 16:00:00,6493377.4,10789743.41339845,6366915.122916666,10699816.941314071,4.04406365,2.403922,2.90618762,0.473637,48
2025-01-22 20:00:00,6544631.5,10760686.97363259,6531843.945833333,10807843.23953321,3.90692124,2.376673,2.82114883,1.212357,48
2025-01-23 00:00:00,6587034.8,10756627.8284,6564074.259574468,10724109.725139827,3.91696751,1.602281,2.89185581,1.316261,47
2025-01-23 04:00:00,6638751.0,10766323.79793936,6616891.722916666,10709281.221014174,4.0345679,1.573834,2.94568907,0.519491,48
2025-01-23 08:00:00,6667443.4,10661241.9966,6656885.585416667,10694190.375907226,4.00618812,1.576627,2.93070652,0.972436,48
2025-01-23 12:00:00,6651063.4,10790502.1563846,6642742.291666667,10687872.692777677,3.76213018,1.666593,2.85447263,0.433197,48
2025-01-23 16:00:00,6656122.0,10472405.8878329,6689944.329166667,10837789.633465977,3.84587379,1.613506,2.87239758,0.423432,48
2025-01-23 20:00:00,6779624.3,10917805.54954047,6718543.054166667,10725586.821774246,3.94396015,1.67062,2.92402464,1.066103,48
2025-01-24 00:00:00,6727558.0,10602631.408,6761102.572340425,10638484.066825764,4.13530928,1.669967,2.9716263,1.005108,47
2025-01-24 04:00:00,6802960.6,11037464.10576606,6770139.945833333,10935810.48775782,3.92298137,1.70912,2.86747803,2.738037,48
2025-01-24 08:00:00,6931039.4,11415421.8918,6852563.947916667,11170038.362310383,3.93184634,1.71556,2.86124083,4.825731,48
2025-01-24 12:00:00,6844863.2,11109212.9736,6910469.133333333,11364899.873659238,4.28362184,1.783641,3.03977669,0.967932,48
2025-01-24 16:00:00,6794255.5,10823249.0115,6825202.962499999,11033019.90777756,4.19487179,1.743552,2.97152542,1.003774,48
2025-01-24 20:00:00,6820003.1,10708079.22890653,6816486.958333333,10738414.241297618,4.05321782,1.697779,2.8280543,1.565683,48
2025-01-25 00:00:00,6820753.2,10719193.29692311,6820753.2,10719193.29692311,4.06071871,1.698152,2.83365696,1.394135,1
2025-01-25 04:00:00,6855871.8,10726883.49799296,6853503.8875,10799925.302888462,4.02605459,1.679625,2.88065574,0.082205,48
2025-01-25 08:00:00,6833656.7,10845013.1829,6828187.133333333,10711269.724468304,3.75407925,1.677875,2.73333333,1.078814,48
2025-01-25 12:00:00,6914567.2,11165700.57461343,6869556.45,10924055.941766955,3.66859791,1.649105,2.65969231,0.78468,48
2025-01-25 16:00:00,7033009.2,11155110.81992185,7029292.922916667,11178952.191232866,3.8047619,1.687371,2.71242236,1.358217,48
2025-01-25 20:00:00,7011667.2,11109772.54208371,7022955.183333334,11185321.300617136,3.86577993,1.668347,2.75299307,0.341243,48
2025-01-26 00:00:00,7066376.0,11320334.352,7036596.382978723,11205733.259871257,3.87288136,1.649787,2.76996198,0.534331,47
2025-01-26 04:00:00,7113138.8,11434684.23928969,7091207.197916667,11397728.022020323,3.76079347,1.633757,2.75248139,0.215598,48
2025-01-26 08:00:00,7176809.4,11546463.41395622,7140283.283333334,11446653.219614537,3.69115959,1.647916,2.6711165,0.834393,48
2025-01-26 12:00:00,7170022.0,11573750.5660964,7179727.1375,11542452.275843645,3.86018957,1.655506,2.7606679,1.841531,48
2025-01-26 16:00:00,7133258.1,11589662.94434355,7170303.177083333,11638685.961336767,3.94017094,1.675571,2.7377253,0.421179,48
2025-01-26 20:00:00,7218747.1,11227930.88594603,7160290.993749999,11449156.164585344,4.06991261,1.677548,2.79177215,0.89603,48
2025-01-27 00:00:00,7190273.6,11144924.08,7190273.6,11144924.08,4.1954023,1.669886,2.84398977,0.587744,1
2025-01-27 04:00:00,7210072.9,10162397.81722848,7248750.410416666,10506660.763646396,4.40143885,1.712636,2.7946244,1.043624,48
2025-01-27 08:00:00,7273692.1,10184713.58125436,7248643.027083334,10163286.757074988,4.34929577,1.687301,2.90819902,0.415142,48
2025-01-27 12:00:00,7200889.6,10563705.0432,7227740.135416667,10406631.83392698,4.24930362,1.683498,2.95135908,0.896124,48
2025-01-27 16:00:00,7274180.8,10394804.3632,7246613.508333333,10427618.935549153,4.10176391,1.651998,2.87341772,0.521668,48
2025-01-27 20:00:00,7165184.1,10640298.3885,7190563.285416666,10641143.657045662,4.06469003,1.687345,2.88967468,0.326253,48
2025-01-28 00:00:00,7168285.9,10665943.8390308,7168285.9,10665943.8390308,4.06334232,1.689168,2.88896747,1.906449,1
2025-01-28 04:00:00,7101902.8,10632656.10436069,7109281.091666666,10717348.753672067,4.0342556,1.710207,2.93793584,0.56723,48
2025-01-28 08:00:00,7176003.0,10786579.41607767,7145464.03125,10681430.182347208,3.93958869,1.673605,2.95106823,0.738445,48
2025-01-28 12:00:00,7021832.2,10744727.16224299,7102079.022916667,10744686.436878642,3.67073171,1.645992,2.82667569,0.547504,48
2025-01-28 16:00:00,7015994.8,10320528.3508,6990709.452083333,10471397.50165617,3.89487179,1.555885,2.87534626,0.720596,48
2025-01-28 20:00:00,6849632.4,9736012.4223155,6933991.34375,9930855.671888335,3.93594771,1.52876,2.86779184,4.116876,48
2025-01-29 00:00:00,6849267.8,9705412.4726,6849267.8,9705412.4726,3.94888598,1.530226,2.87667371,0.409343,1
2025-01-29 04:00:00,6818339.8,10213873.0204,6805126.745833334,9973300.060181655,3.56004902,1.541042,2.72635135,3.758401,48
2025-01-29 08:00:00,6817824.5,10097198.0845,6826600.370833334,10093839.265755929,3.4400949,1.549592,2.64384463,0.689528,48
2025-01-29 12:00:00,6915282.9,10359093.7842,6865480.789583333,10143351.90595858,3.30195178,1.508439,2.62050947,0.912614,48
2025-01-29 16:00:00,7111947.7,10919595.24363636,7007551.139583333,10476339.114805354,3.06798246,1.507883,2.42999378,0.935908,48
2025-01-29 20:00:00,7125777.7,10720796.96668041,7089792.46875,10887165.2412426,3.11306257,1.474728,2.44134078,0.236106,48
2025-01-30 00:00:00,7122933.6,10740765.45570485,7122933.6,10740765.45570485,3.10635965,1.476613,2.43645381,2.636388,1
2025-01-30 04:00:00,7240457.3,11206279.27612685,7212897.506250001,11228914.394310357,3.08672377,1.492429,2.3836858,1.61385,48
2025-01-30 08:00:00,7215009.6,11479080.2736,7270947.814583334,11471691.051064117,2.96988577,1.445628,2.29883041,1.985997,48
2025-01-30 12:00:00,7049533.6,11289870.21661093,7132619.616666667,11293613.816113783,3.0552546,1.468565,2.3820841,0.842535,48
2025-01-30 16:00:00,7152645.7,11427387.99563839,7089155.239583333,11309226.059713058,2.96848739,1.463168,2.33791866,1.202082,48
2025-01-30 20:00:00,7203562.1,11299987.55543834,7178595.539583333,11339891.271279136,3.08386412,1.463251,2.43401937,0.563363,48
2025-01-31 00:00:00,7201013.1,11291314.84656978,7201013.1,11291314.84656978,3.09478168,1.464387,2.43280872,4.627067,1
2025-01-31 04:00:00,7256363.9,11631951.3317,7204796.26875,11382418.208751263,2.97467072,1.31806,2.32790698,0.686758,48
2025-01-31 08:00:00,7251680.2,11923214.39776005,7281419.520833333,11715888.352841146,2.95005097,1.304089,2.29891614,0.779894,48
2025-01-31 12:00:00,7163757.8,11974666.17533454,7220541.995833334,11874655.24747374,2.91335372,1.319902,2.33314054,2.355427,48
2025-01-31 16:00:00,7157034.1,11508510.8328,7143457.683333334,11698747.390132517,3.13665944,1.345515,2.42006079,1.045254,48
2025-01-31 20:00:00,7198266.2,11546578.57801439,7180293.70625,11453908.07255742,3.12903226,1.325857,2.42537764,2.299796,48
2025-02-01 00:00:00,7193661.2,11397260.28905279,7194731.9127659565,11549087.440631699,3.16916488,1.345681,2.48284314,0.870898,47
2025-02-01 04:00:00,7227685.9,11476182.91427163,7208684.495833334,11523527.9179259,3.16361679,1.355252,2.45998778,0.289593,48
2025-02-01 08:00:00,7245762.7,11333988.81279736,7233680.635416667,11331492.952198898,3.3559322,1.33979,2.52182045,1.206658,48
2025-02-01 12:00:00,7319282.5,11360068.57925477,7254136.264583333,11356002.580500728,3.21052632,1.333169,2.44736842,0.211504,48
2025-02-01 16:00:00,7386879.2,10999007.35786204,7340432.48125,11244917.036625842,3.25652667,1.322935,2.42324425,1.223667,48
2025-02-01 20:00:00,7353132.5,10628045.57866818,7369530.26875,10820197.534634689,3.3453909,1.343242,2.39365672,0.779669,48
2025-02-02 00:00:00,7252329.8,10165178.45823417,7279857.285106382,10534608.681819377,3.39448441,1.523509,2.50809061,2.24089,47
2025-02-02 04:00:00,7212200.1,10212475.3416,7230624.608333333,10286821.07220085,3.13140312,1.542064,2.3845679,0.860753,48
2025-02-02 08:00:00,7101784.4,9862965.34752224,7177701.297916667,10188745.221704802,3.17897092,1.544587,2.443125,1.315351,48
2025-02-02 12:00:00,7111613.8,9949147.7062,7114777.235416667,9973160.126230637,3.07785088,1.534,2.40470297,3.183656,48
2025-02-02 16:00:00,6915244.7,9038224.8229,6981769.989583333,9194889.212475935,3.17523364,1.586612,2.35857605,0.677924,48
2025-02-02 20:00:00,6717360.3,8430287.1765,6818606.25,8577904.788115712,3.22111801,1.596549,2.25952694,0.730849,48
2025-02-03 00:00:00,6830188.6,7492716.8942,6657993.9936170215,7510491.496380395,2.16308041,1.95399,1.59000641,1.879625,47
2025-02-03 04:00:00,6582070.6,7503560.484,6807355.902083334,7380448.894492256,2.57800512,1.875082,1.88684583,0.742372,48
2025-02-03 08:00:00,6347726.9,7193179.18583381,6425379.335416667,7197514.113623557,2.46723301,1.819393,1.87310345,0.480815,48
2025-02-03 12:00:00,6109747.4,7417233.3436,6258718.327083333,7252042.5302704265,2.39615846,1.629855,1.93692417,0.877871,48
2025-02-03 16:00:00,5893286.2,7374752.330461261,5992914.506250001,7377730.21617139,2.49133663,1.65756,2.04322344,0.464568,48
2025-02-03 20:00:00,5801974.2,7293081.5694,5879397.952083333,7342631.825013559,2.7007874,1.767569,2.22153369,2.233199,48
2025-02-04 00:00:00,6040313.3,7176721.65622236,6020870.242553191,7355586.963237865,3.04825737,1.824011,2.21052632,1.924267,47
2025-02-04 04:00:00,6106685.9,6552473.9707,6109745.695833333,6929604.16288953,3.08141113,1.780656,2.13931437,1.972994,48
2025-02-04 08:00:00,6553617.1,7066877.58239092,6698830.045833333,7160223.098561593,3.3138587,1.992711,2.37590711,0.446925,48
2025-02-04 12:00:00,6162414.4,6766331.0112,6307906.041666667,6885305.7704113955,3.03575832,1.722997,2.13205128,0.497364,48
2025-02-04 16:00:00,5963903.6,6514506.80577943,6068574.100000001,6676781.771622139,3.02804878,1.568312,2.12420786,0.948146,48
2025-02-04 20:00:00,6008405.9,6637530.76035396,6013461.08125,6451222.720286217,2.8016055,1.626293,2.03437692,1.505214,48
2025-02-05 00:00:00,5998296.9,6592215.50833693,5998296.9,6592215.50833693,2.82929642,1.62831,2.04371921,0.71209,1
2025-02-05 04:00:00,5728290.0,6366713.5915071,5808764.372916666,6427525.490136117,2.66075388,1.709249,2.02517306,1.427185,48
2025-02-05 08:00:00,5770894.5,6454887.17370998,5821045.318750001,6467228.670380984,2.63901345,1.738301,1.98185232,0.558977,48
2025-02-05 12:00:00,5730455.6,6349344.8048,5716989.368749999,6385560.940788317,2.5816777,1.797648,1.94675643,3.014077,48
2025-02-05 16:00:00,5642317.7,6110630.0691,5610595.931249999,6049126.997641598,2.72916667,1.717694,2.07968648,1.2363,48
2025-02-05 20:00:00,5489203.3,5782603.13760616,5552044.822916667,5865117.694810024,2.81339713,1.709145,2.09277667,1.90808,48
2025-02-06 00:00:00,5485282.7,5773210.45479439,5485282.7,5773210.45479439,2.82035928,1.708184,2.1002656,0.940882,1
2025-02-06 04:00:00,5647633.1,5902489.94203686,5640074.075,5908935.220837367,2.73310424,1.777732,2.02376485,0.74231,48
2025-02-06 08:00:00,5419433.5,5644266.231760071,5529608.710416666,5789912.825272231,2.79834906,1.668743,2.07731305,0.763516,48
2025-02-06 12:00:00,5190632.5,5128344.91,5346661.014583333,5462352.731732611,2.74421296,1.692813,1.97954123,0.740353,48
2025-02-06 16:00:00,5266597.3,5135588.796187471,5229855.835416666,5170718.348720203,2.68735892,1.569536,2.0130031,0.747954,48
2025-02-06 20:00:00,5209610.4,5063741.3088,5235911.827083333,5121631.706036114,2.76009227,1.623446,2.05091138,47.707035,48
2025-02-07 00:00:00,5548546.7,5451340.43419696,5492635.334042554,5369870.980309429,2.65279299,1.833418,2.03425076,1.633869,47
2025-02-07 04:00:00,5522139.8,5505996.98394406,5504505.475000001,5470675.196971668,2.61159737,1.786187,2.00549786,1.12689,48
2025-02-07 08:00:00,5560998.6,5577681.5958,5523708.710416666,5542280.229572066,2.70874862,1.752752,2.08276714,0.979824,48
2025-02-07 12:00:00,5503694.1,5597700.992776929,5541519.21875,5641511.924411856,2.65783664,1.708683,1.98416565,0.397816,48
2025-02-07 16:00:00,5495617.5,5447144.3950524,5517882.685416667,5537292.726845171,2.69944134,1.683458,2.03965304,3.126678,48
2025-02-07 20:00:00,5528102.9,5339639.86627275,5573864.139583333,5304525.613182998,2.7286203,1.682834,1.99378496,4.471334,48
2025-02-08 00:00:00,5525586.0,5343241.662,5525586.0,5343241.662,2.69717514,1.689126,1.97652872,1.835955,1
2025-02-08 04:00:00,5942881.0,5779527.900805609,5829374.53125,5595997.215686972,2.74943052,1.9323,2.05639098,0.939586,48
2025-02-08 08:00:00,6107556.4,5854770.99246266,5936024.127083334,5711728.745388299,2.72635135,2.064809,1.98125756,2.471734,48
2025-02-08 12:00:00,5925551.3,5741859.2097,6011117.322916667,5813773.926654081,2.77904328,2.020717,2.01587302,3.053341,48
2025-02-08 16:00:00,6716759.2,6560041.490647471,6304023.366666667,6122587.543853644,3.16791045,2.27073,2.2530985,2.569929,48
2025-02-08 20:00:00,6735066.6,6543314.80875404,6730423.491666667,6539882.370540716,3.29606099,2.251526,2.2770928,0.917154,48
2025-02-09 00:00:00,6758477.6,6724685.212,6749176.9936170215,6565575.747969916,3.30701754,2.303536,2.27792208,0.922797,47
2025-02-09 04:00:00,6699308.9,6582110.92213104,6736463.291666667,6644332.228082516,3.43953186,2.225525,2.4161575,4.260493,48
2025-02-09 08:00:00,6568398.0,6347859.57063936,6634892.85625,6498717.910140964,3.32061069,2.201288,2.37458194,0.643917,48
2025-02-09 12:00:00,6263820.2,6088433.2344,6373090.310416666,6130125.430520034,3.16461916,2.055868,2.31742876,0.693085,48
2025-02-09 16:00:00,6114384.0,5849687.79199584,6189701.272916667,5979267.83720582,3.30484694,2.090911,2.36682401,1.53264,48
2025-02-09 20:00:00,6066753.6,5867384.97048754,6092033.8875,5806266.896097184,3.23984772,1.980156,2.35386721,1.258823,48
2025-02-10 00:00:00,6240631.6,6008160.45932945,6144419.129787235,5897134.082573629,3.15125,2.020034,2.43595188,1.819805,47
2025-02-10 04:00:00,6302652.3,6149274.73521858,6257339.558333334,6056737.338373787,3.14126394,2.04558,2.41490858,5.021976,48
2025-02-10 08:00:00,6368791.9,6224920.95466692,6337804.708333333,6201993.61894676,3.24492386,2.006209,2.42957746,1.045553,48
2025-02-10 12:00:00,6479498.9,6219132.74213638,6394066.75,6219667.946377563,3.38571429,1.987634,2.59318347,1.610041,48
2025-02-10 16:00:00,6189215.1,6333194.13005764,6381831.274999999,6367985.420527269,2.97630332,1.802251,2.23794003,2.228471,48
2025-02-10 20:00:00,6229264.1,6322703.0615,6189739.2625,6299132.247524772,2.87688734,1.840979,2.2121015,3.524984,48
2025-02-11 00:00:00,5979679.8,6105253.0758,6100426.65531915,6239672.71440715,3.05437352,1.816781,2.25671251,0.57924,47
2025-02-11 04:00:00,5669463.4,5926208.39505241,5838126.14375,6104245.240322996,3.29910141,1.846134,2.44326241,0.137332,48
2025-02-11 08:00:00,5937767.3,6086211.4825,5790033.96875,5974931.103250963,3.27749361,1.769654,2.38128492,11.103062,48
2025-02-11 12:00:00,5992053.6,5961007.57188768,5944252.40625,5951695.721716762,3.17879162,1.765941,2.31161854,6.899168,48
2025-02-11 16:00:00,5815574.0,5574730.60983952,5972003.777083334,5838785.948830056,3.22014925,1.843569,2.40546075,2.892729,48
2025-02-11 20:00:00,6124248.5,5891527.057,6041353.622916666,5813463.277075794,3.24783147,1.717095,2.43856076,1.778918,48
2025-02-12 00:00:00,6124908.0,5897846.51310744,6124908.0,5897846.51310744,3.25714286,1.717038,2.44489796,9.715809,1
2025-02-12 04:00:00,6229829.2,5924567.5692,6201517.872916666,5925522.41971406,3.19876543,1.608126,2.39768076,0.630072,48
2025-02-12 08:00:00,6207933.9,5922368.9406,6197553.243749999,5912133.128857289,3.34056122,1.547885,2.5200563,0.122858,48
2025-02-12 12:00:00,6147695.8,5913513.837061089,6196865.285416666,5896848.195444577,3.36582278,1.574683,2.56484763,0.793089,48
2025-02-12 16:00:00,5853198.4,5946849.5744,5953424.547916667,5944058.531651709,3.09472422,1.613855,2.42130584,1.175724,48
2025-02-12 20:00:00,5781507.4,5995732.54226097,5798647.504166666,5954223.695675876,3.30051151,1.679435,2.47275301,1.402908,48
2025-02-13 00:00:00,5661571.3,5888406.85323868,5673077.89574468,5902392.981343511,3.91678623,1.792822,2.70619335,0.880823,47
2025-02-13 04:00:00,5867988.3,5797572.4404,5760629.83125,5852755.138331997,3.87012987,1.754075,2.65789474,0.31917,48
2025-02-13 08:00:00,6037615.0,6000430.476361849,6023137.64375,6009501.356269975,4.07936508,1.773194,2.8675696,1.280196,48
2025-02-13 12:00:00,6114204.2,6138661.0168,6089677.614583333,6088420.652175307,3.88575458,1.817197,2.71888726,0.275128,48
2025-02-13 16:00:00,6228049.1,6321476.99875647,6106012.6875,6128132.888095667,3.68928087,1.785966,2.56912281,0.960792,48
2025-02-13 20:00:00,6519396.6,6777377.40309568,6357931.747916666,6602931.263238636,3.36340852,1.748188,2.35528031,0.196418,48
2025-02-14 00:00:00,6505625.9,6798379.0655,6493263.076595745,6701825.9434379935,3.39670469,1.74187,2.3994656,0.749741,47
2025-02-14 04:00:00,6716378.4,6915510.35543186,6768759.714583334,6977868.260990757,3.26682987,1.704336,2.31237848,0.20306,48
2025-02-14 08:00:00,7784316.4,7747884.00885523,7531725.695833333,7605853.122941416,3.77423639,1.961603,2.61732606,2.739249,48
2025-02-14 12:00:00,7537967.2,7711340.4456,7760191.033333334,7784598.073369879,3.77206851,1.980454,2.60526316,2.89998,48
2025-02-14 16:00:00,7279568.0,7468836.768,7421225.243749999,7666455.850698862,3.74705111,1.975371,2.57837838,0.395426,48
2025-02-14 20:00:00,7031786.1,7242274.530349489,7143341.554166667,7298370.349520356,3.70103093,2.068943,2.56087824,0.858075,48
2025-02-15 00:00:00,6886135.3,7078947.0884,6922174.078723404,7123594.711908315,3.64713376,2.193716,2.49769585,1.03238,47
2025-02-15 04:00:00,7019633.7,7106666.2072514305,6902330.370833334,7050318.133532043,3.64020487,2.133759,2.50762094,0.569224,48
2025-02-15 08:00:00,7160598.8,7217883.5904,7112029.054166667,7213776.536484483,3.66925065,2.018647,2.59837178,2.001734,48
2025-02-15 12:00:00,7189370.4,7099459.41484056,7156867.866666667,7150914.786917265,3.62121212,2.03287,2.62584574,0.903544,48
2025-02-15 16:00:00,7155550.7,7071343.53536284,7163582.372916666,7061953.1999437595,3.3451119,2.094596,2.46129239,0.860786,48
2025-02-15 20:00:00,6910757.6,6818760.90375304,7121662.5625,7017516.913501639,3.28135991,2.007584,2.39747634,0.907399,48
2025-02-16 00:00:00,6713084.0,6578822.32,6798491.889361703,6690357.82334389,3.19885057,2.134059,2.39861023,0.891777,47
2025-02-16 04:00:00,6463975.2,6365385.1635353,6551076.90625,6463666.672700841,3.12739572,2.123717,2.39332914,0.681168,48
2025-02-16 08:00:00,6469893.6,6636271.960441009,6509827.177083333,6576630.88048952,2.93565976,2.146918,2.29684601,1.06799,48
2025-02-16 12:00:00,6619865.8,6626485.6658,6546097.412500001,6592856.313889712,2.99329609,2.10902,2.39948947,5.11019,48
2025-02-16 16:00:00,6661627.9,6541718.5978,6614363.764583333,6546452.9316583155,2.9136612,2.121186,2.3815873,1.15611,48
2025-02-16 20:00:00,6806683.2,6677356.2192,6796874.66875,6639086.7901320495,3.08936652,2.031511,2.46895213,1.014392,48
2025-02-17 00:00:00,6869694.7,6849085.6159,6837890.129787235,6822725.855081054,3.08144796,2.081504,2.40839695,3.903999,47
2025-02-17 04:00:00,6785440.6,6670088.1098,6827819.272916667,6741025.832783424,3.05340909,2.117193,2.32663317,1.01677,48
2025-02-17 08:00:00,6568096.6,6650156.82257722,6730916.35625,6758886.488179001,2.99093998,2.292181,2.29734848,0.861972,48
2025-02-17 12:00:00,6521820.2,6546404.1360257,6555660.943750001,6698763.529859345,3.06713781,2.262217,2.29219949,0.518304,48
2025-02-17 16:00:00,6557096.3,6517753.7222,6542198.08125,6504008.913034669,2.96045198,2.282261,2.3001888,2.214378,48
2025-02-17 20:00:00,6663244.8,6736672.025252351,6599462.966666666,6659610.784823376,2.82404372,2.273543,2.22140221,2.46231,48
2025-02-18 00:00:00,6664888.7,6738202.4757,6664888.7,6738202.4757,2.82713348,2.27384,2.23133868,0.541062,1
2025-02-18 04:00:00,6665987.1,6386015.6418,6699693.570833333,6524181.032194658,3.1296729,2.161579,2.43555849,1.040657,48
2025-02-18 08:00:00,6513736.0,6299426.72507832,6625851.004166666,6365788.631416279,2.92513966,2.031174,2.31938184,1.718089,48
2025-02-18 12:00:00,6805515.7,6271944.48589667,6667177.720833334,6354659.937917434,3.16292798,1.89344,2.39461589,0.636306,48
2025-02-18 16:00:00,6652041.4,6279527.0816,6692922.164583333,6216368.900818068,2.98542601,1.771973,2.27603513,1.953571,48
2025-02-18 20:00:00,6713692.2,6472443.72722364,6759222.7375,6380047.17308773,2.64905284,1.78007,2.14908662,0.914088,48
2025-02-19 00:00:00,6519699.3,6249285.4483625,6536932.895744681,6265174.462313635,2.59139785,1.715661,2.11788856,0.052449,47
2025-02-19 04:00:00,6393227.2,6245603.9398125,6425475.435416666,6158348.919804942,2.60629921,1.769213,2.14988152,0.322157,48
2025-02-19 08:00:00,6313710.9,6160775.2698857,6283765.04375,6135379.399970711,2.61966236,1.758641,2.14852071,3.551697,48
2025-02-19 12:00:00,6405564.9,6111438.782928529,6394710.352083333,6188133.693314552,2.65492958,1.620389,2.15761511,0.540751,48
2025-02-19 16:00:00,6519463.0,6188379.829705969,6431383.039583333,6168766.7659949,2.64624506,1.529018,2.07722885,1.310395,48
2025-02-19 20:00:00,6549866.0,6217479.09861542,6560919.8625,6200442.182165578,2.66966967,1.570483,2.09215799,2.435562,48
2025-02-20 00:00:00,6605850.8,6420886.9776,6528428.85319149,6322506.657297793,2.5899705,1.737506,2.11939429,5.814127,47
2025-02-20 04:00:00,6697630.6,6406255.404898871,6617697.89375,6370838.612635724,2.5675413,1.706943,2.09190121,16.601256,48
2025-02-20 08:00:00,6816995.9,6537499.0681,6729844.318750001,6436324.398682635,2.59341723,1.657127,2.12788018,0.720056,48
2025-02-20 12:00:00,6807645.2,6521724.1016,6819834.458333333,6607221.690795788,2.57463415,1.555821,2.06207675,0.724052,48
2025-02-20 16:00:00,6849546.9,6842697.3531,6878118.100000001,6744804.6097460585,2.59149357,1.617138,2.08823529,0.913889,48
2025-02-20 20:00:00,6862039.0,6859539.50229425,6809941.235416667,6796799.626443521,2.67375887,1.70528,2.13513514,1.822512,48
2025-02-21 00:00:00,7129381.7,6944017.7758,6922995.974468085,6802659.75090055,2.94105038,1.537204,2.22375525,0.685813,47
2025-02-21 04:00:00,7398663.1,7377284.441012659,7343977.304166667,7262447.325616672,2.9044586,1.443951,2.24337349,0.301973,48
2025-02-21 08:00:00,7208285.6,7528287.491777871,7233919.28125,7448901.142320055,2.69458631,1.492222,2.07611854,0.479674,48
2025-02-21 12:00:00,7045036.2,7188577.614918849,7152165.372916666,7542865.283653155,2.83658009,1.59604,2.12865854,1.302417,48
2025-02-21 16:00:00,7108347.2,6781363.2288,7014276.004166666,6981866.838062505,3.31476998,1.471258,2.35570033,2.313076,48
2025-02-21 20:00:00,7062856.6,6759153.7662,7039821.068750001,6721201.576174553,3.26383981,1.475756,2.42340565,3.672476,48
2025-02-22 00:00:00,7065589.1,6797096.7142,7097877.64893617,6822057.99290192,3.17451206,1.495732,2.43926461,7.04071,47
2025-02-22 04:00:00,6993872.8,6807185.00365596,7006533.029166666,6815720.386930399,3.10935738,1.568191,2.40800516,0.067621,48
2025-02-22 08:00:00,6895402.3,6825945.32635624,6934554.922916667,6810449.795562961,3.13424346,1.597385,2.43628088,0.84214,48
2025-02-22 12:00:00,6925504.4,6842470.37244576,6919502.71875,6833310.774946582,3.15192744,1.593423,2.43324775,1.518213,48
2025-02-22 16:00:00,6763271.3,6784114.48475777,6831500.239583333,6823087.7590877665,3.15197216,1.626642,2.42420299,2.935432,48
2025-02-22 20:00:00,6845117.2,7018656.25408253,6786610.829166667,6898257.960729178,2.94085433,1.669385,2.28899938,0.771578,48
2025-02-23 00:00:00,6761884.3,6815979.3744,6812665.69574468,6947877.583827456,3.12330317,1.716464,2.30716511,2.214378,47
2025-02-23 04:00:00,6683234.7,6857851.58294772,6713290.975000001,6789389.871632468,3.02747253,1.75466,2.23343465,1.301424,48
2025-02-23 08:00:00,6603646.6,6649872.1262,6643682.097916666,6759846.22029107,3.06869369,1.756013,2.27227414,0.225884,48
2025-02-23 12:00:00,6555723.6,6479235.08824042,6603015.352083333,6634311.888993218,3.10309278,1.754347,2.28264984,0.608322,48
2025-02-23 16:00:00,6557702.2,6564966.363458009,6542136.314583334,6537742.931050799,3.17894737,1.794306,2.31997455,2.885811,48
2025-02-23 20:00:00,6526114.4,6565271.0864,6542945.016666667,6513913.284389303,3.25353774,1.76612,2.41291585,2.528889,48
2025-02-24 00:00:00,6570924.5,6248949.1995,6534932.714893618,6421156.205827354,3.38943489,1.581431,2.51457627,1.000053,47
2025-02-24 04:00:00,6377006.6,6260644.27647868,6478707.2625,6280457.280232258,2.91243243,1.506338,2.27114428,1.386699,48
2025-02-24 08:00:00,6286697.7,6098096.769,6328155.825,6105575.032046446,2.88865096,1.57532,2.2645241,0.540779,48
2025-02-24 12:00:00,6211140.8,5864928.33356915,6232003.997916666,6001890.941563558,2.87272727,1.660402,2.30503145,1.225203,48
2025-02-24 16:00:00,6536190.4,6045976.12,6352051.810416666,5994009.146670788,3.0259887,1.64217,2.35862516,0.516707,48
2025-02-24 20:00:00,6675376.0,5887681.632,6578053.39375,5999537.532158335,2.93699885,1.609662,2.15516149,3.253137,48
2025-02-25 00:00:00,7090112.8,6385211.941994671,6955663.895744681,6182782.7676147465,2.25112511,1.456731,1.86046512,0.74226,47
2025-02-25 04:00:00,7093118.3,5995485.19692454,7107772.177083333,6241234.389262619,2.7275641,1.4275,2.08230198,1.379686,48
2025-02-25 08:00:00,7137344.9,6152365.32386456,7058746.677083333,5964998.236162353,2.70974576,1.458675,2.08134557,1.519183,48
2025-02-25 12:00:00,7198270.0,6275306.0930152,7137550.395833333,6142935.583972022,2.74812433,1.430159,2.13296228,1.211207,48
2025-02-25 16:00:00,7211556.2,6337666.4543157,7180740.14375,6241686.643815272,2.76318622,1.428743,2.12178703,0.409028,48
2025-02-25 20:00:00,6973921.1,6265579.23648089,7010061.722916666,6300485.296468082,2.78500551,1.47026,2.05072464,0.450211,48
2025-02-26 00:00:00,6903954.9,6275917.380487329,6915821.595744681,6216739.994619975,2.88590604,1.513096,2.09735059,1.011217,47
2025-02-26 04:00:00,6845766.0,6209109.762,6902194.804166667,6271359.5334141655,2.86313466,1.494534,2.14409938,1.623845,48
2025-02-26 08:00:00,6705171.3,6017542.77399754,6769881.410416666,6139477.0227728365,2.96022727,1.496904,2.19632679,1.903875,48
2025-02-26 12:00:00,6757228.3,6007249.95034989,6687402.225000001,5914770.272344525,2.96211251,1.513971,2.25081011,1.260169,48
2025-02-26 16:00:00,6885531.6,5783025.78863328,6781157.375,5840958.27849177,3.25,1.578848,2.37312459,2.827715,48
2025-02-26 20:00:00,6916870.5,6010914.710712151,6932730.756250001,5991462.690784127,3.152,1.68349,2.36679537,0.603092,48
2025-02-27 00:00:00,7382842.5,6574285.771090129,6908305.29787234,6068116.615570665,2.85684211,1.719217,2.12834225,0.402413,47
2025-02-27 04:00:00,7499282.0,6833231.24436386,7552904.9375,6770611.924489059,2.94264069,1.745771,2.17386018,0.998094,48
2025-02-27 08:00:00,7129575.2,6532005.50557113,7325178.114583333,6723998.531722151,3.03374578,1.723981,2.19678218,1.059008,48
2025-02-27 12:00:00,7160186.6,6472808.6864,7177520.587499999,6534887.471901801,3.17096019,1.714722,2.24118388,1.158773,48
2025-02-27 16:00:00,7340661.4,6518507.3232,7251661.524999999,6502330.374597818,3.02244669,1.724338,2.12477396,1.015302,48
2025-02-27 20:00:00,7379536.9,6652690.88894188,7320416.29375,6498841.470767878,2.95154185,1.729649,2.09958259,0.95255,48
2025-02-28 00:00:00,7092097.0,5921900.995,7291470.189361702,6354421.681570604,3.32356532,1.571998,2.34854497,1.063024,47
2025-02-28 04:00:00,7185467.8,5956752.8062,7225800.152083334,5978317.701953755,3.34440344,1.549327,2.43362832,1.362448,48
2025-02-28 08:00:00,7416176.9,6258701.02090626,7241277.131250001,6098638.970916926,3.37298637,1.598563,2.48825967,0.228573,48
2025-02-28 12:00:00,7301140.6,6512617.4152,7348576.189583334,6352302.949695668,3.31738035,1.598468,2.38873626,1.129922,48
2025-02-28 16:00:00,7271870.7,6605540.67967028,7316856.416666667,6594340.258313693,3.18058968,1.652994,2.28982597,1.073638,48
2025-02-28 20:00:00,7278674.3,6624298.0430987505,7240014.066666666,6551618.529441702,3.078478,1.664283,2.16899619,1.255665,48
2025-03-01 00:00:00,7283299.3,6598669.1658,7263464.487234042,6567318.4341150215,3.28236745,1.629005,2.27992152,1.114345,47
2025-03-01 04:00:00,7188647.0,6350383.04274526,7214964.16875,6463128.986231845,3.27294982,1.685847,2.28450521,0.312441,48
2025-03-01 08:00:00,7201085.5,6248605.84210905,7162513.754166666,6299148.877425692,3.44588235,1.703726,2.40843298,3.40862,48
2025-03-01 12:00:00,7193951.8,6259912.406691831,7171012.245833334,6243103.439020191,3.10701546,1.671749,2.26666667,0.571731,48
2025-03-01 16:00:00,7210380.6,6314084.14498416,7200609.743749999,6294745.155423004,3.18401937,1.644486,2.31785003,2.089341,48
2025-03-01 20:00:00,7254784.4,6450283.8738536,7284017.391666667,6426693.0890346235,3.04408353,1.613336,2.22215109,4.016385,48
2025-03-02 00:00:00,7255432.2,6457334.658,7255432.2,6457334.658,3.05697674,1.612164,2.22471191,4.134873,1
2025-03-02 04:00:00,7669715.4,6866595.57095395,7517745.21875,6771177.107870809,2.8839779,1.733202,2.15159077,1.37663,48
2025-03-02 08:00:00,8171966.8,7488892.19822633,7755275.806249999,7019392.357807323,2.70440252,1.783869,2.02251185,0.20776,48
2025-03-02 12:00:00,7830870.4,7345598.17416925,8015312.154166666,7326098.467620917,2.57965057,1.791329,2.01203369,1.029188,48
2025-03-02 16:00:00,7590275.9,7655688.8977062,7631273.489583333,7559963.2034044415,2.5742268,1.875248,2.00725076,0.260888,48
2025-03-02 20:00:00,7400608.5,7461146.291596941,7509418.439583334,7563009.201650586,2.65469905,1.851501,2.05535055,2.169136,48
2025-03-03 00:00:00,7401137.2,7455240.25304572,7401137.2,7455240.25304572,2.67693943,1.847047,2.07682776,1.618106,1
2025-03-03 04:00:00,7507737.1,7147365.7192,7535779.752083334,7246483.7842441695,3.16167665,1.931871,2.21174952,4.985103,48
2025-03-03 08:00:00,7451482.2,7061436.82323013,7464938.102083333,7056095.680707184,3.03492433,1.93471,2.13169502,1.270636,48
2025-03-03 12:00:00,7688498.3,7573170.8255,7512067.179166667,7267988.92006718,2.65875371,1.725537,1.90810223,0.710577,48
2025-03-03 16:00:00,7600736.5,6848296.72571114,7665177.789583333,7251023.672344577,3.01019253,1.866749,2.11879976,0.406903,48
2025-03-03 20:00:00,7473370.2,6681192.9588,7585740.0625,6838262.671867323,3.02306805,1.867712,2.1292517,2.025828,48
2025-03-04 00:00:00,7661853.2,6456311.85677791,7648586.0276595745,6508199.816533327,3.23840206,1.575814,2.33800842,0.982223,47
2025-03-04 04:00:00,7679391.6,6664702.2223924305,7637071.20625,6524632.828244559,3.1679198,1.576234,2.40934844,0.896832,48
2025-03-04 08:00:00,8003066.0,7082713.41,7789300.470833334,6762216.431479112,2.65140479,1.585304,2.19411396,1.52183,48
2025-03-04 12:00:00,8231786.2,7169885.7802,8154503.452083333,7114470.415802813,2.62931937,1.718555,2.10379117,0.666758,48
2025-03-04 16:00:00,8302447.5,7785009.99625823,8221441.560416666,7423666.051905937,2.32440191,1.747286,1.86563751,1.951275,48
2025-03-04 20:00:00,8272138.2,7732297.4684114205,8309228.429166667,7756836.546175018,2.30009407,1.706864,1.84317032,1.184761,48
2025-03-05 00:00:00,8184801.5,7498940.42533664,8206358.187234043,7653487.465053751,2.38700823,1.717294,1.87506879,0.975016,47
2025-03-05 04:00:00,8163280.4,7502054.6876,8180120.577083333,7446030.443487734,2.37179487,1.750183,1.88851913,2.495173,48
2025-03-05 08:00:00,8172169.6,7510223.8624,8171856.527083334,7674620.844871909,2.44967074,1.716819,1.96924829,0.454906,48
2025-03-05 12:00:00,8245460.6,7766584.61463968,8151717.954166667,7623574.095005095,2.28721541,1.77713,1.83044619,1.297502,48
2025-03-05 16:00:00,8368244.1,7933095.4068,8344736.60625,7860910.544282532,2.32459313,1.83812,1.85621622,1.736116,48
2025-03-05 20:00:00,8340860.0,7815385.82,8370252.433333334,7864668.363091224,2.36040146,1.861176,1.87317073,0.061218,48
2025-03-06 00:00:00,8340936.1,7815457.1257,8340936.1,7815457.1257,2.35154827,1.853508,1.87053088,1.332277,1
2025-03-06 04:00:00,7831411.8,7314538.6212,7969508.614583333,7518045.0676460555,2.52371733,1.940981,2.01486564,0.564577,48
2025-03-06 08:00:00,7651998.8,7212982.20324736,7735739.529166666,7288963.941658642,2.49515504,1.899274,1.94724901,0.586562,48
2025-03-06 12:00:00,7603110.1,6981179.343312849,7586096.177083333,7001487.99944324,2.56972112,1.899016,1.92676056,1.607101,48
2025-03-06 16:00:00,7727315.9,6850098.9444192,7636744.697916667,6825826.6565202335,2.94124048,1.874146,2.09946714,1.576366,48
2025-03-06 20:00:00,7830910.7,6969510.523,7791228.604166667,6937723.90083702,2.75879397,1.871145,2.04355204,1.82464,48
2025-03-07 00:00:00,7938554.3,7007499.29698493,7928419.606382979,6940446.624401731,2.96844396,1.89087,2.10572947,2.480694,47
2025-03-07 04:00:00,7929894.1,7098962.4464007905,7933649.527083334,7040090.417185632,2.98791209,1.888963,2.13908873,0.769736,48
2025-03-07 08:00:00,7825407.8,7106355.17951402,7914943.977083333,7115801.945291668,2.94419643,1.944336,2.12285012,1.905066,48
2025-03-07 12:00:00,7509832.1,7036712.6777,7633343.466666666,7017098.333131071,2.57405516,1.981899,1.91595684,0.738819,48
2025-03-07 16:00:00,7833855.1,7353783.29859543,7747824.533333334,7222151.169234917,2.53979592,1.93251,1.87725225,2.42541,48
2025-03-07 20:00:00,8002896.8,7346039.51807181,7919522.020833333,7327013.09051007,2.498998,1.83586,1.86,0.325541,48
2025-03-08 00:00:00,7991271.6,7181226.3651765,7958640.25106383,7208859.444314149,2.65866388,1.824957,1.93424814,0.298309,47
2025-03-08 04:00:00,8120500.3,7188238.60621896,8048850.527083334,7208599.299623483,2.78046103,1.853212,2.08261406,0.140014,48
2025-03-08 08:00:00,7868675.6,6806576.63930888,7949197.122916666,6939459.884944762,2.89361702,1.809205,2.2,2.42156,48
2025-03-08 12:00:00,7744975.4,6831526.6504441695,7809842.135416667,6836948.646091666,2.79802415,1.809062,2.09796673,0.953305,48
2025-03-08 16:00:00,7778535.9,7031796.4536,7736045.602083333,6871760.07681166,2.66240682,1.81891,1.99880024,3.527407,48
2025-03-08 20:00:00,7722554.2,6844050.56648219,7727684.866666667,6929424.057865475,2.72470076,1.748211,2.06650246,3.880145,48
2025-03-09 00:00:00,7721084.5,6833159.7825,7721084.5,6833159.7825,2.73282443,1.749225,2.0658867,0.688698,1
2025-03-09 04:00:00,7638364.9,6673234.19787206,7632242.145833333,6669471.443303499,2.71381937,1.796696,2.05791744,1.664741,48
2025-03-09 08:00:00,7768654.6,6678031.67010395,7675866.931249999,6664726.903671761,2.53421859,1.751304,2.02723971,0.802345,48
2025-03-09 12:00:00,7894680.5,6592058.2175,7826617.091666666,6703395.9930612175,2.63224447,1.754983,2.07535516,0.210905,48
2025-03-09 16:00:00,7990449.1,6662342.25218511,7912985.527083334,6565763.165332775,2.42152024,1.706838,1.91978923,1.755829,48
2025-03-09 20:00:00,7850605.8,6386613.447037591,7930910.908333334,6486170.9997918755,2.48891129,1.705876,1.94210526,6.869249,48
2025-03-10 00:00:00,8067498.7,6783054.96752578,7912635.123404255,6546536.492296054,2.34926829,1.702698,1.88940092,1.376141,47
2025-03-10 04:00:00,8147743.7,6990522.83990904,8109632.252083334,6901994.132509415,2.4029703,1.707461,1.91067285,1.617726,48
2025-03-10 08:00:00,8107031.1,7126080.3369,8146293.545833333,7038697.694801287,2.34513274,1.679419,1.88238702,2.652328,48
2025-03-10 12:00:00,8146958.7,6876033.1428,8123842.585416667,6974983.944132011,2.64021739,1.706185,2.07793017,0.764081,48
2025-03-10 16:00:00,8416804.2,6824885.03585356,8234307.314583334,6686434.939289451,2.53989071,1.737005,1.94602978,0.677698,48
2025-03-10 20:00:00,8205194.2,6440980.379552609,8302029.829166667,6588281.226850373,2.64469274,1.790441,2.02730159,2.099516,48
2025-03-11 00:00:00,8207951.1,6406201.83880956,8207951.1,6406201.83880956,2.64949608,1.793504,2.03119032,0.673318,1
2025-03-11 04:00:00,8262075.6,6574355.22640835,8228323.04375,6479193.844854246,2.34751037,1.756633,1.84920635,3.150347,48
2025-03-11 08:00:00,8112047.0,6384492.57272527,8185908.608333333,6483126.81425939,2.48216216,1.73639,1.8908645,0.765329,48
2025-03-11 12:00:00,8056572.0,6389180.79738264,8099078.808333334,6311541.1942896955,2.59483726,1.658645,1.93387399,1.29834,48
2025-03-11 16:00:00,8012260.3,6578065.7063,8055589.354166667,6479728.892797814,2.58024691,1.675096,2.0,0.512249,48
2025-03-11 20:00:00,8017452.8,6446032.0512,8048425.477083333,6534422.068620045,2.76651481,1.691423,2.06321839,2.440162,48
2025-03-12 00:00:00,7855243.5,6182076.6345,7982234.370212765,6376953.692840144,2.72044199,1.702901,1.99564134,0.189177,47
2025-03-12 04:00:00,7829053.7,6290751.27966139,7813009.889583333,6117295.550320548,2.64401294,1.651204,1.96984615,1.643199,48
2025-03-12 08:00:00,8072574.2,6753098.707988311,8018776.658333334,6619827.179142546,2.38289602,1.679758,1.71687068,0.467923,48
2025-03-12 12:00:00,7850693.3,6311957.4132,7906424.045833333,6475633.811534877,2.7249725,1.697756,2.01846154,1.223301,48
2025-03-12 16:00:00,7647083.3,6281285.92841179,7717759.979166667,6264764.858342092,2.60450161,1.699883,1.96601942,1.896869,48
2025-03-12 20:00:00,7680965.3,6336796.3725,7691310.1875,6300059.263326026,2.7918552,1.700609,2.08681876,0.645975,48
2025-03-13 00:00:00,7732979.0,6232781.074,7742481.385106384,6307566.480242344,2.86887115,1.691275,2.13371721,1.446618,47
2025-03-13 04:00:00,7804739.5,6243791.6,7784536.60625,6222586.336245098,2.89908257,1.700791,2.15310698,1.061672,48
2025-03-13 08:00:00,7743460.4,6328088.56179126,7790770.152083334,6307732.138564681,2.78054299,1.789849,2.02299565,0.823075,48
2025-03-13 12:00:00,7880216.4,6390855.5004,7815895.91875,6387667.666379285,2.73559322,1.814515,2.05146125,1.563643,48
2025-03-13 16:00:00,8172726.3,6467352.27097558,8068799.616666667,6403779.599307758,2.97094431,1.793302,2.11508453,2.622191,48
2025-03-13 20:00:00,8124530.3,6510377.462078569,8173033.120833334,6514411.150315872,2.921875,1.784533,2.10526316,0.689443,48
2025-03-14 00:00:00,8050276.9,6530349.92458656,8071521.865957446,6523268.920158675,2.81026253,1.712555,1.98241206,3.476308,47
2025-03-14 04:00:00,8102736.2,6587524.5306,8074773.979166667,6558953.70908675,2.87545345,1.687662,2.01520913,1.10024,48
2025-03-14 08:00:00,8102882.7,6733495.5237,8099690.381250001,6670274.856234363,2.74970623,1.773949,1.94720497,10.621497,48
2025-03-14 12:00:00,8186157.3,6884635.648486489,8152814.164583333,6811792.350432787,2.68045977,1.785414,1.94596273,0.934387,48
2025-03-14 16:00:00,8277784.5,6944936.61484328,8238386.91875,6939224.568884513,2.71162791,1.770251,1.97005614,1.510955,48
2025-03-14 20:00:00,8206290.1,6786601.9127,8242462.66875,6860062.652626864,2.58251366,1.747112,1.83400345,1.022789,48
2025-03-15 00:00:00,8187630.4,6806292.90080318,8174920.504255319,6756050.6831855085,2.62362031,1.735538,1.88758782,0.371619,47
2025-03-15 04:00:00,8164294.0,6829812.30545746,8180231.702083333,6845675.783338287,2.59291085,1.68702,1.84689812,0.277636,48
2025-03-15 08:00:00,8084517.7,6844382.67838067,8154838.931249999,6861648.97674355,2.47713098,1.64418,1.73905908,0.602146,48
2025-03-15 12:00:00,8166508.2,6863150.64094722,8086295.95625,6809764.104929741,2.4832636,1.649519,1.7211329,1.52789,48
2025-03-15 16:00:00,8241187.1,6960699.71567375,8234248.245833334,6958545.840820454,2.57608696,1.649252,1.76447661,0.147322,48
2025-03-15 20:00:00,8197871.8,7034235.2166674705,8218993.402083334,7003960.7958362475,2.51713062,1.679067,1.73908237,1.244602,48
2025-03-16 00:00:00,8323876.6,7025351.8504,8227690.836170213,6965639.321431733,2.66073415,1.676988,1.82788296,7.464433,47
2025-03-16 04:00:00,8562841.0,7244163.486,8449189.439583333,7154428.358218248,2.76914286,1.607384,1.85466126,1.977322,48
2025-03-16 08:00:00,8697467.4,7140612.2118819505,8647950.75,7270377.455532505,2.87544484,1.531391,1.92261548,1.280965,48
2025-03-16 12:00:00,8663789.0,7110930.61996628,8700751.008333333,7142422.56922323,3.08673469,1.543706,2.1869536,2.923377,48
2025-03-16 16:00:00,8651021.4,7044863.76981374,8677365.581249999,7167688.964470658,3.10459184,1.547464,2.17336011,2.394463,48
2025-03-16 20:00:00,8700176.3,7047142.803,8662254.272916667,7038562.2788769165,3.10459184,1.543738,2.15970842,0.795593,48
2025-03-17 00:00:00,8741497.2,7276936.61897525,8711773.363829788,7193473.300919446,2.87484958,1.571048,2.07891332,0.990172,47
2025-03-17 04:00:00,8792525.6,7280211.1968,8750745.237499999,7221569.211833973,2.95085995,1.586367,2.10878113,2.111397,48
2025-03-17 08:00:00,8633588.1,7312649.1207,8747596.695833333,7323337.900659517,2.53632479,1.579018,1.80410023,0.292577,48
2025-03-17 12:00:00,8529930.8,7333778.603916,8529064.652083334,7243526.195556138,2.42219917,1.613252,1.69243421,1.775427,48
2025-03-17 16:00:00,8351664.7,7245965.5114222495,8442448.833333334,7286407.191350085,2.41407867,1.701539,1.71777778,0.353143,48
2025-03-17 20:00:00,8282807.5,7213622.950424,8331650.827083333,7235444.346799455,2.31394183,1.70665,1.65207996,0.6323,48
2025-03-18 00:00:00,8241978.2,7013923.4482,8227384.134042554,7090940.364497689,2.29950249,1.678116,1.62794433,0.211995,47
2025-03-18 04:00:00,8286836.2,7065124.5127064,8275859.158333334,7084258.300288488,2.33535968,1.659735,1.65631808,0.252415,48
2025-03-18 08:00:00,8383294.4,7067117.1792,8332980.2625,7108506.345287065,2.42753623,1.675367,1.73934978,0.503175,48
2025-03-18 12:00:00,8554617.7,7004592.66045633,8466864.264583332,7069855.730605428,2.85579196,1.60813,1.99937383,0.220053,48
2025-03-18 16:00:00,8788873.3,7226554.83276237,8675086.785416666,7060625.116018771,2.73927765,1.57419,1.98651134,1.394159,48
2025-03-18 20:00:00,8756551.5,7373016.363,8761635.558333334,7242030.034071311,2.69502762,1.597481,1.95177818,1.372166,48
2025-03-19 00:00:00,8757516.7,7379975.962371729,8757516.7,7379975.962371729,2.68798236,1.596704,1.93986771,2.071616,1
2025-03-19 04:00:00,8667323.0,7280551.32,8662408.397916667,7349135.0809728885,2.76844495,1.420568,1.98830049,0.733783,48
2025-03-19 08:00:00,8603610.3,7473747.11384361,8644893.122916667,7340825.698780908,2.75767918,1.42671,1.95482295,1.478266,48
2025-03-19 12:00:00,8630416.0,7551614.0,8648858.704166668,7481021.511939877,2.70870536,1.44709,1.92127404,2.695362,48
2025-03-19 16:00:00,8437710.0,7420512.755595901,8584907.008333333,7467607.9782361165,2.74157303,1.507798,1.9538835,0.964624,48
2025-03-19 20:00:00,8435787.6,7511285.93235284,8426850.383333333,7406390.281206864,2.58162162,1.5147,1.86221171,0.609348,48
2025-03-20 00:00:00,8338682.9,7346040.3338928,8360786.380851063,7365549.61423504,2.68426966,1.670413,1.86360929,0.261202,47
2025-03-20 04:00:00,8264546.6,7281065.5546,8324369.483333333,7330568.543303202,2.66146993,1.646101,1.84365782,0.074868,48
2025-03-20 08:00:00,8246834.7,7143468.66643835,8259733.835416667,7279233.160919085,2.68035516,1.622982,1.8683274,0.998188,48
2025-03-20 12:00:00,8124342.9,7050404.29182053,8183016.479166667,7153546.068853478,2.71444569,1.605498,1.86871674,0.705275,48
2025-03-20 16:00:00,8121904.2,7057934.7498,8115245.162500001,7010994.672187687,2.92789598,1.619056,1.94089264,0.599783,48
2025-03-20 20:00:00,8164672.8,7115617.34289221,8136410.149999999,7096799.069959416,2.74327354,1.612477,1.86885246,0.400019,48
2025-03-21 00:00:00,8096160.5,7035563.4745,8113217.24893617,7115937.246408372,2.66483516,1.622404,1.88776722,1.08949,47
2025-03-21 04:00:00,8033652.5,6945283.4658334,8061311.04375,7019015.502124264,2.72116461,1.65164,1.90125673,1.450879,48
2025-03-21 08:00:00,7992572.9,6681373.01276306,7999973.035416666,6786197.258448244,2.91242604,1.667015,1.97959184,0.790818,48
2025-03-21 12:00:00,8152882.7,6802047.8712024,8091557.3,6761259.283108956,2.77236693,1.707839,1.95749848,0.586979,48
2025-03-21 16:00:00,8238425.7,6977946.5679,8209838.654166666,6894111.6156718815,3.04136253,1.755519,2.17643186,2.543726,48
2025-03-21 20:00:00,8276635.5,6990697.78748649,8266523.833333333,6993593.831161336,3.09279609,1.756933,2.20541612,0.80262,48
2025-03-22 00:00:00,8273702.6,6969946.69232345,8236565.419148936,6972242.641068763,3.05910736,1.701711,2.19143413,0.521165,47
2025-03-22 04:00:00,8373350.6,7203761.82552706,8337178.9375,7101666.773970123,2.83448276,1.77402,2.07901391,3.580828,48
2025-03-22 08:00:00,8108052.2,6972924.892,8234050.314583334,7112786.751726312,2.90318907,1.773011,2.161875,1.446749,48
2025-03-22 12:00:00,8019472.5,6865584.20356478,8043939.85625,6888435.926186501,2.94553882,1.768756,2.16656151,14.074152,48
2025-03-22 16:00:00,8004176.8,6870844.03573594,8012896.78125,6892041.058548254,3.0430622,1.787074,2.23346304,4.838207,48
2025-03-22 20:00:00,7948406.8,6867423.4752,7970821.885416667,6876755.797507745,2.86697248,1.790458,2.12696417,0.397024,48
2025-03-23 00:00:00,7951138.8,6871537.70588512,7951138.8,6871537.70588512,2.86254296,1.791819,2.12633564,4.454686,1
2025-03-23 04:00:00,7801942.7,6840484.80297892,7864857.454166667,6874869.750275612,2.77027027,1.876229,2.03429271,1.873053,48
2025-03-23 08:00:00,7820422.5,6798403.547207249,7819859.070833333,6838895.954393984,2.81972789,1.857779,2.07992565,0.301437,48
2025-03-23 12:00:00,7795115.2,6723470.2011095,7804167.270833333,6762299.711205583,2.93356643,1.891095,2.13690852,0.954105,48
2025-03-23 16:00:00,8257867.2,7200860.1984,8010746.433333334,6908907.746150662,2.71584699,1.908336,1.97504456,4.459913,48
2025-03-23 20:00:00,8345806.7,7411076.3496,8325924.139583333,7321747.48786848,2.38468992,1.887032,1.81412024,1.367919,48
2025-03-24 00:00:00,8235215.8,7288165.983,8252810.206382979,7275519.334629712,2.51422764,1.92599,1.92009265,0.791294,47
2025-03-24 04:00:00,8312705.8,7628906.61099078,8270427.172916667,7479995.672160875,2.56708595,1.960615,1.87795049,0.466015,48
2025-03-24 08:00:00,8419842.1,7682135.6136464,8388884.489583334,7698611.417085021,2.89414414,1.967381,2.00059347,3.521233,48
2025-03-24 12:00:00,8420829.4,7646113.0952,8428845.539583335,7657954.438857846,2.88610478,1.97086,2.0236507,7.777828,48
2025-03-24 16:00:00,8483448.5,7719938.135,8454880.454166668,7658444.313067425,2.91743119,1.961068,2.05192425,0.529633,48
2025-03-24 20:00:00,8539231.8,7859534.13945381,8514366.708333334,7813041.911337293,2.78453039,1.944671,1.99168646,18.93421,48
2025-03-25 00:00:00,8552680.6,7888438.713844339,8552680.6,7888438.713844339,2.79933481,1.944771,1.99702735,1.880928,1
2025-03-25 04:00:00,8562033.6,7714392.2736,8573153.066666666,7767894.108118135,3.00351288,1.853382,2.06934985,1.967317,48
2025-03-25 08:00:00,8601832.6,7846691.6510148095,8588022.170833332,7784565.721449338,3.02105263,1.910249,2.07844348,0.567162,48
2025-03-25 12:00:00,8716393.2,7853470.2732,8674292.585416667,7839731.87428518,2.95769683,1.939393,2.02414861,1.145975,48
2025-03-25 16:00:00,8645932.1,7861961.60161725,8684654.237499999,7866263.704632096,2.98222749,1.943533,2.04047323,2.129041,48
2025-03-25 20:00:00,8838999.1,8202591.1648,8788144.279166667,8107299.414238212,2.76730988,1.945447,1.92965434,0.34141,48
2025-03-26 00:00:00,8762631.8,8157184.064873901,8762631.8,8157184.064873901,2.75678733,1.937604,1.90564904,2.513645,1
2025-03-26 04:00:00,8701950.6,8210648.38934768,8780027.979166666,8079073.672150169,2.77613636,1.841435,1.99253267,2.271146,48
2025-03-26 08:00:00,8551541.9,7991758.822380191,8594901.454166668,8021591.370617379,2.87962963,1.996519,2.07745592,0.139212,48
2025-03-26 12:00:00,9020000.0,8406736.2434,8756156.520833334,8116875.36404293,2.97145993,1.861347,2.24823113,1.173247,48
2025-03-26 16:00:00,8843518.7,7932636.2739,8746004.483333332,8022524.682297025,3.23950057,1.67555,2.54151177,0.705708,48
2025-03-26 20:00:00,8700044.5,7873540.2725,8781970.027083334,7903979.560955263,3.10706402,1.738968,2.41812689,3.992328,48
2025-03-27 00:00:00,8699087.5,7870735.508859751,8699087.5,7870735.508859751,3.12527716,1.743296,2.42165759,0.268013,1
2025-03-27 04:00:00,8386872.1,7724777.275431901,8430632.720833333,7765892.151372042,2.90085288,1.854402,2.21858562,1.675322,48
2025-03-27 08:00:00,8462555.9,7641687.9777,8427723.608333332,7726145.391501569,2.93398268,1.842995,2.21090047,1.080619,48
2025-03-27 12:00:00,8451274.5,7773586.996391059,8471936.714583334,7717568.639759708,2.99339934,1.841779,2.2326555,2.099607,48
2025-03-27 16:00:00,8293460.6,7538755.6854,8321465.104166667,7592611.222970097,3.04494382,1.908796,2.24593128,0.308336,48
2025-03-27 20:00:00,8162170.3,7373413.912513911,8285904.972916666,7536100.076902408,3.13073394,1.869215,2.38829452,1.664468,48
2025-03-28 00:00:00,8480293.2,7750987.9848,8449649.178723404,7714733.376179054,2.67608476,1.920016,2.06352808,2.223974,47
2025-03-28 04:00:00,8440364.0,7268825.4401084,8407797.966666667,7375477.371873659,2.96700796,1.903219,2.175,0.301144,48
2025-03-28 08:00:00,8114306.4,6840360.2952,8156941.735416667,6922528.762279764,3.22453988,1.923286,2.30865829,2.342548,48
2025-03-28 12:00:00,8014672.3,6644241.96063526,8039600.2625,6742852.268238089,3.16626506,1.948511,2.22136916,0.222867,48
2025-03-28 16:00:00,7998859.2,6594280.08154814,7998854.189583334,6617826.6160831675,3.1464891,1.984545,2.18622449,2.015941,48
2025-03-28 20:00:00,7979920.9,6623334.347,7949833.833333333,6585057.609029354,3.13669065,1.995821,2.19277108,1.035724,48
2025-03-29 00:00:00,8002586.7,6589069.96476398,7992419.295744681,6637678.87475695,3.07117438,1.983124,2.19208679,0.629644,47
2025-03-29 04:00:00,8056884.8,6382211.42220309,8064329.047916667,6491942.6413186565,2.90578888,1.912161,2.12066832,0.738907,48
2025-03-29 08:00:00,8020135.8,6280941.12089198,8049740.8625,6379413.0839538425,2.81367144,1.956611,2.05761067,7.911826,48
2025-03-29 12:00:00,7962649.4,6238411.9639489,7975518.70625,6290135.302350768,2.7827027,1.983223,2.06434155,1.340267,48
2025-03-29 16:00:00,7970300.6,6175678.94411883,7986739.810416666,6191222.571909447,2.94318182,1.911474,2.11833953,1.433286,48
2025-03-29 20:00:00,7964701.4,6173225.40643727,7988669.479166667,6152893.009742447,2.89225589,1.90959,2.08165753,0.359816,48
2025-03-30 00:00:00,8013852.1,6223273.28952601,7984917.882978723,6213409.595311751,2.66002099,1.900084,2.00885478,1.748625,47
2025-03-30 04:00:00,8002653.1,6240624.37892973,7997401.510416667,6234773.9118068,2.71458999,1.903139,2.06799037,0.437061,48
2025-03-30 08:00:00,8003360.2,6242620.956,8001788.162500001,6260635.336131229,2.75731311,1.9151,2.07944209,1.251534,48
2025-03-30 12:00:00,8004322.3,6211354.1048,8000092.672916667,6209254.876157809,2.77571116,1.896793,2.04693141,0.465432,48
2025-03-30 16:00:00,7982580.2,6242152.68746416,7994809.1375,6220377.495666885,2.77252747,1.903328,2.05882353,1.19114,48
2025-03-30 20:00:00,7982767.0,6170818.03062881,7952782.997916666,6180634.3097746745,2.80752212,1.908656,2.06909091,0.776643,48
2025-03-31 00:00:00,7912396.8,6029493.544876031,7976463.302127659,6166041.633939986,2.99066511,1.952764,2.20548819,0.991796,47
2025-03-31 04:00:00,8072325.1,6027786.4565917505,7961461.8125,6088110.586470701,2.9988345,1.870604,2.20520966,1.454293,48
2025-03-31 08:00:00,8098895.9,6154673.41145578,8091598.01875,6068132.015637808,2.89784336,1.895401,2.17791798,1.33352,48
2025-03-31 12:00:00,8093852.6,6191797.239,8120570.091666666,6175388.172879822,2.93257143,1.912259,2.17857143,0.744869,48
2025-03-31 16:00:00,8054101.9,6137225.6478,8069596.904166666,6149745.606640451,2.91647856,1.923277,2.17283951,1.383112,48
2025-03-31 20:00:00,8085645.1,6154544.33567672,8071736.685416666,6134465.366131867,2.91259932,1.906908,2.18548387,1.571027,48
2025-04-01 00:00:00,8091931.2,6157959.6432,8091931.2,6157959.6432,2.92702395,1.910592,2.18757764,0.294617,1
2025-04-01 04:00:00,8742734.2,6626992.5236,8758575.789583333,6564714.972627779,2.93991416,1.999589,2.14631336,0.230097,48
2025-04-01 08:00:00,8523093.3,6375623.66137997,8634672.0,6617480.910168544,2.85548523,2.039664,2.09210526,1.012071,48
2025-04-01 12:00:00,8597630.8,6620175.716,8529254.895833334,6440088.26091615,2.91419492,2.038835,2.07687991,0.976237,48
2025-04-01 16:00:00,9328792.8,6698073.2304,9303672.370833334,6799622.030620921,3.03514377,2.28824,2.17787913,0.552047,48
2025-04-01 20:00:00,9280855.0,6596663.7505245,9299116.766666668,6666977.05601019,2.98640167,2.275399,2.12611607,2.53902,48
2025-04-02 00:00:00,9248496.0,6390710.736,9212050.20212766,6396188.198039278,2.89175258,2.184705,2.09797297,0.605059,47
2025-04-02 04:00:00,9340642.6,6323615.0402,9315697.010416666,6321460.6358890645,2.95338983,2.161673,2.08460237,1.63114,48
2025-04-02 08:00:00,9343479.2,6327669.2821797,9356127.204166668,6384726.608524322,2.87916667,2.167364,2.05533818,0.841591,48
2025-04-02 12:00:00,9466383.3,6607535.5434,9499693.84375,6458263.78095677,2.82680412,2.109046,2.06004489,1.027262,48
2025-04-02 16:00:00,9401468.7,6515217.8091,9405833.508333333,6553260.54607813,2.87225131,2.238833,2.06053812,0.425175,48
2025-04-02 20:00:00,9308344.3,6073435.04602747,9364200.606250001,6260810.864753374,2.92834225,2.203345,2.06416809,0.530128,48
2025-04-03 00:00:00,9066410.5,6114770.65970005,9188932.227659574,6175819.4631751105,2.73069106,2.303064,2.01333333,4.033901,47
2025-04-03 04:00:00,8867752.7,5846131.234134871,8905450.941666666,5994980.722813207,2.74157303,2.220941,2.04504505,1.537744,48
2025-04-03 08:00:00,8744027.4,5631153.6456,8759419.510416666,5711859.998145152,2.82857143,2.144892,2.11819778,1.921197,48
2025-04-03 12:00:00,8636172.6,5482420.78980592,8619054.19375,5474741.78027557,2.79725449,2.090555,2.0814427,1.615942,48
2025-04-03 16:00:00,8798048.2,5724099.1071873,8713524.78125,5592314.10943641,2.79299363,2.067492,2.07284382,8.710122,48
2025-04-03 20:00:00,8847736.6,5759876.5266,8826090.197916666,5766708.068828239,2.76230366,2.073438,2.0483871,0.302671,48
2025-04-04 00:00:00,8921940.0,5710041.6,8883495.536170213,5728093.790959624,2.80982236,2.120938,2.06982112,0.665316,47
2025-04-04 04:00:00,8889345.6,5807359.522357729,8951220.177083334,5773982.254838037,2.784375,2.109026,2.05335628,1.450668,48
2025-04-04 08:00:00,9058009.9,5661256.1875,8960046.487499999,5777062.612569805,2.73747495,1.946453,2.02974186,4.391554,48
2025-04-04 12:00:00,8728468.0,5656047.264,8884366.202083332,5677546.652344052,2.72579001,2.082664,2.07230321,0.372194,48
2025-04-04 16:00:00,8965651.3,5870142.20070389,8923019.147916667,5833220.8720970815,2.60510806,2.101406,1.98754952,0.752204,48
2025-04-04 20:00:00,9007949.3,5945165.01605884,8992252.995833334,5928232.492295641,2.67269076,2.106834,2.02408257,0.426577,48
2025-04-05 00:00:00,9008290.7,5941122.1187526,9008290.7,5941122.1187526,2.6686747,2.105798,2.02352266,0.103219,1
2025-04-05 04:00:00,8984229.7,6109276.196,9002683.739583334,6094916.057583515,2.41025641,2.160699,1.92724289,0.87256,48
2025-04-05 08:00:00,8774290.1,5995748.20126784,8854151.78125,6074249.703637182,2.30655022,2.074337,1.82334711,0.584954,48
2025-04-05 12:00:00,8700030.5,5781244.8265113905,8746367.529166667,5899687.346528545,2.45344507,2.131084,1.88973384,0.349238,48
2025-04-05 16:00:00,8731835.0,5786876.4275119,8711139.285416666,5797677.767791741,2.52822967,2.130326,1.96259073,1.029347,48
2025-04-05 20:00:00,8667890.3,5885497.5137,8713288.260416666,5835976.444260099,2.49008499,2.083986,1.9904548,3.797091,48
2025-04-06 00:00:00,8665131.3,5874959.0214,8665131.3,5874959.0214,2.49432892,2.086477,1.99213483,0.401978,1
2025-04-06 04:00:00,8626381.1,5840303.1823832095,8645408.61875,5844599.902649872,2.41604478,2.157033,1.95421142,40.626901,48
2025-04-06 08:00:00,8611153.3,5786695.0176,8631864.779166667,5826720.689286664,2.4055814,2.137861,1.94028169,2.839936,48
2025-04-06 12:00:00,8538219.4,5609610.1458,8595984.527083334,5654735.031479566,2.43407122,2.156004,1.96037296,0.331534,48
2025-04-06 16:00:00,8789576.0,5386563.93906072,8584149.299999999,5398349.003935483,2.6684435,1.992874,2.03254068,2.353521,48
2025-04-06 20:00:00,8842567.0,5389709.67722589,8749031.077083332,5284455.526480793,2.64491979,2.106866,1.97826087,1.224618,48
2025-04-07 00:00:00,8839289.5,5410702.4414171,8839289.5,5410702.4414171,2.65628357,2.103153,1.98566978,2.228592,1
2025-04-07 04:00:00,8596962.3,4835597.260310889,8685354.393749999,5054525.654517771,2.65227273,2.105467,2.02266667,0.603292,48
2025-04-07 08:00:00,8603341.0,4955553.925459631,8574122.820833333,4978792.206714269,2.76635514,2.162985,2.09762712,4.147475,48
2025-04-07 12:00:00,8619841.5,5240863.632,8617574.254166666,5150497.504005202,2.55543359,2.103796,2.01709402,0.522931,48
2025-04-07 16:00:00,8701457.6,5255680.3904,8705481.547916668,5282515.313603588,2.46828753,1.933015,1.96611253,1.582932,48
2025-04-07 20:00:00,8632702.3,5317744.6168,8664859.235416668,5326646.153650516,2.42722513,1.96145,1.9391635,1.285005,48
2025-04-08 00:00:00,8711665.0,5419190.78758095,8658603.261702128,5421299.8822916895,2.3006993,2.0555,1.78915663,5.663967,47
2025-04-08 04:00:00,8770327.5,5270966.8275,8713197.877083333,5323154.1331973495,2.55460385,2.016415,1.98131443,4.657361,48
2025-04-08 08:00:00,8900880.0,5456239.44,8896913.05625,5345567.33074757,2.69111111,1.867308,2.07763769,3.352834,48
2025-04-08 12:00:00,8896366.0,5291126.75615802,8923133.40625,5376473.8515782,2.25070423,1.913039,1.74702886,0.523956,48
2025-04-08 16:00:00,8887868.9,5194437.92078164,8900069.666666666,5221752.877207347,2.28071834,1.84719,1.79873126,3.461421,48
2025-04-08 20:00:00,8923046.0,5193916.44340756,8901443.4,5175329.218057006,2.26955702,1.835409,1.77485714,3.020074,48
2025-04-09 00:00:00,9082759.0,5347989.89865084,9017281.50638298,5251699.240170148,2.33527697,1.861479,1.82256169,6.077917,47
2025-04-09 04:00:00,9000702.4,5451695.29132696,8994432.775,5374309.284494695,2.44490216,1.855822,1.93960149,2.308222,48
2025-04-09 08:00:00,8979485.2,5324175.36000176,8984162.8125,5417418.828721295,2.47639035,1.889283,1.91578291,0.595056,48
2025-04-09 12:00:00,9147443.2,5572023.88023142,9069713.272916667,5474116.8323665215,2.40350877,1.905417,1.86056511,1.117468,48
2025-04-09 16:00:00,9019968.4,5890039.3652,9047338.299999999,5747864.9147759685,2.44491525,1.881993,1.91312619,0.735014,48
2025-04-09 20:00:00,9017138.6,5897208.6444,9017324.65,5924158.699261938,2.39958592,1.913203,1.90207156,1.187792,48
2025-04-10 00:00:00,8996220.9,5892755.98233934,8996220.9,5892755.98233934,2.39607032,1.916602,1.89962359,0.829419,1
2025-04-10 04:00:00,9303807.6,5834722.53869698,9306546.616666667,5866810.921373054,2.68581081,1.808764,2.05850706,1.237531,48
2025-04-10 08:00:00,9616146.0,5986932.01245798,9459354.458333334,5907918.16044411,2.58996728,1.746248,2.0541806,1.292102,48
2025-04-10 12:00:00,9673283.4,5922254.85268237,9660403.674999999,6050750.565858405,2.64858757,1.703359,2.14414414,2.007708,48
2025-04-10 16:00:00,9680118.7,5991833.753341449,9673205.695833333,5969690.95374094,2.60599334,1.712936,2.08642809,7.877596,48
2025-04-10 20:00:00,9703539.6,6055300.30176498,9684512.204166668,6035095.649813068,2.66553288,1.692905,2.13686382,0.208808,48
2025-04-11 00:00:00,9629824.1,6118162.94639813,9694710.465957446,6107225.662888496,2.52188184,1.656071,2.08192282,1.394148,47
2025-04-11 04:00:00,9672163.6,6199856.8676,9617910.935416667,6124960.452550204,2.56825749,1.614703,2.13795518,2.207859,48
2025-04-11 08:00:00,9475887.1,6002092.746555351,9597434.402083334,6122625.098093319,2.64073227,1.59738,2.16122159,1.033813,48
2025-04-11 12:00:00,9378839.1,6077487.7368,8432230.720833333,5376417.745086287,2.47052402,1.622663,2.00269906,0.682805,48
2025-04-11 16:00:00,9220428.3,5993278.395,9281375.652083334,6043977.37043567,2.48565121,1.632289,2.01155676,1.992068,48
2025-04-11 20:00:00,9221617.3,5957966.59542424,9228413.260416666,5988582.095730856,2.53363229,1.6247,2.0670816,11.390201,48
2025-04-12 00:00:00,9225751.9,5959835.7274,9225751.9,5959835.7274,2.53475336,1.626871,2.06496199,0.622542,1
2025-04-12 04:00:00,9305081.2,6055613.223993969,9293838.735416668,5993548.401926576,2.49509269,1.600968,2.04084411,2.823206,48
2025-04-12 08:00:00,9268023.9,6062446.5969887,9287659.139583332,6068099.673613087,2.56904232,1.594863,2.09191431,1.462374,48
2025-04-12 12:00:00,9193034.6,6192174.19494435,9218793.9625,6125273.724981886,2.58342923,1.61497,2.10732054,0.005582,48
2025-04-12 16:00:00,9213441.2,6215230.8050196,9192300.641666668,6228599.151078485,2.59335624,1.638008,2.09326788,2.323988,48
2025-04-12 20:00:00,9317338.2,6264124.55115412,9270991.154166667,6268605.473032144,2.75413712,1.625073,2.16371368,0.319225,48
2025-04-13 00:00:00,9377285.9,6164962.61353949,9343799.444680851,6196260.475275279,2.86658654,1.620422,2.23005032,0.652663,47
2025-04-13 04:00:00,9462507.4,6112779.7804,9426053.002083333,6117152.8012792105,3.00737101,1.579834,2.34020619,0.210188,48
2025-04-13 08:00:00,9641156.8,6286034.2336,9543771.456249999,6196209.014058117,2.94124559,1.489875,2.44960116,3.139708,48
2025-04-13 12:00:00,9712525.7,6255140.34689948,9709527.535416666,6268845.834941294,3.01904762,1.514237,2.40963855,1.487173,48
2025-04-13 16:00:00,9626379.3,6008331.11263808,9646308.697916666,6263664.13656247,2.82247191,1.46456,2.19497283,1.397646,48
2025-04-13 20:00:00,9427413.0,5966727.81318489,9502258.887500001,5945788.105696115,2.58598726,1.533017,1.97336715,1.208377,48
2025-04-14 00:00:00,9282148.5,5912728.5945,9344707.212765958,5972465.5603618715,2.54,1.48997,1.98272553,1.788184,47
2025-04-14 04:00:00,9289321.7,5865310.41979238,9300618.220833333,5908457.715852633,2.55684211,1.454954,2.06062581,3.809409,48
2025-04-14 08:00:00,9505421.8,6207656.006515769,9381685.775,5983850.814815606,2.48938429,1.471794,2.01781003,0.79093,48
2025-04-14 12:00:00,9935150.0,6249209.35,9654051.029166667,6264535.854167066,2.59711432,1.264641,2.07162347,1.36248,48
2025-04-14 16:00:00,9529332.8,6136890.3232,9665755.058333334,6178963.405477405,2.42948038,1.37562,1.96052632,0.507472,48
2025-04-14 20:00:00,9534321.9,6130882.27951763,9526295.439583333,6128303.10984011,2.4908896,1.384861,2.01870407,2.378428,48
2025-04-15 00:00:00,9531939.2,6144914.44736422,9531939.2,6144914.44736422,2.48715203,1.383136,2.01266667,3.953648,1
2025-04-15 04:00:00,9752830.4,6399966.66972874,9736205.154347826,6353566.551307768,2.31615461,1.401599,1.84357882,2.504096,46
2025-04-15 08:00:00,9738019.0,6397370.35316858,9723956.488636363,6379204.55554147,2.26341463,1.397451,1.81272509,1.397906,44
2025-04-15 12:00:00,9663999.1,6293269.85359314,8617972.381481482,5634709.883082367,2.31256182,1.406519,1.86028066,0.737129,54
2025-04-15 16:00:00,9423553.2,5992554.897352871,9590813.102083333,6136868.234347098,2.42638037,1.418259,1.9492799,0.872052,48
2025-04-15 20:00:00,9431389.8,5915628.17754628,9432862.002083333,5953609.450907626,2.44849116,1.387641,1.99871217,2.210544,48
2025-04-16 00:00:00,9430273.3,5922211.6324,9430273.3,5922211.6324,2.43523316,1.387253,1.99485531,1.800091,1
2025-04-16 04:00:00,9265467.8,5826471.10600619,9290716.314583333,5897200.758138005,2.325,1.366268,1.93753943,2.490925,48
2025-04-16 08:00:00,9261669.8,5828377.603726311,9256639.545833332,5842204.281371354,2.27183513,1.345566,1.9109589,0.436428,48
2025-04-16 12:00:00,9170047.0,5777129.61,9213689.666666666,5805500.589678266,2.35198372,1.379777,1.93540215,0.25208,48
2025-04-16 16:00:00,9061464.7,5733148.210942791,9105003.433333334,5707831.868424776,2.50161812,1.433811,2.02307185,1.159983,48
2025-04-16 20:00:00,9096018.3,5589596.84337831,9048440.310416667,5661601.384176649,2.74352941,1.463261,2.25944767,0.439697,48
2025-04-17 00:00:00,9258662.1,5647783.881,9141541.568085106,5614140.194176591,2.7386231,1.390243,2.2700361,0.815029,47
2025-04-17 04:00:00,8965490.8,5594466.2592,9053394.05625,5631991.776917942,2.72695449,1.480768,2.19138418,0.047035,48
2025-04-17 08:00:00,8982613.9,5599956.51780777,8973053.291666666,5583689.208855814,2.75529412,1.476641,2.21560284,0.455741,48
2025-04-17 12:00:00,9002194.7,5597178.83039516,8967942.791666666,5559283.611715157,2.77476415,1.462614,2.22798295,0.713919,48
2025-04-17 16:00:00,9034934.9,5652372.27584696,9022072.495833334,5683851.520387509,2.72163743,1.505958,2.20970043,1.511221,48
2025-04-17 20:00:00,9048860.8,5606265.686103489,9035513.977083333,5637634.559682253,2.70581395,1.499288,2.21127766,3.080465,48
2025-04-18 00:00:00,9275601.5,5757922.38714,9170151.485106383,5662827.557028995,2.63727679,1.487276,2.17638889,0.734119,47
2025-04-18 04:00:00,9304338.4,5861733.192,9241592.464583334,5784458.313307722,2.64125561,1.515957,2.17454798,0.972741,48
2025-04-18 08:00:00,9380999.4,5924310.2235766305,9346733.029166667,5912367.665148272,2.63554556,1.546955,2.14404432,6.452209,48
2025-04-18 12:00:00,9473632.6,5911546.7424,9421546.197916666,5929176.2069746,2.55904659,1.617643,2.0962963,1.174288,48
2025-04-18 16:00:00,9600896.4,5983775.19484181,9517618.497916667,5942828.697596591,2.58142077,1.618718,2.13807245,1.474536,48
2025-04-18 20:00:00,9694018.0,6018158.04948736,9664232.466666667,6004942.42322924,2.6752809,1.646204,2.17553559,2.263042,48
2025-04-19 00:00:00,9810485.8,6167398.29507232,9774427.40425532,6113812.882197216,2.77434135,1.61472,2.23826209,0.538755,47
2025-04-19 04:00:00,9749427.0,6197340.265674,9801066.706249999,6169249.027118396,2.78571429,1.628376,2.21324042,1.525032,48
2025-04-19 08:00:00,9956906.3,6215621.559090431,9798153.902083334,6170232.226285367,2.78718535,1.583387,2.17971409,0.60784,48
2025-04-19 12:00:00,9861838.4,6232681.8688,9993872.445833333,6262846.246539458,2.77651083,1.575254,2.2183436,0.534048,48
2025-04-19 16:00:00,9906175.0,6369670.525,9867564.53125,6320656.941716245,2.69119287,1.67996,2.13767629,0.829144,48
2025-04-19 20:00:00,9909042.5,6383662.813605,9889157.333333334,6387731.101936001,2.74520857,1.672123,2.18274457,1.696421,48
2025-04-20 00:00:00,9956462.2,6441831.0434,9889695.421276595,6375979.745056184,2.90940767,1.701273,2.23203285,76.723217,47
2025-04-20 04:00:00,10002295.4,6381464.4652,9923836.220833333,6469404.886811062,2.90510949,1.756431,2.24964029,0.368927,48
2025-04-20 08:00:00,9747164.3,6140713.509,9924617.208333334,6286388.761072591,2.92787286,1.757204,2.26027397,0.902809,48
2025-04-20 12:00:00,9822420.4,6266704.2152,9778128.5,6225438.425841596,2.8007034,1.756911,2.20850767,0.315999,48
2025-04-20 16:00:00,9791712.4,6338897.183641,9812555.316666666,6320998.39676464,2.82387707,1.750992,2.2113366,1.779015,48
2025-04-20 20:00:00,9839887.5,6379351.781304,9847143.697916666,6358836.711484757,2.85101311,1.766738,2.21932299,43.881633,48
2025-04-21 00:00:00,9585150.4,6266899.48498085,9636650.387234041,6323487.962483119,2.79672897,1.752078,2.23957597,0.303753,47
2025-04-21 04:00:00,9611966.4,6368895.56889682,9601594.793750001,6341289.9260654105,2.75612602,1.786982,2.2033779,0.192915,48
2025-04-21 08:00:00,9886626.4,6667808.27740412,9833989.545833332,6634715.494266775,2.68841395,1.709336,2.10234114,0.761192,48
2025-04-21 12:00:00,9799841.5,6643030.70940846,9839731.614583334,6659005.813662051,2.69256382,1.699533,2.13101604,0.631343,48
2025-04-21 16:00:00,9469404.8,6306623.5968,9567576.94375,6375117.650205448,2.66116612,1.742195,2.06998038,1.370725,48
2025-04-21 20:00:00,9435895.8,6261180.543219609,9447733.364583334,6264366.55884573,2.66925638,1.760049,2.06959947,6.082356,48
2025-04-22 00:00:00,9209898.3,6147654.45412726,9308770.529787233,6218367.868265717,2.64285714,1.762331,2.062,0.011387,47
2025-04-22 04:00:00,9066646.9,6056520.1292,9132193.612499999,6023463.155244444,2.58203991,1.694438,2.05302013,9.90324,48
2025-04-22 08:00:00,9503461.1,6604905.4645,9092974.018749999,6095034.926591699,2.43661972,1.699871,1.91291291,1.225143,48
2025-04-22 12:00:00,9384449.9,6578499.3799,9387396.106250001,6552257.964967575,2.453125,1.647471,1.96553885,0.360974,48
2025-04-22 16:00:00,9439991.1,6692953.6899,9429733.108333332,6644809.190712572,2.48046463,1.603844,1.94694132,2.371696,48
2025-04-22 20:00:00,9222288.6,6612630.38910663,9261178.064583333,6607896.880072862,2.58471761,1.65854,2.10649699,0.380016,48
2025-04-23 00:00:00,8873971.2,6465525.1009033,8995538.325531915,6474975.972852212,2.77199074,1.715976,2.1291866,0.673546,47
2025-04-23 04:00:00,8763744.8,6416122.83364507,8827088.077083332,6445181.185715697,2.7920094,1.790596,2.11034483,0.442766,48
2025-04-23 08:00:00,8822272.6,6510837.1788,8714145.039583333,6406461.45561785,2.6590389,1.807852,2.04,2.772341,48
2025-04-23 12:00:00,8764475.9,6339775.14072338,8781333.285416666,6454983.298293125,2.81818182,1.840855,2.08455625,12.127306,48
2025-04-23 16:00:00,8880192.2,6420378.9606,8809537.78125,6410680.6031337045,2.87960688,1.768856,2.1695279,2.233072,48
2025-04-23 20:00:00,8842428.8,6478591.062900511,8833277.735416668,6449513.633139383,2.81654676,1.860564,2.14809591,2.62817,48
2025-04-24 00:00:00,8932738.3,6374832.25155653,8893537.946808511,6429785.573110365,2.9273399,1.865121,2.16619318,0.99369,47
2025-04-24 04:00:00,10075361.4,6989806.65588543,9461654.014583332,6708885.972851761,3.04406365,1.558143,2.21730104,0.844753,48
2025-04-24 08:00:00,9573921.2,6682596.9976,9889878.791666666,6858008.678858505,3.24133504,1.582339,2.30975955,1.118077,48
2025-04-24 12:00:00,8911490.7,6728175.4785,9284941.747916667,6645938.916702613,2.70894677,1.919454,1.95979579,1.263888,48
2025-04-24 16:00:00,8689882.8,6663772.23314845,8765227.060416667,6608198.613134719,2.6172973,1.825459,1.94818976,0.784205,48
2025-04-24 20:00:00,8865316.1,6631256.4428,8774308.833333334,6619506.91128197,2.84813084,1.885172,2.1167445,68.072714,48
2025-04-25 00:00:00,8880407.2,6623011.77474731,8880407.2,6623011.77474731,2.8866588,1.866178,2.13633311,0.223511,1
2025-04-25 04:00:00,8870672.1,6883641.5496,8857058.947916666,6771339.2110194815,2.7599094,2.006668,2.08552632,0.657651,48
2025-04-25 08:00:00,8706822.3,6730373.6379,8793466.952083332,6797717.687883803,2.74604966,2.12822,2.07472385,1.303672,48
2025-04-25 12:00:00,8558552.1,6513058.1481,8605193.577083332,6566850.934307606,2.75873732,2.143462,2.02902208,0.50959,48
2025-04-25 16:00:00,8541956.4,6491886.864,8560074.777083334,6517313.949118793,2.74036281,2.200146,2.10744891,1.945092,48
2025-04-25 20:00:00,8558241.3,6529938.1119,8528141.370833334,6500035.831521316,2.75885714,2.201057,2.18144888,0.619341,48
2025-04-26 00:00:00,8557849.4,6526042.82714664,8557849.4,6526042.82714664,2.76315789,2.201048,2.17997294,0.91447,1
2025-04-26 04:00:00,8280547.2,6442265.7216,8440084.195833333,6544890.462441576,2.79370629,2.241297,2.16358658,1.582733,48
2025-04-26 08:00:00,8394872.7,6279364.7796,8370779.506250001,6378402.417724916,2.98898409,2.173596,2.31446991,0.781443,48
2025-04-26 12:00:00,8222823.4,6284243.610966071,8342536.554166667,6289807.4531954145,3.00250313,2.229409,2.2688172,0.469085,48
2025-04-26 16:00:00,8255875.2,6328206.19370314,8259623.527083334,6303369.255767389,2.96291718,2.330969,2.26980728,0.644826,48
2025-04-26 20:00:00,8161753.8,6323255.01325282,8205091.5125,6323464.91614563,2.76121212,2.339833,2.14609929,2.124657,48
2025-04-27 00:00:00,8128586.9,6218368.9785,8163253.640425532,6240464.403367797,2.8127295,2.349756,2.1307747,1.39963,47
2025-04-27 04:00:00,8080085.4,6104504.5197,8098978.120833334,6120404.761127378,2.91331658,2.417048,2.155,0.016478,48
2025-04-27 08:00:00,8140346.5,6115202.33140817,8115371.912500001,6109350.70531666,3.01677419,2.363304,2.21132898,0.477908,48
2025-04-27 12:00:00,8137585.0,6033786.3798173,8157643.922916667,6093096.353906233,2.83007335,2.452333,2.14295824,0.306075,48
2025-04-27 16:00:00,8132372.1,6090952.82714914,8118564.904166666,6036341.471414968,2.71680376,2.583275,2.0784044,1.739981,48
2025-04-27 20:00:00,8170864.9,5946536.24991473,8180492.837499999,6050450.3351915665,3.02168367,2.590644,2.22976879,3.342858,48
2025-04-28 00:00:00,8170392.5,5939875.3475,8170392.5,5939875.3475,3.01528662,2.590479,2.2267148,0.572481,1
2025-04-28 04:00:00,8350568.2,6196121.6044,8291448.752083334,6018153.250959102,3.01774398,2.451121,2.25815809,0.374676,48
2025-04-28 08:00:00,8386924.4,6189550.2072,8438151.727083333,6207522.428860043,3.22757697,2.523456,2.31878698,1.583953,48
2025-04-28 12:00:00,8356968.3,5942202.420130449,8397748.012500001,6099886.351745826,3.15059445,2.512104,2.28613353,1.117295,48
2025-04-28 16:00:00,8283813.9,6138306.0999,8316758.756250001,6052552.869374345,3.09150327,2.510999,2.28297716,0.926886,48
2025-04-28 20:00:00,8321049.4,6124292.3584,8291156.764583333,6109754.654948581,3.04651163,2.502793,2.26277372,1.253023,48
2025-04-29 00:00:00,8317101.4,6192244.34211933,8297534.017021277,6140203.905691543,3.04774194,2.532312,2.26166181,4.375359,47
2025-04-29 04:00:00,8279433.8,6196918.82793295,8289737.35625,6147224.365938202,3.03703704,2.594984,2.29377289,0.96505,48
2025-04-29 08:00:00,8185586.2,6016405.857,8250488.25,6120514.132441037,3.07792208,2.587544,2.29108327,0.551831,48
2025-04-29 12:00:00,8159977.9,5940463.9112,8149972.539583333,5959974.678953358,3.17928287,2.52143,2.33507463,0.758454,48
2025-04-29 16:00:00,8208522.3,5918344.5783,8157121.914583333,5918853.205840132,3.19281915,2.53647,2.38321995,3.433042,48
2025-04-29 20:00:00,8062406.2,5697908.617266529,8142208.912500001,5777343.52104652,3.41043724,2.629744,2.46386946,1.342637,48
2025-04-30 00:00:00,8046129.4,5743780.16280522,8081283.627659574,5716500.451773321,3.32737276,2.669566,2.45637066,2.919009,47
2025-04-30 04:00:00,8061210.0,5732702.6476707,8043703.120833334,5757920.106027675,3.18072289,2.703843,2.42538462,1.319296,48
2025-04-30 08:00:00,8005397.3,5833321.83012923,8041555.814583334,5815149.81999566,3.03359173,2.696271,2.29086892,3.135394,48
2025-04-30 12:00:00,7852662.1,5513378.011029409,7895274.079166667,5600792.943571315,3.29737206,2.713461,2.42669753,0.493406,48
2025-04-30 16:00:00,7836220.0,5558691.7724604,7832774.054166667,5521265.730021046,3.10704961,2.673471,2.3557047,1.49186,48
2025-04-30 20:00:00,7859168.3,5585445.36534638,7834899.616666667,5587392.538273929,3.1695138,2.780058,2.35089021,3.677512,48
2025-05-01 00:00:00,7854367.7,5560892.3316,7846727.072340425,5622827.268650381,3.14415584,2.703803,2.42049736,0.971119,47
2025-05-01 04:00:00,7866679.1,5633292.480785769,7847830.189583334,5589167.327584522,3.16688396,2.672528,2.3891369,1.002296,48
2025-05-01 08:00:00,7990391.5,5824995.4035,7948718.439583334,5779126.098399048,3.09715026,2.805509,2.33923304,0.818428,48
2025-05-01 12:00:00,7971772.1,5791215.3318518,7960558.78125,5797633.846257386,3.12369792,2.868927,2.35402809,0.794093,48
2025-05-01 16:00:00,7935181.1,5798850.61602809,7948783.789583333,5802647.157917184,3.18051948,2.882091,2.37390029,1.32214,48
2025-05-01 20:00:00,7982247.0,5755200.087,7957334.583333333,5786163.963078256,3.24901186,2.817772,2.43862275,19.785906,48
2025-05-02 00:00:00,8014506.8,5858604.4708,8002105.765957447,5854397.929758766,3.2276964,2.824686,2.43726521,2.8018,47
2025-05-02 04:00:00,8001864.9,5761342.728,8008175.735416667,5803037.806989912,3.20921053,2.860397,2.40326168,2.156527,48
2025-05-02 08:00:00,7936068.9,5706033.5391,7986920.358333333,5770499.915251393,3.33016304,2.902018,2.45365486,0.27507,48
2025-05-02 12:00:00,7902367.0,5665997.139,7917921.291666667,5686570.898240995,3.33423913,2.973184,2.49312977,0.743281,48
2025-05-02 16:00:00,7795804.5,5542816.9995,7852537.554166667,5646190.878408037,3.36635007,2.978242,2.52752294,2.797962,48
2025-05-02 20:00:00,7770858.6,5599178.9428202,7791791.804166667,5584139.012865761,3.24274406,2.937783,2.47293233,2.338579,48
2025-05-03 00:00:00,7780462.0,5539688.944,7767881.604255319,5539567.458238476,3.19843342,2.930105,2.4082535,0.800851,47
2025-05-03 04:00:00,7793342.4,5478719.7072,7784366.110416667,5513561.933964287,3.42441054,2.95142,2.59389671,2.020495,48
2025-05-03 08:00:00,7789515.9,5384016.17692157,7788662.475000001,5448801.512097069,3.33558863,2.947224,2.48231753,0.843933,48
2025-05-03 12:00:00,7873409.3,5424779.0077,7825807.414583333,5404965.462811162,3.46482759,2.705871,2.61710324,1.478808,48
2025-05-03 16:00:00,7683255.7,5209247.3646,7747183.833333333,5227582.100232492,3.17503218,2.793029,2.36774194,0.533718,48
2025-05-03 20:00:00,7731021.7,5195246.5824,7705075.041666667,5199897.853746866,3.10606061,2.781771,2.30203224,0.39905,48
2025-05-04 00:00:00,7669297.2,5160812.58142198,7685033.05319149,5155199.372700293,2.89630513,2.677553,2.2295302,1.421249,47
2025-05-04 04:00:00,7691658.6,5160309.75676517,7693335.360416667,5174963.6929954225,2.9686747,2.676418,2.29878049,5.931083,48
2025-05-04 08:00:00,7764911.8,5163666.347,7717300.5625,5131379.786262864,3.05617978,2.673198,2.39164306,0.25751,48
2025-05-04 12:00:00,7728193.4,5119961.2814496895,7728134.985416667,5132251.826878033,2.95104039,2.672845,2.33941094,0.6268,48
2025-05-04 16:00:00,7740844.6,5070253.213,7742707.1375,5095792.327327169,2.94846626,2.678029,2.38940587,0.717082,48
2025-05-04 20:00:00,7773340.8,5098774.50468413,7808906.022916667,5120932.0880650915,2.98881988,2.729408,2.38262742,2.724062,48
2025-05-05 00:00:00,7725165.7,5114059.6934,7731694.64680851,5101678.281974517,2.90831296,2.753809,2.37212644,1.298793,47
2025-05-05 04:00:00,7831686.9,5220659.89380498,7715335.627083334,5125166.18370694,2.74853801,2.715243,2.22823852,0.820893,48
2025-05-05 08:00:00,7626063.4,4934063.0198,7719244.854166667,5081922.675577326,2.87347932,2.635658,2.35622318,0.242228,48
2025-05-05 12:00:00,7772524.6,5004976.92210097,7740108.339583334,4986968.249363354,2.75,2.276953,2.1760325,1.338298,48
2025-05-05 16:00:00,7736826.0,5013463.248,7744708.256250001,5038316.504441743,2.94919455,2.252012,2.29093465,0.740804,48
2025-05-05 20:00:00,7778169.9,5005202.31701754,7783666.789583333,5022980.729575866,2.88170732,2.20245,2.23895028,0.202452,48
2025-05-06 00:00:00,7777043.4,5008415.9496,7777043.4,5008415.9496,2.87347932,2.200936,2.23964088,1.295022,1
2025-05-06 04:00:00,7604112.7,4874236.2407,7670003.622916666,4941992.342048749,2.93857494,2.293895,2.25259516,2.314332,48
2025-05-06 08:00:00,7374512.9,4616445.0754,7492825.402083334,4759141.062473279,2.82825822,2.38257,2.12987013,0.429059,48
2025-05-06 12:00:00,7494080.7,4691294.5182,7442964.727083333,4692880.156933638,2.6318743,2.40211,1.75650249,0.31287,48
2025-05-06 16:00:00,7412437.8,4714310.4408,7442643.508333333,4714981.3197454875,2.40478668,2.433247,1.65641569,3.079474,48
2025-05-06 20:00:00,7315676.2,4693776.5498471,7357624.691666666,4661007.986841773,2.53637351,2.445723,1.70440936,0.136226,48
2025-05-07 00:00:00,7181112.1,4624636.1924,7208019.438297872,4678179.170417561,2.39454355,2.370062,1.68306011,0.258444,47
2025-05-07 04:00:00,7323582.3,4760328.495,7252146.70625,4680613.749985889,2.37970711,2.226065,1.6697347,0.067538,48
2025-05-07 08:00:00,7355133.2,4796900.55866546,7341549.943750001,4784127.586342604,2.35318704,2.213783,1.69955654,1.619425,48
2025-05-07 12:00:00,7321351.1,4678343.3529,7324346.243749999,4728467.263982023,2.78606357,2.193572,2.21933622,1.029361,48
2025-05-07 16:00:00,7415836.7,4753551.3247,7341412.160416666,4689670.473605851,2.41201717,2.170956,1.68229454,0.865035,48
2025-05-07 20:00:00,7379877.2,4778467.3136528,7399321.087499999,4755964.111500309,2.43952484,2.196075,1.70261256,0.807434,48
2025-05-08 00:00:00,7323502.3,4884776.0341,7326265.659574468,4822687.76668163,2.38709677,2.188155,1.69543147,2.223909,47
2025-05-08 04:00:00,7236029.9,4869848.1227,7176856.98125,4817122.122621187,2.40537634,2.158259,1.72592593,0.636506,48
2025-05-08 08:00:00,7265173.3,4937034.712185729,7264550.114583333,4918598.214713602,2.5016538,2.170747,1.81684335,1.903864,48
2025-05-08 12:00:00,7094967.1,4930703.22353608,7200273.068750001,4913267.737123995,2.54427391,2.174412,2.12259444,0.601724,48
2025-05-08 16:00:00,7170802.1,5113156.1414616,7098042.662500001,4989940.050599338,2.43197279,2.155088,2.01984942,3.668627,48
2025-05-08 20:00:00,7923943.7,5973980.56926156,7837342.185416666,5798755.163246698,2.31209503,2.24361,1.94768212,5.078113,48
2025-05-09 00:00:00,7921825.3,5969203.97177486,7921825.3,5969203.97177486,2.31567568,2.244305,1.9587766,0.900305,1
2025-05-09 04:00:00,8013772.5,6422932.5564021,7802232.660416666,6030306.124151516,2.35783784,2.290489,1.91733333,0.794788,48
2025-05-09 08:00:00,7972256.4,6441583.1712,7969818.850000001,6363340.113701772,2.41554054,2.273426,1.95997239,0.761418,48
2025-05-09 12:00:00,7847078.3,6262308.88965665,7884689.787500001,6316945.254923088,2.44469783,2.286899,1.97844228,1.329918,48
2025-05-09 16:00:00,7840414.4,6257936.91118232,7877770.8875,6292593.210427034,2.59404762,2.327764,2.08135349,2.142836,48
2025-05-09 20:00:00,7976300.1,6447845.18267255,7916830.977083333,6358076.392787314,2.71253071,2.283079,2.12967033,0.29503,48
2025-05-10 00:00:00,7915546.2,6422980.5974734,7899474.5234042555,6403926.210474172,2.8163522,2.264231,2.23668189,2.592078,47
2025-05-10 04:00:00,7748091.2,6410075.03525206,7861781.6875,6401996.1087920545,2.80677541,2.290517,2.23106061,2.517671,48
2025-05-10 08:00:00,7610344.0,6184626.49293608,7684849.54375,6329533.7862629555,2.78277154,2.263295,2.21953066,1.677972,48
2025-05-10 12:00:00,7686499.7,6269758.51081466,7646494.079166667,6264672.5459952755,2.83396226,2.283083,2.27960275,0.80768,48
2025-05-10 16:00:00,7800913.6,6568740.73070563,7753075.966666666,6468464.092849109,2.7689441,2.223638,2.20089619,0.851486,48
2025-05-10 20:00:00,7953638.7,7248158.503266769,7883647.556249999,6845286.170577839,2.54439252,2.105535,2.0730136,1.30495,48
2025-05-11 00:00:00,7644632.1,6687640.6652732,7627127.859574468,6614975.2167514535,3.03250975,2.118058,2.37616822,1.096297,47
2025-05-11 04:00:00,7402732.3,6239758.09583936,7471106.420833333,6504319.55542871,2.93531695,2.003949,2.23117871,1.595879,48
2025-05-11 08:00:00,7295955.9,6336532.15422352,7407959.395833333,6300323.286504959,2.75709001,2.099574,2.12380952,0.676708,48
2025-05-11 12:00:00,7113531.4,5978349.64879853,7137467.46875,6154392.726634341,2.8504436,2.135802,2.24235474,0.55143,48
2025-05-11 16:00:00,7106605.8,6210439.783217209,7102363.6875,6120997.808623862,2.86872587,2.21633,2.16378663,0.244898,48
2025-05-11 20:00:00,7098872.0,6128330.12163328,7091656.131250001,6175362.785040498,2.91623037,2.220378,2.22077922,2.057929,48
2025-05-12 00:00:00,7146058.9,6261296.48647796,7130534.974468085,6185645.245386859,2.77192982,2.198419,2.25538462,1.094927,47
2025-05-12 04:00:00,7210135.8,6580037.20164701,7150717.627083334,6343998.697432258,2.6373494,2.259333,2.2275405,0.83594,48
2025-05-12 08:00:00,7105832.5,6376523.6759627,7084022.20625,6454956.313070629,2.7364532,2.231836,2.35866261,0.702404,48
2025-05-12 12:00:00,7209983.1,6323155.1787,7165062.5625,6399766.620832887,2.79140329,2.038652,2.30332829,0.87753,48
2025-05-12 16:00:00,7284942.2,6265050.292,7232451.629166666,6299319.340991181,2.84635083,2.146423,2.30652504,1.501212,48
2025-05-12 20:00:00,7239060.7,6342737.433090471,7245629.466666666,6289146.647443135,2.70320197,2.149097,2.29000751,1.200324,48
2025-05-13 00:00:00,7231843.5,6342326.7495,7231843.5,6342326.7495,2.70653514,2.152698,2.29022556,0.308128,1
2025-05-13 04:00:00,7305829.2,6312891.54250436,7293404.689583334,6211417.306962303,2.62362972,2.098722,2.17638376,0.952036,48
2025-05-13 08:00:00,7430230.7,6542736.97345456,7431382.05,6503268.4451170415,2.58045292,2.095343,2.18081991,0.813904,48
2025-05-13 12:00:00,7411669.2,6649613.00917664,7439525.504166666,6573430.300261087,2.46013667,2.033103,2.08210526,0.756769,48
2025-05-13 16:00:00,7447988.7,6951051.967306511,7354029.806249999,6711904.487919137,2.52948255,1.96693,2.14560237,1.815147,48
2025-05-13 20:00:00,7548697.3,7001794.02964105,7500271.958333333,6929872.645887329,2.48568019,2.004992,2.02692868,1.073506,48
2025-05-14 00:00:00,7548198.8,6981768.29980817,7548198.8,6981768.29980817,2.49401914,2.005457,2.02840495,0.584892,1
2025-05-14 04:00:00,7922004.1,7341206.88495084,7971979.720833334,7505268.562781579,3.03921569,1.950231,2.49216524,0.862382,48
2025-05-14 08:00:00,8083276.8,7407156.52785946,8098037.779166666,7394760.889831233,3.17942584,1.958258,2.54133717,0.935259,48
2025-05-14 12:00:00,8204488.1,7310198.8971,8130302.66875,7337036.194026883,3.16745283,2.031187,2.50282087,0.691466,48
2025-05-14 16:00:00,8171119.7,7266737.556845699,8147547.9375,7269755.727380335,3.09302326,2.08381,2.4880618,1.902002,48
2025-05-14 20:00:00,8108475.9,7156380.20043242,8075135.10625,7169899.309255582,3.2,2.118676,2.56048676,0.25414,48
2025-05-15 00:00:00,7986495.1,6988415.61950741,8049644.119148937,7132425.554306447,3.02808989,2.170051,2.38755981,0.276532,47
2025-05-15 04:00:00,7951141.2,6710763.1728,7984720.997916666,6897098.761098951,3.16109785,2.234136,2.48478261,0.979392,48
2025-05-15 08:00:00,8006655.6,6721016.98205506,8051060.191666666,6794653.099556494,3.24940048,2.189863,2.49714286,0.499105,48
2025-05-15 12:00:00,8000152.2,6744128.3046,8040246.983333333,6693385.333856542,3.43291139,2.224976,2.65355522,1.241988,48
2025-05-15 16:00:00,7912629.0,6543744.183,7930143.779166666,6694073.373288012,3.50711514,2.213371,2.70955316,0.373453,48
2025-05-15 20:00:00,7758567.5,6381805.2747415295,7874482.45625,6491338.934248638,3.53394256,2.314749,2.70720372,0.738414,48
2025-05-16 00:00:00,7842459.2,6609817.30298254,7812953.034042554,6534794.384233931,3.27723971,2.288834,2.55202952,5.208064,47
2025-05-16 04:00:00,7880707.3,6636041.86504748,7868878.243749999,6611434.742560466,3.33783784,2.293693,2.59330855,3.017204,48
2025-05-16 08:00:00,7940241.2,6653922.1256,7900832.05,6603148.934298172,3.67716535,2.32924,2.80745342,0.661411,48
2025-05-16 12:00:00,7983519.9,6571812.35834357,7952385.454166667,6577518.8093500445,3.5915493,2.306664,2.73998488,0.595561,48
2025-05-16 16:00:00,8034785.0,6540314.99,7998824.408333334,6531634.822490134,3.57697283,2.3406,2.72124905,1.207052,48
2025-05-16 20:00:00,8120483.2,6384028.95589018,8026696.95625,6410278.514031784,3.69469599,2.237206,2.85447471,2.534981,48
2025-05-17 00:00:00,8125644.6,6376791.12129322,8125644.6,6376791.12129322,3.69948187,2.235734,2.86349454,0.17058,1
2025-05-17 04:00:00,8355192.6,6485218.94944022,8204332.710416667,6410505.941282277,3.35722965,2.338621,2.58527697,2.786593,48
2025-05-17 08:00:00,8647947.2,6949275.38195261,8631351.606250001,6845351.159435968,2.61620058,2.245528,2.13697789,0.679711,48
2025-05-17 12:00:00,8599505.4,6784782.47567228,8631183.354166666,6860693.155690678,2.70477137,2.26513,2.20969773,1.558624,48
2025-05-17 16:00:00,8789603.9,6900965.361343751,8745582.924999999,6895440.348101913,2.6935167,2.305277,2.21075672,0.686198,48
2025-05-17 20:00:00,8776253.4,6891439.76868114,8861882.395833334,6963199.590031732,2.77565392,2.303027,2.26379201,6.358936,48
2025-05-18 00:00:00,8744845.9,6909845.3632781,8756551.119148936,6912640.660314016,2.72898121,2.279557,2.23791588,9.649122,47
2025-05-18 04:00:00,8712596.7,7144329.294,8739658.5,7049318.056186591,2.60679612,2.372065,2.16552582,1.101838,48
2025-05-18 08:00:00,8570042.2,6946344.8647036,8612707.75,7080327.978543642,2.68617558,2.415132,2.17438174,0.128676,48
2025-05-18 12:00:00,8388972.4,7054557.93885824,8518781.875,7004005.367857486,2.80855615,2.413891,2.26946108,1.210114,48
2025-05-18 16:00:00,8414560.2,6563356.956,8490242.8375,6889587.534181793,3.2280285,2.326487,2.55363571,0.448284,48
2025-05-18 20:00:00,8485276.3,6926477.671302071,8536948.991666667,6752767.0776302265,3.35279503,2.242843,2.59245562,4.331937,48
2025-05-19 00:00:00,8376791.6,6522800.2933279,8400801.687234042,6673867.238747794,3.5226978,2.282578,2.66437834,0.594641,47
2025-05-19 04:00:00,8424056.7,6587612.3394,8374477.241666667,6492404.388252974,3.2673147,2.258957,2.5339664,2.680964,48
2025-05-19 08:00:00,8465859.9,6535924.06276269,8470447.433333334,6569261.832825678,3.33580247,2.243526,2.61297539,0.172528,48
2025-05-19 12:00:00,8514568.2,6633102.44707804,8508015.295833332,6579736.9431182705,3.34525277,2.240975,2.51873199,0.533873,48
2025-05-19 16:00:00,8356909.1,6608794.55848926,8416023.793750001,6660747.947169608,3.01145475,2.396288,2.3331044,0.509321,48
2025-05-19 20:00:00,8373548.5,6640223.9605,8356346.21875,6590145.128958165,3.07192575,2.411717,2.41321152,1.532779,48
2025-05-20 00:00:00,9845318.5,8198778.96708609,9026670.587234043,7328985.025258057,2.63721414,2.346296,2.12060302,1.442642,47
2025-05-20 04:00:00,9882131.2,8231815.2896,9909777.085416667,8359370.533265226,2.53603159,2.291138,2.09569958,1.074882,48
2025-05-20 08:00:00,9608252.8,7786817.27752928,9665083.972916666,7948134.886345499,2.66458982,2.265115,2.1743525,0.671968,48
2025-05-20 12:00:00,9394360.3,7574573.41150163,9469317.775,7598584.590861688,2.62604167,2.244863,2.19196429,0.99979,48
2025-05-20 16:00:00,9216164.6,7414584.781041219,9321273.975,7468448.979122169,2.59011329,2.309937,2.20229738,0.80876,48
2025-05-20 20:00:00,9145515.0,7430278.87469355,9195343.441666666,7485021.534429728,2.76153846,2.272267,2.26069783,0.433374,48
2025-05-21 00:00:00,9150093.3,7443721.13177596,9150093.3,7443721.13177596,2.75960483,2.270712,2.26201448,24.867481,1
2025-05-21 04:00:00,8991611.8,7252169.121633821,9095795.21875,7442376.580620543,2.71830986,2.109102,2.31890812,0.658365,48
2025-05-21 08:00:00,9052796.5,7251289.9965,9054079.6,7227183.296888154,2.70613563,2.09161,2.24256145,3.263898,48
2025-05-21 12:00:00,9218618.1,7430206.1886,9100789.552083334,7332082.087887471,2.77302632,2.060026,2.38394649,2.279213,48
2025-05-21 16:00:00,9073886.2,7322626.1634,9119399.629166666,7364160.277231743,2.6189968,1.985304,2.28409847,1.135091,48
2025-05-21 20:00:00,8663763.3,7080963.74829746,8956834.454166668,7281465.805587488,2.63606557,2.070638,2.2916948,0.487504,48
2025-05-22 00:00:00,8493159.2,7040828.9768,8561813.121276595,7048467.9095228845,2.74041621,2.045724,2.38737542,0.308722,47
2025-05-22 04:00:00,8200962.9,6765794.3925,8261165.225000001,6778498.722896535,2.59421965,1.991042,2.17334254,0.682961,48
2025-05-22 08:00:00,8254601.9,6882354.40376343,8185516.01875,6833740.010434024,2.61124122,1.836455,2.22128259,3.239657,48
2025-05-22 12:00:00,8203651.9,6940289.5074,8224251.320833333,6876887.977954161,2.68220859,1.851546,2.25836972,1.574821,48
2025-05-22 16:00:00,8353212.9,7175409.8811,8393593.65,7220890.387190316,2.47228637,1.904923,1.99050847,1.043278,48
2025-05-22 20:00:00,8374499.5,7188946.7292835,8356986.9875,7160733.016042546,2.65180723,1.877623,2.10055866,0.475332,48
2025-05-23 00:00:00,8241732.5,7199084.273031649,8289478.782978724,7182701.853276392,2.76980198,1.902595,2.16247304,0.574908,47
2025-05-23 04:00:00,8303781.0,7039620.77092509,8259210.885416667,7057986.0380966775,2.91432225,1.904108,2.19258721,3.028376,48
2025-05-23 08:00:00,8282422.4,6813657.69850842,8284078.289583333,7088570.815309759,3.31497175,1.912841,2.36335643,0.941719,48
2025-05-23 12:00:00,8350340.1,6780476.1612,8297246.0125,6768365.3123824885,3.33753501,1.808814,2.46219797,1.793529,48
2025-05-23 16:00:00,8433894.5,6749571.88743418,8380081.0625,6769195.33022172,3.10732984,1.806153,2.33259094,0.369395,48
2025-05-23 20:00:00,8356497.6,6467929.1424,8401398.208333334,6638766.47341551,3.1517976,1.79966,2.32169391,0.80368,48
2025-05-24 00:00:00,8358472.9,6569759.6994,8352622.159574468,6528328.538504106,2.63457077,1.76032,2.07008086,2.29127,47
2025-05-24 04:00:00,8325203.8,6522250.1281583,8359874.493749999,6562822.986896093,2.6737338,1.777595,2.11821306,1.873876,48
2025-05-24 08:00:00,8259510.1,6503527.26759157,8263750.595833334,6499084.551630325,2.70106762,1.798337,2.12233677,0.595594,48
2025-05-24 12:00:00,8188728.3,6413327.41499666,8228669.214583334,6457381.693829037,2.55922551,1.832973,2.04752343,7.491464,48
2025-05-24 16:00:00,8177412.0,6422616.98843988,8158431.739583333,6411928.759566248,2.50336323,1.813674,1.9973736,1.199974,48
2025-05-24 20:00:00,8343542.2,6504103.44368455,8257270.714583334,6463526.602391243,2.49048152,1.814293,1.96414602,1.106122,48
2025-05-25 00:00:00,8345811.1,6509732.658,8345811.1,6509732.658,2.49160134,1.815317,1.96479791,2.392071,1
2025-05-25 04:00:00,7993960.6,6077049.21762103,8215821.141666667,6331123.762564522,2.57042254,1.911983,2.02999318,1.967736,48
2025-05-25 08:00:00,7857769.5,5898746.392891071,7899548.785416666,5922535.713574789,2.64071856,2.056674,2.04924761,0.061856,48
2025-05-25 12:00:00,7932267.7,5939040.333303071,7902542.783333334,5931185.163571786,2.41314031,2.074588,1.86769428,2.144921,48
2025-05-25 16:00:00,8019879.2,6008149.76461749,8013377.979166667,5984693.280565531,2.27320125,2.07545,1.7876377,1.888856,48
2025-05-25 20:00:00,8044982.2,6130726.5531540895,8038743.2,6042102.766991424,2.45303867,2.106249,1.87941919,1.475994,48
2025-05-26 00:00:00,8068795.0,6285591.305,8083430.35106383,6232353.175933814,2.49608939,2.093908,1.86537257,0.824168,47
2025-05-26 04:00:00,8054637.8,6371302.10694036,8040534.875,6282210.633064262,2.41311475,2.112826,1.85642946,1.952681,48
2025-05-26 08:00:00,8027143.6,6269199.1516,8054641.597916666,6332925.317398499,2.37987013,2.095192,1.85321674,0.096944,48
2025-05-26 12:00:00,8127272.3,6376176.5495143905,8081420.46875,6282198.015894961,2.18190955,2.068792,1.70622797,5.887578,48
2025-05-26 16:00:00,8140320.7,6208087.6974168,8122220.958333333,6223990.770029881,2.25437693,2.0484,1.79128857,2.208267,48
2025-05-26 20:00:00,8225760.4,6317383.9872,8205913.652083334,6289933.927378002,2.28215768,2.038454,1.81968215,12.51063,48
2025-05-27 00:00:00,8226143.5,6314137.01774612,8226143.5,6314137.01774612,2.28008299,2.039448,1.79007864,0.978752,1
2025-05-27 04:00:00,8240719.4,6493686.8872,8274513.822916667,6445541.414474054,2.34806034,2.106916,1.89052497,1.67931,48
2025-05-27 08:00:00,8246654.8,6589077.1852,8238135.600000001,6548557.352282894,2.49028571,2.122948,1.97201865,5.077097,48
2025-05-27 12:00:00,8180900.6,6479273.2752,8265792.818750001,6567447.0467307195,2.84968153,2.130051,2.1736955,0.656945,48
2025-05-27 16:00:00,8303685.3,6535000.3311,8245057.772916667,6525131.653586711,2.93480935,2.184986,2.2369338,2.263403,48
2025-05-27 20:00:00,8375299.9,6490857.4225,8351847.597916666,6530303.256451864,3.12051282,2.203091,2.28511236,0.400623,48
2025-05-28 00:00:00,8225668.1,6400289.692272111,8307689.244680851,6434020.233669417,3.04726368,2.261484,2.24982841,4.765983,47
2025-05-28 04:00:00,8093249.0,6310551.95633964,8156014.747916666,6341257.396196318,2.96411483,2.413485,2.19246032,1.134495,48
2025-05-28 08:00:00,8213945.0,6472588.66,8163620.649999999,6327689.603221794,2.94565217,2.265943,2.189747,2.886841,48
2025-05-28 12:00:00,8261644.0,6342813.48372476,8232172.508333333,6435870.639311402,3.05735661,2.188875,2.26149623,0.262225,48
2025-05-28 16:00:00,8367093.7,6313218.44021759,8299441.170833333,6403292.919274191,3.19154557,2.010352,2.37072105,1.23994,48
2025-05-28 20:00:00,8466247.0,6571917.037440049,8446105.90625,6440495.933579107,3.1053316,1.962791,2.29807005,0.431535,48
2025-05-29 00:00:00,8461955.9,6576169.93344874,8461955.9,6576169.93344874,3.1038961,1.963771,2.29907209,0.237461,1
2025-05-29 04:00:00,8256604.0,6493837.95362316,8284782.0625,6545267.4082006775,3.00510856,2.191165,2.29248724,3.095574,48
2025-05-29 08:00:00,8173315.5,6375186.09,8206585.797916667,6442104.282502256,3.25841184,2.181853,2.47171254,3.00123,48
2025-05-29 12:00:00,8367073.1,6309273.552042111,8266179.100000001,6335494.025746826,3.22413793,2.045018,2.43641836,1.103439,48
2025-05-29 16:00:00,8296308.0,6180458.6744046,8332637.747916666,6244833.282307643,2.95498783,2.038877,2.22676838,1.76537,48
2025-05-29 20:00:00,8156605.6,6043227.94711522,8192551.108333333,6127500.882508975,2.88151659,2.036201,2.20699109,2.628242,48
2025-05-30 00:00:00,8157150.3,6040900.0119195,8157150.3,6040900.0119195,2.88151659,2.036403,2.20836189,1.571226,1
2025-05-30 04:00:00,7659527.2,5510907.2679648,7676027.202083333,5539339.203611134,2.71684588,2.206135,2.05083612,0.633199,48
2025-05-30 08:00:00,7994867.2,5747054.002854911,7780826.116666667,5576443.694489375,2.72032902,1.940285,2.13917176,3.925399,48
2025-05-30 12:00:00,8064457.6,5717700.4384,8071484.539583333,5739903.872093603,2.65625,1.971965,2.10872483,0.790911,48
2025-05-30 16:00:00,7934041.7,5501495.93358513,7984442.96875,5531280.023432792,2.7985348,2.013102,2.12551724,0.534434,48
2025-05-30 20:00:00,7904516.2,5225575.90482556,7903552.685416666,5369208.126571818,2.92287918,2.04066,2.1628734,1.017226,48
2025-05-31 00:00:00,7893893.3,5209783.91362958,7893893.3,5209783.91362958,2.90268886,2.035409,2.15778252,0.507752,1
2025-05-31 04:00:00,7784790.0,5223594.09,7794447.239583333,5165505.086798795,2.40073529,1.952495,2.15299793,1.062189,48
2025-05-31 08:00:00,7733966.4,5125914.30626914,7776738.462499999,5169342.355160666,2.47559449,1.883018,2.21589311,3.429378,48
2025-05-31 12:00:00,7748857.8,5199483.5838,7739484.756250001,5191826.849329979,2.60709593,1.894053,2.33284457,1.105619,48
2025-05-31 16:00:00,7557288.2,5078497.6704,7628783.960416667,5128892.786028682,2.64190981,1.875806,2.36639526,0.604214,48
2025-05-31 20:00:00,7546803.2,5101638.9632,7543080.825,5102552.779440734,2.51928021,1.827931,2.35714286,0.371425,48
2025-06-01 00:00:00,7633743.4,5198579.2554,7601813.225531915,5144501.453410192,2.48984772,1.851226,2.33333333,0.66829,47
2025-06-01 04:00:00,7526515.5,5133083.571,7581905.233333333,5190470.493983949,2.53333333,1.813594,2.41798942,4.981454,48
2025-06-01 08:00:00,7506898.9,5052142.9597,7529648.164583333,5066667.493988319,2.62450067,1.844994,2.41723875,0.136548,48
2025-06-01 12:00:00,7457485.7,5078547.7617,7497635.925,5060193.341152392,2.63136729,1.859047,2.42922724,0.745105,48
2025-06-01 16:00:00,7544145.8,5167739.873,7542005.414583333,5182230.87173539,2.45754119,1.852125,2.31637168,2.181629,48
2025-06-01 20:00:00,7471199.0,5158878.89786586,7505257.135416667,5174267.047328598,2.58994709,1.891969,2.3800905,0.804571,48
2025-06-02 00:00:00,7514757.5,5057431.7975,7470051.555319149,5113872.208150881,2.86543909,1.766898,2.58199357,0.470906,47
2025-06-02 04:00:00,7603425.0,5173129.26539325,7545192.958333333,5106353.0221313685,2.8457223,1.772946,2.60192616,1.915185,48
2025-06-02 08:00:00,7549490.4,5076401.38308727,7564705.985416667,5102245.089206646,2.74285714,1.853345,2.39179104,4.705563,48
2025-06-02 12:00:00,7558823.8,5146992.096015,7561587.693750001,5121885.548406055,2.61979167,1.850914,2.26960784,2.382831,48
2025-06-02 16:00:00,7620516.2,5143848.435,7556595.364583333,5135772.32688978,2.7577389,1.806076,2.3666427,0.846015,48
2025-06-02 20:00:00,7567333.3,5312267.9766,7638801.339583334,5289478.715032385,2.54030227,1.829738,2.2858156,0.165016,48
2025-06-03 00:00:00,7462588.3,5254192.0069693,7492966.5702127665,5314050.332353241,2.46027743,1.847581,2.28477786,0.837607,47
2025-06-03 04:00:00,7602863.2,5347046.246693631,7513256.891666667,5288835.874576867,2.60181582,1.881924,2.34237537,0.948019,48
2025-06-03 08:00:00,7528103.1,5303307.7346508,7548963.870833334,5308887.534690391,2.53358682,1.855578,2.31788559,0.848141,48
2025-06-03 12:00:00,7459114.1,5299315.90153586,7506468.533333334,5331130.335826821,2.61458333,1.87712,2.34570597,1.161836,48
2025-06-03 16:00:00,7523703.4,5364400.5242,7530079.53125,5381506.658269943,2.54936709,1.922662,2.31285714,1.821041,48
2025-06-03 20:00:00,7522282.6,5248064.2067104895,7507226.920833333,5268651.211548905,2.73209549,1.968395,2.39047619,0.522437,48
2025-06-04 00:00:00,7532216.0,5257486.768,7532216.0,5257486.768,2.74202128,1.969902,2.38872621,2.566592,1
2025-06-04 04:00:00,7557675.7,5267699.9629,7601153.254166666,5317209.387211504,2.5775,1.944522,2.32062147,3.537429,48
2025-06-04 08:00:00,7389399.2,5073556.9092925,7497068.7375,5199976.64034808,2.91966759,1.930156,2.54969419,0.9962,48
2025-06-04 12:00:00,7390299.8,5100476.67255534,7403523.916666667,5053871.307757181,2.97443182,1.962005,2.52571861,1.346288,48
2025-06-04 16:00:00,7414629.8,5015756.60325559,7414190.447916667,5066358.217035708,2.63591022,1.917887,2.1566343,0.547594,48
2025-06-04 20:00:00,7385763.4,4936557.695412951,7399154.931249999,4957213.839820129,2.73896104,1.911334,2.24492558,2.391086,48
2025-06-05 00:00:00,7369632.2,4963424.14605489,7363259.457446809,4941821.364935112,2.6225,1.87652,2.23076923,1.001596,47
2025-06-05 04:00:00,7301971.1,4947683.30564367,7359990.25,4948445.164276741,2.44777911,1.901119,2.21282221,32.021033,48
2025-06-05 08:00:00,7348597.6,4997046.368,7347153.745833334,5000092.263173181,2.48786408,1.960227,2.16369637,2.117259,48
2025-06-05 12:00:00,7539472.7,5138774.762600111,7494847.141666667,5120161.233874117,2.46829268,1.987049,2.17110519,1.442356,48
2025-06-05 16:00:00,7636466.0,4972092.47427692,7570379.9375,5064348.895107562,2.78484438,1.836892,2.26114206,0.922222,48
2025-06-05 20:00:00,7581903.9,4858906.40698627,7592569.197916667,4842551.006624189,2.75135135,1.910185,2.24631579,1.226445,48
2025-06-06 00:00:00,7583799.2,4842233.0378024,7583799.2,4842233.0378024,2.7564276,1.909971,2.24403927,0.666282,1
2025-06-06 04:00:00,7547247.5,4852880.1425,7518295.64375,4856753.71972464,2.77131258,1.777916,2.38039503,1.102926,48
2025-06-06 08:00:00,7609545.4,4897869.05809647,7561554.160416666,4878112.279305703,2.80984952,1.73863,2.42677515,3.431647,48
2025-06-06 12:00:00,7775686.3,5116490.072710089,7674670.508333333,5021889.2758292975,2.63994744,1.796683,2.32683983,2.338437,48
2025-06-06 16:00:00,8043061.1,5083214.6152,7926362.83125,5068106.281960103,2.62239583,1.702384,2.30845771,6.430423,48
2025-06-06 20:00:00,8151173.9,5135239.557,8101127.716666666,5112737.34959855,2.55597964,1.673588,2.25449516,0.487124,48
2025-06-07 00:00:00,8232062.8,5293216.3804,8217201.382978723,5241893.607046165,2.47174447,1.662498,2.25017042,0.283403,47
2025-06-07 04:00:00,8254933.6,5373961.7736,8244379.139583333,5336773.14029186,2.39570918,1.634385,2.15450362,0.390437,48
2025-06-07 08:00:00,8403134.8,5525089.95375236,8298537.9875,5409193.998246508,2.25879682,1.721029,2.05422446,5.154087,48
2025-06-07 12:00:00,8236629.7,5391097.68078006,8345058.681249999,5492624.055453922,2.30510441,1.697212,2.09542231,2.011801,48
2025-06-07 16:00:00,8246325.4,5405430.92296403,8244459.79375,5391477.405505423,2.33725029,1.723171,2.13442623,0.204951,48
2025-06-07 20:00:00,8286973.4,5465131.08930044,8277806.600000001,5453468.179447706,2.31074766,1.733458,2.08791209,0.240152,48
2025-06-08 00:00:00,8294042.0,5465773.678,8294042.0,5465773.678,2.31967213,1.735684,2.16082065,0.128979,1
2025-06-08 04:00:00,8251181.5,5383946.59100441,8262327.502083334,5408532.532821153,2.48,1.825083,2.12083605,5.450425,48
2025-06-08 08:00:00,8256567.0,5414279.97401346,8266789.368749999,5381700.525907822,2.58875,1.828463,2.23165761,1.904161,48
2025-06-08 12:00:00,8249436.2,5432276.0936721,8300622.600000001,5436039.657954832,2.55403727,1.819555,2.19395973,0.179601,48
2025-06-08 16:00:00,8245226.5,5491320.849,8252395.293617021,5470999.947932924,2.45188794,1.825112,2.11842105,0.187264,47
2025-06-08 20:00:00,8259724.9,5434898.9842,8245987.702083333,5468863.382338293,2.53710692,1.82224,2.16992583,29.174617,48
2025-06-09 00:00:00,8316039.3,5305482.05412631,8267666.882978723,5378612.345656307,2.95415473,1.755239,2.50075529,0.543995,47
2025-06-09 04:00:00,8390035.9,5336062.8324,8369734.90625,5322179.948805335,2.83972603,1.785634,2.43731778,7.695373,48
2025-06-09 08:00:00,8478772.6,5579032.3708,8462662.941666666,5479001.92629556,2.6748072,1.77504,2.24318801,0.812387,48
2025-06-09 12:00:00,8463995.8,5526989.2574,8464964.214583334,5542268.67008007,2.77053455,1.797417,2.28619986,1.380975,48
2025-06-09 16:00:00,8547982.4,5641668.384,8493813.410416666,5601493.563413308,2.94594595,1.771787,2.44759207,0.248435,48
2025-06-09 20:00:00,8623898.1,5886087.62533493,8606763.579166668,5807936.145526413,2.72179487,1.800942,2.32350925,0.686912,48
2025-06-10 00:00:00,8598608.3,5915842.5104,8578375.306382978,5900203.762610566,2.71136654,1.761074,2.25747283,2.186949,47
2025-06-10 04:00:00,8527268.9,5892342.8099,8554636.072916666,5840809.243559758,2.56067961,1.799853,2.19840743,0.858054,48
2025-06-10 08:00:00,8430803.2,5999721.23857728,8437502.116666667,5839595.742279638,2.4007177,1.805099,2.10065789,3.08407,48
2025-06-10 12:00:00,8348447.1,5922527.87529104,8339363.76875,5958754.717552508,2.50124069,1.777953,2.2874379,7.174161,48
2025-06-10 16:00:00,8532334.8,6221291.33984292,8486756.135416666,6130379.319998826,2.34349355,1.824244,2.1861413,0.656141,48
2025-06-10 20:00:00,8441893.6,6247001.264,8411080.470833333,6147692.020176217,2.43441637,1.817837,2.2159013,4.05335,48
2025-06-11 00:00:00,8381193.8,6139609.9934148,8372258.291489362,6123473.641141859,2.35057471,1.881803,2.16846361,0.526676,47
2025-06-11 04:00:00,8303650.3,6095810.98976366,8319774.850000001,6121228.910112484,2.3960047,1.911536,2.18817935,2.240055,48
2025-06-11 08:00:00,8407393.2,6037418.33383997,8369379.552083333,6032967.306691789,2.48540146,2.02192,2.22636301,0.433786,48
2025-06-11 12:00:00,8474418.0,6288754.5829242,8394210.643749999,6129844.784815602,2.34035088,2.021655,2.1724372,1.796962,48
2025-06-11 16:00:00,8461661.1,6011132.398827489,8479392.210416667,6149776.614378477,2.54254007,1.975314,2.31660777,0.722407,48
2025-06-11 20:00:00,8266280.7,5786396.49,8368207.908333334,5891245.199634846,2.80212483,2.110639,2.40686633,0.178347,48
2025-06-12 00:00:00,8265867.9,5781900.12058022,8265867.9,5781900.12058022,2.82219251,2.111511,2.41318681,0.642364,1
2025-06-12 04:00:00,8181185.1,5639039.48161188,8158625.370833334,5655457.851937487,2.54203262,2.044984,2.3030303,0.475954,48
2025-06-12 08:00:00,8180788.5,5497489.872,8191339.927083333,5594443.623063516,2.44860943,2.066311,2.18230925,0.534074,48
2025-06-12 12:00:00,8109180.2,5441259.9142,8144347.914583333,5539109.308653044,2.6,2.078955,2.26478873,0.457178,48
2025-06-12 16:00:00,8154804.5,5341396.9475,8118209.818750001,5470077.074641439,2.65748031,2.064264,2.3299639,0.629568,48
2025-06-12 20:00:00,8239423.0,5317688.66904648,8225119.8125,5334772.1221031435,2.48161765,1.953925,2.14324324,0.573192,48
2025-06-13 00:00:00,8238582.7,5300356.93530502,8238582.7,5300356.93530502,2.47735618,1.954638,2.13333333,0.311124,1
2025-06-13 04:00:00,8327125.7,5039946.447834849,8309021.610416667,5018964.083181925,2.66040268,1.955052,2.2670537,1.137914,48
2025-06-13 08:00:00,8715266.2,5220444.4538,8494596.429166667,5082889.940281685,2.54441624,1.828763,2.2,7.194677,48
2025-06-13 12:00:00,8619117.6,5257661.736,8684997.5375,5214499.640537002,2.5199005,1.847018,2.15789474,1.019819,48
2025-06-13 16:00:00,8357330.8,5051868.73978842,8484479.933333334,5172719.172908447,2.525,1.901611,2.1061712,4.053993,48
2025-06-13 20:00:00,8363486.1,5153385.76740304,8364185.858333333,5122117.053794681,2.44823386,1.862155,2.08744247,0.265197,48
2025-06-14 00:00:00,8368321.5,5163254.3655,8368321.5,5163254.3655,2.45121951,1.861566,2.08881579,1.959366,1
2025-06-14 04:00:00,8486330.4,5244552.1872,8446104.862499999,5203062.68051868,2.41846523,1.853277,2.03080873,0.266907,48
2025-06-14 08:00:00,8475686.5,5212547.1975,8463692.835416667,5196689.942145078,2.50553506,1.849605,2.12825651,81.118619,48
2025-06-14 12:00:00,8592369.6,5198383.608,8530717.033333333,5217238.948366463,2.49878345,1.880189,2.05085823,3.712611,48
2025-06-14 16:00:00,8708111.8,5242283.3036,8600003.847916666,5187009.612131922,2.41536615,1.879401,2.03984576,0.169415,48
2025-06-14 20:00:00,8629163.6,5301004.87614936,8679211.416666666,5278886.976693184,2.40625,1.873403,2.09072978,0.767083,48
2025-06-15 00:00:00,8633776.9,5305425.08246647,8633776.9,5305425.08246647,2.39808153,1.869368,2.08869908,2.27137,1
2025-06-15 04:00:00,8449672.6,5154300.286,8474564.424999999,5184812.308106542,2.43115942,1.868013,2.126,4.379413,48
2025-06-15 08:00:00,8543688.6,5200790.590604969,8502342.070833333,5165972.99751733,2.49022005,1.892125,2.15884718,3.166598,48
2025-06-15 12:00:00,8610330.5,5230891.41548862,8564914.510416666,5208112.178698911,2.59620253,1.934381,2.26041667,1.211737,48
2025-06-15 16:00:00,8610650.6,5175001.0106,8601443.604166666,5204110.422352894,2.59720457,1.91679,2.25730181,0.552466,48
2025-06-15 20:00:00,8609332.3,5263958.504821129,8651245.393749999,5194578.672798489,2.49501247,1.913688,2.13391655,1.414343,48
2025-06-16 00:00:00,8609565.7,5264719.894739649,8609565.7,5264719.894739649,2.49812734,1.912743,2.13890762,0.666967,1
2025-06-16 04:00:00,8603492.7,5463217.8645,8595233.429166667,5402756.397125152,2.19090909,1.865943,2.07549669,2.087147,48
2025-06-16 08:00:00,8601286.3,5479019.3731,8645714.241666667,5512464.37380982,2.29103609,1.861166,2.14518318,0.625631,48
2025-06-16 12:00:00,8725291.3,5597374.09902956,8656566.508333333,5513495.298971893,2.32397661,1.85067,2.20164609,0.004019,48
2025-06-16 16:00:00,8757089.9,5587023.3562,8760428.510416666,5592566.641213429,2.37767221,1.823394,2.26452064,0.714071,48
2025-06-16 20:00:00,8612646.9,5288165.1966,8740452.177083334,5532535.189423076,2.63371356,1.82522,2.35847701,0.458355,48
2025-06-17 00:00:00,8587668.8,5315766.9872,8573316.929787233,5294678.038262969,2.84253028,1.792231,2.48273273,0.264179,47
2025-06-17 04:00:00,8583248.6,5235781.646,8571195.956249999,5250259.054801536,2.87972973,1.745179,2.58742331,0.105866,48
2025-06-17 08:00:00,8719129.4,5205320.2518,8677806.966666667,5210629.740619488,2.91884457,1.724175,2.45839416,0.238592,48
2025-06-17 12:00:00,8810152.5,5169058.57950983,8779300.335416667,5229236.420063341,2.82818792,1.724774,2.50794852,0.916388,48
2025-06-17 16:00:00,8827246.5,5287520.6535,8822001.510416666,5162497.269085071,2.79634465,1.72629,2.46233383,4.765459,48
2025-06-17 20:00:00,8817602.0,5175919.50030108,8851157.222916666,5212388.16925292,2.73770492,1.730407,2.4422658,0.189851,48
2025-06-18 00:00:00,8746303.7,5186558.0941,8778970.923404254,5169791.557807671,2.67247821,1.6845,2.45620438,0.231652,47
2025-06-18 04:00:00,8649346.4,5130059.944320311,8665415.464583334,5155303.919488005,2.6031941,1.69821,2.38061297,2.430519,48
2025-06-18 08:00:00,8594840.5,5001469.102061249,8645202.945833335,5056934.873479626,2.62389937,1.690245,2.41966251,54.758125,48
2025-06-18 12:00:00,8663060.1,5050564.0383,8638494.591666667,5011359.888671316,2.78884462,1.692876,2.521673,0.819072,48
2025-06-18 16:00:00,8699964.1,5040801.04636732,8674030.424999999,5025759.490724581,2.78318003,1.667983,2.54448669,4.828201,48
2025-06-18 20:00:00,8722860.9,5121512.722899729,8691875.214583334,5117077.652550136,2.77172503,1.677169,2.57490494,1.014663,48
2025-06-19 00:00:00,8722920.5,5129077.254,8722920.5,5129077.254,2.76683938,1.677024,2.57370821,19.426462,1
2025-06-19 04:00:00,8966449.3,5317104.4349,8945056.7875,5300132.909145082,2.52688172,1.725305,2.36845827,4.269221,48
2025-06-19 08:00:00,8983528.2,5328091.22756648,8979705.53125,5331452.497042405,2.52261905,1.710609,2.36050597,0.356102,48
2025-06-19 12:00:00,8955092.2,5256639.1214,8970494.331249999,5293776.305718503,2.59459459,1.722074,2.36531628,2.667408,48
2025-06-19 16:00:00,9085651.5,5333277.4305,9051829.902083334,5314348.801363702,2.56495098,1.672698,2.34468085,0.408309,48
2025-06-19 20:00:00,9193608.3,5465719.6512579,9099528.195833333,5388347.292877943,2.54146341,1.703031,2.33050847,4.862369,48
2025-06-20 00:00:00,9226190.3,5420531.65243771,9220202.412765957,5432479.47764579,2.68101266,1.682826,2.4132948,1.855281,47
2025-06-20 04:00:00,9307514.7,5548682.427491911,9198690.464583334,5394431.921514661,2.65174129,1.670355,2.42630058,0.585348,48
2025-06-20 08:00:00,9318901.7,5562230.44849151,9320395.095833333,5551824.993139145,2.68005019,1.669524,2.40215054,2.76721,48
2025-06-20 12:00:00,9685404.5,5530365.9695,9467007.764583332,5572375.6944610495,2.94054054,1.640137,2.67669753,0.12179,48
2025-06-20 16:00:00,9512626.1,5346095.8682,9591051.366666667,5402383.494913574,2.96827586,1.698065,2.5992278,2.440541,48
2025-06-20 20:00:00,9584673.8,5362824.92739547,9567103.360416668,5382499.1321557285,2.77763496,1.70683,2.39232409,0.647295,48
2025-06-21 00:00:00,9539575.8,5378143.43841941,9547811.061702127,5384951.521010042,2.75792142,1.738502,2.45610278,1.067675,47
2025-06-21 04:00:00,9565536.7,5374104.47209345,9577424.683333334,5377832.19929508,2.7688378,1.766218,2.41830986,0.349802,48
2025-06-21 08:00:00,9609494.7,5362098.0426,9562098.15,5356462.771678277,2.79897567,1.78094,2.50718391,2.290211,48
2025-06-21 12:00:00,9689839.5,5251550.66697047,9673297.856250001,5299561.327152491,2.73417722,1.873566,2.38531469,1.755038,48
2025-06-21 16:00:00,9708539.4,5106691.7244,9684665.735416668,5174171.825779011,2.92379679,1.915293,2.44842407,0.511204,48
2025-06-21 20:00:00,9576136.9,4982285.72140092,9571545.872916667,4990722.1801920505,2.99861304,1.965384,2.45066274,0.722766,48
2025-06-22 00:00:00,9519889.4,4924083.87226687,9582710.925531914,5006447.54517977,2.81914894,1.957455,2.45454545,0.789169,47
2025-06-22 04:00:00,9508815.2,4944583.904,9490495.391666668,4959789.09921703,2.83578104,1.967851,2.42815463,0.425145,48
2025-06-22 08:00:00,9681044.6,5011806.21460487,9610059.25,4974489.090431881,2.77792553,1.978921,2.45481481,2.132778,48
2025-06-22 12:00:00,9520460.7,4731668.9679,9538959.716666667,4840544.453857661,2.68062827,1.919156,2.46289212,0.214612,48
2025-06-22 16:00:00,9307504.0,4581165.66163024,9416539.539583333,4674496.4360749675,2.70921053,1.891311,2.40089419,0.704626,48
2025-06-22 20:00:00,9246775.6,4678868.4536,9206526.172916668,4567218.4531103885,2.74663073,1.845222,2.38792453,0.749525,48
2025-06-23 00:00:00,9218618.3,4701495.333,9231767.942553192,4714156.7663206225,2.73989218,1.836232,2.34251675,0.597062,47
2025-06-23 04:00:00,9261903.1,4771310.04171961,9227796.527083334,4719366.793109351,2.69733333,1.838066,2.30205279,1.345953,48
2025-06-23 08:00:00,9179700.0,4718213.141589,9205483.433333334,4734321.684427195,2.62451108,1.831935,2.31524927,0.272949,48
2025-06-23 12:00:00,9190828.2,4714663.44154592,9197727.231250001,4746801.8343238495,2.79448276,1.794983,2.41908397,0.562789,48
2025-06-23 16:00:00,9096381.4,4857042.77562481,9161352.647916667,4769962.667419714,2.6662234,1.783157,2.39832445,13.048759,48
2025-06-23 20:00:00,8897613.4,4970302.58356018,8919644.333333334,4877393.921529678,2.62924282,1.778614,2.41033435,0.632482,48
2025-06-24 00:00:00,8876567.3,4947443.10649964,8876567.3,4947443.10649964,2.64388962,1.781023,2.45945946,0.354451,1
2025-06-24 04:00:00,9389660.4,5455392.6924,9259831.866666667,5358132.9070298495,2.09937238,1.608784,1.88807786,0.638784,48
2025-06-24 08:00:00,8951161.3,5178266.325581631,9121289.122916667,5285869.261634515,2.19351351,1.680711,1.97157296,0.123905,48
2025-06-24 12:00:00,8799912.0,5029071.74077968,8840874.052083334,5097371.798538043,2.43272727,1.767251,2.14217033,1.499155,48
2025-06-24 16:00:00,8555531.6,4902319.6068,8628043.441666666,4990835.445258989,2.37304452,1.798011,2.04832215,1.647963,48
2025-06-24 20:00:00,8510072.6,4995412.6162,8509553.833333334,4939004.234291405,2.32300358,1.799837,2.02958978,0.878272,48
2025-06-25 00:00:00,8837459.8,5328988.2594,8685503.480851064,5167802.0848333975,1.89090909,1.62511,1.90563648,0.707075,47
2025-06-25 04:00:00,8916099.6,5313995.3616,8886638.893749999,5348924.509465429,1.89076465,1.537781,1.90636704,0.187921,48
2025-06-25 08:00:00,8604712.1,5167134.5207359,8654994.204166668,5167781.792845411,1.81791626,1.599763,1.82195122,1.356765,48
2025-06-25 12:00:00,8503302.8,4987351.12091101,8570368.518749999,5102870.88447173,1.83121951,1.585246,1.80987203,0.642914,48
2025-06-25 16:00:00,8652879.0,5076438.51689496,8558369.008333333,5009339.454020045,1.83545544,1.583558,1.76849642,1.7898,48
2025-06-25 20:00:00,8471048.9,4910446.37650616,8557495.227083333,4995118.379002183,1.89516129,1.586281,1.87601753,0.540396,48
2025-06-26 00:00:00,8740413.0,5305430.691,8551910.674468085,5089804.801413836,1.63452709,1.576524,1.61275881,0.462263,47
2025-06-26 04:00:00,8557023.9,5151328.3878,8678017.427083334,5217183.0831000935,1.76862745,1.54972,1.74076281,6.036248,48
2025-06-26 08:00:00,8432367.1,4916070.0193,8474323.616666667,5020312.5561475465,1.88442211,1.509121,1.82613982,3.796667,48
2025-06-26 12:00:00,8578266.5,4855298.839,8609484.331249999,4900852.090330939,2.03640257,1.509768,1.98891063,0.688404,48
2025-06-26 16:00:00,8504940.9,4835097.343982871,8516892.866666667,4809009.772847763,1.98521647,1.474243,1.93171666,0.012089,48
2025-06-26 20:00:00,8557889.8,4831604.00960522,8495232.679166667,4813885.303228751,1.9957939,1.537146,1.90491184,0.643303,48
2025-06-27 00:00:00,8537235.3,4819361.61436359,8537235.3,4819361.61436359,1.99474238,1.536848,1.89698492,0.577272,1
2025-06-27 04:00:00,8047983.6,4667830.488,8136637.71875,4732354.953945276,1.79303483,1.445261,1.73564593,0.457428,48
2025-06-27 08:00:00,8049376.1,4631987.39676644,8057767.527083334,4692489.567581547,1.93045311,1.484821,1.87017099,0.422543,48
2025-06-27 12:00:00,7992389.9,4619601.3622,7997495.497916666,4588794.492688934,1.93425239,1.475466,1.88640715,2.200929,48
2025-06-27 16:00:00,7865149.4,4491000.3074,7878996.260416667,4518000.916394317,1.88441692,1.533238,1.84821986,1.395146,48
2025-06-27 20:00:00,8004852.2,4622228.11754874,7999012.352083333,4612793.9212989705,1.90748441,1.553075,1.83634101,0.531885,48
2025-06-28 00:00:00,7970457.8,4566417.22747342,7970328.5872340435,4581238.076360636,1.92998955,1.571026,1.80270436,0.71413,47
2025-06-28 04:00:00,7932527.3,4561203.1975,7963637.075,4552905.593765303,2.00646552,1.559732,1.88747616,1.647831,48
2025-06-28 08:00:00,7860606.4,4552314.0849169,7881154.270833333,4552294.778829632,1.8744856,1.481389,1.73586041,4.168001,48
2025-06-28 12:00:00,7840143.5,4547283.23,7814339.804166667,4515513.6471451325,2.02657807,1.47954,1.89470284,52.211345,48
2025-06-28 16:00:00,7829157.4,4615359.924090209,7840381.647916667,4608667.832966189,2.06531532,1.481521,1.90802348,2.194114,48
2025-06-28 20:00:00,7834752.4,4621965.74685764,7834416.777083334,4615926.327983759,2.0537514,1.492161,1.89960887,0.600599,48
2025-06-29 00:00:00,7825006.5,4534846.12721171,7826402.019148936,4566429.167857394,2.18793503,1.521292,1.96207585,0.0,47
2025-06-29 04:00:00,7856746.9,4605871.57749772,7792736.416666667,4541797.756792085,2.12314709,1.554579,1.87177835,2.490358,48
2025-06-29 08:00:00,7968052.0,4693182.628,7923181.533333334,4674891.382467415,2.0706278,1.566822,1.91329857,0.33002,48
2025-06-29 12:00:00,7947388.5,4634262.6647048,7918252.297916667,4650501.891696517,2.01752464,1.571107,1.83681214,1.394005,48
2025-06-29 16:00:00,7994105.8,4732510.6336,7975440.745833334,4688091.544043265,2.01092896,1.548101,1.87612323,8.352945,48
2025-06-29 20:00:00,8101950.4,4974047.1801093295,8042311.60625,4851246.951709495,1.85714286,1.565286,1.79848866,2.199866,48
2025-06-30 00:00:00,7984392.9,4782651.3471,7959302.365957446,4812957.923455756,2.16590389,1.565169,1.98909339,0.828386,47
2025-06-30 04:00:00,8015864.0,4793486.672,8017373.725000001,4775829.960050074,2.07785088,1.567829,1.93023256,47.873969,48
2025-06-30 08:00:00,8228963.3,4820372.73723666,8104672.570833333,4776794.827652303,2.24157303,1.568786,2.04554455,1.630903,48
2025-06-30 12:00:00,8133403.7,4747077.66164855,8188656.427083333,4768848.611558782,2.33682984,1.568649,2.06442953,0.529291,48
2025-06-30 16:00:00,8113969.1,4771013.8308,8105284.279166666,4735295.8482637005,2.2345679,1.582298,2.01508197,1.86702,48
2025-06-30 20:00:00,8071772.1,4700889.649197671,8111152.947916667,4734451.11037345,2.27681661,1.591037,2.01919259,3.642876,48
2025-07-01 00:00:00,8168427.0,4649682.6611874,8083786.925531914,4641826.3318429785,2.39640719,1.489566,2.08986486,1.617193,47
2025-07-01 04:00:00,8019753.5,4563239.7415,8049114.614583333,4546858.206362915,2.17328918,1.528442,1.95716113,6.467909,48
2025-07-01 08:00:00,7862041.6,4434191.4624,7955446.658333334,4513096.437703355,2.10180276,1.558308,1.89672233,0.508074,48
2025-07-01 12:00:00,7735213.1,4358728.4569334,7782947.225000001,4381454.094501805,2.12809473,1.599061,1.93400377,1.608897,48
2025-07-01 16:00:00,7657483.1,4288891.348853311,7701188.09375,4327871.699407053,2.09207709,1.603651,1.90012484,0.541289,48
2025-07-01 20:00:00,7763403.3,4293162.0249,7649627.443750001,4267555.270551839,2.46590909,1.500172,2.16381766,12.740202,48
2025-07-02 00:00:00,7774281.4,4299177.6142,7763159.00212766,4297005.273937991,2.32238443,1.485412,2.12773465,0.178253,47
2025-07-02 04:00:00,7723905.5,4356463.67310587,7736755.554166667,4339280.589626049,2.34440344,1.480898,2.13890858,0.252936,48
2025-07-02 08:00:00,7752349.8,4382343.57132304,7726402.910416666,4359082.55295016,2.37747525,1.476572,2.16596343,0.309612,48
2025-07-02 12:00:00,7740463.3,4481728.2507,7781779.435416666,4434723.411632079,2.11434978,1.477777,2.06388702,0.758834,48
2025-07-02 16:00:00,7562118.5,4507022.626,7538451.541666667,4474735.709430319,2.06892779,1.508533,1.9365285,1.680598,48
2025-07-02 20:00:00,7898240.1,4698174.450357409,7696648.602083333,4601108.818294506,2.13087248,1.534282,1.9543379,0.562266,48
2025-07-03 00:00:00,8109825.2,4841565.6444,7987262.94680851,4788700.782229941,2.20509978,1.597484,1.99543974,1.281299,47
2025-07-03 04:00:00,8087864.0,4916941.21639296,8099941.760416667,4899782.394773543,2.25510204,1.60582,2.04959786,2.389573,48
2025-07-03 08:00:00,8151579.7,4870301.00984106,8159997.933333334,4915592.38264747,2.33019976,1.578074,2.09009629,1.671946,48
2025-07-03 12:00:00,8216951.8,4860074.64711022,8173909.70625,4905587.1725135315,2.36538462,1.624315,2.1058164,0.032631,48
2025-07-03 16:00:00,8271514.8,4938094.3356,8238511.39375,4897944.336838904,2.48084054,1.618564,2.20446364,4.514126,48
2025-07-03 20:00:00,8203528.3,4884690.59708389,8236252.085416667,4914903.042792366,2.4497549,1.66722,2.15852795,2.466106,48
2025-07-04 00:00:00,8205745.2,4894606.305288111,8205745.2,4894606.305288111,2.45098039,1.667393,2.1621813,41.474274,1
2025-07-04 04:00:00,8016858.4,4580826.3961047,8054922.697916667,4700340.821538146,2.66272966,1.583248,2.20995671,2.870765,48
2025-07-04 08:00:00,7908746.2,4503875.0795124,7917945.439583334,4530224.741379655,2.48454883,1.55399,2.06368564,1.985535,48
2025-07-04 12:00:00,8015497.8,4443052.23002804,7953383.395833333,4482234.15251356,2.36732329,1.501096,2.04752475,1.233143,48
2025-07-04 16:00:00,7847509.0,4320098.513776391,7938771.635416667,4380567.868897456,2.32138728,1.515717,2.01500326,0.256723,48
2025-07-04 20:00:00,7828045.5,4352393.298,7864283.229166667,4358834.9709501285,2.31011236,1.530701,2.00507292,0.554935,48
2025-07-05 00:00:00,7772116.3,4361282.1026921,7784572.104255319,4351073.773611816,2.30391061,1.643299,2.02911392,6.659991,47
2025-07-05 04:00:00,7924641.1,4441778.29528195,7853750.416666667,4400385.714963321,2.26234907,1.664671,2.01571339,0.000913,48
2025-07-05 08:00:00,7928846.8,4432225.3612,7917528.104166667,4429972.052865202,2.21075269,1.634284,1.97469136,0.261382,48
2025-07-05 12:00:00,7954922.0,4413281.66361938,7954102.5,4421518.618820281,2.10580913,1.601282,1.89766607,15.921945,48
2025-07-05 16:00:00,7933078.5,4394925.489,7912688.147916667,4371619.133655789,2.23420479,1.565741,1.94056373,0.579336,48
2025-07-05 20:00:00,7898582.9,4419374.18954858,7908803.95,4414321.590546739,2.24863089,1.551334,1.99002494,3.031544,48
2025-07-06 00:00:00,7938177.2,4428887.192576369,7924239.859574468,4424417.903947212,2.28587196,1.555659,1.99250936,0.319195,47
2025-07-06 04:00:00,7994902.8,4483839.780063471,7937884.3625,4450373.047696225,2.20064725,1.604984,1.93799877,1.511708,48
2025-07-06 08:00:00,8030145.6,4480430.4979151,7825058.912500001,4363829.80339087,2.17057569,1.5678,1.89969789,0.202154,48
2025-07-06 12:00:00,8063045.0,4551615.8330703,8040325.220833334,4536155.57768344,2.26614699,1.598238,1.96996245,1.239349,48
2025-07-06 16:00:00,8149953.6,4588902.034577711,8126920.891666667,4596680.081833673,2.3599537,1.61519,2.05533854,1.445956,48
2025-07-06 20:00:00,8055320.3,4559406.42313274,8110118.997916666,4617799.384531081,2.20532741,1.580465,2.00064309,13.041632,48
2025-07-07 00:00:00,8054008.6,4554665.33125184,8054008.6,4554665.33125184,2.20643729,1.581929,2.002574,1.975846,1
2025-07-07 04:00:00,7878239.0,4480899.45709163,7924253.710416667,4492652.832836391,2.28636364,1.58637,2.03861257,19.027167,48
2025-07-07 08:00:00,7849924.9,4419507.7187,7839948.214583334,4431320.127496841,2.37775203,1.606246,2.09743252,0.989994,48
2025-07-07 12:00:00,7864957.2,4404109.72454921,7835417.658333334,4397642.504358327,2.56966708,1.563937,2.23087526,1.762469,48
2025-07-07 16:00:00,7933855.3,4423599.96437524,7922692.912500001,4419108.082976252,2.55542022,1.538723,2.24621733,1.073043,48
2025-07-07 20:00:00,8086054.8,4482559.54441319,8025451.181249999,4439704.400168948,2.58080194,1.505764,2.23625255,0.847363,48
2025-07-08 00:00:00,8092713.3,4491455.8815,8092713.3,4491455.8815,2.57333333,1.505001,2.22079676,3.267602,1
2025-07-08 04:00:00,8252584.2,4571793.9111697,8247232.558333334,4554623.10390709,2.41457859,1.63576,2.16732283,0.164576,48
2025-07-08 08:00:00,8221777.4,4606727.240350329,8234016.752083334,4583736.940449718,2.49012776,1.624319,2.1798419,1.066988,48
2025-07-08 12:00:00,8134365.6,4530841.6392,8157075.452083333,4575661.077140206,2.58465286,1.616138,2.23501362,1.797403,48
2025-07-08 16:00:00,8314874.0,4747793.054,8245556.391666667,4679663.68473189,2.34506243,1.655562,2.13100724,0.313198,48
2025-07-08 20:00:00,8333049.0,4766151.87334926,8335935.902083334,4761744.520636158,2.35123043,1.652222,2.12443292,22.221844,48
2025-07-09 00:00:00,8373517.3,4772904.861,8381487.768085107,4778907.405388282,2.39349776,1.730126,2.14267269,0.523139,47
2025-07-09 04:00:00,8159908.7,4724587.1373,8250598.633333333,4748800.512538472,2.49186047,1.638134,2.2972241,1.196422,48
2025-07-09 08:00:00,8086825.2,4710574.46597622,8085787.220833334,4693846.158840222,2.45581395,1.594265,2.31945392,0.466566,48
2025-07-09 12:00:00,8121615.4,4713518.53944565,8060765.752083334,4708689.29464684,2.50530035,1.624674,2.27555856,0.246894,48
2025-07-09 16:00:00,8022343.9,4810625.63515738,8097512.772916667,4742092.158726898,2.43274854,1.729337,2.16289894,2.791101,48
2025-07-09 20:00:00,8134742.4,4917479.682966431,8147160.052083333,4909267.484336786,2.34907834,1.736244,2.17837838,0.129288,48
2025-07-10 00:00:00,8138516.9,4923942.21867967,8138516.9,4923942.21867967,2.33563218,1.739677,2.16218035,0.872363,1
2025-07-10 04:00:00,8138644.7,4948295.9776,8200011.460416667,4981112.207522439,2.39537572,1.719132,2.19028063,0.387654,48
2025-07-10 08:00:00,8217060.0,4978470.1422,8175820.095833334,4966724.354888364,2.33072626,1.732336,2.14200398,1.733811,48
2025-07-10 12:00:00,8212231.3,4976612.1678,8231131.579166667,4996198.4185558325,2.28348214,1.780059,2.07049608,0.705201,48
2025-07-10 16:00:00,8295740.0,5150145.130107,8270309.847916666,5116774.151341901,2.42581423,1.71738,2.2026648,0.955305,48
2025-07-10 20:00:00,8376293.7,5449167.62811474,8378029.108333333,5355673.429113043,2.40563725,1.664301,2.28402367,8.964739,48
2025-07-11 00:00:00,8310298.3,5518038.0712,8357439.9553191485,5460656.291138924,2.39613527,1.660751,2.18913043,1.072825,47
2025-07-11 04:00:00,8273845.6,5471145.18721105,8280904.679166667,5530164.490979002,2.38782816,1.725519,2.21865889,0.419486,48
2025-07-11 08:00:00,8385299.1,5601379.7988,8339322.985416667,5583301.350436915,2.61392405,1.748228,2.43622642,1.165521,48
2025-07-11 12:00:00,8828399.5,5888775.6245308,8603634.956249999,5797240.662871634,2.68467337,1.809317,2.46919079,0.874904,48
2025-07-11 16:00:00,9055227.7,6130389.1529,9014320.9375,6055444.10627254,2.5686747,1.870106,2.28541953,0.50507,48
2025-07-11 20:00:00,8925250.4,5844055.4643511,9013561.266666668,5957075.066039578,2.56388206,1.879709,2.30214286,1.011031,48
2025-07-12 00:00:00,9070402.2,5976300.70577457,8965702.89148936,5878280.0191078875,2.64019851,1.830653,2.38933528,2.574142,47
2025-07-12 04:00:00,8961869.4,5926336.811468369,8979365.964583334,5883594.543062764,2.52870813,1.907942,2.32056738,4.867242,48
2025-07-12 08:00:00,9039131.1,5938709.1327,8988808.983333332,5913170.153784969,2.58253589,1.946083,2.38401142,0.720998,48
2025-07-12 12:00:00,9175553.6,5753785.96527008,9112142.170833332,5835727.517864366,2.64684466,1.854671,2.40606936,0.635181,48
2025-07-12 16:00:00,9066439.8,5816160.02672674,9129149.525,5821202.930923048,2.64371981,1.929704,2.4054637,0.590329,48
2025-07-12 20:00:00,9140997.9,5859379.6539,9126312.141666668,5812207.756102781,2.86794872,1.869297,2.52005944,0.705296,48
2025-07-13 00:00:00,9142109.5,5857663.03958476,9142109.5,5857663.03958476,2.85549872,1.870569,2.50629164,1.878887,1
2025-07-13 04:00:00,9178490.4,5989384.9937207,9199381.052083334,5951657.572605945,2.74014778,1.894366,2.46059291,3.912513,48
2025-07-13 08:00:00,9051544.0,5905124.75160648,9096093.414583333,5914361.322903394,2.79353234,1.925661,2.50072886,0.321834,48
2025-07-13 12:00:00,9166360.1,6079267.3303943,9138206.456249999,6031529.88275729,2.71882641,1.918406,2.48611111,2.826661,48
2025-07-13 16:00:00,9175311.8,6092407.0352,9166556.514583332,6080600.077540651,2.80697385,1.950558,2.51726672,17.466358,48
2025-07-13 20:00:00,9170711.0,5971554.04608367,9153034.775,5991690.668091629,2.90500642,1.897371,2.61649017,2.458131,48
2025-07-14 00:00:00,9193466.5,6171395.892069231,9140639.29787234,6034155.328729527,2.89086294,1.892504,2.61930091,1.630836,47
2025-07-14 04:00:00,9117448.7,6137534.22500937,9136501.825000001,6140143.268834405,2.84498094,1.874081,2.58801214,3.153349,48
2025-07-14 08:00:00,9122008.0,6029728.9299716,9122168.489583334,6045444.960590065,2.9855643,1.848606,2.69767442,0.67286,48
2025-07-14 12:00:00,8852241.2,5687166.26605635,8950147.910416666,5887279.89335437,3.07774799,2.022371,2.67588326,1.20666,48
2025-07-14 16:00:00,8886354.7,5708600.56859184,8880925.620833334,5735415.559445082,3.11246612,2.028669,2.68202765,0.688184,48
2025-07-14 20:00:00,8827266.8,5642218.30749276,8845859.166666666,5662718.699295283,3.05944518,2.019142,2.63869992,0.478294,48
2025-07-15 00:00:00,8830062.7,5647033.22122784,8830062.7,5647033.22122784,3.07019868,2.019379,2.6504928,0.941362,1
2025-07-15 04:00:00,8733256.3,5466784.3051986,8715383.329166668,5444470.757835278,3.16976127,2.150883,2.65194611,5.784315,48
2025-07-15 08:00:00,8834584.5,5481542.078937231,8795342.004166666,5475681.0056241,3.0571066,2.15066,2.64632353,1.290654,48
2025-07-15 12:00:00,8913290.2,5652682.61091657,8892146.722916666,5574643.383292942,2.94382022,2.118361,2.52492877,1.320704,48
2025-07-15 16:00:00,9033542.0,5763399.796,9042366.054166667,5819442.875911594,3.0138539,2.192986,2.56393678,0.604094,48
2025-07-15 20:00:00,8952172.0,5907595.5967008,8999654.777083334,5855096.608690713,2.80142687,2.209282,2.51305575,0.986679,48
2025-07-16 00:00:00,8910769.2,5872196.9028,8951401.987234043,5936147.84498976,2.91476591,2.275694,2.53705011,0.762074,47
2025-07-16 04:00:00,8975936.0,6057597.1090688,8925234.035416666,5921341.637599359,2.85883749,2.301638,2.49546406,0.440556,48
2025-07-16 08:00:00,8879384.7,5898952.45247206,8928781.066666666,5947425.740318321,3.03097893,2.312113,2.61754134,0.357532,48
2025-07-16 12:00:00,8709511.2,5800534.4592,8785939.491666667,5859140.0868763225,3.14195184,2.293379,2.6481615,1.355695,48
2025-07-16 16:00:00,8937545.5,6032843.2125,8874260.204166668,6012678.932362306,3.04654088,2.324514,2.61234745,0.362752,48
2025-07-16 20:00:00,9090174.5,6151077.83108038,9101704.408333333,6228486.288587742,2.98389095,2.365461,2.53441011,1.248563,48
2025-07-17 00:00:00,8996124.6,5919449.9868,9070846.017021276,6076618.378089842,2.92557023,2.347964,2.50208333,0.553443,47
2025-07-17 04:00:00,9083467.8,6171221.45787187,9042896.5375,6048328.743554088,2.88438617,2.352888,2.44474761,0.841846,48
2025-07-17 08:00:00,9161748.1,6294120.9447,9126518.266666668,6252905.277005716,3.15473146,2.392123,2.60113556,1.812075,48
2025-07-17 12:00:00,9259222.0,6308155.81958254,9167562.393749999,6267666.714535187,3.21382008,2.372302,2.6637744,1.549796,48
2025-07-17 16:00:00,9214126.2,6168504.313442751,9143661.168750001,6170109.480918397,3.13274336,2.340381,2.6200565,0.780283,48
2025-07-17 20:00:00,9435617.3,6456799.71203446,9271678.483333332,6275788.557193097,3.16243655,2.293356,2.62632696,0.625286,48
2025-07-18 00:00:00,9579256.4,6762955.0184,9451748.414893618,6626232.228154189,3.0723192,2.202819,2.61228814,0.485816,47
2025-07-18 04:00:00,9462967.6,6898503.3804,9635950.275,7007381.987261321,2.77985948,2.034017,2.48696845,1.270041,48
2025-07-18 08:00:00,9434978.1,6725235.31236964,9445184.064583333,6815885.7882975405,2.8986403,2.045972,2.56290439,0.852666,48
2025-07-18 12:00:00,9368126.1,6552682.13077468,9396793.808333334,6727982.353334052,3.02583979,1.956828,2.6173205,1.552608,48
2025-07-18 16:00:00,9430229.0,6538577.245357529,9417782.739583334,6593638.070670561,3.06380208,1.888362,2.63224368,0.709453,48
2025-07-18 20:00:00,9663517.6,6822443.4256,9547529.65,6616462.815029777,3.20490798,1.817031,2.70170455,0.619258,48
2025-07-19 00:00:00,9736475.7,6883688.3199,9674730.880851064,6737291.284365525,3.40458015,1.875754,2.85248332,1.104839,47
2025-07-19 04:00:00,9500461.3,6668575.57626801,9571864.668750001,6780773.759701076,3.28179551,1.821699,2.78571429,0.268559,48
2025-07-19 08:00:00,9491056.3,6567810.9596,9488155.816666666,6597735.107874871,3.17857143,1.816737,2.71460507,1.101518,48
2025-07-19 12:00:00,9669104.7,6678350.92782054,9558923.347916666,6583128.737869729,3.16709512,1.777149,2.73192771,3.528166,48
2025-07-19 16:00:00,9922335.3,7193550.01242497,9666722.402083334,6748003.908728667,3.03337454,1.815315,2.58094556,1.055584,48
2025-07-19 20:00:00,9849736.2,7141058.745,9815449.362499999,7037448.777535062,3.01218027,1.714174,2.65101156,0.389837,48
2025-07-20 00:00:00,10295058.1,7556572.6454,9920795.257446809,7210022.401286021,2.95066185,1.704935,2.6205165,2.256207,47
2025-07-20 04:00:00,10433650.1,7866972.1754,10285205.920833332,7623863.510666444,2.85629454,1.661044,2.53889278,1.106239,48
2025-07-20 08:00:00,10324111.1,7908269.1026,10381470.222916666,7916522.612104679,2.92334906,1.565428,2.68706537,0.636522,48
2025-07-20 12:00:00,10226357.9,7918575.50817984,10310701.30625,7852852.472856901,2.91715976,1.468451,2.68362369,0.782304,48
2025-07-20 16:00:00,10415895.0,7880086.30412535,10392131.05625,7908137.469564583,3.26276463,1.547064,2.82071429,0.531893,48
2025-07-20 20:00:00,10250102.2,7646576.2412,10350671.512500001,7747360.500045061,3.27445997,1.577602,2.81268222,0.305355,48
2025-07-21 00:00:00,10016230.9,7642384.1767,10159485.889361702,7575806.29443644,3.34061697,1.691794,2.77931537,1.300834,47
2025-07-21 04:00:00,9944325.4,7622336.75563096,9982381.791666666,7614655.732954537,3.33631714,1.756158,2.93575208,0.309153,48
2025-07-21 08:00:00,9757150.1,7512469.031316,9771355.450000001,7509313.427905618,3.34061697,1.699044,2.85077951,0.495457,48
2025-07-21 12:00:00,9759525.9,7514834.943,9765469.622916667,7530445.328702285,3.2826087,1.667609,2.79411765,0.881612,48
2025-07-21 16:00:00,9636765.6,7189027.1376,7641948.972916666,5786544.320932851,3.4157754,1.611346,2.85,0.957924,48
2025-07-21 20:00:00,9711935.3,7348810.59539464,9690707.327083332,7283176.827271883,3.3715415,1.664253,2.85347432,0.369603,48
2025-07-22 00:00:00,9827003.9,7277127.420811689,9763777.934042552,7315463.729225456,3.36710526,1.686962,2.81811321,0.466395,47
2025-07-22 04:00:00,9774765.6,7083444.88242943,9737889.3375,7113270.659033458,3.50686813,1.656157,2.88837209,0.587511,48
2025-07-22 08:00:00,9930974.4,7163662.60164802,9875862.49375,7079302.103101079,3.58448753,1.602977,2.98111723,1.208275,48
2025-07-22 12:00:00,10079632.4,7283953.218056621,9960131.74375,7170344.85922185,3.53835616,1.600803,2.98031496,1.432519,48
2025-07-22 16:00:00,10035278.9,7158044.0160232,10070196.00625,7281979.249130231,3.57399723,1.628889,2.98500395,0.314528,48
2025-07-22 20:00:00,10061952.3,7413674.225628351,10086305.629166666,7351732.478930038,3.48032564,1.599649,2.92857143,1.225338,48
2025-07-23 00:00:00,10062927.2,7425608.371408381,10062927.2,7425608.371408381,3.46288799,1.599359,2.92868217,0.373549,1
2025-07-23 04:00:00,10091673.9,7273223.6814239295,10135564.456249999,7374626.511626884,3.4682861,1.661409,2.9677673,0.930934,48
2025-07-23 08:00:00,10005916.2,7061400.39557282,10096226.887500001,7197820.869447209,3.44204852,1.708998,2.76735598,1.939675,48
2025-07-23 12:00:00,9765997.4,6680786.29675528,9888665.8875,6808106.768468884,3.47677596,1.703433,2.77494374,0.756146,48
2025-07-23 16:00:00,9718528.4,6504089.07595964,9717014.022916667,6524481.8244170165,3.56942496,1.707791,2.8757764,0.19526,48
2025-07-23 20:00:00,9390923.1,6196486.32000087,9524205.041666666,6255982.786745683,3.74854651,1.788087,2.95400476,0.784062,48
2025-07-24 00:00:00,9383787.5,6189304.97782338,9383787.5,6189304.97782338,3.72543353,1.787118,2.91144201,1.279484,1
2025-07-24 04:00:00,9213337.0,5799975.48583824,9366144.558333334,5989165.892433942,3.76865672,1.701052,3.00824402,1.202874,48
2025-07-24 08:00:00,9335770.8,6068251.02,9349569.222916666,5979207.731218549,3.71281296,1.712194,3.01644737,3.143213,48
2025-07-24 12:00:00,9221314.7,6049182.4432,9225261.55625,5985293.10256933,3.79576399,1.674874,3.15979381,0.429374,48
2025-07-24 16:00:00,8954430.9,5849192.488674,9107257.827083332,5943013.093854018,3.8,1.829516,3.09021922,0.285789,48
2025-07-24 20:00:00,8974906.1,5718328.93245492,9031268.808333334,5838250.057032746,3.83713851,1.786474,3.05149502,2.246646,48
2025-07-25 00:00:00,8973987.6,5716584.00508734,8973987.6,5716584.00508734,3.84885496,1.78947,3.05657238,0.448144,1
2025-07-25 04:00:00,8900015.2,5505021.097817729,8919601.418750001,5568558.149387087,3.8412943,1.986771,3.01899257,0.927096,48
2025-07-25 08:00:00,8832741.5,5683096.20204134,8894418.947916666,5666352.834031132,3.83641975,1.99279,2.95616883,4.271379,48
2025-07-25 12:00:00,9083016.5,5700091.14803519,8903296.079166668,5659696.531977278,3.79538462,1.999518,3.02561983,3.163152,48
2025-07-25 16:00:00,9002036.8,5675908.97063005,9080817.25,5719012.941145871,3.84567901,2.040119,2.94288013,0.833952,48
2025-07-25 20:00:00,8806753.4,5713248.81467886,8881404.0375,5709696.451323927,3.66172107,2.188304,2.85446009,0.388387,48
2025-07-26 00:00:00,8929904.5,5776871.48840659,8872381.89148936,5742375.7676741555,3.83358548,2.087019,2.95051875,0.80789,47
2025-07-26 04:00:00,9015877.0,5851304.173,8980436.870833334,5818240.1473969715,3.75184638,2.083538,2.93375394,0.596302,48
2025-07-26 08:00:00,8900730.6,5806319.24397022,8934705.94375,5828198.159827513,3.59142857,2.063292,2.83243659,2.125046,48
2025-07-26 12:00:00,8843393.5,5751820.15835739,8855519.258333333,5765074.591698407,3.49790795,2.106022,2.76581325,1.03753,48
2025-07-26 16:00:00,8818040.4,5806552.359077031,8836700.21875,5764596.031632666,3.51888112,2.110246,2.8559322,0.064183,48
2025-07-26 20:00:00,8778835.4,5684068.90081656,8799615.225,5767649.960926876,3.6169297,2.106407,2.93754941,0.373572,48
2025-07-27 00:00:00,8740484.4,5662220.659994289,8740484.4,5662220.659994289,3.64502165,2.092157,2.92981073,0.491131,1
2025-07-27 04:00:00,8748429.9,5730221.5845,8728608.695833333,5744739.567822865,3.89665653,2.076237,3.07247557,0.049678,48
2025-07-27 08:00:00,8545364.5,5632341.86097931,8620047.61875,5659810.309778872,3.6627907,2.202286,2.93364929,0.665264,48
2025-07-27 12:00:00,8599966.7,5693177.9554,8542916.518749999,5639711.560331162,3.65362319,2.180307,2.896875,2.070489,48
2025-07-27 16:00:00,8902869.7,5984865.305185391,8741070.510416666,5852420.037426874,3.4198895,2.236501,2.81163859,1.41233,48
2025-07-27 20:00:00,8854258.7,6012041.6573,8900000.90625,6004293.196915622,3.42420028,2.236608,2.81727062,1.416841,48
2025-07-28 00:00:00,8846835.7,6004826.3572748,8846835.7,6004826.3572748,3.42618384,2.239659,2.80615385,0.886475,1
2025-07-28 04:00:00,9049741.3,6249517.767957049,9035517.664583333,6256677.973077879,3.3002681,2.305527,2.7322239,0.87749,48
2025-07-28 08:00:00,9026973.8,6174450.0792,9050291.002083333,6246022.661370638,3.48324022,2.27544,2.83762685,0.197747,48
2025-07-28 12:00:00,9004005.0,5888239.4810691,9066651.410416666,6076850.449912661,3.52180451,2.348612,2.74103586,0.419649,48
2025-07-28 16:00:00,8762172.6,5610227.57468696,8878300.316666666,5749885.495497841,3.8647343,2.299252,2.84627964,1.794311,48
2025-07-28 20:00:00,9055074.8,5698889.56122627,8986285.154166667,5687457.538688236,3.69877676,2.170863,2.8048,0.766712,48
2025-07-29 00:00:00,9151097.2,5728586.8472,9117661.631914893,5708543.133720315,3.5339233,1.817913,2.83306581,0.709987,47
2025-07-29 04:00:00,9100013.7,5937505.13986791,9132574.885416666,5820249.849904434,3.45294118,1.78927,2.80415667,0.775739,48
2025-07-29 08:00:00,9003103.6,5694748.51541516,9034163.660416666,5782951.926117553,3.62804878,1.749677,2.83883965,26.618263,48
2025-07-29 12:00:00,8863937.1,5496220.08301074,8972106.164583333,5639972.845783271,3.59484067,1.735374,2.87438825,1.725909,48
2025-07-29 16:00:00,8947928.7,5498134.06836328,8987659.645833334,5552863.204454455,3.83146067,1.728317,2.92224979,1.489116,48
2025-07-29 20:00:00,8987043.1,5593694.24675072,8964998.924999999,5524773.785130161,3.5569044,1.702913,2.75774424,2.300117,48
2025-07-30 00:00:00,8941802.3,5544747.76176158,8963530.693617022,5545721.179634519,3.6671875,1.709436,2.89081886,0.971725,47
2025-07-30 04:00:00,8946411.0,5458506.57675837,8882353.152083334,5458873.043354466,3.70062696,1.732279,2.80288462,1.823549,48
2025-07-30 08:00:00,8674800.9,5144156.9337,8751523.445833333,5309806.379950498,3.61136713,1.823519,2.7235387,0.724059,48
2025-07-30 12:00:00,8702732.0,5283800.72602032,8722084.081249999,5238797.209123341,3.47313433,1.75776,2.65789474,0.351611,48
2025-07-30 16:00:00,8635228.7,5246613.23715174,8732626.129166666,5293796.534094571,3.73734177,1.836499,2.88566694,2.023448,48
2025-07-30 20:00:00,8892022.5,5442691.820558631,8809084.733333332,5338780.446227449,3.4,1.823498,2.61492087,1.019689,48
2025-07-31 00:00:00,8898645.2,5454106.80471991,8898645.2,5454106.80471991,3.39652677,1.817443,2.61023326,1.090795,1
2025-07-31 04:00:00,8945898.2,5569155.22204388,8887818.1875,5539201.399632504,3.26610644,1.823703,2.48989899,0.757685,48
2025-07-31 08:00:00,8806513.6,5442425.4048,8890933.158333333,5539541.602564874,3.40643275,1.823553,2.5402214,0.620756,48
2025-07-31 12:00:00,8812697.5,5296753.0372127,8896133.597916666,5385612.207579278,3.69504644,1.83248,2.63390848,2.520873,48
2025-07-31 16:00:00,8821544.5,5274678.276616409,8852250.69375,5326963.647902162,3.51038576,1.823757,2.56067251,0.355911,48
2025-07-31 20:00:00,8791518.0,5116286.67153852,8796464.168750001,5186126.729849412,3.4939759,1.818879,2.62575758,4.268228,48
2025-08-01 00:00:00,8897366.4,5178267.2448,8867620.54893617,5127412.687586113,3.49240122,1.69564,2.69344774,1.616674,47
2025-08-01 04:00:00,8937347.7,5138974.9275,8902479.40625,5139410.29916823,3.35346097,1.644762,2.64153846,0.39537,48
2025-08-01 08:00:00,8900606.5,5135017.117377849,8936439.083333334,5105259.138310772,3.21529745,1.626462,2.55167286,1.780636,48
2025-08-01 12:00:00,8925403.7,5169216.01070138,8920287.335416667,5152780.263859056,3.3255814,1.615153,2.64854518,3.299484,48
2025-08-01 16:00:00,8927179.6,5141629.2660459,8908259.785416666,5090056.734255596,3.27207977,1.547681,2.57142857,1.101964,48
2025-08-01 20:00:00,8860717.9,5032057.606539951,8908513.575,5056124.681948953,3.18811881,1.558949,2.52380952,0.68182,48
2025-08-02 00:00:00,8856992.6,5033761.74036191,8840047.874468086,5031458.04207156,3.22475107,1.54639,2.54477612,1.672019,47
2025-08-02 04:00:00,8857236.0,5034230.44863168,8887309.920833332,5024824.982685197,3.11495845,1.566335,2.51881919,2.576554,48
2025-08-02 08:00:00,8921852.1,5009487.37542779,8901044.770833334,4995406.863728332,3.12066574,1.564139,2.5,2.020027,48
2025-08-02 12:00:00,9002948.5,4987633.469,8952275.56875,5018578.668114436,3.07377049,1.465981,2.5310192,1.267929,48
2025-08-02 16:00:00,9243565.2,5092764.15418952,9133496.397916667,5055031.95547866,3.2253923,1.485805,2.57401813,1.078789,48
2025-08-02 20:00:00,9257505.1,5165687.8458,9223067.614583334,5126079.777024469,3.11312849,1.447251,2.58859316,0.206475,48
2025-08-03 00:00:00,9384292.3,5302125.1495,9330545.672340427,5238080.534318834,3.07142857,1.42983,2.5204461,1.959168,47
2025-08-03 04:00:00,9411838.2,5339502.68275129,9392918.75625,5307861.832618456,3.13668061,1.425103,2.53467562,5.672581,48
2025-08-03 08:00:00,9407914.1,5423611.39367644,9415774.083333334,5377038.9380439725,3.13286713,1.397523,2.54307116,2.388493,48
2025-08-03 12:00:00,9412272.6,5411174.90918011,9369939.564583333,5371782.029147894,3.21194879,1.368861,2.55915599,0.259862,48
2025-08-03 16:00:00,9434769.4,5457961.54623444,9372503.302083334,5401888.245228864,3.0,1.473711,2.44719592,0.348523,48
2025-08-03 20:00:00,9213526.6,5343845.428,9276927.120833334,5376236.886368727,3.07734807,1.473986,2.47794118,0.723179,48
2025-08-04 00:00:00,9122711.5,5359444.39727967,9206671.217021277,5396994.197124538,3.02815013,1.466036,2.40056818,1.388575,47
2025-08-04 04:00:00,9192326.6,5453679.59844026,9122915.210416667,5377558.5253386125,2.77581864,1.506657,2.33893557,0.706467,48
2025-08-04 08:00:00,9182291.2,5392956.12279168,9192312.11875,5429106.549456165,2.69662921,1.5077,2.25892857,1.095539,48
2025-08-04 12:00:00,9263626.0,5585813.44289848,9212276.9625,5493572.004792115,2.53966346,1.557511,2.16989967,1.284518,48
2025-08-04 16:00:00,9196980.9,5599985.84433594,9166775.533333333,5596352.320103656,2.6499388,1.582385,2.28522337,1.981526,48
2025-08-04 20:00:00,9130338.6,5602967.502204671,9176318.439583333,5631973.752127674,2.6931677,1.592006,2.31736111,1.281864,48
2025-08-05 00:00:00,9118472.5,5607626.15157203,9118472.5,5607626.15157203,2.69440994,1.593149,2.31414702,1.899843,1
2025-08-05 04:00:00,8980631.9,5311464.338479809,8999647.685416667,5411706.348189354,2.92544987,1.627613,2.39353479,0.81328,48
2025-08-05 08:00:00,8983979.1,5439804.465918089,8929183.854166666,5357389.993987494,3.01572739,1.6765,2.455,2.065573,48
2025-08-05 12:00:00,8942607.4,5170554.07354109,9000491.291666666,5327291.239033182,3.44771723,1.697713,2.61818182,1.851847,48
2025-08-05 16:00:00,8786938.7,5043702.8138,8865129.231250001,5123881.656421431,3.37950938,1.759794,2.57769517,0.455587,48
2025-08-05 20:00:00,8784970.5,5112852.831,8763914.554166667,5054177.36053644,3.40935673,1.75686,2.58836858,0.861323,48
2025-08-06 00:00:00,8717363.3,4981572.1272382,8733070.963829787,5017460.838280439,3.11843876,1.859861,2.46276211,0.622751,47
2025-08-06 04:00:00,9059524.9,5345119.691,8987102.952083332,5218921.694764162,3.01310616,1.855326,2.45650611,1.495935,48
2025-08-06 08:00:00,8996999.1,5254247.4744,9019771.016666668,5295376.6520278575,3.06951872,1.835811,2.54323725,0.194038,48
2025-08-06 12:00:00,9117390.6,5436078.84695842,8910681.214583334,5211623.095571755,2.97637795,1.869505,2.39929078,1.607616,48
2025-08-06 16:00:00,9067981.1,5413584.7167,9099976.38125,5434329.498043973,2.76019778,1.880893,2.30557467,3.220168,48
2025-08-06 20:00:00,9084559.8,5423482.2006,9088364.189583333,5433689.482453375,2.78186275,1.86246,2.28561783,0.111907,48
2025-08-07 00:00:00,8996972.6,5344201.7244,9092689.29148936,5441903.805873993,2.9231738,1.86547,2.36978811,0.038728,47
2025-08-07 04:00:00,9165933.6,5490394.2264,9066155.425,5421402.060214348,2.85891089,1.875557,2.2704115,1.485806,48
2025-08-07 08:00:00,9245279.2,5716885.69895258,9220029.616666667,5612267.289856807,2.85069009,1.952183,2.25,0.825577,48
2025-08-07 12:00:00,9098476.6,5590759.75024856,9197976.539583333,5664869.013843984,2.91248391,1.915816,2.24222369,0.551258,48
2025-08-07 16:00:00,9061968.0,5545924.416,9081696.645833334,5522120.997851503,3.10354223,1.899896,2.41731175,1.060131,48
2025-08-07 20:00:00,8999454.9,5590715.52848638,9048580.466666667,5589518.654072214,3.14758621,1.860407,2.40686275,0.713646,48
2025-08-08 00:00:00,8998672.5,5595173.62014308,8998672.5,5595173.62014308,3.14325069,1.860799,2.40784863,0.45074,1
2025-08-08 04:00:00,9286024.3,5845702.8233039,9257838.041666666,5771608.029185507,3.05427408,2.039518,2.39029536,8.215563,48
2025-08-08 08:00:00,9282409.4,5838635.5126,9288829.424999999,5837239.454047676,3.16088766,2.068607,2.48375451,8.680312,48
2025-08-08 12:00:00,9108468.0,5651903.31196248,9159573.487499999,5726077.632542733,3.07201087,2.099724,2.42653352,0.633252,48
2025-08-08 16:00:00,8902224.1,5670716.7517,8977260.454166668,5678606.9143208405,3.08379121,2.085487,2.47845142,1.262412,48
2025-08-08 20:00:00,8940865.5,5697464.52459965,8930635.302083334,5692482.792327558,3.00269179,2.103874,2.38139205,1.184409,48
2025-08-09 00:00:00,8882824.8,5669369.39245486,8933728.10638298,5701391.128392223,2.98666667,1.995879,2.28818245,0.654483,47
2025-08-09 04:00:00,8673532.6,5711549.6662869295,8754256.789583333,5700454.108997774,2.86910995,2.097962,2.27986111,0.903029,48
2025-08-09 08:00:00,8452056.0,5611489.78020504,8556321.233333332,5661582.477403321,2.94601889,2.128808,2.39393939,0.543973,48
2025-08-09 12:00:00,8571822.1,5669455.85364592,8456990.289583333,5605105.623967106,2.89224704,2.068028,2.30907831,1.683987,48
2025-08-09 16:00:00,8656209.4,5795093.368482649,8670351.216666667,5770773.644718106,2.85117493,2.18321,2.26758621,0.016151,48
2025-08-09 20:00:00,8451597.3,5677994.3560725,8567951.277083334,5752503.721565295,2.76992288,2.177041,2.26352288,1.750894,48
2025-08-10 00:00:00,8432069.9,5649486.833,8432069.9,5649486.833,2.78092784,2.171475,2.25293711,1.627432,1
2025-08-10 04:00:00,8544065.9,5605796.9239821695,8586965.291666666,5793585.942468482,2.72808132,2.201522,2.17864476,0.560289,48
2025-08-10 08:00:00,8638043.2,5632040.8780836,8662090.858333332,5683395.431878362,2.70012547,2.069072,2.16734694,0.368878,48
2025-08-10 12:00:00,8755934.7,5812588.02400754,8635105.858333332,5653172.435491932,2.7322335,2.171444,2.15625,0.649981,48
2025-08-10 16:00:00,8767518.1,5916925.558902631,8735877.575000001,5843120.40499698,2.83612903,2.077078,2.25694444,0.323834,48
2025-08-10 20:00:00,8772931.3,5873469.78517046,8795450.391666668,5867242.5421966985,2.83591731,2.097945,2.2124743,1.572048,48
2025-08-11 00:00:00,8796856.0,6043440.072,8761020.955319148,5953423.711364165,2.76395939,2.301852,2.24547983,0.954912,47
2025-08-11 04:00:00,8536972.9,5712667.88637099,8670243.947916666,5912773.266936939,2.64757161,2.305137,2.14887831,1.747368,48
2025-08-11 08:00:00,8620473.4,5551584.8696,8555832.795833332,5697004.775239151,2.79400261,2.172084,2.25477707,0.763744,48
2025-08-11 12:00:00,8505180.9,5570893.4895,8531981.862499999,5542897.249126224,2.77190722,2.200112,2.20275862,0.729739,48
2025-08-11 16:00:00,8404271.1,5437563.4017,8521996.445833333,5588950.748520732,2.57682927,2.294806,2.0837766,0.837542,48
2025-08-11 20:00:00,8543944.6,5442492.7102,8484375.089583334,5431288.377178925,2.72222222,2.219218,2.17852257,0.681039,48
2025-08-12 00:00:00,8720864.1,5650885.08392979,8581006.142553192,5532175.823334845,2.48991696,2.069809,2.04231771,0.98514,47
2025-08-12 04:00:00,8736421.0,5713619.334,8687945.920833332,5606497.734887644,2.42178447,1.969103,2.01472471,3.484047,48
2025-08-12 08:00:00,8706327.4,5631450.283015249,8706563.783333333,5614014.902580186,2.43271462,1.963585,2.00381922,1.649694,48
2025-08-12 12:00:00,8813430.2,5978373.38951848,8640445.90625,5727182.971717917,2.3273743,2.102137,1.98628429,0.939413,48
2025-08-12 16:00:00,8743219.8,5967580.97990317,8672146.841666667,5912855.813046972,2.44444444,2.051553,2.04861111,1.768737,48
2025-08-12 20:00:00,8889323.3,6102043.355468489,8823644.839583334,6096376.44964569,2.46465817,1.980876,1.98165138,0.270475,48
2025-08-13 00:00:00,9021107.9,6233585.5589,8918269.121276595,6111925.902993322,2.52699531,2.230975,1.97745277,0.584555,47
2025-08-13 04:00:00,9116438.9,6264328.444448129,9036832.44375,6214385.253116231,2.57040573,2.132915,2.00185989,1.659151,48
2025-08-13 08:00:00,9520940.3,6754888.1612231,9298614.722916666,6503540.267102825,2.39684329,2.183178,1.9138756,1.797584,48
2025-08-13 12:00:00,9466658.5,6693849.89603766,9425164.633333333,6683886.454494354,2.44228571,2.051007,1.92558984,0.48602,48
2025-08-13 16:00:00,8778079.4,6274013.57151651,9044756.929166667,6437051.177651487,2.43409091,1.883147,1.94545455,1.723461,48
2025-08-13 20:00:00,8743014.2,6356171.3234,8736756.679166667,6287918.837577081,2.33997785,1.773211,1.90456182,0.497813,48
2025-08-14 00:00:00,8753530.7,6350556.4453838,8753530.7,6350556.4453838,2.33665559,1.769255,1.9010198,0.100529,1
2025-08-14 04:00:00,8768274.9,6239890.3983011,8892071.558333334,6408140.624642779,2.39337017,1.716421,1.82146958,1.501515,48
2025-08-14 08:00:00,8692444.6,6084711.22,8758364.141666668,6156289.39808781,2.46338673,1.763277,1.83352668,3.433137,48
2025-08-14 12:00:00,8990085.5,5994315.44309824,8786334.377083333,5934514.270793068,3.03520209,1.735808,2.234375,0.940649,48
2025-08-14 16:00:00,9001689.5,5908912.15593202,9040302.916666666,5929657.815549324,3.05483029,1.770572,2.24983777,1.160394,48
2025-08-14 20:00:00,8975025.3,5860691.5209,8980410.43125,5843524.770295537,3.06842105,1.82344,2.26015727,0.393346,48
2025-08-15 00:00:00,8968669.5,5856541.1835,8968669.5,5856541.1835,3.06176084,1.826141,2.25950197,0.437896,1
2025-08-15 04:00:00,8734119.2,5808189.268,8761099.112499999,5833522.305733255,2.79284834,1.786035,2.24039088,0.776689,48
2025-08-15 08:00:00,8728340.1,5816790.24826397,8775502.674999999,5856266.651614278,2.67346939,1.850513,2.17124601,1.756765,48
2025-08-15 12:00:00,8598534.5,5559979.47722534,8642409.158333333,5704906.408717492,2.60744298,1.820017,2.09171975,0.846719,48
2025-08-15 16:00:00,9237566.1,6189169.287,8771668.233333332,5771726.055397719,2.29750271,1.834809,2.02540835,0.490937,48
2025-08-15 20:00:00,9575355.2,6808077.5472,9267216.085416667,6418106.547612649,2.43756558,1.724134,2.23896848,0.666663,48
2025-08-16 00:00:00,9611763.9,6876973.50835277,9620502.2,6957503.256740384,2.38118812,1.682541,2.13703704,0.716681,47
2025-08-16 04:00:00,9743562.7,6899356.727523769,9679414.8125,6914943.097007625,2.34489594,1.701836,2.08126649,0.645177,48
2025-08-16 08:00:00,9736835.4,6786408.65022985,9756518.885416666,6823376.446175042,2.34257426,1.712475,2.0408805,1.348158,48
2025-08-16 12:00:00,9737388.9,7025445.46576991,9684367.645833334,6838690.509594969,2.27149758,1.676345,2.07370622,1.134781,48
2025-08-16 16:00:00,9822320.2,7025959.3671514895,9805614.5,7023890.597726911,2.26908023,1.657269,1.94256927,0.861886,48
2025-08-16 20:00:00,9811921.9,6946840.7052,9832005.529166667,6990934.9945885725,2.334,1.653802,2.02128764,1.481254,48
2025-08-17 00:00:00,9497624.3,6781303.7502,9619573.1893617,6819214.046137896,2.35879397,1.740648,2.03363111,0.369184,47
2025-08-17 04:00:00,9290180.2,6670349.3836,9466850.210416667,6807956.216071109,2.28220256,1.821088,1.95533881,0.742556,48
2025-08-17 08:00:00,9218650.1,6628209.4219,9255083.902083334,6672547.390558883,2.23609756,1.815162,1.90227848,1.45148,48
2025-08-17 12:00:00,9140829.0,6620425.66039788,9100460.383333333,6524210.136590992,2.19941917,1.80742,1.86432161,0.728285,48
2025-08-17 16:00:00,9066506.6,6393553.03292268,9131433.177083334,6539761.939210677,2.30738119,1.881574,1.92140641,0.784177,48
2025-08-17 20:00:00,8993899.2,6299452.10481787,9041395.802083334,6368218.553232971,2.29678068,1.928419,1.87391967,0.535454,48
2025-08-18 00:00:00,8989006.1,6300084.43455967,8989006.1,6300084.43455967,2.29376258,1.926634,1.8723296,0.466919,1
2025-08-18 04:00:00,9013319.1,6083990.3925,8945768.487499999,6053081.636247102,2.55280172,2.024846,2.00431732,2.093381,48
2025-08-18 08:00:00,9010811.4,6012121.4958168,8983652.783333333,6045987.90300801,2.6306505,1.994803,2.04388371,0.90258,48
2025-08-18 12:00:00,9004303.9,6028593.60244988,8989778.935416667,6041029.072350018,2.66555556,2.063435,2.07645429,0.895756,48
2025-08-18 16:00:00,9000240.1,6021160.6269,8996116.862499999,6014857.68927277,2.63285557,2.019508,2.06067292,2.389423,48
2025-08-18 20:00:00,8963571.2,5956001.11888602,8958245.5375,6018967.85500022,2.58089034,2.025363,2.06512141,2.561089,48
2025-08-19 00:00:00,9100596.5,5955850.25112251,9028744.459574468,6001006.9343244685,2.42051282,1.801034,1.99516129,3.335133,47
2025-08-19 04:00:00,9170476.3,6072195.30059696,9173555.854166666,6027532.199048914,2.3502994,1.780791,1.96805112,1.696521,48
2025-08-19 08:00:00,9089592.9,6117296.0217,9128054.106250001,6104326.715159804,2.40468909,1.770971,2.02997275,2.592486,48
2025-08-19 12:00:00,9222093.6,6027029.46103145,9155199.518749999,6073847.994911186,2.49056604,1.698084,2.07059477,2.319228,48
2025-08-19 16:00:00,9106611.7,5872666.744459569,9184320.397916667,5953468.315717484,2.61269147,1.667416,2.06782511,0.681661,48
2025-08-19 20:00:00,9099615.1,5760056.3583,9131735.418750001,5873158.644740648,2.70316027,1.677573,2.18490345,0.398992,48
2025-08-20 00:00:00,9118515.7,5772621.34828463,9118515.7,5772621.34828463,2.71121178,1.682138,2.19002933,1.624242,1
2025-08-20 04:00:00,8935859.9,5794199.2122179,9009302.606250001,5851161.771184518,2.66368715,1.761855,2.1918536,0.357001,48
2025-08-20 08:00:00,9062559.7,5854413.5662,9040488.885416666,5886388.924448275,2.77423033,1.742282,2.23564239,1.238452,48
2025-08-20 12:00:00,9008413.9,5920868.40831536,9047182.4625,5868649.932259495,2.61826183,1.786737,2.08962796,1.097241,48
2025-08-20 16:00:00,8969318.4,5979329.02085837,8963698.68125,5936901.8974269405,2.7396789,1.809271,2.19694297,1.035121,48
2025-08-20 20:00:00,8928775.0,5921688.58285,8934602.039583333,5958520.206034228,2.68587571,1.822977,2.11505438,0.767376,48
2025-08-21 00:00:00,8930126.5,5936683.88959047,8930126.5,5936683.88959047,2.68813559,1.823136,2.11441648,9.211618,1
2025-08-21 04:00:00,8833116.5,5887400.84575741,8878277.831249999,5896719.978193421,2.61657459,1.936669,2.05349099,0.58807,48
2025-08-21 08:00:00,8569130.9,5567011.89737608,8679503.452083332,5693897.253355044,2.65482797,1.918717,2.0905467,1.239186,48
2025-08-21 12:00:00,8624573.3,5519726.912,8606783.722916666,5582047.534427755,2.81934732,1.898917,2.23395321,0.373242,48
2025-08-21 16:00:00,8629992.5,5587376.02272288,8642262.164583333,5597470.258394815,2.53376206,1.795227,2.06447964,0.951519,48
2025-08-21 20:00:00,8656774.7,5639891.22751466,8670854.518749999,5652146.145979314,2.58733624,1.758875,2.0681431,3.700339,48
2025-08-22 00:00:00,8703033.1,5614662.328796671,8697031.168085106,5666948.910849425,2.53640257,1.777795,2.09231651,8.531466,47
2025-08-22 04:00:00,8630272.8,5577046.2585432,8625324.174999999,5548751.741215966,2.71111111,1.697554,2.18727915,1.025194,48
2025-08-22 08:00:00,8667207.9,5430369.338721409,8629182.504166666,5506660.768268706,2.71428571,1.736771,2.14985591,0.817926,48
2025-08-22 12:00:00,8503828.8,5734945.3211413,8546168.418750001,5508108.097488801,2.54166667,1.915086,2.04707884,0.76346,48
2025-08-22 16:00:00,8810411.0,6206316.9396889,8835441.941666666,6160303.124296673,2.51380042,1.885675,2.0381984,0.346116,48
2025-08-22 20:00:00,8768565.6,6222406.07832012,8779496.402083334,6209488.376496621,2.45606695,1.948187,1.96422582,1.251586,48
2025-08-23 00:00:00,8869403.0,6186036.077574,8828229.180851065,6220806.480617652,2.55209452,2.23162,1.96210407,1.495689,47
2025-08-23 04:00:00,9111749.8,6464805.61777458,9060716.8375,6479801.355393947,2.48352816,2.131647,1.95454545,2.019556,48
2025-08-23 08:00:00,9116769.6,6568753.65866798,9099008.460416667,6528002.853680431,2.46617336,2.119699,1.988041,0.937244,48
2025-08-23 12:00:00,9088018.7,6502435.84760454,8973416.560416667,6390096.093223239,2.5678337,2.121989,2.09074733,1.202431,48
2025-08-23 16:00:00,9943776.8,7746202.1272,9160863.539583333,6632288.388581102,2.11981132,1.891639,1.81333333,1.005115,48
2025-08-23 20:00:00,9899679.8,7249339.40488316,9832821.791666666,7229148.150009812,2.16776626,1.98775,1.94041868,2.870675,48
2025-08-24 00:00:00,9891688.0,7246905.43868288,9891688.0,7246905.43868288,2.17469311,2.000083,1.94623656,1.389772,1
2025-08-24 04:00:00,9679563.6,6702491.17474919,9595585.839583334,6747825.769638357,2.46336429,2.122426,2.06072874,1.375275,48
2025-08-24 08:00:00,10074601.7,6886451.77945388,9962296.289583333,6853279.143019605,2.3706721,1.996799,1.93837535,1.542858,48
2025-08-24 12:00:00,10368630.1,7135481.89217828,10247769.358333332,7040860.525598572,2.36639676,1.967669,1.97680995,0.174446,48
2025-08-24 16:00:00,10048839.4,7064334.0982,10192582.470833333,7193775.770209268,2.277666,1.973607,1.90344438,0.869316,48
2025-08-24 20:00:00,10055158.8,6950553.81067012,10106985.549999999,7076817.837622202,2.41945607,1.766831,1.99941894,1.064858,48
2025-08-25 00:00:00,10053321.5,6962209.54721524,10053321.5,6962209.54721524,2.41127349,1.764738,1.9970964,2.784588,1
2025-08-25 04:00:00,9965671.1,6571873.16776005,9761757.714583334,6667548.58715842,2.62870159,1.772459,2.14726243,0.713497,48
2025-08-25 08:00:00,10151149.8,6689772.06531526,10081943.177083334,6640210.210930857,2.7161066,1.759188,2.2417795,7.663437,48
2025-08-25 12:00:00,10166812.5,6638928.5625,10178315.908333333,6685400.299883931,2.6835443,1.775495,2.24040921,14.321597,48
2025-08-25 16:00:00,9963074.6,6416220.0424,10061998.677083334,6545644.414359189,2.54180602,1.830938,2.09152334,1.830271,48
2025-08-25 20:00:00,9825215.4,6288137.856,9863531.133333333,6263000.702877838,2.54842342,1.965257,2.09595016,1.335437,48
2025-08-26 00:00:00,9824184.9,6285118.66502887,9824184.9,6285118.66502887,2.56045198,1.970116,2.09912718,0.615482,1
2025-08-26 04:00:00,9710405.6,6248926.24590562,9809911.5625,6284017.743640878,2.35744681,1.818634,2.09482221,0.263648,48
2025-08-26 08:00:00,9605676.5,6129272.86205143,9694226.575000001,6200619.783363779,2.37393162,1.822983,2.04963235,1.058939,48
2025-08-26 12:00:00,9572447.2,6301237.97083693,9722507.19375,6312306.817536719,2.19393939,2.017297,2.00179641,1.187095,48
2025-08-26 16:00:00,10022718.2,7147457.13046028,9738891.964583334,6719041.45114739,1.70221493,1.704956,1.59380776,1.207997,48
2025-08-26 20:00:00,10909231.1,8387332.146458791,10245152.802083334,7476580.903701398,1.61942446,1.553251,1.64779874,1.012445,48
2025-08-27 00:00:00,10924018.7,8083600.146102671,11056092.482978724,8240369.875854709,1.71490909,1.636236,1.65701283,1.047992,47
2025-08-27 04:00:00,11271267.1,8325833.770226339,11191550.200000001,8298314.168978033,1.72674838,1.748696,1.37376826,1.560971,48
2025-08-27 08:00:00,12909924.2,9603030.462367779,12266926.127083333,9210500.414240323,1.7533101,1.505979,1.62255805,0.495547,48
2025-08-27 12:00:00,12616009.7,9373695.2071,12725485.237499999,9371169.815202305,1.93913043,1.66033,1.72143132,2.339457,48
2025-08-27 16:00:00,11886061.5,8700152.00385744,12192226.095833333,8935613.410675233,1.95003674,1.747687,1.74392672,1.392267,48
2025-08-27 20:00:00,11570578.0,8283938.07893878,11822212.65,8590116.972809635,2.03018576,1.71975,1.78032231,1.388691,48
2025-08-28 00:00:00,11387886.8,8340383.06824597,11429841.665957445,8296309.74336702,1.90522388,1.790528,1.75624462,5.023098,47
2025-08-28 04:00:00,11349079.4,8245297.983541859,11343853.935416667,8251177.110796389,1.94313874,1.746865,1.80466344,1.154712,48
2025-08-28 08:00:00,11179589.7,8158828.34118937,11300799.441666668,8253268.304124121,1.93192133,1.742746,1.81512605,0.173615,48
2025-08-28 12:00:00,10739859.8,7786398.355,10964062.293750001,8075564.069375279,1.93875969,1.752907,1.8082878,1.448039,48
2025-08-28 16:00:00,10527582.6,7516693.9764,10647105.168750001,7680157.684539848,1.96310832,1.743426,1.78215103,0.698127,48
2025-08-28 20:00:00,10567958.0,7778017.088,10529584.416666666,7603155.8901608465,1.91357027,1.796446,1.73383318,4.009458,48
2025-08-29 00:00:00,10500367.8,7678770.916954019,10550627.044680852,7697767.691866204,1.87837838,1.863165,1.68360277,1.903209,47
2025-08-29 04:00:00,10338664.1,7191828.252003729,10420689.386666667,7508004.509128009,2.04381443,1.86346,1.78271605,0.300199,45
2025-08-29 08:00:00,10159846.6,6979382.617522569,10233509.033333333,7058914.307615745,2.11390135,1.978366,1.79387755,0.220347,48
2025-08-29 12:00:00,9795124.8,6756208.29236707,9889092.893749999,6863792.789494876,2.11371841,2.022642,1.86430834,1.039211,48
2025-08-29 16:00:00,10065338.6,6834364.9094,9961812.5375,6763275.333895083,2.13983441,1.929992,1.87869028,0.376477,48
2025-08-29 20:00:00,9926890.2,6849554.238,10024856.027083334,6846874.72752395,2.05972851,1.957472,1.81065401,0.212805,48
2025-08-30 00:00:00,9805533.6,6884592.416386129,9753739.504255319,6719671.674202547,1.99290151,2.056589,1.81236786,1.211541,47
2025-08-30 04:00:00,9775522.6,6959425.24127336,9794138.697916666,6907887.112347162,1.89879931,2.069286,1.775,3.910758,48
2025-08-30 08:00:00,9701473.8,6868643.4504,9759653.99375,6919329.963932774,1.88270548,2.083104,1.76504149,4.845912,48
2025-08-30 12:00:00,9732893.2,6874884.6866401695,9696997.6875,6809693.069347327,1.91470844,2.05465,1.79894459,0.346183,48
2025-08-30 16:00:00,9684901.3,6789115.8113,9696932.606250001,6797332.057796494,1.93333333,2.077707,1.75142709,0.534185,48
2025-08-30 20:00:00,9721026.3,6826821.20470857,9716620.322916666,6817262.616103535,1.93175853,2.088272,1.80010521,1.032509,48
2025-08-31 00:00:00,9695383.0,6952526.1849978,9703694.510638298,6928774.332654476,1.87627986,2.055244,1.72829995,1.013933,47
2025-08-31 04:00:00,9541532.2,6712157.421242209,9599130.170833332,6804136.644817143,1.9160105,2.02909,1.74490329,1.84398,48
2025-08-31 08:00:00,9596334.0,6712860.47510562,9573681.208333334,6716535.006276571,2.02357208,2.03758,1.8362069,1.547916,48
2025-08-31 12:00:00,9505705.6,6620384.50165302,9533905.2125,6632909.821077426,2.04227941,2.048793,1.84164859,1.292891,48
2025-08-31 16:00:00,9540100.0,6573128.9,9514757.804166667,6600655.887866425,2.05142332,2.029062,1.84054054,0.255619,48
2025-08-31 20:00:00,9246908.1,6287897.508,9275727.902083334,6403942.352546233,2.13975449,2.040053,1.86968375,0.174126,48
2025-09-01 00:00:00,9312066.9,6188900.32518319,9293002.319148935,6216479.246322866,2.24731183,1.923947,2.01378518,1.044672,47
2025-09-01 04:00:00,9390375.0,6392920.348125,9315190.089583334,6184219.919445251,2.22309198,1.932654,1.97605473,1.789587,48
2025-09-01 08:00:00,9336454.0,6270657.25825278,9271253.797916668,6336900.517009427,2.13971292,1.905166,1.88378528,3.134895,48
2025-09-01 12:00:00,9412781.4,6231261.2868,9410123.695833333,6277168.088553134,2.11374408,1.913847,1.8536319,1.115077,48
2025-09-01 16:00:00,9290198.4,6152814.2311225,9341173.447916666,6170197.562622793,2.08014911,1.896743,1.87035011,44.551084,48
2025-09-01 20:00:00,9389599.1,6168966.6087,9335683.422916668,6087323.754789631,2.09108159,1.876656,1.92109681,1.094127,48
2025-09-02 00:00:00,9396786.4,6201879.024,9396786.4,6201879.024,2.08136235,1.875463,1.9091922,1.740795,1
2025-09-02 04:00:00,9220076.7,6220157.49346366,9344191.541666666,6362139.89402163,1.74422442,1.949772,1.60936721,0.688963,48
2025-09-02 08:00:00,9227729.0,6173350.701,9192619.370833334,6192472.6421713205,1.8,1.945467,1.62663317,0.172277,48
2025-09-02 12:00:00,9184088.1,6094472.97143688,9169688.31875,6136808.635224554,1.84442524,1.964099,1.65826042,1.386292,48
2025-09-02 16:00:00,9200637.6,6136825.2792,9194404.5,6148741.396843293,1.87186147,1.937205,1.64058556,1.319294,48
2025-09-02 20:00:00,9183942.6,6246529.36758745,9216906.237499999,6247750.436946694,1.86257563,1.933276,1.64173825,0.895698,48
2025-09-03 00:00:00,9113627.4,6154923.44319176,9125376.027659575,6186844.040660726,1.86328461,1.978462,1.68202765,0.786426,47
2025-09-03 04:00:00,9149006.0,6125606.44730752,9118540.154166667,6123733.53572612,1.84465195,1.96525,1.65072974,0.419146,48
2025-09-03 08:00:00,9240896.9,6232789.60648953,9193924.633333333,6193279.764318928,1.82001682,1.956771,1.64682341,0.540384,48
2025-09-03 12:00:00,9236116.5,6335975.919,9273550.924999999,6296635.803530987,1.80996622,1.954501,1.61805556,1.368977,48
2025-09-03 16:00:00,9286999.2,6415039.36786615,9321755.768749999,6411563.54065613,1.74098361,2.004471,1.61168385,1.445802,48
2025-09-03 20:00:00,9291914.1,6402128.8149,9270080.6875,6406737.890672176,1.692679,2.050566,1.56894889,0.584664,48
2025-09-04 00:00:00,9291848.1,6401764.81634713,9291848.1,6401764.81634713,1.68995984,2.050861,1.5686747,0.240047,1
2025-09-04 04:00:00,9164716.1,6080723.87957137,9137207.370833334,6079123.53058776,1.97690941,1.962489,1.78767123,6.209924,48
2025-09-04 08:00:00,9249565.6,6100349.25845426,9208503.397916667,6097012.134179438,1.97178131,1.891406,1.79905313,2.378135,48
2025-09-04 12:00:00,9321714.5,6068436.1395,9303180.3375,6101696.173211824,1.92340792,1.789845,1.7158001,17.998941,48
2025-09-04 16:00:00,9390139.1,6052175.17786491,9391716.533333333,6093764.010123291,1.94411006,1.833409,1.71713147,1.287875,48
2025-09-04 20:00:00,9410516.2,6093104.466667489,9431567.299999999,6133381.180573639,1.86606409,1.886123,1.66029623,0.163629,48
2025-09-05 00:00:00,9409905.2,6079854.45646439,9409905.2,6079854.45646439,1.863711,1.885784,1.65934066,0.049662,1
2025-09-05 04:00:00,9009243.1,6119367.470593231,9090974.577083332,6034436.065742888,1.56563422,2.032253,1.44907814,1.958995,48
2025-09-05 08:00:00,8805730.4,5920823.4235432,8866140.197916666,5974305.265933876,1.59043348,2.05673,1.47991071,0.754747,48
2025-09-05 12:00:00,9049641.9,6008962.2216,8962078.816666666,6029533.22645396,1.66848674,2.073595,1.49658936,0.658283,48
2025-09-05 16:00:00,9024280.1,6029919.19092804,9028193.379166666,5994877.082041184,1.68078431,2.026443,1.4800544,0.953786,48
2025-09-05 20:00:00,8939095.6,5990502.8249868,8970761.081249999,6009618.748862325,1.73569702,2.10897,1.52480297,0.268548,48
2025-09-06 00:00:00,8937176.8,5994470.93555247,8937176.8,5994470.93555247,1.73709677,2.110415,1.52363299,0.991557,1
2025-09-06 04:00:00,8927524.3,5914442.800110551,8910315.043750001,5934314.688338551,1.872103,2.088949,1.65373134,0.006592,48
2025-09-06 08:00:00,8975564.9,5901247.85828962,8945362.09375,5896473.50772775,1.80511974,2.032882,1.53367394,0.701957,48
2025-09-06 12:00:00,9058335.3,5946706.08818024,9028986.947916666,5949195.714814558,1.73201581,2.038224,1.47426797,0.248596,48
2025-09-06 16:00:00,9000484.2,5881777.81262278,9048674.472916666,5972907.463653638,1.73647059,2.095429,1.52927928,0.156492,48
2025-09-06 20:00:00,9051322.5,6010078.14,9028202.579166668,5978036.125921953,1.68171385,2.121189,1.48871182,1.200961,48
2025-09-07 00:00:00,9181114.6,6176923.25561924,9119380.568085106,6100244.6405056985,1.64719272,2.123149,1.48295706,0.826736,47
2025-09-07 04:00:00,9254137.4,6228303.76559834,9219850.377083333,6217764.883283924,1.6101949,2.140592,1.44832098,0.060887,48
2025-09-07 08:00:00,9219904.2,6200277.60942182,9210913.731250001,6189459.316476519,1.64896074,2.207963,1.46714032,0.228365,48
2025-09-07 12:00:00,9310617.3,6222930.48805037,9237374.933333334,6190159.940692383,1.70031299,2.24103,1.49910314,0.214734,48
2025-09-07 16:00:00,9365128.5,6180984.81,9388739.604166666,6228930.586947403,1.70950156,2.320662,1.5450045,0.020117,48
2025-09-07 20:00:00,9372658.7,6242190.6942,9350550.893749999,6172850.3095851755,1.64688427,2.30407,1.49148211,0.425184,48
2025-09-08 00:00:00,9367294.7,6224647.60586558,9367294.7,6224647.60586558,1.65107647,2.303633,1.49190801,1.39641,1
2025-09-08 04:00:00,9501967.8,6314052.18697835,9496785.195833333,6335442.230025403,1.60346071,2.318305,1.4179165,0.298384,48
2025-09-08 08:00:00,9515192.0,6453668.60244072,9485638.739583334,6393783.243360405,1.52014134,2.228367,1.35296474,3.568216,48
2025-09-08 12:00:00,9458575.9,6496021.57524504,9491373.775,6471973.984705386,1.51318603,2.226925,1.35809988,1.758363,48
2025-09-08 16:00:00,9409399.4,6445438.589,9448748.69375,6498141.112827572,1.55637436,2.229778,1.40678676,0.108972,48
2025-09-08 20:00:00,9391897.3,6481220.97260261,9380445.579166668,6453930.07077517,1.59379728,2.275776,1.39284211,5.986248,48
2025-09-09 00:00:00,9337023.9,6475718.22917977,9406140.061702127,6494771.379886668,1.7975,2.321557,1.49347141,2.661598,47
2025-09-09 04:00:00,9421356.8,6662279.01530336,9377930.122916667,6581504.561610048,1.91362422,2.346724,1.60570876,1.102725,48
2025-09-09 08:00:00,9320329.4,6575731.1785392305,9371876.427083334,6642926.938081699,2.07729469,2.402227,1.72004186,0.726464,48
2025-09-09 12:00:00,9224558.2,6337271.4834,9256980.50625,6454582.486440539,2.26354167,2.429902,1.84404695,1.501888,48
2025-09-09 16:00:00,9231676.5,6365201.34285782,9222725.060416667,6329041.113301997,2.26624738,2.493795,1.88378685,0.978983,48
2025-09-09 20:00:00,9252724.7,6383170.156718231,9243175.793750001,6350211.559257786,2.24791667,2.47647,1.87084038,0.62546,48
2025-09-10 00:00:00,9301501.9,6448342.83655066,9277728.219148936,6395998.261556316,2.25386997,2.474953,1.86121992,0.546151,47
2025-09-10 04:00:00,9388693.1,6520648.5576431295,9356942.191666666,6504537.864385675,2.30633437,2.374894,1.96300512,1.092495,48
2025-09-10 08:00:00,9412032.9,6470302.017105,9396534.71875,6483553.358257786,2.36554622,2.424196,1.97839682,2.753337,48
2025-09-10 12:00:00,9519034.0,6677613.20269876,9502347.529166667,6646903.798118219,2.22132797,2.336023,1.8913649,0.543562,48
2025-09-10 16:00:00,9574871.3,6562762.71005861,9536346.729166666,6627352.226021186,2.39278132,2.306025,2.01630751,1.877995,48
2025-09-10 20:00:00,9649687.8,6712002.27105128,9634905.674999999,6674036.666033078,2.38014784,2.297751,2.01043478,0.696367,48
2025-09-11 00:00:00,9653777.7,6714181.73126572,9653777.7,6714181.73126572,2.38983051,2.300821,2.01685067,0.383606,1
2025-09-11 04:00:00,9496265.2,6737661.50527319,9494498.44375,6706949.0143580595,2.30912863,2.43674,1.94313613,0.118286,48
2025-09-11 08:00:00,9483092.2,6614613.849506831,9468291.018749999,6674592.655513999,2.38054968,2.395229,1.94797688,0.792694,48
2025-09-11 12:00:00,9605104.8,6639192.99458724,9515973.766666668,6610720.7060515545,2.51651982,2.375818,1.98755924,1.691539,48
2025-09-11 16:00:00,9679563.8,6741697.2248609,9651125.289583333,6691321.05516548,2.54295154,2.373423,1.99763872,1.917443,48
2025-09-11 20:00:00,9642230.1,6792909.740282871,9681408.404166667,6780665.676469906,2.51038251,2.37591,2.04861945,1.311892,48
2025-09-12 00:00:00,9591910.6,6709451.01298304,9601452.114893617,6763216.885252659,2.66552511,2.629994,2.06056935,2.65724,47
2025-09-12 04:00:00,9567239.5,6744903.8475,9583565.004166666,6757147.538917892,2.664,2.662087,2.09369259,0.459061,48
2025-09-12 08:00:00,9417819.5,6586863.172389271,9489924.8125,6650627.5093072215,2.60544218,2.725022,2.07190737,0.722479,48
2025-09-12 12:00:00,9413220.7,6637134.36642952,9398801.066666666,6614592.117287911,2.53794643,2.794192,2.04704463,1.852896,48
2025-09-12 16:00:00,9678855.3,6997812.3819,9591062.08125,6885069.836374316,2.50949721,2.84856,2.0543014,8.951714,48
2025-09-12 20:00:00,9502919.2,6902710.49236568,9598946.2875,6935076.2325474275,2.52542373,2.695982,2.06334563,1.787322,48
2025-09-13 00:00:00,9502059.2,6898494.9792,9502059.2,6898494.9792,2.5299435,2.696313,2.06584615,0.280518,1
2025-09-13 04:00:00,9620614.6,6991804.07658202,9505320.379166666,6931067.798598069,2.51620112,2.597234,2.09435133,0.052015,48
2025-09-13 08:00:00,9481067.7,6958971.33609491,9547135.0625,6995460.741907642,2.5594564,2.44855,2.1692112,458.207933,48
2025-09-13 12:00:00,9483810.6,6842725.16690816,9506880.177083334,6916021.316521834,2.64726426,2.397618,2.20479585,0.549105,48
2025-09-13 16:00:00,9470972.7,6788300.83548933,9462785.424999999,6787981.093875817,2.72651605,2.424848,2.20323625,0.823692,48
2025-09-13 20:00:00,9432358.3,6810162.6926,9426324.299999999,6793152.995776162,2.79975875,2.431362,2.28073636,3.194338,48
2025-09-14 00:00:00,9361901.0,6654818.57502852,9400813.04893617,6719400.389690308,2.85078219,2.504821,2.23846154,0.32181,47
2025-09-14 04:00:00,9349568.7,6638193.777,9382529.897916667,6668319.489116188,2.85834334,2.467253,2.28497072,1.036346,48
2025-09-14 08:00:00,9561990.1,6645583.1195,9387812.945833333,6626269.115745761,2.97648515,2.290905,2.34147952,0.292005,48
2025-09-14 12:00:00,9478946.5,6480307.93661734,9547447.0375,6576978.961603678,2.93968637,2.235886,2.24984306,0.305618,48
2025-09-14 16:00:00,9383964.5,6474935.505,9410981.606250001,6495884.556119657,2.9311981,2.250951,2.22317597,0.123295,48
2025-09-14 20:00:00,9389037.9,6444552.05212269,9375425.029166667,6478149.714800734,2.82703322,2.220637,2.13684834,0.806811,48
2025-09-15 00:00:00,9433440.4,6574304.60701554,9424001.529787233,6508772.047244687,2.67650273,2.263258,2.17162872,1.178879,47
2025-09-15 04:00:00,9371284.8,6372473.664,9412489.74375,6535632.492004885,2.55307856,2.230245,2.06625142,1.898127,48
2025-09-15 08:00:00,9401836.8,6330633.54305894,9415688.387500001,6337430.369108047,2.26153846,2.217762,1.86235662,0.323402,48
2025-09-15 12:00:00,9218838.2,6130527.403,9345040.345833333,6256419.594344997,2.15391705,2.215046,1.76508728,1.25239,48
2025-09-15 16:00:00,9249602.5,6174167.84874973,9284784.44375,6156963.849639684,2.05497382,2.209271,1.65730337,0.155109,48
2025-09-15 20:00:00,9135129.0,6111561.1657575,9188673.108333332,6154618.8122507,2.03350515,2.18275,1.66170312,1.550963,48
2025-09-16 00:00:00,9181479.3,6086131.95796024,9145035.94893617,6081882.182537066,1.97599338,1.954815,1.60178971,2.967074,47
2025-09-16 04:00:00,9256377.8,6248055.015,9200568.581249999,6153362.040614635,1.9032,1.894863,1.58546256,0.539465,48
2025-09-16 08:00:00,9158434.0,6181787.43979068,9143400.045833332,6185312.13522711,1.92550607,1.84871,1.58594786,9.617569,48
2025-09-16 12:00:00,9298598.8,6335804.39662366,9224438.314583333,6252779.3763795,1.96523179,1.837837,1.63516583,1.413738,48
2025-09-16 16:00:00,9346199.4,6355415.592,9372680.052083334,6377623.491841924,2.17769719,1.818135,1.72931612,1.846359,48
2025-09-16 20:00:00,9356952.4,6342255.93012214,9359311.608333332,6357055.126233275,2.21297989,1.807761,1.7558753,0.620585,48
2025-09-17 00:00:00,9330826.0,6298307.55,9343065.614893617,6345035.944119128,2.28145387,1.867167,1.75168756,0.582062,47
2025-09-17 04:00:00,9311164.4,6303658.2988,9313800.21875,6275347.552744846,2.31844106,1.845498,1.79782501,2.031953,48
2025-09-17 08:00:00,9328624.2,6250178.214,9314548.625,6228091.776617449,2.2516129,1.851769,1.75444498,0.282308,48
2025-09-17 12:00:00,9254832.5,6165635.12081075,9281940.472916666,6201602.378293398,2.15500443,1.825669,1.66682049,0.942991,48
2025-09-17 16:00:00,9218555.4,6318683.6463774,9226519.668750001,6196616.067630435,2.14612676,1.827658,1.68506494,2.116548,48
2025-09-17 20:00:00,9085278.0,6334500.2155782,9091536.862499999,6299219.449586307,2.08048994,1.938519,1.65100047,0.749398,48
2025-09-18 00:00:00,8986714.0,6301221.53461834,9041419.542553192,6310736.7180450605,2.24953445,2.167613,1.74914425,0.781973,47
2025-09-18 04:00:00,9028148.9,6301647.9322,8986847.108333332,6278465.067481727,2.22180451,2.159376,1.69290573,0.839505,48
2025-09-18 08:00:00,9099940.0,6324458.3,9065387.483333332,6336752.999865099,2.38128773,2.136955,1.84659989,1.593521,48
2025-09-18 12:00:00,9158838.1,6466139.6986,9114941.731250001,6388663.015416812,2.51540914,2.15276,1.92303433,0.261717,48
2025-09-18 16:00:00,9055135.2,6476382.19532215,9118558.0375,6521300.974384197,2.65834279,2.211136,2.06746269,0.758917,48
2025-09-18 20:00:00,9249157.8,6680666.67894,9068137.783333333,6516166.450488512,2.60158014,2.304835,2.08449848,2.828022,48
2025-09-19 00:00:00,9102511.0,6517397.876,9113851.212765958,6618516.831736309,2.6015891,2.342108,2.0369026,1.575848,47
2025-09-19 04:00:00,9071691.1,6418191.9702539295,9096394.1875,6475901.731984317,2.68139535,2.362144,2.06580566,0.474368,48
2025-09-19 08:00:00,9167782.2,6344105.2824,9065304.179166667,6349152.659334657,3.0,2.354651,2.26387982,3.483224,48
2025-09-19 12:00:00,9314810.4,6394038.51728174,9282322.022916667,6417799.28892132,3.00505689,2.350754,2.29973475,0.212113,48
2025-09-19 16:00:00,9347806.9,6381594.65355298,9339279.660416666,6388842.606491198,3.02648172,2.375314,2.22736031,2.839552,48
2025-09-19 20:00:00,9385345.7,6362707.92745345,9391566.737499999,6398514.986899682,2.9568434,2.358242,2.23076923,11.959554,48
2025-09-20 00:00:00,9310052.1,6326145.8616567105,9344092.453191489,6322847.2997947745,2.75524476,2.079971,2.19411396,1.562772,47
2025-09-20 04:00:00,9539905.4,6540973.46033152,9434558.81875,6434914.261938301,2.9010989,2.080431,2.335522,0.647407,48
2025-09-20 08:00:00,9441395.9,6401266.4202,9501935.022916667,6431175.159584572,2.67869222,2.035646,2.19483712,1.178694,48
2025-09-20 12:00:00,9606264.8,6609110.1824,9547212.735416668,6495037.384892623,2.62917595,2.0913,2.08052102,2.036472,48
2025-09-20 16:00:00,9569074.6,6511692.39647988,9577347.15,6567529.513072457,2.65276212,2.078015,2.08656716,2.680331,48
2025-09-20 20:00:00,9537525.3,6528498.72939122,9564006.454166668,6558200.026266363,2.58628319,2.073259,2.02800467,2.810117,48
2025-09-21 00:00:00,9595904.5,6587248.456353569,9542292.331914894,6533837.56233452,2.64712514,2.048151,2.02162478,0.28532,47
2025-09-21 04:00:00,9778504.0,6820850.15663056,9667312.033333333,6699523.63555668,2.65762712,2.04271,2.05598114,0.703312,48
2025-09-21 08:00:00,10082826.6,6796822.824092071,9842895.414583333,6744340.031491417,2.92092457,1.962393,2.30526992,0.552462,48
2025-09-21 12:00:00,9978849.0,6785617.32,10038535.106250001,6852382.018759615,2.9950495,1.987894,2.35676741,0.706735,48
2025-09-21 16:00:00,9764969.9,6634912.01428684,9893251.347916666,6716959.345877026,2.93446602,2.063014,2.29865125,0.207832,48
2025-09-21 20:00:00,9758549.9,6572026.48748016,9749833.708333334,6586471.6117940955,2.86738351,2.035368,2.25553447,1.13777,48
2025-09-22 00:00:00,9437256.3,6139465.5025815,9619406.676595746,6289498.15585573,2.57905983,1.950147,2.02929351,0.929658,47
2025-09-22 04:00:00,9205933.3,5715472.11295378,9382349.429166667,5970706.416829038,2.4565445,1.817091,1.90744921,0.778042,48
2025-09-22 08:00:00,8860686.8,5413956.45695456,9019405.658333333,5547819.641104628,2.37549801,1.760914,1.75180599,1.822051,48
2025-09-22 12:00:00,8873511.9,5403968.7471,8870231.375,5435006.336744023,2.27289896,1.759587,1.66585721,0.324976,48
2025-09-22 16:00:00,8978528.4,5472751.64010596,9006815.320833333,5509013.208180984,2.02864583,1.755426,1.54776188,1.56907,48
2025-09-22 20:00:00,8527889.9,5308565.15630784,8796321.24375,5448399.21067754,1.89967374,1.723061,1.52777778,0.035228,48
2025-09-23 00:00:00,8537634.3,5323097.935083751,8537634.3,5323097.935083751,1.9003268,1.722855,1.52440663,28.469077,1
2025-09-23 04:00:00,8799722.4,5658221.5032,8911771.125,5662107.0123040015,1.71730915,1.699048,1.53479037,0.533008,48
2025-09-23 08:00:00,9604903.1,6323763.02735106,9534058.066666666,6326693.651695889,1.6797048,1.876691,1.52064708,0.662075,48
2025-09-23 12:00:00,10872529.0,7578152.713,10549666.979166666,7275774.440031122,1.49865952,1.604977,1.4164794,0.644709,48
2025-09-23 16:00:00,9767312.6,6446426.316,10316649.331249999,7035546.420053397,1.99580185,1.797492,1.7166362,1.455683,48
2025-09-23 20:00:00,9489809.9,6229951.73082284,9655422.80625,6338922.097911495,2.12579186,1.808531,1.82763744,0.728424,48
2025-09-24 00:00:00,9400327.4,6326420.3402,9470931.874468086,6458085.139801429,2.09493088,1.756569,1.89861996,0.771407,47
2025-09-24 04:00:00,9747838.4,6916096.901067889,9684903.9125,6740854.0626989575,2.07629428,1.719741,1.92551506,1.162763,48
2025-09-24 08:00:00,10394524.5,7536076.3102435395,10050988.554166667,7225127.656216937,2.0361991,1.745781,1.81488934,0.793212,48
2025-09-24 12:00:00,10261411.0,7655012.606,10401985.15,7708404.893405278,1.91957105,1.762003,1.74262869,0.983063,48
2025-09-24 16:00:00,11278715.8,8887628.0504,10850300.804166667,8367059.416091624,1.73522459,1.729368,1.57089552,0.509488,48
2025-09-24 20:00:00,14492783.4,13144102.94784742,13022085.375,11165778.42618365,1.47268794,1.596556,1.39288538,0.932863,48
2025-09-25 00:00:00,14426822.8,13174555.39328568,14426822.8,13174555.39328568,1.44391026,1.550215,1.3939794,1.113208,1
2025-09-25 04:00:00,13962072.4,10910463.35517264,14137663.820833333,11300357.983808594,1.75767063,1.567668,1.41009094,1.391382,48
2025-09-25 08:00:00,13712021.7,10771090.73334111,13896881.022916667,11002141.902333038,1.70679612,1.690196,1.51808786,1.078003,48
2025-09-25 12:00:00,14486170.3,11876363.87773086,14262316.358333334,11718133.738928549,1.6714021,1.672544,1.63718528,1.11799,48
2025-09-25 16:00:00,14275419.0,11389512.57182034,14457134.833333334,11701884.877948185,1.74132286,1.776312,1.59642489,0.663667,48
2025-09-25 20:00:00,13988188.4,10993766.28440764,14256948.764583334,11311188.4509743,1.72812921,1.792236,1.58655584,0.688759,48
2025-09-26 00:00:00,13974477.6,11072936.83240903,13974477.6,11072936.83240903,1.71237458,1.78851,1.57672911,1.878533,1
2025-09-26 04:00:00,16464348.7,15295379.9423,14464699.197916666,12022172.315523721,1.34381663,1.579799,1.36207881,0.833619,48
2025-09-26 08:00:00,19303720.2,18921392.64809082,17612959.916666668,16273808.39031061,1.25870179,1.65885,1.24578313,1.217577,48
2025-09-26 12:00:00,18680572.6,20934485.49331067,18207723.022916667,17584714.972354263,1.1901379,1.585717,1.21770744,1.00472,48
2025-09-26 16:00:00,18868131.3,20955070.58540264,18945811.09375,21311597.224132277,1.24773289,1.534669,1.19392713,0.888527,48
2025-09-26 20:00:00,18166498.2,18839210.53161532,18642984.214583334,19988890.14754334,1.35727191,1.655732,1.22125862,0.909497,48
2025-09-27 00:00:00,19776363.4,22697611.12090394,18835435.521276597,21075696.825691555,1.23604159,1.554567,1.21175079,0.929632,47
2025-09-27 04:00:00,19496688.6,22382198.5128,19829665.833333332,23522604.93947735,1.30246679,1.436176,1.34111792,1.09389,48
2025-09-27 08:00:00,19064259.5,22839621.91497844,19244452.647916667,22397631.319563314,1.16981832,1.345347,1.17083725,0.782753,48
2025-09-27 12:00:00,18679952.6,21317209.60321396,18739369.724999998,21649186.338338036,1.1752988,1.359914,1.19557119,0.754432,48
2025-09-27 16:00:00,18417137.1,20796485.71793691,18467188.079166666,20936820.727662634,1.13241825,1.421379,1.15952891,0.770132,48
2025-09-27 20:00:00,17837729.7,20031770.4531,17840149.410416666,19880596.216321014,1.18287435,1.48417,1.20666819,0.801505,48
2025-09-28 00:00:00,17896295.3,20043850.736,17873259.727659576,19506819.313987922,1.17695652,1.587729,1.15706929,0.618322,47
2025-09-28 04:00:00,17828687.6,19415440.7964,17908710.577083334,19730649.795754667,1.2752168,1.603481,1.25,1.290846,48
2025-09-28 08:00:00,17891341.1,19328852.38943984,17864050.599999998,19027675.173329767,1.27289807,1.634153,1.24117053,1.226117,48
2025-09-28 12:00:00,17975096.8,19356257.04211322,17830872.452083334,18824278.87663531,1.32985594,1.645745,1.28540944,2.245309,48
2025-09-28 16:00:00,17596089.5,19075335.73293502,17731257.947916668,19180512.940437112,1.29867582,1.711477,1.27495996,1.602868,48
2025-09-28 20:00:00,17822112.3,19408280.2947,17684602.087500002,19499228.963096056,1.33283508,1.647977,1.30289894,0.816638,48
2025-09-29 00:00:00,17739968.1,17963513.69562044,17706988.210638296,18573782.93911728,1.36498213,1.70078,1.30455172,0.619558,47
2025-09-29 04:00:00,18306893.3,19901122.00882842,18009044.712500002,18334686.084641453,1.30102041,1.817499,1.27640449,1.341516,48
2025-09-29 08:00:00,18343704.4,21517652.653425913,18195631.73125,21174535.07673591,1.11502865,1.558834,1.09414576,0.506633,48
2025-09-29 12:00:00,18120592.4,21134973.60321534,18302634.810416665,20505032.99766499,1.22831945,1.588463,1.25456528,0.853318,48
2025-09-29 16:00:00,18187519.6,20751959.8636,18129410.070833333,21095846.038533885,1.17894737,1.564195,1.18418259,0.767445,48
2025-09-29 20:00:00,17240832.8,18982156.9128,17859553.354166668,20285003.116931003,1.33453053,1.640349,1.28551336,1.062811,48
2025-09-30 00:00:00,17256605.2,18947752.5096,17256605.2,18947752.5096,1.33607823,1.643325,1.28306134,0.569392,1
2025-09-30 04:00:00,17230329.0,19136398.82345055,17269218.814583335,19415286.493992854,1.30374753,1.511765,1.35562896,1.375206,48
2025-09-30 08:00:00,16595769.7,18421304.367,16951980.379166666,18428112.16815665,1.2975334,1.562752,1.34331395,0.992753,48
2025-09-30 12:00:00,16835849.8,18291063.716878407,16743009.275,18861145.054309364,1.24328434,1.580204,1.21228119,1.260354,48
2025-09-30 16:00:00,16685661.0,18178290.320140406,16831815.068749998,18401193.961137872,1.24857881,1.544817,1.25815767,0.812471,48
2025-09-30 20:00:00,16646060.9,17882210.03344028,16627903.385416666,17887238.603593536,1.26610791,1.539062,1.28355107,1.026748,48
2025-10-01 00:00:00,17019408.9,18874524.4701,16643940.425531914,18184325.74294898,1.19908815,1.518729,1.24146982,0.869114,47
2025-10-01 04:00:00,16761270.5,18037403.40614661,16830202.127083335,18306926.521987677,1.25776398,1.497601,1.32622601,0.838267,48
2025-10-01 08:00:00,17661197.3,19509806.654393192,17389169.466666665,19285595.701512497,1.20953831,1.544783,1.2777112,0.771293,48
2025-10-01 12:00:00,17889544.7,19752101.94486376,17697168.072916668,19658339.34585369,1.20405063,1.600608,1.289513,1.455788,48
2025-10-01 16:00:00,18216236.1,23552953.15876345,17915095.314583335,20526524.792053666,1.0574141,1.627681,1.15572479,1.156038,48
2025-10-01 20:00:00,18356501.7,23278946.31851877,18574971.989583332,24331574.56428407,1.17941586,1.582135,1.18481848,1.640301,48
2025-10-02 00:00:00,17841865.5,23444211.267,18034379.489361703,23988161.431789506,1.21169538,1.645038,1.23545568,1.920278,47
2025-10-02 04:00:00,17591042.8,22636834.12066508,17661019.679166667,22874648.972592253,1.22196478,1.632879,1.27308397,0.910836,48
2025-10-02 08:00:00,16849203.5,21375873.612554327,17317582.920833334,22172704.081751954,1.31299213,1.538695,1.32382271,0.61369,48
2025-10-02 12:00:00,16071059.0,20109059.46322926,16546229.487499999,20982927.234752934,1.28893242,1.510621,1.36467634,0.997558,48
2025-10-02 16:00:00,15917689.3,19856964.18822444,15939872.395833334,19965420.070880998,1.3055,1.504124,1.3951039,0.532771,48
2025-10-02 20:00:00,15720836.8,19336629.264,15842268.883333333,19598639.52270079,1.28327474,1.549076,1.35941946,1.113962,48
2025-10-03 00:00:00,15721019.1,19399737.5694,15721019.1,19399737.5694,1.276,1.548523,1.34292972,1.81336,1
2025-10-03 04:00:00,15665408.2,18908147.6974,15685544.447916666,18836826.581318278,1.29794692,1.61251,1.30148918,3.335995,48
2025-10-03 08:00:00,15647636.8,18808459.4336,15595648.9,18725249.47953357,1.24647545,1.597154,1.26299945,2.136126,48
2025-10-03 12:00:00,15443461.5,19103561.8755,15593307.977083333,19006270.702675074,1.24838228,1.647354,1.28826025,1.502868,48
2025-10-03 16:00:00,14692305.3,18056843.2137,14932078.572916666,18457424.455058653,1.26058134,1.690547,1.28100831,2.165,48
2025-10-03 20:00:00,14634304.9,17717589.47724427,14641544.043750001,17840729.80950405,1.24811652,1.709103,1.26260623,0.653041,48
2025-10-04 00:00:00,14571786.0,17413284.27,14614757.54893617,17627465.789514508,1.25136884,1.752509,1.23466517,0.592898,47
2025-10-04 04:00:00,14561720.3,17116729.6458078,14540325.758333333,17240755.96020174,1.22848665,1.725663,1.22200338,0.310285,48
2025-10-04 08:00:00,14680728.0,17279216.856,14625034.025,17159562.90012105,1.15844902,1.707904,1.1604161,1.737909,48
2025-10-04 12:00:00,14563726.1,16924828.83298038,14646088.529166667,17141219.400067974,1.1226145,1.71891,1.12510243,1.393815,48
2025-10-04 16:00:00,14600415.8,17469555.3351948,14658168.847916668,17232093.93104484,1.11412268,1.756284,1.12691466,0.767012,48
2025-10-04 20:00:00,14472641.6,17236916.1456,14550694.160416668,17358258.29506599,1.11412268,1.815821,1.11703865,1.266556,48
2025-10-05 00:00:00,14466073.8,17217474.16668089,14466073.8,17217474.16668089,1.1217765,1.817348,1.12373668,0.671786,1
2025-10-05 04:00:00,14405632.4,17099485.6588,14347743.489583334,17076808.542060215,1.07388476,1.892409,1.0982214,2.145241,48
2025-10-05 08:00:00,14711321.1,17262693.60220291,14648951.833333334,17349486.256473195,1.05366075,1.956819,1.06310049,0.555304,48
2025-10-05 12:00:00,14291657.3,16389471.79385494,14523765.6,16845099.375544265,1.08218549,1.942869,1.07507821,0.813467,48
2025-10-05 16:00:00,14079774.7,15811586.9881,14118347.354166666,16006759.60044825,1.02597974,1.970499,1.02332581,0.60415,48
2025-10-05 20:00:00,14062660.0,15848617.82,14071273.025,15829481.980345013,1.00216826,2.031307,0.99117863,0.637914,48
2025-10-06 00:00:00,13933163.1,15869872.7709,13978498.695744682,16050320.832581015,0.98250107,1.952632,0.9892104,0.556618,47
2025-10-06 04:00:00,14247065.1,16284395.4093,14023761.53125,15853186.380276144,0.97748513,1.936025,0.97419669,1.274078,48
2025-10-06 08:00:00,14364858.3,16512345.14533664,14326472.741666667,16481355.727510443,1.01021277,1.936686,1.00560292,1.151216,48
2025-10-06 12:00:00,14303247.3,16473646.9329523,14347263.316666668,16502880.08103858,1.00379267,1.897023,1.00898713,0.39253,48
2025-10-06 16:00:00,14696891.2,17703736.10692925,14509413.012500001,16954312.498066902,0.88732959,1.873239,0.89160517,0.947151,48
2025-10-06 20:00:00,14480452.5,17176769.80848285,14569734.268749999,17408121.23013571,0.91237323,1.958395,0.92210821,1.089312,48
2025-10-07 00:00:00,14460840.7,17152973.76589778,14460840.7,17152973.76589778,0.91166937,1.950423,0.92124884,1.27599,1
2025-10-07 04:00:00,14256708.0,17305867.26875028,14357188.814583333,17781430.29181438,0.93646297,1.983628,0.91072649,1.678783,48
2025-10-07 08:00:00,14202522.9,17128242.6174,14266415.939583333,17306968.51533621,0.96434494,1.961166,0.93920188,2.81569,48
2025-10-07 12:00:00,13748978.1,15630172.67922739,14091952.454166666,16708092.823153393,1.0705301,1.964279,1.00427888,1.060244,48
2025-10-07 16:00:00,13524151.7,15228194.8142,13634647.622916667,15454782.095835527,1.03790216,1.949351,0.97688867,0.884471,48
2025-10-07 20:00:00,13322379.8,14795197.66323037,13398109.460416667,15075359.09569204,1.0557053,1.841642,0.9820888,0.736909,48
2025-10-08 00:00:00,13325453.6,14784734.81735342,13325453.6,14784734.81735342,1.05808195,1.842892,0.9823277,0.784482,1
2025-10-08 04:00:00,13207140.1,14874046.53401405,13219133.38125,14790578.009520493,1.02502234,1.685878,0.97720942,0.985305,48
2025-10-08 08:00:00,13263481.0,14775959.90582173,13232984.924999999,14862363.025533011,1.01865837,1.65438,0.96787149,2.276178,48
2025-10-08 12:00:00,13221601.4,14787389.24598109,13251732.65,14804324.776607892,0.9956044,1.669105,0.95925553,1.024901,48
2025-10-08 16:00:00,13226703.5,14834126.92030527,13216917.0375,14876079.826396821,0.99129678,1.681152,0.94936709,0.661451,48
2025-10-08 20:00:00,13125105.2,14660742.5084,13216553.897916667,14728418.003178691,0.96381994,1.662403,0.92566586,0.666631,48
2025-10-09 00:00:00,13125471.9,14674277.5842,13125471.9,14674277.5842,0.96174863,1.66086,0.92356072,0.739981,1
2025-10-09 04:00:00,12888318.9,13925741.44641424,12841662.104166666,14003983.927464321,0.98930252,1.84848,0.91861598,1.183725,48
2025-10-09 08:00:00,12802590.2,13878007.7768,12867730.470833333,13849875.421025405,0.97759586,1.953892,0.90790766,0.645177,48
2025-10-09 12:00:00,12718810.7,13781414.55092059,12862379.725,14124605.87033902,0.98818898,1.911084,0.91911399,1.347324,48
2025-10-09 16:00:00,13229694.8,15762788.0353736,12921031.424999999,14549942.49229254,0.92120704,1.799773,0.90224475,0.950176,48
2025-10-09 20:00:00,13930632.1,17201073.10448974,13422911.447916666,15928403.98176057,0.9664926,1.773416,0.94556301,1.20006,48
2025-10-10 00:00:00,13930367.6,17079122.69818363,13930367.6,17079122.69818363,0.97858392,1.766282,0.95340145,1.149224,1
2025-10-10 04:00:00,15219017.2,20220180.903149992,15078969.858333334,19141581.870400716,1.11709287,1.523207,1.11147541,1.1547,48
2025-10-10 08:00:00,15744604.2,22113676.673645392,15547182.887500001,21340874.73246108,1.10067682,1.367821,1.14238016,1.898184,48
2025-10-10 12:00:00,14484568.7,18937257.362492234,15293636.764583334,20953762.864627328,1.30020182,1.554675,1.2545403,0.692219,48
2025-10-10 16:00:00,14420877.0,18227988.528,14623068.4625,18636480.216269966,1.38858093,1.585777,1.32527132,1.142741,48
2025-10-10 20:00:00,10676230.3,10718935.2212,12875007.393749999,12925373.264453843,1.23322684,1.329611,1.27462121,0.902502,48
2025-10-11 00:00:00,10376967.4,10179805.0194,10376967.4,10179805.0194,1.25020113,1.310686,1.29597701,0.569829,1
2025-10-11 04:00:00,9352570.0,9670338.3428106,9352772.272916667,9695403.651382295,1.2484375,1.312184,1.34867777,1.237085,48
2025-10-11 08:00:00,9123752.6,9643806.4982,9279487.004166666,9764928.699291252,1.20491174,1.251244,1.31957774,1.529573,48
2025-10-11 12:00:00,8767364.6,8936576.31490563,8957798.908333333,9397074.683646685,1.2029549,1.211099,1.29349398,0.445549,48
2025-10-11 16:00:00,8586439.6,8088426.1032,8644215.1875,8519999.841084119,1.20332278,1.226668,1.24172662,0.896082,48
2025-10-11 20:00:00,8487654.1,8004278.37956066,8613431.435416667,8070119.2381943995,1.18368963,1.214402,1.22313253,1.441774,48
2025-10-12 00:00:00,8480640.8,7976212.285216,8480640.8,7976212.285216,1.18665608,1.213619,1.22586873,0.743,1
2025-10-12 04:00:00,8094069.2,8005016.9556105295,8146831.747916666,7873111.2060896205,1.11356932,1.30514,1.17943925,0.726023,48
2025-10-12 08:00:00,8138421.4,7983791.3934,8064418.354166667,7928969.26413605,1.10218978,1.390729,1.15041021,1.157541,48
2025-10-12 12:00:00,9922655.0,12413241.405,8331431.766666667,8582481.031747077,0.97430957,1.333937,1.02820212,0.639354,48
2025-10-12 16:00:00,13138980.3,22218015.6873,11259725.668750001,16622146.692138353,0.95619133,1.266222,1.04190613,0.637563,48
2025-10-12 20:00:00,13066767.6,22161237.8496,12983416.4625,22345632.356426608,0.95385839,1.284569,0.93300753,0.901054,48
2025-10-13 00:00:00,13760228.5,24431708.41596952,13614354.123404255,24151910.21333699,1.03016324,1.281225,1.03097015,0.902493,47
2025-10-13 04:00:00,14697148.7,27248513.6898,14258209.725,25842332.118752137,1.03239227,1.199308,0.98488929,1.103045,48
2025-10-13 08:00:00,15162747.7,34726540.2351113,15750634.139583334,35944360.402856655,0.88991945,1.18706,0.85763001,1.25879,48
2025-10-13 12:00:00,14932932.0,35107956.73630476,14419578.69375,32499400.4008369,0.95620621,1.277856,0.87664415,1.14921,48
2025-10-13 16:00:00,15664515.3,37562035.851542406,15420989.558333332,37359725.59849332,0.945237,1.324174,0.84911016,0.844839,48
2025-10-13 20:00:00,15097422.1,34679239.63897093,15430037.189583333,35486457.32243594,1.01325708,1.460377,0.88464896,1.27062,48
2025-10-14 00:00:00,14952697.2,32578902.26815644,14829252.276595745,32946425.960034315,0.96732193,1.639108,0.83266103,1.138144,47
2025-10-14 04:00:00,15837097.3,31595009.1135,15071298.543750001,31746015.78635995,0.87094017,1.644853,0.76176471,1.095418,48
2025-10-14 08:00:00,14799761.8,29111131.4606,15268357.885416666,30005050.44069096,1.04435484,1.725996,0.9429183,1.493494,48
2025-10-14 12:00:00,14374541.3,27656218.99891517,14482232.289583333,27678585.585409265,1.24793063,1.871522,1.12961392,1.475747,48
2025-10-14 16:00:00,14045062.7,27623497.85488028,14175720.970833333,27961065.81868167,1.31609433,1.986574,1.30900585,1.0526,48
2025-10-14 20:00:00,13837186.3,28077451.08226577,13886292.335416667,27763865.339621875,1.31047228,2.040461,1.3245283,1.450344,48
2025-10-15 00:00:00,13517932.2,27832040.326411873,13770209.444680851,29264097.700893782,1.33697411,1.702234,1.39530906,0.795228,47
2025-10-15 04:00:00,13230014.4,25851448.1376,13348784.204166666,26622757.442825,1.3416702,1.674632,1.38591195,1.166303,48
2025-10-15 08:00:00,12989566.4,25369978.250766847,13111299.854166666,25858737.70502448,1.33435181,1.718501,1.35542946,0.423169,48
2025-10-15 12:00:00,11964164.9,21571110.90858278,12315856.264583334,23302224.80235948,1.38454244,2.243595,1.37994505,1.260806,48
2025-10-15 16:00:00,11688614.6,20607027.5398,11762242.21875,21142741.106889475,1.43976202,2.373279,1.40400572,0.713738,48
2025-10-15 20:00:00,11438261.7,19605180.5538,11461494.829166666,20003308.262180444,1.53938445,2.524932,1.46371208,1.135408,48
2025-10-16 00:00:00,11502387.2,19416029.5936,11502387.2,19416029.5936,1.6176629,2.538845,1.5270936,0.293025,1
2025-10-16 04:00:00,12115816.9,18958112.059494168,11986114.664583333,19095514.069861874,1.55543988,2.674084,1.43207713,1.163698,48
2025-10-16 08:00:00,11456015.5,18755465.5169629,11894898.547916666,19034131.52044578,1.50837139,2.610816,1.44638187,0.675521,48
2025-10-16 12:00:00,12230916.6,20052012.5456923,11630253.125,19225805.155189347,1.55299056,1.981234,1.51815385,0.865714,48
2025-10-16 16:00:00,12384163.6,19095025.815227073,12396779.424999999,19644684.260347962,1.59593183,2.373269,1.5223114,1.231508,48
2025-10-16 20:00:00,13374426.6,19285923.1572,12866961.706249999,18892676.615429122,1.59943662,2.489908,1.4528,1.611252,48
2025-10-17 00:00:00,13396418.9,19382060.77193199,13396418.9,19382060.77193199,1.60372041,2.47208,1.46375882,1.850543,1
2025-10-17 04:00:00,13875499.4,18790643.777155872,13441390.310416667,18980581.68710682,1.4953168,2.648169,1.35486951,1.705379,48
2025-10-17 08:00:00,13455529.0,19698894.456,13741618.612499999,18899439.685487267,1.48824188,2.610173,1.41924742,1.230098,48
2025-10-17 12:00:00,13454292.1,19522177.8371,13459455.889583334,19470171.691645328,1.53917586,2.386212,1.46052186,1.586331,48
2025-10-17 16:00:00,13063425.8,18535228.764587447,13090906.695833333,18664999.682439037,1.54936121,2.085564,1.51249572,1.1146,48
2025-10-17 20:00:00,13050518.6,18048867.2238,13026059.74375,18404036.522407215,1.55884092,2.193382,1.51381602,1.574476,48
2025-10-18 00:00:00,13073788.5,18189651.49550122,13122778.75319149,18157603.11586518,1.54104903,2.28665,1.47511006,2.019427,47
2025-10-18 04:00:00,13477304.0,18881702.904,13152427.645833334,18300179.504689302,1.42935079,2.295134,1.42861821,1.374114,48
2025-10-18 08:00:00,13161128.5,18483952.53195706,13115717.275,18268146.1567639,1.44042553,2.098502,1.41191302,1.22615,48
2025-10-18 12:00:00,13322235.0,18189488.378225848,13235515.616666667,18226140.943998966,1.44777718,2.16415,1.36521201,0.949005,48
2025-10-18 16:00:00,13537781.5,18587373.9995,13446612.877083333,18348397.905127294,1.46616134,2.315646,1.39321926,0.934212,48
2025-10-18 20:00:00,13536008.5,18544331.645,13549805.072916666,18670628.97845098,1.34807198,2.338406,1.29654336,0.530051,48
2025-10-19 00:00:00,13465205.0,18985939.05,13560039.734042553,18683471.27588375,1.29566949,2.153432,1.2484527,0.766787,47
2025-10-19 04:00:00,12747422.2,17897380.7688,13120740.120833332,18542763.65881287,1.32336821,1.974545,1.30059701,1.37658,48
2025-10-19 08:00:00,12787366.3,18398712.625451166,12555167.393749999,17933607.844298936,1.291423,1.770413,1.33402861,1.003018,48
2025-10-19 12:00:00,12968555.4,19016123.4811827,12782710.560416667,18196552.15908722,1.36996519,1.92205,1.3747412,1.189543,48
2025-10-19 16:00:00,13858909.7,23352262.8445,13530866.21875,21719942.95199468,1.25634296,1.671518,1.37375066,1.347182,48
2025-10-19 20:00:00,13360886.7,20816261.4786,13605401.791666666,22024224.85230626,1.4252381,1.650331,1.45482604,1.260691,48
2025-10-20 00:00:00,14100450.1,22949256.08844249,13712754.05106383,20905142.83005274,1.39627907,1.625862,1.42257883,1.09353,47
2025-10-20 04:00:00,14731687.3,24507422.708666008,14902772.716666667,25500366.878141563,1.33089501,1.689298,1.37764736,0.827488,48
2025-10-20 08:00:00,15190538.7,24927674.0067,14992800.008333333,24898906.39774309,1.3797693,1.657761,1.46496136,1.330113,48
2025-10-20 12:00:00,15346823.3,25564416.12331893,15383844.358333334,26133374.57058939,1.37301587,1.647853,1.5276221,0.700119,48
2025-10-20 16:00:00,15207312.2,24275443.41412478,15106453.179166667,24072723.953462288,1.45458891,1.738962,1.51067464,1.12936,48
2025-10-20 20:00:00,15735309.0,25538406.507,15361559.981250001,24753481.8367663,1.37673528,1.634536,1.46714697,1.657457,48
2025-10-21 00:00:00,15937367.4,24910105.2462,15844211.717021277,25319519.080747504,1.38022989,1.820215,1.413947,0.706812,47
2025-10-21 04:00:00,16602683.4,24728769.49840528,16348932.102083333,24596205.332148377,1.43432407,1.971649,1.3399386,2.093177,48
2025-10-21 08:00:00,16698763.7,24707623.692679048,16588402.883333333,24688354.8502057,1.37890807,2.016243,1.32050577,1.363206,48
2025-10-21 12:00:00,16334342.4,27908068.6392455,16652595.71875,25479866.029756103,1.11892797,1.810037,1.14242501,0.678915,48
2025-10-21 16:00:00,16592596.2,25871282.18765568,16330873.137500001,25993411.028293665,1.21806569,2.063821,1.22546347,0.6492,48
2025-10-21 20:00:00,16846983.2,24750296.05923806,16724126.479166666,25184774.871272113,1.24613221,2.134872,1.23604911,1.540638,48
2025-10-22 00:00:00,16215886.6,24034512.21331971,16403480.880851064,24074369.03233552,1.18132612,2.009437,1.2027137,1.382011,47
2025-10-22 04:00:00,16097980.5,23132895.21030222,16139899.516666666,23640906.030601997,1.20130152,2.095888,1.32636316,0.916582,48
2025-10-22 08:00:00,16354957.4,22969921.74060432,16199885.097916668,22898333.374309074,1.19965797,2.141113,1.2875226,1.084242,48
2025-10-22 12:00:00,15959664.2,22136054.2454,16205187.53125,22647620.286652375,1.14890087,2.12765,1.21712004,1.791851,48
2025-10-22 16:00:00,15555067.7,20675724.900180608,15722254.210416667,21313958.0011964,1.2433132,2.111076,1.2520987,1.055446,48
2025-10-22 20:00:00,15925676.2,20337326.59625919,15727183.585416667,20275291.111400455,1.17067928,2.194228,1.12412935,0.812759,48
2025-10-23 00:00:00,15460476.8,19883489.46979475,15676830.044680852,20257376.341598786,1.10528423,2.213873,1.11047619,0.690199,47
2025-10-23 04:00:00,15378057.4,20160633.2514,15478450.6,19982764.88783023,1.0559148,2.142174,1.09233926,1.258176,48
2025-10-23 08:00:00,15089744.2,19194217.093940992,15216230.018749999,19783136.18007767,1.01709402,2.199778,1.06333108,0.610239,48
2025-10-23 12:00:00,15093518.2,19459670.471129607,15066309.5,19135729.944112062,0.97430329,2.321601,1.00956314,0.707701,48
2025-10-23 16:00:00,15059582.6,19224654.731279887,14998972.966666667,19155674.789393328,0.97479294,2.230946,1.0012848,0.53056,48
2025-10-23 20:00:00,14890199.8,18539473.88556822,14844741.56875,18649600.198751945,0.97744361,2.395671,1.00771539,0.367437,48
2025-10-24 00:00:00,14650834.9,18113935.962055232,14735071.327659573,18359404.13174548,0.9932288,2.503344,0.99683878,0.664245,47
2025-10-24 04:00:00,14514454.2,17933484.25655551,14579599.866666667,18284780.90167867,0.99928876,2.706788,1.01139241,0.890522,48
2025-10-24 08:00:00,14399267.1,17768695.6014,14420417.831249999,17851021.508179743,0.98592045,2.552154,1.00145985,2.130132,48
2025-10-24 12:00:00,14342703.8,17598497.5626,14304172.795833334,18005988.790454265,0.98240056,2.529737,1.02137566,1.20881,48
2025-10-24 16:00:00,14647672.6,18996448.09526867,14417564.1875,18128649.180944856,0.87467105,2.385629,0.9348865,0.985656,48
2025-10-24 20:00:00,14385776.5,18701509.45,14531554.660416668,19028860.16428471,0.8431437,2.424507,0.89647577,3.500449,48
2025-10-25 00:00:00,14357734.4,18199707.19540301,14346164.25957447,18252550.016805314,0.90150754,2.646024,0.90718744,1.722807,47
2025-10-25 04:00:00,14782990.2,18203217.404869072,14484423.018749999,17994739.468238745,0.92090205,2.580062,0.93270008,0.849166,48
2025-10-25 08:00:00,15003460.2,18634297.5684,14910108.110416666,18326576.872701596,0.91641791,2.465891,0.94977991,1.503357,48
2025-10-25 12:00:00,14993585.5,18517078.0925,15030342.685416667,18696718.540536363,0.91244691,2.486494,0.95499408,0.679422,48
2025-10-25 16:00:00,15400492.3,18935250.71589229,15267145.470833333,18796519.668847617,0.92195596,2.298618,0.96945967,3.131875,48
2025-10-25 20:00:00,15171546.6,18221146.41152534,15430256.606250001,18952991.17072102,0.95522388,2.385006,0.96990507,1.493652,48
2025-10-26 00:00:00,14905296.0,17372082.69085968,14944783.527659573,17671636.406855576,0.95266868,2.738548,0.93570153,0.538285,47
2025-10-26 04:00:00,14754441.8,17985005.47328479,14852869.572916666,17642452.291817516,0.93865435,2.990147,0.93470588,0.626983,48
2025-10-26 08:00:00,15128658.5,18853615.01060176,14977478.25,18336729.206994522,0.85213512,2.876519,0.86801065,1.386326,48
2025-10-26 12:00:00,15015938.8,18732383.653,14966351.4,18750367.820331324,0.81470869,2.665928,0.85025818,3.537333,48
2025-10-26 16:00:00,15269521.5,18708754.160090286,15188325.722916668,18746897.532029767,0.80459037,2.659094,0.82569155,0.569147,48
2025-10-26 20:00:00,15220604.0,18295166.008,15186129.19375,18612912.72599013,0.82491909,2.72552,0.83678161,1.083686,48
2025-10-27 00:00:00,15208417.7,18257541.04585466,15208417.7,18257541.04585466,0.82204214,2.720012,0.83154259,0.636993,1
2025-10-27 04:00:00,15199777.4,18194133.5478,15397670.637500001,18582743.034534097,0.82869647,2.585803,0.83182406,0.532904,48
2025-10-27 08:00:00,15050370.2,17485472.68969387,15074983.268749999,17791500.519032735,0.83017677,2.466907,0.82982293,1.582202,48
2025-10-27 12:00:00,15028106.5,17883446.735,15129919.129166668,17635074.774711143,0.80605487,2.515436,0.78984976,1.953211,48
2025-10-27 16:00:00,15098157.2,17529441.98943311,15043198.883333333,17637159.871780135,0.85930457,2.462411,0.8347061,0.666116,48
2025-10-27 20:00:00,15249444.6,17747816.76929079,15142100.9375,17567277.60286868,0.85393978,2.46984,0.82136895,2.111739,48
2025-10-28 00:00:00,15272693.6,17639961.108,15269059.45106383,17755392.001670737,0.84031496,2.66726,0.82134915,0.688043,47
2025-10-28 04:00:00,15296413.6,17751135.24750238,15255254.814583333,17788255.78713801,0.85181644,2.610657,0.83616664,0.539029,48
2025-10-28 08:00:00,15322268.2,17783823.68242931,15331097.052083334,17895049.070617393,0.87451613,2.606537,0.8609434,1.082095,48
2025-10-28 12:00:00,14848638.7,16899416.26391659,15210898.629166668,17777958.45940155,0.89173228,2.689313,0.86453344,1.029401,48
2025-10-28 16:00:00,14764298.1,16597325.57271987,14848230.583333334,16906966.763390508,0.87684245,2.720351,0.84909265,0.706468,48
2025-10-28 20:00:00,14694323.8,16333296.93691259,14743756.141666666,16417108.541742684,0.85134697,2.741536,0.82444487,0.301612,48
2025-10-29 00:00:00,14689958.0,16283540.50899464,14689958.0,16283540.50899464,0.85338101,2.746361,0.83257056,0.508573,1
2025-10-29 04:00:00,14980418.1,16711588.92157673,14919867.833333334,16558331.480114335,0.81724912,2.660724,0.81685329,0.57068,48
2025-10-29 08:00:00,14817233.3,16817559.7955,14840076.914583333,16635885.322636293,0.79225242,2.650777,0.80168539,0.736192,48
2025-10-29 12:00:00,14453382.0,16262394.60801198,14674869.53125,16715869.82609622,0.77470479,2.708835,0.78417804,1.162911,48
2025-10-29 16:00:00,14241292.6,16681387.983786,14226121.0625,16264711.892453305,0.75773515,2.610712,0.76233766,1.349022,48
2025-10-29 20:00:00,13956638.9,15458160.127764,13985380.039583333,16144022.92095608,0.84772066,2.781247,0.84528669,2.561438,48
2025-10-30 00:00:00,14125805.6,15651392.6048,14083286.29787234,15736570.069093585,0.7983591,2.895069,0.82914669,0.753232,47
2025-10-30 04:00:00,14280081.5,15322527.4495,14149857.066666668,15178125.526326768,0.76503937,3.063257,0.77620505,1.458511,48
2025-10-30 08:00:00,14419632.5,15127706.53516395,14371957.672916666,15264803.16830828,0.76702396,3.039316,0.78784404,0.519935,48
2025-10-30 12:00:00,14724821.6,14710096.7784,14627930.291666666,14988658.199977122,0.7581824,2.991121,0.74243865,0.412121,48
2025-10-30 16:00:00,15032873.0,14657051.175,14910448.683333332,14632887.342303231,0.74428208,2.961819,0.72285497,1.15755,48
2025-10-30 20:00:00,14895034.3,14984172.73906629,14962123.135416666,14840724.93184382,0.74539097,2.756067,0.73660205,0.914926,48
2025-10-31 00:00:00,14942186.9,14949415.63117848,14960261.627659574,15050146.370246235,0.75496689,2.881935,0.75033583,0.889732,47
2025-10-31 04:00:00,14740925.0,14797895.28471225,14848177.299999999,15042599.469021777,0.77245126,2.868441,0.76899225,1.128786,48
2025-10-31 08:00:00,14660377.2,14704358.3316,14623617.49375,14626992.142173579,0.77428756,2.819011,0.76023278,1.212119,48
2025-10-31 12:00:00,14728622.4,14669707.9104,14695411.435416667,14630921.350814588,0.75633216,2.696626,0.74729938,1.140301,48
2025-10-31 16:00:00,14867457.8,14986397.4624,14917915.710416667,14677419.243111426,0.7208425,2.626982,0.72121444,1.758727,48
2025-10-31 20:00:00,14767635.2,14782059.04465254,14794821.512500001,14765064.943528688,0.72316919,2.729718,0.72788204,0.353523,48
2025-11-01 00:00:00,14441707.7,14600566.4847,14650894.291489363,14767212.97249462,0.72693032,2.796905,0.73850575,0.260207,47
2025-11-01 04:00:00,14274745.7,14373719.36381604,14349236.072916666,14406786.39784354,0.73759089,2.862367,0.74088292,1.862087,48
2025-11-01 08:00:00,14206597.6,14209656.56459523,14212988.622916667,14323204.035716927,0.73589093,2.77936,0.75053017,0.257001,48
2025-11-01 12:00:00,14224613.1,14267286.9393,14233062.35,14239753.982851155,0.7439896,2.678525,0.7416845,3.593786,48
2025-11-01 16:00:00,14371268.1,14406431.14393636,14373045.1625,14380282.16672585,0.74414063,2.685861,0.7472206,2.55629,48
2025-11-01 20:00:00,14497877.9,14529172.43931983,14447868.708333334,14448647.537449567,0.76709192,2.543662,0.76556992,1.259008,48
2025-11-02 00:00:00,14468605.4,14526479.8216,14468605.4,14526479.8216,0.76437908,2.566762,0.76591577,2.668006,1
2025-11-02 04:00:00,14788665.9,16311898.4877,14596376.020833334,15072411.732307618,0.69987812,2.344541,0.7091143,1.117167,48
2025-11-02 08:00:00,14941979.1,15996790.33360937,14665233.46875,15728313.552925028,0.72093722,2.184268,0.73584906,1.72717,48
2025-11-02 12:00:00,15033919.1,15439834.9157,14984293.075000001,15666439.824292652,0.75529628,2.18056,0.75681651,1.267274,48
2025-11-02 16:00:00,15148040.5,15314668.9455,15171996.002083333,15405480.959325999,0.78033603,2.216574,0.77896114,2.685915,48
2025-11-02 20:00:00,15274588.9,16191064.234,15157405.572916666,15598851.626218779,0.77003377,2.151121,0.78028482,1.064573,48
2025-11-03 00:00:00,15285496.8,16138511.5916724,15285496.8,16138511.5916724,0.76949048,2.147319,0.78005919,0.856526,1
2025-11-03 04:00:00,15303353.5,14369848.9365,15278346.731250001,14265274.583367147,0.77041943,2.296887,0.74251383,0.950245,48
2025-11-03 08:00:00,14999354.4,14009397.0096,15232974.964583332,14242665.672545874,0.76772152,2.359228,0.74033149,1.115852,48
2025-11-03 12:00:00,15086960.5,13276525.24,14960946.939583333,13834420.13242727,0.72483004,2.413481,0.67401483,0.893116,48
2025-11-03 16:00:00,14850085.4,13702953.57656436,14887080.316666668,13806538.633823685,0.68534622,2.414451,0.6497678,0.823747,48
2025-11-03 20:00:00,14935138.0,13496898.24962972,14966005.470833333,13545051.059302837,0.69095641,2.318295,0.66013712,1.303524,48
2025-11-04 00:00:00,14655624.9,13234029.2847,14779468.985106383,13376497.131003624,0.6930111,2.31039,0.67934347,1.025366,47
2025-11-04 04:00:00,14804695.9,12866254.44194934,14735829.679166667,13060477.077773573,0.69757394,2.352668,0.6717356,0.851552,48
2025-11-04 08:00:00,14407651.2,12668577.67897517,14653448.6625,12925202.820321083,0.69810063,2.339125,0.68388809,2.721842,48
2025-11-04 12:00:00,14085696.6,12281674.38852218,14266090.777083332,12482826.426976524,0.69333333,2.244881,0.67826443,0.809608,48
2025-11-04 16:00:00,14419689.8,12079407.74333723,14273984.266666666,12209295.278763032,0.69183881,2.186146,0.66986045,0.583478,48
2025-11-04 20:00:00,15025639.4,12732175.8373632,14838405.106250001,12434056.807523325,0.67964481,2.112839,0.64806331,1.811945,48
2025-11-05 00:00:00,14943775.3,12554915.8331933,15008393.695744682,12483682.414348898,0.69983022,2.093119,0.65291312,1.134519,47
2025-11-05 04:00:00,14747199.7,12616277.12427703,14856365.089583332,12540125.629066968,0.70162382,2.127353,0.65289766,1.459361,48
2025-11-05 08:00:00,14843529.8,12699728.21994023,14838032.608333334,12516843.046433555,0.68815039,2.150923,0.64823915,1.048724,48
2025-11-05 12:00:00,14581530.7,12728546.66991667,14687901.685416667,12609660.159278663,0.68661735,2.101828,0.65933388,2.108037,48
2025-11-05 16:00:00,14598287.1,12636400.96125174,14572213.020833334,12632077.314919664,0.68949312,2.038545,0.65289929,1.057749,48
2025-11-05 20:00:00,14725891.4,12556398.71320043,14689688.375,12622699.717743503,0.69560811,2.027545,0.65593151,0.897324,48
2025-11-06 00:00:00,14831285.7,12525101.01090564,14765590.10851064,12402943.33905077,0.74390663,2.162771,0.68677446,0.379465,47
2025-11-06 04:00:00,14714328.3,12239301.32400299,14742809.095833333,12337656.972290752,0.74024641,2.174486,0.67777092,1.471229,48
2025-11-06 08:00:00,14798136.1,12270069.73473016,14761975.549999999,12280198.13715089,0.74827824,2.17932,0.68350515,0.83981,48
2025-11-06 12:00:00,14805818.6,11943226.09791136,14800370.4625,12184619.025183463,0.74982651,2.222268,0.68075021,0.92473,48
2025-11-06 16:00:00,14958318.2,12239149.34515031,14972541.1625,12179262.200405052,0.74739402,2.162647,0.6720474,0.703503,48
2025-11-06 20:00:00,15038000.2,12188698.87214532,15019859.433333332,12203001.65143116,0.7665152,2.204919,0.68985388,0.725386,48
2025-11-07 00:00:00,15037037.6,12186787.42292076,15037037.6,12186787.42292076,0.7665152,2.207141,0.68971193,1.352318,1
2025-11-07 04:00:00,15130621.5,13015595.13893325,15156641.985416666,12759021.121667324,0.78220641,2.294674,0.71293574,0.851794,48
2025-11-07 08:00:00,15490827.2,12578899.1456541,15157420.858333334,12673972.334063403,0.78481013,2.404631,0.70504665,0.815318,48
2025-11-07 12:00:00,15559024.6,13256288.9592,15603920.456249999,12746363.6702396,0.75382971,2.345013,0.67836257,1.705151,48
2025-11-07 16:00:00,15215121.8,13449809.96368648,15441123.245833332,13593996.059136102,0.77478448,2.532384,0.71076469,0.986929,48
2025-11-07 20:00:00,14963673.4,13196072.86994753,15108544.78125,13426591.653403005,0.75919971,2.51885,0.707663,2.028164,48
2025-11-08 00:00:00,15082559.7,12936289.73580403,14894797.525531916,13090178.907914728,0.84562044,2.569471,0.73423423,0.51093,47
2025-11-08 04:00:00,14741826.7,12558973.75753146,14863055.479166666,12615830.17136661,0.83060109,2.297495,0.71897655,2.179924,48
2025-11-08 08:00:00,14774887.3,12652421.69750959,14768608.106250001,12593346.725208113,0.84032082,2.231753,0.72806458,1.141384,48
2025-11-08 12:00:00,14798514.6,12415086.85241473,14751925.418750001,12490187.008349797,0.82594477,2.273129,0.71495031,0.970348,48
2025-11-08 16:00:00,14732717.7,12323814.78504457,14746984.106250001,12304343.815279352,0.83266642,2.273899,0.72445294,4.548958,48
2025-11-08 20:00:00,14737099.5,12334952.2815,14730116.622916667,12304081.215063386,0.8563495,2.2794,0.74450668,1.278757,48
2025-11-09 00:00:00,14738959.6,12321650.69263765,14738959.6,12321650.69263765,0.85703676,2.281068,0.74465789,0.275703,1
2025-11-09 04:00:00,14755188.3,12202540.7241,14722030.058333332,12033076.954104608,0.84015948,2.312736,0.73425239,1.086891,48
2025-11-09 08:00:00,14691645.3,12149990.6631,14812715.389583334,12184988.345832089,0.85819793,2.356162,0.74443016,0.398749,48
2025-11-09 12:00:00,14426242.3,12175748.5012,14537361.737499999,12100321.358392714,0.84873022,2.394091,0.74245989,2.549384,48
2025-11-09 16:00:00,14515069.4,12609871.03209335,14468044.083333334,12355160.87995438,0.83236364,2.428183,0.73617292,2.157478,48
2025-11-09 20:00:00,14440898.4,12462495.3192,14463989.458333334,12542388.493326643,0.83133841,2.512813,0.73079365,0.337822,48
2025-11-10 00:00:00,14442243.4,12476125.05388426,14442243.4,12476125.05388426,0.8309757,2.512867,0.7298498,1.134797,1
2025-11-10 04:00:00,13999142.7,12221251.5771,14169204.225,12282427.01225657,0.82942661,2.487856,0.7274642,0.600655,48
2025-11-10 08:00:00,14080406.6,12432999.0278,14085251.814583333,12430871.207791189,0.86768358,2.401284,0.80246141,0.393261,48
2025-11-10 12:00:00,13916317.9,12059441.058168,14011553.404166667,12306901.199951617,0.86386494,2.432307,0.80338266,0.595947,48
2025-11-10 16:00:00,13697593.0,11764734.28125359,13795648.283333333,11772268.830671698,0.91131725,2.510499,0.83160622,1.225369,48
2025-11-10 20:00:00,13671851.6,11771464.2276,13706059.591666667,11744343.890246639,0.91740741,2.555972,0.83573735,0.609629,48
2025-11-11 00:00:00,13738008.0,11978234.430738,13760220.902127659,11892144.727182211,0.91785845,2.536901,0.8271288,1.922543,47
2025-11-11 04:00:00,13544662.9,10835258.15305131,13556961.825000001,11372388.709438281,0.94307116,2.391168,0.82614408,0.496751,48
2025-11-11 08:00:00,13904808.2,11179465.7928,13785204.375,11081690.221527401,0.91534582,2.255242,0.80531533,1.377164,48
2025-11-11 12:00:00,13748289.6,11102161.25007226,13882252.608333334,11169315.789195789,0.90977714,2.288643,0.79714106,1.305532,48
2025-11-11 16:00:00,13752136.5,10912134.52138589,13712801.21875,11051116.90792977,0.87719928,2.249288,0.78224279,1.158659,48
2025-11-11 20:00:00,13717861.4,10658778.3078,13768753.560416667,10813482.93937674,0.83938547,2.220848,0.7548816,0.458131,48
2025-11-12 00:00:00,13720908.6,10654486.95083825,13720908.6,10654486.95083825,0.83600837,2.21546,0.75347871,1.410569,1
2025-11-12 04:00:00,13691212.9,10911731.4283603,13653895.858333334,10976377.47178262,0.85796892,2.170773,0.78652894,0.409992,48
2025-11-12 08:00:00,13581629.6,11289005.29669343,13704577.508333333,11170679.78332915,0.83195096,2.231318,0.77497847,1.138011,48
2025-11-12 12:00:00,13108639.2,10486911.36,13373911.127083333,11106525.778732134,0.82731959,2.258206,0.76064643,0.997852,48
2025-11-12 16:00:00,13447067.9,10337252.45059107,13301477.552083334,10337112.851026626,0.80921053,2.194999,0.72046908,0.943042,48
2025-11-12 20:00:00,13218737.4,10257740.2224,13314912.014583334,10413540.10330551,0.81516937,2.251815,0.72914875,0.480375,48
2025-11-13 00:00:00,13093645.7,10527291.1428,13162992.95106383,10379201.521547066,0.80168313,2.242685,0.71734475,1.013392,47
2025-11-13 04:00:00,12788775.1,10141498.6543,13027401.497916667,10501939.438002143,0.80760709,2.353424,0.7223418,0.157726,48
2025-11-13 08:00:00,12750619.1,10141377.79958,12735296.077083334,10177859.087045984,0.82881866,2.420982,0.74852006,0.252354,48
2025-11-13 12:00:00,12914390.8,9919414.300428089,12851574.377083333,10085573.130147057,0.93902928,2.509589,0.81032907,1.52254,48
2025-11-13 16:00:00,12624991.6,9039493.9856,12871303.560416667,9494448.320870599,0.938297,2.410047,0.8126924,0.611411,48
2025-11-13 20:00:00,12678108.4,9356419.530450791,12690784.152083332,9177638.989184178,0.89211783,2.370547,0.79709806,0.73866,48
2025-11-14 00:00:00,12664108.3,9300753.90183055,12664108.3,9300753.90183055,0.8935831,2.371746,0.79765808,0.283248,1
2025-11-14 04:00:00,12655136.5,9353166.257156,12734149.610416666,9245404.8738842,0.86811419,2.362498,0.77530747,0.704842,48
2025-11-14 08:00:00,12373642.3,8921067.08315124,12476998.516666666,9117460.890868729,0.8865598,2.501697,0.78792271,0.563169,48
2025-11-14 12:00:00,12243427.8,9035649.7164,12356108.86875,8941466.405838633,0.89782245,2.362033,0.81267081,1.308366,48
2025-11-14 16:00:00,12348639.0,9132518.337872129,12326805.241666667,9094924.637242172,0.92254733,2.309897,0.83988764,1.741411,48
2025-11-14 20:00:00,12336596.1,8857675.9998,12275823.825000001,8917321.635070626,0.93339138,2.317549,0.82754216,0.525856,48
2025-11-15 00:00:00,12060955.9,8852741.6306,12214434.229787232,8903099.311101178,0.96344765,2.395921,0.87756188,0.768374,47
2025-11-15 04:00:00,12070131.6,8789837.84943248,12026933.245833332,8798525.396303756,0.97438243,2.498579,0.89062922,0.716212,48
2025-11-15 08:00:00,12306257.4,8797992.98616007,12164726.9125,8751558.818889944,1.01754386,2.560457,0.92086331,0.572746,48
2025-11-15 12:00:00,12446281.1,9110653.61941467,12381157.860416666,9014208.779451013,1.02544769,2.403564,0.91266376,0.71567,48
2025-11-15 16:00:00,12592051.0,9280341.587,12481428.424999999,9188932.028665982,1.03776291,2.287132,0.91920857,2.263332,48
2025-11-15 20:00:00,12640863.7,9278393.9558,12585118.579166666,9205279.278371178,1.02081362,2.386998,0.90398254,1.105229,48
2025-11-16 00:00:00,12531350.2,9292707.45273735,12556564.538297871,9197911.606192045,1.05964406,2.344574,0.92851182,0.899239,47
2025-11-16 04:00:00,12327216.6,9048176.9844,12383248.1625,9113015.859806404,1.10627781,2.360908,0.96305769,1.425601,48
2025-11-16 08:00:00,12342554.3,8834822.58453774,12299099.722916668,8968323.452512775,1.15459184,2.381106,0.98696408,0.382048,48
2025-11-16 12:00:00,12367510.8,8721761.42565337,12419803.235416666,8921791.093056535,1.16554578,2.370262,1.00146886,0.515757,48
2025-11-16 16:00:00,12416012.6,8529028.0077359,12496588.643749999,8693162.733317422,1.17405063,2.287163,1.01686239,0.736536,48
2025-11-16 20:00:00,12298560.1,8600591.5385237,12338024.0875,8490441.77927858,1.16561514,2.291153,0.99404939,2.046663,48
2025-11-17 00:00:00,12277515.4,8550451.903999409,12277515.4,8550451.903999409,1.17989418,2.294148,1.02263126,0.496697,1
2025-11-17 04:00:00,12091372.2,8657422.4952,12074954.766666666,8592245.983499367,1.20842333,2.148533,1.06800618,0.403789,48
2025-11-17 08:00:00,11703821.6,8286305.6928,12060816.241666667,8592868.320508668,1.29218573,2.006161,1.12197452,5.588127,48
2025-11-17 12:00:00,11906499.6,8133478.94613499,11880243.645833334,8257014.392010278,1.23741007,1.952971,1.0911663,0.709322,48
2025-11-17 16:00:00,12435955.1,8369397.7823,12076838.174999999,8203343.244523796,1.17287952,1.766788,1.04028509,1.367364,48
2025-11-17 20:00:00,12258998.7,8322468.35317759,12423394.2875,8403209.974870468,1.21306032,1.821691,1.06179067,1.108522,48
2025-11-18 00:00:00,11987465.6,8319301.1264,12170588.944680851,8303682.877204692,1.26685393,1.925389,1.1056701,1.034434,47
2025-11-18 04:00:00,12029206.9,8317927.83886785,11968513.025,8284790.434111994,1.23906871,1.918892,1.10895963,1.37664,48
2025-11-18 08:00:00,12307372.4,8489393.487550259,12164222.560416667,8430821.9669989,1.29841083,1.941752,1.14535079,0.270576,48
2025-11-18 12:00:00,12099989.7,8442825.65112577,12258601.185416667,8448269.378177078,1.33071342,1.994931,1.16747071,2.319006,48
2025-11-18 16:00:00,12014234.3,8409964.01,12150967.360416666,8535789.197249817,1.30885009,1.949282,1.13376228,0.395252,48
2025-11-18 20:00:00,11952031.1,8342517.7078,11962597.283333333,8363881.984992505,1.3011976,2.089765,1.14237173,11.065159,48
2025-11-19 00:00:00,11957539.3,8358319.9707,11957539.3,8358319.9707,1.29922202,2.089519,1.15964371,0.634016,1
2025-11-19 04:00:00,12113885.6,8232646.805246381,12105072.9,8207688.605105474,1.34536703,2.186787,1.15117467,0.263795,48
2025-11-19 08:00:00,12395804.0,8379563.504,12214651.8375,8277913.687963306,1.32501451,2.189096,1.13941196,1.390835,48
2025-11-19 12:00:00,12396005.3,8216717.400955809,12392592.356250001,8342198.848350716,1.33449477,2.098072,1.13984169,0.500782,48
2025-11-19 16:00:00,12452451.3,8006926.1859,12420071.585416667,8037567.992226311,1.29212191,2.024682,1.06829112,1.182395,48
2025-11-19 20:00:00,12135481.8,8156674.8997087395,12285163.464583332,8135500.606012461,1.27983778,1.948272,1.06173239,0.755813,48
2025-11-20 00:00:00,12488722.2,8230067.9298,12253762.538297871,8189974.411193683,1.29269695,1.702199,1.10854503,0.471188,47
2025-11-20 04:00:00,12816229.7,8554926.49873992,12659427.610416666,8372919.497627683,1.2832667,1.691061,1.11307768,0.636715,48
2025-11-20 08:00:00,12914477.0,8617650.34514585,12889169.208333334,8567874.325172506,1.27148549,1.629124,1.10349331,0.934487,48
2025-11-20 12:00:00,12901393.9,8604374.88494019,12964566.362499999,8675661.31731792,1.21102983,1.536344,1.05476345,0.992283,48
2025-11-20 16:00:00,12683522.0,7981413.540238061,13026013.272916667,8259302.744659693,1.22228571,1.570322,1.05140799,1.398797,48
2025-11-20 20:00:00,12615118.7,7917606.51318871,12618636.979166666,8006497.300014383,1.26588921,1.685463,1.07847682,0.420972,48
2025-11-21 00:00:00,12441828.4,7905042.3317531105,12487322.263829786,7953882.80518297,1.20819113,1.743388,1.03881279,1.013026,47
2025-11-21 04:00:00,12381407.6,7494470.477586739,12376636.8125,7800479.739325161,1.1854067,1.654079,1.00034352,0.764412,48
2025-11-21 08:00:00,12760264.8,7592357.556,12567347.0,7575306.035014969,1.20962828,1.689282,1.0145884,0.461498,48
2025-11-21 12:00:00,12493378.5,7543718.448549409,12646930.88125,7642678.321721432,1.23672705,1.586811,1.05075054,0.585721,48
2025-11-21 16:00:00,12371446.9,7323896.5648,12435576.210416667,7555759.16884016,1.28735632,1.633414,1.1018315,1.24089,48
2025-11-21 20:00:00,12932929.3,7552830.7112,12552178.049999999,7304186.167986111,1.40710932,1.525733,1.18571971,1.514086,48
2025-11-22 00:00:00,12947383.0,7447215.715150231,12998329.214893617,7431788.638266238,1.2266508,1.601924,1.08971631,1.00923,47
2025-11-22 04:00:00,13066013.4,7429906.204025581,12980285.277083332,7305207.077587463,1.16869565,1.564712,1.02696246,2.421488,48
2025-11-22 08:00:00,12939503.2,7375516.824,12998091.564583333,7355897.074589082,1.15156695,1.568069,1.01927629,0.524499,48
2025-11-22 12:00:00,12773659.0,7271422.63018965,12894854.664583333,7313939.180414326,1.16156953,1.554739,1.03852769,0.614617,48
2025-11-22 16:00:00,12884746.2,7318535.8416,12796282.772916667,7299874.261358474,1.17722255,1.578528,1.0598469,0.801589,48
2025-11-22 20:00:00,12804533.6,7230547.2627164,12848644.941666668,7260341.264939498,1.17537747,1.559918,1.04903315,2.088912,48
2025-11-23 00:00:00,12809015.2,7226934.11759412,12809015.2,7226934.11759412,1.17527568,1.558807,1.05150363,1.090385,1
2025-11-23 04:00:00,12859977.6,7338192.82525555,12892767.064583333,7364592.135149904,1.18826979,1.539263,1.09562456,0.893108,48
2025-11-23 08:00:00,12176421.1,7274199.444529501,12664946.285416668,7374419.858247119,1.10833333,1.566721,1.0243984,1.299416,48
2025-11-23 12:00:00,11552339.9,6965755.97792664,11815998.491666667,7132671.904658773,1.152513,1.568374,1.05776548,1.036116,48
2025-11-23 16:00:00,11723907.4,7069516.1622,11745591.433333332,7201724.739800856,1.1821366,1.524709,1.10168895,0.206159,48
2025-11-23 20:00:00,11626257.3,6818376.71068428,11677351.247916667,6995340.215845167,1.29599499,1.604101,1.20732628,0.71496,48
2025-11-24 00:00:00,11613185.2,6811376.64829364,11613185.2,6811376.64829364,1.2922403,1.599697,1.20422801,0.882896,1
2025-11-24 04:00:00,11870358.1,6855296.4446168495,11749799.672916666,6872519.838986527,1.39442231,1.488922,1.28240925,0.853524,48
2025-11-24 08:00:00,11482025.0,6452898.05,11610772.045833334,6560210.218852047,1.32329441,1.51554,1.22621251,0.804604,48
2025-11-24 12:00:00,11341937.4,6521614.005,11439783.160416668,6500714.684218367,1.22655795,1.505378,1.08948087,0.653108,48
2025-11-24 16:00:00,11180594.8,6652311.91244604,11332911.016666666,6669335.988121687,1.14800443,1.495508,1.07121364,0.659108,48
2025-11-24 20:00:00,11182886.1,6514206.50090405,11186600.495833332,6604491.025633174,1.13925439,1.421149,1.0560871,0.965195,48
2025-11-25 00:00:00,11174518.8,6268905.0468,11237475.914893618,6410670.554571744,1.2170585,1.540031,1.09550377,0.672888,47
2025-11-25 04:00:00,11416227.9,6344407.22996249,11336219.262500001,6326760.263332722,1.21631579,1.52792,1.14322498,0.974779,48
2025-11-25 08:00:00,11884902.1,6485801.55758619,11771824.0875,6527006.528919124,1.21960168,1.487499,1.13919179,0.57811,48
2025-11-25 12:00:00,11984452.3,6633206.43183794,12017367.706249999,6636612.984766579,1.17362525,1.441434,1.09303049,5.08082,48
2025-11-25 16:00:00,12097385.8,6719326.24063368,11982860.339583332,6661758.9688937515,1.16894284,1.381585,1.09488372,1.307812,48
2025-11-25 20:00:00,11704046.4,6630268.43306722,11926547.302083334,6706702.993542336,1.16912888,1.388884,1.1015674,0.690239,48
2025-11-26 00:00:00,11698527.3,6527778.2334,11758196.142553192,6639821.099420464,1.187791,1.387111,1.11072335,0.119316,47
2025-11-26 04:00:00,12125311.4,6674621.25763603,11858564.808333332,6573088.506540039,1.17978669,1.394131,1.09294374,2.480825,48
2025-11-26 08:00:00,12072320.4,6728247.61643538,12146948.589583332,6707316.574405977,1.16002019,1.404935,1.06240441,2.583698,48
2025-11-26 12:00:00,11814830.5,6711922.148791591,11963756.204166666,6789076.82071937,1.0955665,1.292609,1.01373955,1.056285,48
2025-11-26 16:00:00,11744782.7,6870697.8795,11774098.958333334,6828660.73582875,1.12008073,1.333922,1.01143545,1.468147,48
2025-11-26 20:00:00,11715213.3,6823826.83326254,11683115.441666668,6814348.147408881,1.14616572,1.342213,1.03652548,1.641634,48
2025-11-27 00:00:00,11686844.3,6819185.41337554,11686844.3,6819185.41337554,1.14631633,1.33863,1.03529773,1.711127,1
2025-11-27 04:00:00,11448719.4,6695960.767266311,11501122.647916667,6775325.13473617,1.10337872,1.464335,1.03777641,0.49414,48
2025-11-27 08:00:00,11023701.6,6448414.45636754,11245028.091666667,6644195.645560174,1.09431061,1.53615,1.04659162,2.028764,48
2025-11-27 12:00:00,10773928.9,6302748.4065,10816517.081249999,6284285.426076093,1.08655332,1.606767,1.0541482,1.463029,48
2025-11-27 16:00:00,10597721.0,6220862.227,10682553.254166666,6267471.333450933,1.13174603,1.633048,1.09287327,4.403936,48
2025-11-27 20:00:00,10732613.2,6149787.3636,10736787.639583332,6224986.750009875,1.17764579,1.652567,1.10071244,0.381444,48
2025-11-28 00:00:00,10878357.0,6188661.18115476,10894948.119148936,6225438.306372141,1.19197397,1.679413,1.08757704,0.017626,47
2025-11-28 04:00:00,10939867.9,6159145.6277,10911578.952083332,6147513.680672244,1.1643617,1.596706,1.07145146,1.043824,48
2025-11-28 08:00:00,10896359.2,6179010.17961194,10965532.583333334,6255342.342616024,1.13399374,1.654984,1.05981013,0.283462,48
2025-11-28 12:00:00,11105148.3,6344047.73082002,10968066.458333334,6235005.724136663,1.14905858,1.683356,1.07133798,0.928121,48
2025-11-28 16:00:00,10803260.2,6115338.19430923,10885444.466666667,6104207.923229645,1.1274051,1.629415,1.04521024,1.727721,48
2025-11-28 20:00:00,10663017.1,5998192.04825279,10749319.604166666,6057690.593023068,1.14503416,1.657919,1.04394562,1.733248,48
2025-11-29 00:00:00,10847696.8,6150644.0856,10710620.59574468,6056572.458962166,1.10609944,1.60859,1.02785603,0.830632,47
2025-11-29 04:00:00,11250671.1,6244634.36603505,11076892.206249999,6230969.1040234,1.18157328,1.570286,1.08907672,0.757222,48
2025-11-29 08:00:00,11357842.5,6332445.37421505,11299372.885416666,6294186.851193725,1.18142549,1.571784,1.0833872,0.087534,48
2025-11-29 12:00:00,11721072.3,6505195.1265,11540809.202083334,6373283.699334116,1.19682887,1.50054,1.10674525,1.974149,48
2025-11-29 16:00:00,11636976.8,6394753.58579182,11653615.418750001,6412219.891933515,1.17631152,1.500799,1.07784625,3.836021,48
2025-11-29 20:00:00,11426728.5,6295339.30203536,11513023.69375,6330786.858392645,1.17650244,1.530961,1.07595346,1.249032,48
2025-11-30 00:00:00,11586547.6,6333436.56353343,11535868.829787234,6307267.565627993,1.2160221,1.450242,1.09894459,3.091766,47
2025-11-30 04:00:00,11939769.5,6519114.147,11773599.779166667,6430576.896225267,1.20765027,1.52875,1.10187315,0.375368,48
2025-11-30 08:00:00,12019179.8,6484594.376053089,11954727.195833333,6503155.220634933,1.22949002,1.533873,1.10997358,0.538461,48
2025-11-30 12:00:00,11902047.0,6436334.34626427,11931193.814583333,6472617.265213873,1.19395604,1.489992,1.09009901,1.807401,48
2025-11-30 16:00:00,11832740.0,6495386.4361708,11892304.279166667,6500032.546056625,1.15550756,1.51465,1.05731865,1.665977,48
2025-11-30 20:00:00,11774254.4,6393420.1392,11778874.13125,6456197.443643984,1.1,1.505728,1.01825622,0.392359,48
2025-12-01 00:00:00,11762245.6,6366318.606806311,11762245.6,6366318.606806311,1.10181818,1.500029,1.02629078,0.47136,1
2025-12-01 04:00:00,11352977.6,5699194.7552,11384827.9625,5702033.570205651,1.18441404,1.37243,1.0601983,2.032027,48
2025-12-01 08:00:00,10924359.1,5580000.29230377,11107931.027083334,5710170.286054853,1.24253731,1.391766,1.11237189,0.546429,48
2025-12-01 12:00:00,10802911.9,5517027.66208858,10832152.2125,5499340.378683199,1.24540266,1.471481,1.11327103,2.020792,48
2025-12-01 16:00:00,10491335.1,5277141.5553,10639541.827083332,5380349.152864468,1.28392622,1.496516,1.14524272,0.965708,48
2025-12-01 20:00:00,10562761.5,5419183.909688,10504035.237499999,5368649.589821403,1.40711744,1.451925,1.24510213,0.40118,48
2025-12-02 00:00:00,10568262.1,5410950.1952,10568262.1,5410950.1952,1.41126158,1.452781,1.24749583,0.355933,1
2025-12-02 04:00:00,10234105.3,5219393.703,10349766.81875,5264222.952305857,1.54189507,1.463217,1.42389758,0.453583,48
2025-12-02 08:00:00,9949485.9,5133461.825335169,10075813.40625,5133059.506683274,1.51119691,1.487773,1.3562586,0.815777,48
2025-12-02 12:00:00,9979635.5,5541724.12676173,9959581.310416667,5203509.642220379,1.34820775,1.582099,1.25487589,0.593407,48
2025-12-02 16:00:00,9850777.0,5402783.7505179,9839057.816666666,5424969.663376997,1.35849057,1.62927,1.25429705,0.570592,48
2025-12-02 20:00:00,9869255.3,5401250.481748889,9872178.135416666,5411775.487373363,1.4235474,1.652876,1.32042416,0.498638,48
2025-12-03 00:00:00,9849381.6,5391804.419959489,9849381.6,5391804.419959489,1.42093201,1.656153,1.31675875,0.847524,1
2025-12-03 04:00:00,10164273.0,5642252.078862631,10116581.143749999,5607308.67332554,1.47972456,1.783275,1.31913919,0.533242,48
2025-12-03 08:00:00,10200188.9,5732506.1618,10172092.085416667,5694311.098053257,1.4559156,1.761686,1.29131022,1.543589,48
2025-12-03 12:00:00,10085401.3,5636954.78333287,10174263.633333333,5679953.854629456,1.47509579,1.84227,1.2598845,0.800167,48
2025-12-03 16:00:00,10047095.4,5668995.7144606495,10110864.19375,5690233.903617046,1.52418097,1.834861,1.32724783,2.292319,48
2025-12-03 20:00:00,10119527.1,5758010.9199,10101843.34375,5702650.92734632,1.51475155,1.853459,1.32272727,1.710826,48
2025-12-04 00:00:00,10114757.9,5745485.01960879,10114757.9,5745485.01960879,1.50657386,1.843994,1.31896552,0.884628,1
2025-12-04 04:00:00,10038466.8,5694029.97984014,10053095.629166666,5704538.6708344,1.41091954,1.856173,1.24390244,1.226678,48
2025-12-04 08:00:00,10069676.5,5656590.82827956,10040417.862499999,5670466.3845764175,1.40941512,1.990395,1.24046794,2.028092,48
2025-12-04 12:00:00,10092115.6,5675256.7014302,10054494.745833334,5610797.7205338245,1.49622356,2.060773,1.3246694,1.821728,48
2025-12-04 16:00:00,10326857.0,5524868.495,10262611.991666667,5616032.797672783,1.77231777,2.143805,1.46384396,1.28625,48
2025-12-04 20:00:00,10424794.7,5590654.145325,10404424.114583334,5561873.4056864595,1.57933042,2.121718,1.3377912,2.008981,48
2025-12-05 00:00:00,10349656.9,5519110.40775791,10375075.4,5560930.035135801,1.53840683,2.172087,1.33163265,0.406421,47
2025-12-05 04:00:00,10466462.8,5610024.0608,10386042.520833334,5527574.409547723,1.50877193,2.183568,1.2966805,5.784752,48
2025-12-05 08:00:00,10241161.0,5330539.04777184,10386782.674999999,5473957.461525064,1.50250179,2.126988,1.28595248,0.524508,48
2025-12-05 12:00:00,10283914.9,5257572.717836871,10214166.447916666,5271258.88901311,1.46403873,2.141087,1.23963317,0.879591,48
2025-12-05 16:00:00,10450516.1,5163047.79973928,10367466.266666668,5119514.614303452,1.38013245,2.023958,1.14450652,0.57685,48
2025-12-05 20:00:00,10144655.7,5087414.17038458,10265114.0625,5121330.477422358,1.31578947,2.105365,1.08496965,1.833835,48
2025-12-06 00:00:00,10152285.6,5076142.8,10152285.6,5076142.8,1.3178934,2.10948,1.08571429,0.338756,1
2025-12-06 04:00:00,10570161.3,5168808.8757,10390305.904166667,5099235.283920908,1.18785471,1.990082,1.04557552,0.116672,48
2025-12-06 08:00:00,10581872.5,5200938.90584965,10545142.637500001,5158968.825664894,1.14246575,1.927862,1.01348748,0.908514,48
2025-12-06 12:00:00,10600561.8,5263018.441194351,10610084.74375,5229209.247741933,1.10154997,1.921375,0.9949335,1.955999,48
2025-12-06 16:00:00,10392063.9,5258384.3334,10537271.69375,5371467.436435609,1.08068854,1.962888,0.97199236,0.019439,48
2025-12-06 20:00:00,10116286.2,5074607.7604419505,10312337.372916667,5230888.580479394,1.15047726,2.026371,1.01837873,1.199923,48
2025-12-07 00:00:00,10111415.1,5053314.683616591,10094938.289361702,5056463.483175237,1.1972866,1.979524,1.0457408,1.016482,47
2025-12-07 04:00:00,10162242.4,5056299.71969315,10134282.80625,5051553.419216405,1.19168072,2.005278,1.05677291,3.611845,48
2025-12-07 08:00:00,9993514.2,4931799.2577,10071585.445833333,4991925.245689296,1.16175653,1.964548,1.03157895,0.795903,48
2025-12-07 12:00:00,10220605.4,4944788.58085554,10060369.152083334,4903512.614626338,1.11075612,1.956075,0.99680102,0.687517,48
2025-12-07 16:00:00,10236548.6,5076840.23169372,10253416.685416667,5028495.379701934,1.11358811,2.063991,1.00772698,3.219441,48
2025-12-07 20:00:00,10281063.3,4924629.3207,10236808.44375,4982033.052833068,1.11093502,2.003547,1.00609365,1.371452,48
2025-12-08 00:00:00,10225128.4,5023522.65712868,10273121.44893617,5004994.990196779,1.09680795,1.973181,1.02223655,0.383527,47
2025-12-08 04:00:00,10078122.9,5008827.0813,10119645.064583333,5026392.409934094,1.12068966,2.018255,1.02422259,0.350999,48
2025-12-08 08:00:00,10073202.7,5026528.1473,10119835.610416668,5039102.289105292,1.09861407,1.946397,0.99871341,5.366778,48
2025-12-08 12:00:00,10162265.7,5039253.13682373,10096484.575000001,5038393.535543465,1.05271399,1.904384,0.96871009,0.967198,48
2025-12-08 16:00:00,10317043.0,5087956.12416333,10337766.491666667,5089790.979610192,1.09968017,1.830561,1.02996378,1.292366,48
2025-12-08 20:00:00,10468261.7,5207868.70314274,10418620.020833334,5170410.6117401,1.10548977,1.915135,1.0184514,0.550687,48
2025-12-09 00:00:00,10531520.4,5191365.223948791,10504205.876595745,5182976.2016642,1.14160744,1.931541,1.05158463,0.247079,47
2025-12-09 04:00:00,10306826.0,5055888.16329584,10392133.479166666,5059180.917274397,1.17990006,1.84351,1.08461276,0.648923,48
2025-12-09 08:00:00,10435545.7,5076635.43378212,10370317.539583333,5059277.48436201,1.21174478,1.838062,1.11652174,22.566645,48
2025-12-09 12:00:00,10366353.1,5302500.73795523,10383203.2875,5136191.386268684,1.13050661,1.851554,1.04476094,0.734676,48
2025-12-09 16:00:00,10340428.4,5340433.1621066,10344563.043750001,5391812.483635845,1.15731637,1.860059,1.0716067,1.514796,48
2025-12-09 20:00:00,10337327.7,5307971.95229729,10361644.129166666,5300515.595114816,1.16074549,1.872518,1.07516106,1.883402,48
2025-12-10 00:00:00,10494806.7,5273487.247520249,10400183.582978724,5255457.370275181,1.23752255,1.780643,1.09749,0.404154,47
2025-12-10 04:00:00,10375312.6,5211496.900798529,10488461.914583333,5265434.8212895235,1.27300613,1.832165,1.13702191,0.526615,48
2025-12-10 08:00:00,10403097.7,5130560.399976689,10377312.9625,5160669.213687555,1.37371134,1.890709,1.21757646,0.451054,48
2025-12-10 12:00:00,10273944.9,5059073.34497922,10358723.214583334,5110315.996685111,1.34471853,1.882599,1.20167428,0.234035,48
2025-12-10 16:00:00,10042310.0,5079523.918413,10105327.539583333,5050363.320510885,1.32199118,2.051775,1.17624811,0.757428,48
2025-12-10 20:00:00,9665806.0,4707051.59611238,9792972.170833332,4870274.832876563,1.34109503,2.157472,1.19062027,0.109372,48
2025-12-11 00:00:00,9884139.3,4610954.54174015,9786293.919148935,4636050.180531668,1.23539928,2.098547,1.11468886,0.684791,47
2025-12-11 04:00:00,9974759.6,4722380.06246401,10009121.7125,4742781.395845901,1.22222222,2.128422,1.10184182,0.495314,48
2025-12-11 08:00:00,10000407.1,4755892.70451036,10035596.5,4746039.575122527,1.25993884,2.140186,1.14669653,2.240623,48
2025-12-11 12:00:00,9851733.5,4640449.22325145,9915550.133333333,4705349.849423702,1.32991014,2.181627,1.2003876,0.713355,48
2025-12-11 16:00:00,10182089.6,4765217.9328,10087311.668750001,4734352.255681585,1.31450094,2.103561,1.18511522,0.672359,48
2025-12-11 20:00:00,10116039.3,4799552.11455439,10108341.395833334,4819443.672727986,1.29569557,2.157827,1.16161616,0.35839,48
2025-12-12 00:00:00,10092100.5,4834062.85320936,10118235.10851064,4809040.371326258,1.31592196,2.132951,1.17009346,1.234912,47
2025-12-12 04:00:00,10124605.9,4839561.6202,10113851.195833333,4842127.3595970515,1.29514321,2.065513,1.1791994,0.694434,48
2025-12-12 08:00:00,10163029.7,4869096.14667674,10137436.008333333,4848523.473947409,1.27884022,2.07492,1.13925439,0.078162,48
2025-12-12 12:00:00,10145042.0,4666719.32,10251081.237499999,4872665.155163549,1.29701121,2.095832,1.15036765,1.094638,48
2025-12-12 16:00:00,10620140.9,4803009.16769428,10384955.258333333,4702135.500409275,1.37789543,2.030959,1.2188958,1.008889,48
2025-12-12 20:00:00,10697630.3,4912232.12727694,10662072.856250001,4876823.345883814,1.40740741,2.114074,1.22157093,0.635378,48
2025-12-13 00:00:00,10696641.9,4915158.938729631,10696641.9,4915158.938729631,1.41025641,2.120284,1.22579381,1.059861,1
2025-12-13 04:00:00,10766206.4,4973987.3568,10776028.575000001,4968033.634352312,1.42020906,2.053618,1.28032787,3.446421,48
2025-12-13 08:00:00,10957432.7,5023960.211064311,10875617.066666666,5017973.410579713,1.36511156,2.041539,1.24297189,0.186541,48
2025-12-13 12:00:00,11072539.6,5150616.235317689,11005478.3125,5079254.331394439,1.25932954,2.028023,1.14846997,1.216503,48
2025-12-13 16:00:00,11082836.8,5142436.2752,11095960.739583334,5151506.113553009,1.28932039,2.017716,1.17760618,0.563463,48
2025-12-13 20:00:00,10965846.3,5110084.3758,11019301.262500001,5106850.822006288,1.29770492,2.029701,1.17951713,0.5459,48
2025-12-14 00:00:00,10969486.0,5067616.2284154,10976277.685106384,5081778.777772719,1.34558824,2.071883,1.18943249,0.192776,47
2025-12-14 04:00:00,10838761.6,4941002.518673791,10913074.239583334,5000151.576407225,1.33068257,2.097451,1.21456849,1.398597,48
2025-12-14 08:00:00,10564515.7,4795804.37136811,10795966.466666667,4909557.77853032,1.33048058,2.083197,1.17742559,2.536039,48
2025-12-14 12:00:00,10605832.5,4746110.04375,10588657.052083334,4782141.136998895,1.33070348,2.012729,1.23256735,0.605521,48
2025-12-14 16:00:00,10567508.6,4691319.900967831,10601970.247916667,4712515.818094351,1.33682831,1.984318,1.19287374,1.359091,48
2025-12-14 20:00:00,10351728.5,4540827.631025431,10559648.93125,4656716.514759087,1.37491571,1.974667,1.24939369,1.216964,48
2025-12-15 00:00:00,10007257.0,4453229.365,10129916.944680851,4502714.333110293,1.38774105,1.987374,1.29216743,0.270913,47
2025-12-15 04:00:00,10071517.0,4496223.204988031,10051057.545833332,4507671.581883657,1.39586207,2.093054,1.3394572,0.185625,48
2025-12-15 08:00:00,9912498.5,4406148.40524352,9918623.1875,4431956.160754661,1.42201835,2.036074,1.33136842,288.175645,48
2025-12-15 12:00:00,10063116.3,4236571.9623,9943339.479166666,4354256.615057799,1.44115523,1.969411,1.31743278,1.118973,48
2025-12-15 16:00:00,10127679.8,4223242.4766,10106346.61875,4202981.946301443,1.50944822,2.021289,1.38606144,0.778605,48
2025-12-15 20:00:00,10264707.0,4347193.12803918,10218987.145833334,4293182.166169769,1.51789794,1.987015,1.39507892,0.058805,48
2025-12-16 00:00:00,10255998.2,4343395.8538634,10255998.2,4343395.8538634,1.51713633,1.984054,1.39340455,2.700117,1
2025-12-16 04:00:00,10475217.1,4373307.81477439,10358142.677083334,4365015.018911127,1.52264006,2.000717,1.45987506,0.267395,48
2025-12-16 08:00:00,10913392.0,4683706.4470056,10627372.2125,4494421.495152603,1.49166667,1.980961,1.40317312,1.351471,48
2025-12-16 12:00:00,11033266.5,4920836.859,11010088.737499999,4733807.214025835,1.43530292,1.769001,1.31185219,0.974241,48
2025-12-16 16:00:00,10870747.7,4717904.5018,10801429.316666666,4685222.002874657,1.52351581,1.865697,1.45502392,1.064657,48
2025-12-16 20:00:00,10739088.2,4658533.66278998,10845279.575000001,4712803.869309725,1.53338509,1.881156,1.4398855,0.723083,48
2025-12-17 00:00:00,10814515.9,4646794.818202031,10791035.542553192,4662199.475036094,1.53072197,1.91107,1.43102625,0.018678,47
2025-12-17 04:00:00,10886953.7,4648729.2299,10816348.164583333,4629595.080619313,1.56919468,1.949332,1.46524064,4.615311,48
2025-12-17 08:00:00,10997453.7,4644848.14316025,10969813.195833333,4623405.038215428,1.58804781,1.935871,1.50975488,0.564634,48
2025-12-17 12:00:00,11138158.1,4645121.72119624,11046898.579166668,4688231.088458246,1.70025402,2.056909,1.56096285,0.648704,48
2025-12-17 16:00:00,11590322.3,4676818.253176049,11267029.770833334,4569164.0010965755,1.71379898,2.049266,1.56533056,1.142175,48
2025-12-17 20:00:00,11511627.6,4627336.88939504,11572683.5375,4659453.285321727,1.63934426,2.04087,1.50476668,1.926734,48
2025-12-18 00:00:00,11812089.5,4695212.96946832,11637636.89148936,4654800.168953604,1.47000759,2.223712,1.39886846,1.360845,47
2025-12-18 04:00:00,11560463.8,4625683.98731776,11673846.927083334,4653731.4717249,1.4879938,2.173103,1.39952267,0.127144,48
2025-12-18 08:00:00,11722003.0,4755700.89830157,11667013.174999999,4702911.8440184975,1.66091458,2.302026,1.50102354,0.774852,48
2025-12-18 12:00:00,11276797.6,4698036.79725384,11588414.6875,4782197.370207421,1.5994898,2.173409,1.46388606,0.724502,48
2025-12-18 16:00:00,10666734.6,4106992.6629096097,11226160.502083333,4482328.599182697,1.53709677,2.07927,1.37231969,1.029449,48
2025-12-18 20:00:00,10729922.3,4189970.81511232,10845249.654166667,4247803.94451014,1.52281825,2.091503,1.38169426,18.477077,48
2025-12-19 00:00:00,10745528.2,4319702.3364,10760534.525531914,4215776.9351692265,1.55720165,2.020866,1.46310433,1.057887,47
2025-12-19 04:00:00,10894941.7,4385115.87082528,10810933.366666667,4340096.601220713,1.56280587,1.980748,1.47477296,0.089459,48
2025-12-19 08:00:00,10895876.0,4407433.597411,10902540.470833333,4397477.039480116,1.48291925,1.997648,1.35468676,0.561675,48
2025-12-19 12:00:00,10993374.3,4488391.45919919,10978156.664583333,4465713.227211871,1.45158792,2.087386,1.34879319,0.948525,48
2025-12-19 16:00:00,10883427.8,4519471.16539237,10886588.916666666,4463374.408688166,1.45787832,2.188018,1.39518072,1.327649,48
2025-12-19 20:00:00,10894833.7,4570382.73715,10851747.908333333,4522762.436958938,1.38893101,2.124669,1.32752121,0.194409,48
2025-12-20 00:00:00,10895543.2,4570468.34512933,10895543.2,4570468.34512933,1.38893101,2.124565,1.32752121,0.249644,1
2025-12-20 04:00:00,10752875.2,4586179.76878896,10828619.810416667,4565056.574501686,1.47950503,2.369779,1.35330777,0.009781,48
2025-12-20 08:00:00,10696807.9,4566231.4278958095,10717329.768749999,4547790.747564104,1.5257732,2.400496,1.39921337,2.54153,48
2025-12-20 12:00:00,10521360.8,4455836.06954382,10565535.0875,4471899.733264863,1.55761483,2.34318,1.41082961,1.851953,48
2025-12-20 16:00:00,10539304.9,4458125.9727,10562683.164583333,4472412.154054162,1.56430868,2.23747,1.39499509,0.809869,48
2025-12-20 20:00:00,10545670.9,4445119.97771472,10550282.15,4460741.061716088,1.55369928,2.250657,1.4112426,0.037467,48
2025-12-21 00:00:00,10542745.0,4443578.9349292,10542745.0,4443578.9349292,1.55573248,2.251542,1.41243217,20.045185,1
2025-12-21 04:00:00,10307157.1,4313980.41452276,10333316.195833333,4309374.706602926,1.59723352,2.348158,1.44114688,1.023428,48
2025-12-21 08:00:00,10321290.3,4293656.7648,10328626.9125,4325137.920042925,1.57326892,2.396076,1.38665358,0.271952,48
2025-12-21 12:00:00,10185807.7,4136822.68675682,10176322.612499999,4149219.3906603274,1.64368771,2.351063,1.43316583,2.617963,48
2025-12-21 16:00:00,10146929.0,4146983.11550718,10158398.889583332,4137852.2536853286,1.60549717,2.305436,1.41793987,1.790932,48
2025-12-21 20:00:00,10079711.3,4133606.95049734,10089120.21875,4106568.7227048264,1.61303298,2.290186,1.44521567,1.79401,48
2025-12-22 00:00:00,10081463.1,4133399.871,10081463.1,4133399.871,1.61594203,2.291999,1.44791667,0.130449,1
2025-12-22 04:00:00,10162894.9,4243592.78394885,10130003.081249999,4193862.3158103987,1.48204736,2.28754,1.37072701,5.696919,48
2025-12-22 08:00:00,10137257.7,4262837.39484405,10196996.439583333,4258221.386683964,1.4992272,2.267619,1.3819242,0.260552,48
2025-12-22 12:00:00,10090044.9,4292360.393906049,10037565.977083333,4263065.811043699,1.40713224,2.163329,1.30554262,2.489269,48
2025-12-22 16:00:00,9768605.8,4102814.436,10110579.704166668,4316569.074147667,1.4539924,2.000277,1.36463824,0.971744,48
2025-12-22 20:00:00,9464813.3,4003616.0259,9523595.052083334,3997955.1448901375,1.50468019,2.048006,1.42048252,1.108883,48
2025-12-23 00:00:00,9396711.4,3960789.2167254305,9473880.336170213,4028922.159756676,1.55432197,2.01717,1.44825871,0.557765,47
2025-12-23 04:00:00,9403640.4,3926305.5495953504,9411192.554166665,3949230.0031823055,1.5701684,1.967773,1.42765114,1.729274,48
2025-12-23 08:00:00,9224177.3,3848548.42654052,9352747.941666666,3909155.3168624467,1.63757273,1.962358,1.48311157,0.048854,48
2025-12-23 12:00:00,9256285.5,3850614.768,9298630.747916667,3869813.3101363997,1.66498741,1.950132,1.5496063,0.763028,48
2025-12-23 16:00:00,9525434.8,4033989.06081298,9429053.664583333,3994060.660149747,1.55116841,1.954674,1.42721361,1.496552,48
2025-12-23 20:00:00,9483884.1,4079884.90422254,9609414.24375,4114928.807305941,1.456505,1.780459,1.37384541,1.538143,48
2025-12-24 00:00:00,9510888.8,4091455.77454342,9510888.8,4091455.77454342,1.45727483,1.786986,1.37597276,0.321744,1
2025-12-24 04:00:00,9744799.1,4122050.0193,9686053.079166668,4101508.158690885,1.55967742,1.742738,1.49147287,0.255106,48
2025-12-24 08:00:00,9940602.5,4182896.6824026303,9872737.887500001,4143779.9830569625,1.5986896,1.730563,1.4870332,3.911035,48
2025-12-24 12:00:00,10022223.3,4264320.61391322,9988888.135416666,4205088.776006467,1.5011839,1.735732,1.42410489,0.069571,48
2025-12-24 16:00:00,10070823.7,4360666.6621,10000246.247916667,4275741.7136703795,1.43249428,1.696831,1.35063046,0.140975,48
2025-12-24 20:00:00,10054006.8,4418820.24117698,10063190.195833333,4358377.914749932,1.40998487,1.802527,1.33285094,0.265043,48
2025-12-25 00:00:00,10147885.6,4480617.74692204,10147885.6,4480617.74692204,1.40528302,1.814196,1.32916266,0.656226,1
2025-12-25 04:00:00,9994403.8,4382681.09069534,9986286.322916666,4400636.623373768,1.52490119,1.806902,1.47414235,0.33952,48
2025-12-25 08:00:00,9830925.0,4276351.80463725,9928867.441666666,4332595.865032855,1.57062147,1.868722,1.47004608,0.362531,48
2025-12-25 12:00:00,9851143.7,4270684.66227973,9845449.61875,4274472.627264543,1.57605178,1.918996,1.51304802,0.612303,48
2025-12-25 16:00:00,9841834.8,4279900.39366327,9869557.860416668,4287416.874637294,1.54727564,1.928776,1.44292237,3.220153,48
2025-12-25 20:00:00,9705649.3,4087709.0014388897,9766520.672916668,4230641.3731520455,1.65456081,1.938033,1.48408972,0.757492,48
2025-12-26 00:00:00,9656094.0,4219536.95084544,9668542.329787234,4159990.215691254,1.52712551,2.007596,1.48948475,4.307122,47
2025-12-26 04:00:00,9631266.4,4170338.3512,9656068.049999999,4206834.200154677,1.53311793,2.035744,1.46909091,0.849648,48
2025-12-26 08:00:00,9594692.6,4159257.7930279695,9619179.139583332,4168272.0954086124,1.5620915,2.062744,1.50863422,1.310766,48
2025-12-26 12:00:00,9383961.1,3997567.4286,9537918.804166667,4121395.715589348,1.61403509,2.053602,1.50736842,0.297183,48
2025-12-26 16:00:00,9420541.9,4068481.46019546,9205343.341666667,3937282.604953934,1.6187291,2.051675,1.51842105,2.095149,48
2025-12-26 20:00:00,9388537.6,4065236.7808,9394338.722916666,4056582.6982712634,1.58862325,2.123603,1.51814834,0.631657,48
2025-12-27 00:00:00,9426406.9,4171090.789181,9400666.976595744,4112377.0138532603,1.54677419,2.180514,1.41762644,1.054585,47
2025-12-27 04:00:00,9372526.7,4141647.8489007503,9383887.597916666,4139206.262429174,1.54166667,2.087064,1.44939271,0.423885,48
2025-12-27 08:00:00,9463455.6,4247850.52683262,9358386.429166667,4127407.8494992796,1.54443555,2.016336,1.46248086,1.035718,48
2025-12-27 12:00:00,9529004.1,4259083.005505711,9567748.90625,4263101.9968366055,1.56831043,2.057367,1.45491388,1.486884,48
2025-12-27 16:00:00,9493738.8,4200945.24154032,9504361.38125,4216667.693886569,1.55708502,2.012489,1.44789019,11.721734,48
2025-12-27 20:00:00,9436286.8,4246329.06,9446614.814583333,4199826.3912572265,1.68170213,2.048879,1.58631748,2.725339,48
2025-12-28 00:00:00,9323182.5,4186246.2729782304,9361017.536170213,4188514.123559028,1.70452605,2.034888,1.54819915,0.086039,47
2025-12-28 04:00:00,9358546.0,4197228.61411538,9345764.85,4195838.624902026,1.70547945,2.006829,1.53984169,4.937851,48
2025-12-28 08:00:00,9374686.8,4180310.18328162,9388146.9125,4202148.0297597,1.71623932,1.954933,1.58306538,1.513463,48
2025-12-28 12:00:00,9274223.7,4113047.3558809296,9342454.454166668,4146596.7120619565,1.73350471,2.016136,1.57852564,0.720581,48
2025-12-28 16:00:00,9270175.9,4023256.3406,9272436.483333332,4083015.8879109994,1.76629018,2.044632,1.62322792,0.263218,48
2025-12-28 20:00:00,9184223.0,3972168.73275268,9238941.59375,3993434.0139730857,1.85215054,2.116836,1.69308036,0.290845,48
2025-12-29 00:00:00,9193849.1,4044632.7501266897,9135030.042553192,3981412.135465149,1.82471516,2.096731,1.69763606,1.829591,47
2025-12-29 04:00:00,8990484.9,3991775.2956,9096348.272916667,4008802.6007355563,1.73920406,2.142304,1.60361318,57.867251,48
2025-12-29 08:00:00,8883797.3,3895545.11605,8932377.827083332,3939802.274549626,1.72231544,2.170277,1.54620976,0.096499,48
2025-12-29 12:00:00,9005539.3,3836359.7418,8944946.30625,3843527.8018738176,1.84867257,2.140736,1.72350993,0.13606,48
2025-12-29 16:00:00,9185146.1,3889477.94703768,9088274.356250001,3840678.2664366364,1.7345576,2.095216,1.60648148,1.229035,48
2025-12-29 20:00:00,9384333.6,3926790.68666429,9271808.708333334,3899564.8682695846,1.71650327,2.157706,1.60527651,0.729799,48
2025-12-30 00:00:00,9383948.4,3927093.63324814,9383948.4,3927093.63324814,1.71510204,2.157144,1.60233029,0.199124,1
2025-12-30 04:00:00,9627695.5,4016184.32034514,9589382.677083334,4005458.154035369,1.67042707,2.143594,1.53437348,2.575481,48
2025-12-30 08:00:00,9608536.3,4044153.6582455295,9628586.385416666,4047122.616517319,1.64936102,2.128922,1.53443259,0.954645,48
2025-12-30 12:00:00,9490098.6,4024960.16783512,9571099.995833334,4017148.4423289965,1.56648732,2.044792,1.44187124,21.450965,48
2025-12-30 16:00:00,9435573.4,3978136.2528263,9492678.464583334,4017525.0679050214,1.64019063,2.082927,1.49071871,0.20782,48
2025-12-30 20:00:00,9384012.3,3927140.6442602095,9389200.527083334,3921485.5290842783,1.58978328,2.093659,1.45881805,11.659331,48
2025-12-31 00:00:00,9442382.8,3913799.02447704,9368493.172340427,3902195.41800064,1.55312735,2.073251,1.40525839,3.140921,47
2025-12-31 04:00:00,9471391.1,3930627.3065,9440476.735416668,3918010.2229588483,1.51023392,2.058153,1.35579869,4.183002,48
2025-12-31 08:00:00,9435511.0,3925172.576,9243092.7125,3839578.6963351374,1.47844828,2.064823,1.32717111,7.002457,48
2025-12-31 12:00:00,9366081.9,3826425.8430049694,9398170.80625,3869470.038538452,1.45170455,2.051496,1.30847891,0.02726,48
2025-12-31 16:00:00,9273848.2,3765182.3692,9258462.549999999,3743307.264796812,1.43530239,1.957944,1.31016731,0.603973,48
2025-12-31 20:00:00,9452375.2,3882094.55916134,9313145.841666667,3802001.127637482,1.45679887,1.939475,1.29752771,0.156889,48
2026-01-01 00:00:00,9451215.2,3880898.90918582,9451215.2,3880898.90918582,1.45679887,1.939064,1.29752771,0.125165,1
2026-01-01 04:00:00,9859396.4,4076892.35584434,9877472.420833332,4075046.368605072,1.45170455,1.768782,1.25661487,2.050778,48
2026-01-01 08:00:00,9815930.1,4098230.4239431103,9853520.63125,4085124.5771563747,1.49490539,1.700888,1.31018119,0.330433,48
2026-01-01 12:00:00,9829674.9,4371925.140813449,9755227.785416666,4181121.500024233,1.29611981,1.539687,1.195842,1.232166,48
2026-01-01 16:00:00,10214364.3,4509680.44874705,10148889.404166667,4497125.2966379775,1.4368231,1.592329,1.31973684,0.492699,48
2026-01-01 20:00:00,10339254.0,4621646.538,10279684.785416666,4559229.194377121,1.6203336,1.617781,1.45116722,0.067139,48
2026-01-02 00:00:00,10196445.4,4560083.16772848,10372856.082978724,4626584.490206733,1.70880914,1.610603,1.54586694,1.048393,47
2026-01-02 04:00:00,10006140.8,4422714.2336,10092272.097916666,4494468.42548049,1.72108285,1.592799,1.56444218,0.446887,48
2026-01-02 08:00:00,9695724.5,4291091.86368016,9844005.691666666,4373624.385148543,1.81433506,1.68469,1.63399041,0.384439,48
2026-01-02 12:00:00,9952214.8,4473850.46852062,9830734.025,4381726.43428582,1.87568058,1.681337,1.67257618,0.308141,48
2026-01-02 16:00:00,9983255.9,4597276.36371733,9988993.491666667,4564586.399321494,1.84867821,1.619027,1.60404151,1.160454,48
2026-01-02 20:00:00,10031353.4,4623103.19566469,9961293.316666666,4589543.948481896,1.86808118,1.641732,1.66517106,0.826797,48
2026-01-03 00:00:00,9995175.8,4662893.54118328,9993797.387234041,4605389.282080975,1.85960145,1.73755,1.59160305,1.285453,47
2026-01-03 04:00:00,9943105.4,4504226.7462,9986078.435416667,4611920.833972414,1.78666667,1.741445,1.55285868,1.077608,48
2026-01-03 08:00:00,9916044.6,4457154.855257871,9961844.804166667,4498492.589391083,1.85004517,1.753892,1.61640066,23.771505,48
2026-01-03 12:00:00,9973008.2,4492678.431907,9958122.741666667,4493022.987328319,1.93131868,1.731592,1.67277778,7.491878,48
2026-01-03 16:00:00,10012223.4,4520394.41316314,10003491.50625,4528926.083376798,1.98885794,1.755177,1.72988182,0.540363,48
2026-01-03 20:00:00,9975410.2,4558762.4614,10011791.089583334,4527502.176762951,1.97882136,1.766598,1.67637363,1.970727,48
2026-01-04 00:00:00,9807743.7,4546175.4929886,9869095.165957447,4523689.909185634,1.98717949,1.79859,1.67506849,4.544392,47
2026-01-04 04:00:00,9541245.3,4369198.7025282,9666315.014583332,4452060.274471762,1.98260073,1.84382,1.67676211,0.774,48
2026-01-04 08:00:00,9526333.2,4386994.85092168,9529671.779166667,4371649.185379388,2.03943662,1.88819,1.70752089,0.402643,48
2026-01-04 12:00:00,9516067.1,4436026.11181074,9535836.033333333,4410320.793810922,2.0426945,1.824744,1.74700855,1.782318,48
2026-01-04 16:00:00,9552177.6,4403553.8736,9593993.547916668,4479468.528565609,2.0227704,1.786715,1.70724802,0.137411,48
2026-01-04 20:00:00,9387382.4,4338852.36960208,9451571.658333333,4383066.070725943,2.03816794,1.78069,1.7593985,1.792443,48
2026-01-05 00:00:00,9392405.1,4423134.71450237,9400608.20212766,4408770.9637066955,2.07996146,1.796353,1.70481586,23.387485,47
2026-01-05 04:00:00,9280617.7,4320506.3741645105,9381010.154166667,4344177.496727027,2.0065666,1.801108,1.66222962,0.994246,48
2026-01-05 08:00:00,9234432.6,4270917.597609591,9276518.833333334,4290261.757362408,1.99062793,1.806006,1.63476348,2.261245,48
2026-01-05 12:00:00,9494326.0,4484607.28856904,9321881.979166666,4340332.261944269,1.98188751,1.879542,1.6946347,1.688822,48
2026-01-05 16:00:00,9464837.9,4519567.52316017,9473835.910416666,4487315.143990016,1.98373206,1.891509,1.67064846,1.08355,48
2026-01-05 20:00:00,9402194.0,4602160.5331962,9433848.239583334,4584601.642651579,1.95206767,1.834597,1.6821267,0.077349,48
2026-01-06 00:00:00,9403980.2,4603623.62074978,9403980.2,4603623.62074978,1.95206767,1.833096,1.6817411,2.532784,1
2026-01-06 04:00:00,9444218.3,4622434.39785089,9565414.929166667,4729000.449012431,1.9172093,1.805527,1.63941769,1.334579,48
2026-01-06 08:00:00,9572059.7,4967169.401909671,9390978.518749999,4660224.033102351,1.91336406,1.819268,1.625,1.213441,48
2026-01-06 12:00:00,9571322.0,5073262.85913938,9872403.293750001,5344883.310681721,1.72020287,1.52501,1.48317894,0.564305,48
2026-01-06 16:00:00,9636954.2,4900648.228268511,9641992.581249999,4968965.742571002,1.8844404,1.522569,1.66955111,1.618186,48
2026-01-06 20:00:00,10080936.2,5383626.79738503,9906354.229166666,5263180.0634421185,1.88023952,1.459691,1.74722955,0.763127,48
2026-01-07 00:00:00,10052629.8,5372505.7566316305,10052629.8,5372505.7566316305,1.88270548,1.45492,1.75013207,1.646859,1
2026-01-07 04:00:00,9868131.4,5086979.99450418,9878309.43125,5088473.430351225,1.90870307,1.513791,1.73379384,1.706036,48
2026-01-07 08:00:00,9497247.3,4871884.4338628305,9636927.450000001,4934223.541794141,1.76522436,1.564761,1.70685214,1.30634,48
2026-01-07 12:00:00,9192825.2,4545515.78785418,9320746.704166668,4679364.91506473,1.8212766,1.573484,1.68437832,1.000895,48
2026-01-07 16:00:00,9153929.0,4535559.08219004,9135315.44375,4540750.8744425755,1.74031327,1.613299,1.70122929,1.337423,48
2026-01-07 20:00:00,9194985.9,4528530.55575,9193914.604166666,4533024.2042129515,1.73383085,1.690359,1.64027268,2.119179,48
2026-01-08 00:00:00,8914148.3,4421016.7766924305,9063092.29787234,4532300.203722704,1.72022838,1.655047,1.62113402,0.637636,47
2026-01-08 04:00:00,9014500.0,4506114.623725,9016528.68125,4482568.989308646,1.8028169,1.579747,1.66475495,3.791813,48
2026-01-08 08:00:00,8734306.9,4257667.690205529,8872712.706249999,4331346.439831018,1.7559322,1.593866,1.66521975,1.213907,48
2026-01-08 12:00:00,8640840.4,4219186.87894253,8739295.054166667,4221159.77129034,1.87400881,1.602832,1.70490899,1.093839,48
2026-01-08 16:00:00,8705622.6,4241078.20323427,8695184.6,4265792.232698922,1.83463882,1.59565,1.65709642,0.352689,48
2026-01-08 20:00:00,8735083.6,4258063.68697866,8723054.708333334,4258996.085380484,1.81944444,1.642718,1.67468562,0.016641,48
2026-01-09 00:00:00,8711897.2,4294965.3196,8761229.455319148,4281117.431509761,1.79844961,1.632373,1.64432432,0.268647,47
2026-01-09 04:00:00,8546904.0,4169184.13012104,8596992.30625,4197785.634870176,1.69870759,1.616319,1.56841564,19.486947,48
2026-01-09 08:00:00,8410422.3,4062233.9709,8453841.475,4085441.8373421305,1.83478261,1.61667,1.59704641,0.030685,48
2026-01-09 12:00:00,8444915.7,4112609.76454068,8506639.845833333,4106453.5689949603,1.85276074,1.670021,1.6416309,0.679652,48
2026-01-09 16:00:00,8364102.2,4008144.85433964,8392328.41875,4090267.1419114056,1.89115044,1.727115,1.64331551,0.665426,48
2026-01-09 20:00:00,8202916.9,3966135.4220757103,8294264.460416667,4010012.940444553,1.84562012,1.737461,1.59602302,2.806583,48
2026-01-10 00:00:00,8202798.9,3966000.03198514,8202798.9,3966000.03198514,1.84648742,1.738087,1.59602302,0.062748,1
2026-01-10 04:00:00,8301142.1,3959222.66862422,8279233.852083333,3941151.3628611676,1.91466667,1.779949,1.72828508,9.744354,48
2026-01-10 08:00:00,8290647.4,3992039.4125379296,8284687.6375,3977208.3223113753,1.86074848,1.777508,1.64408602,0.247797,48
2026-01-10 12:00:00,8127815.4,3894005.63499779,8197908.785416666,3956848.21288431,1.8975265,1.727414,1.69193021,3.441769,48
2026-01-10 16:00:00,8056555.5,3908107.9406042094,8087197.756250001,3884715.0765620284,1.83595113,1.714143,1.68763676,0.462177,48
2026-01-10 20:00:00,8214776.9,3885589.4737,8179511.8625,3903068.0922517553,1.90868397,1.837535,1.72732332,0.134557,48
2026-01-11 00:00:00,8213717.7,3897344.7352404096,8217212.272340426,3897645.5253703548,1.90279028,1.825576,1.67931793,0.755249,47
2026-01-11 04:00:00,8269578.2,3936319.2232,8209870.722916666,3893686.3702880517,1.89511111,1.803045,1.68082789,31.837108,48
2026-01-11 08:00:00,8414115.8,4034600.33145772,8367387.472916666,3996494.539579676,1.84205934,1.851709,1.60687831,0.106902,48
2026-01-11 12:00:00,8294214.3,3923163.3639,8353484.583333333,3996634.8118537557,1.92991914,1.849035,1.678242,2.844985,48
2026-01-11 16:00:00,8173635.6,3878271.24753838,8212440.458333333,3909445.854366098,1.88780919,1.768187,1.62592986,0.628148,48
2026-01-11 20:00:00,8137505.0,3796403.3904081,8130782.952083333,3796263.0346452934,1.92908438,1.76927,1.65947113,1.877142,48
2026-01-12 00:00:00,8145909.4,3799516.31600184,8145909.4,3799516.31600184,1.93087971,1.772777,1.66342518,0.617395,1
2026-01-12 04:00:00,8073626.5,3778457.202,8258968.602083333,3931063.4385390445,1.88712522,1.733127,1.64194237,1.517477,48
2026-01-12 08:00:00,8130433.8,3781581.4321050304,8092076.485416667,3761746.2188558863,1.85689506,1.746809,1.63457447,3.799427,48
2026-01-12 12:00:00,7902281.0,3714072.07,8011609.252083334,3707322.5328762326,1.8208441,1.591612,1.5941269,0.200468,48
2026-01-12 16:00:00,7788868.4,3652979.2796,7836832.554166667,3686811.051232368,1.85198238,1.610464,1.60583554,3.026373,48
2026-01-12 20:00:00,7774968.0,3552680.81597376,7750071.91875,3576734.3484712285,2.01023256,1.653654,1.66866485,9.536323,48
2026-01-13 00:00:00,7866618.3,3568565.28990365,7791030.112765958,3559235.5644343025,1.79621668,1.720185,1.56645898,0.845178,47
2026-01-13 04:00:00,8378296.6,3777234.4584219297,8120132.045833333,3672173.6466185995,1.76884422,1.771496,1.4968339,1.169633,48
2026-01-13 08:00:00,8161845.9,3792209.24110868,8278596.389583333,3794592.7891801093,1.56625578,1.646435,1.3795319,3.890471,48
2026-01-13 12:00:00,8143767.6,3907713.9147023,8219336.04375,3875362.2998963646,1.52565982,1.713522,1.31457243,0.42529,48
2026-01-13 16:00:00,8243095.4,3979278.96245804,8236230.660416666,3950512.834939107,1.54478164,1.638714,1.34186149,1.981753,48
2026-01-13 20:00:00,8144039.3,4099097.3590666098,8240778.8,4074488.3127730372,1.45125554,1.798531,1.31657609,0.302813,48
2026-01-14 00:00:00,8135534.9,4095599.7657356896,8135534.9,4095599.7657356896,1.45743893,1.788036,1.32409091,1.193993,1
2026-01-14 04:00:00,8123049.5,4093889.4973533503,8119032.385416667,4115576.1158724516,1.66981875,1.922611,1.44258373,0.265536,48
2026-01-14 08:00:00,8156443.2,4131864.5693800305,8151682.647916667,4146944.5324425083,1.68603713,1.956416,1.47287208,0.993866,48
2026-01-14 12:00:00,7917780.3,4017443.08545214,7999317.354166667,4042883.4150766116,2.07587549,1.972751,1.71012007,0.819488,48
2026-01-14 16:00:00,7767614.8,3871790.66687596,7833233.662500001,3944331.2682527415,2.11888112,1.957362,1.73946136,0.925391,48
2026-01-14 20:00:00,7803249.2,3835314.5391107,7783648.072916667,3863834.5021298584,2.18989899,1.949874,1.83403742,0.25801,48
2026-01-15 00:00:00,7649258.2,3653378.42532938,7799594.776595744,3812339.6229586448,2.35306781,1.956383,1.898125,0.281149,47
2026-01-15 04:00:00,7605323.8,3737980.37030547,7619901.666666667,3687719.6722931582,2.19344933,1.974551,1.78846154,0.807687,48
2026-01-15 08:00:00,7637525.3,3722038.66196796,7618239.033333334,3727418.1933536367,2.30899471,1.995611,1.90443473,3.035071,48
2026-01-15 12:00:00,7536795.3,3545888.39015038,7609792.9875,3705112.360768944,2.31696905,2.062384,1.90662461,0.827822,48
2026-01-15 16:00:00,7519281.2,3496465.758,7545868.45,3559714.7602318116,2.22567288,2.044773,1.8330264,2.23372,48
2026-01-15 20:00:00,7476987.3,3469322.1072,7488161.866666667,3462629.517608607,2.08682927,1.935738,1.77369668,5.291447,48
2026-01-16 00:00:00,7476659.3,3469169.9152,7476659.3,3469169.9152,2.08585366,1.936228,1.7704142,2.079583,1
2026-01-16 04:00:00,7684074.3,3569929.55613657,7658757.979166667,3540481.0135595915,2.07328833,1.878809,1.72253681,8.859582,48
2026-01-16 08:00:00,7736320.4,3585539.88294895,7689168.864583333,3590048.4700803035,2.08413926,1.947584,1.79432213,0.306481,48
2026-01-16 12:00:00,7668314.2,3470661.06306477,7746446.277083334,3566572.7904081517,1.97287184,1.924679,1.60815888,2.64482,48
2026-01-16 16:00:00,7651495.2,3531165.0348,7652221.100000001,3519821.8639183906,1.91780822,1.868384,1.57465825,0.297841,48
2026-01-16 20:00:00,7639804.9,3621267.5226,7622879.78125,3587635.300884655,1.93192272,1.896864,1.59141494,0.364239,48
2026-01-17 00:00:00,7635422.2,3634460.7381373295,7649588.00212766,3643456.0098498766,1.89502262,1.898227,1.55089192,1.907262,47
2026-01-17 04:00:00,7785069.5,3842773.4421136496,7655221.870833334,3697134.2816295684,1.89703154,1.847348,1.57557827,0.693808,48
2026-01-17 08:00:00,7736013.3,3802157.8595106704,7854589.195833333,3904292.0493005593,1.8787037,1.773475,1.53825858,0.376925,48
2026-01-17 12:00:00,7918069.6,3979243.21805242,7882458.370833334,3932282.2623963454,1.95718363,1.77224,1.61256831,0.988445,48
2026-01-17 16:00:00,8016247.2,3967362.2655875506,8004991.016666667,3973147.4991846257,1.94660194,1.790105,1.60680424,0.757229,48
2026-01-17 20:00:00,7908291.2,3853999.5870521,7957384.910416666,3911305.8788429922,2.00099602,1.910465,1.70116959,1.221816,48
2026-01-18 00:00:00,7908317.2,3858410.23116444,7908317.2,3858410.23116444,2.00099602,1.9107,1.70157987,0.033626,1
2026-01-18 04:00:00,7790493.8,3758948.3157221,7784104.695833333,3731916.194396797,2.05775076,1.918,1.71983274,0.941311,48
2026-01-18 08:00:00,7856485.6,3775106.61819534,7813981.635416667,3756804.0678426926,2.07200811,1.94904,1.78366849,0.010692,48
2026-01-18 12:00:00,7720541.6,3694336.9052511696,7791312.325,3717397.7788906735,2.02584493,1.947731,1.72222222,2.889235,48
2026-01-18 16:00:00,7723717.3,3717848.16448652,7708698.245833334,3702772.057446342,1.98325123,1.960885,1.78340451,0.811386,48
2026-01-18 20:00:00,7953091.0,3623324.55129336,7745156.73125,3702628.281495,2.15641293,1.84499,1.85867508,1.302323,48
2026-01-19 00:00:00,7925575.0,3598211.05,7925575.0,3598211.05,2.15762004,1.83691,1.82294264,1.382997,1
2026-01-19 04:00:00,7813358.7,3433534.69443302,7727010.122916666,3381775.9837190914,2.07621009,1.598473,1.93119266,1.01488,48
2026-01-19 08:00:00,7728552.4,3385105.9512,7749502.149999999,3411368.6903151046,2.04781282,1.611858,1.82434128,0.08844,48
2026-01-19 12:00:00,7604402.4,3330728.2512,7602685.506250001,3333634.237892285,2.09697602,1.567212,1.89378238,0.055649,48
2026-01-19 16:00:00,7516619.4,3344027.98962266,7575285.533333334,3347000.534567857,2.04187947,1.554894,1.83280757,1.074629,48
2026-01-19 20:00:00,7743511.7,3391658.1246,7552213.704166667,3327435.0814767084,1.93243243,1.580407,1.78414634,1.461459,48
2026-01-20 00:00:00,7763590.1,3400452.4638,7763590.1,3400452.4638,1.93346191,1.580148,1.78549665,0.546679,1
2026-01-20 04:00:00,7922286.5,3398660.9085,7832908.3125,3398220.471794144,1.70309811,1.537574,1.55928533,1.293016,48
2026-01-20 08:00:00,8267933.9,3484917.76834088,8121109.59375,3452291.9630896435,1.65321252,1.561822,1.46619217,0.343194,48
2026-01-20 12:00:00,8394583.0,3533724.98154483,8325592.272916667,3523895.9450217946,1.58386076,1.506187,1.46146196,2.097951,48
2026-01-20 16:00:00,8383398.0,3466564.49872698,8367009.439583334,3494029.853709825,1.61724416,1.485645,1.48538306,0.55539,48
2026-01-20 20:00:00,8355824.8,3438814.87964034,8384265.98125,3468249.1850538827,1.56450352,1.503636,1.42079689,0.382365,48
2026-01-21 00:00:00,8313991.7,3579629.53243466,8288066.772340426,3523877.3586889296,1.51886792,1.539431,1.3989284,0.452073,47
2026-01-21 04:00:00,8327075.8,3542896.20921087,8338216.602083333,3568765.8240127363,1.585726,1.567016,1.44287871,0.624041,48
2026-01-21 08:00:00,8261910.0,3503049.84,8259520.48125,3516484.9800036964,1.64615385,1.51387,1.48385417,0.861861,48
2026-01-21 12:00:00,8284032.4,3578701.9968,8273700.197916667,3521931.5045713205,1.74208145,1.408469,1.58882125,1.577196,48
2026-01-21 16:00:00,8541543.0,3732654.291,8379276.712499999,3550262.1227049734,1.74114441,1.41465,1.6057207,0.954442,48
2026-01-21 20:00:00,8604266.8,3665417.6568,8561337.2875,3710648.202316964,1.89833822,1.401386,1.75472849,1.217971,48
2026-01-22 00:00:00,8596335.4,3679101.40268204,8596335.4,3679101.40268204,1.90392157,1.40059,1.76409314,0.698122,1
2026-01-22 04:00:00,8502320.7,3659791.8065427504,8557112.983333332,3707229.134335244,1.92066601,1.505264,1.75231054,1.652427,48
2026-01-22 08:00:00,8410814.7,3581448.3700198,8432061.53125,3619011.373194872,2.04077472,1.476465,1.87090559,0.667311,48
2026-01-22 12:00:00,8551456.9,3591611.898,8457724.772916667,3564707.271176271,2.03051882,1.436179,1.80752351,0.854172,48
2026-01-22 16:00:00,8670098.3,3637192.937833,8658450.1625,3643723.887477668,2.00501002,1.398611,1.84110971,14.221941,48
2026-01-22 20:00:00,8826207.3,3671702.2368,8734794.691666666,3639105.1470333827,1.87174721,1.430212,1.71876816,2.36119,48
2026-01-23 00:00:00,8712550.9,3698376.61720854,8803114.144680852,3706601.8010280654,1.77896613,1.486387,1.65918024,0.36687,47
2026-01-23 04:00:00,8542191.5,3634873.32708,8645071.61875,3672479.376317021,1.70833333,1.436665,1.57866086,0.050609,48
2026-01-23 08:00:00,8613216.4,3614538.5878284303,8568909.791666666,3613566.4099181057,1.6893039,1.454877,1.59579061,0.152374,48
2026-01-23 12:00:00,8568285.5,3658314.4059343105,8579653.933333334,3613403.0049459017,1.62458746,1.420733,1.46741344,0.762426,48
2026-01-23 16:00:00,8562238.2,3617854.4794318704,8593261.25625,3682721.2242535795,1.68686007,1.409195,1.51836306,2.458892,48
2026-01-23 20:00:00,8484515.6,3584726.1675537,8560350.222916666,3614862.7399224616,1.71143847,1.411671,1.55085653,75.842668,48
2026-01-24 00:00:00,8457360.5,3595933.18280153,8471563.019148936,3590726.2748531625,1.79514825,1.437982,1.68106879,1.340742,47
2026-01-24 04:00:00,8480642.8,3583071.583,8450075.604166666,3576687.710022144,1.81949458,1.399317,1.72622478,0.016798,48
2026-01-24 08:00:00,8469563.0,3580221.23293371,8472845.55625,3576470.233094521,1.82475158,1.408945,1.71675302,7.674774,48
2026-01-24 12:00:00,8360370.7,3481572.4586072,8415221.291666666,3530175.294975748,1.68230453,1.410175,1.53107345,0.621615,48
2026-01-24 16:00:00,8394246.3,3483612.2145,8388907.070833333,3498959.972433804,1.6185567,1.454567,1.48067393,0.048713,48
2026-01-24 20:00:00,8464508.3,3529699.9611,8438107.195833333,3511600.887743275,1.49706314,1.480331,1.36326157,4.039886,48
2026-01-25 00:00:00,8523639.6,3524524.9746,8503619.374468086,3539042.156693357,1.41338854,1.439535,1.27844828,0.291908,47
2026-01-25 04:00:00,8563946.2,3541242.70917989,8523767.541666666,3525211.842073225,1.32814527,1.412757,1.21700041,0.207709,48
2026-01-25 08:00:00,8549710.3,3539580.0642,8568900.310416667,3558043.0800535604,1.31330749,1.419686,1.22779605,0.604551,48
2026-01-25 12:00:00,8633208.2,3548268.68557511,8614458.075,3547868.25607085,1.29598982,1.423838,1.19736316,0.542466,48
2026-01-25 16:00:00,8584229.9,3332804.08125427,8617137.533333333,3465773.8919372396,1.39189189,1.412992,1.25429409,0.583049,48
2026-01-25 20:00:00,8482968.0,3375468.23093064,8516938.558333334,3352466.3633805835,1.38321678,1.419743,1.25996534,0.41965,48
2026-01-26 00:00:00,8431318.4,3380903.3689513,8450482.259574467,3400523.5359236165,1.43013899,1.477763,1.31502497,0.238714,47
2026-01-26 04:00:00,8340079.1,3402752.2728,8393611.391666668,3398024.6875533373,1.51678376,1.487446,1.39342678,0.762842,48
2026-01-26 08:00:00,8354301.8,3383492.229,8297190.577083333,3373102.4896360803,1.53312303,1.50111,1.40891283,10.677346,48
2026-01-26 12:00:00,8334493.0,3396326.15031799,8319959.064583334,3386975.5252325297,1.66209262,1.490397,1.54830005,0.809613,48
2026-01-26 16:00:00,8285009.3,3446563.8688,8283913.760416667,3421727.4982061363,1.6286201,1.431881,1.53883759,1.027101,48
2026-01-26 20:00:00,8180584.0,3386761.776,8231899.652083334,3414050.8198599145,1.74678899,1.399809,1.63154865,7.986954,48
2026-01-27 00:00:00,8202977.5,3387829.7075,8185688.780851063,3381476.5586068365,1.80055918,1.415837,1.67136978,60.183316,47
2026-01-27 04:00:00,8247280.9,3414288.68582426,8215599.510416667,3394888.7537575574,1.8245283,1.430968,1.71850512,0.408451,48
2026-01-27 08:00:00,8335560.4,3429983.99478684,8275828.589583334,3413704.23475934,1.82126058,1.415673,1.66961652,0.00679,48
2026-01-27 12:00:00,8380798.8,3427048.08581203,8346215.327083333,3407287.5821208823,1.85361217,1.415124,1.74157991,0.924498,48
2026-01-27 16:00:00,8435917.6,3487827.85402225,8446302.30625,3475748.46257839,1.938,1.444173,1.81713555,0.556643,48
2026-01-27 20:00:00,8339049.2,3506189.34422304,8346695.806249999,3486753.2846184317,1.97657841,1.492471,1.85286458,0.038495,48
2026-01-28 00:00:00,8250455.9,3425977.30862098,8302958.978723404,3464991.862780207,2.11789474,1.537321,1.95317726,0.602772,47
2026-01-28 04:00:00,8266554.5,3421440.52205548,8276116.127083334,3438409.552705904,2.20086393,1.559913,1.97575758,0.877074,48
2026-01-28 08:00:00,8361049.9,3480701.97978154,8292395.016666667,3434428.024399943,2.13130252,1.605625,1.87839586,1.182951,48
2026-01-28 12:00:00,8393828.5,3443106.64943407,8440068.585416667,3482493.304986816,2.1487779,1.656873,1.92994052,1.860114,48
2026-01-28 16:00:00,8419387.6,3492767.79096232,8407653.329166668,3455645.725492,2.01114488,1.635118,1.81285444,0.999218,48
2026-01-28 20:00:00,8307634.5,3472591.221,8378350.639583333,3486902.193957375,1.98288016,1.596335,1.77100187,0.893653,48
2026-01-29 00:00:00,8308138.7,3476472.51227766,8308138.7,3476472.51227766,1.98289738,1.596828,1.7728687,1.394809,1
2026-01-29 04:00:00,8224594.4,3372083.704,8245360.412500001,3368713.09889736,2.0349076,1.594864,1.84897172,0.007168,48
2026-01-29 08:00:00,8358514.9,3364371.53933852,8294507.493749999,3354981.495325741,2.08663883,1.622359,1.89490862,0.684475,48
2026-01-29 12:00:00,8312326.7,3187452.27747603,8260438.825,3285841.955536964,2.31077982,1.566913,1.99239806,1.092883,48
2026-01-29 16:00:00,8405397.9,3226065.51341356,8318514.214583334,3205071.286363369,2.0960334,1.546644,1.87069526,1.152151,48
2026-01-29 20:00:00,8350815.1,3244291.66635,8360920.854166667,3240959.0782589093,2.05154639,1.527165,1.82072473,0.389999,48
2026-01-30 00:00:00,8351551.1,3242884.74294203,8351551.1,3242884.74294203,2.05791107,1.528205,1.82420382,8.874193,1
2026-01-30 04:00:00,8416585.6,3203054.4480639,8442034.002083333,3187733.506288556,1.92373689,1.534979,1.6813697,1.177511,48
2026-01-30 08:00:00,8422137.8,3287352.32386046,8400767.762500001,3208909.67063348,1.92322643,1.504441,1.68551237,1.078411,48
2026-01-30 12:00:00,8853017.4,3539772.50559068,8610881.889583332,3356618.303795478,1.79287723,1.442216,1.61715602,1.002861,48
2026-01-30 16:00:00,8940122.2,3620749.491,8921126.075000001,3552811.885624174,1.70173833,1.448445,1.53026906,1.664351,48
2026-01-30 20:00:00,8815223.0,3534904.423,8877441.097916666,3559686.141710008,1.73572744,1.431324,1.56989247,42.010398,48
2026-01-31 00:00:00,8794024.2,3500021.6316,8839255.136170212,3532041.739453104,1.6705151,1.497611,1.54489682,1.533476,47
2026-01-31 04:00:00,8841837.1,3457158.3061,8826132.9125,3509779.7514157314,1.84698914,1.485446,1.73561037,5.591239,48
2026-01-31 08:00:00,8934912.3,3368461.9371,8881463.44375,3410345.4850038067,1.97905759,1.526514,1.79947575,0.289973,48
2026-01-31 12:00:00,8926717.3,3245027.41842309,8948941.112499999,3318160.0116458633,2.01210121,1.469034,1.7798103,0.608455,48
2026-01-31 16:00:00,8761136.4,3021846.48529236,8871306.583333334,3125832.859659139,1.88841658,1.430828,1.62028609,1.544327,48
2026-01-31 20:00:00,8739484.7,3136415.34478013,8852779.560416667,3110587.6294083055,1.82698249,1.40808,1.58301648,1.118828,48
2026-02-01 00:00:00,8670146.8,3103414.80127221,8651370.889361702,3089522.765184164,1.70639535,1.385342,1.4921781,2.275594,47
2026-02-01 04:00:00,8633019.8,3137880.22437975,8679911.635416666,3104178.0540257716,1.59870849,1.405943,1.41983852,0.542877,48
2026-02-01 08:00:00,8418014.5,3035340.39404302,8523450.866666667,3077702.277413031,1.63799622,1.445465,1.42227378,0.655164,48
2026-02-01 12:00:00,8615260.8,3015297.85908557,8470945.049999999,3027999.7798837107,1.70399221,1.42225,1.47149644,0.787788,48
2026-02-01 16:00:00,8619725.7,2974360.56303234,8617067.964583334,3001854.8312052083,1.71743295,1.420468,1.50592417,1.376427,48
2026-02-01 20:00:00,9450395.0,3156431.93,8994404.089583334,3053299.021341322,1.68975069,1.529489,1.49346962,0.516612,48
2026-02-02 00:00:00,9763436.4,3293570.39518844,9652146.806382978,3255627.1056298767,1.62972973,1.493733,1.34949921,0.880284,47
2026-02-02 04:00:00,9737887.8,3222770.42444038,9646658.116666667,3223072.6888119313,1.4617284,1.439389,1.27290837,0.792148,48
2026-02-02 08:00:00,9655034.9,3316220.91977499,9711676.13125,3250924.31796483,1.35046012,1.443797,1.17322835,1.586606,48
2026-02-02 12:00:00,9638325.7,3421605.6235,9588896.1875,3339496.202123635,1.31335357,1.454643,1.1735691,0.943042,48
2026-02-02 16:00:00,9626352.2,3400429.97856196,9640740.383333333,3426887.702886544,1.313116,1.438116,1.15338554,0.83105,48
2026-02-02 20:00:00,9430191.4,3343089.51475897,9513657.441666666,3366928.294756252,1.38827258,1.416892,1.21010005,4.09542,48
2026-02-03 00:00:00,9587574.9,3326888.4903,9548707.097872341,3349357.1564382906,1.49414716,1.365287,1.28470825,0.761612,47
2026-02-03 04:00:00,10055905.7,3529622.9007,9834647.160416666,3439251.7965057385,1.66759517,1.226424,1.37897574,3.827715,48
2026-02-03 08:00:00,10019057.5,3446555.78,9973098.1875,3480756.5267531206,1.79303483,1.236758,1.59600242,0.274321,48
2026-02-03 12:00:00,9960008.1,3496721.09851665,9937449.125,3437975.1767759304,1.69552529,1.256326,1.53892577,0.964047,48
2026-02-03 16:00:00,9971987.3,3445612.69445929,9812498.3125,3335078.106308336,1.69036027,1.319192,1.45874781,1.055063,48
2026-02-03 20:00:00,9809322.9,3330132.60059762,9980700.44375,3466546.3929159734,1.68085106,1.320714,1.46993579,1.076769,48
2026-02-04 00:00:00,9961240.3,3421691.42211976,9827826.036170213,3383366.2081480552,1.61538462,1.327422,1.40337079,0.825846,47
2026-02-04 04:00:00,9851495.3,3340411.33421007,9910601.472916666,3369637.0169443246,1.60054845,1.284144,1.3780554,1.183854,48
2026-02-04 08:00:00,9564082.0,3194403.388,9709809.6625,3262492.690660912,1.57497782,1.25432,1.33486708,7.851628,48
2026-02-04 12:00:00,9829274.6,3184684.9704,9639233.237499999,3174206.442502314,1.52532189,1.237765,1.29166667,0.857279,48
2026-02-04 16:00:00,9777638.1,3248619.37873757,9840747.635416666,3168670.985491337,1.47315436,1.191773,1.23859316,1.435743,48
2026-02-04 20:00:00,9628266.7,3167699.7443,9632983.049999999,3166565.707956884,1.41828479,1.187161,1.22885338,1.981224,48
2026-02-05 00:00:00,9519422.1,3082263.21960828,9572403.485106383,3130061.651070616,1.39651071,1.231782,1.212529,1.115796,47
2026-02-05 04:00:00,9581283.2,3042271.74930518,9535945.327083332,3041930.4316473473,1.43203883,1.224597,1.23377234,0.527304,48
2026-02-05 08:00:00,9608227.9,3002727.06420654,9610481.608333332,3048566.955147926,1.41067098,1.156211,1.23160892,1.115891,48
2026-02-05 12:00:00,9987283.6,2980600.42330638,9727843.377083333,3003421.81956245,1.46786632,1.139477,1.25237381,0.795999,48
2026-02-05 16:00:00,10086380.0,2904877.44,10019251.135416666,2934781.888312492,1.38537387,1.154525,1.19931607,1.068023,48
2026-02-05 20:00:00,9847679.5,2748328.50537967,9869171.643749999,2775579.185314548,1.32636656,1.187453,1.13743393,0.500006,48
2026-02-06 00:00:00,9689174.8,2698774.78737674,9795185.942553192,2735352.944756713,1.18923199,1.111377,1.0514813,0.880363,47
2026-02-06 04:00:00,10271232.0,2819188.49435136,9952791.0,2764430.606640388,1.23665339,1.187003,1.08134437,0.876751,48
2026-02-06 08:00:00,10272679.1,2922094.07985193,10254576.939583333,2867289.555238297,1.12745812,1.17027,1.02334096,1.136511,48
2026-02-06 12:00:00,10546092.0,3074876.587026,10435561.216666667,2993119.7760429657,1.11828737,1.073853,1.01579422,0.652234,48
2026-02-06 16:00:00,10594135.8,3173363.62364311,10514141.893749999,3134740.7959646075,1.07659574,1.020531,0.96870926,1.101163,48
2026-02-06 20:00:00,10350741.9,3104706.48200887,10447467.19375,3129175.004567729,1.05222301,1.00699,0.94188549,1.119397,48
2026-02-07 00:00:00,10431138.0,3144988.107,10491856.29787234,3132587.849138278,1.06115358,1.070461,0.93056732,0.863726,47
2026-02-07 04:00:00,10234439.1,3024672.31512122,10288951.429166667,3101136.301201368,1.05661713,1.023521,0.94434783,0.833988,48
2026-02-07 08:00:00,10168402.2,2969173.4424,10211645.416666666,2990478.2036871794,1.10139603,1.032195,0.97491039,0.849615,48
2026-02-07 12:00:00,10042323.8,2992612.4924,10004353.30625,2980673.4997561187,1.20416333,1.010273,1.07194592,0.043626,48
2026-02-07 16:00:00,9856721.9,2932388.07182457,9893626.345833333,2966343.2823836077,1.25864909,1.021274,1.07542579,1.774257,48
2026-02-07 20:00:00,9924992.6,2923178.59324998,9934886.981250001,2938539.032061188,1.2497979,1.022729,1.04732608,3.649198,48
2026-02-08 00:00:00,9893492.2,2912243.02150621,9893492.2,2912243.02150621,1.25080906,1.020241,1.05021317,0.064326,1
2026-02-08 04:00:00,9754133.3,2853040.97452215,9783157.389583332,2868679.190262085,1.19349845,1.044684,1.06220547,0.038493,48
2026-02-08 08:00:00,9763894.7,2855912.83723431,9806485.706249999,2864792.657209544,1.20077519,1.047682,1.03612784,1.288728,48
2026-02-08 12:00:00,9708456.1,2820259.31395335,9741274.389583332,2848515.709202179,1.16465257,1.036686,0.97681676,1.759862,48
2026-02-08 16:00:00,9731260.6,2827178.76756966,9687865.166666666,2797613.914334981,1.18683002,1.045163,0.98783236,3.475565,48
2026-02-08 20:00:00,9756416.1,2829360.669,9720357.700000001,2810603.059221964,1.20604183,1.014569,1.02017423,1.132868,48
2026-02-09 00:00:00,9718334.9,2803739.61865,9718334.9,2803739.61865,1.1953668,1.017001,1.01880734,0.718529,1
2026-02-09 04:00:00,9442518.6,2743110.38576569,9538515.9125,2788887.9661793774,1.1018315,1.015215,0.96938776,0.308682,48
2026-02-09 08:00:00,9188722.7,2590895.16382701,9276627.808333334,2655905.3073866586,1.12883895,1.007217,0.95246557,3.139854,48
2026-02-09 12:00:00,9152872.3,2618430.6423458,9180054.789583333,2606737.929189714,1.14730448,1.013137,0.99134791,0.97183,48
2026-02-09 16:00:00,9312579.8,2764920.21525087,9256731.822916666,2711749.5854516192,1.15354638,1.052014,1.02719466,1.221541,48
2026-02-09 20:00:00,9019316.9,2624185.22412105,9098415.520833334,2663963.624958006,1.24798061,0.962563,1.14070352,0.035902,48
2026-02-10 00:00:00,8988511.4,2547984.38242702,9022386.223404255,2607480.176344772,1.307173,0.997786,1.1955836,0.419811,47
2026-02-10 04:00:00,9043946.9,2536990.89132836,9014613.1,2539305.8853195407,1.2001576,1.057962,1.02867889,0.957771,48
2026-02-10 08:00:00,9215995.5,2611617.19263567,9201352.708333334,2605284.2210223307,1.22398729,1.036443,1.04779934,1.013976,48
2026-02-10 12:00:00,9387069.1,2712383.76002245,9280738.585416667,2662182.9442809364,1.25651466,1.043414,1.16353479,6.789319,48
2026-02-10 16:00:00,9357519.6,2647307.61032681,9428751.333333334,2708430.5976264663,1.26845093,1.047003,1.15977823,0.037199,48
2026-02-10 20:00:00,9533196.3,2697894.5529,9499408.44375,2673471.294914623,1.23968254,1.073173,1.12795276,1.104357,48
2026-02-11 00:00:00,9787572.4,2745102.81339768,9742388.902127659,2762612.721716909,1.25321543,1.110992,1.10474792,0.751508,47
2026-02-11 04:00:00,9531710.7,2587905.779164,9744628.729166666,2694571.8427508133,1.33164129,1.08522,1.21493333,1.693421,48
2026-02-11 08:00:00,9765952.5,2666105.0325,9709823.602083333,2638006.684413999,1.29200653,1.096964,1.15294715,2.374574,48
2026-02-11 12:00:00,9877927.5,2693325.49129823,9736633.862499999,2665691.905191161,1.2606255,1.112396,1.1158206,1.264266,48
2026-02-11 16:00:00,9862314.0,2761447.92,9838098.345833333,2724756.7586677084,1.21147799,1.060645,1.05057252,1.402891,48
2026-02-11 20:00:00,9863877.6,2766762.52772422,9914728.391666668,2788537.309031776,1.25260626,1.093467,1.08860759,0.37673,48
2026-02-12 00:00:00,9844095.7,2751460.48221739,9805646.110638298,2754512.136832315,1.25867508,1.093169,1.08973129,0.519139,47
2026-02-12 04:00:00,9898397.5,2850738.48,9896235.404166667,2812438.987059625,1.16877323,1.131544,1.03259871,4.722003,48
2026-02-12 08:00:00,9412887.0,2701498.569,9635063.129166666,2758753.0219080797,1.25136187,1.131214,1.12951372,0.018381,48
2026-02-12 12:00:00,9630112.9,2739189.313276,9519772.84375,2713768.4905891563,1.30887097,1.140565,1.10412668,0.952722,48
2026-02-12 16:00:00,9592560.0,2742559.5238416,9605670.61875,2730756.468559424,1.28432956,1.104771,1.14469136,0.034181,48
2026-02-12 20:00:00,9743777.0,2801246.34218937,9669742.533333333,2749046.8376443274,1.23787167,1.133405,1.11492033,0.843224,48
2026-02-13 00:00:00,9745346.6,2802800.27373254,9745346.6,2802800.27373254,1.23865415,1.133663,1.11486486,3.503898,1
2026-02-13 04:00:00,9435638.7,2670285.7521,9619392.002083333,2719012.4993530726,1.29019293,1.126175,1.15089641,4.543754,48
2026-02-13 08:00:00,9717502.5,2788923.2175,9664028.897916667,2764206.1811626614,1.28489796,1.141948,1.15140845,1.550787,48
2026-02-13 12:00:00,9468817.7,2779172.23048077,9608425.0,2776527.0921922005,1.38392857,1.067594,1.26751947,0.46828,48
2026-02-13 16:00:00,9393579.5,2800952.17264535,9448496.081249999,2815981.121105013,1.40217391,1.051333,1.26450893,96.041375,48
2026-02-13 20:00:00,9754857.1,2921393.38367939,9594192.614583334,2877828.9013833734,1.43263061,1.058867,1.29225551,5.430121,48
2026-02-14 00:00:00,9762927.3,2928878.19,9762927.3,2928878.19,1.43394495,1.058606,1.2942841,11.358536,1
2026-02-14 04:00:00,9502462.8,2831733.9144,9438430.454166668,2803618.0731020495,1.59011628,1.054312,1.41033254,81.753332,48
2026-02-14 08:00:00,9732698.7,2956414.19248371,9568000.966666667,2875001.710709316,1.5890411,1.088723,1.42874469,3.331268,48
2026-02-14 12:00:00,9593902.8,2921343.4026,9545781.614583334,2890178.985602491,1.59607843,1.097692,1.40191388,1.258694,48
2026-02-14 16:00:00,9686165.2,3041455.48535339,9585911.435416667,2956349.579052532,1.57394711,1.127467,1.33605601,0.555678,48
2026-02-14 20:00:00,9653670.9,3011945.3208,9658007.970833333,3018409.0281642335,1.60059172,1.134432,1.43065693,0.216036,48
2026-02-15 00:00:00,9314795.7,2878271.8713,9463834.831914894,2920675.238842,1.68362157,1.14366,1.42474101,0.617884,47
2026-02-15 04:00:00,9437134.9,2934311.47543751,9432776.610416668,2925385.0725275036,1.71413934,1.173381,1.45892526,0.05845,48
2026-02-15 08:00:00,9360716.0,2841524.25263588,9392360.6,2873023.61154562,1.67472306,1.171021,1.38098086,0.623841,48
2026-02-15 12:00:00,9367478.6,2749438.52700911,9334984.185416667,2762919.833665338,1.7371134,1.167807,1.45610804,1.107591,48
2026-02-15 16:00:00,9568491.0,2736588.426,9523535.029166667,2754078.1702810326,1.78909465,1.200657,1.41224971,0.335087,48
2026-02-15 20:00:00,9515626.0,2754827.77575568,9564638.977083333,2753977.585455845,1.63232514,1.18129,1.30491803,2.283964,48
2026-02-16 00:00:00,9810363.9,2883932.17202245,9599672.968085106,2799881.6540816105,1.5559667,1.217872,1.29929001,0.130299,47
2026-02-16 04:00:00,9696970.0,2830048.1854087,9821705.045833332,2876373.825607674,1.49865712,1.223513,1.25239617,0.675261,48
2026-02-16 08:00:00,9781601.3,2894205.62480738,9839320.910416666,2890726.860213548,1.44609991,1.186081,1.19875454,4.76415,48
2026-02-16 12:00:00,9673398.8,2810153.69321211,9753026.652083334,2913444.996054335,1.52737226,1.150483,1.291939,0.609429,48
2026-02-16 16:00:00,9871511.9,2926833.88162134,9714646.05625,2848096.809088091,1.45349867,1.217081,1.23842469,0.379581,48
2026-02-16 20:00:00,9716406.6,2879381.59943072,9765365.225,2893507.2895056824,1.51981567,1.213251,1.30284439,0.496348,48
2026-02-17 00:00:00,9591520.8,2823654.52237656,9667293.525531914,2859339.086886862,1.50822669,1.205596,1.32843414,0.225059,47
2026-02-17 04:00:00,9679006.9,2850546.02879596,9643269.022916667,2837337.530519131,1.4714795,1.181739,1.32808104,0.056847,48
2026-02-17 08:00:00,9876335.4,2898464.24742307,9715810.424999999,2841862.920815745,1.51733577,1.224688,1.3445522,1.503716,48
2026-02-17 12:00:00,9683159.4,2822348.53368612,9570661.883333333,2794021.511500688,1.53796889,1.176652,1.3403171,0.415943,48
2026-02-17 16:00:00,9590942.3,2834076.83767042,9627549.552083334,2852856.930313704,1.48282098,1.165619,1.31632653,0.337632,48
2026-02-17 20:00:00,9667296.0,2866615.44106752,9636333.356250001,2854481.325127668,1.46684588,1.199011,1.26906077,1.185379,48
2026-02-18 00:00:00,9638929.8,2858255.27619341,9638929.8,2858255.27619341,1.46684588,1.197801,1.27282789,1.285623,1
2026-02-18 04:00:00,11021088.6,3515727.2634,9878487.083333334,2985226.267809752,1.48810573,1.217994,1.2731681,1.092108,48
2026-02-18 08:00:00,11552921.8,3662276.2106,11656422.514583334,3636864.181921823,1.48986486,1.155187,1.3585209,0.733948,48
2026-02-18 12:00:00,12112545.3,3791226.6789,12021798.991666667,3776387.9918359253,1.49069374,1.146326,1.36450079,0.550454,48
2026-02-18 16:00:00,11774785.1,3495774.73659115,11833714.606250001,3593144.592554972,1.71400588,1.16965,1.48534584,1.78721,48
2026-02-18 20:00:00,11828431.1,3506880.47782241,11889074.960416667,3549964.7580721737,1.73678963,1.096104,1.52409639,14.060658,48
2026-02-19 00:00:00,11930585.9,3603036.9418,11923377.163829789,3557690.270306516,1.63601162,1.079959,1.47146254,5.141957,47
2026-02-19 04:00:00,11978409.2,3761220.4888,11931227.341666667,3677597.448820593,1.54520037,1.05673,1.42898719,0.792991,48
2026-02-19 08:00:00,11646951.7,3578414.2155582,11804211.981250001,3614901.7363246847,1.54502814,1.018153,1.46884453,0.31309,48
2026-02-19 12:00:00,15319332.8,4932825.1616,12790263.397916667,4016906.3470691014,1.52344416,1.177266,1.44444444,0.899238,48
2026-02-19 16:00:00,16703653.0,5545612.796,17292837.589583334,5753491.99762475,1.47604563,1.071222,1.4410058,0.87059,48
2026-02-19 20:00:00,17177169.8,5943300.7508,16970453.516666666,5771413.7761785835,1.36427076,1.095076,1.36257833,1.115446,48
2026-02-20 00:00:00,17173731.8,5879196.61024924,17173731.8,5879196.61024924,1.35714286,1.103122,1.35787595,0.887005,1
2026-02-20 04:00:00,17933837.8,7031206.62372948,17229354.243750002,6342769.200892564,1.36162582,1.0782,1.38475976,1.106091,48
2026-02-20 08:00:00,17910156.6,6865747.13143595,18143943.129166666,6876658.207009251,1.32381496,1.015329,1.3273767,0.676897,48
2026-02-20 12:00:00,17749411.8,6381003.176629591,17754764.224999998,6500974.488856585,1.3622142,1.11364,1.29625468,1.246541,48
2026-02-20 16:00:00,17320729.6,6606772.33265408,17391247.741666667,6447514.522256627,1.23731778,1.152072,1.22038263,0.872075,48
2026-02-20 20:00:00,17123370.1,6723593.1538171,17211664.558333334,6628477.81558923,1.29772329,1.13551,1.30612999,0.938486,48
2026-02-21 00:00:00,16347110.1,6342678.7188,16340987.65106383,6252817.145500286,1.33313714,1.159278,1.31084607,1.31716,47
2026-02-21 04:00:00,15961682.5,6320826.27,16489310.831249999,6360937.303187865,1.33214073,1.19724,1.28911565,0.50152,48
2026-02-21 08:00:00,15728622.4,6118434.1136,15662198.833333334,6028236.9507727325,1.32934132,1.181658,1.26142322,0.773557,48
2026-02-21 12:00:00,16163674.1,6725016.0588566,15992544.075000001,6310311.248857317,1.26963048,1.188083,1.25186289,1.090709,48
2026-02-21 16:00:00,16220635.1,6640790.78379784,16569074.133333333,6827020.15013145,1.30016959,1.230594,1.29028738,0.736413,48
2026-02-21 20:00:00,16752951.4,6969227.7824,16826369.59375,7138182.094770261,1.35,1.237124,1.34604106,1.255651,48
2026-02-22 00:00:00,16802260.7,6963755.92305006,16802260.7,6963755.92305006,1.33906071,1.230493,1.33418554,1.324416,1
2026-02-22 04:00:00,17912335.0,7738128.72,16654845.40625,6922503.926411725,1.27625821,1.234525,1.26734054,2.200858,48
2026-02-22 08:00:00,17304564.7,6955109.99888092,17103497.045833334,7084662.037683639,1.47215496,1.283846,1.44656489,0.415695,48
2026-02-22 12:00:00,16998490.9,6801586.27558265,17030015.620833334,6936478.901789577,1.37091121,1.232807,1.33753709,0.523578,48
2026-02-22 16:00:00,16204154.2,6643703.222,16582175.25,6714193.271146775,1.25766175,1.146856,1.21580657,3.002855,48
2026-02-22 20:00:00,16113586.4,6920857.8699388,16216883.122916667,6723500.964357566,1.25694838,1.098789,1.26109467,0.655017,48
2026-02-23 00:00:00,16124684.0,6917489.436,16124684.0,6917489.436,1.26279863,1.109066,1.26436782,0.804656,1
2026-02-23 04:00:00,16425909.0,6957843.40165095,16526715.512500001,6820057.959062205,1.29043684,1.186409,1.27171407,1.147452,48
2026-02-23 08:00:00,16094836.1,6631072.4732,16377279.543750001,6801176.48889109,1.30311948,1.219906,1.2662116,0.251969,48
2026-02-23 12:00:00,16399942.1,6498979.38735152,16153440.387500001,6486088.128314455,1.21906924,1.179582,1.17321101,0.87155,48
2026-02-23 16:00:00,16849479.5,6655544.4025,16611983.208333334,6566946.842062642,1.23010876,1.151225,1.18037624,0.909699,48
2026-02-23 20:00:00,15743424.8,5880406.88851448,16239789.985416666,6238497.154441283,1.31818182,1.070036,1.24422701,1.255228,48
2026-02-24 00:00:00,15806955.9,5656409.468541049,15595307.757446809,5740704.51369884,1.3635228,1.05916,1.26696284,1.054168,47
2026-02-24 04:00:00,15450118.8,5399348.84550392,15584832.677083334,5543904.813612848,1.319202,1.06146,1.24826743,1.157933,48
2026-02-24 08:00:00,14940435.9,5169390.8214,15350210.706249999,5321969.370457207,1.2294686,1.088202,1.09360731,0.928793,48
2026-02-24 12:00:00,14391908.3,5008384.0884,14598855.345833333,5063324.459185979,1.33076429,1.114326,1.20738636,0.592969,48
2026-02-24 16:00:00,14961157.4,5658451.261229,14744722.889583334,5437353.285345822,1.18043742,1.095998,1.13189448,0.573863,48
2026-02-24 20:00:00,14998063.5,5391914.21399736,15085072.206249999,5470487.018616151,1.33618985,1.139309,1.22339083,0.242687,48
2026-02-25 00:00:00,15050953.1,5440919.54565,15050953.1,5440919.54565,1.3287311,1.135278,1.21881562,2.468493,1
2026-02-25 04:00:00,14737365.3,5367621.96775997,14851366.597916668,5404651.481722749,1.25895141,1.08941,1.16611842,1.732228,48
2026-02-25 08:00:00,14528439.4,5317408.8204,14636249.847916668,5319534.524951444,1.22446406,1.109843,1.12370311,1.352602,48
2026-02-25 12:00:00,14915349.9,5645472.01858342,14562638.004166668,5429730.653976348,1.20646766,1.189658,1.07897749,0.203194,48
2026-02-25 16:00:00,14583624.6,5461543.78722815,14872353.15,5590525.87948331,1.10768335,1.186788,0.95755045,1.136057,48
2026-02-25 20:00:00,14586737.5,5324159.1875,14583913.454166666,5466003.237551508,1.05156951,1.154183,0.92590075,1.329825,48
2026-02-26 00:00:00,14437794.3,5290963.902258551,14575959.270212768,5352086.479835523,1.0567806,1.230884,0.90972685,1.094761,47
2026-02-26 04:00:00,14143688.8,5099570.92631338,14315354.814583333,5203494.817498987,1.03229279,1.244458,0.86585366,1.217575,48
2026-02-26 08:00:00,13783180.4,5023753.13553133,13911924.21875,5085279.95604997,0.9380805,1.307819,0.80548628,1.071507,48
2026-02-26 12:00:00,13195978.6,4677087.64393808,13579318.5625,4895623.552935142,0.88743719,1.321309,0.75959781,0.993529,48
2026-02-26 16:00:00,13046479.6,4533997.2622446,13092885.579166666,4562308.468287342,0.8856999,1.448682,0.74902197,0.288295,48
2026-02-26 20:00:00,12913891.1,4426253.09172234,12943461.160416668,4441731.129759746,0.88785047,1.539615,0.73845704,7.210155,48
2026-02-27 00:00:00,12944945.4,4428807.56789856,12944945.4,4428807.56789856,0.88741396,1.542322,0.73853345,6.140771,1
2026-02-27 04:00:00,13057614.3,4583222.6193,13002238.302083334,4555845.645561915,0.82059497,1.593434,0.69410793,3.677162,48
2026-02-27 08:00:00,12879203.2,4385163.26630896,12991935.120833332,4498932.527309709,0.80404494,1.675163,0.6757047,0.175292,48
2026-02-27 12:00:00,12917183.0,4372368.662424689,12874210.689583333,4353320.5345080355,0.81925522,1.679684,0.67992525,1.366452,48
2026-02-27 16:00:00,12854205.9,4248315.04995,12846612.6,4268421.110887281,0.81834532,1.673781,0.6884343,16.162709,48
2026-02-27 20:00:00,12718650.3,4178076.62355,12803330.452083334,4208836.84758182,0.80455154,1.707416,0.65710627,1.131322,48
2026-02-28 00:00:00,12740091.0,4185550.8907785295,12725955.425531914,4195020.861493962,0.78608924,1.781489,0.65604451,3.482289,47
2026-02-28 04:00:00,12527842.8,4021437.5388,12704341.577083334,4154421.3524510055,0.79830433,1.711901,0.65263963,0.491868,48
2026-02-28 08:00:00,12564688.1,3938931.2121953,12593916.433333332,3963052.149527835,0.84007353,1.696901,0.6691042,2.401792,48
2026-02-28 12:00:00,12498202.3,3855690.9101971695,12526426.235416666,3921978.894636369,0.84478022,1.671437,0.66364812,4.99328,48
2026-02-28 16:00:00,12596592.2,3976953.1350046,12626789.481250001,3914413.2918281206,0.80884956,1.717238,0.64033108,0.447726,48
2026-02-28 20:00:00,12699276.0,4069956.6771948,12633032.827083334,4030527.6227365956,0.77716233,1.722568,0.61638869,0.671909,48
2026-03-01 00:00:00,12702592.2,4121991.1689,12571221.6893617,4055134.684534568,0.75309661,1.765492,0.58463329,0.168828,47
2026-03-01 04:00:00,12783855.7,4167536.9582,12722608.408333333,4133982.6160597918,0.7409663,1.743119,0.57777778,0.678987,48
2026-03-01 08:00:00,12968869.5,4170122.47975118,12847738.799999999,4120458.9781799763,0.71770335,1.684568,0.55431381,1.245419,48
2026-03-01 12:00:00,12892040.2,4123588.2882258706,12947514.689583333,4137590.736021077,0.69719408,1.717016,0.55447082,0.534356,48
2026-03-01 16:00:00,12934245.4,4009331.2619162896,12836221.597916668,4037652.808828905,0.67891313,1.711221,0.51894102,0.154984,48
2026-03-01 20:00:00,12789448.8,3971206.8559227106,12829213.802083334,3973036.252372423,0.67803756,1.732567,0.51512551,0.170278,48
2026-03-02 00:00:00,12774367.7,3966337.5707279504,12774367.7,3966337.5707279504,0.67816092,1.73328,0.51577592,1.115959,1
2026-03-02 04:00:00,12594462.5,3885391.68125,12565329.704166666,3899818.12678531,0.66779789,1.79084,0.51502328,1.063261,48
2026-03-02 08:00:00,12727224.8,3939073.78469954,12408419.189583333,3840465.3271826548,0.66219239,1.727303,0.52267454,1.361542,48
2026-03-02 12:00:00,12857581.5,4127615.00137526,12757715.564583333,3960559.5710203345,0.64867841,1.726291,0.52,0.909088,48
2026-03-02 16:00:00,12833170.4,4119447.6984,12790126.079166666,4115854.6642935774,0.63367421,1.737928,0.50725238,1.119864,48
2026-03-02 20:00:00,12675565.0,3923197.0111372494,12715733.058333332,4017836.6818010644,0.65731167,1.775874,0.5247691,0.896067,48
2026-03-03 00:00:00,12675022.6,3929257.006,12675022.6,3929257.006,0.65657312,1.774668,0.52584034,0.262133,1
2026-03-03 04:00:00,13140846.2,4086803.1682,13095854.510416666,4064328.6393890115,0.64073806,1.75331,0.51364562,1.619078,48
2026-03-03 08:00:00,12978017.5,3900750.1590041295,13085749.69375,3962723.6191718276,0.65801024,1.775368,0.51428571,1.350177,48
2026-03-03 12:00:00,13131033.6,4018096.2816,13110758.666666666,3963129.20358541,0.66065513,1.709911,0.51430908,0.778769,48
2026-03-03 16:00:00,12978171.1,3983351.5105548305,12976113.03125,4007543.3753228034,0.65754438,1.763343,0.50869298,1.520956,48
2026-03-03 20:00:00,12735214.8,3954284.1954,12844091.135416666,3951838.8851120467,0.66046165,1.748873,0.51849556,0.805571,48
2026-03-04 00:00:00,12633635.1,3929019.4567859294,12701814.429787235,3938766.9892581017,0.64848931,1.728731,0.50524368,21.872855,47
2026-03-04 04:00:00,12669321.7,4022559.8102639294,12614099.229166666,3940873.469595887,0.64243542,1.777182,0.50290456,1.014511,48
2026-03-04 08:00:00,12744102.7,4218297.9937,12764805.393749999,4256935.483612728,0.65149834,1.715411,0.51959757,1.068471,48
2026-03-04 12:00:00,12779605.6,4415478.080362489,12869178.558333332,4339153.377731213,0.67532468,1.767919,0.54725179,0.889099,48
2026-03-04 16:00:00,12619357.8,4252723.5786,12762805.608333334,4359953.185682086,0.71570182,1.787386,0.58312655,2.400785,48
2026-03-04 20:00:00,12528597.8,4139338.58674534,12600573.293750001,4191687.70518156,0.72342995,1.832181,0.58623853,0.607556,48
2026-03-05 00:00:00,12524534.1,4145620.7871,12524534.1,4145620.7871,0.7224457,1.832057,0.58719596,1.0189,1
2026-03-05 04:00:00,12332962.9,4088360.55185009,12495385.191666668,4143132.434795845,0.74394748,1.81549,0.61955746,0.524434,48
2026-03-05 08:00:00,12522945.7,4151309.1628152495,12466377.935416667,4157923.7227032348,0.7756221,1.840965,0.61910462,3.129889,48
2026-03-05 12:00:00,12442978.8,4124847.4722,12493780.295833334,4155342.6578568965,0.765625,1.825738,0.6128414,1.329994,48
2026-03-05 16:00:00,12220975.1,4020700.8079,12307559.341666667,4036829.5939871934,0.78223372,1.89446,0.60549133,0.512468,48
2026-03-05 20:00:00,12064974.9,3951200.6161136497,12124530.641666666,3983260.5376267103,0.79885815,1.9424,0.60948905,0.298363,48
2026-03-06 00:00:00,11959754.5,3986066.3381099105,12101627.908510638,4032154.7061513,0.80195817,1.976776,0.62943528,0.266721,47
2026-03-06 04:00:00,11941274.0,3934649.783,11990711.945833333,3950320.275988391,0.80287382,1.994824,0.62623199,1.303231,48
2026-03-06 08:00:00,11833896.0,3786846.72,11907374.43125,3857241.2937045563,0.78245459,2.059974,0.60094246,1.259626,48
2026-03-06 12:00:00,11977526.9,3760943.4466,11945263.96875,3809976.4845663984,0.78845306,2.069589,0.5998528,0.591115,48
2026-03-06 16:00:00,11854227.8,3752023.24931758,11907803.65625,3764291.083347279,0.77229021,2.113031,0.59242979,2.646789,48
2026-03-06 20:00:00,11695323.8,3736738.1722263102,11833122.277083332,3759915.03278897,0.77374179,2.128072,0.59921511,1.592041,48
2026-03-07 00:00:00,11657056.2,3764992.0480768895,11663732.74893617,3741609.1279664706,0.76970771,2.110215,0.61022444,0.170866,47
2026-03-07 04:00:00,11459509.1,3626789.0943844304,11496974.018749999,3664559.4840608076,0.79004038,1.99741,0.62055933,3.051537,48
2026-03-07 08:00:00,11415039.8,3601311.04433275,11432871.49375,3607768.5683757965,0.78921348,1.978491,0.62620132,1.723589,48
2026-03-07 12:00:00,11247694.5,3492413.19142002,11324004.206249999,3550033.358849623,0.79873646,1.967738,0.63608563,2.898483,48
2026-03-07 16:00:00,11230893.8,3509576.37009703,11248012.827083334,3517977.3091552053,0.77196837,2.016756,0.60748822,0.159766,48
2026-03-07 20:00:00,11074248.3,3410868.4764,11170421.897916667,3470868.733303061,0.79884032,2.155844,0.6232791,11.831652,48
2026-03-08 00:00:00,11116511.2,3366032.45735251,11165038.819148935,3402089.196842984,0.77642453,2.065791,0.61947121,0.248172,47
2026-03-08 04:00:00,11266937.2,3497053.14997794,11123312.793750001,3400032.5049927034,0.76599399,2.084214,0.60876979,0.062649,48
2026-03-08 08:00:00,11375315.3,3492221.7971,11275736.847916668,3464089.360857719,0.77274669,2.0012,0.61197979,0.456677,48
2026-03-08 12:00:00,11492136.8,3453489.96302436,11384419.741666667,3468516.0266415267,0.74149378,2.040431,0.59279322,0.30635,48
2026-03-08 16:00:00,11450966.2,3498270.1741,11434851.691666668,3455791.6393428133,0.72444808,2.013033,0.57241697,0.081059,48
2026-03-08 20:00:00,11651665.6,3512926.84320461,11531273.183333332,3496491.096913937,0.73244011,1.897767,0.58835711,1.767876,48
2026-03-09 00:00:00,11684911.8,3523000.9077,11684911.8,3523000.9077,0.73184584,1.900276,0.58831647,1.183606,1
2026-03-09 04:00:00,11715935.2,3684661.6204,11810508.1875,3728890.4084670036,0.68670886,1.929988,0.54363922,0.637949,48
2026-03-09 08:00:00,11904769.3,3718393.5003408,11872039.572916666,3725624.4397096355,0.70901804,2.0117,0.55771842,0.689773,48
2026-03-09 12:00:00,11552567.1,3667940.05425,11759722.064583333,3730119.4415162182,0.71111111,1.900906,0.56956522,0.521804,48
2026-03-09 16:00:00,11747691.3,3748381.9140409,11661943.86875,3725738.7237636675,0.69376258,1.843213,0.55418944,0.934554,48
2026-03-09 20:00:00,11559491.2,3588930.37163702,11653103.022916667,3688649.8533998453,0.73005374,1.849857,0.58873239,0.343212,48
2026-03-10 00:00:00,11609357.1,3598900.701,11517113.44255319,3600786.0175234573,0.74369574,1.851459,0.58823529,1.124558,47
2026-03-10 04:00:00,11692123.6,3639951.46440434,11657806.229166666,3639851.2644685167,0.72860636,1.844592,0.58711162,2.742439,48
2026-03-10 08:00:00,11735974.1,3702852.04413408,11764964.831249999,3708115.874225341,0.71687475,1.768063,0.57253297,0.240156,48
2026-03-10 12:00:00,11675635.7,3701744.53657681,11758478.170833334,3699836.1822246085,0.70866774,1.738885,0.56653135,4.365786,48
2026-03-10 16:00:00,11775326.3,3668014.14245,11686510.477083333,3688297.215374445,0.71212724,1.740297,0.57126899,2.151847,48
2026-03-10 20:00:00,11796409.8,3693315.64906748,11765371.31875,3673162.8794186343,0.70248913,1.744683,0.56770601,1.220324,48
2026-03-11 00:00:00,11807605.4,3688818.25375194,11807605.4,3688818.25375194,0.70316206,1.735511,0.56885027,0.054151,1
2026-03-11 04:00:00,11765793.3,3656537.4737623697,11787474.241666667,3646849.0256005074,0.69956573,1.705959,0.54579316,1.701356,48
2026-03-11 08:00:00,11683755.6,3575021.8269381,11675023.825000001,3596365.605518633,0.70485974,1.696598,0.55389353,1.902046,48
2026-03-11 12:00:00,11715238.4,3655154.3808,11737679.539583333,3665820.5634302846,0.68383799,1.729296,0.55802579,4.32875,48
2026-03-11 16:00:00,11606907.0,3656175.705,11606434.395833334,3620561.4198505995,0.68546808,1.813471,0.55730088,28.78749,48
2026-03-11 20:00:00,11455339.8,3653467.44533632,11580375.683333332,3666543.7483117315,0.66423077,1.825853,0.54091207,0.676688,48
2026-03-12 00:00:00,11452174.1,3652624.4333681506,11452174.1,3652624.4333681506,0.66372022,1.826957,0.54055822,2.417521,1
2026-03-12 04:00:00,11265244.1,3548551.8915,11331575.291666666,3564222.6933613657,0.68686474,1.912962,0.55545677,3.943076,48
2026-03-12 08:00:00,11179532.1,3533068.20033493,11308802.454166666,3588378.398493716,0.69088767,1.83861,0.55888939,0.538964,48
2026-03-12 12:00:00,10932968.7,3443885.1405,11103797.93125,3504850.5030995235,0.68740095,1.859699,0.55220522,0.982997,48
2026-03-12 16:00:00,11104422.5,3475684.2425,11015333.893749999,3443822.440517846,0.69384492,1.832722,0.56038976,2.391364,48
2026-03-12 20:00:00,11123403.2,3492748.6048,11104105.25,3463612.1390117095,0.67021277,1.787248,0.54821308,0.515272,48
2026-03-13 00:00:00,11066821.9,3585650.2956,11102572.331914894,3527846.9323546453,0.66705975,1.762717,0.5420748,0.275014,47
2026-03-13 04:00:00,11008708.5,3500769.303,11084394.2875,3544035.475673212,0.68181818,1.780166,0.55618231,1.125267,48
2026-03-13 08:00:00,11074537.3,3543851.936,11091857.725,3535668.4003378334,0.72538649,1.768548,0.59332566,0.899101,48
2026-03-13 12:00:00,11135515.6,3595079.27449427,11153521.127083333,3602734.6675553895,0.73008667,1.766039,0.5876098,0.612358,48
2026-03-13 16:00:00,11002567.9,3476332.95472203,11026705.985416668,3507175.991032018,0.73710483,1.9131,0.58190255,1.382785,48
2026-03-13 20:00:00,10856926.5,3393347.03442578,10913890.235416668,3429173.661622122,0.74832215,1.942724,0.57839963,0.258209,48
2026-03-14 00:00:00,10984311.7,3432668.69443293,10963773.14680851,3423412.7101684087,0.71634417,1.940909,0.55083976,2.825749,47
2026-03-14 04:00:00,10886052.9,3369243.16999761,10873033.495833334,3387986.20780265,0.73480433,1.95092,0.56047467,1.18953,48
2026-03-14 08:00:00,10977255.4,3391971.9186,10932351.96875,3379399.357591996,0.72607261,1.855809,0.56787588,1.806656,48
2026-03-14 12:00:00,10969036.3,3367494.1441,10924182.50625,3359556.1308657755,0.73601326,1.889137,0.57434733,4.825629,48
2026-03-14 16:00:00,10959429.2,3348188.58347904,10899148.485416668,3352351.889463307,0.74698795,1.951638,0.59550562,0.091691,48
2026-03-14 20:00:00,10994164.5,3368485.56990825,10892131.81875,3314497.134918558,0.75113683,1.833444,0.59098119,1.771075,48
2026-03-15 00:00:00,10992465.3,3368239.8761262,10992465.3,3368239.8761262,0.75113683,1.832307,0.59156845,1.046547,1
2026-03-15 04:00:00,10767911.7,3418811.96475,10745204.28125,3360815.341543392,0.70477746,1.870634,0.57391501,9.178879,48
2026-03-15 08:00:00,10959247.1,3523397.94265,10881254.627083333,3489503.182310113,0.70549898,1.873738,0.55429208,5.004542,48
2026-03-15 12:00:00,10893254.5,3480394.81275,10909318.277083334,3517834.3977246787,0.7378882,1.901428,0.56661424,0.51183,48
2026-03-15 16:00:00,10961615.8,3485793.8244,10976610.68125,3483180.056642826,0.74474348,1.870363,0.58172635,7.344646,48
2026-03-15 20:00:00,11064621.5,3529614.2585,11049501.793750001,3532737.527311618,0.7513883,1.758947,0.61416013,0.076523,48
2026-03-16 00:00:00,11051632.5,3578940.7758615,11003021.927659575,3520663.2197740306,0.75814155,1.78747,0.5991825,9.532237,47
2026-03-16 04:00:00,10855506.2,3522517.86177137,10819129.227083333,3518290.143972702,0.79667117,1.751409,0.64581744,18.665126,48
2026-03-16 08:00:00,10653710.6,3427844.80922536,10835274.866666667,3491122.432138367,0.81442831,1.792185,0.66060451,7.338716,48
2026-03-16 12:00:00,10621437.1,3399301.9362121,10579539.635416666,3400249.055236181,0.875,1.767092,0.67781234,3.024642,48
2026-03-16 16:00:00,10533542.4,3438474.67383898,10648880.702083332,3477516.100057244,0.84220355,1.838566,0.6546339,0.035052,48
2026-03-16 20:00:00,10438420.4,3444678.732,10595226.533333333,3497415.9542171243,0.86177312,1.760993,0.66311134,0.038162,48
2026-03-17 00:00:00,10293393.8,3360835.27861458,10326465.80212766,3397708.765374159,0.86939571,1.862834,0.65296443,52.612169,47
2026-03-17 04:00:00,10168793.2,3335364.1696,10270455.299999999,3338785.7498476524,0.85854136,1.840998,0.64757359,1.884329,48
2026-03-17 08:00:00,10211184.8,3405428.29278674,10246711.935416667,3376796.130656799,0.90793489,1.798032,0.70056022,16.538299,48
2026-03-17 12:00:00,10035381.6,3261499.02,10085443.933333334,3289790.2183983643,0.93078133,1.803398,0.71168831,49.599765,48
2026-03-17 16:00:00,9967009.8,3237315.38176009,9971493.935416667,3237563.3377831453,0.95432563,1.87813,0.7270318,0.481737,48
2026-03-17 20:00:00,9798799.7,3145414.7037,9938109.941666666,3238658.321872203,0.96413043,1.839772,0.74820359,0.165684,48
2026-03-18 00:00:00,10011321.9,3258533.70703643,9947836.770212766,3226053.46988564,0.98442714,1.83033,0.80138495,0.318022,47
2026-03-18 04:00:00,9885840.0,3232669.68,9931538.904166667,3246282.3123774505,0.9754738,1.79408,0.80235519,12.774005,48
2026-03-18 08:00:00,9719268.8,3084961.61937709,9849410.229166666,3226978.78348322,1.04259043,1.861207,0.82800659,0.935807,48
2026-03-18 12:00:00,9875112.1,3066243.63729214,9875431.237499999,3071772.1972872675,1.03536794,1.989878,0.79911139,1.169928,48
2026-03-18 16:00:00,9673475.4,2980570.34554114,9798080.920833332,3034403.036224084,1.0525101,2.011794,0.78812757,1.877399,48
2026-03-18 20:00:00,9695123.6,3034360.49103204,9646690.889583332,2999821.877806347,1.0315729,1.988802,0.79063884,1.338207,48
2026-03-19 00:00:00,9693436.9,3034045.7497,9693436.9,3034045.7497,1.0315729,1.989488,0.7905726,1.10433,1
2026-03-19 04:00:00,9720769.0,2989215.30293659,9789641.579166668,3017089.90115268,1.02895194,1.981939,0.80180762,0.291805,48
2026-03-19 08:00:00,9736860.2,2984500.32526794,9745827.839583334,3004743.5653544147,1.03805621,1.953631,0.79120879,9.478754,48
2026-03-19 12:00:00,9724009.9,3010183.7581836,9689096.577083332,2960233.106326387,1.05738195,1.973926,0.80019717,3.116064,48
2026-03-19 16:00:00,9608746.4,3002733.25,9703773.395833334,2990893.76173065,1.06860959,1.857625,0.81543624,0.855826,48
2026-03-19 20:00:00,10164222.6,3363993.19157756,9789012.3375,3169370.1119718165,0.99480969,1.740234,0.78302797,1.056453,48
2026-03-20 00:00:00,10053040.4,3279933.91366035,10163589.004255319,3325656.8127202685,1.06253722,1.71992,0.84759987,0.921087,47
2026-03-20 04:00:00,10067496.9,3282003.9894,9994799.0,3267075.147402126,1.08038977,1.756306,0.87134503,0.780584,48
2026-03-20 08:00:00,10076715.3,3284087.47065151,10058548.18125,3294310.526229283,1.11901763,1.797325,0.93275488,24.705163,48
2026-03-20 12:00:00,9892323.3,3160564.05614371,10020809.672916668,3242767.2637846037,1.26065688,1.796827,1.01780768,23.085171,48
2026-03-20 16:00:00,9914067.0,3136772.92706406,9893856.960416667,3139901.9361808505,1.36432351,1.768665,1.11834061,1.638216,48
2026-03-20 20:00:00,9822609.6,3138483.08992771,9826703.387500001,3126706.4601131603,1.32333083,1.779589,1.12973696,1.503654,48
2026-03-21 00:00:00,9750261.9,3066494.22353998,9782025.336170213,3095825.6824148777,1.36846154,1.783282,1.15499322,0.303333,47
2026-03-21 04:00:00,9670190.3,3011274.24436709,9727669.575000001,3056420.522009846,1.38337182,1.803218,1.16478044,0.543341,48
2026-03-21 08:00:00,9620145.9,2990171.74821431,9645140.5375,2998905.405335041,1.40185471,1.769223,1.16471119,0.03863,48
2026-03-21 12:00:00,9657052.8,2988633.41169293,9640770.387500001,2993370.6744278483,1.38278248,1.798185,1.1215859,7.242536,48
2026-03-21 16:00:00,9425956.9,2912620.6821,9510680.822916666,2941897.5116127976,1.44215531,1.760377,1.15723831,1.660658,48
2026-03-21 20:00:00,9464488.0,2856662.05937552,9482877.320833333,2916568.278365446,1.41544402,1.784815,1.13679654,0.663443,48
2026-03-22 00:00:00,9601042.2,2904315.2655,9586597.038297873,2892733.8285230873,1.29169675,1.707969,1.02073365,0.295959,47
2026-03-22 04:00:00,9554471.2,2879386.27061878,9570683.539583333,2897845.7621317604,1.25545391,1.851405,0.98681148,0.886981,48
2026-03-22 08:00:00,9591105.0,2834171.5275,9550326.064583333,2846811.022772832,1.11697394,1.828968,0.89058615,0.260468,48
2026-03-22 12:00:00,9673561.8,2867975.81267702,9648416.21875,2867325.402067444,1.09068476,1.846339,0.86998285,2.479093,48
2026-03-22 16:00:00,9739641.8,2823560.72680153,9749133.122916667,2845776.811523659,1.062954,1.923703,0.82384106,1.339249,48
2026-03-22 20:00:00,9968831.2,2841116.892,9812671.245833334,2825385.7830661233,1.01732102,1.807321,0.8118748,0.823301,48
2026-03-23 00:00:00,10362264.1,2958376.03994647,10229638.417021276,2936290.997887094,0.98004435,1.851811,0.78926007,0.903353,47
2026-03-23 04:00:00,10416818.6,2988633.69454649,10416551.418750001,2969643.690868515,0.94195953,1.800571,0.76661654,1.177116,48
2026-03-23 08:00:00,10454376.0,3141630.4183524,10482064.84375,3028507.341577649,0.89779874,1.706107,0.73440285,0.70875,48
2026-03-23 12:00:00,10324038.5,3045591.3575,10404436.34375,3097461.0142490026,0.90565032,1.770176,0.73957704,0.743337,48
2026-03-23 16:00:00,10288877.9,3107241.1258,10336261.525,3075475.588149825,0.93194292,1.747238,0.75908811,1.39945,48
2026-03-23 20:00:00,10318370.7,3115448.98496878,10350710.441666666,3118203.4911753014,0.9908046,1.823814,0.79522293,2.766187,48
2026-03-24 00:00:00,10299808.8,3119839.89500376,10299808.8,3119839.89500376,0.98737084,1.819201,0.7931254,24.359272,1
2026-03-24 04:00:00,10348298.1,3122861.69496376,10414702.529166667,3129202.946361994,1.17979798,1.869388,0.91759881,0.179843,48
2026-03-24 08:00:00,10251208.1,3074715.88630513,10201899.958333334,3055831.723487524,1.19423473,1.827393,0.93009931,0.14685,48
2026-03-24 12:00:00,10264223.5,3058738.603,10237415.402083334,3049182.875417467,1.21338912,1.718787,0.97588933,3.580668,48
2026-03-24 16:00:00,10266669.6,3044037.04439129,10333394.220833333,3047224.200619964,1.25808771,1.779499,1.01218027,0.999899,48
2026-03-24 20:00:00,10476066.2,3137581.8269,10448152.091666667,3123241.6834859126,1.24716714,1.762837,0.9781746,0.246254,48
2026-03-25 00:00:00,10478354.4,3137780.00410394,10478354.4,3137780.00410394,1.24716714,1.761953,0.97700238,0.177372,1
2026-03-25 04:00:00,10373775.7,3112601.60466164,10374511.977083333,3119519.95506406,1.24910523,1.820132,1.01622718,0.776547,48
2026-03-25 08:00:00,10664126.3,3193290.61340375,10464456.658333333,3134836.833601631,1.24125625,1.853124,1.01455133,1.448572,48
2026-03-25 12:00:00,10359705.9,3113147.66895892,10407453.889583332,3119425.154590854,1.23857143,1.836222,1.01374293,1.312078,48
2026-03-25 16:00:00,10272329.9,3081698.97,10378098.44375,3114970.5156412856,1.23474515,1.837886,1.02138158,0.733195,48
2026-03-25 20:00:00,10369721.9,3110916.57,10320868.708333334,3088891.1859902423,1.22861251,1.818273,1.00573066,2.489664,48
2026-03-26 00:00:00,10317427.2,3048983.80050125,10290577.240425533,3073304.369328085,1.29654157,1.867468,1.0488926,1.023625,47
2026-03-26 04:00:00,10278547.0,3014057.37883643,10241338.295833332,3012686.050271072,1.22237861,1.827341,1.01429155,20.187965,48
2026-03-26 08:00:00,10083605.3,2929340.88359414,10236861.25625,2997467.985392384,1.25343954,1.852144,0.99226699,1.368075,48
2026-03-26 12:00:00,10081592.0,2918836.1259892,10099861.614583334,2930410.8977308567,1.27518248,1.832971,0.98908209,18.652286,48
2026-03-26 16:00:00,10114390.5,2892715.683,10126842.514583332,2902743.390795084,1.28613139,1.808701,0.99597747,1.484122,48
2026-03-26 20:00:00,10299393.3,2940465.66380524,10223665.362499999,2935252.755292577,1.25263158,1.787941,0.98044583,5.266427,48
2026-03-27 00:00:00,10298403.6,2940292.16561824,10298403.6,2940292.16561824,1.25,1.78807,0.9785324,1.347084,1
2026-03-27 04:00:00,10128400.3,2977011.32781813,10172186.4625,2975254.9160835412,1.25124202,1.821518,0.98079185,3.774633,48
2026-03-27 08:00:00,9963882.4,2819778.7192,9942780.697916666,2870906.38169311,1.31571325,1.81444,1.03946839,0.842293,48
2026-03-27 12:00:00,10025483.6,2822287.42263886,9913506.885416666,2786379.3244282375,1.26536313,1.817115,1.0027248,0.334205,48
2026-03-27 16:00:00,10236567.9,2835529.3083,10180207.395833334,2826285.6501982748,1.22834117,1.813166,0.96464459,0.410125,48
2026-03-27 20:00:00,10283026.5,2833051.64326061,10248808.941666666,2840710.677965909,1.26369168,1.802738,0.99775617,3.128334,48
2026-03-28 00:00:00,10098332.6,2787139.7976,10167288.782978723,2802080.374220255,1.27198364,1.833481,0.99476048,0.059788,47
2026-03-28 04:00:00,10220384.0,2861707.52,10178103.25,2833241.6686426806,1.27402863,1.847669,1.00942329,0.672497,48
2026-03-28 08:00:00,10366491.2,2902617.536,10282950.070833333,2883788.315722451,1.28927336,1.808388,1.01555387,0.794735,48
2026-03-28 12:00:00,10105166.1,2849059.01857352,10249038.139583332,2893197.8825587486,1.32854062,1.897436,1.02174757,0.550586,48
2026-03-28 16:00:00,9888769.1,2786967.12304511,9987490.889583332,2812931.4916555122,1.4086758,1.866512,1.09323432,4.11702,48
2026-03-28 20:00:00,9766200.4,2695471.3104,9844175.125,2753492.256803108,1.46250987,1.90944,1.16812227,0.639863,48
2026-03-29 00:00:00,9741276.7,2688592.3692,9741276.7,2688592.3692,1.46756329,1.91175,1.175,1.704792,1
2026-03-29 04:00:00,9827446.7,2717289.01255,9709489.502083333,2689083.012179634,1.50742574,1.932528,1.19780722,0.371535,48
2026-03-29 08:00:00,9789005.2,2705131.28674797,9785968.629166666,2700813.396743373,1.5012285,1.89816,1.17919856,0.626741,48
2026-03-29 12:00:00,9849084.1,2742916.63830502,9762332.222916666,2701995.9049200504,1.38109992,1.782245,1.0848329,16.074038,48
2026-03-29 16:00:00,9839837.5,2720637.924424,9840649.825000001,2721961.144267372,1.42936951,1.793946,1.11305872,0.694362,48
2026-03-29 20:00:00,10007320.2,2737136.37293708,9934217.245833334,2737116.9161277413,1.46084829,1.792219,1.15072202,1.33274,48
2026-03-30 00:00:00,9992499.4,2737166.71967172,9992499.4,2737166.71967172,1.46367347,1.793579,1.1536376,0.516135,1
2026-03-30 04:00:00,10290246.8,2881269.104,10217513.502083333,2853099.1550479257,1.39952343,1.836007,1.11420983,0.671114,48
2026-03-30 08:00:00,10424204.9,2950049.9867,10362139.90625,2913965.3445214853,1.37292162,1.837653,1.07868132,0.354987,48
2026-03-30 12:00:00,10353041.6,2904028.1688,10403172.497916667,2922839.897582618,1.45781119,1.802386,1.16426245,0.375745,48
2026-03-30 16:00:00,10360200.0,2854223.910984,10353800.591666667,2887499.068632798,1.50724638,1.852876,1.20390662,1.745329,48
2026-03-30 20:00:00,10567733.9,2909176.45914886,10492047.49375,2898107.334461918,1.52214651,1.910783,1.21825963,0.335055,48
2026-03-31 00:00:00,10610925.1,2937980.74231176,10603069.306382978,2943855.0672333753,1.53700516,1.941931,1.18809074,1.112458,47
2026-03-31 04:00:00,10621111.9,2963633.70685885,10639145.104166666,2951928.143107269,1.51965812,1.919357,1.19371728,0.03267,48
2026-03-31 08:00:00,10520213.1,2926301.52907682,10508890.095833333,2918653.277990002,1.52946274,1.850896,1.20183486,0.834991,48
2026-03-31 12:00:00,10418950.7,2938083.25072791,10533364.408333333,2954037.6944089388,1.53512576,1.920613,1.22444012,10.074568,48
2026-03-31 16:00:00,10330915.9,2974442.07750478,10363445.460416667,2958546.484158125,1.54753521,1.909118,1.20740019,0.959145,48
2026-03-31 20:00:00,10206088.6,2924132.87068816,10290638.841666667,2947547.881657347,1.54401408,1.916817,1.21589794,0.240442,48
2026-04-01 00:00:00,10199527.6,3003501.70820368,10172890.978723405,2939190.5835287627,1.55760774,1.920753,1.24373119,3.821996,47
2026-04-01 04:00:00,10141029.7,2951039.6427,10170025.69375,2970369.8634611624,1.68007484,1.915682,1.4189264,0.543818,48
2026-04-01 08:00:00,10093301.8,2896317.16017188,10048789.958333334,2895760.0466781505,1.70717703,1.857487,1.39577543,0.620949,48
2026-04-01 12:00:00,10100223.9,2908864.4832,10075328.477083333,2890200.3020461183,1.98325893,1.87952,1.60126183,18.93014,48
2026-04-01 16:00:00,10153004.3,2898726.58862858,10163823.643749999,2918656.014760459,1.98539326,1.823035,1.59671302,16.032426,48
2026-04-01 20:00:00,10157566.9,2856713.30235065,10180867.129787235,2891119.100255412,2.11910377,1.827033,1.64850843,2.618436,47
2026-04-02 00:00:00,10299384.8,2810293.84430653,10180850.536170213,2819057.4944157004,1.77604674,1.783642,1.44481605,3.81444,47
2026-04-02 04:00:00,10285867.3,2874816.4919662,10283910.139583332,2848137.7273181262,1.63023679,1.72984,1.33210913,17.097845,48
2026-04-02 08:00:00,10118014.6,2805651.48589327,10230758.799999999,2831675.6503222827,1.64548803,1.699102,1.32403998,0.746725,48
2026-04-02 12:00:00,9972921.7,2747577.62599403,10069635.039583333,2773385.1282554213,1.57602862,1.670592,1.32946758,3.490395,48
2026-04-02 16:00:00,9942989.8,2744222.13165417,9946251.408333333,2750288.0772580374,1.59070191,1.75444,1.30361825,0.304909,48
2026-04-02 20:00:00,9755593.4,2713743.75597347,9890216.325,2739610.8896046616,1.61594867,1.748236,1.29552549,3.111511,48
2026-04-03 00:00:00,9806199.1,2701786.03068765,9778287.029787233,2705907.557707261,1.67075472,1.699904,1.38516484,0.418934,47
2026-04-03 04:00:00,9941247.5,2739060.82566285,9851338.179166667,2726659.402471994,1.86512118,1.729595,1.46332945,0.938897,48
2026-04-03 08:00:00,9774088.5,2751345.11791953,9812581.272916667,2752917.3492302136,1.818561,1.706768,1.43656286,1.561426,48
2026-04-03 12:00:00,9844978.8,2731981.617,9790362.822916666,2737090.566733059,1.97544643,1.655077,1.53595166,0.377743,48
2026-04-03 16:00:00,9875307.7,2750113.01695911,9845470.8,2743181.215930999,1.92967033,1.607561,1.53075995,0.585576,48
2026-04-03 20:00:00,9958015.2,2773307.2332,9941934.789583333,2772970.4450506936,1.94933921,1.628039,1.57011635,0.020273,48
2026-04-04 00:00:00,9957540.9,2773094.3849933,9957540.9,2773094.3849933,1.94933921,1.62814,1.57107843,0.162646,1
2026-04-04 04:00:00,10015589.5,2772830.37552388,10013253.145833334,2768912.2133074696,2.00111732,1.695569,1.56862745,8.671091,48
2026-04-04 08:00:00,10013451.8,2783574.27831078,10098516.358333332,2792365.740842465,1.94666667,1.721853,1.55712531,0.860576,48
2026-04-04 12:00:00,10031838.2,2783721.23913643,10036607.762500001,2773721.2446771734,1.74725275,1.665885,1.35565313,0.083647,48
2026-04-04 16:00:00,10029976.1,2808393.308,10043816.3125,2800325.6259176247,1.73804781,1.695304,1.3623348,0.937269,48
2026-04-04 20:00:00,9998977.3,2791580.37587441,10050394.941666666,2813848.1705229096,1.7995889,1.719315,1.46775131,13.503881,48
2026-04-05 00:00:00,9987263.6,2794740.9668198,9984582.074468086,2781870.4450072665,1.81780538,1.702557,1.44438073,4.385916,47
2026-04-05 04:00:00,10008275.3,2747314.8055993,9704741.297916668,2674005.9040662865,1.76388889,1.699238,1.42346369,2.481737,48
2026-04-05 08:00:00,10064148.6,2823011.79776748,10037905.8125,2794492.6783304713,1.69699903,1.613079,1.39087411,5.516274,48
2026-04-05 12:00:00,10282924.8,2868936.0192,10086888.725,2811554.72824584,1.80205128,1.536012,1.4375,0.532425,48
2026-04-05 16:00:00,10246860.5,2851421.53785835,10195735.5375,2843279.8098710626,1.87737844,1.500804,1.52241482,0.770672,48
2026-04-05 20:00:00,11020403.2,3151835.3152,10682393.80625,3027377.442823978,1.73586745,1.482981,1.40422078,0.767359,48
2026-04-06 00:00:00,10996408.7,3161231.73824747,11017642.6893617,3160183.4391364264,1.72806172,1.515032,1.38156484,0.021801,47
2026-04-06 04:00:00,10961184.5,3151289.24540654,11001096.200000001,3176426.089737328,1.84231943,1.55536,1.52219626,0.66709,48
2026-04-06 08:00:00,11132375.5,3211690.33175,11015653.78125,3178392.1851913626,1.90254237,1.590546,1.46480512,0.429507,48
2026-04-06 12:00:00,12155806.1,3537339.5751,11232350.595833333,3289408.80211355,2.24061033,1.57462,1.77228367,1.136617,48
2026-04-06 16:00:00,11615207.7,3424664.42617226,11751015.254166668,3477422.4245648007,2.10730594,1.57419,1.72093023,0.672729,48
2026-04-06 20:00:00,11407952.8,3313948.57137535,11428157.875,3333548.1603209325,2.25152625,1.642778,1.72354497,6.270992,48
2026-04-07 00:00:00,11321901.1,3332869.80462206,11349963.861702127,3317196.1438778774,2.20479042,1.662455,1.78040541,0.294998,47
2026-04-07 04:00:00,11143817.2,3226533.69374124,11265854.552083334,3279504.841833368,2.17417062,1.665514,1.7051114,4.473926,48
2026-04-07 08:00:00,10505892.8,3003319.25955922,10822458.487499999,3114303.8234983967,2.19735259,1.651999,1.7680764,0.089787,48
2026-04-07 12:00:00,10543360.0,2999293.34176,10501301.158333333,3002933.861417908,2.00446927,1.59234,1.71275885,0.081881,48
2026-04-07 16:00:00,10415447.9,3007876.26165069,10534077.427083334,3024739.3220362347,1.95851528,1.593943,1.6984127,2.016445,48
2026-04-07 20:00:00,10321615.0,3111360.94048335,10393906.304166667,3057125.019277889,1.75101626,1.672917,1.57577679,0.476164,48
2026-04-08 00:00:00,10295463.1,3109229.8562,10295463.1,3109229.8562,1.75279756,1.670613,1.57514268,1.564006,1
2026-04-08 04:00:00,10261985.5,3081752.44197951,10244920.491666665,3078070.5332048535,1.9153269,1.73391,1.62402597,0.316079,48
2026-04-08 08:00:00,10261708.0,3073353.8393884,10267894.245833334,3075767.7525510998,1.88329764,1.770244,1.59844055,2.844967,48
2026-04-08 12:00:00,9935456.6,2945862.8819,10097882.299999999,3007325.6956281574,1.88589882,1.787554,1.56638871,0.961568,48
2026-04-08 16:00:00,9895320.0,2879538.12,9934949.510416666,2915963.5769645995,2.09736541,1.826153,1.72634445,5.163043,48
2026-04-08 20:00:00,10060803.5,2897511.408,10021095.445833333,2915915.8017830215,2.28762136,1.846265,1.81926029,1.055027,48
2026-04-09 00:00:00,10117811.6,2913975.2709522,10137377.323404254,2924515.732271323,2.19668246,1.788634,1.84897671,1.273211,47
2026-04-09 04:00:00,10191303.1,2945286.5959,10161564.145833334,2926529.382524814,2.10034208,1.798305,1.83986014,0.467822,48
2026-04-09 08:00:00,10255074.8,2984226.7668,10277412.172916668,2982981.231093085,1.88711395,1.850148,1.67701453,7.728567,48
2026-04-09 12:00:00,10117449.8,2959260.68243835,10179237.683333334,2946538.302617692,1.78381148,1.856525,1.60670535,5.218926,48
2026-04-09 16:00:00,10244930.7,3037621.95255,10219992.645833334,3017331.5166939464,1.71943888,1.881863,1.5678934,0.006279,48
2026-04-09 20:00:00,10247185.2,3011925.22405522,10213233.633333333,3032313.5262594544,1.76339737,1.864086,1.6286455,56.788636,48
2026-04-10 00:00:00,10176330.9,2976428.31558217,10155758.793617021,2978699.244908237,1.75754527,1.835808,1.61121857,0.627218,47
2026-04-10 04:00:00,10201675.0,2958485.75,10204757.331249999,2982590.8773389957,1.75250501,1.858513,1.5974359,0.076948,48
2026-04-10 08:00:00,10446421.6,3049878.01912553,10294788.833333334,2987211.986877147,1.73260437,1.845105,1.5604534,67.944074,48
2026-04-10 12:00:00,10525438.7,3089013.64375503,10497943.5,3088227.01483516,1.86339937,1.909329,1.58089172,0.777323,48
2026-04-10 16:00:00,10403357.4,3089797.1478,10488526.354166666,3098116.8001106344,1.74,1.911104,1.54020101,0.650201,48
2026-04-10 20:00:00,10361357.5,3046239.105,10399041.839583334,3067039.371389017,1.75782038,1.90669,1.55724225,0.234719,48
2026-04-11 00:00:00,10361357.5,3041176.02765763,10361357.5,3041176.02765763,,,1.55787476,0.218589,1
2026-04-11 04:00:00,10265044.4,2971795.12623016,10315312.572916666,3001112.433162099,1.79562044,1.866864,1.63901792,0.722724,48
2026-04-11 08:00:00,10248232.2,2961739.1058,10246805.43125,2965448.387011271,1.80167015,1.898117,1.60052049,1.638696,48
2026-04-11 12:00:00,10491370.9,3013431.63757639,10383416.44375,2986265.2725315816,1.94776931,1.968822,1.69057105,0.061775,48
2026-04-11 16:00:00,10454788.1,3078935.09545,10495899.241666667,3059745.482574485,1.81554404,1.9458,1.58066581,0.426886,48
2026-04-11 20:00:00,10256106.7,2982771.40935509,10332180.654166667,3019248.61918575,1.92516269,1.970539,1.61743656,0.16936,48
2026-04-12 00:00:00,10301808.6,2920557.17512336,10277952.242553191,2949297.676182983,1.99673203,1.948076,1.71105193,1.976036,47
2026-04-12 04:00:00,10350381.6,2934501.06678955,10353389.858333332,2937256.025139081,1.95801938,1.931758,1.67519685,2.540602,48
2026-04-12 08:00:00,10347634.4,2939934.49681835,10374433.229166666,2966261.450252999,1.88037775,1.904378,1.60217114,0.061978,48
2026-04-12 12:00:00,10191192.3,2863725.0363,10245011.002083333,2892871.778381372,1.88738269,1.883156,1.65141753,0.566176,48
2026-04-12 16:00:00,10201385.6,2892092.8176,10212075.125,2887721.132938693,1.8973822,1.89575,1.55412054,0.013871,48
2026-04-12 20:00:00,10142707.8,2834767.75471043,10210039.027083334,2879033.4333529915,1.85215606,1.901328,1.54706601,0.261507,48
2026-04-13 00:00:00,10142565.1,2839918.228,10142565.1,2839918.228,1.85596708,1.901277,1.54895961,0.431379,1
2026-04-13 04:00:00,10073354.9,2810913.37479111,10072320.106250001,2835721.5502047557,1.77196446,1.821521,1.54338719,0.311415,48
2026-04-13 08:00:00,10113034.2,2856618.35404877,10115998.03125,2858555.797920872,1.72647915,1.861018,1.52220249,3.004058,48
2026-04-13 12:00:00,10177615.4,2898922.0503182,10184208.622916667,2889068.1434694086,1.74459725,1.882679,1.56814052,2.742666,48
2026-04-13 16:00:00,10098036.0,2904460.227045,10159675.356250001,2891346.073197886,1.74311024,1.876194,1.52955224,3.750781,48
2026-04-13 20:00:00,10363985.9,3041779.49267853,10203478.85,2949142.6535785184,1.64677575,1.961043,1.44321491,0.769731,48
2026-04-14 00:00:00,10196555.2,3015932.40664061,10269584.182978723,3005165.238309845,1.73477407,2.012145,1.45958702,2.724961,47
2026-04-14 04:00:00,10178278.8,2972057.4096,10199728.864583334,2992525.8357869424,1.81359423,1.982002,1.58675079,0.656213,48
2026-04-14 08:00:00,10051069.3,2934912.2356,10102619.325000001,2948965.5284997732,1.83752621,1.968453,1.60695876,29.076916,48
2026-04-14 12:00:00,10146105.3,2952516.6423,10138692.839583334,2942659.5205825665,1.90582011,1.960805,1.66773986,0.074875,48
2026-04-14 16:00:00,10398513.3,2949842.14210363,10257432.535416666,2932431.5510503775,1.97002141,1.98517,1.70959433,0.785859,48
2026-04-14 20:00:00,10270236.5,2955489.78455368,10348316.512500001,2950297.000490368,1.78325123,1.952034,1.56628674,0.237571,48
2026-04-15 00:00:00,10250510.0,2957355.2666361,10152036.910638299,2941450.3895158963,1.78521479,1.822528,1.6191067,0.077926,47
2026-04-15 04:00:00,9938149.8,2892001.5918,10056993.927083334,2926674.3917710935,1.72386588,1.966795,1.48341232,0.791623,48
2026-04-15 08:00:00,9943045.6,2908179.56180037,9875354.518749999,2876857.1276728567,1.70907298,2.005349,1.48627685,0.813358,48
2026-04-15 12:00:00,9877267.3,2902745.04352555,9908625.964583334,2897839.032615135,1.74070352,1.982095,1.58442368,0.439601,48
2026-04-15 16:00:00,9999894.5,2943686.74377721,9925364.695833333,2925137.7513474934,1.68904245,1.956053,1.49848577,1.02517,48
2026-04-15 20:00:00,10037891.6,2946121.1846,9935209.620833334,2919765.1446218495,2.1092233,1.961892,1.76716207,46.097535,48
2026-04-16 00:00:00,10097761.7,3019230.7483,10089779.376595745,2987356.9210713273,2.07434053,1.89715,1.73403509,4.342723,47
2026-04-16 04:00:00,10179706.5,3035271.1768484,10114011.920833332,3012637.1246536076,2.13341493,1.92982,1.78158458,0.818089,48
2026-04-16 08:00:00,10062194.1,3013621.4981213,10083818.808333334,3005733.6098334645,2.2327044,1.95475,1.88304959,0.711791,48
2026-04-16 12:00:00,10235677.8,3099024.84633193,10200695.802083334,3064152.6406412297,2.14127764,2.010952,1.86528497,0.754188,48
2026-04-16 16:00:00,10302098.6,3178464.75755867,10208142.297916668,3097637.89154858,2.13390663,1.901724,1.81100652,0.523454,48
2026-04-16 20:00:00,10322872.6,3184597.83557319,10089511.385416666,3100831.1557053104,2.09634146,1.911943,1.83553598,1.104696,48
2026-04-17 00:00:00,10316124.1,3187682.3469,10316124.1,3187682.3469,2.09634146,1.91309,1.83418929,188.427981,1
2026-04-17 04:00:00,10185331.6,3116711.4696,10091716.84375,3023580.974157873,2.30521092,1.978249,1.91174325,1.130588,48
2026-04-17 08:00:00,10083925.7,3110922.13694116,10124568.8375,3112379.750580866,2.27832512,1.964261,1.86828919,1.953094,48
2026-04-17 12:00:00,10169176.7,3172783.1304,10070282.879166666,3129697.592166765,2.04810997,1.992102,1.77847222,2.098696,48
2026-04-17 16:00:00,10052736.6,3111267.59239499,10176748.027083334,3164489.311666515,1.90131579,1.917259,1.71409122,1.100039,48
2026-04-17 20:00:00,9990516.8,3072083.916,10016178.039583333,3093967.0294802845,2.00683371,1.925824,1.77390091,30.827756,48
2026-04-18 00:00:00,10210277.6,3114134.668,10101206.34893617,3098277.870762334,1.94072448,1.858956,1.73251029,0.821478,47
2026-04-18 04:00:00,10347541.7,3218085.4687,10265945.987499999,3169000.3427150897,2.18587361,1.885375,1.88187221,1.480082,48
2026-04-18 08:00:00,9978012.9,3007896.23527635,10068064.450000001,3076346.624798509,2.32249675,1.903964,2.00622568,1.049797,48
2026-04-18 12:00:00,10006356.4,3040647.72956537,10023127.762500001,3038905.809828785,2.30779221,1.934584,2.0078064,0.060566,48
2026-04-18 16:00:00,9926213.6,2961806.14647287,9975314.741666667,3002194.0107209464,2.35194805,1.977677,1.9634425,0.718256,48
2026-04-18 20:00:00,9820018.7,2921452.02804327,9873006.35,2948386.3699050215,2.32474227,2.069123,1.97473201,2.371863,48
2026-04-19 00:00:00,9806917.4,2911726.83148313,9806917.4,2911726.83148313,2.32216495,2.063056,1.97547893,0.123234,1
2026-04-19 04:00:00,9827702.7,2887461.3111316,9757074.754166666,2861518.486483388,2.51939058,2.130819,2.09405145,0.834803,48
2026-04-19 08:00:00,10134881.3,2964397.95054217,10017147.560416667,2921551.5988954143,2.43221477,2.178054,2.05345912,11.045659,48
2026-04-19 12:00:00,10116386.4,2959133.56365828,10155286.510416666,2980337.7750466834,2.42473118,2.220049,2.06571655,1.345082,48
2026-04-19 16:00:00,10037767.8,2915890.13960314,10094153.5625,2933563.8219787963,2.45121951,2.222151,2.00698216,0.343787,48
2026-04-19 20:00:00,10295163.9,2934121.7115,10173113.700000001,2926730.7230284023,2.20449173,2.260888,1.82710927,0.904787,48
2026-04-20 00:00:00,10307747.8,2970978.2344191,10373221.057446808,2979830.9540064367,2.01604278,2.243212,1.66624843,4.566647,47
2026-04-20 04:00:00,10345222.0,2984654.37679098,10412725.847916666,2991901.531828509,1.84630739,2.182826,1.57701422,1.507309,48
2026-04-20 08:00:00,10115116.6,2915913.99612014,10269751.185416667,2963226.3754104637,1.85987903,2.229936,1.61013881,1.664621,48
2026-04-20 12:00:00,10020579.8,2976112.2006,10093349.947916666,2965347.545967046,1.6274149,2.356847,1.46319366,4.162945,48
2026-04-20 16:00:00,9892539.9,2920106.53861433,9943432.645833334,2952406.689493669,1.68838527,2.434306,1.50115473,19.047952,48
2026-04-20 20:00:00,9876461.7,2883926.8164,9854136.510416666,2903539.179928319,1.71057692,2.450444,1.50936768,20.786142,48
2026-04-21 00:00:00,9865123.3,2885761.84921575,9865123.3,2885761.84921575,1.70413064,2.449193,1.50467836,8.732606,1
2026-04-21 04:00:00,10053778.9,2955810.9966,10016036.704166668,2931148.4927549125,1.87331256,2.341138,1.65203562,0.556256,48
2026-04-21 08:00:00,9996914.9,2933428.02883362,9995837.097916666,2934271.7166003087,1.90842105,2.345677,1.69240753,82.115669,48
2026-04-21 12:00:00,9812860.0,2867769.574203,9896975.922916668,2885301.447428988,1.97115385,2.384184,1.70233463,35.315573,48
2026-04-21 16:00:00,9798779.6,2812249.7452,9824769.610416668,2845659.569233874,2.00213447,2.522514,1.70610687,0.644155,48
2026-04-21 20:00:00,9751359.5,2842323.63419294,9749128.793750001,2823960.090085602,1.8805668,2.474834,1.6304215,10.860369,48
2026-04-22 00:00:00,9740798.2,2839500.63304929,9740798.2,2839500.63304929,1.88336714,2.473289,1.63341493,0.158501,1
2026-04-22 04:00:00,9615766.9,2886016.46729588,9619752.979166666,2876529.6620420087,1.92715921,2.467239,1.63878563,0.589329,48
2026-04-22 08:00:00,9667681.9,2891799.62020211,9710545.447916666,2911421.880962275,1.91995842,2.457155,1.62338462,0.972539,48
2026-04-22 12:00:00,9562401.6,2872545.44064,9603212.995833334,2878874.010424474,1.93200837,2.434869,1.63360198,0.837467,48
2026-04-22 16:00:00,9669590.6,2891207.5894,9689483.316666666,2909771.3449290954,1.9533404,2.47713,1.66729918,0.725806,48
2026-04-22 20:00:00,9609139.8,2851992.69264,9624343.206249999,2871811.977947951,1.98806941,2.456185,1.72931833,1.746367,48
2026-04-23 00:00:00,9630151.9,2854377.02316,9630151.9,2854377.02316,1.98915401,2.45159,1.72931833,1.067156,1
2026-04-23 04:00:00,9542936.5,2803812.74965786,9526866.427083334,2806757.212470446,2.06621773,2.491524,1.78556701,0.911966,48
2026-04-23 08:00:00,9552363.9,2807439.75021,9584656.362499999,2809449.682060959,2.12729358,2.559627,1.81754875,0.929498,48
2026-04-23 12:00:00,9379305.5,2802926.75630186,9450066.202083332,2791983.805783397,2.33846154,2.678112,1.91443452,0.55692,48
2026-04-23 16:00:00,9266224.6,2734455.37381807,9305197.779166667,2758909.361410551,2.37904269,2.86864,1.94661654,0.519951,48
2026-04-23 20:00:00,9170494.3,2754034.88649081,9197698.235416668,2744420.7550421213,2.36787565,2.938738,1.93834586,0.733327,48
2026-04-24 00:00:00,9178577.8,2751109.16721803,9167400.19574468,2755965.49737335,2.39559014,3.015891,1.94135338,1.351476,47
2026-04-24 04:00:00,9189560.7,2758095.93530952,9232837.666666666,2774132.747953421,2.40522876,2.863183,1.96363636,1.318538,48
2026-04-24 08:00:00,9355184.3,2841231.87098928,9270143.275,2796841.112580657,2.24875,2.850515,1.87988209,2.09388,48
2026-04-24 12:00:00,9583462.5,2915240.51267588,9418038.918750001,2852193.9581497516,2.19730392,2.781165,1.86593407,1.33609,48
2026-04-24 16:00:00,9716089.4,2972151.74746,9635327.541666666,2930389.142691067,2.17883212,2.736435,1.84465318,1.900594,48
2026-04-24 20:00:00,9575861.4,2912498.24481,9658766.141666668,2936910.8775001797,2.20293399,2.810592,1.85104845,0.247115,48
2026-04-25 00:00:00,9684364.1,2985689.45203,9590151.8,2931849.913066819,2.21936275,2.788706,1.88407924,0.650007,47
2026-04-25 04:00:00,9754014.6,3016450.08372154,9735137.747916667,3005589.849221032,2.29528536,2.937501,1.8973607,1.934923,48
2026-04-25 08:00:00,9664294.9,2968575.76249901,9699848.69375,3000132.273635179,2.31467662,2.913904,1.93264249,0.102075,48
2026-04-25 12:00:00,9778344.3,2972616.6672,9728488.691666666,2976519.508157838,2.35081149,2.892937,1.94235033,0.394328,48
2026-04-25 16:00:00,9663151.7,2894113.93415,9672421.46875,2912176.369056636,2.43316195,2.874452,2.00683891,2.552688,48
2026-04-25 20:00:00,9735896.2,2937319.88354,9716797.820833333,2920760.61490551,2.45194805,2.803235,2.03932151,4.981169,48
2026-04-26 00:00:00,9747789.9,2916538.73808,9777754.285106383,2930559.9445346757,2.41698842,2.76791,2.06557377,0.393581,47
2026-04-26 04:00:00,9802746.1,2978546.16937725,9768843.527083334,2954114.603726376,2.47424042,2.745912,2.11155378,0.446583,48
2026-04-26 08:00:00,9956373.5,3108379.8067,9836326.106250001,2989420.985806798,2.22262335,2.608021,1.93057607,2.154623,48
2026-04-26 12:00:00,9870198.9,3104177.55405,9845533.05625,3072095.35512436,2.19713262,2.503056,1.87725632,0.614055,48
2026-04-26 16:00:00,9854937.2,3144344.64525114,9827826.502083333,3118698.330371165,2.15179606,2.596779,1.86056338,0.425208,48
2026-04-26 20:00:00,10028672.3,3239850.2371109,9953136.447916666,3196483.885402625,2.03863135,2.464108,1.784605,0.639642,48
2026-04-27 00:00:00,11001516.8,3760570.15694438,10233910.8106383,3390601.6611862504,2.02713568,2.348008,1.83878938,1.208692,47
2026-04-27 04:00:00,10603504.7,3309450.30876277,10997079.029166667,3571446.3995400625,2.22335601,2.169446,1.96861925,0.648723,48
2026-04-27 08:00:00,10209290.3,3187111.74355728,10376009.864583334,3234945.103051405,2.13149171,2.332213,1.93125,1.127826,48
2026-04-27 12:00:00,9984054.5,3145716.48673573,10315869.1375,3274236.9733987483,2.08498896,2.15454,1.9277193,1.089816,48
2026-04-27 16:00:00,9866745.9,3056641.90587657,9935373.358333332,3113711.802104628,2.24733728,2.238617,1.99707602,1.374021,48
2026-04-27 20:00:00,9915759.1,3122765.55127141,9839918.516666668,3072929.8665155675,2.19836639,2.277464,1.96376812,1.125442,48
2026-04-28 00:00:00,9914716.2,3116862.56206026,9914716.2,3116862.56206026,2.19719953,2.280121,1.95875543,0.705958,1
2026-04-28 04:00:00,9795708.9,3055903.73138224,9876055.581249999,3101523.61658915,2.13394919,2.279657,1.88054363,0.333965,48
2026-04-28 08:00:00,9610989.0,2962413.88089855,9738890.641666668,3026403.9936326053,2.13934426,2.270931,1.87817259,3.0478,48
2026-04-28 12:00:00,9630567.8,2968700.62825486,9621648.152083334,2964380.413434258,2.15204678,2.310996,1.84902948,2.759485,48
2026-04-28 16:00:00,9642373.7,3039826.5769308,9616639.481250001,2984879.597789131,2.06050228,2.391427,1.74825662,2.149539,48
2026-04-28 20:00:00,9491973.2,2984723.92061638,9611985.102083333,3024694.776451174,2.10232558,2.397698,1.81661891,5.591038,48
2026-04-29 00:00:00,9590582.8,3082413.31192,9591212.272340426,3056109.8535535866,2.08571429,2.349292,1.71054399,1.213102,47
2026-04-29 04:00:00,9397566.9,2983214.47757293,9501670.75,3043991.091932753,2.13768961,2.342693,1.71390013,1.380781,48
2026-04-29 08:00:00,9531951.0,3031259.16901236,9497356.441666666,3024567.0582466745,2.10080183,2.308984,1.72072678,1.470668,48
2026-04-29 12:00:00,9770249.2,3028777.252,9613862.941666666,3018979.7230236777,2.13372093,2.295372,1.67892977,1.780176,48
2026-04-29 16:00:00,9506143.7,2906344.11330659,9600056.729166666,2961120.1310780053,2.45241199,2.283356,1.95324284,1.54188,48
2026-04-29 20:00:00,9475962.0,2931388.8447,9464655.808333334,2918009.055531218,2.25703794,2.277734,1.79532578,4.741342,48
2026-04-30 00:00:00,9469659.2,2943170.07936,9452611.30212766,2931740.9409096194,2.24482339,2.286637,1.77535211,5.966391,47
2026-04-30 04:00:00,9421578.7,2923515.87061,9471214.260416666,2937170.5263150665,2.26167076,2.284308,1.81200858,1.539825,48
2026-04-30 08:00:00,9374193.1,2913499.21548,9432149.706249999,2930051.406431237,2.26108374,2.243076,1.78505338,1.335828,48
2026-04-30 12:00:00,9369517.7,2892144.87078449,9428589.616666667,2920581.039295154,2.27941176,2.335962,1.80113636,0.636944,48
2026-04-30 16:00:00,9309822.6,2837241.42635918,9314333.633333333,2849046.982862256,2.38607595,2.317588,1.89577259,0.147503,48
2026-04-30 20:00:00,9466195.2,2851217.99424,9382981.864583334,2832043.8169455472,2.36533666,2.309682,1.92893773,1.358856,48
2026-05-01 00:00:00,9386125.4,2879199.03495772,9464884.45106383,2871737.388661686,2.19324796,2.354388,1.74796748,2.430749,47
2026-05-01 04:00:00,9117101.2,2831419.25675862,9255913.785416666,2864563.1064197947,2.11831627,2.218294,1.74492558,1.140005,48
2026-05-01 08:00:00,9021542.7,2799583.80525739,9019213.822916666,2802833.523157502,2.08998875,2.232824,1.69516236,0.79286,48
2026-05-01 12:00:00,8933856.9,2780662.960125,9021411.610416668,2810027.9626000524,2.22630332,2.171583,1.83884588,0.97622,48
2026-05-01 16:00:00,8943373.7,2777811.87122,8946022.174999999,2790803.5291690384,2.22090261,2.186402,1.80879274,0.191191,48
2026-05-01 20:00:00,8902201.9,2744726.889808,8938613.804166667,2764606.5032179486,2.20260664,2.187297,1.76364893,0.366401,48
2026-05-02 00:00:00,8902035.1,2744497.42133,8902035.1,2744497.42133,2.20521945,2.186738,1.76295784,1.748719,1
2026-05-02 04:00:00,9033873.9,2797790.74683,9028703.308333334,2793264.05917006,2.32290363,2.149037,1.85195936,3.854975,48
2026-05-02 08:00:00,9085934.8,2822902.17770155,9051059.549999999,2809861.6915363134,2.34760705,2.164674,1.87099125,1.235251,48
2026-05-02 12:00:00,9556239.7,3114127.09356349,9340661.975,2966855.4885334396,2.01135074,2.192633,1.61100324,1.981614,48
2026-05-02 16:00:00,9888417.5,3311119.69068108,9774236.183333334,3256833.9785443414,1.97142857,2.114743,1.64728935,1.315791,48
2026-05-02 20:00:00,9889819.0,3260203.75569388,9950854.610416668,3305224.522045506,2.01121076,1.980433,1.64809961,0.585002,48
2026-05-03 00:00:00,9893939.9,3263021.37902,9893939.9,3263021.37902,2.00896861,1.97773,1.65483235,0.841841,1
2026-05-03 04:00:00,9655277.0,3069412.5583,9628306.522916667,3078632.868960761,2.16843345,2.118878,1.74124914,3.215518,48
2026-05-03 08:00:00,9640808.0,3057857.59867648,9668106.797916668,3073185.043135515,2.27527406,2.109953,1.82624113,3.152809,48
2026-05-03 12:00:00,9392919.7,2958091.91241445,9485538.793750001,2997512.0184129705,2.33126551,2.17018,1.92704495,4.736809,48
2026-05-03 16:00:00,9401855.5,3051842.2953,9432306.102083333,3024630.0976969884,2.13272311,2.282958,1.78961938,2.850201,48
2026-05-03 20:00:00,9217392.0,2923981.92328656,9296393.279166667,2984313.444142001,2.17112922,2.204564,1.84397163,1.194208,48
2026-05-04 00:00:00,8983173.9,2945582.72181,9139351.255319148,2952831.5158141674,2.05875706,2.165351,1.76359833,0.265633,47
2026-05-04 04:00:00,9097254.4,2950239.60192,9049917.25625,2957194.3580483464,2.12296984,2.156642,1.78439716,0.925233,48
2026-05-04 08:00:00,8982776.5,2846641.87285,9018245.795833332,2891370.791826412,2.26207729,2.164182,1.84548736,3.268213,48
2026-05-04 12:00:00,9025892.8,2864140.98146536,8993167.966666667,2852316.777362276,2.20191159,2.17186,1.77285513,1.681974,48
2026-05-04 16:00:00,9178863.2,2918878.4976,9099167.110416668,2900770.214837166,2.17912218,2.134239,1.74982627,0.47185,48
2026-05-04 20:00:00,9048355.7,2854320.90695727,9088754.185416667,2886984.407667735,2.22302158,2.136135,1.80706714,2.371283,48
2026-05-05 00:00:00,8984647.3,2877782.53019,9001586.978723405,2869940.6786767496,2.19267139,2.214815,1.73561644,1.625489,47
2026-05-05 04:00:00,9011102.9,2909234.571265,8972101.13125,2883610.652666746,2.16431925,2.22668,1.72435021,0.084685,48
2026-05-05 08:00:00,8980300.2,2876390.15406,9042239.145833334,2910496.9031559764,2.18235995,2.199408,1.78631876,3.808449,48
2026-05-05 12:00:00,8842881.9,2845786.80626127,8885534.441666666,2861456.096354052,2.17717004,2.226452,1.75155709,0.982046,48
2026-05-05 16:00:00,8922203.4,2891900.70093177,8837416.445833333,2831713.705482114,2.10801394,2.261787,1.74202497,1.251944,48
2026-05-05 20:00:00,8760831.4,2843765.87244,8848963.089583334,2906564.009061148,2.08045977,2.300991,1.75488827,1.239564,48
2026-05-06 00:00:00,8757928.8,2843230.84458991,8757928.8,2843230.84458991,2.07816092,2.300932,1.74843206,0.650902,1
2026-05-06 04:00:00,8728480.7,2859811.19999695,8757547.7,2863201.541356139,2.17253521,2.279808,1.80887616,0.199301,48
2026-05-06 08:00:00,8777271.6,2908106.16532754,8728830.68125,2900532.815042762,2.13410405,2.292145,1.78571429,0.434947,48
2026-05-06 12:00:00,8795380.5,2904380.29260108,8742222.1875,2866965.0422487943,2.19086651,2.357204,1.80782918,3.174471,48
2026-05-06 16:00:00,8896133.8,2918376.69309,8863081.1,2920762.977383539,2.27382388,2.282782,1.86449275,1.407607,48
2026-05-06 20:00:00,8976688.4,2970386.19156,8955098.35,2946936.624601276,2.2969697,2.227895,1.87953556,0.72935,48
2026-05-07 00:00:00,8976264.5,2965757.7908,8976264.5,2965757.7908,2.29854369,2.229458,1.88226744,0.599737,1
2026-05-07 04:00:00,9032468.9,3025877.0815,8995983.441666666,2986992.689088251,2.28937729,2.295466,1.83537906,0.972041,48
2026-05-07 08:00:00,9057377.9,2983453.45361626,9066607.691666666,3011063.2727319896,2.36,2.209189,1.87226277,1.851677,48
2026-05-07 12:00:00,8806210.0,2861749.3083466,8989148.270833334,2950227.7564580445,2.4119898,2.263642,1.90942563,1.806747,48
2026-05-07 16:00:00,8869447.1,2919314.03208458,8831545.829166668,2873992.4329376877,2.30147059,2.419045,1.81303116,0.732533,48
2026-05-07 20:00:00,9087690.8,3140705.94048,8923461.666666666,2989782.033172803,2.18381503,2.324855,1.76881356,1.117233,48
2026-05-08 00:00:00,8815688.2,2967431.34993936,8827874.508510638,2984255.9475512225,2.2244186,2.624973,1.76021798,0.101048,47
2026-05-08 04:00:00,8875868.6,3013357.3897,8817201.918750001,2988193.2970350697,2.23681125,2.649255,1.74915711,0.786554,48
2026-05-08 08:00:00,8855041.2,3029254.69326456,8851239.004166666,3013330.6409495636,2.26061321,2.645577,1.8,1.900677,48
2026-05-08 12:00:00,8877893.7,3054883.22217,8829816.377083333,3028337.8841662947,2.24708625,2.614108,1.76845638,0.62804,48
2026-05-08 16:00:00,10038453.1,3676606.5363171296,9748747.964583334,3491649.2328122947,2.2423913,2.56214,1.81818182,1.155849,48
2026-05-08 20:00:00,9825526.4,3598483.29929901,9935047.760416666,3635950.1108965394,2.30691964,2.511148,1.89570957,0.278562,48
2026-05-09 00:00:00,10028344.0,3701623.62787216,9972094.236170214,3688012.5646494236,2.27894737,2.553391,1.9132621,0.48447,47
2026-05-09 04:00:00,9539784.4,3425736.57804,9773068.527083334,3560490.8102889364,2.38359202,2.53436,2.01325381,0.696932,48
2026-05-09 08:00:00,9462802.6,3398092.41366,9533505.362499999,3428176.369233295,2.33701657,2.504609,1.96184211,2.057914,48
2026-05-09 12:00:00,9206960.9,3301010.63692161,9392831.664583333,3401206.686886055,2.31208791,2.38589,1.90368455,0.464521,48
2026-05-09 16:00:00,9190677.2,3291181.50532,9168862.31875,3294656.013255215,2.38556933,2.424145,1.99398798,9.026338,48
2026-05-09 20:00:00,9143967.5,3257995.62025,9205121.768749999,3288354.469825273,2.4059293,2.392777,1.96288933,0.743931,48
2026-05-10 00:00:00,9081642.1,3240449.77895572,9100939.30212766,3236560.855200175,2.43274854,2.457834,2.00068681,0.377752,47
2026-05-10 04:00:00,9064592.5,3265452.46078643,9081822.479166666,3256743.9918850805,2.42857143,2.513622,1.94899329,0.554229,48
2026-05-10 08:00:00,9112747.8,3271820.46642945,9125758.133333333,3296328.327408628,2.38215103,2.548726,1.93983957,0.901431,48
2026-05-10 12:00:00,9108911.8,3312911.22166,9090722.441666666,3278032.7180461087,2.34165721,2.521804,1.96195652,4.203498,48
2026-05-10 16:00:00,9115276.9,3345306.6223,9038177.485416668,3305639.1639738437,2.30022573,2.498603,1.88637874,1.474261,48
2026-05-10 20:00:00,9068568.3,3296424.57705,9040783.7125,3270434.2409379496,2.19155844,2.541755,1.79884319,0.137606,48
2026-05-11 00:00:00,8994446.3,3183134.54557,9002090.153191488,3219715.1128131323,2.32915718,2.493804,1.86895161,1.0155,47
2026-05-11 04:00:00,9149909.5,3250047.8544,9111773.327083332,3237587.112774925,2.40138408,2.685809,1.89926125,1.391259,48
2026-05-11 08:00:00,9229752.2,3276598.58081871,9196953.970833333,3266425.4873400205,2.45123384,2.723454,1.92459239,0.478304,48
2026-05-11 12:00:00,9315401.2,3282747.38288,9289496.083333334,3274109.159750326,2.55189255,2.689452,1.98114525,3.630249,48
2026-05-11 16:00:00,9335397.0,3336188.30533281,9334013.21875,3306162.7926110197,2.51518834,2.715398,1.93603851,0.216464,48
2026-05-11 20:00:00,9310277.3,3315389.74653,9296099.779166667,3314689.177185232,2.50789793,2.712704,1.94941095,0.459893,48
2026-05-12 00:00:00,9166102.4,3215468.72192,9231054.368085107,3247432.3894912913,2.46135266,2.737572,1.91528926,0.714243,47
2026-05-12 04:00:00,9132990.4,3222119.01312,9134685.210416667,3218833.107701322,2.45421687,2.819225,1.90603567,1.879854,48
2026-05-12 08:00:00,9298001.0,3266387.7513,9217158.15625,3230311.968135793,2.41239571,2.725203,1.84589502,2.746122,48
2026-05-12 12:00:00,9435208.2,3251076.10277419,9411944.185416667,3284032.600148004,2.53117207,2.722274,1.89626556,1.235149,48
2026-05-12 16:00:00,9389306.1,3260219.18078879,9379311.185416667,3244292.718555651,2.42012579,2.699377,1.79157895,0.232347,48
2026-05-12 20:00:00,9427723.8,3263833.85781262,9422238.529166667,3262926.278124208,2.37841191,2.755291,1.74569263,0.40505,48
2026-05-13 00:00:00,9512845.5,3371352.4452,9461542.214893617,3321106.965131737,2.36442786,2.759614,1.75766017,1.185571,47
2026-05-13 04:00:00,9429800.7,3319289.8464,9484706.879166666,3344618.449401092,2.35098522,2.621951,1.74500345,1.253913,48
2026-05-13 08:00:00,9417498.6,3286707.0114,9439196.089583334,3334329.211505132,2.36442786,2.649027,1.76359833,0.365381,48
2026-05-13 12:00:00,9523368.2,3132235.80098,9336485.647916667,3179183.3032285008,2.46272494,2.824854,1.80155918,1.278531,48
2026-05-13 16:00:00,9599793.1,3157965.21780358,9578954.954166668,3155754.490805218,2.57124011,2.814484,1.82307148,0.619586,48
2026-05-13 20:00:00,9479527.7,3125400.28269,9521297.027083334,3138000.636741826,2.56020942,2.83777,1.81473684,0.61653,48
2026-05-14 00:00:00,9476932.5,3059483.32394303,9492953.163829787,3120816.3383054016,2.53649168,2.798332,1.76938776,1.031009,47
2026-05-14 04:00:00,9515134.7,3114756.31741903,9505457.908333333,3100659.5345991477,2.41412911,2.762962,1.68677043,0.867461,48
2026-05-14 08:00:00,9525247.0,3117613.3431,9509239.06875,3114974.715290148,2.3622142,2.747913,1.66112532,1.579661,48
2026-05-14 12:00:00,9611638.7,3239782.84982785,9599466.645833334,3185280.7412904873,2.29186603,2.725235,1.62970045,0.628678,48
2026-05-14 16:00:00,9645525.3,3217747.24008,9620728.674999999,3230532.115534927,2.32810615,2.67642,1.68031189,5.39276,48
2026-05-14 20:00:00,9626940.0,3174964.812,9635265.808333334,3199145.052596918,2.3117506,2.580359,1.6750646,1.226279,48
2026-05-15 00:00:00,9623295.5,3175687.515,9623295.5,3175687.515,2.3117506,2.58145,1.67333764,2.692876,1
2026-05-15 04:00:00,9432043.6,3097483.11824,9510915.033333333,3120485.298850111,2.33171913,2.62854,1.65414508,0.142672,48
2026-05-15 08:00:00,9485074.7,3101145.173165,9458878.172916668,3091227.1106338818,2.34223301,2.611023,1.64437299,0.72175,48
2026-05-15 12:00:00,9225339.9,2884763.78673,9348541.327083332,2974431.3402710822,2.3296433,2.637273,1.60796915,2.642244,48
2026-05-15 16:00:00,9326747.1,2951915.45715,9295426.510416666,2949388.454877147,2.26682692,2.641614,1.59111111,0.111467,48
2026-05-15 20:00:00,9252948.4,2960018.19316,9306581.970833333,2962603.9141598544,2.29354446,2.647971,1.57422615,0.822943,48
2026-05-16 00:00:00,9252084.7,2958972.5846872,9252084.7,2958972.5846872,2.2911084,2.647896,1.57395702,2.956318,1
2026-05-16 04:00:00,9265618.6,2873743.74675037,9273548.772916667,2918682.8042578585,2.27915633,2.649495,1.64471058,4.803716,48
2026-05-16 08:00:00,9330437.6,2875174.34644,9211656.541666666,2842800.711055033,2.4083225,2.721469,1.72494817,0.180159,48
2026-05-16 12:00:00,9354090.2,2914060.35703929,9338197.475,2889855.2850816404,2.46215139,2.703583,1.74058577,1.165301,48
2026-05-16 16:00:00,9358901.9,2917062.65639226,9333505.904166667,2910709.6421666476,2.52496626,2.636363,1.77053824,0.098284,48
2026-05-16 20:00:00,9402985.9,2934308.47398497,9379896.702083332,2925128.4431564305,2.54768392,2.64553,1.78413152,0.481165,48
2026-05-17 00:00:00,9401322.7,2934152.81467,9401322.7,2934152.81467,2.54557823,2.646582,1.78612303,0.321836,1
2026-05-17 04:00:00,9380849.1,2974667.24961,9351449.591666667,2965950.6509682927,2.50403226,2.532457,1.72317157,0.557713,48
2026-05-17 08:00:00,9346875.5,2952891.82696144,9361666.389583332,2968686.125601854,2.50472335,2.570477,1.72802768,0.71538,48
2026-05-17 12:00:00,9455216.4,2960428.25484,9396974.304166667,2955077.9772983133,2.57858136,2.434958,1.795,3.115335,48
2026-05-17 16:00:00,9401655.6,2960769.381552,9433520.154166667,2954992.4253327535,2.58906031,2.459118,1.8044733,1.044537,48
2026-05-17 20:00:00,9261293.5,2835133.75492027,9383740.541666666,2942352.509898742,2.54456825,2.373053,1.82615156,1.183273,48
2026-05-18 00:00:00,9176887.3,2798950.6265,9159523.659574468,2802766.1850812985,2.66089466,2.420477,1.86621315,0.243149,47
2026-05-18 04:00:00,9284247.4,2806627.98902,9260303.408333333,2812895.5783224776,2.6200565,2.464211,1.86631815,0.094898,48
2026-05-18 08:00:00,9430961.5,2860380.91542128,9295936.879166666,2805727.7307756073,2.34749035,2.648489,1.66644022,0.575067,48
2026-05-18 12:00:00,9424173.9,2849698.66739502,9445687.3375,2862773.373404158,2.47311828,2.762138,1.73319328,6.949951,48
2026-05-18 16:00:00,9450533.7,2903569.21576751,9450943.770833334,2863944.5942569617,2.37597911,2.721662,1.64010804,0.407953,48
2026-05-18 20:00:00,9354056.3,2900692.85863,9385007.479166666,2907706.127569987,2.37958115,2.795217,1.65423729,0.384322,48
2026-05-19 00:00:00,9354093.9,2906316.97473,9354093.9,2906316.97473,2.37958115,2.794706,1.65423729,2.240491,1
2026-05-19 04:00:00,9450680.3,2933491.16512,9457115.945833333,2931798.2122580726,2.48913043,2.927735,1.69757785,0.663644,48
2026-05-19 08:00:00,9499867.1,2907972.68342356,9462164.383333333,2917873.9337111763,2.61024182,2.919835,1.7835277,1.292849,48
2026-05-19 12:00:00,9496853.4,2901288.7137,9498253.877083333,2908386.7369896113,2.57001414,2.940071,1.78455882,1.871733,48
2026-05-19 16:00:00,9466300.4,2890061.51212,9459935.68125,2902841.8562375507,2.63623188,2.941993,1.82445611,0.2588,48
2026-05-19 20:00:00,9330572.7,2837570.94219531,9381638.422916668,2858409.1628360446,2.65300146,2.900052,1.82980333,1.516078,48
2026-05-20 00:00:00,9214649.6,2805492.217216,9265340.95106383,2818875.0042839227,2.62373372,2.940336,1.87375669,1.558566,47
2026-05-20 04:00:00,9120161.2,2809009.6496,9165136.029166667,2819576.476486601,2.57285714,2.970053,1.79940343,1.024996,48
2026-05-20 08:00:00,9081787.8,2840505.86604059,9102525.691666666,2826118.1631263844,2.42119565,2.864029,1.69088319,0.544896,48
2026-05-20 12:00:00,8898989.3,2824034.09718733,8989472.78125,2836615.7710974854,2.40591398,2.843464,1.66806723,2.048729,48
2026-05-20 16:00:00,8855649.5,2803104.86040103,8879510.88125,2815368.82607837,2.39487871,2.832956,1.69907736,0.650645,48
2026-05-20 20:00:00,8888575.7,2792790.48494,8853763.85,2789204.36258164,2.49232915,2.837564,1.80934718,0.66167,48
2026-05-21 00:00:00,8882753.6,2790961.18112,8882753.6,2790961.18112,2.4965035,2.8492,1.80177515,0.440379,1
2026-05-21 04:00:00,8968625.5,2817942.1321,8994728.59375,2820105.970422557,2.65665236,2.997485,1.91330798,4.324826,48
2026-05-21 08:00:00,8983759.8,2786387.57733874,8964026.866666667,2797503.4898799923,2.70682148,3.057182,1.82586334,0.319411,48
2026-05-21 12:00:00,8917540.7,2780132.488632,8929360.481250001,2772540.3542087628,2.74926686,3.064268,1.87996999,0.549551,48
2026-05-21 16:00:00,8974922.2,2844900.81519615,8959630.016666668,2824942.400174428,2.67862267,3.118502,1.8669145,1.474862,48
2026-05-21 20:00:00,8993308.3,2852909.95971264,8970118.739583334,2844480.850115005,2.68534483,3.128672,1.8928036,1.640873,48
2026-05-22 00:00:00,8878301.3,2833480.29515167,8910004.306382978,2827816.939415963,2.69527897,3.075108,1.85122132,2.015548,47
2026-05-22 04:00:00,8894221.5,2841374.41622786,8850653.03125,2818480.500123656,2.75,2.997998,1.94904943,1.020538,48
2026-05-22 08:00:00,9057405.7,2896558.34286,9004832.802083334,2874151.1261613052,2.54706685,2.954919,1.8202329,0.233575,48
2026-05-22 12:00:00,9007790.5,2854568.80945,9070544.822916666,2892498.6802560533,2.48918919,2.847912,1.7851478,0.407574,48
2026-05-22 16:00:00,8911016.0,2727661.9976,9034736.716666667,2824654.4867735007,2.65811966,2.780141,1.90916031,2.641576,48
2026-05-22 20:00:00,8880625.0,2687998.586975,8913337.6625,2729111.591850833,2.68821839,2.728228,1.89885932,0.713233,48
2026-05-23 00:00:00,8810482.6,2690174.51938502,8841351.787234042,2686640.645923076,2.61669024,2.729636,1.86315789,1.022585,47
2026-05-23 04:00:00,8842338.7,2593984.50197959,8825749.1625,2663480.184039514,2.55119215,2.631101,1.7803086,0.845338,48
2026-05-23 08:00:00,8782845.1,2596209.01156,8789780.535416666,2597393.3071435867,2.6199422,2.681014,1.78756477,0.858996,48
2026-05-23 12:00:00,8687271.9,2626512.04493669,8738867.008333333,2615144.4707992612,2.63596491,2.637447,1.75733138,1.985693,48
2026-05-23 16:00:00,8661890.9,2636739.70348285,8682714.270833334,2634311.2567695915,2.59971098,2.642779,1.77573529,0.185159,48
2026-05-23 20:00:00,8601431.3,2653278.8683381,8624726.420833332,2665883.657060941,2.39218329,2.765211,1.6836518,1.632389,48
2026-05-24 00:00:00,8602421.8,2656552.5869561,8602421.8,2656552.5869561,2.40324763,2.765524,1.68674699,2.086452,1
2026-05-24 04:00:00,8664366.4,2651296.1184,8646908.779166667,2647955.6703713085,2.43495935,2.864039,1.66409537,3.377739,48
2026-05-24 08:00:00,8837031.1,2699316.04161299,8756691.022916667,2679532.355171937,2.49861878,2.754712,1.74563953,43.283544,48
2026-05-24 12:00:00,9001141.9,2708443.59771,8894165.560416667,2685156.0386080532,2.57850071,2.518625,1.83556548,6.460116,48
2026-05-24 16:00:00,9051120.2,2704910.16515282,8997358.21875,2700877.3722491954,2.70278184,2.43017,1.90563166,0.075028,48
2026-05-24 20:00:00,8899132.7,2665335.18427014,9006446.614583334,2681151.436334779,2.83939394,2.506885,1.89939486,1.136577,48
2026-05-25 00:00:00,8973930.2,2714613.8855,8890184.459574468,2679188.5271854326,2.63043478,2.63428,1.80794702,0.196793,47
2026-05-25 04:00:00,9017922.5,2771207.58425,9024336.820833333,2757525.2437328952,2.60719424,2.603196,1.72070175,0.561008,48
2026-05-25 08:00:00,9092998.3,2816556.223425,9084383.418750001,2802279.947439113,2.55524079,2.534314,1.67837466,1.180917,48
2026-05-25 12:00:00,8935594.2,2850454.5498,9072320.927083334,2864356.9223624063,2.11284514,2.272063,1.5426009,0.706834,48
2026-05-25 16:00:00,9027064.4,2928342.31931338,8983470.758333333,2899034.908353333,2.2327791,2.363605,1.58775765,1.512464,48
2026-05-25 20:00:00,8913213.0,2839749.6618,8974522.168750001,2890239.502917509,2.24133811,2.315527,1.68783069,1.597881,48
2026-05-26 00:00:00,9046272.7,2866884.40544509,9065308.687234042,2862294.5653463444,2.28208232,2.347955,1.72956403,3.613002,47
2026-05-26 04:00:00,9054901.4,2850482.96072,9056244.924999999,2857367.2111533755,2.29426129,2.371337,1.76965901,3.675857,48
2026-05-26 08:00:00,9148286.8,2921505.38958,9135319.5,2886147.492939467,2.34122042,2.349478,1.79845506,0.572136,48
2026-05-26 12:00:00,9149995.9,2879572.15169933,9138338.358333332,2903796.725384234,2.32334582,2.353918,1.78471248,0.257678,48
2026-05-26 16:00:00,9098083.0,2872264.8031,9150499.016666668,2887666.9658437893,2.32327044,2.403992,1.72344828,5.954049,48
2026-05-26 20:00:00,9165738.4,2885797.26383239,9109536.360416668,2869420.225879064,2.40051348,2.413581,1.7677193,0.035912,48
2026-05-27 00:00:00,9164808.2,2885081.62136,9164808.2,2885081.62136,2.39358974,2.418416,1.75874126,3.453008,1
2026-05-27 04:00:00,9173369.6,2893588.1714553,9159643.46875,2911856.0676919776,2.22853688,2.234881,1.73796424,0.493195,48
2026-05-27 08:00:00,9127309.8,2858673.42936,9118325.808333334,2867893.0721717677,2.24393204,2.227985,1.73618785,0.615266,48
2026-05-27 12:00:00,9003494.9,2841670.45544514,9086835.039583333,2848634.06342492,2.31994981,2.247551,1.72848146,0.70609,48
2026-05-27 16:00:00,9093073.8,2873915.16801926,9041319.189583333,2848286.773908278,2.3178392,2.297524,1.69652778,0.427637,48
2026-05-27 20:00:00,9231341.9,2842330.17101,9259846.745833334,2875066.3073509843,2.48335553,2.191924,1.86696562,0.797877,48
2026-05-28 00:00:00,9230192.7,2840868.709206,9230192.7,2840868.709206,2.46949602,2.190577,1.8648245,1.581613,1
2026-05-28 04:00:00,9127109.1,2715314.95725,9144631.231250001,2725901.31545247,2.59724138,2.177036,1.88310709,2.891199,48
2026-05-28 08:00:00,9056531.6,2673227.02851397,9086068.297916668,2695880.381976276,2.59668508,2.20189,1.88084465,3.405912,48
2026-05-28 12:00:00,9081417.3,2697180.9381,9071336.414583333,2677730.4943685024,2.59751037,2.225909,1.92055004,1.09347,48
2026-05-28 16:00:00,9132492.3,2832899.11146,9120072.081249999,2824709.541602504,2.27078086,2.29907,1.75646552,0.396185,48
2026-05-28 20:00:00,8997506.0,2769780.1004069,9067499.533333333,2809204.213617692,2.32,2.34525,1.71621622,3.014174,48
2026-05-29 00:00:00,8873205.9,2721412.24953,8946855.355319148,2753400.8541104156,2.34114583,2.218727,1.77454545,0.418659,47
2026-05-29 04:00:00,8759721.2,2665583.16116,8808610.077083332,2696824.680518642,2.34816754,2.169064,1.82014925,1.63168,48
2026-05-29 08:00:00,8701021.0,2629390.51038993,8736562.00625,2667175.4957669103,2.3989432,2.221769,1.82514881,1.304796,48
2026-05-29 12:00:00,8622576.4,2666962.88052,8659146.347916666,2614380.1959423567,2.31889764,2.139242,1.78270677,1.813853,48
2026-05-29 16:00:00,8856287.6,2671056.34016,8851903.039583333,2704911.4452238944,2.54951185,1.88061,1.93695823,0.946779,48
2026-05-29 20:00:00,8768106.0,2615386.6069146,8808462.737499999,2642480.235642233,2.58765778,1.953833,1.91686092,0.910872,48
2026-05-30 00:00:00,8776265.8,2617981.41446589,8749077.744680852,2624882.1522073494,2.59310345,2.13771,1.91916859,2.778934,47
2026-05-30 04:00:00,8669791.1,2583260.31953039,8738341.077083332,2604761.803043037,2.62121212,2.180125,1.94889397,1.313651,48
2026-05-30 08:00:00,8714643.8,2595220.92364,8650890.779166667,2582354.2956528976,2.60219479,2.107493,1.93197279,1.834884,48
2026-05-30 12:00:00,8696155.7,2574101.65470844,8694776.96875,2588074.4389586775,2.63636364,2.087481,1.92359551,2.947886,48
2026-05-30 16:00:00,8639311.1,2580994.191125,8651718.34375,2579024.876518541,2.65793103,2.159783,1.91178651,0.240122,48
2026-05-30 20:00:00,8519448.5,2521756.756,8604499.727083333,2559577.236199465,2.63028649,2.197206,1.91536748,0.724229,48
2026-05-31 00:00:00,8519158.3,2521670.8568,8519158.3,2521670.8568,2.64246575,2.196991,1.91895911,0.571683,1
2026-05-31 04:00:00,8589779.9,2560155.29522793,8574023.206249999,2564481.363953807,2.65890411,2.119321,1.95252449,3.674753,48
2026-05-31 08:00:00,8664558.0,2581586.34065472,8638706.139583332,2581253.127607361,2.62264151,2.092442,1.94875659,0.277426,48
2026-05-31 12:00:00,8684754.3,2555203.39805362,8676237.014583332,2576634.7319433456,2.5924933,2.071731,1.9478852,0.572026,48
2026-05-31 16:00:00,8800090.1,2589866.51643,8734626.589583334,2565055.368950037,2.67862069,2.112579,2.00464756,0.128822,48
2026-05-31 20:00:00,8809097.8,2591100.89152278,8826917.1,2603323.898549058,2.56763926,2.019957,1.96590909,1.35353,48
2026-06-01 00:00:00,8677421.0,2558103.7108,8715372.770212766,2566735.4951522457,2.38527607,2.055362,1.86719311,0.520305,47
2026-06-01 04:00:00,8714488.0,2503246.87395096,8712631.360416668,2535480.4000175563,2.32066508,2.205368,1.78502747,0.617311,48
2026-06-01 08:00:00,8863056.7,2537002.03123825,8740029.924999999,2513282.779355769,2.3262159,2.049076,1.8031768,0.67161,48
2026-06-01 12:00:00,8699267.9,2481031.20508,8738969.614583334,2488092.85498119,2.23617512,2.020812,1.72647849,1.058263,48
2026-06-01 16:00:00,8672413.3,2524539.51163,8678226.422916668,2513910.711750767,2.3321513,2.042767,1.79367263,1.421107,48
2026-06-01 20:00:00,8739690.6,2525770.5834,8711897.308333334,2514576.223635771,2.37769784,1.991465,1.82234559,1.692,48
2026-06-02 00:00:00,8624437.8,2486258.7936017,8682347.35319149,2488487.7493842714,2.37320574,1.991352,1.81560773,0.95115,47
2026-06-02 04:00:00,8633198.4,2455281.62496,8651404.897916667,2461118.063520783,2.29418605,2.093268,1.79277437,3.035225,48
2026-06-02 08:00:00,8664069.3,2467526.93664,8656667.260416666,2454371.1005447176,2.26736111,2.081612,1.74513749,0.391561,48
2026-06-02 12:00:00,8680093.4,2363589.43282,8718623.779166667,2443440.622464105,2.23943662,1.988094,1.73745704,0.727948,48
2026-06-02 16:00:00,8848709.6,2436675.26816162,8784262.847916666,2424861.167722625,2.26982249,2.009698,1.74155755,1.008537,48
2026-06-02 20:00:00,8854779.3,2379279.19791,8861060.620833334,2420542.7717025816,2.27651967,1.923365,1.77240896,0.507187,48
2026-06-03 00:00:00,8874129.8,2373051.46031654,8854220.423404254,2389349.70316608,2.23474178,1.921655,1.74228924,0.664131,47
2026-06-03 04:00:00,8921407.5,2471695.2181152,8885151.86875,2440722.512011901,2.15675057,1.948673,1.67892977,0.225562,48
2026-06-03 08:00:00,8926673.9,2472837.47795391,8908827.595833333,2469300.931536888,2.16551724,1.911533,1.70189702,1.296462,48
2026-06-03 12:00:00,8942882.0,2469129.7202,8942931.147916667,2486038.098309439,2.22419929,1.908467,1.74948097,0.508244,48
2026-06-03 16:00:00,9086545.3,2476747.45724962,8999484.65625,2462563.0038052197,2.30243902,1.930249,1.77707897,0.922536,48
2026-06-03 20:00:00,8926910.6,2426468.204739,8983358.895833334,2452193.553512775,2.324291,1.917429,1.78556412,0.913551,48
2026-06-04 00:00:00,8930092.4,2363795.45828,8826203.057446808,2332064.8106678077,2.26368159,1.833271,1.71803977,0.358957,47
2026-06-04 04:00:00,8524954.8,2207540.88168966,8681034.393749999,2261942.212155652,2.23479319,1.965303,1.70437196,0.282154,48
2026-06-04 08:00:00,8271629.3,2107445.713054,8407634.508333333,2145982.9047628883,2.23902439,2.164673,1.69359331,0.90604,48
2026-06-04 12:00:00,8229039.2,2163414.40568,8199135.475000001,2131540.972310483,2.22276622,2.24921,1.66850448,1.073693,48
2026-06-04 16:00:00,8218756.0,2146739.0672,8203644.916666667,2145294.5189149873,2.13033175,2.232058,1.61994609,2.780648,48
2026-06-04 20:00:00,8203742.9,2113284.17104,8222374.997916666,2110002.2445073123,2.11124122,2.234742,1.63513514,0.850457,48
2026-06-05 00:00:00,8252333.0,2076286.9828,8169332.906382979,2082952.75150783,2.26262626,2.124401,1.73165468,0.532379,47
2026-06-05 04:00:00,7947398.0,1944613.053329,8181815.833333333,2025782.18210724,2.59854015,2.049493,1.94403893,0.49566,48
2026-06-05 08:00:00,7940422.5,1931110.752,7925514.73125,1928337.359694122,2.52714286,2.047052,1.9129393,1.763032,48
2026-06-05 12:00:00,8081671.5,1899192.8025,8022152.720833334,1929578.134497597,2.71558245,2.110575,2.01754386,0.930477,48
2026-06-05 16:00:00,8052511.4,1868845.36648822,8087908.014583333,1899194.4186043774,2.52995392,2.076304,1.94339623,0.813862,48
2026-06-05 20:00:00,8162116.8,1910941.96506494,8054670.777083334,1901736.5198954884,2.6576,2.274765,1.96382429,1.480452,48
2026-06-06 00:00:00,8161007.1,1913241.53184227,8161007.1,1913241.53184227,2.6576,2.272409,1.96468562,1.255091,1
2026-06-06 04:00:00,7827253.5,1815140.08665,7891800.75,1795037.937984682,2.59936407,2.248021,1.88992379,0.130961,48
2026-06-06 08:00:00,7954559.5,1837998.57492007,7908460.14375,1829243.5653427634,2.6211878,2.253551,1.90590248,1.87444,48
2026-06-06 12:00:00,7949638.2,1857035.48352,7959250.035416666,1856813.2053393312,2.53761755,2.138769,1.88270042,0.655184,48
2026-06-06 16:00:00,8030076.5,1870204.81685,8001160.3625,1873821.1585131104,2.55942948,2.084952,1.89228159,0.943822,48
2026-06-06 20:00:00,8068810.7,1891329.22808,8057340.943750001,1878626.6104995075,2.55063291,2.084069,1.91103507,15.332883,48
2026-06-07 00:00:00,7942971.9,1899958.87848,7974096.814893617,1904714.5212149322,2.56752412,2.076675,1.93576389,1.591031,47
2026-06-07 04:00:00,7968336.1,1925946.83537,7959267.266666667,1913362.2081134112,2.5126183,2.086459,1.91903531,1.809247,48
2026-06-07 08:00:00,7936893.4,1927871.40686,7952569.958333333,1932200.6362526165,2.54326923,2.077683,1.91341991,0.177047,48
2026-06-07 12:00:00,7899236.4,1896936.13679024,7908812.052083333,1902504.0654300672,2.56451613,2.087878,2.00180505,0.469632,48
2026-06-07 16:00:00,7899341.0,1878495.28213105,7907172.25,1905225.8052965654,2.64026403,2.137744,2.01271571,0.900008,48
2026-06-07 20:00:00,7957584.6,1950403.98546,7926393.739583333,1915490.0069987664,2.44186047,2.050553,1.94268078,1.501657,48
2026-06-08 00:00:00,7823636.7,1918279.28190944,7872737.095744681,1931240.5410335546,2.48142415,2.170804,1.94537445,0.729498,47
2026-06-08 04:00:00,7765449.8,1911853.74076,7792853.825,1901969.885555259,2.58346582,2.171184,2.02081448,0.536365,48
2026-06-08 08:00:00,8064113.4,2005813.77947962,7994792.364583333,1981698.3102907713,2.54444444,2.154912,2.03184713,2.113112,48
2026-06-08 12:00:00,7909255.8,1973359.3221,7963905.441666666,1989344.6507278916,2.51181102,2.239499,2.02355072,0.182484,48
2026-06-08 16:00:00,7852548.1,1959996.00576,7875777.183333334,1969238.7390492575,2.67105263,2.265677,2.07451702,0.24078,48
2026-06-08 20:00:00,7905103.1,1938130.41145023,7903969.904166666,1963652.1800989714,2.67763158,2.219087,2.08703704,0.538683,48
2026-06-09 00:00:00,7916772.0,1901965.99748808,7876601.699999999,1905310.2604063652,2.81431005,2.282405,2.11947319,0.862079,47
2026-06-09 04:00:00,7989345.7,1948601.41623,7940233.935416666,1939766.7222546283,2.76755853,2.306697,2.13533835,1.152236,48
2026-06-09 08:00:00,7942852.0,1923310.7775472,7957110.327083333,1927494.628823303,2.71661238,2.345625,2.10865562,3.157209,48
2026-06-09 12:00:00,7958657.4,1894380.04055767,7933101.516666667,1909368.2273421765,2.73158756,2.395779,2.1505174,2.162588,48
2026-06-09 16:00:00,7921353.7,1932994.39505999,7924814.164583333,1904847.142139225,2.65396825,2.399984,2.06974638,2.249183,48
2026-06-09 20:00:00,7867904.3,1907966.79275,7880206.683333334,1920282.7486911856,2.62282092,2.438947,2.07614679,0.639824,48
2026-06-10 00:00:00,7934960.8,1942131.01125618,7920543.236170214,1932881.4856794127,2.57632399,2.477466,2.06425339,1.244122,47
2026-06-10 04:00:00,7893755.0,1935548.726,7916521.806249999,1949555.222816367,2.48024316,2.454947,1.97195443,0.457645,48
2026-06-10 08:00:00,7759241.2,1862586.29677218,7833496.645833333,1894731.6522432715,2.57413249,2.521568,2.02815622,1.20231,48
2026-06-10 12:00:00,7783415.0,1913941.7485,7778745.077083333,1896438.1599053321,2.5,2.401965,2.02173913,3.799229,48
2026-06-10 16:00:00,7654726.8,1830361.83591643,7736822.010416667,1873966.9860591358,2.36920777,2.423094,1.99189919,0.684087,48
2026-06-10 20:00:00,7471456.5,1785327.76690472,7545009.95625,1792846.037090458,2.29689808,2.401019,1.92579505,0.391056,48
2026-06-11 00:00:00,7423580.3,1796506.4326,7421381.242553191,1796363.5417482061,2.2503639,2.340211,1.92901508,1.926817,47
2026-06-11 04:00:00,7569900.9,1850202.09751107,7514696.8875,1842400.130136216,2.26686217,2.293059,1.95593525,0.472061,48
2026-06-11 08:00:00,7799371.5,1911625.95465,7657678.552083333,1874601.9746592443,2.25931232,2.098175,1.9129678,2.014214,48
2026-06-11 12:00:00,7835538.8,1904819.48228,7832974.460416667,1907068.6492823332,2.36176471,1.977456,1.94764398,0.842254,48
2026-06-11 16:00:00,7949685.8,1955622.7068,7931069.193750001,1946448.2134119577,2.40500736,1.874503,1.98151408,1.559489,48
2026-06-11 20:00:00,7860968.9,1929081.76806,7910077.3125,1938025.3781433783,2.4375,1.929863,2.06187443,6.879794,48
2026-06-12 00:00:00,7902679.1,1936946.64741,7894995.99787234,1938098.7420609503,2.52272727,1.922696,2.07727273,2.011617,47
2026-06-12 04:00:00,7887552.0,1917463.8912,7902845.579166667,1929858.7968646076,2.43510324,1.883217,2.00976043,1.284696,48
2026-06-12 08:00:00,7795379.2,1910647.44192,7824956.460416667,1916687.3810814794,2.34820144,1.865965,1.98858648,0.937611,48
2026-06-12 12:00:00,8028505.8,1948863.34255423,7936631.8,1933501.8985854138,2.34527221,1.781108,1.991274,2.753322,48
2026-06-12 16:00:00,8460519.1,2017237.76177941,8213837.745833334,1977185.0992194118,2.28650904,1.791857,1.96486718,0.156039,48
2026-06-12 20:00:00,8472652.5,2021574.8865,8433809.21875,2015377.4063234637,2.28254848,1.775033,1.87726524,4.524583,48
2026-06-13 00:00:00,8378733.6,2003355.20376,8393565.827659573,2009598.756404508,2.26666667,1.786241,1.84918033,0.610626,47
2026-06-13 04:00:00,8525174.0,2079289.9386,8451580.966666667,2023031.7872747655,2.22451791,1.649751,1.83265306,0.856783,48
2026-06-13 08:00:00,8270516.7,2019660.17814,8413472.768749999,2054889.740683117,2.28471248,1.769014,1.85502471,4.557927,48
2026-06-13 12:00:00,8179506.3,1983986.03984104,8223693.40625,2001965.9214445662,2.23342541,1.868727,1.79856115,0.527352,48
2026-06-13 16:00:00,8162029.6,1974688.38520412,8183657.033333334,1975751.8163900385,2.28429986,1.862914,1.7875895,0.089453,48
2026-06-13 20:00:00,8210709.8,1975496.77788,8180527.975000001,1974942.8500086705,2.25698324,1.818679,1.78343949,18.825407,48
2026-06-14 00:00:00,8216272.0,1976013.416,8216272.0,1976013.416,2.27208976,1.8228,1.79983987,1.806853,1
2026-06-14 04:00:00,8307186.7,1988194.87995754,8303748.183333334,1991377.8415569386,2.30379747,1.890885,1.79983987,1.364236,48
2026-06-14 08:00:00,8248092.8,1974593.41632,8345546.260416667,1999926.855806308,2.25068871,1.93558,1.75567737,0.467409,48
2026-06-14 12:00:00,8282570.0,1968766.889,8279189.70625,1970874.4982297139,2.28888889,1.941236,1.73631457,1.233864,48
2026-06-14 16:00:00,8431939.4,1993310.47416,8365609.977083333,1980533.4457824088,2.24829468,1.94915,1.75116279,0.132175,48
2026-06-14 20:00:00,8387202.4,2073202.45119938,8412780.30625,2040482.470734504,2.18783784,1.837734,1.7370892,1.958608,48
2026-06-15 00:00:00,8384844.2,2072076.70139381,8384844.2,2072076.70139381,2.19783198,1.839708,1.74509804,0.764697,1
2026-06-15 04:00:00,8337068.4,2065925.54952,8272297.666666667,2044490.19764926,2.34950071,1.825268,1.79570747,0.077985,48
2026-06-15 08:00:00,8171895.8,2059904.48371844,8195427.589583334,2035316.9622927245,2.24033149,1.853744,1.73240526,1.176158,48
2026-06-15 12:00:00,8138348.0,2093818.05951096,8183554.152083334,2080317.1264874653,2.29957204,1.890458,1.81188925,1.073815,48
2026-06-15 16:00:00,8212611.6,2126874.80417137,8064903.052083333,2099848.3397550266,2.22145805,1.971498,1.74862529,1.089776,48
2026-06-15 20:00:00,7838590.4,1989434.24352,7930353.939583334,2027278.3367070865,2.33001422,1.999208,1.85679214,0.886493,48
2026-06-16 00:00:00,7842764.9,1990493.73162,7842764.9,1990493.73162,2.3314367,2.001827,1.85924714,0.415306,1
2026-06-16 04:00:00,8268752.7,2096156.34439649,8261500.733333333,2077396.2758579531,2.23577236,2.302169,1.75470219,0.811598,48
2026-06-16 08:00:00,8188726.4,2097951.70368,8208172.991666667,2105641.044310162,2.27486188,2.282932,1.78743961,2.110845,48
2026-06-16 12:00:00,8144328.1,2079246.96393,8179038.40625,2088766.865534817,2.3832853,2.277014,1.84171476,1.200119,48
2026-06-16 16:00:00,8414883.6,2191374.45087056,8410017.047916668,2189042.0705544283,2.30392157,2.199614,1.78007968,1.274333,48
2026-06-16 20:00:00,8232158.6,2130482.64568,8356520.239583333,2185793.5253240867,2.29817159,2.179492,1.81442464,0.416624,48
2026-06-17 00:00:00,8229284.5,2131384.6855,8229284.5,2131384.6855,2.31029619,2.182921,1.81832928,0.922054,1
2026-06-17 04:00:00,8475577.1,2154491.69882,8357821.087499999,2148002.4925414203,2.43906021,1.938707,1.93734124,0.322208,48
2026-06-17 08:00:00,8473987.6,2141376.66652,8483482.185416667,2149076.705208155,2.4719764,1.967942,1.98529412,0.631106,48
2026-06-17 12:00:00,8386554.9,2158699.23126,8427765.008333333,2146375.342259016,2.34708393,2.001212,1.88519135,0.591241,48
2026-06-17 16:00:00,8306705.6,2096404.8258,8356715.304166667,2157752.2328633363,2.32348805,1.965632,1.84918033,1.410441,48
2026-06-17 20:00:00,8298659.3,2100460.12860834,8305887.83125,2103503.404965525,2.43906021,2.038982,1.95217763,1.632505,48
2026-06-18 00:00:00,8299678.9,2099244.50691691,8299678.9,2099244.50691691,2.45642541,2.040315,1.9572284,1.263245,1
2026-06-18 04:00:00,8105842.5,2026905.31151955,8151573.95625,2026355.041133373,2.48,2.155121,1.92060811,0.117171,48
2026-06-18 08:00:00,8053062.9,1982664.08598,8057399.316666666,2001887.4098042457,2.4702381,2.239055,1.88190955,1.958822,48
2026-06-18 12:00:00,7923171.3,1894430.25783,7975459.51875,1964905.3569437368,2.43004418,2.235942,1.89558574,0.238831,48
2026-06-18 16:00:00,8052987.7,1974592.58404,8021743.64375,1945291.678762756,2.2915493,2.196103,1.78317152,2.114725,48
2026-06-18 20:00:00,8070372.2,1979417.44556745,8049319.664583333,1966642.1413588754,2.32859175,2.180885,1.80016247,1.394931,48
2026-06-19 00:00:00,8170898.0,1984711.1242,8087317.79787234,1984100.5629713815,2.37101449,2.078939,1.87772194,0.142179,47
2026-06-19 04:00:00,8186766.1,1976285.33654,8179375.333333333,1979474.6730571159,2.38394161,2.073878,1.860601,1.89337,48
2026-06-19 08:00:00,8230721.4,1982917.99138574,8213587.243749999,1986751.5521620521,2.34149856,2.049429,1.83761392,0.36084,48
2026-06-19 12:00:00,8380653.1,2036498.7033,8319797.25,2015653.585756472,2.2893617,1.890512,1.81030253,0.811645,48
2026-06-19 16:00:00,8475773.5,2043178.01189483,8429975.545833332,2037535.9711224765,2.28270042,1.85165,1.85714286,0.558908,48
2026-06-19 20:00:00,8373863.5,2019288.93603748,8439023.389583332,2031841.9160199882,2.2971831,1.841623,1.7936,0.317972,48
2026-06-20 00:00:00,8382630.7,2016022.68335,8375611.025531915,2022780.8726407283,2.31364276,1.934664,1.78696343,0.357159,47
2026-06-20 04:00:00,8396763.7,2021313.2088087,8408751.095833333,2031152.3945530157,2.375,1.923387,1.82051282,0.620507,48
2026-06-20 08:00:00,8352127.0,2010356.9689,8383160.552083333,2026932.1793760618,2.38538682,1.895996,1.81992032,0.383992,48
2026-06-20 12:00:00,8350548.0,2022915.74370408,8409207.700000001,2022024.776953345,2.41702742,1.87832,1.87520259,0.693429,48
2026-06-20 16:00:00,8335151.4,2004953.07119215,8309416.885416667,1999158.2911126344,2.42775393,1.898014,1.90642799,0.730771,48
2026-06-20 20:00:00,8307536.5,2017983.691215,8342756.829166667,2016638.363283673,2.32458564,1.88903,1.86421725,0.071854,48
2026-06-21 00:00:00,8318481.8,2021637.05490683,8336843.9,2032812.9900720234,2.40112994,1.900567,1.87610619,0.300273,47
2026-06-21 04:00:00,8364750.2,2018693.02038417,8346400.772916667,2017941.5846831675,2.45350501,1.905722,1.96192053,0.646267,48
2026-06-21 08:00:00,8448865.4,2025193.03638,8402264.664583333,2024344.037722143,2.4620887,1.939125,1.9408867,0.608078,48
2026-06-21 12:00:00,8494054.9,2045855.12926577,8460164.8375,2034741.4890509841,2.4804631,1.94994,1.92307692,0.709173,48
2026-06-21 16:00:00,8480499.9,2038276.70229014,8480436.289583333,2033591.2286670653,2.38674033,1.970959,1.84513619,0.200785,48
2026-06-21 20:00:00,8342131.7,1962403.061108,8378807.652083334,1987886.9410982362,2.28954424,1.9511,1.76835731,0.511642,48
2026-06-22 00:00:00,8249174.3,1971415.14396442,8298087.465957446,1986559.3397798785,2.225,1.986337,1.72559172,0.131858,47
2026-06-22 04:00:00,8142330.5,1967187.0488,8233490.858333333,1981729.095618691,2.26379542,1.979487,1.78214011,1.048155,48
2026-06-22 08:00:00,8133201.8,1992634.441,8154038.825,1974062.8121248682,2.23087248,2.018057,1.75803982,1.179026,48
2026-06-22 12:00:00,8251637.6,2017680.77153601,8211484.766666667,2016220.531679026,2.29120879,1.932512,1.79688716,0.468252,48
2026-06-22 16:00:00,8262534.1,2030687.46752541,8249837.4875,2021258.2431946741,2.34764543,1.97527,1.81846393,0.869319,48
2026-06-22 20:00:00,8375277.0,2057199.69136182,8314685.735416667,2057227.2373919385,2.27875507,1.768111,1.95623452,5.355722,48
2026-06-23 00:00:00,8373811.5,2057087.92379895,8373811.5,2057087.92379895,2.27395412,1.771818,1.95383347,0.543566,1
