datetime,sum_open_interest_last,sum_open_interest_value_last,sum_open_interest_mean,sum_open_interest_value_mean,count_toptrader_long_short_ratio_last,sum_toptrader_long_short_ratio_last,count_long_short_ratio_last,sum_taker_long_short_vol_ratio_last,observations
2025-01-01 00:00:00,129501176.0,43942712.00370688,129951208.19148937,44115467.583480574,1.60065179,1.342311,1.64553314,1.124911,47
2025-01-01 04:00:00,132059287.0,46084792.77284776,131783610.875,45868650.18630892,1.9624018,1.25351,2.03451528,0.765334,48
2025-01-01 08:00:00,142693345.0,51669260.2245,132169200.75,45934587.19600143,1.52887259,1.272732,1.61549017,1.226758,48
2025-01-01 12:00:00,171842753.0,65748755.72533,160275737.6875,59660739.59493598,1.23477661,1.109095,1.24456522,0.699561,48
2025-01-01 16:00:00,199424407.0,85840241.74908,191240276.97916666,77870453.8877298,1.01149722,1.069071,0.99860263,0.627454,48
2025-01-01 20:00:00,211200346.0,89754731.87312856,207887242.875,88740992.27567743,1.12613187,1.121769,1.01685016,1.220353,48
2025-01-02 00:00:00,214888766.0,93329160.83654611,215360298.17021278,94052493.0259282,1.11916718,1.134919,1.07405855,0.6806,47
2025-01-02 04:00:00,205917138.0,86765245.26768,212269860.0,89775571.98741557,1.46434519,1.186417,1.354424,1.12721,48
2025-01-02 08:00:00,203715833.0,87674244.40769994,205603154.41666666,87974173.42583151,1.21565046,1.145803,1.20177994,1.262902,48
2025-01-02 12:00:00,202275787.0,86436489.30084,202745110.22916666,86744353.69755884,1.1925564,1.136973,1.14252703,1.165966,48
2025-01-02 16:00:00,205399267.0,88647008.49303062,205443696.60416666,89585723.10943238,1.19511836,1.151552,1.11593087,0.971134,48
2025-01-02 20:00:00,198110621.0,85848050.01045811,200029335.0625,86277240.88830328,1.19364554,1.156887,1.12197898,0.433865,48
2025-01-03 00:00:00,198184836.0,85609075.19430552,198184836.0,85609075.19430552,1.43545957,1.159226,1.33165829,0.382854,1
2025-01-03 04:00:00,210253072.0,94887211.3936,209055943.22916666,93992799.9703633,1.16919083,1.161419,1.05559774,1.623749,48
2025-01-03 08:00:00,208357718.0,93240078.805,208073927.04166666,93239857.44289935,1.21721913,1.193455,1.09975254,0.881946,48
2025-01-03 12:00:00,206869220.0,91704140.5285128,209236453.54166666,92761272.38772993,1.27538462,1.198182,1.17813839,0.64885,48
2025-01-03 16:00:00,201416099.0,91296149.11962464,203798187.97916666,91204469.29276556,1.23272451,1.239103,1.13854608,1.551528,48
2025-01-03 20:00:00,201188049.0,90213652.67226689,199657954.625,89747728.15352975,1.26657437,1.266436,1.1847786,0.453118,48
2025-01-04 00:00:00,209619462.0,97619783.4534,208240146.9787234,96994777.6203643,1.60063336,1.371879,1.4667593,0.658683,47
2025-01-04 04:00:00,205323897.0,94921720.09425795,206891688.02083334,95958298.88414007,1.40409836,1.369316,1.30464508,1.528248,48
2025-01-04 08:00:00,200190363.0,91815308.08632,201609361.5625,92338844.03696655,1.40078457,1.390181,1.31033453,1.943458,48
2025-01-04 12:00:00,192075613.0,85746395.15546,200446559.16666666,91499754.66176425,1.43954553,1.382206,1.34641816,0.913863,48
2025-01-04 16:00:00,190630683.0,85734243.37242,190274237.33333334,85468808.32650214,1.46510044,1.356621,1.40497761,2.057638,48
2025-01-04 20:00:00,192746866.0,87146640.52458,191805124.52083334,86426516.1777089,1.41102336,1.321557,1.36839394,1.476646,48
2025-01-05 00:00:00,192363956.0,86565703.83956,192363956.0,86565703.83956,1.43213861,1.323276,1.39478079,0.4439,1
2025-01-05 04:00:00,189919305.0,84497738.67283951,190648749.83333334,85272382.64436936,1.7447095,1.372397,1.69812672,0.321212,48
2025-01-05 08:00:00,185458784.0,81288472.99762112,187554440.0,82206983.42860796,1.85870667,1.444913,1.75163077,0.483989,48
2025-01-05 12:00:00,181211292.0,79321149.50991371,183605143.27083334,80561252.62594128,1.86725664,1.447903,1.81249198,1.507986,48
2025-01-05 16:00:00,182051122.0,79873109.26628,181413101.3125,79462201.38050923,1.82176816,1.423539,1.76523162,1.836486,48
2025-01-05 20:00:00,180036217.0,79361764.81577,181203956.10416666,79817340.15894581,1.79306172,1.402338,1.69974716,0.76923,48
2025-01-06 00:00:00,177146763.0,79333406.34192,179227893.85106382,79362546.4488825,1.72300656,1.401091,1.66747202,1.69213,47
2025-01-06 04:00:00,176562280.0,78497776.3933844,178881376.83333334,80238308.2309634,1.77196567,1.392139,1.69852751,0.233968,48
2025-01-06 08:00:00,176675468.0,79906441.45014144,175979799.3125,78516778.65189415,1.74535166,1.401956,1.66158498,0.79615,48
2025-01-06 12:00:00,180360228.0,82612528.89233723,178396202.97916666,80909426.14263351,1.67242418,1.465158,1.59592551,0.87503,48
2025-01-06 16:00:00,181203584.0,81854065.76396288,181240477.9375,82571058.59093371,1.42885881,1.504709,1.37203196,0.747471,48
2025-01-06 20:00:00,182201099.0,81264525.20310044,181362344.29166666,81131093.90868703,1.46261769,1.550892,1.4850729,1.241124,48
2025-01-07 00:00:00,182474352.0,81484462.00968194,182474352.0,81484462.00968194,1.46224848,1.550515,1.48122906,2.69835,1
2025-01-07 04:00:00,181639106.0,82114709.54631296,179894370.04166666,80825600.11207181,1.45315099,1.514334,1.37254451,0.341135,48
2025-01-07 08:00:00,186301204.0,84495124.44565365,185486654.77083334,84914412.46518336,1.72909496,1.589926,1.58920907,1.680838,48
2025-01-07 12:00:00,179685508.0,77479665.12014768,188741860.4375,85455381.24147809,1.94532506,1.478014,1.77577536,1.850008,48
2025-01-07 16:00:00,172606390.0,72044184.5742278,173313633.0,74361563.33649988,2.06177701,1.48924,1.88887227,0.765013,48
2025-01-07 20:00:00,171298344.0,71565022.15632,171833914.60416666,72295023.89914419,1.62955771,1.456043,1.45983237,0.830066,48
2025-01-08 00:00:00,171449544.0,71598219.39753336,171449544.0,71598219.39753336,1.63510592,1.458133,1.46232258,0.961381,1
2025-01-08 04:00:00,177236586.0,75386642.50119421,177571607.72916666,75421486.9144734,1.69199134,1.44307,1.60751346,1.824664,48
2025-01-08 08:00:00,179404769.0,76569429.75322683,180523501.64583334,77282271.49514325,1.70414847,1.466291,1.61219384,1.28548,48
2025-01-08 12:00:00,177788897.0,73364588.34705,180863819.77083334,76565736.4269292,1.95351021,1.442083,1.9457285,1.356302,48
2025-01-08 16:00:00,164184559.0,67674001.9900175,155595004.79166666,63378712.55564123,1.64058296,1.467337,1.55834483,0.723791,48
2025-01-08 20:00:00,164503587.0,70134459.28158,162164782.35416666,67648429.97296056,1.6109238,1.453834,1.52339664,1.363036,48
2025-01-09 00:00:00,164114309.0,67867233.96777524,165657970.27659574,69565151.05553122,2.21473684,1.397127,2.12683884,1.077285,47
2025-01-09 04:00:00,160714109.0,64305266.792708896,163350928.02083334,66988006.64104008,2.27175368,1.42303,2.19415693,0.958938,48
2025-01-09 08:00:00,159446154.0,63756139.13844,159673603.10416666,64255818.406275116,2.34,1.435132,2.26991981,0.808932,48
2025-01-09 12:00:00,154137768.0,63027856.62043032,158045829.8125,62806123.38487133,1.79985636,1.447837,1.75177412,0.954591,48
2025-01-09 16:00:00,148867793.0,58246974.375122786,150439315.85416666,60524383.653606184,1.76513374,1.452948,1.79909297,0.718081,48
2025-01-09 20:00:00,147787330.0,57781890.2834,147687454.375,57886939.29867748,1.66885617,1.496023,1.71953921,0.772112,48
2025-01-10 00:00:00,149188704.0,59308995.07296288,149286982.0425532,58757053.46992462,2.01204202,1.453779,2.02109426,0.674358,47
2025-01-10 04:00:00,153042510.0,61971503.5743,150821869.72916666,60114865.04274956,1.50608065,1.499656,1.52586207,0.730278,48
2025-01-10 08:00:00,153725699.0,62193671.52011537,152988298.08333334,61895071.27750585,1.50426076,1.501244,1.52262536,0.808706,48
2025-01-10 12:00:00,152031627.0,61785653.2128,153709444.6875,62087115.44350179,1.94595972,1.599037,1.8864288,0.669979,48
2025-01-10 16:00:00,160897961.0,68038920.76807,155404841.47916666,63695043.14286504,1.48707541,1.574816,1.43531909,0.935549,48
2025-01-10 20:00:00,161308340.0,66788105.0936,162026838.89583334,67634235.09441279,1.51754575,1.529,1.46683538,0.71025,48
2025-01-11 00:00:00,161307234.0,66827970.74771532,161307234.0,66827970.74771532,1.53129738,1.532841,1.47447207,1.207921,1
2025-01-11 04:00:00,155893540.0,63134090.0877632,157511567.1875,63840333.9401947,1.6078559,1.531514,1.58770737,0.872642,48
2025-01-11 08:00:00,161978199.0,69106348.04550219,155935326.75,64199129.68315218,1.56755612,1.519809,1.44645323,1.328401,48
2025-01-11 12:00:00,166807147.0,70495387.58533818,163595979.60416666,68619973.75403757,1.64516825,1.427046,1.52898085,0.482605,48
2025-01-11 16:00:00,170507191.0,73937534.52447154,168721725.83333334,72331201.89694124,1.651341,1.364257,1.5727227,1.38848,48
2025-01-11 20:00:00,174113318.0,77651947.28069498,173553978.4375,77192112.0731754,2.11368793,1.341641,1.94690137,0.93072,48
2025-01-12 00:00:00,171829060.0,75127101.6132,173538728.31914893,75882241.02350597,2.34927727,1.385412,2.07700422,1.313774,47
2025-01-12 04:00:00,172752297.0,75577633.90260798,172077249.625,75332759.38592441,2.27992038,1.379317,1.99986088,0.886414,48
2025-01-12 08:00:00,170560032.0,72726159.75028032,173136133.41666666,74642458.34631594,2.42971992,1.369249,2.15123232,0.688662,48
2025-01-12 12:00:00,167736573.0,71885185.72488,167840549.125,71784537.72254938,2.42472689,1.334407,2.20634191,0.583763,48
2025-01-12 16:00:00,166987234.0,71310228.40736,167682028.64583334,71942761.53480114,2.46902174,1.342469,2.26835006,0.288591,48
2025-01-12 20:00:00,161073276.0,68059839.22246236,163354876.52083334,69220433.1550693,2.36856152,1.388233,2.2607103,0.518145,48
2025-01-13 00:00:00,158905373.0,66943669.838923566,159809904.82978722,68191253.53114758,1.59298464,1.37272,1.58634021,1.103737,47
2025-01-13 04:00:00,155430673.0,63989253.76737,157020600.58333334,65842376.14743271,2.13350318,1.392626,2.02375843,0.876017,48
2025-01-13 08:00:00,158666314.0,62903260.1853,156195226.77083334,63334507.31855229,2.18921804,1.420057,2.05355997,1.244141,48
2025-01-13 12:00:00,155926334.0,64525870.570351854,158578369.77083334,64066448.87400538,1.66659034,1.367905,1.57212885,0.817991,48
2025-01-13 16:00:00,157930898.0,64882343.36362316,156998337.85416666,64766787.284898885,1.63591022,1.410391,1.55416667,1.131647,48
2025-01-13 20:00:00,157478318.0,66010186.55606,158289139.625,66236639.92411915,1.58881432,1.472379,1.51746996,1.148344,48
2025-01-14 00:00:00,157365950.0,65982949.565368496,157365950.0,65982949.565368496,1.58627626,1.471063,1.5137893,1.614567,1
2025-01-14 04:00:00,158805852.0,66042378.45945684,159256661.27083334,66804688.29588411,1.64505566,1.34288,1.5809864,0.338865,48
2025-01-14 08:00:00,159009980.0,66695146.0112,158595776.35416666,66946579.306409955,1.61276128,1.307295,1.53554763,2.790419,48
2025-01-14 12:00:00,158071310.0,66609669.3209,157518735.95833334,66117037.17365051,1.57961505,1.27041,1.55238095,3.319156,48
2025-01-14 16:00:00,159105394.0,68483734.73942,156785179.35416666,67207940.67839839,1.58547194,1.345822,1.54578955,2.144968,48
2025-01-14 20:00:00,158673880.0,68128591.5871568,158357994.16666666,67966273.6923648,2.09684156,1.329943,1.9837751,1.637795,48
2025-01-15 00:00:00,182579098.0,84486651.80852,170171061.6382979,76621950.66675782,1.89154741,1.423997,1.77889588,1.910754,47
2025-01-15 04:00:00,203148298.0,96662348.1916368,193664660.16666666,90395661.41691346,1.51770317,1.374263,1.53901954,1.03471,48
2025-01-15 08:00:00,207846717.0,94956851.12862,208228512.5625,97157309.2530703,1.96936057,1.483537,1.84105431,1.50296,48
2025-01-15 12:00:00,208262430.0,101011443.7986,204576834.875,95894159.73237501,1.49331104,1.477075,1.48614465,0.653246,48
2025-01-15 16:00:00,204658443.0,96557853.4074,207425285.3125,98635500.64483882,1.58125604,1.51203,1.57690929,0.764044,48
2025-01-15 20:00:00,224422258.0,110297116.84197605,212225981.125,102086746.85126923,1.57590223,1.671135,1.62083484,0.767001,48
2025-01-16 00:00:00,224780917.0,109674053.04794843,224780917.0,109674053.04794843,1.5804102,1.66492,1.61225962,0.786217,1
2025-01-16 04:00:00,217676972.0,103692602.38192,216882758.47916666,103085823.14625438,2.39178082,1.773401,2.12987576,0.65781,48
2025-01-16 08:00:00,232846580.0,113416372.1344566,221053655.91666666,105461542.89085318,1.81926204,1.843799,1.67546141,0.855723,48
2025-01-16 12:00:00,244672173.0,122668840.65528,250393532.08333334,125064155.74007827,2.19875479,1.848434,2.0014247,1.477126,48
2025-01-16 16:00:00,249689035.0,126143564.6548331,248872882.22916666,125500300.66111533,2.24373359,1.861671,2.07733408,0.579664,48
2025-01-16 20:00:00,244466461.0,117668459.84295282,246659898.64583334,120855134.69010681,2.41929134,1.884353,2.26764877,0.916565,48
2025-01-17 00:00:00,234742493.0,115054680.81812978,239009074.9574468,117025967.36323884,1.79924916,1.981853,1.83588594,0.86678,47
2025-01-17 04:00:00,236384597.0,115060665.90356012,234442699.27083334,115104238.88126571,1.82501964,1.9679,1.88392303,0.304363,48
2025-01-17 08:00:00,240078956.0,116984048.34514788,235166966.75,113968380.30851717,2.37882624,1.863073,2.37608513,0.505686,48
2025-01-17 12:00:00,239362168.0,113941179.21136,241040804.22916666,116163509.61169958,2.43240697,1.867853,2.43246735,0.501286,48
2025-01-17 16:00:00,236777576.0,114088907.21984,236836789.08333334,113842890.59507139,2.37982882,1.894463,2.37444134,0.92246,48
2025-01-17 20:00:00,238451476.0,116326349.27496175,237085090.64583334,115351240.1330409,2.30523656,1.89311,2.26391581,1.183712,48
2025-01-18 00:00:00,239893765.0,113033144.1927,241958356.31914893,116030122.18287997,2.57128954,1.932737,2.44663915,1.053705,47
2025-01-18 04:00:00,232609728.0,106716635.18550529,233270285.41666666,108423285.1982519,2.61893823,1.974788,2.46188341,0.807883,48
2025-01-18 08:00:00,228065654.0,105407160.46137908,231232883.70833334,106019820.18399556,2.02209352,2.097496,1.99098493,1.282058,48
2025-01-18 12:00:00,206744418.0,98278194.00345856,219207642.625,102945108.5096171,1.73176612,1.607342,1.66925097,0.815265,48
2025-01-18 16:00:00,206012161.0,98972362.38762,206512621.10416666,98142027.35932545,1.75718391,1.638299,1.70875529,2.308863,48
2025-01-18 20:00:00,205579909.0,101086856.52507676,206372602.08333334,98835894.56155293,2.14158043,1.588182,2.02273054,1.500996,48
2025-01-19 00:00:00,204630842.0,99257812.63467708,205643724.17021278,100436533.84687862,1.7394025,1.729834,1.73200258,1.917283,47
2025-01-19 04:00:00,212860858.0,101345183.10238,206859390.125,98940242.8978334,2.27152642,1.697003,2.11854742,0.661824,48
2025-01-19 08:00:00,208749510.0,93403308.6908955,209684622.625,96861401.57449168,2.3893617,1.809824,2.22231284,0.459328,48
2025-01-19 12:00:00,204037041.0,94285516.6461,205299436.20833334,94310638.2915446,1.81151489,1.830215,1.78676988,0.887355,48
2025-01-19 16:00:00,204716970.0,96396565.9091022,204640441.8125,95778894.79306549,1.7839948,1.815318,1.76630435,1.883612,48
2025-01-19 20:00:00,183845298.0,79616044.75188,197121844.375,89305243.52252759,2.3683619,1.908832,2.14856646,1.008125,48
2025-01-20 00:00:00,178789980.0,80085713.9875644,179551405.08510637,78396334.86595175,1.69327731,1.68509,1.74115456,1.627779,47
2025-01-20 04:00:00,180149603.0,84546862.29155219,179409111.875,81367891.86408202,1.58898209,1.804308,1.66454738,0.708467,48
2025-01-20 08:00:00,184910938.0,87370418.205,181600757.54166666,85532561.54217042,1.66666667,1.84945,1.71513489,1.199323,48
2025-01-20 12:00:00,189186630.0,87415617.7707249,188360748.75,87122654.80936535,2.18141957,1.842226,2.1502627,0.763021,48
2025-01-20 16:00:00,185451329.0,83486479.28922,187738903.66666666,85108345.26571019,2.19717514,1.834833,2.14679232,1.82325,48
2025-01-20 20:00:00,185175390.0,82316017.9684539,185139220.83333334,83088447.59695986,1.66405694,1.837375,1.71359147,0.596913,48
2025-01-21 00:00:00,184115994.0,81001995.42353466,184241359.21276596,81650933.7551684,2.28840125,1.894683,2.19100092,1.421163,47
2025-01-21 04:00:00,182625241.0,79118851.86483666,182669822.08333334,79304092.6760364,2.24315165,1.904845,2.14751722,0.719829,48
2025-01-21 08:00:00,178576331.0,78466439.8414,179749132.64583334,78352676.52363819,2.19016213,1.914733,2.1889905,0.754256,48
2025-01-21 12:00:00,173469908.0,75709855.42497592,175839855.54166666,76997449.30158299,1.63852717,1.952797,1.72983626,1.059419,48
2025-01-21 16:00:00,175054968.0,79289092.6102757,174801726.22916666,78245122.79303183,1.54098361,1.937014,1.62554427,0.563987,48
2025-01-21 20:00:00,177408609.0,78350677.75983293,176130879.52083334,78790956.67442547,1.85471844,1.967581,1.87176938,0.893063,48
2025-01-22 00:00:00,177550986.0,78578739.87402,177550986.0,78578739.87402,1.85743695,1.972419,1.87529022,1.685998,1
2025-01-22 04:00:00,177861962.0,76836367.584,178556718.10416666,77325206.68417402,1.59810924,2.035825,1.66334026,0.804865,48
2025-01-22 08:00:00,182832151.0,80269442.8227015,177452122.375,76730136.90750946,1.57732172,1.84651,1.62724307,1.57641,48
2025-01-22 12:00:00,174763426.0,75543238.52276,175364596.85416666,76318163.69806421,1.62217051,1.903584,1.66142499,1.345476,48
2025-01-22 16:00:00,175110884.0,76139963.47204,173833032.9375,75129034.29530971,1.68939562,1.978314,1.72255344,0.746863,48
2025-01-22 20:00:00,172123293.0,73606564.04590979,172680723.35416666,74612066.47076638,1.66381015,1.935374,1.69677233,0.719444,48
2025-01-23 00:00:00,172583345.0,72768041.5858,172416576.27659574,73205381.51018403,1.59220613,1.85769,1.67174038,1.006581,47
2025-01-23 04:00:00,166355194.0,70173149.01758067,167983753.4375,70593586.45349325,1.57988542,2.006415,1.68871482,1.244667,48
2025-01-23 08:00:00,168964182.0,70513332.0779322,167799299.20833334,70180364.4000945,1.59066581,1.925782,1.67835322,0.700811,48
2025-01-23 12:00:00,170056738.0,72745170.81426,170458998.54166666,71650841.48946525,1.99851338,1.864395,1.95559815,1.11565,48
2025-01-23 16:00:00,166365926.0,69944472.63053522,168032003.33333334,71892518.32529636,1.98949212,1.863147,1.93797083,1.133012,48
2025-01-23 20:00:00,164824512.0,71186938.65057407,164877136.77083334,70444632.39349683,1.99074537,1.961862,1.90326653,0.464617,48
2025-01-24 00:00:00,166351565.0,71546172.87061605,164906487.93617022,70164679.82406734,2.04208925,1.961634,1.91620466,1.47996,47
2025-01-24 04:00:00,169332721.0,73722259.74222925,169366555.08333334,73759563.90418212,2.00597163,1.947391,1.8428246,0.993835,48
2025-01-24 08:00:00,166470357.0,73013552.32185744,168282419.0,73619795.50107315,2.03798742,1.994581,1.87412374,0.958445,48
2025-01-24 12:00:00,170389798.0,75388911.60036464,169078375.08333334,74942262.98954171,1.52320407,1.923889,1.52352151,1.574294,48
2025-01-24 16:00:00,169618339.0,74103182.2171641,169968797.41666666,74662325.85268103,1.99151889,1.949377,1.85892692,1.596446,48
2025-01-24 20:00:00,165086739.0,71173845.78507,167573403.89583334,72502429.77965812,2.05577173,2.13847,1.9203862,2.602656,48
2025-01-25 00:00:00,165917858.0,72075226.88302407,165404294.85106382,71540509.74672206,1.58902305,2.200768,1.59776067,0.601304,47
2025-01-25 04:00:00,164729468.0,70469619.11572,165452962.02083334,71269283.69736665,1.59063942,2.140622,1.62994592,0.177363,48
2025-01-25 08:00:00,164931699.0,70290591.47982,164920878.14583334,70290605.1158117,1.63683266,2.109138,1.66685962,1.596181,48
2025-01-25 12:00:00,187955526.0,79131484.9234305,176448136.83333334,74407387.23651056,1.81096017,1.379943,1.9394598,1.330038,48
2025-01-25 16:00:00,189127981.0,79193892.34937656,188862744.75,79016692.40452279,2.35871075,1.342165,2.34245115,1.201439,48
2025-01-25 20:00:00,185987679.0,77568021.40374,187214862.75,78500176.52888402,1.71409366,1.330718,1.84853519,0.420819,48
2025-01-26 00:00:00,182567113.0,76847974.87509,184785304.29787233,77249393.6690588,1.62089738,1.357177,1.72823691,0.655125,47
2025-01-26 04:00:00,181713244.0,76953741.70156,181958801.47916666,76752308.85054196,1.59979275,1.343074,1.71160739,1.375886,48
2025-01-26 08:00:00,180366626.0,76489878.75408,181012141.85416666,76435885.41055618,1.67758354,1.332778,1.82425334,0.923292,48
2025-01-26 12:00:00,178136318.0,75607188.37399192,178427207.27083334,75806670.93129142,1.66718335,1.348859,1.81172238,1.546167,48
2025-01-26 16:00:00,178017972.0,75654077.74056,178312511.14583334,75459411.91717434,1.66585203,1.350352,1.82107806,0.438719,48
2025-01-26 20:00:00,177616863.0,72206583.31539,177723503.3125,74223479.39515226,1.69307832,1.316468,1.81097845,1.246281,48
2025-01-27 00:00:00,177660902.0,72136279.62882602,177660902.0,72136279.62882602,1.71757991,1.316056,1.87414649,0.659141,1
2025-01-27 04:00:00,175627687.0,66534271.328849606,175688977.20833334,68237265.20555793,2.29606061,1.348407,2.21197509,0.926651,48
2025-01-27 08:00:00,170247953.0,64123741.67925136,173072452.77083334,64948789.58645,2.14453729,1.322287,2.18593272,1.280853,48
2025-01-27 12:00:00,166927603.0,66342037.26029,166973648.79166666,65227949.163576,1.8999715,1.153695,1.85373406,1.097262,48
2025-01-27 16:00:00,166695465.0,65014933.65627765,167485221.22916666,65473793.16268736,1.88197,1.124626,1.86130855,0.638779,48
2025-01-27 20:00:00,162583495.0,66113069.4669164,164214575.45833334,66058567.83779692,1.90909091,1.061709,1.86974321,0.603205,48
2025-01-28 00:00:00,162507988.0,66152295.68346752,162507988.0,66152295.68346752,1.91325935,1.060507,1.8883477,0.841017,1
2025-01-28 04:00:00,163514305.0,66669687.57765,162687553.72916666,66546468.16992181,1.86504111,1.05029,1.81823124,0.671089,48
2025-01-28 08:00:00,164399153.0,67314877.18738,163909246.91666666,66680338.83490971,1.85580737,1.060052,1.79806313,0.738688,48
2025-01-28 12:00:00,164980812.0,68047457.7789216,157719263.3125,65353717.43894535,1.8569421,1.05415,1.83437,0.826262,48
2025-01-28 16:00:00,163798028.0,65858273.11796,164869400.47916666,67165464.05018373,1.79180239,1.061787,1.79063696,0.492403,48
2025-01-28 20:00:00,164455873.0,64778663.495169885,163477108.8125,64698935.329317175,1.84545195,1.064018,1.85690699,0.654025,48
2025-01-29 00:00:00,162328159.0,64453358.13693287,162736213.23404256,64433645.13107569,1.85933875,1.049751,1.93512898,1.135123,47
2025-01-29 04:00:00,162575885.0,65340873.94035,162453051.20833334,64892981.3102443,1.78078818,1.045133,1.89354024,0.911411,48
2025-01-29 08:00:00,163652972.0,64862218.92248,163035185.64583334,64932212.03035569,1.93596491,1.036818,2.03508436,2.426181,48
2025-01-29 12:00:00,170953412.0,67017156.57224,166469833.60416666,65316533.155824,1.9750147,0.989948,2.04823642,0.4926,48
2025-01-29 16:00:00,168257260.0,66812538.4066012,170306109.125,66450107.55296639,1.87985265,1.010588,1.8462766,0.931056,48
2025-01-29 20:00:00,167059937.0,65554319.2788,166802918.20833334,66373483.321734875,1.91054779,1.024776,1.91042014,1.107112,48
2025-01-30 00:00:00,166676600.0,67036670.14743,167111494.65957448,66374338.81363248,1.93422976,1.021005,1.88743646,1.199613,47
2025-01-30 04:00:00,164787611.0,66127620.41819,165219494.16666666,66540587.535553224,1.93650794,1.038605,1.85817394,0.788847,48
2025-01-30 08:00:00,165860723.0,66588127.68331122,165430793.35416666,66400714.75940507,1.91250361,1.053729,1.84115139,1.878968,48
2025-01-30 12:00:00,147144523.0,64004924.61454,162166285.10416666,66059969.22557613,1.48626578,1.420105,1.4142183,0.871492,48
2025-01-30 16:00:00,152816302.0,67622741.79802,149937206.95833334,65493779.68769734,1.48507644,1.506698,1.37058483,1.524523,48
2025-01-30 20:00:00,150706329.0,64826327.41935,150278430.27083334,65194114.14327434,1.63822614,1.571805,1.44831224,0.796485,48
2025-01-31 00:00:00,150923573.0,64691880.33072,150923573.0,64691880.33072,1.67730871,1.570014,1.48754995,0.457527,1
2025-01-31 04:00:00,151203317.0,63886425.49884,152068427.79166666,64241232.718794875,1.83583751,1.581645,1.62990961,0.397847,48
2025-01-31 08:00:00,150694780.0,63785283.2752226,150825413.16666666,63441018.448585294,1.94075558,1.646818,1.75067705,0.99133,48
2025-01-31 12:00:00,149080770.0,63296713.3266,149594823.5625,63303463.1382655,1.95817923,1.714494,1.79836929,0.910163,48
2025-01-31 16:00:00,143662399.0,59209021.12386,145746492.64583334,60739942.901639126,2.01104972,1.697799,1.83496333,0.671913,48
2025-01-31 20:00:00,144207118.0,59704630.99436,144175831.66666666,59386183.66899086,2.01598837,1.757298,1.85711769,1.45921,48
2025-02-01 00:00:00,144174062.0,59693828.63048,144174062.0,59693828.63048,2.01131419,1.756781,1.85752025,1.184905,1
2025-02-01 04:00:00,144969536.0,59935739.61162944,144341878.35416666,60185682.24073675,1.9304522,1.76816,1.79561018,0.491183,48
2025-02-01 08:00:00,147370873.0,60192628.00749614,146413460.58333334,59946002.463962406,1.94704861,1.829049,1.82828464,1.069261,48
2025-02-01 12:00:00,145476307.0,59138238.38529299,146361395.79166666,59584552.23023275,1.93928881,1.792893,1.82193249,1.253545,48
2025-02-01 16:00:00,140750245.0,55995256.89687165,144258051.6875,58400530.55578687,1.9650924,1.751737,1.83689743,1.02058,48
2025-02-01 20:00:00,139014260.0,54624263.3244,139330584.70833334,55226122.82857343,1.95055109,1.645442,1.82069729,0.382463,48
2025-02-02 00:00:00,139663165.0,53768921.89335,138313666.85106382,54577540.0999192,1.89207569,1.196069,1.89550519,1.125515,47
2025-02-02 04:00:00,136755480.0,52894284.5544,137622780.4375,53420936.14517946,1.91339771,1.20244,1.97063556,0.901794,48
2025-02-02 08:00:00,136417727.0,51936957.02344,137073548.0,53036855.93840796,1.81725146,1.191188,1.87818752,1.969874,48
2025-02-02 12:00:00,137217284.0,52225127.44326428,138001625.95833334,52556538.947337955,1.82696827,1.195518,1.91130157,3.615851,48
2025-02-02 16:00:00,136751730.0,49724296.5453,136205970.3125,49494092.87142166,1.8064915,1.183716,1.84696459,0.935543,48
2025-02-02 20:00:00,129523604.0,45650064.47825964,133234315.89583333,47516444.5989859,1.83371151,1.26803,1.81780852,0.951168,48
2025-02-03 00:00:00,130429164.0,41485604.19348,135790833.78723404,42779054.91086793,1.71002295,1.014784,1.69685039,0.989865,47
2025-02-03 04:00:00,126692978.0,42323056.23068,126772136.6875,40357150.74096546,1.74407393,0.824136,1.88632527,1.050077,48
2025-02-03 08:00:00,120375492.0,40000998.6862602,123617579.25,41251580.47215886,1.77061224,0.851903,1.92785571,1.11279,48
2025-02-03 12:00:00,113049328.0,39375080.9424,117377225.91666667,39022161.90192688,1.75255624,0.828194,1.8693553,0.885514,48
2025-02-03 16:00:00,120652972.0,44513025.8003882,116808638.14583333,41654640.08858797,1.64982511,0.727016,1.82599239,1.135202,48
2025-02-03 20:00:00,119034861.0,43949464.536555275,120125595.70833333,43964017.31165301,1.65634921,0.738173,1.86157718,0.943344,48
2025-02-04 00:00:00,119111506.0,43213654.3768,119282382.12765957,43921723.26931595,1.76500194,0.833674,1.81860212,0.79163,47
2025-02-04 04:00:00,115008056.0,38726662.69688,117132253.6875,40882250.093746625,1.85770286,0.834938,1.84575626,0.79843,48
2025-02-04 08:00:00,120022745.0,41868674.3544275,115555750.6875,39672853.44395095,1.7414248,0.866148,1.75935129,0.494283,48
2025-02-04 12:00:00,120597132.0,42442759.26872616,119740645.10416667,42047083.51370635,1.57714084,0.810964,1.61985112,0.517169,48
2025-02-04 16:00:00,118763973.0,41782353.34113,120359499.0625,42565672.51514206,1.55107812,0.806699,1.61605368,0.682627,48
2025-02-04 20:00:00,118579524.0,40515565.18487604,118206926.35416667,40378896.05412053,1.79826218,0.824907,1.82022175,0.838343,48
2025-02-05 00:00:00,118466981.0,40345115.04936,118466981.0,40345115.04936,1.79232506,0.827097,1.81208936,0.713025,1
2025-02-05 04:00:00,117348337.0,40106141.13649,117543931.85416667,39997096.64799369,1.43923445,0.797395,1.55982206,1.366101,48
2025-02-05 08:00:00,117279338.0,40601759.66875952,117697209.72916667,40242968.84456893,1.43482398,0.785259,1.54054675,1.927913,48
2025-02-05 12:00:00,116365070.0,39458726.137847506,116311474.22916667,39930167.712602295,1.54169424,0.800609,1.60849167,0.990806,48
2025-02-05 16:00:00,116659825.0,38700730.3455,117163697.875,38705667.51117534,1.59701998,0.833673,1.64138421,0.988437,48
2025-02-05 20:00:00,115398330.0,37734434.581857,116402480.6875,38155449.65308427,1.57564576,0.830936,1.64370546,0.868894,48
2025-02-06 00:00:00,112566139.0,37608247.98169768,113210592.34042554,37425203.61684211,1.47305965,0.787023,1.54387569,0.744181,47
2025-02-06 04:00:00,113464464.0,38178449.0948184,112723059.25,37949441.85456702,1.46537842,0.778109,1.56629006,0.673666,48
2025-02-06 08:00:00,119584253.0,40375022.067947246,117377351.75,39588966.051775,1.49677003,0.795395,1.57446809,1.104436,48
2025-02-06 12:00:00,120882230.0,38359839.7014959,118798566.64583333,39182978.638991,1.32090909,0.761754,1.42177613,1.329105,48
2025-02-06 16:00:00,120424813.0,37888054.66606,120662965.02083333,38398016.927619256,1.50307882,0.740167,1.59362461,1.435729,48
2025-02-06 20:00:00,119935111.0,38133169.45016574,119759190.70833333,38165755.540724464,1.45385779,0.68871,1.5540245,1.207162,48
2025-02-07 00:00:00,119930185.0,38134865.33767489,119930185.0,38134865.33767489,1.45757576,0.688613,1.56221198,0.86535,1
2025-02-07 04:00:00,118345586.0,37829319.23070594,118355076.4375,38174002.592362486,1.45480769,0.729551,1.57842227,0.899429,48
2025-02-07 08:00:00,122463250.0,40371173.763375,121157482.70833333,39577105.06172294,1.42820839,0.767429,1.54918033,0.988966,48
2025-02-07 12:00:00,121239169.0,40950952.900738314,122008431.27083333,40912815.83062967,1.41343669,0.683909,1.53974122,0.98994,48
2025-02-07 16:00:00,120392074.0,40258770.03995132,120810643.9375,40671910.68446721,1.43244115,0.737138,1.50468123,0.852139,48
2025-02-07 20:00:00,119559912.0,39075766.03896,119736783.54166667,38999826.41766675,1.38951071,0.727105,1.53530491,0.947126,48
2025-02-08 00:00:00,120465490.0,39119865.645553105,120268418.38297872,39324300.61021208,1.30471079,0.749185,1.4766191,0.947893,47
2025-02-08 04:00:00,123496399.0,40391073.10700124,121606862.77083333,39398839.29101662,1.29572901,0.736378,1.44843817,1.048347,48
2025-02-08 08:00:00,122218243.0,39564489.62396,122925175.66666667,39912806.70968834,1.32975871,0.732101,1.49588745,1.281698,48
2025-02-08 12:00:00,121986874.0,39675010.89976,121857611.75,39642762.73740028,1.30750894,0.722944,1.4622337,1.076469,48
2025-02-08 16:00:00,121456007.0,40228658.63854,122169080.72916667,40237644.87545668,1.46037857,0.730636,1.60884589,0.946616,48
2025-02-08 20:00:00,121475438.0,40335972.63709272,121615710.0625,40299099.01196342,1.46472097,0.741782,1.6101773,0.960898,48
2025-02-09 00:00:00,121419478.0,40226273.0614,121419478.0,40226273.0614,1.47181965,0.741636,1.61593533,1.151951,1
2025-02-09 04:00:00,121630385.0,40319437.55292365,121650168.8125,40454538.46914477,1.41729089,0.758035,1.58578542,0.700436,48
2025-02-09 08:00:00,121258381.0,39499990.3657786,121606696.20833333,39953754.12579564,1.37671442,0.745693,1.52712497,2.038318,48
2025-02-09 12:00:00,122284861.0,39545701.19879,121644611.72916667,39136760.53889122,1.36198547,0.694993,1.50734488,2.006806,48
2025-02-09 16:00:00,123010804.0,38625392.456,122721708.77083333,39137813.903175436,1.41340269,0.706854,1.56772908,1.779569,48
2025-02-09 20:00:00,123850065.0,38947772.72238735,122813795.45833333,38344979.902126156,1.61675524,0.687158,1.69017238,1.38684,48
2025-02-10 00:00:00,127480040.0,39624620.8332,123735166.42553191,38335342.85180216,1.39884569,0.704447,1.56302152,1.894232,47
2025-02-10 04:00:00,127231534.0,39948157.04532,127135859.125,39690392.04329973,1.56521739,0.723284,1.64202067,0.941114,48
2025-02-10 08:00:00,125900294.0,40013631.43908,126537786.6875,40166713.891990714,1.58611482,0.744919,1.64869804,0.692639,48
2025-02-10 12:00:00,125553983.0,39376330.54732776,125782814.54166667,39675206.45254941,1.56385462,0.751577,1.60556058,0.941612,48
2025-02-10 16:00:00,127315778.0,39711432.25857842,125889679.875,39602947.26263024,1.58076408,0.773083,1.64669704,0.843417,48
2025-02-10 20:00:00,125734554.0,39281989.36068,126708011.29166667,39604329.386158876,1.60149355,0.762066,1.67420919,2.440749,48
2025-02-11 00:00:00,126028352.0,39911918.79488,125643780.53191489,39816007.555765726,1.64593468,0.770093,1.67549203,0.421114,47
2025-02-11 04:00:00,126841644.0,42294548.35785924,126014570.54166667,41306895.18673365,1.61926445,0.843635,1.59506633,1.127176,48
2025-02-11 08:00:00,130035045.0,43504524.6552,129089592.66666667,43116091.26304765,1.63018473,0.900019,1.59903824,1.300062,48
2025-02-11 12:00:00,128426436.0,42642081.95137488,130039233.5,43201222.31255543,1.62718991,0.938804,1.56917174,0.987341,48
2025-02-11 16:00:00,125730573.0,39841503.97224,126913500.33333333,40992847.88729273,1.68348457,0.94141,1.62139338,1.095092,48
2025-02-11 20:00:00,124353317.0,39563007.80355,123739693.97916667,39564085.43318955,1.62403373,0.840499,1.63157895,0.225402,48
2025-02-12 00:00:00,124290748.0,39501899.093238,124290748.0,39501899.093238,1.62302562,0.839776,1.63143124,0.71908,1
2025-02-12 04:00:00,123381907.0,38884376.781641275,123011851.625,38667590.07416039,1.54456448,0.789878,1.59252465,0.997761,48
2025-02-12 08:00:00,123115244.0,39254064.39696,123649335.0625,39185392.46479932,1.55835318,0.771005,1.61036557,0.501042,48
2025-02-12 12:00:00,122833416.0,39091668.31195536,123826931.16666667,39263577.77830627,1.50202293,0.773563,1.56336406,0.693734,48
2025-02-12 16:00:00,122626013.0,39928847.150312655,122027132.45833333,39284333.64149171,1.55789838,0.783617,1.58488806,1.21871,48
2025-02-12 20:00:00,121954126.0,40563161.84886,124359418.22916667,40905993.47180056,1.61684588,0.79542,1.63272201,1.506278,48
2025-02-13 00:00:00,122009055.0,40389147.953051105,121991305.4893617,40404336.87333123,1.71255507,0.837008,1.63647372,0.529198,47
2025-02-13 04:00:00,122619260.0,39774009.3662,122430103.54166667,40123322.6861878,1.67886616,0.856422,1.59460727,1.139627,48
2025-02-13 08:00:00,122233786.0,40093904.14586,122589291.0,40081937.238422684,1.69379706,0.876557,1.60620915,0.976467,48
2025-02-13 12:00:00,120987035.0,39575086.6041258,121346149.97916667,39659182.755606905,1.71785585,0.904565,1.65478736,0.893654,48
2025-02-13 16:00:00,120933132.0,39788001.75433296,120700728.14583333,39474661.890749976,1.55056565,0.937218,1.53340909,1.037474,48
2025-02-13 20:00:00,119644533.0,40309116.5727909,120376979.25,40215072.96175433,1.70228735,0.959,1.62616387,0.736174,48
2025-02-14 00:00:00,121220000.0,41339494.1652,120390383.46808511,40567138.46743359,1.51609724,0.966313,1.5159528,1.065554,47
2025-02-14 04:00:00,121187809.0,41022453.876220256,121107295.75,41009100.255577564,1.52158273,0.954695,1.53806228,1.316888,48
2025-02-14 08:00:00,121201975.0,42795205.35275,122275505.45833333,43153361.63854176,1.42087227,0.839518,1.40887097,0.590488,48
2025-02-14 12:00:00,118686984.0,41641155.05340336,119133921.4375,41744371.39391976,1.51583113,0.824411,1.52234637,1.195567,48
2025-02-14 16:00:00,116565579.0,41168631.19122,117337776.0,41297877.30467073,1.49533955,0.849208,1.4828031,0.658684,48
2025-02-14 20:00:00,115548294.0,40543585.39872,115873258.66666667,40567563.35751089,1.5220613,0.829587,1.48939394,0.919738,48
2025-02-15 00:00:00,120776820.0,43716377.7672,118844808.0212766,42409762.66348361,1.47914033,0.87263,1.41420831,0.923085,47
2025-02-15 04:00:00,118325024.0,41856701.02784256,119530061.45833333,42646775.17749586,1.529431,0.878822,1.46898418,0.593229,48
2025-02-15 08:00:00,118123685.0,42075035.26641689,118595906.58333333,42263109.90480051,1.58438959,0.861117,1.51491597,1.183473,48
2025-02-15 12:00:00,118006526.0,41391969.05976,118658646.41666667,41974758.7812617,1.60040094,0.84176,1.53613445,0.854241,48
2025-02-15 16:00:00,116853901.0,40608616.61946215,117550032.52083333,41130610.87373101,1.59315842,0.842212,1.53575936,0.956147,48
2025-02-15 20:00:00,116472180.0,40583792.3552292,116369590.14583333,40425830.04869623,1.61985145,0.817756,1.58396863,1.687441,48
2025-02-16 00:00:00,118036673.0,41049613.76921,117677776.19148937,40962845.25125761,1.61191518,0.817149,1.60841781,0.63366,47
2025-02-16 04:00:00,118798123.0,40931893.27965,117954928.875,41118233.897685796,1.65247019,0.815086,1.66181411,1.803737,48
2025-02-16 08:00:00,119379711.0,41396108.58636,119406187.45833333,41255776.021637,1.66564313,0.800749,1.66851934,0.960168,48
2025-02-16 12:00:00,117647986.0,40476789.5833,118426019.75,40773445.56933216,1.59335963,0.824365,1.57260621,0.336992,48
2025-02-16 16:00:00,116832142.0,40214791.59782,117345210.4375,40278719.232839204,1.54956409,0.846323,1.52056502,0.574254,48
2025-02-16 20:00:00,116642556.0,39865696.2049896,116955307.29166667,40290467.2303039,1.54407491,0.837379,1.51324503,1.003471,48
2025-02-17 00:00:00,118700987.0,40901986.10046,117943246.31914894,40671161.42746278,1.54180064,0.813447,1.53053116,1.277791,47
2025-02-17 04:00:00,117353388.0,39510004.7139246,119036622.75,40590163.87146246,1.59532316,0.829245,1.59084068,1.15147,48
2025-02-17 08:00:00,118466615.0,40356837.0659,116968528.54166667,39742583.4282965,1.57115261,0.850703,1.57652303,1.815768,48
2025-02-17 12:00:00,122056357.0,41097321.33866675,120301475.10416667,41269895.4992145,1.60118071,0.867747,1.5922184,1.317667,48
2025-02-17 16:00:00,119448598.0,39924499.39552,119957105.3125,40049051.065212764,1.61538462,0.850538,1.63786101,1.219809,48
2025-02-17 20:00:00,118911679.0,39682016.39909,119080283.875,39916368.65085723,1.59400998,0.85911,1.60216718,1.052877,48
2025-02-18 00:00:00,118901189.0,39717753.17356,118665015.72340426,39520790.09514493,1.45848596,0.872459,1.49812578,1.233397,47
2025-02-18 04:00:00,119478138.0,38849511.35208,119132002.29166667,39109776.81570965,1.45309136,0.89877,1.48935273,1.1483,48
2025-02-18 08:00:00,121059737.0,39288752.46852477,120265874.85416667,39074790.90513792,1.52661417,0.953844,1.54972019,1.160093,48
2025-02-18 12:00:00,122981891.0,39307472.00142,121934318.0,39666687.947717294,1.41066021,0.944287,1.46926788,0.766323,48
2025-02-18 16:00:00,124783516.0,39915751.09808,123723835.5,39483272.834679745,1.49088,0.982472,1.44724771,1.463671,48
2025-02-18 20:00:00,124477071.0,40223739.80258496,125119825.33333333,40138864.371298276,1.48482913,0.97966,1.46890756,1.10056,48
2025-02-19 00:00:00,124304130.0,40771754.64,124275283.74468085,40404536.14930342,1.41041538,0.944103,1.41889372,1.82583,47
2025-02-19 04:00:00,121926532.0,40505213.19572,123088122.79166667,40291198.90776172,1.44039006,0.954832,1.44137353,0.824794,48
2025-02-19 08:00:00,122851492.0,41509164.08369836,122256641.52083333,40589143.82347323,1.41370717,0.962189,1.42454978,1.079877,48
2025-02-19 12:00:00,120575523.0,40084767.12214713,121611461.91666667,40547373.275723435,1.50161082,0.967342,1.55059524,0.749616,48
2025-02-19 16:00:00,121419461.0,40556528.36322,121338202.91666667,40521137.25060776,1.68273504,0.930168,1.66778224,0.827119,48
2025-02-19 20:00:00,124943014.0,42620324.79338354,122358744.8125,41105875.07718139,1.65687948,0.934429,1.64805717,1.442452,48
2025-02-20 00:00:00,125167865.0,42753587.64805,125167865.0,42753587.64805,1.67306374,0.932712,1.67258427,1.213778,1
2025-02-20 04:00:00,122253999.0,41445391.77306948,123088691.22916667,42046303.41132542,1.85160819,0.928133,1.74692075,1.248591,48
2025-02-20 08:00:00,124043161.0,42303122.67364711,123399163.79166667,42240001.66255179,1.80021598,0.941502,1.71438467,0.57156,48
2025-02-20 12:00:00,124319870.0,42587014.6672,123849142.39583333,42500394.36113779,1.77838428,0.930927,1.70560638,1.090807,48
2025-02-20 16:00:00,125030406.0,43365546.01704,124849584.5625,43252920.0583268,1.85879716,0.957615,1.79652959,1.100564,48
2025-02-20 20:00:00,125793511.0,43338060.89420206,125328070.3125,43095883.1314904,1.91701402,0.958131,1.83718134,1.303353,48
2025-02-21 00:00:00,125790068.0,43324114.57608936,125790068.0,43324114.57608936,1.9100189,0.95801,1.83037428,0.986732,1
2025-02-21 04:00:00,123937165.0,42046699.511003,123662834.33333333,41888774.05200251,1.75703151,0.938099,1.7437667,0.753097,48
2025-02-21 08:00:00,122212494.0,41440110.66400536,123028575.27083333,41880414.84551618,1.78325293,0.946516,1.76965391,0.546393,48
2025-02-21 12:00:00,120023472.0,40338170.20308096,121717233.77083333,41550784.89920369,1.77436946,0.964641,1.72391944,1.28642,48
2025-02-21 16:00:00,115344932.0,37176825.03292,117379279.89583333,38828208.69651906,1.87227648,0.9357,1.74723158,1.340428,48
2025-02-21 20:00:00,113823717.0,37049619.8835,114363590.45833333,37024469.97762584,1.84496694,0.919233,1.78700797,0.836473,48
2025-02-22 00:00:00,113913752.0,37103987.30144,113913752.0,37103987.30144,1.95964784,0.919264,1.86782024,2.287537,1
2025-02-22 04:00:00,113141256.0,36994927.88688,113547447.89583333,37262739.160538495,1.77486726,0.928543,1.76294727,0.211228,48
2025-02-22 08:00:00,116553869.0,38477325.023928575,114125769.72916667,37411317.7954964,1.75593575,0.957063,1.73775416,1.387056,48
2025-02-22 12:00:00,118050669.0,39276638.08299,117580165.29166667,38835285.80550508,1.73535565,0.946078,1.71957672,1.940242,48
2025-02-22 16:00:00,116348721.0,39315666.24214272,116254203.33333333,39130912.008792266,1.6973822,0.972853,1.64791289,0.555296,48
2025-02-22 20:00:00,116057988.0,38795864.22864,116369799.0,38999116.11713337,1.78974172,1.006687,1.7415757,1.115105,48
2025-02-23 00:00:00,115148666.0,38006000.94158648,115873001.4893617,38428510.229639046,1.93207982,0.941095,1.82600147,0.93778,47
2025-02-23 04:00:00,115240812.0,38546899.20588,115370889.47916667,38300829.781537734,1.88226415,0.982744,1.80072727,0.401394,48
2025-02-23 08:00:00,115938126.0,38340738.2682,115631214.625,38492024.86316974,1.82331243,0.99279,1.72971066,1.321108,48
2025-02-23 12:00:00,115561055.0,37714659.60600315,116050535.39583333,38207041.849757366,1.651604,0.975749,1.60147684,0.771059,48
2025-02-23 16:00:00,116522262.0,38410857.54339228,115811384.3125,38156324.13436117,1.64509466,0.981581,1.61970243,1.256981,48
2025-02-23 20:00:00,116645111.0,38899978.06739,116751703.08333333,38659815.04424373,1.64137931,0.983539,1.62868815,1.354123,48
2025-02-24 00:00:00,115519299.0,37211076.59388,117134696.9787234,38558394.38590278,1.68988219,0.920557,1.7187573,0.909131,47
2025-02-24 04:00:00,114265054.0,36762956.31158762,114963362.22916667,36889552.29156623,1.81130717,0.906913,1.80388396,0.884876,48
2025-02-24 08:00:00,112229281.0,36028636.12534386,113729497.16666667,36138967.02490368,1.71892655,0.902822,1.7123738,1.044327,48
2025-02-24 12:00:00,112872855.0,35518219.36925445,112332124.47916667,35861474.37864455,1.85790409,0.906992,1.80813543,0.97831,48
2025-02-24 16:00:00,112106199.0,35069061.17118,111659020.41666667,35335712.82583305,1.82122905,0.908521,1.78790698,0.981903,48
2025-02-24 20:00:00,113188410.0,33738571.9252404,112920028.66666667,34728934.349480234,1.97638889,0.892085,1.87769284,0.910201,48
2025-02-25 00:00:00,113221820.0,33698006.487324,113221820.0,33698006.487324,1.98433693,0.897657,1.88932806,0.874067,1
2025-02-25 04:00:00,117170137.0,33414579.66966,114587248.22916667,33642448.114864916,1.93437606,0.948544,1.80287705,1.108553,48
2025-02-25 08:00:00,125477750.0,35713477.205,121726662.54166667,34170219.95285042,2.03207413,1.003047,1.95114873,1.131448,48
2025-02-25 12:00:00,122259024.0,34278125.66818128,121456768.875,34138503.31258852,1.84298401,0.974812,1.9020823,0.882917,48
2025-02-25 16:00:00,118708762.0,34023711.82063,120451953.27083333,33787339.55848879,1.83079106,0.922474,1.882295,0.962539,48
2025-02-25 20:00:00,115375821.0,34016544.05249892,116385020.10416667,34182400.04849617,1.75008738,0.854708,1.83105134,0.486796,48
2025-02-26 00:00:00,115413713.0,34078207.03751,115413713.0,34078207.03751,1.75885033,0.854763,1.84138269,1.097291,1
2025-02-26 04:00:00,116993512.0,34140494.46246336,116779345.10416667,34320674.91819537,1.80144529,0.906002,1.83421687,1.891407,48
2025-02-26 08:00:00,116559960.0,34217065.6104948,116681652.60416667,34378166.63075549,1.77613987,0.860857,1.80535629,1.093326,48
2025-02-26 12:00:00,115756559.0,34214523.83139731,116867206.02083333,34103941.715478845,1.71671196,0.878073,1.74632527,1.090063,48
2025-02-26 16:00:00,117575877.0,33189318.55956,117115652.22916667,33657388.549165405,1.96527102,0.898114,1.99025296,1.184781,48
2025-02-26 20:00:00,117635713.0,33549705.3476,117519719.0625,33678499.725664996,1.65659164,0.903864,1.72437673,1.184652,48
2025-02-27 00:00:00,118778930.0,34277324.5814905,118668930.76595744,33971709.892662436,1.65965834,0.925462,1.71247357,0.767771,47
2025-02-27 04:00:00,119856644.0,34966060.4172334,119202193.91666667,34499549.32217585,1.68228647,0.934518,1.74072323,1.024295,48
2025-02-27 08:00:00,120206265.0,34804521.9681,120654729.72916667,35036001.477368236,1.61867704,0.950327,1.70641562,0.746866,48
2025-02-27 12:00:00,121086758.0,34759164.75148,120476179.79166667,34764439.4482285,1.61389961,0.957764,1.7017787,0.878051,48
2025-02-27 16:00:00,119885382.0,33761443.9264317,120620698.75,34442526.80256744,1.59980806,0.967914,1.69404187,0.864788,48
2025-02-27 20:00:00,117142138.0,33181682.00988,120045571.95833333,33659597.83721634,1.5646471,0.971237,1.64726867,1.438983,48
2025-02-28 00:00:00,117134918.0,33152140.62202868,117134918.0,33152140.62202868,1.56339788,0.970221,1.64682274,0.799869,1
2025-02-28 04:00:00,120812758.0,31052024.77021832,118878296.08333333,30983937.536294073,2.2742151,1.063747,2.17901235,0.931701,48
2025-02-28 08:00:00,118347870.0,31122374.8940616,120688000.1875,31495391.142161813,2.01294821,1.015065,2.02710774,0.595514,48
2025-02-28 12:00:00,114894963.0,32272780.666941088,116567864.625,31494735.402051196,1.52852564,0.937712,1.54861731,0.583192,48
2025-02-28 16:00:00,110868036.0,31657835.5132272,112443581.22916667,31878475.487188485,1.54098894,0.95888,1.55784753,0.934073,48
2025-02-28 20:00:00,110372236.0,31604776.32144976,110431387.16666667,31464029.644725595,1.66271989,0.974643,1.65185692,1.184311,48
2025-03-01 00:00:00,109784073.0,32440342.74493425,109915414.23404256,31729162.8059735,1.67021277,0.981598,1.6178974,1.457767,47
2025-03-01 04:00:00,112907581.0,33395804.30818,111748141.77083333,33288564.748295452,1.55537772,0.997315,1.50973751,0.836731,48
2025-03-01 08:00:00,117028984.0,35167209.692,115288408.39583333,34804913.03630897,1.25324488,1.032093,1.26792166,0.405016,48
2025-03-01 12:00:00,117632597.0,35026282.08272,118246582.3125,35483845.37110191,1.20606386,1.054507,1.19010552,0.728698,48
2025-03-01 16:00:00,119286452.0,36375210.67288,118241085.54166667,35400272.25501742,1.23387534,1.036701,1.23458964,1.589493,48
2025-03-01 20:00:00,122706593.0,38306544.20274,120377017.45833333,37301017.004859746,1.25671007,0.992447,1.21142285,2.757616,48
2025-03-02 00:00:00,122471811.0,38121800.60997,122471811.0,38121800.60997,1.26801922,0.985244,1.21963478,0.764302,1
2025-03-02 04:00:00,130311667.0,42005965.85745,129075166.97916667,41967415.37748102,1.06402818,0.990965,1.0645785,0.937429,48
2025-03-02 08:00:00,125512874.0,40054923.47962,127010811.875,40613113.61888664,1.19701562,1.036861,1.20213555,0.984368,48
2025-03-02 12:00:00,123356770.0,41577399.3285,124191496.22916667,39411210.47076448,1.1612337,1.035602,1.1610338,1.484665,48
2025-03-02 16:00:00,133176849.0,46244535.47087595,130576501.97916667,45607732.21672944,1.27388701,1.144703,1.35465419,1.094731,48
2025-03-02 20:00:00,132674708.0,46526625.3171206,131859130.45833333,45986445.96894432,1.29404008,1.112044,1.36426056,0.90948,48
2025-03-03 00:00:00,129404889.0,44642317.30148241,131092379.0,45830882.750380285,1.40865252,1.151261,1.3295913,0.954039,47
2025-03-03 04:00:00,133568821.0,44836381.83328,131579146.66666667,44787588.58034656,1.73399302,1.154911,1.54989965,1.236095,48
2025-03-03 08:00:00,127044891.0,41774030.801116645,134304403.5625,44103355.22260939,1.99666465,1.105943,1.80061943,0.622817,48
2025-03-03 12:00:00,120923002.0,38857524.4318321,122174800.25,40054491.14024874,1.93060556,1.102689,1.78823778,1.298783,48
2025-03-03 16:00:00,130139308.0,38531975.56508924,125913925.29166667,39378743.62071062,2.3566879,1.142541,2.16744403,0.748645,48
2025-03-03 20:00:00,127039989.0,37165952.76911502,128699741.89583333,37933828.412150696,2.46159555,1.086877,2.25923226,1.717387,48
2025-03-04 00:00:00,127167903.0,36050323.964895085,127398647.85106383,36288578.179957144,2.18049288,1.066124,2.15414826,1.161945,47
2025-03-04 04:00:00,123051515.0,34879217.7180224,124149183.29166667,35301780.806720994,2.19890072,1.087924,2.26078383,0.438567,48
2025-03-04 08:00:00,120892909.0,34502836.2286,121476375.4375,34766597.791036986,2.00531738,1.067532,2.11943907,0.88088,48
2025-03-04 12:00:00,125687878.0,35633770.29178,123409470.5625,34750060.905304514,1.78488746,1.034244,1.89293163,0.597335,48
2025-03-04 16:00:00,120303884.0,36019359.42075692,122868247.6875,35462196.944135964,1.81430024,1.008114,1.89908478,1.161294,48
2025-03-04 20:00:00,116547218.0,34387868.5437945,118022365.41666667,34887559.55439604,1.88961486,0.981439,1.96748555,0.353932,48
2025-03-05 00:00:00,115242260.0,33986036.1230474,115760808.74468085,34275667.161841355,1.86965377,0.967187,1.94781145,1.125292,47
2025-03-05 04:00:00,114988197.0,34049979.479042485,115260574.95833333,33898877.889238425,1.88765603,0.944226,1.96106456,1.122481,48
2025-03-05 08:00:00,115252827.0,35172857.74386,115484887.3125,34915857.279578984,1.6962963,0.947486,1.79950062,0.294038,48
2025-03-05 12:00:00,115104654.0,34237192.15751562,115434649.70833333,34817772.31221752,1.70097862,0.971058,1.7494368,1.351504,48
2025-03-05 16:00:00,115436413.0,34613608.43805,115378278.85416667,34509328.86286128,1.69392185,0.953677,1.79679144,1.688646,48
2025-03-05 20:00:00,115001272.0,34418730.69688,115040629.0625,34552672.73775213,1.66548673,0.91435,1.76245971,0.778083,48
2025-03-06 00:00:00,117102921.0,35047085.64693687,115931336.78723404,34686347.07351256,1.53451613,0.925593,1.64275798,0.666233,47
2025-03-06 04:00:00,117927107.0,35172938.93382,117851297.5,35456936.32104873,1.49874687,0.895163,1.65359329,0.541564,48
2025-03-06 08:00:00,118111320.0,36035763.732,118035768.25,35903895.6584429,1.60058404,0.877929,1.72927281,1.134813,48
2025-03-06 12:00:00,119549408.0,36382025.41734816,118356134.60416667,35844094.37462254,1.53220122,0.869704,1.63733515,0.711209,48
2025-03-06 16:00:00,121496010.0,36242393.428611,77618478.27083333,23291214.418928172,1.56318504,0.867395,1.68136689,0.999107,48
2025-03-06 20:00:00,121667666.0,36040441.039556414,121972104.1875,36295711.36752535,1.55808729,0.860753,1.6636343,0.839218,48
2025-03-07 00:00:00,123063147.0,35302983.45727095,123319479.5106383,35538426.56605313,1.75315432,0.860538,1.8279917,1.161407,47
2025-03-07 04:00:00,123950592.0,36220658.54736384,123588479.16666667,35792134.433829665,1.56676273,0.843768,1.65521139,3.092673,48
2025-03-07 08:00:00,124279858.0,37218089.07526,124455232.52083333,37085438.62802158,1.55102041,0.873616,1.63143813,0.942399,48
2025-03-07 12:00:00,126467696.0,36939949.32464,124710147.41666667,36932194.58064657,1.634774,0.913749,1.71402383,0.83063,48
2025-03-07 16:00:00,128149524.0,37259652.23083836,127553771.08333333,36898544.49225741,1.55764249,0.901452,1.65436626,0.799977,48
2025-03-07 20:00:00,128385465.0,36395611.60030965,128079135.79166667,36699698.895240225,1.57268579,0.877205,1.65979853,1.296941,48
2025-03-08 00:00:00,130544317.0,36400977.35228,129431749.59574468,36350793.2818317,1.55679287,0.883692,1.68758527,0.50555,47
2025-03-08 04:00:00,129639034.0,36040953.02790136,129912022.0,36360486.76646037,1.59175662,0.852752,1.72335496,1.354093,48
2025-03-08 08:00:00,134800462.0,36721786.48013656,131405840.60416667,36328720.31785037,1.58759591,0.8265,1.72343324,1.41224,48
2025-03-08 12:00:00,142013400.0,39312325.484616,140229517.6875,38736831.62285073,1.57169752,0.735764,1.74567901,0.304723,48
2025-03-08 16:00:00,140609252.0,39214514.29028,140989469.75,38948418.61135096,1.57724851,0.741581,1.75,1.239835,48
2025-03-08 20:00:00,139863145.0,38549080.0249,139688262.27083334,38851194.92172703,1.4479638,0.739484,1.62502739,1.173154,48
2025-03-09 00:00:00,140846482.0,38758134.91676,139589276.59574467,38495663.42803622,1.4024246,0.732671,1.58807002,1.816014,47
2025-03-09 04:00:00,139897701.0,38860281.15103341,140765842.83333334,38816275.311054975,1.30942215,0.731717,1.48268755,1.128528,48
2025-03-09 08:00:00,142976326.0,38622356.505628385,141379534.0,38804290.05829044,1.39010018,0.76389,1.54676259,0.53652,48
2025-03-09 12:00:00,143783508.0,38230596.94212,142860146.625,38336733.613881774,1.34665889,0.770713,1.45617653,0.564848,48
2025-03-09 16:00:00,141689989.0,38001255.0498,143887746.04166666,38445204.74454364,1.42983008,0.718806,1.54351213,1.084617,48
2025-03-09 20:00:00,140409108.0,36935720.87907996,140859872.3125,37444715.506258324,1.41324627,0.727524,1.4869267,1.549356,48
2025-03-10 00:00:00,140324367.0,37498880.59341,140596268.27659574,37279469.524853036,1.40791897,0.696416,1.51714471,1.743847,47
2025-03-10 04:00:00,140108278.0,37159565.12797452,140053409.04166666,37233845.71204698,1.42072795,0.688146,1.54941228,1.518243,48
2025-03-10 08:00:00,139172920.0,37595003.556272,139467625.41666666,37011892.68285008,1.41979522,0.716617,1.54246935,0.990049,48
2025-03-10 12:00:00,139304926.0,36628837.24244,139568910.625,36939593.97339817,1.53950695,0.69937,1.65127857,1.466178,48
2025-03-10 16:00:00,142531332.0,35247998.4036,141392176.25,35483640.674804635,1.85579642,0.725269,1.8184419,1.4968,48
2025-03-10 20:00:00,141248711.0,34258376.204226285,141532569.9375,34843303.37627747,1.8323058,0.709185,1.78922414,0.718757,48
2025-03-11 00:00:00,143093579.0,34923418.89074,143653192.70212767,34378040.713193424,1.87861272,0.715061,1.87944251,1.178489,47
2025-03-11 04:00:00,139845113.0,34848003.70847,140803693.04166666,34907184.61502293,1.53773585,0.68111,1.6187456,1.007722,48
2025-03-11 08:00:00,139968504.0,35628982.6932,139446353.39583334,35237920.08020767,1.48304279,0.677684,1.5505618,0.943083,48
2025-03-11 12:00:00,141647115.0,35755495.38984555,140859958.8125,35204288.83256464,1.49808917,0.720102,1.52224928,1.021962,48
2025-03-11 16:00:00,138098201.0,35690633.50647787,140222889.14583334,35742143.68952361,1.50643501,0.695133,1.56265467,1.050297,48
2025-03-11 20:00:00,136937253.0,34962819.43596,137480928.66666666,35393493.640463404,1.55442289,0.699562,1.58014056,1.082901,48
2025-03-12 00:00:00,137105974.0,34722477.29646616,136521776.59574467,35157761.186621614,1.58056183,0.697669,1.58408476,1.494376,47
2025-03-12 04:00:00,135230235.0,34439083.94745,137176241.875,34567246.15948991,1.61556215,0.70389,1.61715867,0.652517,48
2025-03-12 08:00:00,134021981.0,34234944.72730756,134627327.75,34321419.62366989,1.60497057,0.694015,1.62505726,1.66645,48
2025-03-12 12:00:00,132567306.0,33214738.5183,132913908.66666667,33930004.89584386,1.80601358,0.687242,1.79446461,0.671583,48
2025-03-12 16:00:00,133906356.0,34499072.49220836,133147164.35416667,34052866.787274726,1.6130491,0.70183,1.62025881,1.206742,48
2025-03-12 20:00:00,132503505.0,34409835.21345,133290093.83333333,34336013.55860464,1.59120521,0.703476,1.57459677,0.633475,48
2025-03-13 00:00:00,133708745.0,35549785.835126,132656077.70212767,34818612.76403538,1.6277156,0.728215,1.59779428,0.52067,47
2025-03-13 04:00:00,133801519.0,35369751.83593348,133873079.58333333,35483126.025846384,1.6057218,0.738863,1.55024347,1.589181,48
2025-03-13 08:00:00,140765847.0,39013254.49605,136659418.6875,37216289.38610285,1.43828101,0.726159,1.35419968,1.1923,48
2025-03-13 12:00:00,152650367.0,42278045.64432,148367921.75,42359340.09364704,1.52969994,0.688065,1.40178571,0.839904,48
2025-03-13 16:00:00,150213375.0,40484006.69625,152512277.75,41509655.64927192,1.89903846,0.709381,1.73027115,0.883907,48
2025-03-13 20:00:00,145967958.0,39785026.63248,147703124.25,39948622.97356684,1.7851776,0.668968,1.73438192,0.778875,48
2025-03-14 00:00:00,144064925.0,39292267.6445,144581216.31914893,39504303.299356565,1.64777849,0.660861,1.65646552,0.936049,47
2025-03-14 04:00:00,144344975.0,39430716.82075,144198647.0,39414931.657331124,1.63035144,0.662382,1.64238411,2.151902,48
2025-03-14 08:00:00,140872306.0,38882165.17906,143701709.52083334,39916998.823769346,1.66118103,0.672516,1.69595177,2.235135,48
2025-03-14 12:00:00,136587034.0,38118709.44872,138488790.66666666,38321372.151438095,1.53286979,0.664034,1.55833157,0.672745,48
2025-03-14 16:00:00,135936704.0,37246656.896,135535938.8125,37384162.86525004,1.57884553,0.666928,1.60378984,1.15578,48
2025-03-14 20:00:00,139633898.0,38585035.03434,138272182.875,37962606.23632825,1.384375,0.659739,1.42336611,0.618308,48
2025-03-15 00:00:00,140214547.0,38889967.04817521,139559702.06382978,38699704.481709756,1.34908789,0.678174,1.37958263,1.412919,47
2025-03-15 04:00:00,157778627.0,43101965.32386,145583556.3125,40324119.03373694,1.35718263,0.627888,1.37584778,0.967687,48
2025-03-15 08:00:00,159249124.0,43641516.95858068,158617785.83333334,43365303.05734687,1.33478616,0.595451,1.36837244,0.844605,48
2025-03-15 12:00:00,156337508.0,43252334.96328,156921913.0,43383080.00980024,1.34092141,0.589139,1.37120935,1.08659,48
2025-03-15 16:00:00,155928281.0,42651062.70193,156417521.1875,42879440.74294123,1.3405876,0.57985,1.38193548,1.130926,48
2025-03-15 20:00:00,154283491.0,42319285.819609426,154912241.4375,42678984.473624416,1.28243863,0.568671,1.30873466,1.395655,48
2025-03-16 00:00:00,153845201.0,42116662.22576,154132545.80851063,42217189.68780759,1.24802319,0.766714,1.28465704,1.531802,47
2025-03-16 04:00:00,155704032.0,42489757.21329504,154313834.29166666,42271300.85904751,1.24162304,0.768783,1.2615712,0.293714,48
2025-03-16 08:00:00,152464688.0,40253726.92576,155201215.85416666,41878247.577829845,1.26534441,0.790179,1.26210775,1.406048,48
2025-03-16 12:00:00,152645890.0,40347361.6448,152944753.70833334,40354202.711648166,1.25216252,0.794183,1.27806812,0.770985,48
2025-03-16 16:00:00,151029235.0,40223527.05030135,150929366.52083334,40348789.58240732,1.24424826,0.785325,1.29373246,1.399493,48
2025-03-16 20:00:00,153184272.0,40362523.82928,151757240.08333334,40157003.92727355,1.29714129,0.804697,1.34454266,1.20573,48
2025-03-17 00:00:00,150273406.0,40708434.5370948,151722837.0212766,40719488.74158927,1.21963617,0.802015,1.30724033,1.118719,47
2025-03-17 04:00:00,149550716.0,40653054.57705212,150273838.45833334,40757341.44598422,1.21861588,0.840731,1.29515335,0.416536,48
2025-03-17 08:00:00,148248273.0,40338355.0833,149002967.85416666,40548375.78639641,1.22216202,0.857945,1.29967613,0.569773,48
2025-03-17 12:00:00,146102716.0,40335446.1172802,147074520.85416666,40128739.725058384,1.23064205,0.883553,1.29813784,0.851592,48
2025-03-17 16:00:00,144562467.0,39657821.57211,145569322.8125,39945688.947306864,1.39568782,0.893037,1.46652632,0.754887,48
2025-03-17 20:00:00,144814690.0,39505447.432,144617963.02083334,39554682.66498292,1.40438779,0.869401,1.45448954,0.475005,48
2025-03-18 00:00:00,144526946.0,38500533.14494,144597530.3617021,38874903.87514738,1.32770464,0.848038,1.38028451,0.505346,47
2025-03-18 04:00:00,144448884.0,39062889.90937872,144354436.22916666,38631342.181240216,1.30405405,0.855207,1.35126644,1.434001,48
2025-03-18 08:00:00,144389459.0,38672002.0713208,144655271.3125,39068128.9613115,1.29196877,0.865041,1.30977011,1.230274,48
2025-03-18 12:00:00,144737199.0,38540621.34972,145494265.75,38805220.18533067,1.33514908,0.875023,1.3427451,0.733103,48
2025-03-18 16:00:00,144296336.0,38786959.01016192,144128747.97916666,38491667.84149938,1.36289143,0.879293,1.37797322,3.358053,48
2025-03-18 20:00:00,144781643.0,39463165.73228789,144384149.0625,38991639.47725034,1.42772336,0.880786,1.47744053,1.162185,48
2025-03-19 00:00:00,145616402.0,39787877.65927921,145616402.0,39787877.65927921,1.38729508,0.893028,1.42191891,0.798645,1
2025-03-19 04:00:00,143697126.0,39789214.00580388,143168865.9375,39876671.23211903,1.47712629,0.921582,1.47181719,0.50288,48
2025-03-19 08:00:00,140182734.0,40008152.2836,142433182.22916666,39780670.81832982,1.53339664,0.950998,1.51708042,2.233128,48
2025-03-19 12:00:00,149296007.0,43917794.2655613,144335355.8125,41880987.74278202,1.48334861,0.881344,1.46822811,1.159268,48
2025-03-19 16:00:00,144619476.0,41753936.38608936,146141323.125,42206378.72039807,1.39012828,0.935034,1.43153846,1.075757,48
2025-03-19 20:00:00,144940498.0,42179256.07299832,144575997.375,41593723.64742937,1.41969058,0.922207,1.49420774,1.423945,48
2025-03-20 00:00:00,144897486.0,42084025.83384,144897486.0,42084025.83384,1.43491794,0.919807,1.50809637,0.432664,1
2025-03-20 04:00:00,144405372.0,41021083.84245312,144246172.54166666,40911520.1775547,1.18345938,0.944516,1.252,1.08018,48
2025-03-20 08:00:00,142497453.0,40577204.2229022,143504301.75,41028493.02622778,1.14365991,0.947802,1.21370054,1.394826,48
2025-03-20 12:00:00,140130373.0,39415871.31744,141285033.39583334,40320742.81919525,1.3046635,0.984378,1.32493751,1.825096,48
2025-03-20 16:00:00,138165328.0,39066246.492,138999142.04166666,39018764.090007596,1.35099338,1.011055,1.34546878,2.508894,48
2025-03-20 20:00:00,140807277.0,39567233.46508452,139177699.85416666,39215701.606919736,1.35368664,1.050286,1.35829087,2.143745,48
2025-03-21 00:00:00,143104691.0,40550145.24176,142376020.89361703,40454493.48347205,1.26809211,1.0596,1.31769437,0.66862,47
2025-03-21 04:00:00,140811216.0,39776573.36928912,142307585.77083334,40293332.50587635,1.26923077,1.035243,1.30349677,2.011924,48
2025-03-21 08:00:00,137649011.0,38185461.28621991,138851518.5625,38772600.67509724,1.31667602,1.006437,1.36554704,2.200727,48
2025-03-21 12:00:00,136834856.0,37811575.75848,136915700.22916666,37918590.85330474,1.28197269,1.019392,1.31281456,0.875596,48
2025-03-21 16:00:00,137953051.0,38355086.76953,137332237.95833334,38199568.62307855,1.28036606,1.054974,1.32574735,0.79191,48
2025-03-21 20:00:00,137831746.0,38095316.27694,138014314.375,38424110.62100148,1.28699051,1.051525,1.33857809,0.559111,48
2025-03-22 00:00:00,138314859.0,38336408.57855712,137858113.4893617,38325307.4732109,1.24391563,1.019311,1.31350114,0.831473,47
2025-03-22 04:00:00,140156808.0,38864081.29032,140466926.22916666,38955967.569525175,1.24197934,1.012527,1.32151074,0.867741,48
2025-03-22 08:00:00,140649762.0,38854496.7525,140659818.5,38965921.16898786,1.25020113,0.999648,1.3200225,1.117385,48
2025-03-22 12:00:00,140825262.0,38719905.7869,140738547.79166666,38803028.70670864,1.21627968,0.983629,1.3048758,0.588244,48
2025-03-22 16:00:00,139430392.0,38847157.45250184,139840244.33333334,38673454.16437926,1.21018945,1.000446,1.30838431,1.265776,48
2025-03-22 20:00:00,138343755.0,37903262.89958175,138758536.22916666,38295232.933203116,1.23811997,1.007182,1.31834663,2.287774,48
2025-03-23 00:00:00,138845492.0,38519963.16066664,138681173.91489363,38214549.910225905,1.1889234,1.029158,1.24611493,0.916877,47
2025-03-23 04:00:00,137520345.0,38299055.7791961,137962558.0625,38235787.27860203,1.18996139,1.045437,1.24982014,0.809535,48
2025-03-23 08:00:00,138359108.0,38646466.04656,137786894.77083334,38354973.63463862,1.24882507,1.049257,1.31094573,1.1435,48
2025-03-23 12:00:00,139553995.0,39361763.90126995,138534251.375,38885471.78567581,1.3132137,1.029128,1.35370197,1.880551,48
2025-03-23 16:00:00,142004850.0,40201573.035,139858645.02083334,39286175.48506989,1.31025992,1.002564,1.35222139,0.900482,48
2025-03-23 20:00:00,141798261.0,40080741.82970352,142242210.16666666,40015665.959787965,1.18339863,1.010582,1.27876029,0.884268,48
2025-03-24 00:00:00,141724177.0,40100352.76132165,141491287.57446808,39773563.86683493,1.25425451,0.984431,1.32414793,0.755081,47
2025-03-24 04:00:00,141653726.0,40500216.80066,142108986.89583334,40595635.579448976,1.22934363,0.967757,1.34181885,0.483551,48
2025-03-24 08:00:00,141336284.0,41019533.61496316,141782748.375,41072525.97442355,1.20935642,0.973923,1.27049331,0.934316,48
2025-03-24 12:00:00,138221839.0,40338661.49376,139489673.60416666,40500507.98846393,1.4020341,0.980176,1.4365063,1.743181,48
2025-03-24 16:00:00,137355823.0,39888120.01073416,138031671.29166666,40042264.29118315,1.423877,0.996971,1.44006636,0.850126,48
2025-03-24 20:00:00,137235961.0,39799809.28376766,137321676.25,39816051.12068412,1.42094082,1.012374,1.43287614,1.710839,48
2025-03-25 00:00:00,137325683.0,39896193.87308335,137325683.0,39896193.87308335,1.41543116,1.014124,1.43254462,1.319219,1
2025-03-25 04:00:00,136725255.0,39588815.35953315,136277486.60416666,39413441.93525827,1.52998066,1.05218,1.50174368,2.473139,48
2025-03-25 08:00:00,137959669.0,40550485.50917,137504335.97916666,40063243.6302572,1.53741935,1.06586,1.51687856,0.446514,48
2025-03-25 12:00:00,137470610.0,40133169.8834,137550147.4375,40241167.2116713,1.49821602,1.069664,1.47422455,0.81165,48
2025-03-25 16:00:00,137022153.0,40067672.68443444,137220467.91666666,40131930.69534664,1.34994273,1.073432,1.38487698,1.016255,48
2025-03-25 20:00:00,135920791.0,39934380.619159564,136494746.75,39810460.1655941,1.32182281,1.063135,1.36936221,1.078202,48
2025-03-26 00:00:00,135919511.0,39895898.15303001,135919511.0,39895898.15303001,1.31806616,1.064007,1.36406901,0.365891,1
2025-03-26 04:00:00,139462991.0,41953332.262635134,137172629.60416666,40792763.488342546,1.25350179,1.09712,1.29093005,0.440543,48
2025-03-26 08:00:00,137749501.0,40808818.62933384,138306268.375,41168008.535153486,1.29477508,1.088936,1.32043554,1.065808,48
2025-03-26 12:00:00,139418599.0,40032656.51686,138284393.39583334,40325547.6320828,1.35191538,1.052092,1.39493264,0.639397,48
2025-03-26 16:00:00,138385686.0,39589377.05088,138820021.79166666,39734211.19953691,1.31010355,1.048881,1.33803093,0.645865,48
2025-03-26 20:00:00,138050575.0,39432766.243,138092990.77083334,39462080.87025421,1.27667662,1.060659,1.31302521,1.417469,48
2025-03-27 00:00:00,136235222.0,39722252.17493198,137468088.27659574,39792851.51974464,1.21400264,1.101006,1.28054299,1.08254,47
2025-03-27 04:00:00,137157665.0,40040437.14345,136576335.85416666,39859692.482018284,1.20382499,1.10117,1.25518903,2.058972,48
2025-03-27 08:00:00,137423088.0,39494807.32038336,137181672.60416666,39906854.168834694,1.2251267,1.119406,1.26241799,1.042975,48
2025-03-27 12:00:00,139368967.0,39867886.70002,139323235.66666666,39831563.860557474,1.25701062,1.083794,1.31003274,4.032661,48
2025-03-27 16:00:00,140762798.0,40245491.57618,140215315.85416666,40040100.2276803,1.12262478,1.113586,1.18710607,0.578446,48
2025-03-27 20:00:00,141664284.0,40552817.93784,140978603.29166666,40521726.0476361,1.09224632,1.152876,1.14471602,2.544126,48
2025-03-28 00:00:00,141077506.0,40200018.40539928,141306970.4893617,40449848.397794984,1.04615385,1.150683,1.08939316,0.776641,47
2025-03-28 04:00:00,137573777.0,37911691.36332281,139075657.91666666,38785602.58538189,1.0653951,1.112907,1.07185835,0.643019,48
2025-03-28 08:00:00,139938830.0,38659946.1812794,137765151.33333334,37903496.56078385,1.04496314,1.060547,1.0731833,1.024182,48
2025-03-28 12:00:00,142197235.0,38782607.96507055,141944096.625,38970573.718852185,1.04333908,1.033942,1.07930736,0.427426,48
2025-03-28 16:00:00,143105031.0,38730704.046504304,142702324.08333334,38763447.93204262,1.07369215,1.019446,1.10985915,1.434272,48
2025-03-28 20:00:00,141261166.0,38732399.10554,141979751.875,38756422.99971971,1.06484727,1.008342,1.11171806,1.277691,48
2025-03-29 00:00:00,141251469.0,38759383.31839433,141251469.0,38759383.31839433,1.066182,1.007507,1.11346391,1.664781,1
2025-03-29 04:00:00,141178599.0,37673297.3752515,139396486.58333334,37636191.89396662,1.05032351,1.029733,1.08330506,1.169464,48
2025-03-29 08:00:00,142197211.0,37567081.17409,141264002.5625,37744209.524514355,1.04435873,1.021119,1.06402027,1.30032,48
2025-03-29 12:00:00,142256931.0,37918584.95805,142089797.54166666,38056396.40110495,1.15490352,0.987309,1.15423515,0.440695,48
2025-03-29 16:00:00,139883239.0,37174281.305040576,140739274.625,37288011.51408899,1.08196293,1.008144,1.09460907,1.658858,48
2025-03-29 20:00:00,139166184.0,37215157.10258232,139200328.25,36967583.6174727,1.04370761,1.005165,1.06653926,0.959568,48
2025-03-30 00:00:00,139333534.0,37810153.88711289,139128385.57446808,37422653.412515946,1.07146465,0.967564,1.12789043,0.290822,47
2025-03-30 04:00:00,139559407.0,37696857.553189375,139143922.91666666,37636331.41607236,1.06947262,0.95411,1.14362657,0.461094,48
2025-03-30 08:00:00,137967279.0,37171144.30818,138688237.72916666,37433192.826915,1.11255524,0.97587,1.19134438,2.20147,48
2025-03-30 12:00:00,136274089.0,36423338.50792,137043726.60416666,36714369.46421234,1.10993,0.98047,1.18570904,0.693458,48
2025-03-30 16:00:00,137086678.0,36774396.54950734,136681766.29166666,36594905.907596275,1.09062901,0.976891,1.17625571,0.523057,48
2025-03-30 20:00:00,135923169.0,36232990.22798916,136482323.5625,36412782.71747157,1.07917738,0.97845,1.15944414,2.658756,48
2025-03-31 00:00:00,138816208.0,36516991.67648,136748999.6382979,36244975.58962633,1.08971044,0.975734,1.1708126,1.245367,47
2025-03-31 04:00:00,141880942.0,36819517.58318232,139559378.75,36811994.1383466,1.12292271,0.956211,1.18423994,0.320595,48
2025-03-31 08:00:00,136858158.0,36293369.75682785,139567179.58333334,36531954.59089654,1.0571209,1.043205,1.10041315,1.401978,48
2025-03-31 12:00:00,134553762.0,36174100.76273952,135258060.8125,36066044.673955664,1.14199063,1.043746,1.21130604,0.966566,48
2025-03-31 16:00:00,132887680.0,35240861.2602112,133221787.625,35482765.152092196,1.13234892,1.07387,1.2047472,1.607446,48
2025-03-31 20:00:00,132216160.0,34875978.6848,132280251.60416667,34929733.02108186,1.13119693,1.101415,1.20034675,1.307532,48
2025-04-01 00:00:00,132255063.0,34879627.76499,132255063.0,34879627.76499,1.13326021,1.100774,1.2014652,1.157913,1
2025-04-01 04:00:00,130304995.0,34774418.4387529,130901026.25,34836133.87908164,1.11551863,1.061443,1.20365088,0.811595,48
2025-04-01 08:00:00,131978880.0,35803348.0276032,130823098.33333333,35587937.01953752,1.07288481,1.014403,1.15561644,0.621061,48
2025-04-01 12:00:00,133964171.0,36988222.98177314,133244946.5625,36411545.93614518,1.11322249,0.999497,1.2234827,0.565058,48
2025-04-01 16:00:00,132448812.0,36268458.18996,132835371.14583333,36604328.507521935,1.13064259,0.988119,1.22520818,2.116962,48
2025-04-01 20:00:00,132382813.0,36028267.18099795,132315020.60416667,36043337.03281305,1.10702254,1.000496,1.14685562,1.388488,48
2025-04-02 00:00:00,131413410.0,35328506.9936067,131697232.74468085,35393197.605907924,1.17449118,1.008329,1.2272988,0.979202,47
2025-04-02 04:00:00,132564248.0,35176633.75116928,131607352.29166667,35067337.26823752,1.14629425,1.016338,1.1870683,0.494806,48
2025-04-02 08:00:00,131629703.0,35175279.16817512,132118617.22916667,35281629.42025432,1.07574578,1.024637,1.1470696,0.557185,48
2025-04-02 12:00:00,131004849.0,35760180.09362613,130777283.25,35179177.945275284,1.05765253,1.10355,1.12445494,0.642215,48
2025-04-02 16:00:00,127622579.0,34547511.26129898,129079813.9375,35064455.52124195,1.06673591,1.156755,1.11587905,1.213473,48
2025-04-02 20:00:00,126032878.0,32607695.03846616,126931797.20833333,33456849.83510524,1.23885008,1.087302,1.25727788,0.881933,48
2025-04-03 00:00:00,124101070.0,32877876.8162061,124745700.44680852,32816228.89501938,1.1027689,1.155514,1.17930113,1.332215,47
2025-04-03 04:00:00,123890125.0,32330367.02,124013016.0625,32599711.31206816,1.05658436,1.169274,1.13665743,1.289997,48
2025-04-03 08:00:00,125565330.0,32326794.2085,124391203.625,32297352.39246161,1.09191467,1.149564,1.17530631,0.525421,48
2025-04-03 12:00:00,127357613.0,32113401.69218433,126324430.375,31984657.482162822,1.36182176,1.176604,1.38753709,0.994675,48
2025-04-03 16:00:00,127416682.0,32946131.46474,126814460.79166667,32406911.967914853,1.07290271,1.158248,1.14193671,0.659022,48
2025-04-03 20:00:00,128835900.0,33615141.54696,128548634.5625,33336835.125587508,1.06695119,1.15498,1.13975038,1.311012,48
2025-04-04 00:00:00,128990654.0,33482104.05878,129264290.14893617,33604229.31593666,1.06448175,1.149247,1.1427761,3.207632,47
2025-04-04 04:00:00,130605698.0,34430274.10676,129501541.375,33691318.565829925,1.08215835,1.143403,1.1627907,0.981372,48
2025-04-04 08:00:00,129553338.0,33041591.66046444,129715863.35416667,33808201.53646427,1.12702961,1.148765,1.19332868,0.822826,48
2025-04-04 12:00:00,129691376.0,33652318.24448,129196852.6875,33284771.988448873,0.95113852,1.147885,1.04310045,1.033888,48
2025-04-04 16:00:00,130681565.0,33815161.7594,130348849.22916667,33758423.896754496,0.94764398,1.159727,1.03682474,1.137101,48
2025-04-04 20:00:00,131480722.0,34117932.55178,131297235.6875,34112351.01209835,0.95271077,1.162797,1.03662559,0.921617,48
2025-04-05 00:00:00,131681458.0,33996564.1358695,131404572.23404256,34106096.94954792,0.95592741,1.164975,1.04199793,0.343844,47
2025-04-05 04:00:00,132174297.0,33986197.71868599,131863673.41666667,33955709.45050871,1.00889423,1.163215,1.07811954,0.975631,48
2025-04-05 08:00:00,128503299.0,32911144.39111272,130950351.70833333,33538427.16272455,1.01331115,1.126673,1.07161169,0.9269,48
2025-04-05 12:00:00,124788053.0,31390434.73215,125989575.72916667,32015077.245759383,0.9616982,1.061622,1.03978602,0.862846,48
2025-04-05 16:00:00,122613368.0,30465743.54696,123838410.6875,30997486.68257618,0.99324324,0.98547,1.08514952,0.810737,48
2025-04-05 20:00:00,122629726.0,30956648.03144,122639076.66666667,30712938.430167478,0.97510847,0.993127,1.05458731,0.907716,48
2025-04-06 00:00:00,123252322.0,30995493.93656,123049836.36170213,31057502.188979924,0.93736068,0.966544,1.03145372,0.964545,47
2025-04-06 04:00:00,124398465.0,30832227.96940575,123865665.89583333,31089927.560878664,0.95288075,0.937907,1.05808992,1.196736,48
2025-04-06 08:00:00,126121160.0,31517677.884,125075404.95833333,31207858.62178996,0.92547813,0.921621,1.00717703,1.334851,48
2025-04-06 12:00:00,129593732.0,32597391.777053,127737939.5625,31764960.349593192,0.96779209,0.943268,1.01871658,1.185155,48
2025-04-06 16:00:00,130133471.0,31166975.41384297,130172654.97916667,32087875.1661536,1.23590008,0.919158,1.23356618,0.731536,48
2025-04-06 20:00:00,146458052.0,33170113.99764452,132073184.39583333,30850523.264006477,1.38808331,0.866378,1.35441176,1.209523,48
2025-04-07 00:00:00,146656889.0,33150323.18956,146656889.0,33150323.18956,1.38457489,0.864172,1.35739275,1.22375,1
2025-04-07 04:00:00,159544262.0,32642092.30107008,162101809.4375,33919475.034289904,1.43635383,0.793033,1.40527438,1.104254,48
2025-04-07 08:00:00,151482976.0,32930249.43897056,154392961.02083334,33346099.608670708,1.29243743,0.742944,1.31953479,1.06563,48
2025-04-07 12:00:00,144395033.0,33101719.49220761,149092774.95833334,33658371.597695194,1.01001581,0.73258,1.07991608,0.934029,48
2025-04-07 16:00:00,141878355.0,32915778.36,142954352.41666666,32952140.786069706,0.97443038,0.730779,1.04832782,0.594916,48
2025-04-07 20:00:00,139345198.0,32359104.1770748,140485913.91666666,32829094.02389957,0.98216106,0.715977,1.06489401,0.936205,48
2025-04-08 00:00:00,137208837.0,31886956.394498248,138558249.55319148,32370909.13603554,1.24409213,0.717979,1.27176221,0.427827,47
2025-04-08 04:00:00,139030171.0,31797590.40941,137569989.97916666,31736853.120269403,1.26756757,0.664693,1.28619529,2.233199,48
2025-04-08 08:00:00,136306771.0,32028001.98187,138456965.875,31733199.295674622,1.23378176,0.646343,1.28332628,1.345174,48
2025-04-08 12:00:00,135612964.0,31426652.64109848,135926009.375,31991171.87554274,1.22866789,0.628266,1.27237354,0.494034,48
2025-04-08 16:00:00,136409757.0,30413471.99671704,137329029.125,30923071.83827846,1.51220275,0.650932,1.52311111,1.045397,48
2025-04-08 20:00:00,136371635.0,30120227.103040848,136199394.95833334,30297823.589311834,1.5568615,0.659409,1.5731377,0.867421,48
2025-04-09 00:00:00,135461381.0,29215226.963032,136728441.10638297,29964766.59761193,1.48700565,0.662606,1.5187188,0.310106,47
2025-04-09 04:00:00,131810164.0,29321595.41052808,133098232.4375,29381798.791189153,1.31528211,0.664275,1.39882328,0.177899,48
2025-04-09 08:00:00,130378974.0,28220528.9223,132202155.5625,29096566.235621855,1.2883487,0.669298,1.36182862,1.093745,48
2025-04-09 12:00:00,130977846.0,28928807.03165724,131118283.14583333,28731186.457015242,1.13889667,0.677187,1.22371092,0.378294,48
2025-04-09 16:00:00,133913043.0,32646161.257319607,131763028.41666667,31016696.963031545,1.07654048,0.711876,1.15751358,0.843991,48
2025-04-09 20:00:00,132287040.0,32034629.6064,132933622.3125,32268167.992575724,0.86259374,0.70587,0.93581245,1.201498,48
2025-04-10 00:00:00,130259603.0,30496378.25436,131172321.34042554,31106646.638428755,0.88440447,0.654481,0.94508197,0.782788,47
2025-04-10 04:00:00,127585586.0,29810372.1689,128954759.20833333,30297086.256796643,0.92795845,0.649028,0.99510052,0.687852,48
2025-04-10 08:00:00,124703605.0,29067163.28945,125966708.0,29442960.542649467,0.92210145,0.638111,0.98273261,0.976718,48
2025-04-10 12:00:00,125107666.0,28453641.82721784,123896999.45833333,28859517.832885157,1.01671868,0.61846,1.08344482,2.156132,48
2025-04-10 16:00:00,123978234.0,28305744.59643714,124441957.89583333,28209655.468279433,1.30266894,0.633769,1.33265431,1.503046,48
2025-04-10 20:00:00,122764558.0,28282498.87204,123447113.10416667,28350997.94736043,1.09938753,0.630758,1.16197324,1.620556,48
2025-04-11 00:00:00,123125185.0,28609787.843480848,123111261.0,28508381.40486183,1.0751859,0.653695,1.16800967,1.094893,47
2025-04-11 04:00:00,121230273.0,28655356.016062167,122130157.16666667,28583780.477552846,1.06844832,0.650956,1.1464727,0.633253,48
2025-04-11 08:00:00,122691516.0,28758936.74626092,121986012.85416667,28824116.606083255,1.20533643,0.640998,1.2562783,0.465315,48
2025-04-11 12:00:00,125860460.0,29288987.6466,114722865.16666667,26814532.33354749,1.24881376,0.633785,1.30251214,1.163059,48
2025-04-11 16:00:00,125522517.0,29604009.90411057,125662223.1875,29388155.083736375,1.24311519,0.629332,1.29253417,1.229897,48
2025-04-11 20:00:00,125837925.0,29468725.2765,126068528.4375,29635413.751570385,1.24197384,0.63318,1.30122777,2.582208,48
2025-04-12 00:00:00,125617559.0,29358079.71389,125617559.0,29358079.71389,1.24694304,0.631655,1.30931122,0.229643,1
2025-04-12 04:00:00,125362133.0,29612042.66743866,125650885.20833333,29569734.48171951,1.26541555,0.670193,1.33170421,1.605438,48
2025-04-12 08:00:00,126542456.0,30128250.38752448,125919989.04166667,29957664.422933195,1.25785973,0.671249,1.31323498,1.944028,48
2025-04-12 12:00:00,125488913.0,31062270.63489,126058706.58333333,30623182.230177928,1.19773337,0.651144,1.25556262,0.472297,48
2025-04-12 16:00:00,123596145.0,30031391.3121,124586637.27083333,30537537.27871051,1.25297892,0.649792,1.32028859,0.622253,48
2025-04-12 20:00:00,122770283.0,30199034.21234,122995862.5625,30206373.45253406,1.25250379,0.654065,1.31350065,2.034921,48
2025-04-13 00:00:00,122722195.0,30203572.985247154,122722195.0,30203572.985247154,1.25220298,0.653959,1.31800434,0.540498,1
2025-04-13 04:00:00,121383577.0,29478001.67445,121814420.52083333,29516331.14045978,1.16292626,0.652946,1.2289435,0.743197,48
2025-04-13 08:00:00,124620358.0,30778736.01884,123069427.54166667,30381896.830416877,1.15251756,0.652192,1.21323529,1.320623,48
2025-04-13 12:00:00,123064912.0,29839591.05471008,123482826.22916667,30178291.04413857,1.28047264,0.624801,1.28543647,1.224486,48
2025-04-13 16:00:00,123352275.0,29705694.8655,122769799.52083333,30108382.16412987,1.26672834,0.625507,1.28900979,1.13949,48
2025-04-13 20:00:00,123650630.0,29452343.5597,123570848.83333333,29381766.648043837,1.55612737,0.624963,1.56230177,1.185463,48
2025-04-14 00:00:00,123720677.0,29418302.57706,123720677.0,29418302.57706,1.56088918,0.623406,1.56925522,0.695402,1
2025-04-14 04:00:00,126303567.0,30386112.14886,125206219.95833333,30148219.471265018,1.14696578,0.601856,1.19758147,0.635833,48
2025-04-14 08:00:00,127322004.0,31232087.5812,126698328.66666667,30970696.85208385,1.16527738,0.597765,1.22096608,1.123773,48
2025-04-14 12:00:00,126567557.0,30120890.21293947,127274823.10416667,31073409.120281234,1.02273277,0.593543,1.16836735,0.733452,48
2025-04-14 16:00:00,127476349.0,30612484.04067854,126835876.02083333,30405883.476761535,1.02015839,0.588162,1.17027417,1.705493,48
2025-04-14 20:00:00,127481947.0,30547224.14014,127698052.39583333,30604516.335829053,0.99311654,0.582488,1.15183058,1.565419,48
2025-04-15 00:00:00,127557823.0,30960834.79856,127325844.40425532,30674565.802716535,0.98798587,0.594835,1.15817791,1.791206,47
2025-04-15 04:00:00,128953249.0,31086759.73643,128593302.04347827,30950702.192202594,1.00833929,0.600098,1.18507787,0.625743,46
2025-04-15 08:00:00,129187898.0,31076287.09495086,129411608.68181819,31305515.208272208,1.00549713,0.593673,1.19472914,0.329864,44
2025-04-15 12:00:00,127799707.0,30608029.8265,114478046.85185185,27651754.20594025,1.00720634,0.575071,1.17870168,0.943626,54
2025-04-15 16:00:00,128391569.0,30544171.94907202,127819566.04166667,30451957.99675965,0.9888138,0.570039,1.14697103,2.041469,48
2025-04-15 20:00:00,126042942.0,29660959.53351408,127322408.45833333,30310673.9932556,1.01256818,0.574205,1.16898644,0.771002,48
2025-04-16 00:00:00,126461031.0,29818376.75435193,126130387.23404256,29771155.986137178,0.98671638,0.568119,1.17857143,1.651101,47
2025-04-16 04:00:00,126787095.0,29351535.79959225,126364914.25,29571431.030432824,0.98783056,0.566882,1.18580225,0.476068,48
2025-04-16 08:00:00,128345044.0,30124974.17842016,127879726.5625,29875888.022478197,0.97993467,0.574303,1.16401074,0.540546,48
2025-04-16 12:00:00,129630354.0,30540114.1757229,129548066.0,30573839.163181577,0.97325581,0.56794,1.18495751,1.433779,48
2025-04-16 16:00:00,128553782.0,30561090.59486,128894645.20833333,30290398.728738297,0.95334406,0.57309,1.1456895,0.757227,48
2025-04-16 20:00:00,127571649.0,30031641.89109,127741391.35416667,30298612.60837886,0.96562067,0.571544,1.16245102,0.650329,48
2025-04-17 00:00:00,127271283.0,30009904.17530274,127298154.68085106,29979335.672304716,0.964065,0.575039,1.14968153,1.5626,47
2025-04-17 04:00:00,128992758.0,30635780.025,127689591.64583333,30375985.557442557,0.96527139,0.59561,1.14366496,0.539351,48
2025-04-17 08:00:00,128030212.0,30366205.68216,128392456.70833333,30430227.07520166,0.95259122,0.600058,1.08402765,0.84333,48
2025-04-17 12:00:00,127604178.0,30464221.45572,127717691.10416667,30445919.525863573,0.95013979,0.579667,1.0692511,0.993046,48
2025-04-17 16:00:00,127674159.0,30554504.78400852,127853995.02083333,30741411.516292945,1.0107082,0.580121,1.14557899,1.163154,48
2025-04-17 20:00:00,127289448.0,30443381.94824784,127617516.0,30687267.597204685,1.03406566,0.580086,1.16963116,1.771993,48
2025-04-18 00:00:00,127194351.0,30735843.33297672,126787584.08510639,30423259.063132748,1.05181863,0.584652,1.18227896,0.819983,47
2025-04-18 04:00:00,127226282.0,30679421.9772492,127094976.41666667,30664738.476209905,1.06168506,0.593823,1.19727634,1.017574,48
2025-04-18 08:00:00,127427741.0,31055414.75911,127047518.39583333,30870766.95759238,1.02731562,0.598046,1.14470762,0.969308,48
2025-04-18 12:00:00,127026786.0,30709995.78336,127866391.41666667,31073486.508025285,1.07839632,0.591474,1.19425965,0.568378,48
2025-04-18 16:00:00,127506083.0,30769767.94956,127345758.66666667,30794372.52857961,1.08728115,0.601851,1.21957316,1.628443,48
2025-04-18 20:00:00,128336289.0,30797384.166752007,128359479.14583333,30874702.325284544,1.0643853,0.606387,1.19304873,0.796058,48
2025-04-19 00:00:00,127883878.0,31195046.8586228,128058817.0,30955494.662438978,1.03726863,0.606074,1.16136874,0.535191,47
2025-04-19 04:00:00,128437235.0,31642890.21546985,128269993.97916667,31375325.09604241,1.03716638,0.60859,1.17017707,1.514006,48
2025-04-19 08:00:00,130321476.0,32076096.5646918,130196061.4375,32105309.816336095,1.03293486,0.610024,1.11932418,0.979828,48
2025-04-19 12:00:00,128937450.0,31566466.509,130252270.33333333,32000649.273828793,1.05803571,0.603347,1.1372549,0.420451,48
2025-04-19 16:00:00,128665125.0,31749406.245,128380657.08333333,31577074.17844237,1.07151819,0.600783,1.16812386,0.432167,48
2025-04-19 20:00:00,128688175.0,31706323.8184385,128687971.39583333,31860164.26476383,1.07254803,0.607848,1.18351852,1.513108,48
2025-04-20 00:00:00,129748018.0,31885056.431428,129475354.80851063,31918217.984128702,1.12655925,0.617579,1.21404367,1.713278,47
2025-04-20 04:00:00,130080023.0,31843589.6304,130087764.6875,31955098.42389603,1.126658,0.622152,1.19765057,1.449701,48
2025-04-20 08:00:00,129595301.0,31251906.83615,129696305.20833333,31507189.7137922,1.13522013,0.607497,1.19463213,3.241645,48
2025-04-20 12:00:00,127586973.0,30720405.393507034,128372864.89583333,31001342.88652188,1.11634492,0.603225,1.17702379,0.360599,48
2025-04-20 16:00:00,128198659.0,31277167.83457098,128175961.85416667,31012774.658705786,1.06415377,0.602732,1.15564838,0.750121,48
2025-04-20 20:00:00,128897953.0,31388711.34478894,128423284.125,31309911.05478842,0.96696138,0.610312,1.06437768,1.15674,48
2025-04-21 00:00:00,131389081.0,32805112.74947034,130262011.76595744,32516220.833620112,0.93225365,0.623628,1.02254237,1.593197,47
2025-04-21 04:00:00,134425347.0,34541277.13666623,132603885.45833333,33663882.21355688,0.93026405,0.639932,0.99476525,1.227246,48
2025-04-21 08:00:00,137323167.0,35368200.988333166,136098331.875,35247568.23757065,0.97199533,0.666798,1.04430593,0.599126,48
2025-04-21 12:00:00,139774867.0,36088732.89198262,137721181.0,35551101.08485397,0.99409542,0.691046,1.05047106,0.546525,48
2025-04-21 16:00:00,137811130.0,35165266.0421,138300290.375,35116168.02312189,1.038716,0.697314,1.11414961,1.713304,48
2025-04-21 20:00:00,137993510.0,34459739.3172,138115571.16666666,34754286.91345737,1.09748027,0.707262,1.21566038,1.215727,48
2025-04-22 00:00:00,138150558.0,34533494.98326,138150558.0,34533494.98326,1.09743068,0.709551,1.21432611,1.403528,1
2025-04-22 04:00:00,155355863.0,38326591.23891559,150396616.85416666,36962324.85803073,1.21374459,0.809198,1.38964521,0.44786,48
2025-04-22 08:00:00,161617003.0,40327788.129710674,159779862.1875,39536851.44042033,1.16561845,0.861906,1.32813425,1.846679,48
2025-04-22 12:00:00,160045051.0,41267616.40035,160052173.95833334,40553732.589587145,1.06313131,0.907319,1.18195377,1.803446,48
2025-04-22 16:00:00,160304588.0,41606259.10159764,160209620.85416666,41408711.733226635,1.0798656,0.909736,1.20034247,3.018438,48
2025-04-22 20:00:00,159503239.0,42324184.46865,160115918.14583334,42114151.013212234,1.21864009,0.944753,1.33418313,0.570474,48
2025-04-23 00:00:00,159531583.0,42251939.75755,159531583.0,42251939.75755,1.21587581,0.947026,1.32803223,1.512544,1
2025-04-23 04:00:00,159714781.0,42917790.91651901,159435991.20833334,42647935.00123173,1.22552191,0.99728,1.26312539,1.08488,48
2025-04-23 08:00:00,154116319.0,41677676.14717,159183571.02083334,43275586.59810619,1.27671233,1.000833,1.33007439,1.346436,48
2025-04-23 12:00:00,149681831.0,39776449.76994,151211687.29166666,40820597.40973709,1.48489011,1.084509,1.50400943,0.906691,48
2025-04-23 16:00:00,152669975.0,40796040.1901705,151624880.83333334,40646907.54925118,1.54757815,1.139033,1.53168108,1.246846,48
2025-04-23 20:00:00,151338418.0,40283608.1816014,151964640.75,40586795.22230362,1.59749739,1.134806,1.60511839,1.24767,48
2025-04-24 00:00:00,147808176.0,38520288.74736,150334321.34042552,39772124.316029,1.5876253,1.107863,1.55932606,0.55778,47
2025-04-24 04:00:00,148076604.0,38702781.98748,147812726.125,38825287.064487875,1.55137335,1.096582,1.53006993,2.019152,48
2025-04-24 08:00:00,148440540.0,39308539.3974,148175778.77083334,38872443.43145876,1.4818362,1.072713,1.46326023,1.106033,48
2025-04-24 12:00:00,149468289.0,41498121.66186871,148956297.70833334,40355558.64548476,1.44988573,1.08295,1.48098946,1.270656,48
2025-04-24 16:00:00,146617217.0,40936582.6303624,148312166.3125,41209185.44826379,1.44584546,1.103752,1.51100023,2.975207,48
2025-04-24 20:00:00,143865806.0,40329901.39598,145054045.33333334,40498039.32050576,1.45804989,1.123238,1.49764521,1.062031,48
2025-04-25 00:00:00,143869686.0,39617395.43382,143852645.31914893,39983903.21356386,1.90595865,1.151652,1.91585671,1.355828,47
2025-04-25 04:00:00,141636044.0,39959541.97788696,143209605.04166666,39858645.04089994,1.87827869,1.169526,1.87583519,2.16888,48
2025-04-25 08:00:00,140462783.0,39834159.48148741,140547608.83333334,39838654.623100504,1.85878019,1.161646,1.85074627,1.805832,48
2025-04-25 12:00:00,137379069.0,39632624.994879,138241280.0625,39437953.0957736,1.82040816,1.167789,1.84874652,0.846807,48
2025-04-25 16:00:00,135258989.0,38458665.80660117,135974650.95833334,38830256.91072536,1.73951258,1.174125,1.77677841,1.950551,48
2025-04-25 20:00:00,133861942.0,37953876.41526,134441665.95833334,38193350.719930924,1.76415858,1.166367,1.77171553,1.873016,48
2025-04-26 00:00:00,135096500.0,39233374.565,134531353.57446808,38778544.56539102,1.80120968,1.206069,1.77406309,1.405913,47
2025-04-26 04:00:00,136789119.0,40324190.23599948,135904206.77083334,39653046.2365546,1.85766721,1.197978,1.86432299,0.743884,48
2025-04-26 08:00:00,135050203.0,38944427.03911,135653759.08333334,39672467.49896238,1.81699878,1.182953,1.79038827,0.938967,48
2025-04-26 12:00:00,135560196.0,39247564.1741748,135639206.52083334,39188465.735634565,1.84255492,1.185243,1.83642312,0.859532,48
2025-04-26 16:00:00,135753903.0,39497598.07785,135509787.0,39288839.417952314,1.81843914,1.185963,1.82031883,1.034211,48
2025-04-26 20:00:00,135786813.0,39465079.33032,135812026.75,39466398.74344232,1.7924,1.1839,1.81112305,1.393627,48
2025-04-27 00:00:00,136496241.0,39582544.92759,136236750.29787233,39623123.289496176,1.8061674,1.178038,1.79438503,0.65381,47
2025-04-27 04:00:00,136295283.0,38762378.4852,135652900.625,38778110.33438858,1.83636364,1.134555,1.86184211,1.341256,48
2025-04-27 08:00:00,136573178.0,38561625.27928564,136479801.16666666,38886880.24308534,1.47785016,1.152278,1.47888865,0.534578,48
2025-04-27 12:00:00,136383884.0,38754163.92185884,137076233.08333334,38987212.51526896,1.45741935,1.11155,1.44518919,0.433414,48
2025-04-27 16:00:00,137950732.0,39724292.78672,136835661.02083334,39047717.07795259,1.45027183,1.100716,1.43874278,1.641141,48
2025-04-27 20:00:00,136772590.0,38887182.7888,137661615.60416666,39361750.606336996,1.46466602,1.098834,1.44815693,0.857886,48
2025-04-28 00:00:00,137391792.0,39474035.75952,136530218.80851063,38702383.99534858,1.4318618,1.104179,1.41000216,0.739299,47
2025-04-28 04:00:00,139219997.0,40558961.72601,138380226.47916666,39841851.18051807,1.48967552,1.113234,1.46011866,0.907019,48
2025-04-28 08:00:00,138236112.0,39872319.5834712,138019094.91666666,40012152.141264,1.45802509,1.116451,1.46919225,0.869943,48
2025-04-28 12:00:00,136182043.0,38255274.923389114,137054188.52083334,39116031.50711291,1.26426249,1.10682,1.31762042,1.402129,48
2025-04-28 16:00:00,135813079.0,38463622.10359,135456512.04166666,38310831.779700555,1.30297565,1.118877,1.37026178,1.22572,48
2025-04-28 20:00:00,135449152.0,38321502.99290688,135623929.6875,38302530.193697564,1.26992061,1.104216,1.32609137,0.415981,48
2025-04-29 00:00:00,136768437.0,38526301.01853,136448602.93617022,38532318.918301165,1.25946258,1.089979,1.31018059,0.939705,47
2025-04-29 04:00:00,137183070.0,38689444.9166688,136833355.9375,38456605.79305077,1.27077903,1.098063,1.32675832,0.993098,48
2025-04-29 08:00:00,138985244.0,38881187.33206468,138446104.6875,38819634.48153925,1.246614,1.105712,1.28219915,0.781736,48
2025-04-29 12:00:00,139430776.0,39092661.21144976,139741320.41666666,39129574.82331482,1.23547659,1.120813,1.25911782,1.729612,48
2025-04-29 16:00:00,138935714.0,38867927.32549864,139108798.9375,39019685.29167048,1.21909015,1.116744,1.26290722,0.519925,48
2025-04-29 20:00:00,138432455.0,38511908.981,138417381.625,38440353.892418146,1.20246775,1.144346,1.22747274,0.547901,48
2025-04-30 00:00:00,138413668.0,38420865.96344,138413668.0,38420865.96344,1.2064117,1.14466,1.22845653,0.645446,1
2025-04-30 04:00:00,138595522.0,38287012.9525,138818715.85416666,38773273.355266266,1.22506394,1.13943,1.27671127,1.583626,48
2025-04-30 08:00:00,137217313.0,38214523.571653806,137648398.79166666,38228977.381229244,1.23148148,1.162707,1.2874727,0.394951,48
2025-04-30 12:00:00,135486112.0,36953837.048,136127619.95833334,37110420.52170807,1.59151104,1.140643,1.64353387,0.606008,48
2025-04-30 16:00:00,136600860.0,36993071.5038126,136468482.95833334,36926830.16447414,1.47652348,1.155962,1.59378677,2.527363,48
2025-04-30 20:00:00,135121009.0,36644173.113587074,135961230.95833334,36945201.5733717,1.43624595,1.15614,1.53025153,3.660218,48
2025-05-01 00:00:00,135752594.0,36867689.47852,135438753.9787234,36878266.45515297,1.38815789,1.16962,1.4770984,0.877775,47
2025-05-01 04:00:00,135541710.0,36714182.9877,135234552.79166666,36625972.512906715,1.33464567,1.166586,1.3954262,2.899372,48
2025-05-01 08:00:00,140588447.0,39198870.79254,137498996.875,37859676.61045235,1.18804411,1.21696,1.23806659,1.538422,48
2025-05-01 12:00:00,136289776.0,37659197.02686736,138481598.10416666,38520862.800204284,1.21576151,1.207973,1.27581272,0.84559,48
2025-05-01 16:00:00,137265079.0,37902038.54546305,136623152.0625,37875836.00653448,1.20818713,1.216575,1.27206478,0.742753,48
2025-05-01 20:00:00,136889236.0,37444058.7694162,136973117.5,37660750.41384766,1.18804665,1.223214,1.26496945,0.384654,48
2025-05-02 00:00:00,136821956.0,37411350.5688404,136821956.0,37411350.5688404,1.18810149,1.22579,1.26548492,0.247026,1
2025-05-02 04:00:00,137672853.0,37634251.09608,137854128.25,38003944.71623238,1.21859222,1.213406,1.30284428,0.778501,48
2025-05-02 08:00:00,137570985.0,37914260.809833,137668405.60416666,37892831.004583396,1.2287346,1.207606,1.30065628,1.19217,48
2025-05-02 12:00:00,138332362.0,38305884.109525904,137877762.8125,38181809.38874446,1.20434265,1.213444,1.27559055,1.074129,48
2025-05-02 16:00:00,138459879.0,37521242.61021,138765811.25,38049897.16925351,1.23336318,1.224619,1.31538148,1.334848,48
2025-05-02 20:00:00,138355327.0,37988486.393064566,138843315.41666666,37806951.448689185,1.19653349,1.227438,1.27720986,1.551902,48
2025-05-03 00:00:00,138237918.0,37935249.45756,138237918.0,37935249.45756,1.19723692,1.228425,1.2779226,0.634736,1
2025-05-03 04:00:00,138219564.0,37444637.74917852,137869500.16666666,37547150.979652055,1.16685747,1.232453,1.24428376,0.862531,48
2025-05-03 08:00:00,138870515.0,37240842.127113104,138231014.54166666,37356162.99984326,1.20011584,1.199002,1.2858274,0.80482,48
2025-05-03 12:00:00,138170818.0,37644639.3641,138260846.6875,37520116.36726291,1.14609287,1.192615,1.22409779,0.359454,48
2025-05-03 16:00:00,137054090.0,37428726.4047504,137652539.66666666,37375174.913777165,1.15922108,1.163476,1.23536323,0.666916,48
2025-05-03 20:00:00,136541590.0,36773888.9535148,136934097.625,37182133.27064222,1.17127072,1.163726,1.24910537,0.265509,48
2025-05-04 00:00:00,136030850.0,36537886.31,136173883.89361703,36732811.14535104,1.12770251,1.161905,1.2320398,0.691245,47
2025-05-04 04:00:00,136381618.0,36943052.68384,136265839.77083334,36787412.477931805,1.13067361,1.159691,1.22140879,0.734724,48
2025-05-04 08:00:00,134964976.0,36209753.41104,135859986.97916666,36522206.54445156,1.17685851,1.136448,1.27780049,0.71254,48
2025-05-04 12:00:00,133999497.0,36188984.19576582,134391453.41666666,36037731.44580276,1.19944598,1.12123,1.25961141,3.324484,48
2025-05-04 16:00:00,135107212.0,35977699.48348,134682108.91666666,35951784.90710213,1.19748928,1.119179,1.2939324,3.135587,48
2025-05-04 20:00:00,134434411.0,35701746.52927,134450968.33333334,35933811.82034292,1.1979711,1.117273,1.29226543,1.648589,48
2025-05-05 00:00:00,134267974.0,35647046.0996132,134388197.40425533,35772914.8974981,1.20669533,1.112457,1.32150492,1.997787,47
2025-05-05 04:00:00,134676760.0,36049858.9656116,134274726.0625,35940304.13379144,1.40733333,1.128259,1.51292109,2.545628,48
2025-05-05 08:00:00,130708166.0,34236690.5491618,134509999.41666666,35836894.32623939,1.46542373,1.020956,1.57935575,0.53985,48
2025-05-05 12:00:00,127429628.0,32806757.7286,129011469.70833333,33638149.75703826,1.51826327,0.961263,1.5925577,0.969161,48
2025-05-05 16:00:00,127116731.0,33070532.38338087,127436068.66666667,33205008.602211613,1.42375124,0.980939,1.50452489,0.75587,48
2025-05-05 20:00:00,126894871.0,32759179.89736,127060938.29166667,32889176.294941913,1.42601787,1.005839,1.48326971,0.328926,48
2025-05-06 00:00:00,127048745.0,32763330.3606,127061070.38297872,32668848.011018112,1.42222222,1.029623,1.47700133,0.766086,47
2025-05-06 04:00:00,127406259.0,32808385.75509,126936600.5625,32773946.286710825,1.38402556,1.034656,1.42878657,0.649653,48
2025-05-06 08:00:00,128019096.0,32400353.00664,128254538.79166667,32819726.18536593,1.41381558,1.028485,1.43516101,0.605124,48
2025-05-06 12:00:00,127884499.0,32471965.20765865,128018450.95833333,32629958.376902994,1.39850843,1.001654,1.45753785,1.042529,48
2025-05-06 16:00:00,127742536.0,33001748.93437416,128226037.14583333,32767525.63759632,1.14277457,1.008369,1.23366337,0.694548,48
2025-05-06 20:00:00,128394885.0,33700986.698892,127613294.60416667,33173469.37429897,1.15355143,0.986679,1.24299254,0.86617,48
2025-05-07 00:00:00,127632600.0,33397622.442,127788827.95744681,33499053.432481207,1.2010201,0.961551,1.2745986,0.996543,47
2025-05-07 04:00:00,126781511.0,33045600.84215,127162746.85416667,33156410.86751279,1.23290203,0.953002,1.32501586,0.599907,48
2025-05-07 08:00:00,125793868.0,33041555.76663504,125979782.66666667,32976956.445299763,1.26641651,0.948958,1.33848761,0.791539,48
2025-05-07 12:00:00,125721821.0,32442515.90905,125699920.20833333,32696176.79202464,1.29674537,0.940853,1.3837462,0.846283,48
2025-05-07 16:00:00,124803036.0,32284745.75342088,125094739.125,32305529.6735588,1.24404015,0.950626,1.32256007,1.444004,48
2025-05-07 20:00:00,125168284.0,32528733.64592,125073255.625,32442553.027490005,1.25622439,0.954642,1.3484718,0.722328,48
2025-05-08 00:00:00,126745787.0,34031833.17740955,125616594.76595744,33096454.447535027,1.25292814,0.993446,1.3744232,1.458004,47
2025-05-08 04:00:00,127385276.0,34530716.56426456,127066017.04166667,34222449.45821007,1.42095915,1.015177,1.51027234,2.628675,48
2025-05-08 08:00:00,126384324.0,34631894.39079876,126768443.54166667,34670623.802176185,1.52223816,0.996367,1.5708134,0.514855,48
2025-05-08 12:00:00,128963893.0,36011503.4860303,127011391.125,34954014.002315395,1.52475248,1.008003,1.56715328,0.56033,48
2025-05-08 16:00:00,134262572.0,38313167.54592,132423207.3125,37385553.38473847,1.52810219,1.031272,1.58592989,0.979685,48
2025-05-08 20:00:00,136078706.0,39433231.70380618,135678514.97916666,39063639.11879999,1.57853107,1.042796,1.63702587,1.562545,48
2025-05-09 00:00:00,141606353.0,41534301.67486753,139928420.19148937,41117526.93922986,1.78097087,1.036827,1.67752443,1.902309,47
2025-05-09 04:00:00,144983215.0,43184303.165890895,141698116.97916666,41549020.29905497,1.85353946,1.041842,1.73780329,0.517935,48
2025-05-09 08:00:00,135571346.0,40884250.81322,142081077.95833334,42795241.6870718,1.6891329,1.09361,1.70015182,1.15407,48
2025-05-09 12:00:00,136177509.0,40318243.94974116,135054194.77083334,40376224.090190366,1.706443,1.135361,1.68916877,0.971109,48
2025-05-09 16:00:00,138117103.0,40669481.50186156,137336807.47916666,40582340.720829286,2.18161435,1.147409,2.04832291,1.586644,48
2025-05-09 20:00:00,138988840.0,41056376.2804372,138648182.1875,40867942.70879979,2.10428386,1.17405,1.96670306,1.960616,48
2025-05-10 00:00:00,138956255.0,41036561.2266,138956255.0,41036561.2266,2.10745234,1.174571,1.9704676,0.577687,1
2025-05-10 04:00:00,138509556.0,41906178.36054036,139740756.29166666,42013615.062060714,1.72700297,1.198167,1.69691781,1.631204,48
2025-05-10 08:00:00,136239248.0,40824508.91769136,138759602.25,42071228.134863615,1.7478424,1.247908,1.7330519,1.314972,48
2025-05-10 12:00:00,137146174.0,41574491.18636,136580081.875,41402967.31317443,1.83371472,1.256141,1.79760419,1.2606,48
2025-05-10 16:00:00,140138905.0,42924363.01953445,139202960.54166666,42654677.4614948,1.82999622,1.253938,1.84702053,1.807335,48
2025-05-10 20:00:00,141669655.0,45494015.05252975,140523705.16666666,43705302.50440135,1.91562009,1.232763,1.91610214,1.079184,48
2025-05-11 00:00:00,142419486.0,44498018.46272838,141674695.68085107,44665468.667991556,2.01770276,1.68009,1.93390882,0.453493,47
2025-05-11 04:00:00,140797792.0,42814769.72803648,142314213.375,44168834.413392015,2.10711365,1.677156,2.07737617,1.053759,48
2025-05-11 08:00:00,138529000.0,42514550.1,139770389.125,42645927.21347473,2.01297648,1.645167,1.90629113,1.314808,48
2025-05-11 12:00:00,138416096.0,41821039.24544,138617074.45833334,42356673.028886944,1.94807769,1.62045,1.83805875,0.914949,48
2025-05-11 16:00:00,137336732.0,42206324.47824,137949025.91666666,42187754.697032906,1.98393574,1.598474,1.86452947,0.80681,48
2025-05-11 20:00:00,136998833.0,41850403.50484,136830811.64583334,41971585.28687001,1.98460915,1.648009,1.84906639,0.891151,48
2025-05-12 00:00:00,138051573.0,43023772.72545,137731549.68085107,42723428.22829584,1.92687747,1.314724,1.83631647,0.668572,47
2025-05-12 04:00:00,143698332.0,45004880.59908,139581362.33333334,43518942.70426629,1.89463221,1.452626,1.83438819,1.76586,48
2025-05-12 08:00:00,142912284.0,45104545.95324,143170129.16666666,45083134.955036975,1.92478226,1.393826,1.86502101,0.785739,48
2025-05-12 12:00:00,148962652.0,48379930.72652236,148796181.375,48326047.0298559,2.05499439,1.404874,1.93040293,1.079835,48
2025-05-12 16:00:00,154052778.0,47591524.70754,152423114.91666666,48120089.96982152,1.99028401,1.283196,2.04563792,1.036818,48
2025-05-12 20:00:00,151628075.0,47405001.368,152124488.0,47671287.07891642,1.94076923,1.294309,1.90643425,0.482475,48
2025-05-13 00:00:00,149995349.0,44692614.18804,150489145.6382979,45706330.77469494,2.12052117,1.545071,2.1225335,0.430381,47
2025-05-13 04:00:00,146538330.0,44646656.5465146,147978173.625,44893204.41701748,1.84527747,1.622963,1.8148973,1.194671,48
2025-05-13 08:00:00,147413036.0,45565369.4276,146749919.41666666,45129079.05580922,1.86048237,1.603244,1.82965534,0.351792,48
2025-05-13 12:00:00,146930598.0,45107927.205650814,147353870.35416666,45260120.7707405,1.85820341,1.650335,1.81892292,0.962604,48
2025-05-13 16:00:00,149391318.0,46994201.691102065,147877089.27083334,46222164.34801692,1.84618222,1.659813,1.84352739,0.415979,48
2025-05-13 20:00:00,147059852.0,46284995.75530604,148566527.70833334,46801225.355882585,1.8321755,1.721856,1.82043193,1.485184,48
2025-05-14 00:00:00,146978373.0,46136511.2847,146978373.0,46136511.2847,1.83497988,1.716901,1.82571706,1.647676,1
2025-05-14 04:00:00,149124583.0,46749742.550276816,149242278.45833334,46585002.52846288,1.75729863,1.803061,1.65170068,1.988182,48
2025-05-14 08:00:00,149078983.0,46368036.08249,151075800.60416666,47071311.88985822,1.82715622,1.718763,1.73057226,0.618614,48
2025-05-14 12:00:00,146702998.0,44899919.56788,148421325.45833334,45859832.1852732,1.80737135,1.749958,1.70636687,1.029134,48
2025-05-14 16:00:00,145238258.0,44257507.40689784,145287251.20833334,44251501.84274585,1.82747716,1.838723,1.71078652,0.69312,48
2025-05-14 20:00:00,144216890.0,43798021.959163904,145158998.10416666,44177733.170144424,1.79574765,1.845212,1.69642857,1.940333,48
2025-05-15 00:00:00,144180655.0,43761712.4056,144180655.0,43761712.4056,1.79337979,1.846824,1.6925992,1.293835,1
2025-05-15 04:00:00,142867626.0,42304532.73486,144124482.02083334,43307690.76631493,1.57706093,1.757813,1.53851161,0.720394,48
2025-05-15 08:00:00,141962830.0,42224004.5269,142307763.54166666,42234594.38349157,1.5720794,1.766983,1.55063291,1.431257,48
2025-05-15 12:00:00,139256639.0,41310469.426252484,140923978.5,41495635.89403889,1.54232804,1.706255,1.52902937,2.063036,48
2025-05-15 16:00:00,142475859.0,41897875.85613,140659287.33333334,41838734.977057815,1.58190955,1.625252,1.58501375,1.155774,48
2025-05-15 20:00:00,141668030.0,41375564.8418,141365393.41666666,41403098.81291961,1.55106809,1.638658,1.5587156,0.523258,48
2025-05-16 00:00:00,141888676.0,41980602.56812,141626624.61702126,41622237.79753495,1.5147155,1.296611,1.55530474,1.21855,47
2025-05-16 04:00:00,139761716.0,41700084.05851812,141274340.29166666,41903661.92593192,1.49420103,1.247038,1.53755556,1.390907,48
2025-05-16 08:00:00,144056393.0,42951854.13688,141358692.8125,42039385.87670434,1.54122691,1.17052,1.58824864,1.001752,48
2025-05-16 12:00:00,145225201.0,43397646.81483,144719392.25,43204958.580625944,1.53291223,1.173542,1.59223962,0.812188,48
2025-05-16 16:00:00,146246352.0,43335025.81693152,145764809.5,43260497.3281476,1.53413253,1.204979,1.61144165,1.418319,48
2025-05-16 20:00:00,145178538.0,42572154.48312,145334053.66666666,42709933.123732276,1.50330251,1.18112,1.53948256,1.24958,48
2025-05-17 00:00:00,145214202.0,42542986.54303824,145214202.0,42542986.54303824,1.50678134,1.182346,1.540644,0.568495,1
2025-05-17 04:00:00,148890698.0,43151502.09436,149178869.33333334,43416720.61007736,1.55253186,1.088357,1.58166863,1.459068,48
2025-05-17 08:00:00,146953973.0,42331561.46238,148160427.97916666,42749994.51765062,1.56208924,1.125801,1.59017164,1.316517,48
2025-05-17 12:00:00,146620961.0,41870547.83277,146763620.625,41970813.60082052,1.55330124,1.107466,1.57273152,1.086681,48
2025-05-17 16:00:00,146983247.0,41865373.46759724,147075485.625,41890459.39176643,1.52935154,1.097542,1.55604651,1.345294,48
2025-05-17 20:00:00,146679172.0,41938090.8225998,147237782.95833334,42027929.93101413,1.51640465,1.113807,1.54343294,0.781761,48
2025-05-18 00:00:00,146490901.0,41934485.32026,146490901.0,41934485.32026,1.51006482,1.114803,1.52357948,1.89156,1
2025-05-18 04:00:00,145715245.0,42470165.3077,145880762.3125,42180071.63345675,1.47310391,1.134187,1.49830355,1.308083,48
2025-05-18 08:00:00,146028703.0,42175487.21770326,145971098.95833334,42477776.28304474,1.49933687,1.16474,1.53995048,0.452264,48
2025-05-18 12:00:00,145131382.0,43035808.70446,145051737.08333334,42336095.96326462,1.47435479,1.176046,1.52043536,0.429341,48
2025-05-18 16:00:00,144392380.0,41065192.872,144548266.95833334,42136452.12787945,1.59248366,1.100944,1.69602146,0.417495,48
2025-05-18 20:00:00,143846751.0,42040242.92248716,144739333.85416666,41569563.017665334,1.48486821,1.095277,1.55341545,0.624929,48
2025-05-19 00:00:00,140914206.0,39716623.86855408,142662218.14893618,40875991.322986625,1.51916829,1.12723,1.5185429,1.014275,47
2025-05-19 04:00:00,140840097.0,39498806.60498871,140483749.14583334,39287808.74745548,1.76231884,1.07772,1.80796709,1.427271,48
2025-05-19 08:00:00,142271273.0,39987621.88515619,141760333.77083334,39693510.69838636,1.46397969,1.096331,1.4720205,0.904733,48
2025-05-19 12:00:00,142910395.0,40276436.62285,142675090.83333334,40104002.722156666,1.8023088,1.143754,1.70016321,0.544123,48
2025-05-19 16:00:00,141032805.0,40276148.4519,141885845.14583334,40368531.57160691,1.74804826,1.177983,1.63483402,1.499968,48
2025-05-19 20:00:00,140366651.0,40216217.57303585,141157675.1875,40328658.13358424,1.73736303,1.197957,1.61386139,0.709712,48
2025-05-20 00:00:00,140368004.0,40213981.74083864,140368004.0,40213981.74083864,1.73859215,1.197545,1.61273627,1.134277,1
2025-05-20 04:00:00,141512770.0,40067020.016072,142088665.77083334,40536123.25066685,1.7580474,1.207586,1.66476234,1.170503,48
2025-05-20 08:00:00,140462126.0,39907371.64530732,140700067.85416666,39831825.63706459,1.62592096,1.149636,1.52841154,0.75949,48
2025-05-20 12:00:00,144567008.0,40772927.1878784,142679993.83333334,40239164.02470768,1.66937669,1.108522,1.57424242,1.089467,48
2025-05-20 16:00:00,145152517.0,41507198.31464792,144687812.0,40923790.56306212,1.62983979,1.100312,1.56597222,2.078085,48
2025-05-20 20:00:00,145239107.0,41719163.7184829,145306332.29166666,41701115.4517886,1.65087957,1.108376,1.5768642,0.282696,48
2025-05-21 00:00:00,145242228.0,41749878.4386,145242228.0,41749878.4386,1.65580448,1.107987,1.57897043,1.018297,1
2025-05-21 04:00:00,145739072.0,42140580.91918336,145016288.72916666,42008815.744186155,1.76395147,1.121417,1.65458185,0.669164,48
2025-05-21 08:00:00,145416224.0,42164103.0634304,144560809.10416666,41685992.97766007,1.77607789,1.091339,1.68623935,2.715428,48
2025-05-21 12:00:00,148013039.0,43572078.42082,147129780.4375,42862077.05741648,1.79277022,1.107218,1.69942726,1.521004,48
2025-05-21 16:00:00,150346442.0,43702703.76056,148627337.45833334,43229379.72628724,1.85284281,1.055499,1.74988067,0.951987,48
2025-05-21 20:00:00,151898153.0,44627636.33889869,151267447.14583334,44022096.75396525,1.85644678,1.091879,1.74383529,1.269028,48
2025-05-22 00:00:00,151980306.0,45378342.07740545,151806796.4893617,44889281.7222609,1.86278268,1.071097,1.74635569,0.744745,47
2025-05-22 04:00:00,151431781.0,45120287.88843085,151624774.5,45155985.50344785,1.92362205,1.107371,1.79382716,1.336777,48
2025-05-22 08:00:00,154596605.0,46624790.10195,154049983.41666666,46354986.43764829,1.97310127,1.132312,1.80351906,1.299687,48
2025-05-22 12:00:00,155473143.0,46859791.8679716,155150726.29166666,46649926.56713698,1.99880952,1.152682,1.85068762,0.677486,48
2025-05-22 16:00:00,154515099.0,46782731.213254735,155476086.16666666,47005751.14686044,1.94818252,1.139266,1.81599808,0.906985,48
2025-05-22 20:00:00,153128121.0,46524917.00343,153560903.70833334,46398958.02721784,2.02233746,1.176982,1.86106346,0.983545,48
2025-05-23 00:00:00,152739464.0,47269091.4432392,153228182.0212766,47020538.522681236,2.06260097,1.514648,1.89059356,0.41791,47
2025-05-23 04:00:00,153275636.0,46134433.67964,151975462.75,46215774.60179617,2.12326531,1.536369,1.91851665,0.767,48
2025-05-23 08:00:00,162715841.0,47936163.23504527,153672163.8125,46566958.66370266,2.19813614,1.262078,2.06257791,1.293848,48
2025-05-23 12:00:00,159477837.0,46786013.04069,164499126.9375,48071950.90324908,2.21623827,1.302336,2.0535316,2.17575,48
2025-05-23 16:00:00,155130441.0,45394269.64542,157373095.66666666,46164729.7227979,1.94897565,1.39355,1.74626866,1.020499,48
2025-05-23 20:00:00,151257778.0,43179571.49886002,153285742.64583334,44326197.7238248,1.98057098,1.328603,1.7562394,1.266941,48
2025-05-24 00:00:00,151393713.0,43873898.0274,151350099.91489363,43607901.087510936,1.81363307,1.112576,1.64217324,1.372151,47
2025-05-24 04:00:00,151770729.0,44034759.31206,151284493.64583334,43926937.81133505,1.80208708,1.127981,1.62786596,1.049442,48
2025-05-24 08:00:00,151544079.0,43973545.40343,152121322.3125,44151060.26737013,1.79171133,1.151348,1.63962181,0.540218,48
2025-05-24 12:00:00,149001101.0,42924237.17608,149854561.60416666,43267985.0293175,1.78640085,1.17757,1.60634648,1.54866,48
2025-05-24 16:00:00,148078991.0,42512000.48776983,148496866.875,42712415.013750896,1.80092758,1.180507,1.6527535,0.51701,48
2025-05-24 20:00:00,146834069.0,41979860.3271,146994419.45833334,42080172.591030724,1.41864042,1.172725,1.40789474,0.564117,48
2025-05-25 00:00:00,146924630.0,42057040.1668404,147012310.59574467,41844863.449653536,1.39030303,1.141199,1.3617734,0.37246,47
2025-05-25 04:00:00,146315059.0,41402962.4548067,146805896.97916666,41856582.37095469,1.39181463,1.159639,1.37797443,0.401918,48
2025-05-25 08:00:00,146704182.0,41305090.5771552,146176091.875,41118538.07243256,1.39304401,1.146566,1.36548832,1.775851,48
2025-05-25 12:00:00,145610221.0,40803845.50726092,146513751.4375,41262306.99824149,1.40491752,1.132979,1.38544639,1.762195,48
2025-05-25 16:00:00,147795563.0,41882232.74515849,146676230.66666666,41268065.89470343,1.3831747,1.145578,1.34657968,2.239845,48
2025-05-25 20:00:00,148004676.0,42530623.69536,147377616.02083334,41917266.38342989,1.3770037,1.161907,1.34809495,1.126619,48
2025-05-26 00:00:00,147466674.0,42375346.56860634,148247140.0,42626413.92284064,1.3937712,1.171123,1.40056876,0.374638,47
2025-05-26 04:00:00,146256758.0,42337306.45501984,146333123.52083334,42109144.41172284,1.37423873,1.199973,1.37093881,2.223582,48
2025-05-26 08:00:00,146310510.0,42129689.9802312,146321174.375,42223931.212837316,1.37560976,1.206198,1.36210984,0.963921,48
2025-05-26 12:00:00,146344322.0,42173506.71396,146189222.85416666,41962450.57059646,1.39707674,1.194519,1.3859996,1.25199,48
2025-05-26 16:00:00,147880103.0,42038251.01647059,147749969.04166666,42099895.71215715,1.39775485,1.171168,1.38132601,1.519698,48
2025-05-26 20:00:00,147017068.0,41977783.42604,147414340.1875,42001716.938950434,1.38287609,1.181059,1.36862592,1.691086,48
2025-05-27 00:00:00,146984835.0,41975081.076802045,146984835.0,41975081.076802045,1.38640483,1.181434,1.37200234,0.549234,1
2025-05-27 04:00:00,147970341.0,42612219.137235515,148576560.4375,42462817.59260646,1.40176668,1.189857,1.40910899,1.369346,48
2025-05-27 08:00:00,145567286.0,42054388.9254,146259399.64583334,42215588.60484175,1.65625,1.14259,1.55802367,0.782399,48
2025-05-27 12:00:00,147082774.0,42625093.86994256,147091771.375,42560727.00632059,1.65616622,1.157794,1.54200542,0.371686,48
2025-05-27 16:00:00,144568913.0,41831730.59266935,145042106.04166666,42001345.952731304,1.68152651,1.161378,1.55409904,2.942018,48
2025-05-27 20:00:00,142367457.0,40860883.83357,143292276.5,41234686.50700224,1.67727882,1.151507,1.56466681,1.554921,48
2025-05-28 00:00:00,142383150.0,40858268.724,142383150.0,40858268.724,1.6778411,1.151504,1.5648744,2.539462,1
2025-05-28 04:00:00,144236401.0,41409810.612980805,143784909.625,41257241.99816302,1.63193768,1.417845,1.50862924,0.884377,48
2025-05-28 08:00:00,143380910.0,41325245.8802,143571203.0,41158757.86605171,1.62125604,1.419146,1.4965558,0.90605,48
2025-05-28 12:00:00,142882074.0,40287029.58504,142935487.58333334,40864734.42192169,1.63365385,1.430855,1.5446339,0.945669,48
2025-05-28 16:00:00,142142354.0,39688988.08388,143042274.95833334,40392358.42896745,1.59619651,1.438043,1.529447,0.321813,48
2025-05-28 20:00:00,142838611.0,40680436.4128,142167592.75,40067699.51103054,1.53415385,1.477484,1.47194272,1.775612,48
2025-05-29 00:00:00,142842052.0,40731411.1278,142842052.0,40731411.1278,1.53183636,1.476332,1.46772323,1.312904,1
2025-05-29 04:00:00,142213546.0,40445532.4824,142378269.41666666,40538103.12616258,1.54141291,1.216075,1.45230357,1.235196,48
2025-05-29 08:00:00,143846103.0,41360069.99559,143099747.875,40916173.43419315,1.52272043,1.19343,1.42143796,0.447329,48
2025-05-29 12:00:00,141247712.0,40059263.60032,141861920.97916666,40432750.97116158,1.53927813,1.135805,1.45390476,1.694446,48
2025-05-29 16:00:00,141727532.0,39663867.10552,142068756.54166666,40034875.74369554,1.5420957,1.149642,1.47125335,1.484443,48
2025-05-29 20:00:00,141104618.0,39304691.3439,142133113.70833334,39857640.4467231,1.53251054,1.121443,1.4769378,1.289451,48
2025-05-30 00:00:00,152613086.0,41715260.92724,149046157.82978722,40869891.17797298,1.60069997,0.978192,1.67901235,0.381672,47
2025-05-30 04:00:00,148842514.0,40458372.15548,150051450.6875,40924796.854704276,1.57919547,0.977815,1.65462168,1.418835,48
2025-05-30 08:00:00,148023014.0,40632610.42856772,148572522.58333334,40470972.652924396,1.44076274,0.97726,1.44621436,1.495558,48
2025-05-30 12:00:00,149916202.0,40833504.97533706,148791275.22916666,40715854.97809919,1.44315691,0.942241,1.4556213,0.862539,48
2025-05-30 16:00:00,148259885.0,40377097.0809,149939941.04166666,40554878.10427057,1.38008631,0.990162,1.39484476,0.499197,48
2025-05-30 20:00:00,149423257.0,39564289.98846,147979069.64583334,39817016.35583591,1.53717178,0.98091,1.58398087,1.217416,48
2025-05-31 00:00:00,150597152.0,39340192.822656,149982765.89361703,39387514.480818726,1.38954073,0.997787,1.60789149,1.033835,47
2025-05-31 04:00:00,151633833.0,39571920.822806574,151984590.25,39765819.14690601,1.37160821,0.995838,1.62783038,2.873885,48
2025-05-31 08:00:00,152798311.0,39618828.05390929,152079136.3125,39569665.36713521,1.35130719,1.008947,1.60392633,0.90051,48
2025-05-31 12:00:00,152389147.0,40608708.65708704,152084311.16666666,40261740.168766566,1.28312459,0.991489,1.48022136,2.377134,48
2025-05-31 16:00:00,150099191.0,39959406.62802,151621223.5625,40416809.98840379,1.0898095,1.02453,1.34422404,0.340215,48
2025-05-31 20:00:00,147886918.0,39019963.3143,149119454.0625,39569064.31926193,1.1090964,1.052285,1.31377018,0.544288,48
2025-06-01 00:00:00,147885641.0,39018147.52144,147885641.0,39018147.52144,1.10936556,1.054727,1.31220345,0.272356,1
2025-06-01 04:00:00,150683473.0,40030571.43718,150198657.29166666,39987040.31927043,1.10535768,1.04632,1.31731315,0.631217,48
2025-06-01 08:00:00,151299746.0,39942816.72753087,151121725.79166666,39860262.40664592,1.11121157,1.027708,1.32060779,2.436573,48
2025-06-01 12:00:00,151608282.0,40241386.29126,151466403.60416666,39981739.10208869,1.11846479,1.030199,1.33339658,1.089777,48
2025-06-01 16:00:00,151655930.0,40411755.6671,152209789.625,40519842.66446587,1.10709988,1.035827,1.30995475,0.435451,48
2025-06-01 20:00:00,150965558.0,40305284.37083697,151489052.4375,40407104.243365444,1.12920837,1.043829,1.32947867,1.374538,48
2025-06-02 00:00:00,151030625.0,40353843.99793125,151030625.0,40353843.99793125,1.12871888,1.044429,1.32386901,1.320477,1
2025-06-02 04:00:00,151184294.0,40247665.91676048,151034634.1875,40134171.14898009,1.13043478,1.043964,1.3291306,2.571781,48
2025-06-02 08:00:00,152248971.0,40231081.106545135,151618488.5625,40152497.601255655,1.13313162,1.059267,1.32733408,1.573808,48
2025-06-02 12:00:00,151979205.0,40428014.15851485,152618109.0,40476261.36062841,1.13785758,1.031434,1.34729064,0.647154,48
2025-06-02 16:00:00,150643250.0,39854178.22,151278839.47916666,40147675.141261004,1.14599878,1.060458,1.35676292,2.637151,48
2025-06-02 20:00:00,151304545.0,41095909.1719043,151197987.45833334,40760221.13323579,1.12163814,1.073521,1.30278884,1.425079,48
2025-06-03 00:00:00,152303501.0,41429895.33384695,152442289.85106382,41629467.619035825,1.18999044,1.098046,1.36721376,1.248,47
2025-06-03 04:00:00,150722770.0,40847377.8977,151319820.58333334,41133179.09243799,1.21673127,1.111842,1.37717563,0.275969,48
2025-06-03 08:00:00,150449027.0,40848415.32077,150441743.39583334,40770965.40255625,1.21646144,1.132651,1.36512315,0.504251,48
2025-06-03 12:00:00,148193375.0,40876178.62625,149825440.54166666,40927207.22657304,1.21124472,1.087452,1.37928982,0.700573,48
2025-06-03 16:00:00,146992980.0,40508747.2982526,147706225.85416666,40588122.37446326,1.22757256,1.092326,1.37816803,0.479907,48
2025-06-03 20:00:00,145805655.0,39778277.41875705,146130491.625,39950039.75871553,1.23688607,1.080683,1.38458426,1.758651,48
2025-06-04 00:00:00,145792668.0,39747315.11587872,145792668.0,39747315.11587872,1.23554962,1.080713,1.38550314,1.709706,1
2025-06-04 04:00:00,144629669.0,39444849.62637,145058335.75,39643828.27989341,1.26929502,1.115144,1.39473684,0.770571,48
2025-06-04 08:00:00,145106857.0,39618525.16671,145178528.45833334,39806424.77445278,1.26572008,1.115638,1.40714431,0.494339,48
2025-06-04 12:00:00,143987217.0,39122294.45299824,144642960.45833334,39170114.75351224,1.35930274,1.100021,1.47451227,0.322692,48
2025-06-04 16:00:00,142916180.0,38290102.9456,143895195.85416666,38735395.72347114,1.31239213,1.10641,1.42842557,2.237986,48
2025-06-04 20:00:00,142477647.0,37983115.91373,142115005.72916666,37900444.70641421,1.30398614,1.082479,1.41680362,0.914587,48
2025-06-05 00:00:00,143529655.0,38356015.3066424,142983391.08510637,38178573.02905329,1.26273187,1.092031,1.42429216,0.573243,47
2025-06-05 04:00:00,142469955.0,37751688.6759,143582413.22916666,38211771.551508605,1.26898414,1.101755,1.4410066,1.396389,48
2025-06-05 08:00:00,143644369.0,38258639.13436213,142885058.52083334,37968653.32558075,1.21061251,1.113716,1.37485078,2.192139,48
2025-06-05 12:00:00,144424844.0,38331797.84604,144380456.25,38472745.25051948,1.22299306,1.081631,1.41520229,2.206279,48
2025-06-05 16:00:00,151695377.0,39354498.5200247,145491523.83333334,38122898.498884305,1.22677323,0.989188,1.40886495,0.821318,48
2025-06-05 20:00:00,158723431.0,40847474.96785,157356938.91666666,40298706.59832048,1.26078431,0.935505,1.50152532,0.736265,48
2025-06-06 00:00:00,158668469.0,40735738.28192217,158668469.0,40735738.28192217,1.26030085,0.936004,1.49098643,0.981159,1
2025-06-06 04:00:00,158252977.0,41182172.20471,158699223.72916666,41351291.85505382,1.21792328,0.921078,1.44332282,1.070075,48
2025-06-06 08:00:00,156347373.0,40972392.56838,157376518.8125,41154216.384196945,1.2458138,0.911354,1.48068761,1.047792,48
2025-06-06 12:00:00,155517420.0,41291823.6432726,156046194.75,41203534.71443015,1.22931442,0.929663,1.42848128,0.789643,48
2025-06-06 16:00:00,154291361.0,40696210.30339088,154995563.125,40847445.787805416,1.47821187,0.961676,1.59905235,1.031309,48
2025-06-06 20:00:00,153558002.0,40338176.11466032,153793536.10416666,40487955.222775094,1.54192547,0.960385,1.69873299,1.183665,48
2025-06-07 00:00:00,153908811.0,40670403.30675,153559853.19148937,40394724.91229678,1.55533829,0.971408,1.68911917,0.733278,47
2025-06-07 04:00:00,154082628.0,40912019.38656,153933755.95833334,40723322.27166945,1.52264808,0.965038,1.65638149,1.384742,48
2025-06-07 08:00:00,153976949.0,40973230.714201726,153806714.25,40804613.44530626,1.52748943,0.978069,1.64293941,1.015799,48
2025-06-07 12:00:00,154387727.0,41212174.93213015,154155967.60416666,41119945.734415434,1.51810478,0.976797,1.63263425,0.42305,48
2025-06-07 16:00:00,153288212.0,40612178.88728,154084761.20833334,40992921.47730326,1.62216925,0.994238,1.7450237,1.089944,48
2025-06-07 20:00:00,151447586.0,40079089.15904,151709093.95833334,40222967.52277726,1.59764706,1.02554,1.714518,0.274262,48
2025-06-08 00:00:00,149186663.0,39507612.09566,150247418.70212767,39663049.87729377,1.54699887,1.028756,1.66606457,1.80477,47
2025-06-08 04:00:00,151724385.0,40416409.95227325,150521854.16666666,40029791.744538434,1.56404409,1.015559,1.6563133,0.78178,48
2025-06-08 08:00:00,152228592.0,40778995.22496,151883491.72916666,40379418.82204301,1.56422018,1.010984,1.62400177,0.827597,48
2025-06-08 12:00:00,156591202.0,42470759.7611612,154623515.47916666,41839625.795713626,1.56867284,0.97109,1.65164761,0.576604,48
2025-06-08 16:00:00,154897556.0,41794176.64636808,155897270.125,42150432.55790222,1.6608801,0.983029,1.73544481,0.993422,48
2025-06-08 20:00:00,149780310.0,40062832.911963,151982058.64583334,40791549.57469766,1.69753086,0.997427,1.777064,0.493312,48
2025-06-09 00:00:00,149825297.0,39854802.517024495,149967950.42553192,39974783.47744366,1.72832849,1.021772,1.81224192,0.497994,47
2025-06-09 04:00:00,149626731.0,39534374.86482,149256942.0,39487609.259393975,1.72708333,1.031952,1.84270217,3.92082,48
2025-06-09 08:00:00,151886075.0,40602127.8522915,151040764.35416666,40213956.99779291,1.6011657,1.012002,1.76943898,0.202623,48
2025-06-09 12:00:00,149348580.0,39773020.3398,150125548.70833334,40014035.076982,1.32882414,1.03599,1.5427716,0.722256,48
2025-06-09 16:00:00,149542985.0,40150727.25287689,149883568.0625,40320089.04466873,1.34987851,1.02635,1.56832832,0.558057,48
2025-06-09 20:00:00,150003560.0,41208978.0032,149361624.20833334,40662825.66429283,1.27486376,1.049293,1.47268908,0.649181,48
2025-06-10 00:00:00,149989175.0,41332516.95475,150135186.23404256,41362514.61525068,1.34537167,1.028467,1.48773726,2.195651,47
2025-06-10 04:00:00,148762401.0,40629986.96112,149242447.45833334,40867676.721742235,1.392023,1.021736,1.52745098,0.87054,48
2025-06-10 08:00:00,148521483.0,41185007.2359,148568658.72916666,40649283.89593487,1.38615991,1.035093,1.54424295,0.933779,48
2025-06-10 12:00:00,150239079.0,41483129.585304685,151870836.08333334,42102539.03746914,1.39970501,1.085294,1.55211581,2.545202,48
2025-06-10 16:00:00,151111826.0,42022687.69234,150859155.77083334,41828419.172925375,1.41466124,1.091628,1.56346541,0.952269,48
2025-06-10 20:00:00,152113838.0,42570578.70268,151539345.14583334,42396531.89327743,1.47376484,1.100955,1.62465438,0.646359,48
2025-06-11 00:00:00,151983236.0,42663926.97893684,151853915.34042552,42444226.21841195,1.52834555,1.374767,1.65157435,0.63966,47
2025-06-11 04:00:00,152823502.0,43153125.282029614,152182203.625,42778777.65224144,1.59532303,1.402595,1.68721038,1.578912,48
2025-06-11 08:00:00,153680201.0,43157374.61079785,153974292.33333334,43435147.27688583,1.62617587,1.377409,1.67445152,0.77787,48
2025-06-11 12:00:00,157238638.0,44473091.769985214,156195781.29166666,44028658.83133925,1.68278449,1.325266,1.78477945,1.548385,48
2025-06-11 16:00:00,150315022.0,41814632.81996,153881417.66666666,43112151.32904759,1.69217759,1.373383,1.77066015,1.593111,48
2025-06-11 20:00:00,151228340.0,41870437.7551766,150259711.10416666,41754470.02317641,2.02591894,1.351029,1.90394338,1.278884,48
2025-06-12 00:00:00,151870146.0,42059838.56632476,150970491.78723404,41800202.79512673,1.9705205,1.084234,1.86476334,0.754554,47
2025-06-12 04:00:00,152190887.0,41829665.29195,152400427.9375,42176654.26880484,2.02306968,1.076041,1.92465402,1.157986,48
2025-06-12 08:00:00,153226757.0,41798535.508583754,152710718.41666666,41972268.21883911,1.96474954,1.062651,1.89162437,0.944866,48
2025-06-12 12:00:00,153235611.0,41772974.55467598,152891639.95833334,41940810.67439384,1.94572217,1.054656,1.86879077,0.700261,48
2025-06-12 16:00:00,151220048.0,40811266.55424,152609421.91666666,41777398.2435398,1.95926966,1.034587,1.91070968,1.605999,48
2025-06-12 20:00:00,153800776.0,41124789.49464,152938202.75,41062141.35780922,1.99224054,1.022077,1.99118457,0.640061,48
2025-06-13 00:00:00,153676641.0,41040883.74546,153676641.0,41040883.74546,1.99173955,1.02264,1.99972345,0.514051,1
2025-06-13 04:00:00,155620743.0,40187461.76713425,155947893.27083334,40025464.609716274,1.44208211,0.966069,1.72727273,1.624887,48
2025-06-13 08:00:00,153942480.0,39954231.2592,154512025.35416666,39948022.370487295,1.32067359,1.001464,1.53437007,1.204341,48
2025-06-13 12:00:00,155185503.0,40299305.446469195,154528800.83333334,39998783.79683813,1.31840621,1.000093,1.53600892,0.911873,48
2025-06-13 16:00:00,154013717.0,39601547.05221,154510030.91666666,39994100.17021669,1.31446541,1.004951,1.55602679,0.990348,48
2025-06-13 20:00:00,152449981.0,39694926.05278,153220452.04166666,39760887.797635354,1.29432014,1.011207,1.52852128,0.801031,48
2025-06-14 00:00:00,152507911.0,39746611.76482,152507911.0,39746611.76482,1.29421886,1.010396,1.5215489,1.56118,1
2025-06-14 04:00:00,154034289.0,39987301.4244,153377901.41666666,39856316.92127459,1.24625125,1.011755,1.46171694,0.675408,48
2025-06-14 08:00:00,154705459.0,40095013.80903,154973341.33333334,40175045.86998105,1.22440301,1.030609,1.43808146,1.144469,48
2025-06-14 12:00:00,153933314.0,39459265.71076,154064755.6875,39837794.168939404,1.22222222,1.038984,1.42532733,0.834904,48
2025-06-14 16:00:00,155039127.0,39503149.40261817,154593356.1875,39438528.02449608,1.19590924,1.019229,1.38054675,2.169691,48
2025-06-14 20:00:00,154905544.0,39688485.74511872,154867542.375,39531556.350535855,1.18138651,1.017339,1.36890723,0.858969,48
2025-06-15 00:00:00,155389905.0,40009792.7394,155166430.9787234,39874065.8551374,1.17639713,0.999217,1.38319228,2.671432,47
2025-06-15 04:00:00,156956977.0,40273976.842593424,156241312.72916666,40265607.806249715,1.1675474,0.995062,1.38153242,0.340669,48
2025-06-15 08:00:00,158109766.0,40626030.843804814,157064338.625,40221647.50006529,1.14372902,1.011893,1.35822907,6.719044,48
2025-06-15 12:00:00,158743071.0,41089283.50023153,157953227.27083334,40756547.193659626,1.14767157,0.989723,1.36381173,0.709858,48
2025-06-15 16:00:00,159500811.0,40835574.67812021,159209065.66666666,40946805.41905291,1.15424877,0.995137,1.39729518,1.189821,48
2025-06-15 20:00:00,159883186.0,41338328.55247752,159695836.10416666,41028259.952225424,1.128993,0.998627,1.36235249,0.462812,48
2025-06-16 00:00:00,159415693.0,41327985.96183538,159504420.85106382,41235655.472915255,1.14797794,0.998453,1.37502447,1.160972,47
2025-06-16 04:00:00,158736097.0,41570120.20511012,158730533.47916666,41376210.47350121,1.14739439,1.01726,1.37888321,1.041871,48
2025-06-16 08:00:00,159126474.0,41906236.99049424,158867306.85416666,41559733.484521784,1.12248015,1.021656,1.36205888,1.191371,48
2025-06-16 12:00:00,159242842.0,42361780.82884,159294335.14583334,42174510.85762011,1.09036505,0.983829,1.32091963,0.86319,48
2025-06-16 16:00:00,156936569.0,42179841.65013,157904943.70833334,42286053.05680721,1.15761042,0.988298,1.40318677,1.140119,48
2025-06-16 20:00:00,153054577.0,40107951.90285,154765667.9375,41259282.36540074,1.22530968,1.019145,1.44023694,0.956691,48
2025-06-17 00:00:00,151220466.0,39693860.12034,151662630.44680852,39685876.71289616,1.32788003,0.973668,1.60263898,0.673769,47
2025-06-17 04:00:00,152177070.0,39569081.7414,151563321.41666666,39546752.79453576,1.27701823,0.997016,1.57515789,0.453255,48
2025-06-17 08:00:00,153750242.0,39345266.566212334,153011609.45833334,39412272.68665899,1.28430079,0.992983,1.63257413,0.98448,48
2025-06-17 12:00:00,154516951.0,39283189.025530726,154190640.04166666,39542883.61217843,1.24530105,0.966556,1.56936714,1.670245,48
2025-06-17 16:00:00,155556421.0,39762165.662862495,155211931.58333334,39269255.64683331,1.20946782,0.996229,1.51717938,0.631512,48
2025-06-17 20:00:00,155438641.0,39203179.64661,155384839.20833334,39277211.602129765,1.17487981,0.988306,1.45768566,0.983512,48
2025-06-18 00:00:00,154418684.0,39023409.68958964,154882843.78723404,39079502.17669536,1.13259669,1.001314,1.42212274,1.160191,47
2025-06-18 04:00:00,154283679.0,38977964.837468915,154189633.10416666,38998282.4377565,1.06126539,1.007803,1.26774253,1.45799,48
2025-06-18 08:00:00,154939485.0,38631061.79505,154259311.79166666,38643799.50104528,1.03297632,1.001956,1.23742711,1.069632,48
2025-06-18 12:00:00,156214609.0,39006787.8673,155589965.35416666,38706290.468709506,1.02415052,1.011293,1.23654933,0.501556,48
2025-06-18 16:00:00,154168303.0,38337858.24911408,154606902.45833334,38451823.75397934,1.07258778,1.030304,1.27294913,1.68084,48
2025-06-18 20:00:00,154572384.0,38908960.50048,154817284.22916666,38868445.3679374,1.0726257,1.049868,1.24572374,0.386636,48
2025-06-19 00:00:00,154536529.0,38982794.475999214,154536529.0,38982794.475999214,1.0701909,1.048613,1.24402793,3.336291,1
2025-06-19 04:00:00,156314450.0,39214606.0715,155899085.75,39196415.24417447,1.07644991,1.046566,1.20873613,0.522442,48
2025-06-19 08:00:00,155585694.0,38944126.0737804,155741770.5625,39119474.324148215,1.08221182,1.052333,1.20910384,0.744611,48
2025-06-19 12:00:00,155357280.0,38558207.2161312,155207368.125,38715398.44177875,1.08254994,1.041023,1.20148989,1.008613,48
2025-06-19 16:00:00,156537188.0,39121774.02496,155927418.04166666,38844927.660105176,1.09529447,1.046316,1.23430736,0.450587,48
2025-06-19 20:00:00,155916285.0,38899553.94465,156390188.97916666,39054778.93001824,1.10790725,1.057949,1.24477937,0.656029,48
2025-06-20 00:00:00,155374054.0,38660630.469739296,155476034.0,38729341.442920394,1.09488837,1.061082,1.22447879,1.041153,47
2025-06-20 04:00:00,155685014.0,38896343.89776,155335630.4375,38537056.15161967,1.09383221,1.053801,1.23205914,1.985358,48
2025-06-20 08:00:00,155380944.0,38930123.71732608,155407621.70833334,38850674.79806609,1.07541739,1.073325,1.22206406,2.204037,48
2025-06-20 12:00:00,155637797.0,38221530.18726,155541135.91666666,38744285.672388114,1.0790457,1.045612,1.24341393,0.546004,48
2025-06-20 16:00:00,156324991.0,37901864.79814987,156550405.1875,38060076.06167131,1.14634856,1.043496,1.34326163,1.167428,48
2025-06-20 20:00:00,156088257.0,37726531.7169,155929552.95833334,37827516.87829614,1.08468208,1.046481,1.21597687,1.237486,48
2025-06-21 00:00:00,155151693.0,37785643.31322,156255203.31914893,37950110.68204445,1.04360136,1.092514,1.20390261,0.349909,47
2025-06-21 04:00:00,153976069.0,37497437.9386113,154425596.95833334,37585235.11485762,1.05508475,1.088199,1.20694568,2.361955,48
2025-06-21 08:00:00,153949796.0,37609076.12293832,153956328.79166666,37579685.80626801,1.06846176,1.070557,1.22520252,1.142288,48
2025-06-21 12:00:00,154954200.0,37422988.842,154032168.33333334,37295924.53715653,1.05372964,1.043307,1.21630318,3.055695,48
2025-06-21 16:00:00,155003591.0,36847005.69214201,154571445.04166666,37094474.12905409,1.00246981,1.048048,1.17193537,2.066721,48
2025-06-21 20:00:00,155517168.0,36583858.60032,155125602.79166666,36664788.34844569,1.02422049,1.041002,1.18660201,0.527753,48
2025-06-22 00:00:00,155111030.0,36369846.4435963,153784277.61702126,36295180.62069012,0.98020891,1.008945,1.16220079,1.442708,47
2025-06-22 04:00:00,153008268.0,36155853.7284,154419332.66666666,36607001.07832364,1.00027809,1.013155,1.17292153,1.338304,48
2025-06-22 08:00:00,153854425.0,35878333.42058775,153226107.22916666,35913340.37695771,1.00840572,0.999319,1.18280543,1.432686,48
2025-06-22 12:00:00,157068826.0,34862996.61896,156097196.4375,35537634.273426026,1.0698727,1.06287,1.24587761,1.74554,48
2025-06-22 16:00:00,157606241.0,35001194.00128,157740340.66666666,35153112.354515865,1.08131241,1.01162,1.25298549,0.391537,48
2025-06-22 20:00:00,154789145.0,35336813.91205,155908014.0625,34947185.058973186,1.01209677,0.999524,1.14696604,0.963483,48
2025-06-23 00:00:00,152362530.0,34950440.7567,153295231.10638297,35163837.62048104,1.0875576,0.936347,1.2311617,1.174563,47
2025-06-23 04:00:00,152517731.0,35243797.27948,152629464.41666666,35159878.9036482,1.06912302,0.918361,1.2058309,0.839387,48
2025-06-23 08:00:00,154868882.0,35505239.88732,153370052.20833334,35334167.74382278,1.06760477,0.956053,1.18745189,1.094564,48
2025-06-23 12:00:00,154574734.0,35511999.38916,154805396.41666666,35668122.40733273,1.09172606,0.93697,1.19930408,0.365901,48
2025-06-23 16:00:00,153961364.0,36234303.56373972,155065780.77083334,35881013.11628843,1.41735537,0.959046,1.45170814,0.864574,48
2025-06-23 20:00:00,150982511.0,37106861.511236966,153167724.4375,36918921.373866916,1.37316111,0.946029,1.42085702,1.026199,48
2025-06-24 00:00:00,149622520.0,36664998.526,150060836.0,36740370.915351436,1.48014842,0.984945,1.45163442,1.204244,47
2025-06-24 04:00:00,148218198.0,36465771.97681074,149655455.4375,36886431.165851824,1.50812854,0.965286,1.49261867,0.622355,48
2025-06-24 08:00:00,146730816.0,36254622.71355264,147392400.79166666,36338364.725974455,1.4599048,0.956879,1.44357127,0.636563,48
2025-06-24 12:00:00,144365750.0,35728092.00577,145604344.33333334,36038869.51769654,1.52134146,1.005193,1.46918267,0.469247,48
2025-06-24 16:00:00,145045431.0,35795322.42883407,144989813.04166666,35901365.28969159,1.54304636,0.994078,1.51670892,0.911144,48
2025-06-24 20:00:00,143124115.0,35556323.88945,143690257.70833334,35603402.410216056,1.56893127,0.988259,1.55702792,2.363224,48
2025-06-25 00:00:00,144034298.0,35481408.96932,143787775.8723404,35608649.4824741,1.62836481,1.00938,1.59330144,0.795215,47
2025-06-25 04:00:00,143752265.0,35227301.86350195,143746055.6875,35263289.10803064,1.68481375,0.990335,1.65093651,1.034075,48
2025-06-25 08:00:00,146149859.0,35789177.47192,145174825.60416666,35422360.980383895,1.59674861,0.982141,1.59743651,1.18503,48
2025-06-25 12:00:00,145724714.0,35142135.56838164,146686292.85416666,35725651.9885372,1.59144893,0.991288,1.58763619,0.771735,48
2025-06-25 16:00:00,144758538.0,35048450.83187232,145029790.0,35065780.75185098,1.50932623,0.97904,1.53962002,0.269069,48
2025-06-25 20:00:00,144502451.0,34845321.03414,144681850.22916666,34950951.096370526,1.51505909,0.990698,1.53557449,1.029065,48
2025-06-26 00:00:00,145610297.0,35297392.09577,145167317.8723404,35146030.400428146,1.5573512,0.998147,1.60202117,0.561476,47
2025-06-26 04:00:00,146243719.0,35433169.84849431,145952194.97916666,35261565.349868454,1.53428904,1.003284,1.58554502,0.604475,48
2025-06-26 08:00:00,148742065.0,35500564.65025935,146836041.39583334,35275064.18362254,1.45592593,0.965781,1.498539,1.043346,48
2025-06-26 12:00:00,154821405.0,36467516.215708494,152188177.41666666,35973121.288608156,1.56533754,0.91943,1.61036468,0.489268,48
2025-06-26 16:00:00,155502610.0,36826485.756203,155610931.60416666,36576219.18882287,1.47915884,0.93737,1.53354779,0.872666,48
2025-06-26 20:00:00,155050763.0,36298715.50435417,155132013.83333334,36538317.68497406,1.49679124,0.93992,1.55252828,1.224455,48
2025-06-27 00:00:00,157434132.0,37101423.4646358,155725674.0425532,36583532.6938534,1.46760983,0.901548,1.52413479,1.608829,47
2025-06-27 04:00:00,157014148.0,36645579.1059644,157473858.64583334,36935705.170388125,1.48470149,0.910704,1.54033728,0.782916,48
2025-06-27 08:00:00,156768353.0,36712130.48180475,156835274.4375,36774316.48740126,1.46341463,0.918039,1.52484821,2.172191,48
2025-06-27 12:00:00,158150988.0,37281425.83232256,157571077.54166666,36879081.636012964,1.42561684,0.901679,1.47968198,0.845499,48
2025-06-27 16:00:00,158454034.0,37217506.03740192,158312035.64583334,37148226.06136285,1.40065147,0.893568,1.46108049,1.010843,48
2025-06-27 20:00:00,157050009.0,37169025.63003,157779730.83333334,37234992.700172566,1.42236025,0.91845,1.48743607,0.377809,48
2025-06-28 00:00:00,157060516.0,37174653.53204,157060516.0,37174653.53204,1.42162952,0.918091,1.48687722,1.624851,1
2025-06-28 04:00:00,158303132.0,37639735.69564,158650020.6875,37672800.15063358,1.4702403,0.922529,1.52057245,0.596976,48
2025-06-28 08:00:00,157520201.0,37439922.76554531,157777796.16666666,37471133.07429602,1.46485094,0.929487,1.51783326,0.578655,48
2025-06-28 12:00:00,159990478.0,38232934.12708868,158303777.22916666,37625551.670867704,1.46792035,0.922257,1.5035461,1.550241,48
2025-06-28 16:00:00,162008106.0,38491505.90454,160872841.0,38320765.30763208,1.51809026,0.915097,1.53540511,3.201204,48
2025-06-28 20:00:00,161484119.0,38551063.35784025,162018463.64583334,38634462.84359696,1.51021166,0.917863,1.52425044,1.855496,48
2025-06-29 00:00:00,161441217.0,38543901.67252611,161441217.0,38543901.67252611,1.50723562,0.917213,1.52303284,2.360262,1
2025-06-29 04:00:00,160879932.0,38393413.38644616,160521544.625,38222646.47863669,1.44616467,0.939927,1.4556426,2.223315,48
2025-06-29 08:00:00,161905203.0,38653248.16422,161444194.3125,38586246.63750943,1.44222689,0.933055,1.45177558,7.512681,48
2025-06-29 12:00:00,161630977.0,38304925.23923,162045690.60416666,38563895.12586664,1.40178265,0.93255,1.42385735,1.341527,48
2025-06-29 16:00:00,162619217.0,38279031.80877586,162289627.89583334,38417204.7707721,1.39709361,0.940861,1.43040293,0.94625,48
2025-06-29 20:00:00,161050807.0,38705340.44631,161490433.35416666,38428029.158484265,1.39349814,0.957531,1.43235475,3.626809,48
2025-06-30 00:00:00,162368362.0,38620371.919736624,161687798.21276596,38613397.66642904,1.43014075,0.943681,1.43838425,1.063898,47
2025-06-30 04:00:00,162147963.0,38520946.75275432,162325254.875,38565561.40877043,1.41703427,0.905594,1.42744063,1.567301,48
2025-06-30 08:00:00,162962109.0,38474110.53400833,162174912.70833334,38329231.69486771,1.39057802,0.899615,1.41683407,0.599686,48
2025-06-30 12:00:00,164811212.0,38801503.64116,164201618.83333334,38587187.397717334,1.37557909,0.886388,1.38792932,0.855441,48
2025-06-30 16:00:00,166812860.0,40143514.759,166646594.39583334,39396824.8657333,0.9980695,0.920474,1.11627095,1.091678,48
2025-06-30 20:00:00,166852940.0,39694314.426,167684128.52083334,40164642.80347565,1.04415511,0.890297,1.17129547,1.056868,48
2025-07-01 00:00:00,166329905.0,39628099.86625,166839149.61702126,39739378.36123745,0.97652334,0.887411,1.10267112,0.639863,47
2025-07-01 04:00:00,166587085.0,39581091.396,166418670.3125,39339019.9001605,0.95820106,0.870007,1.06802047,0.870325,48
2025-07-01 08:00:00,165421364.0,39216442.76348,165666469.45833334,39246483.72150626,0.94663877,0.898147,1.04491649,1.23677,48
2025-07-01 12:00:00,172153526.0,39769186.04126,167384078.0,39285252.88836052,0.99331193,0.886029,1.10967417,1.109598,48
2025-07-01 16:00:00,184160407.0,41439774.78314,180433613.35416666,40851591.60329305,1.17108051,0.899703,1.32169208,1.090383,48
2025-07-01 20:00:00,186698760.0,42053895.69,185311192.64583334,41633601.0165251,1.16011455,0.863802,1.32235027,2.468959,48
2025-07-02 00:00:00,184528329.0,42153760.348474115,186580396.40425533,42242833.016594194,0.92203219,0.907439,1.09536294,1.520461,47
2025-07-02 04:00:00,179984056.0,41723903.86192,180942802.77083334,41847906.6472475,0.94484351,0.89601,1.11315394,0.713657,48
2025-07-02 08:00:00,180129053.0,41505336.39226,180416985.375,41749142.442290984,0.96232788,0.926541,1.11081486,1.655775,48
2025-07-02 12:00:00,174959527.0,40916034.98422,178042778.47916666,41239934.99870095,0.96250655,0.953405,1.12152836,2.415744,48
2025-07-02 16:00:00,170456290.0,40618029.3441,171745402.22916666,40842734.60036116,0.96968056,0.980154,1.12773723,1.708184,48
2025-07-02 20:00:00,166106492.0,39549580.34452808,167795316.875,40135068.93827041,1.02388983,0.977096,1.16616099,0.742804,48
2025-07-03 00:00:00,164161523.0,39362267.48859141,164852248.0,39380181.29895694,1.13167995,1.03744,1.19534632,0.509227,47
2025-07-03 04:00:00,164536112.0,40327801.0512,164565587.04166666,39895324.427173965,1.0786419,1.058608,1.15232265,0.928292,48
2025-07-03 08:00:00,163497380.0,40146457.9341876,164194069.1875,40189921.03050396,1.15626875,1.059257,1.21833579,0.964174,48
2025-07-03 12:00:00,162545843.0,39227285.8186958,163382596.97916666,39951368.73015457,1.65079365,0.989238,1.58647279,0.681943,48
2025-07-03 16:00:00,160681672.0,38921921.40856,161615058.85416666,39074533.83567614,1.67638037,0.99396,1.60807495,0.505015,48
2025-07-03 20:00:00,159624439.0,38715668.99380336,159656533.1875,38912104.63706713,1.71173271,0.993588,1.64624461,1.645178,48
2025-07-04 00:00:00,160064955.0,38628475.59015,159815930.68085107,38789045.58999175,1.72050887,1.020698,1.65115751,0.351557,47
2025-07-04 04:00:00,158006699.0,37562927.81306903,159355446.1875,38216560.87678086,1.71539961,1.013145,1.64226898,0.316976,48
2025-07-04 08:00:00,159183052.0,38210299.80208,158210672.0,37876342.62536017,1.6395881,1.027197,1.57044444,0.64522,48
2025-07-04 12:00:00,157518310.0,37148724.434625,158420216.625,37725122.96572057,1.66705607,0.999796,1.58705458,1.482257,48
2025-07-04 16:00:00,160901906.0,38090382.22225676,159864413.9375,37854188.0377587,1.6344294,0.988291,1.55833147,0.595703,48
2025-07-04 20:00:00,159150478.0,37797840.648805,159869502.58333334,38030735.36163058,1.66782946,0.988387,1.6018456,0.635204,48
2025-07-05 00:00:00,159014792.0,37855555.91952312,159130956.06382978,37767902.43481909,1.54788991,0.982324,1.5441465,1.059457,47
2025-07-05 04:00:00,158487049.0,37686323.16222347,158710644.75,37736834.17095387,1.56872916,0.98156,1.55912088,0.625578,48
2025-07-05 08:00:00,158153799.0,37450819.6032,158284940.27083334,37584379.989906326,1.56323529,0.988819,1.55478109,0.190337,48
2025-07-05 12:00:00,157732892.0,37398468.6932,158213453.72916666,37478545.0841592,1.50844413,0.983244,1.48597342,1.238826,48
2025-07-05 16:00:00,158289505.0,37420862.55987365,157853129.875,37253572.56921547,1.46086037,0.983296,1.46132886,1.233147,48
2025-07-05 20:00:00,158878242.0,37787137.15281336,158487633.10416666,37545678.15247183,1.43954135,0.988721,1.42235897,0.603867,48
2025-07-06 00:00:00,158912889.0,37830823.01401557,158912889.0,37830823.01401557,1.43674177,0.986381,1.42827827,6.289061,1
2025-07-06 04:00:00,160229569.0,38092152.55177965,159918009.0,37922371.84061011,1.4210346,0.98956,1.42690418,1.277468,48
2025-07-06 08:00:00,163933383.0,39350569.25532,161577446.27083334,38762702.0657389,1.40308219,0.969617,1.42338298,0.359741,48
2025-07-06 12:00:00,165917025.0,40436872.585416,164695203.14583334,39832166.8309041,1.39645587,0.978177,1.41730175,1.198541,48
2025-07-06 16:00:00,164174310.0,39994503.6591,165337028.58333334,40281244.678553335,1.43516561,0.990945,1.43423237,1.914233,48
2025-07-06 20:00:00,166784443.0,41652843.52979694,165676954.47916666,41151394.43514144,1.52633573,0.975799,1.51707317,1.164083,48
2025-07-07 00:00:00,170764296.0,42959173.94472,170974068.23404256,43163264.73920371,1.6413872,0.957408,1.60781284,2.577624,47
2025-07-07 04:00:00,173380922.0,43327892.4078,172840453.58333334,43409939.856818326,1.72602201,0.902993,1.75968992,0.337885,48
2025-07-07 08:00:00,172976444.0,43541782.70295072,172108152.70833334,42990714.769906305,1.77097416,0.903957,1.80674003,1.35865,48
2025-07-07 12:00:00,176556756.0,44720060.72724,174677386.72916666,44080637.34555658,1.28510076,0.906752,1.43865342,0.676165,48
2025-07-07 16:00:00,175725341.0,43976106.55237998,176848430.45833334,44278050.70857646,1.37905759,0.89432,1.53599138,1.101453,48
2025-07-07 20:00:00,175777959.0,43681097.02511604,175715533.33333334,43575164.11502109,1.44152573,0.90094,1.62303547,2.983897,48
2025-07-08 00:00:00,175763538.0,43599903.23628,175763538.0,43599903.23628,1.44012945,0.902299,1.62149428,1.278428,1
2025-07-08 04:00:00,175289652.0,43859143.19368008,174658579.04166666,43342145.34534212,1.36519009,0.89189,1.55704256,1.775224,48
2025-07-08 08:00:00,175502493.0,44481106.85085,175213415.58333334,44164926.400928944,1.35205335,0.882471,1.53977273,0.162185,48
2025-07-08 12:00:00,174416927.0,44233848.94976168,174705808.4375,44190759.33636937,1.36270708,0.871559,1.50138919,0.472979,48
2025-07-08 16:00:00,179004149.0,46061347.62068,176739633.66666666,45348790.13423396,1.37234043,0.925534,1.52199477,0.749003,48
2025-07-08 20:00:00,176819463.0,45842213.97738,177418074.33333334,45661678.35660803,1.33601399,0.894556,1.50508328,1.02465,48
2025-07-09 00:00:00,177249549.0,46205412.43332,176376104.74468085,45737806.89751511,1.39795559,0.92074,1.53473865,1.351751,47
2025-07-09 04:00:00,179245043.0,47487012.82739969,178222395.16666666,47015173.78051817,1.3583594,0.928075,1.49136842,2.771761,48
2025-07-09 08:00:00,187216292.0,52071731.003931,181632791.625,48713703.62002782,1.14101353,0.909044,1.27396741,1.075091,48
2025-07-09 12:00:00,214500473.0,63425644.86137,205751921.41666666,59417917.00588784,1.10545253,0.827822,1.19100949,0.748259,48
2025-07-09 16:00:00,210177118.0,61127912.99912,211997217.70833334,61530880.13761953,1.19896194,0.813265,1.22864361,1.2538,48
2025-07-09 20:00:00,203396549.0,58269043.35752,205902420.6875,59215928.046566874,1.2620464,0.805861,1.28081175,0.586673,48
2025-07-10 00:00:00,203392232.0,58582086.26632408,203392232.0,58582086.26632408,1.2559312,0.806962,1.27565789,1.46956,1
2025-07-10 04:00:00,201668926.0,58996227.61204,199613762.29166666,57761693.28358819,1.26181927,1.050523,1.26636225,0.700288,48
2025-07-10 08:00:00,191848085.0,56195314.192953646,199172925.75,58503900.93834595,1.23671921,1.135253,1.255996,0.807472,48
2025-07-10 12:00:00,191448403.0,56199678.70065,190647435.66666666,55353418.71366393,1.22364589,1.097593,1.25281749,2.288856,48
2025-07-10 16:00:00,192640502.0,58202474.86926,190670556.125,56704913.44243435,1.23809524,1.197763,1.30120904,0.593898,48
2025-07-10 20:00:00,182562999.0,55312937.43702,185993102.64583334,56339352.984126486,1.56739812,1.198062,1.59400489,2.268043,48
2025-07-11 00:00:00,182837850.0,55783001.607918,179605527.55319148,54389501.28696427,1.91382687,1.191732,1.74239791,0.400638,47
2025-07-11 04:00:00,182945522.0,55637392.15064,182875424.08333334,55867734.022595346,1.81223384,1.182158,1.68171854,0.489994,48
2025-07-11 08:00:00,187801448.0,59663473.97553464,184970489.54166666,57615536.528351806,1.33387045,1.378966,1.36098131,2.105583,48
2025-07-11 12:00:00,194561162.0,72701957.35505976,190353175.39583334,65301565.30879485,1.5394402,1.297496,1.69805068,0.944678,48
2025-07-11 16:00:00,192842452.0,73792618.28988808,194843945.14583334,72787527.59204313,1.46318362,1.395106,1.63072323,0.623635,48
2025-07-11 20:00:00,194736343.0,69940243.06037736,192785838.66666666,70202294.76532619,1.55579399,1.51269,1.6843647,1.529971,48
2025-07-12 00:00:00,194286042.0,69981294.15606366,194286042.0,69981294.15606366,1.53878917,1.50051,1.65594329,2.313023,1
2025-07-12 04:00:00,197308724.0,73980073.42098472,196469440.16666666,75295308.52638225,1.53289138,1.433988,1.55850234,1.36115,48
2025-07-12 08:00:00,218033740.0,88035483.1998,205942682.02083334,81191784.42964129,1.18999152,1.361995,1.13251352,1.172209,48
2025-07-12 12:00:00,210194346.0,78785975.92867279,215198566.1875,84139688.53467388,1.3825294,1.41727,1.23744127,1.10955,48
2025-07-12 16:00:00,201890431.0,77796458.68154,205776760.14583334,79469221.42970629,1.33561812,1.480105,1.23884213,1.592464,48
2025-07-12 20:00:00,202741092.0,79463643.16887972,200933173.0,78095357.96996157,1.30917521,1.533149,1.22488717,1.003013,48
2025-07-13 00:00:00,202737471.0,79637305.98351,202737471.0,79637305.98351,1.30652652,1.533964,1.22004385,1.046707,1
2025-07-13 04:00:00,225269882.0,98648377.80828755,221884167.25,96029691.59235297,1.16402116,1.325851,1.12332275,1.243975,48
2025-07-13 08:00:00,218750842.0,92120354.58304,223478969.625,96771696.73684345,1.38548387,1.386878,1.34429664,0.669137,48
2025-07-13 12:00:00,229799885.0,105988302.9597,227743238.8125,102679622.60568245,1.14159292,1.457905,1.12052807,0.93859,48
2025-07-13 16:00:00,227515647.0,107562572.43219,229096858.72916666,106628213.07488291,1.10153397,1.461938,1.0785124,0.868294,48
2025-07-13 20:00:00,227865954.0,107536779.67122,226376569.375,106143416.22741996,1.08342115,1.407106,1.04006482,0.797259,48
2025-07-14 00:00:00,243548582.0,121530637.69210972,239563114.9787234,120230359.43419732,1.03126002,1.352526,0.97780549,0.862489,47
2025-07-14 04:00:00,244023752.0,118487131.03969896,245546509.66666666,119969137.3790859,1.29517436,1.373978,1.28279148,0.939872,48
2025-07-14 08:00:00,251982201.0,115362682.76829275,245257621.1875,114993968.80213545,1.39023934,1.402332,1.33859034,0.904658,48
2025-07-14 12:00:00,242637809.0,110141575.4543869,246389232.75,114244098.01165153,1.22525466,1.401284,1.12354038,0.94706,48
2025-07-14 16:00:00,237566593.0,106600881.61096,238612603.625,109367190.43597096,1.25122285,1.373038,1.1185258,1.109896,48
2025-07-14 20:00:00,236290863.0,108387434.06157736,236263932.95833334,106341196.62615979,1.4514086,1.469108,1.2710651,0.721132,48
2025-07-15 00:00:00,245100716.0,107196754.04631367,243111165.14893618,108608058.34216465,1.66468647,1.44541,1.43966759,1.177757,47
2025-07-15 04:00:00,252093490.0,113103161.0539138,248113089.58333334,111261540.25830586,1.4383799,1.475016,1.15883833,0.914946,48
2025-07-15 08:00:00,252847329.0,117111297.37293,253419907.54166666,116726766.45216888,1.45583039,1.49364,1.23172767,1.359357,48
2025-07-15 12:00:00,240875766.0,107883438.07608,245953452.125,111959344.89194751,1.69496204,1.455124,1.55288058,1.381397,48
2025-07-15 16:00:00,236027568.0,104654670.8567136,239702540.58333334,108051123.0400645,1.54511101,1.44334,1.38428928,0.991666,48
2025-07-15 20:00:00,232935954.0,104997523.4639757,233492237.8125,104555851.04018335,1.52913534,1.449398,1.38620431,0.840309,48
2025-07-16 00:00:00,230879842.0,105687041.61187236,230729520.44680852,105191736.27290809,1.2786204,1.458385,1.1919366,0.996287,47
2025-07-16 04:00:00,229405902.0,105547815.67486596,232369891.04166666,106842368.89823514,1.29232365,1.405803,1.20655514,1.613675,48
2025-07-16 08:00:00,231532108.0,106345818.25721584,231265059.89583334,107353388.20016249,1.28436989,1.350535,1.19977477,0.762788,48
2025-07-16 12:00:00,235437195.0,109433562.60795,234225720.875,109541757.3826942,1.29083748,1.305516,1.2265833,1.32641,48
2025-07-16 16:00:00,235821269.0,109086202.61402,238002339.64583334,111351230.04476976,1.28800166,1.30434,1.23609322,1.068355,48
2025-07-16 20:00:00,227480077.0,103280504.55954,233966944.5625,108228162.65755773,1.42575695,1.331142,1.40708069,0.915619,48
2025-07-17 00:00:00,227288290.0,103003996.0004995,227288290.0,103003996.0004995,1.4211288,1.332913,1.4018297,1.181651,1
2025-07-17 04:00:00,233462283.0,108530507.99337672,233376656.91666666,108878144.18359368,1.30163385,1.449819,1.2131557,0.746118,48
2025-07-17 08:00:00,244719569.0,115766253.76132353,240863448.54166666,113736307.00781323,1.3302999,1.431504,1.2642998,1.15168,48
2025-07-17 12:00:00,241882852.0,112105029.37793456,241934908.64583334,113017196.55459426,1.48665425,1.40799,1.4715409,0.418836,48
2025-07-17 16:00:00,248197291.0,117149121.352,243348159.1875,114750888.03596719,1.34613761,1.568133,1.22604423,0.666616,48
2025-07-17 20:00:00,266346738.0,133493331.3363594,257872730.97916666,127056953.28898813,1.28571429,1.669621,1.22740291,0.609854,48
2025-07-18 00:00:00,267222815.0,132939734.93781304,267222815.0,132939734.93781304,1.2948118,1.646097,1.22828841,0.599565,1
2025-07-18 04:00:00,257844415.0,124525960.22425,262598989.0625,130429909.78429292,1.63025565,1.543038,1.65492013,0.561091,48
2025-07-18 08:00:00,251469557.0,121535236.8981,255895008.58333334,122637852.30472581,1.56571787,1.496103,1.65961868,1.354474,48
2025-07-18 12:00:00,253903270.0,118529663.5341,256491751.20833334,122434153.47304565,1.51759531,1.550277,1.57262876,0.790208,48
2025-07-18 16:00:00,245774332.0,114861102.88611165,249634397.125,117238084.5934143,1.51474587,1.573727,1.60306937,1.356232,48
2025-07-18 20:00:00,230151458.0,105544379.21229196,235605342.25,107938194.6063882,1.49440338,1.551654,1.56325673,1.164122,48
2025-07-19 00:00:00,223250873.0,103416501.89979,225295301.65957448,104163239.4671713,1.28181445,1.514641,1.37098381,0.917137,47
2025-07-19 04:00:00,226969547.0,106122398.88588716,226642187.79166666,105326609.13223715,1.25743175,1.530371,1.35190616,1.475399,48
2025-07-19 08:00:00,229221344.0,104648120.99869248,227283667.4375,105203964.44319586,1.3311957,1.554519,1.41498452,0.759977,48
2025-07-19 12:00:00,227101436.0,104898309.98839083,227885248.27083334,104131888.6794756,1.27157723,1.542978,1.34238403,0.656974,48
2025-07-19 16:00:00,224811025.0,103761528.58875,226296307.58333334,105009075.24881965,1.30321244,1.559027,1.37616042,0.501417,48
2025-07-19 20:00:00,223837614.0,103269721.59504,224717105.27083334,103572899.18094696,1.33017677,1.550933,1.41090041,0.614873,48
2025-07-20 00:00:00,220385281.0,102011938.86928,221955007.0,102400964.40825856,1.32612762,1.585143,1.36829692,2.197945,47
2025-07-20 04:00:00,222064415.0,102520478.47305,221331676.5,102032662.64656776,1.32796032,1.566982,1.37865515,0.869862,48
2025-07-20 08:00:00,228670389.0,107072622.94536,225938267.29166666,105590281.74704938,1.35270997,1.551831,1.4484078,0.591126,48
2025-07-20 12:00:00,232857642.0,110162486.79634763,230827273.0625,108312116.27575819,1.33015228,1.504127,1.43087362,1.073279,48
2025-07-20 16:00:00,233572622.0,110949331.17622,233014733.625,110173068.1966366,1.29817444,1.489092,1.40050866,1.187433,48
2025-07-20 20:00:00,227909241.0,105263693.59835953,230495218.45833334,107490286.33639522,1.46227962,1.482899,1.57010145,0.684109,48
2025-07-21 00:00:00,227926019.0,105365270.82316922,227926019.0,105365270.82316922,1.45711361,1.483048,1.56562576,1.478103,1
2025-07-21 04:00:00,235059146.0,114324774.25284454,237101834.39583334,114102650.67620902,1.28290408,1.530364,1.33818535,0.595267,48
2025-07-21 08:00:00,229200220.0,111439438.9662,230310688.83333334,111172370.12275022,1.31348222,1.554239,1.3568541,0.533736,48
2025-07-21 12:00:00,233029693.0,112667526.26857,231387061.79166666,112615586.24017811,1.33012552,1.479908,1.39456291,0.166648,48
2025-07-21 16:00:00,226914366.0,106536294.837,181014576.95833334,86307713.73364766,1.43435178,1.586202,1.57838642,0.730086,48
2025-07-21 20:00:00,226731290.0,107226104.0310479,226411798.54166666,106850479.6651417,1.44721136,1.592467,1.68332716,1.059541,48
2025-07-22 00:00:00,220685467.0,101274577.87146838,225782359.34042552,106085725.76474534,1.56091906,1.581704,1.78250411,1.195186,47
2025-07-22 04:00:00,217600399.0,99845277.22392906,218229422.16666666,99717576.2494713,1.45733442,1.543657,1.67005138,0.974305,48
2025-07-22 08:00:00,218514538.0,101533346.03435342,218171678.0,99965405.3688187,1.41387705,1.494259,1.61660562,0.440563,48
2025-07-22 12:00:00,218957803.0,101609584.33511636,218617739.5625,100951513.37074976,1.3885979,1.503113,1.34383234,1.003256,48
2025-07-22 16:00:00,219526598.0,102715498.55344509,219756964.8125,103071843.09322648,1.20663681,1.519436,1.31653275,0.495936,48
2025-07-22 20:00:00,223266128.0,105356081.9342632,221452533.60416666,104354609.38925527,1.21700041,1.595368,1.31684492,1.003756,48
2025-07-23 00:00:00,223332465.0,105553622.93295,223332465.0,105553622.93295,1.21749796,1.596582,1.31612825,0.868969,1
2025-07-23 04:00:00,227031761.0,106655039.71083786,227921252.45833334,107250580.88069583,1.27416376,1.646542,1.32329922,1.251461,48
2025-07-23 08:00:00,227062540.0,104798444.7116,227581064.39583334,106178358.9629302,1.27410012,1.678181,1.31939901,1.286426,48
2025-07-23 12:00:00,215209708.0,94662079.75006467,220925331.625,98119384.86115535,1.65183486,1.596033,1.70235574,1.14367,48
2025-07-23 16:00:00,217401766.0,92872271.30687776,216431676.5625,92793474.36708075,1.55959368,1.62548,1.63758744,1.161223,48
2025-07-23 20:00:00,211077702.0,90064744.66638,215160920.70833334,90896448.12266625,1.53249139,1.58286,1.57565123,1.58656,48
2025-07-24 00:00:00,204946335.0,88243743.46095,206502608.9787234,89240071.73088066,1.10694642,1.505703,1.19123659,1.352817,47
2025-07-24 04:00:00,209568427.0,86585683.19227849,205988050.14583334,85903862.32483949,1.47564861,1.516464,1.49612403,1.415687,48
2025-07-24 08:00:00,208609478.0,89430883.2186,209237163.08333334,88019235.31067565,1.30606061,1.41079,1.27932726,1.620826,48
2025-07-24 12:00:00,204017013.0,89815299.14716668,206987103.0625,89632885.00835443,1.28656361,1.449537,1.26419121,1.800105,48
2025-07-24 16:00:00,204554262.0,88775995.36594997,203576523.875,88566256.76410684,1.31674317,1.419411,1.30909618,1.049752,48
2025-07-24 20:00:00,203531554.0,86469719.2393495,204468268.9375,87943218.16999072,1.336419,1.476018,1.30092861,2.492374,48
2025-07-25 00:00:00,208663202.0,86714711.46609722,207512094.25531915,87177761.75970724,1.43657086,1.418621,1.43588218,0.777715,47
2025-07-25 04:00:00,207615175.0,85228690.9640435,208529374.91666666,86719702.34714882,1.46940317,1.358641,1.47543462,0.761515,48
2025-07-25 08:00:00,211131988.0,89664810.0123674,209960871.625,88289143.74658476,1.38685399,1.343522,1.39942442,1.075741,48
2025-07-25 12:00:00,207440883.0,85265662.48715267,209575560.89583334,87700492.68869111,1.65061728,1.347049,1.70266647,0.689978,48
2025-07-25 16:00:00,209717835.0,87901785.58436684,208756473.85416666,86558895.08529685,1.35246702,1.409025,1.34099505,1.170071,48
2025-07-25 20:00:00,212948375.0,91831194.96555376,212511172.14583334,91147734.12129723,1.35069102,1.458583,1.351629,1.431741,48
2025-07-26 00:00:00,212684864.0,91727330.04408512,212684864.0,91727330.04408512,1.3524327,1.454,1.34965548,2.858954,1
2025-07-26 04:00:00,215098557.0,94395896.34115705,214955114.33333334,95055467.41237749,1.38341584,1.522235,1.32074375,0.543394,48
2025-07-26 08:00:00,209697052.0,91972139.33408509,213681328.27083334,94021060.88173355,1.43134291,1.452174,1.35500879,0.89364,48
2025-07-26 12:00:00,209134228.0,91849661.59532,210040525.66666666,92157160.05005056,1.44635628,1.493332,1.37630457,0.812896,48
2025-07-26 16:00:00,205187102.0,90506395.35099706,206442229.89583334,90686296.78894873,1.49276112,1.505886,1.41149184,1.460867,48
2025-07-26 20:00:00,203348189.0,88554069.34572,204156999.66666666,89584734.52015114,1.49896104,1.528106,1.41746988,0.441321,48
2025-07-27 00:00:00,203329480.0,90093259.2932,202954511.80851063,89265108.19757614,1.50012863,1.504163,1.40424578,0.739408,47
2025-07-27 04:00:00,203066233.0,89663844.41459174,203994361.4375,91304422.55413829,1.55073996,1.487798,1.45823648,0.592871,48
2025-07-27 08:00:00,197702529.0,86299130.93379,199090763.02083334,87288953.9452795,1.56836816,1.468607,1.51817756,0.631658,48
2025-07-27 12:00:00,196620898.0,86232046.89794978,197208247.9375,86387119.03357077,1.54125326,1.481133,1.50656371,0.604738,48
2025-07-27 16:00:00,194647561.0,86098455.65713,194438412.16666666,85812957.86246614,1.52739187,1.505934,1.46117395,0.90763,48
2025-07-27 20:00:00,194643874.0,86458862.39206,195062411.25,86440628.59413925,1.53722281,1.534532,1.47412072,1.934558,48
2025-07-28 00:00:00,193564389.0,86599480.44037373,194709000.68085107,86720231.91222492,1.59818812,1.582755,1.47079728,0.358794,47
2025-07-28 04:00:00,192274601.0,85222077.13505307,193501981.72916666,86515503.48537351,1.6339381,1.59892,1.50423925,1.02881,48
2025-07-28 08:00:00,193634155.0,85209172.69338045,192763155.79166666,85055249.9505729,1.56837497,1.530974,1.42708486,1.19734,48
2025-07-28 12:00:00,188884089.0,80184202.70662971,191745044.64583334,82848217.1413412,1.53838358,1.654776,1.44052478,0.549047,48
2025-07-28 16:00:00,188490453.0,79185832.64998731,189405826.72916666,79926665.74506642,1.23253227,1.653932,1.23390012,1.560262,48
2025-07-28 20:00:00,187633771.0,78160723.64776,188232514.64583334,78854620.46500228,1.22703063,1.600728,1.23415352,0.460711,48
2025-07-29 00:00:00,187612660.0,79121992.1648896,186654813.34042552,78178018.50529625,1.14201804,1.525696,1.20225455,1.11111,47
2025-07-29 04:00:00,193735904.0,83885709.07296,190378450.22916666,81168723.22495688,1.08271158,1.472954,1.12544946,0.708134,48
2025-07-29 08:00:00,190485920.0,80964135.4368,192655330.39583334,82604428.96000604,1.07496252,1.474608,1.10900853,0.982522,48
2025-07-29 12:00:00,187708957.0,78680439.30895917,188328565.3125,79684442.26998241,1.1340929,1.473619,1.17416268,1.773628,48
2025-07-29 16:00:00,190119571.0,79136921.60873936,188773522.9375,78912092.42661703,1.11303017,1.452812,1.14262407,0.844985,48
2025-07-29 20:00:00,189717637.0,79852513.8768103,190079698.45833334,79322954.90903707,1.1212715,1.454382,1.15506716,1.828567,48
2025-07-30 00:00:00,189702111.0,80122583.60196,190163414.72340426,80060815.00703007,1.10946681,1.456208,1.17413959,1.204679,47
2025-07-30 04:00:00,189798166.0,78961873.3496045,190228533.41666666,79727636.95217985,1.1114267,1.44881,1.17467729,0.490222,48
2025-07-30 08:00:00,193653318.0,78615500.97528,190746460.75,79107841.88046199,1.11343152,1.344878,1.15077727,1.477372,48
2025-07-30 12:00:00,195759531.0,81306763.60554,195336945.52083334,80144433.36593461,1.11543536,1.374251,1.15811907,0.986421,48
2025-07-30 16:00:00,194764228.0,79543658.35748,196733652.02083334,80724764.3099992,1.35246637,1.298004,1.37606957,0.926344,48
2025-07-30 20:00:00,193196342.0,78647481.64425334,193151893.35416666,78531325.73191907,1.34905235,1.304592,1.35276031,0.615394,48
2025-07-31 00:00:00,193625685.0,81880787.88031727,192871162.74468085,79905864.42877474,1.10063863,1.342023,1.10118883,1.29952,47
2025-07-31 04:00:00,193429097.0,81989574.73323287,193967413.72916666,82214783.00119194,1.14926719,1.364246,1.13608563,1.10826,48
2025-07-31 08:00:00,196021099.0,82551845.38116746,195163662.20833334,82943297.0947221,1.46467251,1.370093,1.36571868,0.314844,48
2025-07-31 12:00:00,196546202.0,80512515.96473119,197026581.35416666,81292062.39144816,1.71826948,1.400491,1.64788294,1.206889,48
2025-07-31 16:00:00,194044490.0,78939388.3911573,194195220.6875,79687416.63323383,1.15542725,1.442775,1.13861527,1.306603,48
2025-07-31 20:00:00,204524980.0,82065648.225,196526241.20833334,79545081.94004367,1.11534104,1.521677,1.11239274,0.525339,48
2025-08-01 00:00:00,189946194.0,75269978.29638,193472317.68085107,76607704.43495923,1.37159845,1.305446,1.39275362,0.493599,47
2025-08-01 04:00:00,190231537.0,74059039.66947,190666661.97916666,74821764.45286961,1.34205186,1.22927,1.3634289,0.821123,48
2025-08-01 08:00:00,183555010.0,72024742.8817778,186675928.60416666,72550741.45802625,1.41858282,1.192744,1.45510654,0.361854,48
2025-08-01 12:00:00,186727386.0,74513544.71056141,185018054.72916666,72916929.1070297,1.18766249,1.18314,1.19997046,0.948351,48
2025-08-01 16:00:00,183376927.0,72681595.38553014,184606486.47916666,72765776.21540917,1.21487204,1.225278,1.23297599,1.06554,48
2025-08-01 20:00:00,176986435.0,67771944.79727516,180099860.77083334,69449669.31846799,1.54308418,1.206129,1.57326319,1.923856,48
2025-08-02 00:00:00,175847128.0,68184723.882,176359388.89361703,67820115.04630941,1.15047311,1.245353,1.17451646,1.925854,47
2025-08-02 04:00:00,174705285.0,67516604.4411,175355318.20833334,67759262.85872866,1.19462465,1.224123,1.24940582,0.554354,48
2025-08-02 08:00:00,176275233.0,67079777.16582,175295330.58333334,67042686.409843564,1.1767748,1.223459,1.21761347,0.597403,48
2025-08-02 12:00:00,181255030.0,66810647.5592072,178060679.58333334,67004582.465969525,1.21334586,1.147879,1.2326029,0.825466,48
2025-08-02 16:00:00,178265898.0,65200752.1935,178916887.5625,65861729.31988955,1.43765903,1.20564,1.44761905,1.259136,48
2025-08-02 20:00:00,179578873.0,65902404.32489137,178733330.89583334,65727889.93609912,1.19419489,1.217293,1.16908832,1.175516,48
2025-08-03 00:00:00,178954371.0,67403063.62270224,180205892.40425533,66892320.65717223,1.21755898,1.218904,1.24506555,1.73063,47
2025-08-03 04:00:00,179166732.0,67793108.05416,178806027.22916666,67289505.413171,1.2233945,1.209679,1.25837806,1.824765,48
2025-08-03 08:00:00,179562630.0,69444283.1619927,179150398.35416666,68435500.92065269,1.2151928,1.116772,1.27170253,1.249175,48
2025-08-03 12:00:00,184160712.0,73597986.94368,181137439.97916666,70793646.20105079,1.16974827,1.121105,1.22302458,1.70533,48
2025-08-03 16:00:00,181177557.0,71662970.89578,182515860.1875,72616269.44791223,1.23697556,1.128436,1.30157368,0.431923,48
2025-08-03 20:00:00,180622778.0,71969145.8941,181319894.79166666,72000490.95276015,1.24894018,1.09778,1.33004854,0.553582,48
2025-08-04 00:00:00,179033403.0,73674237.97627537,180459599.80851063,74033343.52076358,1.32207854,1.164461,1.36910324,2.364333,47
2025-08-04 04:00:00,177350444.0,73768918.95530444,177068746.6875,72702012.39871119,1.38117589,1.166234,1.42619701,0.930367,48
2025-08-04 08:00:00,177059510.0,72373074.7125,178692387.39583334,73954281.1656395,1.41683468,1.195272,1.46811482,0.689627,48
2025-08-04 12:00:00,178153256.0,73067500.2782932,177349386.79166666,72802946.36719792,1.47847769,1.223481,1.55487113,0.940618,48
2025-08-04 16:00:00,178181332.0,73596017.36928,178478460.29166666,73765882.16157107,1.44669118,1.277943,1.51918407,0.888302,48
2025-08-04 20:00:00,175219119.0,72475884.19197,176599949.625,73223508.77051383,1.73745295,1.283574,1.77698517,1.690914,48
2025-08-05 00:00:00,175164561.0,72407774.58057,175164561.0,72407774.58057,1.73674302,1.279722,1.77963554,1.074815,1
2025-08-05 04:00:00,171249477.0,69027239.18916,172875877.47916666,70185975.13485606,1.67564297,1.363152,1.65469866,0.663385,48
2025-08-05 08:00:00,174732941.0,71528676.72776,174750958.89583334,71087890.18565874,1.84037701,1.404142,1.81666047,1.46977,48
2025-08-05 12:00:00,173118149.0,68196432.43557,172996340.60416666,69511767.959522,1.92314902,1.439692,1.91430204,0.714414,48
2025-08-05 16:00:00,172245855.0,67980233.69876191,172267414.83333334,68409946.2530779,1.86409243,1.481166,1.86211388,0.578447,48
2025-08-05 20:00:00,170468463.0,67511174.31034087,171053035.22916666,67750393.68981135,1.88179012,1.480021,1.87757027,0.433277,48
2025-08-06 00:00:00,169687130.0,65820037.577364095,170507930.0425532,66600083.98266305,1.87301102,1.449623,1.9022341,0.418287,47
2025-08-06 04:00:00,170021214.0,66939052.16394,170291186.91666666,66347178.03729942,1.39291139,1.50799,1.52233394,2.104864,48
2025-08-06 08:00:00,170766938.0,66676553.74939114,171830750.625,67344379.32118699,1.29031453,1.50466,1.36920583,0.757883,48
2025-08-06 12:00:00,173566875.0,69036224.53125,171522116.91666666,67210927.2386605,1.26681449,1.429166,1.3364368,3.214399,48
2025-08-06 16:00:00,168748226.0,67143231.64314,170293137.22916666,67876705.08650392,1.24142157,1.484706,1.32113119,0.687003,48
2025-08-06 20:00:00,166478286.0,66584210.77153639,167358616.625,66709267.002298705,1.23230358,1.449224,1.32116674,0.493916,48
2025-08-07 00:00:00,166087362.0,66029691.63672,165909451.74468085,66241685.293832675,1.27552795,1.520732,1.33254232,0.369256,47
2025-08-07 04:00:00,168847224.0,67780494.78129384,166683276.0,66933009.1301009,1.32035928,1.494649,1.40849725,0.669353,48
2025-08-07 08:00:00,169285235.0,70395572.1224,169232853.16666666,68774946.17518592,1.33307514,1.468383,1.39817679,1.58598,48
2025-08-07 12:00:00,172234117.0,70948668.50103252,171118342.79166666,70802355.84117477,1.39541623,1.444835,1.45334216,1.302575,48
2025-08-07 16:00:00,170569325.0,70131283.667,170456478.4375,69497443.35035565,1.40132802,1.459097,1.49276338,0.54739,48
2025-08-07 20:00:00,186518422.0,81818590.66096951,177566579.08333334,75955253.76862086,1.72608824,1.560185,1.75721593,1.545729,48
2025-08-08 00:00:00,216008171.0,99005185.09614,211096192.29787233,95752949.82369322,1.45564516,1.723396,1.46911257,0.75089,47
2025-08-08 04:00:00,218042200.0,100831434.968,216504089.75,100066276.5718156,1.4818159,1.637309,1.44344164,0.478365,48
2025-08-08 08:00:00,223593107.0,104051288.27352,221543373.95833334,102678326.36410701,1.49186076,1.614076,1.41271001,1.179128,48
2025-08-08 12:00:00,218671883.0,96820302.19759043,219833314.3125,100132996.99163342,2.36987549,1.803983,2.22690355,1.37803,48
2025-08-08 16:00:00,212543081.0,96305395.43191,215379624.02083334,96607057.80016376,1.96932135,1.780382,1.83162544,0.439568,48
2025-08-08 20:00:00,209221030.0,94042760.7747,209978827.95833334,95192494.40238126,1.60716269,1.811247,1.54906771,0.862068,48
2025-08-09 00:00:00,206487536.0,92434145.4904,207081065.82978722,93223089.34874927,1.68318486,1.811954,1.59139785,0.358322,47
2025-08-09 04:00:00,205952940.0,93403777.3488,206459459.45833334,93196468.22096322,1.68332413,1.798379,1.64493597,1.68756,48
2025-08-09 08:00:00,204415119.0,92561210.03439,205503106.97916666,93355844.53483778,1.64922169,1.788122,1.62040751,1.155654,48
2025-08-09 12:00:00,199386433.0,89697551.91447203,201441014.91666666,91138641.62812753,1.97065941,1.860442,1.82401115,0.418117,48
2025-08-09 16:00:00,197384218.0,88716310.62228,198753943.3125,89732098.57216896,1.99847142,1.872932,1.85042135,0.630534,48
2025-08-09 20:00:00,198298422.0,88764322.63986,198089090.60416666,88920524.6158848,1.51907426,1.918479,1.48541317,2.2604,48
2025-08-10 00:00:00,198575953.0,88705863.96463,198575953.0,88705863.96463,1.52771392,1.926397,1.48389067,1.241157,1
2025-08-10 04:00:00,193691189.0,85024007.23426086,197232126.27083334,88590869.91255724,1.59619238,1.857326,1.58339657,2.206699,48
2025-08-10 08:00:00,192410290.0,84494456.35459809,191944875.04166666,84282677.31089501,1.52506203,1.940307,1.49955049,0.893984,48
2025-08-10 12:00:00,191030528.0,84458770.4458368,192081994.6875,84398184.34440582,1.44213135,1.901653,1.39071856,0.282101,48
2025-08-10 16:00:00,190415105.0,84786109.04938635,190616524.54166666,84562290.04913594,1.45382126,1.928909,1.40365872,0.696395,48
2025-08-10 20:00:00,191286285.0,84998060.73975,190709892.35416666,84423957.08033332,1.44832714,1.918685,1.39991037,0.638425,48
2025-08-11 00:00:00,190124457.0,86054131.72734,190916292.25531915,85779724.78541373,1.42153465,1.949344,1.40684411,0.940043,47
2025-08-11 04:00:00,186064254.0,83498194.62504,189419147.39583334,85909412.08391012,1.39311193,1.934212,1.39465289,0.668755,48
2025-08-11 08:00:00,188880619.0,83503991.3322729,188383663.14583334,85195494.48595665,1.4381912,1.900961,1.4517148,0.827537,48
2025-08-11 12:00:00,193424832.0,85863335.16226752,190978455.29166666,84462630.35184185,1.43353028,1.778574,1.46997586,1.237135,48
2025-08-11 16:00:00,193525142.0,84032220.09454404,193623206.0,85419241.47199528,1.40043978,1.774831,1.45102195,0.805243,48
2025-08-11 20:00:00,187001492.0,80558372.73868,190783921.75,82403969.16926047,1.37786905,1.67664,1.43520193,0.558041,48
2025-08-12 00:00:00,186675309.0,81788038.1981453,186173486.08510637,81570167.24057354,1.21322664,1.606088,1.29562982,2.063203,47
2025-08-12 04:00:00,188252386.0,82222746.14007048,188071617.95833334,82014112.5097798,1.26909091,1.551759,1.39075959,1.076763,48
2025-08-12 08:00:00,188636565.0,82205928.66135,188706383.08333334,81995044.95426716,1.26905284,1.549391,1.38005307,0.886174,48
2025-08-12 12:00:00,189160648.0,84127306.59152,189937815.91666666,83535947.7748366,1.3505966,1.572831,1.47745272,1.689833,48
2025-08-12 16:00:00,182504560.0,82335107.1984,184938475.5625,82829475.6845411,1.7217366,1.704834,1.75660812,1.194238,48
2025-08-12 20:00:00,183459372.0,82546590.4426656,182642687.1875,82311830.03259476,1.73558532,1.807626,1.76571631,0.760705,48
2025-08-13 00:00:00,182155535.0,81531321.96905765,182959287.0212766,81408252.02622117,1.81623188,1.861119,1.75998611,0.869063,47
2025-08-13 04:00:00,184996026.0,82545226.8012,184053574.3125,82096646.56679726,1.78631757,1.870713,1.73747258,1.722315,48
2025-08-13 08:00:00,190020785.0,86275137.01355,188286671.8125,85334093.03475721,1.83465459,1.847213,1.8035473,1.174388,48
2025-08-13 12:00:00,189323655.0,84703403.247,191024179.45833334,86282080.9971702,1.85951359,1.839442,1.83448039,0.978876,48
2025-08-13 16:00:00,191134573.0,86779822.89999029,190098892.52083334,85578186.08263944,1.8857061,1.881674,1.8324545,2.447973,48
2025-08-13 20:00:00,193771804.0,87776294.19947982,192105611.83333334,86905268.11007313,1.88809592,1.928226,1.84852615,1.610178,48
2025-08-14 00:00:00,193788701.0,87572790.35476933,193788701.0,87572790.35476933,1.89561227,1.92041,1.86577412,0.413397,1
2025-08-14 04:00:00,200229057.0,90637382.88402335,200714464.29166666,91760434.54770462,1.92160229,1.843142,1.83623932,1.234075,48
2025-08-14 08:00:00,198219713.0,87377231.68753,198706010.14583334,88396288.5474249,1.84078212,1.819514,1.73441147,1.463919,48
2025-08-14 12:00:00,197922432.0,83972550.22464,197193616.3125,84483004.69326708,1.79106474,1.78544,1.73552653,1.921657,48
2025-08-14 16:00:00,198453663.0,84249739.94519952,197325096.16666666,83272921.18330067,1.40054932,1.729527,1.48867125,0.661036,48
2025-08-14 20:00:00,198802017.0,84120170.98410179,198083826.08333334,83626724.25164686,1.34392139,1.667475,1.40971613,0.755378,48
2025-08-15 00:00:00,198905392.0,84139978.32025744,198905392.0,84139978.32025744,1.34769654,1.664151,1.4118423,1.029735,1
2025-08-15 04:00:00,204810196.0,87651573.00201844,205165939.04166666,87933312.14033352,1.16166631,1.517527,1.29875874,1.102357,48
2025-08-15 08:00:00,203342570.0,87182419.2553564,203828188.20833334,87309703.83700763,1.14620512,1.511081,1.27639752,1.145285,48
2025-08-15 12:00:00,196000430.0,81824726.79303741,199739332.35416666,84754940.67826082,1.47035957,1.521537,1.56813255,1.244663,48
2025-08-15 16:00:00,200462581.0,84787653.25976,196688432.45833334,82739348.115329,1.35937122,1.546306,1.43062201,0.698217,48
2025-08-15 20:00:00,198227695.0,85041663.43195,200272966.72916666,85643553.89651115,1.1467749,1.538893,1.28427128,1.052908,48
2025-08-16 00:00:00,196180088.0,84329972.62768,196946902.44680852,84559350.8528693,1.17226148,1.523589,1.30476467,0.619899,47
2025-08-16 04:00:00,194165642.0,83135902.93514,194932370.33333334,83334864.27820641,1.17132712,1.555141,1.28225108,1.144398,48
2025-08-16 08:00:00,192614902.0,81627335.1363053,194164456.47916666,83168635.05039184,1.46308044,1.58675,1.49603175,0.589481,48
2025-08-16 12:00:00,192886644.0,82227576.3372,192177911.52083334,81721936.56580047,1.44940701,1.578327,1.48006279,0.939304,48
2025-08-16 16:00:00,191445925.0,81859423.07125826,191741755.25,81757539.3750894,1.17885088,1.557398,1.29675268,0.448307,48
2025-08-16 20:00:00,190359256.0,81181769.5052216,190834718.29166666,81443803.21248269,1.18432769,1.589499,1.30073139,1.474817,48
2025-08-17 00:00:00,190361112.0,81157522.82924184,190361112.0,81157522.82924184,1.18250612,1.590205,1.29987093,0.533443,1
2025-08-17 04:00:00,189721614.0,81312786.54426,190406390.35416666,81702969.82889187,1.16822837,1.647411,1.26179476,1.672699,48
2025-08-17 08:00:00,190232211.0,82081734.9179377,190257974.77083334,81930631.16077352,1.20549159,1.618323,1.32845038,1.079566,48
2025-08-17 12:00:00,188964769.0,81538297.8235,188862564.77083334,81233923.17625706,1.20022099,1.673487,1.32680206,2.770152,48
2025-08-17 16:00:00,187352659.0,79703298.40395102,188883205.08333334,80953013.3329785,1.15620943,1.696344,1.2683235,0.77962,48
2025-08-17 20:00:00,188020314.0,79792060.85532,187268869.79166666,79767210.50240044,1.13837284,1.669083,1.26151498,0.432772,48
2025-08-18 00:00:00,187961035.0,79757505.98155,187961035.0,79757505.98155,1.13572343,1.669583,1.25533093,0.875247,1
2025-08-18 04:00:00,189285629.0,77225049.99071382,186900087.14583334,76671000.50533174,1.25906183,1.775123,1.35379511,0.380717,48
2025-08-18 08:00:00,188065108.0,75977412.20338808,187171879.16666666,75987339.69466028,1.25195024,1.734928,1.35627641,1.217366,48
2025-08-18 12:00:00,190980564.0,78378423.4656,189830928.91666666,77463570.76383118,1.11882208,1.636425,1.22226688,0.630499,48
2025-08-18 16:00:00,191759437.0,79577506.65160881,192472262.3125,79359773.22153212,1.31095088,1.611724,1.38966662,1.882659,48
2025-08-18 20:00:00,191205667.0,79197387.2714,191093041.70833334,79620435.84951487,1.34338048,1.604005,1.41981342,1.529453,48
2025-08-19 00:00:00,186039930.0,75269895.2787,189490317.5106383,78134278.98412745,1.34323889,1.671016,1.44713755,0.564342,47
2025-08-19 04:00:00,184213441.0,74663041.34261283,184713749.64583334,74989807.00891191,1.39084181,1.700769,1.486278,0.862588,48
2025-08-19 08:00:00,185101257.0,75528716.90628,184706117.66666666,75280611.8349334,1.41346378,1.688752,1.52376682,0.684335,48
2025-08-19 12:00:00,186061049.0,74054653.03488034,185508748.14583334,74928951.38835908,1.44792648,1.720255,1.50014749,1.008267,48
2025-08-19 16:00:00,187157274.0,73938352.66644,186429726.33333334,73988258.70092143,1.43800284,1.73925,1.49197145,0.582317,48
2025-08-19 20:00:00,190449532.0,74347170.27943298,187933587.89583334,74198446.47048914,1.44512627,1.737071,1.48920118,1.292221,48
2025-08-20 00:00:00,190765279.0,75508712.73378,190984677.34042552,75256025.74195886,1.36560364,1.668017,1.47515027,1.108393,47
2025-08-20 04:00:00,189796064.0,75104200.48544,189715340.25,75367545.96438894,1.39423963,1.634274,1.51994048,1.049202,48
2025-08-20 08:00:00,189006282.0,74808686.4156,188837817.79166666,75071755.14438441,1.36506491,1.644147,1.48493712,1.532914,48
2025-08-20 12:00:00,188265513.0,75017946.22508031,189300500.0625,74995963.43055196,1.32303114,1.621234,1.42612799,1.036253,48
2025-08-20 16:00:00,187438212.0,76455692.41657932,187777984.375,75509183.68342935,1.3245614,1.617092,1.44419676,1.753061,48
2025-08-20 20:00:00,187720334.0,75833383.32598,187649106.04166666,76205486.64835072,1.35945244,1.619516,1.47164361,0.336589,48
2025-08-21 00:00:00,187656499.0,75877028.80566,187656499.0,75877028.80566,1.35486913,1.621838,1.46561409,0.453657,1
2025-08-21 04:00:00,187190247.0,75066437.58695453,186735986.64583334,74869637.01086457,1.12460733,1.73085,1.19633898,0.650101,48
2025-08-21 08:00:00,189694972.0,75147171.84782253,188369063.79166666,74880344.13529058,1.10417099,1.745773,1.1643086,1.1715,48
2025-08-21 12:00:00,189368327.0,74323280.98096,189553184.04166666,74992258.74533753,1.11380246,1.745829,1.17372654,0.79317,48
2025-08-21 16:00:00,192441488.0,75425043.40065952,191064551.0,75231291.7662638,1.11724282,1.750323,1.18327759,0.737524,48
2025-08-21 20:00:00,194157609.0,75949274.57421577,192991295.60416666,75831328.5563791,1.11928512,1.744651,1.17430464,1.615554,48
2025-08-22 00:00:00,192795723.0,75156461.61738336,193958073.85106382,76105856.94021036,1.10549133,1.747388,1.18526372,0.733262,47
2025-08-22 04:00:00,193975901.0,76397051.69319214,193735653.64583334,75938835.37661879,1.09844454,1.733858,1.18360353,1.50477,48
2025-08-22 08:00:00,194404906.0,75153048.56148,193756324.77083334,75859409.77333714,1.10078318,1.735037,1.18273439,1.177321,48
2025-08-22 12:00:00,191630464.0,79823572.04766336,192659732.72916666,76795075.57205856,1.07491438,1.694941,1.1206427,0.951472,48
2025-08-22 16:00:00,194893579.0,82812491.81028587,194232065.5625,82377677.30266865,1.12071669,1.766256,1.12374259,1.655824,48
2025-08-22 20:00:00,194149666.0,82453421.65354,195269147.70833334,83109125.46103658,1.39113827,1.860061,1.30515371,0.859809,48
2025-08-23 00:00:00,198065771.0,81292134.39153,196638169.55319148,82048912.80545552,1.59656539,1.938223,1.47673697,1.129408,47
2025-08-23 04:00:00,195603485.0,81659523.82364315,195747502.95833334,81753121.34796204,1.41928609,1.87646,1.27397474,0.832374,48
2025-08-23 08:00:00,195805298.0,80926351.20198278,196392106.60416666,81343801.39645006,1.32105783,1.927865,1.20719002,1.26898,48
2025-08-23 12:00:00,195308502.0,80469055.90902,195867476.89583334,80539174.00539015,1.33366484,1.961899,1.21886903,1.249828,48
2025-08-23 16:00:00,195260492.0,81154165.68504,195271989.39583334,80674008.31172206,1.29047733,1.953357,1.18346945,0.336424,48
2025-08-23 20:00:00,194319813.0,80907448.16264616,194952035.70833334,80977109.81819515,1.28561237,1.933154,1.19175577,0.852057,48
2025-08-24 00:00:00,194542676.0,81038920.83863741,194542676.0,81038920.83863741,1.2849667,1.929612,1.19054985,1.993188,1
2025-08-24 04:00:00,195764605.0,80124495.18045,193983755.14583334,79893489.96466218,1.2062301,1.890073,1.14021382,0.583726,48
2025-08-24 08:00:00,194087251.0,78462071.15067434,194675692.47916666,79232385.52204774,1.20584875,1.883448,1.14449193,0.990701,48
2025-08-24 12:00:00,193720892.0,78601395.68265736,193395760.22916666,78560961.55901213,1.23876795,1.865058,1.19114745,0.38677,48
2025-08-24 16:00:00,197220498.0,80808292.60781346,194913239.5,80566171.00157315,1.2219883,1.789874,1.19240762,0.761105,48
2025-08-24 20:00:00,194559209.0,79274081.64566112,195834355.60416666,80120781.9528056,1.22958469,1.81054,1.19893709,0.837899,48
2025-08-25 00:00:00,195560492.0,79728659.30979536,194484757.25531915,79133300.8544202,1.23358349,1.810997,1.21248552,0.845234,47
2025-08-25 04:00:00,193815908.0,75996312.58668019,194425677.9375,77940404.29082882,1.22732627,1.813072,1.19062093,0.852878,48
2025-08-25 08:00:00,196991844.0,77419746.88117404,194900142.75,76272198.98380539,1.20327264,1.732854,1.18476568,2.760078,48
2025-08-25 12:00:00,200791313.0,79017901.3594331,200468146.20833334,79089800.89030339,1.22258065,1.688271,1.21354536,0.894572,48
2025-08-25 16:00:00,198779523.0,76940313.80307233,200120281.875,78492678.67299062,1.21635945,1.698091,1.22099843,0.592664,48
2025-08-25 20:00:00,197721332.0,75958683.2029728,197896049.60416666,75569442.93026201,1.14965379,1.650923,1.15511229,2.828242,48
2025-08-26 00:00:00,196836207.0,75974642.34165299,196822590.3617021,76055683.69726352,1.14330427,1.597093,1.21269297,0.877999,47
2025-08-26 04:00:00,197175616.0,76663803.93481216,197215147.4375,76717056.29486547,1.16272321,1.57924,1.24485714,1.03051,48
2025-08-26 08:00:00,195861417.0,75567694.55374241,196937072.875,76246299.9438603,1.17309862,1.595815,1.24774581,0.64193,48
2025-08-26 12:00:00,199030769.0,77779086.93474095,197656680.875,77023465.33235411,1.16988417,1.534213,1.25244957,0.737608,48
2025-08-26 16:00:00,202145572.0,80482238.03608,201223253.14583334,78754089.27792542,1.15807251,1.620156,1.2470285,2.434812,48
2025-08-26 20:00:00,203804738.0,80509279.1309627,203163084.45833334,80460073.66480061,1.16901408,1.684436,1.26066831,2.149357,48
2025-08-27 00:00:00,203703868.0,80381546.3128,203703868.0,80381546.3128,1.16962256,1.685392,1.26212889,0.725325,1
2025-08-27 04:00:00,212341048.0,81598417.92544,209954257.41666666,81467131.71297415,1.16967827,1.824056,1.16610444,0.918691,48
2025-08-27 08:00:00,212645952.0,81636465.12873982,212184877.41666666,81698897.93176816,1.18281456,1.82107,1.18948917,1.761004,48
2025-08-27 12:00:00,213772732.0,82345256.3664,213494880.91666666,82079315.02635543,1.15755208,1.751964,1.16732909,1.219996,48
2025-08-27 16:00:00,210576471.0,80393885.09838,212250122.04166666,81669226.50267507,1.16359297,1.79015,1.18039111,1.01538,48
2025-08-27 20:00:00,207397963.0,78433193.37692139,208246951.0625,79364119.88294692,1.14359084,1.863365,1.16063676,0.751402,48
2025-08-28 00:00:00,207855630.0,79181448.64975351,207666775.25531915,78924469.92795502,1.12142857,1.84983,1.1586018,1.399215,47
2025-08-28 04:00:00,209049167.0,80053288.01098,208472662.95833334,79731238.95648988,1.1266835,1.870975,1.17526446,0.360502,48
2025-08-28 08:00:00,209800918.0,80387319.74088,209580196.91666666,80108972.43969072,1.15494459,1.876437,1.20987328,0.47751,48
2025-08-28 12:00:00,207333789.0,78871846.67349,209152407.47916666,80427457.67405187,1.14979583,1.915773,1.20010644,1.3801,48
2025-08-28 16:00:00,210914198.0,79098839.52292696,208996443.95833334,79083577.56498048,1.14412887,1.911898,1.18119748,0.475101,48
2025-08-28 20:00:00,210255974.0,80256807.83554,211381879.89583334,80211334.44412284,1.13484816,1.890197,1.1843605,0.724796,48
2025-08-29 00:00:00,210142691.0,79019411.8271603,209541193.0,79109800.53634538,1.19544469,1.934934,1.21609319,0.417976,47
2025-08-29 04:00:00,213642483.0,78150676.6523796,211778475.17777777,78628864.01809941,1.20755124,1.860311,1.22707249,1.017982,45
2025-08-29 08:00:00,213978171.0,77651144.03241393,213329522.64583334,77622234.55912128,1.26805918,1.793566,1.26436475,1.155711,48
2025-08-29 12:00:00,214158484.0,77108363.94954003,214762303.91666666,77492574.22960663,1.27661431,1.731511,1.2633542,1.650293,48
2025-08-29 16:00:00,218112874.0,78295978.37978,216519279.5625,77551607.62713774,1.28414581,1.647661,1.28118706,1.332583,48
2025-08-29 20:00:00,216913828.0,78300475.56971484,216344351.0625,77618204.18375687,1.29527991,1.609857,1.29027927,2.487206,48
2025-08-30 00:00:00,215948769.0,77410017.17341737,215993259.1276596,77465874.22789386,1.24392361,1.569418,1.27604378,2.776104,47
2025-08-30 04:00:00,215718955.0,77799867.32434765,215911484.70833334,77778863.17214936,1.24239791,1.555892,1.26597744,2.091344,48
2025-08-30 08:00:00,219023683.0,78262736.08863235,216748770.8125,77576870.70956188,1.27390921,1.506492,1.31358362,1.122669,48
2025-08-30 12:00:00,222520483.0,79191599.73303282,221245068.02083334,78341001.75474185,1.25091932,1.434758,1.28995434,1.380516,48
2025-08-30 16:00:00,222198701.0,79747740.38923682,222665219.4375,79440456.01798926,1.20704376,1.42576,1.24725347,1.483903,48
2025-08-30 20:00:00,220621944.0,79353300.81792,221374842.02083334,79434674.78008194,1.20650546,1.43785,1.24589295,1.281387,48
2025-08-31 00:00:00,220801165.0,79439843.1437,220801165.0,79439843.1437,1.20620985,1.440271,1.2443385,2.086028,1
2025-08-31 04:00:00,217026252.0,77886381.31776,218706783.0,78887364.16645594,1.26504425,1.471316,1.29476999,0.868248,48
2025-08-31 08:00:00,215643204.0,77434086.80166516,216355342.79166666,77700943.87686464,1.23053568,1.486913,1.25823734,1.935856,48
2025-08-31 12:00:00,215866796.0,77498338.43196,215660079.20833334,77340762.05683024,1.22373247,1.488478,1.24357095,2.32536,48
2025-08-31 16:00:00,216176195.0,76947916.61025,216063437.72916666,77104950.58062485,1.2478204,1.501068,1.26918425,2.551532,48
2025-08-31 20:00:00,215539961.0,76010167.24665,215966091.52083334,77006421.0231787,1.22770563,1.510321,1.25261044,0.422824,48
2025-09-01 00:00:00,215401793.0,75920515.96078,215401793.0,75920515.96078,1.22614153,1.511238,1.25083612,0.71109,1
2025-09-01 04:00:00,208202732.0,74386790.76451723,212665038.3125,74032331.91577388,1.24637353,1.436604,1.25692308,1.587638,48
2025-09-01 08:00:00,207062630.0,73668568.5687908,208064280.35416666,74770968.54263262,1.28928489,1.375313,1.28376457,0.892914,48
2025-09-01 12:00:00,206030507.0,72638115.54792,206544364.91666666,73379809.9669225,1.27470764,1.389708,1.2796538,1.028936,48
2025-09-01 16:00:00,206584517.0,73372622.90289,206584087.0,72815471.87352477,1.26162658,1.385391,1.26038586,1.100894,48
2025-09-01 20:00:00,207166084.0,73713836.00888,205957857.75,72513365.09464525,1.2593275,1.348634,1.25906441,0.444326,48
2025-09-02 00:00:00,206454247.0,74645087.6033299,206730246.91489363,73908636.13007309,1.36288358,1.317453,1.36114013,0.923199,47
2025-09-02 04:00:00,205461900.0,74059826.693832,205867719.39583334,74575564.88086747,1.42810945,1.310778,1.42283202,0.800196,48
2025-09-02 08:00:00,204682369.0,73939530.61638916,205260746.66666666,74554079.34278299,1.46697154,1.312412,1.46753247,0.665459,48
2025-09-02 12:00:00,198611176.0,71130606.57264,200884829.79166666,72460984.62520021,1.47424558,1.347111,1.46281646,0.525235,48
2025-09-02 16:00:00,198809810.0,71734555.6442,198501908.5,71460304.07995869,1.4832021,1.364863,1.46548167,0.589042,48
2025-09-02 20:00:00,195839905.0,71920246.7122,196714446.5625,71749582.86422761,1.48736177,1.356364,1.4808,2.246525,48
2025-09-03 00:00:00,195941757.0,72071978.93705437,195941757.0,72071978.93705437,1.48710526,1.354063,1.48454764,2.213777,1
2025-09-03 04:00:00,195144290.0,70498364.8036404,196665142.95833334,71180630.92650205,1.54964446,1.433472,1.49451074,1.114714,48
2025-09-03 08:00:00,193268779.0,70465796.8234,193703221.14583334,70361356.15223736,1.5488959,1.439933,1.51328983,0.418578,48
2025-09-03 12:00:00,191512985.0,70191424.13235,193060178.8125,70505274.87479009,1.50742768,1.480122,1.48520335,0.741095,48
2025-09-03 16:00:00,190435938.0,69241838.62665762,190586441.375,69352778.17962821,1.51130164,1.4957,1.47831533,1.790871,48
2025-09-03 20:00:00,192327171.0,69576277.38096,190628357.5625,69074989.9379893,1.51794475,1.521351,1.49097978,0.594227,48
2025-09-04 00:00:00,192699880.0,69222945.8367936,193337866.40425533,69714437.3872586,1.51055069,1.539104,1.46525959,0.543907,47
2025-09-04 04:00:00,192795389.0,69219108.72592653,192869322.91666666,69230320.76204559,1.47164557,1.548436,1.43268352,1.393013,48
2025-09-04 08:00:00,192713466.0,69154753.19897364,192906978.3125,69352565.32889819,1.49041166,1.544551,1.45574677,0.600197,48
2025-09-04 12:00:00,186668695.0,66205786.05565,191899502.10416666,68689276.15442611,1.54733492,1.521342,1.50854496,0.886469,48
2025-09-04 16:00:00,186004154.0,65333959.0925,186271234.875,65824463.22781619,1.43972357,1.541215,1.42772493,1.062095,48
2025-09-04 20:00:00,186141312.0,65543704.63740288,186081391.0625,65688174.74449226,1.45903334,1.560293,1.43781328,0.624416,48
2025-09-05 00:00:00,185431430.0,65797055.236246094,185722882.65957448,65727349.56981438,1.41076415,1.534716,1.42146963,0.522058,47
2025-09-05 04:00:00,184563776.0,67255202.39052288,185265315.33333334,66392331.17237317,1.34643124,1.559459,1.36859807,1.57022,48
2025-09-05 08:00:00,184059552.0,66647963.7792,184331717.66666666,66786276.31391127,1.36386386,1.594272,1.37364317,2.319982,48
2025-09-05 12:00:00,183421701.0,66056721.0269958,183563600.91666666,66634883.18538163,1.3271028,1.540649,1.34612468,0.369514,48
2025-09-05 16:00:00,183635040.0,66145341.408,183531965.6875,65777177.891885735,1.36775,1.574016,1.39406583,2.010112,48
2025-09-05 20:00:00,184156937.0,66219151.40646,184083689.33333334,66291795.03101198,1.36384096,1.570752,1.39817394,0.737446,48
2025-09-06 00:00:00,183573063.0,66080540.32155243,183673669.57446808,66095643.692122795,1.38664323,1.591708,1.39513022,0.327235,47
2025-09-06 04:00:00,183140973.0,65399641.4583,183114913.60416666,65518037.826001324,1.39048338,1.606256,1.39546716,0.468852,48
2025-09-06 08:00:00,183548932.0,65387471.53568,183152626.0625,65295384.16567973,1.37391088,1.589135,1.38096691,2.033897,48
2025-09-06 12:00:00,183722294.0,65423508.8934,183947554.8125,65862496.949133754,1.37509396,1.58547,1.39026644,0.876563,48
2025-09-06 16:00:00,183376260.0,64740988.593,183686089.20833334,65285755.20590333,1.40076142,1.611282,1.40525825,0.407182,48
2025-09-06 20:00:00,183646516.0,65316682.18830384,183629189.02083334,65243729.70485412,1.36438356,1.603366,1.38148603,0.178562,48
2025-09-07 00:00:00,183441923.0,65231990.01044229,183441923.0,65231990.01044229,1.36340977,1.609335,1.37079511,2.200946,1
2025-09-07 04:00:00,183580051.0,65582137.41924,183575442.97916666,65630239.463989645,1.35011158,1.601445,1.38599448,0.356742,48
2025-09-07 08:00:00,184259798.0,66014757.82946,183794466.5,65761524.26432543,1.34657129,1.606352,1.39194139,1.306158,48
2025-09-07 12:00:00,185741638.0,67253181.83631322,185038035.33333334,66616784.21180271,1.3036447,1.663011,1.34653317,1.600658,48
2025-09-07 16:00:00,184875215.0,66152049.4313,185248103.64583334,66546000.833655804,1.3373494,1.691154,1.37680718,0.495204,48
2025-09-07 20:00:00,184070652.0,66512089.39368,184660287.85416666,66377014.72594356,1.32876041,1.687013,1.37406787,1.404489,48
2025-09-08 00:00:00,184715547.0,67404550.25577,184437933.1276596,66601660.68092267,1.34795393,1.558499,1.35667826,1.344508,47
2025-09-08 04:00:00,183922660.0,67014663.6639248,183965407.14583334,66852710.776304476,1.37878037,1.523817,1.41416145,1.008438,48
2025-09-08 08:00:00,184981514.0,68177560.02256852,184550323.58333334,67884706.54421438,1.43132154,1.505789,1.44936508,1.312266,48
2025-09-08 12:00:00,191067790.0,72483476.8144,190342043.77083334,71813559.04134916,1.3846554,1.507276,1.38808777,0.86482,48
2025-09-08 16:00:00,189841958.0,71066921.22341198,189877973.29166666,71517097.65263407,1.46260917,1.504217,1.45450082,0.449357,48
2025-09-08 20:00:00,190133555.0,71824925.88888645,190282763.77083334,71546272.83197026,1.4902069,1.507285,1.47570248,0.507818,48
2025-09-09 00:00:00,191780936.0,71726854.44802824,189848958.08510637,71081723.11657621,1.50186966,1.461305,1.3923676,2.06918,47
2025-09-09 04:00:00,196589340.0,75436199.2759518,193991590.33333334,73324169.44755623,1.46890712,1.513476,1.37381581,2.382737,48
2025-09-09 08:00:00,198485304.0,75763507.8133536,198595937.375,76232029.1037289,1.51758389,1.478013,1.43167945,3.151471,48
2025-09-09 12:00:00,199417011.0,74289616.775874,198528569.54166666,75114372.70348209,1.53541154,1.481655,1.44133184,2.778362,48
2025-09-09 16:00:00,197813807.0,73790484.42521,197944094.08333334,73671121.00320481,1.5798109,1.520864,1.51114754,0.459519,48
2025-09-09 20:00:00,195738549.0,72762004.34812842,196625168.77083334,73192659.8489951,1.58948546,1.511914,1.50866863,0.706774,48
2025-09-10 00:00:00,196642461.0,73790083.49025,196117464.19148937,73183435.05914816,1.57367985,1.642703,1.4963361,1.025733,47
2025-09-10 04:00:00,196891868.0,74214499.05928832,197148283.0,73962554.13342004,1.54245154,1.654612,1.48355369,1.953751,48
2025-09-10 08:00:00,196118454.0,73949763.75428082,196818455.85416666,74216278.63883473,1.54221491,1.640703,1.49418792,1.320498,48
2025-09-10 12:00:00,192738078.0,73798039.69846542,193860120.91666666,74145524.7806391,1.52,1.687362,1.44564169,1.542674,48
2025-09-10 16:00:00,192842406.0,73037132.84844,192981666.52083334,73811262.62749104,1.62182234,1.709347,1.51405756,0.427061,48
2025-09-10 20:00:00,189556788.0,72668490.24768,191206979.79166666,72957330.9137891,1.67467057,1.708091,1.55709694,0.516121,48
2025-09-11 00:00:00,189103192.0,73618931.6234752,189766342.6382979,73404667.20881285,1.55941704,1.72502,1.4630972,1.653577,47
2025-09-11 04:00:00,189546203.0,73663340.87189,189296794.45833334,73389005.91183174,1.59743954,1.696078,1.48253131,0.751582,48
2025-09-11 08:00:00,193047660.0,75244084.1229402,191665240.47916666,75136368.31377156,1.63815599,1.711869,1.54530145,0.555271,48
2025-09-11 12:00:00,190218902.0,73394061.14768,192007468.20833334,74449233.80809069,1.80355472,1.772019,1.66983501,0.658522,48
2025-09-11 16:00:00,189856370.0,74045478.46963191,189667795.22916666,73662700.9544806,1.8192922,1.735889,1.71169866,0.590832,48
2025-09-11 20:00:00,192768828.0,76232198.79506448,191017914.16666666,75045630.55847684,1.80493904,1.709404,1.68918187,1.090987,48
2025-09-12 00:00:00,187995636.0,73775127.43548,192223142.17021278,75996214.97821826,2.00325945,1.782879,1.80570045,3.741198,47
2025-09-12 04:00:00,192157901.0,76304449.77336843,190025520.95833334,75215953.44527142,1.91671944,1.823761,1.74448697,1.739495,48
2025-09-12 08:00:00,192797859.0,75574832.74941,192465631.16666666,75746886.1776857,1.96209444,1.868856,1.77175307,1.554047,48
2025-09-12 12:00:00,192406365.0,75304003.1337,192419065.9375,75519276.92459379,2.01185771,1.875914,1.77921837,1.027945,48
2025-09-12 16:00:00,192365037.0,76729711.85779572,192213626.85416666,76024986.50175716,1.98747941,1.881549,1.77757114,1.985545,48
2025-09-12 20:00:00,195908158.0,79271003.65009299,193422367.91666666,77604336.47286116,1.8717053,1.946497,1.68870323,3.136405,48
2025-09-13 00:00:00,195869318.0,79227180.43782,195869318.0,79227180.43782,1.88282248,1.947879,1.69821298,0.678348,1
2025-09-13 04:00:00,197930006.0,80006522.80849744,198064877.33333334,80213416.40214485,1.98216023,1.891606,1.75212099,0.259884,48
2025-09-13 08:00:00,198668496.0,81722285.8296,198284522.8125,81247668.95784938,1.93333333,1.893575,1.74590616,1.289337,48
2025-09-13 12:00:00,196912598.0,80164028.38200276,198802772.45833334,81484413.83357266,1.93892639,1.831677,1.75469244,0.857266,48
2025-09-13 16:00:00,198931735.0,80286534.66992195,198613907.64583334,80237219.57197307,1.92275641,1.870524,1.72021394,2.319178,48
2025-09-13 20:00:00,195936971.0,79362236.27779102,197576823.41666666,79989555.22055699,1.97315876,1.903812,1.78111994,0.567806,48
2025-09-14 00:00:00,194847037.0,77667977.41857,194985412.23404256,78315224.38050112,1.98425197,1.984507,1.75753604,0.712131,47
2025-09-14 04:00:00,193175374.0,76528356.16384,193747158.4375,77098295.60522424,1.97495935,1.913022,1.76630637,1.589867,48
2025-09-14 08:00:00,191440506.0,75069565.61778,192532844.64583334,76178073.93708274,1.93376,1.960667,1.70354944,1.98819,48
2025-09-14 12:00:00,190601050.0,73716862.098,191036567.77083334,74286131.72590284,1.90616023,1.793485,1.68805834,0.721331,48
2025-09-14 16:00:00,189727005.0,73582926.66304906,190292109.3125,74024502.22853653,1.89921011,1.810966,1.7011285,0.279091,48
2025-09-14 20:00:00,188316631.0,73383224.76808,188762288.91666666,73685708.05339222,1.81968721,1.802657,1.62779553,1.391324,48
2025-09-15 00:00:00,188385098.0,73328899.3965,188385098.0,73328899.3965,1.82186732,1.797451,1.63191603,1.303361,1
2025-09-15 04:00:00,189399330.0,72704720.8071,188375988.41666666,73636598.21363385,1.71589228,1.767639,1.59570005,1.033591,48
2025-09-15 08:00:00,186392383.0,70741501.11999,186537938.875,70585981.80201548,2.0542522,1.644053,1.993035,1.065982,48
2025-09-15 12:00:00,188938356.0,71295002.51571035,187847613.8125,71137609.22017793,1.65854366,1.552177,1.55168849,1.379849,48
2025-09-15 16:00:00,187866121.0,71026335.83507569,188439250.35416666,71017647.10094161,1.68203171,1.536675,1.56721084,0.886407,48
2025-09-15 20:00:00,186936331.0,71084409.22606,187523815.41666666,71148840.00494866,1.56102362,1.530289,1.48384926,3.266604,48
2025-09-16 00:00:00,186928863.0,71064745.84671,186928863.0,71064745.84671,1.56643159,1.527912,1.4972067,1.005676,1
2025-09-16 04:00:00,184708308.0,70150517.90904948,185142138.125,70002594.08744605,1.56820744,1.542076,1.51234359,0.87482,48
2025-09-16 08:00:00,189192002.0,73266494.69452,186520246.72916666,72154998.02970068,1.57927171,1.469414,1.53871997,0.269299,48
2025-09-16 12:00:00,192867318.0,74499497.31468257,191072600.0625,73964084.6782867,1.66870808,1.471389,1.6245418,1.146489,48
2025-09-16 16:00:00,189235323.0,72924698.63319346,191316857.125,74042688.81956337,1.70556872,1.489193,1.68126781,1.047906,48
2025-09-16 20:00:00,184293607.0,70701400.51813006,186633940.29166666,71876254.74040309,1.68515786,1.489914,1.66501329,0.745791,48
2025-09-17 00:00:00,183361292.0,69967100.81645767,183884524.0212766,70759555.29202302,1.71382162,1.467646,1.67549316,0.38523,47
2025-09-17 04:00:00,183938813.0,71275020.85969031,183346216.5,70262486.88392444,1.68089491,1.467029,1.66755746,1.106746,48
2025-09-17 08:00:00,184128065.0,70905876.55085,183963954.83333334,70748252.47668467,1.67855038,1.508091,1.64647538,0.793519,48
2025-09-17 12:00:00,187567052.0,72170174.59804,185848340.97916666,71618930.7186962,1.84222014,1.477868,1.79873394,1.507269,48
2025-09-17 16:00:00,184210215.0,71881953.7824507,186094209.16666666,71559921.5896598,1.80575317,1.593143,1.77680403,1.005397,48
2025-09-17 20:00:00,182318529.0,71946537.91398,183478170.58333334,71994587.57418452,1.82369759,1.707913,1.78720153,0.62056,48
2025-09-18 00:00:00,186246792.0,74474191.82242942,184465356.31914893,73169135.84402992,1.80292435,1.78323,1.70450281,1.517306,47
2025-09-18 04:00:00,184547715.0,73172340.37825964,185779381.29166666,73620906.1724809,1.8193734,1.757124,1.71931152,0.904357,48
2025-09-18 08:00:00,183675511.0,73390070.44806091,185064013.79166666,73727618.50404367,1.84213918,1.710887,1.71562208,3.262561,48
2025-09-18 12:00:00,185954416.0,74652967.89892688,184330348.0625,73633477.12098281,1.85070785,1.73691,1.71177016,0.939667,48
2025-09-18 16:00:00,183380430.0,73539275.052729,184074187.02083334,73929382.63102283,1.87845304,1.659735,1.77607129,1.198213,48
2025-09-18 20:00:00,181175695.0,71819857.25495,182295513.66666666,72785463.00765434,1.91958968,1.668206,1.81769023,0.934121,48
2025-09-19 00:00:00,179562024.0,70616612.15655407,181725080.27659574,72077572.7090818,1.89983793,1.681102,1.77574845,1.845701,47
2025-09-19 04:00:00,172675139.0,67683474.23383,175037430.27083334,68603899.63616002,1.87391164,1.657778,1.74648942,2.240379,48
2025-09-19 08:00:00,170933414.0,66687962.13796,171605486.89583334,67207131.41441503,1.79754408,1.612105,1.65918146,2.103332,48
2025-09-19 12:00:00,169302102.0,65736620.16456,169574207.79166666,65943721.4974918,1.77674419,1.572025,1.6439259,1.516762,48
2025-09-19 16:00:00,166441306.0,64534287.57538,167430238.58333334,65055402.49914665,1.7629217,1.622357,1.62920354,1.286651,48
2025-09-19 20:00:00,168720324.0,65463259.62676584,167650969.91666666,65133538.97219526,1.81771991,1.603615,1.6675063,1.15467,48
2025-09-20 00:00:00,169793104.0,65728608.48944,169381252.6382979,65716252.30783634,1.7855091,1.561305,1.68435499,0.76499,47
2025-09-20 04:00:00,172389998.0,67794209.56257862,171081345.60416666,66716092.00266221,1.8273752,1.544638,1.73086781,2.761229,48
2025-09-20 08:00:00,173901866.0,67849978.0981317,172768405.1875,67331209.67622568,1.87169442,1.531328,1.75352242,1.169076,48
2025-09-20 12:00:00,176661054.0,69053468.88128993,175601941.08333334,68338739.87298171,1.91222259,1.533143,1.81011949,0.666929,48
2025-09-20 16:00:00,177287017.0,68322769.55786031,176768951.58333334,68519326.21124876,1.81003812,1.534351,1.73435805,0.409505,48
2025-09-20 20:00:00,176422169.0,68130355.08741693,177003745.02083334,68496159.88197385,1.7654398,1.530934,1.69487909,0.371623,48
2025-09-21 00:00:00,176340969.0,68074667.67276,176340969.0,68074667.67276,1.77009697,1.531864,1.69818376,0.56669,1
2025-09-21 04:00:00,176800401.0,68739995.9088,176153756.375,68559207.39292078,1.68727491,1.547606,1.62025099,0.976657,48
2025-09-21 08:00:00,180157437.0,69250717.20843,179835991.60416666,69430865.70126528,1.62794075,1.479789,1.59370213,2.589954,48
2025-09-21 12:00:00,182092462.0,69364481.54966,180966464.1875,69358126.42810549,1.56411699,1.491468,1.51729249,0.978515,48
2025-09-21 16:00:00,182397929.0,69778390.65952699,182566096.70833334,69662539.49602614,1.50995907,1.465624,1.4618705,1.94609,48
2025-09-21 20:00:00,181252598.0,68870159.9689743,181837493.35416666,69284373.95679906,1.50657174,1.473945,1.44170511,1.317953,48
2025-09-22 00:00:00,181292039.0,68813019.24323,181292039.0,68813019.24323,1.5031481,1.478301,1.44057279,0.998513,1
2025-09-22 04:00:00,179409760.0,64138989.2,180614891.35416666,65478682.95820161,1.69713313,1.363784,1.59014762,0.587946,48
2025-09-22 08:00:00,179785556.0,64073774.30284,179618720.60416666,64116461.07235747,1.53407584,1.360704,1.47938714,0.501239,48
2025-09-22 12:00:00,175411509.0,63763434.1901193,176966504.25,64052849.358672775,1.33848614,1.194843,1.26489227,0.565426,48
2025-09-22 16:00:00,174576826.0,63300719.1388352,175533397.27083334,64036043.67485992,1.35201733,1.234188,1.27877032,1.086668,48
2025-09-22 20:00:00,174461779.0,64220411.91901389,173791440.29166666,63669557.07841787,1.42688081,1.26786,1.33405208,1.042784,48
2025-09-23 00:00:00,174406120.0,64207613.078,174406120.0,64207613.078,1.42929721,1.269989,1.33366517,1.913897,1
2025-09-23 04:00:00,171900910.0,63635267.2940325,171681254.29166666,63506310.56902107,1.51410935,1.226946,1.47060907,0.745068,48
2025-09-23 08:00:00,171149735.0,63316567.200679295,171715382.72916666,63591569.79572764,1.55480916,1.231506,1.51110703,0.780901,48
2025-09-23 12:00:00,168553063.0,62381488.6163,169373625.60416666,62550226.2524075,1.70392548,1.235931,1.66436872,1.605193,48
2025-09-23 16:00:00,168890474.0,61688934.53324,168315691.0,61936417.5498335,1.69557993,1.281811,1.65299685,0.40676,48
2025-09-23 20:00:00,168912937.0,61567848.339252084,168442410.85416666,61574142.5522998,1.67630628,1.337262,1.63778298,0.621228,48
2025-09-24 00:00:00,171538565.0,61898469.8256672,169768699.55319148,61883925.375540994,1.7000657,1.380855,1.6411204,0.847259,47
2025-09-24 04:00:00,173036045.0,63585555.45615,172855325.875,63075664.010277696,1.79464588,1.394386,1.71422846,0.839733,48
2025-09-24 08:00:00,171262793.0,63322705.08382,172330295.54166666,63585767.00465722,1.75472335,1.44677,1.6877502,0.32326,48
2025-09-24 12:00:00,170058101.0,63920398.24830188,171600216.02083334,63653694.77145108,1.78918735,1.352969,1.72240194,0.983512,48
2025-09-24 16:00:00,167844387.0,63893322.79929,168735029.41666666,63656544.43414429,1.72364003,1.315854,1.68573715,1.666071,48
2025-09-24 20:00:00,165848445.0,62093690.977689,167238546.5,62990022.76227203,1.8219841,1.290551,1.75568764,0.266044,48
2025-09-25 00:00:00,166759086.0,62406252.75378,166759086.0,62406252.75378,1.81068966,1.311053,1.73665988,1.923334,1
2025-09-25 04:00:00,171752528.0,62046153.78314016,170538439.47916666,61873072.909177065,1.95588771,1.376447,1.81435591,0.838478,48
2025-09-25 08:00:00,174571988.0,62378027.8377624,173454618.5625,62520162.487359844,1.7419035,1.408985,1.66712954,0.893021,48
2025-09-25 12:00:00,179034074.0,64466630.54375702,177420333.83333334,63940034.90176017,1.66442308,1.330237,1.58509819,0.73013,48
2025-09-25 16:00:00,179777354.0,63490170.33864,179810459.64583334,63797773.010890365,2.01760563,1.430875,1.91345231,0.812825,48
2025-09-25 20:00:00,181803309.0,63557931.413200974,181163316.79166666,63773502.99043822,1.97640025,1.454655,1.86825785,0.568287,48
2025-09-26 00:00:00,180791748.0,64077254.49454596,181139646.8723404,64070348.80125868,1.52321429,1.413969,1.49088921,2.807032,47
2025-09-26 04:00:00,181763664.0,64034571.78453792,181155508.08333334,63978711.72477447,1.49970726,1.423245,1.45692417,0.907925,48
2025-09-26 08:00:00,181644048.0,63546353.75232,181495255.3125,63738175.25134534,1.49912841,1.4231,1.44760056,1.21334,48
2025-09-26 12:00:00,184690256.0,65112219.15724176,183340433.89583334,64483369.48624908,1.48021789,1.457575,1.42936577,1.151432,48
2025-09-26 16:00:00,179140946.0,64687039.62580788,181699661.45833334,65319596.07950848,1.53096296,1.462558,1.51227943,1.473554,48
2025-09-26 20:00:00,177274198.0,64104122.73878,177887970.625,64186653.037579,1.53222453,1.466112,1.51444241,0.901613,48
2025-09-27 00:00:00,177814141.0,63872617.58861,177489146.80851063,63842767.49656431,1.64474092,1.491314,1.54557316,1.629753,47
2025-09-27 04:00:00,176982153.0,63715344.90153,177330904.1875,63993332.462480634,1.63689922,1.449417,1.55603368,1.395764,48
2025-09-27 08:00:00,177654757.0,64032521.55418895,177866215.27083334,64097185.60267792,1.68950064,1.42374,1.60172249,1.395321,48
2025-09-27 12:00:00,177081369.0,63777551.484865025,177064875.91666666,63682371.45861668,1.76247505,1.414677,1.65613273,0.786242,48
2025-09-27 16:00:00,177446948.0,63644896.83916,177253493.04166666,63515082.410049744,1.7639399,1.427903,1.6543332,1.543156,48
2025-09-27 20:00:00,176919886.0,63818541.27792,177227528.52083334,63840616.17877949,1.7328722,1.430498,1.6390579,1.329476,48
2025-09-28 00:00:00,176889443.0,63779257.56808,176889443.0,63779257.56808,1.73736373,1.43165,1.64436135,1.048574,1
2025-09-28 04:00:00,178612909.0,63695149.47849,177986836.1875,63583657.006704934,1.83175676,1.433531,1.71182019,1.24081,48
2025-09-28 08:00:00,178155331.0,62952967.76216,178002323.02083334,63166872.286374874,1.79375,1.420489,1.67862042,1.151367,48
2025-09-28 12:00:00,177718407.0,63664064.93961,177791064.41666666,63227391.97384888,1.72259508,1.429678,1.6171592,0.78672,48
2025-09-28 16:00:00,177046204.0,64121392.02099484,177167983.83333334,64000592.16103959,1.73324742,1.398335,1.64380916,0.622539,48
2025-09-28 20:00:00,175484950.0,64464396.3825,176430859.4375,64463055.24379768,1.75223288,1.449944,1.69438337,0.525428,48
2025-09-29 00:00:00,175936616.0,64561700.60736,176303953.9787234,64698870.16325527,1.83147208,1.467838,1.70399358,1.45521,47
2025-09-29 04:00:00,175006291.0,64381601.34339724,175628943.95833334,64333905.71821165,1.89109948,1.427331,1.73880903,1.514191,48
2025-09-29 08:00:00,176192660.0,64484210.7219338,175447131.9375,64595933.95166639,1.93961179,1.376481,1.76982632,0.738325,48
2025-09-29 12:00:00,171735362.0,63864942.98585276,174238400.375,64326552.37990948,2.02703732,1.403634,1.88751961,0.650467,48
2025-09-29 16:00:00,172508937.0,64224890.93544804,171992514.6875,63656329.14204825,2.14068136,1.379751,2.00023574,1.14957,48
2025-09-29 20:00:00,171215650.0,63477923.1559905,171749371.6875,64069509.35417061,2.23998348,1.306542,2.11670762,0.70915,48
2025-09-30 00:00:00,170810258.0,63449301.42006576,170810258.0,63449301.42006576,2.23061056,1.31258,2.10186092,1.216818,1
2025-09-30 04:00:00,169443539.0,62217281.75577088,170461188.41666666,62912965.05267554,2.13405797,1.335797,2.03607748,0.470408,48
2025-09-30 08:00:00,170913083.0,62280616.35169605,170424449.39583334,62220429.028636254,2.07844691,1.35091,1.9668325,0.861364,48
2025-09-30 12:00:00,172943662.0,62164533.58730844,171920849.0,62355705.71996208,2.11097708,1.347816,1.97471977,1.137909,48
2025-09-30 16:00:00,169581120.0,62291200.0605792,171951797.10416666,62034865.82032228,2.01847575,1.338236,1.91549296,1.00707,48
2025-09-30 20:00:00,168225276.0,61186897.38672,167988710.97916666,61579729.179551356,2.02631579,1.389474,1.90179806,1.031905,48
2025-10-01 00:00:00,167802862.0,60796654.93122,168373684.0212766,61356904.1521089,1.92527881,1.436206,1.79964773,0.812315,47
2025-10-01 04:00:00,169084182.0,61724180.6391,168503319.375,61481298.656410895,1.97320755,1.411518,1.82248783,3.417594,48
2025-10-01 08:00:00,172295022.0,66870864.82070436,169404157.625,64246542.00893169,1.81798165,1.346323,1.72204126,2.116181,48
2025-10-01 12:00:00,175560732.0,68299028.85541716,175052784.95833334,67786281.34482498,1.9132216,1.292525,1.79691907,1.038505,48
2025-10-01 16:00:00,176191774.0,69878758.7669875,174955894.14583334,68385072.99422248,1.93536265,1.27941,1.83180628,0.700103,48
2025-10-01 20:00:00,179427703.0,71299186.34111,176254922.75,69332313.41185315,1.94862249,1.338585,1.8106661,4.733681,48
2025-10-02 00:00:00,179614114.0,71495398.0777,179614114.0,71495398.0777,1.93889717,1.341766,1.80854261,1.171865,1
2025-10-02 04:00:00,183111739.0,73180842.70549332,182803154.125,73314663.22312087,2.17210567,1.344805,1.97211689,1.124885,48
2025-10-02 08:00:00,178673427.0,71981121.86941059,180080143.85416666,72159551.41974775,2.19599538,1.335961,2.04965986,0.653737,48
2025-10-02 12:00:00,173056619.0,69237319.34015882,176878919.27083334,70942001.08993718,2.20490845,1.35934,2.01682966,1.501659,48
2025-10-02 16:00:00,175321509.0,72382254.65207453,172862110.02083334,70363998.5078118,2.15304948,1.355006,2.01771698,0.759532,48
2025-10-02 20:00:00,173722696.0,70871911.06016,174562802.52083334,71331492.93573126,2.34141414,1.433789,2.08969641,2.505832,48
2025-10-03 00:00:00,178365242.0,72031019.32928,176596916.31914893,71301940.95994762,2.40351594,1.530177,2.07435369,0.454131,47
2025-10-03 04:00:00,177319782.0,70936778.7891,177735439.27083334,71373811.7920263,2.37904531,1.594343,2.00718133,1.421139,48
2025-10-03 08:00:00,173785412.0,69634076.73428,175800585.52083334,70724001.05400954,2.51384228,1.505212,2.12378976,2.147837,48
2025-10-03 12:00:00,173518754.0,70836473.65406604,173547889.20833334,69859122.52664043,2.51940928,1.469484,2.13578533,1.880407,48
2025-10-03 16:00:00,172540407.0,70034151.2013,172486011.16666666,70318649.71664768,2.46066946,1.542576,2.1002078,0.908838,48
2025-10-03 20:00:00,171165628.0,69537748.03128,172090626.77083334,69934853.63840516,2.42367987,1.536664,2.04887984,0.659673,48
2025-10-04 00:00:00,173233818.0,69596525.27404927,172301171.34042552,69609936.56350064,2.40608303,1.567611,2.02281455,1.854884,47
2025-10-04 04:00:00,169476987.0,67895916.29072648,171465750.85416666,69026685.94068314,2.40497553,1.533821,2.01183036,0.833952,48
2025-10-04 08:00:00,169349893.0,66937238.70718,168543746.0,67011316.98889616,2.39533011,1.604157,2.0218627,1.544416,48
2025-10-04 12:00:00,170816907.0,66522936.26208,169693821.83333334,66832624.21828225,2.40727124,1.688624,2.03572221,0.747576,48
2025-10-04 16:00:00,170832059.0,66609924.20208494,170558494.04166666,66457224.26822606,2.32184369,1.687525,1.99538462,1.42238,48
2025-10-04 20:00:00,165994308.0,65364616.125585,167764789.52083334,65882341.879854,2.11415697,1.65439,1.88706933,0.221107,48
2025-10-05 00:00:00,165939236.0,65314667.30926948,165939236.0,65314667.30926948,2.1220339,1.653761,1.89543321,0.729036,1
2025-10-05 04:00:00,175230850.0,71285662.0885,173522574.39583334,69949252.12942375,2.06231343,1.530599,1.87587524,1.409936,48
2025-10-05 08:00:00,178559055.0,71722569.1410621,176649399.85416666,71340003.06696917,2.06333333,1.546222,1.84792145,1.484081,48
2025-10-05 12:00:00,175432136.0,70153556.86504,177145646.89583334,70747708.9094194,1.99458484,1.633327,1.76089139,1.044861,48
2025-10-05 16:00:00,176512656.0,69455965.00944,176240674.83333334,69978918.63178575,2.01861314,1.635667,1.77164239,1.083563,48
2025-10-05 20:00:00,169724495.0,67116044.3942344,174578414.08333334,68845818.01121025,1.99120557,1.571025,1.73189145,0.647884,48
2025-10-06 00:00:00,169678555.0,67178280.01246835,169678555.0,67178280.01246835,1.99595885,1.57152,1.73466885,1.564481,1
2025-10-06 04:00:00,177440628.0,71160789.45312,176670275.33333334,71029565.60808893,2.0226691,1.462857,1.78467228,0.354933,48
2025-10-06 08:00:00,178444464.0,72026661.41999856,177865485.45833334,71758373.6275696,2.02335766,1.466058,1.75335604,0.931888,48
2025-10-06 12:00:00,179435250.0,73931695.8370425,178889714.58333334,72739717.17417437,1.951734,1.656671,1.7088558,1.331742,48
2025-10-06 16:00:00,180153287.0,73670083.65291,180106908.4375,73587897.63221483,2.02781792,1.706917,1.76813317,1.057249,48
2025-10-06 20:00:00,180588620.0,73736139.4322,180453204.35416666,73804217.59894389,2.09111029,1.803199,1.80757667,0.324545,48
2025-10-07 00:00:00,182246884.0,73904756.39968,182037063.17021278,74125984.92403357,2.18731231,1.842128,1.83048118,1.177692,47
2025-10-07 04:00:00,179879458.0,72225199.97616,180412125.6875,73000998.01717563,2.10589086,1.904312,1.80494452,1.113461,48
2025-10-07 08:00:00,178915548.0,71817023.0151864,178691719.25,71586791.65782315,2.10724534,1.938839,1.82319688,1.992294,48
2025-10-07 12:00:00,177262018.0,68400094.88566,178741904.20833334,70796999.41129145,2.5013947,2.164262,2.26328079,0.589991,48
2025-10-07 16:00:00,175446717.0,67724187.22917,175977317.8125,68026546.52916041,2.46608997,2.129869,2.21401371,0.701813,48
2025-10-07 20:00:00,173218439.0,66567846.1077,173978607.85416666,67190997.40169096,2.41320626,2.09006,2.14864356,0.467218,48
2025-10-08 00:00:00,171425802.0,65566940.74896,173311212.89361703,66770747.286784485,2.29010127,2.091353,2.09463199,1.751638,47
2025-10-08 04:00:00,175493519.0,66457640.71011,174476106.29166666,66455085.78542147,2.28188358,2.010101,2.18088543,2.104165,48
2025-10-08 08:00:00,171032894.0,65638768.03392628,172612301.5625,66006088.64511362,2.19591576,2.03271,2.09723247,2.562306,48
2025-10-08 12:00:00,170429119.0,65276586.90275009,170434046.9375,65407330.35641108,1.83101327,2.076245,1.71444486,0.617992,48
2025-10-08 16:00:00,169680329.0,65920807.8165,170099229.8125,65915814.82450405,1.82766514,1.955502,1.6911682,1.053696,48
2025-10-08 20:00:00,168749268.0,65503403.35956,169206726.16666666,65819045.781081915,1.80461638,1.946028,1.6672247,1.027592,48
2025-10-09 00:00:00,172949949.0,66111594.99781446,170096310.4893617,65284665.78491004,1.75839139,2.037869,1.55932203,1.535086,47
2025-10-09 04:00:00,173474244.0,65827282.5674892,172849063.91666666,65944413.7199645,1.73597257,2.096499,1.55279062,3.202272,48
2025-10-09 08:00:00,174068256.0,65656805.48064,174428052.625,65505683.93140998,1.70377242,1.999975,1.52235377,0.476019,48
2025-10-09 12:00:00,174561383.0,65523360.72288,172925211.58333334,65269747.032584876,1.66747647,1.903551,1.41495017,1.651085,48
2025-10-09 16:00:00,174474561.0,65671840.9163658,175002577.8125,65700078.26037026,1.72886115,1.907502,1.47488896,1.066412,48
2025-10-09 20:00:00,171527515.0,65103381.5264099,173786041.39583334,65805435.55964675,1.87016482,1.910679,1.58289354,2.144793,48
2025-10-10 00:00:00,171389764.0,65415618.36300764,171471029.80851063,65077956.007558785,1.88922056,1.913416,1.64020581,0.515971,47
2025-10-10 04:00:00,171852539.0,65303000.72725621,171627667.29166666,65469391.66359237,1.88792817,1.8968,1.64038956,2.059235,48
2025-10-10 08:00:00,171130225.0,65400838.08825,171396368.875,65515189.39729857,1.91902834,1.899366,1.67378388,0.724667,48
2025-10-10 12:00:00,179214811.0,66106967.33357,172784798.3125,65783126.033084065,1.97495987,1.907892,1.71238628,1.035754,48
2025-10-10 16:00:00,181034253.0,64982245.11435,177648548.39583334,64958472.82458226,1.92817337,2.021205,1.68210562,0.571188,48
2025-10-10 20:00:00,140066009.0,44490567.09876,176240829.47916666,55110697.77861959,1.06217409,1.301336,0.95008993,0.762342,48
2025-10-11 00:00:00,124478721.0,40154648.303472035,131487485.91489361,42250836.21171154,1.16607774,0.949478,1.05431387,1.447555,47
2025-10-11 04:00:00,120111643.0,39279180.94617318,120725315.4375,39372001.52634769,1.19041916,0.948266,1.09382596,0.704331,48
2025-10-11 08:00:00,117955433.0,38904134.04442846,118207676.33333333,39264278.188374706,1.11395349,0.86775,1.07388809,1.052617,48
2025-10-11 12:00:00,118808331.0,39181907.596071206,118235590.10416667,38476076.09127154,1.1523126,0.828029,1.12034314,1.632625,48
2025-10-11 16:00:00,118470390.0,37562221.8534,117532212.79166667,38488959.212882705,1.24773804,0.843989,1.15874647,1.158866,48
2025-10-11 20:00:00,115692193.0,37285279.96004,117287874.0,37540430.133260325,1.32363474,0.772558,1.2430761,0.54744,48
2025-10-12 00:00:00,114734108.0,36476267.61536,115345657.08510639,36713984.085234016,1.23467674,0.768379,1.16558188,0.513233,47
2025-10-12 04:00:00,115514526.0,37669779.02048076,115087361.16666667,37226209.21239372,1.2510513,0.751281,1.19477124,0.843538,48
2025-10-12 08:00:00,116451847.0,37532430.2881,115947763.6875,37512925.880313955,1.17696293,0.76278,1.07984881,0.907668,48
2025-10-12 12:00:00,119051105.0,40360705.6171,116987032.5625,38227073.013622455,1.19628433,0.744154,1.10133524,1.69862,48
2025-10-12 16:00:00,122189106.0,42346534.7248983,120161437.5,41264278.61577871,1.21641486,0.694681,1.15479353,1.08154,48
2025-10-12 20:00:00,124920259.0,42655755.07954233,123828330.08333333,42584774.47853526,1.2373366,0.705308,1.15115163,0.527398,48
2025-10-13 00:00:00,124979205.0,42530423.4615,125922587.87234043,42878567.92358927,1.29294976,0.991434,1.17718795,1.488279,47
2025-10-13 04:00:00,126292792.0,43685102.35950904,125078843.0,42831569.029215686,1.30231613,0.963359,1.19419107,1.065447,48
2025-10-13 08:00:00,126370249.0,43326775.344499186,126409565.0,43851612.50614754,1.29793271,1.033205,1.20220676,1.638427,48
2025-10-13 12:00:00,124647707.0,43117555.19360245,124582977.45833333,42955464.36849336,1.40025575,1.032981,1.28301887,0.772164,48
2025-10-13 16:00:00,126395099.0,44334344.92524,125554525.83333333,43702679.0372588,1.36806723,1.064767,1.29312039,1.294446,48
2025-10-13 20:00:00,124271016.0,43625340.1668,125545666.22916667,44180638.87665055,1.37925241,1.063423,1.3306852,1.123847,48
2025-10-14 00:00:00,124208724.0,43584841.2516,124208724.0,43584841.2516,1.38273684,1.063641,1.33209048,0.807031,1
2025-10-14 04:00:00,120694884.0,39372339.16409688,120353097.29166667,40232443.812408224,1.40159129,1.168812,1.27973406,1.03746,48
2025-10-14 08:00:00,122069445.0,40071200.82528645,121223187.33333333,39796362.38640391,1.38888889,1.137148,1.28436592,0.794704,48
2025-10-14 12:00:00,122779734.0,41050176.26556,123460954.33333333,40276689.23148922,1.38793806,1.099663,1.30645161,1.068725,48
2025-10-14 16:00:00,124947905.0,41752591.9348,123865219.91666667,41532486.931099966,1.3498799,1.150289,1.27448667,1.000517,48
2025-10-14 20:00:00,125729057.0,42351832.85045,125367006.79166667,42047700.689600594,1.34465061,1.176397,1.25743945,0.680723,48
2025-10-15 00:00:00,125656557.0,42360081.93027,125656557.0,42360081.93027,1.34571316,1.17563,1.25587828,1.379881,1
2025-10-15 04:00:00,124198776.0,42040043.68824,124348528.25,41868997.27011176,1.3815006,1.233889,1.27748083,0.943892,48
2025-10-15 08:00:00,123165938.0,41123875.03882,123326235.60416667,41567368.79478181,1.25937145,1.197739,1.2166742,1.275516,48
2025-10-15 12:00:00,121627881.0,39650689.206,121617960.16666667,40296749.41455735,1.22037736,1.210393,1.16233044,1.06569,48
2025-10-15 16:00:00,121374887.0,39298383.436961435,121608104.60416667,39666087.11264165,1.23407463,1.275269,1.20370784,0.909065,48
2025-10-15 20:00:00,121159287.0,39255608.988,121581542.97916667,39319861.918110356,1.23322085,1.294355,1.18133803,1.348422,48
2025-10-16 00:00:00,120104070.0,39147251.4357894,120764766.34042554,39294145.05647317,1.2229159,1.275555,1.18570183,1.954405,47
2025-10-16 04:00:00,119362907.0,38731875.13089159,119791784.16666667,38963274.71440462,1.19789779,1.306598,1.18470512,0.289675,48
2025-10-16 08:00:00,119051471.0,38928225.012656204,119092034.8125,38710527.42608527,1.2146539,1.2306,1.16673913,1.109615,48
2025-10-16 12:00:00,119953097.0,37963955.66953,118633960.97916667,38739033.173633,1.2591623,1.240265,1.23131831,0.961411,48
2025-10-16 16:00:00,121584616.0,37948990.34592,121014423.77083333,38148997.80016275,1.34349355,1.318712,1.23328079,0.768609,48
2025-10-16 20:00:00,120564139.0,37524382.62236,121607797.02083333,37716003.71033439,1.3085671,1.266105,1.21083939,0.832664,48
2025-10-17 00:00:00,120286551.0,37713146.430114545,119983665.14893617,37618917.03225345,1.31299435,0.848763,1.2420354,0.483848,47
2025-10-17 04:00:00,123655556.0,36673764.79848,121388613.70833333,37306806.78116315,1.27826725,0.829799,1.23497268,1.085992,48
2025-10-17 08:00:00,123376295.0,37305290.31915,125125411.41666667,36986623.75115324,1.31866464,0.827375,1.24554367,0.769957,48
2025-10-17 12:00:00,121795180.0,36943812.8460284,122785142.75,36999210.84486632,1.27491664,0.857632,1.19913138,1.440254,48
2025-10-17 16:00:00,119961006.0,36770184.844516866,120917883.70833333,37109225.81289755,1.2694148,0.815444,1.21332465,1.165152,48
2025-10-17 20:00:00,119134778.0,36731114.13398015,119370883.33333333,36951617.29688118,1.26561352,0.799249,1.22251309,0.425864,48
2025-10-18 00:00:00,119141508.0,36732518.33148,119141508.0,36732518.33148,1.26720648,0.800235,1.2234832,0.579364,1
2025-10-18 04:00:00,119528690.0,37666098.3350158,119412480.70833333,37286373.56559807,1.29698549,0.813219,1.2276405,0.918175,48
2025-10-18 08:00:00,121173766.0,38240017.07428,120433460.04166667,37822924.57637638,1.30546139,0.813649,1.25071665,0.724337,48
2025-10-18 12:00:00,119931011.0,37784265.01555,120900695.16666667,38186269.973225735,1.29625468,0.836476,1.24617068,1.782593,48
2025-10-18 16:00:00,120068001.0,37995703.82117154,119880821.41666667,37825220.36329984,1.29238885,0.843889,1.22044175,0.840803,48
2025-10-18 20:00:00,118597726.0,37243243.89578,119609599.60416667,37720701.929869756,1.307545,0.84428,1.18885246,0.566322,48
2025-10-19 00:00:00,117827858.0,37039187.1623,118420280.04255319,37065965.38818976,1.30655551,0.858265,1.17836066,0.832069,47
2025-10-19 04:00:00,118576221.0,36815545.09608,118362900.29166667,36940554.11996774,1.31799163,0.857572,1.1934419,3.205098,48
2025-10-19 08:00:00,119601783.0,37755890.85744,119179546.95833333,37297831.77665438,1.31413414,0.902297,1.18848858,2.434068,48
2025-10-19 12:00:00,118435792.0,37995758.31990688,119167059.5,37922452.645293795,1.30053394,0.893531,1.19826821,1.028409,48
2025-10-19 16:00:00,119083113.0,37968784.84581849,118836065.08333333,38034438.13393406,1.3255814,0.894282,1.22387053,1.24623,48
2025-10-19 20:00:00,119022013.0,37796630.44828,119152265.58333333,37975296.22433053,1.29961686,0.885853,1.20008873,1.807865,48
2025-10-20 00:00:00,116847149.0,37750601.81957171,118821157.9361702,37597305.19704477,1.33140655,1.202602,1.2286935,0.918235,47
2025-10-20 04:00:00,117171037.0,38307898.83678,116665860.16666667,38031967.28753671,1.29885932,1.224402,1.22219736,0.332118,48
2025-10-20 08:00:00,117186979.0,38212555.11131968,117090749.47916667,38276381.06422125,1.31201849,1.2007,1.22890749,1.692648,48
2025-10-20 12:00:00,116405520.0,38147252.9592,116867830.9375,38142506.77321073,1.32027918,1.20268,1.22052549,0.932118,48
2025-10-20 16:00:00,115120948.0,38151082.1672,115133564.39583333,37379397.05655199,1.29573643,1.24908,1.17761394,1.015607,48
2025-10-20 20:00:00,115647396.0,37559961.27288,114961720.625,37552595.28762465,1.26269901,1.211681,1.20544554,0.698457,48
2025-10-21 00:00:00,118232538.0,37719726.59814,116843029.87234043,37617968.76758907,1.27245053,1.204614,1.2125769,0.35049,47
2025-10-21 04:00:00,120056672.0,37945111.75232,119769603.6875,37793760.764714025,1.23774146,1.180392,1.14985717,1.611843,48
2025-10-21 08:00:00,121136742.0,38487239.81040402,120455299.97916667,37949068.93108194,1.17835529,1.226318,1.10046531,1.069439,48
2025-10-21 12:00:00,118663972.0,39092658.93568,120786326.08333333,38717364.42772103,1.17935578,1.261035,1.10798528,0.782006,48
2025-10-21 16:00:00,117249420.0,38380425.1428,117769405.8125,38714114.47835783,1.19171554,1.293362,1.09758185,1.779554,48
2025-10-21 20:00:00,117910631.0,37216271.597074576,117724378.75,37856508.48904311,1.14589989,1.240856,1.0536238,0.530948,48
2025-10-22 00:00:00,118480222.0,37023388.140649825,118967426.38297872,37185248.37418856,1.15181402,0.855935,1.07596801,1.524586,47
2025-10-22 04:00:00,119371031.0,37185903.726984605,118821352.1875,37062180.64777155,1.13443073,0.851892,1.05026563,1.258829,48
2025-10-22 08:00:00,118391370.0,36822774.11908711,119178033.8125,36989361.472219296,1.14682676,0.785828,1.08225641,1.225749,48
2025-10-22 12:00:00,119929957.0,37426505.7020029,119070848.16666667,37088225.00544945,1.12704918,0.773705,1.07487725,1.288966,48
2025-10-22 16:00:00,119450365.0,37058281.2376,119807777.875,37191183.640494354,1.0774578,0.796438,1.03799483,0.930034,48
2025-10-22 20:00:00,120503456.0,37077801.16430112,120699141.4375,36944023.34860207,1.18188202,0.844391,1.08125387,0.707759,48
2025-10-23 00:00:00,120445054.0,37200329.35899204,120507501.4893617,37332620.00000319,1.22578348,0.831536,1.11848144,1.395696,47
2025-10-23 04:00:00,119664268.0,37399319.8650872,120138131.125,37314328.13883426,1.22508961,0.779853,1.13167859,0.428483,48
2025-10-23 08:00:00,120608377.0,37574640.115857586,119988637.14583333,37658547.97735623,1.23857868,0.788472,1.15201192,1.015295,48
2025-10-23 12:00:00,122440728.0,38279869.20192,121424055.89583333,37893560.762943976,1.25091174,0.80192,1.16920111,1.637974,48
2025-10-23 16:00:00,121713077.0,38042791.48846625,122040729.6875,38246029.24029631,1.23671847,0.800933,1.14907624,1.271016,48
2025-10-23 20:00:00,121298183.0,37743631.45395749,121425860.875,37762640.4250984,1.20695776,0.787847,1.12688127,1.129035,48
2025-10-24 00:00:00,122866788.0,38184540.37464,122727345.5106383,38166227.4153499,1.1084056,0.775384,1.04968329,2.570233,47
2025-10-24 04:00:00,120787151.0,38002053.44762,121855841.10416667,38413688.91709494,1.12373225,0.767053,1.07001003,1.572363,48
2025-10-24 08:00:00,121558826.0,38395057.80211428,121165866.91666667,38222742.32409588,1.12758037,0.796555,1.05993253,2.5177,48
2025-10-24 12:00:00,121277493.0,38173303.69668,120925253.0625,38475440.08826672,1.148593,0.758835,1.07325933,1.228018,48
2025-10-24 16:00:00,120644007.0,38353936.26537,120549091.47916667,37998318.72844294,1.10873984,0.74336,1.06148608,0.588317,48
2025-10-24 20:00:00,118294442.0,37747756.4422,119028029.60416667,38012275.83626453,1.10955631,0.748313,1.06067325,1.852099,48
2025-10-25 00:00:00,118169784.0,37688692.7656512,118048297.91489361,37760567.003519125,1.15296961,0.749905,1.10632184,0.814398,47
2025-10-25 04:00:00,117895945.0,37608003.58361455,118267523.4375,37844225.26396356,1.25713227,0.757014,1.17060086,1.039922,48
2025-10-25 08:00:00,116772240.0,37587427.4820408,117060059.45833333,37398611.88333158,1.32184778,0.753958,1.2252627,1.394113,48
2025-10-25 12:00:00,119711907.0,39125442.56481,118285066.58333333,38421411.287305236,1.33195799,0.74907,1.20261163,0.579007,48
2025-10-25 16:00:00,119352223.0,38973093.48304104,119235711.14583333,38963301.673766784,1.4227451,0.744959,1.2827571,1.705142,48
2025-10-25 20:00:00,118637634.0,38481302.96424,119065082.41666667,38755773.878764845,1.53645402,0.7621,1.37442183,0.62307,48
2025-10-26 00:00:00,118713837.0,38330323.69056,118701858.91489361,38605938.66107926,1.51536256,0.748258,1.38359046,2.572306,47
2025-10-26 04:00:00,118403267.0,38631165.148673914,118781942.08333333,38531915.36081611,1.5034399,0.768623,1.37734538,0.787639,48
2025-10-26 08:00:00,119457645.0,39436552.34385,118872166.08333333,38989446.75724686,1.5789916,0.781258,1.42435073,0.97843,48
2025-10-26 12:00:00,119788442.0,39731430.44256,119687379.39583333,39620517.66355965,1.53994145,0.779712,1.3890883,3.063435,48
2025-10-26 16:00:00,119929088.0,39295609.98397952,119634130.0,39385187.397570364,1.51666667,0.78041,1.36506053,1.480619,48
2025-10-26 20:00:00,120205118.0,39733310.11596738,119889560.5625,39437595.79931117,1.49793899,0.798066,1.33894737,1.73894,48
2025-10-27 00:00:00,123011085.0,40618260.267,121427201.72340426,40346590.83925704,1.54076539,1.155529,1.32081595,4.575469,47
2025-10-27 04:00:00,122397606.0,40290843.94308,123264524.1875,40773354.2439755,1.38953942,1.114493,1.24782123,0.995446,48
2025-10-27 08:00:00,122320469.0,39858626.337572895,122392805.0625,39921754.505081415,1.26975377,1.101995,1.15912003,1.674612,48
2025-10-27 12:00:00,121306349.0,39380893.13936,121670600.95833333,39474999.86057407,1.27842993,1.092918,1.16326531,1.115812,48
2025-10-27 16:00:00,120300262.0,39161026.69616832,120945525.58333333,39652199.792922646,1.25475422,1.112389,1.14680233,0.591628,48
2025-10-27 20:00:00,119306120.0,38510822.4748,119495140.45833333,38651214.40157706,1.21122807,1.114182,1.09289176,1.384466,48
2025-10-28 00:00:00,119645011.0,38609445.0497,119765856.61702128,38693952.319903344,1.15518979,1.072036,1.04315563,0.704782,47
2025-10-28 04:00:00,120302698.0,39899140.48053552,119887792.10416667,39211398.71173639,1.16363023,1.096382,1.06360424,0.378148,48
2025-10-28 08:00:00,121755413.0,40024656.91549,121014015.83333333,40251143.13761402,1.25683252,1.091116,1.14664239,0.825077,48
2025-10-28 12:00:00,122416976.0,39879360.82963184,122405847.72916667,40288711.13805532,1.29307282,1.075819,1.17976606,3.417297,48
2025-10-28 16:00:00,121496085.0,39121739.37,122045696.16666667,39798562.75581225,1.26657264,1.079199,1.1697417,1.030105,48
2025-10-28 20:00:00,122880509.0,39116552.42997,122848848.16666667,39037890.06685958,1.21510616,1.088973,1.12095954,0.854741,48
2025-10-29 00:00:00,123447934.0,39264141.22516424,123447934.0,39264141.22516424,1.21222647,1.079446,1.12195122,2.827363,1
2025-10-29 04:00:00,124005088.0,39816425.41080864,123851716.60416667,39389015.547605224,1.12109375,0.775166,1.07209848,1.461647,48
2025-10-29 08:00:00,125018835.0,40388584.8351,124688405.85416667,40031559.12446424,1.11314585,0.801079,1.06260937,2.39178,48
2025-10-29 12:00:00,122337694.0,38859345.12216,124240404.5,39959837.91077559,1.12868988,0.816187,1.08001584,0.914086,48
2025-10-29 16:00:00,118991962.0,38017709.34403106,121098110.72916667,38698868.682349734,1.15161725,0.804929,1.08006405,1.503476,48
2025-10-29 20:00:00,115841535.0,36566538.9381,117500664.08333333,37542440.09831078,1.16283716,0.806397,1.08209693,0.979855,48
2025-10-30 00:00:00,116027871.0,36607516.15413633,116744654.9361702,36989362.5862454,1.12431913,0.831949,1.05843906,1.019304,47
2025-10-30 04:00:00,115337634.0,36504361.161,115422202.52083333,36182791.157062866,1.0994598,0.812032,1.05576923,1.037871,48
2025-10-30 08:00:00,116643110.0,36153725.5720626,115900089.625,36223656.907049924,1.04082876,0.832471,1.00831025,0.702305,48
2025-10-30 12:00:00,120832202.0,35780831.65624,119723013.29166667,36125738.72830627,1.00971445,0.863016,0.95465054,2.128028,48
2025-10-30 16:00:00,125387322.0,36650714.2206,123488990.79166667,36407837.413125165,0.9867052,0.898417,0.93119666,1.981537,48
2025-10-30 20:00:00,126779068.0,37820731.56576,126085236.66666667,37200822.99044197,0.99345103,0.851845,0.95819601,0.793776,48
2025-10-31 00:00:00,126715446.0,37772607.29814,126715446.0,37772607.29814,0.99486741,0.850348,0.95818876,1.667447,1
2025-10-31 04:00:00,127835026.0,38479793.753545105,128674683.5,38909087.10207412,1.00429676,0.839406,0.98017196,1.434477,48
2025-10-31 08:00:00,126710940.0,38608823.418,127018881.0,38360845.41100929,1.0,0.846169,0.97741597,1.477048,48
2025-10-31 12:00:00,126145697.0,38869957.32628775,127010639.10416667,39109933.544804774,0.96237172,0.862378,0.94622346,0.989449,48
2025-10-31 16:00:00,123803671.0,37912398.17033,124645472.04166667,37785015.067018434,1.00028994,0.876379,0.99678571,0.689898,48
2025-10-31 20:00:00,124133282.0,37836971.34512568,124542348.85416667,37885757.52841761,0.98959237,0.894374,0.97662476,1.490567,48
2025-11-01 00:00:00,124682144.0,37944516.88352,124640430.19148937,37828321.85521473,1.01337598,0.876634,1.00216177,1.732701,47
2025-11-01 04:00:00,125576394.0,38261871.48786,124930415.91666667,37952684.85136635,1.03533879,0.884498,1.02593399,1.279098,48
2025-11-01 08:00:00,122731554.0,37532574.575521745,123765559.85416667,37772949.17730633,1.00934579,0.867891,1.00998548,1.513527,48
2025-11-01 12:00:00,122463762.0,37315932.91902,123164750.22916667,37481459.32281319,0.95625176,0.867164,0.95845021,0.980604,48
2025-11-01 16:00:00,121293534.0,37118002.26174132,121794007.97916667,37244776.21200387,0.96838508,0.868763,0.95899054,2.391157,48
2025-11-01 20:00:00,121231789.0,36980490.362254955,121049578.0625,36968815.65570138,0.9825265,0.869279,0.98353399,1.157797,48
2025-11-02 00:00:00,121826637.0,36985348.72683,121467727.78723404,36935374.128863,0.95018192,0.859788,0.94798687,0.829099,47
2025-11-02 04:00:00,122382608.0,37634350.63059904,122223029.29166667,37302747.22125305,0.94802322,0.8655,0.94149846,3.761969,48
2025-11-02 08:00:00,122519162.0,37530258.38334948,122567401.375,37440742.48793061,0.92533261,0.858084,0.93292786,0.391883,48
2025-11-02 12:00:00,122168469.0,37031706.32328,122310795.1875,37264437.23678503,0.9797126,0.844417,0.96161129,0.517822,48
2025-11-02 16:00:00,123202569.0,37014722.33699079,122595190.39583333,37002419.9542704,0.99459152,0.830778,0.97464838,1.487704,48
2025-11-02 20:00:00,125580293.0,38309786.645392366,124250576.60416667,37434819.75781103,0.99005682,0.814232,0.9729636,1.370913,48
2025-11-03 00:00:00,123654067.0,36113170.26735,124530427.34042554,37221911.71482252,1.01402404,0.819884,0.97211505,0.64717,47
2025-11-03 04:00:00,127309938.0,37074233.86193058,126369158.89583333,36823293.96662165,0.98399117,0.814019,0.92487644,0.910219,48
2025-11-03 08:00:00,129328234.0,37572635.12059568,128235254.64583333,37254348.72452129,0.97979798,0.822205,0.92163876,0.549167,48
2025-11-03 12:00:00,135570608.0,37885206.4056,129961318.95833333,37729452.24577642,0.93777778,0.832137,0.89615577,0.917495,48
2025-11-03 16:00:00,134794568.0,37714172.18072,135314386.08333334,38135948.90414247,0.93611794,0.85311,0.89261854,0.902771,48
2025-11-03 20:00:00,133920243.0,37269086.27323545,135024094.97916666,37352171.9076292,0.94732465,0.858285,0.92194379,1.753484,48
2025-11-04 00:00:00,133861973.0,37210951.25454,133861973.0,37210951.25454,0.94894562,0.855853,0.92684997,1.529824,1
2025-11-04 04:00:00,135591457.0,36590710.58602,133356763.52083333,36762181.139209464,0.91677852,0.807797,0.89041769,2.091103,48
2025-11-04 08:00:00,135469903.0,37662189.58318547,135457744.0625,37317282.70261825,0.92035637,0.808294,0.87701843,1.272748,48
2025-11-04 12:00:00,137980562.0,37776441.06706017,137049722.91666666,37713190.326652266,0.91216761,0.840695,0.88148027,0.997775,48
2025-11-04 16:00:00,133932346.0,35187983.65570084,136225266.64583334,36637818.95790402,0.93485963,0.806355,0.88359092,0.787182,48
2025-11-04 20:00:00,130377145.0,35348667.7133277,132997365.83333333,35129249.25361762,0.91240876,0.725965,0.86759642,2.13331,48
2025-11-05 00:00:00,130011647.0,35028540.10660199,130011647.0,35028540.10660199,0.91373981,0.721973,0.87389877,1.05909,1
2025-11-05 04:00:00,130917539.0,35961738.78791,131788727.20833333,36100702.83111711,0.92051497,0.71024,0.87530308,0.604015,48
2025-11-05 08:00:00,133180963.0,36432871.034461446,132229236.54166667,35941719.846376754,0.91282481,0.725575,0.86853894,0.942632,48
2025-11-05 12:00:00,131161377.0,36746171.38032,131756418.625,36452260.00926326,0.91346689,0.71856,0.8469218,1.465195,48
2025-11-05 16:00:00,134295279.0,37601335.16721,132782921.16666667,37109305.25887125,0.94090909,0.72055,0.87890095,2.023933,48
2025-11-05 20:00:00,133948562.0,37545152.3703586,134515324.47916666,37714571.97467002,0.93052694,0.703948,0.91123616,0.758335,48
2025-11-06 00:00:00,133822524.0,37467630.26952,133822524.0,37467630.26952,0.92846629,0.703497,0.91340731,0.769882,1
2025-11-06 04:00:00,131241137.0,35876448.62273771,131064653.08333333,36156381.6154838,0.94042799,0.718423,0.90178411,0.724839,48
2025-11-06 08:00:00,131373779.0,35812808.76620739,131557064.91666667,35943394.271399386,0.91635951,0.717239,0.87654321,0.855682,48
2025-11-06 12:00:00,128200598.0,34403658.64209596,130423537.52083333,35382088.600157656,0.91346154,0.733104,0.85294118,1.173802,48
2025-11-06 16:00:00,135724409.0,36246560.66754,134991953.8125,36073356.99386308,0.9641842,0.694122,0.90322581,1.226673,48
2025-11-06 20:00:00,125264392.0,33737458.69736,127047721.60416667,34082927.53356586,0.93156425,0.744727,0.86621044,0.952914,48
2025-11-07 00:00:00,124327477.0,33922752.09945,124749886.5106383,33887484.251013845,0.92266741,0.732324,0.8695276,0.630948,47
2025-11-07 04:00:00,122388126.0,33899063.13948,123147039.08333333,33824598.875685915,0.93076274,0.724515,0.8767337,1.667151,48
2025-11-07 08:00:00,122488660.0,33059689.334,122350243.60416667,33352092.899671447,0.93906206,0.730757,0.88117444,2.049302,48
2025-11-07 12:00:00,122552457.0,33693460.97679501,121632439.27083333,32825480.607963875,0.94477825,0.792444,0.89196288,2.62394,48
2025-11-07 16:00:00,117546391.0,34151928.44114,120434620.72916667,34330417.89895924,0.98878063,0.743849,0.92601136,1.453909,48
2025-11-07 20:00:00,118688325.0,34602558.0603885,118751011.35416667,34630743.96850089,0.9922039,0.789635,0.91636883,0.952851,48
2025-11-08 00:00:00,116599081.0,33918036.03191774,117664425.5106383,34487480.012654975,1.05987842,0.828782,0.94526011,0.59108,47
2025-11-08 04:00:00,118016845.0,34053365.26831925,117184660.4375,33863588.75589725,1.04855562,0.824924,0.93950437,1.308968,48
2025-11-08 08:00:00,117264074.0,33663202.9353095,117735932.60416667,33891446.40599592,1.09015873,0.806431,0.97016308,0.744821,48
2025-11-08 12:00:00,119644584.0,33543555.57024,119528050.95833333,33869235.051727004,1.06159191,0.833859,0.93952206,1.069289,48
2025-11-08 16:00:00,118703322.0,33374626.01352,119458721.20833333,33571912.9464262,1.04934416,0.813429,0.94341356,0.777882,48
2025-11-08 20:00:00,118647618.0,33599478.42275634,118716147.02083333,33461631.568185057,1.06132666,0.814832,0.9471277,0.593112,48
2025-11-09 00:00:00,119275927.0,32905842.74076,118677720.9361702,33149642.330104407,1.02878788,0.829246,0.9120387,1.727161,47
2025-11-09 04:00:00,118725604.0,33043710.10528,119537268.70833333,33131207.28516108,0.98155311,0.823096,0.8919443,0.894938,48
2025-11-09 08:00:00,118008543.0,32460609.92301,118729566.79166667,32810023.28845188,0.95228514,0.834597,0.88105878,0.495371,48
2025-11-09 12:00:00,113863309.0,31931826.37596,116792287.75,32308766.11165839,0.98156151,0.809754,0.906929,1.733395,48
2025-11-09 16:00:00,114377495.0,32358537.11045,113319523.64583333,31822497.707291175,0.99311729,0.767303,0.9315989,2.375945,48
2025-11-09 20:00:00,114582428.0,32684637.587,114583734.125,32516709.27919106,0.97254005,0.741823,0.90837201,1.120626,48
2025-11-10 00:00:00,114302062.0,33649649.21296384,114338512.27659574,33196038.239516553,1.01240035,0.751229,0.91851461,0.832775,47
2025-11-10 04:00:00,115111513.0,34300928.64374,115488480.16666667,34047397.90951822,1.00652045,0.724105,0.89843613,0.830417,48
2025-11-10 08:00:00,115511776.0,35663105.72224,115764046.0,35300258.69101846,1.03318519,0.80238,0.9339738,0.811029,48
2025-11-10 12:00:00,112654876.0,33726616.77688,114869581.625,35093872.137309,1.08135593,0.838361,0.98645433,0.55061,48
2025-11-10 16:00:00,112352908.0,33807663.01111892,112448817.72916667,33683551.67509166,1.18898664,0.842196,1.06080306,0.732583,48
2025-11-10 20:00:00,109585823.0,32899855.78106,111173285.64583333,33357303.66504584,1.28188153,0.851342,1.15254934,0.887341,48
2025-11-11 00:00:00,108507292.0,32727969.41304,108841797.72340426,32761339.22843289,1.34551375,0.840885,1.22079337,0.841045,47
2025-11-11 04:00:00,108348442.0,31519146.8593868,108312533.47916667,31998334.001241878,1.37100372,0.82538,1.21562083,1.623661,48
2025-11-11 08:00:00,107493863.0,31335591.89993876,108363764.29166667,31607017.4689907,1.35656342,0.843695,1.24346076,0.742861,48
2025-11-11 12:00:00,105781625.0,30732735.51125,106842843.72916667,31095985.977417886,1.29181246,0.843317,1.19171648,1.712434,48
2025-11-11 16:00:00,107536880.0,30585766.3031184,106481643.47916667,30588808.690328743,1.26031196,0.850482,1.15192791,1.401285,48
2025-11-11 20:00:00,108185610.0,30441090.5992557,108252336.08333333,30553152.119591504,1.09122042,0.859169,0.99268155,0.853653,48
2025-11-12 00:00:00,108135962.0,30444169.44171086,108135962.0,30444169.44171086,1.08372093,0.856757,0.98690365,1.560785,1
2025-11-12 04:00:00,107371032.0,30498741.6396,107944662.27083333,30754384.7077927,1.046875,0.84836,1.02953348,0.445451,48
2025-11-12 08:00:00,107311291.0,31277047.60124772,107340194.85416667,30957754.537237365,1.07145029,0.872468,1.04881741,1.82909,48
2025-11-12 12:00:00,104921034.0,29733571.82526,107010577.27083333,31133248.83128212,1.09959665,0.879119,1.05453149,0.693167,48
2025-11-12 16:00:00,105653740.0,29169059.9244084,105397212.64583333,29261945.618151363,1.03865748,0.858733,0.98866171,0.854882,48
2025-11-12 20:00:00,108887436.0,30194957.48539788,107395764.10416667,29896343.09937234,1.04949314,0.847406,0.99889135,1.677055,48
2025-11-13 00:00:00,110773393.0,32402771.603203792,109610422.9361702,30828070.699971505,1.00677866,0.836618,1.00148395,0.758515,47
2025-11-13 04:00:00,111308512.0,32264998.37344,110447441.60416667,32097784.70602793,1.02783536,0.811176,1.01542178,0.662939,48
2025-11-13 08:00:00,109983242.0,32268775.2497224,110750514.79166667,32568865.37802572,1.07878602,0.845251,1.0656585,0.764453,48
2025-11-13 12:00:00,108805347.0,30512283.45921,109369792.35416667,31390761.035295352,1.19528178,0.86635,1.13963783,0.881448,48
2025-11-13 16:00:00,117379541.0,31072634.62302294,111577564.41666667,30393181.699010465,1.16363636,0.828974,1.10814607,0.898466,48
2025-11-13 20:00:00,122057471.0,32784636.7106,119389243.9375,31774331.25228102,1.1423578,0.81005,1.13297232,0.728863,48
2025-11-14 00:00:00,122043590.0,32617369.8634,121801497.0,32593101.666515544,1.10671573,0.83204,1.08564815,0.705542,47
2025-11-14 04:00:00,125010756.0,33612892.07328,122645079.02083333,32744824.264265507,1.07222056,0.858978,1.05943396,0.667122,48
2025-11-14 08:00:00,125244722.0,32857952.8167,125877772.20833333,33449350.32846773,1.04465849,0.915156,1.04651594,0.579219,48
2025-11-14 12:00:00,128120348.0,34219378.03894396,126523328.25,33201641.004251007,1.02385108,0.944053,1.02993901,0.686172,48
2025-11-14 16:00:00,129337895.0,34383004.933747,128672820.95833333,34256973.18301408,1.01916933,0.95659,1.02037819,1.364672,48
2025-11-14 20:00:00,127442085.0,33093333.53366835,127996522.8125,33467106.469582576,1.00028629,0.942875,1.00691916,0.638808,48
2025-11-15 00:00:00,127394095.0,33027635.0835639,127394095.0,33027635.0835639,0.99628253,0.941676,1.0,0.972197,1
2025-11-15 04:00:00,126372118.0,33426688.93218,126682516.08333333,33590704.256350406,0.95312947,0.933057,0.97411765,1.813153,48
2025-11-15 08:00:00,126348166.0,32757025.51716,126197287.0625,32998870.887445644,0.96233951,0.917242,0.99763421,0.718518,48
2025-11-15 12:00:00,126380994.0,33041047.07136,125986710.125,32977389.458231438,0.94335882,0.922798,0.97550072,0.787873,48
2025-11-15 16:00:00,127843485.0,33290157.1245936,127023929.47916667,33104373.427574594,0.94736842,0.932785,0.98213338,1.56268,48
2025-11-15 20:00:00,127986016.0,33191038.44285312,127652361.29166667,33126193.653583784,0.9302581,0.923894,0.95016382,1.716973,48
2025-11-16 00:00:00,127941914.0,33184294.23418,127941914.0,33184294.23418,0.93153698,0.924077,0.95266885,0.75004,1
2025-11-16 04:00:00,126718312.0,33155378.74422872,127155857.14583333,33241434.687638834,0.97677633,0.9163,0.98725336,1.172155,48
2025-11-16 08:00:00,128421906.0,32977461.24174,127903654.64583333,33287527.602219608,0.96877568,0.905577,0.95841177,1.182016,48
2025-11-16 12:00:00,127977525.0,32213298.324489754,127706261.9375,32698259.552686155,0.97522709,0.895836,0.96153186,0.581308,48
2025-11-16 16:00:00,130790325.0,33193529.007077247,129923811.5,32752977.44068885,0.97165092,0.883023,0.95324675,0.659084,48
2025-11-16 20:00:00,131165931.0,33419284.86886392,130882898.45833333,33109030.339859992,1.00084674,0.872942,0.97495622,1.058269,48
2025-11-17 00:00:00,134590462.0,34667811.20196,133496335.87234043,34165632.519524366,0.99943567,0.901277,0.97777,0.815578,47
2025-11-17 04:00:00,131346127.0,33868326.50449358,133081445.45833333,34260920.07616503,0.9968865,0.929897,0.98415772,0.929754,48
2025-11-17 08:00:00,129240978.0,33569051.62572,130333132.64583333,33733311.7888165,1.0037292,0.949503,0.98787879,0.744349,48
2025-11-17 12:00:00,128160656.0,32359997.88829392,128889713.5625,33057185.398979273,1.01949374,1.018463,1.00765446,0.751636,48
2025-11-17 16:00:00,125248687.0,30756510.96007198,127111776.04166667,31691398.955767628,0.98674189,0.97561,0.94467714,1.443342,48
2025-11-17 20:00:00,125157748.0,30931419.50711356,125522603.3125,30893722.161531065,0.99550436,0.940833,0.97073769,1.058902,48
2025-11-18 00:00:00,127568202.0,31704525.24306,127041665.44680852,31403975.90451684,1.02642045,0.911521,0.99288003,1.115046,47
2025-11-18 04:00:00,128243472.0,31706916.01728,128030135.8125,31718568.347682655,1.04555874,0.908462,1.00820989,1.650917,48
2025-11-18 08:00:00,125594670.0,31500866.3948724,126764102.97916667,31708943.141121566,1.03055397,0.919295,1.00459445,1.185145,48
2025-11-18 12:00:00,124761777.0,31678262.79807,125208755.1875,31357320.277169883,1.01397206,0.931982,0.98433099,1.313404,48
2025-11-18 16:00:00,124202774.0,32155165.42576726,124716105.375,32073084.454511542,1.00973654,0.920244,0.98828749,0.488915,48
2025-11-18 20:00:00,124063777.0,31764048.82531,124196604.41666667,31958128.674733464,1.02976018,0.945682,1.00268673,0.936667,48
2025-11-19 00:00:00,124233986.0,31317320.61707296,124372429.9787234,31667123.20525171,1.0801301,0.968431,1.0247298,3.484724,47
2025-11-19 04:00:00,123410247.0,31143701.33190264,123810066.04166667,30958752.34278277,1.09340495,0.967442,1.01834862,2.258782,48
2025-11-19 08:00:00,125961251.0,31195073.43339361,124337938.14583333,31070880.200500492,1.11585916,0.977132,1.05431548,0.315739,48
2025-11-19 12:00:00,128692858.0,31156504.88779976,126887326.6875,31221529.341272533,1.10215995,0.965688,1.02107519,0.592077,48
2025-11-19 16:00:00,128557914.0,30502139.1957132,128623051.29166667,30653456.569301758,1.06556442,0.947359,0.97158794,1.169046,48
2025-11-19 20:00:00,128147239.0,31521657.84922,128185301.9375,31051811.40588796,1.08149652,0.900722,1.00142298,1.665115,48
2025-11-20 00:00:00,124783693.0,31248442.21070984,125896770.80851063,31365118.282505218,1.0409576,0.896016,0.98818052,1.339658,47
2025-11-20 04:00:00,124805260.0,31376124.7354716,124778083.22916667,31322212.646348286,1.02986789,0.90158,0.98961876,1.085295,48
2025-11-20 08:00:00,126319848.0,31869092.97369024,124642429.10416667,31220962.436216515,1.0113701,0.913077,0.96660221,1.994913,48
2025-11-20 12:00:00,125869826.0,31335937.63620912,125890311.85416667,31657679.125907827,1.02099738,0.937043,0.97247706,0.723759,48
2025-11-20 16:00:00,123569875.0,29349866.915655,123683210.60416667,29466223.17174059,1.06024096,0.913756,1.01048297,1.257404,48
2025-11-20 20:00:00,126870905.0,30050642.5583,125403611.29166667,30083459.765389014,1.11245353,0.91429,1.06899884,0.415921,48
2025-11-21 00:00:00,126824300.0,30031994.24,126824300.0,30031994.24,1.11383375,0.915972,1.06881887,0.807393,1
2025-11-21 04:00:00,126679342.0,28856883.97388082,126264046.66666667,29570515.382741004,1.01436696,0.963843,0.95944926,0.901013,48
2025-11-21 08:00:00,131492594.0,29175483.39697826,130308285.375,29396221.61262238,0.9931771,0.986693,0.94695555,1.322077,48
2025-11-21 12:00:00,131211109.0,29775736.96537,132049610.20833333,29940434.724104643,1.01608498,0.955973,0.94825964,0.435089,48
2025-11-21 16:00:00,128656695.0,29632209.9924,129973899.27083333,30068118.88835518,1.03014457,1.006462,0.97100896,0.836928,48
2025-11-21 20:00:00,126083247.0,29178185.02074,126849596.75,29083909.608389128,1.0374613,0.981014,0.96240458,0.772851,48
2025-11-22 00:00:00,124856097.0,28907932.13841,124853937.61702128,28896248.974953093,1.04878049,0.992143,0.9958775,1.052051,47
2025-11-22 04:00:00,125254284.0,29040882.1185336,125123098.5,28783510.102291126,1.08494208,0.990781,1.02969097,0.915379,48
2025-11-22 08:00:00,126255733.0,29062511.74085478,125469727.25,28683202.031856447,1.10895326,0.994961,1.05176325,1.490474,48
2025-11-22 12:00:00,126021469.0,28683746.55909,126311519.8125,28817407.97286601,1.08929744,0.98617,1.08224101,1.681084,48
2025-11-22 16:00:00,126219802.0,28890450.47978,126038716.47916667,28864433.90943889,1.13452461,1.014088,1.11427339,1.738691,48
2025-11-22 20:00:00,124956913.0,28760083.09608,125991682.52083333,28802980.348437335,1.13207547,0.994213,1.1057837,1.01643,48
2025-11-23 00:00:00,124935843.0,28727747.73942,124935843.0,28727747.73942,1.13283884,0.993182,1.10917313,1.284065,1
2025-11-23 04:00:00,127717175.0,30140848.436555248,127772946.4375,30347782.366577968,1.12781186,1.008106,1.09969525,0.342919,48
2025-11-23 08:00:00,126082722.0,30036686.86206,126887713.70833333,30074140.591412216,1.14972337,1.032993,1.12651532,0.378001,48
2025-11-23 12:00:00,129317359.0,31479724.70137,127751059.02083333,30781331.759843465,1.22055675,1.001821,1.19819005,1.317924,48
2025-11-23 16:00:00,132157334.0,33036514.58406578,130158201.10416667,31943748.896113023,1.16268759,0.983676,1.12684677,1.754016,48
2025-11-23 20:00:00,132444301.0,32672684.61369,134098065.5,33440424.84538002,1.23950796,0.997003,1.20953032,1.053976,48
2025-11-24 00:00:00,131966487.0,32915081.18754,131821594.17021276,32706022.93266505,1.3508298,1.039469,1.30263158,0.817597,47
2025-11-24 04:00:00,133153621.0,32903728.433539633,132300760.33333333,32811196.02557594,1.40237624,1.0626,1.36664143,0.995051,48
2025-11-24 08:00:00,136689022.0,33405946.77108316,135115959.85416666,32972399.923256513,1.45495681,1.068714,1.3980834,0.693469,48
2025-11-24 12:00:00,137516206.0,33676343.68734,136543104.6875,33547805.503052402,1.50106157,1.069782,1.4602533,0.57592,48
2025-11-24 16:00:00,138117781.0,35301729.44128369,138135043.70833334,34677287.67796055,1.58423093,1.046171,1.59359331,0.84391,48
2025-11-24 20:00:00,138507759.0,35251842.43612512,138336660.9375,35507282.52050925,1.56740355,1.11766,1.59324439,0.207697,48
2025-11-25 00:00:00,138494370.0,35253874.8380952,138494370.0,35253874.8380952,1.56845754,1.117447,1.5905869,2.500727,1
2025-11-25 04:00:00,139652828.0,35062635.52596,139113795.64583334,35136952.34577077,1.60852373,1.12848,1.60797247,0.794829,48
2025-11-25 08:00:00,139709120.0,34635287.9392,139950977.83333334,34751116.69458015,1.63178808,1.081512,1.58582408,2.143429,48
2025-11-25 12:00:00,140068232.0,34275465.34499368,140513350.125,34633917.15888781,1.66430155,1.086818,1.5953462,1.263565,48
2025-11-25 16:00:00,137995167.0,34186490.747707285,139288768.6875,34517786.82150563,1.60060711,1.052936,1.55322129,0.872724,48
2025-11-25 20:00:00,134300273.0,33836587.14260471,136075433.1875,34161276.002473556,1.5563652,1.08765,1.55332957,0.818385,48
2025-11-26 00:00:00,134099077.0,33808882.28245836,134099077.0,33808882.28245836,1.54989293,1.087317,1.54489164,2.323777,1
2025-11-26 04:00:00,132981223.0,33725818.77137597,133290310.0625,33360172.34102204,1.58225668,1.099715,1.54198047,1.048057,48
2025-11-26 08:00:00,130908668.0,32719638.44250332,131545821.16666667,33222150.030110642,1.6010274,1.069294,1.57142857,2.679791,48
2025-11-26 12:00:00,130838421.0,32656042.61721102,130647046.5625,32601682.129364252,1.55945832,1.032163,1.53026568,1.498366,48
2025-11-26 16:00:00,127597149.0,33386915.614789713,129206182.58333333,33256563.537191674,1.54402382,1.013769,1.51663459,0.972683,48
2025-11-26 20:00:00,128668950.0,33299524.26,127655965.58333333,33155684.97237839,1.5255814,1.002484,1.49834983,0.676785,48
2025-11-27 00:00:00,128513633.0,33209207.90353,128513633.0,33209207.90353,1.53033517,1.004079,1.50330943,0.429924,1
2025-11-27 04:00:00,127255580.0,32789993.6557204,127560584.9375,32886035.42330129,1.56239389,1.010279,1.50684182,0.413803,48
2025-11-27 08:00:00,125598011.0,31824024.02718,126210488.60416667,32339969.317549508,1.63410379,1.037255,1.60227273,0.971834,48
2025-11-27 12:00:00,122467802.0,31077862.97153908,124126340.58333333,31306580.919103395,1.60307956,1.066632,1.5993841,2.647913,48
2025-11-27 16:00:00,122656730.0,31287278.6884,122456511.875,31147581.210995745,1.55611814,1.027424,1.53997809,1.593485,48
2025-11-27 20:00:00,120966120.0,30876602.13,122301979.04166667,31281197.59540308,1.53139293,1.022121,1.51774587,0.766613,48
2025-11-28 00:00:00,120751286.0,30534098.75534934,120656847.76595744,30537039.255280707,1.50864198,1.017514,1.47797063,0.648456,47
2025-11-28 04:00:00,122270749.0,31171565.36140614,121499925.6875,30778229.45871465,1.44462088,1.028729,1.40472522,1.210346,48
2025-11-28 08:00:00,122924179.0,31407127.7345,122697992.89583333,31698056.234270576,1.48375154,1.046932,1.45314164,1.544398,48
2025-11-28 12:00:00,124707099.0,32440057.66287,124044151.125,31977056.17644534,1.51174497,1.056367,1.48886475,1.80121,48
2025-11-28 16:00:00,126670459.0,32352302.781918928,125991516.97916667,32134806.32965015,1.54061023,1.065923,1.50637119,0.956165,48
2025-11-28 20:00:00,126452670.0,32031919.3102851,126347901.58333333,32073521.450143512,1.51172708,1.067702,1.47431694,0.943928,48
2025-11-29 00:00:00,125233335.0,31496183.7525,125812999.4893617,31757446.251665324,1.46774865,1.068295,1.46409287,0.452117,47
2025-11-29 04:00:00,123415906.0,31090935.03952,124695867.22916667,31458414.17103221,1.45605998,1.045247,1.42658465,1.650672,48
2025-11-29 08:00:00,121528276.0,31038343.56548968,122498112.02083333,30926891.237931047,1.41762295,1.022198,1.37823023,0.923982,48
2025-11-29 12:00:00,120076090.0,30642217.4071,120331652.47916667,30617572.808184024,1.46179541,1.014234,1.41031036,1.533245,48
2025-11-29 16:00:00,122332364.0,31115989.1274386,121402288.16666667,30977520.515326247,1.45620589,1.01018,1.40705882,0.53945,48
2025-11-29 20:00:00,123101583.0,31256737.71171996,122822499.97916667,31271029.03602523,1.42962659,1.021921,1.37204522,1.868893,48
2025-11-30 00:00:00,121620368.0,30806439.2144,122377018.44680852,31013808.39542668,1.34332425,0.983116,1.3554095,0.637993,47
2025-11-30 04:00:00,121247587.0,30722926.06993,121438098.14583333,30737797.6775718,1.32905983,0.972914,1.34494949,0.816787,48
2025-11-30 08:00:00,121496369.0,30460354.67199,121328854.83333333,30613405.34992042,1.31029186,0.967932,1.32450662,0.414587,48
2025-11-30 12:00:00,122147326.0,30848795.770604,122046907.75,30753165.9293614,1.27938415,0.937999,1.29672211,1.454518,48
2025-11-30 16:00:00,123009434.0,30886438.78306,122670210.20833333,30914707.551266465,1.25962596,0.914081,1.2868459,0.663837,48
2025-11-30 20:00:00,122126068.0,30374723.00507684,122743905.83333333,30754933.13736254,1.21352691,0.923442,1.23217593,0.811367,48
2025-12-01 00:00:00,125122099.0,29236400.01375304,123679358.87234043,29348673.79056364,1.20276498,0.935765,1.16853419,1.110982,47
2025-12-01 04:00:00,123958639.0,28687747.82377,123462124.47916667,28580161.887170773,1.20435685,0.917083,1.14876395,2.007022,48
2025-12-01 08:00:00,125055575.0,28860400.631845,125064566.25,29011500.410071034,1.12548638,0.913871,1.07531723,0.830972,48
2025-12-01 12:00:00,126810214.0,29623782.82824722,126279713.625,29190262.460169893,1.04889443,0.910124,0.9931386,1.141469,48
2025-12-01 16:00:00,127199720.0,29092906.2628704,127071125.6875,29057146.656084787,0.99731183,0.931591,0.94259536,1.215066,48
2025-12-01 20:00:00,126596526.0,29572948.4736,125993108.45833333,29374813.18281729,0.97611324,0.889385,0.94840157,0.307183,48
2025-12-02 00:00:00,127332117.0,29676119.96042892,127379334.80851063,29700103.08192952,0.95858851,0.878732,0.94778068,1.737624,47
2025-12-02 04:00:00,127373027.0,29572957.36929146,127319947.64583333,29687177.99686204,0.95504962,0.869789,0.93773234,0.965322,48
2025-12-02 08:00:00,127434149.0,30173967.39358814,127582572.125,29672335.0835131,0.97768644,0.858686,0.95302013,2.194407,48
2025-12-02 12:00:00,125799123.0,31555452.01332,127840139.60416667,30671249.05680156,0.9579043,0.842406,0.96905411,1.302133,48
2025-12-02 16:00:00,122170247.0,31116761.9109,123785603.52083333,31325191.187056124,1.01635735,0.834647,1.01984609,0.574258,48
2025-12-02 20:00:00,120830074.0,30730712.72042,121063567.95833333,31005782.961079165,1.13413816,0.836357,1.10482671,0.96059,48
2025-12-03 00:00:00,122778839.0,31121320.787354566,121531176.31914894,30921949.786271393,1.2830257,0.806598,1.18765488,1.166166,47
2025-12-03 04:00:00,122581908.0,31598187.26643324,123420659.22916667,31843741.3188407,1.3305754,0.786467,1.23943991,1.895408,48
2025-12-03 08:00:00,119890487.0,30715942.7694,121766815.72916667,31301349.758022856,1.49016325,0.770767,1.39937598,0.821658,48
2025-12-03 12:00:00,120247549.0,30984509.416736808,119376503.75,30484479.425927017,1.64064665,0.760425,1.56699824,0.913798,48
2025-12-03 16:00:00,121138765.0,31158764.374694552,120886225.33333333,31102279.00730398,1.68473139,0.775669,1.64184929,1.032582,48
2025-12-03 20:00:00,120653345.0,31205781.1508,120900305.64583333,31222840.34256223,1.70479355,0.785666,1.63536076,0.728891,48
2025-12-04 00:00:00,121403450.0,31211893.4024695,121316310.19148937,31177091.19647924,1.66500679,0.85261,1.55150825,2.348783,47
2025-12-04 04:00:00,121642639.0,30939805.22965,120662095.54166667,30825189.48454542,1.64659341,0.853526,1.56846822,1.53601,48
2025-12-04 08:00:00,118779094.0,30172265.45788,120416621.83333333,30598421.409187157,1.53117207,0.86665,1.42465753,2.774929,48
2025-12-04 12:00:00,117695703.0,29905600.12235562,118361873.89583333,29876530.32471235,1.4256513,0.890898,1.31751553,2.061146,48
2025-12-04 16:00:00,115091157.0,28993764.27144,116737970.4375,29460171.312361285,1.38227255,0.895226,1.29003168,2.144135,48
2025-12-04 20:00:00,116669654.0,29375686.3328381,115823295.95833333,29277351.044661324,1.35427039,0.905336,1.25838687,0.333067,48
2025-12-05 00:00:00,116615962.0,29358008.95935938,116615962.0,29358008.95935938,1.35673188,0.905723,1.26420048,0.200644,1
2025-12-05 04:00:00,117207333.0,29559951.92702592,117334738.91666667,29519082.500835244,1.32453826,0.919709,1.2180937,1.44892,48
2025-12-05 08:00:00,117348384.0,29231017.75479936,117276958.91666667,29307988.77815643,1.34036838,0.904497,1.21821146,0.88702,48
2025-12-05 12:00:00,118880243.0,29560512.764672127,117918221.72916667,29341592.90266115,1.25722649,0.873095,1.18321486,0.449972,48
2025-12-05 16:00:00,119281329.0,28874431.31103,119051529.0,28936559.323012736,1.27142857,0.887765,1.15603799,0.944544,48
2025-12-05 20:00:00,117455467.0,28141155.33853,117574435.41666667,28173376.145761162,1.19788107,0.894504,1.09169295,0.297875,48
2025-12-06 00:00:00,119566401.0,28858105.34534031,119240608.46808511,28599821.1852301,1.07369403,0.896423,1.00350195,1.128297,47
2025-12-06 04:00:00,120026023.0,28719688.753513552,119587474.625,28751382.966789976,1.06814678,0.915007,0.99980714,0.490021,48
2025-12-06 08:00:00,120757981.0,28951108.871467087,120589556.91666667,28800081.44487078,1.02879193,0.906507,0.96746607,0.576481,48
2025-12-06 12:00:00,121622450.0,29217361.1635,121147289.14583333,29123197.465479266,1.01435267,0.896077,0.95670519,0.647209,48
2025-12-06 16:00:00,122967476.0,29453169.85152,122649760.04166667,29547342.10268117,1.0037464,0.882921,0.94577123,0.36015,48
2025-12-06 20:00:00,122504954.0,29336261.33438,122615130.04166667,29413715.619228978,0.97468707,0.889607,0.92677425,0.556866,48
2025-12-07 00:00:00,122365280.0,29290577.0736,122365280.0,29290577.0736,0.97331109,0.888206,0.92577177,0.670908,1
2025-12-07 04:00:00,121994617.0,29303107.0034,122393109.35416667,29493675.42722298,0.9545821,0.890719,0.89884248,3.520949,48
2025-12-07 08:00:00,123096329.0,29479990.23863564,122674098.16666667,29460057.71360812,0.97039652,0.875114,0.91574843,2.075279,48
2025-12-07 12:00:00,122960248.0,28979602.01170712,122909782.29166667,29174258.674392033,1.01993446,0.840254,0.93917771,1.344892,48
2025-12-07 16:00:00,123282379.0,29847896.77969,123287387.08333333,29671584.669332076,1.00271739,0.847311,0.92908042,0.253832,48
2025-12-07 20:00:00,124209430.0,29381740.6665,123532091.33333333,29487814.951230165,0.97676304,0.812355,0.90847572,1.9084,48
2025-12-08 00:00:00,124949009.0,30104713.18293391,124850314.27659574,29948695.595277883,0.96029843,0.828963,0.89909639,1.465019,47
2025-12-08 04:00:00,126141217.0,30596813.59552,125312860.39583333,30345149.290403724,0.98207983,0.827912,0.9271985,0.719865,48
2025-12-08 08:00:00,126189053.0,30725650.111588594,126398519.875,30857381.39495191,0.99642857,0.829805,0.93458904,0.983631,48
2025-12-08 12:00:00,126566710.0,30745585.1932,126477586.625,30883521.917896014,0.98643035,0.837466,0.92873089,1.161459,48
2025-12-08 16:00:00,125039137.0,30266973.50222,126071586.79166667,30548977.614337984,1.01097664,0.852139,0.95191467,1.290736,48
2025-12-08 20:00:00,126879716.0,30542699.66224004,125608358.64583333,30404875.317538768,1.04300459,0.885344,0.9718982,0.70207,48
2025-12-09 00:00:00,126699119.0,30348957.09108354,127176892.27659574,30435703.608526595,1.00892359,0.874857,0.91662413,0.771046,47
2025-12-09 04:00:00,125604899.0,30171552.78879,126100403.04166667,30107432.12451437,1.0005466,0.866677,0.90819727,1.317589,48
2025-12-09 08:00:00,125067965.0,30021314.3186,125025469.35416667,29922784.52437429,0.99216004,0.870067,0.89674358,2.864909,48
2025-12-09 12:00:00,124349847.0,30984251.37699,124265038.75,30153578.32485069,0.96788124,0.875686,0.88943731,0.598003,48
2025-12-09 16:00:00,127296708.0,32557523.15105136,128041017.9375,32724981.803550243,0.91343842,0.905086,0.85413583,1.585644,48
2025-12-09 20:00:00,131750753.0,33375845.141714446,130828524.60416667,33204720.196589094,0.91695875,0.907727,0.83798424,1.421436,48
2025-12-10 00:00:00,131758957.0,33339937.31804395,131758957.0,33339937.31804395,0.92282697,0.909465,0.84330203,0.330609,1
2025-12-10 04:00:00,126041890.0,31617385.0123547,127133177.29166667,32011271.00175834,1.06202951,0.878894,0.94481757,2.193675,48
2025-12-10 08:00:00,125197544.0,31373252.55096,125626010.27083333,31527734.01280831,1.13692408,0.859069,1.00173277,1.695224,48
2025-12-10 12:00:00,127467917.0,31837043.409692552,125891420.10416667,31573810.12676273,1.38043478,0.878259,1.2223513,2.011888,48
2025-12-10 16:00:00,127874989.0,32512215.95325,127077712.85416667,31986619.064002663,1.39734063,0.872389,1.27483286,1.103403,48
2025-12-10 20:00:00,129851277.0,32448790.11803292,129097542.97916667,32622110.66907009,1.44815256,0.899931,1.2999515,0.515102,48
2025-12-11 00:00:00,126667769.0,30399091.61645906,127604472.0212766,31148765.552587677,1.52967848,0.80817,1.34796627,1.070393,47
2025-12-11 04:00:00,122630785.0,29486572.25325,123909327.10416667,29866992.572510913,1.38325991,0.812138,1.21306069,0.667701,48
2025-12-11 08:00:00,123093786.0,29915482.81158,123274871.5,29834744.324252293,1.3137666,0.82256,1.15954119,1.055628,48
2025-12-11 12:00:00,121815334.0,29238127.43006006,123084698.41666667,29819944.385389354,1.29823956,0.836978,1.15874663,0.781058,48
2025-12-11 16:00:00,121579523.0,29227717.3292,122024123.97916667,29356223.219176587,1.25903614,0.86562,1.13621665,0.752861,48
2025-12-11 20:00:00,118137994.0,29043044.44496,119639790.58333333,29289827.250941206,1.20203345,0.893857,1.07148484,0.678893,48
2025-12-12 00:00:00,118419109.0,29094390.89021,118419109.0,29094390.89021,1.20565046,0.893291,1.08005535,3.283328,1
2025-12-12 04:00:00,120872235.0,29555678.9022,120401823.79166667,29394664.613140803,1.22033333,0.883559,1.10094321,1.675206,48
2025-12-12 08:00:00,121947642.0,30055771.92856752,121294517.3125,29621750.70400722,1.18338762,0.85656,1.06868132,0.948988,48
2025-12-12 12:00:00,123853662.0,29354556.43062,123107677.70833333,30197092.16962334,1.22917364,0.821764,1.10895884,0.369818,48
2025-12-12 16:00:00,129586801.0,30576005.69595,127857096.10416667,30184723.76486337,1.17499215,0.806192,1.0413068,1.906987,48
2025-12-12 20:00:00,132929332.0,31708962.85528,131566320.5,31153713.2335102,1.12860971,0.826215,0.99324324,0.749029,48
2025-12-13 00:00:00,132688850.0,31753613.4475455,132856519.70212767,31708648.324159063,1.10040392,0.828223,0.98656195,2.114696,47
2025-12-13 04:00:00,131256133.0,31252085.2673,132246571.625,31599021.916104183,1.06553191,0.834251,0.97504765,1.594649,48
2025-12-13 08:00:00,131828703.0,31360465.18097697,131400632.5625,31396237.727354493,1.05959709,0.830278,0.96966081,0.567985,48
2025-12-13 12:00:00,132833821.0,31867515.095401727,132263823.9375,31533741.41661934,1.01983696,0.817955,0.91055195,0.2713,48
2025-12-13 16:00:00,132633945.0,31499235.59805,132495708.79166667,31569834.033837546,0.96901261,0.826333,0.88680445,1.090258,48
2025-12-13 20:00:00,133107828.0,31647934.15103964,132633755.75,31473550.590801854,0.94125192,0.809309,0.85248687,0.403976,48
2025-12-14 00:00:00,133093079.0,31625577.43198,133093079.0,31625577.43198,0.94123685,0.809819,0.85116566,0.566114,1
2025-12-14 04:00:00,133320705.0,31441021.86015,133362325.58333333,31497513.269516703,0.90190736,0.807039,0.83111983,1.588574,48
2025-12-14 08:00:00,134592218.0,31493233.08982,133838128.77083333,31495735.270231273,0.90834341,0.827607,0.8265819,0.854083,48
2025-12-14 12:00:00,135470049.0,31395591.62059749,134900374.89583334,31450215.606486704,0.9164453,0.83439,0.83991163,0.705565,48
2025-12-14 16:00:00,137117742.0,31419749.0081706,136243076.02083334,31366609.78579654,0.9108555,0.843698,0.82592862,0.947576,48
2025-12-14 20:00:00,139456836.0,31985500.54880556,138094830.47916666,31649457.609230563,0.88517647,0.841137,0.80494822,1.081893,48
2025-12-15 00:00:00,139059497.0,32259022.11406,138841705.74468085,32149025.031515177,0.85677809,0.828171,0.80066063,0.950739,47
2025-12-15 04:00:00,138025774.0,31850140.23988548,138349874.02083334,32114265.882625584,0.86992252,0.825034,0.81033734,0.942674,48
2025-12-15 08:00:00,137887552.0,31838235.7568,138758400.4375,32099977.259405117,0.87064327,0.819675,0.81975058,2.112738,48
2025-12-15 12:00:00,136860361.0,30296778.11457,137597776.58333334,31422949.516358584,0.87187942,0.822354,0.80610308,1.197285,48
2025-12-15 16:00:00,135821846.0,29810178.76008,136979789.41666666,29956993.683454614,0.88659298,0.822181,0.7976208,1.288905,48
2025-12-15 20:00:00,137637417.0,30315549.5012022,138034378.08333334,30251124.03591347,0.90847621,0.82675,0.83127878,0.705277,48
2025-12-16 00:00:00,139012118.0,30339948.02172964,139365366.38297874,30511273.665843602,0.90533397,0.861315,0.82609336,2.84774,47
2025-12-16 04:00:00,138725305.0,30107615.370537248,138944528.97916666,30273032.70135483,0.91019533,0.88006,0.83389582,3.181269,48
2025-12-16 08:00:00,136475308.0,30449005.96788,138307743.25,30267766.51307747,0.89010207,0.886633,0.82061404,0.96376,48
2025-12-16 12:00:00,134146088.0,29914833.84302808,135397757.20833334,29989836.680457223,0.88144948,0.886609,0.82283348,1.891254,48
2025-12-16 16:00:00,135018417.0,29812382.41669578,133944636.14583333,29591082.130216267,0.871801,0.929567,0.80772608,0.895355,48
2025-12-16 20:00:00,134899968.0,29619675.7038336,135149493.33333334,29661325.225477654,0.87327299,0.937282,0.81321251,1.719671,48
2025-12-17 00:00:00,135876018.0,29778588.10488,135338745.70212767,29630501.022163346,0.85687558,0.922975,0.7962509,3.021841,47
2025-12-17 04:00:00,135250521.0,29495122.5434817,135421925.02083334,29549137.597050115,0.86519493,0.914591,0.79178633,0.752862,48
2025-12-17 08:00:00,134893979.0,29263558.522493128,135171460.64583334,29252175.273933697,0.86589948,0.90877,0.78802635,0.761844,48
2025-12-17 12:00:00,134606012.0,29170468.86052,135362291.39583334,29539900.502956644,0.83749708,0.91412,0.78158427,0.943581,48
2025-12-17 16:00:00,134595202.0,28504571.87956,135070387.33333334,28571513.437247083,0.82984658,0.881862,0.75046369,0.902567,48
2025-12-17 20:00:00,135042760.0,28378910.5609484,134409710.0,28350316.097781673,0.85505539,0.909126,0.78308877,0.480504,48
2025-12-18 00:00:00,138855357.0,29297091.77343,137659869.08510637,29173745.467528738,0.81505576,0.806233,0.77268123,2.213989,47
2025-12-18 04:00:00,138518786.0,28900559.51104,138849797.125,29032782.46128668,0.81982193,0.821961,0.77092703,1.427816,48
2025-12-18 08:00:00,134963290.0,28585305.799974,136032186.02083334,28689438.576833636,0.84542212,0.822448,0.78069026,0.608043,48
2025-12-18 12:00:00,132898093.0,28808319.61961,133580615.41666667,28653666.793650884,0.85783955,0.806347,0.80101584,0.867825,48
2025-12-18 16:00:00,134710166.0,27451904.4428017,133484558.10416667,28038434.52464068,0.87120651,0.809246,0.79963653,0.89702,48
2025-12-18 20:00:00,133377482.0,27571829.09096014,133368500.0,27463370.844797615,0.89041438,0.768866,0.8178057,1.253298,48
2025-12-19 00:00:00,133775590.0,28333643.206882,135060867.14893618,27914186.98678125,0.82754403,0.800797,0.77934486,1.589214,47
2025-12-19 04:00:00,133469628.0,28732141.62388428,133723823.125,28330000.03477699,0.80493164,0.785072,0.77373707,0.968024,48
2025-12-19 08:00:00,132968944.0,28797761.01400496,132987408.66666667,28744071.764330056,0.8064438,0.804931,0.77799667,0.467164,48
2025-12-19 12:00:00,130492019.0,28425076.49877,132200717.29166667,28817007.308620516,0.81156944,0.836473,0.78888549,0.625307,48
2025-12-19 16:00:00,128097500.0,28293343.16625,130156682.9375,28496163.844418183,0.82296058,0.841112,0.8059841,0.73486,48
2025-12-19 20:00:00,125734641.0,27561560.13534579,126705398.77083333,27843549.890104026,0.82642358,0.840778,0.80131517,2.219712,48
2025-12-20 00:00:00,125695208.0,27561944.94331216,125695208.0,27561944.94331216,0.82617383,0.840157,0.80159724,1.595562,1
2025-12-20 04:00:00,123953519.0,27345385.82659,123943603.97916667,27240758.062580124,0.89948454,0.817367,0.8355221,1.647931,48
2025-12-20 08:00:00,126205259.0,27803018.5577,124087444.27083333,27522980.250358533,0.91410256,0.817554,0.85134271,1.757992,48
2025-12-20 12:00:00,126576959.0,27705164.78592,126671395.8125,27702418.188129485,0.9114249,0.81997,0.83536104,0.4993,48
2025-12-20 16:00:00,127009886.0,27715284.4596496,126484922.14583333,27680858.800367925,0.91230769,0.818835,0.84347826,1.90025,48
2025-12-20 20:00:00,126999902.0,27702488.62326,126975970.02083333,27723827.780492898,0.90045825,0.810384,0.83129316,1.268379,48
2025-12-21 00:00:00,127276869.0,27564571.70831337,127910344.85106383,27780486.637559228,0.8994158,0.808979,0.82584182,0.821356,47
2025-12-21 04:00:00,128270759.0,27746247.87929,127903546.5,27632969.126833305,0.88366275,0.819897,0.79719427,0.416563,48
2025-12-21 08:00:00,126610579.0,27504889.77859474,127089219.08333333,27687053.386419237,0.86085022,0.8083,0.79260158,0.705331,48
2025-12-21 12:00:00,127028293.0,27270545.72613784,126781901.10416667,27220935.5662951,0.85863354,0.786637,0.78978841,2.323286,48
2025-12-21 16:00:00,128381947.0,27694553.60684,127786919.64583333,27479627.36482717,0.85859841,0.770376,0.79532164,1.298397,48
2025-12-21 20:00:00,127604175.0,27616095.5535,127851614.91666667,27523066.978865806,0.86114555,0.773453,0.79652682,2.931984,48
2025-12-22 00:00:00,127613103.0,27616751.62023,127613103.0,27616751.62023,0.86153846,0.772967,0.79634184,2.838777,1
2025-12-22 04:00:00,129283643.0,28236546.993760392,128852426.85416667,28088797.415270746,0.86259921,0.795516,0.80235258,1.128991,48
2025-12-22 08:00:00,131505649.0,29093823.2138587,130782840.3125,28809245.820571963,0.85990578,0.781198,0.80924226,0.510711,48
2025-12-22 12:00:00,132412286.0,29647444.51436072,131807797.39583333,29474634.35716395,0.87581372,0.757601,0.82402628,1.809789,48
2025-12-22 16:00:00,131562820.0,28901720.2976,131040453.79166667,29241918.494844552,0.91280583,0.747648,0.84797024,0.704978,48
2025-12-22 20:00:00,129885304.0,28635527.2252112,130455294.375,28660877.939722043,0.94108152,0.746411,0.86591437,1.419995,48
2025-12-23 00:00:00,129894067.0,28626054.48546,129894067.0,28626054.48546,0.94209534,0.746408,0.86584758,0.717078,1
2025-12-23 04:00:00,139502225.0,30062729.4875,131043171.47916667,28515162.875118922,1.01592179,0.682072,0.94270833,1.558022,48
2025-12-23 08:00:00,138655541.0,30193372.70885374,139682720.6875,30176263.82777934,1.00055142,0.696024,0.92326098,0.213373,48
2025-12-23 12:00:00,133096772.0,28827429.84748,138429892.91666666,29962044.24520122,0.93903743,0.763785,0.85829759,3.341251,48
2025-12-23 16:00:00,133588092.0,28957890.70284,133549763.52083333,28980609.887445148,0.93074054,0.791577,0.85636544,0.955612,48
2025-12-23 20:00:00,133799306.0,29054519.2979,133318576.22916667,28942566.357396048,0.93880837,0.770585,0.87316911,0.544359,48
2025-12-24 00:00:00,133826958.0,29053898.15700942,133826958.0,29053898.15700942,0.94086022,0.770081,0.8742505,1.213065,1
2025-12-24 04:00:00,134782098.0,28856847.1818,135189647.66666666,28992545.82086877,0.9354067,0.766284,0.87533156,0.541732,48
2025-12-24 08:00:00,134014649.0,28749408.147496127,134437772.5,28774072.073488697,0.92996005,0.769383,0.86410003,0.937225,48
2025-12-24 12:00:00,132633173.0,28305245.44993,133083120.64583333,28497571.194032345,0.94206009,0.77802,0.86721582,0.749117,48
2025-12-24 16:00:00,134313341.0,28508006.62725,133901414.39583333,28428519.672774043,0.92484342,0.788525,0.8454168,0.240399,48
2025-12-24 20:00:00,133252050.0,28302735.42,133127456.39583333,28301430.750784393,0.88689725,0.796772,0.81795742,0.664206,48
2025-12-25 00:00:00,132922256.0,28491885.5736,133305006.85106383,28399749.96504865,0.86234216,0.768288,0.80516325,1.537046,47
2025-12-25 04:00:00,133896989.0,28684751.95347,133074233.5,28553230.500012804,0.86615726,0.76589,0.80991236,2.216237,48
2025-12-25 08:00:00,134941882.0,28752350.1756922,134208148.45833333,28614447.023583353,0.84403003,0.754565,0.78543891,3.384644,48
2025-12-25 12:00:00,135165217.0,29078093.13321,135330215.20833334,28775384.76736303,0.84259928,0.748944,0.77976802,0.678678,48
2025-12-25 16:00:00,132647714.0,28411889.47085698,132894900.625,28489699.805002447,0.84439083,0.768257,0.78444084,5.631311,48
2025-12-25 20:00:00,133142626.0,27893250.99865278,132858349.72916667,28213261.42622954,0.84835966,0.74375,0.78854494,1.146169,48
2025-12-26 00:00:00,132114746.0,28287088.26606,132796607.82978724,28087669.244849864,0.8526393,0.764346,0.80142058,0.525093,47
2025-12-26 04:00:00,132946632.0,28280407.55904,132409835.45833333,28323786.846667428,0.85058594,0.75924,0.80350665,1.082392,48
2025-12-26 08:00:00,131551013.0,28328195.13942,132176467.20833333,28363924.739251662,0.84416849,0.765441,0.79702076,2.30401,48
2025-12-26 12:00:00,131825251.0,27828310.4861,131478758.04166667,28232910.275109738,0.85577865,0.773361,0.805787,0.491244,48
2025-12-26 16:00:00,131071323.0,28111654.38246123,132213145.3125,28124382.475161243,0.8497321,0.778162,0.80214307,0.718319,48
2025-12-26 20:00:00,131025068.0,27974404.94378696,130997311.0,28051126.616893847,0.86824574,0.766805,0.83282067,1.031932,48
2025-12-27 00:00:00,131007093.0,27955603.57527,131007093.0,27955603.57527,0.87073653,0.767495,0.83335898,0.615577,1
2025-12-27 04:00:00,129533887.0,27571461.42335858,129912357.3125,27710794.53992708,0.876181,0.790198,0.83320451,1.148964,48
2025-12-27 08:00:00,128663070.0,27721745.0622,129024441.75,27606401.316338193,0.8639842,0.779984,0.81952344,0.725349,48
2025-12-27 12:00:00,128942394.0,27843820.56036,128955027.60416667,27794867.630938247,0.89401968,0.788134,0.83873481,0.983963,48
2025-12-27 16:00:00,128225626.0,27796751.20428,128650969.39583333,27771994.997890156,0.92622951,0.792693,0.87517798,0.609422,48
2025-12-27 20:00:00,127008182.0,28024355.3583,127484335.08333333,27886683.482814,0.91289825,0.812752,0.86221161,1.299863,48
2025-12-28 00:00:00,124724471.0,27765591.743187528,125312085.89361702,27839419.454845767,0.96071241,0.789574,0.89095616,1.320579,47
2025-12-28 04:00:00,123344667.0,27706226.75186148,123746940.8125,27600519.19286873,1.0254655,0.760958,0.91596361,0.717875,48
2025-12-28 08:00:00,126698867.0,28371417.55463265,125140387.79166667,27992933.69843273,1.09661556,0.760097,0.96280351,0.8063,48
2025-12-28 12:00:00,127978905.0,28431725.705980353,127690507.97916667,28424496.36574393,1.15661921,0.752756,1.00804577,0.996325,48
2025-12-28 16:00:00,128119728.0,28078719.58848,127790346.0,28268254.996314522,1.21460459,0.750807,1.06081209,0.83884,48
2025-12-28 20:00:00,127980114.0,28156904.88114,128182341.5,28079522.447904784,1.27564317,0.757791,1.11108911,0.513852,48
2025-12-29 00:00:00,126410867.0,28670844.2294956,127486627.68085106,28414674.321044352,1.248501,0.790063,1.12298061,1.266134,47
2025-12-29 04:00:00,126968481.0,28602184.63613076,126831349.47916667,28646511.726866264,1.27506775,0.770549,1.13800859,0.924215,48
2025-12-29 08:00:00,126035150.0,27810467.513866,126872393.70833333,28229993.314654123,1.31941545,0.754436,1.18374633,1.928797,48
2025-12-29 12:00:00,125587143.0,27477211.01697,125459459.125,27483007.479227457,1.34596317,0.742757,1.2083958,0.224986,48
2025-12-29 16:00:00,127247278.0,27611962.01091656,126146558.75,27516162.948541757,1.31970391,0.735313,1.18972501,0.349731,48
2025-12-29 20:00:00,125742351.0,27160347.816,125982911.27083333,27215220.30593178,1.28196386,0.752031,1.11949939,1.447794,48
2025-12-30 00:00:00,129559891.0,27784118.62495,126598595.87234043,27186030.59558201,1.20821394,0.726841,1.06289189,0.691435,47
2025-12-30 04:00:00,132578862.0,28417963.53200844,130929712.77083333,28017617.41363631,1.15327381,0.74308,1.03902176,0.605325,48
2025-12-30 08:00:00,135638690.0,28917042.906873,135147556.8125,28887355.187243324,1.11969222,0.753805,1.0195063,0.135553,48
2025-12-30 12:00:00,137244399.0,29363439.16605,136563907.02083334,29183978.25296685,1.05967302,0.788767,0.97040833,1.57313,48
2025-12-30 16:00:00,134614962.0,28423949.2263,134134907.10416667,28455901.426889997,1.03160094,0.795457,0.93999684,0.64632,48
2025-12-30 20:00:00,135557420.0,28545681.5036,134780269.02083334,28355656.260237094,0.99420071,0.774579,0.90057768,0.681238,48
2025-12-31 00:00:00,138967027.0,29055226.00516,137529549.85106382,28905828.924312953,0.9913302,0.788127,0.90031385,2.084378,47
2025-12-31 04:00:00,138506430.0,28874435.4621,138789116.5625,28938382.314867135,0.98487805,0.795739,0.89300412,0.54314,48
2025-12-31 08:00:00,140026465.0,29087834.8003857,138913771.85416666,28866840.357692223,0.98105417,0.819191,0.87820792,0.324948,48
2025-12-31 12:00:00,142383978.0,29180393.1464859,141165582.33333334,29214525.917244706,0.99050864,0.807081,0.89620846,0.769216,48
2025-12-31 16:00:00,146588667.0,29174076.50634,145261967.45833334,29076255.522661198,1.02788746,0.771591,0.91693763,1.444121,48
2025-12-31 20:00:00,145764271.0,29271176.88934154,146246888.625,29264112.24697575,0.99878079,0.770345,0.90929171,1.063524,48
2026-01-01 00:00:00,145783176.0,29269175.43837672,145783176.0,29269175.43837672,0.99926794,0.769626,0.90926499,2.102925,1
2026-01-01 04:00:00,146164195.0,29611404.26505,145684918.52083334,29514579.514828812,0.95189331,0.809565,0.88771776,2.763677,48
2026-01-01 08:00:00,146367500.0,29926299.05,146240514.72916666,29851833.272610236,0.95010742,0.807619,0.88612412,0.515834,48
2026-01-01 12:00:00,145313781.0,30005220.69570732,146583740.1875,30057909.659817364,0.91123702,0.829471,0.8546823,1.620883,48
2026-01-01 16:00:00,144122147.0,29726768.073816713,143885703.70833334,29775059.390095618,0.91358902,0.832443,0.86521294,1.297495,48
2026-01-01 20:00:00,143820595.0,29985155.85155,143905753.10416666,29876085.67426568,0.88532647,0.855367,0.83208741,0.809173,48
2026-01-02 00:00:00,149316769.0,31199476.08503656,145344359.34042552,30134498.207513954,0.93385122,0.89259,0.85337583,0.209408,47
2026-01-02 04:00:00,147436795.0,30353141.770702846,147267537.9375,30525895.95252539,0.92801694,0.866103,0.85181437,0.26555,48
2026-01-02 08:00:00,145881624.0,30578247.20664,146413224.4375,30642809.645238724,0.89571127,0.822026,0.81742381,1.625984,48
2026-01-02 12:00:00,145305618.0,30663844.56654,144123654.9375,30470874.004873607,0.90986717,0.845228,0.83737476,0.773919,48
2026-01-02 16:00:00,148352572.0,31961782.786397,146298572.10416666,31625625.308190327,0.84918033,0.877824,0.79145693,1.037121,48
2026-01-02 20:00:00,149843191.0,32752724.68878,149803369.6875,32584904.703277964,0.83888368,0.90179,0.78807088,0.476946,48
2026-01-03 00:00:00,143376184.0,32306731.87387296,145457105.17021278,32495418.67620199,0.89415176,0.94389,0.80241106,1.039613,47
2026-01-03 04:00:00,142411603.0,31092836.36404034,142625052.66666666,31878377.108395632,0.92268293,0.912257,0.81332346,1.269962,48
2026-01-03 08:00:00,140343483.0,30652435.559813127,141423182.83333334,30972795.926864993,0.95102247,0.930967,0.84660224,1.737536,48
2026-01-03 12:00:00,138481174.0,30361980.78175912,139166883.625,30560423.880584966,0.99553337,0.930756,0.88432244,1.546349,48
2026-01-03 16:00:00,139410696.0,30675338.44648896,139002554.16666666,30600373.58115809,1.01085805,0.930782,0.90450971,8.870366,48
2026-01-03 20:00:00,137204991.0,30463624.15173,138322450.1875,30494034.23832873,1.028403,0.905402,0.92594401,0.955366,48
2026-01-04 00:00:00,138674877.0,31629239.13566769,137229662.74468085,30945297.83976011,1.03514377,0.889328,0.92025932,2.491552,47
2026-01-04 04:00:00,139840380.0,32195450.6874,139461922.08333334,31958861.500158053,1.00627123,0.890389,0.9047619,0.422577,48
2026-01-04 08:00:00,141309730.0,33113109.0309,141705886.5625,32903453.175770525,1.05166445,0.897477,0.94866797,0.911097,48
2026-01-04 12:00:00,143016411.0,33580136.02934298,141120994.41666666,33022051.119118556,1.10442429,0.924857,0.98382037,2.870421,48
2026-01-04 16:00:00,141195507.0,32771108.654426727,142817196.375,33380920.304034304,1.20155262,0.950719,1.08011002,0.780369,48
2026-01-04 20:00:00,140829804.0,32741521.13196,141141364.91666666,32847352.63449422,1.2563101,0.974746,1.13272434,1.648983,48
2026-01-05 00:00:00,140225381.0,32889126.93029975,141013070.72340426,33046789.545288786,1.39792612,1.014392,1.25004869,0.610353,47
2026-01-05 04:00:00,139041295.0,32379936.7796,139575149.79166666,32377490.72283393,1.41742044,0.993992,1.3033224,1.317951,48
2026-01-05 08:00:00,139887483.0,32463688.17981,139755357.1875,32435852.836029705,1.42216179,0.996532,1.30990017,0.47183,48
2026-01-05 12:00:00,143407947.0,33917353.31363226,140961133.3125,32752941.963000476,1.38967136,0.969632,1.27337982,1.632349,48
2026-01-05 16:00:00,149817333.0,36242311.02603,145594098.08333334,34750804.78707151,1.4296875,1.004085,1.37895637,0.407898,48
2026-01-05 20:00:00,158592486.0,40069977.51276,158337200.8125,39362237.96412607,1.47042828,1.020172,1.41530875,0.549113,48
2026-01-06 00:00:00,158375853.0,40024580.85927288,158375853.0,40024580.85927288,1.48155738,1.015729,1.42681612,0.888776,1
2026-01-06 04:00:00,145797199.0,35819114.68487434,148532162.375,37175408.053467594,1.57910015,1.023174,1.4706688,0.673829,48
2026-01-06 08:00:00,143225443.0,35644242.43881387,143980518.04166666,35550362.889781795,1.61174312,1.048203,1.48263254,0.308315,48
2026-01-06 12:00:00,137421192.0,33703921.54992,140765481.0625,35193039.00865308,1.64101592,1.072168,1.51434669,0.561876,48
2026-01-06 16:00:00,126791456.0,30132164.49060928,129974331.39583333,31105488.29836319,1.75928144,1.085958,1.60094598,0.267867,48
2026-01-06 20:00:00,127136920.0,31025222.5876,127151883.20833333,30743320.12169166,1.68650331,1.093137,1.53013205,1.65535,48
2026-01-07 00:00:00,125898946.0,30264206.80330486,126067673.40425532,30267149.11529642,1.60307346,1.08535,1.45262425,0.999793,47
2026-01-07 04:00:00,126384130.0,30568529.5231,126174013.66666667,30312874.9865012,1.59102707,1.081928,1.45853546,0.69987,48
2026-01-07 08:00:00,130109261.0,30967283.092035633,128179655.375,30708004.653223354,1.59970183,1.049154,1.45686095,1.086013,48
2026-01-07 12:00:00,133901979.0,31316994.84852,131089026.10416667,31008056.13511425,1.53009427,1.017997,1.3761427,0.768539,48
2026-01-07 16:00:00,135985032.0,31963281.7716,134498313.10416666,31640416.881918017,1.58336414,1.034866,1.40546595,0.926739,48
2026-01-07 20:00:00,136826118.0,32023998.30438666,136950749.66666666,31986833.07660004,1.57826888,1.051575,1.39009769,1.15182,48
2026-01-08 00:00:00,135943478.0,31501543.2225934,136328101.85106382,31920266.632378183,1.57216495,1.056918,1.4305524,0.514636,47
2026-01-08 04:00:00,136556120.0,31381998.8073524,135168362.29166666,31322220.081095945,1.63335866,1.035062,1.43103053,0.788223,48
2026-01-08 08:00:00,139857901.0,31990303.28044133,138323964.39583334,31667616.42995833,1.44495251,1.022229,1.27357689,1.297386,48
2026-01-08 12:00:00,141563118.0,32677014.52794,141011523.02083334,32125565.048296075,1.48708752,1.035568,1.31395349,0.748863,48
2026-01-08 16:00:00,141887351.0,32667881.20264065,141957286.35416666,32890973.63429373,1.55900621,1.015984,1.34398977,0.715842,48
2026-01-08 20:00:00,142375103.0,32746273.69,142226983.58333334,32771259.174832627,1.56834005,1.025541,1.34474642,1.141972,48
2026-01-09 00:00:00,142773751.0,33048748.18502636,142673061.38297874,32862808.079347543,1.56229568,1.046591,1.35021277,0.402164,47
2026-01-09 04:00:00,143851341.0,33287752.69654944,143632988.08333334,33267044.73129606,1.58138686,1.021739,1.35808511,1.161788,48
2026-01-09 08:00:00,140430170.0,32034691.649111,141051461.85416666,32233929.512912694,1.53793599,1.018407,1.33473951,0.221904,48
2026-01-09 12:00:00,141175806.0,32268472.09545252,140312792.66666666,31986038.971804928,1.55703971,1.059079,1.34237288,1.204405,48
2026-01-09 16:00:00,140125714.0,31800129.53516,140953953.14583334,32320688.694316994,1.47780496,1.058539,1.27350953,0.782029,48
2026-01-09 20:00:00,141361537.0,32251255.81763084,140887542.58333334,32002278.67126895,1.39772347,1.089893,1.20939835,0.407341,48
2026-01-10 00:00:00,141440850.0,32273741.190006,141440850.0,32273741.190006,1.39785666,1.086208,1.21153089,0.737159,1
2026-01-10 04:00:00,141452548.0,32173382.0426,140790844.9375,31849136.665166646,1.37737083,1.106874,1.19733796,0.581405,48
2026-01-10 08:00:00,141186170.0,32147721.0012346,141633698.5,32182470.72431549,1.43046797,1.121787,1.26350953,0.611807,48
2026-01-10 12:00:00,139936463.0,31752982.81933,140582737.27083334,32052652.569304813,1.43364611,1.112085,1.24667969,0.927504,48
2026-01-10 16:00:00,139406342.0,31743703.72741802,139765151.97916666,31689824.04400536,1.38009198,1.10461,1.21698842,0.718092,48
2026-01-10 20:00:00,138954901.0,31478418.07054294,139038635.60416666,31525687.099625114,1.31242038,1.068229,1.18386669,0.683177,48
2026-01-11 00:00:00,138909094.0,31442073.4269,138909094.0,31442073.4269,1.31291866,1.067279,1.18460955,0.939738,1
2026-01-11 04:00:00,138290550.0,31550988.9825,138194083.72916666,31410758.874163818,1.27218935,1.049259,1.09933177,2.289966,48
2026-01-11 08:00:00,138178256.0,31357106.68050368,138087599.97916666,31469402.37487771,1.33301405,1.05783,1.16679035,1.019948,48
2026-01-11 12:00:00,137587937.0,30928392.35823,138267511.6875,31460975.27544507,1.34406888,1.053802,1.16948837,1.006355,48
2026-01-11 16:00:00,138651667.0,31256245.29181,138154180.5,31235662.096360747,1.24319474,1.033718,1.10070796,2.459961,48
2026-01-11 20:00:00,140116692.0,31460400.85476,139155788.22916666,31023295.532528806,1.22523585,1.008631,1.08496042,1.339282,48
2026-01-12 00:00:00,140820888.0,31857963.00417744,140499147.06382978,31761597.34829444,1.24695864,1.019234,1.10460705,0.459616,47
2026-01-12 04:00:00,142221588.0,31679821.74938712,141027588.47916666,31878866.781678215,1.21338912,1.056605,1.06181754,0.470226,48
2026-01-12 08:00:00,143222013.0,31490223.99831,142383257.66666666,31376319.300534006,1.26223565,1.049787,1.09651617,1.06099,48
2026-01-12 12:00:00,145525054.0,32502857.82283952,145135932.20833334,31844779.088532213,1.18226601,1.008166,1.03417482,1.572226,48
2026-01-12 16:00:00,145865693.0,32337124.474775366,145925817.41666666,32385073.663885165,1.1541762,0.985831,1.00488792,2.869921,48
2026-01-12 20:00:00,145880850.0,32005272.335454,145779429.1875,32076227.274241332,1.14045104,0.982931,1.00405817,0.760251,48
2026-01-13 00:00:00,146904168.0,32332138.33512,146378202.27659574,32188024.546425976,1.14969888,0.977978,1.01424936,1.144721,47
2026-01-13 04:00:00,148106362.0,32925612.71897358,147644125.89583334,32861035.403410282,1.13848768,0.973733,1.00586265,1.898525,48
2026-01-13 08:00:00,147237773.0,32988623.04065,148682822.64583334,33198937.36871925,1.15542857,0.988844,1.02631135,0.671816,48
2026-01-13 12:00:00,147435045.0,33746945.58796425,147439829.0625,33238440.7925791,1.13050896,0.995399,1.008104,1.130632,48
2026-01-13 16:00:00,146704545.0,34114337.4738465,146732981.10416666,33874155.53611866,1.16103669,0.975811,1.04037429,0.832356,48
2026-01-13 20:00:00,153816584.0,36591490.23255944,149899074.85416666,35285296.49186745,1.08032694,1.060555,0.98981151,1.909897,48
2026-01-14 00:00:00,153805513.0,36698562.94414297,153805513.0,36698562.94414297,1.08124118,1.063117,0.98963995,1.300009,1
2026-01-14 04:00:00,163111018.0,39712639.55246,158830673.625,38782235.46040897,1.12393788,1.18447,1.00331704,1.081913,48
2026-01-14 08:00:00,166198570.0,39678246.6018,165221354.45833334,40135448.680554844,1.20018651,1.179103,1.06208791,1.187655,48
2026-01-14 12:00:00,164590362.0,39500356.98987504,165461779.39583334,39736575.79814239,1.33164471,1.193229,1.19109051,0.548229,48
2026-01-14 16:00:00,160980062.0,38213447.11756,162849671.89583334,38911919.98084461,1.43799855,1.223348,1.26698502,0.334537,48
2026-01-14 20:00:00,160019887.0,37803877.40172969,161455601.45833334,38252848.05045246,1.48279731,1.20422,1.32586051,3.352391,48
2026-01-15 00:00:00,159980369.0,37764965.90614,159980369.0,37764965.90614,1.48390719,1.203186,1.32917423,1.636157,1
2026-01-15 04:00:00,152287353.0,35228098.84088097,152507941.22916666,35196152.97812758,1.49520295,1.177772,1.31772208,1.063615,48
2026-01-15 08:00:00,151201275.0,34922958.48675,151551966.52083334,35058472.043833904,1.43564356,1.183738,1.30127389,1.081332,48
2026-01-15 12:00:00,148781406.0,33812062.32756,150642050.22916666,34851751.33922077,1.43912738,1.126799,1.27849168,1.082539,48
2026-01-15 16:00:00,147827158.0,33460677.2133,148610980.29166666,33978461.634846,1.44636556,1.1303,1.27050209,0.602264,48
2026-01-15 20:00:00,149481787.0,34142076.63761804,148117238.25,33582770.77265555,1.37449118,1.155487,1.22520325,0.56165,48
2026-01-16 00:00:00,149993607.0,34093546.8711,149763968.9574468,34144246.80903482,1.32614466,1.15536,1.19040032,2.615304,47
2026-01-16 04:00:00,150455348.0,34293287.46964,150449860.47916666,34193101.12587844,1.34327369,1.168084,1.20261438,1.709728,48
2026-01-16 08:00:00,151322221.0,34079577.00940758,151648503.4375,34351620.54219376,1.35110234,1.233562,1.21587991,1.671635,48
2026-01-16 12:00:00,148742133.0,32970086.00581488,150886331.04166666,33830933.2104611,1.31998698,1.212812,1.1932443,1.348795,48
2026-01-16 16:00:00,150901584.0,33657089.29536,150124550.375,33334578.823341027,1.28044972,1.209452,1.14360216,1.843808,48
2026-01-16 20:00:00,151113564.0,34189443.855,151604251.54166666,34304949.16925245,1.25230769,1.203672,1.13374142,0.86475,48
2026-01-17 00:00:00,150323205.0,33827684.7972291,150850228.42553192,34063862.38098487,1.22849381,1.198948,1.08408354,0.793631,47
2026-01-17 04:00:00,150789051.0,34000544.009822674,150788333.0625,33955158.50731183,1.22725908,1.183819,1.07889126,1.14784,48
2026-01-17 08:00:00,150897181.0,34252391.04170779,151064273.04166666,34277234.5112771,1.20802597,1.169132,1.07397645,3.023584,48
2026-01-17 12:00:00,150814058.0,34965468.68746362,151038841.33333334,34536961.948105924,1.24134845,1.160234,1.12292359,0.859285,48
2026-01-17 16:00:00,148812817.0,34938582.70591936,149247161.4375,34693732.91038666,1.20479042,1.132783,1.10827465,0.867118,48
2026-01-17 20:00:00,147671580.0,34029438.8952,147899929.29166666,34392084.52092421,1.11341713,1.1182,1.03362084,2.611859,48
2026-01-18 00:00:00,145171577.0,33294664.218503233,146485479.0,33616256.32464918,1.20316869,1.131085,1.09620773,0.738757,47
2026-01-18 04:00:00,144175548.0,32825888.76864,144774492.77083334,33018558.590115834,1.2375,1.142282,1.13656558,1.08279,48
2026-01-18 08:00:00,147080407.0,33318124.59771,145258161.8125,32963168.605661083,1.19811912,1.145444,1.12379854,4.876297,48
2026-01-18 12:00:00,148646303.0,33348375.92254948,147388803.0625,33204764.95108928,1.21698698,1.153554,1.13261445,0.925335,48
2026-01-18 16:00:00,149706093.0,33797825.70593067,149410318.20833334,33715797.302831,1.1669686,1.173912,1.09270181,0.46571,48
2026-01-18 20:00:00,146693180.0,31968844.7174,149850481.52083334,33744395.31871749,1.14482346,1.135,1.05444283,1.203413,48
2026-01-19 00:00:00,145306580.0,31168759.8115694,145413318.76595744,30890469.9892993,1.08486439,0.972874,0.96307907,1.88851,47
2026-01-19 04:00:00,149831388.0,31980011.45472,148144832.47916666,31751425.14314126,1.05720824,0.971592,0.94285714,0.897585,48
2026-01-19 08:00:00,146303873.0,31398274.18453,147415230.66666666,31597116.07725075,1.06076093,0.977047,0.94366197,0.809808,48
2026-01-19 12:00:00,145669849.0,31539066.4088994,145819193.54166666,31310086.94678462,1.03148509,0.976488,0.9321481,0.488619,48
2026-01-19 16:00:00,145009319.0,31722238.62444,145470496.89583334,31686851.755287647,1.06708357,0.973541,0.98955526,0.831172,48
2026-01-19 20:00:00,143121279.0,30826392.790546287,144111149.10416666,31297455.78900684,1.07241379,0.989233,0.98120874,0.480921,48
2026-01-20 00:00:00,143643460.0,30800030.6932,143350883.59574467,30845749.638199437,1.04638741,0.981686,0.96157718,0.516333,47
2026-01-20 04:00:00,143924315.0,30717179.3392448,143911074.02083334,30897583.48588631,0.98692098,0.980586,0.9070258,1.331863,48
2026-01-20 08:00:00,142618534.0,30130457.18734138,142646353.72916666,30224945.61663227,1.02448635,0.985315,0.93170167,1.266605,48
2026-01-20 12:00:00,143451493.0,30228178.93779608,143305590.60416666,30327079.97419226,1.04220963,1.005053,0.94241874,0.647221,48
2026-01-20 16:00:00,142466626.0,29749880.84132,142284791.52083334,29818089.004147787,1.04051773,0.94666,0.93822901,0.576974,48
2026-01-20 20:00:00,143781967.0,29781301.454989072,142980158.79166666,29758202.362894222,1.03811659,0.973407,0.93034258,0.674032,48
2026-01-21 00:00:00,142267726.0,30114442.6538007,143255940.4893617,30302193.61478981,1.05064716,0.962769,0.95693044,0.788516,47
2026-01-21 04:00:00,143018266.0,30439316.95721522,142838245.125,30460539.094265986,1.05049365,0.932457,0.964494,2.038594,48
2026-01-21 08:00:00,142240072.0,30033070.90953416,142989466.27083334,30367856.310973734,1.05341331,0.92379,0.96065292,0.580328,48
2026-01-21 12:00:00,140329945.0,30120364.66612145,141340242.27083334,29876363.06456132,1.07967667,0.951149,0.97272099,0.754638,48
2026-01-21 16:00:00,139299197.0,29897313.0348402,139180405.64583334,29085542.851511482,1.0372549,0.974167,0.95918716,0.693691,48
2026-01-21 20:00:00,139667546.0,29616503.1293,138561439.4375,29750977.432542007,1.11062077,0.962886,1.01718582,0.717032,48
2026-01-22 00:00:00,137802209.0,29390495.09816061,138170449.19148937,29618172.73103871,1.11674528,0.987088,1.01096137,1.024064,47
2026-01-22 04:00:00,141371773.0,30447238.75101,138873312.875,29782420.295731753,1.10868925,0.959995,1.00752688,1.451235,48
2026-01-22 08:00:00,141400292.0,30204516.37412,141662362.1875,30468371.838950843,1.13896376,0.961158,1.03673395,1.091299,48
2026-01-22 12:00:00,141771057.0,30022856.74089,141956254.04166666,30159094.44939789,1.10949555,0.930828,1.02408759,1.313261,48
2026-01-22 16:00:00,139871008.0,29810707.93504,139909362.14583334,29758493.69264282,1.14311815,0.964286,1.04637248,2.776561,48
2026-01-22 20:00:00,139370252.0,29460083.86776,139586505.45833334,29552353.95374004,1.14376706,0.983409,1.04408482,0.511054,48
2026-01-23 00:00:00,138738872.0,29532085.32107096,138903465.17021278,29530040.655174553,1.16554878,0.952418,1.0526997,0.180045,47
2026-01-23 04:00:00,136576664.0,28816310.33736,137527445.3125,29154878.46059087,1.17059891,0.919639,1.06246605,0.617609,48
2026-01-23 08:00:00,138869110.0,29298639.5450775,137869047.79166666,28948713.354486912,1.05753196,0.895187,0.96495053,0.593069,48
2026-01-23 12:00:00,139297845.0,29651443.5448989,138925190.70833334,29271531.59690856,1.04710145,0.874449,0.94686717,1.337489,48
2026-01-23 16:00:00,135407390.0,28686055.5715,137016315.91666666,29490506.48185688,1.08787093,0.85312,0.97180193,1.126767,48
2026-01-23 20:00:00,134699863.0,28573881.93819,135003957.625,28621980.11026488,1.06622706,0.847996,0.95906132,1.57697,48
2026-01-24 00:00:00,134918881.0,28610659.098440632,134918881.0,28610659.098440632,1.07581436,0.844983,0.96831956,1.838042,1
2026-01-24 04:00:00,136310204.0,28751798.19225068,135831628.22916666,28672565.782041196,1.06056298,0.833673,0.96083773,1.973263,48
2026-01-24 08:00:00,136189610.0,28809550.0994,136187847.6875,28719856.065146405,1.05459198,0.855532,0.95450673,0.863712,48
2026-01-24 12:00:00,137564382.0,29037089.75256,136764907.47916666,28948560.99015483,1.04497878,0.897035,0.95016159,0.891886,48
2026-01-24 16:00:00,138794712.0,29259313.23672,138340255.5625,29242554.28529769,1.03564412,0.938178,0.93902644,0.524623,48
2026-01-24 20:00:00,139535119.0,29529063.7443274,139232011.6875,29525424.39604457,1.01189817,0.954501,0.91988674,0.836748,48
2026-01-25 00:00:00,139814609.0,29379874.35305659,140304573.55319148,29545183.515632275,1.01351724,0.971964,0.91307961,0.621956,47
2026-01-25 04:00:00,139924373.0,29321635.101236846,139791293.64583334,29349935.548755843,1.0227525,0.963006,0.91180867,3.294937,48
2026-01-25 08:00:00,142085514.0,29816417.7760776,141305809.58333334,29687936.148828324,1.0107854,1.013254,0.91313771,0.174968,48
2026-01-25 12:00:00,144548682.0,29980842.13362,143487025.72916666,29969936.34811159,1.02335279,1.049143,0.91540635,0.641149,48
2026-01-25 16:00:00,149656847.0,30112561.93779984,146429307.20833334,29854252.590251934,0.97946667,1.082846,0.86699507,0.952221,48
2026-01-25 20:00:00,150602266.0,30582074.74767522,150028975.52083334,30384809.70589043,0.98417806,1.084679,0.87899616,0.511266,48
2026-01-26 00:00:00,150642600.0,30604550.616,150642600.0,30604550.616,0.9836505,1.085494,0.87889439,1.621126,1
2026-01-26 04:00:00,149120527.0,30963016.40737304,149100039.6875,30885551.011732582,0.95618694,1.062818,0.85798628,1.172806,48
2026-01-26 08:00:00,148447856.0,30721853.83896704,148801161.5625,30812881.493325785,0.97745572,1.067625,0.86928,1.049549,48
2026-01-26 12:00:00,146808753.0,30644859.10122,148033283.625,30863393.825773943,0.98954608,1.076933,0.897474,1.061171,48
2026-01-26 16:00:00,147026020.0,30303532.9822,147098452.875,30553899.905803192,1.00413565,1.10702,0.90996042,0.211569,48
2026-01-26 20:00:00,146892670.0,30465451.622398,147012688.54166666,30358941.791695803,0.96678275,1.116721,0.87046798,2.384732,48
2026-01-27 00:00:00,146786161.0,30414092.5592,146786161.0,30414092.5592,0.96651487,1.116017,0.87104506,1.236706,1
2026-01-27 04:00:00,145953416.0,30120406.45992,146118221.70833334,30275187.553953033,0.98130841,1.136617,0.87683004,0.361984,48
2026-01-27 08:00:00,145769941.0,30072681.387661353,145675703.04166666,29942812.045061603,0.96013638,1.127333,0.86580019,0.466002,48
2026-01-27 12:00:00,146952538.0,30292796.18332,146397570.79166666,30068866.108627364,0.95327103,1.132536,0.85758514,0.806312,48
2026-01-27 16:00:00,146097575.0,30099022.4015,146025002.89583334,30055818.163202833,0.96068732,1.148541,0.8598479,0.830018,48
2026-01-27 20:00:00,146916568.0,30605659.44576,146121795.1875,30493006.60597085,0.95738046,1.150216,0.86882692,0.801236,48
2026-01-28 00:00:00,145727805.0,30259231.830424648,146078041.85106382,30363957.80426363,0.97308597,1.14787,0.86893431,0.602637,47
2026-01-28 04:00:00,145304876.0,30317862.3774,145518419.5625,30305507.093633916,0.97612802,1.147268,0.86570184,0.483017,48
2026-01-28 08:00:00,146267082.0,30976458.71533902,146262623.6875,30682526.745722,0.98300584,1.163186,0.87805262,1.483641,48
2026-01-28 12:00:00,144955007.0,30230366.70985,145707696.79166666,30656605.672494676,0.99945843,1.163394,0.89828057,0.908007,48
2026-01-28 16:00:00,145328391.0,30376673.98893972,144842290.16666666,30194697.04856978,1.0183763,1.175403,0.90490053,2.229234,48
2026-01-28 20:00:00,145736455.0,30631188.3289973,146039646.1875,30595920.039432485,1.01881051,1.172873,0.89962522,1.029833,48
2026-01-29 00:00:00,146263879.0,30763719.69867854,146263879.0,30763719.69867854,1.02105846,1.175478,0.91286511,0.694851,1
2026-01-29 04:00:00,145685527.0,30059912.49254448,145941610.04166666,30112238.51490779,1.08634707,1.16415,0.96870794,0.980404,48
2026-01-29 08:00:00,145849517.0,29737258.02113,145816738.83333334,29886334.266406164,1.09386486,1.157593,0.98120874,1.934251,48
2026-01-29 12:00:00,145605438.0,28706112.1017,145466959.5,29437163.88674064,1.03430962,1.111593,0.90094262,1.409678,48
2026-01-29 16:00:00,143928028.0,28464646.09756,145741361.41666666,28822614.652199984,0.96594749,1.173303,0.84267575,4.066012,48
2026-01-29 20:00:00,143520706.0,28554318.49979954,143444255.97916666,28480891.714040082,0.97439876,1.182829,0.86117137,0.580112,48
2026-01-30 00:00:00,143614265.0,28521030.43725285,143614265.0,28521030.43725285,0.98105864,1.184235,0.86361521,1.93179,1
2026-01-30 04:00:00,146184382.0,28406549.11024,145916954.47916666,28310613.55888757,0.93177291,1.189383,0.83540844,1.233525,48
2026-01-30 08:00:00,146485138.0,28630589.07011486,146621802.0625,28301174.16494663,0.90294544,1.176164,0.8176427,1.924792,48
2026-01-30 12:00:00,148891212.0,28969763.11884,147849278.3125,28628623.126030136,0.88552189,1.143518,0.80787378,0.91466,48
2026-01-30 16:00:00,148934558.0,29079672.02180772,149228811.39583334,28819898.99117459,0.90882135,1.178452,0.80508475,1.153649,48
2026-01-30 20:00:00,152366940.0,29210922.7689114,150971675.1875,28977564.80802615,0.89342073,1.185268,0.79812207,1.934271,48
2026-01-31 00:00:00,152386905.0,29221712.9028,152386905.0,29221712.9028,0.8920165,1.184808,0.79800499,1.229889,1
2026-01-31 04:00:00,152491062.0,28752189.7401,152151804.27083334,28976867.8882688,0.90306122,1.154745,0.79824176,1.75574,48
2026-01-31 08:00:00,149624137.0,27819526.0179278,150964127.1875,28141853.823578607,0.89174886,1.088082,0.79589161,1.261775,48
2026-01-31 12:00:00,142665989.0,25672463.668551672,147850048.35416666,26926408.367941055,0.88399413,0.894962,0.76446523,1.543188,48
2026-01-31 16:00:00,140202320.0,24507571.6334104,141311467.16666666,24707345.245606203,0.86985789,0.825396,0.74386435,1.732926,48
2026-01-31 20:00:00,144903452.0,26192747.98352,143124781.54166666,25261331.949308038,0.88660578,0.75386,0.76775956,0.799299,48
2026-02-01 00:00:00,146942522.0,26515591.47789706,146430668.0425532,26421586.037966277,0.93217256,0.756633,0.79915599,0.936439,47
2026-02-01 04:00:00,146911165.0,26683905.34866345,146761668.8125,26537333.60560654,0.9325105,0.770412,0.79248856,0.886529,48
2026-02-01 08:00:00,147082997.0,26208928.09328574,146476967.83333334,26422484.23354374,0.94951665,0.767993,0.82820388,0.799024,48
2026-02-01 12:00:00,146984400.0,25515021.996,146627479.29166666,25869042.64940777,0.98624862,0.794889,0.84718543,1.82627,48
2026-02-01 16:00:00,145326723.0,25439442.86115,146227146.35416666,25512520.54364079,0.94035568,0.766488,0.81551952,1.665503,48
2026-02-01 20:00:00,145736143.0,25470412.09949439,145787496.58333334,25573407.50172849,0.95898004,0.781084,0.83056534,1.076769,48
2026-02-02 00:00:00,146520173.0,25359711.54284,146337897.74468085,25682501.134962037,1.03127666,0.804796,0.886605,0.697629,47
2026-02-02 04:00:00,148839553.0,26013919.580913313,148022498.20833334,25535465.850121677,0.95948181,0.798097,0.83464304,0.812076,48
2026-02-02 08:00:00,151120776.0,26807314.45464,150193859.625,26476744.46651778,0.99212155,0.805048,0.85540541,1.333694,48
2026-02-02 12:00:00,146806847.0,26754046.031705193,148418583.33333334,26819338.306888003,0.97430104,0.831633,0.85777626,1.028953,48
2026-02-02 16:00:00,146320616.0,26366233.15767688,145956363.72916666,26507578.408590984,0.9902968,0.851731,0.8709789,0.55002,48
2026-02-02 20:00:00,146283756.0,26134105.002546,146401058.375,26224074.335163146,1.01255108,0.885524,0.88145684,0.47905,48
2026-02-03 00:00:00,146375241.0,26142680.983953632,146375241.0,26142680.983953632,1.01461988,0.884879,0.88306452,2.381745,1
2026-02-03 04:00:00,142217502.0,25293382.7307,143113329.64583334,25376697.445796907,1.06066121,0.874235,0.92658367,1.000537,48
2026-02-03 08:00:00,141261958.0,24855646.11128024,141690732.85416666,25043708.780012067,1.07227813,0.863289,0.92892381,0.178085,48
2026-02-03 12:00:00,146999088.0,26240732.22934512,143891606.83333334,25359491.948680926,1.01946903,0.853289,0.87807033,0.941235,48
2026-02-03 16:00:00,148172157.0,26014807.8627255,146865103.39583334,25441746.124667812,1.01511111,0.842945,0.86604471,1.881975,48
2026-02-03 20:00:00,151652024.0,26577017.206,150434829.33333334,26718988.12251273,1.02910291,0.825343,0.8852841,2.102258,48
2026-02-04 00:00:00,151610988.0,26625257.65643256,151610988.0,26625257.65643256,1.02788606,0.825993,0.88294255,1.252234,1
2026-02-04 04:00:00,149306006.0,26507583.75601178,149830014.89583334,26490545.473089594,1.06874427,0.876719,0.89809955,1.687828,48
2026-02-04 08:00:00,149322402.0,26194205.94036894,149439867.64583334,26395318.46253154,1.06242387,0.870233,0.91417638,1.423599,48
2026-02-04 12:00:00,152481107.0,25836970.57423125,151853065.60416666,26188220.787133787,1.08892922,0.891115,0.93974382,1.396392,48
2026-02-04 16:00:00,154287101.0,26751840.44239,152808054.39583334,25950556.952256132,1.03037594,0.882829,0.88461538,1.445077,48
2026-02-04 20:00:00,158636651.0,27214633.048165753,155570467.29166666,26748293.453128975,1.06854345,0.858307,0.91949846,1.61302,48
2026-02-05 00:00:00,158497332.0,27141083.13168,158497332.0,27141083.13168,1.06731946,0.857701,0.92243263,0.797618,1
2026-02-05 04:00:00,169635702.0,27855878.62542,167033884.33333334,27591005.911581,1.08730632,0.903763,0.92710545,2.588496,48
2026-02-05 08:00:00,172864718.0,27528706.3415,171519398.8125,27836683.376036003,1.09731343,0.871163,0.92034465,1.046395,48
2026-02-05 12:00:00,177112025.0,27542691.00775,174107855.60416666,27635416.67234619,1.07422236,0.898111,0.89321088,0.876108,48
2026-02-05 16:00:00,182196420.0,27240186.7542,180113465.3125,27467849.564626154,1.05083714,0.861816,0.86623194,0.992382,48
2026-02-05 20:00:00,188490058.0,27681945.84727106,187745812.4375,27635521.212245043,0.99846861,0.842417,0.83676392,0.730772,48
2026-02-06 00:00:00,181357768.0,27405396.69965712,184584790.65957448,27681797.583252806,0.94653404,0.798341,0.79102308,0.719347,47
2026-02-06 04:00:00,178780945.0,27198556.5936819,179642783.5,27635607.431909233,0.96528873,0.785057,0.81628122,0.529826,48
2026-02-06 08:00:00,180323009.0,28415139.27074199,179848060.33333334,27809534.590501457,0.98942308,0.697248,0.84434406,1.067049,48
2026-02-06 12:00:00,172735781.0,28465129.35099,178020750.52083334,28618933.84057775,0.97480867,0.641128,0.85228341,0.454853,48
2026-02-06 16:00:00,169004442.0,27699828.0438,170430031.95833334,28352868.8336037,0.99287795,0.666697,0.87780549,0.664436,48
2026-02-06 20:00:00,165276249.0,27063985.77375,167201537.91666666,27306318.00661521,0.99639108,0.675045,0.89584965,0.820269,48
2026-02-07 00:00:00,165052677.0,26922050.79397599,165256333.8723404,26858289.8644944,1.03799141,0.678992,0.8837715,0.874326,47
2026-02-07 04:00:00,166816978.0,26505549.63442,165491175.3125,26800057.99584089,1.01640927,0.645138,0.88144531,0.759611,48
2026-02-07 08:00:00,170113284.0,26615924.41464,168024736.39583334,26535960.924104284,1.04090314,0.660451,0.88777908,0.790507,48
2026-02-07 12:00:00,168832616.0,26957503.79672,169513941.8125,27001422.940568928,1.00846079,0.645024,0.85503016,0.756931,48
2026-02-07 16:00:00,168079227.0,27158241.49866,169154993.72916666,27396921.74591207,1.01274926,0.640391,0.8603877,0.521864,48
2026-02-07 20:00:00,166580032.0,26960978.1792,167080522.5625,27029328.05819385,0.98287007,0.622489,0.84402956,0.714066,48
2026-02-08 00:00:00,166529625.0,26935529.035286248,166529625.0,26935529.035286248,0.98254122,0.622021,0.84110334,0.814778,1
2026-02-08 04:00:00,165041886.0,26465141.44141374,164882320.625,26416981.918614622,1.00747238,0.618957,0.85386262,1.561804,48
2026-02-08 08:00:00,163575714.0,26800683.36467352,163562543.41666666,26565273.40915874,0.99675851,0.598663,0.8474279,1.32053,48
2026-02-08 12:00:00,162997773.0,26340221.69978418,163489650.66666666,26695060.63336593,1.01572224,0.591108,0.88335987,2.124266,48
2026-02-08 16:00:00,161618386.0,26413839.09412468,161666144.8125,26097239.880717736,0.98826597,0.591107,0.84874115,1.812913,48
2026-02-08 20:00:00,161977829.0,26198318.359134354,161817852.125,26199358.913270537,1.00132188,0.591611,0.87210939,0.54746,48
2026-02-09 00:00:00,161860393.0,26127456.0799421,161860393.0,26127456.0799421,1.00231635,0.591397,0.87447109,0.703362,1
2026-02-09 04:00:00,161361579.0,25867842.4571742,162151379.35416666,26209482.160423514,1.07047216,0.581091,0.93491626,0.668464,48
2026-02-09 08:00:00,159603256.0,25038166.17727024,159970412.52083334,25310526.397779733,1.1053203,0.574421,0.94580004,0.797028,48
2026-02-09 12:00:00,160012744.0,25450026.9332,159699070.27083334,25212892.64282297,1.10212154,0.582665,0.93599317,1.693494,48
2026-02-09 16:00:00,158576659.0,25565728.96398,158657052.3125,25461130.87923716,1.12078346,0.595127,0.94398118,0.910045,48
2026-02-09 20:00:00,159187208.0,25387672.59592896,158332334.66666666,25432982.224984225,1.11131124,0.5989,0.94590581,0.264828,48
2026-02-10 00:00:00,159184680.0,25386772.7664,159184680.0,25386772.7664,1.11391492,0.599311,0.94819533,0.744673,1
2026-02-10 04:00:00,159004890.0,24908116.0185,158982477.72916666,25118044.74685372,1.05694444,0.591948,0.90698636,2.027695,48
2026-02-10 08:00:00,159633129.0,24847932.547857206,158978324.16666666,24932003.995660126,1.05368204,0.601693,0.91620342,0.727156,48
2026-02-10 12:00:00,163768052.0,26178323.1122,161467661.95833334,25245563.065866098,0.98876033,0.575344,0.8653426,0.697479,48
2026-02-10 16:00:00,164942158.0,25913081.0375399,164103554.91666666,25913991.911166955,0.99076517,0.560943,0.87748608,0.757302,48
2026-02-10 20:00:00,166419299.0,26351182.948380888,165928261.625,26147927.13925889,0.98847547,0.558186,0.87878185,1.360042,48
2026-02-11 00:00:00,166323993.0,26352373.45092,166323993.0,26352373.45092,0.98716261,0.557427,0.87800995,1.789065,1
2026-02-11 04:00:00,163991559.0,25305304.60127622,163910317.75,25422152.54205657,1.02893125,0.587992,0.90390947,0.381854,48
2026-02-11 08:00:00,164602657.0,25347163.15143,164061320.41666666,25172694.935120437,1.00674764,0.599602,0.88743616,0.980841,48
2026-02-11 12:00:00,162899078.0,24680914.24135588,163087061.64583334,25016606.200213168,1.03898769,0.578592,0.9107069,0.696345,48
2026-02-11 16:00:00,162474485.0,25009697.47605,163239674.08333334,24960801.72325985,0.99242923,0.585491,0.87806825,0.444801,48
2026-02-11 20:00:00,163491785.0,25251665.875177,163073407.14583334,25284517.71300387,0.97778504,0.583168,0.86966872,1.125517,48
2026-02-12 00:00:00,162877227.0,25478295.00404826,163238155.0212766,25478248.18227734,0.99085565,0.586692,0.87544554,1.661691,47
2026-02-12 04:00:00,163087211.0,25867331.03333862,163032162.89583334,25648290.745988477,1.01303476,0.591806,0.88940185,2.391708,48
2026-02-12 08:00:00,162790855.0,26090602.65653995,162752447.35416666,25982858.978852436,1.05363854,0.605828,0.92767619,0.556915,48
2026-02-12 12:00:00,162654451.0,26166315.87195158,162769674.25,26186580.158697397,1.03664384,0.589336,0.91456872,0.495903,48
2026-02-12 16:00:00,161911760.0,25321862.6434448,161574799.08333334,25379387.03517821,1.12065217,0.567593,0.98996728,0.681291,48
2026-02-12 20:00:00,164522516.0,25711578.80048,163909273.16666666,25459431.601154048,1.09552557,0.59888,0.97050652,0.871378,48
2026-02-13 00:00:00,166383632.0,25944199.73776,165945967.85106382,25821927.03158646,1.03585927,0.607431,0.914186,0.489936,47
2026-02-13 04:00:00,167109446.0,26028283.83132586,166645268.08333334,25879032.08451739,1.00865225,0.596324,0.88374424,1.684895,48
2026-02-13 08:00:00,166659190.0,26297153.5901,166930519.95833334,26231311.352706637,0.99373558,0.582031,0.88257652,2.211746,48
2026-02-13 12:00:00,165424066.0,26715986.659,166209703.02083334,26399108.390721563,1.0049636,0.578884,0.88138978,1.566066,48
2026-02-13 16:00:00,164934950.0,27159838.2165,164246838.52083334,27047752.91475307,1.02319417,0.567439,0.90556222,1.947052,48
2026-02-13 20:00:00,162998435.0,26819762.4949,163582274.02083334,27008675.08718669,1.06156463,0.561889,0.93521357,0.507071,48
2026-02-14 00:00:00,161199468.0,26840354.60787732,161650184.38297874,26812785.833824955,1.19519301,0.570997,1.00192308,0.306485,47
2026-02-14 04:00:00,159542633.0,26582993.51046,159919786.79166666,26568597.816916347,1.24687618,0.561942,1.0436904,1.411411,48
2026-02-14 08:00:00,156481965.0,26619982.6798431,157760466.41666666,26749519.70194621,1.40359128,0.545456,1.16938272,1.230617,48
2026-02-14 12:00:00,155176552.0,26549032.1404384,156126648.5,26522764.596078355,1.47363718,0.541242,1.24679403,1.156498,48
2026-02-14 16:00:00,156163116.0,27517502.67036,155399411.08333334,26968944.371839073,1.49363636,0.525535,1.26545357,1.010449,48
2026-02-14 20:00:00,156419047.0,27277917.60633,156389177.04166666,27280694.41096562,1.53351826,0.533563,1.31662996,0.345788,48
2026-02-15 00:00:00,154666258.0,27200464.98294932,155735403.08510637,27271764.3171418,1.61038961,0.542259,1.36770653,1.447404,47
2026-02-15 04:00:00,153378830.0,27959426.9207,153849441.1875,27534312.969184462,1.66731803,0.537558,1.46789267,0.864087,48
2026-02-15 08:00:00,153850146.0,27079621.13239362,154340079.41666666,27526647.94186878,1.65718489,0.529839,1.50570459,0.437027,48
2026-02-15 12:00:00,153815330.0,26554678.5712,153880775.47916666,26608569.64191639,1.68817204,0.524695,1.52831912,0.484804,48
2026-02-15 16:00:00,152896357.0,25686587.976,153476301.0,26125728.987472918,1.78733265,0.545358,1.57481061,0.556605,48
2026-02-15 20:00:00,152633039.0,25996459.20248,152856046.35416666,25808056.932145476,1.77777778,0.536556,1.58007004,1.052904,48
2026-02-16 00:00:00,153234432.0,25874452.11506688,152639006.80851063,25937361.50960302,1.72717842,0.532382,1.53312,1.659977,47
2026-02-16 04:00:00,154257918.0,25965923.73594564,153606718.75,25925044.41131194,1.6377025,0.532184,1.44746377,0.583428,48
2026-02-16 08:00:00,154144828.0,26063333.15210348,154262563.1875,26109970.2199879,1.56187767,0.519621,1.40346753,1.726019,48
2026-02-16 12:00:00,156420474.0,26122219.158,154921367.66666666,26216525.635933314,1.54494118,0.500498,1.38646922,0.702403,48
2026-02-16 16:00:00,154733012.0,25981220.04492,155899008.0625,26184973.944109935,1.48296229,0.502499,1.31432545,1.143391,48
2026-02-16 20:00:00,154662761.0,26267923.32824,154859265.625,26148539.20402166,1.41250543,0.50253,1.26176471,0.772714,48
2026-02-17 00:00:00,154363210.0,25956173.7615,154214378.31914893,26111313.67415784,1.41037736,0.508411,1.23145246,1.810586,47
2026-02-17 04:00:00,155394145.0,25998994.39995,154744260.27083334,25947344.446197856,1.32373225,0.507778,1.17595601,2.249379,48
2026-02-17 08:00:00,155447188.0,25752655.8310216,155165489.14583334,25743195.04876634,1.26995305,0.511028,1.12196879,1.31867,48
2026-02-17 12:00:00,156946633.0,25963681.49719,156604770.27083334,25961639.373213347,1.21145873,0.499122,1.06812933,0.864171,48
2026-02-17 16:00:00,154916696.0,25821810.78016936,155816893.02083334,25990621.66765554,1.22586799,0.501144,1.09550694,0.663059,48
2026-02-17 20:00:00,157136154.0,26020994.42022234,155956957.41666666,25944353.620738,1.231591,0.492407,1.10138141,3.405907,48
2026-02-18 00:00:00,158177147.0,26315080.95333914,157268141.70212767,26052796.568623405,1.20261194,0.47707,1.06663634,0.607143,47
2026-02-18 04:00:00,156783824.0,26498034.09424,158277888.375,26414879.70900679,1.17592933,0.484067,1.04570014,0.718748,48
2026-02-18 08:00:00,155758217.0,25881402.13925932,155022896.58333334,25998284.197214577,1.20007438,0.482395,1.06894198,1.27823,48
2026-02-18 12:00:00,155298586.0,26071526.61768,155656185.77083334,25791023.877095286,1.164594,0.488319,1.02853321,0.659515,48
2026-02-18 16:00:00,155908630.0,25249910.8906338,155491728.75,25479726.72171997,1.19324926,0.486463,1.05250057,0.971302,48
2026-02-18 20:00:00,155248802.0,25077977.05963622,155529044.1875,25118249.374034803,1.15893314,0.499647,1.02365164,0.690268,48
2026-02-19 00:00:00,158141679.0,25572066.15301008,156532672.65957448,25253507.063146587,1.11017247,0.503849,0.98735263,1.024631,47
2026-02-19 04:00:00,159001587.0,25689851.43124086,158559018.75,25522436.589170575,1.07874282,0.50714,0.95686999,1.524763,48
2026-02-19 08:00:00,160132040.0,25505831.3312,159194951.83333334,25501410.57069546,1.01996073,0.512786,0.90446872,1.272959,48
2026-02-19 12:00:00,162044391.0,25665767.08885866,161904837.33333334,25679632.10386082,0.95543616,0.516188,0.85532653,1.217551,48
2026-02-19 16:00:00,162803860.0,25929770.7822,162591956.1875,25835807.429321576,0.92610837,0.526524,0.82951558,1.474069,48
2026-02-19 20:00:00,162899110.0,25850459.7659,162727967.66666666,25875309.308832873,0.96085741,0.537708,0.87274111,1.424163,48
2026-02-20 00:00:00,162880244.0,26060516.53711688,163017962.80851063,26106534.78175543,0.94291755,0.527089,0.8467518,2.290107,47
2026-02-20 04:00:00,162742412.0,26167352.42548,163153806.08333334,26169556.42892061,0.92533733,0.516244,0.83724771,1.401795,48
2026-02-20 08:00:00,163958753.0,26428511.39607,162892337.54166666,26298600.655010447,0.91958146,0.510525,0.82746672,4.348666,48
2026-02-20 12:00:00,164240696.0,26682543.47216,164090358.10416666,26318660.05704226,0.89345238,0.504881,0.81206708,1.23298,48
2026-02-20 16:00:00,164410898.0,26564085.81224536,164106501.52083334,26661913.99022771,0.9376909,0.522245,0.84766859,0.870105,48
2026-02-20 20:00:00,165202513.0,26866884.68919,164917858.35416666,26701082.084269524,0.91213768,0.519946,0.82716276,0.534739,48
2026-02-21 00:00:00,165087260.0,26676952.2086704,165413547.9787234,26808047.427636445,0.93264563,0.532453,0.84002949,1.082942,47
2026-02-21 04:00:00,165303663.0,26719684.08732,165254750.625,26738121.55899914,0.91858725,0.534557,0.82488647,1.044195,48
2026-02-21 08:00:00,164699244.0,26807343.27033492,165284269.8125,26902416.347984295,0.92489527,0.537481,0.8330917,0.642927,48
2026-02-21 12:00:00,164533268.0,26888683.14429932,164442827.22916666,26841241.135153145,0.91626937,0.530288,0.81456241,1.088675,48
2026-02-21 16:00:00,164675543.0,26866208.83445176,165049177.95833334,26790854.70771745,0.89466005,0.529738,0.79117029,0.350416,48
2026-02-21 20:00:00,164486813.0,26480732.02487,164815742.54166666,26667651.96056514,0.91936924,0.52452,0.81993914,0.449483,48
2026-02-22 00:00:00,167795824.0,26194606.08464,166287338.68085107,26333742.733848967,0.96134987,0.531143,0.84335904,1.006857,47
2026-02-22 04:00:00,172959266.0,26954217.61559772,171047272.97916666,26592359.751773868,0.9250342,0.535773,0.82535533,1.460011,48
2026-02-22 08:00:00,168629010.0,26385381.1947,170688249.41666666,26677501.98432916,0.88186886,0.567404,0.77533386,0.848292,48
2026-02-22 12:00:00,167027377.0,25737248.52193,166875482.1875,25845707.566386137,0.86437141,0.577973,0.77228953,0.75443,48
2026-02-22 16:00:00,160609823.0,24912189.64553,163678769.0,25326561.25035214,0.82608696,0.577662,0.73520577,0.930535,48
2026-02-22 20:00:00,159949328.0,24788017.54784432,160218133.16666666,24814930.42311555,0.82857864,0.579,0.73477024,2.056504,48
2026-02-23 00:00:00,161960161.0,24428451.08363,160720343.85106382,24338536.976310853,0.80427673,0.548994,0.7056536,0.79455,47
2026-02-23 04:00:00,161042222.0,24682894.66369562,161955080.75,24578765.683378976,0.80852693,0.566261,0.71246973,0.89674,48
2026-02-23 08:00:00,161412807.0,25146339.789723,160629105.3125,24817977.53684291,0.79540764,0.564822,0.68120346,0.776488,48
2026-02-23 12:00:00,161896447.0,24780648.89973007,161267570.33333334,25055997.86553519,0.80564263,0.576069,0.68293056,1.284344,48
2026-02-23 16:00:00,162086036.0,24377978.08087292,162267821.5625,24508149.18680118,0.84685864,0.635588,0.73198268,1.793998,48
2026-02-23 20:00:00,161259344.0,24388463.26338688,161534112.625,24477130.29637629,0.81971091,0.617147,0.70694488,1.408795,48
2026-02-24 00:00:00,161305330.0,24394201.8297934,161305330.0,24394201.8297934,0.8213628,0.61666,0.70811906,2.189774,1
2026-02-24 04:00:00,162216776.0,24175388.36426312,162278353.45833334,24239140.978115007,0.77904907,0.593678,0.68814235,1.002484,48
2026-02-24 08:00:00,163965894.0,24450594.11328,163132170.77083334,24363230.806124162,0.7814871,0.603505,0.68844754,0.421837,48
2026-02-24 12:00:00,165491816.0,24857532.730464,164391561.35416666,24533720.100617796,0.80516492,0.623953,0.70464585,0.544161,48
2026-02-24 16:00:00,165398012.0,24910594.58732,165880969.54166666,24961785.622832004,0.79923567,0.634268,0.6881121,0.95993,48
2026-02-24 20:00:00,163962366.0,24526417.0936479,164886205.5625,24766051.152378257,0.79720102,0.638739,0.68334836,1.045967,48
2026-02-25 00:00:00,166724917.0,25517248.54685,165453310.42553192,25272092.447681006,0.77752525,0.700254,0.67529731,0.868984,47
2026-02-25 04:00:00,166524571.0,25419975.76315,166713263.89583334,25378220.970295742,0.78045075,0.66599,0.67783311,1.399041,48
2026-02-25 08:00:00,166336443.0,25740564.55425,166360265.72916666,25606469.55863339,0.78424396,0.668508,0.68166038,3.832523,48
2026-02-25 12:00:00,167755551.0,27110343.83623824,166757131.33333334,26400133.598312203,0.818542,0.698007,0.69770329,0.745189,48
2026-02-25 16:00:00,164381685.0,27224894.6697,167369262.22916666,27659242.120818596,0.86815021,0.644846,0.75405273,2.009619,48
2026-02-25 20:00:00,169216564.0,27492615.15308,166349741.66666666,27699137.315476593,0.9348715,0.658453,0.79647984,2.007182,48
2026-02-26 00:00:00,165853112.0,27067227.8784,166590507.44680852,27154759.047245648,1.02966625,0.69323,0.84659498,0.434253,47
2026-02-26 04:00:00,165166575.0,26839165.431057,165682826.04166666,27055277.051610325,1.02455919,0.707499,0.83738796,0.895366,48
2026-02-26 08:00:00,163951554.0,26786404.89252,165259756.97916666,27088387.61930059,1.08009383,0.696017,0.89915637,1.640464,48
2026-02-26 12:00:00,160121093.0,25938015.85507,161622467.14583334,26379551.192808334,1.26086957,0.664094,1.04616088,0.928767,48
2026-02-26 16:00:00,157591327.0,25405297.82567,158852813.625,25443042.966175888,1.30011909,0.661863,1.07683433,0.785571,48
2026-02-26 20:00:00,155367151.0,25162988.77610273,155706323.04166666,25184598.756346617,1.24467673,0.695467,1.04442925,1.177415,48
2026-02-27 00:00:00,154525783.0,25149523.94379419,154923965.1276596,25065821.899270397,1.31348089,0.699694,1.10856597,1.478727,47
2026-02-27 04:00:00,155089477.0,25749505.86631,154961266.95833334,25541080.711648222,1.32142857,0.6746,1.12972842,3.435229,48
2026-02-27 08:00:00,152234621.0,24307301.93507,153969601.8125,25203774.455901656,1.45723963,0.677021,1.23124844,0.692117,48
2026-02-27 12:00:00,149074332.0,23834597.51600136,150355443.22916666,23896105.185701642,1.29160247,0.670559,1.10499886,0.98586,48
2026-02-27 16:00:00,151036346.0,23783341.48993382,151219377.10416666,23884675.838131238,1.21917808,0.698689,1.04802632,1.192265,48
2026-02-27 20:00:00,149260554.0,23694390.52641864,149631954.91666666,23593126.740222633,1.19681621,0.698472,1.04175635,2.10865,48
2026-02-28 00:00:00,148814857.0,23545125.05443749,149261610.5106383,23710665.408448987,1.19985518,0.705523,1.05200433,2.48128,47
2026-02-28 04:00:00,144213963.0,21946480.88934,146286430.91666666,22741759.750043154,1.24651504,0.6544,1.07102642,0.556769,48
2026-02-28 08:00:00,150022632.0,22322033.94040152,149161846.875,22224943.47232087,1.0652725,0.676559,0.91563786,0.427678,48
2026-02-28 12:00:00,149357461.0,22633238.32339218,150079729.3125,22558147.245278563,0.98984165,0.668356,0.8679279,0.446967,48
2026-02-28 16:00:00,150749789.0,23426547.3605578,151526690.91666666,23083015.95120105,0.91515506,0.713493,0.80453109,1.000226,48
2026-02-28 20:00:00,149240325.0,23723242.062,150987959.60416666,23809367.690114886,0.87702546,0.740164,0.77445179,0.307245,48
2026-03-01 00:00:00,147263165.0,23834543.25525,147926413.34042552,23831272.789710786,0.88528389,0.710817,0.77358821,0.463493,47
2026-03-01 04:00:00,147691012.0,23733945.6284,147512523.875,23765674.06049553,0.89650103,0.693793,0.78296362,0.478185,48
2026-03-01 08:00:00,144741044.0,22768433.47741284,146922620.625,23277979.449574783,0.96283887,0.637637,0.83090113,1.068943,48
2026-03-01 12:00:00,145636197.0,23093531.75829,144939957.70833334,22835560.9984901,0.93612469,0.629935,0.81238549,0.398343,48
2026-03-01 16:00:00,144492613.0,22280760.9246,144868873.70833334,22615170.024819136,0.93380761,0.622584,0.80971886,0.953922,48
2026-03-01 20:00:00,146441565.0,22558926.23160885,145550583.27083334,22353428.075083684,0.99042027,0.646062,0.86330935,0.510644,48
2026-03-02 00:00:00,148921990.0,23270550.1574,148115116.34042552,23023454.58370154,0.93053458,0.647586,0.80770616,0.911784,47
2026-03-02 04:00:00,149546316.0,22862453.857185,149408026.89583334,23079350.32304958,0.91067217,0.656846,0.79946903,0.425665,48
2026-03-02 08:00:00,149979683.0,23000666.714339647,149480969.60416666,22942052.68251786,0.88882488,0.662252,0.7670834,0.687442,48
2026-03-02 12:00:00,151324627.0,24180162.14833,150724571.54166666,23351668.45728965,0.83544304,0.634127,0.7413442,1.123264,48
2026-03-02 16:00:00,152530894.0,24131542.08966758,152024269.08333334,24155049.620225485,0.84813017,0.661841,0.74623803,1.903078,48
2026-03-02 20:00:00,153612038.0,23895888.63128,153053384.625,24036095.703269754,0.88125728,0.693117,0.77250608,0.370771,48
2026-03-03 00:00:00,153545972.0,23894824.16264,153545972.0,23894824.16264,0.88107008,0.691908,0.77231678,1.988583,1
2026-03-03 04:00:00,154823512.0,23597202.63562272,153600411.9375,23388146.183483858,0.84783799,0.710769,0.71825077,1.138107,48
2026-03-03 08:00:00,156498953.0,23578132.25898,155771134.8125,23427737.308085024,0.83614458,0.689329,0.72073074,1.164076,48
2026-03-03 12:00:00,158414396.0,23770165.66357384,157442829.5625,23635609.99373467,0.83598726,0.65883,0.73108979,0.932518,48
2026-03-03 16:00:00,157884051.0,23924283.92454672,157618727.375,23941604.129516315,0.82194672,0.663007,0.7177041,0.788734,48
2026-03-03 20:00:00,158746058.0,24032565.72062,158207421.25,23875213.739815384,0.81233664,0.664407,0.71034696,0.568248,48
2026-03-04 00:00:00,158760797.0,24042735.09768,158760797.0,24042735.09768,0.80997129,0.66278,0.70803033,1.694399,1
2026-03-04 04:00:00,159139303.0,24082550.72299,159387385.45833334,23976829.915058497,0.79835602,0.620204,0.70724992,0.652843,48
2026-03-04 08:00:00,158095457.0,24432071.92478,159070377.97916666,24626092.75669339,0.7746114,0.624296,0.6837963,1.169507,48
2026-03-04 12:00:00,159746123.0,25453368.95785474,157711481.95833334,24471979.866262894,0.77366903,0.673351,0.67224287,3.389091,48
2026-03-04 16:00:00,160765095.0,26479263.50659005,158921320.5,25583616.57115553,0.8165536,0.717878,0.70643517,0.695636,48
2026-03-04 20:00:00,154584034.0,24666974.30538,159599100.70833334,25873263.17926983,0.83632349,0.635873,0.72682847,0.224353,48
2026-03-05 00:00:00,149656328.0,23663658.58336,151763756.5319149,24080922.205286782,0.87489362,0.667825,0.73214879,0.640835,47
2026-03-05 04:00:00,147235613.0,23131848.5165201,148774599.66666666,23620171.969709706,0.88956522,0.647088,0.75209151,0.757908,48
2026-03-05 08:00:00,147424553.0,23486078.75331442,147240861.75,23415778.917331804,0.92151597,0.67574,0.78098592,0.75477,48
2026-03-05 12:00:00,148046522.0,23277354.65406,147077251.1875,23361151.22009489,0.98155674,0.668606,0.85481116,1.94713,48
2026-03-05 16:00:00,148307523.0,23214821.28260295,147927739.0625,23011175.827712115,0.99015082,0.673748,0.8759762,0.341888,48
2026-03-05 20:00:00,150180782.0,23535959.70670064,148863737.25,23443985.761152208,0.94158807,0.699689,0.81751288,1.199632,48
2026-03-06 00:00:00,150133801.0,23820228.86666,149864161.38297874,23701013.723831553,0.93361754,0.665167,0.83311724,1.487107,47
2026-03-06 04:00:00,149948804.0,23860933.3238688,149762246.875,23634815.65413019,0.9337809,0.640501,0.82602285,0.675427,48
2026-03-06 08:00:00,147129404.0,23055201.14750464,148380697.0,23436707.062350567,0.96297449,0.61485,0.84341172,0.439105,48
2026-03-06 12:00:00,146429491.0,22170889.23231,146106425.16666666,22572777.392951727,0.98840403,0.60068,0.86927273,1.078777,48
2026-03-06 16:00:00,148554791.0,22486986.80017097,147734135.4375,22361817.06529748,0.95943145,0.621692,0.84334614,0.786182,48
2026-03-06 20:00:00,152673052.0,23230065.93781328,149787085.29166666,22720828.986091007,0.9140825,0.678543,0.802883,0.469521,48
2026-03-07 00:00:00,152625855.0,23228128.87245,152625855.0,23228128.87245,0.91327836,0.678473,0.80638119,1.024627,1
2026-03-07 04:00:00,150102312.0,22779526.86912,152874105.375,23218912.761682015,0.91890365,0.635086,0.83659689,3.481878,48
2026-03-07 08:00:00,149167214.0,22664078.6604036,149371482.04166666,22685072.497141372,0.91779279,0.649968,0.83495798,1.528843,48
2026-03-07 12:00:00,149761714.0,22553245.5104588,149526213.29166666,22597194.587522667,0.9057971,0.645454,0.81854305,1.116768,48
2026-03-07 16:00:00,153812951.0,22993498.04499,152338733.91666666,22922038.06874478,0.87394039,0.661995,0.79048238,0.7138,48
2026-03-07 20:00:00,153931917.0,23133573.483790647,153663124.66666666,23063411.95914209,0.85055004,0.643105,0.76191233,2.013528,48
2026-03-08 00:00:00,155301783.0,23115117.38172,154467588.1276596,23092733.9394405,0.84953146,0.638116,0.76366534,0.825209,47
2026-03-08 04:00:00,156615436.0,23452445.80845748,156282512.08333334,23283584.943615213,0.8561864,0.628096,0.77653094,0.406479,48
2026-03-08 08:00:00,157852851.0,23691027.85810449,157499148.33333334,23694641.28000338,0.84144683,0.630101,0.75328894,0.761039,48
2026-03-08 12:00:00,157668797.0,23440620.04999,157739790.08333334,23551950.04319386,0.83774298,0.606522,0.74519539,0.948958,48
2026-03-08 16:00:00,157858809.0,23638152.18503733,157741863.5,23448469.09273741,0.82765051,0.597679,0.72614564,0.495872,48
2026-03-08 20:00:00,158907865.0,23579351.26950835,158235184.10416666,23575440.3028478,0.78442496,0.578512,0.69217791,0.820604,48
2026-03-09 00:00:00,157728538.0,23643507.8462,158509312.10638297,23672599.537191376,0.79078744,0.571666,0.70268601,0.717395,47
2026-03-09 04:00:00,162152171.0,24174190.48397456,160612336.14583334,24131867.904555272,0.816077,0.582446,0.7235962,0.683313,48
2026-03-09 08:00:00,164391645.0,24570892.5670791,163685641.64583334,24436834.693114717,0.79207921,0.599548,0.70190851,2.061049,48
2026-03-09 12:00:00,163510037.0,24709636.79144,163400903.3125,24691622.909541696,0.79758541,0.596556,0.71130541,0.524943,48
2026-03-09 16:00:00,164285999.0,24987857.73354026,164280169.70833334,24834175.61470456,0.79471913,0.601993,0.71505959,2.211811,48
2026-03-09 20:00:00,164519951.0,24759490.89812687,164436771.66666666,24946033.33721702,0.80388044,0.596986,0.72331086,0.838976,48
2026-03-10 00:00:00,163508197.0,24629292.03673304,163508197.0,24629292.03673304,0.80982401,0.579909,0.74113924,0.179439,1
2026-03-10 04:00:00,160914555.0,25076924.2512,161611464.625,25031008.330211382,0.84302639,0.595722,0.74043977,1.367742,48
2026-03-10 08:00:00,163719805.0,26296675.0791,162654237.95833334,26036675.146514386,0.83811802,0.572494,0.70734651,1.607654,48
2026-03-10 12:00:00,162186450.0,26697511.5345,163833804.64583334,26565024.460803047,0.85270049,0.581173,0.7094886,1.053321,48
2026-03-10 16:00:00,161462815.0,25893140.946405552,161327432.58333334,26325054.685098115,0.89081112,0.582607,0.75394117,0.737529,48
2026-03-10 20:00:00,160757100.0,25452671.643,161925776.33333334,25885767.23034145,0.95744681,0.618849,0.80588745,0.22895,48
2026-03-11 00:00:00,159130400.0,24901775.25264,158713311.5106383,24986758.420257933,1.08403931,0.650024,0.95261141,2.079374,47
2026-03-11 04:00:00,155315215.0,24240295.66254615,156591638.125,24525991.252396133,1.22314361,0.652835,1.10904072,3.148723,48
2026-03-11 08:00:00,152606890.0,24003064.646741,153833631.41666666,24078819.020215575,1.2220121,0.682732,1.09792148,1.229948,48
2026-03-11 12:00:00,148542359.0,23766596.21832202,149748790.35416666,23872168.84832037,1.26160338,0.62011,1.11224259,0.426759,48
2026-03-11 16:00:00,148016973.0,23652474.332246367,147824329.375,23642429.98194557,1.32249216,0.636965,1.12607905,1.179856,48
2026-03-11 20:00:00,150160659.0,23886228.711887848,149428020.85416666,23882675.271196317,1.31096371,0.659416,1.10723921,0.599641,48
2026-03-12 00:00:00,150222945.0,23913990.61455,150222945.0,23913990.61455,1.31225605,0.660293,1.10529861,1.977634,1
2026-03-12 04:00:00,146546072.0,23201174.11904,147241367.9375,23135114.244754914,1.3647343,0.651975,1.15678463,0.254034,48
2026-03-12 08:00:00,146204929.0,23297147.22364536,146338795.6875,23318678.088080633,1.41285538,0.638195,1.22413793,0.744894,48
2026-03-12 12:00:00,146171247.0,23191530.04902,146482375.20833334,23329829.8708121,1.42768338,0.637735,1.237631,0.684753,48
2026-03-12 16:00:00,147194424.0,23523140.89944,146635110.91666666,23370182.82585958,1.41443299,0.637028,1.21552138,0.83608,48
2026-03-12 20:00:00,147819057.0,23684992.81005891,147206931.0625,23526013.13688318,1.45950483,0.635228,1.25564279,2.506785,48
2026-03-13 00:00:00,143915539.0,23412179.88452,144409795.4680851,23403661.205619253,1.45916208,0.640953,1.27502503,3.418715,47
2026-03-13 04:00:00,141285306.0,22965926.4903,142170577.58333334,23146515.72320652,1.49172474,0.631984,1.30874741,0.59576,48
2026-03-13 08:00:00,138779559.0,22934709.92034,139823152.29166666,22993252.15226301,1.47994769,0.67823,1.29153686,1.023576,48
2026-03-13 12:00:00,141340329.0,23123995.83327132,140771104.97916666,23332632.74605441,1.46498478,0.748413,1.25239204,0.84565,48
2026-03-13 16:00:00,142514007.0,23171241.23720454,141872727.95833334,23139194.310914014,1.41148736,0.805901,1.22338792,0.539523,48
2026-03-13 20:00:00,142022138.0,23240502.66232,142319426.47916666,23349832.995788496,1.41731266,0.837619,1.27537768,1.725957,48
2026-03-14 00:00:00,142128217.0,23305872.3415826,142128217.0,23305872.3415826,1.39576271,0.819807,1.20731097,5.246777,1
2026-03-14 04:00:00,143386862.0,23380795.06750166,144107533.625,23599024.58342521,1.41302485,0.79369,1.22969188,2.988069,48
2026-03-14 08:00:00,144006504.0,23606986.20072,143951626.3125,23480214.462635994,1.4415078,0.808364,1.24877798,2.825321,48
2026-03-14 12:00:00,145566656.0,23816160.58816,145341701.04166666,23861512.644047678,1.49116608,0.822729,1.31248343,0.695533,48
2026-03-14 16:00:00,144407011.0,23636539.56048,144648021.64583334,23758641.748986285,1.46576537,0.809522,1.29288703,0.40326,48
2026-03-14 20:00:00,144159349.0,23993882.04756,144588346.14583334,23782646.171102356,1.47550306,0.82451,1.32882883,2.127399,48
2026-03-15 00:00:00,144013531.0,23973932.50557,144013531.0,23973932.50557,1.48005261,0.822276,1.33324489,0.345599,1
2026-03-15 04:00:00,141069783.0,23413157.20820946,141864048.08333334,23672740.07808054,1.47212544,0.844416,1.33668608,0.483364,48
2026-03-15 08:00:00,141391942.0,23694461.64036,141470533.33333334,23648419.198674127,1.50880282,0.84388,1.34534853,0.704981,48
2026-03-15 12:00:00,139698892.0,23363242.69808,140469804.52083334,23528667.726311386,1.53514235,0.827892,1.37169559,0.361896,48
2026-03-15 16:00:00,138654160.0,23087336.0720568,139269982.16666666,23266045.03131787,1.54688909,0.816798,1.38747289,2.220749,48
2026-03-15 20:00:00,139740629.0,23577342.162044927,139288827.375,23429096.524874374,1.59633867,0.849106,1.45246724,0.611908,48
2026-03-16 00:00:00,134842248.0,22930661.85949656,137874715.21276596,23200245.078132354,1.54394619,0.874885,1.36806125,0.763734,47
2026-03-16 04:00:00,133289306.0,23136357.73548,133980858.1875,22986842.842349727,1.54855876,0.8411,1.40438356,2.36584,48
2026-03-16 08:00:00,131612352.0,22541247.52704,133065267.47916667,22880750.814272564,1.50554324,0.879986,1.35281267,0.570083,48
2026-03-16 12:00:00,133692929.0,23051334.81818,133206544.5625,23024356.57588682,1.55053667,0.902375,1.42869104,0.505522,48
2026-03-16 16:00:00,133022754.0,23122073.63029176,133340396.41666667,23224859.35505633,1.58981355,0.898997,1.47524189,0.653454,48
2026-03-16 20:00:00,132554719.0,23365420.31813,132674565.125,23264968.324828822,1.57123474,0.878288,1.48807814,0.668817,48
2026-03-17 00:00:00,133304330.0,23369582.0923,133897163.87234043,23862744.943542372,1.71834377,0.811867,1.58305598,0.859991,47
2026-03-17 04:00:00,131299924.0,23033644.99049404,131946050.4375,23045326.250013653,1.64778093,0.795799,1.49810108,0.551871,48
2026-03-17 08:00:00,131698040.0,22952334.4112,131384102.33333333,22977365.55488145,1.69617804,0.816464,1.53084223,1.22057,48
2026-03-17 12:00:00,131420742.0,22829097.09282,131183392.95833333,22713336.91160072,1.69668939,0.833545,1.54760479,0.845399,48
2026-03-17 16:00:00,130615801.0,22801600.38057,131661826.3125,23038958.67215699,1.63253589,0.846319,1.44954665,0.344073,48
2026-03-17 20:00:00,130730560.0,22702669.0496,130431859.47916667,22798891.305890735,1.61838971,0.844412,1.4433742,0.221336,48
2026-03-18 00:00:00,130588164.0,22664881.74384,130588164.0,22664881.74384,1.61512845,0.84442,1.43751821,0.878529,1
2026-03-18 04:00:00,130327198.0,22810881.44283242,130441940.0625,22879660.13409179,1.54575163,0.826677,1.38839668,1.862568,48
2026-03-18 08:00:00,129952085.0,22181521.38865,130150260.89583333,22669436.111963566,1.55021216,0.825397,1.37930046,1.572005,48
2026-03-18 12:00:00,125948568.0,20980512.45744,128733462.91666667,21639415.495203797,1.56317016,0.747063,1.42003963,3.061075,48
2026-03-18 16:00:00,127114089.0,21408390.892205194,126488510.77083333,21253506.36691736,1.5405656,0.726306,1.39789832,0.459382,48
2026-03-18 20:00:00,127904691.0,21705124.20762924,127233317.25,21550680.382338986,1.50729262,0.765979,1.33269125,0.734927,48
2026-03-19 00:00:00,129791433.0,22071033.18165,129267602.63829787,21848686.9551145,1.47319035,0.802319,1.29126214,1.83729,47
2026-03-19 04:00:00,131059725.0,21902701.242,130815130.64583333,22013620.524982426,1.46119536,0.78339,1.28975741,4.126476,48
2026-03-19 08:00:00,132265518.0,22042585.57270308,131839043.64583333,22066862.298101693,1.4689441,0.806773,1.29331914,0.386416,48
2026-03-19 12:00:00,135896343.0,22395259.35572409,134787654.875,22318109.18182536,1.4469496,0.830249,1.24366675,0.57721,48
2026-03-19 16:00:00,136136632.0,22484869.32628168,136584088.54166666,22471263.86725341,1.47900677,0.877916,1.26006356,0.820757,48
2026-03-19 20:00:00,136127357.0,22494691.8131218,136474704.70833334,22566296.42583405,1.44040762,0.87517,1.24678731,3.346233,48
2026-03-20 00:00:00,135992012.0,22479479.5836,135992012.0,22479479.5836,1.43242049,0.873649,1.23117019,6.528768,1
2026-03-20 04:00:00,135248080.0,22630641.957352,135486648.3125,22667867.587393492,1.40008613,0.877376,1.22381196,0.968594,48
2026-03-20 08:00:00,136068145.0,22700248.63035,135211467.64583334,22613199.09443363,1.44109948,0.885748,1.26207075,4.924063,48
2026-03-20 12:00:00,136045162.0,22571252.82742,136398495.85416666,22705995.45991883,1.35474391,0.874785,1.17892399,0.552456,48
2026-03-20 16:00:00,136190981.0,22425924.65792987,135852625.41666666,22421454.926863432,1.34888522,0.915644,1.14655793,3.349979,48
2026-03-20 20:00:00,136745186.0,22617774.10016368,137018888.25,22602854.8854095,1.33279287,0.947028,1.13592688,0.219918,48
2026-03-21 00:00:00,137219815.0,22726345.7603,137359128.19148937,22722136.269066937,1.27749709,0.931669,1.0979638,1.129294,47
2026-03-21 04:00:00,138124926.0,22834812.76632,137640816.9375,22844471.76984911,1.25931617,0.908556,1.09540954,2.104598,48
2026-03-21 08:00:00,138340821.0,22826270.05020525,138562189.08333334,22896146.060558677,1.20542348,0.939526,1.05287206,0.477752,48
2026-03-21 12:00:00,138561837.0,22997829.99406077,138313264.125,22886104.542744856,1.18928833,0.921108,1.04835924,1.546397,48
2026-03-21 16:00:00,137824947.0,22774194.24228,138661617.125,22965647.494306818,1.21333333,0.924458,1.05819991,0.298108,48
2026-03-21 20:00:00,137714152.0,22368696.2524244,138446805.3125,22876327.04181823,1.18307805,0.908279,1.02154437,0.857769,48
2026-03-22 00:00:00,140137942.0,22757000.40138,138871227.38297874,22498795.989900075,1.16008615,0.921453,0.98992232,0.843775,47
2026-03-22 04:00:00,139788707.0,22441296.00072282,139934534.5625,22640422.103458997,1.15220484,0.922668,0.98424217,0.298218,48
2026-03-22 08:00:00,139826498.0,22205846.14738,139346997.79166666,22174969.775040314,1.08913555,0.8343,0.95883293,1.051064,48
2026-03-22 12:00:00,141089317.0,22414147.290739153,139952782.1875,22297059.744429942,1.05566535,0.851962,0.93046033,0.483402,48
2026-03-22 16:00:00,151518978.0,23773327.6482,149698855.04166666,23593555.00500707,1.07797716,0.728485,0.94643545,0.902854,48
2026-03-22 20:00:00,152998600.0,23838635.3667,152248210.25,23813971.34260275,1.04680987,0.696127,0.9092962,0.740915,48
2026-03-23 00:00:00,153104541.0,23853603.280302446,153104541.0,23853603.280302446,1.04481434,0.695516,0.90936442,0.849025,1
2026-03-23 04:00:00,147068181.0,23072056.23528,148532255.9375,23441864.43808028,0.92576291,0.774265,0.80759185,0.941442,48
2026-03-23 08:00:00,141836083.0,23045526.76584,145966901.70833334,23013845.290675227,0.88578901,0.799248,0.79765036,0.698436,48
2026-03-23 12:00:00,142155135.0,23574608.13247065,141431345.1875,23272136.6478128,0.91517324,0.828399,0.82109026,0.982528,48
2026-03-23 16:00:00,141731571.0,23360660.994457167,142430088.04166666,23474409.848566532,0.93683571,0.8409,0.84651841,0.653094,48
2026-03-23 20:00:00,138513548.0,23044498.98076,140027173.1875,23300879.220810603,0.96764157,0.849651,0.87912294,0.766231,48
2026-03-24 00:00:00,138436570.0,23087036.3228546,138436570.0,23087036.3228546,0.97347894,0.848849,0.88385642,1.279488,1
2026-03-24 04:00:00,140902605.0,23428880.768923648,140852823.41666666,23214173.93914174,1.05559254,0.904779,0.94617847,1.589682,48
2026-03-24 08:00:00,147890592.0,24659277.31008,144984386.5625,24188430.227706835,1.18666667,0.998728,1.06010568,1.542849,48
2026-03-24 12:00:00,154529167.0,25771496.74659144,150877677.83333334,25132769.3753932,1.2045283,1.078211,1.07488789,1.104808,48
2026-03-24 16:00:00,164615176.0,27429826.77688,160271576.08333334,26616527.2815012,1.23310023,1.24263,1.11126629,1.332419,48
2026-03-24 20:00:00,173286376.0,30137966.51392,169138473.375,28981891.220611945,1.25979624,1.335371,1.16563688,0.471439,48
2026-03-25 00:00:00,173032703.0,30071353.45437,173032703.0,30071353.45437,1.26619552,1.333861,1.17553065,0.378751,1
2026-03-25 04:00:00,179387392.0,32138654.08620544,174988652.20833334,31148114.343312148,1.3656659,1.282207,1.25502426,1.074465,48
2026-03-25 08:00:00,178942938.0,31850053.53462,179993928.16666666,32316577.43505368,1.42078825,1.254236,1.32044975,1.004081,48
2026-03-25 12:00:00,176877346.0,31033130.3557,177532707.85416666,31462335.345862504,1.48341625,1.243048,1.32965686,0.984242,48
2026-03-25 16:00:00,176104180.0,31288424.3774746,177130005.6875,31322155.835359942,1.5267472,1.265204,1.42371107,0.63747,48
2026-03-25 20:00:00,175374091.0,31115579.73654764,175774404.5,31125971.84764467,1.52157032,1.2788,1.40688576,0.793379,48
2026-03-26 00:00:00,176275628.0,30924033.42004,175815583.42553192,31049498.83477075,1.52530017,1.320366,1.40895992,2.695759,47
2026-03-26 04:00:00,178663613.0,31096112.40759694,177512786.875,30956722.72315021,1.53256535,1.353247,1.36864295,0.616757,48
2026-03-26 08:00:00,181695066.0,31417046.48591544,179628560.8125,31128913.806499135,1.58098271,1.397993,1.38632708,2.247702,48
2026-03-26 12:00:00,185032267.0,31958773.15624,183574613.70833334,31890976.29609236,1.58220416,1.347995,1.43497149,2.329397,48
2026-03-26 16:00:00,185272066.0,31856716.5516096,185630568.6875,31954728.161790516,1.5675307,1.384571,1.4132321,1.068921,48
2026-03-26 20:00:00,187054192.0,32549299.94992,186086826.97916666,32293604.548627194,1.57659286,1.431357,1.41695828,0.428944,48
2026-03-27 00:00:00,188380538.0,32889086.86144528,187533003.08510637,32659137.712554816,1.53233612,1.493871,1.40422121,1.828633,47
2026-03-27 04:00:00,192283511.0,33522238.13597316,192081614.375,33479701.821524505,1.57053292,1.557345,1.43611262,0.384953,48
2026-03-27 08:00:00,186697337.0,31504966.51773256,189230235.75,32429944.524653852,1.70393474,1.511897,1.56854839,0.548847,48
2026-03-27 12:00:00,184851552.0,31263942.98976,186967439.66666666,31585034.431968015,1.80646791,1.635549,1.61298932,1.517477,48
2026-03-27 16:00:00,185509024.0,31140487.15448192,184907764.72916666,31096000.2229816,1.7826087,1.674734,1.58099415,0.361341,48
2026-03-27 20:00:00,185152489.0,30985269.03415,185462529.375,31066971.447217483,1.82251521,1.677302,1.61828436,0.911338,48
2026-03-28 00:00:00,185148782.0,30974122.9594433,185148782.0,30974122.9594433,1.8254693,1.677869,1.62013662,1.289724,1
2026-03-28 04:00:00,177471173.0,29431187.53294412,179028219.02083334,29584522.26982512,1.74311024,1.589126,1.55680184,1.887517,48
2026-03-28 08:00:00,174103205.0,29060535.70140185,174976281.625,29067761.508286577,1.71665044,1.595567,1.52962754,4.018012,48
2026-03-28 12:00:00,173237425.0,29393193.89975,173377577.83333334,29132927.86130388,1.64316547,1.562699,1.42857143,0.295617,48
2026-03-28 16:00:00,175326047.0,29856272.54363,174543957.33333334,29796466.00885047,1.63709677,1.532484,1.40210925,1.540039,48
2026-03-28 20:00:00,174576134.0,29289222.8312289,175367697.375,29801150.000897657,1.66537904,1.531501,1.42924398,1.991598,48
2026-03-29 00:00:00,174462270.0,29280002.7741,174462270.0,29280002.7741,1.66505792,1.531951,1.43007477,1.519857,1
2026-03-29 04:00:00,173972121.0,29290739.60443176,174330119.77083334,29349371.934831616,1.58773982,1.451772,1.38518115,1.409446,48
2026-03-29 08:00:00,173378501.0,29028344.580242593,173573877.02083334,29105688.349694896,1.60766682,1.460387,1.41377395,0.353735,48
2026-03-29 12:00:00,172237640.0,28489828.0324,172837989.0,28698012.321389973,1.59024159,1.452355,1.38346696,1.838066,48
2026-03-29 16:00:00,173656333.0,28481375.17533,173393159.45833334,28533807.64511391,1.42378703,1.458091,1.23705926,0.361378,48
2026-03-29 20:00:00,173597750.0,28560301.83,173048050.33333334,28464572.351036165,1.31285368,1.490853,1.14045874,0.153126,48
2026-03-30 00:00:00,173656883.0,28540416.68290201,173656883.0,28540416.68290201,1.3156831,1.49306,1.14160757,0.470894,1
2026-03-30 04:00:00,173757665.0,29721799.41004805,173734448.97916666,29362758.49197516,1.31419458,1.469202,1.13526682,1.857097,48
2026-03-30 08:00:00,175896089.0,30250609.38622,175010667.45833334,30062300.627459243,1.37631366,1.500256,1.17203802,0.566035,48
2026-03-30 12:00:00,180352911.0,30955580.66642523,178403946.0625,30686606.904836643,1.38985099,1.508558,1.18070902,0.519301,48
2026-03-30 16:00:00,182784069.0,30739498.77455496,182592774.95833334,30895174.730849013,1.09647436,1.500021,1.01465275,1.104667,48
2026-03-30 20:00:00,181518022.0,30362519.53994,181610018.5625,30580805.01106551,1.12656147,1.505267,1.05276278,2.866077,48
2026-03-31 00:00:00,179654629.0,30449663.06921,179777842.0212766,30401028.165612683,1.0681963,1.542919,1.02571487,1.276919,47
2026-03-31 04:00:00,179874840.0,30097276.9982496,179066085.8125,30035760.408103053,1.07753416,1.519889,1.02188893,1.50417,48
2026-03-31 08:00:00,177187746.0,29189919.90730476,178732189.54166666,29559464.93534637,1.32918288,1.513649,1.12709778,0.633654,48
2026-03-31 12:00:00,174079652.0,28576915.67232,176373965.16666666,29110148.61591356,1.24789762,1.556416,1.07770057,0.843125,48
2026-03-31 16:00:00,175387175.0,29503630.5785,174030024.10416666,28979212.155235652,1.10943912,1.622951,0.96675242,0.881858,48
2026-03-31 20:00:00,172839569.0,28938529.03767,174321394.0,29220735.543400485,1.13888889,1.601305,0.98484244,1.327231,48
2026-04-01 00:00:00,171999513.0,29153888.21358279,172625883.1276596,29016362.996882185,1.11427603,1.564916,0.96953616,0.998978,47
2026-04-01 04:00:00,173972097.0,29921398.33307508,172916955.5,29518070.631457392,1.17225716,1.632671,0.99979976,0.300143,48
2026-04-01 08:00:00,173330517.0,29954979.94794,173474626.77083334,29846355.453058332,1.24547429,1.554742,1.07404343,1.377548,48
2026-04-01 12:00:00,178295104.0,30675672.6432,175846551.0625,30348612.742493544,1.26617647,1.514245,1.08596528,0.320616,48
2026-04-01 16:00:00,179480574.0,30654162.08041824,179353390.8125,30751210.2618351,1.34548275,1.558054,1.12570806,0.667065,48
2026-04-01 20:00:00,178222424.0,30157016.36504,178584379.91666666,30401571.1937791,1.35604569,1.557172,1.13999555,2.079061,48
2026-04-02 00:00:00,175587700.0,28724391.843,177499266.85106382,29624495.37819568,1.38125751,1.506492,1.19278209,1.328162,47
2026-04-02 04:00:00,174895463.0,28723081.88849,174416796.375,28539088.231577292,1.17622951,1.500877,1.01491951,0.565515,48
2026-04-02 08:00:00,178832654.0,28930312.8188074,176948527.91666666,28825963.940300766,1.05250078,1.504009,0.92085427,0.317724,48
2026-04-02 12:00:00,179053068.0,29242947.06576,180024714.45833334,29139139.847097736,0.93941126,1.485121,0.81595293,1.60119,48
2026-04-02 16:00:00,178282135.0,29347273.620160352,178471560.0625,29319561.049626857,0.88586031,1.502418,0.76583211,0.93493,48
2026-04-02 20:00:00,179018783.0,29163949.93853,178090112.95833334,29170210.707344208,0.90930032,1.521939,0.79604059,0.655096,48
2026-04-03 00:00:00,178696024.0,29466713.46140496,178591482.34042552,29205264.533623572,0.84517906,1.537686,0.72812154,1.353394,47
2026-04-03 04:00:00,177373267.0,29279507.15003561,177709872.70833334,29389938.653188523,0.88324873,1.52078,0.76285992,1.176015,48
2026-04-03 08:00:00,177514669.0,29190512.17036,177382103.54166666,29156966.64964168,0.87409872,1.500847,0.75178657,0.912989,48
2026-04-03 12:00:00,177771670.0,29015891.9774,177673603.27083334,29070139.25693508,0.86464924,1.499117,0.74905123,0.512423,48
2026-04-03 16:00:00,175614594.0,28681868.96908914,176399174.20833334,28812008.009251315,0.85405849,1.454418,0.74546887,0.580151,48
2026-04-03 20:00:00,174989923.0,28484859.66594,175274420.375,28603933.14129279,0.83729088,1.461525,0.72725862,0.516662,48
2026-04-04 00:00:00,176382946.0,28581214.27407274,175902201.44680852,28562321.836011283,0.81044894,1.43846,0.70013589,0.395324,47
2026-04-04 04:00:00,177437556.0,28664407.2684762,176875417.39583334,28641094.160693467,0.81069215,1.454969,0.70071259,0.603165,48
2026-04-04 08:00:00,176529785.0,28572155.973963153,176797139.3125,28565157.997607633,0.78600303,1.441369,0.67758771,0.744889,48
2026-04-04 12:00:00,176077492.0,28408173.52488768,176359975.77083334,28507446.37611561,0.76539877,1.424973,0.66101216,0.926913,48
2026-04-04 16:00:00,176032694.0,28532907.00730392,175590205.22916666,28339285.781841066,0.73927711,1.394797,0.63435327,0.805799,48
2026-04-04 20:00:00,176460612.0,28560202.9903836,176567911.35416666,28537897.03538988,0.72510719,1.369695,0.63320839,1.140747,48
2026-04-05 00:00:00,176253061.0,28426093.67808,176526153.27659574,28520082.09815804,0.71651311,1.370171,0.62684102,0.443886,47
2026-04-05 04:00:00,173189138.0,27511094.5713,175271896.25,28070675.202838957,0.71785714,1.30923,0.61805651,1.837834,48
2026-04-05 08:00:00,170191087.0,26888489.83513,171701488.875,27216329.56068253,0.71425172,1.198725,0.62043292,1.567183,48
2026-04-05 12:00:00,166511233.0,26468029.48746586,168493990.375,26631613.02506338,0.72208969,1.089329,0.6244819,0.907966,48
2026-04-05 16:00:00,165938882.0,26277009.38834228,165754188.54166666,26290474.852840353,0.73079684,1.060746,0.63394711,0.483743,48
2026-04-05 20:00:00,164593028.0,26744824.81332764,165476421.3125,26405754.05945694,0.70286934,1.061121,0.60792649,1.492208,48
2026-04-06 00:00:00,164165385.0,26529354.405885153,164466124.55319148,26746205.432155464,0.72175379,1.080914,0.63057414,1.254529,47
2026-04-06 04:00:00,165491650.0,26693803.145,164381330.27083334,26497730.406094234,0.72755716,1.103093,0.63599666,1.887861,48
2026-04-06 08:00:00,162541241.0,26398322.95081,164912207.58333334,26765552.202909302,0.74926686,1.024607,0.66946619,1.334453,48
2026-04-06 12:00:00,159276518.0,25630320.15295334,160515291.54166666,25876714.19537365,0.74641381,0.963995,0.65988988,1.827424,48
2026-04-06 16:00:00,155066387.0,24484111.03420506,156400347.33333334,24859065.839742344,0.83878049,0.881743,0.734375,0.442879,48
2026-04-06 20:00:00,152570633.0,23744567.61379,153193734.83333334,23990549.72936946,0.82911695,0.830687,0.72901511,1.338169,48
2026-04-07 00:00:00,154568487.0,24069404.79564,153995177.61702126,23990745.087549787,0.85105877,0.840291,0.74095715,1.626543,47
2026-04-07 04:00:00,154265135.0,23981268.0496088,154663789.16666666,24071570.506153267,0.85494921,0.828067,0.74183772,0.66711,48
2026-04-07 08:00:00,155375944.0,24008902.17816384,154849754.10416666,24149769.808360245,0.85030791,0.812685,0.74331625,0.499414,48
2026-04-07 12:00:00,153479424.0,23641932.103104,154661313.79166666,23964183.554139834,0.84172154,0.786706,0.74149097,1.207068,48
2026-04-07 16:00:00,154647497.0,23945618.43548,153398009.875,23720938.38333692,0.86028182,0.783883,0.76217725,0.837373,48
2026-04-07 20:00:00,154144747.0,25222704.95161,153482877.5625,24377279.44413663,0.73298178,0.859018,0.6566788,0.382607,48
2026-04-08 00:00:00,154785116.0,25082928.0478,154642964.74468085,25262839.845175546,0.76344878,0.834519,0.65502616,1.272528,47
2026-04-08 04:00:00,151577668.0,24670781.24368,153207483.16666666,25057438.966043714,0.77615632,0.830213,0.65962874,0.608841,48
2026-04-08 08:00:00,149244294.0,24198469.82916,150406603.35416666,24491730.708408047,0.8127551,0.825587,0.69064643,2.663534,48
2026-04-08 12:00:00,148650997.0,23571254.12954675,148568566.08333334,23901671.489386708,0.81035366,0.780424,0.68433417,0.927885,48
2026-04-08 16:00:00,148718285.0,23504924.94425,148623770.9375,23640544.468686044,0.80875576,0.793076,0.67579377,2.264848,48
2026-04-08 20:00:00,147918935.0,23294867.03872935,148661595.3125,23511945.10281217,0.78810976,0.793024,0.66855565,2.295844,48
2026-04-09 00:00:00,148916339.0,23202976.43888224,148319769.40425533,23190807.289028283,0.79766141,0.816314,0.68315098,1.261258,47
2026-04-09 04:00:00,148481854.0,23044661.40186698,148636381.14583334,23152038.99196155,0.80353535,0.831978,0.6902103,1.021883,48
2026-04-09 08:00:00,148303141.0,22835087.36283075,148956364.41666666,23043332.704356227,0.82176218,0.808557,0.72720674,0.456985,48
2026-04-09 12:00:00,149214920.0,23277527.52,150171566.97916666,23061222.73874416,0.81754909,0.831033,0.73100173,0.673802,48
2026-04-09 16:00:00,148490720.0,23048729.5584,148387522.60416666,23029403.565090522,0.8205831,0.821677,0.73576768,0.736372,48
2026-04-09 20:00:00,149121438.0,23021367.59844,148367812.27083334,23160982.755754907,0.82606504,0.780695,0.73976184,0.628732,48
2026-04-10 00:00:00,149306529.0,23102199.23217,149306529.0,23102199.23217,0.82310015,0.779446,0.7361252,3.106361,1
2026-04-10 04:00:00,152603450.0,23616151.4828535,151947079.16666666,23650174.271082133,0.79837117,0.816485,0.7153483,0.727924,48
2026-04-10 08:00:00,154792674.0,23816108.26348614,153458360.91666666,23734081.542050157,0.81696095,0.777056,0.7351585,1.039829,48
2026-04-10 12:00:00,159861679.0,24546760.81045,158426836.41666666,24491594.65748322,0.84900864,0.661128,0.7622758,2.406824,48
2026-04-10 16:00:00,164400547.0,25663218.01967366,163205824.33333334,25212952.47528704,0.85106925,0.665812,0.74952534,1.009035,48
2026-04-10 20:00:00,164592578.0,25517890.1376126,164030100.22916666,25503555.203016166,0.87749288,0.663929,0.77315297,2.770208,48
2026-04-11 00:00:00,164616184.0,25533040.143596,164616184.0,25533040.143596,0.87794765,0.663746,0.77443833,2.192753,1
2026-04-11 04:00:00,166530055.0,25487819.593980353,165708877.97916666,25424421.79184505,0.87793667,0.692161,0.76509282,1.737368,48
2026-04-11 08:00:00,169395912.0,26134401.30336,168561824.41666666,25874817.302803885,0.86364786,0.684498,0.75365677,1.932074,48
2026-04-11 12:00:00,169446744.0,26134315.25116824,169283316.625,26046026.38167947,0.86325652,0.663983,0.76509969,1.272161,48
2026-04-11 16:00:00,167427084.0,26184224.70978204,168593063.9375,26154477.248894304,0.88530559,0.666043,0.7767048,0.96287,48
2026-04-11 20:00:00,165868028.0,25446885.68294088,165913126.9375,25704785.2111048,0.89192025,0.667431,0.77872404,1.362065,48
2026-04-12 00:00:00,165974923.0,25470511.68358,165974923.0,25470511.68358,0.89119035,0.666996,0.77689897,2.440203,1
2026-04-12 04:00:00,163533883.0,24789532.22605716,162981606.89583334,24688676.5361428,0.8395749,0.644972,0.73899693,1.206329,48
2026-04-12 08:00:00,163989961.0,24809245.848379154,163906503.0,24792993.43441607,0.84838463,0.671849,0.74508076,0.385009,48
2026-04-12 12:00:00,164412758.0,24739187.69626,164234175.33333334,24771505.339445487,0.8492526,0.665258,0.74152542,0.98758,48
2026-04-12 16:00:00,164334569.0,24860533.59832,164443286.125,24866686.142661717,0.84359233,0.651757,0.73081943,0.564353,48
2026-04-12 20:00:00,162792606.0,24466100.75574,163672419.0625,24726910.86440392,0.8351399,0.655284,0.72987504,1.006716,48
2026-04-13 00:00:00,163070104.0,24537158.54888,163045321.0212766,24583323.62140672,0.82937203,0.653224,0.73852877,0.339058,47
2026-04-13 04:00:00,164747851.0,24804436.44656,164100937.22916666,24712450.000929013,0.8132739,0.645249,0.72130203,2.64632,48
2026-04-13 08:00:00,167711882.0,25369776.39014,165446535.8125,25008703.503384907,0.83753784,0.635854,0.74553441,1.129419,48
2026-04-13 12:00:00,164900998.0,25215011.60418,166788237.60416666,25420850.763263147,0.84160696,0.633267,0.75207346,1.623864,48
2026-04-13 16:00:00,164312690.0,25098763.3975,164610502.1875,25056290.449106853,0.86637374,0.63847,0.76751118,1.004008,48
2026-04-13 20:00:00,159630457.0,24922297.11760215,162963464.22916666,25067905.824773237,0.84627492,0.654476,0.74777761,1.237374,48
2026-04-14 00:00:00,157745132.0,24522070.73619368,158459686.89361703,24633716.655786924,0.87506603,0.649627,0.75750682,1.811198,47
2026-04-14 04:00:00,156305674.0,24280396.79156406,156971570.8125,24300180.26582505,0.86801897,0.643823,0.75671982,1.029287,48
2026-04-14 08:00:00,155742886.0,24280315.9274,155834452.35416666,24354654.161111455,0.88286853,0.644029,0.76352584,1.639139,48
2026-04-14 12:00:00,154808675.0,24192598.7425115,155260552.47916666,24262175.400218967,0.89056604,0.657985,0.77664188,0.725373,48
2026-04-14 16:00:00,154393272.0,23829057.60048,155157175.9375,24107538.95585748,0.86883047,0.664391,0.75539457,1.321496,48
2026-04-14 20:00:00,154360178.0,23864083.5188,154659218.4375,23904303.939807788,0.85645678,0.671384,0.74404304,0.363936,48
2026-04-15 00:00:00,154343258.0,23853750.5239,154343258.0,23853750.5239,0.85737179,0.671262,0.74358186,1.371159,1
2026-04-15 04:00:00,155417173.0,24147166.16901,155295149.875,24131493.043906678,0.87925946,0.691484,0.76658933,1.181999,48
2026-04-15 08:00:00,156562582.0,24570878.38780212,155515123.27083334,24290179.392444357,0.8897937,0.67717,0.77668539,1.563367,48
2026-04-15 12:00:00,156336024.0,24394459.00460712,156230357.20833334,24476193.702517908,0.92277778,0.70769,0.79762094,0.674355,48
2026-04-15 16:00:00,156695068.0,24765823.16112276,156964090.5,24606300.450863104,0.92399777,0.712809,0.80028713,1.657104,48
2026-04-15 20:00:00,156514237.0,24674469.46305,156748517.125,24697004.905259084,0.91615769,0.722231,0.79589237,1.503774,48
2026-04-16 00:00:00,156467187.0,24673310.71803,156467187.0,24673310.71803,0.91780061,0.721652,0.7973877,0.645571,1
2026-04-16 04:00:00,154920414.0,24867824.85528,156369514.54166666,25053265.412714913,0.95322812,0.751937,0.81551328,0.498309,48
2026-04-16 08:00:00,153126285.0,24533893.3827,153737039.79166666,24729228.481204893,0.93109339,0.733535,0.79253852,0.709043,48
2026-04-16 12:00:00,150259359.0,24555920.873691633,151362625.8125,24403639.131783143,0.93352601,0.722572,0.783899,2.435593,48
2026-04-16 16:00:00,150137611.0,25182269.20679912,149563442.39583334,24707120.158552334,0.93397046,0.741295,0.77658187,1.730998,48
2026-04-16 20:00:00,152287936.0,25751889.9776,151488392.25,25468065.561862428,0.93079179,0.754486,0.78250042,0.242931,48
2026-04-17 00:00:00,152237663.0,25763179.70949,152237663.0,25763179.70949,0.93131787,0.7545,0.78078327,1.244614,1
2026-04-17 04:00:00,146310556.0,24417160.03892704,148412374.04166666,24590971.66839337,1.05741161,0.782173,0.85886589,1.103524,48
2026-04-17 08:00:00,143902837.0,24372823.50269,145124139.41666666,24402864.47668935,1.09162821,0.850874,0.88611773,4.46802,48
2026-04-17 12:00:00,141287530.0,24643666.2735377,142475335.33333334,24563551.194858853,1.12360312,0.888672,0.94329104,0.817904,48
2026-04-17 16:00:00,138869115.0,24215858.793276154,140446210.35416666,24485819.877973795,1.10700982,0.924354,0.9542316,0.575551,48
2026-04-17 20:00:00,139983760.0,24400969.5591536,139769341.89583334,24389310.603826802,1.14889899,0.977651,0.99612324,0.943681,48
2026-04-18 00:00:00,140062096.0,24386211.53456,140062096.0,24386211.53456,1.15075201,0.978199,0.99938675,0.461522,1
2026-04-18 04:00:00,143105112.0,25027683.08975352,142268808.77083334,24786579.556466356,1.23375653,1.040826,1.07062952,0.780176,48
2026-04-18 08:00:00,137921350.0,23275169.8153205,140424862.8125,23974065.028885525,1.35677187,0.950034,1.2009908,2.904316,48
2026-04-18 12:00:00,137887490.0,23481465.9981811,137673941.77083334,23380300.76944579,1.39520463,0.96236,1.22423803,0.978524,48
2026-04-18 16:00:00,142084121.0,23963907.84786,139845378.875,23622157.32230137,1.30112721,1.01899,1.1515223,1.099075,48
2026-04-18 20:00:00,144900153.0,24679443.32501202,144196552.79166666,24515757.04728922,1.26666667,1.072737,1.1089273,0.537431,48
2026-04-19 00:00:00,144996264.0,24687063.90864,144996264.0,24687063.90864,1.26161859,1.075301,1.10075507,1.663946,1
2026-04-19 04:00:00,148301305.0,24963023.302938953,147481019.27083334,25035967.174446717,1.39159664,1.108748,1.22247191,0.759946,48
2026-04-19 08:00:00,147948155.0,25157104.2762,148458280.77083334,24970518.453542423,1.3919555,1.1607,1.20842796,2.354477,48
2026-04-19 12:00:00,150166833.0,25696548.46296,148730552.27083334,25413677.76055588,1.4484423,1.172585,1.28863279,0.636535,48
2026-04-19 16:00:00,155841334.0,26689994.6420426,152215295.9375,25904726.07813007,1.46711111,1.224493,1.30493631,0.729529,48
2026-04-19 20:00:00,157167434.0,26201382.92214,157233047.0625,26466067.14189167,1.45141066,1.24261,1.30550285,2.297454,48
2026-04-20 00:00:00,156949701.0,26446396.589291368,156524542.89361703,26273639.529929593,1.37440139,1.270424,1.23473684,3.69625,47
2026-04-20 04:00:00,157435262.0,26538380.36343828,157132857.89583334,26419759.6214353,1.39964711,1.297178,1.26010638,0.67383,48
2026-04-20 08:00:00,157875711.0,26511005.64469497,157718034.25,26608721.364111234,1.4297153,1.286472,1.28349826,3.595032,48
2026-04-20 12:00:00,159239476.0,27208653.70847976,157923238.33333334,26677594.742441043,1.44014085,1.295842,1.29612937,0.806034,48
2026-04-20 16:00:00,161622355.0,27981857.721964046,160859685.0,27720146.292824905,1.46660885,1.295765,1.32472613,2.297419,48
2026-04-20 20:00:00,161975363.0,28092336.38071718,161920982.66666666,28070350.987898577,1.42838983,1.32812,1.31032707,2.351626,48
2026-04-21 00:00:00,163992425.0,28570697.9663785,163313243.74468085,28407700.142059155,1.55299335,1.330901,1.41929399,0.264111,47
2026-04-21 04:00:00,169500367.0,30433768.859802287,165510451.5,29132246.88680613,1.55359449,1.293781,1.44412153,1.140044,48
2026-04-21 08:00:00,175903194.0,31727659.10178,173332085.9375,31445497.42858598,1.63519135,1.334086,1.57373632,0.607911,48
2026-04-21 12:00:00,181657012.0,32089711.1698,178521913.72916666,31910629.972998932,1.62271374,1.491668,1.50879462,1.144692,48
2026-04-21 16:00:00,183119333.0,32213074.88841566,182791777.875,32452276.17735182,1.55597964,1.48484,1.44165814,0.829194,48
2026-04-21 20:00:00,183067442.0,32745273.35054,182088045.64583334,32310868.35649155,1.54228019,1.52606,1.40703518,1.09669,48
2026-04-22 00:00:00,182854727.0,32835223.32739,183558171.14893618,32919527.83588877,1.62143769,1.511896,1.48354756,0.575617,47
2026-04-22 04:00:00,181864945.0,32758985.18080505,182264013.66666666,32942452.823288534,1.57888147,1.520886,1.45577364,0.125595,48
2026-04-22 08:00:00,179143196.0,32127540.77064,179326276.79166666,32199287.618645046,1.59558199,1.51624,1.47942708,0.613175,48
2026-04-22 12:00:00,176998622.0,32238529.01108,178311400.66666666,32029735.44869898,1.54082056,1.548229,1.42147719,0.602348,48
2026-04-22 16:00:00,175338987.0,31321571.23257306,176057378.6875,31578529.618701667,1.58506576,1.580958,1.44709198,2.466922,48
2026-04-22 20:00:00,174647935.0,30841078.84165,175100155.875,31146576.191584203,1.56905371,1.600849,1.43501805,0.553743,48
2026-04-23 00:00:00,174440020.0,30790407.9302,174440020.0,30790407.9302,1.56697952,1.603936,1.42317575,0.813382,1
2026-04-23 04:00:00,175196321.0,30918646.73008,174228725.0,30697066.28598057,1.50375313,1.543259,1.37474542,0.508823,48
2026-04-23 08:00:00,174518143.0,30915889.03245,175064250.25,30776334.205777455,1.46106048,1.518782,1.31992963,3.572878,48
2026-04-23 12:00:00,179763169.0,31983463.02848,177258303.4375,31491553.592222154,1.4712831,1.53676,1.34684796,0.499651,48
2026-04-23 16:00:00,175952681.0,30867924.2811411,177875612.39583334,31457420.29193082,1.50975509,1.500333,1.38062893,1.259316,48
2026-04-23 20:00:00,177732425.0,31166820.3563925,176361462.125,30987334.818964604,1.47259992,1.509498,1.32274081,0.762251,48
2026-04-24 00:00:00,177710029.0,31163068.969313607,177710029.0,31163068.969313607,1.47238252,1.510141,1.31902754,1.646124,1
2026-04-24 04:00:00,176456748.0,30691171.58752944,175989253.41666666,30712963.091802105,1.35892362,1.545052,1.21040133,0.781049,48
2026-04-24 08:00:00,177739713.0,31234720.542849086,177750094.85416666,31114943.33844198,1.31451927,1.516995,1.15949074,0.961008,48
2026-04-24 12:00:00,179500188.0,31274317.75524,178510927.08333334,31171747.555061992,1.30285494,1.502255,1.12736274,2.513221,48
2026-04-24 16:00:00,175550333.0,30480804.31879,177553669.5,30922495.18362372,1.33827546,1.433078,1.17191062,2.798393,48
2026-04-24 20:00:00,174772880.0,30218230.952,175277493.77083334,30393564.41039964,1.30506523,1.433467,1.12958435,0.807396,48
2026-04-25 00:00:00,174936339.0,30442421.71278,175030231.70212767,30263376.245236143,1.23442683,1.413949,1.06959315,1.893429,47
2026-04-25 04:00:00,175098890.0,30299111.9256,175353932.77083334,30386866.51702908,1.24395604,1.42383,1.07983819,0.273603,48
2026-04-25 08:00:00,176434925.0,30411242.89895925,176036792.77083334,30468470.548108805,1.2326087,1.46865,1.04793664,1.122016,48
2026-04-25 12:00:00,177439746.0,30322678.19394,177061091.10416666,30435015.04129457,1.28206079,1.446074,1.09623964,0.382957,48
2026-04-25 16:00:00,176745938.0,30051982.81360526,177609161.83333334,30319159.28857678,1.26362297,1.43576,1.07417525,1.538202,48
2026-04-25 20:00:00,176972523.0,30009230.72511,176995241.77083334,30107372.50002413,1.25873362,1.459065,1.0652309,1.028001,48
2026-04-26 00:00:00,176330119.0,29679360.16632538,176489096.65957448,29794036.166191757,1.19370629,1.501105,1.00416254,1.408811,47
2026-04-26 04:00:00,175759623.0,29933621.39313,176076166.875,29799888.940168876,1.16102842,1.50256,0.96735004,0.800658,48
2026-04-26 08:00:00,175792646.0,30108006.48042,175658349.75,29960004.9735823,1.13867642,1.513057,0.95423982,0.911546,48
2026-04-26 12:00:00,173572488.0,29691309.79728,174453432.66666666,29903462.385159403,1.14156928,1.488878,0.96559504,4.066736,48
2026-04-26 16:00:00,174158755.0,29843952.2352281,173595157.41666666,29610727.676344905,1.11602753,1.484758,0.93864013,1.60961,48
2026-04-26 20:00:00,174691595.0,29828589.84625,174404646.1875,29794279.49799195,1.13315755,1.483489,0.94653099,0.496156,48
2026-04-27 00:00:00,174924480.0,30300418.4256,175179744.70212767,30172915.94442567,1.10440986,1.473205,0.90412203,2.499678,47
2026-04-27 04:00:00,174908236.0,29331526.98369176,174753891.45833334,29671943.006824225,1.09477756,1.532322,0.91131834,1.395694,48
2026-04-27 08:00:00,174941129.0,29219828.97467656,174689596.29166666,29364428.53716047,1.08343869,1.50713,0.89642921,0.905891,48
2026-04-27 12:00:00,176296046.0,29085321.66908,176314765.45833334,29447953.163453635,1.05228758,1.502798,0.85983408,0.518437,48
2026-04-27 16:00:00,178456493.0,29356093.0985,177134006.4375,29173957.899965197,1.04287017,1.544815,0.84834759,1.281583,48
2026-04-27 20:00:00,178046308.0,29583980.46680428,178639417.22916666,29468651.136564076,1.00818713,1.551569,0.8250284,2.488536,48
2026-04-28 00:00:00,177995547.0,29532691.86647805,177995547.0,29532691.86647805,1.00789012,1.55075,0.8250284,1.481334,1
2026-04-28 04:00:00,177669112.0,29235313.79769264,177769689.22916666,29292813.528710563,0.95676745,1.556039,0.79430728,1.899649,48
2026-04-28 08:00:00,179259927.0,28912833.62583,178183790.5,29143121.511389796,0.97143665,1.582655,0.79471958,0.801346,48
2026-04-28 12:00:00,180852000.0,29466216.36,179463854.39583334,29063398.284974337,0.91533676,1.62227,0.73998511,2.443385,48
2026-04-28 16:00:00,180672376.0,29315899.72976,180440276.8125,29295776.674975764,0.96923503,1.595716,0.7791736,1.576299,48
2026-04-28 20:00:00,181405928.0,29344222.91328,180720854.70833334,29327629.605698645,0.95646221,1.59842,0.7722906,1.769353,48
2026-04-29 00:00:00,184295913.0,29985879.42537891,182970515.25531915,29645410.511416003,0.97165658,1.606282,0.77522867,0.450269,47
2026-04-29 04:00:00,185022648.0,30303009.28944,185292210.6875,30259155.99914579,0.94555796,1.604864,0.76428992,1.812421,48
2026-04-29 08:00:00,178385666.0,29025131.71486,179685306.20833334,29323980.10699065,0.98984911,1.565165,0.80570916,0.575831,48
2026-04-29 12:00:00,177024895.0,28254943.49095,178392733.83333334,28737121.542437345,0.94575536,1.55925,0.76803206,0.498832,48
2026-04-29 16:00:00,176799306.0,28105785.67482,176949645.125,28261875.638599884,0.92227564,1.539703,0.73828522,1.981946,48
2026-04-29 20:00:00,177439922.0,28292795.5629,177230111.29166666,28299174.65286298,0.95317997,1.517707,0.76283368,1.181974,48
2026-04-30 00:00:00,176822603.0,28254483.73337,177168106.85106382,28348654.20711729,0.9522525,1.497217,0.7595011,1.725776,47
2026-04-30 04:00:00,176631505.0,28351122.86755,177019260.60416666,28228921.987526152,0.92144374,1.489907,0.73568028,1.193802,48
2026-04-30 08:00:00,176456470.0,28023253.1610758,175862859.0625,28100888.1877986,0.92352784,1.501682,0.73416257,2.159345,48
2026-04-30 12:00:00,175664959.0,27991331.135205407,176136115.41666666,28098327.383995686,0.92441239,1.518028,0.73811961,1.739378,48
2026-04-30 16:00:00,176459377.0,28075565.64839746,176764746.1875,28100176.222455177,0.93925609,1.551067,0.75505124,0.795823,48
2026-04-30 20:00:00,176391791.0,27933404.02276,176396543.52083334,28043922.386089206,0.94235925,1.55721,0.762123,4.727737,48
2026-05-01 00:00:00,176834423.0,28251067.41848,176639891.76595744,28049892.272119,0.93427355,1.561442,0.76288203,1.161323,47
2026-05-01 04:00:00,176537689.0,28027123.50564,176988049.10416666,28186616.76723918,0.92485396,1.571697,0.75953468,0.842867,48
2026-05-01 08:00:00,177331975.0,28220993.538566,176476904.35416666,28108018.388633076,0.92279119,1.559698,0.75923473,1.574632,48
2026-05-01 12:00:00,175711778.0,28475961.44110014,176258788.89583334,28407487.164946552,0.94296578,1.525397,0.76921929,1.153752,48
2026-05-01 16:00:00,176254488.0,28287648.55602648,175990060.89583334,28369860.35516565,0.97351724,1.5277,0.78360902,1.12272,48
2026-05-01 20:00:00,175174456.0,27907116.15863152,175935254.77083334,28170190.709885087,0.98084929,1.53173,0.78560652,0.359689,48
2026-05-02 00:00:00,175796288.0,28085614.02845376,175186007.40425533,28009417.05058099,0.99032347,1.542403,0.78179364,1.084702,47
2026-05-02 04:00:00,175221727.0,27897051.15567,175507739.95833334,27956029.610573355,0.9961165,1.55151,0.79304085,1.881108,48
2026-05-02 08:00:00,176361876.0,28100578.94922852,175790870.45833334,28028388.89062305,0.98489011,1.559299,0.78960805,0.921476,48
2026-05-02 12:00:00,175098991.0,28057174.178805366,175201470.29166666,27979138.297545493,0.99559107,1.56186,0.79588774,2.281066,48
2026-05-02 16:00:00,176272442.0,28182520.87500774,175688488.97916666,28125735.76865406,1.02281048,1.570437,0.8150978,1.592931,48
2026-05-02 20:00:00,176208301.0,28170421.08087,176140681.77083334,28212734.2293876,1.02441794,1.567534,0.8127973,1.134872,48
2026-05-03 00:00:00,175663785.0,27874160.7665664,176374134.08510637,27995587.503333934,0.9643925,1.529184,0.77416468,0.647821,47
2026-05-03 04:00:00,175844240.0,27989127.6808,176024584.52083334,27950995.01127602,0.96483635,1.525257,0.77724978,0.786246,48
2026-05-03 08:00:00,176231015.0,28146859.9224355,175946704.97916666,27994845.238625314,0.98476032,1.52826,0.77983725,1.976302,48
2026-05-03 12:00:00,177686346.0,28254810.30096114,177589521.45833334,28289645.13620698,0.99943757,1.536395,0.7928615,1.974625,48
2026-05-03 16:00:00,175935548.0,27916043.51290052,176310969.41666666,27971196.84427118,0.9991606,1.512199,0.79214851,1.030656,48
2026-05-03 20:00:00,176489831.0,27867539.58669604,176129645.20833334,27931538.139037084,0.99110617,1.502195,0.79198908,0.626532,48
2026-05-04 00:00:00,175233437.0,28093424.61984,175802598.42553192,27947908.54648597,0.9963339,1.483998,0.78495941,1.173109,47
2026-05-04 04:00:00,173991069.0,27795073.27275,174873697.875,28057653.146377895,1.00339079,1.45728,0.7882371,1.480568,48
2026-05-04 08:00:00,172085224.0,27160210.90392,171895715.77083334,27356293.077042077,1.01356699,1.371654,0.80922172,3.875964,48
2026-05-04 12:00:00,167206825.0,26395664.002607,169647960.89583334,26752071.89037892,0.99200882,1.320943,0.79469697,0.80705,48
2026-05-04 16:00:00,166762168.0,26225101.920764,166667818.4375,26313016.44379211,0.99615912,1.288288,0.81020903,1.607449,48
2026-05-04 20:00:00,167456533.0,26344261.77156,167386341.16666666,26318492.28227145,0.98023287,1.248275,0.80312594,1.460823,48
2026-05-05 00:00:00,172386271.0,27330300.40992455,171524815.0,27157842.80458676,1.01860974,1.239648,0.82320109,0.364772,47
2026-05-05 04:00:00,171614462.0,27272458.88994324,171866873.79166666,27245269.438569877,1.00327958,1.256726,0.80435109,0.240324,48
2026-05-05 08:00:00,171734676.0,27371094.98638788,172303791.20833334,27381771.971266005,1.00164114,1.272098,0.80245435,1.341718,48
2026-05-05 12:00:00,171568942.0,27243432.30018,172549656.9375,27584425.997374643,1.04280918,1.3077,0.83338405,0.675947,48
2026-05-05 16:00:00,169055681.0,26925498.31287,169761611.89583334,26944501.227927934,1.03941851,1.308759,0.83427009,0.176316,48
2026-05-05 20:00:00,169369562.0,27063562.31198,169600713.77083334,27155398.210715365,1.04624929,1.322966,0.83667227,0.73668,48
2026-05-06 00:00:00,167847256.0,27221467.97808,168908539.3617021,27181287.02417431,1.05255762,1.352591,0.8311828,0.732227,47
2026-05-06 04:00:00,168626265.0,27460787.25525,167928133.52083334,27160984.50845593,1.07577043,1.384361,0.85125116,1.263643,48
2026-05-06 08:00:00,167551129.0,27673069.51483026,168778693.9375,27840424.80638912,1.08412288,1.335892,0.8545426,1.415725,48
2026-05-06 12:00:00,164076605.0,26457352.55625,165599364.29166666,26962640.06290482,1.14369674,1.299888,0.91659984,0.955882,48
2026-05-06 16:00:00,161927001.0,26152829.93151,162565164.27083334,26153698.55235079,1.13049853,1.230179,0.91684025,7.000663,48
2026-05-06 20:00:00,164242593.0,26530133.968530808,162514315.77083334,26237538.361633014,1.10456942,1.259978,0.8868771,0.848518,48
2026-05-07 00:00:00,162477327.0,26005770.00859368,164075236.27659574,26326976.818247728,1.13705132,1.232239,0.90332522,2.162828,47
2026-05-07 04:00:00,163541976.0,26501563.44960072,163144790.02083334,26301605.217154056,1.16099164,1.254861,0.92066601,0.874702,48
2026-05-07 08:00:00,163251963.0,26268873.36633,163053730.54166666,26292343.356930897,1.15184638,1.259865,0.90807934,1.209106,48
2026-05-07 12:00:00,159210442.0,25315046.17242656,161520588.02083334,25865662.67776494,1.10172911,1.144925,0.87541607,0.641985,48
2026-05-07 16:00:00,161667255.0,25564858.517995354,161022382.75,25600663.013030812,1.11828883,1.160508,0.89297553,0.708368,48
2026-05-07 20:00:00,159127342.0,25122117.7291106,159242286.75,25182811.732292086,1.07567265,1.113195,0.8710633,0.403664,48
2026-05-08 00:00:00,161474790.0,25655263.1920068,160189892.91489363,25326064.35047169,1.04932114,1.076434,0.8617861,1.297765,47
2026-05-08 04:00:00,161659609.0,25606882.0656,161833670.45833334,25612962.992895875,1.05229662,1.080989,0.86471495,0.615989,48
2026-05-08 08:00:00,168320749.0,26809378.19017946,163917108.75,26041965.99071819,1.06001667,1.002897,0.86535506,3.210224,48
2026-05-08 12:00:00,167391141.0,27082167.50678193,167896081.72916666,26780454.439961318,1.06765446,0.987841,0.87662539,1.107465,48
2026-05-08 16:00:00,173951583.0,28553766.17693574,170189144.89583334,27788223.167474613,1.051318,1.090214,0.83593511,1.062489,48
2026-05-08 20:00:00,175685025.0,28682428.537713,176126871.47916666,28846949.533171326,1.12358244,1.118709,0.88188976,1.191165,48
2026-05-09 00:00:00,175609352.0,28705104.67792,175609352.0,28705104.67792,1.1245272,1.119624,0.88337273,3.724643,1
2026-05-09 04:00:00,182666198.0,30147066.74500378,182766430.14583334,30389496.359888095,1.11752931,1.21915,0.87319975,1.854731,48
2026-05-09 08:00:00,183782441.0,30118266.43108,183828573.72916666,30237463.930097166,1.14978229,1.25721,0.89587956,0.294502,48
2026-05-09 12:00:00,181700894.0,29410106.70284,183173024.27083334,29842935.037787016,1.16453436,1.284637,0.90758755,1.052092,48
2026-05-09 16:00:00,179593919.0,29216338.74292,180521016.5625,29305388.69967774,1.14841708,1.356267,0.89969894,2.688569,48
2026-05-09 20:00:00,178938265.0,29090661.180778448,179124790.16666666,29126948.60061525,1.15632319,1.342593,0.90722143,1.171541,48
2026-05-10 00:00:00,177671393.0,28663725.83269,178821346.3617021,28917690.402911253,1.14480954,1.335711,0.89536361,0.792741,47
2026-05-10 04:00:00,179610706.0,29135502.17889938,178559236.77083334,28859294.89222606,1.13210798,1.343942,0.88432719,0.749504,48
2026-05-10 08:00:00,182220051.0,29690935.10994,180967380.625,29444737.84810686,1.13954155,1.37913,0.90340731,0.982266,48
2026-05-10 12:00:00,181927521.0,30434695.01214462,182434128.91666666,29972263.082117736,1.13874644,1.397644,0.89931741,1.404749,48
2026-05-10 16:00:00,181112499.0,31020988.67346978,182980499.8125,31278695.00568455,1.11035073,1.239314,0.88786073,0.277438,48
2026-05-10 20:00:00,177828641.0,30134841.50386,177675239.54166666,29998397.2645223,1.12227708,1.252452,0.88934949,2.029317,48
2026-05-11 00:00:00,177833421.0,30135262.067468006,177833421.0,30135262.067468006,1.12130006,1.252511,0.88798598,1.957815,1
2026-05-11 04:00:00,177989546.0,29743044.53837122,177865155.5625,29601063.451183427,1.18228075,1.370679,0.92409241,0.945092,48
2026-05-11 08:00:00,177128653.0,29714087.880098313,178133069.20833334,29849510.17109099,1.22249093,1.370595,0.97990544,1.070251,48
2026-05-11 12:00:00,178619669.0,30379633.30352,177892142.5,29885519.464670677,1.24124155,1.386333,0.99240987,1.550124,48
2026-05-11 16:00:00,177605029.0,30047218.80622,178222813.83333334,30285129.682717446,1.30238474,1.35758,1.02901628,1.321099,48
2026-05-11 20:00:00,175701860.0,29618062.5402,175973901.75,29688030.83409652,1.33473344,1.350566,1.0496046,0.534805,48
2026-05-12 00:00:00,168290237.0,27973203.19414,170569364.93617022,28521593.026455484,1.33846154,1.37144,1.05919971,0.295193,47
2026-05-12 04:00:00,169032817.0,28018879.74592,169161009.3125,28128463.85339957,1.37891928,1.391202,1.08205507,1.995488,48
2026-05-12 08:00:00,164745994.0,27095648.42622456,166537827.45833334,27497721.798477884,1.35525876,1.37439,1.0814801,0.591608,48
2026-05-12 12:00:00,165267827.0,26845234.85643171,164131836.3125,26794846.661866914,1.2780441,1.311119,1.02945377,1.377208,48
2026-05-12 16:00:00,166036868.0,27045997.80455936,165412766.35416666,26874891.718878556,1.30680729,1.313197,1.05476781,0.857937,48
2026-05-12 20:00:00,165696920.0,26895924.0544,166124860.45833334,27031811.020445004,1.27884313,1.284496,1.03791718,0.220934,48
2026-05-13 00:00:00,170427103.0,27996060.20981,168469854.0212766,27539717.87550086,1.24992315,1.319711,0.99711669,1.313286,47
2026-05-13 04:00:00,170171729.0,27878968.89417276,169671822.10416666,27856611.890395567,1.24549068,1.296306,0.99510466,1.635885,48
2026-05-13 08:00:00,173036954.0,28160033.89396,171830095.10416666,28219589.058672298,1.24397682,1.331346,0.98703922,0.660103,48
2026-05-13 12:00:00,173217982.0,27451810.9707366,172851039.5,27778254.578045283,1.16731401,1.277316,0.94674259,0.520121,48
2026-05-13 16:00:00,174936790.0,27762456.3274247,176023634.25,28016883.929026764,1.12809442,1.300355,0.91350654,0.334195,48
2026-05-13 20:00:00,174222588.0,27692680.3626,175170504.91666666,27839792.565721873,1.12941847,1.266567,0.91904838,1.051218,48
2026-05-14 00:00:00,174190045.0,27673384.3239014,174190045.0,27673384.3239014,1.12881163,1.267692,0.91952738,0.37886,1
2026-05-14 04:00:00,178084452.0,28295496.65613216,177529229.9375,28265281.83210921,1.08835788,1.264274,0.89877972,2.785658,48
2026-05-14 08:00:00,179062583.0,28419022.54793,178895946.4375,28410619.129385736,1.0703724,1.247901,0.88948995,1.785168,48
2026-05-14 12:00:00,178872192.0,29352926.7072,180346883.75,29111022.133626062,1.07688007,1.217826,0.88522283,1.904399,48
2026-05-14 16:00:00,180507330.0,29920250.6096319,178148731.375,29392502.472793702,1.06614569,1.34056,0.87765957,0.962635,48
2026-05-14 20:00:00,175799845.0,28490122.8807,179353390.25,29384673.390020013,1.12658593,1.364235,0.91725578,1.000507,48
2026-05-15 00:00:00,175738785.0,28515071.22600195,175738785.0,28515071.22600195,1.1292281,1.365386,0.91763192,1.504299,1
2026-05-15 04:00:00,173446029.0,27752767.818374608,174100318.83333334,27854221.61886504,1.14240778,1.386621,0.91367713,1.259965,48
2026-05-15 08:00:00,172082579.0,27403589.71654246,171460931.5,27285491.014418256,1.15954089,1.430587,0.92893726,0.526631,48
2026-05-15 12:00:00,167036113.0,25795386.93059,168670800.20833334,26366091.592698004,1.11561181,1.308473,0.90321559,0.844389,48
2026-05-15 16:00:00,168308290.0,25985594.8886436,167850843.79166666,26054573.48678981,1.1092881,1.315188,0.89729983,0.644611,48
2026-05-15 20:00:00,169282210.0,26171029.666,168906772.625,26079526.898727436,1.08988764,1.30414,0.88309297,1.098704,48
2026-05-16 00:00:00,172161440.0,26635182.46312,171733689.5319149,26605192.895913206,1.04772118,1.309,0.87062566,1.016682,47
2026-05-16 04:00:00,170799867.0,25953039.79065,169946377.35416666,25988973.143681586,1.04157609,1.167388,0.85293667,1.175617,48
2026-05-16 08:00:00,171346519.0,25954367.84555662,170930629.70833334,25871204.68412593,1.06694102,1.163277,0.87312161,0.208588,48
2026-05-16 12:00:00,171998881.0,26183135.09628612,171695353.5,26054743.447447952,1.04513514,1.138388,0.85561986,1.962335,48
2026-05-16 16:00:00,173081627.0,26282445.05995,173265904.25,26403301.363417964,1.05156038,1.126067,0.86652413,0.47399,48
2026-05-16 20:00:00,173187766.0,26270852.22454,173137686.58333334,26284836.851704765,1.02894666,1.13727,0.85109599,0.644033,48
2026-05-17 00:00:00,170649015.0,25845126.08732925,171525605.6382979,25899769.730280492,1.02265458,1.110894,0.85042928,1.494099,47
2026-05-17 04:00:00,172752977.0,26258452.504,171692892.79166666,26060622.0973943,1.0260154,1.130082,0.85457271,0.302619,48
2026-05-17 08:00:00,175254211.0,26631629.90356,174430737.04166666,26504214.33715823,1.03156499,1.172741,0.85739884,3.433291,48
2026-05-17 12:00:00,175758918.0,26513405.02403964,174991720.22916666,26488553.533241984,1.04821524,1.193846,0.87747748,1.763008,48
2026-05-17 16:00:00,176954943.0,26858522.0719431,176557882.625,26637235.418992575,1.04237288,1.19949,0.87349308,2.112297,48
2026-05-17 20:00:00,164693456.0,24557884.24955664,175924839.77083334,26553644.68697655,1.02952329,1.040127,0.84553217,2.689586,48
2026-05-18 00:00:00,165648264.0,24738826.12417728,165739322.82978722,24773193.2846833,0.99416755,1.113264,0.83438819,0.618065,47
2026-05-18 04:00:00,165131422.0,24384957.08674,165204682.875,24559055.593559828,1.0149413,1.084921,0.84795764,0.704681,48
2026-05-18 08:00:00,167563684.0,24791043.69652632,166271549.77083334,24473385.401842076,1.01819641,1.079753,0.84450483,2.12042,48
2026-05-18 12:00:00,166052494.0,24298461.44702,167739925.375,24715683.479455978,1.0187567,1.09377,0.84528472,1.233884,48
2026-05-18 16:00:00,166330019.0,24465944.89216282,166686006.22916666,24325711.39053534,1.02945903,1.076293,0.85109269,0.989583,48
2026-05-18 20:00:00,165939250.0,24391410.3575,165865542.54166666,24412906.591986533,1.05995139,1.095322,0.87600669,0.240276,48
2026-05-19 00:00:00,167630507.0,24608158.4276,167267065.06382978,24606551.909044866,1.06857451,1.140417,0.86570997,0.973023,47
2026-05-19 04:00:00,171482499.0,25199353.22805,168160650.875,24674800.220643967,1.07066093,1.18236,0.86704682,1.727535,48
2026-05-19 08:00:00,168256333.0,24392120.59501,169776878.29166666,24813879.396726865,1.07762557,1.08729,0.87043686,3.117702,48
2026-05-19 12:00:00,167668290.0,24264793.9672416,168205045.9375,24402240.637846395,1.05623996,1.088273,0.85119403,0.824982,48
2026-05-19 16:00:00,167747577.0,24110359.24221,168482237.97916666,24405247.35255924,1.06101785,1.09665,0.85782343,0.823475,48
2026-05-19 20:00:00,166593332.0,23897813.4754,167220678.60416666,23992780.402098272,1.07285829,1.112585,0.86588095,0.735224,48
2026-05-20 00:00:00,166685310.0,23913596.3423643,166685310.0,23913596.3423643,1.07312517,1.113863,0.86588095,1.028537,1
2026-05-20 04:00:00,170634551.0,24431344.09972185,169393513.60416666,24282018.08344027,1.05217391,1.210687,0.85792431,2.212173,48
2026-05-20 08:00:00,170135197.0,24277365.375076354,170441172.85416666,24378791.892729774,1.04065676,1.236357,0.84776903,1.067319,48
2026-05-20 12:00:00,167033593.0,24039113.91199912,169037588.75,24234751.314911906,1.04017741,1.212642,0.85168934,0.503211,48
2026-05-20 16:00:00,165846957.0,23857084.76445,166242109.47916666,23923001.28859815,1.05401154,1.206564,0.86260437,0.226604,48
2026-05-20 20:00:00,165686731.0,23802555.77546,165538357.75,23765799.1048574,1.06973059,1.196,0.88057278,0.728869,48
2026-05-21 00:00:00,165589000.0,23798707.74295,165589000.0,23798707.74295,1.06728232,1.192455,0.87614138,2.332227,1
2026-05-21 04:00:00,166797625.0,24315757.7725,169340312.33333334,24722460.081039537,1.07208629,1.123255,0.86684303,0.370528,48
2026-05-21 08:00:00,164969839.0,23679937.30959739,166827018.02083334,24148781.3196855,1.08375298,1.123428,0.87551683,0.343189,48
2026-05-21 12:00:00,164204237.0,23758179.02980212,164677452.14583334,23747713.214587178,1.05942677,1.129864,0.85823193,0.509903,48
2026-05-21 16:00:00,165210774.0,24354719.7205227,165174160.25,24279940.072922666,1.05508919,1.133959,0.86067019,1.186595,48
2026-05-21 20:00:00,163913772.0,24024269.50297572,164327494.54166666,24180416.831306312,1.0790314,1.123015,0.87559524,1.496044,48
2026-05-22 00:00:00,165112419.0,24474423.98908815,164664363.1276596,24196750.56040235,1.07960857,1.091807,0.86626275,0.976981,47
2026-05-22 04:00:00,166549020.0,24516015.744,166831512.79166666,24596016.401878938,1.11517615,1.087424,0.88860455,0.743155,48
2026-05-22 08:00:00,166552842.0,24799278.47429712,166240523.25,24523665.754685476,1.10392422,1.088235,0.88639446,0.737623,48
2026-05-22 12:00:00,161494854.0,23808012.25763142,164432970.9375,24384332.417455304,1.12572374,1.067023,0.90752423,0.635071,48
2026-05-22 16:00:00,158382870.0,22959180.8352,160632547.625,23525411.807350006,1.12055944,1.04012,0.89137182,2.116417,48
2026-05-22 20:00:00,159932418.0,22953500.63136,159566237.75,23112959.285412613,1.12398317,1.030732,0.90774042,0.677001,48
2026-05-23 00:00:00,159943565.0,23118242.8851,160037943.29787233,23070413.414472748,1.09746589,1.04426,0.89733603,2.963436,47
2026-05-23 04:00:00,154805010.0,21745459.7547,159776259.79166666,22930940.731521502,1.05827963,0.97796,0.86752137,0.639545,48
2026-05-23 08:00:00,155716983.0,21982127.36821794,156260501.8125,22034139.102742292,1.06884058,0.974237,0.89117043,1.357692,48
2026-05-23 12:00:00,156624851.0,22726574.431056473,156295421.0625,22408214.849148452,1.03832368,0.975668,0.86119775,1.310723,48
2026-05-23 16:00:00,157007695.0,22902712.46965,156743954.41666666,22776659.94664986,1.08454313,0.974314,0.89092066,1.546024,48
2026-05-23 20:00:00,154089625.0,22822214.35875,154738730.58333334,22857867.9100975,1.05249716,0.958597,0.87617981,3.352192,48
2026-05-24 00:00:00,151881422.0,22541839.68628592,153505858.70212767,22798008.6792532,1.08989087,0.966646,0.88518758,0.771617,47
2026-05-24 04:00:00,151866616.0,22567379.1376,151865629.60416666,22544206.709277626,1.12613139,0.971682,0.90889761,1.977791,48
2026-05-24 08:00:00,152095330.0,22695665.1426,152168278.10416666,22671308.85818614,1.16296519,0.957075,0.9419778,2.158468,48
2026-05-24 12:00:00,149109140.0,21892203.9348,150265898.08333334,22163923.89362598,1.20949721,0.980338,0.95867347,0.944972,48
2026-05-24 16:00:00,149432477.0,21883162.40466337,149170234.29166666,21884471.322685804,1.19925972,0.982242,0.9648164,0.88009,48
2026-05-24 20:00:00,149483261.0,22065811.625425726,149359659.89583334,21871570.838685334,1.19864906,1.015918,0.95756646,2.48226,48
2026-05-25 00:00:00,148891261.0,21933171.65791,149017707.80851063,21958388.593560193,1.22375,1.02317,0.99110879,0.593711,47
2026-05-25 04:00:00,157087254.0,23995403.21911578,151332366.08333334,22595191.584965337,1.20260627,1.085888,0.98960719,0.952957,48
2026-05-25 08:00:00,155473126.0,23478032.51607898,158114666.8125,24107456.700443473,1.26752,1.083585,1.04498458,0.281443,48
2026-05-25 12:00:00,149991922.0,22630781.19136,152582421.52083334,22959575.640001863,1.32259125,1.100296,1.09281437,0.269366,48
2026-05-25 16:00:00,148312039.0,22286850.10053,149271528.75,22527743.76822008,1.36056718,1.069762,1.12918752,0.62324,48
2026-05-25 20:00:00,145816976.0,21848240.16827056,146833129.3125,22010910.218533825,1.37992463,1.040028,1.16389549,0.799334,48
2026-05-26 00:00:00,146586258.0,21717281.8332288,147060798.9574468,21820564.01731335,1.44416961,1.027138,1.24438954,1.19986,47
2026-05-26 04:00:00,148022629.0,21999123.12198,147229709.4375,21862765.443324644,1.48090778,1.040412,1.29509928,1.694756,48
2026-05-26 08:00:00,150091586.0,22508137.98292634,149388963.83333334,22255254.944885094,1.46688034,1.034208,1.28148615,1.521863,48
2026-05-26 12:00:00,152098905.0,22662736.845,150873283.20833334,22591461.209117875,1.43555241,1.022419,1.26784215,0.542619,48
2026-05-26 16:00:00,152906018.0,22597980.40022,152898506.29166666,22627030.58312208,1.4380816,0.97749,1.27452229,1.396371,48
2026-05-26 20:00:00,152957696.0,22553612.2752,152917632.625,22572290.584001243,1.44304707,0.98128,1.28040756,1.321985,48
2026-05-27 00:00:00,151810735.0,22406142.604668353,151864430.29787233,22465304.46703836,1.45148443,0.998887,1.24914749,1.116387,47
2026-05-27 04:00:00,152311356.0,22446005.73086232,151987323.85416666,22400236.792565476,1.49192364,0.989513,1.29240781,4.646339,48
2026-05-27 08:00:00,152367761.0,22407202.93266,152470593.02083334,22451099.34396625,1.49634236,1.008746,1.29146919,0.536996,48
2026-05-27 12:00:00,185439361.0,29724075.17469,165833996.9375,25552915.407123495,1.19396552,1.010074,1.05552511,0.771367,48
2026-05-27 16:00:00,197484519.0,32288718.8565,193695194.14583334,31518432.043658957,1.21472393,0.916983,1.09480497,0.89305,48
2026-05-27 20:00:00,190229853.0,31223082.065882847,193621677.08333334,31747203.85674006,1.25990026,0.847303,1.1770889,1.786887,48
2026-05-28 00:00:00,221053034.0,37988379.47260392,213302189.4680851,37029857.07633127,1.12569002,0.797609,1.10411376,1.182828,47
2026-05-28 04:00:00,231786402.0,38548632.93875004,227577094.875,38570924.13997828,1.30513666,0.763,1.27306476,1.274818,48
2026-05-28 08:00:00,262742854.0,46839168.58258,243364809.64583334,42003726.391322665,1.00432828,0.751404,1.04051958,0.674857,48
2026-05-28 12:00:00,301278671.0,59956727.170179345,285231551.2083333,55270838.37584638,0.71889505,0.686333,0.76266423,1.12445,48
2026-05-28 16:00:00,307520209.0,62402603.54988964,304520285.8541667,62736485.89892397,0.70888709,0.692725,0.76082198,1.361388,48
2026-05-28 20:00:00,317876679.0,64331882.29602,311229626.5,64235751.121963985,0.66246092,0.746701,0.70825114,1.550765,48
2026-05-29 00:00:00,321566644.0,66614768.40844224,317086200.2553192,63620779.29080725,0.70768355,0.82841,0.73724763,1.275005,47
2026-05-29 04:00:00,302496308.0,62283989.8172,309804589.0416667,63980945.97164167,0.80986866,0.85766,0.86867812,0.707787,48
2026-05-29 08:00:00,291898766.0,60081598.89945916,303094348.2708333,64340679.92368525,0.86153072,0.850202,0.94429665,1.114194,48
2026-05-29 12:00:00,285107250.0,60267866.46821249,290460446.0416667,59838647.49670469,0.80256207,0.760805,0.86451392,1.359202,48
2026-05-29 16:00:00,300092381.0,71237732.95698981,290727686.6041667,63024820.31978116,0.79981501,0.726688,0.88666902,0.809307,48
2026-05-29 20:00:00,303080429.0,79442432.79165143,297000846.8541667,72836172.60496332,0.79395297,0.705026,0.91008991,1.26903,48
2026-05-30 00:00:00,302471156.0,88937088.20619066,300725938.9361702,82780392.02582951,0.82842152,0.853957,0.94151786,0.864424,47
2026-05-30 04:00:00,287169203.0,72580726.66852853,292713455.1041667,77570408.72346373,0.8369539,0.815436,0.86797796,0.934077,48
2026-05-30 08:00:00,304305971.0,76901161.93141,304710043.7291667,75285615.72941287,0.91595059,0.88742,0.96006826,1.193035,48
2026-05-30 12:00:00,296260068.0,74553215.07825516,296407313.0416667,74377895.35823739,0.88738324,0.888262,0.9706772,0.991052,48
2026-05-30 16:00:00,287282238.0,70949465.17075878,286002582.5416667,71211096.59698804,0.87655996,0.789005,0.92881151,0.82582,48
2026-05-30 20:00:00,310244900.0,71008852.712,292196856.8125,69098622.29707977,0.85509712,0.857562,0.849826,0.912822,48
2026-05-31 00:00:00,321389219.0,77431571.76625068,319390875.4255319,74732353.25558108,0.85271427,0.981635,0.91947138,1.090173,47
2026-05-31 04:00:00,311068301.0,71803895.91983,317493248.3333333,75332326.30968247,0.84446646,0.921228,0.87836059,0.720422,48
2026-05-31 08:00:00,308660767.0,80855450.36862957,313577754.6875,76701769.78213583,0.84107068,0.921768,0.95244957,0.912414,48
2026-05-31 12:00:00,302822080.0,75024170.32,305311240.3541667,78264081.90970722,0.85353679,0.897206,0.94885414,0.963443,48
2026-05-31 16:00:00,302987186.0,74331534.26457842,302430855.3541667,74724266.64889713,0.92228916,0.838633,1.02717901,0.810167,48
2026-05-31 20:00:00,307759352.0,80020509.11352,304092324.6666667,76907650.65683506,0.88366788,0.864604,0.98788581,0.965532,48
2026-06-01 00:00:00,308158701.0,80014925.93704593,308158701.0,80014925.93704593,0.88347007,0.866116,0.99072708,0.696289,1
2026-06-01 04:00:00,319884801.0,82974848.15673378,324597098.8333333,85734323.99219203,0.97168637,0.885489,1.06641711,1.06004,48
2026-06-01 08:00:00,314468224.0,81657963.72608,315534820.5,81298135.36304219,0.91536643,0.843634,0.9749867,1.296791,48
2026-06-01 12:00:00,311478786.0,78548720.25348,316970629.1875,81406846.45483215,0.98476064,0.862121,1.06045842,1.500877,48
2026-06-01 16:00:00,312718678.0,78258812.34302826,313489945.0625,79658809.1678222,0.91931818,0.83493,0.98130028,0.805463,48
2026-06-01 20:00:00,314634735.0,76113288.74385,312568751.7708333,76796777.5970203,0.95883045,0.816357,1.02691138,0.364734,48
2026-06-02 00:00:00,324719688.0,76244182.7424,320979929.9361702,76279831.4625456,0.93591014,0.85472,0.99037278,0.791211,47
2026-06-02 04:00:00,332173562.0,76143650.67865261,329389327.4583333,76371831.71282358,0.90734613,0.893272,0.96956325,0.909328,48
2026-06-02 08:00:00,324522570.0,74971204.1214,327377911.9375,75562202.22553752,0.92615176,1.002438,1.00546194,0.607139,48
2026-06-02 12:00:00,329004014.0,71180018.4289,327421881.0833333,74349887.82046302,0.91212717,1.002619,0.95243844,1.248114,48
2026-06-02 16:00:00,330162836.0,72699360.45615984,325105572.3958333,71723769.32535718,0.90839695,1.065333,0.95451202,1.245571,48
2026-06-02 20:00:00,323670668.0,71877545.24276,324635999.3333333,71641444.83323157,0.89760268,1.101292,0.93963554,0.789291,48
2026-06-03 00:00:00,323830781.0,71103524.58417,322622343.0212766,72027176.74405828,0.91413768,1.063054,0.96333934,1.102689,47
2026-06-03 04:00:00,319942667.0,73945149.19704,322116566.3541667,72754708.0741449,0.94664895,1.108948,1.02704143,1.914158,48
2026-06-03 08:00:00,304294235.0,69309097.90595,311021195.1875,70916409.54341017,0.96274246,1.069351,1.0639598,1.632852,48
2026-06-03 12:00:00,294287833.0,65367213.46596,301316976.6458333,68491299.17319341,0.96653124,1.035523,1.06470029,0.625323,48
2026-06-03 16:00:00,288714394.0,61877450.81214822,291899960.75,64071148.36016646,0.95296686,0.987577,1.02219771,0.524288,48
2026-06-03 20:00:00,295975785.0,62049991.434217505,294400154.5416667,62402595.04129977,0.94433198,0.98341,0.98336106,0.606547,48
2026-06-04 00:00:00,296081112.0,61812380.0224608,296081112.0,61812380.0224608,0.94568302,0.981514,0.98777268,0.364902,1
2026-06-04 04:00:00,296631783.0,62159190.12765,294372478.2708333,62110767.00572636,0.99031633,1.108904,1.01498457,0.635037,48
2026-06-04 08:00:00,304084892.0,62504649.5506,299015230.4375,61888341.64098405,0.97861771,1.075346,1.00367972,0.937224,48
2026-06-04 12:00:00,297057949.0,61463701.75864588,302165884.8541667,63169371.66920596,1.03281983,1.110337,1.06986301,0.91161,48
2026-06-04 16:00:00,293559125.0,61604858.983648755,295268932.8958333,61176617.08579848,0.99140591,1.083211,1.02825793,0.749597,48
2026-06-04 20:00:00,288329751.0,58208249.44557333,290593452.2916667,59157523.01973155,1.00316384,1.135644,1.03428042,0.611206,48
2026-06-05 00:00:00,295756152.0,57858776.01576,288769612.31914896,57419760.34110046,0.98026763,1.073796,0.98374865,1.317537,47
2026-06-05 04:00:00,279136760.0,53463063.6428,291938886.1458333,56723703.73599035,1.04756007,1.18695,1.03747073,2.062437,48
2026-06-05 08:00:00,278143698.0,52821243.33693439,278645710.4166667,53278037.15528228,1.06550436,1.212523,1.03525323,0.892401,48
2026-06-05 12:00:00,275758052.0,51461967.66424,273241187.0625,51617700.284846805,1.04928697,1.235001,1.01431863,0.834059,48
2026-06-05 16:00:00,279511277.0,54105587.657684475,280760453.0625,53903184.99261248,1.0276343,1.308499,0.98691811,1.05665,48
2026-06-05 20:00:00,271798127.0,55215789.50005,274844710.9166667,55439120.33863071,1.0567525,1.257477,1.04342497,0.458088,48
2026-06-06 00:00:00,264489468.0,50817853.20743952,267170178.61702126,53121670.525084466,1.10280855,1.210093,1.08104825,1.010578,47
2026-06-06 04:00:00,265321094.0,53141161.91726,262049745.27083334,50844268.96368745,1.07032457,1.276663,1.0745614,1.620025,48
2026-06-06 08:00:00,260655106.0,51704649.397258386,262858567.375,52298606.45476991,1.11971459,1.102179,1.1363472,1.352364,48
2026-06-06 12:00:00,259556591.0,54068877.17155568,260115958.85416666,52403900.97514983,1.14945867,1.023523,1.23207135,1.641217,48
2026-06-06 16:00:00,249280821.0,50918100.49746,251310629.375,52431182.885755666,1.20291391,0.951372,1.31294898,1.653453,48
2026-06-06 20:00:00,249385787.0,52984504.30602,250406428.33333334,52259484.27306657,1.17929227,0.967264,1.31643002,0.572822,48
2026-06-07 00:00:00,249169903.0,52824276.08100009,249169903.0,52824276.08100009,1.18246259,0.973602,1.31808118,0.638514,1
2026-06-07 04:00:00,255847252.0,53638376.3818,256391906.9375,53854703.56584252,1.32664526,0.952306,1.42303371,0.809073,48
2026-06-07 08:00:00,264008567.0,54290188.42057466,259724423.6875,53468565.767642595,1.30859584,0.866598,1.36526508,0.786496,48
2026-06-07 12:00:00,261403788.0,52929038.99424,262222907.0625,53376901.499676436,1.25912216,0.84181,1.29189671,0.908804,48
2026-06-07 16:00:00,262663981.0,52632608.51278,263971618.02083334,54114902.13182753,1.20368421,0.820795,1.24838594,0.80887,48
2026-06-07 20:00:00,260567057.0,53670950.98321751,261983002.6875,53281400.20209444,1.19173031,0.820337,1.23262462,0.410277,48
2026-06-08 00:00:00,260569446.0,53596529.34774,260569446.0,53596529.34774,1.19341238,0.820239,1.23514674,0.914511,1
2026-06-08 04:00:00,260510802.0,52891508.13006,260412919.9375,52072495.68445068,1.17491665,0.84191,1.18597875,0.839384,48
2026-06-08 08:00:00,261110974.0,52929805.53954,261409290.9375,52757164.91047349,1.12673217,0.858804,1.13053613,1.788596,48
2026-06-08 12:00:00,258875190.0,51921916.0165503,259971309.9375,52459438.73308758,1.16412214,0.855014,1.16200837,0.34664,48
2026-06-08 16:00:00,256653037.0,51842853.49695719,257292234.375,51658125.826883376,1.1099282,0.867439,1.0964418,1.172534,48
2026-06-08 20:00:00,258966882.0,52288003.14462,259305810.04166666,53028977.61314434,1.09485771,0.864382,1.09194839,0.541289,48
2026-06-09 00:00:00,254187362.0,50119573.575377025,254785038.1276596,50689009.691617206,1.1236437,0.845456,1.10656549,0.299618,47
2026-06-09 04:00:00,256417075.0,51820826.72663875,255479815.66666666,51312846.03031424,1.09455731,0.83915,1.08796296,0.65838,48
2026-06-09 08:00:00,259229299.0,50871336.503976315,258272105.79166666,51165836.893483646,1.11323603,0.872036,1.09305761,1.223148,48
2026-06-09 12:00:00,247926845.0,48376663.64891375,252873809.14583334,50169920.47365883,1.05512789,1.01953,1.03080148,1.746341,48
2026-06-09 16:00:00,241852997.0,47417698.59182,243187798.8125,47330808.646541335,1.07663222,1.021215,1.04542484,1.412478,48
2026-06-09 20:00:00,238933340.0,45915819.9478,239181403.375,46399217.83697525,1.07253627,0.995228,1.0130865,0.974715,48
2026-06-10 00:00:00,239020593.0,45937613.95988079,239020593.0,45937613.95988079,1.06941323,0.997751,1.0082763,2.603188,1
2026-06-10 04:00:00,241119743.0,44927841.71319,242753134.85416666,45203174.91593534,1.0343651,0.947742,0.95716239,0.801989,48
2026-06-10 08:00:00,245926951.0,45457137.62284,245503925.3125,45134826.53166176,0.99226623,0.914891,0.91347271,1.897058,48
2026-06-10 12:00:00,245272695.0,46574912.993539356,244648676.25,46087605.46098319,0.96702526,0.962738,0.89828038,1.331276,48
2026-06-10 16:00:00,245393573.0,45346278.35467,245215614.14583334,45622990.50521507,0.96471418,0.983136,0.89219114,0.871284,48
2026-06-10 20:00:00,245114484.0,44870657.44104,244287930.33333334,44735412.30452601,0.95293569,0.94657,0.85936396,2.155739,48
2026-06-11 00:00:00,245166304.0,44813990.38643168,245166304.0,44813990.38643168,0.95820686,0.945517,0.86321155,0.523046,1
2026-06-11 04:00:00,249559261.0,47516674.74984857,245378648.1875,46849316.00699789,0.92837274,0.998797,0.86000561,0.750386,48
2026-06-11 08:00:00,246669648.0,47118836.16096,247085913.0625,46862929.30909189,0.93457077,1.021008,0.85928102,0.665183,48
2026-06-11 12:00:00,239967315.0,44468343.14265,243153014.58333334,45554525.925609894,0.95475856,1.021123,0.85237234,1.157577,48
2026-06-11 16:00:00,237246619.0,45534743.58467,237064522.3125,44987781.4351537,0.91874854,1.020039,0.83395912,0.503695,48
2026-06-11 20:00:00,238508430.0,45731606.3682,237686437.79166666,45623372.54918206,0.89900163,1.016235,0.8182947,1.345409,48
2026-06-12 00:00:00,238606239.0,45786151.20171,238606239.0,45786151.20171,0.89700765,1.015869,0.81704122,0.601524,1
2026-06-12 04:00:00,233184922.0,44235179.7034,233509009.125,44851359.799259625,0.94916056,1.007822,0.84127654,0.592883,48
2026-06-12 08:00:00,234581235.0,45555675.837,235303811.10416666,45474382.97959847,0.9336325,1.034044,0.82269801,1.69013,48
2026-06-12 12:00:00,232605162.0,44108916.87006,232395545.625,44627197.88886174,0.96487403,0.976329,0.841,1.520839,48
2026-06-12 16:00:00,230554637.0,43605183.52205379,231795547.375,43880387.322424464,0.93606983,0.930711,0.82648914,0.782416,48
2026-06-12 20:00:00,230449925.0,43365806.47808475,230326351.6875,43468963.63564276,0.94413013,0.938946,0.81936737,1.656618,48
2026-06-13 00:00:00,227196901.0,42148055.94215935,228275155.59574467,42619312.70031224,0.92148285,0.967691,0.79787957,0.356006,47
2026-06-13 04:00:00,227983332.0,43392067.57956,228932346.3125,42606000.33527813,0.87811448,0.980444,0.77571218,1.381094,48
2026-06-13 08:00:00,228042171.0,43508284.38701892,227288368.10416666,43336063.90044986,0.87205915,0.971339,0.76611516,1.132154,48
2026-06-13 12:00:00,233150495.0,44480451.4361,229884186.29166666,43617880.52518298,0.88988362,1.042654,0.77139108,1.310221,48
2026-06-13 16:00:00,234868540.0,43942478.1819622,234215582.27083334,43931585.5283536,0.92728094,1.013429,0.80007892,0.445225,48
2026-06-13 20:00:00,233280545.0,43607132.27685,233942486.08333334,43775452.31612811,0.91167263,1.006399,0.79257128,0.64822,48
2026-06-14 00:00:00,233354176.0,43623229.66144,233354176.0,43623229.66144,0.91338406,1.006068,0.79176471,2.192543,1
2026-06-14 04:00:00,234486041.0,43708198.0424,234053738.02083334,43521124.27702613,0.92216097,1.010759,0.79511059,0.772956,48
2026-06-14 08:00:00,236735104.0,43547422.3808,236417845.08333334,43784004.247122526,0.93957372,1.00743,0.80793936,1.364852,48
2026-06-14 12:00:00,237977940.0,43223933.2422,236106295.77083334,43088062.349351466,0.93621176,1.013044,0.80532995,0.226348,48
2026-06-14 16:00:00,235406207.0,42737996.88085,235784204.95833334,42956295.08047413,0.92402066,0.989282,0.79516109,1.235221,48
2026-06-14 20:00:00,238433025.0,45519248.80275,235519723.89583334,43790678.191225424,0.90294894,0.967466,0.7974369,0.480296,48
2026-06-15 00:00:00,238263203.0,45483683.0104504,238263203.0,45483683.0104504,0.90663717,0.969707,0.79986902,0.613229,1
2026-06-15 04:00:00,240686017.0,45547421.85708,239998188.52083334,45433946.8859368,0.92632985,0.983,0.80451325,1.429488,48
2026-06-15 08:00:00,247444305.0,48946621.4477952,242933678.66666666,46489242.21294501,0.93719267,1.043772,0.83927397,1.468717,48
2026-06-15 12:00:00,261327075.0,59691115.30060125,253743431.25,53652498.25948894,0.88147053,1.091524,0.83918531,1.259744,48
2026-06-15 16:00:00,254431255.0,56360202.058447294,253137400.27083334,57012437.399370916,0.88558879,1.096874,0.82835184,0.905873,48
2026-06-15 20:00:00,255102454.0,54469475.97808,255013410.08333334,55518851.85826556,0.95579612,1.032788,0.83026163,1.686314,48
2026-06-16 00:00:00,248575073.0,53113692.08610272,249153123.78723404,53122746.535583,1.04422719,1.085392,0.89802587,2.315221,47
2026-06-16 04:00:00,249871498.0,53894783.40362,248896376.79166666,53522615.85075778,1.08658623,1.095077,0.96865379,1.098728,48
2026-06-16 08:00:00,258083518.0,57550043.67882,253992009.0,56435890.31232974,1.15164238,1.113876,1.07498864,1.063285,48
2026-06-16 12:00:00,249369663.0,54902940.66936144,256055187.45833334,57243232.64513877,1.19733054,1.108183,1.10962653,2.692954,48
2026-06-16 16:00:00,248149232.0,54337237.33104,249737628.75,54499678.28386425,1.19160877,1.13186,1.08667868,0.931133,48
2026-06-16 20:00:00,242742314.0,52549598.92620084,246391639.77083334,54048160.039279856,1.23821272,1.132251,1.11923848,1.099359,48
2026-06-17 00:00:00,242627038.0,52552623.37499844,242627038.0,52552623.37499844,1.2390471,1.133955,1.11973948,1.079763,1
2026-06-17 04:00:00,251471836.0,55731188.29432,251311758.66666666,56392660.74759192,1.2867247,1.195852,1.21679284,0.635848,48
2026-06-17 08:00:00,244971488.0,55130833.3744,242616921.29166666,53398736.079780616,1.26964433,1.114758,1.20617841,0.808919,48
2026-06-17 12:00:00,251732811.0,58060823.56928304,249687175.33333334,56416287.23365181,1.26066991,1.119275,1.19662732,1.562588,48
2026-06-17 16:00:00,246911526.0,54340925.67381708,252673354.39583334,57053719.697702855,1.27734807,1.167184,1.18584071,1.297131,48
2026-06-17 20:00:00,249691751.0,56527810.39175537,248083073.33333334,55895375.41727067,1.24760864,1.168932,1.1643002,2.473304,48
2026-06-18 00:00:00,246883907.0,57518948.463044174,251522924.0425532,59262637.694971345,1.25435816,1.049332,1.19123967,1.373342,47
2026-06-18 04:00:00,233786618.0,55634201.48546,238411701.72916666,55297306.373484276,1.32774019,1.032258,1.28488964,0.534135,48
2026-06-18 08:00:00,235497221.0,55855383.94997365,237645992.33333334,56970880.11399817,1.23220384,0.910681,1.20161025,1.39329,48
2026-06-18 12:00:00,254375122.0,60599785.31406,245388284.1875,59968953.72289392,1.33360107,0.854178,1.28316964,0.7021,48
2026-06-18 16:00:00,250014575.0,59165949.17375,253344721.35416666,59929834.61220608,1.39786756,0.908719,1.32505643,0.890452,48
2026-06-18 20:00:00,245481885.0,57696189.22361745,247167596.16666666,58179426.455355585,1.429144,0.885454,1.33496847,1.519257,48
2026-06-19 00:00:00,237668891.0,53789223.41112,242516131.6382979,56196834.938783064,1.41762014,0.861189,1.33634067,0.468736,47
2026-06-19 04:00:00,243316704.0,52786853.3143584,238316369.45833334,52616555.21110237,1.38318559,0.811779,1.3246493,1.018572,48
2026-06-19 08:00:00,245100005.0,53141367.3880752,244337272.0625,53403689.87884105,1.32732394,0.826734,1.24735169,1.368546,48
2026-06-19 12:00:00,243481290.0,54123660.4783836,245097178.77083334,53843677.667455606,1.30451866,0.842001,1.22642832,1.615584,48
2026-06-19 16:00:00,240879366.0,52770529.07556066,243464487.91666666,53796804.38592088,1.32282794,0.79975,1.23023628,1.358973,48
2026-06-19 20:00:00,237827944.0,51644338.0396,239300200.58333334,52123189.13827363,1.31992066,0.844218,1.25272134,1.668846,48
2026-06-20 00:00:00,233156687.0,49474475.68851357,234867206.61702126,50154770.39243698,1.23299411,0.797892,1.15123195,0.875753,47
2026-06-20 04:00:00,234776227.0,50537930.62402,235437635.72916666,50752166.46433351,1.24476295,0.806738,1.17091926,0.427568,48
2026-06-20 08:00:00,235664368.0,50712615.34992,236008717.45833334,51007703.57795701,1.28034763,0.807085,1.22989542,0.836905,48
2026-06-20 12:00:00,234241731.0,50368999.41693,234953007.35416666,50395815.01890451,1.27901024,0.811432,1.23372835,0.439388,48
2026-06-20 16:00:00,234619674.0,49791756.76881072,234782755.75,49977946.98849971,1.27444351,0.832302,1.20822163,0.622755,48
2026-06-20 20:00:00,235866135.0,50995227.79681485,234842997.3125,50372897.43601554,1.19939327,0.83539,1.14757554,1.438359,48
2026-06-21 00:00:00,235477242.0,50874858.1341,235477242.0,50874858.1341,1.19818082,0.838056,1.15039578,0.28052,1
2026-06-21 04:00:00,241000490.0,51432762.8926248,239379558.9375,51151270.65507237,1.20842391,0.87733,1.143353,1.276976,48
2026-06-21 08:00:00,239034159.0,50512698.47988,239111108.83333334,50870533.494327284,1.19332256,0.847612,1.12855674,0.826129,48
2026-06-21 12:00:00,243554967.0,52732085.90517,241430987.64583334,51587469.91544327,1.14422311,0.872558,1.08154289,1.956834,48
2026-06-21 16:00:00,244224481.0,52554380.32374723,244090956.125,52139860.89306909,1.14377338,0.886067,1.08911228,0.652734,48
2026-06-21 20:00:00,239973446.0,50368026.58094,241348598.45833334,51186906.76354339,1.15219145,0.852653,1.08700855,4.060023,48
2026-06-22 00:00:00,243984922.0,51263671.96142,241307158.74468085,51405940.85534179,1.17534394,0.836946,1.12703076,0.803115,47
2026-06-22 04:00:00,243889660.0,51911914.131,244550649.75,51821399.393541954,1.14197531,0.847954,1.11074637,0.446836,48
2026-06-22 08:00:00,245578713.0,52529053.41092265,244854014.64583334,51665169.002673976,1.11292017,0.887,1.07568846,1.364212,48
2026-06-22 12:00:00,251525422.0,52724758.95964,248505736.02083334,52980627.91696105,1.17972103,0.940653,1.12785155,0.40223,48
2026-06-22 16:00:00,241009702.0,49206950.85734,248191665.58333334,51249483.16522115,1.20357524,0.805149,1.12931902,0.752382,48
2026-06-22 20:00:00,238617354.0,48397481.3089761,239637740.58333334,48780589.959514,1.13647959,0.783008,1.05542322,1.394764,48
2026-06-23 00:00:00,238736757.0,48415157.793518245,238736757.0,48415157.793518245,1.13637522,0.783816,1.05408406,0.652287,1
