datetime,funding_interval_hours,last_funding_rate,source
2025-01-01 00:00:00.015,8,0.0001,binance_data_vision_monthly
2025-01-01 08:00:00.000,8,-3.892e-05,binance_data_vision_monthly
2025-01-01 16:00:00.001,8,3.709e-05,binance_data_vision_monthly
2025-01-02 00:00:00.000,8,0.0001,binance_data_vision_monthly
2025-01-02 08:00:00.006,8,0.0001,binance_data_vision_monthly
2025-01-02 16:00:00.000,8,0.0001,binance_data_vision_monthly
2025-01-03 00:00:00.000,8,0.0001,binance_data_vision_monthly
2025-01-03 08:00:00.000,8,0.0001,binance_data_vision_monthly
2025-01-03 16:00:00.000,8,0.0001,binance_data_vision_monthly
2025-01-04 00:00:00.000,8,4.33e-05,binance_data_vision_monthly
2025-01-04 08:00:00.000,8,0.0001,binance_data_vision_monthly
2025-01-04 16:00:00.000,8,1.014e-05,binance_data_vision_monthly
2025-01-05 00:00:00.000,8,8.853e-05,binance_data_vision_monthly
2025-01-05 08:00:00.000,8,0.0001,binance_data_vision_monthly
2025-01-05 16:00:00.000,8,0.0001,binance_data_vision_monthly
2025-01-06 00:00:00.000,8,0.0001,binance_data_vision_monthly
2025-01-06 08:00:00.001,8,-0.00021821,binance_data_vision_monthly
2025-01-06 16:00:00.000,8,4.237e-05,binance_data_vision_monthly
2025-01-07 00:00:00.000,8,1.749e-05,binance_data_vision_monthly
2025-01-07 08:00:00.000,8,-1.31e-05,binance_data_vision_monthly
2025-01-07 16:00:00.008,8,2.158e-05,binance_data_vision_monthly
2025-01-08 00:00:00.001,8,0.0001,binance_data_vision_monthly
2025-01-08 08:00:00.000,8,0.0001,binance_data_vision_monthly
2025-01-08 16:00:00.000,8,-0.00012828,binance_data_vision_monthly
2025-01-09 00:00:00.000,8,-0.00015755,binance_data_vision_monthly
2025-01-09 08:00:00.000,8,-0.00017105,binance_data_vision_monthly
2025-01-09 16:00:00.000,8,8.414e-05,binance_data_vision_monthly
2025-01-10 00:00:00.000,8,1.691e-05,binance_data_vision_monthly
2025-01-10 08:00:00.000,8,1.631e-05,binance_data_vision_monthly
2025-01-10 16:00:00.000,8,0.0001,binance_data_vision_monthly
2025-01-11 00:00:00.000,8,5.397e-05,binance_data_vision_monthly
2025-01-11 08:00:00.000,8,-5.64e-06,binance_data_vision_monthly
2025-01-11 16:00:00.000,8,-4e-08,binance_data_vision_monthly
2025-01-12 00:00:00.000,8,9.867e-05,binance_data_vision_monthly
2025-01-12 08:00:00.000,8,-4.003e-05,binance_data_vision_monthly
2025-01-12 16:00:00.000,8,4.36e-06,binance_data_vision_monthly
2025-01-13 00:00:00.000,8,-0.00011166,binance_data_vision_monthly
2025-01-13 08:00:00.000,8,-0.0001124,binance_data_vision_monthly
2025-01-13 16:00:00.000,8,-0.00012567,binance_data_vision_monthly
2025-01-14 00:00:00.000,8,-0.0001221,binance_data_vision_monthly
2025-01-14 08:00:00.000,8,2.617e-05,binance_data_vision_monthly
2025-01-14 16:00:00.000,8,-0.00017345,binance_data_vision_monthly
2025-01-15 00:00:00.000,8,-0.00011915,binance_data_vision_monthly
2025-01-15 08:00:00.000,8,1.649e-05,binance_data_vision_monthly
2025-01-15 16:00:00.000,8,0.0001,binance_data_vision_monthly
2025-01-16 00:00:00.000,8,0.0001,binance_data_vision_monthly
2025-01-16 08:00:00.000,8,0.0001,binance_data_vision_monthly
2025-01-16 16:00:00.000,8,0.0001,binance_data_vision_monthly
2025-01-17 00:00:00.004,8,0.0001,binance_data_vision_monthly
2025-01-17 08:00:00.000,8,0.0001,binance_data_vision_monthly
2025-01-17 16:00:00.008,8,-1.619e-05,binance_data_vision_monthly
2025-01-18 00:00:00.000,8,0.0001,binance_data_vision_monthly
2025-01-18 08:00:00.007,8,7.268e-05,binance_data_vision_monthly
2025-01-18 16:00:00.000,8,6.1e-06,binance_data_vision_monthly
2025-01-19 00:00:00.000,8,3.4e-06,binance_data_vision_monthly
2025-01-19 08:00:00.000,8,-1.837e-05,binance_data_vision_monthly
2025-01-19 16:00:00.000,8,0.0001,binance_data_vision_monthly
2025-01-20 00:00:00.000,8,0.0001,binance_data_vision_monthly
2025-01-20 08:00:00.009,8,-3.935e-05,binance_data_vision_monthly
2025-01-20 16:00:00.000,8,0.0001,binance_data_vision_monthly
2025-01-21 00:00:00.000,8,0.0001,binance_data_vision_monthly
2025-01-21 08:00:00.000,8,0.0001,binance_data_vision_monthly
2025-01-21 16:00:00.000,8,0.0001,binance_data_vision_monthly
2025-01-22 00:00:00.000,8,0.0001,binance_data_vision_monthly
2025-01-22 08:00:00.000,8,0.0001,binance_data_vision_monthly
2025-01-22 16:00:00.000,8,0.0001,binance_data_vision_monthly
2025-01-23 00:00:00.001,8,0.0001,binance_data_vision_monthly
2025-01-23 08:00:00.000,8,5.956e-05,binance_data_vision_monthly
2025-01-23 16:00:00.000,8,-6.57e-05,binance_data_vision_monthly
2025-01-24 00:00:00.000,8,2.497e-05,binance_data_vision_monthly
2025-01-24 08:00:00.000,8,0.0001,binance_data_vision_monthly
2025-01-24 16:00:00.000,8,0.0001,binance_data_vision_monthly
2025-01-25 00:00:00.000,8,0.0001,binance_data_vision_monthly
2025-01-25 08:00:00.000,8,4.017e-05,binance_data_vision_monthly
2025-01-25 16:00:00.001,8,7.978e-05,binance_data_vision_monthly
2025-01-26 00:00:00.000,8,0.0001,binance_data_vision_monthly
2025-01-26 08:00:00.000,8,0.0001,binance_data_vision_monthly
2025-01-26 16:00:00.000,8,-3.879e-05,binance_data_vision_monthly
2025-01-27 00:00:00.000,8,-0.00010581,binance_data_vision_monthly
2025-01-27 08:00:00.000,8,-0.00012625,binance_data_vision_monthly
2025-01-27 16:00:00.000,8,-0.00021083,binance_data_vision_monthly
2025-01-28 00:00:00.000,8,2.371e-05,binance_data_vision_monthly
2025-01-28 08:00:00.000,8,-2.397e-05,binance_data_vision_monthly
2025-01-28 16:00:00.000,8,6.157e-05,binance_data_vision_monthly
2025-01-29 00:00:00.000,8,-1.475e-05,binance_data_vision_monthly
2025-01-29 08:00:00.000,8,8.704e-05,binance_data_vision_monthly
2025-01-29 16:00:00.000,8,-6.017e-05,binance_data_vision_monthly
2025-01-30 00:00:00.000,8,-2.63e-05,binance_data_vision_monthly
2025-01-30 08:00:00.000,8,0.0001,binance_data_vision_monthly
2025-01-30 16:00:00.000,8,0.0001,binance_data_vision_monthly
2025-01-31 00:00:00.000,8,0.0001,binance_data_vision_monthly
2025-01-31 08:00:00.000,8,0.0001,binance_data_vision_monthly
2025-01-31 16:00:00.000,8,0.0001,binance_data_vision_monthly
2025-02-01 00:00:00.000,8,0.0001,binance_data_vision_monthly
2025-02-01 08:00:00.000,8,0.0001,binance_data_vision_monthly
2025-02-01 16:00:00.000,8,0.0001,binance_data_vision_monthly
2025-02-02 00:00:00.001,8,-1.27e-05,binance_data_vision_monthly
2025-02-02 08:00:00.000,8,-9.862e-05,binance_data_vision_monthly
2025-02-02 16:00:00.000,8,-0.00017355,binance_data_vision_monthly
2025-02-03 00:00:00.000,8,-0.00023423,binance_data_vision_monthly
2025-02-03 08:00:00.000,8,-0.00045001,binance_data_vision_monthly
2025-02-03 16:00:00.000,8,-0.00039959,binance_data_vision_monthly
2025-02-04 00:00:00.000,8,-0.00023934,binance_data_vision_monthly
2025-02-04 08:00:00.001,8,-0.00031961,binance_data_vision_monthly
2025-02-04 16:00:00.000,8,-0.00015578,binance_data_vision_monthly
2025-02-05 00:00:00.001,8,-8.552e-05,binance_data_vision_monthly
2025-02-05 08:00:00.001,8,-6.588e-05,binance_data_vision_monthly
2025-02-05 16:00:00.000,8,-0.00031123,binance_data_vision_monthly
2025-02-06 00:00:00.001,8,-0.00036137,binance_data_vision_monthly
2025-02-06 08:00:00.001,8,-0.00024234,binance_data_vision_monthly
2025-02-06 16:00:00.000,8,-0.00035069,binance_data_vision_monthly
2025-02-07 00:00:00.000,8,-0.00022893,binance_data_vision_monthly
2025-02-07 08:00:00.000,8,-0.000176,binance_data_vision_monthly
2025-02-07 16:00:00.000,8,-8.234e-05,binance_data_vision_monthly
2025-02-08 00:00:00.000,8,-3.981e-05,binance_data_vision_monthly
2025-02-08 08:00:00.000,8,-2.852e-05,binance_data_vision_monthly
2025-02-08 16:00:00.000,8,-7.447e-05,binance_data_vision_monthly
2025-02-09 00:00:00.000,8,-9.168e-05,binance_data_vision_monthly
2025-02-09 08:00:00.000,8,-9.031e-05,binance_data_vision_monthly
2025-02-09 16:00:00.000,8,-0.00014097,binance_data_vision_monthly
2025-02-10 00:00:00.000,8,-0.0001055,binance_data_vision_monthly
2025-02-10 08:00:00.000,8,-7.807e-05,binance_data_vision_monthly
2025-02-10 16:00:00.000,8,-2.781e-05,binance_data_vision_monthly
2025-02-11 00:00:00.000,8,-8.739e-05,binance_data_vision_monthly
2025-02-11 08:00:00.000,8,-0.0001506,binance_data_vision_monthly
2025-02-11 16:00:00.000,8,-0.00011727,binance_data_vision_monthly
2025-02-12 00:00:00.000,8,-0.00020212,binance_data_vision_monthly
2025-02-12 08:00:00.000,8,-0.00013064,binance_data_vision_monthly
2025-02-12 16:00:00.001,8,-6.667e-05,binance_data_vision_monthly
2025-02-13 00:00:00.001,8,-2.053e-05,binance_data_vision_monthly
2025-02-13 08:00:00.000,8,-3.14e-05,binance_data_vision_monthly
2025-02-13 16:00:00.001,8,-5.214e-05,binance_data_vision_monthly
2025-02-14 00:00:00.000,8,-0.0001106,binance_data_vision_monthly
2025-02-14 08:00:00.001,8,-1.008e-05,binance_data_vision_monthly
2025-02-14 16:00:00.000,8,-0.00010271,binance_data_vision_monthly
2025-02-15 00:00:00.000,8,-5.723e-05,binance_data_vision_monthly
2025-02-15 08:00:00.000,8,-7.671e-05,binance_data_vision_monthly
2025-02-15 16:00:00.000,8,-0.00023303,binance_data_vision_monthly
2025-02-16 00:00:00.000,8,-0.00032075,binance_data_vision_monthly
2025-02-16 08:00:00.000,8,-0.0002532,binance_data_vision_monthly
2025-02-16 16:00:00.000,8,-6.73e-05,binance_data_vision_monthly
2025-02-17 00:00:00.000,8,-0.00020318,binance_data_vision_monthly
2025-02-17 08:00:00.000,8,-7.6e-05,binance_data_vision_monthly
2025-02-17 16:00:00.000,8,-0.0001089,binance_data_vision_monthly
2025-02-18 00:00:00.000,8,-0.00011331,binance_data_vision_monthly
2025-02-18 08:00:00.000,8,-0.00018455,binance_data_vision_monthly
2025-02-18 16:00:00.000,8,2.546e-05,binance_data_vision_monthly
2025-02-19 00:00:00.000,8,-1.23e-06,binance_data_vision_monthly
2025-02-19 08:00:00.000,8,2.898e-05,binance_data_vision_monthly
2025-02-19 16:00:00.000,8,-9.821e-05,binance_data_vision_monthly
2025-02-20 00:00:00.000,8,-7.656e-05,binance_data_vision_monthly
2025-02-20 08:00:00.000,8,-1.002e-05,binance_data_vision_monthly
2025-02-20 16:00:00.000,8,5.257e-05,binance_data_vision_monthly
2025-02-21 00:00:00.001,8,-1.59e-05,binance_data_vision_monthly
2025-02-21 08:00:00.000,8,-4.653e-05,binance_data_vision_monthly
2025-02-21 16:00:00.000,8,3.958e-05,binance_data_vision_monthly
2025-02-22 00:00:00.000,8,-0.00047907,binance_data_vision_monthly
2025-02-22 08:00:00.000,8,-0.00021909,binance_data_vision_monthly
2025-02-22 16:00:00.000,8,-0.00022864,binance_data_vision_monthly
2025-02-23 00:00:00.000,8,0.0001,binance_data_vision_monthly
2025-02-23 08:00:00.000,8,0.0001,binance_data_vision_monthly
2025-02-23 16:00:00.000,8,-0.0001477,binance_data_vision_monthly
2025-02-24 00:00:00.000,8,-0.00010959,binance_data_vision_monthly
2025-02-24 08:00:00.000,8,-0.00014,binance_data_vision_monthly
2025-02-24 16:00:00.000,8,-0.00029609,binance_data_vision_monthly
2025-02-25 00:00:00.000,8,-0.00025199,binance_data_vision_monthly
2025-02-25 08:00:00.000,8,-0.0002344,binance_data_vision_monthly
2025-02-25 16:00:00.000,8,-0.0002709,binance_data_vision_monthly
2025-02-26 00:00:00.000,8,-0.00024282,binance_data_vision_monthly
2025-02-26 08:00:00.000,8,-0.00012357,binance_data_vision_monthly
2025-02-26 16:00:00.000,8,-3.422e-05,binance_data_vision_monthly
2025-02-27 00:00:00.001,8,-1.125e-05,binance_data_vision_monthly
2025-02-27 08:00:00.000,8,0.0001,binance_data_vision_monthly
2025-02-27 16:00:00.000,8,0.0001,binance_data_vision_monthly
2025-02-28 00:00:00.001,8,-2.56e-05,binance_data_vision_monthly
2025-02-28 08:00:00.000,8,-0.00033718,binance_data_vision_monthly
2025-02-28 16:00:00.000,8,-0.00019522,binance_data_vision_monthly
2025-03-01 00:00:00.000,8,9e-06,binance_data_vision_monthly
2025-03-01 08:00:00.000,8,-4.791e-05,binance_data_vision_monthly
2025-03-01 16:00:00.001,8,-2.444e-05,binance_data_vision_monthly
2025-03-02 00:00:00.000,8,0.0001,binance_data_vision_monthly
2025-03-02 08:00:00.000,8,-1.611e-05,binance_data_vision_monthly
2025-03-02 16:00:00.000,8,-6.424e-05,binance_data_vision_monthly
2025-03-03 00:00:00.001,8,3.24e-05,binance_data_vision_monthly
2025-03-03 08:00:00.000,8,-8.142e-05,binance_data_vision_monthly
2025-03-03 16:00:00.000,8,-0.00017553,binance_data_vision_monthly
2025-03-04 00:00:00.001,8,-0.00047938,binance_data_vision_monthly
2025-03-04 08:00:00.005,8,-0.00029829,binance_data_vision_monthly
2025-03-04 16:00:00.000,8,-0.00022656,binance_data_vision_monthly
2025-03-05 00:00:00.000,8,-0.00012415,binance_data_vision_monthly
2025-03-05 08:00:00.000,8,-7.896e-05,binance_data_vision_monthly
2025-03-05 16:00:00.000,8,-0.00022731,binance_data_vision_monthly
2025-03-06 00:00:00.000,8,-4.091e-05,binance_data_vision_monthly
2025-03-06 08:00:00.001,8,-7.721e-05,binance_data_vision_monthly
2025-03-06 16:00:00.000,8,-0.00014439,binance_data_vision_monthly
2025-03-07 00:00:00.000,8,6.8e-06,binance_data_vision_monthly
2025-03-07 08:00:00.001,8,-5.55e-05,binance_data_vision_monthly
2025-03-07 16:00:00.000,8,1.654e-05,binance_data_vision_monthly
2025-03-08 00:00:00.000,8,-4.396e-05,binance_data_vision_monthly
2025-03-08 08:00:00.001,8,-8.88e-05,binance_data_vision_monthly
2025-03-08 16:00:00.001,8,-0.00011836,binance_data_vision_monthly
2025-03-09 00:00:00.001,8,-0.00013091,binance_data_vision_monthly
2025-03-09 08:00:00.000,8,-0.00022103,binance_data_vision_monthly
2025-03-09 16:00:00.000,8,-0.00025145,binance_data_vision_monthly
2025-03-10 00:00:00.000,8,-0.00044919,binance_data_vision_monthly
2025-03-10 08:00:00.000,8,-0.00025555,binance_data_vision_monthly
2025-03-10 16:00:00.000,8,-0.00019587,binance_data_vision_monthly
2025-03-11 00:00:00.000,8,-0.00034867,binance_data_vision_monthly
2025-03-11 08:00:00.000,8,-0.00022169,binance_data_vision_monthly
2025-03-11 16:00:00.001,8,-0.00025716,binance_data_vision_monthly
2025-03-12 00:00:00.000,8,-0.00021854,binance_data_vision_monthly
2025-03-12 08:00:00.000,8,-0.00019572,binance_data_vision_monthly
2025-03-12 16:00:00.001,8,5.73e-06,binance_data_vision_monthly
2025-03-13 00:00:00.000,8,8.361e-05,binance_data_vision_monthly
2025-03-13 08:00:00.000,8,-9.177e-05,binance_data_vision_monthly
2025-03-13 16:00:00.000,8,-5.665e-05,binance_data_vision_monthly
2025-03-14 00:00:00.000,8,9.34e-06,binance_data_vision_monthly
2025-03-14 08:00:00.000,8,-0.00021206,binance_data_vision_monthly
2025-03-14 16:00:00.000,8,-0.0001039,binance_data_vision_monthly
2025-03-15 00:00:00.000,8,-0.00030698,binance_data_vision_monthly
2025-03-15 08:00:00.000,8,-0.0003057,binance_data_vision_monthly
2025-03-15 16:00:00.000,8,-0.00037268,binance_data_vision_monthly
2025-03-16 00:00:00.000,8,-0.00012032,binance_data_vision_monthly
2025-03-16 08:00:00.000,8,-6.316e-05,binance_data_vision_monthly
2025-03-16 16:00:00.000,8,-8.29e-06,binance_data_vision_monthly
2025-03-17 00:00:00.000,8,-2.632e-05,binance_data_vision_monthly
2025-03-17 08:00:00.000,8,3.345e-05,binance_data_vision_monthly
2025-03-17 16:00:00.000,8,-9.979e-05,binance_data_vision_monthly
2025-03-18 00:00:00.000,8,-0.00012296,binance_data_vision_monthly
2025-03-18 08:00:00.000,8,-3.911e-05,binance_data_vision_monthly
2025-03-18 16:00:00.000,8,-0.00011492,binance_data_vision_monthly
2025-03-19 00:00:00.000,8,-9.16e-05,binance_data_vision_monthly
2025-03-19 08:00:00.000,8,-6.974e-05,binance_data_vision_monthly
2025-03-19 16:00:00.000,8,-0.00010331,binance_data_vision_monthly
2025-03-20 00:00:00.000,8,9.58e-05,binance_data_vision_monthly
2025-03-20 08:00:00.000,8,-0.00014167,binance_data_vision_monthly
2025-03-20 16:00:00.000,8,2.616e-05,binance_data_vision_monthly
2025-03-21 00:00:00.000,8,-4.075e-05,binance_data_vision_monthly
2025-03-21 08:00:00.000,8,-0.00016927,binance_data_vision_monthly
2025-03-21 16:00:00.000,8,-7.341e-05,binance_data_vision_monthly
2025-03-22 00:00:00.000,8,-4.645e-05,binance_data_vision_monthly
2025-03-22 08:00:00.004,8,0.0001,binance_data_vision_monthly
2025-03-22 16:00:00.000,8,8.23e-06,binance_data_vision_monthly
2025-03-23 00:00:00.000,8,-9.015e-05,binance_data_vision_monthly
2025-03-23 08:00:00.000,8,-6.238e-05,binance_data_vision_monthly
2025-03-23 16:00:00.000,8,-0.00014493,binance_data_vision_monthly
2025-03-24 00:00:00.000,8,-6.334e-05,binance_data_vision_monthly
2025-03-24 08:00:00.000,8,4.14e-05,binance_data_vision_monthly
2025-03-24 16:00:00.000,8,-6.599e-05,binance_data_vision_monthly
2025-03-25 00:00:00.001,8,-2.924e-05,binance_data_vision_monthly
2025-03-25 08:00:00.000,8,4.886e-05,binance_data_vision_monthly
2025-03-25 16:00:00.000,8,4.4e-06,binance_data_vision_monthly
2025-03-26 00:00:00.000,8,8.046e-05,binance_data_vision_monthly
2025-03-26 08:00:00.000,8,-3.537e-05,binance_data_vision_monthly
2025-03-26 16:00:00.001,8,-9.66e-05,binance_data_vision_monthly
2025-03-27 00:00:00.001,8,1.353e-05,binance_data_vision_monthly
2025-03-27 08:00:00.001,8,-6.623e-05,binance_data_vision_monthly
2025-03-27 16:00:00.002,8,-3.577e-05,binance_data_vision_monthly
2025-03-28 00:00:00.001,8,-0.00013218,binance_data_vision_monthly
2025-03-28 08:00:00.001,8,-0.00012931,binance_data_vision_monthly
2025-03-28 16:00:00.000,8,-1.884e-05,binance_data_vision_monthly
2025-03-29 00:00:00.000,8,-8.434e-05,binance_data_vision_monthly
2025-03-29 08:00:00.000,8,-5.544e-05,binance_data_vision_monthly
2025-03-29 16:00:00.000,8,7.693e-05,binance_data_vision_monthly
2025-03-30 00:00:00.000,8,5.581e-05,binance_data_vision_monthly
2025-03-30 08:00:00.000,8,-9.743e-05,binance_data_vision_monthly
2025-03-30 16:00:00.000,8,-2.145e-05,binance_data_vision_monthly
2025-03-31 00:00:00.000,8,-5.169e-05,binance_data_vision_monthly
2025-03-31 08:00:00.000,8,-5.224e-05,binance_data_vision_monthly
2025-03-31 16:00:00.000,8,-0.00013077,binance_data_vision_monthly
2025-04-01 00:00:00.000,8,-0.00010621,binance_data_vision_monthly
2025-04-01 08:00:00.001,8,0.0001,binance_data_vision_monthly
2025-04-01 16:00:00.000,8,3.473e-05,binance_data_vision_monthly
2025-04-02 00:00:00.001,8,6.502e-05,binance_data_vision_monthly
2025-04-02 08:00:00.000,8,-6.501e-05,binance_data_vision_monthly
2025-04-02 16:00:00.000,8,-1.98e-05,binance_data_vision_monthly
2025-04-03 00:00:00.000,8,-0.00010015,binance_data_vision_monthly
2025-04-03 08:00:00.000,8,-2.407e-05,binance_data_vision_monthly
2025-04-03 16:00:00.000,8,3.709e-05,binance_data_vision_monthly
2025-04-04 00:00:00.000,8,-0.00019047,binance_data_vision_monthly
2025-04-04 08:00:00.000,8,-0.0001276,binance_data_vision_monthly
2025-04-04 16:00:00.000,8,2.62e-06,binance_data_vision_monthly
2025-04-05 00:00:00.000,8,9.438e-05,binance_data_vision_monthly
2025-04-05 08:00:00.000,8,0.0001,binance_data_vision_monthly
2025-04-05 16:00:00.000,8,-5.773e-05,binance_data_vision_monthly
2025-04-06 00:00:00.000,8,8.972e-05,binance_data_vision_monthly
2025-04-06 08:00:00.000,8,6.649e-05,binance_data_vision_monthly
2025-04-06 16:00:00.002,8,5.168e-05,binance_data_vision_monthly
2025-04-07 00:00:00.000,8,-4.685e-05,binance_data_vision_monthly
2025-04-07 08:00:00.000,8,2.615e-05,binance_data_vision_monthly
2025-04-07 16:00:00.000,8,-5.235e-05,binance_data_vision_monthly
2025-04-08 00:00:00.000,8,-1.113e-05,binance_data_vision_monthly
2025-04-08 08:00:00.000,8,-0.00036234,binance_data_vision_monthly
2025-04-08 16:00:00.000,8,-0.00018603,binance_data_vision_monthly
2025-04-09 00:00:00.000,8,-0.00017943,binance_data_vision_monthly
2025-04-09 08:00:00.001,8,-8.645e-05,binance_data_vision_monthly
2025-04-09 16:00:00.000,8,-8.204e-05,binance_data_vision_monthly
2025-04-10 00:00:00.000,8,0.0001,binance_data_vision_monthly
2025-04-10 08:00:00.000,8,6.337e-05,binance_data_vision_monthly
2025-04-10 16:00:00.000,8,3.723e-05,binance_data_vision_monthly
2025-04-11 00:00:00.001,8,-3.94e-06,binance_data_vision_monthly
2025-04-11 08:00:00.000,8,4.869e-05,binance_data_vision_monthly
2025-04-11 16:00:00.000,8,-0.00019256,binance_data_vision_monthly
2025-04-12 00:00:00.000,8,-0.00019579,binance_data_vision_monthly
2025-04-12 08:00:00.001,8,-9.357e-05,binance_data_vision_monthly
2025-04-12 16:00:00.000,8,-0.0001735,binance_data_vision_monthly
2025-04-13 00:00:00.000,8,-4.45e-06,binance_data_vision_monthly
2025-04-13 08:00:00.000,8,5.356e-05,binance_data_vision_monthly
2025-04-13 16:00:00.000,8,-0.00017373,binance_data_vision_monthly
2025-04-14 00:00:00.000,8,-0.00030578,binance_data_vision_monthly
2025-04-14 08:00:00.000,8,-0.00029743,binance_data_vision_monthly
2025-04-14 16:00:00.000,8,-0.00016474,binance_data_vision_monthly
2025-04-15 00:00:00.000,8,-0.00019132,binance_data_vision_monthly
2025-04-15 08:00:00.000,8,-0.00032282,binance_data_vision_monthly
2025-04-15 16:00:00.001,8,-0.00014936,binance_data_vision_monthly
2025-04-16 00:00:00.000,8,-0.00021078,binance_data_vision_monthly
2025-04-16 08:00:00.000,8,-0.00013307,binance_data_vision_monthly
2025-04-16 16:00:00.000,8,-0.00030617,binance_data_vision_monthly
2025-04-17 00:00:00.001,8,-0.00021817,binance_data_vision_monthly
2025-04-17 08:00:00.000,8,-0.00011123,binance_data_vision_monthly
2025-04-17 16:00:00.001,8,-0.00016789,binance_data_vision_monthly
2025-04-18 00:00:00.000,8,-0.00027125,binance_data_vision_monthly
2025-04-18 08:00:00.000,8,-0.00012694,binance_data_vision_monthly
2025-04-18 16:00:00.000,8,-0.000109,binance_data_vision_monthly
2025-04-19 00:00:00.000,8,-0.0001216,binance_data_vision_monthly
2025-04-19 08:00:00.000,8,2.384e-05,binance_data_vision_monthly
2025-04-19 16:00:00.000,8,-0.00020002,binance_data_vision_monthly
2025-04-20 00:00:00.000,8,0.0001,binance_data_vision_monthly
2025-04-20 08:00:00.000,8,2.747e-05,binance_data_vision_monthly
2025-04-20 16:00:00.000,8,-0.00018836,binance_data_vision_monthly
2025-04-21 00:00:00.000,8,1e-08,binance_data_vision_monthly
2025-04-21 08:00:00.005,8,0.0001,binance_data_vision_monthly
2025-04-21 16:00:00.003,8,8.766e-05,binance_data_vision_monthly
2025-04-22 00:00:00.008,8,-0.00046177,binance_data_vision_monthly
2025-04-22 08:00:00.000,8,-0.00052757,binance_data_vision_monthly
2025-04-22 16:00:00.000,8,-0.00021675,binance_data_vision_monthly
2025-04-23 00:00:00.000,8,9.928e-05,binance_data_vision_monthly
2025-04-23 08:00:00.002,8,-6.998e-05,binance_data_vision_monthly
2025-04-23 16:00:00.000,8,9.775e-05,binance_data_vision_monthly
2025-04-24 00:00:00.000,8,0.0001,binance_data_vision_monthly
2025-04-24 08:00:00.001,8,0.0001,binance_data_vision_monthly
2025-04-24 16:00:00.001,8,9.69e-06,binance_data_vision_monthly
2025-04-25 00:00:00.007,8,6.406e-05,binance_data_vision_monthly
2025-04-25 08:00:00.002,8,-2.83e-05,binance_data_vision_monthly
2025-04-25 16:00:00.003,8,-0.00032733,binance_data_vision_monthly
2025-04-26 00:00:00.002,8,-5.955e-05,binance_data_vision_monthly
2025-04-26 08:00:00.000,8,-8.602e-05,binance_data_vision_monthly
2025-04-26 16:00:00.002,8,-8.511e-05,binance_data_vision_monthly
2025-04-27 00:00:00.001,8,-0.00013763,binance_data_vision_monthly
2025-04-27 08:00:00.000,8,-0.00017659,binance_data_vision_monthly
2025-04-27 16:00:00.000,8,-0.00015145,binance_data_vision_monthly
2025-04-28 00:00:00.001,8,-3.147e-05,binance_data_vision_monthly
2025-04-28 08:00:00.003,8,0.0001,binance_data_vision_monthly
2025-04-28 16:00:00.005,8,3.04e-06,binance_data_vision_monthly
2025-04-29 00:00:00.000,8,0.0001,binance_data_vision_monthly
2025-04-29 08:00:00.000,8,0.0001,binance_data_vision_monthly
2025-04-29 16:00:00.010,8,5.046e-05,binance_data_vision_monthly
2025-04-30 00:00:00.001,8,-7.296e-05,binance_data_vision_monthly
2025-04-30 08:00:00.000,8,9.506e-05,binance_data_vision_monthly
2025-04-30 16:00:00.003,8,-1.003e-05,binance_data_vision_monthly
2025-05-01 00:00:00.000,8,-8.942e-05,binance_data_vision_monthly
2025-05-01 08:00:00.000,8,-5.685e-05,binance_data_vision_monthly
2025-05-01 16:00:00.001,8,-7.744e-05,binance_data_vision_monthly
2025-05-02 00:00:00.000,8,0.0001,binance_data_vision_monthly
2025-05-02 08:00:00.000,8,0.0001,binance_data_vision_monthly
2025-05-02 16:00:00.003,8,-1.92e-05,binance_data_vision_monthly
2025-05-03 00:00:00.000,8,8.163e-05,binance_data_vision_monthly
2025-05-03 08:00:00.000,8,4.041e-05,binance_data_vision_monthly
2025-05-03 16:00:00.000,8,-0.00018988,binance_data_vision_monthly
2025-05-04 00:00:00.001,8,-0.00013064,binance_data_vision_monthly
2025-05-04 08:00:00.001,8,-6.389e-05,binance_data_vision_monthly
2025-05-04 16:00:00.002,8,-0.00024404,binance_data_vision_monthly
2025-05-05 00:00:00.000,8,-0.00032527,binance_data_vision_monthly
2025-05-05 08:00:00.000,8,-0.00027265,binance_data_vision_monthly
2025-05-05 16:00:00.006,8,-0.00044729,binance_data_vision_monthly
2025-05-06 00:00:00.002,8,-0.00017188,binance_data_vision_monthly
2025-05-06 08:00:00.005,8,-0.00026839,binance_data_vision_monthly
2025-05-06 16:00:00.000,8,-5.511e-05,binance_data_vision_monthly
2025-05-07 00:00:00.002,8,-0.0002506,binance_data_vision_monthly
2025-05-07 08:00:00.000,8,-0.00033726,binance_data_vision_monthly
2025-05-07 16:00:00.006,8,-0.00031719,binance_data_vision_monthly
2025-05-08 00:00:00.000,8,-0.00012563,binance_data_vision_monthly
2025-05-08 08:00:00.001,8,0.0001,binance_data_vision_monthly
2025-05-08 16:00:00.002,8,0.0001,binance_data_vision_monthly
2025-05-09 00:00:00.001,8,0.0001,binance_data_vision_monthly
2025-05-09 08:00:00.006,8,0.0001,binance_data_vision_monthly
2025-05-09 16:00:00.000,8,0.0001,binance_data_vision_monthly
2025-05-10 00:00:00.001,8,0.0001,binance_data_vision_monthly
2025-05-10 08:00:00.000,8,0.0001,binance_data_vision_monthly
2025-05-10 16:00:00.001,8,0.0001,binance_data_vision_monthly
2025-05-11 00:00:00.000,8,5.79e-06,binance_data_vision_monthly
2025-05-11 08:00:00.001,8,0.0001,binance_data_vision_monthly
2025-05-11 16:00:00.001,8,-1.05e-05,binance_data_vision_monthly
2025-05-12 00:00:00.004,8,-4.059e-05,binance_data_vision_monthly
2025-05-12 08:00:00.000,8,9.805e-05,binance_data_vision_monthly
2025-05-12 16:00:00.000,8,9.326e-05,binance_data_vision_monthly
2025-05-13 00:00:00.000,8,0.0001,binance_data_vision_monthly
2025-05-13 08:00:00.008,8,0.0001,binance_data_vision_monthly
2025-05-13 16:00:00.001,8,0.0001,binance_data_vision_monthly
2025-05-14 00:00:00.007,8,0.0001,binance_data_vision_monthly
2025-05-14 08:00:00.000,8,0.0001,binance_data_vision_monthly
2025-05-14 16:00:00.002,8,5.997e-05,binance_data_vision_monthly
2025-05-15 00:00:00.000,8,0.0001,binance_data_vision_monthly
2025-05-15 08:00:00.003,8,7.045e-05,binance_data_vision_monthly
2025-05-15 16:00:00.000,8,-3.359e-05,binance_data_vision_monthly
2025-05-16 00:00:00.001,8,2.054e-05,binance_data_vision_monthly
2025-05-16 08:00:00.000,8,4.074e-05,binance_data_vision_monthly
2025-05-16 16:00:00.000,8,-1.857e-05,binance_data_vision_monthly
2025-05-17 00:00:00.000,8,-6.914e-05,binance_data_vision_monthly
2025-05-17 08:00:00.001,8,2.194e-05,binance_data_vision_monthly
2025-05-17 16:00:00.004,8,-0.00013552,binance_data_vision_monthly
2025-05-18 00:00:00.000,8,-5.055e-05,binance_data_vision_monthly
2025-05-18 08:00:00.000,8,5.506e-05,binance_data_vision_monthly
2025-05-18 16:00:00.000,8,1.993e-05,binance_data_vision_monthly
2025-05-19 00:00:00.000,8,-2.93e-05,binance_data_vision_monthly
2025-05-19 08:00:00.006,8,-0.00019528,binance_data_vision_monthly
2025-05-19 16:00:00.010,8,7.815e-05,binance_data_vision_monthly
2025-05-20 00:00:00.000,8,0.0001,binance_data_vision_monthly
2025-05-20 08:00:00.002,8,0.0001,binance_data_vision_monthly
2025-05-20 16:00:00.000,8,8.02e-06,binance_data_vision_monthly
2025-05-21 00:00:00.000,8,0.0001,binance_data_vision_monthly
2025-05-21 08:00:00.001,8,0.0001,binance_data_vision_monthly
2025-05-21 16:00:00.004,8,4.483e-05,binance_data_vision_monthly
2025-05-22 00:00:00.001,8,0.0001,binance_data_vision_monthly
2025-05-22 08:00:00.000,8,0.0001,binance_data_vision_monthly
2025-05-22 16:00:00.002,8,8.25e-05,binance_data_vision_monthly
2025-05-23 00:00:00.006,8,0.0001,binance_data_vision_monthly
2025-05-23 08:00:00.000,8,0.0001,binance_data_vision_monthly
2025-05-23 16:00:00.007,8,7.695e-05,binance_data_vision_monthly
2025-05-24 00:00:00.010,8,2.158e-05,binance_data_vision_monthly
2025-05-24 08:00:00.000,8,-9.186e-05,binance_data_vision_monthly
2025-05-24 16:00:00.003,8,-0.00021379,binance_data_vision_monthly
2025-05-25 00:00:00.004,8,-0.00011137,binance_data_vision_monthly
2025-05-25 08:00:00.000,8,1.626e-05,binance_data_vision_monthly
2025-05-25 16:00:00.000,8,-0.00011845,binance_data_vision_monthly
2025-05-26 00:00:00.000,8,-3.953e-05,binance_data_vision_monthly
2025-05-26 08:00:00.000,8,7.32e-06,binance_data_vision_monthly
2025-05-26 16:00:00.002,8,-9.047e-05,binance_data_vision_monthly
2025-05-27 00:00:00.003,8,-0.00011974,binance_data_vision_monthly
2025-05-27 08:00:00.001,8,-4.519e-05,binance_data_vision_monthly
2025-05-27 16:00:00.005,8,6.332e-05,binance_data_vision_monthly
2025-05-28 00:00:00.002,8,0.0001,binance_data_vision_monthly
2025-05-28 08:00:00.003,8,-6.877e-05,binance_data_vision_monthly
2025-05-28 16:00:00.002,8,5.565e-05,binance_data_vision_monthly
2025-05-29 00:00:00.000,8,0.0001,binance_data_vision_monthly
2025-05-29 08:00:00.006,8,0.0001,binance_data_vision_monthly
2025-05-29 16:00:00.000,8,7.299e-05,binance_data_vision_monthly
2025-05-30 00:00:00.003,8,-2.399e-05,binance_data_vision_monthly
2025-05-30 08:00:00.003,8,-0.00028439,binance_data_vision_monthly
2025-05-30 16:00:00.000,8,6.32e-06,binance_data_vision_monthly
2025-05-31 00:00:00.000,8,-6.349e-05,binance_data_vision_monthly
2025-05-31 08:00:00.000,8,-9.198e-05,binance_data_vision_monthly
2025-05-31 16:00:00.000,8,-9.304e-05,binance_data_vision_monthly
2025-06-01 00:00:00.001,8,-0.00014027,binance_data_vision_monthly
2025-06-01 08:00:00.002,8,2.4e-05,binance_data_vision_monthly
2025-06-01 16:00:00.000,8,-3.009e-05,binance_data_vision_monthly
2025-06-02 00:00:00.001,8,-2.889e-05,binance_data_vision_monthly
2025-06-02 08:00:00.000,8,-4.091e-05,binance_data_vision_monthly
2025-06-02 16:00:00.000,8,1.586e-05,binance_data_vision_monthly
2025-06-03 00:00:00.000,8,0.0001,binance_data_vision_monthly
2025-06-03 08:00:00.000,8,5.82e-05,binance_data_vision_monthly
2025-06-03 16:00:00.001,8,0.0001,binance_data_vision_monthly
2025-06-04 00:00:00.000,8,6.276e-05,binance_data_vision_monthly
2025-06-04 08:00:00.000,8,5.425e-05,binance_data_vision_monthly
2025-06-04 16:00:00.000,8,-7.411e-05,binance_data_vision_monthly
2025-06-05 00:00:00.016,8,-0.00010802,binance_data_vision_monthly
2025-06-05 08:00:00.000,8,-0.00013496,binance_data_vision_monthly
2025-06-05 16:00:00.000,8,-5.083e-05,binance_data_vision_monthly
2025-06-06 00:00:00.002,8,-0.00025685,binance_data_vision_monthly
2025-06-06 08:00:00.000,8,-0.00014342,binance_data_vision_monthly
2025-06-06 16:00:00.006,8,-0.00028136,binance_data_vision_monthly
2025-06-07 00:00:00.000,8,-0.00012383,binance_data_vision_monthly
2025-06-07 08:00:00.000,8,3.687e-05,binance_data_vision_monthly
2025-06-07 16:00:00.002,8,-3.827e-05,binance_data_vision_monthly
2025-06-08 00:00:00.000,8,0.0001,binance_data_vision_monthly
2025-06-08 08:00:00.000,8,0.0001,binance_data_vision_monthly
2025-06-08 16:00:00.000,8,9.036e-05,binance_data_vision_monthly
2025-06-09 00:00:00.000,8,-5.209e-05,binance_data_vision_monthly
2025-06-09 08:00:00.001,8,-0.00011879,binance_data_vision_monthly
2025-06-09 16:00:00.001,8,-6.44e-06,binance_data_vision_monthly
2025-06-10 00:00:00.000,8,9.793e-05,binance_data_vision_monthly
2025-06-10 08:00:00.001,8,0.0001,binance_data_vision_monthly
2025-06-10 16:00:00.003,8,2.458e-05,binance_data_vision_monthly
2025-06-11 00:00:00.000,8,4.411e-05,binance_data_vision_monthly
2025-06-11 08:00:00.000,8,6.672e-05,binance_data_vision_monthly
2025-06-11 16:00:00.010,8,2.699e-05,binance_data_vision_monthly
2025-06-12 00:00:00.002,8,5.665e-05,binance_data_vision_monthly
2025-06-12 08:00:00.003,8,-4.555e-05,binance_data_vision_monthly
2025-06-12 16:00:00.001,8,-9.728e-05,binance_data_vision_monthly
2025-06-13 00:00:00.000,8,-9.351e-05,binance_data_vision_monthly
2025-06-13 08:00:00.001,8,-0.00034018,binance_data_vision_monthly
2025-06-13 16:00:00.004,8,-0.00020217,binance_data_vision_monthly
2025-06-14 00:00:00.000,8,-7.038e-05,binance_data_vision_monthly
2025-06-14 08:00:00.000,8,-6.075e-05,binance_data_vision_monthly
2025-06-14 16:00:00.000,8,-0.00026212,binance_data_vision_monthly
2025-06-15 00:00:00.005,8,4.157e-05,binance_data_vision_monthly
2025-06-15 08:00:00.009,8,-7.605e-05,binance_data_vision_monthly
2025-06-15 16:00:00.000,8,-9.99e-05,binance_data_vision_monthly
2025-06-16 00:00:00.000,8,-0.00014726,binance_data_vision_monthly
2025-06-16 08:00:00.000,8,5.511e-05,binance_data_vision_monthly
2025-06-16 16:00:00.003,8,2.641e-05,binance_data_vision_monthly
2025-06-17 00:00:00.000,8,3.123e-05,binance_data_vision_monthly
2025-06-17 08:00:00.006,8,2.787e-05,binance_data_vision_monthly
2025-06-17 16:00:00.001,8,-0.00011495,binance_data_vision_monthly
2025-06-18 00:00:00.001,8,-0.00013194,binance_data_vision_monthly
2025-06-18 08:00:00.001,8,-4.324e-05,binance_data_vision_monthly
2025-06-18 16:00:00.001,8,-0.00038824,binance_data_vision_monthly
2025-06-19 00:00:00.005,8,-0.00021948,binance_data_vision_monthly
2025-06-19 08:00:00.003,8,4.155e-05,binance_data_vision_monthly
2025-06-19 16:00:00.000,8,-2.618e-05,binance_data_vision_monthly
2025-06-20 00:00:00.000,8,-0.00015732,binance_data_vision_monthly
2025-06-20 08:00:00.002,8,1.645e-05,binance_data_vision_monthly
2025-06-20 16:00:00.001,8,-0.0001668,binance_data_vision_monthly
2025-06-21 00:00:00.002,8,-0.00026348,binance_data_vision_monthly
2025-06-21 08:00:00.005,8,-0.00028733,binance_data_vision_monthly
2025-06-21 16:00:00.000,8,-0.00023786,binance_data_vision_monthly
2025-06-22 00:00:00.005,8,-0.0004048,binance_data_vision_monthly
2025-06-22 08:00:00.000,8,-0.00036596,binance_data_vision_monthly
2025-06-22 16:00:00.003,8,-0.00039008,binance_data_vision_monthly
2025-06-23 00:00:00.000,8,-0.00040328,binance_data_vision_monthly
2025-06-23 08:00:00.004,8,-0.00027144,binance_data_vision_monthly
2025-06-23 16:00:00.013,8,-0.00010486,binance_data_vision_monthly
2025-06-24 00:00:00.003,8,4.346e-05,binance_data_vision_monthly
2025-06-24 08:00:00.000,8,-7.01e-06,binance_data_vision_monthly
2025-06-24 16:00:00.000,8,-0.00031224,binance_data_vision_monthly
2025-06-25 00:00:00.005,8,-4.201e-05,binance_data_vision_monthly
2025-06-25 08:00:00.000,8,-0.00010444,binance_data_vision_monthly
2025-06-25 16:00:00.005,8,-0.00018472,binance_data_vision_monthly
2025-06-26 00:00:00.000,8,-0.00017293,binance_data_vision_monthly
2025-06-26 08:00:00.006,8,-0.00020138,binance_data_vision_monthly
2025-06-26 16:00:00.007,8,-0.00027418,binance_data_vision_monthly
2025-06-27 00:00:00.000,8,-0.00024961,binance_data_vision_monthly
2025-06-27 08:00:00.000,8,-0.00023212,binance_data_vision_monthly
2025-06-27 16:00:00.009,8,-0.00010092,binance_data_vision_monthly
2025-06-28 00:00:00.001,8,-6.295e-05,binance_data_vision_monthly
2025-06-28 08:00:00.002,8,-2.018e-05,binance_data_vision_monthly
2025-06-28 16:00:00.000,8,-0.00041502,binance_data_vision_monthly
2025-06-29 00:00:00.004,8,-3.099e-05,binance_data_vision_monthly
2025-06-29 08:00:00.001,8,-3.134e-05,binance_data_vision_monthly
2025-06-29 16:00:00.001,8,-0.00016816,binance_data_vision_monthly
2025-06-30 00:00:00.000,8,1.59e-06,binance_data_vision_monthly
2025-06-30 08:00:00.005,8,8.14e-05,binance_data_vision_monthly
2025-06-30 16:00:00.002,8,-9.761e-05,binance_data_vision_monthly
2025-07-01 00:00:00.007,8,-8.578e-05,binance_data_vision_monthly
2025-07-01 08:00:00.002,8,-6.515e-05,binance_data_vision_monthly
2025-07-01 16:00:00.000,8,-0.00023113,binance_data_vision_monthly
2025-07-02 00:00:00.001,8,-0.00036122,binance_data_vision_monthly
2025-07-02 08:00:00.000,8,-9.991e-05,binance_data_vision_monthly
2025-07-02 16:00:00.003,8,-0.00011047,binance_data_vision_monthly
2025-07-03 00:00:00.006,8,0.0001,binance_data_vision_monthly
2025-07-03 08:00:00.003,8,0.0001,binance_data_vision_monthly
2025-07-03 16:00:00.003,8,-3.778e-05,binance_data_vision_monthly
2025-07-04 00:00:00.005,8,-6.786e-05,binance_data_vision_monthly
2025-07-04 08:00:00.003,8,-9.866e-05,binance_data_vision_monthly
2025-07-04 16:00:00.001,8,-0.00013733,binance_data_vision_monthly
2025-07-05 00:00:00.004,8,-0.00019991,binance_data_vision_monthly
2025-07-05 08:00:00.009,8,-8.835e-05,binance_data_vision_monthly
2025-07-05 16:00:00.006,8,-0.00023809,binance_data_vision_monthly
2025-07-06 00:00:00.001,8,-0.00010686,binance_data_vision_monthly
2025-07-06 08:00:00.002,8,-0.00020187,binance_data_vision_monthly
2025-07-06 16:00:00.004,8,-0.00012257,binance_data_vision_monthly
2025-07-07 00:00:00.000,8,-6.418e-05,binance_data_vision_monthly
2025-07-07 08:00:00.007,8,0.0001,binance_data_vision_monthly
2025-07-07 16:00:00.000,8,-0.00013115,binance_data_vision_monthly
2025-07-08 00:00:00.010,8,-7.27e-05,binance_data_vision_monthly
2025-07-08 08:00:00.003,8,-0.00013884,binance_data_vision_monthly
2025-07-08 16:00:00.000,8,-0.00021068,binance_data_vision_monthly
2025-07-09 00:00:00.002,8,8.116e-05,binance_data_vision_monthly
2025-07-09 08:00:00.006,8,0.0001,binance_data_vision_monthly
2025-07-09 16:00:00.001,8,7.329e-05,binance_data_vision_monthly
2025-07-10 00:00:00.003,8,9.773e-05,binance_data_vision_monthly
2025-07-10 08:00:00.000,8,9.759e-05,binance_data_vision_monthly
2025-07-10 16:00:00.004,8,-2.508e-05,binance_data_vision_monthly
2025-07-11 00:00:00.004,8,-1.874e-05,binance_data_vision_monthly
2025-07-11 08:00:00.007,8,7.695e-05,binance_data_vision_monthly
2025-07-11 16:00:00.001,8,0.0001,binance_data_vision_monthly
2025-07-12 00:00:00.000,8,-4.164e-05,binance_data_vision_monthly
2025-07-12 08:00:00.001,8,0.0001,binance_data_vision_monthly
2025-07-12 16:00:00.002,8,-2.479e-05,binance_data_vision_monthly
2025-07-13 00:00:00.006,8,3.371e-05,binance_data_vision_monthly
2025-07-13 08:00:00.001,8,0.0001,binance_data_vision_monthly
2025-07-13 16:00:00.003,8,0.0001,binance_data_vision_monthly
2025-07-14 00:00:00.000,8,6.881e-05,binance_data_vision_monthly
2025-07-14 08:00:00.000,8,0.0001,binance_data_vision_monthly
2025-07-14 16:00:00.000,8,0.0001,binance_data_vision_monthly
2025-07-15 00:00:00.002,8,9.769e-05,binance_data_vision_monthly
2025-07-15 08:00:00.000,8,0.0001,binance_data_vision_monthly
2025-07-15 16:00:00.000,8,0.0001,binance_data_vision_monthly
2025-07-16 00:00:00.000,8,0.0001,binance_data_vision_monthly
2025-07-16 08:00:00.000,8,0.0001,binance_data_vision_monthly
2025-07-16 16:00:00.008,8,0.0001,binance_data_vision_monthly
2025-07-17 00:00:00.003,8,0.0001,binance_data_vision_monthly
2025-07-17 08:00:00.000,8,0.0001,binance_data_vision_monthly
2025-07-17 16:00:00.000,8,0.0001,binance_data_vision_monthly
2025-07-18 00:00:00.004,8,0.0001,binance_data_vision_monthly
2025-07-18 08:00:00.000,8,0.0001,binance_data_vision_monthly
2025-07-18 16:00:00.000,8,0.0001,binance_data_vision_monthly
2025-07-19 00:00:00.009,8,0.0001,binance_data_vision_monthly
2025-07-19 08:00:00.000,8,0.0001,binance_data_vision_monthly
2025-07-19 16:00:00.002,8,0.0001,binance_data_vision_monthly
2025-07-20 00:00:00.000,8,0.0001,binance_data_vision_monthly
2025-07-20 08:00:00.000,8,0.0001,binance_data_vision_monthly
2025-07-20 16:00:00.000,8,0.0001,binance_data_vision_monthly
2025-07-21 00:00:00.001,8,0.0001,binance_data_vision_monthly
2025-07-21 08:00:00.000,8,0.0001,binance_data_vision_monthly
2025-07-21 16:00:00.001,8,0.0001,binance_data_vision_monthly
2025-07-22 00:00:00.000,8,0.0001,binance_data_vision_monthly
2025-07-22 08:00:00.010,8,0.0001,binance_data_vision_monthly
2025-07-22 16:00:00.007,8,0.0001,binance_data_vision_monthly
2025-07-23 00:00:00.000,8,0.0001,binance_data_vision_monthly
2025-07-23 08:00:00.004,8,0.0001,binance_data_vision_monthly
2025-07-23 16:00:00.002,8,0.0001,binance_data_vision_monthly
2025-07-24 00:00:00.000,8,0.0001,binance_data_vision_monthly
2025-07-24 08:00:00.001,8,9.34e-06,binance_data_vision_monthly
2025-07-24 16:00:00.000,8,-7.497e-05,binance_data_vision_monthly
2025-07-25 00:00:00.000,8,4.241e-05,binance_data_vision_monthly
2025-07-25 08:00:00.000,8,3.261e-05,binance_data_vision_monthly
2025-07-25 16:00:00.000,8,0.0001,binance_data_vision_monthly
2025-07-26 00:00:00.001,8,0.0001,binance_data_vision_monthly
2025-07-26 08:00:00.005,8,0.0001,binance_data_vision_monthly
2025-07-26 16:00:00.001,8,7.899e-05,binance_data_vision_monthly
2025-07-27 00:00:00.001,8,6.867e-05,binance_data_vision_monthly
2025-07-27 08:00:00.000,8,0.0001,binance_data_vision_monthly
2025-07-27 16:00:00.008,8,0.0001,binance_data_vision_monthly
2025-07-28 00:00:00.005,8,0.0001,binance_data_vision_monthly
2025-07-28 08:00:00.000,8,0.0001,binance_data_vision_monthly
2025-07-28 16:00:00.000,8,4.336e-05,binance_data_vision_monthly
2025-07-29 00:00:00.001,8,-0.00037965,binance_data_vision_monthly
2025-07-29 08:00:00.000,8,-0.00031204,binance_data_vision_monthly
2025-07-29 16:00:00.000,8,4.127e-05,binance_data_vision_monthly
2025-07-30 00:00:00.011,8,-8.27e-05,binance_data_vision_monthly
2025-07-30 08:00:00.000,8,0.0001,binance_data_vision_monthly
2025-07-30 16:00:00.008,8,0.0001,binance_data_vision_monthly
2025-07-31 00:00:00.000,8,1.574e-05,binance_data_vision_monthly
2025-07-31 08:00:00.009,8,5.739e-05,binance_data_vision_monthly
2025-07-31 16:00:00.000,8,-0.0002021,binance_data_vision_monthly
2025-08-01 00:00:00.001,8,-6.232e-05,binance_data_vision_monthly
2025-08-01 08:00:00.003,8,-0.00015015,binance_data_vision_monthly
2025-08-01 16:00:00.000,8,-0.00029024,binance_data_vision_monthly
2025-08-02 00:00:00.004,8,-0.00015343,binance_data_vision_monthly
2025-08-02 08:00:00.000,8,-0.00013972,binance_data_vision_monthly
2025-08-02 16:00:00.000,8,-0.00011651,binance_data_vision_monthly
2025-08-03 00:00:00.000,8,-0.00016726,binance_data_vision_monthly
2025-08-03 08:00:00.000,8,-0.00017437,binance_data_vision_monthly
2025-08-03 16:00:00.003,8,-0.00024322,binance_data_vision_monthly
2025-08-04 00:00:00.004,8,-0.00018468,binance_data_vision_monthly
2025-08-04 08:00:00.000,8,-5.028e-05,binance_data_vision_monthly
2025-08-04 16:00:00.002,8,-3.196e-05,binance_data_vision_monthly
2025-08-05 00:00:00.000,8,8.116e-05,binance_data_vision_monthly
2025-08-05 08:00:00.000,8,4.219e-05,binance_data_vision_monthly
2025-08-05 16:00:00.000,8,-4.609e-05,binance_data_vision_monthly
2025-08-06 00:00:00.005,8,-0.00010392,binance_data_vision_monthly
2025-08-06 08:00:00.000,8,-0.0001422,binance_data_vision_monthly
2025-08-06 16:00:00.000,8,6.027e-05,binance_data_vision_monthly
2025-08-07 00:00:00.003,8,-0.00011127,binance_data_vision_monthly
2025-08-07 08:00:00.002,8,7.304e-05,binance_data_vision_monthly
2025-08-07 16:00:00.002,8,2.911e-05,binance_data_vision_monthly
2025-08-08 00:00:00.002,8,3.621e-05,binance_data_vision_monthly
2025-08-08 08:00:00.004,8,-6.312e-05,binance_data_vision_monthly
2025-08-08 16:00:00.000,8,-0.00011743,binance_data_vision_monthly
2025-08-09 00:00:00.005,8,0.0001,binance_data_vision_monthly
2025-08-09 08:00:00.000,8,0.0001,binance_data_vision_monthly
2025-08-09 16:00:00.007,8,0.0001,binance_data_vision_monthly
2025-08-10 00:00:00.003,8,0.0001,binance_data_vision_monthly
2025-08-10 08:00:00.005,8,-2.226e-05,binance_data_vision_monthly
2025-08-10 16:00:00.002,8,0.0001,binance_data_vision_monthly
2025-08-11 00:00:00.000,8,0.0001,binance_data_vision_monthly
2025-08-11 08:00:00.000,8,0.0001,binance_data_vision_monthly
2025-08-11 16:00:00.000,8,-0.00011243,binance_data_vision_monthly
2025-08-12 00:00:00.000,8,-0.00023642,binance_data_vision_monthly
2025-08-12 08:00:00.001,8,-4.566e-05,binance_data_vision_monthly
2025-08-12 16:00:00.005,8,-3.155e-05,binance_data_vision_monthly
2025-08-13 00:00:00.000,8,0.0001,binance_data_vision_monthly
2025-08-13 08:00:00.002,8,0.0001,binance_data_vision_monthly
2025-08-13 16:00:00.006,8,0.0001,binance_data_vision_monthly
2025-08-14 00:00:00.002,8,0.0001,binance_data_vision_monthly
2025-08-14 08:00:00.003,8,0.0001,binance_data_vision_monthly
2025-08-14 16:00:00.000,8,0.0001,binance_data_vision_monthly
2025-08-15 00:00:00.000,8,-6.392e-05,binance_data_vision_monthly
2025-08-15 08:00:00.000,8,-0.00015967,binance_data_vision_monthly
2025-08-15 16:00:00.000,8,-0.00013676,binance_data_vision_monthly
2025-08-16 00:00:00.004,8,-0.00014448,binance_data_vision_monthly
2025-08-16 08:00:00.000,8,-1.05e-06,binance_data_vision_monthly
2025-08-16 16:00:00.002,8,-7.212e-05,binance_data_vision_monthly
2025-08-17 00:00:00.000,8,-9.182e-05,binance_data_vision_monthly
2025-08-17 08:00:00.001,8,3.849e-05,binance_data_vision_monthly
2025-08-17 16:00:00.007,8,7.995e-05,binance_data_vision_monthly
2025-08-18 00:00:00.000,8,0.0001,binance_data_vision_monthly
2025-08-18 08:00:00.001,8,-0.00014553,binance_data_vision_monthly
2025-08-18 16:00:00.002,8,-0.000239,binance_data_vision_monthly
2025-08-19 00:00:00.000,8,-0.00019476,binance_data_vision_monthly
2025-08-19 08:00:00.001,8,-0.00013152,binance_data_vision_monthly
2025-08-19 16:00:00.000,8,-4.017e-05,binance_data_vision_monthly
2025-08-20 00:00:00.000,8,-0.00011439,binance_data_vision_monthly
2025-08-20 08:00:00.000,8,-7.916e-05,binance_data_vision_monthly
2025-08-20 16:00:00.000,8,-7.532e-05,binance_data_vision_monthly
2025-08-21 00:00:00.006,8,3.154e-05,binance_data_vision_monthly
2025-08-21 08:00:00.000,8,-6.44e-05,binance_data_vision_monthly
2025-08-21 16:00:00.003,8,-8.333e-05,binance_data_vision_monthly
2025-08-22 00:00:00.010,8,1.63e-06,binance_data_vision_monthly
2025-08-22 08:00:00.007,8,-5.056e-05,binance_data_vision_monthly
2025-08-22 16:00:00.001,8,-0.00012584,binance_data_vision_monthly
2025-08-23 00:00:00.004,8,0.0001,binance_data_vision_monthly
2025-08-23 08:00:00.006,8,0.0001,binance_data_vision_monthly
2025-08-23 16:00:00.000,8,0.0001,binance_data_vision_monthly
2025-08-24 00:00:00.001,8,0.0001,binance_data_vision_monthly
2025-08-24 08:00:00.002,8,0.0001,binance_data_vision_monthly
2025-08-24 16:00:00.001,8,6.434e-05,binance_data_vision_monthly
2025-08-25 00:00:00.000,8,2.561e-05,binance_data_vision_monthly
2025-08-25 08:00:00.002,8,3.822e-05,binance_data_vision_monthly
2025-08-25 16:00:00.002,8,-0.00036487,binance_data_vision_monthly
2025-08-26 00:00:00.000,8,-0.00023668,binance_data_vision_monthly
2025-08-26 08:00:00.000,8,-5.239e-05,binance_data_vision_monthly
2025-08-26 16:00:00.000,8,-4.128e-05,binance_data_vision_monthly
2025-08-27 00:00:00.003,8,1.141e-05,binance_data_vision_monthly
2025-08-27 08:00:00.000,8,2.985e-05,binance_data_vision_monthly
2025-08-27 16:00:00.009,8,-2.958e-05,binance_data_vision_monthly
2025-08-28 00:00:00.000,8,7.13e-05,binance_data_vision_monthly
2025-08-28 08:00:00.005,8,-2.949e-05,binance_data_vision_monthly
2025-08-28 16:00:00.004,8,-5.764e-05,binance_data_vision_monthly
2025-08-29 00:00:00.000,8,2.77e-06,binance_data_vision_monthly
2025-08-29 08:00:00.000,8,-3.741e-05,binance_data_vision_monthly
2025-08-29 16:00:00.005,8,-7.67e-05,binance_data_vision_monthly
2025-08-30 00:00:00.000,8,-0.00030665,binance_data_vision_monthly
2025-08-30 08:00:00.002,8,-0.00020371,binance_data_vision_monthly
2025-08-30 16:00:00.003,8,-9.112e-05,binance_data_vision_monthly
2025-08-31 00:00:00.016,8,-5.233e-05,binance_data_vision_monthly
2025-08-31 08:00:00.000,8,-1.482e-05,binance_data_vision_monthly
2025-08-31 16:00:00.001,8,-2.312e-05,binance_data_vision_monthly
2025-09-01 00:00:00.000,8,-0.00011702,binance_data_vision_monthly
2025-09-01 08:00:00.000,8,-0.00020118,binance_data_vision_monthly
2025-09-01 16:00:00.001,8,0.0001,binance_data_vision_monthly
2025-09-02 00:00:00.000,8,-0.00024476,binance_data_vision_monthly
2025-09-02 08:00:00.005,8,-6.334e-05,binance_data_vision_monthly
2025-09-02 16:00:00.007,8,5.51e-05,binance_data_vision_monthly
2025-09-03 00:00:00.006,8,-1.795e-05,binance_data_vision_monthly
2025-09-03 08:00:00.002,8,-0.000127,binance_data_vision_monthly
2025-09-03 16:00:00.002,8,2.64e-05,binance_data_vision_monthly
2025-09-04 00:00:00.002,8,8.432e-05,binance_data_vision_monthly
2025-09-04 08:00:00.000,8,-0.00024706,binance_data_vision_monthly
2025-09-04 16:00:00.000,8,-6.689e-05,binance_data_vision_monthly
2025-09-05 00:00:00.001,8,-0.00038011,binance_data_vision_monthly
2025-09-05 08:00:00.006,8,1.46e-05,binance_data_vision_monthly
2025-09-05 16:00:00.000,8,0.0001,binance_data_vision_monthly
2025-09-06 00:00:00.000,8,9.182e-05,binance_data_vision_monthly
2025-09-06 08:00:00.005,8,-1.85e-05,binance_data_vision_monthly
2025-09-06 16:00:00.000,8,-5.17e-05,binance_data_vision_monthly
2025-09-07 00:00:00.000,8,-0.00018388,binance_data_vision_monthly
2025-09-07 08:00:00.000,8,0.0001,binance_data_vision_monthly
2025-09-07 16:00:00.000,8,0.0001,binance_data_vision_monthly
2025-09-08 00:00:00.007,8,6.32e-06,binance_data_vision_monthly
2025-09-08 08:00:00.000,8,7.828e-05,binance_data_vision_monthly
2025-09-08 16:00:00.000,8,0.0001,binance_data_vision_monthly
2025-09-09 00:00:00.000,8,0.0001,binance_data_vision_monthly
2025-09-09 08:00:00.000,8,8.94e-05,binance_data_vision_monthly
2025-09-09 16:00:00.000,8,0.0001,binance_data_vision_monthly
2025-09-10 00:00:00.000,8,5.498e-05,binance_data_vision_monthly
2025-09-10 08:00:00.002,8,0.0001,binance_data_vision_monthly
2025-09-10 16:00:00.000,8,0.0001,binance_data_vision_monthly
2025-09-11 00:00:00.000,8,0.0001,binance_data_vision_monthly
2025-09-11 08:00:00.000,8,0.0001,binance_data_vision_monthly
2025-09-11 16:00:00.001,8,0.0001,binance_data_vision_monthly
2025-09-12 00:00:00.002,8,0.0001,binance_data_vision_monthly
2025-09-12 08:00:00.001,8,0.0001,binance_data_vision_monthly
2025-09-12 16:00:00.005,8,6.403e-05,binance_data_vision_monthly
2025-09-13 00:00:00.005,8,0.0001,binance_data_vision_monthly
2025-09-13 08:00:00.002,8,0.0001,binance_data_vision_monthly
2025-09-13 16:00:00.000,8,0.0001,binance_data_vision_monthly
2025-09-14 00:00:00.006,8,0.0001,binance_data_vision_monthly
2025-09-14 08:00:00.000,8,0.0001,binance_data_vision_monthly
2025-09-14 16:00:00.001,8,0.0001,binance_data_vision_monthly
2025-09-15 00:00:00.006,8,0.0001,binance_data_vision_monthly
2025-09-15 08:00:00.002,8,0.0001,binance_data_vision_monthly
2025-09-15 16:00:00.001,8,-0.00023943,binance_data_vision_monthly
2025-09-16 00:00:00.001,8,-8.6e-06,binance_data_vision_monthly
2025-09-16 08:00:00.000,8,0.0001,binance_data_vision_monthly
2025-09-16 16:00:00.000,8,7.19e-06,binance_data_vision_monthly
2025-09-17 00:00:00.001,8,-6.47e-06,binance_data_vision_monthly
2025-09-17 08:00:00.000,8,1.776e-05,binance_data_vision_monthly
2025-09-17 16:00:00.003,8,-4.466e-05,binance_data_vision_monthly
2025-09-18 00:00:00.006,8,0.0001,binance_data_vision_monthly
2025-09-18 08:00:00.002,8,0.0001,binance_data_vision_monthly
2025-09-18 16:00:00.000,8,0.0001,binance_data_vision_monthly
2025-09-19 00:00:00.000,8,0.0001,binance_data_vision_monthly
2025-09-19 08:00:00.005,8,0.0001,binance_data_vision_monthly
2025-09-19 16:00:00.000,8,7.216e-05,binance_data_vision_monthly
2025-09-20 00:00:00.000,8,-0.00010451,binance_data_vision_monthly
2025-09-20 08:00:00.000,8,-6.423e-05,binance_data_vision_monthly
2025-09-20 16:00:00.002,8,-5.646e-05,binance_data_vision_monthly
2025-09-21 00:00:00.000,8,9.02e-06,binance_data_vision_monthly
2025-09-21 08:00:00.000,8,0.0001,binance_data_vision_monthly
2025-09-21 16:00:00.000,8,-5.021e-05,binance_data_vision_monthly
2025-09-22 00:00:00.005,8,2.057e-05,binance_data_vision_monthly
2025-09-22 08:00:00.003,8,-0.00042281,binance_data_vision_monthly
2025-09-22 16:00:00.000,8,-0.00021305,binance_data_vision_monthly
2025-09-23 00:00:00.000,8,-0.00021991,binance_data_vision_monthly
2025-09-23 08:00:00.001,8,-0.00023118,binance_data_vision_monthly
2025-09-23 16:00:00.000,8,-0.00016151,binance_data_vision_monthly
2025-09-24 00:00:00.003,8,1.054e-05,binance_data_vision_monthly
2025-09-24 08:00:00.001,8,-5.335e-05,binance_data_vision_monthly
2025-09-24 16:00:00.002,8,2.884e-05,binance_data_vision_monthly
2025-09-25 00:00:00.000,8,-0.00028964,binance_data_vision_monthly
2025-09-25 08:00:00.001,8,-0.00023576,binance_data_vision_monthly
2025-09-25 16:00:00.000,8,-9.155e-05,binance_data_vision_monthly
2025-09-26 00:00:00.000,8,-0.00028358,binance_data_vision_monthly
2025-09-26 08:00:00.000,8,-6.376e-05,binance_data_vision_monthly
2025-09-26 16:00:00.008,8,-2.099e-05,binance_data_vision_monthly
2025-09-27 00:00:00.000,8,7.067e-05,binance_data_vision_monthly
2025-09-27 08:00:00.010,8,1.851e-05,binance_data_vision_monthly
2025-09-27 16:00:00.003,8,-2.315e-05,binance_data_vision_monthly
2025-09-28 00:00:00.000,8,-0.00033094,binance_data_vision_monthly
2025-09-28 08:00:00.000,8,-1.909e-05,binance_data_vision_monthly
2025-09-28 16:00:00.000,8,-0.00028483,binance_data_vision_monthly
2025-09-29 00:00:00.000,8,-6.745e-05,binance_data_vision_monthly
2025-09-29 08:00:00.002,8,0.0001,binance_data_vision_monthly
2025-09-29 16:00:00.001,8,-3.488e-05,binance_data_vision_monthly
2025-09-30 00:00:00.002,8,9.59e-05,binance_data_vision_monthly
2025-09-30 08:00:00.005,8,-3.68e-05,binance_data_vision_monthly
2025-09-30 16:00:00.000,8,-0.00013865,binance_data_vision_monthly
2025-10-01 00:00:00.000,8,-7.337e-05,binance_data_vision_monthly
2025-10-01 08:00:00.000,8,8.184e-05,binance_data_vision_monthly
2025-10-01 16:00:00.000,8,0.0001,binance_data_vision_monthly
2025-10-02 00:00:00.000,8,0.0001,binance_data_vision_monthly
2025-10-02 08:00:00.013,8,0.0001,binance_data_vision_monthly
2025-10-02 16:00:00.000,8,0.0001,binance_data_vision_monthly
2025-10-03 00:00:00.006,8,0.0001,binance_data_vision_monthly
2025-10-03 08:00:00.006,8,0.0001,binance_data_vision_monthly
2025-10-03 16:00:00.000,8,8.202e-05,binance_data_vision_monthly
2025-10-04 00:00:00.001,8,0.0001,binance_data_vision_monthly
2025-10-04 08:00:00.000,8,0.0001,binance_data_vision_monthly
2025-10-04 16:00:00.000,8,-7.76e-05,binance_data_vision_monthly
2025-10-05 00:00:00.000,8,-1.404e-05,binance_data_vision_monthly
2025-10-05 08:00:00.003,8,0.0001,binance_data_vision_monthly
2025-10-05 16:00:00.009,8,0.0001,binance_data_vision_monthly
2025-10-06 00:00:00.004,8,-1.917e-05,binance_data_vision_monthly
2025-10-06 08:00:00.002,8,-0.00010141,binance_data_vision_monthly
2025-10-06 16:00:00.004,8,0.0001,binance_data_vision_monthly
2025-10-07 00:00:00.000,8,0.0001,binance_data_vision_monthly
2025-10-07 08:00:00.003,8,0.0001,binance_data_vision_monthly
2025-10-07 16:00:00.000,8,0.0001,binance_data_vision_monthly
2025-10-08 00:00:00.000,8,-0.00015695,binance_data_vision_monthly
2025-10-08 08:00:00.006,8,-0.00013812,binance_data_vision_monthly
2025-10-08 16:00:00.002,8,-2.268e-05,binance_data_vision_monthly
2025-10-09 00:00:00.001,8,0.0001,binance_data_vision_monthly
2025-10-09 08:00:00.000,8,3.242e-05,binance_data_vision_monthly
2025-10-09 16:00:00.000,8,-9.26e-05,binance_data_vision_monthly
2025-10-10 00:00:00.005,8,2.24e-06,binance_data_vision_monthly
2025-10-10 08:00:00.002,8,3.057e-05,binance_data_vision_monthly
2025-10-10 16:00:00.014,8,0.0001,binance_data_vision_monthly
2025-10-11 00:00:00.000,8,-0.00218287,binance_data_vision_monthly
2025-10-11 08:00:00.003,8,-0.00111801,binance_data_vision_monthly
2025-10-11 16:00:00.000,8,-0.00116239,binance_data_vision_monthly
2025-10-12 00:00:00.004,8,-0.0045,binance_data_vision_monthly
2025-10-12 08:00:00.002,8,-0.00082214,binance_data_vision_monthly
2025-10-12 16:00:00.000,8,-0.0005692,binance_data_vision_monthly
2025-10-13 00:00:00.003,8,-0.0004462,binance_data_vision_monthly
2025-10-13 08:00:00.002,8,-0.00048967,binance_data_vision_monthly
2025-10-13 16:00:00.003,8,-0.00026111,binance_data_vision_monthly
2025-10-14 00:00:00.000,8,-0.00052836,binance_data_vision_monthly
2025-10-14 08:00:00.000,8,-0.00034599,binance_data_vision_monthly
2025-10-14 16:00:00.000,8,-0.00022733,binance_data_vision_monthly
2025-10-15 00:00:00.006,8,-0.00034062,binance_data_vision_monthly
2025-10-15 08:00:00.002,8,-0.00013335,binance_data_vision_monthly
2025-10-15 16:00:00.000,8,-0.00010898,binance_data_vision_monthly
2025-10-16 00:00:00.000,8,-7.942e-05,binance_data_vision_monthly
2025-10-16 08:00:00.003,8,-0.00013194,binance_data_vision_monthly
2025-10-16 16:00:00.002,8,-0.00015605,binance_data_vision_monthly
2025-10-17 00:00:00.001,8,-0.00027219,binance_data_vision_monthly
2025-10-17 08:00:00.005,8,-0.00024616,binance_data_vision_monthly
2025-10-17 16:00:00.003,8,-0.00031575,binance_data_vision_monthly
2025-10-18 00:00:00.000,8,-0.00025775,binance_data_vision_monthly
2025-10-18 08:00:00.002,8,-0.00021681,binance_data_vision_monthly
2025-10-18 16:00:00.001,8,-0.00043584,binance_data_vision_monthly
2025-10-19 00:00:00.001,8,-0.00019939,binance_data_vision_monthly
2025-10-19 08:00:00.001,8,-0.00042321,binance_data_vision_monthly
2025-10-19 16:00:00.001,8,-0.0001834,binance_data_vision_monthly
2025-10-20 00:00:00.004,8,-0.00031673,binance_data_vision_monthly
2025-10-20 08:00:00.001,8,-0.00022204,binance_data_vision_monthly
2025-10-20 16:00:00.000,8,-0.00022266,binance_data_vision_monthly
2025-10-21 00:00:00.009,8,-0.00038704,binance_data_vision_monthly
2025-10-21 08:00:00.000,8,-0.00040999,binance_data_vision_monthly
2025-10-21 16:00:00.000,8,-0.0001381,binance_data_vision_monthly
2025-10-22 00:00:00.004,8,-0.0002539,binance_data_vision_monthly
2025-10-22 08:00:00.000,8,-0.00021408,binance_data_vision_monthly
2025-10-22 16:00:00.000,8,-0.00013582,binance_data_vision_monthly
2025-10-23 00:00:00.000,8,-0.00026413,binance_data_vision_monthly
2025-10-23 08:00:00.001,8,-0.0003074,binance_data_vision_monthly
2025-10-23 16:00:00.004,8,-0.00022729,binance_data_vision_monthly
2025-10-24 00:00:00.000,8,-5.912e-05,binance_data_vision_monthly
2025-10-24 08:00:00.000,8,-0.00024707,binance_data_vision_monthly
2025-10-24 16:00:00.009,8,-0.00030239,binance_data_vision_monthly
2025-10-25 00:00:00.000,8,-5.098e-05,binance_data_vision_monthly
2025-10-25 08:00:00.001,8,-0.00026114,binance_data_vision_monthly
2025-10-25 16:00:00.001,8,-0.00021412,binance_data_vision_monthly
2025-10-26 00:00:00.001,8,-0.0002167,binance_data_vision_monthly
2025-10-26 08:00:00.001,8,-0.00035633,binance_data_vision_monthly
2025-10-26 16:00:00.000,8,-0.00012551,binance_data_vision_monthly
2025-10-27 00:00:00.000,8,-5.485e-05,binance_data_vision_monthly
2025-10-27 08:00:00.005,8,-9.123e-05,binance_data_vision_monthly
2025-10-27 16:00:00.000,8,-0.00013249,binance_data_vision_monthly
2025-10-28 00:00:00.000,8,-0.00026259,binance_data_vision_monthly
2025-10-28 08:00:00.000,8,-0.00029204,binance_data_vision_monthly
2025-10-28 16:00:00.004,8,-0.00028858,binance_data_vision_monthly
2025-10-29 00:00:00.004,8,-0.00052317,binance_data_vision_monthly
2025-10-29 08:00:00.005,8,-0.00046487,binance_data_vision_monthly
2025-10-29 16:00:00.000,8,-0.00021388,binance_data_vision_monthly
2025-10-30 00:00:00.004,8,-0.00065662,binance_data_vision_monthly
2025-10-30 08:00:00.008,8,-0.00088282,binance_data_vision_monthly
2025-10-30 16:00:00.001,8,-0.0014222,binance_data_vision_monthly
2025-10-31 00:00:00.000,8,-0.002872,binance_data_vision_monthly
2025-10-31 08:00:00.008,8,-0.00060426,binance_data_vision_monthly
2025-10-31 16:00:00.007,8,-0.00084366,binance_data_vision_monthly
2025-11-01 00:00:00.001,8,-0.00060503,binance_data_vision_monthly
2025-11-01 08:00:00.000,8,-0.00060966,binance_data_vision_monthly
2025-11-01 16:00:00.000,8,-0.0002364,binance_data_vision_monthly
2025-11-02 00:00:00.007,8,-0.00023267,binance_data_vision_monthly
2025-11-02 08:00:00.000,8,-0.00013142,binance_data_vision_monthly
2025-11-02 16:00:00.001,8,-0.00049313,binance_data_vision_monthly
2025-11-03 00:00:00.000,8,-0.00017386,binance_data_vision_monthly
2025-11-03 08:00:00.010,8,-0.00111948,binance_data_vision_monthly
2025-11-03 16:00:00.000,8,-0.00069469,binance_data_vision_monthly
2025-11-04 00:00:00.002,8,-6.259e-05,binance_data_vision_monthly
2025-11-04 08:00:00.004,8,-0.00054177,binance_data_vision_monthly
2025-11-04 16:00:00.000,8,-0.00056022,binance_data_vision_monthly
2025-11-05 00:00:00.000,8,-0.00028421,binance_data_vision_monthly
2025-11-05 08:00:00.000,8,-5.495e-05,binance_data_vision_monthly
2025-11-05 16:00:00.004,8,-0.00013919,binance_data_vision_monthly
2025-11-06 00:00:00.001,8,-0.00024639,binance_data_vision_monthly
2025-11-06 08:00:00.000,8,1.375e-05,binance_data_vision_monthly
2025-11-06 16:00:00.001,8,-7.474e-05,binance_data_vision_monthly
2025-11-07 00:00:00.005,8,-9.744e-05,binance_data_vision_monthly
2025-11-07 08:00:00.003,8,-0.00018657,binance_data_vision_monthly
2025-11-07 16:00:00.005,8,-0.00019741,binance_data_vision_monthly
2025-11-08 00:00:00.011,8,1.573e-05,binance_data_vision_monthly
2025-11-08 08:00:00.015,8,-3.65e-06,binance_data_vision_monthly
2025-11-08 16:00:00.001,8,-1.769e-05,binance_data_vision_monthly
2025-11-09 00:00:00.004,8,-0.00011109,binance_data_vision_monthly
2025-11-09 08:00:00.000,8,-0.00013706,binance_data_vision_monthly
2025-11-09 16:00:00.005,8,1.64e-06,binance_data_vision_monthly
2025-11-10 00:00:00.000,8,-8.281e-05,binance_data_vision_monthly
2025-11-10 08:00:00.000,8,-4.131e-05,binance_data_vision_monthly
2025-11-10 16:00:00.003,8,-0.00019711,binance_data_vision_monthly
2025-11-11 00:00:00.007,8,-0.00010813,binance_data_vision_monthly
2025-11-11 08:00:00.000,8,-0.00010401,binance_data_vision_monthly
2025-11-11 16:00:00.009,8,4.362e-05,binance_data_vision_monthly
2025-11-12 00:00:00.000,8,-0.00017909,binance_data_vision_monthly
2025-11-12 08:00:00.002,8,5.74e-06,binance_data_vision_monthly
2025-11-12 16:00:00.000,8,-6.651e-05,binance_data_vision_monthly
2025-11-13 00:00:00.002,8,-0.00033341,binance_data_vision_monthly
2025-11-13 08:00:00.000,8,-0.00015165,binance_data_vision_monthly
2025-11-13 16:00:00.001,8,-8.125e-05,binance_data_vision_monthly
2025-11-14 00:00:00.000,8,-6.495e-05,binance_data_vision_monthly
2025-11-14 08:00:00.000,8,2.671e-05,binance_data_vision_monthly
2025-11-14 16:00:00.001,8,0.0001,binance_data_vision_monthly
2025-11-15 00:00:00.005,8,-3.666e-05,binance_data_vision_monthly
2025-11-15 08:00:00.000,8,2.683e-05,binance_data_vision_monthly
2025-11-15 16:00:00.001,8,-0.00016145,binance_data_vision_monthly
2025-11-16 00:00:00.001,8,-0.00016836,binance_data_vision_monthly
2025-11-16 08:00:00.000,8,-3.516e-05,binance_data_vision_monthly
2025-11-16 16:00:00.000,8,-0.00015292,binance_data_vision_monthly
2025-11-17 00:00:00.003,8,-3.74e-05,binance_data_vision_monthly
2025-11-17 08:00:00.003,8,-8.501e-05,binance_data_vision_monthly
2025-11-17 16:00:00.000,8,5.635e-05,binance_data_vision_monthly
2025-11-18 00:00:00.002,8,-6.87e-05,binance_data_vision_monthly
2025-11-18 08:00:00.004,8,-3.801e-05,binance_data_vision_monthly
2025-11-18 16:00:00.000,8,0.0001,binance_data_vision_monthly
2025-11-19 00:00:00.000,8,2.999e-05,binance_data_vision_monthly
2025-11-19 08:00:00.000,8,-9.405e-05,binance_data_vision_monthly
2025-11-19 16:00:00.008,8,3.17e-05,binance_data_vision_monthly
2025-11-20 00:00:00.000,8,8.651e-05,binance_data_vision_monthly
2025-11-20 08:00:00.000,8,-0.00019067,binance_data_vision_monthly
2025-11-20 16:00:00.000,8,0.0001,binance_data_vision_monthly
2025-11-21 00:00:00.001,8,-0.00038458,binance_data_vision_monthly
2025-11-21 08:00:00.000,8,-0.00012167,binance_data_vision_monthly
2025-11-21 16:00:00.001,8,-0.00032553,binance_data_vision_monthly
2025-11-22 00:00:00.004,8,-0.00014809,binance_data_vision_monthly
2025-11-22 08:00:00.000,8,-4.897e-05,binance_data_vision_monthly
2025-11-22 16:00:00.000,8,-0.00021216,binance_data_vision_monthly
2025-11-23 00:00:00.000,8,-0.00032697,binance_data_vision_monthly
2025-11-23 08:00:00.008,8,-0.00019202,binance_data_vision_monthly
2025-11-23 16:00:00.003,8,-0.00044171,binance_data_vision_monthly
2025-11-24 00:00:00.004,8,-0.00025312,binance_data_vision_monthly
2025-11-24 08:00:00.000,8,-9.272e-05,binance_data_vision_monthly
2025-11-24 16:00:00.006,8,-4.727e-05,binance_data_vision_monthly
2025-11-25 00:00:00.000,8,-0.00027347,binance_data_vision_monthly
2025-11-25 08:00:00.009,8,-0.00011912,binance_data_vision_monthly
2025-11-25 16:00:00.007,8,-0.00014029,binance_data_vision_monthly
2025-11-26 00:00:00.001,8,-5.4e-07,binance_data_vision_monthly
2025-11-26 08:00:00.001,8,-0.00015809,binance_data_vision_monthly
2025-11-26 16:00:00.000,8,-0.00013405,binance_data_vision_monthly
2025-11-27 00:00:00.013,8,5.38e-05,binance_data_vision_monthly
2025-11-27 08:00:00.000,8,-0.00013065,binance_data_vision_monthly
2025-11-27 16:00:00.004,8,-8.394e-05,binance_data_vision_monthly
2025-11-28 00:00:00.008,8,-0.00026802,binance_data_vision_monthly
2025-11-28 08:00:00.000,8,-0.00024746,binance_data_vision_monthly
2025-11-28 16:00:00.008,8,-9.966e-05,binance_data_vision_monthly
2025-11-29 00:00:00.000,8,-5.977e-05,binance_data_vision_monthly
2025-11-29 08:00:00.005,8,-0.00022099,binance_data_vision_monthly
2025-11-29 16:00:00.001,8,-0.00052313,binance_data_vision_monthly
2025-11-30 00:00:00.003,8,-5.053e-05,binance_data_vision_monthly
2025-11-30 08:00:00.000,8,-0.0002432,binance_data_vision_monthly
2025-11-30 16:00:00.004,8,-0.00028467,binance_data_vision_monthly
2025-12-01 00:00:00.000,8,-0.00038897,binance_data_vision_monthly
2025-12-01 08:00:00.004,8,-0.00047489,binance_data_vision_monthly
2025-12-01 16:00:00.000,8,-4.057e-05,binance_data_vision_monthly
2025-12-02 00:00:00.004,8,-0.00025112,binance_data_vision_monthly
2025-12-02 08:00:00.000,8,-0.00022206,binance_data_vision_monthly
2025-12-02 16:00:00.000,8,-6.624e-05,binance_data_vision_monthly
2025-12-03 00:00:00.000,8,5.297e-05,binance_data_vision_monthly
2025-12-03 08:00:00.000,8,-4.701e-05,binance_data_vision_monthly
2025-12-03 16:00:00.005,8,-4.309e-05,binance_data_vision_monthly
2025-12-04 00:00:00.012,8,-0.00016536,binance_data_vision_monthly
2025-12-04 08:00:00.000,8,-0.00024523,binance_data_vision_monthly
2025-12-04 16:00:00.011,8,-0.00016321,binance_data_vision_monthly
2025-12-05 00:00:00.000,8,-0.00029902,binance_data_vision_monthly
2025-12-05 08:00:00.000,8,-0.00031958,binance_data_vision_monthly
2025-12-05 16:00:00.010,8,-0.00035188,binance_data_vision_monthly
2025-12-06 00:00:00.001,8,-0.00061789,binance_data_vision_monthly
2025-12-06 08:00:00.001,8,-0.00066711,binance_data_vision_monthly
2025-12-06 16:00:00.008,8,-0.00045371,binance_data_vision_monthly
2025-12-07 00:00:00.000,8,1.323e-05,binance_data_vision_monthly
2025-12-07 08:00:00.004,8,-0.00017293,binance_data_vision_monthly
2025-12-07 16:00:00.000,8,-0.00025106,binance_data_vision_monthly
2025-12-08 00:00:00.000,8,-0.00046728,binance_data_vision_monthly
2025-12-08 08:00:00.000,8,-0.00021141,binance_data_vision_monthly
2025-12-08 16:00:00.001,8,-0.00023529,binance_data_vision_monthly
2025-12-09 00:00:00.001,8,1.552e-05,binance_data_vision_monthly
2025-12-09 08:00:00.001,8,-0.00012455,binance_data_vision_monthly
2025-12-09 16:00:00.007,8,3.133e-05,binance_data_vision_monthly
2025-12-10 00:00:00.007,8,-8.112e-05,binance_data_vision_monthly
2025-12-10 08:00:00.002,8,-4.593e-05,binance_data_vision_monthly
2025-12-10 16:00:00.012,8,3.127e-05,binance_data_vision_monthly
2025-12-11 00:00:00.001,8,-7.452e-05,binance_data_vision_monthly
2025-12-11 08:00:00.000,8,-0.00034047,binance_data_vision_monthly
2025-12-11 16:00:00.000,8,-0.00016192,binance_data_vision_monthly
2025-12-12 00:00:00.005,8,-0.0001327,binance_data_vision_monthly
2025-12-12 08:00:00.007,8,-0.00021067,binance_data_vision_monthly
2025-12-12 16:00:00.002,8,-0.00019276,binance_data_vision_monthly
2025-12-13 00:00:00.001,8,-0.00029782,binance_data_vision_monthly
2025-12-13 08:00:00.006,8,5.15e-06,binance_data_vision_monthly
2025-12-13 16:00:00.000,8,0.0001,binance_data_vision_monthly
2025-12-14 00:00:00.000,8,-2.691e-05,binance_data_vision_monthly
2025-12-14 08:00:00.003,8,-0.00026659,binance_data_vision_monthly
2025-12-14 16:00:00.005,8,-0.00017794,binance_data_vision_monthly
2025-12-15 00:00:00.000,8,-0.00025846,binance_data_vision_monthly
2025-12-15 08:00:00.000,8,-4.615e-05,binance_data_vision_monthly
2025-12-15 16:00:00.000,8,-0.00018297,binance_data_vision_monthly
2025-12-16 00:00:00.002,8,-0.00013769,binance_data_vision_monthly
2025-12-16 08:00:00.000,8,-8.599e-05,binance_data_vision_monthly
2025-12-16 16:00:00.002,8,7.466e-05,binance_data_vision_monthly
2025-12-17 00:00:00.004,8,-6.08e-06,binance_data_vision_monthly
2025-12-17 08:00:00.000,8,-2.516e-05,binance_data_vision_monthly
2025-12-17 16:00:00.000,8,5.376e-05,binance_data_vision_monthly
2025-12-18 00:00:00.005,8,-1.753e-05,binance_data_vision_monthly
2025-12-18 08:00:00.007,8,-9.522e-05,binance_data_vision_monthly
2025-12-18 16:00:00.001,8,-5.475e-05,binance_data_vision_monthly
2025-12-19 00:00:00.000,8,-0.00024475,binance_data_vision_monthly
2025-12-19 08:00:00.001,8,-5.937e-05,binance_data_vision_monthly
2025-12-19 16:00:00.000,8,-7.592e-05,binance_data_vision_monthly
2025-12-20 00:00:00.005,8,9.572e-05,binance_data_vision_monthly
2025-12-20 08:00:00.000,8,5.986e-05,binance_data_vision_monthly
2025-12-20 16:00:00.002,8,-6.927e-05,binance_data_vision_monthly
2025-12-21 00:00:00.000,8,-8.249e-05,binance_data_vision_monthly
2025-12-21 08:00:00.009,8,-6.397e-05,binance_data_vision_monthly
2025-12-21 16:00:00.000,8,-0.00020462,binance_data_vision_monthly
2025-12-22 00:00:00.000,8,-1.757e-05,binance_data_vision_monthly
2025-12-22 08:00:00.005,8,1.236e-05,binance_data_vision_monthly
2025-12-22 16:00:00.009,8,6.703e-05,binance_data_vision_monthly
2025-12-23 00:00:00.000,8,-7.288e-05,binance_data_vision_monthly
2025-12-23 08:00:00.000,8,-8.015e-05,binance_data_vision_monthly
2025-12-23 16:00:00.001,8,-0.00022787,binance_data_vision_monthly
2025-12-24 00:00:00.001,8,1.433e-05,binance_data_vision_monthly
2025-12-24 08:00:00.001,8,-0.00014916,binance_data_vision_monthly
2025-12-24 16:00:00.000,8,-1.109e-05,binance_data_vision_monthly
2025-12-25 00:00:00.000,8,8.571e-05,binance_data_vision_monthly
2025-12-25 08:00:00.001,8,0.0001,binance_data_vision_monthly
2025-12-25 16:00:00.005,8,-3.251e-05,binance_data_vision_monthly
2025-12-26 00:00:00.004,8,-0.00011731,binance_data_vision_monthly
2025-12-26 08:00:00.001,8,1.216e-05,binance_data_vision_monthly
2025-12-26 16:00:00.007,8,-8.46e-06,binance_data_vision_monthly
2025-12-27 00:00:00.000,8,-2.263e-05,binance_data_vision_monthly
2025-12-27 08:00:00.000,8,-2.565e-05,binance_data_vision_monthly
2025-12-27 16:00:00.011,8,7.473e-05,binance_data_vision_monthly
2025-12-28 00:00:00.008,8,6.969e-05,binance_data_vision_monthly
2025-12-28 08:00:00.000,8,4.32e-06,binance_data_vision_monthly
2025-12-28 16:00:00.000,8,2e-06,binance_data_vision_monthly
2025-12-29 00:00:00.016,8,3.825e-05,binance_data_vision_monthly
2025-12-29 08:00:00.001,8,-3.791e-05,binance_data_vision_monthly
2025-12-29 16:00:00.000,8,-3.628e-05,binance_data_vision_monthly
2025-12-30 00:00:00.005,8,7.618e-05,binance_data_vision_monthly
2025-12-30 08:00:00.001,8,-2.924e-05,binance_data_vision_monthly
2025-12-30 16:00:00.003,8,0.0001,binance_data_vision_monthly
2025-12-31 00:00:00.004,8,-8.418e-05,binance_data_vision_monthly
2025-12-31 08:00:00.001,8,2.88e-05,binance_data_vision_monthly
2025-12-31 16:00:00.001,8,7.19e-06,binance_data_vision_monthly
2026-01-01 00:00:00.008,8,7.378e-05,binance_data_vision_monthly
2026-01-01 08:00:00.002,8,2.28e-06,binance_data_vision_monthly
2026-01-01 16:00:00.001,8,9.112e-05,binance_data_vision_monthly
2026-01-02 00:00:00.006,8,8.102e-05,binance_data_vision_monthly
2026-01-02 08:00:00.007,8,-4.84e-06,binance_data_vision_monthly
2026-01-02 16:00:00.000,8,-0.00027262,binance_data_vision_monthly
2026-01-03 00:00:00.001,8,-0.00018941,binance_data_vision_monthly
2026-01-03 08:00:00.000,8,1.749e-05,binance_data_vision_monthly
2026-01-03 16:00:00.000,8,-0.00016876,binance_data_vision_monthly
2026-01-04 00:00:00.000,8,-0.0001029,binance_data_vision_monthly
2026-01-04 08:00:00.000,8,-7.84e-05,binance_data_vision_monthly
2026-01-04 16:00:00.001,8,-8.185e-05,binance_data_vision_monthly
2026-01-05 00:00:00.000,8,-7.6e-06,binance_data_vision_monthly
2026-01-05 08:00:00.000,8,-1.808e-05,binance_data_vision_monthly
2026-01-05 16:00:00.000,8,-1.762e-05,binance_data_vision_monthly
2026-01-06 00:00:00.010,8,6.511e-05,binance_data_vision_monthly
2026-01-06 08:00:00.000,8,7.591e-05,binance_data_vision_monthly
2026-01-06 16:00:00.000,8,-6.562e-05,binance_data_vision_monthly
2026-01-07 00:00:00.001,8,-9.294e-05,binance_data_vision_monthly
2026-01-07 08:00:00.001,8,-2.27e-06,binance_data_vision_monthly
2026-01-07 16:00:00.001,8,-0.00018124,binance_data_vision_monthly
2026-01-08 00:00:00.001,8,-3.992e-05,binance_data_vision_monthly
2026-01-08 08:00:00.000,8,-1.132e-05,binance_data_vision_monthly
2026-01-08 16:00:00.000,8,-0.0001884,binance_data_vision_monthly
2026-01-09 00:00:00.003,8,-0.00010666,binance_data_vision_monthly
2026-01-09 08:00:00.000,8,-8.09e-05,binance_data_vision_monthly
2026-01-09 16:00:00.001,8,-4.045e-05,binance_data_vision_monthly
2026-01-10 00:00:00.000,8,-4.147e-05,binance_data_vision_monthly
2026-01-10 08:00:00.002,8,-0.00012048,binance_data_vision_monthly
2026-01-10 16:00:00.001,8,-2.95e-05,binance_data_vision_monthly
2026-01-11 00:00:00.003,8,6.841e-05,binance_data_vision_monthly
2026-01-11 08:00:00.006,8,4.414e-05,binance_data_vision_monthly
2026-01-11 16:00:00.000,8,-7.437e-05,binance_data_vision_monthly
2026-01-12 00:00:00.005,8,-0.00014563,binance_data_vision_monthly
2026-01-12 08:00:00.000,8,-0.00011797,binance_data_vision_monthly
2026-01-12 16:00:00.000,8,-0.00011197,binance_data_vision_monthly
2026-01-13 00:00:00.007,8,-0.00010868,binance_data_vision_monthly
2026-01-13 08:00:00.009,8,0.0001,binance_data_vision_monthly
2026-01-13 16:00:00.002,8,6.951e-05,binance_data_vision_monthly
2026-01-14 00:00:00.000,8,1.82e-05,binance_data_vision_monthly
2026-01-14 08:00:00.001,8,-7.907e-05,binance_data_vision_monthly
2026-01-14 16:00:00.004,8,-0.00016016,binance_data_vision_monthly
2026-01-15 00:00:00.000,8,-0.00023129,binance_data_vision_monthly
2026-01-15 08:00:00.004,8,-0.00011384,binance_data_vision_monthly
2026-01-15 16:00:00.002,8,-7.91e-05,binance_data_vision_monthly
2026-01-16 00:00:00.000,8,-0.00012748,binance_data_vision_monthly
2026-01-16 08:00:00.000,8,-6.523e-05,binance_data_vision_monthly
2026-01-16 16:00:00.001,8,-0.0002005,binance_data_vision_monthly
2026-01-17 00:00:00.000,8,-4.097e-05,binance_data_vision_monthly
2026-01-17 08:00:00.000,8,-4.458e-05,binance_data_vision_monthly
2026-01-17 16:00:00.002,8,2.107e-05,binance_data_vision_monthly
2026-01-18 00:00:00.001,8,-0.00015068,binance_data_vision_monthly
2026-01-18 08:00:00.000,8,-0.00028792,binance_data_vision_monthly
2026-01-18 16:00:00.000,8,-3.256e-05,binance_data_vision_monthly
2026-01-19 00:00:00.007,8,-0.00015381,binance_data_vision_monthly
2026-01-19 08:00:00.007,8,-8.832e-05,binance_data_vision_monthly
2026-01-19 16:00:00.007,8,-7.677e-05,binance_data_vision_monthly
2026-01-20 00:00:00.005,8,-4.663e-05,binance_data_vision_monthly
2026-01-20 08:00:00.001,8,-1.896e-05,binance_data_vision_monthly
2026-01-20 16:00:00.009,8,-1.81e-06,binance_data_vision_monthly
2026-01-21 00:00:00.001,8,5.156e-05,binance_data_vision_monthly
2026-01-21 08:00:00.011,8,2.089e-05,binance_data_vision_monthly
2026-01-21 16:00:00.011,8,-9.36e-06,binance_data_vision_monthly
2026-01-22 00:00:00.010,8,2.966e-05,binance_data_vision_monthly
2026-01-22 08:00:00.003,8,6.028e-05,binance_data_vision_monthly
2026-01-22 16:00:00.005,8,-0.00022692,binance_data_vision_monthly
2026-01-23 00:00:00.005,8,1.96e-05,binance_data_vision_monthly
2026-01-23 08:00:00.000,8,4.02e-05,binance_data_vision_monthly
2026-01-23 16:00:00.011,8,-0.00013998,binance_data_vision_monthly
2026-01-24 00:00:00.011,8,-0.00016052,binance_data_vision_monthly
2026-01-24 08:00:00.002,8,-0.00013704,binance_data_vision_monthly
2026-01-24 16:00:00.001,8,-9.558e-05,binance_data_vision_monthly
2026-01-25 00:00:00.002,8,-0.00014498,binance_data_vision_monthly
2026-01-25 08:00:00.011,8,-8.219e-05,binance_data_vision_monthly
2026-01-25 16:00:00.005,8,-0.00010437,binance_data_vision_monthly
2026-01-26 00:00:00.000,8,9.991e-05,binance_data_vision_monthly
2026-01-26 08:00:00.003,8,3.875e-05,binance_data_vision_monthly
2026-01-26 16:00:00.000,8,-5.687e-05,binance_data_vision_monthly
2026-01-27 00:00:00.002,8,3.98e-06,binance_data_vision_monthly
2026-01-27 08:00:00.000,8,4.542e-05,binance_data_vision_monthly
2026-01-27 16:00:00.000,8,-6.876e-05,binance_data_vision_monthly
2026-01-28 00:00:00.000,8,-6.133e-05,binance_data_vision_monthly
2026-01-28 08:00:00.000,8,-8.919e-05,binance_data_vision_monthly
2026-01-28 16:00:00.000,8,-0.00017486,binance_data_vision_monthly
2026-01-29 00:00:00.000,8,0.0001,binance_data_vision_monthly
2026-01-29 08:00:00.009,8,-0.0001028,binance_data_vision_monthly
2026-01-29 16:00:00.000,8,-0.00022697,binance_data_vision_monthly
2026-01-30 00:00:00.008,8,8.36e-06,binance_data_vision_monthly
2026-01-30 08:00:00.000,8,-5.346e-05,binance_data_vision_monthly
2026-01-30 16:00:00.001,8,-0.0001593,binance_data_vision_monthly
2026-01-31 00:00:00.000,8,-8.661e-05,binance_data_vision_monthly
2026-01-31 08:00:00.001,8,-5.269e-05,binance_data_vision_monthly
2026-01-31 16:00:00.009,8,-0.00015417,binance_data_vision_monthly
2026-02-01 00:00:00.001,8,-0.00026483,binance_data_vision_monthly
2026-02-01 08:00:00.004,8,-0.0002214,binance_data_vision_monthly
2026-02-01 16:00:00.000,8,-0.00023293,binance_data_vision_monthly
2026-02-02 00:00:00.000,8,-0.00025729,binance_data_vision_monthly
2026-02-02 08:00:00.014,8,-4.522e-05,binance_data_vision_monthly
2026-02-02 16:00:00.000,8,-2.689e-05,binance_data_vision_monthly
2026-02-03 00:00:00.000,8,-0.00021508,binance_data_vision_monthly
2026-02-03 08:00:00.007,8,-3.737e-05,binance_data_vision_monthly
2026-02-03 16:00:00.000,8,-0.00018238,binance_data_vision_monthly
2026-02-04 00:00:00.002,8,-1.909e-05,binance_data_vision_monthly
2026-02-04 08:00:00.007,8,4.02e-06,binance_data_vision_monthly
2026-02-04 16:00:00.000,8,1.495e-05,binance_data_vision_monthly
2026-02-05 00:00:00.011,8,1.854e-05,binance_data_vision_monthly
2026-02-05 08:00:00.000,8,7.147e-05,binance_data_vision_monthly
2026-02-05 16:00:00.007,8,4.188e-05,binance_data_vision_monthly
2026-02-06 00:00:00.000,8,-0.00016728,binance_data_vision_monthly
2026-02-06 08:00:00.001,8,-0.00027251,binance_data_vision_monthly
2026-02-06 16:00:00.000,8,-0.00021416,binance_data_vision_monthly
2026-02-07 00:00:00.003,8,5.733e-05,binance_data_vision_monthly
2026-02-07 08:00:00.000,8,-2.403e-05,binance_data_vision_monthly
2026-02-07 16:00:00.010,8,8.037e-05,binance_data_vision_monthly
2026-02-08 00:00:00.003,8,4.131e-05,binance_data_vision_monthly
2026-02-08 08:00:00.000,8,-2.094e-05,binance_data_vision_monthly
2026-02-08 16:00:00.000,8,-1.354e-05,binance_data_vision_monthly
2026-02-09 00:00:00.002,8,-1.412e-05,binance_data_vision_monthly
2026-02-09 08:00:00.001,8,-5.3e-06,binance_data_vision_monthly
2026-02-09 16:00:00.007,8,4.747e-05,binance_data_vision_monthly
2026-02-10 00:00:00.000,8,7.314e-05,binance_data_vision_monthly
2026-02-10 08:00:00.007,8,-0.00010309,binance_data_vision_monthly
2026-02-10 16:00:00.000,8,-2.035e-05,binance_data_vision_monthly
2026-02-11 00:00:00.000,8,-2.316e-05,binance_data_vision_monthly
2026-02-11 08:00:00.006,8,-0.00021373,binance_data_vision_monthly
2026-02-11 16:00:00.000,8,-0.00018016,binance_data_vision_monthly
2026-02-12 00:00:00.000,8,-1.045e-05,binance_data_vision_monthly
2026-02-12 08:00:00.001,8,0.0001,binance_data_vision_monthly
2026-02-12 16:00:00.001,8,6.946e-05,binance_data_vision_monthly
2026-02-13 00:00:00.007,8,4.293e-05,binance_data_vision_monthly
2026-02-13 08:00:00.003,8,7.506e-05,binance_data_vision_monthly
2026-02-13 16:00:00.005,8,-2.674e-05,binance_data_vision_monthly
2026-02-14 00:00:00.002,8,4.644e-05,binance_data_vision_monthly
2026-02-14 08:00:00.004,8,3.625e-05,binance_data_vision_monthly
2026-02-14 16:00:00.002,8,0.0001,binance_data_vision_monthly
2026-02-15 00:00:00.000,8,2.93e-05,binance_data_vision_monthly
2026-02-15 08:00:00.002,8,2.163e-05,binance_data_vision_monthly
2026-02-15 16:00:00.000,8,5.666e-05,binance_data_vision_monthly
2026-02-16 00:00:00.001,8,5.87e-05,binance_data_vision_monthly
2026-02-16 08:00:00.003,8,3.91e-06,binance_data_vision_monthly
2026-02-16 16:00:00.000,8,-0.00021441,binance_data_vision_monthly
2026-02-17 00:00:00.008,8,-0.00011927,binance_data_vision_monthly
2026-02-17 08:00:00.001,8,-6.441e-05,binance_data_vision_monthly
2026-02-17 16:00:00.002,8,2.701e-05,binance_data_vision_monthly
2026-02-18 00:00:00.000,8,0.0001,binance_data_vision_monthly
2026-02-18 08:00:00.000,8,-2.737e-05,binance_data_vision_monthly
2026-02-18 16:00:00.011,8,-0.00019883,binance_data_vision_monthly
2026-02-19 00:00:00.013,8,0.0001,binance_data_vision_monthly
2026-02-19 08:00:00.000,8,-5.57e-05,binance_data_vision_monthly
2026-02-19 16:00:00.003,8,0.0001,binance_data_vision_monthly
2026-02-20 00:00:00.000,8,0.0001,binance_data_vision_monthly
2026-02-20 08:00:00.000,8,1.641e-05,binance_data_vision_monthly
2026-02-20 16:00:00.000,8,3.346e-05,binance_data_vision_monthly
2026-02-21 00:00:00.004,8,8.067e-05,binance_data_vision_monthly
2026-02-21 08:00:00.000,8,-5.559e-05,binance_data_vision_monthly
2026-02-21 16:00:00.005,8,-0.00013006,binance_data_vision_monthly
2026-02-22 00:00:00.001,8,-9.635e-05,binance_data_vision_monthly
2026-02-22 08:00:00.004,8,-0.00017446,binance_data_vision_monthly
2026-02-22 16:00:00.000,8,0.0001,binance_data_vision_monthly
2026-02-23 00:00:00.001,8,-2.982e-05,binance_data_vision_monthly
2026-02-23 08:00:00.000,8,1.079e-05,binance_data_vision_monthly
2026-02-23 16:00:00.000,8,-8e-06,binance_data_vision_monthly
2026-02-24 00:00:00.007,8,6.372e-05,binance_data_vision_monthly
2026-02-24 08:00:00.000,8,7.068e-05,binance_data_vision_monthly
2026-02-24 16:00:00.001,8,8.2e-05,binance_data_vision_monthly
2026-02-25 00:00:00.001,8,6.076e-05,binance_data_vision_monthly
2026-02-25 08:00:00.007,8,-0.00013677,binance_data_vision_monthly
2026-02-25 16:00:00.000,8,3.598e-05,binance_data_vision_monthly
2026-02-26 00:00:00.000,8,-0.0019703,binance_data_vision_monthly
2026-02-26 08:00:00.006,8,-0.00367043,binance_data_vision_monthly
2026-02-26 16:00:00.002,8,-0.00384723,binance_data_vision_monthly
2026-02-27 00:00:00.007,8,-0.00204358,binance_data_vision_monthly
2026-02-27 08:00:00.000,8,-0.00106219,binance_data_vision_monthly
2026-02-27 16:00:00.001,8,-0.00089809,binance_data_vision_monthly
2026-02-28 00:00:00.000,8,-0.00067959,binance_data_vision_monthly
2026-02-28 08:00:00.000,8,-0.00099234,binance_data_vision_monthly
2026-02-28 16:00:00.004,8,-0.00046138,binance_data_vision_monthly
2026-03-01 00:00:00.005,8,-0.00069161,binance_data_vision_monthly
2026-03-01 08:00:00.000,8,-0.00077749,binance_data_vision_monthly
2026-03-01 16:00:00.002,8,-0.00121932,binance_data_vision_monthly
2026-03-02 00:00:00.001,8,-0.00150108,binance_data_vision_monthly
2026-03-02 08:00:00.007,8,-0.0015858,binance_data_vision_monthly
2026-03-02 16:00:00.000,8,-0.00038852,binance_data_vision_monthly
2026-03-03 00:00:00.000,8,-0.00035152,binance_data_vision_monthly
2026-03-03 08:00:00.000,8,-0.00055334,binance_data_vision_monthly
2026-03-03 16:00:00.007,8,-0.00018691,binance_data_vision_monthly
2026-03-04 00:00:00.001,8,-0.00032562,binance_data_vision_monthly
2026-03-04 08:00:00.005,8,-0.00043662,binance_data_vision_monthly
2026-03-04 16:00:00.000,8,-0.00033404,binance_data_vision_monthly
2026-03-05 00:00:00.000,8,-0.00039194,binance_data_vision_monthly
2026-03-05 08:00:00.000,8,-0.00057548,binance_data_vision_monthly
2026-03-05 16:00:00.004,8,-0.00036688,binance_data_vision_monthly
2026-03-06 00:00:00.001,8,-0.00012591,binance_data_vision_monthly
2026-03-06 08:00:00.001,8,-0.00042379,binance_data_vision_monthly
2026-03-06 16:00:00.004,8,-0.0005383,binance_data_vision_monthly
2026-03-07 00:00:00.001,8,-0.00087815,binance_data_vision_monthly
2026-03-07 08:00:00.012,8,-0.00035198,binance_data_vision_monthly
2026-03-07 16:00:00.001,8,-0.00038693,binance_data_vision_monthly
2026-03-08 00:00:00.001,8,-0.00078498,binance_data_vision_monthly
2026-03-08 08:00:00.000,8,-0.00067003,binance_data_vision_monthly
2026-03-08 16:00:00.002,8,-0.00084623,binance_data_vision_monthly
2026-03-09 00:00:00.000,8,-0.00105611,binance_data_vision_monthly
2026-03-09 08:00:00.004,8,-0.00033685,binance_data_vision_monthly
2026-03-09 16:00:00.003,8,-0.0002138,binance_data_vision_monthly
2026-03-10 00:00:00.012,8,-0.00049068,binance_data_vision_monthly
2026-03-10 08:00:00.002,8,-0.00026399,binance_data_vision_monthly
2026-03-10 16:00:00.001,8,-0.00027955,binance_data_vision_monthly
2026-03-11 00:00:00.000,8,-0.00020371,binance_data_vision_monthly
2026-03-11 08:00:00.007,8,7.04e-06,binance_data_vision_monthly
2026-03-11 16:00:00.010,8,5.38e-06,binance_data_vision_monthly
2026-03-12 00:00:00.000,8,-0.00025038,binance_data_vision_monthly
2026-03-12 08:00:00.000,8,-2.597e-05,binance_data_vision_monthly
2026-03-12 16:00:00.000,8,-0.00020617,binance_data_vision_monthly
2026-03-13 00:00:00.006,8,-8.746e-05,binance_data_vision_monthly
2026-03-13 08:00:00.001,8,-5.574e-05,binance_data_vision_monthly
2026-03-13 16:00:00.000,8,-2.975e-05,binance_data_vision_monthly
2026-03-14 00:00:00.001,8,7.31e-06,binance_data_vision_monthly
2026-03-14 08:00:00.000,8,-0.00014848,binance_data_vision_monthly
2026-03-14 16:00:00.007,8,-0.0001584,binance_data_vision_monthly
2026-03-15 00:00:00.000,8,2.254e-05,binance_data_vision_monthly
2026-03-15 08:00:00.000,8,-0.00017094,binance_data_vision_monthly
2026-03-15 16:00:00.000,8,-9.635e-05,binance_data_vision_monthly
2026-03-16 00:00:00.000,8,-9.468e-05,binance_data_vision_monthly
2026-03-16 08:00:00.010,8,-0.00013585,binance_data_vision_monthly
2026-03-16 16:00:00.000,8,4.167e-05,binance_data_vision_monthly
2026-03-17 00:00:00.000,8,-0.00017095,binance_data_vision_monthly
2026-03-17 08:00:00.002,8,-7.041e-05,binance_data_vision_monthly
2026-03-17 16:00:00.011,8,-0.00034634,binance_data_vision_monthly
2026-03-18 00:00:00.002,8,-7.073e-05,binance_data_vision_monthly
2026-03-18 08:00:00.002,8,4.906e-05,binance_data_vision_monthly
2026-03-18 16:00:00.005,8,-9.443e-05,binance_data_vision_monthly
2026-03-19 00:00:00.000,8,-0.00018881,binance_data_vision_monthly
2026-03-19 08:00:00.003,8,-0.00021595,binance_data_vision_monthly
2026-03-19 16:00:00.003,8,-2.752e-05,binance_data_vision_monthly
2026-03-20 00:00:00.002,8,-9.189e-05,binance_data_vision_monthly
2026-03-20 08:00:00.000,8,2.705e-05,binance_data_vision_monthly
2026-03-20 16:00:00.000,8,9.61e-06,binance_data_vision_monthly
2026-03-21 00:00:00.000,8,6.594e-05,binance_data_vision_monthly
2026-03-21 08:00:00.000,8,-8.493e-05,binance_data_vision_monthly
2026-03-21 16:00:00.014,8,-1.825e-05,binance_data_vision_monthly
2026-03-22 00:00:00.012,8,-0.00028151,binance_data_vision_monthly
2026-03-22 08:00:00.007,8,-0.00033306,binance_data_vision_monthly
2026-03-22 16:00:00.002,8,-0.00014491,binance_data_vision_monthly
2026-03-23 00:00:00.000,8,-0.00031415,binance_data_vision_monthly
2026-03-23 08:00:00.003,8,-4.87e-05,binance_data_vision_monthly
2026-03-23 16:00:00.002,8,-7.833e-05,binance_data_vision_monthly
2026-03-24 00:00:00.000,8,-0.00028048,binance_data_vision_monthly
2026-03-24 08:00:00.000,8,-0.00015219,binance_data_vision_monthly
2026-03-24 16:00:00.003,8,-3.719e-05,binance_data_vision_monthly
2026-03-25 00:00:00.000,8,0.0001,binance_data_vision_monthly
2026-03-25 08:00:00.000,8,-0.00019365,binance_data_vision_monthly
2026-03-25 16:00:00.013,8,-0.00038201,binance_data_vision_monthly
2026-03-26 00:00:00.001,8,-0.00017203,binance_data_vision_monthly
2026-03-26 08:00:00.001,8,-0.00058967,binance_data_vision_monthly
2026-03-26 16:00:00.000,8,-0.00022837,binance_data_vision_monthly
2026-03-27 00:00:00.006,8,-0.0003519,binance_data_vision_monthly
2026-03-27 08:00:00.000,8,5.909e-05,binance_data_vision_monthly
2026-03-27 16:00:00.000,8,-0.00046541,binance_data_vision_monthly
2026-03-28 00:00:00.005,8,-0.00033419,binance_data_vision_monthly
2026-03-28 08:00:00.005,8,-0.00014159,binance_data_vision_monthly
2026-03-28 16:00:00.000,8,-6.694e-05,binance_data_vision_monthly
2026-03-29 00:00:00.003,8,-0.00033135,binance_data_vision_monthly
2026-03-29 08:00:00.001,8,-0.00023645,binance_data_vision_monthly
2026-03-29 16:00:00.000,8,-0.00025053,binance_data_vision_monthly
2026-03-30 00:00:00.000,8,-0.00039252,binance_data_vision_monthly
2026-03-30 08:00:00.005,8,-2.4e-07,binance_data_vision_monthly
2026-03-30 16:00:00.000,8,-0.00013845,binance_data_vision_monthly
2026-03-31 00:00:00.000,8,-4.281e-05,binance_data_vision_monthly
2026-03-31 08:00:00.000,8,-6.294e-05,binance_data_vision_monthly
2026-03-31 16:00:00.000,8,3.402e-05,binance_data_vision_monthly
2026-04-01 00:00:00.000,8,-0.0001058,binance_data_vision_monthly
2026-04-01 08:00:00.000,8,-0.00012575,binance_data_vision_monthly
2026-04-01 16:00:00.000,8,0.0001,binance_data_vision_monthly
2026-04-02 00:00:00.003,8,-0.00027666,binance_data_vision_monthly
2026-04-02 08:00:00.001,8,-0.00026463,binance_data_vision_monthly
2026-04-02 16:00:00.001,8,-0.00035949,binance_data_vision_monthly
2026-04-03 00:00:00.000,8,-7.572e-05,binance_data_vision_monthly
2026-04-03 08:00:00.008,8,0.0001,binance_data_vision_monthly
2026-04-03 16:00:00.008,8,5.765e-05,binance_data_vision_monthly
2026-04-04 00:00:00.000,8,7.008e-05,binance_data_vision_monthly
2026-04-04 08:00:00.003,8,-7.569e-05,binance_data_vision_monthly
2026-04-04 16:00:00.000,8,-7.941e-05,binance_data_vision_monthly
2026-04-05 00:00:00.008,8,-0.00015351,binance_data_vision_monthly
2026-04-05 08:00:00.000,8,-8.179e-05,binance_data_vision_monthly
2026-04-05 16:00:00.001,8,-0.00026967,binance_data_vision_monthly
2026-04-06 00:00:00.004,8,4.507e-05,binance_data_vision_monthly
2026-04-06 08:00:00.001,8,-0.00032241,binance_data_vision_monthly
2026-04-06 16:00:00.003,8,3.396e-05,binance_data_vision_monthly
2026-04-07 00:00:00.000,8,-0.00011825,binance_data_vision_monthly
2026-04-07 08:00:00.000,8,-8.321e-05,binance_data_vision_monthly
2026-04-07 16:00:00.000,8,-0.00016225,binance_data_vision_monthly
2026-04-08 00:00:00.000,8,0.0001,binance_data_vision_monthly
2026-04-08 08:00:00.000,8,0.0001,binance_data_vision_monthly
2026-04-08 16:00:00.006,8,8.932e-05,binance_data_vision_monthly
2026-04-09 00:00:00.000,8,1.692e-05,binance_data_vision_monthly
2026-04-09 08:00:00.010,8,5.693e-05,binance_data_vision_monthly
2026-04-09 16:00:00.001,8,-4.098e-05,binance_data_vision_monthly
2026-04-10 00:00:00.000,8,-5.511e-05,binance_data_vision_monthly
2026-04-10 08:00:00.005,8,0.0001,binance_data_vision_monthly
2026-04-10 16:00:00.000,8,5.311e-05,binance_data_vision_monthly
2026-04-11 00:00:00.000,8,-3.716e-05,binance_data_vision_monthly
2026-04-11 08:00:00.000,8,5.208e-05,binance_data_vision_monthly
2026-04-11 16:00:00.003,8,-0.0002387,binance_data_vision_monthly
2026-04-12 00:00:00.000,8,-0.00027213,binance_data_vision_monthly
2026-04-12 08:00:00.000,8,-8.838e-05,binance_data_vision_monthly
2026-04-12 16:00:00.000,8,-0.00022816,binance_data_vision_monthly
2026-04-13 00:00:00.011,8,1.762e-05,binance_data_vision_monthly
2026-04-13 08:00:00.006,8,4.153e-05,binance_data_vision_monthly
2026-04-13 16:00:00.000,8,-0.0001859,binance_data_vision_monthly
2026-04-14 00:00:00.005,8,9.537e-05,binance_data_vision_monthly
2026-04-14 08:00:00.003,8,-0.00023765,binance_data_vision_monthly
2026-04-14 16:00:00.001,8,-0.00012189,binance_data_vision_monthly
2026-04-15 00:00:00.000,8,7.455e-05,binance_data_vision_monthly
2026-04-15 08:00:00.000,8,-7.468e-05,binance_data_vision_monthly
2026-04-15 16:00:00.000,8,-0.00010123,binance_data_vision_monthly
2026-04-16 00:00:00.013,8,4.03e-05,binance_data_vision_monthly
2026-04-16 08:00:00.000,8,0.0001,binance_data_vision_monthly
2026-04-16 16:00:00.000,8,-3.584e-05,binance_data_vision_monthly
2026-04-17 00:00:00.001,8,-6.489e-05,binance_data_vision_monthly
2026-04-17 08:00:00.011,8,6.052e-05,binance_data_vision_monthly
2026-04-17 16:00:00.001,8,-7.682e-05,binance_data_vision_monthly
2026-04-18 00:00:00.001,8,-7.92e-06,binance_data_vision_monthly
2026-04-18 08:00:00.006,8,5.67e-05,binance_data_vision_monthly
2026-04-18 16:00:00.000,8,-2.191e-05,binance_data_vision_monthly
2026-04-19 00:00:00.002,8,8.486e-05,binance_data_vision_monthly
2026-04-19 08:00:00.010,8,-0.00019898,binance_data_vision_monthly
2026-04-19 16:00:00.001,8,-0.0001267,binance_data_vision_monthly
2026-04-20 00:00:00.000,8,-0.00011984,binance_data_vision_monthly
2026-04-20 08:00:00.000,8,1.413e-05,binance_data_vision_monthly
2026-04-20 16:00:00.001,8,5.205e-05,binance_data_vision_monthly
2026-04-21 00:00:00.000,8,8.986e-05,binance_data_vision_monthly
2026-04-21 08:00:00.004,8,2.529e-05,binance_data_vision_monthly
2026-04-21 16:00:00.004,8,0.0001,binance_data_vision_monthly
2026-04-22 00:00:00.004,8,0.0001,binance_data_vision_monthly
2026-04-22 08:00:00.000,8,0.0001,binance_data_vision_monthly
2026-04-22 16:00:00.000,8,6.3e-07,binance_data_vision_monthly
2026-04-23 00:00:00.000,8,4.875e-05,binance_data_vision_monthly
2026-04-23 08:00:00.000,8,3.427e-05,binance_data_vision_monthly
2026-04-23 16:00:00.004,8,6.175e-05,binance_data_vision_monthly
2026-04-24 00:00:00.006,8,0.0001,binance_data_vision_monthly
2026-04-24 08:00:00.000,8,9.487e-05,binance_data_vision_monthly
2026-04-24 16:00:00.000,8,9.188e-05,binance_data_vision_monthly
2026-04-25 00:00:00.000,8,5.268e-05,binance_data_vision_monthly
2026-04-25 08:00:00.002,8,0.0001,binance_data_vision_monthly
2026-04-25 16:00:00.002,8,4.498e-05,binance_data_vision_monthly
2026-04-26 00:00:00.003,8,1.528e-05,binance_data_vision_monthly
2026-04-26 08:00:00.007,8,1.159e-05,binance_data_vision_monthly
2026-04-26 16:00:00.004,8,8.282e-05,binance_data_vision_monthly
2026-04-27 00:00:00.004,8,-3.623e-05,binance_data_vision_monthly
2026-04-27 08:00:00.000,8,2.827e-05,binance_data_vision_monthly
2026-04-27 16:00:00.002,8,2.9e-06,binance_data_vision_monthly
2026-04-28 00:00:00.001,8,7.76e-05,binance_data_vision_monthly
2026-04-28 08:00:00.000,8,8.227e-05,binance_data_vision_monthly
2026-04-28 16:00:00.004,8,0.0001,binance_data_vision_monthly
2026-04-29 00:00:00.006,8,-9.6e-07,binance_data_vision_monthly
2026-04-29 08:00:00.011,8,-1.285e-05,binance_data_vision_monthly
2026-04-29 16:00:00.003,8,-2.882e-05,binance_data_vision_monthly
2026-04-30 00:00:00.002,8,-2.65e-06,binance_data_vision_monthly
2026-04-30 08:00:00.000,8,9.475e-05,binance_data_vision_monthly
2026-04-30 16:00:00.000,8,-9.915e-05,binance_data_vision_monthly
2026-05-01 00:00:00.000,8,3.874e-05,binance_data_vision_monthly
2026-05-01 08:00:00.005,8,-8.088e-05,binance_data_vision_monthly
2026-05-01 16:00:00.000,8,8.048e-05,binance_data_vision_monthly
2026-05-02 00:00:00.006,8,4.057e-05,binance_data_vision_monthly
2026-05-02 08:00:00.000,8,-0.00012177,binance_data_vision_monthly
2026-05-02 16:00:00.010,8,-1.138e-05,binance_data_vision_monthly
2026-05-03 00:00:00.005,8,2.829e-05,binance_data_vision_monthly
2026-05-03 08:00:00.003,8,-1.079e-05,binance_data_vision_monthly
2026-05-03 16:00:00.000,8,-5.777e-05,binance_data_vision_monthly
2026-05-04 00:00:00.000,8,-9.058e-05,binance_data_vision_monthly
2026-05-04 08:00:00.000,8,-5.896e-05,binance_data_vision_monthly
2026-05-04 16:00:00.003,8,-6.247e-05,binance_data_vision_monthly
2026-05-05 00:00:00.000,8,2.402e-05,binance_data_vision_monthly
2026-05-05 08:00:00.011,8,6.525e-05,binance_data_vision_monthly
2026-05-05 16:00:00.000,8,-0.00015363,binance_data_vision_monthly
2026-05-06 00:00:00.010,8,-0.00019336,binance_data_vision_monthly
2026-05-06 08:00:00.000,8,5.061e-05,binance_data_vision_monthly
2026-05-06 16:00:00.002,8,-3.041e-05,binance_data_vision_monthly
2026-05-07 00:00:00.000,8,-4.93e-05,binance_data_vision_monthly
2026-05-07 08:00:00.000,8,-0.00010184,binance_data_vision_monthly
2026-05-07 16:00:00.004,8,-3.551e-05,binance_data_vision_monthly
2026-05-08 00:00:00.003,8,-1.97e-05,binance_data_vision_monthly
2026-05-08 08:00:00.002,8,-0.00019068,binance_data_vision_monthly
2026-05-08 16:00:00.003,8,-8.859e-05,binance_data_vision_monthly
2026-05-09 00:00:00.000,8,7.975e-05,binance_data_vision_monthly
2026-05-09 08:00:00.001,8,0.0001,binance_data_vision_monthly
2026-05-09 16:00:00.002,8,2.797e-05,binance_data_vision_monthly
2026-05-10 00:00:00.003,8,2.802e-05,binance_data_vision_monthly
2026-05-10 08:00:00.000,8,-0.00015547,binance_data_vision_monthly
2026-05-10 16:00:00.000,8,-2.1e-07,binance_data_vision_monthly
2026-05-11 00:00:00.000,8,-1.392e-05,binance_data_vision_monthly
2026-05-11 08:00:00.000,8,-6.48e-05,binance_data_vision_monthly
2026-05-11 16:00:00.000,8,-0.00010764,binance_data_vision_monthly
2026-05-12 00:00:00.002,8,-7.489e-05,binance_data_vision_monthly
2026-05-12 08:00:00.008,8,-4.376e-05,binance_data_vision_monthly
2026-05-12 16:00:00.000,8,-0.00013008,binance_data_vision_monthly
2026-05-13 00:00:00.010,8,-5.496e-05,binance_data_vision_monthly
2026-05-13 08:00:00.003,8,-8.198e-05,binance_data_vision_monthly
2026-05-13 16:00:00.001,8,-6.216e-05,binance_data_vision_monthly
2026-05-14 00:00:00.005,8,-8.883e-05,binance_data_vision_monthly
2026-05-14 08:00:00.000,8,7.736e-05,binance_data_vision_monthly
2026-05-14 16:00:00.000,8,6.66e-05,binance_data_vision_monthly
2026-05-15 00:00:00.000,8,-6.485e-05,binance_data_vision_monthly
2026-05-15 08:00:00.016,8,-0.00011938,binance_data_vision_monthly
2026-05-15 16:00:00.012,8,-0.00018353,binance_data_vision_monthly
2026-05-16 00:00:00.005,8,-0.00012043,binance_data_vision_monthly
2026-05-16 08:00:00.000,8,-0.00018279,binance_data_vision_monthly
2026-05-16 16:00:00.005,8,6.983e-05,binance_data_vision_monthly
2026-05-17 00:00:00.000,8,0.0001,binance_data_vision_monthly
2026-05-17 08:00:00.010,8,5.748e-05,binance_data_vision_monthly
2026-05-17 16:00:00.009,8,-3.045e-05,binance_data_vision_monthly
2026-05-18 00:00:00.007,8,7.181e-05,binance_data_vision_monthly
2026-05-18 08:00:00.002,8,-2.225e-05,binance_data_vision_monthly
2026-05-18 16:00:00.007,8,0.0001,binance_data_vision_monthly
2026-05-19 00:00:00.001,8,7.766e-05,binance_data_vision_monthly
2026-05-19 08:00:00.001,8,7.735e-05,binance_data_vision_monthly
2026-05-19 16:00:00.009,8,7.432e-05,binance_data_vision_monthly
2026-05-20 00:00:00.001,8,7.507e-05,binance_data_vision_monthly
2026-05-20 08:00:00.006,8,-0.00010127,binance_data_vision_monthly
2026-05-20 16:00:00.000,8,0.0001,binance_data_vision_monthly
2026-05-21 00:00:00.001,8,-7.854e-05,binance_data_vision_monthly
2026-05-21 08:00:00.000,8,0.0001,binance_data_vision_monthly
2026-05-21 16:00:00.000,8,3.435e-05,binance_data_vision_monthly
2026-05-22 00:00:00.000,8,0.0001,binance_data_vision_monthly
2026-05-22 08:00:00.004,8,0.0001,binance_data_vision_monthly
2026-05-22 16:00:00.001,8,6.899e-05,binance_data_vision_monthly
2026-05-23 00:00:00.009,8,2.34e-06,binance_data_vision_monthly
2026-05-23 08:00:00.001,8,6.279e-05,binance_data_vision_monthly
2026-05-23 16:00:00.003,8,1.594e-05,binance_data_vision_monthly
2026-05-24 00:00:00.011,8,9.351e-05,binance_data_vision_monthly
2026-05-24 08:00:00.008,8,-3.781e-05,binance_data_vision_monthly
2026-05-24 16:00:00.000,8,3.95e-06,binance_data_vision_monthly
2026-05-25 00:00:00.001,8,-1.294e-05,binance_data_vision_monthly
2026-05-25 08:00:00.001,8,0.0001,binance_data_vision_monthly
2026-05-25 16:00:00.001,8,0.0001,binance_data_vision_monthly
2026-05-26 00:00:00.000,8,0.0001,binance_data_vision_monthly
2026-05-26 08:00:00.003,8,2.079e-05,binance_data_vision_monthly
2026-05-26 16:00:00.000,8,5.28e-06,binance_data_vision_monthly
2026-05-27 00:00:00.000,8,8.041e-05,binance_data_vision_monthly
2026-05-27 08:00:00.004,8,0.0001,binance_data_vision_monthly
2026-05-27 16:00:00.009,8,4.979e-05,binance_data_vision_monthly
2026-05-28 00:00:00.001,8,6.51e-06,binance_data_vision_monthly
2026-05-28 08:00:00.000,8,2.111e-05,binance_data_vision_monthly
2026-05-28 16:00:00.001,8,-0.0001559,binance_data_vision_monthly
2026-05-29 00:00:00.000,8,-0.00011297,binance_data_vision_monthly
2026-05-29 08:00:00.001,8,-1.966e-05,binance_data_vision_monthly
2026-05-29 16:00:00.008,8,-4.664e-05,binance_data_vision_monthly
2026-05-30 00:00:00.000,8,3.113e-05,binance_data_vision_monthly
2026-05-30 08:00:00.001,8,-4.928e-05,binance_data_vision_monthly
2026-05-30 16:00:00.000,8,-4.761e-05,binance_data_vision_monthly
2026-05-31 00:00:00.000,8,-0.00019514,binance_data_vision_monthly
2026-05-31 08:00:00.000,8,-0.00013016,binance_data_vision_monthly
2026-05-31 16:00:00.004,8,-4.032e-05,binance_data_vision_monthly
2026-06-01 00:00:00.001,8,-0.00013399,binance_fapi_rest
2026-06-01 08:00:00.001,8,-0.00018035,binance_fapi_rest
2026-06-01 16:00:00.000,8,-9.45e-06,binance_fapi_rest
2026-06-02 00:00:00.000,8,-0.00016972,binance_fapi_rest
2026-06-02 08:00:00.000,8,-0.00029629,binance_fapi_rest
2026-06-02 16:00:00.000,8,-0.00017535,binance_fapi_rest
2026-06-03 00:00:00.013,8,-0.00029239,binance_fapi_rest
2026-06-03 08:00:00.000,8,-7.673e-05,binance_fapi_rest
2026-06-03 16:00:00.001,8,-5.202e-05,binance_fapi_rest
2026-06-04 00:00:00.009,8,-5.3e-07,binance_fapi_rest
2026-06-04 08:00:00.000,8,-9.483e-05,binance_fapi_rest
2026-06-04 16:00:00.003,8,-0.00024189,binance_fapi_rest
2026-06-05 00:00:00.000,8,-0.00016591,binance_fapi_rest
2026-06-05 08:00:00.004,8,-0.00018825,binance_fapi_rest
2026-06-05 16:00:00.009,8,-0.00016992,binance_fapi_rest
2026-06-06 00:00:00.000,8,-0.00017536,binance_fapi_rest
2026-06-06 08:00:00.000,8,-0.0004844,binance_fapi_rest
2026-06-06 16:00:00.000,8,-0.00031934,binance_fapi_rest
2026-06-07 00:00:00.001,8,-0.00033906,binance_fapi_rest
2026-06-07 08:00:00.000,8,-0.00032397,binance_fapi_rest
2026-06-07 16:00:00.000,8,-0.0002002,binance_fapi_rest
2026-06-08 00:00:00.000,8,-0.00015746,binance_fapi_rest
2026-06-08 08:00:00.005,8,2e-07,binance_fapi_rest
2026-06-08 16:00:00.004,8,-0.00018047,binance_fapi_rest
2026-06-09 00:00:00.000,8,-0.00019611,binance_fapi_rest
2026-06-09 08:00:00.000,8,-7.372e-05,binance_fapi_rest
2026-06-09 16:00:00.001,8,-0.00011406,binance_fapi_rest
2026-06-10 00:00:00.001,8,8.182e-05,binance_fapi_rest
2026-06-10 08:00:00.011,8,2.024e-05,binance_fapi_rest
2026-06-10 16:00:00.009,8,-2.971e-05,binance_fapi_rest
2026-06-11 00:00:00.000,8,-0.00014642,binance_fapi_rest
2026-06-11 08:00:00.004,8,-7.666e-05,binance_fapi_rest
2026-06-11 16:00:00.000,8,9.373e-05,binance_fapi_rest
2026-06-12 00:00:00.000,8,7.969e-05,binance_fapi_rest
2026-06-12 08:00:00.000,8,5.224e-05,binance_fapi_rest
2026-06-12 16:00:00.000,8,8.013e-05,binance_fapi_rest
2026-06-13 00:00:00.000,8,6.596e-05,binance_fapi_rest
2026-06-13 08:00:00.007,8,3.802e-05,binance_fapi_rest
2026-06-13 16:00:00.002,8,-1.355e-05,binance_fapi_rest
2026-06-14 00:00:00.005,8,-9.647e-05,binance_fapi_rest
2026-06-14 08:00:00.009,8,-4.069e-05,binance_fapi_rest
2026-06-14 16:00:00.000,8,-0.00012761,binance_fapi_rest
2026-06-15 00:00:00.013,8,1.216e-05,binance_fapi_rest
2026-06-15 08:00:00.013,8,2.215e-05,binance_fapi_rest
2026-06-15 16:00:00.004,8,1.862e-05,binance_fapi_rest
2026-06-16 00:00:00.000,8,-0.00014439,binance_fapi_rest
2026-06-16 08:00:00.000,8,-7.663e-05,binance_fapi_rest
2026-06-16 16:00:00.001,8,4.165e-05,binance_fapi_rest
2026-06-17 00:00:00.012,8,3.352e-05,binance_fapi_rest
2026-06-17 08:00:00.000,8,-0.00012718,binance_fapi_rest
2026-06-17 16:00:00.000,8,0.0001,binance_fapi_rest
2026-06-18 00:00:00.002,8,1.69e-05,binance_fapi_rest
2026-06-18 08:00:00.000,8,-0.00012727,binance_fapi_rest
2026-06-18 16:00:00.001,8,-0.00030606,binance_fapi_rest
2026-06-19 00:00:00.005,8,-0.00021351,binance_fapi_rest
2026-06-19 08:00:00.001,8,-9.488e-05,binance_fapi_rest
2026-06-19 16:00:00.001,8,-6.967e-05,binance_fapi_rest
2026-06-20 00:00:00.001,8,-2.11e-05,binance_fapi_rest
2026-06-20 08:00:00.000,8,-5.227e-05,binance_fapi_rest
2026-06-20 16:00:00.001,8,-0.00019165,binance_fapi_rest
2026-06-21 00:00:00.000,8,-7.91e-06,binance_fapi_rest
2026-06-21 08:00:00.000,8,-0.00011296,binance_fapi_rest
2026-06-21 16:00:00.000,8,-0.00014606,binance_fapi_rest
2026-06-22 00:00:00.000,8,-2.905e-05,binance_fapi_rest
2026-06-22 08:00:00.000,8,-0.00015939,binance_fapi_rest
2026-06-22 16:00:00.002,8,-7.816e-05,binance_fapi_rest
