{
  "event_count": 425,
  "holdout_accessed": false,
  "atr_definition": "ATR14 at Sweep bar, simple rolling mean of standard True Range",
  "atr_multiple": 3.5,
  "overall": {
    "sweep_low": {
      "mean_pct": 2.2975140140488644,
      "median_pct": 1.7255548294657839,
      "p25": 1.1541866595104893,
      "p50": 1.7255548294657839,
      "p75": 2.7705082370057545,
      "p80": 3.208677796707882,
      "p90": 4.372516676985619
    },
    "ref_low": {
      "mean_pct": 1.3450833395125632,
      "median_pct": 0.985011672497357,
      "p25": 0.5489658036186964,
      "p50": 0.985011672497357,
      "p75": 1.6986262493943467,
      "p80": 2.0069820188981993,
      "p90": 2.803155171793408
    },
    "atr_3_5": {
      "mean_pct": 8.69476965057058,
      "median_pct": 7.529859207074047,
      "p25": 5.66039027809899,
      "p50": 7.529859207074047,
      "p75": 10.112784825955199,
      "p80": 11.100773873351528,
      "p90": 14.455590616340217
    },
    "max_ref_atr_3_5": {
      "mean_pct": 8.69476965057058,
      "median_pct": 7.529859207074047,
      "p25": 5.66039027809899,
      "p50": 7.529859207074047,
      "p75": 10.112784825955199,
      "p80": 11.100773873351528,
      "p90": 14.455590616340217
    },
    "comparisons": {
      "ref_wider_than_sweep_rate": 0.0,
      "ref_narrower_than_sweep_rate": 1.0,
      "atr35_wider_than_ref_rate": 1.0,
      "atr35_wider_than_sweep_rate": 1.0,
      "atr35_gt_ref_gt_sweep_rate": 0.0,
      "compound_uses_atr_rate": 1.0
    }
  },
  "by_period": {
    "2019-2020": {
      "sweep_low": {
        "mean_pct": 2.1116296828821697,
        "median_pct": 1.807749906821748,
        "p25": 1.1999419776079554,
        "p50": 1.807749906821748,
        "p75": 2.6361112018498387,
        "p80": 2.7825021137029595,
        "p90": 3.5418168867727684
      },
      "ref_low": {
        "mean_pct": 1.1610342941467726,
        "median_pct": 0.9899903051362334,
        "p25": 0.529649278552737,
        "p50": 0.9899903051362334,
        "p75": 1.3930385655397575,
        "p80": 1.638472350748363,
        "p90": 2.2215226999957545
      },
      "atr_3_5": {
        "mean_pct": 7.749399771344398,
        "median_pct": 7.211486530724853,
        "p25": 5.789112859628911,
        "p50": 7.211486530724853,
        "p75": 8.44266475033846,
        "p80": 9.317493996616664,
        "p90": 10.985722651530155
      },
      "max_ref_atr_3_5": {
        "mean_pct": 7.749399771344398,
        "median_pct": 7.211486530724853,
        "p25": 5.789112859628911,
        "p50": 7.211486530724853,
        "p75": 8.44266475033846,
        "p80": 9.317493996616664,
        "p90": 10.985722651530155
      },
      "comparisons": {
        "ref_wider_than_sweep_rate": 0.0,
        "ref_narrower_than_sweep_rate": 1.0,
        "atr35_wider_than_ref_rate": 1.0,
        "atr35_wider_than_sweep_rate": 1.0,
        "atr35_gt_ref_gt_sweep_rate": 0.0,
        "compound_uses_atr_rate": 1.0
      }
    },
    "2021": {
      "sweep_low": {
        "mean_pct": 3.4345133284823475,
        "median_pct": 2.65500660468014,
        "p25": 1.6951419210789038,
        "p50": 2.65500660468014,
        "p75": 4.230480726267056,
        "p80": 4.504896731811932,
        "p90": 5.853222912501921
      },
      "ref_low": {
        "mean_pct": 2.0929593075251756,
        "median_pct": 1.6500834084484768,
        "p25": 0.7801017370773321,
        "p50": 1.6500834084484768,
        "p75": 2.72653774856684,
        "p80": 2.923518730723609,
        "p90": 3.7255754342451404
      },
      "atr_3_5": {
        "mean_pct": 12.45113510408728,
        "median_pct": 10.158382979271801,
        "p25": 8.22683628961585,
        "p50": 10.158382979271801,
        "p75": 15.267998438325172,
        "p80": 16.191050690946398,
        "p90": 19.878342677629036
      },
      "max_ref_atr_3_5": {
        "mean_pct": 12.45113510408728,
        "median_pct": 10.158382979271801,
        "p25": 8.22683628961585,
        "p50": 10.158382979271801,
        "p75": 15.267998438325172,
        "p80": 16.191050690946398,
        "p90": 19.878342677629036
      },
      "comparisons": {
        "ref_wider_than_sweep_rate": 0.0,
        "ref_narrower_than_sweep_rate": 1.0,
        "atr35_wider_than_ref_rate": 1.0,
        "atr35_wider_than_sweep_rate": 1.0,
        "atr35_gt_ref_gt_sweep_rate": 0.0,
        "compound_uses_atr_rate": 1.0
      }
    },
    "2022": {
      "sweep_low": {
        "mean_pct": 1.3547141104218683,
        "median_pct": 1.2084727962799824,
        "p25": 0.7744512949179995,
        "p50": 1.2084727962799824,
        "p75": 1.7509054925089802,
        "p80": 1.8066769512040126,
        "p90": 1.9806201702645931
      },
      "ref_low": {
        "mean_pct": 0.5696850697421846,
        "median_pct": 0.14310736761085113,
        "p25": 0.09978741168746108,
        "p50": 0.14310736761085113,
        "p75": 0.41765480952851736,
        "p80": 0.6811424699273809,
        "p90": 1.2321331978684127
      },
      "atr_3_5": {
        "mean_pct": 7.8021752710363925,
        "median_pct": 6.433534007954471,
        "p25": 5.755444377344501,
        "p50": 6.433534007954471,
        "p75": 8.093616195185078,
        "p80": 8.145967304886732,
        "p90": 13.897034634418093
      },
      "max_ref_atr_3_5": {
        "mean_pct": 7.8021752710363925,
        "median_pct": 6.433534007954471,
        "p25": 5.755444377344501,
        "p50": 6.433534007954471,
        "p75": 8.093616195185078,
        "p80": 8.145967304886732,
        "p90": 13.897034634418093
      },
      "comparisons": {
        "ref_wider_than_sweep_rate": 0.0,
        "ref_narrower_than_sweep_rate": 1.0,
        "atr35_wider_than_ref_rate": 1.0,
        "atr35_wider_than_sweep_rate": 1.0,
        "atr35_gt_ref_gt_sweep_rate": 0.0,
        "compound_uses_atr_rate": 1.0
      }
    },
    "2023-2024": {
      "sweep_low": {
        "mean_pct": 1.9128199859815185,
        "median_pct": 1.5219970673995609,
        "p25": 1.0477392392569056,
        "p50": 1.5219970673995609,
        "p75": 2.2482008756758662,
        "p80": 2.5869579553201825,
        "p90": 3.5241678892144295
      },
      "ref_low": {
        "mean_pct": 1.1225740697891187,
        "median_pct": 0.8609295476712263,
        "p25": 0.5247273741889361,
        "p50": 0.8609295476712263,
        "p75": 1.4205454376842097,
        "p80": 1.5918445774102394,
        "p90": 2.253380223913061
      },
      "atr_3_5": {
        "mean_pct": 7.427450531465759,
        "median_pct": 6.753380066723399,
        "p25": 5.009157647177096,
        "p50": 6.753380066723399,
        "p75": 9.240041723301193,
        "p80": 9.868852553444603,
        "p90": 11.49858348162692
      },
      "max_ref_atr_3_5": {
        "mean_pct": 7.427450531465759,
        "median_pct": 6.753380066723399,
        "p25": 5.009157647177096,
        "p50": 6.753380066723399,
        "p75": 9.240041723301193,
        "p80": 9.868852553444603,
        "p90": 11.49858348162692
      },
      "comparisons": {
        "ref_wider_than_sweep_rate": 0.0,
        "ref_narrower_than_sweep_rate": 1.0,
        "atr35_wider_than_ref_rate": 1.0,
        "atr35_wider_than_sweep_rate": 1.0,
        "atr35_gt_ref_gt_sweep_rate": 0.0,
        "compound_uses_atr_rate": 1.0
      }
    }
  },
  "theoretical_original_stop_avoidance": {
    "original_stop_count": 210,
    "first_bar_stop_count": 118,
    "atr35": {
      "all_original_stops_avoided_count": 199,
      "all_original_stops_avoided_rate": 0.9476190476190476,
      "first_bar_stops_avoided_count": 113,
      "first_bar_stops_avoided_rate": 0.9576271186440678
    },
    "atr19": {
      "all_original_stops_avoided_count": 129,
      "all_original_stops_avoided_rate": 0.6142857142857143,
      "first_bar_stops_avoided_count": 73,
      "first_bar_stops_avoided_rate": 0.6186440677966102
    },
    "compound": {
      "all_original_stops_avoided_count": 199,
      "all_original_stops_avoided_rate": 0.9476190476190476,