{
  "experiment": "v6_tsmom_trend_v1",
  "holdout_accessed": false,
  "parameters": {
    "lookback_bars": 540,
    "lookback_days": 90,
    "signal": "sign(close[t] - close[t-540])",
    "execution": "signal at t close, execute t+1 open",
    "target_weight_per_symbol": 0.3333333333333333,
    "leverage_cap": 1.0,
    "rebalance_policy": "trade on signal flip; otherwise hold, except proportional risk-cap deleveraging when open gross exposure exceeds 1x",
    "leverage_audit": "cap enforced at each 4H open; marked leverage may drift within the following bar before the next risk-cap check",
    "fee_each_side": 0.0005,
    "slippage_each_side": 0.001,
    "funding": "real historical 8H rates, direction-aware",
    "missing_funding_before_first_record": "zero/no settlement record"
  },
  "portfolio": {
    "starting_equity": 100000.0,
    "ending_equity": 445758.62884432235,
    "net_profit": 345758.62884432235,
    "total_return": 3.457586288443223,
    "annualized_return": 0.28610992911813793,
    "sharpe": 0.720233902154822,
    "sortino": 1.0296589759504713,
    "max_drawdown": -0.6838049083756329,
    "trade_count": 504,
    "win_rate": 0.21825396825396826,
    "average_payoff_ratio": 4.867515505595177,
    "expectancy_r": 0.03016351107205715,
    "average_holding_bars": 67.24603174603175,
    "funding_cost": 175179.98608592956,
    "funding_as_pct_of_net_profit": 0.5066539819163971,
    "total_fees": 42900.209015584274,
    "average_holding_days": 11.207671957671957,
    "segments_per_year": 84.85006683567643,
    "segments_per_year_per_symbol": 28.283355611892144,
    "average_nominal_pct": 0.31895865906866383,
    "long_trade_count": 253,
    "short_trade_count": 251,
    "long_net_pnl": 551120.2318761614,
    "short_net_pnl": -205361.60303184256,
    "fees": 42900.209015584274,
    "slippage_cost": 85801.06767105547,
    "total_costs": 303881.2627725693,
    "max_gross_leverage": 1.0000000003031282,
    "max_marked_gross_leverage": 1.1435383736576816,
    "exposure_scaled_entries": 131,
    "forced_deleveraging_count": 2029
  },
  "gross_zero_cost": {
    "starting_equity": 100000.0,
    "ending_equity": 1419819.2197388692,
    "net_profit": 1319819.2197388692,
    "total_return": 13.198192197388693,
    "annualized_return": 0.5630837379503535,
    "sharpe": 1.0427025077325547,
    "sortino": 1.500407269385443,
    "max_drawdown": -0.6328360914751752,
    "trade_count": 504,
    "win_rate": 0.2996031746031746,
    "average_payoff_ratio": 4.022000451184576,
    "expectancy_r": 0.04582155409096687,
    "average_holding_bars": 67.24603174603175,
    "funding_cost": 0.0,
    "funding_as_pct_of_net_profit": 0.0,
    "total_fees": 0.0,
    "average_holding_days": 11.207671957671957,
    "segments_per_year": 84.85006683567643,
    "segments_per_year_per_symbol": 28.283355611892144,
    "average_nominal_pct": 0.3200338693922427,
    "long_trade_count": 253,
    "short_trade_count": 251,
    "long_net_pnl": 1620234.3572612705,
    "short_net_pnl": -300415.13752240094,
    "fees": 0.0,
    "slippage_cost": 0.0,
    "total_costs": 0.0,
    "max_gross_leverage": 1.0000000000000002,
    "max_marked_gross_leverage": 1.1169501625731721,
    "exposure_scaled_entries": 123,
    "forced_deleveraging_count": 289
  },
  "by_symbol": {
    "BTC": {
      "starting_equity": 100000.0,
      "ending_equity": 190051.23030005966,
      "net_profit": 90051.23030005966,
      "total_return": 0.9005123030005966,
      "annualized_return": 0.114163180081855,
      "sharpe": 0.5155582001932572,
      "sortino": 0.7395817480579502,
      "max_drawdown": -0.48520464230606053,
      "trade_count": 191,
      "win_rate": 0.18324607329842932,
      "average_payoff_ratio": 6.524539209564006,
      "expectancy_r": 0.018314024274843306,
      "average_holding_bars": 65.29842931937172,
      "funding_cost": 63186.40179534048,
      "funding_as_pct_of_net_profit": 0.7016717215833376,
      "total_fees": 10205.992757045835,
      "average_holding_days": 10.883071553228623,
      "segments_per_year": 32.155481677805945,
      "segments_per_year_per_symbol": 10.718493892601982,
      "average_nominal_pct": 0.3333333333333334,
      "long_trade_count": 96,
      "short_trade_count": 95,
      "long_net_pnl": 141130.33943244448,
      "short_net_pnl": -51079.10913238522,
      "fees": 10205.992757045835,
      "slippage_cost": 20412.169369884825,
      "total_costs": 93804.56392227113,
      "max_gross_leverage": 0.9159765787042269,
      "max_marked_gross_leverage": 0.9159765653788179,
      "exposure_scaled_entries": 0,
      "forced_deleveraging_count": 0
    },
    "ETH": {
      "starting_equity": 100000.0,
      "ending_equity": 178915.68032032886,
      "net_profit": 78915.68032032886,
      "total_return": 0.7891568032032885,
      "annualized_return": 0.10289506745300092,
      "sharpe": 0.4463279972154599,
      "sortino": 0.6283521049545671,
      "max_drawdown": -0.6678483794504495,
      "trade_count": 175,
      "win_rate": 0.21142857142857144,
      "average_payoff_ratio": 5.3180559195051424,
      "expectancy_r": 0.016829119533673394,
      "average_holding_bars": 71.26857142857143,
      "funding_cost": 60711.928450342275,
      "funding_as_pct_of_net_profit": 0.769326554670818,
      "total_fees": 7394.129872145437,
      "average_holding_days": 11.878095238095238,
      "segments_per_year": 29.461828762387647,
      "segments_per_year_per_symbol": 9.820609587462549,
      "average_nominal_pct": 0.3333333333333333,
      "long_trade_count": 88,
      "short_trade_count": 87,
      "long_net_pnl": 121114.54719676536,
      "short_net_pnl": -42198.866876436776,
      "fees": 7394.129872145437,
      "slippage_cost": 14788.421554450231,
      "total_costs": 82894.47987693794,
      "max_gross_leverage": 0.9416619346639596,
      "max_marked_gross_leverage": 0.941578239925264,
      "exposure_scaled_entries": 0,
      "forced_deleveraging_count": 0
    },
    "SOL": {
      "starting_equity": 100000.0,
      "ending_equity": 478308.1213006444,
      "net_profit": 378308.1213006444,
      "total_return": 3.7830812130064437,
      "annualized_return": 0.4000208385251207,
      "sharpe": 0.8355177465275088,
      "sortino": 1.2585090224910431,
      "max_drawdown": -0.6318838351735732,
      "trade_count": 141,
      "win_rate": 0.28368794326241137,
      "average_payoff_ratio": 4.650906177496523,
      "expectancy_r": 0.0700141506202666,
      "average_holding_bars": 68.46099290780141,
      "funding_cost": 111031.0049284198,
      "funding_as_pct_of_net_profit": 0.29349358017134025,
      "total_fees": 15573.912434898968,
      "average_holding_days": 11.410165484633572,
      "segments_per_year": 30.314446679093496,
      "segments_per_year_per_symbol": 10.104815559697832,
      "average_nominal_pct": 0.33333333333333326,
      "long_trade_count": 70,
      "short_trade_count": 71,
      "long_net_pnl": 444976.2553021017,
      "short_net_pnl": -66668.134001457,
      "fees": 15573.912434898968,
      "slippage_cost": 31148.36093119578,
      "total_costs": 157753.27829451454,
      "max_gross_leverage": 0.9633758379415822,
      "max_marked_gross_leverage": 0.9632880923734053,
      "exposure_scaled_entries": 0,
      "forced_deleveraging_count": 0
    }
  },
  "walk_forward": [
    {
      "window": 1,
      "start": "2019-01-01 00:00:00",
      "end": "2020-12-24 04:00:00",
      "starting_equity": 100000.0,
      "ending_equity": 137350.89967569232,
      "net_profit": 37350.899675692315,
      "total_return": 0.3735089967569232,
      "annualized_return": 0.17389490633111704,
      "sharpe": 0.5825082381995755,
      "sortino": 0.8286037557897673,
      "max_drawdown": -0.6838049083756329,
      "trade_count": 89,
      "win_rate": 0.23595505617977527,
      "average_payoff_ratio": 6.668605609881041,
      "expectancy_r": 0.06175530442459137,
      "average_holding_bars": 111.42696629213484,
      "funding_cost": 76854.44069075452,