{
  "experiment": "v6_tsmom_regime_long_v3",
  "holdout_accessed": false,
  "parameters": {
    "lookback_bars": 540,
    "lookback_days": 90,
    "signal": "long when close[t] > close[t-540] and trend regime",
    "adx_period": 14,
    "adx_entry": 25.0,
    "adx_exit": 20.0,
    "regime": "Wilder ADX hysteresis: enter >25, exit <20",
    "direction": "long-only",
    "execution": "signal at t close, execute t+1 open",
    "target_weight_per_symbol": 0.3333333333333333,
    "leverage_cap": 1.0,
    "rebalance_policy": "trade on signal flip; otherwise hold, except proportional risk-cap deleveraging when open gross exposure exceeds 1x",
    "leverage_audit": "cap enforced at each 4H open; marked leverage may drift within the following bar before the next risk-cap check",
    "fee_each_side": 0.0005,
    "slippage_each_side": 0.001,
    "funding": "real historical 8H rates, direction-aware",
    "missing_funding_before_first_record": "zero/no settlement record"
  },
  "portfolio": {
    "starting_equity": 100000.0,
    "ending_equity": 1608559.5983360363,
    "net_profit": 1508559.5983360363,
    "total_return": 15.085595983360363,
    "annualized_return": 0.5962749015913087,
    "sharpe": 1.3272484611597721,
    "sortino": 1.9519714007963112,
    "max_drawdown": -0.4130883325498246,
    "trade_count": 392,
    "win_rate": 0.45153061224489793,
    "average_payoff_ratio": 2.17105340223476,
    "expectancy_r": 0.026489581167595415,
    "average_holding_bars": 32.22959183673469,
    "funding_cost": 228175.93751784007,
    "funding_as_pct_of_net_profit": 0.15125417502200214,
    "total_fees": 93891.65503545658,
    "average_holding_days": 5.371598639455783,
    "segments_per_year": 65.99449642774833,
    "segments_per_year_per_symbol": 21.99816547591611,
    "average_nominal_pct": 0.3305734594277653,
    "long_trade_count": 392,
    "short_trade_count": 0,
    "long_net_pnl": 1508559.5983360363,
    "short_net_pnl": 0.0,
    "fees": 93891.65503545658,
    "slippage_cost": 187785.32848342255,
    "total_costs": 509852.9210367192,
    "max_gross_leverage": 0.9999999999991334,
    "max_marked_gross_leverage": 0.9999999999991476,
    "exposure_scaled_entries": 40,
    "forced_deleveraging_count": 256
  },
  "gross_zero_cost": {
    "starting_equity": 100000.0,
    "ending_equity": 3573797.876183812,
    "net_profit": 3473797.876183812,
    "total_return": 34.73797876183812,
    "annualized_return": 0.8258898303671955,
    "sharpe": 1.6517362393535266,
    "sortino": 2.4455202142103176,
    "max_drawdown": -0.38254835372599805,
    "trade_count": 392,
    "win_rate": 0.49744897959183676,
    "average_payoff_ratio": 2.1776721243464254,
    "expectancy_r": 0.03307237394315013,
    "average_holding_bars": 32.22959183673469,
    "funding_cost": 0.0,
    "funding_as_pct_of_net_profit": 0.0,
    "total_fees": 0.0,
    "average_holding_days": 5.371598639455783,
    "segments_per_year": 65.99449642774833,
    "segments_per_year_per_symbol": 21.99816547591611,
    "average_nominal_pct": 0.3307798703875006,
    "long_trade_count": 392,
    "short_trade_count": 0,
    "long_net_pnl": 3473797.8761838116,
    "short_net_pnl": 0.0,
    "fees": 0.0,
    "slippage_cost": 0.0,
    "total_costs": 0.0,
    "max_gross_leverage": 1.0,
    "max_marked_gross_leverage": 1.0000000000000002,
    "exposure_scaled_entries": 37,
    "forced_deleveraging_count": 26
  },
  "unfiltered_long_only": {
    "starting_equity": 100000.0,
    "ending_equity": 1369806.827754579,
    "net_profit": 1269806.827754579,
    "total_return": 12.69806827754579,
    "annualized_return": 0.5536756410695707,
    "sharpe": 1.0620385726417247,
    "sortino": 1.5107261432620165,
    "max_drawdown": -0.6741768933789847,
    "trade_count": 253,
    "win_rate": 0.23715415019762845,
    "average_payoff_ratio": 7.230069370119869,
    "expectancy_r": 0.0764772510400013,
    "average_holding_bars": 80.62450592885375,
    "funding_cost": 383297.85317177523,
    "funding_as_pct_of_net_profit": 0.301855246635874,
    "total_fees": 48602.7250621307,
    "average_holding_days": 13.437417654808957,
    "segments_per_year": 42.59338672505186,
    "segments_per_year_per_symbol": 14.197795575017286,
    "average_nominal_pct": 0.31967305769648946,
    "long_trade_count": 253,
    "short_trade_count": 0,
    "long_net_pnl": 1269806.827754579,
    "short_net_pnl": 0.0,
    "fees": 48602.7250621307,
    "slippage_cost": 97207.24903891119,
    "total_costs": 529107.8272728171,
    "max_gross_leverage": 0.999999999999373,
    "max_marked_gross_leverage": 0.9999999999993769,
    "exposure_scaled_entries": 67,
    "forced_deleveraging_count": 1680
  },
  "by_symbol": {
    "BTC": {
      "starting_equity": 100000.0,
      "ending_equity": 223516.90053121315,
      "net_profit": 123516.90053121315,
      "total_return": 1.2351690053121316,
      "annualized_return": 0.14500545425041844,
      "sharpe": 1.011994000005758,
      "sortino": 1.4832397833682158,
      "max_drawdown": -0.21521820730770447,
      "trade_count": 150,
      "win_rate": 0.38,
      "average_payoff_ratio": 2.871323355691976,
      "expectancy_r": 0.01785063381668195,
      "average_holding_bars": 33.28,
      "funding_cost": 27039.264459721075,
      "funding_as_pct_of_net_profit": 0.21891145538329113,
      "total_fees": 9264.326404576721,
      "average_holding_days": 5.546666666666667,
      "segments_per_year": 25.252996082046554,
      "segments_per_year_per_symbol": 8.417665360682184,
      "average_nominal_pct": 0.33333333333333326,
      "long_trade_count": 150,
      "short_trade_count": 0,
      "long_net_pnl": 123516.90053121385,
      "short_net_pnl": 0.0,
      "fees": 9264.326404576721,
      "slippage_cost": 18528.83115847499,
      "total_costs": 54832.422022772786,
      "max_gross_leverage": 0.4540814834438596,
      "max_marked_gross_leverage": 0.4540814834438596,
      "exposure_scaled_entries": 0,
      "forced_deleveraging_count": 0
    },
    "ETH": {
      "starting_equity": 100000.0,
      "ending_equity": 221234.6764573943,
      "net_profit": 121234.6764573943,
      "total_return": 1.212346764573943,
      "annualized_return": 0.1430288093083083,
      "sharpe": 0.8257702631074543,
      "sortino": 1.170790056909831,
      "max_drawdown": -0.2490603146947944,
      "trade_count": 135,
      "win_rate": 0.5185185185185185,
      "average_payoff_ratio": 1.7105851621843813,
      "expectancy_r": 0.01970014664505812,
      "average_holding_bars": 33.762962962962966,
      "funding_cost": 24823.80306533098,
      "funding_as_pct_of_net_profit": 0.2047582737110273,
      "total_fees": 6530.0299953177455,
      "average_holding_days": 5.627160493827161,
      "segments_per_year": 22.7276964738419,
      "segments_per_year_per_symbol": 7.575898824613966,
      "average_nominal_pct": 0.3333333333333332,
      "long_trade_count": 135,
      "short_trade_count": 0,
      "long_net_pnl": 121234.67645739426,
      "short_net_pnl": 0.0,
      "fees": 6530.0299953177455,
      "slippage_cost": 13060.225639369988,
      "total_costs": 44414.05870001871,
      "max_gross_leverage": 0.4571948479175358,
      "max_marked_gross_leverage": 0.4572313989436334,
      "exposure_scaled_entries": 0,
      "forced_deleveraging_count": 0
    },
    "SOL": {
      "starting_equity": 100000.0,
      "ending_equity": 387164.318797499,
      "net_profit": 287164.318797499,
      "total_return": 2.87164318797499,
      "annualized_return": 0.3378123104481121,
      "sharpe": 1.17938928477673,
      "sortino": 1.8610262888825984,
      "max_drawdown": -0.30028376227346065,
      "trade_count": 111,
      "win_rate": 0.4594594594594595,
      "average_payoff_ratio": 2.3075978603839036,
      "expectancy_r": 0.04595616760670549,
      "average_holding_bars": 30.135135135135137,
      "funding_cost": 25730.553414380898,
      "funding_as_pct_of_net_profit": 0.08960219543335896,
      "total_fees": 10689.216667383464,
      "average_holding_days": 5.0225225225225225,