{
  "experiment": "v6_tsmom_trend_v2",
  "holdout_accessed": false,
  "parameters": {
    "lookback_bars": 540,
    "lookback_days": 90,
    "signal": "sign(close[t] - close[t-540])",
    "execution": "signal at t close, execute t+1 open",
    "volatility_window_bars": 180,
    "volatility_target": 0.2,
    "single_weight_cap": 0.5,
    "leverage_cap": 1.0,
    "rebalance_policy": "direction changes only on signal flip; position size follows prior-close volatility target at each 4H open",
    "leverage_audit": "cap enforced at each 4H open; marked leverage may drift within the following bar before the next risk-cap check",
    "fee_each_side": 0.0005,
    "slippage_each_side": 0.001,
    "funding": "real historical 8H rates, direction-aware",
    "missing_funding_before_first_record": "zero/no settlement record"
  },
  "portfolio": {
    "starting_equity": 100000.0,
    "ending_equity": 210925.86054147113,
    "net_profit": 110925.86054147113,
    "total_return": 1.1092586054147113,
    "annualized_return": 0.1338832211412504,
    "sharpe": 0.5047763912070159,
    "sortino": 0.7176743496100841,
    "max_drawdown": -0.6970300045729438,
    "trade_count": 504,
    "win_rate": 0.20833333333333334,
    "average_payoff_ratio": 4.51240612443349,
    "expectancy_r": -0.011736400374553042,
    "average_holding_bars": 67.24603174603175,
    "funding_cost": 87422.6042258404,
    "funding_as_pct_of_net_profit": 0.7881174308596531,
    "total_fees": 33869.665848422075,
    "average_holding_days": 11.207671957671957,
    "segments_per_year": 84.85006683567643,
    "segments_per_year_per_symbol": 28.283355611892144,
    "average_nominal_pct": 0.42645833616039797,
    "long_trade_count": 253,
    "short_trade_count": 251,
    "long_net_pnl": 314166.61925120465,
    "short_net_pnl": -203240.75870972982,
    "fees": 33869.665848422075,
    "slippage_cost": 67739.63165460271,
    "total_costs": 189031.90172886517,
    "max_gross_leverage": 1.0000000010113745,
    "max_marked_gross_leverage": 1.1100825295029662,
    "exposure_scaled_entries": 0,
    "forced_deleveraging_count": 3217,
    "rebalance_count": 33388,
    "gross_scale_count": 3215,
    "gross_scale_frequency": 0.25777742142398974,
    "volatility_shrink_frequency": 0.9139029859553877,
    "average_gross_exposure": 0.7556566899660201,
    "peak_gross_exposure": 1.0000000010113745,
    "average_target_gross": 0.7556441726374512,
    "average_actual_weights": {
      "BTC": 0.3409195622427488,
      "ETH": 0.28401324239577797,
      "SOL": 0.13072388532749332
    },
    "average_target_weights": {
      "SOL": 0.1307217312159338,
      "BTC": 0.34091384281494636,
      "ETH": 0.2840085986065711
    },
    "volatility_shrink_frequency_by_symbol": {
      "SOL": 1.0,
      "BTC": 0.832264271969211,
      "ETH": 0.9337716484926235
    }
  },
  "gross_zero_cost": {
    "starting_equity": 100000.0,
    "ending_equity": 625937.6140774639,
    "net_profit": 525937.6140774639,
    "total_return": 5.259376140774639,
    "annualized_return": 0.3617539277200068,
    "sharpe": 0.9156793925557057,
    "sortino": 1.3098377882062924,
    "max_drawdown": -0.5657610097228007,
    "trade_count": 504,
    "win_rate": 0.2876984126984127,
    "average_payoff_ratio": 3.884289394365767,
    "expectancy_r": -0.008081671604373043,
    "average_holding_bars": 67.24603174603175,
    "funding_cost": 0.0,
    "funding_as_pct_of_net_profit": 0.0,
    "total_fees": 0.0,
    "average_holding_days": 11.207671957671957,
    "segments_per_year": 84.85006683567643,
    "segments_per_year_per_symbol": 28.283355611892144,
    "average_nominal_pct": 0.4320964742020376,
    "long_trade_count": 253,
    "short_trade_count": 251,
    "long_net_pnl": 773720.9005852089,
    "short_net_pnl": -247783.2865077451,
    "fees": 0.0,
    "slippage_cost": 0.0,
    "total_costs": 0.0,
    "max_gross_leverage": 1.0000000000000007,
    "max_marked_gross_leverage": 1.1100825294976608,
    "exposure_scaled_entries": 0,
    "forced_deleveraging_count": 0,
    "rebalance_count": 33388,
    "gross_scale_count": 3215,
    "gross_scale_frequency": 0.25777742142398974,
    "volatility_shrink_frequency": 0.9139029859553877,
    "average_gross_exposure": 0.7556441726374512,
    "peak_gross_exposure": 1.0000000000000007,
    "average_target_gross": 0.7556441726374512,
    "average_actual_weights": {
      "BTC": 0.34091384281494636,
      "ETH": 0.2840085986065711,
      "SOL": 0.1307217312159338
    },
    "average_target_weights": {
      "SOL": 0.1307217312159338,
      "BTC": 0.34091384281494636,
      "ETH": 0.2840085986065711
    },
    "volatility_shrink_frequency_by_symbol": {
      "SOL": 1.0,
      "BTC": 0.832264271969211,
      "ETH": 0.9337716484926235
    }
  },
  "by_symbol": {
    "BTC": {
      "starting_equity": 100000.0,
      "ending_equity": 136186.3189147998,
      "net_profit": 36186.318914799805,
      "total_return": 0.361863189147998,
      "annualized_return": 0.053372109387205935,
      "sharpe": 0.35756442614827133,
      "sortino": 0.5087737509173288,
      "max_drawdown": -0.4812074283108504,
      "trade_count": 191,
      "win_rate": 0.16753926701570682,
      "average_payoff_ratio": 5.921769250754275,
      "expectancy_r": -0.008626218264631112,
      "average_holding_bars": 65.29842931937172,
      "funding_cost": 25699.71282782708,
      "funding_as_pct_of_net_profit": 0.7102052266862706,
      "total_fees": 11677.070658946162,
      "average_holding_days": 10.883071553228623,
      "segments_per_year": 32.155481677805945,
      "segments_per_year_per_symbol": 10.718493892601982,
      "average_nominal_pct": 0.510437715415086,
      "long_trade_count": 96,
      "short_trade_count": 95,
      "long_net_pnl": 96462.30032378016,
      "short_net_pnl": -60275.981408981555,
      "fees": 11677.070658946162,
      "slippage_cost": 23354.238235231736,
      "total_costs": 60731.02172200498,
      "max_gross_leverage": 0.5008764084957656,
      "max_marked_gross_leverage": 0.5430049132378486,
      "exposure_scaled_entries": 0,
      "forced_deleveraging_count": 0,
      "rebalance_count": 12281,
      "gross_scale_count": 0,
      "gross_scale_frequency": 0.0,
      "volatility_shrink_frequency": 0.832264271969211,
      "average_gross_exposure": 0.3588577633104818,
      "peak_gross_exposure": 0.5008764084957656,
      "average_target_gross": 0.3588522972426441,
      "average_actual_weights": {
        "BTC": 0.3588577633104818
      },
      "average_target_weights": {
        "BTC": 0.3588522972426441
      },
      "volatility_shrink_frequency_by_symbol": {
        "BTC": 0.832264271969211
      }
    },
    "ETH": {
      "starting_equity": 100000.0,
      "ending_equity": 155794.00340416777,
      "net_profit": 55794.00340416777,
      "total_return": 0.5579400340416778,
      "annualized_return": 0.07749820030704524,
      "sharpe": 0.46610648561672097,
      "sortino": 0.6712847806164811,
      "max_drawdown": -0.415122706787708,
      "trade_count": 175,
      "win_rate": 0.2,
      "average_payoff_ratio": 5.41444725318599,
      "expectancy_r": -0.008822076913026626,
      "average_holding_bars": 71.26857142857143,
      "funding_cost": 21213.395487151793,
      "funding_as_pct_of_net_profit": 0.38020923742437823,
      "total_fees": 9444.131496783139,
      "average_holding_days": 11.878095238095238,
      "segments_per_year": 29.461828762387647,
      "segments_per_year_per_symbol": 9.820609587462549,
      "average_nominal_pct": 0.4583653264854946,
      "long_trade_count": 88,
      "short_trade_count": 87,
      "long_net_pnl": 99461.29343784877,
      "short_net_pnl": -43667.29003368234,
      "fees": 9444.131496783139,
      "slippage_cost": 18888.36833346393,
      "total_costs": 49545.89531739886,
      "max_gross_leverage": 0.5008764084957655,
      "max_marked_gross_leverage": 0.5339989310431621,
      "exposure_scaled_entries": 0,
      "forced_deleveraging_count": 0,
      "rebalance_count": 12297,