{
  "experiment": "0B18_volatility_scaled_position_strategy",
  "holdout_accessed": false,
  "parameters": {
    "atr_method": "ATR14 at Sweep bar, simple rolling mean of standard True Range",
    "holding_bars": 24,
    "risk_fraction": 0.01,
    "leverage_cap": 1.0,
    "fee_each_side": 0.0005,
    "slippage_each_side": 0.001,
    "funding": "fixed 0.01% at each 8H settlement",
    "stop_execution": "bar close after low breaches stop",
    "atr_multiple": 3.5,
    "volatility_window": 180,
    "volatility_percentile_threshold": 0.66,
    "high_fear_scalar": 0.5,
    "volatility_warmup": 250
  },
  "volpos": {
    "atr_multiple": 3.5,
    "portfolio": {
      "starting_equity": 100000.0,
      "ending_equity": 132262.92649767062,
      "net_profit": 32262.926497670618,
      "total_return": 0.3226292649767062,
      "annualized_return": 0.04566874139308341,
      "sharpe": 0.7765378571313486,
      "sortino": 1.1242912035693111,
      "max_drawdown": -0.14034668488331414,
      "trade_count": 236,
      "win_rate": 0.559322033898305,
      "average_payoff_ratio": 1.1108340032290724,
      "expectancy_r": 0.1672315377025588,
      "average_holding_bars": 21.152542372881356,
      "funding_cost": 3779.5665009676377,
      "funding_as_pct_of_net_profit": 0.11714890467981949,
      "total_fees": 3842.2960164414717,
      "stop_count": 53,
      "time_exit_count": 183,
      "stop_rate": 0.2245762711864407,
      "average_nominal_pct": 0.1338929645716493,
      "median_nominal_pct": 0.12489116935316188,
      "average_atr_risk_pct": 0.08632848192378405,
      "total_costs": 7621.862517409109,
      "candidate_count": 425,
      "rejected_conflicts": 189,
      "rejected_invalid_risk": 0,
      "rejected_no_capacity": 0,
      "capped_entries": 0,
      "exposure_scaled_entries": 0,
      "max_gross_leverage": 0.8450287334999864
    },
    "by_symbol": {
      "BTC": {
        "starting_equity": 100000.0,
        "ending_equity": 97246.61019222053,
        "net_profit": -2753.389807779473,
        "total_return": -0.027533898077794716,
        "annualized_return": -0.004689404807667441,
        "sharpe": -0.1422734049966517,
        "sortino": -0.19343309588634597,
        "max_drawdown": -0.1089654794882865,
        "trade_count": 102,
        "win_rate": 0.5,
        "average_payoff_ratio": 0.9170087553120025,
        "expectancy_r": -0.017492321768073135,
        "average_holding_bars": 20.068627450980394,
        "funding_cost": 1543.7584355368829,
        "funding_as_pct_of_net_profit": -0.5606755829396631,
        "total_fees": 1667.9282930030865,
        "stop_count": 29,
        "time_exit_count": 73,
        "stop_rate": 0.28431372549019607,
        "average_nominal_pct": 0.16007486459930106,
        "median_nominal_pct": 0.15993961022542666,
        "average_atr_risk_pct": 0.0713525559380242,
        "total_costs": 3211.6867285399694,
        "candidate_count": 185,
        "rejected_conflicts": 83,
        "rejected_invalid_risk": 0,
        "rejected_no_capacity": 0,
        "capped_entries": 0,
        "exposure_scaled_entries": 0,
        "max_gross_leverage": 0.47014879369539625
      },
      "ETH": {
        "starting_equity": 100000.0,
        "ending_equity": 122724.7483029341,
        "net_profit": 22724.748302934095,
        "total_return": 0.22724748302934095,
        "annualized_return": 0.03507548218814538,
        "sharpe": 1.1026854910914277,
        "sortino": 1.674101720500059,
        "max_drawdown": -0.04567813495931283,
        "trade_count": 86,
        "win_rate": 0.6627906976744186,
        "average_payoff_ratio": 1.0384037842130351,
        "expectancy_r": 0.30071934140333545,
        "average_holding_bars": 22.290697674418606,
        "funding_cost": 1365.085172234202,
        "funding_as_pct_of_net_profit": 0.06007041988042392,
        "total_fees": 1269.6433808858308,
        "stop_count": 15,
        "time_exit_count": 71,
        "stop_rate": 0.1744186046511628,
        "average_nominal_pct": 0.1300455927033051,
        "median_nominal_pct": 0.1331662746888377,
        "average_atr_risk_pct": 0.08453580385917049,
        "total_costs": 2634.7285531200328,
        "candidate_count": 143,
        "rejected_conflicts": 57,
        "rejected_invalid_risk": 0,
        "rejected_no_capacity": 0,
        "capped_entries": 0,
        "exposure_scaled_entries": 0,
        "max_gross_leverage": 0.3533704806196108
      },
      "SOL": {
        "starting_equity": 100000.0,
        "ending_equity": 111291.41252751852,
        "net_profit": 11291.412527518522,
        "total_return": 0.1129141252751853,
        "annualized_return": 0.023267247156088633,
        "sharpe": 0.9004684584699494,
        "sortino": 1.393518240585023,
        "max_drawdown": -0.052681610500707965,
        "trade_count": 48,
        "win_rate": 0.5,
        "average_payoff_ratio": 1.861145687963818,
        "expectancy_r": 0.32060409078042695,
        "average_holding_bars": 21.416666666666668,
        "funding_cost": 431.424765940602,
        "funding_as_pct_of_net_profit": 0.03820821928958563,
        "total_fees": 442.02178045554456,
        "stop_count": 9,
        "time_exit_count": 39,
        "stop_rate": 0.1875,
        "average_nominal_pct": 0.08514963494367252,
        "median_nominal_pct": 0.09056260503094958,
        "average_atr_risk_pct": 0.12136420617595635,
        "total_costs": 873.4465463961466,
        "candidate_count": 97,
        "rejected_conflicts": 49,
        "rejected_invalid_risk": 0,
        "rejected_no_capacity": 0,
        "capped_entries": 0,
        "exposure_scaled_entries": 0,
        "max_gross_leverage": 0.17216883384436077
      }
    },
    "walk_forward": [
      {
        "window": 1,
        "start": "2020-08-11 04:00:00",
        "end": "2022-01-20 04:00:00",
        "starting_equity": 101360.00833403051,
        "ending_equity": 127252.26935944859,
        "net_profit": 25892.261025418076,
        "total_return": 0.2554484895077207,
        "annualized_return": 0.17083367273949146,
        "sharpe": 2.5778680678891344,
        "sortino": 4.062109421893494,
        "max_drawdown": -0.03319221371568393,
        "trade_count": 80,
        "win_rate": 0.6875,
        "average_payoff_ratio": 1.2492088887133699,
        "expectancy_r": 0.4125925550100801,
        "average_holding_bars": 21.6875,
        "funding_cost": 854.6051029538739,
        "funding_as_pct_of_net_profit": 0.03300619834300758,
        "total_fees": 843.6042524643283
      },
      {
        "window": 2,
        "start": "2022-01-20 04:00:00",
        "end": "2023-07-01 08:00:00",
        "starting_equity": 127252.26935944859,
        "ending_equity": 121466.74068603432,
        "net_profit": -5785.528673414272,
        "total_return": -0.04546503337454777,
        "annualized_return": -0.03173431982372821,
        "sharpe": -0.6127336833904895,
        "sortino": -0.8096870403137656,
        "max_drawdown": -0.052515839482396465,
        "trade_count": 32,
        "win_rate": 0.46875,
        "average_payoff_ratio": 0.7312588879011106,
        "expectancy_r": -0.13947223980740442,
        "average_holding_bars": 20.53125,
        "funding_cost": 701.1627741286634,
        "funding_as_pct_of_net_profit": -0.1211925156210278,
        "total_fees": 750.5398992081621
      },
      {
        "window": 3,
        "start": "2023-07-01 08:00:00",
        "end": "2024-12-09 16:00:00",
        "starting_equity": 121522.73806337024,
        "ending_equity": 132262.92649767062,
        "net_profit": 10740.188434300377,
        "total_return": 0.0883800727786408,
        "annualized_return": 0.06043262920142012,
        "sharpe": 0.705523294305191,
        "sortino": 1.0191097586323659,
        "max_drawdown": -0.14034668488331647,
        "trade_count": 94,
        "win_rate": 0.4787234042553192,
        "average_payoff_ratio": 1.380315160793151,
        "expectancy_r": 0.08701232249851372,
        "average_holding_bars": 20.98936170212766,