{
  "experiment": "v5_sweep_regime_bull_v4_strategy",
  "engine": "custom intrabar execution + VectorBT returns metrics",
  "holdout_accessed": false,
  "parameters": {
    "initial_capital": 100000.0,
    "risk_per_trade": 0.01,
    "leverage_cap": 1.0,
    "taker_fee": 0.0004,
    "slippage_each_side": 0.0005,
    "funding": "historical Binance 8H funding, pre-Holdout rows only",
    "funding_fallback": "missing settlements use fixed 0.01% per 8H",
    "entry": "next 4H bar open after frozen Sweep event",
    "stop": "Sweep candle low",
    "targets": "50% at 1R, remaining 50% at 2R"
  },
  "event_candidates": 425,
  "funding_data": {
    "BTC": {
      "settlements": 6509,
      "historical_settlements": 5414,
      "approximate_settlements": 1095
    },
    "ETH": {
      "settlements": 6509,
      "historical_settlements": 5414,
      "approximate_settlements": 1095
    },
    "SOL": {
      "settlements": 5098,
      "historical_settlements": 4922,
      "approximate_settlements": 176
    }
  },
  "portfolio": {
    "starting_equity": 100000.0,
    "ending_equity": 120106.5474803869,
    "net_profit": 20106.5474803869,
    "total_return": 0.20106547480386894,
    "annualized_return": 0.029691430770582006,
    "sharpe": 0.3073897030287542,
    "sortino": 0.42337288402082796,
    "max_drawdown": -0.1908120253953305,
    "trade_count": 360,
    "win_rate": 0.4166666666666667,
    "average_payoff_ratio": 1.5449699521147162,
    "expectancy_r": 0.031953556602467896,
    "average_holding_bars": 7.569444444444445,
    "funding_cost": 6334.974529748728,
    "funding_as_pct_of_net_profit": 0.31507022953235664,
    "total_fees": 17888.37033836868,
    "rejected_conflicts": 63,
    "rejected_invalid_risk": 0,
    "rejected_no_capacity": 2,
    "exposure_scaled_entries": 125,
    "max_gross_leverage": 1.000498957228408
  },
  "by_symbol": {
    "BTC": {
      "starting_equity": 100000.0,
      "ending_equity": 107547.20928690318,
      "net_profit": 7547.209286903177,
      "total_return": 0.07547209286903178,
      "annualized_return": 0.01232467014908356,
      "sharpe": 0.22642561553637391,
      "sortino": 0.31330724862788295,
      "max_drawdown": -0.10846243727810012,
      "trade_count": 156,
      "win_rate": 0.42948717948717946,
      "average_payoff_ratio": 1.4529113126188602,
      "expectancy_r": 0.04356486826376888,
      "average_holding_bars": 8.711538461538462,
      "funding_cost": 3512.841788058481,
      "funding_as_pct_of_net_profit": 0.4654491023793902,
      "total_fees": 8314.437466247382,
      "candidate_count": 185,
      "rejected_conflicts": 29
    },
    "ETH": {
      "starting_equity": 100000.0,
      "ending_equity": 119111.39085940838,
      "net_profit": 19111.390859408377,
      "total_return": 0.19111390859408384,
      "annualized_return": 0.029880863703964478,
      "sharpe": 0.4475184211918467,
      "sortino": 0.6100088729264332,
      "max_drawdown": -0.05944622060503424,
      "trade_count": 126,
      "win_rate": 0.4603174603174603,
      "average_payoff_ratio": 1.5132090825373754,
      "expectancy_r": 0.12571101778707586,
      "average_holding_bars": 7.325396825396825,
      "funding_cost": 1902.3262982725678,
      "funding_as_pct_of_net_profit": 0.09953887251152464,
      "total_fees": 6532.511057859892,
      "candidate_count": 143,
      "rejected_conflicts": 17
    },
    "SOL": {
      "starting_equity": 100000.0,
      "ending_equity": 94352.8711085445,
      "net_profit": -5647.128891455504,
      "total_return": -0.056471288914554996,
      "annualized_return": -0.012419627848965442,
      "sharpe": -0.1395746079674828,
      "sortino": -0.188041093996693,
      "max_drawdown": -0.13269566344632744,
      "trade_count": 80,
      "win_rate": 0.3375,
      "average_payoff_ratio": 1.7130607822325485,
      "expectancy_r": -0.10398956255297047,
      "average_holding_bars": 5.95,
      "funding_cost": 702.7758192143369,
      "funding_as_pct_of_net_profit": -0.12444834051471453,
      "total_fees": 3223.6257818577806,
      "candidate_count": 97,
      "rejected_conflicts": 17
    }
  },
  "walk_forward": [
    {
      "window": 1,
      "start": "2020-08-11 04:00:00",
      "end": "2022-01-20 04:00:00",
      "starting_equity": 95740.27646337727,
      "ending_equity": 114780.5036209863,
      "net_profit": 19040.227157609028,
      "total_return": 0.1988737432243819,
      "annualized_return": 0.13399719362152385,
      "sharpe": 0.846136572932253,
      "sortino": 1.2177212222688192,
      "max_drawdown": -0.11283105397230475,
      "trade_count": 116,
      "win_rate": 0.4482758620689655,
      "average_payoff_ratio": 1.67039224751071,
      "expectancy_r": 0.13583059021635627,
      "average_holding_bars": 7.146551724137931,
      "funding_cost": 2532.279277054407,
      "funding_as_pct_of_net_profit": 0.13299627447156978,
      "total_fees": 4384.985816610636
    },
    {
      "window": 2,
      "start": "2022-01-20 04:00:00",
      "end": "2023-07-01 08:00:00",
      "starting_equity": 114780.5036209863,
      "ending_equity": 119028.47890199281,
      "net_profit": 4247.975281006511,
      "total_return": 0.037009554297074976,
      "annualized_return": 0.025506445789550636,
      "sharpe": 0.3353412524946804,
      "sortino": 0.45219041465087495,
      "max_drawdown": -0.07684361920474614,
      "trade_count": 54,
      "win_rate": 0.4444444444444444,
      "average_payoff_ratio": 1.4969588930897717,
      "expectancy_r": 0.07890258708684635,
      "average_holding_bars": 7.074074074074074,
      "funding_cost": 470.4091242844659,
      "funding_as_pct_of_net_profit": 0.1107372555550765,
      "total_fees": 3234.5535870066947
    },
    {
      "window": 3,
      "start": "2023-07-01 08:00:00",
      "end": "2024-12-09 16:00:00",
      "starting_equity": 119150.46410383607,
      "ending_equity": 120106.5474803869,
      "net_profit": 956.0833765508287,
      "total_return": 0.008024168296294931,
      "annualized_return": 0.005552642674591324,
      "sharpe": 0.10938254165271578,
      "sortino": 0.14762168518909766,
      "max_drawdown": -0.19081202539533149,
      "trade_count": 152,
      "win_rate": 0.39473684210526316,
      "average_payoff_ratio": 1.536109115151601,
      "expectancy_r": -0.024724725473645452,
      "average_holding_bars": 6.072368421052632,
      "funding_cost": 2178.5978167535386,
      "funding_as_pct_of_net_profit": 2.2786692773731296,
      "total_fees": 8604.427568907508
    }
  ],
  "periods": {
    "2019-2020": {
      "start": "2019-01-01 00:00:00",
      "end": "2021-01-01 00:00:00",
      "starting_equity": 100000.0,
      "ending_equity": 94541.74150028758,
      "net_profit": -5458.258499712421,
      "total_return": -0.054582584997124206,
      "annualized_return": -0.027661217742840916,
      "sharpe": -0.2804398871642904,
      "sortino": -0.36164273521052814,
      "max_drawdown": -0.13370413663177028,
      "trade_count": 67,
      "win_rate": 0.373134328358209,
      "average_payoff_ratio": 1.4270924634483655,
      "expectancy_r": -0.10037996803243031,
      "average_holding_bars": 11.582089552238806,
      "funding_cost": 1524.3622909477497,
      "funding_as_pct_of_net_profit": -0.27927630965592115,
      "total_fees": 2765.023227440861
    },
    "2021": {
      "start": "2021-01-01 00:00:00",
      "end": "2022-01-01 00:00:00",
      "starting_equity": 94541.74150028758,
      "ending_equity": 114780.5036209863,
      "net_profit": 20238.762120698724,
      "total_return": 0.21407223729464686,
      "annualized_return": 0.21433638989776216,
      "sharpe": 1.1527006633510029,
      "sortino": 1.6844614223165062,
      "max_drawdown": -0.11283105397230442,
      "trade_count": 87,
      "win_rate": 0.47126436781609193,
      "average_payoff_ratio": 1.6889572296329538,
      "expectancy_r": 0.20374892878581233,
      "average_holding_bars": 7.402298850574713,
      "funding_cost": 2161.605297762974,